DOI,Publisher,DOI Link,Downloaded
10.1002/adfm.200600944,publisher_W,https://doi.org/10.1002/adfm.200600944,1
10.1002/adfm.201002517,publisher_W,https://doi.org/10.1002/adfm.201002517,1
10.1002/adfm.201002529,publisher_W,https://doi.org/10.1002/adfm.201002529,1
10.1002/adfm.201101479,publisher_W,https://doi.org/10.1002/adfm.201101479,1
10.1002/adfm.201402972,publisher_W,https://doi.org/10.1002/adfm.201402972,1
10.1002/adfm.201503154,publisher_W,https://doi.org/10.1002/adfm.201503154,1
10.1002/adfm.201505380,publisher_W,https://doi.org/10.1002/adfm.201505380,1
10.1002/adfm.201600827,publisher_W,https://doi.org/10.1002/adfm.201600827,1
10.1002/adfm.201705588,publisher_W,https://doi.org/10.1002/adfm.201705588,1
10.1002/adfm.201805372,publisher_W,https://doi.org/10.1002/adfm.201805372,1
10.1002/adfm.201806720,publisher_W,https://doi.org/10.1002/adfm.201806720,1
10.1002/adfm.201808466,publisher_W,https://doi.org/10.1002/adfm.201808466,1
10.1002/adfm.202008357,publisher_W,https://doi.org/10.1002/adfm.202008357,1
10.1002/adfm.202102582,publisher_W,https://doi.org/10.1002/adfm.202102582,1
10.1002/adfm.202102868,publisher_W,https://doi.org/10.1002/adfm.202102868,1
10.1002/adfm.202105395,publisher_W,https://doi.org/10.1002/adfm.202105395,1
10.1002/adfm.202105577,publisher_W,https://doi.org/10.1002/adfm.202105577,1
10.1002/adfm.202204065,publisher_W,https://doi.org/10.1002/adfm.202204065,1
10.1002/adfm.202208148,publisher_W,https://doi.org/10.1002/adfm.202208148,1
10.1002/adfm.202213039,publisher_W,https://doi.org/10.1002/adfm.202213039,1
10.1002/adfm.202214262,publisher_W,https://doi.org/10.1002/adfm.202214262,1
10.1002/adfm.202214307,publisher_W,https://doi.org/10.1002/adfm.202214307,1
10.1002/adfm.202303644,publisher_W,https://doi.org/10.1002/adfm.202303644,1
10.1002/adfm.202307369,publisher_W,https://doi.org/10.1002/adfm.202307369,1
10.1002/adfm.202403644,publisher_W,https://doi.org/10.1002/adfm.202403644,1
10.1002/adfm.202404680,publisher_W,https://doi.org/10.1002/adfm.202404680,1
10.1002/adfm.202410931,publisher_W,https://doi.org/10.1002/adfm.202410931,1
10.1002/adfm.202500210,publisher_W,https://doi.org/10.1002/adfm.202500210,1
10.1002/adfm.202501344,publisher_W,https://doi.org/10.1002/adfm.202501344,1
10.1002/adfm.202504117,publisher_W,https://doi.org/10.1002/adfm.202504117,1
10.1002/adfm.202504916,publisher_W,https://doi.org/10.1002/adfm.202504916,1
10.1002/adfm.202509095,publisher_W,https://doi.org/10.1002/adfm.202509095,1
10.1002/adhm.201800950,publisher_W,https://doi.org/10.1002/adhm.201800950,0
10.1002/adma.201000857,publisher_W,https://doi.org/10.1002/adma.201000857,1
10.1002/adma.201606290,publisher_W,https://doi.org/10.1002/adma.201606290,1
10.1002/adma.201701804,publisher_W,https://doi.org/10.1002/adma.201701804,1
10.1002/adma.201704388,publisher_W,https://doi.org/10.1002/adma.201704388,1
10.1002/adma.201705869,publisher_W,https://doi.org/10.1002/adma.201705869,1
10.1002/adma.201707234,publisher_W,https://doi.org/10.1002/adma.201707234,0
10.1002/adma.201802497,publisher_W,https://doi.org/10.1002/adma.201802497,1
10.1002/adma.201901570,publisher_W,https://doi.org/10.1002/adma.201901570,1
10.1002/adma.202101257,publisher_W,https://doi.org/10.1002/adma.202101257,1
10.1002/adma.202106607,publisher_W,https://doi.org/10.1002/adma.202106607,1
10.1002/adma.202202504,publisher_W,https://doi.org/10.1002/adma.202202504,1
10.1002/adma.202204553,publisher_W,https://doi.org/10.1002/adma.202204553,1
10.1002/adma.202210613,publisher_W,https://doi.org/10.1002/adma.202210613,1
10.1002/adma.202211302,publisher_W,https://doi.org/10.1002/adma.202211302,1
10.1002/adma.202304832,publisher_W,https://doi.org/10.1002/adma.202304832,1
10.1002/adma.202308427,publisher_W,https://doi.org/10.1002/adma.202308427,1
10.1002/adma.202403328,publisher_W,https://doi.org/10.1002/adma.202403328,1
10.1002/adma.202403834,publisher_W,https://doi.org/10.1002/adma.202403834,1
10.1002/adma.202407154,publisher_W,https://doi.org/10.1002/adma.202407154,1
10.1002/adma.202414151,publisher_W,https://doi.org/10.1002/adma.202414151,1
10.1002/adma.202414362,publisher_W,https://doi.org/10.1002/adma.202414362,1
10.1002/adma.202418344,publisher_W,https://doi.org/10.1002/adma.202418344,1
10.1002/adma.202500370,publisher_W,https://doi.org/10.1002/adma.202500370,1
10.1002/admi.201400040,publisher_W,https://doi.org/10.1002/admi.201400040,1
10.1002/admi.201801062,publisher_W,https://doi.org/10.1002/admi.201801062,1
10.1002/admi.201801895,publisher_W,https://doi.org/10.1002/admi.201801895,1
10.1002/admi.201902098,publisher_W,https://doi.org/10.1002/admi.201902098,1
10.1002/admi.202100586,publisher_W,https://doi.org/10.1002/admi.202100586,1
10.1002/admi.202100730,publisher_W,https://doi.org/10.1002/admi.202100730,1
10.1002/admi.202102086,publisher_W,https://doi.org/10.1002/admi.202102086,1
10.1002/admi.202201532,publisher_W,https://doi.org/10.1002/admi.202201532,1
10.1002/admt.202001184,publisher_W,https://doi.org/10.1002/admt.202001184,0
10.1002/adom.202200058,publisher_W,https://doi.org/10.1002/adom.202200058,1
10.1002/adom.202200213,publisher_W,https://doi.org/10.1002/adom.202200213,1
10.1002/adom.202300142,publisher_W,https://doi.org/10.1002/adom.202300142,1
10.1002/adom.202302309,publisher_W,https://doi.org/10.1002/adom.202302309,1
10.1002/adom.202302405,publisher_W,https://doi.org/10.1002/adom.202302405,1
10.1002/adom.202402127,publisher_W,https://doi.org/10.1002/adom.202402127,1
10.1002/adsc.201000808,publisher_W,https://doi.org/10.1002/adsc.201000808,1
10.1002/adsc.201800875,publisher_W,https://doi.org/10.1002/adsc.201800875,1
10.1002/adsc.202401414,publisher_W,https://doi.org/10.1002/adsc.202401414,1
10.1002/adsu.201700092,publisher_W,https://doi.org/10.1002/adsu.201700092,1
10.1002/adsu.201800053,publisher_W,https://doi.org/10.1002/adsu.201800053,1
10.1002/adsu.202100317,publisher_W,https://doi.org/10.1002/adsu.202100317,1
10.1002/adsu.202300269,publisher_W,https://doi.org/10.1002/adsu.202300269,1
10.1002/advs.201600048,publisher_W,https://doi.org/10.1002/advs.201600048,1
10.1002/advs.201802056,publisher_W,https://doi.org/10.1002/advs.201802056,1
10.1002/advs.201802059,publisher_W,https://doi.org/10.1002/advs.201802059,1
10.1002/advs.201902897,publisher_W,https://doi.org/10.1002/advs.201902897,1
10.1002/advs.202305786,publisher_W,https://doi.org/10.1002/advs.202305786,1
10.1002/advs.202401070,publisher_W,https://doi.org/10.1002/advs.202401070,1
10.1002/advs.202412592,publisher_W,https://doi.org/10.1002/advs.202412592,1
10.1002/advs.202416540,publisher_W,https://doi.org/10.1002/advs.202416540,1
10.1002/advs.202501824,publisher_W,https://doi.org/10.1002/advs.202501824,1
10.1002/aenm.202401887,publisher_W,https://doi.org/10.1002/aenm.202401887,1
10.1002/aenm.202500211,publisher_W,https://doi.org/10.1002/aenm.202500211,1
10.1002/ajoc.202100535,publisher_W,https://doi.org/10.1002/ajoc.202100535,0
10.1002/anie.201307340,publisher_W,https://doi.org/10.1002/anie.201307340,1
10.1002/anie.201307681,publisher_W,https://doi.org/10.1002/anie.201307681,1
10.1002/anie.201308589,publisher_W,https://doi.org/10.1002/anie.201308589,1
10.1002/anie.201406484,publisher_W,https://doi.org/10.1002/anie.201406484,1
10.1002/anie.201406501,publisher_W,https://doi.org/10.1002/anie.201406501,1
10.1002/anie.201410459,publisher_W,https://doi.org/10.1002/anie.201410459,1
10.1002/anie.201411854,publisher_W,https://doi.org/10.1002/anie.201411854,1
10.1002/anie.201505461,publisher_W,https://doi.org/10.1002/anie.201505461,1
10.1002/anie.201505512,publisher_W,https://doi.org/10.1002/anie.201505512,1
10.1002/anie.201506391,publisher_W,https://doi.org/10.1002/anie.201506391,1
10.1002/anie.201506888,publisher_W,https://doi.org/10.1002/anie.201506888,1
10.1002/anie.201508763,publisher_W,https://doi.org/10.1002/anie.201508763,1
10.1002/anie.201511009,publisher_W,https://doi.org/10.1002/anie.201511009,1
10.1002/anie.201600896,publisher_W,https://doi.org/10.1002/anie.201600896,1
10.1002/anie.201602274,publisher_W,https://doi.org/10.1002/anie.201602274,1
10.1002/anie.201603687,publisher_W,https://doi.org/10.1002/anie.201603687,1
10.1002/anie.201604730,publisher_W,https://doi.org/10.1002/anie.201604730,1
10.1002/anie.201604879,publisher_W,https://doi.org/10.1002/anie.201604879,1
10.1002/anie.201605547,publisher_W,https://doi.org/10.1002/anie.201605547,1
10.1002/anie.201608463,publisher_W,https://doi.org/10.1002/anie.201608463,1
10.1002/anie.201610914,publisher_W,https://doi.org/10.1002/anie.201610914,1
10.1002/anie.201701604,publisher_W,https://doi.org/10.1002/anie.201701604,1
10.1002/anie.201707238,publisher_W,https://doi.org/10.1002/anie.201707238,1
10.1002/anie.201710019,publisher_W,https://doi.org/10.1002/anie.201710019,1
10.1002/anie.201800619,publisher_W,https://doi.org/10.1002/anie.201800619,1
10.1002/anie.201801116,publisher_W,https://doi.org/10.1002/anie.201801116,1
10.1002/anie.201801122,publisher_W,https://doi.org/10.1002/anie.201801122,1
10.1002/anie.201802694,publisher_W,https://doi.org/10.1002/anie.201802694,1
10.1002/anie.201802911,publisher_W,https://doi.org/10.1002/anie.201802911,1
10.1002/anie.201803766,publisher_W,https://doi.org/10.1002/anie.201803766,1
10.1002/anie.201804383,publisher_W,https://doi.org/10.1002/anie.201804383,1
10.1002/anie.201805355,publisher_W,https://doi.org/10.1002/anie.201805355,1
10.1002/anie.201808240,publisher_W,https://doi.org/10.1002/anie.201808240,1
10.1002/anie.201808885,publisher_W,https://doi.org/10.1002/anie.201808885,1
10.1002/anie.201810095,publisher_W,https://doi.org/10.1002/anie.201810095,1
10.1002/anie.201900863,publisher_W,https://doi.org/10.1002/anie.201900863,1
10.1002/anie.201901343,publisher_W,https://doi.org/10.1002/anie.201901343,1
10.1002/anie.201905006,publisher_W,https://doi.org/10.1002/anie.201905006,1
10.1002/anie.201905456,publisher_W,https://doi.org/10.1002/anie.201905456,1
10.1002/anie.201905869,publisher_W,https://doi.org/10.1002/anie.201905869,1
10.1002/anie.201906606,publisher_W,https://doi.org/10.1002/anie.201906606,1
10.1002/anie.201907074,publisher_W,https://doi.org/10.1002/anie.201907074,1
10.1002/anie.201907389,publisher_W,https://doi.org/10.1002/anie.201907389,1
10.1002/anie.201908959,publisher_W,https://doi.org/10.1002/anie.201908959,0
10.1002/anie.201909046,publisher_W,https://doi.org/10.1002/anie.201909046,1
10.1002/anie.201909912,publisher_W,https://doi.org/10.1002/anie.201909912,0
10.1002/anie.201909988,publisher_W,https://doi.org/10.1002/anie.201909988,1
10.1002/anie.201910542,publisher_W,https://doi.org/10.1002/anie.201910542,1
10.1002/anie.201912195,publisher_W,https://doi.org/10.1002/anie.201912195,1
10.1002/anie.201912911,publisher_W,https://doi.org/10.1002/anie.201912911,1
10.1002/anie.201915848,publisher_W,https://doi.org/10.1002/anie.201915848,1
10.1002/anie.202000158,publisher_W,https://doi.org/10.1002/anie.202000158,1
10.1002/anie.202000299,publisher_W,https://doi.org/10.1002/anie.202000299,1
10.1002/anie.202000670,publisher_W,https://doi.org/10.1002/anie.202000670,1
10.1002/anie.202000795,publisher_W,https://doi.org/10.1002/anie.202000795,1
10.1002/anie.202002705,publisher_W,https://doi.org/10.1002/anie.202002705,1
10.1002/anie.202005529,publisher_W,https://doi.org/10.1002/anie.202005529,1
10.1002/anie.202006124,publisher_W,https://doi.org/10.1002/anie.202006124,1
10.1002/anie.202009630,publisher_W,https://doi.org/10.1002/anie.202009630,1
10.1002/anie.202010783,publisher_W,https://doi.org/10.1002/anie.202010783,1
10.1002/anie.202011653,publisher_W,https://doi.org/10.1002/anie.202011653,1
10.1002/anie.202012019,publisher_W,https://doi.org/10.1002/anie.202012019,1
10.1002/anie.202012947,publisher_W,https://doi.org/10.1002/anie.202012947,1
10.1002/anie.202013839,publisher_W,https://doi.org/10.1002/anie.202013839,1
10.1002/anie.202013885,publisher_W,https://doi.org/10.1002/anie.202013885,1
10.1002/anie.202014184,publisher_W,https://doi.org/10.1002/anie.202014184,1
10.1002/anie.202015635,publisher_W,https://doi.org/10.1002/anie.202015635,1
10.1002/anie.202017042,publisher_W,https://doi.org/10.1002/anie.202017042,1
10.1002/anie.202100456,publisher_W,https://doi.org/10.1002/anie.202100456,1
10.1002/anie.202102670,publisher_W,https://doi.org/10.1002/anie.202102670,1
10.1002/anie.202105491,publisher_W,https://doi.org/10.1002/anie.202105491,1
10.1002/anie.202108150,publisher_W,https://doi.org/10.1002/anie.202108150,1
10.1002/anie.202111893,publisher_W,https://doi.org/10.1002/anie.202111893,1
10.1002/anie.202116145,publisher_W,https://doi.org/10.1002/anie.202116145,1
10.1002/anie.202200123,publisher_W,https://doi.org/10.1002/anie.202200123,1
10.1002/anie.202204568,publisher_W,https://doi.org/10.1002/anie.202204568,1
10.1002/anie.202207467,publisher_W,https://doi.org/10.1002/anie.202207467,1
10.1002/anie.202207786,publisher_W,https://doi.org/10.1002/anie.202207786,1
10.1002/anie.202209335,publisher_W,https://doi.org/10.1002/anie.202209335,1
10.1002/anie.202214748,publisher_W,https://doi.org/10.1002/anie.202214748,1
10.1002/anie.202215595,publisher_W,https://doi.org/10.1002/anie.202215595,1
10.1002/anie.202217864,publisher_W,https://doi.org/10.1002/anie.202217864,1
10.1002/anie.202218027,publisher_W,https://doi.org/10.1002/anie.202218027,1
10.1002/anie.202218590,publisher_W,https://doi.org/10.1002/anie.202218590,1
10.1002/anie.202219053,publisher_W,https://doi.org/10.1002/anie.202219053,1
10.1002/anie.202302645,publisher_W,https://doi.org/10.1002/anie.202302645,1
10.1002/anie.202303561,publisher_W,https://doi.org/10.1002/anie.202303561,1
10.1002/anie.202303819,publisher_W,https://doi.org/10.1002/anie.202303819,1
10.1002/anie.202303903,publisher_W,https://doi.org/10.1002/anie.202303903,1
10.1002/anie.202305144,publisher_W,https://doi.org/10.1002/anie.202305144,1
10.1002/anie.202305646,publisher_W,https://doi.org/10.1002/anie.202305646,1
10.1002/anie.202306497,publisher_W,https://doi.org/10.1002/anie.202306497,1
10.1002/anie.202308506,publisher_W,https://doi.org/10.1002/anie.202308506,1
10.1002/anie.202309108,publisher_W,https://doi.org/10.1002/anie.202309108,1
10.1002/anie.202311983,publisher_W,https://doi.org/10.1002/anie.202311983,1
10.1002/anie.202312697,publisher_W,https://doi.org/10.1002/anie.202312697,1
10.1002/anie.202313591,publisher_W,https://doi.org/10.1002/anie.202313591,1
10.1002/anie.202316792,publisher_W,https://doi.org/10.1002/anie.202316792,1
10.1002/anie.202318475,publisher_W,https://doi.org/10.1002/anie.202318475,1
10.1002/anie.202319978,publisher_W,https://doi.org/10.1002/anie.202319978,1
10.1002/anie.202320008,publisher_W,https://doi.org/10.1002/anie.202320008,1
10.1002/anie.202401375,publisher_W,https://doi.org/10.1002/anie.202401375,1
10.1002/anie.202405333,publisher_W,https://doi.org/10.1002/anie.202405333,1
10.1002/anie.202409588,publisher_W,https://doi.org/10.1002/anie.202409588,1
10.1002/anie.202411086,publisher_W,https://doi.org/10.1002/anie.202411086,1
10.1002/anie.202411744,publisher_W,https://doi.org/10.1002/anie.202411744,1
10.1002/anie.202411960,publisher_W,https://doi.org/10.1002/anie.202411960,1
10.1002/anie.202412494,publisher_W,https://doi.org/10.1002/anie.202412494,1
10.1002/anie.202414026,publisher_W,https://doi.org/10.1002/anie.202414026,1
10.1002/anie.202414271,publisher_W,https://doi.org/10.1002/anie.202414271,1
10.1002/anie.202414823,publisher_W,https://doi.org/10.1002/anie.202414823,1
10.1002/anie.202415576,publisher_W,https://doi.org/10.1002/anie.202415576,1
10.1002/anie.202415919,publisher_W,https://doi.org/10.1002/anie.202415919,1
10.1002/anie.202417658,publisher_W,https://doi.org/10.1002/anie.202417658,1
10.1002/anie.202417664,publisher_W,https://doi.org/10.1002/anie.202417664,1
10.1002/anie.202421132,publisher_W,https://doi.org/10.1002/anie.202421132,1
10.1002/anie.202421248,publisher_W,https://doi.org/10.1002/anie.202421248,1
10.1002/anie.202421942,publisher_W,https://doi.org/10.1002/anie.202421942,1
10.1002/anie.202422517,publisher_W,https://doi.org/10.1002/anie.202422517,1
10.1002/anie.202422635,publisher_W,https://doi.org/10.1002/anie.202422635,1
10.1002/anie.202423741,publisher_W,https://doi.org/10.1002/anie.202423741,1
10.1002/anie.202423939,publisher_W,https://doi.org/10.1002/anie.202423939,1
10.1002/anie.202505405,publisher_W,https://doi.org/10.1002/anie.202505405,1
10.1002/anie.202509741,publisher_W,https://doi.org/10.1002/anie.202509741,1
10.1002/anie.202513208,publisher_W,https://doi.org/10.1002/anie.202513208,1
10.1002/aoc.1325,publisher_W,https://doi.org/10.1002/aoc.1325,1
10.1002/aoc.3493,publisher_W,https://doi.org/10.1002/aoc.3493,0
10.1002/aoc.3528,publisher_W,https://doi.org/10.1002/aoc.3528,0
10.1002/aoc.3798,publisher_W,https://doi.org/10.1002/aoc.3798,0
10.1002/aoc.3862,publisher_W,https://doi.org/10.1002/aoc.3862,0
10.1002/aoc.3866,publisher_W,https://doi.org/10.1002/aoc.3866,0
10.1002/aoc.3995,publisher_W,https://doi.org/10.1002/aoc.3995,0
10.1002/aoc.4062,publisher_W,https://doi.org/10.1002/aoc.4062,0
10.1002/aoc.4065,publisher_W,https://doi.org/10.1002/aoc.4065,0
10.1002/aoc.4447,publisher_W,https://doi.org/10.1002/aoc.4447,0
10.1002/aoc.4529,publisher_W,https://doi.org/10.1002/aoc.4529,0
10.1002/aoc.4629,publisher_W,https://doi.org/10.1002/aoc.4629,0
10.1002/aoc.4801,publisher_W,https://doi.org/10.1002/aoc.4801,0
10.1002/aoc.5317,publisher_W,https://doi.org/10.1002/aoc.5317,0
10.1002/aoc.5470,publisher_W,https://doi.org/10.1002/aoc.5470,0
10.1002/aoc.5566,publisher_W,https://doi.org/10.1002/aoc.5566,0
10.1002/aoc.5575,publisher_W,https://doi.org/10.1002/aoc.5575,0
10.1002/aoc.5654,publisher_W,https://doi.org/10.1002/aoc.5654,0
10.1002/aoc.5782,publisher_W,https://doi.org/10.1002/aoc.5782,0
10.1002/aoc.5783,publisher_W,https://doi.org/10.1002/aoc.5783,0
10.1002/aoc.5905,publisher_W,https://doi.org/10.1002/aoc.5905,0
10.1002/aoc.5951,publisher_W,https://doi.org/10.1002/aoc.5951,0
10.1002/aoc.5977,publisher_W,https://doi.org/10.1002/aoc.5977,0
10.1002/aoc.6319,publisher_W,https://doi.org/10.1002/aoc.6319,0
10.1002/aoc.6350,publisher_W,https://doi.org/10.1002/aoc.6350,0
10.1002/aoc.6434,publisher_W,https://doi.org/10.1002/aoc.6434,0
10.1002/aoc.6566,publisher_W,https://doi.org/10.1002/aoc.6566,0
10.1002/aoc.6602,publisher_W,https://doi.org/10.1002/aoc.6602,0
10.1002/aoc.6648,publisher_W,https://doi.org/10.1002/aoc.6648,0
10.1002/aoc.6656,publisher_W,https://doi.org/10.1002/aoc.6656,0
10.1002/aoc.6749,publisher_W,https://doi.org/10.1002/aoc.6749,0
10.1002/aoc.6769,publisher_W,https://doi.org/10.1002/aoc.6769,0
10.1002/aoc.6777,publisher_W,https://doi.org/10.1002/aoc.6777,0
10.1002/aoc.6912,publisher_W,https://doi.org/10.1002/aoc.6912,0
10.1002/aoc.6955,publisher_W,https://doi.org/10.1002/aoc.6955,0
10.1002/aoc.70084,publisher_W,https://doi.org/10.1002/aoc.70084,0
10.1002/aoc.7078,publisher_W,https://doi.org/10.1002/aoc.7078,0
10.1002/aoc.7224,publisher_W,https://doi.org/10.1002/aoc.7224,0
10.1002/aoc.7326,publisher_W,https://doi.org/10.1002/aoc.7326,0
10.1002/aoc.7409,publisher_W,https://doi.org/10.1002/aoc.7409,0
10.1002/aoc.7426,publisher_W,https://doi.org/10.1002/aoc.7426,0
10.1002/aoc.7487,publisher_W,https://doi.org/10.1002/aoc.7487,0
10.1002/aoc.7524,publisher_W,https://doi.org/10.1002/aoc.7524,0
10.1002/aoc.7590,publisher_W,https://doi.org/10.1002/aoc.7590,0
10.1002/aoc.7663,publisher_W,https://doi.org/10.1002/aoc.7663,1
10.1002/aoc.7673,publisher_W,https://doi.org/10.1002/aoc.7673,0
10.1002/aoc.7815,publisher_W,https://doi.org/10.1002/aoc.7815,0
10.1002/aoc.8004,publisher_W,https://doi.org/10.1002/aoc.8004,0
10.1002/aoc.848,publisher_W,https://doi.org/10.1002/aoc.848,1
10.1002/asia.200700209,publisher_W,https://doi.org/10.1002/asia.200700209,1
10.1002/asia.200800458,publisher_W,https://doi.org/10.1002/asia.200800458,1
10.1002/asia.200900078,publisher_W,https://doi.org/10.1002/asia.200900078,1
10.1002/asia.200900751,publisher_W,https://doi.org/10.1002/asia.200900751,0
10.1002/asia.201300135,publisher_W,https://doi.org/10.1002/asia.201300135,0
10.1002/asia.201300548,publisher_W,https://doi.org/10.1002/asia.201300548,0
10.1002/asia.201300640,publisher_W,https://doi.org/10.1002/asia.201300640,0
10.1002/asia.201301244,publisher_W,https://doi.org/10.1002/asia.201301244,0
10.1002/asia.201301673,publisher_W,https://doi.org/10.1002/asia.201301673,0
10.1002/asia.201403025,publisher_W,https://doi.org/10.1002/asia.201403025,0
10.1002/asia.201403123,publisher_W,https://doi.org/10.1002/asia.201403123,0
10.1002/asia.201500509,publisher_W,https://doi.org/10.1002/asia.201500509,0
10.1002/asia.201501422,publisher_W,https://doi.org/10.1002/asia.201501422,0
10.1002/asia.201601134,publisher_W,https://doi.org/10.1002/asia.201601134,0
10.1002/asia.201700011,publisher_W,https://doi.org/10.1002/asia.201700011,0
10.1002/asia.201700018,publisher_W,https://doi.org/10.1002/asia.201700018,0
10.1002/asia.201701189,publisher_W,https://doi.org/10.1002/asia.201701189,0
10.1002/asia.201801785,publisher_W,https://doi.org/10.1002/asia.201801785,0
10.1002/asia.201900391,publisher_W,https://doi.org/10.1002/asia.201900391,0
10.1002/asia.201900536,publisher_W,https://doi.org/10.1002/asia.201900536,0
10.1002/asia.201900853,publisher_W,https://doi.org/10.1002/asia.201900853,0
10.1002/asia.201901143,publisher_W,https://doi.org/10.1002/asia.201901143,0
10.1002/asia.202100145,publisher_W,https://doi.org/10.1002/asia.202100145,0
10.1002/asia.202100169,publisher_W,https://doi.org/10.1002/asia.202100169,0
10.1002/asia.202100270,publisher_W,https://doi.org/10.1002/asia.202100270,0
10.1002/asia.202100588,publisher_W,https://doi.org/10.1002/asia.202100588,0
10.1002/asia.202100883,publisher_W,https://doi.org/10.1002/asia.202100883,0
10.1002/asia.202400237,publisher_W,https://doi.org/10.1002/asia.202400237,0
10.1002/asia.202400501,publisher_W,https://doi.org/10.1002/asia.202400501,0
10.1002/asia.202401035,publisher_W,https://doi.org/10.1002/asia.202401035,1
10.1002/asia.202401046,publisher_W,https://doi.org/10.1002/asia.202401046,0
10.1002/asia.202401213,publisher_W,https://doi.org/10.1002/asia.202401213,0
10.1002/asia.202401519,publisher_W,https://doi.org/10.1002/asia.202401519,0
10.1002/bio.2938,publisher_W,https://doi.org/10.1002/bio.2938,0
10.1002/bio.2944,publisher_W,https://doi.org/10.1002/bio.2944,0
10.1002/bio.3323,publisher_W,https://doi.org/10.1002/bio.3323,0
10.1002/bkcs.10120,publisher_W,https://doi.org/10.1002/bkcs.10120,0
10.1002/bkcs.10538,publisher_W,https://doi.org/10.1002/bkcs.10538,0
10.1002/bkcs.11650,publisher_W,https://doi.org/10.1002/bkcs.11650,0
10.1002/bkcs.12269,publisher_W,https://doi.org/10.1002/bkcs.12269,0
10.1002/bkcs.12592,publisher_W,https://doi.org/10.1002/bkcs.12592,0
10.1002/bkcs.12707,publisher_W,https://doi.org/10.1002/bkcs.12707,0
10.1002/cctc.201200792,publisher_W,https://doi.org/10.1002/cctc.201200792,1
10.1002/cctc.201300032,publisher_W,https://doi.org/10.1002/cctc.201300032,1
10.1002/cctc.201300241,publisher_W,https://doi.org/10.1002/cctc.201300241,1
10.1002/cctc.201300529,publisher_W,https://doi.org/10.1002/cctc.201300529,1
10.1002/cctc.201402546,publisher_W,https://doi.org/10.1002/cctc.201402546,1
10.1002/cctc.201402867,publisher_W,https://doi.org/10.1002/cctc.201402867,1
10.1002/cctc.201501020,publisher_W,https://doi.org/10.1002/cctc.201501020,1
10.1002/cctc.201600774,publisher_W,https://doi.org/10.1002/cctc.201600774,1
10.1002/cctc.201600952,publisher_W,https://doi.org/10.1002/cctc.201600952,1
10.1002/cctc.201600985,publisher_W,https://doi.org/10.1002/cctc.201600985,1
10.1002/cctc.201701984,publisher_W,https://doi.org/10.1002/cctc.201701984,1
10.1002/cctc.201801293,publisher_W,https://doi.org/10.1002/cctc.201801293,1
10.1002/cctc.201900124,publisher_W,https://doi.org/10.1002/cctc.201900124,1
10.1002/cctc.201900735,publisher_W,https://doi.org/10.1002/cctc.201900735,1
10.1002/cctc.202001622,publisher_W,https://doi.org/10.1002/cctc.202001622,1
10.1002/cctc.202200994,publisher_W,https://doi.org/10.1002/cctc.202200994,1
10.1002/cctc.202400119,publisher_W,https://doi.org/10.1002/cctc.202400119,1
10.1002/cctc.202400429,publisher_W,https://doi.org/10.1002/cctc.202400429,1
10.1002/cctc.202401636,publisher_W,https://doi.org/10.1002/cctc.202401636,1
10.1002/cctc.202401849,publisher_W,https://doi.org/10.1002/cctc.202401849,1
10.1002/chem.200400178,publisher_W,https://doi.org/10.1002/chem.200400178,1
10.1002/chem.200401201,publisher_W,https://doi.org/10.1002/chem.200401201,1
10.1002/chem.200600270,publisher_W,https://doi.org/10.1002/chem.200600270,1
10.1002/chem.200601246,publisher_W,https://doi.org/10.1002/chem.200601246,1
10.1002/chem.200700181,publisher_W,https://doi.org/10.1002/chem.200700181,1
10.1002/chem.200800240,publisher_W,https://doi.org/10.1002/chem.200800240,1
10.1002/chem.200800430,publisher_W,https://doi.org/10.1002/chem.200800430,1
10.1002/chem.200801064,publisher_W,https://doi.org/10.1002/chem.200801064,1
10.1002/chem.200801856,publisher_W,https://doi.org/10.1002/chem.200801856,1
10.1002/chem.200801948,publisher_W,https://doi.org/10.1002/chem.200801948,1
10.1002/chem.200802691,publisher_W,https://doi.org/10.1002/chem.200802691,1
10.1002/chem.200901391,publisher_W,https://doi.org/10.1002/chem.200901391,1
10.1002/chem.200902346,publisher_W,https://doi.org/10.1002/chem.200902346,1
10.1002/chem.200903053,publisher_W,https://doi.org/10.1002/chem.200903053,1
10.1002/chem.200903239,publisher_W,https://doi.org/10.1002/chem.200903239,1
10.1002/chem.201001256,publisher_W,https://doi.org/10.1002/chem.201001256,1
10.1002/chem.201001549,publisher_W,https://doi.org/10.1002/chem.201001549,1
10.1002/chem.201002568,publisher_W,https://doi.org/10.1002/chem.201002568,1
10.1002/chem.201002993,publisher_W,https://doi.org/10.1002/chem.201002993,1
10.1002/chem.201003211,publisher_W,https://doi.org/10.1002/chem.201003211,1
10.1002/chem.201003708,publisher_W,https://doi.org/10.1002/chem.201003708,1
10.1002/chem.201100176,publisher_W,https://doi.org/10.1002/chem.201100176,1
10.1002/chem.201100226,publisher_W,https://doi.org/10.1002/chem.201100226,1
10.1002/chem.201101015,publisher_W,https://doi.org/10.1002/chem.201101015,1
10.1002/chem.201101183,publisher_W,https://doi.org/10.1002/chem.201101183,1
10.1002/chem.201101239,publisher_W,https://doi.org/10.1002/chem.201101239,1
10.1002/chem.201101383,publisher_W,https://doi.org/10.1002/chem.201101383,1
10.1002/chem.201101530,publisher_W,https://doi.org/10.1002/chem.201101530,1
10.1002/chem.201101963,publisher_W,https://doi.org/10.1002/chem.201101963,1
10.1002/chem.201102295,publisher_W,https://doi.org/10.1002/chem.201102295,1
10.1002/chem.201102357,publisher_W,https://doi.org/10.1002/chem.201102357,1
10.1002/chem.201102953,publisher_W,https://doi.org/10.1002/chem.201102953,1
10.1002/chem.201104001,publisher_W,https://doi.org/10.1002/chem.201104001,1
10.1002/chem.201200696,publisher_W,https://doi.org/10.1002/chem.201200696,1
10.1002/chem.201200889,publisher_W,https://doi.org/10.1002/chem.201200889,1
10.1002/chem.201201820,publisher_W,https://doi.org/10.1002/chem.201201820,1
10.1002/chem.201203093,publisher_W,https://doi.org/10.1002/chem.201203093,1
10.1002/chem.201203154,publisher_W,https://doi.org/10.1002/chem.201203154,1
10.1002/chem.201300144,publisher_W,https://doi.org/10.1002/chem.201300144,1
10.1002/chem.201301139,publisher_W,https://doi.org/10.1002/chem.201301139,1
10.1002/chem.201301536,publisher_W,https://doi.org/10.1002/chem.201301536,1
10.1002/chem.201302541,publisher_W,https://doi.org/10.1002/chem.201302541,1
10.1002/chem.201303610,publisher_W,https://doi.org/10.1002/chem.201303610,1
10.1002/chem.201304246,publisher_W,https://doi.org/10.1002/chem.201304246,1
10.1002/chem.201402006,publisher_W,https://doi.org/10.1002/chem.201402006,1
10.1002/chem.201402292,publisher_W,https://doi.org/10.1002/chem.201402292,1
10.1002/chem.201402923,publisher_W,https://doi.org/10.1002/chem.201402923,1
10.1002/chem.201403115,publisher_W,https://doi.org/10.1002/chem.201403115,1
10.1002/chem.201403162,publisher_W,https://doi.org/10.1002/chem.201403162,1
10.1002/chem.201403909,publisher_W,https://doi.org/10.1002/chem.201403909,1
10.1002/chem.201404803,publisher_W,https://doi.org/10.1002/chem.201404803,1
10.1002/chem.201405178,publisher_W,https://doi.org/10.1002/chem.201405178,1
10.1002/chem.201405921,publisher_W,https://doi.org/10.1002/chem.201405921,1
10.1002/chem.201406119,publisher_W,https://doi.org/10.1002/chem.201406119,1
10.1002/chem.201406157,publisher_W,https://doi.org/10.1002/chem.201406157,1
10.1002/chem.201406531,publisher_W,https://doi.org/10.1002/chem.201406531,1
10.1002/chem.201500615,publisher_W,https://doi.org/10.1002/chem.201500615,1
10.1002/chem.201500815,publisher_W,https://doi.org/10.1002/chem.201500815,1
10.1002/chem.201501029,publisher_W,https://doi.org/10.1002/chem.201501029,1
10.1002/chem.201501193,publisher_W,https://doi.org/10.1002/chem.201501193,1
10.1002/chem.201501486,publisher_W,https://doi.org/10.1002/chem.201501486,1
10.1002/chem.201501976,publisher_W,https://doi.org/10.1002/chem.201501976,1
10.1002/chem.201502203,publisher_W,https://doi.org/10.1002/chem.201502203,1
10.1002/chem.201502515,publisher_W,https://doi.org/10.1002/chem.201502515,1
10.1002/chem.201502758,publisher_W,https://doi.org/10.1002/chem.201502758,1
10.1002/chem.201502918,publisher_W,https://doi.org/10.1002/chem.201502918,1
10.1002/chem.201503078,publisher_W,https://doi.org/10.1002/chem.201503078,1
10.1002/chem.201504576,publisher_W,https://doi.org/10.1002/chem.201504576,1
10.1002/chem.201504747,publisher_W,https://doi.org/10.1002/chem.201504747,1
10.1002/chem.201504907,publisher_W,https://doi.org/10.1002/chem.201504907,1
10.1002/chem.201504941,publisher_W,https://doi.org/10.1002/chem.201504941,1
10.1002/chem.201505185,publisher_W,https://doi.org/10.1002/chem.201505185,1
10.1002/chem.201600189,publisher_W,https://doi.org/10.1002/chem.201600189,1
10.1002/chem.201600447,publisher_W,https://doi.org/10.1002/chem.201600447,1
10.1002/chem.201600526,publisher_W,https://doi.org/10.1002/chem.201600526,1
10.1002/chem.201600562,publisher_W,https://doi.org/10.1002/chem.201600562,1
10.1002/chem.201600843,publisher_W,https://doi.org/10.1002/chem.201600843,1
10.1002/chem.201600898,publisher_W,https://doi.org/10.1002/chem.201600898,1
10.1002/chem.201601724,publisher_W,https://doi.org/10.1002/chem.201601724,1
10.1002/chem.201602318,publisher_W,https://doi.org/10.1002/chem.201602318,1
10.1002/chem.201602641,publisher_W,https://doi.org/10.1002/chem.201602641,1
10.1002/chem.201603299,publisher_W,https://doi.org/10.1002/chem.201603299,1
10.1002/chem.201700985,publisher_W,https://doi.org/10.1002/chem.201700985,1
10.1002/chem.201702533,publisher_W,https://doi.org/10.1002/chem.201702533,1
10.1002/chem.201703126,publisher_W,https://doi.org/10.1002/chem.201703126,1
10.1002/chem.201703510,publisher_W,https://doi.org/10.1002/chem.201703510,1
10.1002/chem.201703682,publisher_W,https://doi.org/10.1002/chem.201703682,1
10.1002/chem.201704749,publisher_W,https://doi.org/10.1002/chem.201704749,1
10.1002/chem.201704771,publisher_W,https://doi.org/10.1002/chem.201704771,1
10.1002/chem.201705023,publisher_W,https://doi.org/10.1002/chem.201705023,1
10.1002/chem.201705136,publisher_W,https://doi.org/10.1002/chem.201705136,1
10.1002/chem.201705530,publisher_W,https://doi.org/10.1002/chem.201705530,1
10.1002/chem.201705562,publisher_W,https://doi.org/10.1002/chem.201705562,1
10.1002/chem.201800149,publisher_W,https://doi.org/10.1002/chem.201800149,1
10.1002/chem.201801821,publisher_W,https://doi.org/10.1002/chem.201801821,1
10.1002/chem.201802189,publisher_W,https://doi.org/10.1002/chem.201802189,1
10.1002/chem.201802455,publisher_W,https://doi.org/10.1002/chem.201802455,1
10.1002/chem.201802829,publisher_W,https://doi.org/10.1002/chem.201802829,1
10.1002/chem.201802838,publisher_W,https://doi.org/10.1002/chem.201802838,1
10.1002/chem.201803200,publisher_W,https://doi.org/10.1002/chem.201803200,1
10.1002/chem.201803842,publisher_W,https://doi.org/10.1002/chem.201803842,1
10.1002/chem.201803900,publisher_W,https://doi.org/10.1002/chem.201803900,1
10.1002/chem.201804133,publisher_W,https://doi.org/10.1002/chem.201804133,1
10.1002/chem.201804673,publisher_W,https://doi.org/10.1002/chem.201804673,1
10.1002/chem.201805024,publisher_W,https://doi.org/10.1002/chem.201805024,1
10.1002/chem.201805697,publisher_W,https://doi.org/10.1002/chem.201805697,1
10.1002/chem.201806041,publisher_W,https://doi.org/10.1002/chem.201806041,1
10.1002/chem.201806146,publisher_W,https://doi.org/10.1002/chem.201806146,1
10.1002/chem.201806417,publisher_W,https://doi.org/10.1002/chem.201806417,1
10.1002/chem.201900329,publisher_W,https://doi.org/10.1002/chem.201900329,1
10.1002/chem.201900607,publisher_W,https://doi.org/10.1002/chem.201900607,1
10.1002/chem.201901118,publisher_W,https://doi.org/10.1002/chem.201901118,1
10.1002/chem.201901939,publisher_W,https://doi.org/10.1002/chem.201901939,1
10.1002/chem.201902274,publisher_W,https://doi.org/10.1002/chem.201902274,1
10.1002/chem.201902874,publisher_W,https://doi.org/10.1002/chem.201902874,1
10.1002/chem.201902981,publisher_W,https://doi.org/10.1002/chem.201902981,1
10.1002/chem.201904798,publisher_W,https://doi.org/10.1002/chem.201904798,1
10.1002/chem.201905260,publisher_W,https://doi.org/10.1002/chem.201905260,1
10.1002/chem.201905376,publisher_W,https://doi.org/10.1002/chem.201905376,1
10.1002/chem.201905596,publisher_W,https://doi.org/10.1002/chem.201905596,1
10.1002/chem.202000085,publisher_W,https://doi.org/10.1002/chem.202000085,1
10.1002/chem.202000993,publisher_W,https://doi.org/10.1002/chem.202000993,1
10.1002/chem.202001052,publisher_W,https://doi.org/10.1002/chem.202001052,1
10.1002/chem.202002541,publisher_W,https://doi.org/10.1002/chem.202002541,1
10.1002/chem.202005217,publisher_W,https://doi.org/10.1002/chem.202005217,1
10.1002/chem.202100528,publisher_W,https://doi.org/10.1002/chem.202100528,1
10.1002/chem.202101291,publisher_W,https://doi.org/10.1002/chem.202101291,1
10.1002/chem.202101692,publisher_W,https://doi.org/10.1002/chem.202101692,1
10.1002/chem.202103102,publisher_W,https://doi.org/10.1002/chem.202103102,1
10.1002/chem.202104041,publisher_W,https://doi.org/10.1002/chem.202104041,1
10.1002/chem.202200555,publisher_W,https://doi.org/10.1002/chem.202200555,1
10.1002/chem.202200835,publisher_W,https://doi.org/10.1002/chem.202200835,1
10.1002/chem.202200874,publisher_W,https://doi.org/10.1002/chem.202200874,1
10.1002/chem.202203792,publisher_W,https://doi.org/10.1002/chem.202203792,1
10.1002/chem.202301113,publisher_W,https://doi.org/10.1002/chem.202301113,1
10.1002/chem.202302709,publisher_W,https://doi.org/10.1002/chem.202302709,1
10.1002/chem.202302835,publisher_W,https://doi.org/10.1002/chem.202302835,1
10.1002/chem.202303401,publisher_W,https://doi.org/10.1002/chem.202303401,1
10.1002/chem.202303725,publisher_W,https://doi.org/10.1002/chem.202303725,1
10.1002/chem.202400433,publisher_W,https://doi.org/10.1002/chem.202400433,1
10.1002/chem.202400603,publisher_W,https://doi.org/10.1002/chem.202400603,1
10.1002/chem.202400962,publisher_W,https://doi.org/10.1002/chem.202400962,1
10.1002/chem.202402363,publisher_W,https://doi.org/10.1002/chem.202402363,1
10.1002/chem.202402437,publisher_W,https://doi.org/10.1002/chem.202402437,1
10.1002/chem.202402509,publisher_W,https://doi.org/10.1002/chem.202402509,1
10.1002/chem.202403296,publisher_W,https://doi.org/10.1002/chem.202403296,1
10.1002/chem.202403577,publisher_W,https://doi.org/10.1002/chem.202403577,1
10.1002/chem.202404219,publisher_W,https://doi.org/10.1002/chem.202404219,1
10.1002/chem.202500130,publisher_W,https://doi.org/10.1002/chem.202500130,1
10.1002/chem.202500255,publisher_W,https://doi.org/10.1002/chem.202500255,1
10.1002/cjoc.200690141,publisher_W,https://doi.org/10.1002/cjoc.200690141,0
10.1002/cjoc.200890175,publisher_W,https://doi.org/10.1002/cjoc.200890175,0
10.1002/cjoc.200890291,publisher_W,https://doi.org/10.1002/cjoc.200890291,0
10.1002/cjoc.200890387,publisher_W,https://doi.org/10.1002/cjoc.200890387,0
10.1002/cjoc.201100442,publisher_W,https://doi.org/10.1002/cjoc.201100442,0
10.1002/cjoc.201200575,publisher_W,https://doi.org/10.1002/cjoc.201200575,0
10.1002/cjoc.201200715,publisher_W,https://doi.org/10.1002/cjoc.201200715,0
10.1002/cjoc.201500622,publisher_W,https://doi.org/10.1002/cjoc.201500622,0
10.1002/cjoc.201500636,publisher_W,https://doi.org/10.1002/cjoc.201500636,0
10.1002/cjoc.201500640,publisher_W,https://doi.org/10.1002/cjoc.201500640,0
10.1002/cjoc.201600466,publisher_W,https://doi.org/10.1002/cjoc.201600466,0
10.1002/cjoc.201600685,publisher_W,https://doi.org/10.1002/cjoc.201600685,0
10.1002/cjoc.201600909,publisher_W,https://doi.org/10.1002/cjoc.201600909,0
10.1002/cjoc.201700310,publisher_W,https://doi.org/10.1002/cjoc.201700310,0
10.1002/cjoc.201900511,publisher_W,https://doi.org/10.1002/cjoc.201900511,0
10.1002/cjoc.202100361,publisher_W,https://doi.org/10.1002/cjoc.202100361,0
10.1002/cjoc.202300677,publisher_W,https://doi.org/10.1002/cjoc.202300677,0
10.1002/cnma.201700233,publisher_W,https://doi.org/10.1002/cnma.201700233,0
10.1002/cnma.201700256,publisher_W,https://doi.org/10.1002/cnma.201700256,0
10.1002/cnma.201900110,publisher_W,https://doi.org/10.1002/cnma.201900110,0
10.1002/cnma.202100337,publisher_W,https://doi.org/10.1002/cnma.202100337,0
10.1002/cnma.202200397,publisher_W,https://doi.org/10.1002/cnma.202200397,0
10.1002/cnma.202400302,publisher_W,https://doi.org/10.1002/cnma.202400302,0
10.1002/cnma.202400312,publisher_W,https://doi.org/10.1002/cnma.202400312,0
10.1002/cphc.201200262,publisher_W,https://doi.org/10.1002/cphc.201200262,1
10.1002/cphc.201300564,publisher_W,https://doi.org/10.1002/cphc.201300564,1
10.1002/cphc.201501012,publisher_W,https://doi.org/10.1002/cphc.201501012,1
10.1002/cphc.201800439,publisher_W,https://doi.org/10.1002/cphc.201800439,1
10.1002/cphc.201800526,publisher_W,https://doi.org/10.1002/cphc.201800526,1
10.1002/cphc.202400154,publisher_W,https://doi.org/10.1002/cphc.202400154,1
10.1002/cplu.201200270,publisher_W,https://doi.org/10.1002/cplu.201200270,0
10.1002/cplu.201402027,publisher_W,https://doi.org/10.1002/cplu.201402027,0
10.1002/cplu.201402030,publisher_W,https://doi.org/10.1002/cplu.201402030,0
10.1002/cplu.201402052,publisher_W,https://doi.org/10.1002/cplu.201402052,0
10.1002/cplu.201402123,publisher_W,https://doi.org/10.1002/cplu.201402123,0
10.1002/cplu.201402340,publisher_W,https://doi.org/10.1002/cplu.201402340,0
10.1002/cplu.201402453,publisher_W,https://doi.org/10.1002/cplu.201402453,0
10.1002/cplu.201500104,publisher_W,https://doi.org/10.1002/cplu.201500104,0
10.1002/cplu.201500134,publisher_W,https://doi.org/10.1002/cplu.201500134,0
10.1002/cplu.201500308,publisher_W,https://doi.org/10.1002/cplu.201500308,0
10.1002/cplu.201500564,publisher_W,https://doi.org/10.1002/cplu.201500564,0
10.1002/cplu.201600025,publisher_W,https://doi.org/10.1002/cplu.201600025,0
10.1002/cplu.201600075,publisher_W,https://doi.org/10.1002/cplu.201600075,0
10.1002/cplu.201600092,publisher_W,https://doi.org/10.1002/cplu.201600092,0
10.1002/cplu.201600129,publisher_W,https://doi.org/10.1002/cplu.201600129,0
10.1002/cplu.201600146,publisher_W,https://doi.org/10.1002/cplu.201600146,0
10.1002/cplu.201600158,publisher_W,https://doi.org/10.1002/cplu.201600158,0
10.1002/cplu.201600163,publisher_W,https://doi.org/10.1002/cplu.201600163,0
10.1002/cplu.201600168,publisher_W,https://doi.org/10.1002/cplu.201600168,0
10.1002/cplu.201700277,publisher_W,https://doi.org/10.1002/cplu.201700277,0
10.1002/cplu.201800546,publisher_W,https://doi.org/10.1002/cplu.201800546,0
10.1002/cplu.201800569,publisher_W,https://doi.org/10.1002/cplu.201800569,0
10.1002/cplu.201900109,publisher_W,https://doi.org/10.1002/cplu.201900109,0
10.1002/cplu.201900492,publisher_W,https://doi.org/10.1002/cplu.201900492,0
10.1002/cplu.202000175,publisher_W,https://doi.org/10.1002/cplu.202000175,0
10.1002/cptc.202300031,publisher_W,https://doi.org/10.1002/cptc.202300031,1
10.1002/crat.201300439,publisher_W,https://doi.org/10.1002/crat.201300439,0
10.1002/crat.201700017,publisher_W,https://doi.org/10.1002/crat.201700017,0
10.1002/cssc.201300836,publisher_W,https://doi.org/10.1002/cssc.201300836,1
10.1002/cssc.201403230,publisher_W,https://doi.org/10.1002/cssc.201403230,1
10.1002/cssc.201403345,publisher_W,https://doi.org/10.1002/cssc.201403345,1
10.1002/cssc.201500695,publisher_W,https://doi.org/10.1002/cssc.201500695,1
10.1002/cssc.201700164,publisher_W,https://doi.org/10.1002/cssc.201700164,1
10.1002/cssc.201702122,publisher_W,https://doi.org/10.1002/cssc.201702122,1
10.1002/cssc.202102368,publisher_W,https://doi.org/10.1002/cssc.202102368,1
10.1002/cssc.202200702,publisher_W,https://doi.org/10.1002/cssc.202200702,1
10.1002/cssc.202201535,publisher_W,https://doi.org/10.1002/cssc.202201535,1
10.1002/cssc.202400936,publisher_W,https://doi.org/10.1002/cssc.202400936,1
10.1002/cssc.202401248,publisher_W,https://doi.org/10.1002/cssc.202401248,1
10.1002/cssc.202401968,publisher_W,https://doi.org/10.1002/cssc.202401968,1
10.1002/ejic.2003.00594,publisher_W,https://doi.org/10.1002/ejic.2003.00594,0
10.1002/ejic.200300221,publisher_W,https://doi.org/10.1002/ejic.200300221,1
10.1002/ejic.200300876,publisher_W,https://doi.org/10.1002/ejic.200300876,1
10.1002/ejic.200400170,publisher_W,https://doi.org/10.1002/ejic.200400170,1
10.1002/ejic.200400173,publisher_W,https://doi.org/10.1002/ejic.200400173,1
10.1002/ejic.200400199,publisher_W,https://doi.org/10.1002/ejic.200400199,1
10.1002/ejic.200400321,publisher_W,https://doi.org/10.1002/ejic.200400321,1
10.1002/ejic.200400648,publisher_W,https://doi.org/10.1002/ejic.200400648,1
10.1002/ejic.200500217,publisher_W,https://doi.org/10.1002/ejic.200500217,1
10.1002/ejic.200500735,publisher_W,https://doi.org/10.1002/ejic.200500735,1
10.1002/ejic.200500822,publisher_W,https://doi.org/10.1002/ejic.200500822,1
10.1002/ejic.200500877,publisher_W,https://doi.org/10.1002/ejic.200500877,1
10.1002/ejic.200501146,publisher_W,https://doi.org/10.1002/ejic.200501146,1
10.1002/ejic.200501155,publisher_W,https://doi.org/10.1002/ejic.200501155,1
10.1002/ejic.200600039,publisher_W,https://doi.org/10.1002/ejic.200600039,1
10.1002/ejic.200600169,publisher_W,https://doi.org/10.1002/ejic.200600169,1
10.1002/ejic.200600445,publisher_W,https://doi.org/10.1002/ejic.200600445,1
10.1002/ejic.200600698,publisher_W,https://doi.org/10.1002/ejic.200600698,1
10.1002/ejic.200600867,publisher_W,https://doi.org/10.1002/ejic.200600867,1
10.1002/ejic.20060539,publisher_W,https://doi.org/10.1002/ejic.20060539,0
10.1002/ejic.200700728,publisher_W,https://doi.org/10.1002/ejic.200700728,0
10.1002/ejic.200701060,publisher_W,https://doi.org/10.1002/ejic.200701060,0
10.1002/ejic.200701147,publisher_W,https://doi.org/10.1002/ejic.200701147,0
10.1002/ejic.200701284,publisher_W,https://doi.org/10.1002/ejic.200701284,0
10.1002/ejic.200800002,publisher_W,https://doi.org/10.1002/ejic.200800002,0
10.1002/ejic.200800152,publisher_W,https://doi.org/10.1002/ejic.200800152,0
10.1002/ejic.200800222,publisher_W,https://doi.org/10.1002/ejic.200800222,0
10.1002/ejic.200800434,publisher_W,https://doi.org/10.1002/ejic.200800434,0
10.1002/ejic.200801224,publisher_W,https://doi.org/10.1002/ejic.200801224,0
10.1002/ejic.200900144,publisher_W,https://doi.org/10.1002/ejic.200900144,0
10.1002/ejic.200900375,publisher_W,https://doi.org/10.1002/ejic.200900375,0
10.1002/ejic.200900509,publisher_W,https://doi.org/10.1002/ejic.200900509,0
10.1002/ejic.200900558,publisher_W,https://doi.org/10.1002/ejic.200900558,0
10.1002/ejic.200900902,publisher_W,https://doi.org/10.1002/ejic.200900902,0
10.1002/ejic.200900914,publisher_W,https://doi.org/10.1002/ejic.200900914,1
10.1002/ejic.200901064,publisher_W,https://doi.org/10.1002/ejic.200901064,0
10.1002/ejic.200901163,publisher_W,https://doi.org/10.1002/ejic.200901163,0
10.1002/ejic.200901254,publisher_W,https://doi.org/10.1002/ejic.200901254,0
10.1002/ejic.201000146,publisher_W,https://doi.org/10.1002/ejic.201000146,0
10.1002/ejic.201000225,publisher_W,https://doi.org/10.1002/ejic.201000225,0
10.1002/ejic.201000291,publisher_W,https://doi.org/10.1002/ejic.201000291,0
10.1002/ejic.201000353,publisher_W,https://doi.org/10.1002/ejic.201000353,1
10.1002/ejic.201000364,publisher_W,https://doi.org/10.1002/ejic.201000364,1
10.1002/ejic.201000391,publisher_W,https://doi.org/10.1002/ejic.201000391,1
10.1002/ejic.201000402,publisher_W,https://doi.org/10.1002/ejic.201000402,1
10.1002/ejic.201000486,publisher_W,https://doi.org/10.1002/ejic.201000486,1
10.1002/ejic.201000490,publisher_W,https://doi.org/10.1002/ejic.201000490,1
10.1002/ejic.201000491,publisher_W,https://doi.org/10.1002/ejic.201000491,1
10.1002/ejic.201000494,publisher_W,https://doi.org/10.1002/ejic.201000494,1
10.1002/ejic.201000535,publisher_W,https://doi.org/10.1002/ejic.201000535,1
10.1002/ejic.201000555,publisher_W,https://doi.org/10.1002/ejic.201000555,1
10.1002/ejic.201000664,publisher_W,https://doi.org/10.1002/ejic.201000664,1
10.1002/ejic.201000731,publisher_W,https://doi.org/10.1002/ejic.201000731,1
10.1002/ejic.201000832,publisher_W,https://doi.org/10.1002/ejic.201000832,1
10.1002/ejic.201001001,publisher_W,https://doi.org/10.1002/ejic.201001001,1
10.1002/ejic.201001125,publisher_W,https://doi.org/10.1002/ejic.201001125,1
10.1002/ejic.201100213,publisher_W,https://doi.org/10.1002/ejic.201100213,1
10.1002/ejic.201100227,publisher_W,https://doi.org/10.1002/ejic.201100227,1
10.1002/ejic.201100450,publisher_W,https://doi.org/10.1002/ejic.201100450,1
10.1002/ejic.201100523,publisher_W,https://doi.org/10.1002/ejic.201100523,1
10.1002/ejic.201100789,publisher_W,https://doi.org/10.1002/ejic.201100789,1
10.1002/ejic.201100913,publisher_W,https://doi.org/10.1002/ejic.201100913,1
10.1002/ejic.201100944,publisher_W,https://doi.org/10.1002/ejic.201100944,1
10.1002/ejic.201101099,publisher_W,https://doi.org/10.1002/ejic.201101099,1
10.1002/ejic.201101151,publisher_W,https://doi.org/10.1002/ejic.201101151,1
10.1002/ejic.201101295,publisher_W,https://doi.org/10.1002/ejic.201101295,1
10.1002/ejic.201200033,publisher_W,https://doi.org/10.1002/ejic.201200033,1
10.1002/ejic.201200106,publisher_W,https://doi.org/10.1002/ejic.201200106,1
10.1002/ejic.201200127,publisher_W,https://doi.org/10.1002/ejic.201200127,1
10.1002/ejic.201200169,publisher_W,https://doi.org/10.1002/ejic.201200169,1
10.1002/ejic.201200345,publisher_W,https://doi.org/10.1002/ejic.201200345,1
10.1002/ejic.201200417,publisher_W,https://doi.org/10.1002/ejic.201200417,1
10.1002/ejic.201201228,publisher_W,https://doi.org/10.1002/ejic.201201228,1
10.1002/ejic.201201461,publisher_W,https://doi.org/10.1002/ejic.201201461,1
10.1002/ejic.201201508,publisher_W,https://doi.org/10.1002/ejic.201201508,1
10.1002/ejic.201300123,publisher_W,https://doi.org/10.1002/ejic.201300123,1
10.1002/ejic.201300185,publisher_W,https://doi.org/10.1002/ejic.201300185,1
10.1002/ejic.201300533,publisher_W,https://doi.org/10.1002/ejic.201300533,1
10.1002/ejic.201300560,publisher_W,https://doi.org/10.1002/ejic.201300560,1
10.1002/ejic.201300639,publisher_W,https://doi.org/10.1002/ejic.201300639,1
10.1002/ejic.201301010,publisher_W,https://doi.org/10.1002/ejic.201301010,1
10.1002/ejic.201301039,publisher_W,https://doi.org/10.1002/ejic.201301039,1
10.1002/ejic.201301126,publisher_W,https://doi.org/10.1002/ejic.201301126,1
10.1002/ejic.201301312,publisher_W,https://doi.org/10.1002/ejic.201301312,1
10.1002/ejic.201301543,publisher_W,https://doi.org/10.1002/ejic.201301543,1
10.1002/ejic.201402019,publisher_W,https://doi.org/10.1002/ejic.201402019,1
10.1002/ejic.201402094,publisher_W,https://doi.org/10.1002/ejic.201402094,1
10.1002/ejic.201402099,publisher_W,https://doi.org/10.1002/ejic.201402099,1
10.1002/ejic.201402128,publisher_W,https://doi.org/10.1002/ejic.201402128,1
10.1002/ejic.201402475,publisher_W,https://doi.org/10.1002/ejic.201402475,1
10.1002/ejic.201402552,publisher_W,https://doi.org/10.1002/ejic.201402552,1
10.1002/ejic.201402737,publisher_W,https://doi.org/10.1002/ejic.201402737,1
10.1002/ejic.201402891,publisher_W,https://doi.org/10.1002/ejic.201402891,1
10.1002/ejic.201403026,publisher_W,https://doi.org/10.1002/ejic.201403026,1
10.1002/ejic.201403077,publisher_W,https://doi.org/10.1002/ejic.201403077,1
10.1002/ejic.201403149,publisher_W,https://doi.org/10.1002/ejic.201403149,1
10.1002/ejic.201403243,publisher_W,https://doi.org/10.1002/ejic.201403243,1
10.1002/ejic.201500069,publisher_W,https://doi.org/10.1002/ejic.201500069,1
10.1002/ejic.201500133,publisher_W,https://doi.org/10.1002/ejic.201500133,1
10.1002/ejic.201500281,publisher_W,https://doi.org/10.1002/ejic.201500281,1
10.1002/ejic.201500374,publisher_W,https://doi.org/10.1002/ejic.201500374,1
10.1002/ejic.201500431,publisher_W,https://doi.org/10.1002/ejic.201500431,1
10.1002/ejic.201500478,publisher_W,https://doi.org/10.1002/ejic.201500478,1
10.1002/ejic.201500741,publisher_W,https://doi.org/10.1002/ejic.201500741,1
10.1002/ejic.201500975,publisher_W,https://doi.org/10.1002/ejic.201500975,1
10.1002/ejic.201501194,publisher_W,https://doi.org/10.1002/ejic.201501194,1
10.1002/ejic.201501350,publisher_W,https://doi.org/10.1002/ejic.201501350,1
10.1002/ejic.201600111,publisher_W,https://doi.org/10.1002/ejic.201600111,1
10.1002/ejic.201600134,publisher_W,https://doi.org/10.1002/ejic.201600134,1
10.1002/ejic.201600192,publisher_W,https://doi.org/10.1002/ejic.201600192,1
10.1002/ejic.201600211,publisher_W,https://doi.org/10.1002/ejic.201600211,1
10.1002/ejic.201600249,publisher_W,https://doi.org/10.1002/ejic.201600249,1
10.1002/ejic.201600309,publisher_W,https://doi.org/10.1002/ejic.201600309,1
10.1002/ejic.201600338,publisher_W,https://doi.org/10.1002/ejic.201600338,1
10.1002/ejic.201600359,publisher_W,https://doi.org/10.1002/ejic.201600359,1
10.1002/ejic.201600576,publisher_W,https://doi.org/10.1002/ejic.201600576,1
10.1002/ejic.201600681,publisher_W,https://doi.org/10.1002/ejic.201600681,1
10.1002/ejic.201600902,publisher_W,https://doi.org/10.1002/ejic.201600902,1
10.1002/ejic.201601100,publisher_W,https://doi.org/10.1002/ejic.201601100,1
10.1002/ejic.201601239,publisher_W,https://doi.org/10.1002/ejic.201601239,1
10.1002/ejic.201601242,publisher_W,https://doi.org/10.1002/ejic.201601242,1
10.1002/ejic.201700099,publisher_W,https://doi.org/10.1002/ejic.201700099,1
10.1002/ejic.201700446,publisher_W,https://doi.org/10.1002/ejic.201700446,1
10.1002/ejic.201700673,publisher_W,https://doi.org/10.1002/ejic.201700673,1
10.1002/ejic.201700871,publisher_W,https://doi.org/10.1002/ejic.201700871,1
10.1002/ejic.201701393,publisher_W,https://doi.org/10.1002/ejic.201701393,1
10.1002/ejic.201701394,publisher_W,https://doi.org/10.1002/ejic.201701394,1
10.1002/ejic.201701474,publisher_W,https://doi.org/10.1002/ejic.201701474,1
10.1002/ejic.201800042,publisher_W,https://doi.org/10.1002/ejic.201800042,1
10.1002/ejic.201800321,publisher_W,https://doi.org/10.1002/ejic.201800321,1
10.1002/ejic.201801291,publisher_W,https://doi.org/10.1002/ejic.201801291,1
10.1002/ejic.201900398,publisher_W,https://doi.org/10.1002/ejic.201900398,1
10.1002/ejic.201900584,publisher_W,https://doi.org/10.1002/ejic.201900584,1
10.1002/ejic.201900764,publisher_W,https://doi.org/10.1002/ejic.201900764,1
10.1002/ejic.201900796,publisher_W,https://doi.org/10.1002/ejic.201900796,1
10.1002/ejic.201900876,publisher_W,https://doi.org/10.1002/ejic.201900876,1
10.1002/ejic.201900930,publisher_W,https://doi.org/10.1002/ejic.201900930,1
10.1002/ejic.201901230,publisher_W,https://doi.org/10.1002/ejic.201901230,1
10.1002/ejic.201901347,publisher_W,https://doi.org/10.1002/ejic.201901347,1
10.1002/ejic.202000011,publisher_W,https://doi.org/10.1002/ejic.202000011,1
10.1002/ejic.202000031,publisher_W,https://doi.org/10.1002/ejic.202000031,1
10.1002/ejic.202000399,publisher_W,https://doi.org/10.1002/ejic.202000399,1
10.1002/ejic.202000726,publisher_W,https://doi.org/10.1002/ejic.202000726,1
10.1002/ejic.202100119,publisher_W,https://doi.org/10.1002/ejic.202100119,1
10.1002/ejic.202100126,publisher_W,https://doi.org/10.1002/ejic.202100126,1
10.1002/ejic.202100227,publisher_W,https://doi.org/10.1002/ejic.202100227,1
10.1002/ejic.202100231,publisher_W,https://doi.org/10.1002/ejic.202100231,1
10.1002/ejic.202100466,publisher_W,https://doi.org/10.1002/ejic.202100466,1
10.1002/ejic.202100896,publisher_W,https://doi.org/10.1002/ejic.202100896,1
10.1002/ejic.202200110,publisher_W,https://doi.org/10.1002/ejic.202200110,1
10.1002/ejic.202200140,publisher_W,https://doi.org/10.1002/ejic.202200140,1
10.1002/ejic.202200278,publisher_W,https://doi.org/10.1002/ejic.202200278,1
10.1002/ejic.202200410,publisher_W,https://doi.org/10.1002/ejic.202200410,1
10.1002/ejic.202200562,publisher_W,https://doi.org/10.1002/ejic.202200562,1
10.1002/ejic.202200646,publisher_W,https://doi.org/10.1002/ejic.202200646,1
10.1002/ejic.202300215,publisher_W,https://doi.org/10.1002/ejic.202300215,1
10.1002/ejic.202400101,publisher_W,https://doi.org/10.1002/ejic.202400101,1
10.1002/ejic.202400504,publisher_W,https://doi.org/10.1002/ejic.202400504,1
10.1002/ejic.202400757,publisher_W,https://doi.org/10.1002/ejic.202400757,1
10.1002/ejic.202400785,publisher_W,https://doi.org/10.1002/ejic.202400785,1
10.1002/ejic201000436,publisher_W,https://doi.org/10.1002/ejic201000436,0
10.1002/ejoc.201600991,publisher_W,https://doi.org/10.1002/ejoc.201600991,1
10.1002/ejoc.201700990,publisher_W,https://doi.org/10.1002/ejoc.201700990,1
10.1002/ejoc.201900094,publisher_W,https://doi.org/10.1002/ejoc.201900094,1
10.1002/elan.202100423,publisher_W,https://doi.org/10.1002/elan.202100423,0
10.1002/elan.202200284,publisher_W,https://doi.org/10.1002/elan.202200284,0
10.1002/elps.202200020,publisher_W,https://doi.org/10.1002/elps.202200020,1
10.1002/hlca.201200466,publisher_W,https://doi.org/10.1002/hlca.201200466,1
10.1002/ijch.201800138,publisher_W,https://doi.org/10.1002/ijch.201800138,1
10.1002/ijch.201800155,publisher_W,https://doi.org/10.1002/ijch.201800155,1
10.1002/jccs.201000138,publisher_W,https://doi.org/10.1002/jccs.201000138,0
10.1002/jccs.201200041,publisher_W,https://doi.org/10.1002/jccs.201200041,0
10.1002/jccs.201200612,publisher_W,https://doi.org/10.1002/jccs.201200612,0
10.1002/jccs.201400116,publisher_W,https://doi.org/10.1002/jccs.201400116,0
10.1002/jccs.201800061,publisher_W,https://doi.org/10.1002/jccs.201800061,0
10.1002/jccs.201900170,publisher_W,https://doi.org/10.1002/jccs.201900170,0
10.1002/jccs.201900257,publisher_W,https://doi.org/10.1002/jccs.201900257,0
10.1002/jccs.202000303,publisher_W,https://doi.org/10.1002/jccs.202000303,0
10.1002/jccs.202000458,publisher_W,https://doi.org/10.1002/jccs.202000458,0
10.1002/jccs.202100377,publisher_W,https://doi.org/10.1002/jccs.202100377,0
10.1002/jctb.5274,publisher_W,https://doi.org/10.1002/jctb.5274,0
10.1002/jctb.7071,publisher_W,https://doi.org/10.1002/jctb.7071,0
10.1002/jctb.7376,publisher_W,https://doi.org/10.1002/jctb.7376,0
10.1002/open.201900146,publisher_W,https://doi.org/10.1002/open.201900146,1
10.1002/open.202400110,publisher_W,https://doi.org/10.1002/open.202400110,1
10.1002/poc.4150,publisher_W,https://doi.org/10.1002/poc.4150,0
10.1002/ppsc.202000101,publisher_W,https://doi.org/10.1002/ppsc.202000101,0
10.1002/ppsc.202000147,publisher_W,https://doi.org/10.1002/ppsc.202000147,0
10.1002/ppsc.202000185,publisher_W,https://doi.org/10.1002/ppsc.202000185,1
10.1002/pssa.202000437,publisher_W,https://doi.org/10.1002/pssa.202000437,0
10.1002/slct.201600526,publisher_W,https://doi.org/10.1002/slct.201600526,0
10.1002/slct.201600774,publisher_W,https://doi.org/10.1002/slct.201600774,0
10.1002/slct.201600844,publisher_W,https://doi.org/10.1002/slct.201600844,0
10.1002/slct.201601134,publisher_W,https://doi.org/10.1002/slct.201601134,0
10.1002/slct.201601513,publisher_W,https://doi.org/10.1002/slct.201601513,0
10.1002/slct.201700237,publisher_W,https://doi.org/10.1002/slct.201700237,0
10.1002/slct.201701411,publisher_W,https://doi.org/10.1002/slct.201701411,0
10.1002/slct.201702852,publisher_W,https://doi.org/10.1002/slct.201702852,0
10.1002/slct.201800571,publisher_W,https://doi.org/10.1002/slct.201800571,0
10.1002/slct.201800580,publisher_W,https://doi.org/10.1002/slct.201800580,0
10.1002/slct.201801068,publisher_W,https://doi.org/10.1002/slct.201801068,0
10.1002/slct.201801610,publisher_W,https://doi.org/10.1002/slct.201801610,0
10.1002/slct.201801720,publisher_W,https://doi.org/10.1002/slct.201801720,0
10.1002/slct.201802739,publisher_W,https://doi.org/10.1002/slct.201802739,0
10.1002/slct.201802797,publisher_W,https://doi.org/10.1002/slct.201802797,0
10.1002/slct.201802940,publisher_W,https://doi.org/10.1002/slct.201802940,0
10.1002/slct.201803260,publisher_W,https://doi.org/10.1002/slct.201803260,0
10.1002/slct.201803542,publisher_W,https://doi.org/10.1002/slct.201803542,0
10.1002/slct.201803971,publisher_W,https://doi.org/10.1002/slct.201803971,0
10.1002/slct.201901070,publisher_W,https://doi.org/10.1002/slct.201901070,0
10.1002/slct.201901690,publisher_W,https://doi.org/10.1002/slct.201901690,0
10.1002/slct.201902379,publisher_W,https://doi.org/10.1002/slct.201902379,0
10.1002/slct.201902713,publisher_W,https://doi.org/10.1002/slct.201902713,0
10.1002/slct.201902890,publisher_W,https://doi.org/10.1002/slct.201902890,0
10.1002/slct.201902901,publisher_W,https://doi.org/10.1002/slct.201902901,0
10.1002/slct.201903131,publisher_W,https://doi.org/10.1002/slct.201903131,0
10.1002/slct.201904119,publisher_W,https://doi.org/10.1002/slct.201904119,0
10.1002/slct.201904637,publisher_W,https://doi.org/10.1002/slct.201904637,0
10.1002/slct.202000455,publisher_W,https://doi.org/10.1002/slct.202000455,0
10.1002/slct.202001583,publisher_W,https://doi.org/10.1002/slct.202001583,0
10.1002/slct.202001730,publisher_W,https://doi.org/10.1002/slct.202001730,1
10.1002/slct.202001789,publisher_W,https://doi.org/10.1002/slct.202001789,0
10.1002/slct.202002661,publisher_W,https://doi.org/10.1002/slct.202002661,0
10.1002/slct.202002897,publisher_W,https://doi.org/10.1002/slct.202002897,0
10.1002/slct.202003213,publisher_W,https://doi.org/10.1002/slct.202003213,0
10.1002/slct.202004834,publisher_W,https://doi.org/10.1002/slct.202004834,0
10.1002/slct.202100438,publisher_W,https://doi.org/10.1002/slct.202100438,0
10.1002/slct.202100589,publisher_W,https://doi.org/10.1002/slct.202100589,0
10.1002/slct.202101471,publisher_W,https://doi.org/10.1002/slct.202101471,0
10.1002/slct.202102721,publisher_W,https://doi.org/10.1002/slct.202102721,0
10.1002/slct.202103520,publisher_W,https://doi.org/10.1002/slct.202103520,0
10.1002/slct.202103536,publisher_W,https://doi.org/10.1002/slct.202103536,0
10.1002/slct.202103927,publisher_W,https://doi.org/10.1002/slct.202103927,0
10.1002/slct.202104471,publisher_W,https://doi.org/10.1002/slct.202104471,0
10.1002/slct.202200592,publisher_W,https://doi.org/10.1002/slct.202200592,0
10.1002/slct.202201566,publisher_W,https://doi.org/10.1002/slct.202201566,0
10.1002/slct.202201588,publisher_W,https://doi.org/10.1002/slct.202201588,0
10.1002/slct.202202253,publisher_W,https://doi.org/10.1002/slct.202202253,0
10.1002/slct.202204538,publisher_W,https://doi.org/10.1002/slct.202204538,0
10.1002/slct.202204549,publisher_W,https://doi.org/10.1002/slct.202204549,0
10.1002/slct.202300745,publisher_W,https://doi.org/10.1002/slct.202300745,0
10.1002/slct.202304617,publisher_W,https://doi.org/10.1002/slct.202304617,0
10.1002/slct.202304855,publisher_W,https://doi.org/10.1002/slct.202304855,0
10.1002/slct.202304882,publisher_W,https://doi.org/10.1002/slct.202304882,0
10.1002/slct.202304908,publisher_W,https://doi.org/10.1002/slct.202304908,0
10.1002/slct.202400487,publisher_W,https://doi.org/10.1002/slct.202400487,0
10.1002/slct.202402556,publisher_W,https://doi.org/10.1002/slct.202402556,0
10.1002/slct.202402669,publisher_W,https://doi.org/10.1002/slct.202402669,0
10.1002/slct.202404433,publisher_W,https://doi.org/10.1002/slct.202404433,0
10.1002/slct.202404797,publisher_W,https://doi.org/10.1002/slct.202404797,0
10.1002/smll.201303564,publisher_W,https://doi.org/10.1002/smll.201303564,1
10.1002/smll.201601873,publisher_W,https://doi.org/10.1002/smll.201601873,1
10.1002/smll.201704440,publisher_W,https://doi.org/10.1002/smll.201704440,1
10.1002/smll.201804874,publisher_W,https://doi.org/10.1002/smll.201804874,1
10.1002/smll.202005357,publisher_W,https://doi.org/10.1002/smll.202005357,1
10.1002/smll.202101455,publisher_W,https://doi.org/10.1002/smll.202101455,1
10.1002/smll.202200407,publisher_W,https://doi.org/10.1002/smll.202200407,1
10.1002/smll.202203356,publisher_W,https://doi.org/10.1002/smll.202203356,1
10.1002/smll.202206116,publisher_W,https://doi.org/10.1002/smll.202206116,1
10.1002/smll.202206988,publisher_W,https://doi.org/10.1002/smll.202206988,1
10.1002/smll.202301894,publisher_W,https://doi.org/10.1002/smll.202301894,1
10.1002/smll.202301933,publisher_W,https://doi.org/10.1002/smll.202301933,1
10.1002/smll.202301966,publisher_W,https://doi.org/10.1002/smll.202301966,1
10.1002/smll.202302173,publisher_W,https://doi.org/10.1002/smll.202302173,1
10.1002/smll.202302776,publisher_W,https://doi.org/10.1002/smll.202302776,1
10.1002/smll.202304057,publisher_W,https://doi.org/10.1002/smll.202304057,1
10.1002/smll.202304096,publisher_W,https://doi.org/10.1002/smll.202304096,1
10.1002/smll.202304771,publisher_W,https://doi.org/10.1002/smll.202304771,1
10.1002/smll.202305258,publisher_W,https://doi.org/10.1002/smll.202305258,1
10.1002/smll.202305308,publisher_W,https://doi.org/10.1002/smll.202305308,1
10.1002/smll.202305771,publisher_W,https://doi.org/10.1002/smll.202305771,1
10.1002/smll.202305881,publisher_W,https://doi.org/10.1002/smll.202305881,1
10.1002/smll.202305999,publisher_W,https://doi.org/10.1002/smll.202305999,1
10.1002/smll.202306794,publisher_W,https://doi.org/10.1002/smll.202306794,1
10.1002/smll.202307236,publisher_W,https://doi.org/10.1002/smll.202307236,1
10.1002/smll.202309281,publisher_W,https://doi.org/10.1002/smll.202309281,1
10.1002/smll.202400410,publisher_W,https://doi.org/10.1002/smll.202400410,1
10.1002/smll.202401024,publisher_W,https://doi.org/10.1002/smll.202401024,1
10.1002/smll.202404554,publisher_W,https://doi.org/10.1002/smll.202404554,1
10.1002/smll.202405540,publisher_W,https://doi.org/10.1002/smll.202405540,1
10.1002/smll.202405636,publisher_W,https://doi.org/10.1002/smll.202405636,1
10.1002/smll.202405831,publisher_W,https://doi.org/10.1002/smll.202405831,1
10.1002/smll.202407051,publisher_W,https://doi.org/10.1002/smll.202407051,1
10.1002/smll.202409061,publisher_W,https://doi.org/10.1002/smll.202409061,1
10.1002/smll.202410680,publisher_W,https://doi.org/10.1002/smll.202410680,1
10.1002/smll.202411300,publisher_W,https://doi.org/10.1002/smll.202411300,1
10.1002/smll.202412121,publisher_W,https://doi.org/10.1002/smll.202412121,1
10.1002/smll.202500324,publisher_W,https://doi.org/10.1002/smll.202500324,1
10.1002/smll.202501767,publisher_W,https://doi.org/10.1002/smll.202501767,1
10.1002/smtd.202000085,publisher_W,https://doi.org/10.1002/smtd.202000085,0
10.1002/smtd.202200208,publisher_W,https://doi.org/10.1002/smtd.202200208,0
10.1002/sstr.202300055,publisher_W,https://doi.org/10.1002/sstr.202300055,1
10.1002/sstr.202300346,publisher_W,https://doi.org/10.1002/sstr.202300346,1
10.1002/zaac.200400414,publisher_W,https://doi.org/10.1002/zaac.200400414,1
10.1002/zaac.200600273,publisher_W,https://doi.org/10.1002/zaac.200600273,1
10.1002/zaac.200700073,publisher_W,https://doi.org/10.1002/zaac.200700073,1
10.1002/zaac.200700235,publisher_W,https://doi.org/10.1002/zaac.200700235,1
10.1002/zaac.200700374,publisher_W,https://doi.org/10.1002/zaac.200700374,1
10.1002/zaac.200800047,publisher_W,https://doi.org/10.1002/zaac.200800047,1
10.1002/zaac.200800143,publisher_W,https://doi.org/10.1002/zaac.200800143,1
10.1002/zaac.200800259,publisher_W,https://doi.org/10.1002/zaac.200800259,1
10.1002/zaac.200800354,publisher_W,https://doi.org/10.1002/zaac.200800354,1
10.1002/zaac.200800406,publisher_W,https://doi.org/10.1002/zaac.200800406,1
10.1002/zaac.200801363,publisher_W,https://doi.org/10.1002/zaac.200801363,1
10.1002/zaac.200900278,publisher_W,https://doi.org/10.1002/zaac.200900278,1
10.1002/zaac.200900307,publisher_W,https://doi.org/10.1002/zaac.200900307,1
10.1002/zaac.200900329,publisher_W,https://doi.org/10.1002/zaac.200900329,1
10.1002/zaac.200900374,publisher_W,https://doi.org/10.1002/zaac.200900374,1
10.1002/zaac.200900436,publisher_W,https://doi.org/10.1002/zaac.200900436,1
10.1002/zaac.200900440,publisher_W,https://doi.org/10.1002/zaac.200900440,1
10.1002/zaac.200900442,publisher_W,https://doi.org/10.1002/zaac.200900442,1
10.1002/zaac.200900452,publisher_W,https://doi.org/10.1002/zaac.200900452,1
10.1002/zaac.200900462,publisher_W,https://doi.org/10.1002/zaac.200900462,1
10.1002/zaac.200900516,publisher_W,https://doi.org/10.1002/zaac.200900516,1
10.1002/zaac.201000181,publisher_W,https://doi.org/10.1002/zaac.201000181,1
10.1002/zaac.201000256,publisher_W,https://doi.org/10.1002/zaac.201000256,1
10.1002/zaac.201000270,publisher_W,https://doi.org/10.1002/zaac.201000270,1
10.1002/zaac.201000315,publisher_W,https://doi.org/10.1002/zaac.201000315,1
10.1002/zaac.201000326,publisher_W,https://doi.org/10.1002/zaac.201000326,1
10.1002/zaac.201000354,publisher_W,https://doi.org/10.1002/zaac.201000354,1
10.1002/zaac.201000372,publisher_W,https://doi.org/10.1002/zaac.201000372,1
10.1002/zaac.201000424,publisher_W,https://doi.org/10.1002/zaac.201000424,1
10.1002/zaac.201100010,publisher_W,https://doi.org/10.1002/zaac.201100010,1
10.1002/zaac.201100082,publisher_W,https://doi.org/10.1002/zaac.201100082,1
10.1002/zaac.201100104,publisher_W,https://doi.org/10.1002/zaac.201100104,1
10.1002/zaac.201100155,publisher_W,https://doi.org/10.1002/zaac.201100155,1
10.1002/zaac.201100160,publisher_W,https://doi.org/10.1002/zaac.201100160,1
10.1002/zaac.201100308,publisher_W,https://doi.org/10.1002/zaac.201100308,1
10.1002/zaac.201100403,publisher_W,https://doi.org/10.1002/zaac.201100403,1
10.1002/zaac.201100421,publisher_W,https://doi.org/10.1002/zaac.201100421,1
10.1002/zaac.201100429,publisher_W,https://doi.org/10.1002/zaac.201100429,1
10.1002/zaac.201100433,publisher_W,https://doi.org/10.1002/zaac.201100433,1
10.1002/zaac.201100462,publisher_W,https://doi.org/10.1002/zaac.201100462,1
10.1002/zaac.201100519,publisher_W,https://doi.org/10.1002/zaac.201100519,1
10.1002/zaac.201200003,publisher_W,https://doi.org/10.1002/zaac.201200003,1
10.1002/zaac.201200017,publisher_W,https://doi.org/10.1002/zaac.201200017,1
10.1002/zaac.201200140,publisher_W,https://doi.org/10.1002/zaac.201200140,1
10.1002/zaac.201200325,publisher_W,https://doi.org/10.1002/zaac.201200325,1
10.1002/zaac.201200394,publisher_W,https://doi.org/10.1002/zaac.201200394,1
10.1002/zaac.201200413,publisher_W,https://doi.org/10.1002/zaac.201200413,1
10.1002/zaac.201200473,publisher_W,https://doi.org/10.1002/zaac.201200473,1
10.1002/zaac.201200474,publisher_W,https://doi.org/10.1002/zaac.201200474,1
10.1002/zaac.201200537,publisher_W,https://doi.org/10.1002/zaac.201200537,1
10.1002/zaac.201300050,publisher_W,https://doi.org/10.1002/zaac.201300050,1
10.1002/zaac.201300117,publisher_W,https://doi.org/10.1002/zaac.201300117,1
10.1002/zaac.201300211,publisher_W,https://doi.org/10.1002/zaac.201300211,1
10.1002/zaac.201300240,publisher_W,https://doi.org/10.1002/zaac.201300240,1
10.1002/zaac.201300253,publisher_W,https://doi.org/10.1002/zaac.201300253,1
10.1002/zaac.201300276,publisher_W,https://doi.org/10.1002/zaac.201300276,0
10.1002/zaac.201300357,publisher_W,https://doi.org/10.1002/zaac.201300357,1
10.1002/zaac.201300500,publisher_W,https://doi.org/10.1002/zaac.201300500,0
10.1002/zaac.201300623,publisher_W,https://doi.org/10.1002/zaac.201300623,0
10.1002/zaac.201300682,publisher_W,https://doi.org/10.1002/zaac.201300682,0
10.1002/zaac.201300686,publisher_W,https://doi.org/10.1002/zaac.201300686,0
10.1002/zaac.201400024,publisher_W,https://doi.org/10.1002/zaac.201400024,0
10.1002/zaac.201400037,publisher_W,https://doi.org/10.1002/zaac.201400037,0
10.1002/zaac.201400073,publisher_W,https://doi.org/10.1002/zaac.201400073,0
10.1002/zaac.201400102,publisher_W,https://doi.org/10.1002/zaac.201400102,0
10.1002/zaac.201400139,publisher_W,https://doi.org/10.1002/zaac.201400139,0
10.1002/zaac.201400177,publisher_W,https://doi.org/10.1002/zaac.201400177,0
10.1002/zaac.201400188,publisher_W,https://doi.org/10.1002/zaac.201400188,0
10.1002/zaac.201400206,publisher_W,https://doi.org/10.1002/zaac.201400206,0
10.1002/zaac.201400214,publisher_W,https://doi.org/10.1002/zaac.201400214,0
10.1002/zaac.201400231,publisher_W,https://doi.org/10.1002/zaac.201400231,0
10.1002/zaac.201400254,publisher_W,https://doi.org/10.1002/zaac.201400254,0
10.1002/zaac.201400256,publisher_W,https://doi.org/10.1002/zaac.201400256,0
10.1002/zaac.201400263,publisher_W,https://doi.org/10.1002/zaac.201400263,0
10.1002/zaac.201400294,publisher_W,https://doi.org/10.1002/zaac.201400294,0
10.1002/zaac.201400388,publisher_W,https://doi.org/10.1002/zaac.201400388,0
10.1002/zaac.201400398,publisher_W,https://doi.org/10.1002/zaac.201400398,0
10.1002/zaac.201400424,publisher_W,https://doi.org/10.1002/zaac.201400424,0
10.1002/zaac.201400459,publisher_W,https://doi.org/10.1002/zaac.201400459,0
10.1002/zaac.201400474,publisher_W,https://doi.org/10.1002/zaac.201400474,0
10.1002/zaac.201400483,publisher_W,https://doi.org/10.1002/zaac.201400483,0
10.1002/zaac.201400550,publisher_W,https://doi.org/10.1002/zaac.201400550,0
10.1002/zaac.201400612,publisher_W,https://doi.org/10.1002/zaac.201400612,0
10.1002/zaac.201500028,publisher_W,https://doi.org/10.1002/zaac.201500028,0
10.1002/zaac.201500061,publisher_W,https://doi.org/10.1002/zaac.201500061,0
10.1002/zaac.201500091,publisher_W,https://doi.org/10.1002/zaac.201500091,0
10.1002/zaac.201500132,publisher_W,https://doi.org/10.1002/zaac.201500132,0
10.1002/zaac.201500152,publisher_W,https://doi.org/10.1002/zaac.201500152,0
10.1002/zaac.201500183,publisher_W,https://doi.org/10.1002/zaac.201500183,0
10.1002/zaac.201500216,publisher_W,https://doi.org/10.1002/zaac.201500216,0
10.1002/zaac.201500232,publisher_W,https://doi.org/10.1002/zaac.201500232,0
10.1002/zaac.201500268,publisher_W,https://doi.org/10.1002/zaac.201500268,0
10.1002/zaac.201500281,publisher_W,https://doi.org/10.1002/zaac.201500281,0
10.1002/zaac.201500526,publisher_W,https://doi.org/10.1002/zaac.201500526,0
10.1002/zaac.201500536,publisher_W,https://doi.org/10.1002/zaac.201500536,0
10.1002/zaac.201500567,publisher_W,https://doi.org/10.1002/zaac.201500567,0
10.1002/zaac.201500656,publisher_W,https://doi.org/10.1002/zaac.201500656,0
10.1002/zaac.201500705,publisher_W,https://doi.org/10.1002/zaac.201500705,0
10.1002/zaac.201500728,publisher_W,https://doi.org/10.1002/zaac.201500728,0
10.1002/zaac.201600120,publisher_W,https://doi.org/10.1002/zaac.201600120,0
10.1002/zaac.201600210,publisher_W,https://doi.org/10.1002/zaac.201600210,0
10.1002/zaac.201600291,publisher_W,https://doi.org/10.1002/zaac.201600291,0
10.1002/zaac.201600344,publisher_W,https://doi.org/10.1002/zaac.201600344,0
10.1002/zaac.201600356,publisher_W,https://doi.org/10.1002/zaac.201600356,0
10.1002/zaac.201600395,publisher_W,https://doi.org/10.1002/zaac.201600395,0
10.1002/zaac.201600448,publisher_W,https://doi.org/10.1002/zaac.201600448,0
10.1002/zaac.201700003,publisher_W,https://doi.org/10.1002/zaac.201700003,0
10.1002/zaac.201700032,publisher_W,https://doi.org/10.1002/zaac.201700032,0
10.1002/zaac.201700053,publisher_W,https://doi.org/10.1002/zaac.201700053,0
10.1002/zaac.201700128,publisher_W,https://doi.org/10.1002/zaac.201700128,0
10.1002/zaac.201700344,publisher_W,https://doi.org/10.1002/zaac.201700344,0
10.1002/zaac.201700362,publisher_W,https://doi.org/10.1002/zaac.201700362,0
10.1002/zaac.201800280,publisher_W,https://doi.org/10.1002/zaac.201800280,0
10.1002/zaac.201800338,publisher_W,https://doi.org/10.1002/zaac.201800338,0
10.1002/zaac.201800353,publisher_W,https://doi.org/10.1002/zaac.201800353,0
10.1002/zaac.201800354,publisher_W,https://doi.org/10.1002/zaac.201800354,0
10.1002/zaac.201800513,publisher_W,https://doi.org/10.1002/zaac.201800513,0
10.1002/zaac.201900009,publisher_W,https://doi.org/10.1002/zaac.201900009,0
10.1002/zaac.201900066,publisher_W,https://doi.org/10.1002/zaac.201900066,0
10.1002/zaac.201900089,publisher_W,https://doi.org/10.1002/zaac.201900089,0
10.1002/zaac.201900133,publisher_W,https://doi.org/10.1002/zaac.201900133,0
10.1002/zaac.201900225,publisher_W,https://doi.org/10.1002/zaac.201900225,0
10.1002/zaac.201900241,publisher_W,https://doi.org/10.1002/zaac.201900241,1
10.1002/zaac.201900299,publisher_W,https://doi.org/10.1002/zaac.201900299,0
10.1002/zaac.202000063,publisher_W,https://doi.org/10.1002/zaac.202000063,1
10.1002/zaac.202000100,publisher_W,https://doi.org/10.1002/zaac.202000100,0
10.1002/zaac.202000137,publisher_W,https://doi.org/10.1002/zaac.202000137,1
10.1002/zaac.202000201,publisher_W,https://doi.org/10.1002/zaac.202000201,0
10.1002/zaac.202000265,publisher_W,https://doi.org/10.1002/zaac.202000265,1
10.1002/zaac.202000303,publisher_W,https://doi.org/10.1002/zaac.202000303,0
10.1002/zaac.202000332,publisher_W,https://doi.org/10.1002/zaac.202000332,0
10.1002/zaac.202000418,publisher_W,https://doi.org/10.1002/zaac.202000418,0
10.1002/zaac.202000447,publisher_W,https://doi.org/10.1002/zaac.202000447,0
10.1002/zaac.202100184,publisher_W,https://doi.org/10.1002/zaac.202100184,1
10.1002/zaac.202100208,publisher_W,https://doi.org/10.1002/zaac.202100208,0
10.1002/zaac.202100225,publisher_W,https://doi.org/10.1002/zaac.202100225,0
10.1002/zaac.202100328,publisher_W,https://doi.org/10.1002/zaac.202100328,0
10.1002/zaac.202100345,publisher_W,https://doi.org/10.1002/zaac.202100345,0
10.1002/zaac.202100380,publisher_W,https://doi.org/10.1002/zaac.202100380,1
10.1002/zaac.202200153,publisher_W,https://doi.org/10.1002/zaac.202200153,1
10.1002/zaac.202200171,publisher_W,https://doi.org/10.1002/zaac.202200171,1
10.1006/jssc.2000.9070,unmapped,https://doi.org/10.1006/jssc.2000.9070,0
10.1006/jssc.2001.9118,unmapped,https://doi.org/10.1006/jssc.2001.9118,0
10.1007/BF03246026,publisher_S,https://doi.org/10.1007/BF03246026,0
10.1007/s00216-019-01875-2,publisher_S,https://doi.org/10.1007/s00216-019-01875-2,0
10.1007/s00216-019-02004-9,publisher_S,https://doi.org/10.1007/s00216-019-02004-9,0
10.1007/s00339-019-2716-4,publisher_S,https://doi.org/10.1007/s00339-019-2716-4,0
10.1007/s00604-017-2439-1,publisher_S,https://doi.org/10.1007/s00604-017-2439-1,0
10.1007/s00604-020-04664-2,publisher_S,https://doi.org/10.1007/s00604-020-04664-2,0
10.1007/s00604-023-06112-3,publisher_S,https://doi.org/10.1007/s00604-023-06112-3,0
10.1007/s00604-024-06243-1,publisher_S,https://doi.org/10.1007/s00604-024-06243-1,0
10.1007/s00775-021-01887-3,publisher_S,https://doi.org/10.1007/s00775-021-01887-3,0
10.1007/s10311-018-00833-1,publisher_S,https://doi.org/10.1007/s10311-018-00833-1,0
10.1007/s10311-018-0775-y,publisher_S,https://doi.org/10.1007/s10311-018-0775-y,0
10.1007/s10450-012-9438-7,publisher_S,https://doi.org/10.1007/s10450-012-9438-7,0
10.1007/s10450-015-9651-2,publisher_S,https://doi.org/10.1007/s10450-015-9651-2,0
10.1007/s10450-016-9838-1,publisher_S,https://doi.org/10.1007/s10450-016-9838-1,0
10.1007/s10450-017-9892-3,publisher_S,https://doi.org/10.1007/s10450-017-9892-3,0
10.1007/s10450-020-00219-2,publisher_S,https://doi.org/10.1007/s10450-020-00219-2,0
10.1007/s10450-020-00282-9,publisher_S,https://doi.org/10.1007/s10450-020-00282-9,0
10.1007/s10450-024-00504-4,publisher_S,https://doi.org/10.1007/s10450-024-00504-4,0
10.1007/s10450-024-00553-9,publisher_S,https://doi.org/10.1007/s10450-024-00553-9,0
10.1007/s10562-014-1242-4,publisher_S,https://doi.org/10.1007/s10562-014-1242-4,0
10.1007/s10562-016-1768-8,publisher_S,https://doi.org/10.1007/s10562-016-1768-8,0
10.1007/s10562-016-1805-7,publisher_S,https://doi.org/10.1007/s10562-016-1805-7,0
10.1007/s10562-016-1913-4,publisher_S,https://doi.org/10.1007/s10562-016-1913-4,0
10.1007/s10562-018-2358-8,publisher_S,https://doi.org/10.1007/s10562-018-2358-8,0
10.1007/s10562-018-2490-5,publisher_S,https://doi.org/10.1007/s10562-018-2490-5,0
10.1007/s10562-019-02874-9,publisher_S,https://doi.org/10.1007/s10562-019-02874-9,0
10.1007/s10562-019-02963-9,publisher_S,https://doi.org/10.1007/s10562-019-02963-9,0
10.1007/s10562-019-03070-5,publisher_S,https://doi.org/10.1007/s10562-019-03070-5,0
10.1007/s10562-019-03072-3,publisher_S,https://doi.org/10.1007/s10562-019-03072-3,0
10.1007/s10562-019-03090-1,publisher_S,https://doi.org/10.1007/s10562-019-03090-1,0
10.1007/s10562-020-03151-w,publisher_S,https://doi.org/10.1007/s10562-020-03151-w,0
10.1007/s10562-020-03291-z,publisher_S,https://doi.org/10.1007/s10562-020-03291-z,0
10.1007/s10562-021-03731-4,publisher_S,https://doi.org/10.1007/s10562-021-03731-4,0
10.1007/s10562-022-03995-4,publisher_S,https://doi.org/10.1007/s10562-022-03995-4,0
10.1007/s10562-022-04028-w,publisher_S,https://doi.org/10.1007/s10562-022-04028-w,0
10.1007/s10562-022-04135-8,publisher_S,https://doi.org/10.1007/s10562-022-04135-8,0
10.1007/s10562-022-04213-x,publisher_S,https://doi.org/10.1007/s10562-022-04213-x,0
10.1007/s10562-023-04433-9,publisher_S,https://doi.org/10.1007/s10562-023-04433-9,0
10.1007/s10562-024-04881-x,publisher_S,https://doi.org/10.1007/s10562-024-04881-x,0
10.1007/s10563-018-9242-9,publisher_S,https://doi.org/10.1007/s10563-018-9242-9,0
10.1007/s10570-017-1331-9,publisher_S,https://doi.org/10.1007/s10570-017-1331-9,0
10.1007/s10570-020-03282-8,publisher_S,https://doi.org/10.1007/s10570-020-03282-8,0
10.1007/s10570-022-04668-6,publisher_S,https://doi.org/10.1007/s10570-022-04668-6,0
10.1007/s10847-011-0007-6,publisher_S,https://doi.org/10.1007/s10847-011-0007-6,0
10.1007/s10847-020-01039-1,publisher_S,https://doi.org/10.1007/s10847-020-01039-1,0
10.1007/s10853-017-1658-5,publisher_S,https://doi.org/10.1007/s10853-017-1658-5,0
10.1007/s10853-018-03287-6,publisher_S,https://doi.org/10.1007/s10853-018-03287-6,0
10.1007/s10853-018-2305-5,publisher_S,https://doi.org/10.1007/s10853-018-2305-5,0
10.1007/s10853-018-2476-0,publisher_S,https://doi.org/10.1007/s10853-018-2476-0,0
10.1007/s10853-018-2793-3,publisher_S,https://doi.org/10.1007/s10853-018-2793-3,0
10.1007/s10853-018-2835-x,publisher_S,https://doi.org/10.1007/s10853-018-2835-x,0
10.1007/s10853-019-03644-z,publisher_S,https://doi.org/10.1007/s10853-019-03644-z,0
10.1007/s10853-019-03786-0,publisher_S,https://doi.org/10.1007/s10853-019-03786-0,0
10.1007/s10853-020-04699-z,publisher_S,https://doi.org/10.1007/s10853-020-04699-z,0
10.1007/s10853-020-04937-4,publisher_S,https://doi.org/10.1007/s10853-020-04937-4,0
10.1007/s10853-020-05491-9,publisher_S,https://doi.org/10.1007/s10853-020-05491-9,0
10.1007/s10853-022-07676-w,publisher_S,https://doi.org/10.1007/s10853-022-07676-w,0
10.1007/s10853-022-07773-w,publisher_S,https://doi.org/10.1007/s10853-022-07773-w,0
10.1007/s10853-023-08181-4,publisher_S,https://doi.org/10.1007/s10853-023-08181-4,0
10.1007/s10853-024-10058-z,publisher_S,https://doi.org/10.1007/s10853-024-10058-z,0
10.1007/s10854-017-7118-9,publisher_S,https://doi.org/10.1007/s10854-017-7118-9,0
10.1007/s10854-017-8271-x,publisher_S,https://doi.org/10.1007/s10854-017-8271-x,0
10.1007/s10854-018-9978-z,publisher_S,https://doi.org/10.1007/s10854-018-9978-z,0
10.1007/s10854-020-03248-3,publisher_S,https://doi.org/10.1007/s10854-020-03248-3,0
10.1007/s10854-021-05648-5,publisher_S,https://doi.org/10.1007/s10854-021-05648-5,0
10.1007/s10854-022-08351-1,publisher_S,https://doi.org/10.1007/s10854-022-08351-1,0
10.1007/s10870-008-9336-8,publisher_S,https://doi.org/10.1007/s10870-008-9336-8,0
10.1007/s10870-009-9558-4,publisher_S,https://doi.org/10.1007/s10870-009-9558-4,0
10.1007/s10870-009-9580-6,publisher_S,https://doi.org/10.1007/s10870-009-9580-6,0
10.1007/s10870-009-9638-5,publisher_S,https://doi.org/10.1007/s10870-009-9638-5,0
10.1007/s10870-010-9945-x,publisher_S,https://doi.org/10.1007/s10870-010-9945-x,0
10.1007/s10870-010-9962-9,publisher_S,https://doi.org/10.1007/s10870-010-9962-9,0
10.1007/s10870-015-0570-6,publisher_S,https://doi.org/10.1007/s10870-015-0570-6,0
10.1007/s10870-015-0578-y,publisher_S,https://doi.org/10.1007/s10870-015-0578-y,0
10.1007/s10870-016-0648-9,publisher_S,https://doi.org/10.1007/s10870-016-0648-9,0
10.1007/s10870-016-0652-0,publisher_S,https://doi.org/10.1007/s10870-016-0652-0,0
10.1007/s10870-018-0708-4,publisher_S,https://doi.org/10.1007/s10870-018-0708-4,0
10.1007/s10870-019-00785-6,publisher_S,https://doi.org/10.1007/s10870-019-00785-6,0
10.1007/s10870-020-00825-6,publisher_S,https://doi.org/10.1007/s10870-020-00825-6,0
10.1007/s10870-021-00895-0,publisher_S,https://doi.org/10.1007/s10870-021-00895-0,0
10.1007/s10876-012-0484-9,publisher_S,https://doi.org/10.1007/s10876-012-0484-9,0
10.1007/s10876-013-0591-2,publisher_S,https://doi.org/10.1007/s10876-013-0591-2,0
10.1007/s10876-013-0613-0,publisher_S,https://doi.org/10.1007/s10876-013-0613-0,0
10.1007/s10876-014-0695-3,publisher_S,https://doi.org/10.1007/s10876-014-0695-3,0
10.1007/s10876-014-0770-9,publisher_S,https://doi.org/10.1007/s10876-014-0770-9,0
10.1007/s10876-014-0816-z,publisher_S,https://doi.org/10.1007/s10876-014-0816-z,0
10.1007/s10876-014-0821-2,publisher_S,https://doi.org/10.1007/s10876-014-0821-2,0
10.1007/s10876-017-1316-8,publisher_S,https://doi.org/10.1007/s10876-017-1316-8,0
10.1007/s10876-018-1377-3,publisher_S,https://doi.org/10.1007/s10876-018-1377-3,0
10.1007/s10876-019-01534-7,publisher_S,https://doi.org/10.1007/s10876-019-01534-7,0
10.1007/s10876-019-01539-2,publisher_S,https://doi.org/10.1007/s10876-019-01539-2,0
10.1007/s10876-019-01637-1,publisher_S,https://doi.org/10.1007/s10876-019-01637-1,0
10.1007/s10876-019-01648-y,publisher_S,https://doi.org/10.1007/s10876-019-01648-y,0
10.1007/s10876-019-01683-9,publisher_S,https://doi.org/10.1007/s10876-019-01683-9,0
10.1007/s10876-019-01703-8,publisher_S,https://doi.org/10.1007/s10876-019-01703-8,0
10.1007/s10876-020-01760-4,publisher_S,https://doi.org/10.1007/s10876-020-01760-4,0
10.1007/s10876-020-01817-4,publisher_S,https://doi.org/10.1007/s10876-020-01817-4,0
10.1007/s10876-020-01931-3,publisher_S,https://doi.org/10.1007/s10876-020-01931-3,0
10.1007/s10876-020-01954-w,publisher_S,https://doi.org/10.1007/s10876-020-01954-w,0
10.1007/s10876-020-01966-6,publisher_S,https://doi.org/10.1007/s10876-020-01966-6,0
10.1007/s10876-021-02088-3,publisher_S,https://doi.org/10.1007/s10876-021-02088-3,0
10.1007/s10876-021-02129-x,publisher_S,https://doi.org/10.1007/s10876-021-02129-x,0
10.1007/s10876-021-02160-y,publisher_S,https://doi.org/10.1007/s10876-021-02160-y,0
10.1007/s10876-022-02349-9,publisher_S,https://doi.org/10.1007/s10876-022-02349-9,0
10.1007/s10876-023-02419-6,publisher_S,https://doi.org/10.1007/s10876-023-02419-6,0
10.1007/s10876-024-02650-9,publisher_S,https://doi.org/10.1007/s10876-024-02650-9,0
10.1007/s10876-024-02655-4,publisher_S,https://doi.org/10.1007/s10876-024-02655-4,0
10.1007/s10876-025-02768-4,publisher_S,https://doi.org/10.1007/s10876-025-02768-4,0
10.1007/s10895-021-02763-8,publisher_S,https://doi.org/10.1007/s10895-021-02763-8,0
10.1007/s10895-021-02823-z,publisher_S,https://doi.org/10.1007/s10895-021-02823-z,0
10.1007/s10895-022-03048-4,publisher_S,https://doi.org/10.1007/s10895-022-03048-4,0
10.1007/s10895-022-03055-5,publisher_S,https://doi.org/10.1007/s10895-022-03055-5,0
10.1007/s10895-024-03677-x,publisher_S,https://doi.org/10.1007/s10895-024-03677-x,0
10.1007/s10895-024-03682-0,publisher_S,https://doi.org/10.1007/s10895-024-03682-0,0
10.1007/s10895-024-03698-6,publisher_S,https://doi.org/10.1007/s10895-024-03698-6,0
10.1007/s10934-007-9178-3,publisher_S,https://doi.org/10.1007/s10934-007-9178-3,0
10.1007/s10934-009-9268-5,publisher_S,https://doi.org/10.1007/s10934-009-9268-5,0
10.1007/s10934-012-9574-1,publisher_S,https://doi.org/10.1007/s10934-012-9574-1,0
10.1007/s10934-014-9816-5,publisher_S,https://doi.org/10.1007/s10934-014-9816-5,0
10.1007/s10934-014-9823-6,publisher_S,https://doi.org/10.1007/s10934-014-9823-6,0
10.1007/s10934-014-9840-5,publisher_S,https://doi.org/10.1007/s10934-014-9840-5,0
10.1007/s10934-015-0043-5,publisher_S,https://doi.org/10.1007/s10934-015-0043-5,0
10.1007/s10934-015-0090-y,publisher_S,https://doi.org/10.1007/s10934-015-0090-y,0
10.1007/s10934-015-9960-6,publisher_S,https://doi.org/10.1007/s10934-015-9960-6,0
10.1007/s10934-015-9997-6,publisher_S,https://doi.org/10.1007/s10934-015-9997-6,0
10.1007/s10934-016-0186-z,publisher_S,https://doi.org/10.1007/s10934-016-0186-z,0
10.1007/s10934-016-0229-5,publisher_S,https://doi.org/10.1007/s10934-016-0229-5,0
10.1007/s10934-017-0374-5,publisher_S,https://doi.org/10.1007/s10934-017-0374-5,0
10.1007/s10934-017-0498-7,publisher_S,https://doi.org/10.1007/s10934-017-0498-7,0
10.1007/s10934-018-0591-6,publisher_S,https://doi.org/10.1007/s10934-018-0591-6,0
10.1007/s10934-018-0682-4,publisher_S,https://doi.org/10.1007/s10934-018-0682-4,0
10.1007/s10934-018-0710-4,publisher_S,https://doi.org/10.1007/s10934-018-0710-4,0
10.1007/s10934-019-00755-5,publisher_S,https://doi.org/10.1007/s10934-019-00755-5,0
10.1007/s10934-019-00773-3,publisher_S,https://doi.org/10.1007/s10934-019-00773-3,0
10.1007/s10934-020-00941-w,publisher_S,https://doi.org/10.1007/s10934-020-00941-w,0
10.1007/s10934-020-00945-6,publisher_S,https://doi.org/10.1007/s10934-020-00945-6,0
10.1007/s10934-020-01002-y,publisher_S,https://doi.org/10.1007/s10934-020-01002-y,0
10.1007/s10934-021-01033-z,publisher_S,https://doi.org/10.1007/s10934-021-01033-z,0
10.1007/s10934-022-01268-4,publisher_S,https://doi.org/10.1007/s10934-022-01268-4,0
10.1007/s10934-022-01351-w,publisher_S,https://doi.org/10.1007/s10934-022-01351-w,0
10.1007/s10934-022-01412-0,publisher_S,https://doi.org/10.1007/s10934-022-01412-0,0
10.1007/s10934-023-01494-4,publisher_S,https://doi.org/10.1007/s10934-023-01494-4,0
10.1007/s10934-024-01695-5,publisher_S,https://doi.org/10.1007/s10934-024-01695-5,0
10.1007/s10967-024-09430-9,publisher_S,https://doi.org/10.1007/s10967-024-09430-9,0
10.1007/s10971-016-4138-5,publisher_S,https://doi.org/10.1007/s10971-016-4138-5,0
10.1007/s10971-016-4187-9,publisher_S,https://doi.org/10.1007/s10971-016-4187-9,0
10.1007/s10971-021-05576-0,publisher_S,https://doi.org/10.1007/s10971-021-05576-0,0
10.1007/s10971-023-06242-3,publisher_S,https://doi.org/10.1007/s10971-023-06242-3,0
10.1007/s10973-015-4721-y,publisher_S,https://doi.org/10.1007/s10973-015-4721-y,0
10.1007/s10973-016-5521-8,publisher_S,https://doi.org/10.1007/s10973-016-5521-8,0
10.1007/s10973-019-08173-0,publisher_S,https://doi.org/10.1007/s10973-019-08173-0,0
10.1007/s10973-021-10899-9,publisher_S,https://doi.org/10.1007/s10973-021-10899-9,0
10.1007/s10973-022-11769-8,publisher_S,https://doi.org/10.1007/s10973-022-11769-8,0
10.1007/s11051-016-3566-z,publisher_S,https://doi.org/10.1007/s11051-016-3566-z,0
10.1007/s11051-016-3593-9,publisher_S,https://doi.org/10.1007/s11051-016-3593-9,0
10.1007/s11051-019-4526-1,publisher_S,https://doi.org/10.1007/s11051-019-4526-1,0
10.1007/s11051-023-05707-4,publisher_S,https://doi.org/10.1007/s11051-023-05707-4,0
10.1007/s11051-024-05991-8,publisher_S,https://doi.org/10.1007/s11051-024-05991-8,0
10.1007/s11051-024-06138-5,publisher_S,https://doi.org/10.1007/s11051-024-06138-5,0
10.1007/s11144-016-1034-5,publisher_S,https://doi.org/10.1007/s11144-016-1034-5,0
10.1007/s11144-018-1356-6,publisher_S,https://doi.org/10.1007/s11144-018-1356-6,0
10.1007/s11144-020-01912-7,publisher_S,https://doi.org/10.1007/s11144-020-01912-7,0
10.1007/s11144-021-01991-0,publisher_S,https://doi.org/10.1007/s11144-021-01991-0,0
10.1007/s11144-023-02422-y,publisher_S,https://doi.org/10.1007/s11144-023-02422-y,0
10.1007/s11144-024-02777-w,publisher_S,https://doi.org/10.1007/s11144-024-02777-w,0
10.1007/s11144-024-02787-8,publisher_S,https://doi.org/10.1007/s11144-024-02787-8,0
10.1007/s11164-015-2361-2,publisher_S,https://doi.org/10.1007/s11164-015-2361-2,0
10.1007/s11164-016-2676-7,publisher_S,https://doi.org/10.1007/s11164-016-2676-7,0
10.1007/s11164-019-03964-4,publisher_S,https://doi.org/10.1007/s11164-019-03964-4,0
10.1007/s11164-019-03997-9,publisher_S,https://doi.org/10.1007/s11164-019-03997-9,0
10.1007/s11164-021-04565-w,publisher_S,https://doi.org/10.1007/s11164-021-04565-w,0
10.1007/s11164-023-05161-w,publisher_S,https://doi.org/10.1007/s11164-023-05161-w,0
10.1007/s11164-023-05220-2,publisher_S,https://doi.org/10.1007/s11164-023-05220-2,0
10.1007/s11164-024-05240-6,publisher_S,https://doi.org/10.1007/s11164-024-05240-6,0
10.1007/s11164-024-05361-y,publisher_S,https://doi.org/10.1007/s11164-024-05361-y,0
10.1007/s11172-007-0037-9,publisher_S,https://doi.org/10.1007/s11172-007-0037-9,0
10.1007/s11172-014-0522-x,publisher_S,https://doi.org/10.1007/s11172-014-0522-x,0
10.1007/s11172-015-1245-3,publisher_S,https://doi.org/10.1007/s11172-015-1245-3,0
10.1007/s11172-015-1246-2,publisher_S,https://doi.org/10.1007/s11172-015-1246-2,0
10.1007/s11172-016-1624-4,publisher_S,https://doi.org/10.1007/s11172-016-1624-4,0
10.1007/s11172-017-1910-9,publisher_S,https://doi.org/10.1007/s11172-017-1910-9,0
10.1007/s11172-020-2768-9,publisher_S,https://doi.org/10.1007/s11172-020-2768-9,0
10.1007/s11172-020-2785-8,publisher_S,https://doi.org/10.1007/s11172-020-2785-8,0
10.1007/s11172-020-2877-5,publisher_S,https://doi.org/10.1007/s11172-020-2877-5,0
10.1007/s11172-020-2930-4,publisher_S,https://doi.org/10.1007/s11172-020-2930-4,0
10.1007/s11172-022-3380-y,publisher_S,https://doi.org/10.1007/s11172-022-3380-y,0
10.1007/s11172-022-3403-8,publisher_S,https://doi.org/10.1007/s11172-022-3403-8,0
10.1007/s11172-022-3498-y,publisher_S,https://doi.org/10.1007/s11172-022-3498-y,0
10.1007/s11172-022-3499-x,publisher_S,https://doi.org/10.1007/s11172-022-3499-x,0
10.1007/s11172-023-4069-6,publisher_S,https://doi.org/10.1007/s11172-023-4069-6,0
10.1007/s11172-024-4402-8,publisher_S,https://doi.org/10.1007/s11172-024-4402-8,0
10.1007/s11224-007-9205-7,publisher_S,https://doi.org/10.1007/s11224-007-9205-7,0
10.1007/s11224-008-9314-y,publisher_S,https://doi.org/10.1007/s11224-008-9314-y,0
10.1007/s11224-010-9684-9,publisher_S,https://doi.org/10.1007/s11224-010-9684-9,0
10.1007/s11224-011-9870-4,publisher_S,https://doi.org/10.1007/s11224-011-9870-4,0
10.1007/s11237-013-9306-x,publisher_S,https://doi.org/10.1007/s11237-013-9306-x,0
10.1007/s11243-006-0153-7,publisher_S,https://doi.org/10.1007/s11243-006-0153-7,0
10.1007/s11243-008-9095-6,publisher_S,https://doi.org/10.1007/s11243-008-9095-6,0
10.1007/s11243-008-9147-y,publisher_S,https://doi.org/10.1007/s11243-008-9147-y,0
10.1007/s11243-008-9176-6,publisher_S,https://doi.org/10.1007/s11243-008-9176-6,0
10.1007/s11243-010-9393-7,publisher_S,https://doi.org/10.1007/s11243-010-9393-7,0
10.1007/s11243-011-9466-2,publisher_S,https://doi.org/10.1007/s11243-011-9466-2,0
10.1007/s11243-012-9610-7,publisher_S,https://doi.org/10.1007/s11243-012-9610-7,0
10.1007/s11243-012-9638-8,publisher_S,https://doi.org/10.1007/s11243-012-9638-8,0
10.1007/s11243-013-9744-2,publisher_S,https://doi.org/10.1007/s11243-013-9744-2,0
10.1007/s11243-013-9760-2,publisher_S,https://doi.org/10.1007/s11243-013-9760-2,0
10.1007/s11243-015-0007-2,publisher_S,https://doi.org/10.1007/s11243-015-0007-2,0
10.1007/s11243-015-9964-8,publisher_S,https://doi.org/10.1007/s11243-015-9964-8,0
10.1007/s11243-017-0144-x,publisher_S,https://doi.org/10.1007/s11243-017-0144-x,0
10.1007/s11243-017-0156-6,publisher_S,https://doi.org/10.1007/s11243-017-0156-6,0
10.1007/s11243-017-0187-z,publisher_S,https://doi.org/10.1007/s11243-017-0187-z,0
10.1007/s11243-018-0206-8,publisher_S,https://doi.org/10.1007/s11243-018-0206-8,0
10.1007/s11243-018-0231-7,publisher_S,https://doi.org/10.1007/s11243-018-0231-7,0
10.1007/s11243-018-0235-3,publisher_S,https://doi.org/10.1007/s11243-018-0235-3,0
10.1007/s11243-018-0239-z,publisher_S,https://doi.org/10.1007/s11243-018-0239-z,0
10.1007/s11243-018-0247-z,publisher_S,https://doi.org/10.1007/s11243-018-0247-z,0
10.1007/s11243-018-0266-9,publisher_S,https://doi.org/10.1007/s11243-018-0266-9,0
10.1007/s11243-018-0272-y,publisher_S,https://doi.org/10.1007/s11243-018-0272-y,0
10.1007/s11243-019-00328-0,publisher_S,https://doi.org/10.1007/s11243-019-00328-0,0
10.1007/s11243-019-00364-w,publisher_S,https://doi.org/10.1007/s11243-019-00364-w,0
10.1007/s11243-020-00432-6,publisher_S,https://doi.org/10.1007/s11243-020-00432-6,0
10.1007/s11243-020-00433-5,publisher_S,https://doi.org/10.1007/s11243-020-00433-5,0
10.1007/s11243-023-00521-2,publisher_S,https://doi.org/10.1007/s11243-023-00521-2,0
10.1007/s11243-023-00522-1,publisher_S,https://doi.org/10.1007/s11243-023-00522-1,0
10.1007/s11243-023-00530-1,publisher_S,https://doi.org/10.1007/s11243-023-00530-1,0
10.1007/s11243-024-00585-8,publisher_S,https://doi.org/10.1007/s11243-024-00585-8,0
10.1007/s11243-024-00611-9,publisher_S,https://doi.org/10.1007/s11243-024-00611-9,0
10.1007/s11244-020-01271-6,publisher_S,https://doi.org/10.1007/s11244-020-01271-6,0
10.1007/s11244-022-01732-0,publisher_S,https://doi.org/10.1007/s11244-022-01732-0,0
10.1007/s11244-025-02120-0,publisher_S,https://doi.org/10.1007/s11244-025-02120-0,0
10.1007/s11581-021-03987-1,publisher_S,https://doi.org/10.1007/s11581-021-03987-1,0
10.1007/s11581-024-05414-7,publisher_S,https://doi.org/10.1007/s11581-024-05414-7,0
10.1007/s11581-024-05601-6,publisher_S,https://doi.org/10.1007/s11581-024-05601-6,0
10.1007/s11664-016-4969-4,publisher_S,https://doi.org/10.1007/s11664-016-4969-4,0
10.1007/s11664-017-5559-9,publisher_S,https://doi.org/10.1007/s11664-017-5559-9,0
10.1007/s11664-018-6622-x,publisher_S,https://doi.org/10.1007/s11664-018-6622-x,0
10.1007/s11696-017-0297-2,publisher_S,https://doi.org/10.1007/s11696-017-0297-2,0
10.1007/s11696-019-00692-2,publisher_S,https://doi.org/10.1007/s11696-019-00692-2,0
10.1007/s11696-020-01068-7,publisher_S,https://doi.org/10.1007/s11696-020-01068-7,0
10.1007/s13738-014-0437-3,publisher_S,https://doi.org/10.1007/s13738-014-0437-3,0
10.1007/s13738-014-0482-y,publisher_S,https://doi.org/10.1007/s13738-014-0482-y,0
10.1007/s13738-015-0692-y,publisher_S,https://doi.org/10.1007/s13738-015-0692-y,0
10.1007/s13738-018-1367-2,publisher_S,https://doi.org/10.1007/s13738-018-1367-2,0
10.1007/s13738-018-1515-8,publisher_S,https://doi.org/10.1007/s13738-018-1515-8,0
10.1007/s13738-018-1517-6,publisher_S,https://doi.org/10.1007/s13738-018-1517-6,0
10.1007/s13738-019-01672-9,publisher_S,https://doi.org/10.1007/s13738-019-01672-9,0
10.1007/s13738-019-01746-8,publisher_S,https://doi.org/10.1007/s13738-019-01746-8,0
10.1007/s13738-020-01931-0,publisher_S,https://doi.org/10.1007/s13738-020-01931-0,0
10.1007/s13738-020-01975-2,publisher_S,https://doi.org/10.1007/s13738-020-01975-2,0
10.1007/s13738-020-02032-8,publisher_S,https://doi.org/10.1007/s13738-020-02032-8,0
10.1007/s13738-020-02109-4,publisher_S,https://doi.org/10.1007/s13738-020-02109-4,0
10.1007/s13738-020-02143-2,publisher_S,https://doi.org/10.1007/s13738-020-02143-2,0
10.1007/s13738-021-02297-7,publisher_S,https://doi.org/10.1007/s13738-021-02297-7,0
10.1007/s42114-024-01021-2,publisher_S,https://doi.org/10.1007/s42114-024-01021-2,0
10.1007/s42823-022-00370-6,publisher_S,https://doi.org/10.1007/s42823-022-00370-6,0
10.1007/s43207-025-00521-1,publisher_S,https://doi.org/10.1007/s43207-025-00521-1,0
10.1016/j.aca.2017.08.048,publisher_E,https://doi.org/10.1016/j.aca.2017.08.048,1
10.1016/j.aca.2021.339247,publisher_E,https://doi.org/10.1016/j.aca.2021.339247,1
10.1016/j.aca.2022.339806,publisher_E,https://doi.org/10.1016/j.aca.2022.339806,1
10.1016/j.aca.2024.342211,publisher_E,https://doi.org/10.1016/j.aca.2024.342211,1
10.1016/j.aca.2024.342865,publisher_E,https://doi.org/10.1016/j.aca.2024.342865,1
10.1016/j.aca.2024.342961,publisher_E,https://doi.org/10.1016/j.aca.2024.342961,1
10.1016/j.aca.2025.343708,publisher_E,https://doi.org/10.1016/j.aca.2025.343708,1
10.1016/j.aca.2025.343915,publisher_E,https://doi.org/10.1016/j.aca.2025.343915,1
10.1016/j.actbio.2017.01.039,publisher_E,https://doi.org/10.1016/j.actbio.2017.01.039,1
10.1016/j.addma.2020.101774,publisher_E,https://doi.org/10.1016/j.addma.2020.101774,1
10.1016/j.apcata.2013.05.034,publisher_E,https://doi.org/10.1016/j.apcata.2013.05.034,1
10.1016/j.apcata.2013.09.011,publisher_E,https://doi.org/10.1016/j.apcata.2013.09.011,1
10.1016/j.apcata.2014.11.009,publisher_E,https://doi.org/10.1016/j.apcata.2014.11.009,1
10.1016/j.apcata.2015.08.028,publisher_E,https://doi.org/10.1016/j.apcata.2015.08.028,1
10.1016/j.apcata.2018.02.007,publisher_E,https://doi.org/10.1016/j.apcata.2018.02.007,1
10.1016/j.apcata.2018.04.020,publisher_E,https://doi.org/10.1016/j.apcata.2018.04.020,1
10.1016/j.apcata.2018.04.038,publisher_E,https://doi.org/10.1016/j.apcata.2018.04.038,1
10.1016/j.apcata.2018.11.035,publisher_E,https://doi.org/10.1016/j.apcata.2018.11.035,1
10.1016/j.apcata.2019.117190,publisher_E,https://doi.org/10.1016/j.apcata.2019.117190,1
10.1016/j.apcata.2019.117225,publisher_E,https://doi.org/10.1016/j.apcata.2019.117225,1
10.1016/j.apcata.2020.117965,publisher_E,https://doi.org/10.1016/j.apcata.2020.117965,1
10.1016/j.apcata.2021.118212,publisher_E,https://doi.org/10.1016/j.apcata.2021.118212,1
10.1016/j.apcata.2021.118307,publisher_E,https://doi.org/10.1016/j.apcata.2021.118307,1
10.1016/j.apcata.2024.119773,publisher_E,https://doi.org/10.1016/j.apcata.2024.119773,1
10.1016/j.apcata.2024.119902,publisher_E,https://doi.org/10.1016/j.apcata.2024.119902,1
10.1016/j.apcatb.2019.01.033,publisher_E,https://doi.org/10.1016/j.apcatb.2019.01.033,1
10.1016/j.apcatb.2019.117746,publisher_E,https://doi.org/10.1016/j.apcatb.2019.117746,1
10.1016/j.apcatb.2019.117979,publisher_E,https://doi.org/10.1016/j.apcatb.2019.117979,1
10.1016/j.apcatb.2019.118047,publisher_E,https://doi.org/10.1016/j.apcatb.2019.118047,1
10.1016/j.apcatb.2021.119941,publisher_E,https://doi.org/10.1016/j.apcatb.2021.119941,1
10.1016/j.apcatb.2021.120815,publisher_E,https://doi.org/10.1016/j.apcatb.2021.120815,1
10.1016/j.apcatb.2021.120885,publisher_E,https://doi.org/10.1016/j.apcatb.2021.120885,1
10.1016/j.apcatb.2021.120888,publisher_E,https://doi.org/10.1016/j.apcatb.2021.120888,1
10.1016/j.apcatb.2022.121163,publisher_E,https://doi.org/10.1016/j.apcatb.2022.121163,1
10.1016/j.apcatb.2022.122134,publisher_E,https://doi.org/10.1016/j.apcatb.2022.122134,1
10.1016/j.apcatb.2023.122418,publisher_E,https://doi.org/10.1016/j.apcatb.2023.122418,1
10.1016/j.apcatb.2023.123094,publisher_E,https://doi.org/10.1016/j.apcatb.2023.123094,1
10.1016/j.apcatb.2023.123199,publisher_E,https://doi.org/10.1016/j.apcatb.2023.123199,1
10.1016/j.apcatb.2024.124687,publisher_E,https://doi.org/10.1016/j.apcatb.2024.124687,1
10.1016/j.apmt.2020.100604,publisher_E,https://doi.org/10.1016/j.apmt.2020.100604,1
10.1016/j.apmt.2020.100613,publisher_E,https://doi.org/10.1016/j.apmt.2020.100613,1
10.1016/j.apmt.2020.100745,publisher_E,https://doi.org/10.1016/j.apmt.2020.100745,1
10.1016/j.apmt.2020.100817,publisher_E,https://doi.org/10.1016/j.apmt.2020.100817,1
10.1016/j.apmt.2024.102208,publisher_E,https://doi.org/10.1016/j.apmt.2024.102208,1
10.1016/j.apmt.2024.102407,publisher_E,https://doi.org/10.1016/j.apmt.2024.102407,1
10.1016/j.apsusc.2010.11.032,publisher_E,https://doi.org/10.1016/j.apsusc.2010.11.032,1
10.1016/j.apsusc.2013.07.068,publisher_E,https://doi.org/10.1016/j.apsusc.2013.07.068,1
10.1016/j.apsusc.2014.07.023,publisher_E,https://doi.org/10.1016/j.apsusc.2014.07.023,1
10.1016/j.apsusc.2016.08.111,publisher_E,https://doi.org/10.1016/j.apsusc.2016.08.111,1
10.1016/j.apsusc.2016.10.071,publisher_E,https://doi.org/10.1016/j.apsusc.2016.10.071,1
10.1016/j.apsusc.2017.01.075,publisher_E,https://doi.org/10.1016/j.apsusc.2017.01.075,1
10.1016/j.apsusc.2017.01.271,publisher_E,https://doi.org/10.1016/j.apsusc.2017.01.271,1
10.1016/j.apsusc.2017.10.047,publisher_E,https://doi.org/10.1016/j.apsusc.2017.10.047,1
10.1016/j.apsusc.2017.11.096,publisher_E,https://doi.org/10.1016/j.apsusc.2017.11.096,1
10.1016/j.apsusc.2018.01.258,publisher_E,https://doi.org/10.1016/j.apsusc.2018.01.258,1
10.1016/j.apsusc.2020.146511,publisher_E,https://doi.org/10.1016/j.apsusc.2020.146511,1
10.1016/j.apsusc.2020.147714,publisher_E,https://doi.org/10.1016/j.apsusc.2020.147714,1
10.1016/j.apsusc.2020.148731,publisher_E,https://doi.org/10.1016/j.apsusc.2020.148731,1
10.1016/j.apsusc.2021.151558,publisher_E,https://doi.org/10.1016/j.apsusc.2021.151558,1
10.1016/j.apsusc.2021.151996,publisher_E,https://doi.org/10.1016/j.apsusc.2021.151996,1
10.1016/j.apsusc.2022.155772,publisher_E,https://doi.org/10.1016/j.apsusc.2022.155772,1
10.1016/j.apsusc.2024.159348,publisher_E,https://doi.org/10.1016/j.apsusc.2024.159348,1
10.1016/j.arabjc.2017.01.012,publisher_E,https://doi.org/10.1016/j.arabjc.2017.01.012,0
10.1016/j.arabjc.2018.07.004,publisher_E,https://doi.org/10.1016/j.arabjc.2018.07.004,0
10.1016/j.arabjc.2018.07.012,publisher_E,https://doi.org/10.1016/j.arabjc.2018.07.012,0
10.1016/j.arabjc.2020.02.020,publisher_E,https://doi.org/10.1016/j.arabjc.2020.02.020,0
10.1016/j.arabjc.2022.104141,publisher_E,https://doi.org/10.1016/j.arabjc.2022.104141,0
10.1016/j.arabjc.2024.105722,publisher_E,https://doi.org/10.1016/j.arabjc.2024.105722,0
10.1016/j.bioadv.2022.213070,publisher_E,https://doi.org/10.1016/j.bioadv.2022.213070,1
10.1016/j.biomaterials.2024.122755,publisher_E,https://doi.org/10.1016/j.biomaterials.2024.122755,1
10.1016/j.bios.2021.112999,publisher_E,https://doi.org/10.1016/j.bios.2021.112999,1
10.1016/j.cap.2017.11.014,publisher_E,https://doi.org/10.1016/j.cap.2017.11.014,1
10.1016/j.carbon.2010.09.059,unmapped,https://doi.org/10.1016/j.carbon.2010.09.059,0
10.1016/j.carbpol.2018.12.066,publisher_E,https://doi.org/10.1016/j.carbpol.2018.12.066,1
10.1016/j.carbpol.2019.02.044,publisher_E,https://doi.org/10.1016/j.carbpol.2019.02.044,1
10.1016/j.carbpol.2019.03.011,publisher_E,https://doi.org/10.1016/j.carbpol.2019.03.011,1
10.1016/j.carbpol.2020.116955,publisher_E,https://doi.org/10.1016/j.carbpol.2020.116955,1
10.1016/j.carbpol.2022.120516,publisher_E,https://doi.org/10.1016/j.carbpol.2022.120516,1
10.1016/j.carbpol.2023.121750,publisher_E,https://doi.org/10.1016/j.carbpol.2023.121750,1
10.1016/j.carbpol.2025.123250,publisher_E,https://doi.org/10.1016/j.carbpol.2025.123250,1
10.1016/j.catcom.2010.12.010,publisher_E,https://doi.org/10.1016/j.catcom.2010.12.010,1
10.1016/j.catcom.2013.10.016,publisher_E,https://doi.org/10.1016/j.catcom.2013.10.016,1
10.1016/j.catcom.2017.04.041,publisher_E,https://doi.org/10.1016/j.catcom.2017.04.041,1
10.1016/j.catcom.2017.06.026,publisher_E,https://doi.org/10.1016/j.catcom.2017.06.026,1
10.1016/j.catcom.2017.07.012,publisher_E,https://doi.org/10.1016/j.catcom.2017.07.012,1
10.1016/j.catcom.2017.08.015,publisher_E,https://doi.org/10.1016/j.catcom.2017.08.015,1
10.1016/j.catcom.2018.08.020,publisher_E,https://doi.org/10.1016/j.catcom.2018.08.020,1
10.1016/j.catcom.2018.11.009,publisher_E,https://doi.org/10.1016/j.catcom.2018.11.009,1
10.1016/j.catcom.2020.106032,publisher_E,https://doi.org/10.1016/j.catcom.2020.106032,1
10.1016/j.catcom.2021.106367,publisher_E,https://doi.org/10.1016/j.catcom.2021.106367,1
10.1016/j.cattod.2006.09.003,publisher_E,https://doi.org/10.1016/j.cattod.2006.09.003,1
10.1016/j.cattod.2011.03.017,publisher_E,https://doi.org/10.1016/j.cattod.2011.03.017,1
10.1016/j.cattod.2012.08.044,publisher_E,https://doi.org/10.1016/j.cattod.2012.08.044,1
10.1016/j.cattod.2013.09.064,publisher_E,https://doi.org/10.1016/j.cattod.2013.09.064,1
10.1016/j.cattod.2014.05.022,publisher_E,https://doi.org/10.1016/j.cattod.2014.05.022,1
10.1016/j.cattod.2014.05.041,publisher_E,https://doi.org/10.1016/j.cattod.2014.05.041,1
10.1016/j.cattod.2015.08.030,publisher_E,https://doi.org/10.1016/j.cattod.2015.08.030,1
10.1016/j.cattod.2017.10.022,publisher_E,https://doi.org/10.1016/j.cattod.2017.10.022,1
10.1016/j.cattod.2019.01.050,publisher_E,https://doi.org/10.1016/j.cattod.2019.01.050,1
10.1016/j.cattod.2019.12.036,publisher_E,https://doi.org/10.1016/j.cattod.2019.12.036,1
10.1016/j.cattod.2019.12.038,publisher_E,https://doi.org/10.1016/j.cattod.2019.12.038,1
10.1016/j.cattod.2021.08.025,publisher_E,https://doi.org/10.1016/j.cattod.2021.08.025,1
10.1016/j.cattod.2021.09.028,publisher_E,https://doi.org/10.1016/j.cattod.2021.09.028,1
10.1016/j.cattod.2021.10.007,publisher_E,https://doi.org/10.1016/j.cattod.2021.10.007,1
10.1016/j.cattod.2021.10.019,publisher_E,https://doi.org/10.1016/j.cattod.2021.10.019,1
10.1016/j.cattod.2021.11.004,publisher_E,https://doi.org/10.1016/j.cattod.2021.11.004,1
10.1016/j.cattod.2021.11.037,publisher_E,https://doi.org/10.1016/j.cattod.2021.11.037,1
10.1016/j.cattod.2022.05.001,publisher_E,https://doi.org/10.1016/j.cattod.2022.05.001,1
10.1016/j.cattod.2024.114705,publisher_E,https://doi.org/10.1016/j.cattod.2024.114705,1
10.1016/j.cattod.2024.114988,publisher_E,https://doi.org/10.1016/j.cattod.2024.114988,1
10.1016/j.cclet.2013.05.001,publisher_E,https://doi.org/10.1016/j.cclet.2013.05.001,1
10.1016/j.cclet.2013.06.025,publisher_E,https://doi.org/10.1016/j.cclet.2013.06.025,1
10.1016/j.cclet.2013.11.031,publisher_E,https://doi.org/10.1016/j.cclet.2013.11.031,1
10.1016/j.cclet.2014.05.026,publisher_E,https://doi.org/10.1016/j.cclet.2014.05.026,1
10.1016/j.cclet.2014.10.022,publisher_E,https://doi.org/10.1016/j.cclet.2014.10.022,1
10.1016/j.cclet.2015.12.034,publisher_E,https://doi.org/10.1016/j.cclet.2015.12.034,1
10.1016/j.cclet.2017.09.043,publisher_E,https://doi.org/10.1016/j.cclet.2017.09.043,1
10.1016/j.cclet.2017.10.003,publisher_E,https://doi.org/10.1016/j.cclet.2017.10.003,1
10.1016/j.cclet.2017.12.026,publisher_E,https://doi.org/10.1016/j.cclet.2017.12.026,1
10.1016/j.cclet.2019.04.030,publisher_E,https://doi.org/10.1016/j.cclet.2019.04.030,1
10.1016/j.cclet.2019.05.005,publisher_E,https://doi.org/10.1016/j.cclet.2019.05.005,1
10.1016/j.cclet.2020.02.044,publisher_E,https://doi.org/10.1016/j.cclet.2020.02.044,1
10.1016/j.cclet.2020.04.044,publisher_E,https://doi.org/10.1016/j.cclet.2020.04.044,1
10.1016/j.cclet.2021.06.048,publisher_E,https://doi.org/10.1016/j.cclet.2021.06.048,1
10.1016/j.cclet.2021.07.007,publisher_E,https://doi.org/10.1016/j.cclet.2021.07.007,1
10.1016/j.cclet.2021.10.048,publisher_E,https://doi.org/10.1016/j.cclet.2021.10.048,1
10.1016/j.cclet.2022.107814,publisher_E,https://doi.org/10.1016/j.cclet.2022.107814,1
10.1016/j.cclet.2023.108587,publisher_E,https://doi.org/10.1016/j.cclet.2023.108587,1
10.1016/j.cclet.2023.109120,publisher_E,https://doi.org/10.1016/j.cclet.2023.109120,1
10.1016/j.cclet.2024.109985,publisher_E,https://doi.org/10.1016/j.cclet.2024.109985,1
10.1016/j.ceramint.2023.01.204,publisher_E,https://doi.org/10.1016/j.ceramint.2023.01.204,1
10.1016/j.ceramint.2024.12.458,publisher_E,https://doi.org/10.1016/j.ceramint.2024.12.458,1
10.1016/j.chemphys.2018.06.003,publisher_E,https://doi.org/10.1016/j.chemphys.2018.06.003,1
10.1016/j.chemphys.2019.110655,publisher_E,https://doi.org/10.1016/j.chemphys.2019.110655,1
10.1016/j.chempr.2017.09.002,unmapped,https://doi.org/10.1016/j.chempr.2017.09.002,0
10.1016/j.chempr.2018.03.013,unmapped,https://doi.org/10.1016/j.chempr.2018.03.013,0
10.1016/j.chempr.2021.10.027,unmapped,https://doi.org/10.1016/j.chempr.2021.10.027,0
10.1016/j.chempr.2022.03.023,unmapped,https://doi.org/10.1016/j.chempr.2022.03.023,0
10.1016/j.chempr.2024.03.030,unmapped,https://doi.org/10.1016/j.chempr.2024.03.030,0
10.1016/j.chroma.2016.09.057,publisher_E,https://doi.org/10.1016/j.chroma.2016.09.057,1
10.1016/j.chroma.2017.04.037,publisher_E,https://doi.org/10.1016/j.chroma.2017.04.037,1
10.1016/j.chroma.2017.05.031,publisher_E,https://doi.org/10.1016/j.chroma.2017.05.031,1
10.1016/j.chroma.2020.461580,publisher_E,https://doi.org/10.1016/j.chroma.2020.461580,1
10.1016/j.chroma.2020.461857,publisher_E,https://doi.org/10.1016/j.chroma.2020.461857,1
10.1016/j.chroma.2023.464164,publisher_E,https://doi.org/10.1016/j.chroma.2023.464164,1
10.1016/j.chroma.2023.464377,publisher_E,https://doi.org/10.1016/j.chroma.2023.464377,1
10.1016/j.cjsc.2023.100125,publisher_E,https://doi.org/10.1016/j.cjsc.2023.100125,1
10.1016/j.clay.2021.106371,publisher_E,https://doi.org/10.1016/j.clay.2021.106371,1
10.1016/j.coco.2019.12.008,publisher_E,https://doi.org/10.1016/j.coco.2019.12.008,1
10.1016/j.colsurfa.2012.11.067,publisher_E,https://doi.org/10.1016/j.colsurfa.2012.11.067,1
10.1016/j.colsurfa.2018.05.014,publisher_E,https://doi.org/10.1016/j.colsurfa.2018.05.014,1
10.1016/j.colsurfa.2019.02.025,publisher_E,https://doi.org/10.1016/j.colsurfa.2019.02.025,1
10.1016/j.colsurfa.2019.123645,publisher_E,https://doi.org/10.1016/j.colsurfa.2019.123645,1
10.1016/j.colsurfa.2020.124781,publisher_E,https://doi.org/10.1016/j.colsurfa.2020.124781,1
10.1016/j.colsurfa.2020.125157,publisher_E,https://doi.org/10.1016/j.colsurfa.2020.125157,1
10.1016/j.colsurfa.2020.125236,publisher_E,https://doi.org/10.1016/j.colsurfa.2020.125236,1
10.1016/j.colsurfa.2020.125330,publisher_E,https://doi.org/10.1016/j.colsurfa.2020.125330,1
10.1016/j.colsurfa.2021.127089,publisher_E,https://doi.org/10.1016/j.colsurfa.2021.127089,1
10.1016/j.colsurfa.2021.127704,publisher_E,https://doi.org/10.1016/j.colsurfa.2021.127704,1
10.1016/j.colsurfa.2022.128421,publisher_E,https://doi.org/10.1016/j.colsurfa.2022.128421,1
10.1016/j.colsurfa.2022.129477,publisher_E,https://doi.org/10.1016/j.colsurfa.2022.129477,1
10.1016/j.colsurfa.2022.130751,publisher_E,https://doi.org/10.1016/j.colsurfa.2022.130751,1
10.1016/j.colsurfa.2023.132472,publisher_E,https://doi.org/10.1016/j.colsurfa.2023.132472,1
10.1016/j.colsurfa.2023.133032,publisher_E,https://doi.org/10.1016/j.colsurfa.2023.133032,1
10.1016/j.colsurfa.2024.133596,publisher_E,https://doi.org/10.1016/j.colsurfa.2024.133596,1
10.1016/j.colsurfa.2024.134323,publisher_E,https://doi.org/10.1016/j.colsurfa.2024.134323,1
10.1016/j.colsurfa.2024.135058,publisher_E,https://doi.org/10.1016/j.colsurfa.2024.135058,1
10.1016/j.colsurfa.2024.135179,publisher_E,https://doi.org/10.1016/j.colsurfa.2024.135179,1
10.1016/j.colsurfa.2024.135418,publisher_E,https://doi.org/10.1016/j.colsurfa.2024.135418,1
10.1016/j.colsurfa.2024.135642,publisher_E,https://doi.org/10.1016/j.colsurfa.2024.135642,1
10.1016/j.colsurfa.2025.136754,publisher_E,https://doi.org/10.1016/j.colsurfa.2025.136754,1
10.1016/j.colsurfb.2020.110837,publisher_E,https://doi.org/10.1016/j.colsurfb.2020.110837,1
10.1016/j.colsurfb.2021.112147,publisher_E,https://doi.org/10.1016/j.colsurfb.2021.112147,1
10.1016/j.colsurfb.2023.113246,publisher_E,https://doi.org/10.1016/j.colsurfb.2023.113246,1
10.1016/j.cplett.2009.03.083,publisher_E,https://doi.org/10.1016/j.cplett.2009.03.083,1
10.1016/j.cplett.2020.137283,publisher_E,https://doi.org/10.1016/j.cplett.2020.137283,1
10.1016/j.cplett.2021.138469,publisher_E,https://doi.org/10.1016/j.cplett.2021.138469,1
10.1016/j.cplett.2021.138690,publisher_E,https://doi.org/10.1016/j.cplett.2021.138690,1
10.1016/j.cplett.2022.139859,publisher_E,https://doi.org/10.1016/j.cplett.2022.139859,1
10.1016/j.cplett.2024.141089,publisher_E,https://doi.org/10.1016/j.cplett.2024.141089,1
10.1016/j.dyepig.2013.05.004,publisher_E,https://doi.org/10.1016/j.dyepig.2013.05.004,1
10.1016/j.dyepig.2014.01.032,publisher_E,https://doi.org/10.1016/j.dyepig.2014.01.032,1
10.1016/j.dyepig.2014.06.010,publisher_E,https://doi.org/10.1016/j.dyepig.2014.06.010,1
10.1016/j.dyepig.2015.03.037,publisher_E,https://doi.org/10.1016/j.dyepig.2015.03.037,1
10.1016/j.dyepig.2015.06.035,publisher_E,https://doi.org/10.1016/j.dyepig.2015.06.035,1
10.1016/j.dyepig.2015.09.024,publisher_E,https://doi.org/10.1016/j.dyepig.2015.09.024,1
10.1016/j.dyepig.2016.03.027,publisher_E,https://doi.org/10.1016/j.dyepig.2016.03.027,1
10.1016/j.dyepig.2019.04.008,publisher_E,https://doi.org/10.1016/j.dyepig.2019.04.008,1
10.1016/j.dyepig.2019.107565,publisher_E,https://doi.org/10.1016/j.dyepig.2019.107565,1
10.1016/j.dyepig.2019.108035,publisher_E,https://doi.org/10.1016/j.dyepig.2019.108035,1
10.1016/j.dyepig.2019.108159,publisher_E,https://doi.org/10.1016/j.dyepig.2019.108159,1
10.1016/j.dyepig.2020.108638,publisher_E,https://doi.org/10.1016/j.dyepig.2020.108638,1
10.1016/j.dyepig.2020.108834,publisher_E,https://doi.org/10.1016/j.dyepig.2020.108834,1
10.1016/j.dyepig.2020.109068,publisher_E,https://doi.org/10.1016/j.dyepig.2020.109068,1
10.1016/j.dyepig.2021.109809,publisher_E,https://doi.org/10.1016/j.dyepig.2021.109809,1
10.1016/j.dyepig.2021.109812,publisher_E,https://doi.org/10.1016/j.dyepig.2021.109812,1
10.1016/j.dyepig.2021.110000,publisher_E,https://doi.org/10.1016/j.dyepig.2021.110000,1
10.1016/j.dyepig.2022.110253,publisher_E,https://doi.org/10.1016/j.dyepig.2022.110253,1
10.1016/j.dyepig.2022.110438,publisher_E,https://doi.org/10.1016/j.dyepig.2022.110438,1
10.1016/j.dyepig.2022.110648,publisher_E,https://doi.org/10.1016/j.dyepig.2022.110648,1
10.1016/j.dyepig.2023.111673,publisher_E,https://doi.org/10.1016/j.dyepig.2023.111673,1
10.1016/j.dyepig.2024.112600,publisher_E,https://doi.org/10.1016/j.dyepig.2024.112600,1
10.1016/j.dyepig.2025.112953,publisher_E,https://doi.org/10.1016/j.dyepig.2025.112953,1
10.1016/j.foodchem.2021.131760,publisher_E,https://doi.org/10.1016/j.foodchem.2021.131760,1
10.1016/j.foodchem.2022.134134,publisher_E,https://doi.org/10.1016/j.foodchem.2022.134134,1
10.1016/j.foodchem.2022.134248,publisher_E,https://doi.org/10.1016/j.foodchem.2022.134248,1
10.1016/j.foodchem.2023.136000,publisher_E,https://doi.org/10.1016/j.foodchem.2023.136000,1
10.1016/j.foodchem.2024.139272,publisher_E,https://doi.org/10.1016/j.foodchem.2024.139272,1
10.1016/j.fuproc.2022.107250,publisher_E,https://doi.org/10.1016/j.fuproc.2022.107250,1
10.1016/j.ica.2004.01.003,publisher_E,https://doi.org/10.1016/j.ica.2004.01.003,1
10.1016/j.ica.2004.03.019,publisher_E,https://doi.org/10.1016/j.ica.2004.03.019,1
10.1016/j.ica.2004.05.016,publisher_E,https://doi.org/10.1016/j.ica.2004.05.016,1
10.1016/j.ica.2004.05.037,publisher_E,https://doi.org/10.1016/j.ica.2004.05.037,1
10.1016/j.ica.2004.07.029,publisher_E,https://doi.org/10.1016/j.ica.2004.07.029,1
10.1016/j.ica.2004.10.033,publisher_E,https://doi.org/10.1016/j.ica.2004.10.033,1
10.1016/j.ica.2005.07.040,publisher_E,https://doi.org/10.1016/j.ica.2005.07.040,1
10.1016/j.ica.2006.10.023,publisher_E,https://doi.org/10.1016/j.ica.2006.10.023,1
10.1016/j.ica.2007.02.038,publisher_E,https://doi.org/10.1016/j.ica.2007.02.038,1
10.1016/j.ica.2007.04.035,publisher_E,https://doi.org/10.1016/j.ica.2007.04.035,1
10.1016/j.ica.2007.05.014,publisher_E,https://doi.org/10.1016/j.ica.2007.05.014,1
10.1016/j.ica.2007.05.049,publisher_E,https://doi.org/10.1016/j.ica.2007.05.049,1
10.1016/j.ica.2007.06.005,publisher_E,https://doi.org/10.1016/j.ica.2007.06.005,1
10.1016/j.ica.2007.09.034,publisher_E,https://doi.org/10.1016/j.ica.2007.09.034,1
10.1016/j.ica.2007.10.043,publisher_E,https://doi.org/10.1016/j.ica.2007.10.043,1
10.1016/j.ica.2008.03.103,publisher_E,https://doi.org/10.1016/j.ica.2008.03.103,1
10.1016/j.ica.2008.03.108,publisher_E,https://doi.org/10.1016/j.ica.2008.03.108,1
10.1016/j.ica.2008.04.044,publisher_E,https://doi.org/10.1016/j.ica.2008.04.044,1
10.1016/j.ica.2008.08.025,publisher_E,https://doi.org/10.1016/j.ica.2008.08.025,1
10.1016/j.ica.2008.08.032,publisher_E,https://doi.org/10.1016/j.ica.2008.08.032,1
10.1016/j.ica.2008.09.008,publisher_E,https://doi.org/10.1016/j.ica.2008.09.008,1
10.1016/j.ica.2008.10.008,publisher_E,https://doi.org/10.1016/j.ica.2008.10.008,1
10.1016/j.ica.2008.10.015,publisher_E,https://doi.org/10.1016/j.ica.2008.10.015,1
10.1016/j.ica.2008.11.031,publisher_E,https://doi.org/10.1016/j.ica.2008.11.031,1
10.1016/j.ica.2008.12.008,publisher_E,https://doi.org/10.1016/j.ica.2008.12.008,1
10.1016/j.ica.2009.01.010,publisher_E,https://doi.org/10.1016/j.ica.2009.01.010,1
10.1016/j.ica.2009.01.042,publisher_E,https://doi.org/10.1016/j.ica.2009.01.042,1
10.1016/j.ica.2009.02.040,publisher_E,https://doi.org/10.1016/j.ica.2009.02.040,1
10.1016/j.ica.2009.03.017,publisher_E,https://doi.org/10.1016/j.ica.2009.03.017,1
10.1016/j.ica.2009.03.023,publisher_E,https://doi.org/10.1016/j.ica.2009.03.023,1
10.1016/j.ica.2009.04.036,publisher_E,https://doi.org/10.1016/j.ica.2009.04.036,1
10.1016/j.ica.2009.04.037,publisher_E,https://doi.org/10.1016/j.ica.2009.04.037,1
10.1016/j.ica.2009.06.053,publisher_E,https://doi.org/10.1016/j.ica.2009.06.053,1
10.1016/j.ica.2009.08.031,publisher_E,https://doi.org/10.1016/j.ica.2009.08.031,1
10.1016/j.ica.2009.09.022,publisher_E,https://doi.org/10.1016/j.ica.2009.09.022,1
10.1016/j.ica.2009.09.043,publisher_E,https://doi.org/10.1016/j.ica.2009.09.043,1
10.1016/j.ica.2009.10.001,publisher_E,https://doi.org/10.1016/j.ica.2009.10.001,1
10.1016/j.ica.2009.10.011,publisher_E,https://doi.org/10.1016/j.ica.2009.10.011,1
10.1016/j.ica.2009.10.024,publisher_E,https://doi.org/10.1016/j.ica.2009.10.024,1
10.1016/j.ica.2009.11.019,publisher_E,https://doi.org/10.1016/j.ica.2009.11.019,1
10.1016/j.ica.2009.12.044,publisher_E,https://doi.org/10.1016/j.ica.2009.12.044,1
10.1016/j.ica.2010.04.011,publisher_E,https://doi.org/10.1016/j.ica.2010.04.011,1
10.1016/j.ica.2010.04.021,publisher_E,https://doi.org/10.1016/j.ica.2010.04.021,1
10.1016/j.ica.2010.05.024,publisher_E,https://doi.org/10.1016/j.ica.2010.05.024,1
10.1016/j.ica.2010.05.026,publisher_E,https://doi.org/10.1016/j.ica.2010.05.026,1
10.1016/j.ica.2010.05.054,publisher_E,https://doi.org/10.1016/j.ica.2010.05.054,1
10.1016/j.ica.2010.05.055,publisher_E,https://doi.org/10.1016/j.ica.2010.05.055,1
10.1016/j.ica.2010.07.043,publisher_E,https://doi.org/10.1016/j.ica.2010.07.043,1
10.1016/j.ica.2010.08.007,publisher_E,https://doi.org/10.1016/j.ica.2010.08.007,1
10.1016/j.ica.2010.10.011,publisher_E,https://doi.org/10.1016/j.ica.2010.10.011,1
10.1016/j.ica.2010.12.053,publisher_E,https://doi.org/10.1016/j.ica.2010.12.053,1
10.1016/j.ica.2011.01.005,publisher_E,https://doi.org/10.1016/j.ica.2011.01.005,1
10.1016/j.ica.2011.01.019,publisher_E,https://doi.org/10.1016/j.ica.2011.01.019,1
10.1016/j.ica.2011.02.016,publisher_E,https://doi.org/10.1016/j.ica.2011.02.016,1
10.1016/j.ica.2011.02.083,publisher_E,https://doi.org/10.1016/j.ica.2011.02.083,1
10.1016/j.ica.2011.02.092,publisher_E,https://doi.org/10.1016/j.ica.2011.02.092,1
10.1016/j.ica.2011.03.072,publisher_E,https://doi.org/10.1016/j.ica.2011.03.072,1
10.1016/j.ica.2011.04.006,publisher_E,https://doi.org/10.1016/j.ica.2011.04.006,1
10.1016/j.ica.2011.04.029,publisher_E,https://doi.org/10.1016/j.ica.2011.04.029,1
10.1016/j.ica.2011.05.029,publisher_E,https://doi.org/10.1016/j.ica.2011.05.029,1
10.1016/j.ica.2011.06.016,publisher_E,https://doi.org/10.1016/j.ica.2011.06.016,1
10.1016/j.ica.2011.08.028,publisher_E,https://doi.org/10.1016/j.ica.2011.08.028,1
10.1016/j.ica.2011.09.049,publisher_E,https://doi.org/10.1016/j.ica.2011.09.049,1
10.1016/j.ica.2011.11.044,publisher_E,https://doi.org/10.1016/j.ica.2011.11.044,1
10.1016/j.ica.2011.11.057,publisher_E,https://doi.org/10.1016/j.ica.2011.11.057,1
10.1016/j.ica.2011.11.061,publisher_E,https://doi.org/10.1016/j.ica.2011.11.061,1
10.1016/j.ica.2011.12.006,publisher_E,https://doi.org/10.1016/j.ica.2011.12.006,1
10.1016/j.ica.2011.12.017,publisher_E,https://doi.org/10.1016/j.ica.2011.12.017,1
10.1016/j.ica.2011.12.018,publisher_E,https://doi.org/10.1016/j.ica.2011.12.018,1
10.1016/j.ica.2011.12.027,publisher_E,https://doi.org/10.1016/j.ica.2011.12.027,1
10.1016/j.ica.2011.12.030,publisher_E,https://doi.org/10.1016/j.ica.2011.12.030,1
10.1016/j.ica.2011.12.037,publisher_E,https://doi.org/10.1016/j.ica.2011.12.037,1
10.1016/j.ica.2012.01.011,publisher_E,https://doi.org/10.1016/j.ica.2012.01.011,1
10.1016/j.ica.2012.01.037,publisher_E,https://doi.org/10.1016/j.ica.2012.01.037,1
10.1016/j.ica.2012.01.041,publisher_E,https://doi.org/10.1016/j.ica.2012.01.041,1
10.1016/j.ica.2012.01.046,publisher_E,https://doi.org/10.1016/j.ica.2012.01.046,1
10.1016/j.ica.2012.01.056,publisher_E,https://doi.org/10.1016/j.ica.2012.01.056,1
10.1016/j.ica.2012.02.010,publisher_E,https://doi.org/10.1016/j.ica.2012.02.010,1
10.1016/j.ica.2012.02.014,publisher_E,https://doi.org/10.1016/j.ica.2012.02.014,1
10.1016/j.ica.2012.03.011,publisher_E,https://doi.org/10.1016/j.ica.2012.03.011,1
10.1016/j.ica.2012.04.039,publisher_E,https://doi.org/10.1016/j.ica.2012.04.039,1
10.1016/j.ica.2012.04.044,publisher_E,https://doi.org/10.1016/j.ica.2012.04.044,1
10.1016/j.ica.2012.05.019,publisher_E,https://doi.org/10.1016/j.ica.2012.05.019,1
10.1016/j.ica.2012.05.037,publisher_E,https://doi.org/10.1016/j.ica.2012.05.037,1
10.1016/j.ica.2012.06.034,publisher_E,https://doi.org/10.1016/j.ica.2012.06.034,1
10.1016/j.ica.2012.07.008,publisher_E,https://doi.org/10.1016/j.ica.2012.07.008,1
10.1016/j.ica.2012.08.006,publisher_E,https://doi.org/10.1016/j.ica.2012.08.006,1
10.1016/j.ica.2012.08.011,publisher_E,https://doi.org/10.1016/j.ica.2012.08.011,1
10.1016/j.ica.2012.08.012,publisher_E,https://doi.org/10.1016/j.ica.2012.08.012,1
10.1016/j.ica.2012.10.022,publisher_E,https://doi.org/10.1016/j.ica.2012.10.022,1
10.1016/j.ica.2012.10.023,publisher_E,https://doi.org/10.1016/j.ica.2012.10.023,1
10.1016/j.ica.2012.11.018,publisher_E,https://doi.org/10.1016/j.ica.2012.11.018,1
10.1016/j.ica.2012.11.019,publisher_E,https://doi.org/10.1016/j.ica.2012.11.019,1
10.1016/j.ica.2012.11.021,publisher_E,https://doi.org/10.1016/j.ica.2012.11.021,1
10.1016/j.ica.2013.02.016,publisher_E,https://doi.org/10.1016/j.ica.2013.02.016,1
10.1016/j.ica.2013.03.003,publisher_E,https://doi.org/10.1016/j.ica.2013.03.003,1
10.1016/j.ica.2013.03.012,publisher_E,https://doi.org/10.1016/j.ica.2013.03.012,1
10.1016/j.ica.2013.03.033,publisher_E,https://doi.org/10.1016/j.ica.2013.03.033,1
10.1016/j.ica.2013.03.041,publisher_E,https://doi.org/10.1016/j.ica.2013.03.041,1
10.1016/j.ica.2013.04.039,publisher_E,https://doi.org/10.1016/j.ica.2013.04.039,1
10.1016/j.ica.2013.05.015,publisher_E,https://doi.org/10.1016/j.ica.2013.05.015,1
10.1016/j.ica.2013.05.019,publisher_E,https://doi.org/10.1016/j.ica.2013.05.019,1
10.1016/j.ica.2013.06.013,publisher_E,https://doi.org/10.1016/j.ica.2013.06.013,1
10.1016/j.ica.2013.06.014,publisher_E,https://doi.org/10.1016/j.ica.2013.06.014,1
10.1016/j.ica.2013.07.013,publisher_E,https://doi.org/10.1016/j.ica.2013.07.013,1
10.1016/j.ica.2013.07.050,publisher_E,https://doi.org/10.1016/j.ica.2013.07.050,1
10.1016/j.ica.2013.07.059,publisher_E,https://doi.org/10.1016/j.ica.2013.07.059,1
10.1016/j.ica.2013.09.007,publisher_E,https://doi.org/10.1016/j.ica.2013.09.007,1
10.1016/j.ica.2013.10.034,publisher_E,https://doi.org/10.1016/j.ica.2013.10.034,1
10.1016/j.ica.2013.11.014,publisher_E,https://doi.org/10.1016/j.ica.2013.11.014,1
10.1016/j.ica.2013.12.002,publisher_E,https://doi.org/10.1016/j.ica.2013.12.002,1
10.1016/j.ica.2013.12.016,publisher_E,https://doi.org/10.1016/j.ica.2013.12.016,1
10.1016/j.ica.2013.12.037,publisher_E,https://doi.org/10.1016/j.ica.2013.12.037,1
10.1016/j.ica.2014.01.014,publisher_E,https://doi.org/10.1016/j.ica.2014.01.014,1
10.1016/j.ica.2014.01.037,publisher_E,https://doi.org/10.1016/j.ica.2014.01.037,1
10.1016/j.ica.2014.02.001,publisher_E,https://doi.org/10.1016/j.ica.2014.02.001,1
10.1016/j.ica.2014.04.009,publisher_E,https://doi.org/10.1016/j.ica.2014.04.009,1
10.1016/j.ica.2014.05.028,publisher_E,https://doi.org/10.1016/j.ica.2014.05.028,1
10.1016/j.ica.2014.08.053,publisher_E,https://doi.org/10.1016/j.ica.2014.08.053,1
10.1016/j.ica.2014.11.039,publisher_E,https://doi.org/10.1016/j.ica.2014.11.039,1
10.1016/j.ica.2014.12.002,publisher_E,https://doi.org/10.1016/j.ica.2014.12.002,1
10.1016/j.ica.2014.12.007,publisher_E,https://doi.org/10.1016/j.ica.2014.12.007,1
10.1016/j.ica.2014.12.010,publisher_E,https://doi.org/10.1016/j.ica.2014.12.010,1
10.1016/j.ica.2014.12.036,publisher_E,https://doi.org/10.1016/j.ica.2014.12.036,1
10.1016/j.ica.2015.01.004,publisher_E,https://doi.org/10.1016/j.ica.2015.01.004,1
10.1016/j.ica.2015.01.015,publisher_E,https://doi.org/10.1016/j.ica.2015.01.015,1
10.1016/j.ica.2015.02.010,publisher_E,https://doi.org/10.1016/j.ica.2015.02.010,1
10.1016/j.ica.2015.02.017,publisher_E,https://doi.org/10.1016/j.ica.2015.02.017,1
10.1016/j.ica.2015.03.011,publisher_E,https://doi.org/10.1016/j.ica.2015.03.011,1
10.1016/j.ica.2015.04.030,publisher_E,https://doi.org/10.1016/j.ica.2015.04.030,1
10.1016/j.ica.2015.08.015,publisher_E,https://doi.org/10.1016/j.ica.2015.08.015,1
10.1016/j.ica.2015.10.016,publisher_E,https://doi.org/10.1016/j.ica.2015.10.016,1
10.1016/j.ica.2015.12.010,publisher_E,https://doi.org/10.1016/j.ica.2015.12.010,1
10.1016/j.ica.2016.03.009,publisher_E,https://doi.org/10.1016/j.ica.2016.03.009,1
10.1016/j.ica.2016.03.048,publisher_E,https://doi.org/10.1016/j.ica.2016.03.048,1
10.1016/j.ica.2016.05.002,publisher_E,https://doi.org/10.1016/j.ica.2016.05.002,1
10.1016/j.ica.2016.05.042,publisher_E,https://doi.org/10.1016/j.ica.2016.05.042,1
10.1016/j.ica.2016.06.009,publisher_E,https://doi.org/10.1016/j.ica.2016.06.009,1
10.1016/j.ica.2016.07.001,publisher_E,https://doi.org/10.1016/j.ica.2016.07.001,1
10.1016/j.ica.2016.07.008,publisher_E,https://doi.org/10.1016/j.ica.2016.07.008,1
10.1016/j.ica.2016.07.022,publisher_E,https://doi.org/10.1016/j.ica.2016.07.022,1
10.1016/j.ica.2016.07.049,publisher_E,https://doi.org/10.1016/j.ica.2016.07.049,1
10.1016/j.ica.2016.08.001,publisher_E,https://doi.org/10.1016/j.ica.2016.08.001,1
10.1016/j.ica.2016.09.016,publisher_E,https://doi.org/10.1016/j.ica.2016.09.016,1
10.1016/j.ica.2016.09.044,publisher_E,https://doi.org/10.1016/j.ica.2016.09.044,1
10.1016/j.ica.2016.09.046,publisher_E,https://doi.org/10.1016/j.ica.2016.09.046,1
10.1016/j.ica.2016.10.016,publisher_E,https://doi.org/10.1016/j.ica.2016.10.016,1
10.1016/j.ica.2017.08.019,publisher_E,https://doi.org/10.1016/j.ica.2017.08.019,1
10.1016/j.ica.2017.08.030,publisher_E,https://doi.org/10.1016/j.ica.2017.08.030,1
10.1016/j.ica.2017.08.055,publisher_E,https://doi.org/10.1016/j.ica.2017.08.055,1
10.1016/j.ica.2017.09.019,publisher_E,https://doi.org/10.1016/j.ica.2017.09.019,1
10.1016/j.ica.2017.09.047,publisher_E,https://doi.org/10.1016/j.ica.2017.09.047,1
10.1016/j.ica.2017.10.001,publisher_E,https://doi.org/10.1016/j.ica.2017.10.001,1
10.1016/j.ica.2017.10.029,publisher_E,https://doi.org/10.1016/j.ica.2017.10.029,1
10.1016/j.ica.2017.10.034,publisher_E,https://doi.org/10.1016/j.ica.2017.10.034,1
10.1016/j.ica.2017.11.008,publisher_E,https://doi.org/10.1016/j.ica.2017.11.008,1
10.1016/j.ica.2017.11.030,publisher_E,https://doi.org/10.1016/j.ica.2017.11.030,1
10.1016/j.ica.2017.11.046,publisher_E,https://doi.org/10.1016/j.ica.2017.11.046,1
10.1016/j.ica.2017.11.048,publisher_E,https://doi.org/10.1016/j.ica.2017.11.048,1
10.1016/j.ica.2017.12.036,publisher_E,https://doi.org/10.1016/j.ica.2017.12.036,1
10.1016/j.ica.2018.03.014,publisher_E,https://doi.org/10.1016/j.ica.2018.03.014,1
10.1016/j.ica.2018.04.005,publisher_E,https://doi.org/10.1016/j.ica.2018.04.005,1
10.1016/j.ica.2018.05.002,publisher_E,https://doi.org/10.1016/j.ica.2018.05.002,1
10.1016/j.ica.2018.05.008,publisher_E,https://doi.org/10.1016/j.ica.2018.05.008,1
10.1016/j.ica.2018.05.011,publisher_E,https://doi.org/10.1016/j.ica.2018.05.011,1
10.1016/j.ica.2018.05.023,publisher_E,https://doi.org/10.1016/j.ica.2018.05.023,1
10.1016/j.ica.2018.06.027,publisher_E,https://doi.org/10.1016/j.ica.2018.06.027,1
10.1016/j.ica.2018.06.034,publisher_E,https://doi.org/10.1016/j.ica.2018.06.034,1
10.1016/j.ica.2018.06.038,publisher_E,https://doi.org/10.1016/j.ica.2018.06.038,1
10.1016/j.ica.2018.07.016,publisher_E,https://doi.org/10.1016/j.ica.2018.07.016,1
10.1016/j.ica.2018.07.030,publisher_E,https://doi.org/10.1016/j.ica.2018.07.030,1
10.1016/j.ica.2018.07.031,publisher_E,https://doi.org/10.1016/j.ica.2018.07.031,1
10.1016/j.ica.2018.07.047,publisher_E,https://doi.org/10.1016/j.ica.2018.07.047,1
10.1016/j.ica.2018.07.054,publisher_E,https://doi.org/10.1016/j.ica.2018.07.054,1
10.1016/j.ica.2018.08.018,publisher_E,https://doi.org/10.1016/j.ica.2018.08.018,1
10.1016/j.ica.2018.09.025,publisher_E,https://doi.org/10.1016/j.ica.2018.09.025,1
10.1016/j.ica.2018.09.083,publisher_E,https://doi.org/10.1016/j.ica.2018.09.083,1
10.1016/j.ica.2018.10.029,publisher_E,https://doi.org/10.1016/j.ica.2018.10.029,1
10.1016/j.ica.2018.10.052,publisher_E,https://doi.org/10.1016/j.ica.2018.10.052,1
10.1016/j.ica.2018.11.028,publisher_E,https://doi.org/10.1016/j.ica.2018.11.028,1
10.1016/j.ica.2019.01.004,publisher_E,https://doi.org/10.1016/j.ica.2019.01.004,1
10.1016/j.ica.2019.01.031,publisher_E,https://doi.org/10.1016/j.ica.2019.01.031,1
10.1016/j.ica.2019.03.012,publisher_E,https://doi.org/10.1016/j.ica.2019.03.012,1
10.1016/j.ica.2019.03.033,publisher_E,https://doi.org/10.1016/j.ica.2019.03.033,1
10.1016/j.ica.2019.04.020,publisher_E,https://doi.org/10.1016/j.ica.2019.04.020,1
10.1016/j.ica.2019.04.042,publisher_E,https://doi.org/10.1016/j.ica.2019.04.042,1
10.1016/j.ica.2019.118967,publisher_E,https://doi.org/10.1016/j.ica.2019.118967,1
10.1016/j.ica.2019.119032,publisher_E,https://doi.org/10.1016/j.ica.2019.119032,1
10.1016/j.ica.2019.119034,publisher_E,https://doi.org/10.1016/j.ica.2019.119034,1
10.1016/j.ica.2019.119035,publisher_E,https://doi.org/10.1016/j.ica.2019.119035,1
10.1016/j.ica.2019.119036,publisher_E,https://doi.org/10.1016/j.ica.2019.119036,1
10.1016/j.ica.2019.119083,publisher_E,https://doi.org/10.1016/j.ica.2019.119083,1
10.1016/j.ica.2019.119096,publisher_E,https://doi.org/10.1016/j.ica.2019.119096,1
10.1016/j.ica.2019.119236,publisher_E,https://doi.org/10.1016/j.ica.2019.119236,1
10.1016/j.ica.2019.119296,publisher_E,https://doi.org/10.1016/j.ica.2019.119296,1
10.1016/j.ica.2019.119304,publisher_E,https://doi.org/10.1016/j.ica.2019.119304,1
10.1016/j.ica.2019.119334,publisher_E,https://doi.org/10.1016/j.ica.2019.119334,1
10.1016/j.ica.2019.119352,publisher_E,https://doi.org/10.1016/j.ica.2019.119352,1
10.1016/j.ica.2020.119412,publisher_E,https://doi.org/10.1016/j.ica.2020.119412,1
10.1016/j.ica.2020.119500,publisher_E,https://doi.org/10.1016/j.ica.2020.119500,1
10.1016/j.ica.2020.119556,publisher_E,https://doi.org/10.1016/j.ica.2020.119556,1
10.1016/j.ica.2020.119563,publisher_E,https://doi.org/10.1016/j.ica.2020.119563,1
10.1016/j.ica.2020.119591,publisher_E,https://doi.org/10.1016/j.ica.2020.119591,1
10.1016/j.ica.2020.119600,publisher_E,https://doi.org/10.1016/j.ica.2020.119600,1
10.1016/j.ica.2020.119739,publisher_E,https://doi.org/10.1016/j.ica.2020.119739,1
10.1016/j.ica.2020.119791,publisher_E,https://doi.org/10.1016/j.ica.2020.119791,1
10.1016/j.ica.2020.119802,publisher_E,https://doi.org/10.1016/j.ica.2020.119802,1
10.1016/j.ica.2020.119891,publisher_E,https://doi.org/10.1016/j.ica.2020.119891,1
10.1016/j.ica.2020.119930,publisher_E,https://doi.org/10.1016/j.ica.2020.119930,1
10.1016/j.ica.2020.119931,publisher_E,https://doi.org/10.1016/j.ica.2020.119931,1
10.1016/j.ica.2020.119987,publisher_E,https://doi.org/10.1016/j.ica.2020.119987,1
10.1016/j.ica.2020.120025,publisher_E,https://doi.org/10.1016/j.ica.2020.120025,1
10.1016/j.ica.2020.120193,publisher_E,https://doi.org/10.1016/j.ica.2020.120193,1
10.1016/j.ica.2020.120216,publisher_E,https://doi.org/10.1016/j.ica.2020.120216,1
10.1016/j.ica.2021.120494,publisher_E,https://doi.org/10.1016/j.ica.2021.120494,1
10.1016/j.ica.2021.120505,publisher_E,https://doi.org/10.1016/j.ica.2021.120505,1
10.1016/j.ica.2021.120784,publisher_E,https://doi.org/10.1016/j.ica.2021.120784,1
10.1016/j.ica.2021.120788,publisher_E,https://doi.org/10.1016/j.ica.2021.120788,1
10.1016/j.ica.2022.120979,publisher_E,https://doi.org/10.1016/j.ica.2022.120979,1
10.1016/j.ica.2022.121063,publisher_E,https://doi.org/10.1016/j.ica.2022.121063,1
10.1016/j.ica.2022.121101,publisher_E,https://doi.org/10.1016/j.ica.2022.121101,1
10.1016/j.ica.2022.121102,publisher_E,https://doi.org/10.1016/j.ica.2022.121102,1
10.1016/j.ica.2022.121125,publisher_E,https://doi.org/10.1016/j.ica.2022.121125,1
10.1016/j.ica.2022.121181,publisher_E,https://doi.org/10.1016/j.ica.2022.121181,1
10.1016/j.ica.2022.121208,publisher_E,https://doi.org/10.1016/j.ica.2022.121208,1
10.1016/j.ica.2022.121299,publisher_E,https://doi.org/10.1016/j.ica.2022.121299,1
10.1016/j.ica.2023.121641,publisher_E,https://doi.org/10.1016/j.ica.2023.121641,1
10.1016/j.ica.2023.121759,publisher_E,https://doi.org/10.1016/j.ica.2023.121759,1
10.1016/j.ica.2024.121964,publisher_E,https://doi.org/10.1016/j.ica.2024.121964,1
10.1016/j.ica.2024.121974,publisher_E,https://doi.org/10.1016/j.ica.2024.121974,1
10.1016/j.ica.2024.121978,publisher_E,https://doi.org/10.1016/j.ica.2024.121978,1
10.1016/j.ica.2024.121989,publisher_E,https://doi.org/10.1016/j.ica.2024.121989,1
10.1016/j.ica.2024.121993,publisher_E,https://doi.org/10.1016/j.ica.2024.121993,1
10.1016/j.ica.2024.122072,publisher_E,https://doi.org/10.1016/j.ica.2024.122072,1
10.1016/j.ica.2024.122132,publisher_E,https://doi.org/10.1016/j.ica.2024.122132,1
10.1016/j.ica.2025.122654,publisher_E,https://doi.org/10.1016/j.ica.2025.122654,1
10.1016/j.ijbiomac.2021.09.033,publisher_E,https://doi.org/10.1016/j.ijbiomac.2021.09.033,1
10.1016/j.ijbiomac.2023.124627,publisher_E,https://doi.org/10.1016/j.ijbiomac.2023.124627,1
10.1016/j.ijbiomac.2023.124806,publisher_E,https://doi.org/10.1016/j.ijbiomac.2023.124806,1
10.1016/j.ijbiomac.2023.128424,publisher_E,https://doi.org/10.1016/j.ijbiomac.2023.128424,1
10.1016/j.ijbiomac.2024.129854,publisher_E,https://doi.org/10.1016/j.ijbiomac.2024.129854,1
10.1016/j.ijbiomac.2024.131584,publisher_E,https://doi.org/10.1016/j.ijbiomac.2024.131584,1
10.1016/j.ijbiomac.2024.134767,publisher_E,https://doi.org/10.1016/j.ijbiomac.2024.134767,1
10.1016/j.ijbiomac.2024.136648,publisher_E,https://doi.org/10.1016/j.ijbiomac.2024.136648,1
10.1016/j.ijbiomac.2024.137689,publisher_E,https://doi.org/10.1016/j.ijbiomac.2024.137689,1
10.1016/j.ijbiomac.2025.140027,publisher_E,https://doi.org/10.1016/j.ijbiomac.2025.140027,1
10.1016/j.ijhydene.2008.09.053,unmapped,https://doi.org/10.1016/j.ijhydene.2008.09.053,0
10.1016/j.ijhydene.2008.11.048,unmapped,https://doi.org/10.1016/j.ijhydene.2008.11.048,0
10.1016/j.ijhydene.2009.01.082,unmapped,https://doi.org/10.1016/j.ijhydene.2009.01.082,0
10.1016/j.ijhydene.2010.04.066,unmapped,https://doi.org/10.1016/j.ijhydene.2010.04.066,0
10.1016/j.ijhydene.2010.12.043,unmapped,https://doi.org/10.1016/j.ijhydene.2010.12.043,0
10.1016/j.ijhydene.2011.03.109,unmapped,https://doi.org/10.1016/j.ijhydene.2011.03.109,0
10.1016/j.ijhydene.2011.12.072,unmapped,https://doi.org/10.1016/j.ijhydene.2011.12.072,0
10.1016/j.ijhydene.2012.04.105,unmapped,https://doi.org/10.1016/j.ijhydene.2012.04.105,0
10.1016/j.ijhydene.2013.01.163,unmapped,https://doi.org/10.1016/j.ijhydene.2013.01.163,0
10.1016/j.ijhydene.2013.03.044,unmapped,https://doi.org/10.1016/j.ijhydene.2013.03.044,0
10.1016/j.ijhydene.2013.10.087,unmapped,https://doi.org/10.1016/j.ijhydene.2013.10.087,0
10.1016/j.ijhydene.2014.06.019,unmapped,https://doi.org/10.1016/j.ijhydene.2014.06.019,0
10.1016/j.ijhydene.2015.06.109,unmapped,https://doi.org/10.1016/j.ijhydene.2015.06.109,0
10.1016/j.ijhydene.2016.08.040,unmapped,https://doi.org/10.1016/j.ijhydene.2016.08.040,0
10.1016/j.ijhydene.2016.08.153,unmapped,https://doi.org/10.1016/j.ijhydene.2016.08.153,0
10.1016/j.ijhydene.2017.02.192,unmapped,https://doi.org/10.1016/j.ijhydene.2017.02.192,0
10.1016/j.ijhydene.2017.04.059,unmapped,https://doi.org/10.1016/j.ijhydene.2017.04.059,0
10.1016/j.ijhydene.2017.09.081,unmapped,https://doi.org/10.1016/j.ijhydene.2017.09.081,0
10.1016/j.ijhydene.2017.12.070,unmapped,https://doi.org/10.1016/j.ijhydene.2017.12.070,0
10.1016/j.ijhydene.2018.02.089,unmapped,https://doi.org/10.1016/j.ijhydene.2018.02.089,0
10.1016/j.ijhydene.2018.06.106,unmapped,https://doi.org/10.1016/j.ijhydene.2018.06.106,0
10.1016/j.ijhydene.2020.02.202,unmapped,https://doi.org/10.1016/j.ijhydene.2020.02.202,0
10.1016/j.ijhydene.2020.05.223,unmapped,https://doi.org/10.1016/j.ijhydene.2020.05.223,0
10.1016/j.ijhydene.2020.08.100,unmapped,https://doi.org/10.1016/j.ijhydene.2020.08.100,0
10.1016/j.ijhydene.2021.06.026,unmapped,https://doi.org/10.1016/j.ijhydene.2021.06.026,0
10.1016/j.ijhydene.2022.09.128,unmapped,https://doi.org/10.1016/j.ijhydene.2022.09.128,0
10.1016/j.ijhydene.2022.11.026,unmapped,https://doi.org/10.1016/j.ijhydene.2022.11.026,0
10.1016/j.ijhydene.2023.05.357,unmapped,https://doi.org/10.1016/j.ijhydene.2023.05.357,0
10.1016/j.ijhydene.2024.06.163,unmapped,https://doi.org/10.1016/j.ijhydene.2024.06.163,0
10.1016/j.ijhydene.2024.07.031,unmapped,https://doi.org/10.1016/j.ijhydene.2024.07.031,0
10.1016/j.ijhydene.2025.03.326,unmapped,https://doi.org/10.1016/j.ijhydene.2025.03.326,0
10.1016/j.inoche.2003.10.022,publisher_E,https://doi.org/10.1016/j.inoche.2003.10.022,1
10.1016/j.inoche.2003.12.023,publisher_E,https://doi.org/10.1016/j.inoche.2003.12.023,1
10.1016/j.inoche.2004.02.006,publisher_E,https://doi.org/10.1016/j.inoche.2004.02.006,1
10.1016/j.inoche.2005.04.005,publisher_E,https://doi.org/10.1016/j.inoche.2005.04.005,1
10.1016/j.inoche.2005.08.013,publisher_E,https://doi.org/10.1016/j.inoche.2005.08.013,1
10.1016/j.inoche.2005.09.033,publisher_E,https://doi.org/10.1016/j.inoche.2005.09.033,1
10.1016/j.inoche.2005.10.032,publisher_E,https://doi.org/10.1016/j.inoche.2005.10.032,1
10.1016/j.inoche.2006.01.004,publisher_E,https://doi.org/10.1016/j.inoche.2006.01.004,1
10.1016/j.inoche.2006.02.029,publisher_E,https://doi.org/10.1016/j.inoche.2006.02.029,1
10.1016/j.inoche.2006.03.014,publisher_E,https://doi.org/10.1016/j.inoche.2006.03.014,1
10.1016/j.inoche.2006.04.017,publisher_E,https://doi.org/10.1016/j.inoche.2006.04.017,1
10.1016/j.inoche.2006.07.021,publisher_E,https://doi.org/10.1016/j.inoche.2006.07.021,1
10.1016/j.inoche.2006.07.040,publisher_E,https://doi.org/10.1016/j.inoche.2006.07.040,1
10.1016/j.inoche.2006.08.023,publisher_E,https://doi.org/10.1016/j.inoche.2006.08.023,1
10.1016/j.inoche.2006.09.009,publisher_E,https://doi.org/10.1016/j.inoche.2006.09.009,1
10.1016/j.inoche.2006.09.010,publisher_E,https://doi.org/10.1016/j.inoche.2006.09.010,1
10.1016/j.inoche.2006.10.010,publisher_E,https://doi.org/10.1016/j.inoche.2006.10.010,1
10.1016/j.inoche.2006.11.021,publisher_E,https://doi.org/10.1016/j.inoche.2006.11.021,1
10.1016/j.inoche.2006.12.020,publisher_E,https://doi.org/10.1016/j.inoche.2006.12.020,1
10.1016/j.inoche.2007.01.001,publisher_E,https://doi.org/10.1016/j.inoche.2007.01.001,1
10.1016/j.inoche.2007.04.017,publisher_E,https://doi.org/10.1016/j.inoche.2007.04.017,1
10.1016/j.inoche.2007.05.025,publisher_E,https://doi.org/10.1016/j.inoche.2007.05.025,1
10.1016/j.inoche.2007.11.010,publisher_E,https://doi.org/10.1016/j.inoche.2007.11.010,1
10.1016/j.inoche.2007.11.021,publisher_E,https://doi.org/10.1016/j.inoche.2007.11.021,1
10.1016/j.inoche.2007.12.024,publisher_E,https://doi.org/10.1016/j.inoche.2007.12.024,1
10.1016/j.inoche.2007.12.030,publisher_E,https://doi.org/10.1016/j.inoche.2007.12.030,1
10.1016/j.inoche.2007.12.036,publisher_E,https://doi.org/10.1016/j.inoche.2007.12.036,1
10.1016/j.inoche.2008.02.018,publisher_E,https://doi.org/10.1016/j.inoche.2008.02.018,1
10.1016/j.inoche.2008.04.016,publisher_E,https://doi.org/10.1016/j.inoche.2008.04.016,1
10.1016/j.inoche.2008.04.019,publisher_E,https://doi.org/10.1016/j.inoche.2008.04.019,1
10.1016/j.inoche.2008.04.021,publisher_E,https://doi.org/10.1016/j.inoche.2008.04.021,1
10.1016/j.inoche.2008.05.010,publisher_E,https://doi.org/10.1016/j.inoche.2008.05.010,1
10.1016/j.inoche.2008.05.031,publisher_E,https://doi.org/10.1016/j.inoche.2008.05.031,1
10.1016/j.inoche.2008.06.001,publisher_E,https://doi.org/10.1016/j.inoche.2008.06.001,1
10.1016/j.inoche.2008.06.019,publisher_E,https://doi.org/10.1016/j.inoche.2008.06.019,1
10.1016/j.inoche.2008.06.022,publisher_E,https://doi.org/10.1016/j.inoche.2008.06.022,1
10.1016/j.inoche.2008.06.027,publisher_E,https://doi.org/10.1016/j.inoche.2008.06.027,1
10.1016/j.inoche.2008.07.014,publisher_E,https://doi.org/10.1016/j.inoche.2008.07.014,1
10.1016/j.inoche.2008.07.018,publisher_E,https://doi.org/10.1016/j.inoche.2008.07.018,1
10.1016/j.inoche.2008.07.019,publisher_E,https://doi.org/10.1016/j.inoche.2008.07.019,1
10.1016/j.inoche.2008.09.012,publisher_E,https://doi.org/10.1016/j.inoche.2008.09.012,1
10.1016/j.inoche.2008.10.008,publisher_E,https://doi.org/10.1016/j.inoche.2008.10.008,1
10.1016/j.inoche.2008.11.006,publisher_E,https://doi.org/10.1016/j.inoche.2008.11.006,1
10.1016/j.inoche.2008.11.008,publisher_E,https://doi.org/10.1016/j.inoche.2008.11.008,1
10.1016/j.inoche.2008.11.017,publisher_E,https://doi.org/10.1016/j.inoche.2008.11.017,1
10.1016/j.inoche.2008.12.002,publisher_E,https://doi.org/10.1016/j.inoche.2008.12.002,1
10.1016/j.inoche.2008.12.012,publisher_E,https://doi.org/10.1016/j.inoche.2008.12.012,1
10.1016/j.inoche.2009.02.004,publisher_E,https://doi.org/10.1016/j.inoche.2009.02.004,1
10.1016/j.inoche.2009.02.027,publisher_E,https://doi.org/10.1016/j.inoche.2009.02.027,1
10.1016/j.inoche.2009.03.002,publisher_E,https://doi.org/10.1016/j.inoche.2009.03.002,1
10.1016/j.inoche.2009.04.010,publisher_E,https://doi.org/10.1016/j.inoche.2009.04.010,1
10.1016/j.inoche.2009.04.020,publisher_E,https://doi.org/10.1016/j.inoche.2009.04.020,1
10.1016/j.inoche.2009.04.028,publisher_E,https://doi.org/10.1016/j.inoche.2009.04.028,1
10.1016/j.inoche.2009.06.029,publisher_E,https://doi.org/10.1016/j.inoche.2009.06.029,1
10.1016/j.inoche.2009.07.013,publisher_E,https://doi.org/10.1016/j.inoche.2009.07.013,1
10.1016/j.inoche.2009.07.027,publisher_E,https://doi.org/10.1016/j.inoche.2009.07.027,1
10.1016/j.inoche.2009.07.028,publisher_E,https://doi.org/10.1016/j.inoche.2009.07.028,1
10.1016/j.inoche.2009.08.009,publisher_E,https://doi.org/10.1016/j.inoche.2009.08.009,1
10.1016/j.inoche.2009.08.030,publisher_E,https://doi.org/10.1016/j.inoche.2009.08.030,1
10.1016/j.inoche.2009.09.020,publisher_E,https://doi.org/10.1016/j.inoche.2009.09.020,1
10.1016/j.inoche.2009.09.026,publisher_E,https://doi.org/10.1016/j.inoche.2009.09.026,1
10.1016/j.inoche.2009.09.031,publisher_E,https://doi.org/10.1016/j.inoche.2009.09.031,1
10.1016/j.inoche.2009.10.007,publisher_E,https://doi.org/10.1016/j.inoche.2009.10.007,1
10.1016/j.inoche.2009.11.008,publisher_E,https://doi.org/10.1016/j.inoche.2009.11.008,1
10.1016/j.inoche.2009.12.004,publisher_E,https://doi.org/10.1016/j.inoche.2009.12.004,1
10.1016/j.inoche.2009.12.008,publisher_E,https://doi.org/10.1016/j.inoche.2009.12.008,1
10.1016/j.inoche.2009.12.029,publisher_E,https://doi.org/10.1016/j.inoche.2009.12.029,1
10.1016/j.inoche.2009.12.030,publisher_E,https://doi.org/10.1016/j.inoche.2009.12.030,1
10.1016/j.inoche.2010.01.001,publisher_E,https://doi.org/10.1016/j.inoche.2010.01.001,1
10.1016/j.inoche.2010.01.013,publisher_E,https://doi.org/10.1016/j.inoche.2010.01.013,1
10.1016/j.inoche.2010.01.014,publisher_E,https://doi.org/10.1016/j.inoche.2010.01.014,1
10.1016/j.inoche.2010.01.016,publisher_E,https://doi.org/10.1016/j.inoche.2010.01.016,1
10.1016/j.inoche.2010.03.010,publisher_E,https://doi.org/10.1016/j.inoche.2010.03.010,1
10.1016/j.inoche.2010.03.041,publisher_E,https://doi.org/10.1016/j.inoche.2010.03.041,1
10.1016/j.inoche.2010.04.026,publisher_E,https://doi.org/10.1016/j.inoche.2010.04.026,1
10.1016/j.inoche.2010.05.007,publisher_E,https://doi.org/10.1016/j.inoche.2010.05.007,1
10.1016/j.inoche.2010.06.046,publisher_E,https://doi.org/10.1016/j.inoche.2010.06.046,1
10.1016/j.inoche.2010.07.010,publisher_E,https://doi.org/10.1016/j.inoche.2010.07.010,1
10.1016/j.inoche.2010.07.033,publisher_E,https://doi.org/10.1016/j.inoche.2010.07.033,1
10.1016/j.inoche.2010.07.040,publisher_E,https://doi.org/10.1016/j.inoche.2010.07.040,1
10.1016/j.inoche.2010.08.026,publisher_E,https://doi.org/10.1016/j.inoche.2010.08.026,1
10.1016/j.inoche.2010.09.023,publisher_E,https://doi.org/10.1016/j.inoche.2010.09.023,1
10.1016/j.inoche.2010.09.024,publisher_E,https://doi.org/10.1016/j.inoche.2010.09.024,1
10.1016/j.inoche.2010.09.046,publisher_E,https://doi.org/10.1016/j.inoche.2010.09.046,1
10.1016/j.inoche.2010.10.007,publisher_E,https://doi.org/10.1016/j.inoche.2010.10.007,1
10.1016/j.inoche.2010.10.012,publisher_E,https://doi.org/10.1016/j.inoche.2010.10.012,1
10.1016/j.inoche.2010.10.026,publisher_E,https://doi.org/10.1016/j.inoche.2010.10.026,1
10.1016/j.inoche.2010.11.016,publisher_E,https://doi.org/10.1016/j.inoche.2010.11.016,1
10.1016/j.inoche.2010.11.020,publisher_E,https://doi.org/10.1016/j.inoche.2010.11.020,1
10.1016/j.inoche.2010.11.027,publisher_E,https://doi.org/10.1016/j.inoche.2010.11.027,1
10.1016/j.inoche.2010.12.001,publisher_E,https://doi.org/10.1016/j.inoche.2010.12.001,1
10.1016/j.inoche.2010.12.004,publisher_E,https://doi.org/10.1016/j.inoche.2010.12.004,1
10.1016/j.inoche.2010.12.021,publisher_E,https://doi.org/10.1016/j.inoche.2010.12.021,1
10.1016/j.inoche.2010.12.028,publisher_E,https://doi.org/10.1016/j.inoche.2010.12.028,1
10.1016/j.inoche.2011.01.037,publisher_E,https://doi.org/10.1016/j.inoche.2011.01.037,1
10.1016/j.inoche.2011.01.040,publisher_E,https://doi.org/10.1016/j.inoche.2011.01.040,1
10.1016/j.inoche.2011.02.020,publisher_E,https://doi.org/10.1016/j.inoche.2011.02.020,1
10.1016/j.inoche.2011.03.005,publisher_E,https://doi.org/10.1016/j.inoche.2011.03.005,1
10.1016/j.inoche.2011.03.013,publisher_E,https://doi.org/10.1016/j.inoche.2011.03.013,1
10.1016/j.inoche.2011.03.020,publisher_E,https://doi.org/10.1016/j.inoche.2011.03.020,1
10.1016/j.inoche.2011.03.032,publisher_E,https://doi.org/10.1016/j.inoche.2011.03.032,1
10.1016/j.inoche.2011.03.038,publisher_E,https://doi.org/10.1016/j.inoche.2011.03.038,1
10.1016/j.inoche.2011.03.040,publisher_E,https://doi.org/10.1016/j.inoche.2011.03.040,1
10.1016/j.inoche.2011.03.047,publisher_E,https://doi.org/10.1016/j.inoche.2011.03.047,1
10.1016/j.inoche.2011.03.050,publisher_E,https://doi.org/10.1016/j.inoche.2011.03.050,1
10.1016/j.inoche.2011.03.053,publisher_E,https://doi.org/10.1016/j.inoche.2011.03.053,1
10.1016/j.inoche.2011.04.012,publisher_E,https://doi.org/10.1016/j.inoche.2011.04.012,1
10.1016/j.inoche.2011.05.031,publisher_E,https://doi.org/10.1016/j.inoche.2011.05.031,1
10.1016/j.inoche.2011.05.032,publisher_E,https://doi.org/10.1016/j.inoche.2011.05.032,1
10.1016/j.inoche.2011.06.008,publisher_E,https://doi.org/10.1016/j.inoche.2011.06.008,1
10.1016/j.inoche.2011.06.009,publisher_E,https://doi.org/10.1016/j.inoche.2011.06.009,1
10.1016/j.inoche.2011.06.019,publisher_E,https://doi.org/10.1016/j.inoche.2011.06.019,1
10.1016/j.inoche.2011.06.030,publisher_E,https://doi.org/10.1016/j.inoche.2011.06.030,1
10.1016/j.inoche.2011.07.009,publisher_E,https://doi.org/10.1016/j.inoche.2011.07.009,1
10.1016/j.inoche.2011.07.020,publisher_E,https://doi.org/10.1016/j.inoche.2011.07.020,1
10.1016/j.inoche.2011.08.011,publisher_E,https://doi.org/10.1016/j.inoche.2011.08.011,1
10.1016/j.inoche.2011.08.016,publisher_E,https://doi.org/10.1016/j.inoche.2011.08.016,1
10.1016/j.inoche.2011.08.027,publisher_E,https://doi.org/10.1016/j.inoche.2011.08.027,1
10.1016/j.inoche.2011.09.004,publisher_E,https://doi.org/10.1016/j.inoche.2011.09.004,1
10.1016/j.inoche.2011.09.009,publisher_E,https://doi.org/10.1016/j.inoche.2011.09.009,1
10.1016/j.inoche.2011.09.010,publisher_E,https://doi.org/10.1016/j.inoche.2011.09.010,1
10.1016/j.inoche.2011.09.012,publisher_E,https://doi.org/10.1016/j.inoche.2011.09.012,1
10.1016/j.inoche.2011.09.019,publisher_E,https://doi.org/10.1016/j.inoche.2011.09.019,1
10.1016/j.inoche.2011.09.029,publisher_E,https://doi.org/10.1016/j.inoche.2011.09.029,1
10.1016/j.inoche.2011.10.008,publisher_E,https://doi.org/10.1016/j.inoche.2011.10.008,1
10.1016/j.inoche.2011.10.014,publisher_E,https://doi.org/10.1016/j.inoche.2011.10.014,1
10.1016/j.inoche.2011.10.038,publisher_E,https://doi.org/10.1016/j.inoche.2011.10.038,1
10.1016/j.inoche.2011.11.004,publisher_E,https://doi.org/10.1016/j.inoche.2011.11.004,1
10.1016/j.inoche.2011.11.008,publisher_E,https://doi.org/10.1016/j.inoche.2011.11.008,1
10.1016/j.inoche.2011.11.015,publisher_E,https://doi.org/10.1016/j.inoche.2011.11.015,1
10.1016/j.inoche.2011.11.018,publisher_E,https://doi.org/10.1016/j.inoche.2011.11.018,1
10.1016/j.inoche.2011.11.030,publisher_E,https://doi.org/10.1016/j.inoche.2011.11.030,1
10.1016/j.inoche.2011.11.034,publisher_E,https://doi.org/10.1016/j.inoche.2011.11.034,1
10.1016/j.inoche.2011.12.002,publisher_E,https://doi.org/10.1016/j.inoche.2011.12.002,1
10.1016/j.inoche.2011.12.003,publisher_E,https://doi.org/10.1016/j.inoche.2011.12.003,1
10.1016/j.inoche.2011.12.004,publisher_E,https://doi.org/10.1016/j.inoche.2011.12.004,1
10.1016/j.inoche.2011.12.017,publisher_E,https://doi.org/10.1016/j.inoche.2011.12.017,1
10.1016/j.inoche.2011.12.041,publisher_E,https://doi.org/10.1016/j.inoche.2011.12.041,1
10.1016/j.inoche.2011.12.045,publisher_E,https://doi.org/10.1016/j.inoche.2011.12.045,1
10.1016/j.inoche.2011.12.048,publisher_E,https://doi.org/10.1016/j.inoche.2011.12.048,1
10.1016/j.inoche.2012.01.001,publisher_E,https://doi.org/10.1016/j.inoche.2012.01.001,1
10.1016/j.inoche.2012.01.019,publisher_E,https://doi.org/10.1016/j.inoche.2012.01.019,1
10.1016/j.inoche.2012.01.022,publisher_E,https://doi.org/10.1016/j.inoche.2012.01.022,1
10.1016/j.inoche.2012.02.014,publisher_E,https://doi.org/10.1016/j.inoche.2012.02.014,1
10.1016/j.inoche.2012.02.034,publisher_E,https://doi.org/10.1016/j.inoche.2012.02.034,1
10.1016/j.inoche.2012.03.017,publisher_E,https://doi.org/10.1016/j.inoche.2012.03.017,1
10.1016/j.inoche.2012.03.018,publisher_E,https://doi.org/10.1016/j.inoche.2012.03.018,1
10.1016/j.inoche.2012.03.021,publisher_E,https://doi.org/10.1016/j.inoche.2012.03.021,1
10.1016/j.inoche.2012.03.032,publisher_E,https://doi.org/10.1016/j.inoche.2012.03.032,1
10.1016/j.inoche.2012.03.038,publisher_E,https://doi.org/10.1016/j.inoche.2012.03.038,1
10.1016/j.inoche.2012.04.012,publisher_E,https://doi.org/10.1016/j.inoche.2012.04.012,1
10.1016/j.inoche.2012.04.026,publisher_E,https://doi.org/10.1016/j.inoche.2012.04.026,1
10.1016/j.inoche.2012.04.027,publisher_E,https://doi.org/10.1016/j.inoche.2012.04.027,1
10.1016/j.inoche.2012.04.032,publisher_E,https://doi.org/10.1016/j.inoche.2012.04.032,1
10.1016/j.inoche.2012.04.036,publisher_E,https://doi.org/10.1016/j.inoche.2012.04.036,1
10.1016/j.inoche.2012.05.003,publisher_E,https://doi.org/10.1016/j.inoche.2012.05.003,1
10.1016/j.inoche.2012.05.009,publisher_E,https://doi.org/10.1016/j.inoche.2012.05.009,1
10.1016/j.inoche.2012.05.029,publisher_E,https://doi.org/10.1016/j.inoche.2012.05.029,1
10.1016/j.inoche.2012.05.033,publisher_E,https://doi.org/10.1016/j.inoche.2012.05.033,1
10.1016/j.inoche.2012.05.038,publisher_E,https://doi.org/10.1016/j.inoche.2012.05.038,1
10.1016/j.inoche.2012.05.042,publisher_E,https://doi.org/10.1016/j.inoche.2012.05.042,1
10.1016/j.inoche.2012.06.004,publisher_E,https://doi.org/10.1016/j.inoche.2012.06.004,1
10.1016/j.inoche.2012.07.010,publisher_E,https://doi.org/10.1016/j.inoche.2012.07.010,1
10.1016/j.inoche.2012.07.012,publisher_E,https://doi.org/10.1016/j.inoche.2012.07.012,1
10.1016/j.inoche.2012.07.029,publisher_E,https://doi.org/10.1016/j.inoche.2012.07.029,1
10.1016/j.inoche.2012.07.043,publisher_E,https://doi.org/10.1016/j.inoche.2012.07.043,1
10.1016/j.inoche.2012.08.013,publisher_E,https://doi.org/10.1016/j.inoche.2012.08.013,1
10.1016/j.inoche.2012.08.015,publisher_E,https://doi.org/10.1016/j.inoche.2012.08.015,1
10.1016/j.inoche.2012.08.020,publisher_E,https://doi.org/10.1016/j.inoche.2012.08.020,1
10.1016/j.inoche.2012.08.023,publisher_E,https://doi.org/10.1016/j.inoche.2012.08.023,1
10.1016/j.inoche.2012.09.004,publisher_E,https://doi.org/10.1016/j.inoche.2012.09.004,1
10.1016/j.inoche.2012.09.005,publisher_E,https://doi.org/10.1016/j.inoche.2012.09.005,1
10.1016/j.inoche.2012.09.023,publisher_E,https://doi.org/10.1016/j.inoche.2012.09.023,1
10.1016/j.inoche.2012.10.005,publisher_E,https://doi.org/10.1016/j.inoche.2012.10.005,1
10.1016/j.inoche.2012.10.031,publisher_E,https://doi.org/10.1016/j.inoche.2012.10.031,1
10.1016/j.inoche.2012.10.040,publisher_E,https://doi.org/10.1016/j.inoche.2012.10.040,1
10.1016/j.inoche.2012.11.011,publisher_E,https://doi.org/10.1016/j.inoche.2012.11.011,1
10.1016/j.inoche.2012.11.035,publisher_E,https://doi.org/10.1016/j.inoche.2012.11.035,1
10.1016/j.inoche.2012.11.038,publisher_E,https://doi.org/10.1016/j.inoche.2012.11.038,1
10.1016/j.inoche.2012.12.015,publisher_E,https://doi.org/10.1016/j.inoche.2012.12.015,1
10.1016/j.inoche.2012.12.017,publisher_E,https://doi.org/10.1016/j.inoche.2012.12.017,1
10.1016/j.inoche.2012.12.019,publisher_E,https://doi.org/10.1016/j.inoche.2012.12.019,1
10.1016/j.inoche.2012.12.022,publisher_E,https://doi.org/10.1016/j.inoche.2012.12.022,1
10.1016/j.inoche.2012.12.027,publisher_E,https://doi.org/10.1016/j.inoche.2012.12.027,1
10.1016/j.inoche.2012.12.037,publisher_E,https://doi.org/10.1016/j.inoche.2012.12.037,1
10.1016/j.inoche.2013.01.005,publisher_E,https://doi.org/10.1016/j.inoche.2013.01.005,1
10.1016/j.inoche.2013.01.023,publisher_E,https://doi.org/10.1016/j.inoche.2013.01.023,1
10.1016/j.inoche.2013.02.011,publisher_E,https://doi.org/10.1016/j.inoche.2013.02.011,1
10.1016/j.inoche.2013.03.005,publisher_E,https://doi.org/10.1016/j.inoche.2013.03.005,1
10.1016/j.inoche.2013.03.016,publisher_E,https://doi.org/10.1016/j.inoche.2013.03.016,1
10.1016/j.inoche.2013.03.021,publisher_E,https://doi.org/10.1016/j.inoche.2013.03.021,1
10.1016/j.inoche.2013.04.013,publisher_E,https://doi.org/10.1016/j.inoche.2013.04.013,1
10.1016/j.inoche.2013.04.019,publisher_E,https://doi.org/10.1016/j.inoche.2013.04.019,1
10.1016/j.inoche.2013.04.020,publisher_E,https://doi.org/10.1016/j.inoche.2013.04.020,1
10.1016/j.inoche.2013.04.033,publisher_E,https://doi.org/10.1016/j.inoche.2013.04.033,1
10.1016/j.inoche.2013.05.006,publisher_E,https://doi.org/10.1016/j.inoche.2013.05.006,1
10.1016/j.inoche.2013.05.014,publisher_E,https://doi.org/10.1016/j.inoche.2013.05.014,1
10.1016/j.inoche.2013.06.022,publisher_E,https://doi.org/10.1016/j.inoche.2013.06.022,1
10.1016/j.inoche.2013.06.023,publisher_E,https://doi.org/10.1016/j.inoche.2013.06.023,1
10.1016/j.inoche.2013.06.026,publisher_E,https://doi.org/10.1016/j.inoche.2013.06.026,1
10.1016/j.inoche.2013.06.034,publisher_E,https://doi.org/10.1016/j.inoche.2013.06.034,1
10.1016/j.inoche.2013.06.042,publisher_E,https://doi.org/10.1016/j.inoche.2013.06.042,1
10.1016/j.inoche.2013.07.001,publisher_E,https://doi.org/10.1016/j.inoche.2013.07.001,1
10.1016/j.inoche.2013.07.008,publisher_E,https://doi.org/10.1016/j.inoche.2013.07.008,1
10.1016/j.inoche.2013.08.005,publisher_E,https://doi.org/10.1016/j.inoche.2013.08.005,1
10.1016/j.inoche.2013.08.012,publisher_E,https://doi.org/10.1016/j.inoche.2013.08.012,1
10.1016/j.inoche.2013.08.013,publisher_E,https://doi.org/10.1016/j.inoche.2013.08.013,1
10.1016/j.inoche.2013.08.018,publisher_E,https://doi.org/10.1016/j.inoche.2013.08.018,1
10.1016/j.inoche.2013.08.031,publisher_E,https://doi.org/10.1016/j.inoche.2013.08.031,1
10.1016/j.inoche.2013.08.037,publisher_E,https://doi.org/10.1016/j.inoche.2013.08.037,1
10.1016/j.inoche.2013.09.005,publisher_E,https://doi.org/10.1016/j.inoche.2013.09.005,1
10.1016/j.inoche.2013.09.021,publisher_E,https://doi.org/10.1016/j.inoche.2013.09.021,1
10.1016/j.inoche.2013.09.030,publisher_E,https://doi.org/10.1016/j.inoche.2013.09.030,1
10.1016/j.inoche.2013.09.033,publisher_E,https://doi.org/10.1016/j.inoche.2013.09.033,1
10.1016/j.inoche.2013.09.048,publisher_E,https://doi.org/10.1016/j.inoche.2013.09.048,1
10.1016/j.inoche.2013.09.058,publisher_E,https://doi.org/10.1016/j.inoche.2013.09.058,1
10.1016/j.inoche.2013.10.018,publisher_E,https://doi.org/10.1016/j.inoche.2013.10.018,1
10.1016/j.inoche.2013.10.021,publisher_E,https://doi.org/10.1016/j.inoche.2013.10.021,1
10.1016/j.inoche.2013.11.005,publisher_E,https://doi.org/10.1016/j.inoche.2013.11.005,1
10.1016/j.inoche.2013.11.008,publisher_E,https://doi.org/10.1016/j.inoche.2013.11.008,1
10.1016/j.inoche.2013.11.011,publisher_E,https://doi.org/10.1016/j.inoche.2013.11.011,1
10.1016/j.inoche.2013.11.016,publisher_E,https://doi.org/10.1016/j.inoche.2013.11.016,1
10.1016/j.inoche.2013.11.032,publisher_E,https://doi.org/10.1016/j.inoche.2013.11.032,1
10.1016/j.inoche.2013.11.039,publisher_E,https://doi.org/10.1016/j.inoche.2013.11.039,1
10.1016/j.inoche.2013.11.045,publisher_E,https://doi.org/10.1016/j.inoche.2013.11.045,1
10.1016/j.inoche.2014.01.004,publisher_E,https://doi.org/10.1016/j.inoche.2014.01.004,1
10.1016/j.inoche.2014.01.012,publisher_E,https://doi.org/10.1016/j.inoche.2014.01.012,1
10.1016/j.inoche.2014.02.015,publisher_E,https://doi.org/10.1016/j.inoche.2014.02.015,1
10.1016/j.inoche.2014.02.025,publisher_E,https://doi.org/10.1016/j.inoche.2014.02.025,1
10.1016/j.inoche.2014.02.046,publisher_E,https://doi.org/10.1016/j.inoche.2014.02.046,1
10.1016/j.inoche.2014.02.051,publisher_E,https://doi.org/10.1016/j.inoche.2014.02.051,1
10.1016/j.inoche.2014.03.018,publisher_E,https://doi.org/10.1016/j.inoche.2014.03.018,1
10.1016/j.inoche.2014.03.026,publisher_E,https://doi.org/10.1016/j.inoche.2014.03.026,1
10.1016/j.inoche.2014.04.025,publisher_E,https://doi.org/10.1016/j.inoche.2014.04.025,1
10.1016/j.inoche.2014.04.029,publisher_E,https://doi.org/10.1016/j.inoche.2014.04.029,1
10.1016/j.inoche.2014.04.037,publisher_E,https://doi.org/10.1016/j.inoche.2014.04.037,1
10.1016/j.inoche.2014.05.016,publisher_E,https://doi.org/10.1016/j.inoche.2014.05.016,1
10.1016/j.inoche.2014.06.015,publisher_E,https://doi.org/10.1016/j.inoche.2014.06.015,1
10.1016/j.inoche.2014.06.016,publisher_E,https://doi.org/10.1016/j.inoche.2014.06.016,1
10.1016/j.inoche.2014.06.023,publisher_E,https://doi.org/10.1016/j.inoche.2014.06.023,1
10.1016/j.inoche.2014.07.014,publisher_E,https://doi.org/10.1016/j.inoche.2014.07.014,1
10.1016/j.inoche.2014.07.025,publisher_E,https://doi.org/10.1016/j.inoche.2014.07.025,1
10.1016/j.inoche.2014.08.005,publisher_E,https://doi.org/10.1016/j.inoche.2014.08.005,1
10.1016/j.inoche.2014.08.012,publisher_E,https://doi.org/10.1016/j.inoche.2014.08.012,1
10.1016/j.inoche.2014.08.015,publisher_E,https://doi.org/10.1016/j.inoche.2014.08.015,1
10.1016/j.inoche.2014.08.017,publisher_E,https://doi.org/10.1016/j.inoche.2014.08.017,1
10.1016/j.inoche.2014.08.027,publisher_E,https://doi.org/10.1016/j.inoche.2014.08.027,1
10.1016/j.inoche.2014.08.034,publisher_E,https://doi.org/10.1016/j.inoche.2014.08.034,1
10.1016/j.inoche.2014.09.012,publisher_E,https://doi.org/10.1016/j.inoche.2014.09.012,1
10.1016/j.inoche.2014.09.029,publisher_E,https://doi.org/10.1016/j.inoche.2014.09.029,1
10.1016/j.inoche.2014.09.036,publisher_E,https://doi.org/10.1016/j.inoche.2014.09.036,1
10.1016/j.inoche.2014.12.001,publisher_E,https://doi.org/10.1016/j.inoche.2014.12.001,1
10.1016/j.inoche.2014.12.007,publisher_E,https://doi.org/10.1016/j.inoche.2014.12.007,1
10.1016/j.inoche.2014.12.010,publisher_E,https://doi.org/10.1016/j.inoche.2014.12.010,1
10.1016/j.inoche.2015.01.020,publisher_E,https://doi.org/10.1016/j.inoche.2015.01.020,1
10.1016/j.inoche.2015.01.030,publisher_E,https://doi.org/10.1016/j.inoche.2015.01.030,1
10.1016/j.inoche.2015.02.015,publisher_E,https://doi.org/10.1016/j.inoche.2015.02.015,1
10.1016/j.inoche.2015.02.022,publisher_E,https://doi.org/10.1016/j.inoche.2015.02.022,1
10.1016/j.inoche.2015.03.005,publisher_E,https://doi.org/10.1016/j.inoche.2015.03.005,1
10.1016/j.inoche.2015.03.015,publisher_E,https://doi.org/10.1016/j.inoche.2015.03.015,1
10.1016/j.inoche.2015.03.019,publisher_E,https://doi.org/10.1016/j.inoche.2015.03.019,1
10.1016/j.inoche.2015.03.026,publisher_E,https://doi.org/10.1016/j.inoche.2015.03.026,1
10.1016/j.inoche.2015.03.028,publisher_E,https://doi.org/10.1016/j.inoche.2015.03.028,1
10.1016/j.inoche.2015.04.002,publisher_E,https://doi.org/10.1016/j.inoche.2015.04.002,1
10.1016/j.inoche.2015.04.008,publisher_E,https://doi.org/10.1016/j.inoche.2015.04.008,1
10.1016/j.inoche.2015.04.011,publisher_E,https://doi.org/10.1016/j.inoche.2015.04.011,1
10.1016/j.inoche.2015.05.003,publisher_E,https://doi.org/10.1016/j.inoche.2015.05.003,1
10.1016/j.inoche.2015.05.009,publisher_E,https://doi.org/10.1016/j.inoche.2015.05.009,1
10.1016/j.inoche.2015.05.012,publisher_E,https://doi.org/10.1016/j.inoche.2015.05.012,1
10.1016/j.inoche.2015.06.004,publisher_E,https://doi.org/10.1016/j.inoche.2015.06.004,1
10.1016/j.inoche.2015.06.013,publisher_E,https://doi.org/10.1016/j.inoche.2015.06.013,1
10.1016/j.inoche.2015.06.023,publisher_E,https://doi.org/10.1016/j.inoche.2015.06.023,1
10.1016/j.inoche.2015.06.034,publisher_E,https://doi.org/10.1016/j.inoche.2015.06.034,1
10.1016/j.inoche.2015.06.036,publisher_E,https://doi.org/10.1016/j.inoche.2015.06.036,1
10.1016/j.inoche.2015.08.002,publisher_E,https://doi.org/10.1016/j.inoche.2015.08.002,1
10.1016/j.inoche.2015.08.014,publisher_E,https://doi.org/10.1016/j.inoche.2015.08.014,1
10.1016/j.inoche.2015.08.015,publisher_E,https://doi.org/10.1016/j.inoche.2015.08.015,1
10.1016/j.inoche.2015.08.021,publisher_E,https://doi.org/10.1016/j.inoche.2015.08.021,1
10.1016/j.inoche.2015.08.026,publisher_E,https://doi.org/10.1016/j.inoche.2015.08.026,1
10.1016/j.inoche.2015.09.002,publisher_E,https://doi.org/10.1016/j.inoche.2015.09.002,1
10.1016/j.inoche.2015.09.004,publisher_E,https://doi.org/10.1016/j.inoche.2015.09.004,1
10.1016/j.inoche.2015.09.018,publisher_E,https://doi.org/10.1016/j.inoche.2015.09.018,1
10.1016/j.inoche.2015.10.023,publisher_E,https://doi.org/10.1016/j.inoche.2015.10.023,1
10.1016/j.inoche.2015.10.024,publisher_E,https://doi.org/10.1016/j.inoche.2015.10.024,1
10.1016/j.inoche.2015.11.001,publisher_E,https://doi.org/10.1016/j.inoche.2015.11.001,1
10.1016/j.inoche.2015.11.007,publisher_E,https://doi.org/10.1016/j.inoche.2015.11.007,1
10.1016/j.inoche.2015.11.018,publisher_E,https://doi.org/10.1016/j.inoche.2015.11.018,1
10.1016/j.inoche.2015.12.009,publisher_E,https://doi.org/10.1016/j.inoche.2015.12.009,1
10.1016/j.inoche.2015.12.020,publisher_E,https://doi.org/10.1016/j.inoche.2015.12.020,1
10.1016/j.inoche.2016.01.019,publisher_E,https://doi.org/10.1016/j.inoche.2016.01.019,1
10.1016/j.inoche.2016.02.007,publisher_E,https://doi.org/10.1016/j.inoche.2016.02.007,1
10.1016/j.inoche.2016.04.009,publisher_E,https://doi.org/10.1016/j.inoche.2016.04.009,1
10.1016/j.inoche.2016.04.028,publisher_E,https://doi.org/10.1016/j.inoche.2016.04.028,1
10.1016/j.inoche.2016.04.029,publisher_E,https://doi.org/10.1016/j.inoche.2016.04.029,1
10.1016/j.inoche.2016.05.005,publisher_E,https://doi.org/10.1016/j.inoche.2016.05.005,1
10.1016/j.inoche.2016.05.010,publisher_E,https://doi.org/10.1016/j.inoche.2016.05.010,1
10.1016/j.inoche.2016.06.016,publisher_E,https://doi.org/10.1016/j.inoche.2016.06.016,1
10.1016/j.inoche.2016.06.032,publisher_E,https://doi.org/10.1016/j.inoche.2016.06.032,1
10.1016/j.inoche.2016.07.006,publisher_E,https://doi.org/10.1016/j.inoche.2016.07.006,1
10.1016/j.inoche.2016.08.021,publisher_E,https://doi.org/10.1016/j.inoche.2016.08.021,1
10.1016/j.inoche.2016.09.013,publisher_E,https://doi.org/10.1016/j.inoche.2016.09.013,1
10.1016/j.inoche.2016.10.003,publisher_E,https://doi.org/10.1016/j.inoche.2016.10.003,1
10.1016/j.inoche.2016.10.021,publisher_E,https://doi.org/10.1016/j.inoche.2016.10.021,1
10.1016/j.inoche.2017.01.003,publisher_E,https://doi.org/10.1016/j.inoche.2017.01.003,1
10.1016/j.inoche.2017.03.001,publisher_E,https://doi.org/10.1016/j.inoche.2017.03.001,1
10.1016/j.inoche.2017.03.009,publisher_E,https://doi.org/10.1016/j.inoche.2017.03.009,1
10.1016/j.inoche.2017.03.019,publisher_E,https://doi.org/10.1016/j.inoche.2017.03.019,1
10.1016/j.inoche.2017.03.022,publisher_E,https://doi.org/10.1016/j.inoche.2017.03.022,1
10.1016/j.inoche.2017.04.003,publisher_E,https://doi.org/10.1016/j.inoche.2017.04.003,1
10.1016/j.inoche.2017.04.011,publisher_E,https://doi.org/10.1016/j.inoche.2017.04.011,1
10.1016/j.inoche.2017.05.003,publisher_E,https://doi.org/10.1016/j.inoche.2017.05.003,1
10.1016/j.inoche.2017.05.015,publisher_E,https://doi.org/10.1016/j.inoche.2017.05.015,1
10.1016/j.inoche.2017.05.021,publisher_E,https://doi.org/10.1016/j.inoche.2017.05.021,1
10.1016/j.inoche.2017.05.022,publisher_E,https://doi.org/10.1016/j.inoche.2017.05.022,1
10.1016/j.inoche.2017.06.018,publisher_E,https://doi.org/10.1016/j.inoche.2017.06.018,1
10.1016/j.inoche.2017.06.020,publisher_E,https://doi.org/10.1016/j.inoche.2017.06.020,1
10.1016/j.inoche.2017.07.003,publisher_E,https://doi.org/10.1016/j.inoche.2017.07.003,1
10.1016/j.inoche.2017.07.009,publisher_E,https://doi.org/10.1016/j.inoche.2017.07.009,1
10.1016/j.inoche.2017.08.015,publisher_E,https://doi.org/10.1016/j.inoche.2017.08.015,1
10.1016/j.inoche.2017.08.020,publisher_E,https://doi.org/10.1016/j.inoche.2017.08.020,1
10.1016/j.inoche.2017.09.013,publisher_E,https://doi.org/10.1016/j.inoche.2017.09.013,1
10.1016/j.inoche.2017.09.026,publisher_E,https://doi.org/10.1016/j.inoche.2017.09.026,1
10.1016/j.inoche.2017.10.031,publisher_E,https://doi.org/10.1016/j.inoche.2017.10.031,1
10.1016/j.inoche.2017.11.007,publisher_E,https://doi.org/10.1016/j.inoche.2017.11.007,1
10.1016/j.inoche.2017.11.010,publisher_E,https://doi.org/10.1016/j.inoche.2017.11.010,1
10.1016/j.inoche.2017.12.015,publisher_E,https://doi.org/10.1016/j.inoche.2017.12.015,1
10.1016/j.inoche.2018.01.010,publisher_E,https://doi.org/10.1016/j.inoche.2018.01.010,1
10.1016/j.inoche.2018.01.012,publisher_E,https://doi.org/10.1016/j.inoche.2018.01.012,1
10.1016/j.inoche.2018.02.003,publisher_E,https://doi.org/10.1016/j.inoche.2018.02.003,1
10.1016/j.inoche.2018.02.006,publisher_E,https://doi.org/10.1016/j.inoche.2018.02.006,1
10.1016/j.inoche.2018.02.010,publisher_E,https://doi.org/10.1016/j.inoche.2018.02.010,1
10.1016/j.inoche.2018.03.024,publisher_E,https://doi.org/10.1016/j.inoche.2018.03.024,1
10.1016/j.inoche.2018.04.013,publisher_E,https://doi.org/10.1016/j.inoche.2018.04.013,1
10.1016/j.inoche.2018.04.019,publisher_E,https://doi.org/10.1016/j.inoche.2018.04.019,1
10.1016/j.inoche.2018.05.001,publisher_E,https://doi.org/10.1016/j.inoche.2018.05.001,1
10.1016/j.inoche.2018.05.010,publisher_E,https://doi.org/10.1016/j.inoche.2018.05.010,1
10.1016/j.inoche.2018.05.016,publisher_E,https://doi.org/10.1016/j.inoche.2018.05.016,1
10.1016/j.inoche.2018.05.020,publisher_E,https://doi.org/10.1016/j.inoche.2018.05.020,1
10.1016/j.inoche.2018.06.002,publisher_E,https://doi.org/10.1016/j.inoche.2018.06.002,1
10.1016/j.inoche.2018.06.003,publisher_E,https://doi.org/10.1016/j.inoche.2018.06.003,1
10.1016/j.inoche.2018.06.007,publisher_E,https://doi.org/10.1016/j.inoche.2018.06.007,1
10.1016/j.inoche.2018.06.012,publisher_E,https://doi.org/10.1016/j.inoche.2018.06.012,1
10.1016/j.inoche.2018.07.005,publisher_E,https://doi.org/10.1016/j.inoche.2018.07.005,1
10.1016/j.inoche.2018.07.017,publisher_E,https://doi.org/10.1016/j.inoche.2018.07.017,1
10.1016/j.inoche.2018.07.018,publisher_E,https://doi.org/10.1016/j.inoche.2018.07.018,1
10.1016/j.inoche.2018.07.020,publisher_E,https://doi.org/10.1016/j.inoche.2018.07.020,1
10.1016/j.inoche.2018.07.029,publisher_E,https://doi.org/10.1016/j.inoche.2018.07.029,1
10.1016/j.inoche.2018.07.031,publisher_E,https://doi.org/10.1016/j.inoche.2018.07.031,1
10.1016/j.inoche.2018.07.035,publisher_E,https://doi.org/10.1016/j.inoche.2018.07.035,1
10.1016/j.inoche.2018.07.036,publisher_E,https://doi.org/10.1016/j.inoche.2018.07.036,1
10.1016/j.inoche.2018.07.039,publisher_E,https://doi.org/10.1016/j.inoche.2018.07.039,1
10.1016/j.inoche.2018.08.006,publisher_E,https://doi.org/10.1016/j.inoche.2018.08.006,1
10.1016/j.inoche.2018.08.017,publisher_E,https://doi.org/10.1016/j.inoche.2018.08.017,1
10.1016/j.inoche.2018.09.003,publisher_E,https://doi.org/10.1016/j.inoche.2018.09.003,1
10.1016/j.inoche.2018.09.021,publisher_E,https://doi.org/10.1016/j.inoche.2018.09.021,1
10.1016/j.inoche.2018.09.029,publisher_E,https://doi.org/10.1016/j.inoche.2018.09.029,1
10.1016/j.inoche.2018.10.005,publisher_E,https://doi.org/10.1016/j.inoche.2018.10.005,1
10.1016/j.inoche.2018.11.017,publisher_E,https://doi.org/10.1016/j.inoche.2018.11.017,1
10.1016/j.inoche.2018.11.019,publisher_E,https://doi.org/10.1016/j.inoche.2018.11.019,1
10.1016/j.inoche.2018.12.018,publisher_E,https://doi.org/10.1016/j.inoche.2018.12.018,1
10.1016/j.inoche.2018.12.024,publisher_E,https://doi.org/10.1016/j.inoche.2018.12.024,1
10.1016/j.inoche.2019.01.009,publisher_E,https://doi.org/10.1016/j.inoche.2019.01.009,1
10.1016/j.inoche.2019.01.025,publisher_E,https://doi.org/10.1016/j.inoche.2019.01.025,1
10.1016/j.inoche.2019.02.027,publisher_E,https://doi.org/10.1016/j.inoche.2019.02.027,1
10.1016/j.inoche.2019.02.037,publisher_E,https://doi.org/10.1016/j.inoche.2019.02.037,1
10.1016/j.inoche.2019.03.036,publisher_E,https://doi.org/10.1016/j.inoche.2019.03.036,1
10.1016/j.inoche.2019.04.021,publisher_E,https://doi.org/10.1016/j.inoche.2019.04.021,1
10.1016/j.inoche.2019.05.008,publisher_E,https://doi.org/10.1016/j.inoche.2019.05.008,1
10.1016/j.inoche.2019.05.013,publisher_E,https://doi.org/10.1016/j.inoche.2019.05.013,1
10.1016/j.inoche.2019.05.038,publisher_E,https://doi.org/10.1016/j.inoche.2019.05.038,1
10.1016/j.inoche.2019.06.003,publisher_E,https://doi.org/10.1016/j.inoche.2019.06.003,1
10.1016/j.inoche.2019.107448,publisher_E,https://doi.org/10.1016/j.inoche.2019.107448,1
10.1016/j.inoche.2019.107474,publisher_E,https://doi.org/10.1016/j.inoche.2019.107474,1
10.1016/j.inoche.2019.107488,publisher_E,https://doi.org/10.1016/j.inoche.2019.107488,1
10.1016/j.inoche.2019.107512,publisher_E,https://doi.org/10.1016/j.inoche.2019.107512,1
10.1016/j.inoche.2019.107536,publisher_E,https://doi.org/10.1016/j.inoche.2019.107536,1
10.1016/j.inoche.2019.107624,publisher_E,https://doi.org/10.1016/j.inoche.2019.107624,1
10.1016/j.inoche.2019.107641,publisher_E,https://doi.org/10.1016/j.inoche.2019.107641,1
10.1016/j.inoche.2019.107713,publisher_E,https://doi.org/10.1016/j.inoche.2019.107713,1
10.1016/j.inoche.2019.107726,publisher_E,https://doi.org/10.1016/j.inoche.2019.107726,1
10.1016/j.inoche.2019.107734,publisher_E,https://doi.org/10.1016/j.inoche.2019.107734,1
10.1016/j.inoche.2020.107766,publisher_E,https://doi.org/10.1016/j.inoche.2020.107766,1
10.1016/j.inoche.2020.107773,publisher_E,https://doi.org/10.1016/j.inoche.2020.107773,1
10.1016/j.inoche.2020.107797,publisher_E,https://doi.org/10.1016/j.inoche.2020.107797,1
10.1016/j.inoche.2020.107813,publisher_E,https://doi.org/10.1016/j.inoche.2020.107813,1
10.1016/j.inoche.2020.107887,publisher_E,https://doi.org/10.1016/j.inoche.2020.107887,1
10.1016/j.inoche.2020.107912,publisher_E,https://doi.org/10.1016/j.inoche.2020.107912,1
10.1016/j.inoche.2020.107949,publisher_E,https://doi.org/10.1016/j.inoche.2020.107949,1
10.1016/j.inoche.2020.108011,publisher_E,https://doi.org/10.1016/j.inoche.2020.108011,1
10.1016/j.inoche.2020.108030,publisher_E,https://doi.org/10.1016/j.inoche.2020.108030,1
10.1016/j.inoche.2020.108032,publisher_E,https://doi.org/10.1016/j.inoche.2020.108032,1
10.1016/j.inoche.2020.108076,publisher_E,https://doi.org/10.1016/j.inoche.2020.108076,1
10.1016/j.inoche.2020.108235,publisher_E,https://doi.org/10.1016/j.inoche.2020.108235,1
10.1016/j.inoche.2021.108449,publisher_E,https://doi.org/10.1016/j.inoche.2021.108449,1
10.1016/j.inoche.2021.108502,publisher_E,https://doi.org/10.1016/j.inoche.2021.108502,1
10.1016/j.inoche.2021.108550,publisher_E,https://doi.org/10.1016/j.inoche.2021.108550,1
10.1016/j.inoche.2021.108584,publisher_E,https://doi.org/10.1016/j.inoche.2021.108584,1
10.1016/j.inoche.2021.108604,publisher_E,https://doi.org/10.1016/j.inoche.2021.108604,1
10.1016/j.inoche.2021.108613,publisher_E,https://doi.org/10.1016/j.inoche.2021.108613,1
10.1016/j.inoche.2021.108644,publisher_E,https://doi.org/10.1016/j.inoche.2021.108644,1
10.1016/j.inoche.2021.108657,publisher_E,https://doi.org/10.1016/j.inoche.2021.108657,1
10.1016/j.inoche.2021.108693,publisher_E,https://doi.org/10.1016/j.inoche.2021.108693,1
10.1016/j.inoche.2021.108870,publisher_E,https://doi.org/10.1016/j.inoche.2021.108870,1
10.1016/j.inoche.2021.108896,publisher_E,https://doi.org/10.1016/j.inoche.2021.108896,1
10.1016/j.inoche.2021.108928,publisher_E,https://doi.org/10.1016/j.inoche.2021.108928,1
10.1016/j.inoche.2021.109017,publisher_E,https://doi.org/10.1016/j.inoche.2021.109017,1
10.1016/j.inoche.2021.109078,publisher_E,https://doi.org/10.1016/j.inoche.2021.109078,1
10.1016/j.inoche.2021.109141,publisher_E,https://doi.org/10.1016/j.inoche.2021.109141,1
10.1016/j.inoche.2022.109251,publisher_E,https://doi.org/10.1016/j.inoche.2022.109251,1
10.1016/j.inoche.2022.109405,publisher_E,https://doi.org/10.1016/j.inoche.2022.109405,1
10.1016/j.inoche.2022.109431,publisher_E,https://doi.org/10.1016/j.inoche.2022.109431,1
10.1016/j.inoche.2022.109534,publisher_E,https://doi.org/10.1016/j.inoche.2022.109534,1
10.1016/j.inoche.2022.110078,publisher_E,https://doi.org/10.1016/j.inoche.2022.110078,1
10.1016/j.inoche.2022.110137,publisher_E,https://doi.org/10.1016/j.inoche.2022.110137,1
10.1016/j.inoche.2022.110196,publisher_E,https://doi.org/10.1016/j.inoche.2022.110196,1
10.1016/j.inoche.2023.110455,publisher_E,https://doi.org/10.1016/j.inoche.2023.110455,1
10.1016/j.inoche.2023.110477,publisher_E,https://doi.org/10.1016/j.inoche.2023.110477,1
10.1016/j.inoche.2023.110542,publisher_E,https://doi.org/10.1016/j.inoche.2023.110542,1
10.1016/j.inoche.2023.110748,publisher_E,https://doi.org/10.1016/j.inoche.2023.110748,1
10.1016/j.inoche.2023.110783,publisher_E,https://doi.org/10.1016/j.inoche.2023.110783,1
10.1016/j.inoche.2023.110920,publisher_E,https://doi.org/10.1016/j.inoche.2023.110920,1
10.1016/j.inoche.2023.111056,publisher_E,https://doi.org/10.1016/j.inoche.2023.111056,1
10.1016/j.inoche.2023.111095,publisher_E,https://doi.org/10.1016/j.inoche.2023.111095,1
10.1016/j.inoche.2023.111108,publisher_E,https://doi.org/10.1016/j.inoche.2023.111108,1
10.1016/j.inoche.2023.111252,publisher_E,https://doi.org/10.1016/j.inoche.2023.111252,1
10.1016/j.inoche.2023.111340,publisher_E,https://doi.org/10.1016/j.inoche.2023.111340,1
10.1016/j.inoche.2023.111394,publisher_E,https://doi.org/10.1016/j.inoche.2023.111394,1
10.1016/j.inoche.2023.111476,publisher_E,https://doi.org/10.1016/j.inoche.2023.111476,1
10.1016/j.inoche.2023.111612,publisher_E,https://doi.org/10.1016/j.inoche.2023.111612,1
10.1016/j.inoche.2023.111634,publisher_E,https://doi.org/10.1016/j.inoche.2023.111634,1
10.1016/j.inoche.2023.111679,publisher_E,https://doi.org/10.1016/j.inoche.2023.111679,1
10.1016/j.inoche.2023.111819,publisher_E,https://doi.org/10.1016/j.inoche.2023.111819,1
10.1016/j.inoche.2024.112172,publisher_E,https://doi.org/10.1016/j.inoche.2024.112172,1
10.1016/j.inoche.2024.112741,publisher_E,https://doi.org/10.1016/j.inoche.2024.112741,1
10.1016/j.inoche.2024.112781,publisher_E,https://doi.org/10.1016/j.inoche.2024.112781,1
10.1016/j.inoche.2024.112915,publisher_E,https://doi.org/10.1016/j.inoche.2024.112915,1
10.1016/j.inoche.2024.113174,publisher_E,https://doi.org/10.1016/j.inoche.2024.113174,1
10.1016/j.inoche.2024.113351,publisher_E,https://doi.org/10.1016/j.inoche.2024.113351,1
10.1016/j.inoche.2024.113582,publisher_E,https://doi.org/10.1016/j.inoche.2024.113582,1
10.1016/j.inoche.2024.113589,publisher_E,https://doi.org/10.1016/j.inoche.2024.113589,1
10.1016/j.inoche.2024.113590,publisher_E,https://doi.org/10.1016/j.inoche.2024.113590,1
10.1016/j.inoche.2024.113686,publisher_E,https://doi.org/10.1016/j.inoche.2024.113686,1
10.1016/j.inoche.2024.113833,publisher_E,https://doi.org/10.1016/j.inoche.2024.113833,1
10.1016/j.inoche.2025.113978,publisher_E,https://doi.org/10.1016/j.inoche.2025.113978,1
10.1016/j.inoche.2025.114194,publisher_E,https://doi.org/10.1016/j.inoche.2025.114194,1
10.1016/j.inoche.2025.114321,publisher_E,https://doi.org/10.1016/j.inoche.2025.114321,1
10.1016/j.inoche.2025.114429,publisher_E,https://doi.org/10.1016/j.inoche.2025.114429,1
10.1016/j.inoche.2025.114444,publisher_E,https://doi.org/10.1016/j.inoche.2025.114444,1
10.1016/j.inoche2014.09.033,publisher_E,https://doi.org/10.1016/j.inoche2014.09.033,0
10.1016/j.jallcom.2007.04.199,publisher_E,https://doi.org/10.1016/j.jallcom.2007.04.199,1
10.1016/j.jallcom.2012.06.030,publisher_E,https://doi.org/10.1016/j.jallcom.2012.06.030,1
10.1016/j.jallcom.2013.09.195,publisher_E,https://doi.org/10.1016/j.jallcom.2013.09.195,1
10.1016/j.jallcom.2017.01.260,publisher_E,https://doi.org/10.1016/j.jallcom.2017.01.260,1
10.1016/j.jallcom.2017.07.095,publisher_E,https://doi.org/10.1016/j.jallcom.2017.07.095,1
10.1016/j.jallcom.2018.12.157,publisher_E,https://doi.org/10.1016/j.jallcom.2018.12.157,1
10.1016/j.jallcom.2022.167647,publisher_E,https://doi.org/10.1016/j.jallcom.2022.167647,1
10.1016/j.jallcom.2023.169138,publisher_E,https://doi.org/10.1016/j.jallcom.2023.169138,1
10.1016/j.jallcom.2023.169747,publisher_E,https://doi.org/10.1016/j.jallcom.2023.169747,1
10.1016/j.jallcom.2023.170309,publisher_E,https://doi.org/10.1016/j.jallcom.2023.170309,1
10.1016/j.jcat.2008.05.021,unmapped,https://doi.org/10.1016/j.jcat.2008.05.021,0
10.1016/j.jcat.2009.11.011,unmapped,https://doi.org/10.1016/j.jcat.2009.11.011,0
10.1016/j.jcat.2011.04.004,unmapped,https://doi.org/10.1016/j.jcat.2011.04.004,0
10.1016/j.jcat.2012.01.013,unmapped,https://doi.org/10.1016/j.jcat.2012.01.013,0
10.1016/j.jcat.2014.09.010,unmapped,https://doi.org/10.1016/j.jcat.2014.09.010,0
10.1016/j.jcat.2015.10.026,unmapped,https://doi.org/10.1016/j.jcat.2015.10.026,0
10.1016/j.jcat.2016.02.013,unmapped,https://doi.org/10.1016/j.jcat.2016.02.013,0
10.1016/j.jcat.2018.06.013,unmapped,https://doi.org/10.1016/j.jcat.2018.06.013,0
10.1016/j.jcat.2018.11.031,unmapped,https://doi.org/10.1016/j.jcat.2018.11.031,0
10.1016/j.jcat.2020.04.013,unmapped,https://doi.org/10.1016/j.jcat.2020.04.013,0
10.1016/j.jcat.2020.05.033,unmapped,https://doi.org/10.1016/j.jcat.2020.05.033,0
10.1016/j.jcat.2020.09.037,unmapped,https://doi.org/10.1016/j.jcat.2020.09.037,0
10.1016/j.jcat.2021.08.008,unmapped,https://doi.org/10.1016/j.jcat.2021.08.008,0
10.1016/j.jcat.2022.01.010,unmapped,https://doi.org/10.1016/j.jcat.2022.01.010,0
10.1016/j.jcat.2022.01.031,unmapped,https://doi.org/10.1016/j.jcat.2022.01.031,0
10.1016/j.jcat.2022.09.021,unmapped,https://doi.org/10.1016/j.jcat.2022.09.021,0
10.1016/j.jcat.2023.115249,unmapped,https://doi.org/10.1016/j.jcat.2023.115249,0
10.1016/j.jcat.2024.115395,unmapped,https://doi.org/10.1016/j.jcat.2024.115395,0
10.1016/j.jcat.2024.115589,unmapped,https://doi.org/10.1016/j.jcat.2024.115589,0
10.1016/j.jcat.2024.115641,unmapped,https://doi.org/10.1016/j.jcat.2024.115641,0
10.1016/j.jcat.2025.116309,unmapped,https://doi.org/10.1016/j.jcat.2025.116309,0
10.1016/j.jcis.2011.09.060,unmapped,https://doi.org/10.1016/j.jcis.2011.09.060,0
10.1016/j.jcis.2014.03.014,unmapped,https://doi.org/10.1016/j.jcis.2014.03.014,0
10.1016/j.jcis.2015.01.027,unmapped,https://doi.org/10.1016/j.jcis.2015.01.027,0
10.1016/j.jcis.2015.05.005,unmapped,https://doi.org/10.1016/j.jcis.2015.05.005,0
10.1016/j.jcis.2015.09.015,unmapped,https://doi.org/10.1016/j.jcis.2015.09.015,0
10.1016/j.jcis.2015.11.036,unmapped,https://doi.org/10.1016/j.jcis.2015.11.036,0
10.1016/j.jcis.2016.09.068,unmapped,https://doi.org/10.1016/j.jcis.2016.09.068,0
10.1016/j.jcis.2016.11.100,unmapped,https://doi.org/10.1016/j.jcis.2016.11.100,0
10.1016/j.jcis.2017.01.060,unmapped,https://doi.org/10.1016/j.jcis.2017.01.060,0
10.1016/j.jcis.2017.03.101,unmapped,https://doi.org/10.1016/j.jcis.2017.03.101,0
10.1016/j.jcis.2017.11.034,unmapped,https://doi.org/10.1016/j.jcis.2017.11.034,0
10.1016/j.jcis.2017.12.014,unmapped,https://doi.org/10.1016/j.jcis.2017.12.014,0
10.1016/j.jcis.2018.01.070,unmapped,https://doi.org/10.1016/j.jcis.2018.01.070,0
10.1016/j.jcis.2018.02.003,unmapped,https://doi.org/10.1016/j.jcis.2018.02.003,0
10.1016/j.jcis.2018.04.063,unmapped,https://doi.org/10.1016/j.jcis.2018.04.063,0
10.1016/j.jcis.2018.05.008,unmapped,https://doi.org/10.1016/j.jcis.2018.05.008,0
10.1016/j.jcis.2018.08.029,unmapped,https://doi.org/10.1016/j.jcis.2018.08.029,0
10.1016/j.jcis.2019.10.093,unmapped,https://doi.org/10.1016/j.jcis.2019.10.093,0
10.1016/j.jcis.2020.03.076,unmapped,https://doi.org/10.1016/j.jcis.2020.03.076,0
10.1016/j.jcis.2020.12.070,unmapped,https://doi.org/10.1016/j.jcis.2020.12.070,0
10.1016/j.jcis.2021.05.136,unmapped,https://doi.org/10.1016/j.jcis.2021.05.136,0
10.1016/j.jcis.2021.05.169,unmapped,https://doi.org/10.1016/j.jcis.2021.05.169,0
10.1016/j.jcis.2021.09.031,unmapped,https://doi.org/10.1016/j.jcis.2021.09.031,0
10.1016/j.jcis.2021.10.145,unmapped,https://doi.org/10.1016/j.jcis.2021.10.145,0
10.1016/j.jcis.2021.12.163,unmapped,https://doi.org/10.1016/j.jcis.2021.12.163,0
10.1016/j.jcis.2022.05.082,unmapped,https://doi.org/10.1016/j.jcis.2022.05.082,0
10.1016/j.jcis.2022.07.059,unmapped,https://doi.org/10.1016/j.jcis.2022.07.059,0
10.1016/j.jcis.2022.07.185,unmapped,https://doi.org/10.1016/j.jcis.2022.07.185,0
10.1016/j.jcis.2022.08.073,unmapped,https://doi.org/10.1016/j.jcis.2022.08.073,0
10.1016/j.jcis.2022.08.133,unmapped,https://doi.org/10.1016/j.jcis.2022.08.133,0
10.1016/j.jcis.2022.09.004,unmapped,https://doi.org/10.1016/j.jcis.2022.09.004,0
10.1016/j.jcis.2023.01.143,unmapped,https://doi.org/10.1016/j.jcis.2023.01.143,0
10.1016/j.jcis.2023.05.069,unmapped,https://doi.org/10.1016/j.jcis.2023.05.069,0
10.1016/j.jcis.2023.08.006,unmapped,https://doi.org/10.1016/j.jcis.2023.08.006,0
10.1016/j.jcis.2023.09.010,unmapped,https://doi.org/10.1016/j.jcis.2023.09.010,0
10.1016/j.jcis.2023.12.110,unmapped,https://doi.org/10.1016/j.jcis.2023.12.110,0
10.1016/j.jcis.2024.01.012,unmapped,https://doi.org/10.1016/j.jcis.2024.01.012,0
10.1016/j.jcis.2024.02.067,unmapped,https://doi.org/10.1016/j.jcis.2024.02.067,0
10.1016/j.jcis.2024.05.104,unmapped,https://doi.org/10.1016/j.jcis.2024.05.104,0
10.1016/j.jcis.2024.05.211,unmapped,https://doi.org/10.1016/j.jcis.2024.05.211,0
10.1016/j.jcis.2024.06.125,unmapped,https://doi.org/10.1016/j.jcis.2024.06.125,0
10.1016/j.jcis.2024.10.169,unmapped,https://doi.org/10.1016/j.jcis.2024.10.169,0
10.1016/j.jcis.2024.11.019,unmapped,https://doi.org/10.1016/j.jcis.2024.11.019,0
10.1016/j.jcis.2025.02.088,unmapped,https://doi.org/10.1016/j.jcis.2025.02.088,0
10.1016/j.jcis.2025.02.096,unmapped,https://doi.org/10.1016/j.jcis.2025.02.096,0
10.1016/j.jcou.2017.05.026,publisher_E,https://doi.org/10.1016/j.jcou.2017.05.026,1
10.1016/j.jcou.2017.10.015,publisher_E,https://doi.org/10.1016/j.jcou.2017.10.015,1
10.1016/j.jcou.2018.03.006,publisher_E,https://doi.org/10.1016/j.jcou.2018.03.006,1
10.1016/j.jcou.2018.08.002,publisher_E,https://doi.org/10.1016/j.jcou.2018.08.002,1
10.1016/j.jcou.2020.101173,publisher_E,https://doi.org/10.1016/j.jcou.2020.101173,1
10.1016/j.jcou.2020.101177,publisher_E,https://doi.org/10.1016/j.jcou.2020.101177,1
10.1016/j.jcou.2021.101603,publisher_E,https://doi.org/10.1016/j.jcou.2021.101603,1
10.1016/j.jcou.2022.101951,publisher_E,https://doi.org/10.1016/j.jcou.2022.101951,1
10.1016/j.jcou.2022.101960,publisher_E,https://doi.org/10.1016/j.jcou.2022.101960,1
10.1016/j.jcou.2022.101961,publisher_E,https://doi.org/10.1016/j.jcou.2022.101961,1
10.1016/j.jcou.2022.102166,publisher_E,https://doi.org/10.1016/j.jcou.2022.102166,1
10.1016/j.jcou.2022.102235,publisher_E,https://doi.org/10.1016/j.jcou.2022.102235,1
10.1016/j.jcou.2022.102262,publisher_E,https://doi.org/10.1016/j.jcou.2022.102262,1
10.1016/j.jcou.2022.102352,publisher_E,https://doi.org/10.1016/j.jcou.2022.102352,1
10.1016/j.jcou.2023.102633,publisher_E,https://doi.org/10.1016/j.jcou.2023.102633,1
10.1016/j.jcou.2024.102933,publisher_E,https://doi.org/10.1016/j.jcou.2024.102933,1
10.1016/j.jcou.2025.103025,publisher_E,https://doi.org/10.1016/j.jcou.2025.103025,1
10.1016/j.jcrysgro.2016.07.004,publisher_E,https://doi.org/10.1016/j.jcrysgro.2016.07.004,1
10.1016/j.jcrysgro.2023.127348,publisher_E,https://doi.org/10.1016/j.jcrysgro.2023.127348,1
10.1016/j.jechem.2016.06.003,publisher_E,https://doi.org/10.1016/j.jechem.2016.06.003,1
10.1016/j.jelechem.2018.04.015,publisher_E,https://doi.org/10.1016/j.jelechem.2018.04.015,1
10.1016/j.jelechem.2022.116124,publisher_E,https://doi.org/10.1016/j.jelechem.2022.116124,1
10.1016/j.jfluchem.2016.07.003,publisher_E,https://doi.org/10.1016/j.jfluchem.2016.07.003,1
10.1016/j.jfluchem.2017.12.005,publisher_E,https://doi.org/10.1016/j.jfluchem.2017.12.005,1
10.1016/j.jics.2024.101125,publisher_E,https://doi.org/10.1016/j.jics.2024.101125,1
10.1016/j.jics.2024.101166,publisher_E,https://doi.org/10.1016/j.jics.2024.101166,1
10.1016/j.jics.2024.101335,publisher_E,https://doi.org/10.1016/j.jics.2024.101335,1
10.1016/j.jics.2025.101756,publisher_E,https://doi.org/10.1016/j.jics.2025.101756,1
10.1016/j.jiec.2013.01.026,publisher_E,https://doi.org/10.1016/j.jiec.2013.01.026,1
10.1016/j.jiec.2016.08.025,publisher_E,https://doi.org/10.1016/j.jiec.2016.08.025,1
10.1016/j.jiec.2017.05.028,publisher_E,https://doi.org/10.1016/j.jiec.2017.05.028,1
10.1016/j.jiec.2018.03.006,publisher_E,https://doi.org/10.1016/j.jiec.2018.03.006,1
10.1016/j.jiec.2018.07.003,publisher_E,https://doi.org/10.1016/j.jiec.2018.07.003,1
10.1016/j.jiec.2018.11.040,publisher_E,https://doi.org/10.1016/j.jiec.2018.11.040,1
10.1016/j.jiec.2019.08.013,publisher_E,https://doi.org/10.1016/j.jiec.2019.08.013,1
10.1016/j.jiec.2020.05.016,publisher_E,https://doi.org/10.1016/j.jiec.2020.05.016,1
10.1016/j.jiec.2020.07.009,publisher_E,https://doi.org/10.1016/j.jiec.2020.07.009,1
10.1016/j.jiec.2023.09.013,publisher_E,https://doi.org/10.1016/j.jiec.2023.09.013,1
10.1016/j.jiec.2023.12.021,publisher_E,https://doi.org/10.1016/j.jiec.2023.12.021,1
10.1016/j.jiec.2024.03.037,publisher_E,https://doi.org/10.1016/j.jiec.2024.03.037,1
10.1016/j.jiec.2024.04.031,publisher_E,https://doi.org/10.1016/j.jiec.2024.04.031,1
10.1016/j.jiec.2024.05.019,publisher_E,https://doi.org/10.1016/j.jiec.2024.05.019,1
10.1016/j.jinorgbio.2019.110818,publisher_E,https://doi.org/10.1016/j.jinorgbio.2019.110818,1
10.1016/j.jinorgbio.2019.110977,publisher_E,https://doi.org/10.1016/j.jinorgbio.2019.110977,1
10.1016/j.jmrt.2020.05.015,publisher_E,https://doi.org/10.1016/j.jmrt.2020.05.015,1
10.1016/j.jmrt.2022.03.028,publisher_E,https://doi.org/10.1016/j.jmrt.2022.03.028,1
10.1016/j.jmst.2024.11.036,publisher_E,https://doi.org/10.1016/j.jmst.2024.11.036,1
10.1016/j.jnoncrysol.2019.119665,publisher_E,https://doi.org/10.1016/j.jnoncrysol.2019.119665,1
10.1016/j.jorganchem.2006.07.048,publisher_E,https://doi.org/10.1016/j.jorganchem.2006.07.048,1
10.1016/j.jorganchem.2007.07.001,publisher_E,https://doi.org/10.1016/j.jorganchem.2007.07.001,1
10.1016/j.jorganchem.2009.01.037,publisher_E,https://doi.org/10.1016/j.jorganchem.2009.01.037,1
10.1016/j.jorganchem.2009.03.008,publisher_E,https://doi.org/10.1016/j.jorganchem.2009.03.008,1
10.1016/j.jorganchem.2011.12.017,publisher_E,https://doi.org/10.1016/j.jorganchem.2011.12.017,1
10.1016/j.jorganchem.2012.08.008,publisher_E,https://doi.org/10.1016/j.jorganchem.2012.08.008,1
10.1016/j.jorganchem.2018.04.032,publisher_E,https://doi.org/10.1016/j.jorganchem.2018.04.032,1
10.1016/j.jorganchem.2021.122221,publisher_E,https://doi.org/10.1016/j.jorganchem.2021.122221,1
10.1016/j.jorganchem.2023.122922,publisher_E,https://doi.org/10.1016/j.jorganchem.2023.122922,1
10.1016/j.jorganchem.2024.123074,publisher_E,https://doi.org/10.1016/j.jorganchem.2024.123074,1
10.1016/j.jorganchem.2024.123169,publisher_E,https://doi.org/10.1016/j.jorganchem.2024.123169,1
10.1016/j.jorganchem.2024.123403,publisher_E,https://doi.org/10.1016/j.jorganchem.2024.123403,1
10.1016/j.jorganchem.2025.123563,publisher_E,https://doi.org/10.1016/j.jorganchem.2025.123563,1
10.1016/j.joule.2017.07.018,unmapped,https://doi.org/10.1016/j.joule.2017.07.018,0
10.1016/j.jpcs.2006.11.001,unmapped,https://doi.org/10.1016/j.jpcs.2006.11.001,0
10.1016/j.jpcs.2024.112452,unmapped,https://doi.org/10.1016/j.jpcs.2024.112452,0
10.1016/j.jphotochem.2017.09.069,publisher_E,https://doi.org/10.1016/j.jphotochem.2017.09.069,1
10.1016/j.jphotochem.2018.06.044,publisher_E,https://doi.org/10.1016/j.jphotochem.2018.06.044,1
10.1016/j.jphotochem.2019.112240,publisher_E,https://doi.org/10.1016/j.jphotochem.2019.112240,1
10.1016/j.jphotochem.2021.113572,publisher_E,https://doi.org/10.1016/j.jphotochem.2021.113572,1
10.1016/j.jphotochem.2023.114776,publisher_E,https://doi.org/10.1016/j.jphotochem.2023.114776,1
10.1016/j.jphotochem.2023.115263,publisher_E,https://doi.org/10.1016/j.jphotochem.2023.115263,1
10.1016/j.jphotochem.2023.115333,publisher_E,https://doi.org/10.1016/j.jphotochem.2023.115333,1
10.1016/j.jphotochem.2024.115827,publisher_E,https://doi.org/10.1016/j.jphotochem.2024.115827,1
10.1016/j.jphotochem.2024.115842,publisher_E,https://doi.org/10.1016/j.jphotochem.2024.115842,1
10.1016/j.jre.2019.09.001,publisher_E,https://doi.org/10.1016/j.jre.2019.09.001,1
10.1016/j.jre.2021.01.019,publisher_E,https://doi.org/10.1016/j.jre.2021.01.019,1
10.1016/j.jre.2022.01.012,publisher_E,https://doi.org/10.1016/j.jre.2022.01.012,1
10.1016/j.jre.2022.02.019,publisher_E,https://doi.org/10.1016/j.jre.2022.02.019,1
10.1016/j.jre.2023.02.016,publisher_E,https://doi.org/10.1016/j.jre.2023.02.016,1
10.1016/j.jscs.2020.09.006,publisher_E,https://doi.org/10.1016/j.jscs.2020.09.006,1
10.1016/j.jscs.2024.101856,publisher_E,https://doi.org/10.1016/j.jscs.2024.101856,1
10.1016/j.jssc.2003.09.005,unmapped,https://doi.org/10.1016/j.jssc.2003.09.005,0
10.1016/j.jssc.2004.05.022,unmapped,https://doi.org/10.1016/j.jssc.2004.05.022,0
10.1016/j.jssc.2004.12.004,unmapped,https://doi.org/10.1016/j.jssc.2004.12.004,0
10.1016/j.jssc.2005.02.025,unmapped,https://doi.org/10.1016/j.jssc.2005.02.025,0
10.1016/j.jssc.2005.08.013,unmapped,https://doi.org/10.1016/j.jssc.2005.08.013,0
10.1016/j.jssc.2005.08.014,unmapped,https://doi.org/10.1016/j.jssc.2005.08.014,0
10.1016/j.jssc.2005.12.012,unmapped,https://doi.org/10.1016/j.jssc.2005.12.012,0
10.1016/j.jssc.2007.03.019,unmapped,https://doi.org/10.1016/j.jssc.2007.03.019,0
10.1016/j.jssc.2007.04.010,unmapped,https://doi.org/10.1016/j.jssc.2007.04.010,0
10.1016/j.jssc.2008.03.036,unmapped,https://doi.org/10.1016/j.jssc.2008.03.036,0
10.1016/j.jssc.2008.05.007,unmapped,https://doi.org/10.1016/j.jssc.2008.05.007,0
10.1016/j.jssc.2008.05.011,unmapped,https://doi.org/10.1016/j.jssc.2008.05.011,0
10.1016/j.jssc.2008.05.039,unmapped,https://doi.org/10.1016/j.jssc.2008.05.039,0
10.1016/j.jssc.2008.08.006,unmapped,https://doi.org/10.1016/j.jssc.2008.08.006,0
10.1016/j.jssc.2008.11.018,unmapped,https://doi.org/10.1016/j.jssc.2008.11.018,0
10.1016/j.jssc.2008.11.031,unmapped,https://doi.org/10.1016/j.jssc.2008.11.031,0
10.1016/j.jssc.2008.12.022,unmapped,https://doi.org/10.1016/j.jssc.2008.12.022,0
10.1016/j.jssc.2009.03.010,unmapped,https://doi.org/10.1016/j.jssc.2009.03.010,0
10.1016/j.jssc.2009.03.012,unmapped,https://doi.org/10.1016/j.jssc.2009.03.012,0
10.1016/j.jssc.2009.03.019,unmapped,https://doi.org/10.1016/j.jssc.2009.03.019,0
10.1016/j.jssc.2009.04.034,unmapped,https://doi.org/10.1016/j.jssc.2009.04.034,0
10.1016/j.jssc.2009.06.042,unmapped,https://doi.org/10.1016/j.jssc.2009.06.042,0
10.1016/j.jssc.2009.07.019,unmapped,https://doi.org/10.1016/j.jssc.2009.07.019,0
10.1016/j.jssc.2009.07.048,unmapped,https://doi.org/10.1016/j.jssc.2009.07.048,0
10.1016/j.jssc.2009.07.062,unmapped,https://doi.org/10.1016/j.jssc.2009.07.062,0
10.1016/j.jssc.2009.08.018,unmapped,https://doi.org/10.1016/j.jssc.2009.08.018,0
10.1016/j.jssc.2009.08.024,unmapped,https://doi.org/10.1016/j.jssc.2009.08.024,0
10.1016/j.jssc.2009.09.027,unmapped,https://doi.org/10.1016/j.jssc.2009.09.027,0
10.1016/j.jssc.2009.10.026,unmapped,https://doi.org/10.1016/j.jssc.2009.10.026,0
10.1016/j.jssc.2009.11.003,unmapped,https://doi.org/10.1016/j.jssc.2009.11.003,0
10.1016/j.jssc.2010.01.027,unmapped,https://doi.org/10.1016/j.jssc.2010.01.027,0
10.1016/j.jssc.2010.03.006,unmapped,https://doi.org/10.1016/j.jssc.2010.03.006,0
10.1016/j.jssc.2010.03.034,unmapped,https://doi.org/10.1016/j.jssc.2010.03.034,0
10.1016/j.jssc.2010.09.034,unmapped,https://doi.org/10.1016/j.jssc.2010.09.034,0
10.1016/j.jssc.2010.10.006,unmapped,https://doi.org/10.1016/j.jssc.2010.10.006,0
10.1016/j.jssc.2010.10.011,unmapped,https://doi.org/10.1016/j.jssc.2010.10.011,0
10.1016/j.jssc.2010.11.012,unmapped,https://doi.org/10.1016/j.jssc.2010.11.012,0
10.1016/j.jssc.2011.04.002,unmapped,https://doi.org/10.1016/j.jssc.2011.04.002,0
10.1016/j.jssc.2011.06.023,unmapped,https://doi.org/10.1016/j.jssc.2011.06.023,0
10.1016/j.jssc.2011.11.032,unmapped,https://doi.org/10.1016/j.jssc.2011.11.032,0
10.1016/j.jssc.2011.12.007,unmapped,https://doi.org/10.1016/j.jssc.2011.12.007,0
10.1016/j.jssc.2012.01.038,unmapped,https://doi.org/10.1016/j.jssc.2012.01.038,0
10.1016/j.jssc.2012.02.049,unmapped,https://doi.org/10.1016/j.jssc.2012.02.049,0
10.1016/j.jssc.2012.03.002,unmapped,https://doi.org/10.1016/j.jssc.2012.03.002,0
10.1016/j.jssc.2012.07.050,unmapped,https://doi.org/10.1016/j.jssc.2012.07.050,0
10.1016/j.jssc.2012.08.036,unmapped,https://doi.org/10.1016/j.jssc.2012.08.036,0
10.1016/j.jssc.2012.08.055,unmapped,https://doi.org/10.1016/j.jssc.2012.08.055,0
10.1016/j.jssc.2012.10.003,unmapped,https://doi.org/10.1016/j.jssc.2012.10.003,0
10.1016/j.jssc.2012.10.028,unmapped,https://doi.org/10.1016/j.jssc.2012.10.028,0
10.1016/j.jssc.2012.12.030,unmapped,https://doi.org/10.1016/j.jssc.2012.12.030,0
10.1016/j.jssc.2013.02.033,unmapped,https://doi.org/10.1016/j.jssc.2013.02.033,0
10.1016/j.jssc.2013.03.043,unmapped,https://doi.org/10.1016/j.jssc.2013.03.043,0
10.1016/j.jssc.2013.05.034,unmapped,https://doi.org/10.1016/j.jssc.2013.05.034,0
10.1016/j.jssc.2013.06.008,unmapped,https://doi.org/10.1016/j.jssc.2013.06.008,0
10.1016/j.jssc.2013.06.021,unmapped,https://doi.org/10.1016/j.jssc.2013.06.021,0
10.1016/j.jssc.2013.07.034,unmapped,https://doi.org/10.1016/j.jssc.2013.07.034,0
10.1016/j.jssc.2013.08.024,unmapped,https://doi.org/10.1016/j.jssc.2013.08.024,0
10.1016/j.jssc.2013.08.026,unmapped,https://doi.org/10.1016/j.jssc.2013.08.026,0
10.1016/j.jssc.2013.08.029,unmapped,https://doi.org/10.1016/j.jssc.2013.08.029,0
10.1016/j.jssc.2013.09.004,unmapped,https://doi.org/10.1016/j.jssc.2013.09.004,0
10.1016/j.jssc.2013.10.004,unmapped,https://doi.org/10.1016/j.jssc.2013.10.004,0
10.1016/j.jssc.2013.10.022,unmapped,https://doi.org/10.1016/j.jssc.2013.10.022,0
10.1016/j.jssc.2013.11.008,unmapped,https://doi.org/10.1016/j.jssc.2013.11.008,0
10.1016/j.jssc.2013.12.001,unmapped,https://doi.org/10.1016/j.jssc.2013.12.001,0
10.1016/j.jssc.2014.01.018,unmapped,https://doi.org/10.1016/j.jssc.2014.01.018,0
10.1016/j.jssc.2014.01.026,unmapped,https://doi.org/10.1016/j.jssc.2014.01.026,0
10.1016/j.jssc.2014.01.028,unmapped,https://doi.org/10.1016/j.jssc.2014.01.028,0
10.1016/j.jssc.2014.03.005,unmapped,https://doi.org/10.1016/j.jssc.2014.03.005,0
10.1016/j.jssc.2014.04.017,unmapped,https://doi.org/10.1016/j.jssc.2014.04.017,0
10.1016/j.jssc.2014.05.010,unmapped,https://doi.org/10.1016/j.jssc.2014.05.010,0
10.1016/j.jssc.2014.05.011,unmapped,https://doi.org/10.1016/j.jssc.2014.05.011,0
10.1016/j.jssc.2014.05.022,unmapped,https://doi.org/10.1016/j.jssc.2014.05.022,0
10.1016/j.jssc.2014.06.003,unmapped,https://doi.org/10.1016/j.jssc.2014.06.003,0
10.1016/j.jssc.2014.06.017,unmapped,https://doi.org/10.1016/j.jssc.2014.06.017,0
10.1016/j.jssc.2014.07.029,unmapped,https://doi.org/10.1016/j.jssc.2014.07.029,0
10.1016/j.jssc.2014.08.007,unmapped,https://doi.org/10.1016/j.jssc.2014.08.007,0
10.1016/j.jssc.2014.10.002,unmapped,https://doi.org/10.1016/j.jssc.2014.10.002,0
10.1016/j.jssc.2014.11.015,unmapped,https://doi.org/10.1016/j.jssc.2014.11.015,0
10.1016/j.jssc.2014.11.022,unmapped,https://doi.org/10.1016/j.jssc.2014.11.022,0
10.1016/j.jssc.2014.11.027,unmapped,https://doi.org/10.1016/j.jssc.2014.11.027,0
10.1016/j.jssc.2014.11.028,unmapped,https://doi.org/10.1016/j.jssc.2014.11.028,0
10.1016/j.jssc.2015.01.001,unmapped,https://doi.org/10.1016/j.jssc.2015.01.001,0
10.1016/j.jssc.2015.01.032,unmapped,https://doi.org/10.1016/j.jssc.2015.01.032,0
10.1016/j.jssc.2015.02.024,unmapped,https://doi.org/10.1016/j.jssc.2015.02.024,0
10.1016/j.jssc.2015.03.020,unmapped,https://doi.org/10.1016/j.jssc.2015.03.020,0
10.1016/j.jssc.2015.03.035,unmapped,https://doi.org/10.1016/j.jssc.2015.03.035,0
10.1016/j.jssc.2015.04.001,unmapped,https://doi.org/10.1016/j.jssc.2015.04.001,0
10.1016/j.jssc.2015.04.026,unmapped,https://doi.org/10.1016/j.jssc.2015.04.026,0
10.1016/j.jssc.2015.04.041,unmapped,https://doi.org/10.1016/j.jssc.2015.04.041,0
10.1016/j.jssc.2015.05.008,unmapped,https://doi.org/10.1016/j.jssc.2015.05.008,0
10.1016/j.jssc.2015.05.018,unmapped,https://doi.org/10.1016/j.jssc.2015.05.018,0
10.1016/j.jssc.2015.07.008,unmapped,https://doi.org/10.1016/j.jssc.2015.07.008,0
10.1016/j.jssc.2015.07.017,unmapped,https://doi.org/10.1016/j.jssc.2015.07.017,0
10.1016/j.jssc.2015.07.035,unmapped,https://doi.org/10.1016/j.jssc.2015.07.035,0
10.1016/j.jssc.2015.08.006,unmapped,https://doi.org/10.1016/j.jssc.2015.08.006,0
10.1016/j.jssc.2015.08.021,unmapped,https://doi.org/10.1016/j.jssc.2015.08.021,0
10.1016/j.jssc.2015.08.025,unmapped,https://doi.org/10.1016/j.jssc.2015.08.025,0
10.1016/j.jssc.2015.08.037,unmapped,https://doi.org/10.1016/j.jssc.2015.08.037,0
10.1016/j.jssc.2015.09.027,unmapped,https://doi.org/10.1016/j.jssc.2015.09.027,0
10.1016/j.jssc.2015.09.034,unmapped,https://doi.org/10.1016/j.jssc.2015.09.034,0
10.1016/j.jssc.2015.09.036,unmapped,https://doi.org/10.1016/j.jssc.2015.09.036,0
10.1016/j.jssc.2015.10.033,unmapped,https://doi.org/10.1016/j.jssc.2015.10.033,0
10.1016/j.jssc.2015.10.034,unmapped,https://doi.org/10.1016/j.jssc.2015.10.034,
10.1016/j.jssc.2015.11.020,unmapped,https://doi.org/10.1016/j.jssc.2015.11.020,
10.1016/j.jssc.2015.11.034,unmapped,https://doi.org/10.1016/j.jssc.2015.11.034,
10.1016/j.jssc.2016.02.038,unmapped,https://doi.org/10.1016/j.jssc.2016.02.038,
10.1016/j.jssc.2016.03.034,unmapped,https://doi.org/10.1016/j.jssc.2016.03.034,
10.1016/j.jssc.2016.03.043,unmapped,https://doi.org/10.1016/j.jssc.2016.03.043,
10.1016/j.jssc.2016.04.001,unmapped,https://doi.org/10.1016/j.jssc.2016.04.001,
10.1016/j.jssc.2016.05.005,unmapped,https://doi.org/10.1016/j.jssc.2016.05.005,
10.1016/j.jssc.2016.05.023,unmapped,https://doi.org/10.1016/j.jssc.2016.05.023,
10.1016/j.jssc.2016.05.034,unmapped,https://doi.org/10.1016/j.jssc.2016.05.034,
10.1016/j.jssc.2016.06.001,unmapped,https://doi.org/10.1016/j.jssc.2016.06.001,
10.1016/j.jssc.2016.06.017,unmapped,https://doi.org/10.1016/j.jssc.2016.06.017,
10.1016/j.jssc.2016.06.021,unmapped,https://doi.org/10.1016/j.jssc.2016.06.021,
10.1016/j.jssc.2016.08.001,unmapped,https://doi.org/10.1016/j.jssc.2016.08.001,
10.1016/j.jssc.2016.09.008,unmapped,https://doi.org/10.1016/j.jssc.2016.09.008,
10.1016/j.jssc.2016.09.009,unmapped,https://doi.org/10.1016/j.jssc.2016.09.009,
10.1016/j.jssc.2016.09.018,unmapped,https://doi.org/10.1016/j.jssc.2016.09.018,
10.1016/j.jssc.2016.09.025,unmapped,https://doi.org/10.1016/j.jssc.2016.09.025,
10.1016/j.jssc.2016.09.033,unmapped,https://doi.org/10.1016/j.jssc.2016.09.033,
10.1016/j.jssc.2016.10.009,unmapped,https://doi.org/10.1016/j.jssc.2016.10.009,
10.1016/j.jssc.2016.10.015,unmapped,https://doi.org/10.1016/j.jssc.2016.10.015,
10.1016/j.jssc.2016.11.005,unmapped,https://doi.org/10.1016/j.jssc.2016.11.005,
10.1016/j.jssc.2016.11.030,unmapped,https://doi.org/10.1016/j.jssc.2016.11.030,
10.1016/j.jssc.2017.01.020,unmapped,https://doi.org/10.1016/j.jssc.2017.01.020,
10.1016/j.jssc.2017.01.027,unmapped,https://doi.org/10.1016/j.jssc.2017.01.027,
10.1016/j.jssc.2017.02.018,unmapped,https://doi.org/10.1016/j.jssc.2017.02.018,
10.1016/j.jssc.2017.02.028,unmapped,https://doi.org/10.1016/j.jssc.2017.02.028,
10.1016/j.jssc.2017.04.018,unmapped,https://doi.org/10.1016/j.jssc.2017.04.018,
10.1016/j.jssc.2017.04.026,unmapped,https://doi.org/10.1016/j.jssc.2017.04.026,
10.1016/j.jssc.2017.04.039,unmapped,https://doi.org/10.1016/j.jssc.2017.04.039,
10.1016/j.jssc.2017.05.010,unmapped,https://doi.org/10.1016/j.jssc.2017.05.010,
10.1016/j.jssc.2017.05.011,unmapped,https://doi.org/10.1016/j.jssc.2017.05.011,
10.1016/j.jssc.2017.05.041,unmapped,https://doi.org/10.1016/j.jssc.2017.05.041,
10.1016/j.jssc.2017.07.018,unmapped,https://doi.org/10.1016/j.jssc.2017.07.018,
10.1016/j.jssc.2017.07.019,unmapped,https://doi.org/10.1016/j.jssc.2017.07.019,
10.1016/j.jssc.2017.07.020,unmapped,https://doi.org/10.1016/j.jssc.2017.07.020,
10.1016/j.jssc.2017.07.027,unmapped,https://doi.org/10.1016/j.jssc.2017.07.027,
10.1016/j.jssc.2017.07.031,unmapped,https://doi.org/10.1016/j.jssc.2017.07.031,
10.1016/j.jssc.2017.07.032,unmapped,https://doi.org/10.1016/j.jssc.2017.07.032,
10.1016/j.jssc.2017.08.001,unmapped,https://doi.org/10.1016/j.jssc.2017.08.001,
10.1016/j.jssc.2017.08.002,unmapped,https://doi.org/10.1016/j.jssc.2017.08.002,
10.1016/j.jssc.2017.08.017,unmapped,https://doi.org/10.1016/j.jssc.2017.08.017,
10.1016/j.jssc.2017.08.024,unmapped,https://doi.org/10.1016/j.jssc.2017.08.024,
10.1016/j.jssc.2017.09.001,unmapped,https://doi.org/10.1016/j.jssc.2017.09.001,
10.1016/j.jssc.2017.09.022,unmapped,https://doi.org/10.1016/j.jssc.2017.09.022,
10.1016/j.jssc.2017.10.002,unmapped,https://doi.org/10.1016/j.jssc.2017.10.002,
10.1016/j.jssc.2017.10.017,unmapped,https://doi.org/10.1016/j.jssc.2017.10.017,
10.1016/j.jssc.2017.10.020,unmapped,https://doi.org/10.1016/j.jssc.2017.10.020,
10.1016/j.jssc.2017.10.035,unmapped,https://doi.org/10.1016/j.jssc.2017.10.035,
10.1016/j.jssc.2017.11.013,unmapped,https://doi.org/10.1016/j.jssc.2017.11.013,
10.1016/j.jssc.2017.11.023,unmapped,https://doi.org/10.1016/j.jssc.2017.11.023,
10.1016/j.jssc.2017.12.005,unmapped,https://doi.org/10.1016/j.jssc.2017.12.005,
10.1016/j.jssc.2017.12.012,unmapped,https://doi.org/10.1016/j.jssc.2017.12.012,
10.1016/j.jssc.2017.12.028,unmapped,https://doi.org/10.1016/j.jssc.2017.12.028,
10.1016/j.jssc.2017.12.033,unmapped,https://doi.org/10.1016/j.jssc.2017.12.033,
10.1016/j.jssc.2018.01.009,unmapped,https://doi.org/10.1016/j.jssc.2018.01.009,
10.1016/j.jssc.2018.01.024,unmapped,https://doi.org/10.1016/j.jssc.2018.01.024,
10.1016/j.jssc.2018.02.005,unmapped,https://doi.org/10.1016/j.jssc.2018.02.005,
10.1016/j.jssc.2018.02.012,unmapped,https://doi.org/10.1016/j.jssc.2018.02.012,
10.1016/j.jssc.2018.04.008,unmapped,https://doi.org/10.1016/j.jssc.2018.04.008,
10.1016/j.jssc.2018.04.030,unmapped,https://doi.org/10.1016/j.jssc.2018.04.030,
10.1016/j.jssc.2018.05.010,unmapped,https://doi.org/10.1016/j.jssc.2018.05.010,
10.1016/j.jssc.2018.05.034,unmapped,https://doi.org/10.1016/j.jssc.2018.05.034,
10.1016/j.jssc.2018.06.026,unmapped,https://doi.org/10.1016/j.jssc.2018.06.026,
10.1016/j.jssc.2018.07.030,unmapped,https://doi.org/10.1016/j.jssc.2018.07.030,
10.1016/j.jssc.2018.09.004,unmapped,https://doi.org/10.1016/j.jssc.2018.09.004,
10.1016/j.jssc.2018.09.029,unmapped,https://doi.org/10.1016/j.jssc.2018.09.029,
10.1016/j.jssc.2018.09.032,unmapped,https://doi.org/10.1016/j.jssc.2018.09.032,
10.1016/j.jssc.2018.10.017,unmapped,https://doi.org/10.1016/j.jssc.2018.10.017,
10.1016/j.jssc.2018.11.027,unmapped,https://doi.org/10.1016/j.jssc.2018.11.027,
10.1016/j.jssc.2018.12.002,unmapped,https://doi.org/10.1016/j.jssc.2018.12.002,
10.1016/j.jssc.2018.12.009,unmapped,https://doi.org/10.1016/j.jssc.2018.12.009,
10.1016/j.jssc.2019.01.013,unmapped,https://doi.org/10.1016/j.jssc.2019.01.013,
10.1016/j.jssc.2019.02.011,unmapped,https://doi.org/10.1016/j.jssc.2019.02.011,
10.1016/j.jssc.2019.02.041,unmapped,https://doi.org/10.1016/j.jssc.2019.02.041,
10.1016/j.jssc.2019.03.011,unmapped,https://doi.org/10.1016/j.jssc.2019.03.011,
10.1016/j.jssc.2019.03.052,unmapped,https://doi.org/10.1016/j.jssc.2019.03.052,
10.1016/j.jssc.2019.05.008,unmapped,https://doi.org/10.1016/j.jssc.2019.05.008,
10.1016/j.jssc.2019.06.001,unmapped,https://doi.org/10.1016/j.jssc.2019.06.001,
10.1016/j.jssc.2019.07.008,unmapped,https://doi.org/10.1016/j.jssc.2019.07.008,
10.1016/j.jssc.2019.07.012,unmapped,https://doi.org/10.1016/j.jssc.2019.07.012,
10.1016/j.jssc.2019.07.034,unmapped,https://doi.org/10.1016/j.jssc.2019.07.034,
10.1016/j.jssc.2019.120896,unmapped,https://doi.org/10.1016/j.jssc.2019.120896,
10.1016/j.jssc.2019.120909,unmapped,https://doi.org/10.1016/j.jssc.2019.120909,
10.1016/j.jssc.2019.120913,unmapped,https://doi.org/10.1016/j.jssc.2019.120913,
10.1016/j.jssc.2019.120929,unmapped,https://doi.org/10.1016/j.jssc.2019.120929,
10.1016/j.jssc.2019.120931,unmapped,https://doi.org/10.1016/j.jssc.2019.120931,
10.1016/j.jssc.2019.120950,unmapped,https://doi.org/10.1016/j.jssc.2019.120950,
10.1016/j.jssc.2019.120967,unmapped,https://doi.org/10.1016/j.jssc.2019.120967,
10.1016/j.jssc.2019.120987,unmapped,https://doi.org/10.1016/j.jssc.2019.120987,
10.1016/j.jssc.2019.120993,unmapped,https://doi.org/10.1016/j.jssc.2019.120993,
10.1016/j.jssc.2019.121026,unmapped,https://doi.org/10.1016/j.jssc.2019.121026,
10.1016/j.jssc.2019.121123,unmapped,https://doi.org/10.1016/j.jssc.2019.121123,
10.1016/j.jssc.2019.121127,unmapped,https://doi.org/10.1016/j.jssc.2019.121127,
10.1016/j.jssc.2019.121133,unmapped,https://doi.org/10.1016/j.jssc.2019.121133,
10.1016/j.jssc.2019.121137,unmapped,https://doi.org/10.1016/j.jssc.2019.121137,
10.1016/j.jssc.2020.121179,unmapped,https://doi.org/10.1016/j.jssc.2020.121179,
10.1016/j.jssc.2020.121180,unmapped,https://doi.org/10.1016/j.jssc.2020.121180,
10.1016/j.jssc.2020.121183,unmapped,https://doi.org/10.1016/j.jssc.2020.121183,
10.1016/j.jssc.2020.121218,unmapped,https://doi.org/10.1016/j.jssc.2020.121218,
10.1016/j.jssc.2020.121236,unmapped,https://doi.org/10.1016/j.jssc.2020.121236,
10.1016/j.jssc.2020.121252,unmapped,https://doi.org/10.1016/j.jssc.2020.121252,
10.1016/j.jssc.2020.121257,unmapped,https://doi.org/10.1016/j.jssc.2020.121257,
10.1016/j.jssc.2020.121258,unmapped,https://doi.org/10.1016/j.jssc.2020.121258,
10.1016/j.jssc.2020.121334,unmapped,https://doi.org/10.1016/j.jssc.2020.121334,
10.1016/j.jssc.2020.121336,unmapped,https://doi.org/10.1016/j.jssc.2020.121336,
10.1016/j.jssc.2020.121340,unmapped,https://doi.org/10.1016/j.jssc.2020.121340,
10.1016/j.jssc.2020.121342,unmapped,https://doi.org/10.1016/j.jssc.2020.121342,
10.1016/j.jssc.2020.121343,unmapped,https://doi.org/10.1016/j.jssc.2020.121343,
10.1016/j.jssc.2020.121404,unmapped,https://doi.org/10.1016/j.jssc.2020.121404,
10.1016/j.jssc.2020.121445,unmapped,https://doi.org/10.1016/j.jssc.2020.121445,
10.1016/j.jssc.2020.121493,unmapped,https://doi.org/10.1016/j.jssc.2020.121493,
10.1016/j.jssc.2020.121494,unmapped,https://doi.org/10.1016/j.jssc.2020.121494,
10.1016/j.jssc.2020.121497,unmapped,https://doi.org/10.1016/j.jssc.2020.121497,
10.1016/j.jssc.2020.121532,unmapped,https://doi.org/10.1016/j.jssc.2020.121532,
10.1016/j.jssc.2020.121549,unmapped,https://doi.org/10.1016/j.jssc.2020.121549,
10.1016/j.jssc.2020.121573,unmapped,https://doi.org/10.1016/j.jssc.2020.121573,
10.1016/j.jssc.2020.121639,unmapped,https://doi.org/10.1016/j.jssc.2020.121639,
10.1016/j.jssc.2020.121670,unmapped,https://doi.org/10.1016/j.jssc.2020.121670,
10.1016/j.jssc.2020.121694,unmapped,https://doi.org/10.1016/j.jssc.2020.121694,
10.1016/j.jssc.2020.121702,unmapped,https://doi.org/10.1016/j.jssc.2020.121702,
10.1016/j.jssc.2020.121706,unmapped,https://doi.org/10.1016/j.jssc.2020.121706,
10.1016/j.jssc.2020.121708,unmapped,https://doi.org/10.1016/j.jssc.2020.121708,
10.1016/j.jssc.2020.121742,unmapped,https://doi.org/10.1016/j.jssc.2020.121742,
10.1016/j.jssc.2020.121853,unmapped,https://doi.org/10.1016/j.jssc.2020.121853,
10.1016/j.jssc.2020.121860,unmapped,https://doi.org/10.1016/j.jssc.2020.121860,
10.1016/j.jssc.2020.121890,unmapped,https://doi.org/10.1016/j.jssc.2020.121890,
10.1016/j.jssc.2020.121896,unmapped,https://doi.org/10.1016/j.jssc.2020.121896,
10.1016/j.jssc.2020.121916,unmapped,https://doi.org/10.1016/j.jssc.2020.121916,
10.1016/j.jssc.2021.121979,unmapped,https://doi.org/10.1016/j.jssc.2021.121979,
10.1016/j.jssc.2021.122100,unmapped,https://doi.org/10.1016/j.jssc.2021.122100,
10.1016/j.jssc.2021.122151,unmapped,https://doi.org/10.1016/j.jssc.2021.122151,
10.1016/j.jssc.2021.122278,unmapped,https://doi.org/10.1016/j.jssc.2021.122278,
10.1016/j.jssc.2021.122379,unmapped,https://doi.org/10.1016/j.jssc.2021.122379,
10.1016/j.jssc.2021.122437,unmapped,https://doi.org/10.1016/j.jssc.2021.122437,
10.1016/j.jssc.2021.122458,unmapped,https://doi.org/10.1016/j.jssc.2021.122458,
10.1016/j.jssc.2021.122476,unmapped,https://doi.org/10.1016/j.jssc.2021.122476,
10.1016/j.jssc.2021.122525,unmapped,https://doi.org/10.1016/j.jssc.2021.122525,
10.1016/j.jssc.2021.122541,unmapped,https://doi.org/10.1016/j.jssc.2021.122541,
10.1016/j.jssc.2021.122554,unmapped,https://doi.org/10.1016/j.jssc.2021.122554,
10.1016/j.jssc.2021.122562,unmapped,https://doi.org/10.1016/j.jssc.2021.122562,
10.1016/j.jssc.2021.122651,unmapped,https://doi.org/10.1016/j.jssc.2021.122651,
10.1016/j.jssc.2021.122654,unmapped,https://doi.org/10.1016/j.jssc.2021.122654,
10.1016/j.jssc.2021.122660,unmapped,https://doi.org/10.1016/j.jssc.2021.122660,
10.1016/j.jssc.2021.122672,unmapped,https://doi.org/10.1016/j.jssc.2021.122672,
10.1016/j.jssc.2021.122691,unmapped,https://doi.org/10.1016/j.jssc.2021.122691,
10.1016/j.jssc.2021.122702,unmapped,https://doi.org/10.1016/j.jssc.2021.122702,
10.1016/j.jssc.2021.122747,unmapped,https://doi.org/10.1016/j.jssc.2021.122747,
10.1016/j.jssc.2021.122864,unmapped,https://doi.org/10.1016/j.jssc.2021.122864,
10.1016/j.jssc.2021.122868,unmapped,https://doi.org/10.1016/j.jssc.2021.122868,
10.1016/j.jssc.2022.122911,unmapped,https://doi.org/10.1016/j.jssc.2022.122911,
10.1016/j.jssc.2022.123001,unmapped,https://doi.org/10.1016/j.jssc.2022.123001,
10.1016/j.jssc.2022.123017,unmapped,https://doi.org/10.1016/j.jssc.2022.123017,
10.1016/j.jssc.2022.123079,unmapped,https://doi.org/10.1016/j.jssc.2022.123079,
10.1016/j.jssc.2022.123111,unmapped,https://doi.org/10.1016/j.jssc.2022.123111,
10.1016/j.jssc.2022.123144,unmapped,https://doi.org/10.1016/j.jssc.2022.123144,
10.1016/j.jssc.2022.123148,unmapped,https://doi.org/10.1016/j.jssc.2022.123148,
10.1016/j.jssc.2022.123154,unmapped,https://doi.org/10.1016/j.jssc.2022.123154,
10.1016/j.jssc.2022.123169,unmapped,https://doi.org/10.1016/j.jssc.2022.123169,
10.1016/j.jssc.2022.123211,unmapped,https://doi.org/10.1016/j.jssc.2022.123211,
10.1016/j.jssc.2022.123243,unmapped,https://doi.org/10.1016/j.jssc.2022.123243,
10.1016/j.jssc.2022.123270,unmapped,https://doi.org/10.1016/j.jssc.2022.123270,
10.1016/j.jssc.2022.123306,unmapped,https://doi.org/10.1016/j.jssc.2022.123306,
10.1016/j.jssc.2022.123344,unmapped,https://doi.org/10.1016/j.jssc.2022.123344,
10.1016/j.jssc.2022.123348,unmapped,https://doi.org/10.1016/j.jssc.2022.123348,
10.1016/j.jssc.2022.123358,unmapped,https://doi.org/10.1016/j.jssc.2022.123358,
10.1016/j.jssc.2022.123400,unmapped,https://doi.org/10.1016/j.jssc.2022.123400,
10.1016/j.jssc.2022.123520,unmapped,https://doi.org/10.1016/j.jssc.2022.123520,
10.1016/j.jssc.2022.123602,unmapped,https://doi.org/10.1016/j.jssc.2022.123602,
10.1016/j.jssc.2022.123610,unmapped,https://doi.org/10.1016/j.jssc.2022.123610,
10.1016/j.jssc.2022.123651,unmapped,https://doi.org/10.1016/j.jssc.2022.123651,
10.1016/j.jssc.2022.123713,unmapped,https://doi.org/10.1016/j.jssc.2022.123713,
10.1016/j.jssc.2022.123740,unmapped,https://doi.org/10.1016/j.jssc.2022.123740,
10.1016/j.jssc.2022.123797,unmapped,https://doi.org/10.1016/j.jssc.2022.123797,
10.1016/j.jssc.2023.123849,unmapped,https://doi.org/10.1016/j.jssc.2023.123849,
10.1016/j.jssc.2023.123935,unmapped,https://doi.org/10.1016/j.jssc.2023.123935,
10.1016/j.jssc.2023.123942,unmapped,https://doi.org/10.1016/j.jssc.2023.123942,
10.1016/j.jssc.2023.123950,unmapped,https://doi.org/10.1016/j.jssc.2023.123950,
10.1016/j.jssc.2023.123970,unmapped,https://doi.org/10.1016/j.jssc.2023.123970,
10.1016/j.jssc.2023.123979,unmapped,https://doi.org/10.1016/j.jssc.2023.123979,
10.1016/j.jssc.2023.124010,unmapped,https://doi.org/10.1016/j.jssc.2023.124010,
10.1016/j.jssc.2023.124066,unmapped,https://doi.org/10.1016/j.jssc.2023.124066,
10.1016/j.jssc.2023.124173,unmapped,https://doi.org/10.1016/j.jssc.2023.124173,
10.1016/j.jssc.2023.124186,unmapped,https://doi.org/10.1016/j.jssc.2023.124186,
10.1016/j.jssc.2023.124270,unmapped,https://doi.org/10.1016/j.jssc.2023.124270,
10.1016/j.jssc.2023.124337,unmapped,https://doi.org/10.1016/j.jssc.2023.124337,
10.1016/j.jssc.2023.124509,unmapped,https://doi.org/10.1016/j.jssc.2023.124509,
10.1016/j.jssc.2023.124534,unmapped,https://doi.org/10.1016/j.jssc.2023.124534,
10.1016/j.jssc.2024.124582,unmapped,https://doi.org/10.1016/j.jssc.2024.124582,
10.1016/j.jssc.2024.124631,unmapped,https://doi.org/10.1016/j.jssc.2024.124631,
10.1016/j.jssc.2024.124648,unmapped,https://doi.org/10.1016/j.jssc.2024.124648,
10.1016/j.jssc.2024.124677,unmapped,https://doi.org/10.1016/j.jssc.2024.124677,
10.1016/j.jssc.2024.124726,unmapped,https://doi.org/10.1016/j.jssc.2024.124726,
10.1016/j.jssc.2024.124773,unmapped,https://doi.org/10.1016/j.jssc.2024.124773,
10.1016/j.jssc.2024.124956,unmapped,https://doi.org/10.1016/j.jssc.2024.124956,
10.1016/j.jssc.2024.124964,unmapped,https://doi.org/10.1016/j.jssc.2024.124964,
10.1016/j.jssc.2024.125028,unmapped,https://doi.org/10.1016/j.jssc.2024.125028,
10.1016/j.jssc.2024.125100,unmapped,https://doi.org/10.1016/j.jssc.2024.125100,
10.1016/j.jssc.2024.125174,unmapped,https://doi.org/10.1016/j.jssc.2024.125174,
10.1016/j.jssc.2025.125211,unmapped,https://doi.org/10.1016/j.jssc.2025.125211,
10.1016/j.jssc.2025.125329,unmapped,https://doi.org/10.1016/j.jssc.2025.125329,
10.1016/j.matchar.2018.01.003,publisher_E,https://doi.org/10.1016/j.matchar.2018.01.003,1
10.1016/j.matchemphys.2011.09.056,publisher_E,https://doi.org/10.1016/j.matchemphys.2011.09.056,1
10.1016/j.matchemphys.2013.02.071,publisher_E,https://doi.org/10.1016/j.matchemphys.2013.02.071,1
10.1016/j.matchemphys.2013.09.048,publisher_E,https://doi.org/10.1016/j.matchemphys.2013.09.048,1
10.1016/j.matchemphys.2013.10.038,publisher_E,https://doi.org/10.1016/j.matchemphys.2013.10.038,1
10.1016/j.matchemphys.2013.12.014,publisher_E,https://doi.org/10.1016/j.matchemphys.2013.12.014,1
10.1016/j.matchemphys.2014.06.015,publisher_E,https://doi.org/10.1016/j.matchemphys.2014.06.015,1
10.1016/j.matchemphys.2017.01.024,publisher_E,https://doi.org/10.1016/j.matchemphys.2017.01.024,1
10.1016/j.matchemphys.2018.04.031,publisher_E,https://doi.org/10.1016/j.matchemphys.2018.04.031,1
10.1016/j.matchemphys.2018.11.017,publisher_E,https://doi.org/10.1016/j.matchemphys.2018.11.017,1
10.1016/j.matchemphys.2019.05.009,publisher_E,https://doi.org/10.1016/j.matchemphys.2019.05.009,1
10.1016/j.matchemphys.2019.122576,publisher_E,https://doi.org/10.1016/j.matchemphys.2019.122576,1
10.1016/j.matchemphys.2020.122869,publisher_E,https://doi.org/10.1016/j.matchemphys.2020.122869,1
10.1016/j.matchemphys.2020.123924,publisher_E,https://doi.org/10.1016/j.matchemphys.2020.123924,1
10.1016/j.matchemphys.2021.125536,publisher_E,https://doi.org/10.1016/j.matchemphys.2021.125536,1
10.1016/j.matchemphys.2022.126493,publisher_E,https://doi.org/10.1016/j.matchemphys.2022.126493,1
10.1016/j.matchemphys.2022.126748,publisher_E,https://doi.org/10.1016/j.matchemphys.2022.126748,1
10.1016/j.matchemphys.2022.126933,publisher_E,https://doi.org/10.1016/j.matchemphys.2022.126933,1
10.1016/j.matchemphys.2022.127024,publisher_E,https://doi.org/10.1016/j.matchemphys.2022.127024,1
10.1016/j.matchemphys.2022.127039,publisher_E,https://doi.org/10.1016/j.matchemphys.2022.127039,1
10.1016/j.matchemphys.2023.128448,publisher_E,https://doi.org/10.1016/j.matchemphys.2023.128448,1
10.1016/j.matchemphys.2024.129245,publisher_E,https://doi.org/10.1016/j.matchemphys.2024.129245,1
10.1016/j.matchemphys.2024.129533,publisher_E,https://doi.org/10.1016/j.matchemphys.2024.129533,1
10.1016/j.matchemphys.2024.129804,publisher_E,https://doi.org/10.1016/j.matchemphys.2024.129804,1
10.1016/j.matchemphys.2024.130292,publisher_E,https://doi.org/10.1016/j.matchemphys.2024.130292,1
10.1016/j.matchemphys.2025.130363,publisher_E,https://doi.org/10.1016/j.matchemphys.2025.130363,1
10.1016/j.matchemphys.2025.130465,publisher_E,https://doi.org/10.1016/j.matchemphys.2025.130465,1
10.1016/j.matdes.2021.109741,publisher_E,https://doi.org/10.1016/j.matdes.2021.109741,1
10.1016/j.materresbull.2006.01.022,unmapped,https://doi.org/10.1016/j.materresbull.2006.01.022,0
10.1016/j.materresbull.2006.02.009,unmapped,https://doi.org/10.1016/j.materresbull.2006.02.009,0
10.1016/j.materresbull.2017.12.033,unmapped,https://doi.org/10.1016/j.materresbull.2017.12.033,0
10.1016/j.materresbull.2018.07.025,unmapped,https://doi.org/10.1016/j.materresbull.2018.07.025,0
10.1016/j.materresbull.2020.110806,unmapped,https://doi.org/10.1016/j.materresbull.2020.110806,0
10.1016/j.materresbull.2020.111058,unmapped,https://doi.org/10.1016/j.materresbull.2020.111058,0
10.1016/j.materresbull.2021.111243,unmapped,https://doi.org/10.1016/j.materresbull.2021.111243,0
10.1016/j.materresbull.2023.112462,unmapped,https://doi.org/10.1016/j.materresbull.2023.112462,0
10.1016/j.materresbull.2024.112927,unmapped,https://doi.org/10.1016/j.materresbull.2024.112927,0
10.1016/j.matlet.2009.05.040,publisher_E,https://doi.org/10.1016/j.matlet.2009.05.040,1
10.1016/j.matlet.2011.02.009,publisher_E,https://doi.org/10.1016/j.matlet.2011.02.009,1
10.1016/j.matlet.2013.03.053,publisher_E,https://doi.org/10.1016/j.matlet.2013.03.053,1
10.1016/j.matlet.2013.05.058,publisher_E,https://doi.org/10.1016/j.matlet.2013.05.058,1
10.1016/j.matlet.2014.04.024,publisher_E,https://doi.org/10.1016/j.matlet.2014.04.024,1
10.1016/j.matlet.2014.06.025,publisher_E,https://doi.org/10.1016/j.matlet.2014.06.025,1
10.1016/j.matlet.2014.08.058,publisher_E,https://doi.org/10.1016/j.matlet.2014.08.058,1
10.1016/j.matlet.2014.11.127,publisher_E,https://doi.org/10.1016/j.matlet.2014.11.127,1
10.1016/j.matlet.2015.03.091,publisher_E,https://doi.org/10.1016/j.matlet.2015.03.091,1
10.1016/j.matlet.2015.04.142,publisher_E,https://doi.org/10.1016/j.matlet.2015.04.142,1
10.1016/j.matlet.2015.09.044,publisher_E,https://doi.org/10.1016/j.matlet.2015.09.044,1
10.1016/j.matlet.2015.09.061,publisher_E,https://doi.org/10.1016/j.matlet.2015.09.061,1
10.1016/j.matlet.2016.05.057,publisher_E,https://doi.org/10.1016/j.matlet.2016.05.057,1
10.1016/j.matlet.2016.08.018,publisher_E,https://doi.org/10.1016/j.matlet.2016.08.018,1
10.1016/j.matlet.2016.12.025,publisher_E,https://doi.org/10.1016/j.matlet.2016.12.025,1
10.1016/j.matlet.2016.12.111,publisher_E,https://doi.org/10.1016/j.matlet.2016.12.111,1
10.1016/j.matlet.2017.01.120,publisher_E,https://doi.org/10.1016/j.matlet.2017.01.120,1
10.1016/j.matlet.2017.03.077,publisher_E,https://doi.org/10.1016/j.matlet.2017.03.077,1
10.1016/j.matlet.2017.03.162,publisher_E,https://doi.org/10.1016/j.matlet.2017.03.162,1
10.1016/j.matlet.2018.03.099,publisher_E,https://doi.org/10.1016/j.matlet.2018.03.099,1
10.1016/j.matlet.2018.04.014,publisher_E,https://doi.org/10.1016/j.matlet.2018.04.014,1
10.1016/j.matlet.2018.04.084,publisher_E,https://doi.org/10.1016/j.matlet.2018.04.084,1
10.1016/j.matlet.2018.10.082,publisher_E,https://doi.org/10.1016/j.matlet.2018.10.082,1
10.1016/j.matlet.2019.126519,publisher_E,https://doi.org/10.1016/j.matlet.2019.126519,1
10.1016/j.matlet.2020.127402,publisher_E,https://doi.org/10.1016/j.matlet.2020.127402,1
10.1016/j.matlet.2020.129025,publisher_E,https://doi.org/10.1016/j.matlet.2020.129025,1
10.1016/j.matlet.2020.129261,publisher_E,https://doi.org/10.1016/j.matlet.2020.129261,1
10.1016/j.matlet.2021.130427,publisher_E,https://doi.org/10.1016/j.matlet.2021.130427,1
10.1016/j.matlet.2022.132481,publisher_E,https://doi.org/10.1016/j.matlet.2022.132481,1
10.1016/j.matlet.2023.134699,publisher_E,https://doi.org/10.1016/j.matlet.2023.134699,1
10.1016/j.matlet.2024.136460,publisher_E,https://doi.org/10.1016/j.matlet.2024.136460,1
10.1016/j.matlet.2025.138969,publisher_E,https://doi.org/10.1016/j.matlet.2025.138969,1
10.1016/j.matt.2019.11.002,unmapped,https://doi.org/10.1016/j.matt.2019.11.002,0
10.1016/j.matt.2020.10.009,unmapped,https://doi.org/10.1016/j.matt.2020.10.009,0
10.1016/j.matt.2024.07.013,unmapped,https://doi.org/10.1016/j.matt.2024.07.013,0
10.1016/j.mcat.2016.12.009,publisher_E,https://doi.org/10.1016/j.mcat.2016.12.009,1
10.1016/j.mcat.2018.10.003,publisher_E,https://doi.org/10.1016/j.mcat.2018.10.003,1
10.1016/j.mcat.2020.111190,publisher_E,https://doi.org/10.1016/j.mcat.2020.111190,1
10.1016/j.mcat.2020.111291,publisher_E,https://doi.org/10.1016/j.mcat.2020.111291,1
10.1016/j.mcat.2021.111859,publisher_E,https://doi.org/10.1016/j.mcat.2021.111859,1
10.1016/j.mcat.2021.112007,publisher_E,https://doi.org/10.1016/j.mcat.2021.112007,1
10.1016/j.mcat.2022.112748,publisher_E,https://doi.org/10.1016/j.mcat.2022.112748,1
10.1016/j.mcat.2022.112899,publisher_E,https://doi.org/10.1016/j.mcat.2022.112899,1
10.1016/j.mcat.2022.112903,publisher_E,https://doi.org/10.1016/j.mcat.2022.112903,1
10.1016/j.mcat.2023.113470,publisher_E,https://doi.org/10.1016/j.mcat.2023.113470,1
10.1016/j.mcat.2023.113689,publisher_E,https://doi.org/10.1016/j.mcat.2023.113689,1
10.1016/j.mcat.2024.114042,publisher_E,https://doi.org/10.1016/j.mcat.2024.114042,1
10.1016/j.mcat.2024.114131,publisher_E,https://doi.org/10.1016/j.mcat.2024.114131,1
10.1016/j.mcat.2024.114555,publisher_E,https://doi.org/10.1016/j.mcat.2024.114555,1
10.1016/j.mcat.2024.114628,publisher_E,https://doi.org/10.1016/j.mcat.2024.114628,1
10.1016/j.mcat.2025.115045,publisher_E,https://doi.org/10.1016/j.mcat.2025.115045,1
10.1016/j.mencom.2015.11.023,publisher_E,https://doi.org/10.1016/j.mencom.2015.11.023,0
10.1016/j.mencom.2016.01.020,publisher_E,https://doi.org/10.1016/j.mencom.2016.01.020,0
10.1016/j.mencom.2016.05.010,publisher_E,https://doi.org/10.1016/j.mencom.2016.05.010,
10.1016/j.mencom.2016.07.025,publisher_E,https://doi.org/10.1016/j.mencom.2016.07.025,
10.1016/j.mencom.2023.10.025,publisher_E,https://doi.org/10.1016/j.mencom.2023.10.025,
10.1016/j.microc.2019.104498,publisher_E,https://doi.org/10.1016/j.microc.2019.104498,1
10.1016/j.microc.2020.105059,publisher_E,https://doi.org/10.1016/j.microc.2020.105059,1
10.1016/j.microc.2021.106242,publisher_E,https://doi.org/10.1016/j.microc.2021.106242,1
10.1016/j.microc.2021.106294,publisher_E,https://doi.org/10.1016/j.microc.2021.106294,1
10.1016/j.microc.2022.107618,publisher_E,https://doi.org/10.1016/j.microc.2022.107618,1
10.1016/j.microc.2023.108464,publisher_E,https://doi.org/10.1016/j.microc.2023.108464,1
10.1016/j.microc.2023.108557,publisher_E,https://doi.org/10.1016/j.microc.2023.108557,1
10.1016/j.microc.2023.108684,publisher_E,https://doi.org/10.1016/j.microc.2023.108684,1
10.1016/j.microc.2023.109014,publisher_E,https://doi.org/10.1016/j.microc.2023.109014,1
10.1016/j.microc.2023.109182,publisher_E,https://doi.org/10.1016/j.microc.2023.109182,1
10.1016/j.microc.2024.110035,publisher_E,https://doi.org/10.1016/j.microc.2024.110035,1
10.1016/j.microc.2024.111136,publisher_E,https://doi.org/10.1016/j.microc.2024.111136,1
10.1016/j.microc.2025.114088,publisher_E,https://doi.org/10.1016/j.microc.2025.114088,1
10.1016/j.micromeso.2003.12.027,publisher_E,https://doi.org/10.1016/j.micromeso.2003.12.027,1
10.1016/j.micromeso.2003.12.029,publisher_E,https://doi.org/10.1016/j.micromeso.2003.12.029,1
10.1016/j.micromeso.2004.03.008,publisher_E,https://doi.org/10.1016/j.micromeso.2004.03.008,1
10.1016/j.micromeso.2005.11.048,publisher_E,https://doi.org/10.1016/j.micromeso.2005.11.048,1
10.1016/j.micromeso.2005.11.049,publisher_E,https://doi.org/10.1016/j.micromeso.2005.11.049,1
10.1016/j.micromeso.2006.08.015,publisher_E,https://doi.org/10.1016/j.micromeso.2006.08.015,1
10.1016/j.micromeso.2006.12.041,publisher_E,https://doi.org/10.1016/j.micromeso.2006.12.041,1
10.1016/j.micromeso.2007.05.018,publisher_E,https://doi.org/10.1016/j.micromeso.2007.05.018,1
10.1016/j.micromeso.2007.08.024,publisher_E,https://doi.org/10.1016/j.micromeso.2007.08.024,1
10.1016/j.micromeso.2008.04.033,publisher_E,https://doi.org/10.1016/j.micromeso.2008.04.033,1
10.1016/j.micromeso.2008.06.040,publisher_E,https://doi.org/10.1016/j.micromeso.2008.06.040,1
10.1016/j.micromeso.2008.07.029,publisher_E,https://doi.org/10.1016/j.micromeso.2008.07.029,1
10.1016/j.micromeso.2008.07.044,publisher_E,https://doi.org/10.1016/j.micromeso.2008.07.044,1
10.1016/j.micromeso.2008.10.037,publisher_E,https://doi.org/10.1016/j.micromeso.2008.10.037,1
10.1016/j.micromeso.2009.06.009,publisher_E,https://doi.org/10.1016/j.micromeso.2009.06.009,1
10.1016/j.micromeso.2009.11.001,publisher_E,https://doi.org/10.1016/j.micromeso.2009.11.001,1
10.1016/j.micromeso.2010.02.008,publisher_E,https://doi.org/10.1016/j.micromeso.2010.02.008,1
10.1016/j.micromeso.2010.03.026,publisher_E,https://doi.org/10.1016/j.micromeso.2010.03.026,1
10.1016/j.micromeso.2010.07.024,publisher_E,https://doi.org/10.1016/j.micromeso.2010.07.024,1
10.1016/j.micromeso.2010.10.011,publisher_E,https://doi.org/10.1016/j.micromeso.2010.10.011,1
10.1016/j.micromeso.2010.10.022,publisher_E,https://doi.org/10.1016/j.micromeso.2010.10.022,1
10.1016/j.micromeso.2010.11.017,publisher_E,https://doi.org/10.1016/j.micromeso.2010.11.017,1
10.1016/j.micromeso.2010.12.001,publisher_E,https://doi.org/10.1016/j.micromeso.2010.12.001,1
10.1016/j.micromeso.2010.12.016,publisher_E,https://doi.org/10.1016/j.micromeso.2010.12.016,1
10.1016/j.micromeso.2010.12.036,publisher_E,https://doi.org/10.1016/j.micromeso.2010.12.036,1
10.1016/j.micromeso.2011.04.028,publisher_E,https://doi.org/10.1016/j.micromeso.2011.04.028,1
10.1016/j.micromeso.2011.05.029,publisher_E,https://doi.org/10.1016/j.micromeso.2011.05.029,1
10.1016/j.micromeso.2011.08.016,publisher_E,https://doi.org/10.1016/j.micromeso.2011.08.016,1
10.1016/j.micromeso.2011.09.017,publisher_E,https://doi.org/10.1016/j.micromeso.2011.09.017,1
10.1016/j.micromeso.2011.11.043,publisher_E,https://doi.org/10.1016/j.micromeso.2011.11.043,1
10.1016/j.micromeso.2011.11.052,publisher_E,https://doi.org/10.1016/j.micromeso.2011.11.052,1
10.1016/j.micromeso.2011.11.058,publisher_E,https://doi.org/10.1016/j.micromeso.2011.11.058,1
10.1016/j.micromeso.2011.12.009,publisher_E,https://doi.org/10.1016/j.micromeso.2011.12.009,1
10.1016/j.micromeso.2011.12.010,publisher_E,https://doi.org/10.1016/j.micromeso.2011.12.010,1
10.1016/j.micromeso.2011.12.036,publisher_E,https://doi.org/10.1016/j.micromeso.2011.12.036,1
10.1016/j.micromeso.2012.02.027,publisher_E,https://doi.org/10.1016/j.micromeso.2012.02.027,1
10.1016/j.micromeso.2012.02.042,publisher_E,https://doi.org/10.1016/j.micromeso.2012.02.042,1
10.1016/j.micromeso.2012.03.039,publisher_E,https://doi.org/10.1016/j.micromeso.2012.03.039,1
10.1016/j.micromeso.2012.04.018,publisher_E,https://doi.org/10.1016/j.micromeso.2012.04.018,1
10.1016/j.micromeso.2012.05.021,publisher_E,https://doi.org/10.1016/j.micromeso.2012.05.021,1
10.1016/j.micromeso.2012.12.024,publisher_E,https://doi.org/10.1016/j.micromeso.2012.12.024,1
10.1016/j.micromeso.2012.12.035,publisher_E,https://doi.org/10.1016/j.micromeso.2012.12.035,1
10.1016/j.micromeso.2013.01.031,publisher_E,https://doi.org/10.1016/j.micromeso.2013.01.031,1
10.1016/j.micromeso.2013.02.023,publisher_E,https://doi.org/10.1016/j.micromeso.2013.02.023,1
10.1016/j.micromeso.2013.03.021,publisher_E,https://doi.org/10.1016/j.micromeso.2013.03.021,1
10.1016/j.micromeso.2013.06.023,publisher_E,https://doi.org/10.1016/j.micromeso.2013.06.023,1
10.1016/j.micromeso.2013.06.039,publisher_E,https://doi.org/10.1016/j.micromeso.2013.06.039,1
10.1016/j.micromeso.2013.09.035,publisher_E,https://doi.org/10.1016/j.micromeso.2013.09.035,1
10.1016/j.micromeso.2013.10.003,publisher_E,https://doi.org/10.1016/j.micromeso.2013.10.003,1
10.1016/j.micromeso.2013.11.036,publisher_E,https://doi.org/10.1016/j.micromeso.2013.11.036,1
10.1016/j.micromeso.2013.12.019,publisher_E,https://doi.org/10.1016/j.micromeso.2013.12.019,1
10.1016/j.micromeso.2014.02.016,publisher_E,https://doi.org/10.1016/j.micromeso.2014.02.016,1
10.1016/j.micromeso.2014.02.021,publisher_E,https://doi.org/10.1016/j.micromeso.2014.02.021,1
10.1016/j.micromeso.2014.03.006,publisher_E,https://doi.org/10.1016/j.micromeso.2014.03.006,1
10.1016/j.micromeso.2014.04.023,publisher_E,https://doi.org/10.1016/j.micromeso.2014.04.023,1
10.1016/j.micromeso.2014.07.002,publisher_E,https://doi.org/10.1016/j.micromeso.2014.07.002,1
10.1016/j.micromeso.2014.07.052,publisher_E,https://doi.org/10.1016/j.micromeso.2014.07.052,1
10.1016/j.micromeso.2014.09.038,publisher_E,https://doi.org/10.1016/j.micromeso.2014.09.038,1
10.1016/j.micromeso.2014.09.046,publisher_E,https://doi.org/10.1016/j.micromeso.2014.09.046,1
10.1016/j.micromeso.2014.10.018,publisher_E,https://doi.org/10.1016/j.micromeso.2014.10.018,1
10.1016/j.micromeso.2014.10.034,publisher_E,https://doi.org/10.1016/j.micromeso.2014.10.034,1
10.1016/j.micromeso.2014.11.008,publisher_E,https://doi.org/10.1016/j.micromeso.2014.11.008,1
10.1016/j.micromeso.2015.01.032,publisher_E,https://doi.org/10.1016/j.micromeso.2015.01.032,1
10.1016/j.micromeso.2015.02.023,publisher_E,https://doi.org/10.1016/j.micromeso.2015.02.023,1
10.1016/j.micromeso.2015.02.035,publisher_E,https://doi.org/10.1016/j.micromeso.2015.02.035,1
10.1016/j.micromeso.2015.02.055,publisher_E,https://doi.org/10.1016/j.micromeso.2015.02.055,1
10.1016/j.micromeso.2015.03.020,publisher_E,https://doi.org/10.1016/j.micromeso.2015.03.020,1
10.1016/j.micromeso.2015.04.023,publisher_E,https://doi.org/10.1016/j.micromeso.2015.04.023,1
10.1016/j.micromeso.2015.04.035,publisher_E,https://doi.org/10.1016/j.micromeso.2015.04.035,1
10.1016/j.micromeso.2015.04.036,publisher_E,https://doi.org/10.1016/j.micromeso.2015.04.036,1
10.1016/j.micromeso.2015.05.021,publisher_E,https://doi.org/10.1016/j.micromeso.2015.05.021,1
10.1016/j.micromeso.2015.05.029,publisher_E,https://doi.org/10.1016/j.micromeso.2015.05.029,1
10.1016/j.micromeso.2015.05.030,publisher_E,https://doi.org/10.1016/j.micromeso.2015.05.030,1
10.1016/j.micromeso.2015.06.007,publisher_E,https://doi.org/10.1016/j.micromeso.2015.06.007,1
10.1016/j.micromeso.2015.06.046,publisher_E,https://doi.org/10.1016/j.micromeso.2015.06.046,1
10.1016/j.micromeso.2015.07.001,publisher_E,https://doi.org/10.1016/j.micromeso.2015.07.001,1
10.1016/j.micromeso.2015.08.009,publisher_E,https://doi.org/10.1016/j.micromeso.2015.08.009,1
10.1016/j.micromeso.2015.08.017,publisher_E,https://doi.org/10.1016/j.micromeso.2015.08.017,1
10.1016/j.micromeso.2015.08.023,publisher_E,https://doi.org/10.1016/j.micromeso.2015.08.023,1
10.1016/j.micromeso.2015.09.026,publisher_E,https://doi.org/10.1016/j.micromeso.2015.09.026,1
10.1016/j.micromeso.2015.09.053,publisher_E,https://doi.org/10.1016/j.micromeso.2015.09.053,1
10.1016/j.micromeso.2015.12.004,publisher_E,https://doi.org/10.1016/j.micromeso.2015.12.004,1
10.1016/j.micromeso.2015.12.010,publisher_E,https://doi.org/10.1016/j.micromeso.2015.12.010,1
10.1016/j.micromeso.2016.01.044,publisher_E,https://doi.org/10.1016/j.micromeso.2016.01.044,1
10.1016/j.micromeso.2016.02.029,publisher_E,https://doi.org/10.1016/j.micromeso.2016.02.029,1
10.1016/j.micromeso.2016.05.026,publisher_E,https://doi.org/10.1016/j.micromeso.2016.05.026,1
10.1016/j.micromeso.2016.05.035,publisher_E,https://doi.org/10.1016/j.micromeso.2016.05.035,1
10.1016/j.micromeso.2016.06.014,publisher_E,https://doi.org/10.1016/j.micromeso.2016.06.014,1
10.1016/j.micromeso.2016.07.039,publisher_E,https://doi.org/10.1016/j.micromeso.2016.07.039,1
10.1016/j.micromeso.2016.09.020,publisher_E,https://doi.org/10.1016/j.micromeso.2016.09.020,1
10.1016/j.micromeso.2016.09.032,publisher_E,https://doi.org/10.1016/j.micromeso.2016.09.032,1
10.1016/j.micromeso.2016.09.034,publisher_E,https://doi.org/10.1016/j.micromeso.2016.09.034,1
10.1016/j.micromeso.2016.09.036,publisher_E,https://doi.org/10.1016/j.micromeso.2016.09.036,1
10.1016/j.micromeso.2016.09.038,publisher_E,https://doi.org/10.1016/j.micromeso.2016.09.038,1
10.1016/j.micromeso.2016.10.043,publisher_E,https://doi.org/10.1016/j.micromeso.2016.10.043,1
10.1016/j.micromeso.2016.12.031,publisher_E,https://doi.org/10.1016/j.micromeso.2016.12.031,1
10.1016/j.micromeso.2017.02.007,publisher_E,https://doi.org/10.1016/j.micromeso.2017.02.007,1
10.1016/j.micromeso.2017.02.013,publisher_E,https://doi.org/10.1016/j.micromeso.2017.02.013,1
10.1016/j.micromeso.2017.02.020,publisher_E,https://doi.org/10.1016/j.micromeso.2017.02.020,1
10.1016/j.micromeso.2017.02.032,publisher_E,https://doi.org/10.1016/j.micromeso.2017.02.032,1
10.1016/j.micromeso.2017.03.011,publisher_E,https://doi.org/10.1016/j.micromeso.2017.03.011,1
10.1016/j.micromeso.2017.04.058,publisher_E,https://doi.org/10.1016/j.micromeso.2017.04.058,1
10.1016/j.micromeso.2017.10.014,publisher_E,https://doi.org/10.1016/j.micromeso.2017.10.014,1
10.1016/j.micromeso.2017.10.020,publisher_E,https://doi.org/10.1016/j.micromeso.2017.10.020,1
10.1016/j.micromeso.2017.11.020,publisher_E,https://doi.org/10.1016/j.micromeso.2017.11.020,1
10.1016/j.micromeso.2017.12.007,publisher_E,https://doi.org/10.1016/j.micromeso.2017.12.007,1
10.1016/j.micromeso.2017.12.016,publisher_E,https://doi.org/10.1016/j.micromeso.2017.12.016,1
10.1016/j.micromeso.2018.01.031,publisher_E,https://doi.org/10.1016/j.micromeso.2018.01.031,1
10.1016/j.micromeso.2018.01.038,publisher_E,https://doi.org/10.1016/j.micromeso.2018.01.038,1
10.1016/j.micromeso.2018.03.012,publisher_E,https://doi.org/10.1016/j.micromeso.2018.03.012,1
10.1016/j.micromeso.2018.03.020,publisher_E,https://doi.org/10.1016/j.micromeso.2018.03.020,1
10.1016/j.micromeso.2018.04.019,publisher_E,https://doi.org/10.1016/j.micromeso.2018.04.019,1
10.1016/j.micromeso.2018.05.027,publisher_E,https://doi.org/10.1016/j.micromeso.2018.05.027,1
10.1016/j.micromeso.2018.06.023,publisher_E,https://doi.org/10.1016/j.micromeso.2018.06.023,1
10.1016/j.micromeso.2018.06.051,publisher_E,https://doi.org/10.1016/j.micromeso.2018.06.051,1
10.1016/j.micromeso.2018.08.019,publisher_E,https://doi.org/10.1016/j.micromeso.2018.08.019,1
10.1016/j.micromeso.2018.08.027,publisher_E,https://doi.org/10.1016/j.micromeso.2018.08.027,1
10.1016/j.micromeso.2018.09.017,publisher_E,https://doi.org/10.1016/j.micromeso.2018.09.017,1
10.1016/j.micromeso.2018.10.031,publisher_E,https://doi.org/10.1016/j.micromeso.2018.10.031,1
10.1016/j.micromeso.2018.11.005,publisher_E,https://doi.org/10.1016/j.micromeso.2018.11.005,1
10.1016/j.micromeso.2018.12.039,publisher_E,https://doi.org/10.1016/j.micromeso.2018.12.039,1
10.1016/j.micromeso.2019.01.022,publisher_E,https://doi.org/10.1016/j.micromeso.2019.01.022,1
10.1016/j.micromeso.2019.03.010,publisher_E,https://doi.org/10.1016/j.micromeso.2019.03.010,1
10.1016/j.micromeso.2019.03.014,publisher_E,https://doi.org/10.1016/j.micromeso.2019.03.014,1
10.1016/j.micromeso.2019.04.057,publisher_E,https://doi.org/10.1016/j.micromeso.2019.04.057,1
10.1016/j.micromeso.2019.06.003,publisher_E,https://doi.org/10.1016/j.micromeso.2019.06.003,1
10.1016/j.micromeso.2019.109569,publisher_E,https://doi.org/10.1016/j.micromeso.2019.109569,1
10.1016/j.micromeso.2019.109624,publisher_E,https://doi.org/10.1016/j.micromeso.2019.109624,1
10.1016/j.micromeso.2019.109674,publisher_E,https://doi.org/10.1016/j.micromeso.2019.109674,1
10.1016/j.micromeso.2019.109685,publisher_E,https://doi.org/10.1016/j.micromeso.2019.109685,1
10.1016/j.micromeso.2019.109723,publisher_E,https://doi.org/10.1016/j.micromeso.2019.109723,1
10.1016/j.micromeso.2019.109784,publisher_E,https://doi.org/10.1016/j.micromeso.2019.109784,1
10.1016/j.micromeso.2019.109844,publisher_E,https://doi.org/10.1016/j.micromeso.2019.109844,1
10.1016/j.micromeso.2019.109917,publisher_E,https://doi.org/10.1016/j.micromeso.2019.109917,1
10.1016/j.micromeso.2020.110039,publisher_E,https://doi.org/10.1016/j.micromeso.2020.110039,1
10.1016/j.micromeso.2020.110044,publisher_E,https://doi.org/10.1016/j.micromeso.2020.110044,1
10.1016/j.micromeso.2020.110200,publisher_E,https://doi.org/10.1016/j.micromeso.2020.110200,1
10.1016/j.micromeso.2020.110215,publisher_E,https://doi.org/10.1016/j.micromeso.2020.110215,1
10.1016/j.micromeso.2020.110224,publisher_E,https://doi.org/10.1016/j.micromeso.2020.110224,1
10.1016/j.micromeso.2020.110254,publisher_E,https://doi.org/10.1016/j.micromeso.2020.110254,1
10.1016/j.micromeso.2020.110463,publisher_E,https://doi.org/10.1016/j.micromeso.2020.110463,1
10.1016/j.micromeso.2020.110495,publisher_E,https://doi.org/10.1016/j.micromeso.2020.110495,1
10.1016/j.micromeso.2020.110533,publisher_E,https://doi.org/10.1016/j.micromeso.2020.110533,1
10.1016/j.micromeso.2020.110571,publisher_E,https://doi.org/10.1016/j.micromeso.2020.110571,1
10.1016/j.micromeso.2020.110600,publisher_E,https://doi.org/10.1016/j.micromeso.2020.110600,1
10.1016/j.micromeso.2020.110626,publisher_E,https://doi.org/10.1016/j.micromeso.2020.110626,1
10.1016/j.micromeso.2020.110686,publisher_E,https://doi.org/10.1016/j.micromeso.2020.110686,1
10.1016/j.micromeso.2020.110812,publisher_E,https://doi.org/10.1016/j.micromeso.2020.110812,1
10.1016/j.micromeso.2020.110868,publisher_E,https://doi.org/10.1016/j.micromeso.2020.110868,1
10.1016/j.micromeso.2021.110900,publisher_E,https://doi.org/10.1016/j.micromeso.2021.110900,1
10.1016/j.micromeso.2021.110943,publisher_E,https://doi.org/10.1016/j.micromeso.2021.110943,1
10.1016/j.micromeso.2021.110948,publisher_E,https://doi.org/10.1016/j.micromeso.2021.110948,1
10.1016/j.micromeso.2021.110973,publisher_E,https://doi.org/10.1016/j.micromeso.2021.110973,1
10.1016/j.micromeso.2021.111153,publisher_E,https://doi.org/10.1016/j.micromeso.2021.111153,1
10.1016/j.micromeso.2021.111246,publisher_E,https://doi.org/10.1016/j.micromeso.2021.111246,1
10.1016/j.micromeso.2021.111265,publisher_E,https://doi.org/10.1016/j.micromeso.2021.111265,1
10.1016/j.micromeso.2021.111293,publisher_E,https://doi.org/10.1016/j.micromeso.2021.111293,1
10.1016/j.micromeso.2021.111303,publisher_E,https://doi.org/10.1016/j.micromeso.2021.111303,1
10.1016/j.micromeso.2021.111310,publisher_E,https://doi.org/10.1016/j.micromeso.2021.111310,1
10.1016/j.micromeso.2021.111314,publisher_E,https://doi.org/10.1016/j.micromeso.2021.111314,1
10.1016/j.micromeso.2021.111449,publisher_E,https://doi.org/10.1016/j.micromeso.2021.111449,1
10.1016/j.micromeso.2021.111456,publisher_E,https://doi.org/10.1016/j.micromeso.2021.111456,1
10.1016/j.micromeso.2021.111510,publisher_E,https://doi.org/10.1016/j.micromeso.2021.111510,1
10.1016/j.micromeso.2022.111758,publisher_E,https://doi.org/10.1016/j.micromeso.2022.111758,1
10.1016/j.micromeso.2022.111773,publisher_E,https://doi.org/10.1016/j.micromeso.2022.111773,1
10.1016/j.micromeso.2022.111813,publisher_E,https://doi.org/10.1016/j.micromeso.2022.111813,1
10.1016/j.micromeso.2022.111814,publisher_E,https://doi.org/10.1016/j.micromeso.2022.111814,1
10.1016/j.micromeso.2022.111909,publisher_E,https://doi.org/10.1016/j.micromeso.2022.111909,1
10.1016/j.micromeso.2022.111944,publisher_E,https://doi.org/10.1016/j.micromeso.2022.111944,1
10.1016/j.micromeso.2022.112008,publisher_E,https://doi.org/10.1016/j.micromeso.2022.112008,1
10.1016/j.micromeso.2022.112163,publisher_E,https://doi.org/10.1016/j.micromeso.2022.112163,1
10.1016/j.micromeso.2022.112232,publisher_E,https://doi.org/10.1016/j.micromeso.2022.112232,1
10.1016/j.micromeso.2022.112233,publisher_E,https://doi.org/10.1016/j.micromeso.2022.112233,1
10.1016/j.micromeso.2022.112257,publisher_E,https://doi.org/10.1016/j.micromeso.2022.112257,1
10.1016/j.micromeso.2022.112379,publisher_E,https://doi.org/10.1016/j.micromeso.2022.112379,1
10.1016/j.micromeso.2023.112497,publisher_E,https://doi.org/10.1016/j.micromeso.2023.112497,1
10.1016/j.micromeso.2023.112518,publisher_E,https://doi.org/10.1016/j.micromeso.2023.112518,1
10.1016/j.micromeso.2023.112592,publisher_E,https://doi.org/10.1016/j.micromeso.2023.112592,1
10.1016/j.micromeso.2023.112595,publisher_E,https://doi.org/10.1016/j.micromeso.2023.112595,1
10.1016/j.micromeso.2023.112647,publisher_E,https://doi.org/10.1016/j.micromeso.2023.112647,1
10.1016/j.micromeso.2023.112707,publisher_E,https://doi.org/10.1016/j.micromeso.2023.112707,1
10.1016/j.micromeso.2023.112716,publisher_E,https://doi.org/10.1016/j.micromeso.2023.112716,1
10.1016/j.micromeso.2023.112822,publisher_E,https://doi.org/10.1016/j.micromeso.2023.112822,1
10.1016/j.micromeso.2023.112915,publisher_E,https://doi.org/10.1016/j.micromeso.2023.112915,1
10.1016/j.micromeso.2023.112956,publisher_E,https://doi.org/10.1016/j.micromeso.2023.112956,1
10.1016/j.micromeso.2023.112974,publisher_E,https://doi.org/10.1016/j.micromeso.2023.112974,1
10.1016/j.micromeso.2024.112986,publisher_E,https://doi.org/10.1016/j.micromeso.2024.112986,1
10.1016/j.micromeso.2024.113010,publisher_E,https://doi.org/10.1016/j.micromeso.2024.113010,1
10.1016/j.micromeso.2024.113120,publisher_E,https://doi.org/10.1016/j.micromeso.2024.113120,1
10.1016/j.micromeso.2024.113130,publisher_E,https://doi.org/10.1016/j.micromeso.2024.113130,1
10.1016/j.micromeso.2024.113137,publisher_E,https://doi.org/10.1016/j.micromeso.2024.113137,1
10.1016/j.micromeso.2024.113163,publisher_E,https://doi.org/10.1016/j.micromeso.2024.113163,1
10.1016/j.micromeso.2024.113186,publisher_E,https://doi.org/10.1016/j.micromeso.2024.113186,1
10.1016/j.micromeso.2024.113372,publisher_E,https://doi.org/10.1016/j.micromeso.2024.113372,1
10.1016/j.micromeso.2024.113450,publisher_E,https://doi.org/10.1016/j.micromeso.2024.113450,1
10.1016/j.micromeso.2025.113588,publisher_E,https://doi.org/10.1016/j.micromeso.2025.113588,1
10.1016/j.micromeso.2025.113622,publisher_E,https://doi.org/10.1016/j.micromeso.2025.113622,1
10.1016/j.micromeso.2025.113727,publisher_E,https://doi.org/10.1016/j.micromeso.2025.113727,1
10.1016/j.molcata.2012.06.007,publisher_E,https://doi.org/10.1016/j.molcata.2012.06.007,1
10.1016/j.molcata.2012.08.015,publisher_E,https://doi.org/10.1016/j.molcata.2012.08.015,1
10.1016/j.molcata.2013.12.005,publisher_E,https://doi.org/10.1016/j.molcata.2013.12.005,1
10.1016/j.molcata.2014.05.023,publisher_E,https://doi.org/10.1016/j.molcata.2014.05.023,1
10.1016/j.molcata.2015.07.022,publisher_E,https://doi.org/10.1016/j.molcata.2015.07.022,1
10.1016/j.molcata.2016.04.022,publisher_E,https://doi.org/10.1016/j.molcata.2016.04.022,1
10.1016/j.molcata.2016.07.042,publisher_E,https://doi.org/10.1016/j.molcata.2016.07.042,1
10.1016/j.molcata.2016.11.009,publisher_E,https://doi.org/10.1016/j.molcata.2016.11.009,1
10.1016/j.molcata.2016.12.008,publisher_E,https://doi.org/10.1016/j.molcata.2016.12.008,1
10.1016/j.molliq.2017.06.097,publisher_E,https://doi.org/10.1016/j.molliq.2017.06.097,1
10.1016/j.molliq.2019.02.069,publisher_E,https://doi.org/10.1016/j.molliq.2019.02.069,1
10.1016/j.molliq.2019.112427,publisher_E,https://doi.org/10.1016/j.molliq.2019.112427,1
10.1016/j.molliq.2020.112996,publisher_E,https://doi.org/10.1016/j.molliq.2020.112996,1
10.1016/j.molliq.2020.113812,publisher_E,https://doi.org/10.1016/j.molliq.2020.113812,1
10.1016/j.molliq.2024.125732,publisher_E,https://doi.org/10.1016/j.molliq.2024.125732,1
10.1016/j.molstruc.2003.09.024,publisher_E,https://doi.org/10.1016/j.molstruc.2003.09.024,1
10.1016/j.molstruc.2003.11.009,publisher_E,https://doi.org/10.1016/j.molstruc.2003.11.009,1
10.1016/j.molstruc.2004.04.020,publisher_E,https://doi.org/10.1016/j.molstruc.2004.04.020,1
10.1016/j.molstruc.2004.10.063,publisher_E,https://doi.org/10.1016/j.molstruc.2004.10.063,1
10.1016/j.molstruc.2005.05.041,publisher_E,https://doi.org/10.1016/j.molstruc.2005.05.041,1
10.1016/j.molstruc.2005.11.011,publisher_E,https://doi.org/10.1016/j.molstruc.2005.11.011,1
10.1016/j.molstruc.2006.02.064,publisher_E,https://doi.org/10.1016/j.molstruc.2006.02.064,1
10.1016/j.molstruc.2006.03.077,publisher_E,https://doi.org/10.1016/j.molstruc.2006.03.077,1
10.1016/j.molstruc.2006.03.078,publisher_E,https://doi.org/10.1016/j.molstruc.2006.03.078,1
10.1016/j.molstruc.2006.03.099,publisher_E,https://doi.org/10.1016/j.molstruc.2006.03.099,1
10.1016/j.molstruc.2006.04.029,publisher_E,https://doi.org/10.1016/j.molstruc.2006.04.029,1
10.1016/j.molstruc.2006.08.025,publisher_E,https://doi.org/10.1016/j.molstruc.2006.08.025,1
10.1016/j.molstruc.2006.10.013,publisher_E,https://doi.org/10.1016/j.molstruc.2006.10.013,1
10.1016/j.molstruc.2006.11.065,publisher_E,https://doi.org/10.1016/j.molstruc.2006.11.065,1
10.1016/j.molstruc.2006.12.053,publisher_E,https://doi.org/10.1016/j.molstruc.2006.12.053,1
10.1016/j.molstruc.2007.01.064,publisher_E,https://doi.org/10.1016/j.molstruc.2007.01.064,1
10.1016/j.molstruc.2007.07.016,publisher_E,https://doi.org/10.1016/j.molstruc.2007.07.016,1
10.1016/j.molstruc.2007.07.023,publisher_E,https://doi.org/10.1016/j.molstruc.2007.07.023,1
10.1016/j.molstruc.2007.08.007,publisher_E,https://doi.org/10.1016/j.molstruc.2007.08.007,1
10.1016/j.molstruc.2007.08.032,publisher_E,https://doi.org/10.1016/j.molstruc.2007.08.032,1
10.1016/j.molstruc.2008.01.039,publisher_E,https://doi.org/10.1016/j.molstruc.2008.01.039,1
10.1016/j.molstruc.2008.04.030,publisher_E,https://doi.org/10.1016/j.molstruc.2008.04.030,1
10.1016/j.molstruc.2008.04.038,publisher_E,https://doi.org/10.1016/j.molstruc.2008.04.038,1
10.1016/j.molstruc.2008.06.007,publisher_E,https://doi.org/10.1016/j.molstruc.2008.06.007,1
10.1016/j.molstruc.2008.07.033,publisher_E,https://doi.org/10.1016/j.molstruc.2008.07.033,1
10.1016/j.molstruc.2008.12.057,publisher_E,https://doi.org/10.1016/j.molstruc.2008.12.057,1
10.1016/j.molstruc.2009.04.035,publisher_E,https://doi.org/10.1016/j.molstruc.2009.04.035,1
10.1016/j.molstruc.2009.05.027,publisher_E,https://doi.org/10.1016/j.molstruc.2009.05.027,1
10.1016/j.molstruc.2009.05.040,publisher_E,https://doi.org/10.1016/j.molstruc.2009.05.040,1
10.1016/j.molstruc.2009.05.054,publisher_E,https://doi.org/10.1016/j.molstruc.2009.05.054,1
10.1016/j.molstruc.2009.05.055,publisher_E,https://doi.org/10.1016/j.molstruc.2009.05.055,1
10.1016/j.molstruc.2009.06.002,publisher_E,https://doi.org/10.1016/j.molstruc.2009.06.002,1
10.1016/j.molstruc.2009.06.014,publisher_E,https://doi.org/10.1016/j.molstruc.2009.06.014,1
10.1016/j.molstruc.2009.09.010,publisher_E,https://doi.org/10.1016/j.molstruc.2009.09.010,1
10.1016/j.molstruc.2009.09.030,publisher_E,https://doi.org/10.1016/j.molstruc.2009.09.030,1
10.1016/j.molstruc.2009.09.038,publisher_E,https://doi.org/10.1016/j.molstruc.2009.09.038,1
10.1016/j.molstruc.2009.11.008,publisher_E,https://doi.org/10.1016/j.molstruc.2009.11.008,1
10.1016/j.molstruc.2009.11.018,publisher_E,https://doi.org/10.1016/j.molstruc.2009.11.018,1
10.1016/j.molstruc.2009.12.052,publisher_E,https://doi.org/10.1016/j.molstruc.2009.12.052,1
10.1016/j.molstruc.2010.01.056,publisher_E,https://doi.org/10.1016/j.molstruc.2010.01.056,1
10.1016/j.molstruc.2010.02.026,publisher_E,https://doi.org/10.1016/j.molstruc.2010.02.026,1
10.1016/j.molstruc.2010.03.074,publisher_E,https://doi.org/10.1016/j.molstruc.2010.03.074,1
10.1016/j.molstruc.2010.04.026,publisher_E,https://doi.org/10.1016/j.molstruc.2010.04.026,1
10.1016/j.molstruc.2010.06.019,publisher_E,https://doi.org/10.1016/j.molstruc.2010.06.019,1
10.1016/j.molstruc.2010.10.030,publisher_E,https://doi.org/10.1016/j.molstruc.2010.10.030,1
10.1016/j.molstruc.2010.12.006,publisher_E,https://doi.org/10.1016/j.molstruc.2010.12.006,1
10.1016/j.molstruc.2011.01.046,publisher_E,https://doi.org/10.1016/j.molstruc.2011.01.046,1
10.1016/j.molstruc.2011.02.056,publisher_E,https://doi.org/10.1016/j.molstruc.2011.02.056,1
10.1016/j.molstruc.2011.03.046,publisher_E,https://doi.org/10.1016/j.molstruc.2011.03.046,1
10.1016/j.molstruc.2011.03.062,publisher_E,https://doi.org/10.1016/j.molstruc.2011.03.062,1
10.1016/j.molstruc.2011.05.013,publisher_E,https://doi.org/10.1016/j.molstruc.2011.05.013,1
10.1016/j.molstruc.2011.07.014,publisher_E,https://doi.org/10.1016/j.molstruc.2011.07.014,1
10.1016/j.molstruc.2011.07.032,publisher_E,https://doi.org/10.1016/j.molstruc.2011.07.032,1
10.1016/j.molstruc.2011.08.013,publisher_E,https://doi.org/10.1016/j.molstruc.2011.08.013,1
10.1016/j.molstruc.2011.10.010,publisher_E,https://doi.org/10.1016/j.molstruc.2011.10.010,1
10.1016/j.molstruc.2011.12.005,publisher_E,https://doi.org/10.1016/j.molstruc.2011.12.005,1
10.1016/j.molstruc.2011.12.030,publisher_E,https://doi.org/10.1016/j.molstruc.2011.12.030,1
10.1016/j.molstruc.2012.07.039,publisher_E,https://doi.org/10.1016/j.molstruc.2012.07.039,1
10.1016/j.molstruc.2013.01.044,publisher_E,https://doi.org/10.1016/j.molstruc.2013.01.044,1
10.1016/j.molstruc.2013.01.074,publisher_E,https://doi.org/10.1016/j.molstruc.2013.01.074,1
10.1016/j.molstruc.2013.03.001,publisher_E,https://doi.org/10.1016/j.molstruc.2013.03.001,1
10.1016/j.molstruc.2013.07.047,publisher_E,https://doi.org/10.1016/j.molstruc.2013.07.047,1
10.1016/j.molstruc.2013.08.013,publisher_E,https://doi.org/10.1016/j.molstruc.2013.08.013,1
10.1016/j.molstruc.2013.08.014,publisher_E,https://doi.org/10.1016/j.molstruc.2013.08.014,1
10.1016/j.molstruc.2013.10.029,publisher_E,https://doi.org/10.1016/j.molstruc.2013.10.029,1
10.1016/j.molstruc.2013.11.041,publisher_E,https://doi.org/10.1016/j.molstruc.2013.11.041,1
10.1016/j.molstruc.2013.12.011,publisher_E,https://doi.org/10.1016/j.molstruc.2013.12.011,1
10.1016/j.molstruc.2014.01.090,publisher_E,https://doi.org/10.1016/j.molstruc.2014.01.090,1
10.1016/j.molstruc.2014.03.027,publisher_E,https://doi.org/10.1016/j.molstruc.2014.03.027,1
10.1016/j.molstruc.2014.04.047,publisher_E,https://doi.org/10.1016/j.molstruc.2014.04.047,1
10.1016/j.molstruc.2014.06.001,publisher_E,https://doi.org/10.1016/j.molstruc.2014.06.001,1
10.1016/j.molstruc.2014.06.018,publisher_E,https://doi.org/10.1016/j.molstruc.2014.06.018,1
10.1016/j.molstruc.2014.06.075,publisher_E,https://doi.org/10.1016/j.molstruc.2014.06.075,1
10.1016/j.molstruc.2014.07.029,publisher_E,https://doi.org/10.1016/j.molstruc.2014.07.029,1
10.1016/j.molstruc.2014.07.067,publisher_E,https://doi.org/10.1016/j.molstruc.2014.07.067,1
10.1016/j.molstruc.2014.09.056,publisher_E,https://doi.org/10.1016/j.molstruc.2014.09.056,1
10.1016/j.molstruc.2014.09.085,publisher_E,https://doi.org/10.1016/j.molstruc.2014.09.085,1
10.1016/j.molstruc.2014.10.069,publisher_E,https://doi.org/10.1016/j.molstruc.2014.10.069,1
10.1016/j.molstruc.2014.12.040,publisher_E,https://doi.org/10.1016/j.molstruc.2014.12.040,1
10.1016/j.molstruc.2015.01.013,publisher_E,https://doi.org/10.1016/j.molstruc.2015.01.013,1
10.1016/j.molstruc.2015.02.073,publisher_E,https://doi.org/10.1016/j.molstruc.2015.02.073,1
10.1016/j.molstruc.2015.05.030,publisher_E,https://doi.org/10.1016/j.molstruc.2015.05.030,1
10.1016/j.molstruc.2015.08.020,publisher_E,https://doi.org/10.1016/j.molstruc.2015.08.020,1
10.1016/j.molstruc.2015.08.068,publisher_E,https://doi.org/10.1016/j.molstruc.2015.08.068,1
10.1016/j.molstruc.2015.10.046,publisher_E,https://doi.org/10.1016/j.molstruc.2015.10.046,1
10.1016/j.molstruc.2015.11.031,publisher_E,https://doi.org/10.1016/j.molstruc.2015.11.031,1
10.1016/j.molstruc.2015.11.045,publisher_E,https://doi.org/10.1016/j.molstruc.2015.11.045,1
10.1016/j.molstruc.2015.12.005,publisher_E,https://doi.org/10.1016/j.molstruc.2015.12.005,1
10.1016/j.molstruc.2015.12.037,publisher_E,https://doi.org/10.1016/j.molstruc.2015.12.037,1
10.1016/j.molstruc.2016.01.003,publisher_E,https://doi.org/10.1016/j.molstruc.2016.01.003,1
10.1016/j.molstruc.2016.02.010,publisher_E,https://doi.org/10.1016/j.molstruc.2016.02.010,1
10.1016/j.molstruc.2016.03.075,publisher_E,https://doi.org/10.1016/j.molstruc.2016.03.075,1
10.1016/j.molstruc.2016.04.017,publisher_E,https://doi.org/10.1016/j.molstruc.2016.04.017,1
10.1016/j.molstruc.2016.04.019,publisher_E,https://doi.org/10.1016/j.molstruc.2016.04.019,1
10.1016/j.molstruc.2016.04.024,publisher_E,https://doi.org/10.1016/j.molstruc.2016.04.024,1
10.1016/j.molstruc.2016.04.054,publisher_E,https://doi.org/10.1016/j.molstruc.2016.04.054,1
10.1016/j.molstruc.2016.04.074,publisher_E,https://doi.org/10.1016/j.molstruc.2016.04.074,1
10.1016/j.molstruc.2016.07.039,publisher_E,https://doi.org/10.1016/j.molstruc.2016.07.039,1
10.1016/j.molstruc.2016.08.013,publisher_E,https://doi.org/10.1016/j.molstruc.2016.08.013,1
10.1016/j.molstruc.2016.08.019,publisher_E,https://doi.org/10.1016/j.molstruc.2016.08.019,1
10.1016/j.molstruc.2016.10.008,publisher_E,https://doi.org/10.1016/j.molstruc.2016.10.008,1
10.1016/j.molstruc.2016.10.051,publisher_E,https://doi.org/10.1016/j.molstruc.2016.10.051,1
10.1016/j.molstruc.2016.11.034,publisher_E,https://doi.org/10.1016/j.molstruc.2016.11.034,1
10.1016/j.molstruc.2016.11.073,publisher_E,https://doi.org/10.1016/j.molstruc.2016.11.073,1
10.1016/j.molstruc.2016.11.084,publisher_E,https://doi.org/10.1016/j.molstruc.2016.11.084,1
10.1016/j.molstruc.2016.11.086,publisher_E,https://doi.org/10.1016/j.molstruc.2016.11.086,1
10.1016/j.molstruc.2016.12.005,publisher_E,https://doi.org/10.1016/j.molstruc.2016.12.005,1
10.1016/j.molstruc.2016.12.034,publisher_E,https://doi.org/10.1016/j.molstruc.2016.12.034,1
10.1016/j.molstruc.2017.01.023,publisher_E,https://doi.org/10.1016/j.molstruc.2017.01.023,1
10.1016/j.molstruc.2017.02.004,publisher_E,https://doi.org/10.1016/j.molstruc.2017.02.004,1
10.1016/j.molstruc.2017.02.005,publisher_E,https://doi.org/10.1016/j.molstruc.2017.02.005,1
10.1016/j.molstruc.2017.02.030,publisher_E,https://doi.org/10.1016/j.molstruc.2017.02.030,1
10.1016/j.molstruc.2017.03.120,publisher_E,https://doi.org/10.1016/j.molstruc.2017.03.120,1
10.1016/j.molstruc.2017.04.057,publisher_E,https://doi.org/10.1016/j.molstruc.2017.04.057,1
10.1016/j.molstruc.2017.04.068,publisher_E,https://doi.org/10.1016/j.molstruc.2017.04.068,1
10.1016/j.molstruc.2017.04.075,publisher_E,https://doi.org/10.1016/j.molstruc.2017.04.075,1
10.1016/j.molstruc.2017.05.075,publisher_E,https://doi.org/10.1016/j.molstruc.2017.05.075,1
10.1016/j.molstruc.2017.06.072,publisher_E,https://doi.org/10.1016/j.molstruc.2017.06.072,1
10.1016/j.molstruc.2017.06.089,publisher_E,https://doi.org/10.1016/j.molstruc.2017.06.089,1
10.1016/j.molstruc.2017.07.039,publisher_E,https://doi.org/10.1016/j.molstruc.2017.07.039,1
10.1016/j.molstruc.2017.07.056,publisher_E,https://doi.org/10.1016/j.molstruc.2017.07.056,1
10.1016/j.molstruc.2017.08.064,publisher_E,https://doi.org/10.1016/j.molstruc.2017.08.064,1
10.1016/j.molstruc.2017.09.048,publisher_E,https://doi.org/10.1016/j.molstruc.2017.09.048,1
10.1016/j.molstruc.2017.12.027,publisher_E,https://doi.org/10.1016/j.molstruc.2017.12.027,1
10.1016/j.molstruc.2017.12.047,publisher_E,https://doi.org/10.1016/j.molstruc.2017.12.047,1
10.1016/j.molstruc.2017.12.100,publisher_E,https://doi.org/10.1016/j.molstruc.2017.12.100,1
10.1016/j.molstruc.2018.01.077,publisher_E,https://doi.org/10.1016/j.molstruc.2018.01.077,1
10.1016/j.molstruc.2018.02.039,publisher_E,https://doi.org/10.1016/j.molstruc.2018.02.039,1
10.1016/j.molstruc.2018.03.048,publisher_E,https://doi.org/10.1016/j.molstruc.2018.03.048,1
10.1016/j.molstruc.2018.04.068,publisher_E,https://doi.org/10.1016/j.molstruc.2018.04.068,1
10.1016/j.molstruc.2018.05.054,publisher_E,https://doi.org/10.1016/j.molstruc.2018.05.054,1
10.1016/j.molstruc.2018.07.004,publisher_E,https://doi.org/10.1016/j.molstruc.2018.07.004,1
10.1016/j.molstruc.2018.07.106,publisher_E,https://doi.org/10.1016/j.molstruc.2018.07.106,1
10.1016/j.molstruc.2018.09.003,publisher_E,https://doi.org/10.1016/j.molstruc.2018.09.003,1
10.1016/j.molstruc.2018.12.026,publisher_E,https://doi.org/10.1016/j.molstruc.2018.12.026,1
10.1016/j.molstruc.2019.01.033,publisher_E,https://doi.org/10.1016/j.molstruc.2019.01.033,1
10.1016/j.molstruc.2019.02.046,publisher_E,https://doi.org/10.1016/j.molstruc.2019.02.046,1
10.1016/j.molstruc.2019.03.086,publisher_E,https://doi.org/10.1016/j.molstruc.2019.03.086,1
10.1016/j.molstruc.2019.03.102,publisher_E,https://doi.org/10.1016/j.molstruc.2019.03.102,1
10.1016/j.molstruc.2019.05.070,publisher_E,https://doi.org/10.1016/j.molstruc.2019.05.070,1
10.1016/j.molstruc.2019.127005,publisher_E,https://doi.org/10.1016/j.molstruc.2019.127005,1
10.1016/j.molstruc.2019.127081,publisher_E,https://doi.org/10.1016/j.molstruc.2019.127081,1
10.1016/j.molstruc.2019.127427,publisher_E,https://doi.org/10.1016/j.molstruc.2019.127427,1
10.1016/j.molstruc.2019.127621,publisher_E,https://doi.org/10.1016/j.molstruc.2019.127621,1
10.1016/j.molstruc.2020.127818,publisher_E,https://doi.org/10.1016/j.molstruc.2020.127818,1
10.1016/j.molstruc.2020.127826,publisher_E,https://doi.org/10.1016/j.molstruc.2020.127826,1
10.1016/j.molstruc.2020.127923,publisher_E,https://doi.org/10.1016/j.molstruc.2020.127923,1
10.1016/j.molstruc.2020.128373,publisher_E,https://doi.org/10.1016/j.molstruc.2020.128373,1
10.1016/j.molstruc.2020.128608,publisher_E,https://doi.org/10.1016/j.molstruc.2020.128608,1
10.1016/j.molstruc.2020.128871,publisher_E,https://doi.org/10.1016/j.molstruc.2020.128871,1
10.1016/j.molstruc.2020.129041,publisher_E,https://doi.org/10.1016/j.molstruc.2020.129041,1
10.1016/j.molstruc.2020.129161,publisher_E,https://doi.org/10.1016/j.molstruc.2020.129161,1
10.1016/j.molstruc.2020.129217,publisher_E,https://doi.org/10.1016/j.molstruc.2020.129217,1
10.1016/j.molstruc.2020.129327,publisher_E,https://doi.org/10.1016/j.molstruc.2020.129327,1
10.1016/j.molstruc.2020.129453,publisher_E,https://doi.org/10.1016/j.molstruc.2020.129453,1
10.1016/j.molstruc.2020.129754,publisher_E,https://doi.org/10.1016/j.molstruc.2020.129754,1
10.1016/j.molstruc.2020.129797,publisher_E,https://doi.org/10.1016/j.molstruc.2020.129797,1
10.1016/j.molstruc.2020.129800,publisher_E,https://doi.org/10.1016/j.molstruc.2020.129800,1
10.1016/j.molstruc.2021.129950,publisher_E,https://doi.org/10.1016/j.molstruc.2021.129950,1
10.1016/j.molstruc.2021.130045,publisher_E,https://doi.org/10.1016/j.molstruc.2021.130045,1
10.1016/j.molstruc.2021.130298,publisher_E,https://doi.org/10.1016/j.molstruc.2021.130298,1
10.1016/j.molstruc.2021.130347,publisher_E,https://doi.org/10.1016/j.molstruc.2021.130347,1
10.1016/j.molstruc.2021.130388,publisher_E,https://doi.org/10.1016/j.molstruc.2021.130388,1
10.1016/j.molstruc.2021.130422,publisher_E,https://doi.org/10.1016/j.molstruc.2021.130422,1
10.1016/j.molstruc.2021.130975,publisher_E,https://doi.org/10.1016/j.molstruc.2021.130975,1
10.1016/j.molstruc.2021.131039,publisher_E,https://doi.org/10.1016/j.molstruc.2021.131039,1
10.1016/j.molstruc.2021.131353,publisher_E,https://doi.org/10.1016/j.molstruc.2021.131353,1
10.1016/j.molstruc.2021.131456,publisher_E,https://doi.org/10.1016/j.molstruc.2021.131456,1
10.1016/j.molstruc.2021.131712,publisher_E,https://doi.org/10.1016/j.molstruc.2021.131712,1
10.1016/j.molstruc.2021.131874,publisher_E,https://doi.org/10.1016/j.molstruc.2021.131874,1
10.1016/j.molstruc.2021.131940,publisher_E,https://doi.org/10.1016/j.molstruc.2021.131940,1
10.1016/j.molstruc.2021.131957,publisher_E,https://doi.org/10.1016/j.molstruc.2021.131957,1
10.1016/j.molstruc.2022.132477,publisher_E,https://doi.org/10.1016/j.molstruc.2022.132477,1
10.1016/j.molstruc.2022.132843,publisher_E,https://doi.org/10.1016/j.molstruc.2022.132843,1
10.1016/j.molstruc.2022.132927,publisher_E,https://doi.org/10.1016/j.molstruc.2022.132927,1
10.1016/j.molstruc.2022.132994,publisher_E,https://doi.org/10.1016/j.molstruc.2022.132994,1
10.1016/j.molstruc.2022.133087,publisher_E,https://doi.org/10.1016/j.molstruc.2022.133087,1
10.1016/j.molstruc.2022.133239,publisher_E,https://doi.org/10.1016/j.molstruc.2022.133239,1
10.1016/j.molstruc.2022.133257,publisher_E,https://doi.org/10.1016/j.molstruc.2022.133257,1
10.1016/j.molstruc.2022.133314,publisher_E,https://doi.org/10.1016/j.molstruc.2022.133314,1
10.1016/j.molstruc.2022.133365,publisher_E,https://doi.org/10.1016/j.molstruc.2022.133365,1
10.1016/j.molstruc.2022.133399,publisher_E,https://doi.org/10.1016/j.molstruc.2022.133399,1
10.1016/j.molstruc.2022.133439,publisher_E,https://doi.org/10.1016/j.molstruc.2022.133439,1
10.1016/j.molstruc.2022.133611,publisher_E,https://doi.org/10.1016/j.molstruc.2022.133611,1
10.1016/j.molstruc.2022.133799,publisher_E,https://doi.org/10.1016/j.molstruc.2022.133799,1
10.1016/j.molstruc.2022.133895,publisher_E,https://doi.org/10.1016/j.molstruc.2022.133895,1
10.1016/j.molstruc.2022.133913,publisher_E,https://doi.org/10.1016/j.molstruc.2022.133913,1
10.1016/j.molstruc.2022.134127,publisher_E,https://doi.org/10.1016/j.molstruc.2022.134127,1
10.1016/j.molstruc.2022.134389,publisher_E,https://doi.org/10.1016/j.molstruc.2022.134389,1
10.1016/j.molstruc.2022.134598,publisher_E,https://doi.org/10.1016/j.molstruc.2022.134598,1
10.1016/j.molstruc.2022.134777,publisher_E,https://doi.org/10.1016/j.molstruc.2022.134777,1
10.1016/j.molstruc.2022.134824,publisher_E,https://doi.org/10.1016/j.molstruc.2022.134824,1
10.1016/j.molstruc.2022.134825,publisher_E,https://doi.org/10.1016/j.molstruc.2022.134825,1
10.1016/j.molstruc.2023.134974,publisher_E,https://doi.org/10.1016/j.molstruc.2023.134974,1
10.1016/j.molstruc.2023.135224,publisher_E,https://doi.org/10.1016/j.molstruc.2023.135224,1
10.1016/j.molstruc.2023.135389,publisher_E,https://doi.org/10.1016/j.molstruc.2023.135389,1
10.1016/j.molstruc.2023.135454,publisher_E,https://doi.org/10.1016/j.molstruc.2023.135454,1
10.1016/j.molstruc.2023.135489,publisher_E,https://doi.org/10.1016/j.molstruc.2023.135489,1
10.1016/j.molstruc.2023.135496,publisher_E,https://doi.org/10.1016/j.molstruc.2023.135496,1
10.1016/j.molstruc.2023.135796,publisher_E,https://doi.org/10.1016/j.molstruc.2023.135796,1
10.1016/j.molstruc.2023.135886,publisher_E,https://doi.org/10.1016/j.molstruc.2023.135886,1
10.1016/j.molstruc.2023.136074,publisher_E,https://doi.org/10.1016/j.molstruc.2023.136074,1
10.1016/j.molstruc.2023.136163,publisher_E,https://doi.org/10.1016/j.molstruc.2023.136163,1
10.1016/j.molstruc.2023.136226,publisher_E,https://doi.org/10.1016/j.molstruc.2023.136226,1
10.1016/j.molstruc.2023.136256,publisher_E,https://doi.org/10.1016/j.molstruc.2023.136256,1
10.1016/j.molstruc.2023.136561,publisher_E,https://doi.org/10.1016/j.molstruc.2023.136561,1
10.1016/j.molstruc.2023.136894,publisher_E,https://doi.org/10.1016/j.molstruc.2023.136894,1
10.1016/j.molstruc.2023.136955,publisher_E,https://doi.org/10.1016/j.molstruc.2023.136955,1
10.1016/j.molstruc.2023.137051,publisher_E,https://doi.org/10.1016/j.molstruc.2023.137051,1
10.1016/j.molstruc.2023.137147,publisher_E,https://doi.org/10.1016/j.molstruc.2023.137147,1
10.1016/j.molstruc.2023.137156,publisher_E,https://doi.org/10.1016/j.molstruc.2023.137156,1
10.1016/j.molstruc.2023.137229,publisher_E,https://doi.org/10.1016/j.molstruc.2023.137229,1
10.1016/j.molstruc.2023.137235,publisher_E,https://doi.org/10.1016/j.molstruc.2023.137235,1
10.1016/j.molstruc.2023.137280,publisher_E,https://doi.org/10.1016/j.molstruc.2023.137280,1
10.1016/j.molstruc.2023.137311,publisher_E,https://doi.org/10.1016/j.molstruc.2023.137311,1
10.1016/j.molstruc.2023.137468,publisher_E,https://doi.org/10.1016/j.molstruc.2023.137468,1
10.1016/j.molstruc.2024.137504,publisher_E,https://doi.org/10.1016/j.molstruc.2024.137504,1
10.1016/j.molstruc.2024.137566,publisher_E,https://doi.org/10.1016/j.molstruc.2024.137566,1
10.1016/j.molstruc.2024.137699,publisher_E,https://doi.org/10.1016/j.molstruc.2024.137699,1
10.1016/j.molstruc.2024.137703,publisher_E,https://doi.org/10.1016/j.molstruc.2024.137703,1
10.1016/j.molstruc.2024.137741,publisher_E,https://doi.org/10.1016/j.molstruc.2024.137741,1
10.1016/j.molstruc.2024.137937,publisher_E,https://doi.org/10.1016/j.molstruc.2024.137937,1
10.1016/j.molstruc.2024.138112,publisher_E,https://doi.org/10.1016/j.molstruc.2024.138112,1
10.1016/j.molstruc.2024.138196,publisher_E,https://doi.org/10.1016/j.molstruc.2024.138196,1
10.1016/j.molstruc.2024.138229,publisher_E,https://doi.org/10.1016/j.molstruc.2024.138229,1
10.1016/j.molstruc.2024.138265,publisher_E,https://doi.org/10.1016/j.molstruc.2024.138265,1
10.1016/j.molstruc.2024.138452,publisher_E,https://doi.org/10.1016/j.molstruc.2024.138452,1
10.1016/j.molstruc.2024.138462,publisher_E,https://doi.org/10.1016/j.molstruc.2024.138462,1
10.1016/j.molstruc.2024.138575,publisher_E,https://doi.org/10.1016/j.molstruc.2024.138575,1
10.1016/j.molstruc.2024.138590,publisher_E,https://doi.org/10.1016/j.molstruc.2024.138590,1
10.1016/j.molstruc.2024.138651,publisher_E,https://doi.org/10.1016/j.molstruc.2024.138651,1
10.1016/j.molstruc.2024.139120,publisher_E,https://doi.org/10.1016/j.molstruc.2024.139120,1
10.1016/j.molstruc.2024.139503,publisher_E,https://doi.org/10.1016/j.molstruc.2024.139503,1
10.1016/j.molstruc.2024.139538,publisher_E,https://doi.org/10.1016/j.molstruc.2024.139538,1
10.1016/j.molstruc.2024.139598,publisher_E,https://doi.org/10.1016/j.molstruc.2024.139598,1
10.1016/j.molstruc.2024.139676,publisher_E,https://doi.org/10.1016/j.molstruc.2024.139676,1
10.1016/j.molstruc.2024.139724,publisher_E,https://doi.org/10.1016/j.molstruc.2024.139724,1
10.1016/j.molstruc.2024.139742,publisher_E,https://doi.org/10.1016/j.molstruc.2024.139742,1
10.1016/j.molstruc.2024.140036,publisher_E,https://doi.org/10.1016/j.molstruc.2024.140036,1
10.1016/j.molstruc.2024.140061,publisher_E,https://doi.org/10.1016/j.molstruc.2024.140061,1
10.1016/j.molstruc.2024.140088,publisher_E,https://doi.org/10.1016/j.molstruc.2024.140088,1
10.1016/j.molstruc.2024.140323,publisher_E,https://doi.org/10.1016/j.molstruc.2024.140323,1
10.1016/j.molstruc.2024.140348,publisher_E,https://doi.org/10.1016/j.molstruc.2024.140348,1
10.1016/j.molstruc.2024.140813,publisher_E,https://doi.org/10.1016/j.molstruc.2024.140813,1
10.1016/j.molstruc.2024.141056,publisher_E,https://doi.org/10.1016/j.molstruc.2024.141056,1
10.1016/j.molstruc.2024.141094,publisher_E,https://doi.org/10.1016/j.molstruc.2024.141094,1
10.1016/j.molstruc.2025.141361,publisher_E,https://doi.org/10.1016/j.molstruc.2025.141361,1
10.1016/j.molstruc.2025.141370,publisher_E,https://doi.org/10.1016/j.molstruc.2025.141370,1
10.1016/j.molstruc.2025.141379,publisher_E,https://doi.org/10.1016/j.molstruc.2025.141379,1
10.1016/j.molstruc.2025.141426,publisher_E,https://doi.org/10.1016/j.molstruc.2025.141426,1
10.1016/j.molstruc.2025.141443,publisher_E,https://doi.org/10.1016/j.molstruc.2025.141443,1
10.1016/j.molstruc.2025.141522,publisher_E,https://doi.org/10.1016/j.molstruc.2025.141522,1
10.1016/j.molstruc.2025.141914,publisher_E,https://doi.org/10.1016/j.molstruc.2025.141914,1
10.1016/j.molstruc.2025.141945,publisher_E,https://doi.org/10.1016/j.molstruc.2025.141945,1
10.1016/j.molstruc.2025.141984,publisher_E,https://doi.org/10.1016/j.molstruc.2025.141984,1
10.1016/j.molstruc.2025.142298,publisher_E,https://doi.org/10.1016/j.molstruc.2025.142298,1
10.1016/j.molstruc.2025.142502,publisher_E,https://doi.org/10.1016/j.molstruc.2025.142502,1
10.1016/j.molstruc.2025.142906,publisher_E,https://doi.org/10.1016/j.molstruc.2025.142906,1
10.1016/j.molstruc.2025.143433,publisher_E,https://doi.org/10.1016/j.molstruc.2025.143433,1
10.1016/j.mseb.2020.114833,publisher_E,https://doi.org/10.1016/j.mseb.2020.114833,1
10.1016/j.mseb.2021.115495,publisher_E,https://doi.org/10.1016/j.mseb.2021.115495,1
10.1016/j.mseb.2023.116530,publisher_E,https://doi.org/10.1016/j.mseb.2023.116530,1
10.1016/j.mseb.2023.117043,publisher_E,https://doi.org/10.1016/j.mseb.2023.117043,1
10.1016/j.mseb.2024.117800,publisher_E,https://doi.org/10.1016/j.mseb.2024.117800,1
10.1016/j.msec.2018.07.010,publisher_E,https://doi.org/10.1016/j.msec.2018.07.010,1
10.1016/j.msec.2019.01.032,publisher_E,https://doi.org/10.1016/j.msec.2019.01.032,1
10.1016/j.msec.2019.110111,publisher_E,https://doi.org/10.1016/j.msec.2019.110111,1
10.1016/j.mssp.2014.02.018,publisher_E,https://doi.org/10.1016/j.mssp.2014.02.018,1
10.1016/j.mtadv.2023.100448,publisher_E,https://doi.org/10.1016/j.mtadv.2023.100448,1
10.1016/j.mtbio.2021.100097,publisher_E,https://doi.org/10.1016/j.mtbio.2021.100097,1
10.1016/j.mtbio.2022.100507,publisher_E,https://doi.org/10.1016/j.mtbio.2022.100507,1
10.1016/j.mtchem.2018.02.002,publisher_E,https://doi.org/10.1016/j.mtchem.2018.02.002,1
10.1016/j.mtchem.2019.100222,publisher_E,https://doi.org/10.1016/j.mtchem.2019.100222,1
10.1016/j.mtchem.2021.100534,publisher_E,https://doi.org/10.1016/j.mtchem.2021.100534,1
10.1016/j.mtchem.2021.100647,publisher_E,https://doi.org/10.1016/j.mtchem.2021.100647,1
10.1016/j.mtchem.2022.100882,publisher_E,https://doi.org/10.1016/j.mtchem.2022.100882,1
10.1016/j.mtchem.2022.101064,publisher_E,https://doi.org/10.1016/j.mtchem.2022.101064,1
10.1016/j.mtchem.2022.101277,publisher_E,https://doi.org/10.1016/j.mtchem.2022.101277,1
10.1016/j.mtchem.2022.101292,publisher_E,https://doi.org/10.1016/j.mtchem.2022.101292,1
10.1016/j.mtchem.2022.101324,publisher_E,https://doi.org/10.1016/j.mtchem.2022.101324,1
10.1016/j.mtchem.2022.101337,publisher_E,https://doi.org/10.1016/j.mtchem.2022.101337,1
10.1016/j.mtchem.2023.101777,publisher_E,https://doi.org/10.1016/j.mtchem.2023.101777,1
10.1016/j.mtchem.2024.102256,publisher_E,https://doi.org/10.1016/j.mtchem.2024.102256,1
10.1016/j.mtchem.2025.102548,publisher_E,https://doi.org/10.1016/j.mtchem.2025.102548,1
10.1016/j.mtchem.2025.102582,publisher_E,https://doi.org/10.1016/j.mtchem.2025.102582,1
10.1016/j.mtcomm.2020.101993,publisher_E,https://doi.org/10.1016/j.mtcomm.2020.101993,1
10.1016/j.mtcomm.2021.102433,publisher_E,https://doi.org/10.1016/j.mtcomm.2021.102433,1
10.1016/j.mtcomm.2022.104117,publisher_E,https://doi.org/10.1016/j.mtcomm.2022.104117,1
10.1016/j.mtcomm.2022.104393,publisher_E,https://doi.org/10.1016/j.mtcomm.2022.104393,1
10.1016/j.mtcomm.2023.105927,publisher_E,https://doi.org/10.1016/j.mtcomm.2023.105927,1
10.1016/j.mtcomm.2024.109783,publisher_E,https://doi.org/10.1016/j.mtcomm.2024.109783,1
10.1016/j.mtcomm.2024.111177,publisher_E,https://doi.org/10.1016/j.mtcomm.2024.111177,1
10.1016/j.mtcomm.2025.112123,publisher_E,https://doi.org/10.1016/j.mtcomm.2025.112123,1
10.1016/j.mtnano.2018.09.001,publisher_E,https://doi.org/10.1016/j.mtnano.2018.09.001,1
10.1016/j.mtnano.2022.100293,publisher_E,https://doi.org/10.1016/j.mtnano.2022.100293,1
10.1016/j.mtnano.2023.100303,publisher_E,https://doi.org/10.1016/j.mtnano.2023.100303,1
10.1016/j.mtnano.2024.100459,publisher_E,https://doi.org/10.1016/j.mtnano.2024.100459,1
10.1016/j.mtsust.2023.100604,publisher_E,https://doi.org/10.1016/j.mtsust.2023.100604,1
10.1016/j.optmat.2017.02.015,publisher_E,https://doi.org/10.1016/j.optmat.2017.02.015,1
10.1016/j.optmat.2017.05.037,publisher_E,https://doi.org/10.1016/j.optmat.2017.05.037,1
10.1016/j.optmat.2018.05.014,publisher_E,https://doi.org/10.1016/j.optmat.2018.05.014,1
10.1016/j.optmat.2020.109706,publisher_E,https://doi.org/10.1016/j.optmat.2020.109706,1
10.1016/j.optmat.2024.116126,publisher_E,https://doi.org/10.1016/j.optmat.2024.116126,1
10.1016/j.partic.2019.04.007,publisher_E,https://doi.org/10.1016/j.partic.2019.04.007,1
10.1016/j.pnsc.2018.01.016,publisher_E,https://doi.org/10.1016/j.pnsc.2018.01.016,1
10.1016/j.pnsc.2018.08.002,publisher_E,https://doi.org/10.1016/j.pnsc.2018.08.002,1
10.1016/j.pnsc.2023.08.009,publisher_E,https://doi.org/10.1016/j.pnsc.2023.08.009,1
10.1016/j.pnsc.2024.01.013,publisher_E,https://doi.org/10.1016/j.pnsc.2024.01.013,1
10.1016/j.poly.2002.08.001,unmapped,https://doi.org/10.1016/j.poly.2002.08.001,0
10.1016/j.poly.2004.02.007,unmapped,https://doi.org/10.1016/j.poly.2004.02.007,0
10.1016/j.poly.2006.09.008,unmapped,https://doi.org/10.1016/j.poly.2006.09.008,
10.1016/j.poly.2006.11.050,unmapped,https://doi.org/10.1016/j.poly.2006.11.050,
10.1016/j.poly.2007.07.045,unmapped,https://doi.org/10.1016/j.poly.2007.07.045,
10.1016/j.poly.2007.10.020,unmapped,https://doi.org/10.1016/j.poly.2007.10.020,
10.1016/j.poly.2008.04.035,unmapped,https://doi.org/10.1016/j.poly.2008.04.035,
10.1016/j.poly.2008.06.010,unmapped,https://doi.org/10.1016/j.poly.2008.06.010,
10.1016/j.poly.2008.07.035,unmapped,https://doi.org/10.1016/j.poly.2008.07.035,
10.1016/j.poly.2008.10.043,unmapped,https://doi.org/10.1016/j.poly.2008.10.043,
10.1016/j.poly.2008.10.074,unmapped,https://doi.org/10.1016/j.poly.2008.10.074,
10.1016/j.poly.2008.11.059,unmapped,https://doi.org/10.1016/j.poly.2008.11.059,
10.1016/j.poly.2009.04.008,unmapped,https://doi.org/10.1016/j.poly.2009.04.008,
10.1016/j.poly.2009.06.068,unmapped,https://doi.org/10.1016/j.poly.2009.06.068,
10.1016/j.poly.2009.07.011,unmapped,https://doi.org/10.1016/j.poly.2009.07.011,
10.1016/j.poly.2009.08.037,unmapped,https://doi.org/10.1016/j.poly.2009.08.037,
10.1016/j.poly.2010.06.008,unmapped,https://doi.org/10.1016/j.poly.2010.06.008,
10.1016/j.poly.2010.07.013,unmapped,https://doi.org/10.1016/j.poly.2010.07.013,
10.1016/j.poly.2010.12.027,unmapped,https://doi.org/10.1016/j.poly.2010.12.027,
10.1016/j.poly.2011.02.008,unmapped,https://doi.org/10.1016/j.poly.2011.02.008,
10.1016/j.poly.2011.05.020,unmapped,https://doi.org/10.1016/j.poly.2011.05.020,
10.1016/j.poly.2011.05.035,unmapped,https://doi.org/10.1016/j.poly.2011.05.035,
10.1016/j.poly.2011.10.010,unmapped,https://doi.org/10.1016/j.poly.2011.10.010,
10.1016/j.poly.2011.10.030,unmapped,https://doi.org/10.1016/j.poly.2011.10.030,
10.1016/j.poly.2011.11.015,unmapped,https://doi.org/10.1016/j.poly.2011.11.015,
10.1016/j.poly.2012.01.018,unmapped,https://doi.org/10.1016/j.poly.2012.01.018,
10.1016/j.poly.2012.02.006,unmapped,https://doi.org/10.1016/j.poly.2012.02.006,
10.1016/j.poly.2012.05.043,unmapped,https://doi.org/10.1016/j.poly.2012.05.043,
10.1016/j.poly.2012.06.038,unmapped,https://doi.org/10.1016/j.poly.2012.06.038,
10.1016/j.poly.2012.07.013,unmapped,https://doi.org/10.1016/j.poly.2012.07.013,
10.1016/j.poly.2012.07.043,unmapped,https://doi.org/10.1016/j.poly.2012.07.043,
10.1016/j.poly.2012.07.060,unmapped,https://doi.org/10.1016/j.poly.2012.07.060,
10.1016/j.poly.2012.07.091,unmapped,https://doi.org/10.1016/j.poly.2012.07.091,
10.1016/j.poly.2012.09.018,unmapped,https://doi.org/10.1016/j.poly.2012.09.018,
10.1016/j.poly.2012.10.005,unmapped,https://doi.org/10.1016/j.poly.2012.10.005,
10.1016/j.poly.2012.11.045,unmapped,https://doi.org/10.1016/j.poly.2012.11.045,
10.1016/j.poly.2013.01.027,unmapped,https://doi.org/10.1016/j.poly.2013.01.027,
10.1016/j.poly.2013.01.038,unmapped,https://doi.org/10.1016/j.poly.2013.01.038,
10.1016/j.poly.2013.03.029,unmapped,https://doi.org/10.1016/j.poly.2013.03.029,
10.1016/j.poly.2013.03.031,unmapped,https://doi.org/10.1016/j.poly.2013.03.031,
10.1016/j.poly.2013.05.030,unmapped,https://doi.org/10.1016/j.poly.2013.05.030,
10.1016/j.poly.2013.08.036,unmapped,https://doi.org/10.1016/j.poly.2013.08.036,
10.1016/j.poly.2013.09.002,unmapped,https://doi.org/10.1016/j.poly.2013.09.002,
10.1016/j.poly.2013.10.022,unmapped,https://doi.org/10.1016/j.poly.2013.10.022,
10.1016/j.poly.2013.12.027,unmapped,https://doi.org/10.1016/j.poly.2013.12.027,
10.1016/j.poly.2013.12.039,unmapped,https://doi.org/10.1016/j.poly.2013.12.039,
10.1016/j.poly.2013.12.042,unmapped,https://doi.org/10.1016/j.poly.2013.12.042,
10.1016/j.poly.2014.04.029,unmapped,https://doi.org/10.1016/j.poly.2014.04.029,
10.1016/j.poly.2014.04.036,unmapped,https://doi.org/10.1016/j.poly.2014.04.036,
10.1016/j.poly.2014.04.042,unmapped,https://doi.org/10.1016/j.poly.2014.04.042,
10.1016/j.poly.2014.05.020,unmapped,https://doi.org/10.1016/j.poly.2014.05.020,
10.1016/j.poly.2014.05.033,unmapped,https://doi.org/10.1016/j.poly.2014.05.033,
10.1016/j.poly.2014.05.044,unmapped,https://doi.org/10.1016/j.poly.2014.05.044,
10.1016/j.poly.2014.05.063,unmapped,https://doi.org/10.1016/j.poly.2014.05.063,
10.1016/j.poly.2014.06.018,unmapped,https://doi.org/10.1016/j.poly.2014.06.018,
10.1016/j.poly.2014.07.004,unmapped,https://doi.org/10.1016/j.poly.2014.07.004,
10.1016/j.poly.2014.08.020,unmapped,https://doi.org/10.1016/j.poly.2014.08.020,
10.1016/j.poly.2014.08.053,unmapped,https://doi.org/10.1016/j.poly.2014.08.053,
10.1016/j.poly.2014.11.021,unmapped,https://doi.org/10.1016/j.poly.2014.11.021,
10.1016/j.poly.2014.12.001,unmapped,https://doi.org/10.1016/j.poly.2014.12.001,
10.1016/j.poly.2014.12.041,unmapped,https://doi.org/10.1016/j.poly.2014.12.041,
10.1016/j.poly.2014.12.043,unmapped,https://doi.org/10.1016/j.poly.2014.12.043,
10.1016/j.poly.2014.12.045,unmapped,https://doi.org/10.1016/j.poly.2014.12.045,
10.1016/j.poly.2015.01.002,unmapped,https://doi.org/10.1016/j.poly.2015.01.002,
10.1016/j.poly.2015.01.039,unmapped,https://doi.org/10.1016/j.poly.2015.01.039,
10.1016/j.poly.2015.02.027,unmapped,https://doi.org/10.1016/j.poly.2015.02.027,
10.1016/j.poly.2015.04.012,unmapped,https://doi.org/10.1016/j.poly.2015.04.012,
10.1016/j.poly.2015.04.024,unmapped,https://doi.org/10.1016/j.poly.2015.04.024,
10.1016/j.poly.2015.04.027,unmapped,https://doi.org/10.1016/j.poly.2015.04.027,
10.1016/j.poly.2015.04.035,unmapped,https://doi.org/10.1016/j.poly.2015.04.035,
10.1016/j.poly.2015.06.001,unmapped,https://doi.org/10.1016/j.poly.2015.06.001,
10.1016/j.poly.2015.06.012,unmapped,https://doi.org/10.1016/j.poly.2015.06.012,
10.1016/j.poly.2015.06.039,unmapped,https://doi.org/10.1016/j.poly.2015.06.039,
10.1016/j.poly.2015.07.017,unmapped,https://doi.org/10.1016/j.poly.2015.07.017,
10.1016/j.poly.2015.08.022,unmapped,https://doi.org/10.1016/j.poly.2015.08.022,
10.1016/j.poly.2015.08.040,unmapped,https://doi.org/10.1016/j.poly.2015.08.040,
10.1016/j.poly.2015.09.041,unmapped,https://doi.org/10.1016/j.poly.2015.09.041,
10.1016/j.poly.2015.10.031,unmapped,https://doi.org/10.1016/j.poly.2015.10.031,
10.1016/j.poly.2015.11.020,unmapped,https://doi.org/10.1016/j.poly.2015.11.020,
10.1016/j.poly.2015.11.043,unmapped,https://doi.org/10.1016/j.poly.2015.11.043,
10.1016/j.poly.2015.12.054,unmapped,https://doi.org/10.1016/j.poly.2015.12.054,
10.1016/j.poly.2016.03.020,unmapped,https://doi.org/10.1016/j.poly.2016.03.020,
10.1016/j.poly.2016.04.019,unmapped,https://doi.org/10.1016/j.poly.2016.04.019,
10.1016/j.poly.2016.05.008,unmapped,https://doi.org/10.1016/j.poly.2016.05.008,
10.1016/j.poly.2016.05.019,unmapped,https://doi.org/10.1016/j.poly.2016.05.019,
10.1016/j.poly.2016.05.059,unmapped,https://doi.org/10.1016/j.poly.2016.05.059,
10.1016/j.poly.2016.06.005,unmapped,https://doi.org/10.1016/j.poly.2016.06.005,
10.1016/j.poly.2016.06.029,unmapped,https://doi.org/10.1016/j.poly.2016.06.029,
10.1016/j.poly.2016.06.034,unmapped,https://doi.org/10.1016/j.poly.2016.06.034,
10.1016/j.poly.2016.06.039,unmapped,https://doi.org/10.1016/j.poly.2016.06.039,
10.1016/j.poly.2016.06.053,unmapped,https://doi.org/10.1016/j.poly.2016.06.053,
10.1016/j.poly.2016.07.006,unmapped,https://doi.org/10.1016/j.poly.2016.07.006,
10.1016/j.poly.2016.07.026,unmapped,https://doi.org/10.1016/j.poly.2016.07.026,
10.1016/j.poly.2016.08.005,unmapped,https://doi.org/10.1016/j.poly.2016.08.005,
10.1016/j.poly.2016.08.044,unmapped,https://doi.org/10.1016/j.poly.2016.08.044,
10.1016/j.poly.2016.10.050,unmapped,https://doi.org/10.1016/j.poly.2016.10.050,
10.1016/j.poly.2016.11.025,unmapped,https://doi.org/10.1016/j.poly.2016.11.025,
10.1016/j.poly.2016.12.022,unmapped,https://doi.org/10.1016/j.poly.2016.12.022,
10.1016/j.poly.2016.12.027,unmapped,https://doi.org/10.1016/j.poly.2016.12.027,
10.1016/j.poly.2017.01.005,unmapped,https://doi.org/10.1016/j.poly.2017.01.005,
10.1016/j.poly.2017.01.038,unmapped,https://doi.org/10.1016/j.poly.2017.01.038,
10.1016/j.poly.2017.01.060,unmapped,https://doi.org/10.1016/j.poly.2017.01.060,
10.1016/j.poly.2017.03.042,unmapped,https://doi.org/10.1016/j.poly.2017.03.042,
10.1016/j.poly.2017.03.063,unmapped,https://doi.org/10.1016/j.poly.2017.03.063,
10.1016/j.poly.2017.04.009,unmapped,https://doi.org/10.1016/j.poly.2017.04.009,
10.1016/j.poly.2017.04.011,unmapped,https://doi.org/10.1016/j.poly.2017.04.011,
10.1016/j.poly.2017.05.018,unmapped,https://doi.org/10.1016/j.poly.2017.05.018,
10.1016/j.poly.2017.05.061,unmapped,https://doi.org/10.1016/j.poly.2017.05.061,
10.1016/j.poly.2017.09.052,unmapped,https://doi.org/10.1016/j.poly.2017.09.052,
10.1016/j.poly.2017.11.006,unmapped,https://doi.org/10.1016/j.poly.2017.11.006,
10.1016/j.poly.2017.11.011,unmapped,https://doi.org/10.1016/j.poly.2017.11.011,
10.1016/j.poly.2017.11.037,unmapped,https://doi.org/10.1016/j.poly.2017.11.037,
10.1016/j.poly.2017.12.020,unmapped,https://doi.org/10.1016/j.poly.2017.12.020,
10.1016/j.poly.2017.12.024,unmapped,https://doi.org/10.1016/j.poly.2017.12.024,
10.1016/j.poly.2017.12.028,unmapped,https://doi.org/10.1016/j.poly.2017.12.028,
10.1016/j.poly.2017.12.029,unmapped,https://doi.org/10.1016/j.poly.2017.12.029,
10.1016/j.poly.2017.12.032,unmapped,https://doi.org/10.1016/j.poly.2017.12.032,
10.1016/j.poly.2018.01.030,unmapped,https://doi.org/10.1016/j.poly.2018.01.030,
10.1016/j.poly.2018.02.007,unmapped,https://doi.org/10.1016/j.poly.2018.02.007,
10.1016/j.poly.2018.02.021,unmapped,https://doi.org/10.1016/j.poly.2018.02.021,
10.1016/j.poly.2018.02.023,unmapped,https://doi.org/10.1016/j.poly.2018.02.023,
10.1016/j.poly.2018.04.031,unmapped,https://doi.org/10.1016/j.poly.2018.04.031,
10.1016/j.poly.2018.05.017,unmapped,https://doi.org/10.1016/j.poly.2018.05.017,
10.1016/j.poly.2018.05.046,unmapped,https://doi.org/10.1016/j.poly.2018.05.046,
10.1016/j.poly.2018.06.005,unmapped,https://doi.org/10.1016/j.poly.2018.06.005,
10.1016/j.poly.2018.06.025,unmapped,https://doi.org/10.1016/j.poly.2018.06.025,
10.1016/j.poly.2018.06.028,unmapped,https://doi.org/10.1016/j.poly.2018.06.028,
10.1016/j.poly.2018.06.041,unmapped,https://doi.org/10.1016/j.poly.2018.06.041,
10.1016/j.poly.2018.07.001,unmapped,https://doi.org/10.1016/j.poly.2018.07.001,
10.1016/j.poly.2018.07.026,unmapped,https://doi.org/10.1016/j.poly.2018.07.026,
10.1016/j.poly.2018.07.048,unmapped,https://doi.org/10.1016/j.poly.2018.07.048,
10.1016/j.poly.2018.08.025,unmapped,https://doi.org/10.1016/j.poly.2018.08.025,
10.1016/j.poly.2018.08.038,unmapped,https://doi.org/10.1016/j.poly.2018.08.038,
10.1016/j.poly.2018.09.002,unmapped,https://doi.org/10.1016/j.poly.2018.09.002,
10.1016/j.poly.2018.09.064,unmapped,https://doi.org/10.1016/j.poly.2018.09.064,
10.1016/j.poly.2018.10.001,unmapped,https://doi.org/10.1016/j.poly.2018.10.001,
10.1016/j.poly.2018.10.004,unmapped,https://doi.org/10.1016/j.poly.2018.10.004,
10.1016/j.poly.2018.10.051,unmapped,https://doi.org/10.1016/j.poly.2018.10.051,
10.1016/j.poly.2018.10.067,unmapped,https://doi.org/10.1016/j.poly.2018.10.067,
10.1016/j.poly.2018.11.010,unmapped,https://doi.org/10.1016/j.poly.2018.11.010,
10.1016/j.poly.2018.11.036,unmapped,https://doi.org/10.1016/j.poly.2018.11.036,
10.1016/j.poly.2018.11.039,unmapped,https://doi.org/10.1016/j.poly.2018.11.039,
10.1016/j.poly.2018.11.043,unmapped,https://doi.org/10.1016/j.poly.2018.11.043,
10.1016/j.poly.2018.11.051,unmapped,https://doi.org/10.1016/j.poly.2018.11.051,
10.1016/j.poly.2018.12.051,unmapped,https://doi.org/10.1016/j.poly.2018.12.051,
10.1016/j.poly.2019.01.026,unmapped,https://doi.org/10.1016/j.poly.2019.01.026,
10.1016/j.poly.2019.01.045,unmapped,https://doi.org/10.1016/j.poly.2019.01.045,
10.1016/j.poly.2019.01.066,unmapped,https://doi.org/10.1016/j.poly.2019.01.066,
10.1016/j.poly.2019.02.006,unmapped,https://doi.org/10.1016/j.poly.2019.02.006,
10.1016/j.poly.2019.02.021,unmapped,https://doi.org/10.1016/j.poly.2019.02.021,
10.1016/j.poly.2019.02.048,unmapped,https://doi.org/10.1016/j.poly.2019.02.048,
10.1016/j.poly.2019.03.018,unmapped,https://doi.org/10.1016/j.poly.2019.03.018,
10.1016/j.poly.2019.04.002,unmapped,https://doi.org/10.1016/j.poly.2019.04.002,
10.1016/j.poly.2019.04.007,unmapped,https://doi.org/10.1016/j.poly.2019.04.007,
10.1016/j.poly.2019.04.011,unmapped,https://doi.org/10.1016/j.poly.2019.04.011,
10.1016/j.poly.2019.04.020,unmapped,https://doi.org/10.1016/j.poly.2019.04.020,
10.1016/j.poly.2019.06.017,unmapped,https://doi.org/10.1016/j.poly.2019.06.017,
10.1016/j.poly.2019.06.056,unmapped,https://doi.org/10.1016/j.poly.2019.06.056,
10.1016/j.poly.2019.07.013,unmapped,https://doi.org/10.1016/j.poly.2019.07.013,
10.1016/j.poly.2019.114216,unmapped,https://doi.org/10.1016/j.poly.2019.114216,
10.1016/j.poly.2020.114349,unmapped,https://doi.org/10.1016/j.poly.2020.114349,
10.1016/j.poly.2020.114534,unmapped,https://doi.org/10.1016/j.poly.2020.114534,
10.1016/j.poly.2020.114584,unmapped,https://doi.org/10.1016/j.poly.2020.114584,
10.1016/j.poly.2020.114613,unmapped,https://doi.org/10.1016/j.poly.2020.114613,
10.1016/j.poly.2020.114732,unmapped,https://doi.org/10.1016/j.poly.2020.114732,
10.1016/j.poly.2020.114929,unmapped,https://doi.org/10.1016/j.poly.2020.114929,
10.1016/j.poly.2020.114934,unmapped,https://doi.org/10.1016/j.poly.2020.114934,
10.1016/j.poly.2020.114966,unmapped,https://doi.org/10.1016/j.poly.2020.114966,
10.1016/j.poly.2021.115052,unmapped,https://doi.org/10.1016/j.poly.2021.115052,
10.1016/j.poly.2021.115132,unmapped,https://doi.org/10.1016/j.poly.2021.115132,
10.1016/j.poly.2021.115261,unmapped,https://doi.org/10.1016/j.poly.2021.115261,
10.1016/j.poly.2021.115283,unmapped,https://doi.org/10.1016/j.poly.2021.115283,
10.1016/j.poly.2021.115299,unmapped,https://doi.org/10.1016/j.poly.2021.115299,
10.1016/j.poly.2021.115314,unmapped,https://doi.org/10.1016/j.poly.2021.115314,
10.1016/j.poly.2021.115444,unmapped,https://doi.org/10.1016/j.poly.2021.115444,
10.1016/j.poly.2021.115571,unmapped,https://doi.org/10.1016/j.poly.2021.115571,
10.1016/j.poly.2021.115588,unmapped,https://doi.org/10.1016/j.poly.2021.115588,
10.1016/j.poly.2022.115653,unmapped,https://doi.org/10.1016/j.poly.2022.115653,
10.1016/j.poly.2022.115789,unmapped,https://doi.org/10.1016/j.poly.2022.115789,
10.1016/j.poly.2022.115880,unmapped,https://doi.org/10.1016/j.poly.2022.115880,
10.1016/j.poly.2022.115901,unmapped,https://doi.org/10.1016/j.poly.2022.115901,
10.1016/j.poly.2022.116052,unmapped,https://doi.org/10.1016/j.poly.2022.116052,
10.1016/j.poly.2022.116242,unmapped,https://doi.org/10.1016/j.poly.2022.116242,
10.1016/j.poly.2023.116386,unmapped,https://doi.org/10.1016/j.poly.2023.116386,
10.1016/j.poly.2023.116388,unmapped,https://doi.org/10.1016/j.poly.2023.116388,
10.1016/j.poly.2023.116392,unmapped,https://doi.org/10.1016/j.poly.2023.116392,
10.1016/j.poly.2023.116493,unmapped,https://doi.org/10.1016/j.poly.2023.116493,
10.1016/j.poly.2023.116497,unmapped,https://doi.org/10.1016/j.poly.2023.116497,
10.1016/j.poly.2023.116573,unmapped,https://doi.org/10.1016/j.poly.2023.116573,
10.1016/j.poly.2023.116579,unmapped,https://doi.org/10.1016/j.poly.2023.116579,
10.1016/j.poly.2023.116750,unmapped,https://doi.org/10.1016/j.poly.2023.116750,
10.1016/j.poly.2024.116884,unmapped,https://doi.org/10.1016/j.poly.2024.116884,
10.1016/j.poly.2024.117057,unmapped,https://doi.org/10.1016/j.poly.2024.117057,
10.1016/j.poly.2024.117078,unmapped,https://doi.org/10.1016/j.poly.2024.117078,
10.1016/j.poly.2024.117081,unmapped,https://doi.org/10.1016/j.poly.2024.117081,
10.1016/j.poly.2024.117116,unmapped,https://doi.org/10.1016/j.poly.2024.117116,
10.1016/j.poly.2024.117361,unmapped,https://doi.org/10.1016/j.poly.2024.117361,
10.1016/j.polymertesting.2024.108659,publisher_E,https://doi.org/10.1016/j.polymertesting.2024.108659,1
10.1016/j.progsolidstchem.2005.11.033,unmapped,https://doi.org/10.1016/j.progsolidstchem.2005.11.033,0
10.1016/j.radphyschem.2024.111580,unmapped,https://doi.org/10.1016/j.radphyschem.2024.111580,0
10.1016/j.scp.2021.100385,publisher_E,https://doi.org/10.1016/j.scp.2021.100385,1
10.1016/j.scp.2022.100786,publisher_E,https://doi.org/10.1016/j.scp.2022.100786,1
10.1016/j.scp.2023.101389,publisher_E,https://doi.org/10.1016/j.scp.2023.101389,1
10.1016/j.scriptamat.2007.09.024,unmapped,https://doi.org/10.1016/j.scriptamat.2007.09.024,0
10.1016/j.snb.2016.12.130,publisher_E,https://doi.org/10.1016/j.snb.2016.12.130,1
10.1016/j.snb.2017.05.087,publisher_E,https://doi.org/10.1016/j.snb.2017.05.087,1
10.1016/j.snb.2018.05.113,publisher_E,https://doi.org/10.1016/j.snb.2018.05.113,1
10.1016/j.snb.2018.05.118,publisher_E,https://doi.org/10.1016/j.snb.2018.05.118,1
10.1016/j.snb.2019.127187,publisher_E,https://doi.org/10.1016/j.snb.2019.127187,1
10.1016/j.snb.2020.127819,publisher_E,https://doi.org/10.1016/j.snb.2020.127819,1
10.1016/j.snb.2020.128455,publisher_E,https://doi.org/10.1016/j.snb.2020.128455,1
10.1016/j.snb.2020.129133,publisher_E,https://doi.org/10.1016/j.snb.2020.129133,1
10.1016/j.snb.2021.129610,publisher_E,https://doi.org/10.1016/j.snb.2021.129610,1
10.1016/j.snb.2021.130402,publisher_E,https://doi.org/10.1016/j.snb.2021.130402,1
10.1016/j.snb.2021.130760,publisher_E,https://doi.org/10.1016/j.snb.2021.130760,1
10.1016/j.snb.2021.131008,publisher_E,https://doi.org/10.1016/j.snb.2021.131008,1
10.1016/j.snb.2022.132008,publisher_E,https://doi.org/10.1016/j.snb.2022.132008,1
10.1016/j.snb.2022.132094,publisher_E,https://doi.org/10.1016/j.snb.2022.132094,1
10.1016/j.snb.2022.132120,publisher_E,https://doi.org/10.1016/j.snb.2022.132120,1
10.1016/j.snb.2022.132783,publisher_E,https://doi.org/10.1016/j.snb.2022.132783,1
10.1016/j.snb.2023.133960,publisher_E,https://doi.org/10.1016/j.snb.2023.133960,1
10.1016/j.snb.2024.136564,publisher_E,https://doi.org/10.1016/j.snb.2024.136564,1
10.1016/j.solidstatesciences.2003.11.002,publisher_E,https://doi.org/10.1016/j.solidstatesciences.2003.11.002,1
10.1016/j.solidstatesciences.2004.03.032,publisher_E,https://doi.org/10.1016/j.solidstatesciences.2004.03.032,1
10.1016/j.solidstatesciences.2004.07.019,publisher_E,https://doi.org/10.1016/j.solidstatesciences.2004.07.019,1
10.1016/j.solidstatesciences.2005.01.014,publisher_E,https://doi.org/10.1016/j.solidstatesciences.2005.01.014,1
10.1016/j.solidstatesciences.2005.03.007,publisher_E,https://doi.org/10.1016/j.solidstatesciences.2005.03.007,1
10.1016/j.solidstatesciences.2006.02.025,publisher_E,https://doi.org/10.1016/j.solidstatesciences.2006.02.025,1
10.1016/j.solidstatesciences.2006.12.003,publisher_E,https://doi.org/10.1016/j.solidstatesciences.2006.12.003,1
10.1016/j.solidstatesciences.2008.05.012,publisher_E,https://doi.org/10.1016/j.solidstatesciences.2008.05.012,1
10.1016/j.solidstatesciences.2008.07.007,publisher_E,https://doi.org/10.1016/j.solidstatesciences.2008.07.007,1
10.1016/j.solidstatesciences.2008.10.007,publisher_E,https://doi.org/10.1016/j.solidstatesciences.2008.10.007,1
10.1016/j.solidstatesciences.2009.05.017,publisher_E,https://doi.org/10.1016/j.solidstatesciences.2009.05.017,1
10.1016/j.solidstatesciences.2009.11.013,publisher_E,https://doi.org/10.1016/j.solidstatesciences.2009.11.013,1
10.1016/j.solidstatesciences.2010.07.002,publisher_E,https://doi.org/10.1016/j.solidstatesciences.2010.07.002,1
10.1016/j.solidstatesciences.2010.07.004,publisher_E,https://doi.org/10.1016/j.solidstatesciences.2010.07.004,1
10.1016/j.solidstatesciences.2011.01.014,publisher_E,https://doi.org/10.1016/j.solidstatesciences.2011.01.014,1
10.1016/j.solidstatesciences.2011.03.018,publisher_E,https://doi.org/10.1016/j.solidstatesciences.2011.03.018,1
10.1016/j.solidstatesciences.2011.05.006,publisher_E,https://doi.org/10.1016/j.solidstatesciences.2011.05.006,1
10.1016/j.solidstatesciences.2011.05.017,publisher_E,https://doi.org/10.1016/j.solidstatesciences.2011.05.017,1
10.1016/j.solidstatesciences.2011.12.002,publisher_E,https://doi.org/10.1016/j.solidstatesciences.2011.12.002,1
10.1016/j.solidstatesciences.2011.12.014,publisher_E,https://doi.org/10.1016/j.solidstatesciences.2011.12.014,1
10.1016/j.solidstatesciences.2012.05.031,publisher_E,https://doi.org/10.1016/j.solidstatesciences.2012.05.031,1
10.1016/j.solidstatesciences.2012.10.012,publisher_E,https://doi.org/10.1016/j.solidstatesciences.2012.10.012,1
10.1016/j.solidstatesciences.2013.09.010,publisher_E,https://doi.org/10.1016/j.solidstatesciences.2013.09.010,1
10.1016/j.solidstatesciences.2013.12.006,publisher_E,https://doi.org/10.1016/j.solidstatesciences.2013.12.006,1
10.1016/j.solidstatesciences.2014.04.004,publisher_E,https://doi.org/10.1016/j.solidstatesciences.2014.04.004,1
10.1016/j.solidstatesciences.2014.07.015,publisher_E,https://doi.org/10.1016/j.solidstatesciences.2014.07.015,1
10.1016/j.solidstatesciences.2015.11.010,publisher_E,https://doi.org/10.1016/j.solidstatesciences.2015.11.010,1
10.1016/j.solidstatesciences.2017.05.002,publisher_E,https://doi.org/10.1016/j.solidstatesciences.2017.05.002,1
10.1016/j.solidstatesciences.2017.09.003,publisher_E,https://doi.org/10.1016/j.solidstatesciences.2017.09.003,1
10.1016/j.solidstatesciences.2019.03.022,publisher_E,https://doi.org/10.1016/j.solidstatesciences.2019.03.022,1
10.1016/j.solidstatesciences.2020.106115,publisher_E,https://doi.org/10.1016/j.solidstatesciences.2020.106115,1
10.1016/j.solidstatesciences.2020.106292,publisher_E,https://doi.org/10.1016/j.solidstatesciences.2020.106292,1
10.1016/j.solidstatesciences.2021.106646,publisher_E,https://doi.org/10.1016/j.solidstatesciences.2021.106646,1
10.1016/j.solidstatesciences.2021.106792,publisher_E,https://doi.org/10.1016/j.solidstatesciences.2021.106792,1
10.1016/j.solidstatesciences.2021.106798,publisher_E,https://doi.org/10.1016/j.solidstatesciences.2021.106798,1
10.1016/j.solidstatesciences.2022.106842,publisher_E,https://doi.org/10.1016/j.solidstatesciences.2022.106842,1
10.1016/j.solidstatesciences.2024.107755,publisher_E,https://doi.org/10.1016/j.solidstatesciences.2024.107755,1
10.1016/j.solidstatesciences.2025.107855,publisher_E,https://doi.org/10.1016/j.solidstatesciences.2025.107855,1
10.1016/j.surfin.2022.102095,publisher_E,https://doi.org/10.1016/j.surfin.2022.102095,1
10.1016/j.surfin.2022.102471,publisher_E,https://doi.org/10.1016/j.surfin.2022.102471,1
10.1016/j.surfin.2022.102587,publisher_E,https://doi.org/10.1016/j.surfin.2022.102587,1
10.1016/j.surfin.2025.106559,publisher_E,https://doi.org/10.1016/j.surfin.2025.106559,1
10.1016/j.susmat.2023.e00689,publisher_E,https://doi.org/10.1016/j.susmat.2023.e00689,1
10.1016/j.synthmet.2011.04.016,publisher_E,https://doi.org/10.1016/j.synthmet.2011.04.016,1
10.1016/j.synthmet.2011.08.023,publisher_E,https://doi.org/10.1016/j.synthmet.2011.08.023,1
10.1016/j.synthmet.2011.09.033,publisher_E,https://doi.org/10.1016/j.synthmet.2011.09.033,1
10.1016/j.synthmet.2011.11.035,publisher_E,https://doi.org/10.1016/j.synthmet.2011.11.035,1
10.1016/j.synthmet.2012.07.025,publisher_E,https://doi.org/10.1016/j.synthmet.2012.07.025,1
10.1016/j.synthmet.2012.09.022,publisher_E,https://doi.org/10.1016/j.synthmet.2012.09.022,1
10.1016/j.synthmet.2012.09.023,publisher_E,https://doi.org/10.1016/j.synthmet.2012.09.023,1
10.1016/j.synthmet.2013.09.004,publisher_E,https://doi.org/10.1016/j.synthmet.2013.09.004,1
10.1016/j.synthmet.2023.117357,publisher_E,https://doi.org/10.1016/j.synthmet.2023.117357,1
10.1016/j.talanta.2017.02.038,publisher_E,https://doi.org/10.1016/j.talanta.2017.02.038,1
10.1016/j.talanta.2018.01.024,publisher_E,https://doi.org/10.1016/j.talanta.2018.01.024,1
10.1016/j.talanta.2019.01.037,publisher_E,https://doi.org/10.1016/j.talanta.2019.01.037,1
10.1016/j.talanta.2019.01.086,publisher_E,https://doi.org/10.1016/j.talanta.2019.01.086,1
10.1016/j.talanta.2019.120514,publisher_E,https://doi.org/10.1016/j.talanta.2019.120514,1
10.1016/j.talanta.2021.123030,publisher_E,https://doi.org/10.1016/j.talanta.2021.123030,1
10.1016/j.talanta.2021.123143,publisher_E,https://doi.org/10.1016/j.talanta.2021.123143,1
10.1016/j.talanta.2023.124326,publisher_E,https://doi.org/10.1016/j.talanta.2023.124326,1
10.1016/j.talanta.2023.124944,publisher_E,https://doi.org/10.1016/j.talanta.2023.124944,1
10.1016/j.talanta.2024.126456,publisher_E,https://doi.org/10.1016/j.talanta.2024.126456,1
10.1016/j.talanta.2025.127771,publisher_E,https://doi.org/10.1016/j.talanta.2025.127771,1
10.1016/j.talanta.2025.127890,publisher_E,https://doi.org/10.1016/j.talanta.2025.127890,1
10.1016/j.tca.2009.11.004,publisher_E,https://doi.org/10.1016/j.tca.2009.11.004,1
10.1016/j.tca.2010.06.010,publisher_E,https://doi.org/10.1016/j.tca.2010.06.010,1
10.1016/j.tca.2016.11.001,publisher_E,https://doi.org/10.1016/j.tca.2016.11.001,1
10.1016/j.tca.2016.11.013,publisher_E,https://doi.org/10.1016/j.tca.2016.11.013,1
10.1016/j.tet.2008.06.036,unmapped,https://doi.org/10.1016/j.tet.2008.06.036,0
10.1016/j.tet.2017.08.040,unmapped,https://doi.org/10.1016/j.tet.2017.08.040,0
10.1016/j.tetlet.2011.09.099,unmapped,https://doi.org/10.1016/j.tetlet.2011.09.099,
10.1016/j.ultsonch.2018.03.014,publisher_E,https://doi.org/10.1016/j.ultsonch.2018.03.014,1
10.1016/j.ultsonch.2018.08.004,publisher_E,https://doi.org/10.1016/j.ultsonch.2018.08.004,1
10.1016/j.ultsonch.2020.105246,publisher_E,https://doi.org/10.1016/j.ultsonch.2020.105246,1
10.1016/j.ultsonch.2020.105275,publisher_E,https://doi.org/10.1016/j.ultsonch.2020.105275,1
10.1016/j.ultsonch.2025.107264,publisher_E,https://doi.org/10.1016/j.ultsonch.2025.107264,1
10.1016/j.vacuum.2018.09.019,unmapped,https://doi.org/10.1016/j.vacuum.2018.09.019,0
10.1016/j.vacuum.2019.01.011,unmapped,https://doi.org/10.1016/j.vacuum.2019.01.011,0
10.1016/j.xcrp.2021.100421,unmapped,https://doi.org/10.1016/j.xcrp.2021.100421,0
10.1016/j.xcrp.2022.101004,unmapped,https://doi.org/10.1016/j.xcrp.2022.101004,0
10.1016/S0020-1693(02)00875-7,publisher_E,https://doi.org/10.1016/S0020-1693(02)00875-7,1
10.1016/S0020-1693(02)00905-2,publisher_E,https://doi.org/10.1016/S0020-1693(02)00905-2,1
10.1016/S0022-2860(03)00149-2,publisher_E,https://doi.org/10.1016/S0022-2860(03)00149-2,1
10.1016/S0022-2860(03)00405-8,publisher_E,https://doi.org/10.1016/S0022-2860(03)00405-8,1
10.1016/S0022-2860(03)00498-8,publisher_E,https://doi.org/10.1016/S0022-2860(03)00498-8,1
10.1016/S0277-5387(01)00975-5,unmapped,https://doi.org/10.1016/S0277-5387(01)00975-5,0
10.1016/S0277-5387(02)01302-5,unmapped,https://doi.org/10.1016/S0277-5387(02)01302-5,0
10.1016/S1002-0721(10)60489-9,publisher_E,https://doi.org/10.1016/S1002-0721(10)60489-9,1
10.1016/S1002-0721(14)60050-8,publisher_E,https://doi.org/10.1016/S1002-0721(14)60050-8,1
10.1016/S1003-9953(11)60419-2,publisher_E,https://doi.org/10.1016/S1003-9953(11)60419-2,1
10.1016/S1387-1811(02)00609-1,publisher_E,https://doi.org/10.1016/S1387-1811(02)00609-1,1
10.1016/S1387-7003(01)00238-6,publisher_E,https://doi.org/10.1016/S1387-7003(01)00238-6,1
10.1016/S1387-7003(02)00385-4,publisher_E,https://doi.org/10.1016/S1387-7003(02)00385-4,1
10.1016/S1387-7003(02)00515-4,publisher_E,https://doi.org/10.1016/S1387-7003(02)00515-4,1
10.1016/S1872-2067(23)64562-0,publisher_E,https://doi.org/10.1016/S1872-2067(23)64562-0,1
10.1016/S1872-2067(24)60020-3,publisher_E,https://doi.org/10.1016/S1872-2067(24)60020-3,1
10.1021/ac200646w,publisher_A,https://doi.org/10.1021/ac200646w,1
10.1021/acs.analchem.2c00019,publisher_A,https://doi.org/10.1021/acs.analchem.2c00019,1
10.1021/acs.analchem.4c01425,publisher_A,https://doi.org/10.1021/acs.analchem.4c01425,1
10.1021/acs.analchem.5b00391,publisher_A,https://doi.org/10.1021/acs.analchem.5b00391,1
10.1021/acs.analchem.7b03723,publisher_A,https://doi.org/10.1021/acs.analchem.7b03723,1
10.1021/acs.analchem.9b04598,publisher_A,https://doi.org/10.1021/acs.analchem.9b04598,1
10.1021/acs.cgd.0c00408,publisher_A,https://doi.org/10.1021/acs.cgd.0c00408,1
10.1021/acs.cgd.0c00478,publisher_A,https://doi.org/10.1021/acs.cgd.0c00478,1
10.1021/acs.cgd.0c00608,publisher_A,https://doi.org/10.1021/acs.cgd.0c00608,1
10.1021/acs.cgd.0c00611,publisher_A,https://doi.org/10.1021/acs.cgd.0c00611,1
10.1021/acs.cgd.0c00710,publisher_A,https://doi.org/10.1021/acs.cgd.0c00710,1
10.1021/acs.cgd.0c00739,publisher_A,https://doi.org/10.1021/acs.cgd.0c00739,1
10.1021/acs.cgd.0c00740,publisher_A,https://doi.org/10.1021/acs.cgd.0c00740,1
10.1021/acs.cgd.0c00747,publisher_A,https://doi.org/10.1021/acs.cgd.0c00747,1
10.1021/acs.cgd.0c00817,publisher_A,https://doi.org/10.1021/acs.cgd.0c00817,1
10.1021/acs.cgd.0c00827,publisher_A,https://doi.org/10.1021/acs.cgd.0c00827,1
10.1021/acs.cgd.0c00846,publisher_A,https://doi.org/10.1021/acs.cgd.0c00846,1
10.1021/acs.cgd.0c00857,publisher_A,https://doi.org/10.1021/acs.cgd.0c00857,1
10.1021/acs.cgd.0c00895,publisher_A,https://doi.org/10.1021/acs.cgd.0c00895,1
10.1021/acs.cgd.0c01108,publisher_A,https://doi.org/10.1021/acs.cgd.0c01108,1
10.1021/acs.cgd.0c01221,publisher_A,https://doi.org/10.1021/acs.cgd.0c01221,1
10.1021/acs.cgd.0c01703,publisher_A,https://doi.org/10.1021/acs.cgd.0c01703,1
10.1021/acs.cgd.0c01724,publisher_A,https://doi.org/10.1021/acs.cgd.0c01724,1
10.1021/acs.cgd.1c00385,publisher_A,https://doi.org/10.1021/acs.cgd.1c00385,1
10.1021/acs.cgd.1c00411,publisher_A,https://doi.org/10.1021/acs.cgd.1c00411,1
10.1021/acs.cgd.1c00491,publisher_A,https://doi.org/10.1021/acs.cgd.1c00491,1
10.1021/acs.cgd.1c00606,publisher_A,https://doi.org/10.1021/acs.cgd.1c00606,1
10.1021/acs.cgd.1c00637,publisher_A,https://doi.org/10.1021/acs.cgd.1c00637,1
10.1021/acs.cgd.1c00766,publisher_A,https://doi.org/10.1021/acs.cgd.1c00766,1
10.1021/acs.cgd.1c00847,publisher_A,https://doi.org/10.1021/acs.cgd.1c00847,1
10.1021/acs.cgd.1c01145,publisher_A,https://doi.org/10.1021/acs.cgd.1c01145,1
10.1021/acs.cgd.1c01151,publisher_A,https://doi.org/10.1021/acs.cgd.1c01151,1
10.1021/acs.cgd.1c01245,publisher_A,https://doi.org/10.1021/acs.cgd.1c01245,1
10.1021/acs.cgd.1c01302,publisher_A,https://doi.org/10.1021/acs.cgd.1c01302,1
10.1021/acs.cgd.1c01412,publisher_A,https://doi.org/10.1021/acs.cgd.1c01412,1
10.1021/acs.cgd.2c00073,publisher_A,https://doi.org/10.1021/acs.cgd.2c00073,1
10.1021/acs.cgd.2c00174,publisher_A,https://doi.org/10.1021/acs.cgd.2c00174,1
10.1021/acs.cgd.2c00229,publisher_A,https://doi.org/10.1021/acs.cgd.2c00229,1
10.1021/acs.cgd.2c00265,publisher_A,https://doi.org/10.1021/acs.cgd.2c00265,1
10.1021/acs.cgd.2c00331,publisher_A,https://doi.org/10.1021/acs.cgd.2c00331,1
10.1021/acs.cgd.2c00635,publisher_A,https://doi.org/10.1021/acs.cgd.2c00635,1
10.1021/acs.cgd.2c00664,publisher_A,https://doi.org/10.1021/acs.cgd.2c00664,1
10.1021/acs.cgd.2c00762,publisher_A,https://doi.org/10.1021/acs.cgd.2c00762,1
10.1021/acs.cgd.2c01003,publisher_A,https://doi.org/10.1021/acs.cgd.2c01003,1
10.1021/acs.cgd.2c01053,publisher_A,https://doi.org/10.1021/acs.cgd.2c01053,1
10.1021/acs.cgd.2c01552,publisher_A,https://doi.org/10.1021/acs.cgd.2c01552,1
10.1021/acs.cgd.3c00151,publisher_A,https://doi.org/10.1021/acs.cgd.3c00151,1
10.1021/acs.cgd.3c00266,publisher_A,https://doi.org/10.1021/acs.cgd.3c00266,1
10.1021/acs.cgd.3c00478,publisher_A,https://doi.org/10.1021/acs.cgd.3c00478,1
10.1021/acs.cgd.3c01172,publisher_A,https://doi.org/10.1021/acs.cgd.3c01172,1
10.1021/acs.cgd.3c01187,publisher_A,https://doi.org/10.1021/acs.cgd.3c01187,1
10.1021/acs.cgd.3c01222,publisher_A,https://doi.org/10.1021/acs.cgd.3c01222,1
10.1021/acs.cgd.3c01329,publisher_A,https://doi.org/10.1021/acs.cgd.3c01329,1
10.1021/acs.cgd.4c00161,publisher_A,https://doi.org/10.1021/acs.cgd.4c00161,1
10.1021/acs.cgd.4c00224,publisher_A,https://doi.org/10.1021/acs.cgd.4c00224,1
10.1021/acs.cgd.4c00282,publisher_A,https://doi.org/10.1021/acs.cgd.4c00282,1
10.1021/acs.cgd.4c00354,publisher_A,https://doi.org/10.1021/acs.cgd.4c00354,1
10.1021/acs.cgd.4c00415,publisher_A,https://doi.org/10.1021/acs.cgd.4c00415,1
10.1021/acs.cgd.4c00508,publisher_A,https://doi.org/10.1021/acs.cgd.4c00508,1
10.1021/acs.cgd.4c00594,publisher_A,https://doi.org/10.1021/acs.cgd.4c00594,1
10.1021/acs.cgd.4c00913,publisher_A,https://doi.org/10.1021/acs.cgd.4c00913,1
10.1021/acs.cgd.4c01038,publisher_A,https://doi.org/10.1021/acs.cgd.4c01038,1
10.1021/acs.cgd.4c01394,publisher_A,https://doi.org/10.1021/acs.cgd.4c01394,1
10.1021/acs.cgd.4c01476,publisher_A,https://doi.org/10.1021/acs.cgd.4c01476,1
10.1021/acs.cgd.4c01575,publisher_A,https://doi.org/10.1021/acs.cgd.4c01575,1
10.1021/acs.cgd.5b00016,publisher_A,https://doi.org/10.1021/acs.cgd.5b00016,1
10.1021/acs.cgd.5b00018,publisher_A,https://doi.org/10.1021/acs.cgd.5b00018,1
10.1021/acs.cgd.5b00056,publisher_A,https://doi.org/10.1021/acs.cgd.5b00056,1
10.1021/acs.cgd.5b00218,publisher_A,https://doi.org/10.1021/acs.cgd.5b00218,1
10.1021/acs.cgd.5b00304,publisher_A,https://doi.org/10.1021/acs.cgd.5b00304,1
10.1021/acs.cgd.5b00327,publisher_A,https://doi.org/10.1021/acs.cgd.5b00327,1
10.1021/acs.cgd.5b00411,publisher_A,https://doi.org/10.1021/acs.cgd.5b00411,1
10.1021/acs.cgd.5b00426,publisher_A,https://doi.org/10.1021/acs.cgd.5b00426,1
10.1021/acs.cgd.5b00428,publisher_A,https://doi.org/10.1021/acs.cgd.5b00428,1
10.1021/acs.cgd.5b00450,publisher_A,https://doi.org/10.1021/acs.cgd.5b00450,1
10.1021/acs.cgd.5b00625,publisher_A,https://doi.org/10.1021/acs.cgd.5b00625,1
10.1021/acs.cgd.5b00681,publisher_A,https://doi.org/10.1021/acs.cgd.5b00681,1
10.1021/acs.cgd.5b00697,publisher_A,https://doi.org/10.1021/acs.cgd.5b00697,1
10.1021/acs.cgd.5b00741,publisher_A,https://doi.org/10.1021/acs.cgd.5b00741,1
10.1021/acs.cgd.5b00755,publisher_A,https://doi.org/10.1021/acs.cgd.5b00755,1
10.1021/acs.cgd.5b00757,publisher_A,https://doi.org/10.1021/acs.cgd.5b00757,1
10.1021/acs.cgd.5b00791,publisher_A,https://doi.org/10.1021/acs.cgd.5b00791,1
10.1021/acs.cgd.5b00861,publisher_A,https://doi.org/10.1021/acs.cgd.5b00861,1
10.1021/acs.cgd.5b01133,publisher_A,https://doi.org/10.1021/acs.cgd.5b01133,1
10.1021/acs.cgd.5b01178,publisher_A,https://doi.org/10.1021/acs.cgd.5b01178,1
10.1021/acs.cgd.5b01412,publisher_A,https://doi.org/10.1021/acs.cgd.5b01412,1
10.1021/acs.cgd.5b01481,publisher_A,https://doi.org/10.1021/acs.cgd.5b01481,1
10.1021/acs.cgd.5b01509,publisher_A,https://doi.org/10.1021/acs.cgd.5b01509,1
10.1021/acs.cgd.5b01559,publisher_A,https://doi.org/10.1021/acs.cgd.5b01559,1
10.1021/acs.cgd.5b01594,publisher_A,https://doi.org/10.1021/acs.cgd.5b01594,1
10.1021/acs.cgd.5b01680,publisher_A,https://doi.org/10.1021/acs.cgd.5b01680,1
10.1021/acs.cgd.5b01716,publisher_A,https://doi.org/10.1021/acs.cgd.5b01716,1
10.1021/acs.cgd.5b01772,publisher_A,https://doi.org/10.1021/acs.cgd.5b01772,1
10.1021/acs.cgd.5b01785,publisher_A,https://doi.org/10.1021/acs.cgd.5b01785,1
10.1021/acs.cgd.5b01843,publisher_A,https://doi.org/10.1021/acs.cgd.5b01843,1
10.1021/acs.cgd.5c00040,publisher_A,https://doi.org/10.1021/acs.cgd.5c00040,1
10.1021/acs.cgd.5c00081,publisher_A,https://doi.org/10.1021/acs.cgd.5c00081,1
10.1021/acs.cgd.5c00500,publisher_A,https://doi.org/10.1021/acs.cgd.5c00500,1
10.1021/acs.cgd.6b00028,publisher_A,https://doi.org/10.1021/acs.cgd.6b00028,1
10.1021/acs.cgd.6b00038,publisher_A,https://doi.org/10.1021/acs.cgd.6b00038,1
10.1021/acs.cgd.6b00051,publisher_A,https://doi.org/10.1021/acs.cgd.6b00051,1
10.1021/acs.cgd.6b00060,publisher_A,https://doi.org/10.1021/acs.cgd.6b00060,1
10.1021/acs.cgd.6b00065,publisher_A,https://doi.org/10.1021/acs.cgd.6b00065,1
10.1021/acs.cgd.6b00076,publisher_A,https://doi.org/10.1021/acs.cgd.6b00076,1
10.1021/acs.cgd.6b00176,publisher_A,https://doi.org/10.1021/acs.cgd.6b00176,1
10.1021/acs.cgd.6b00258,publisher_A,https://doi.org/10.1021/acs.cgd.6b00258,1
10.1021/acs.cgd.6b00274,publisher_A,https://doi.org/10.1021/acs.cgd.6b00274,1
10.1021/acs.cgd.6b00313,publisher_A,https://doi.org/10.1021/acs.cgd.6b00313,1
10.1021/acs.cgd.6b00463,publisher_A,https://doi.org/10.1021/acs.cgd.6b00463,1
10.1021/acs.cgd.6b00610,publisher_A,https://doi.org/10.1021/acs.cgd.6b00610,1
10.1021/acs.cgd.6b00622,publisher_A,https://doi.org/10.1021/acs.cgd.6b00622,1
10.1021/acs.cgd.6b00735,publisher_A,https://doi.org/10.1021/acs.cgd.6b00735,1
10.1021/acs.cgd.6b00776,publisher_A,https://doi.org/10.1021/acs.cgd.6b00776,1
10.1021/acs.cgd.6b00780,publisher_A,https://doi.org/10.1021/acs.cgd.6b00780,1
10.1021/acs.cgd.6b00795,publisher_A,https://doi.org/10.1021/acs.cgd.6b00795,1
10.1021/acs.cgd.6b00813,publisher_A,https://doi.org/10.1021/acs.cgd.6b00813,1
10.1021/acs.cgd.6b00903,publisher_A,https://doi.org/10.1021/acs.cgd.6b00903,1
10.1021/acs.cgd.6b00991,publisher_A,https://doi.org/10.1021/acs.cgd.6b00991,1
10.1021/acs.cgd.6b01054,publisher_A,https://doi.org/10.1021/acs.cgd.6b01054,1
10.1021/acs.cgd.6b01097,publisher_A,https://doi.org/10.1021/acs.cgd.6b01097,1
10.1021/acs.cgd.6b01161,publisher_A,https://doi.org/10.1021/acs.cgd.6b01161,1
10.1021/acs.cgd.6b01352,publisher_A,https://doi.org/10.1021/acs.cgd.6b01352,1
10.1021/acs.cgd.6b01392,publisher_A,https://doi.org/10.1021/acs.cgd.6b01392,1
10.1021/acs.cgd.6b01512,publisher_A,https://doi.org/10.1021/acs.cgd.6b01512,1
10.1021/acs.cgd.6b01533,publisher_A,https://doi.org/10.1021/acs.cgd.6b01533,1
10.1021/acs.cgd.6b01538,publisher_A,https://doi.org/10.1021/acs.cgd.6b01538,1
10.1021/acs.cgd.6b01591,publisher_A,https://doi.org/10.1021/acs.cgd.6b01591,1
10.1021/acs.cgd.6b01597,publisher_A,https://doi.org/10.1021/acs.cgd.6b01597,1
10.1021/acs.cgd.6b01732,publisher_A,https://doi.org/10.1021/acs.cgd.6b01732,1
10.1021/acs.cgd.6b01763,publisher_A,https://doi.org/10.1021/acs.cgd.6b01763,1
10.1021/acs.cgd.6b01768,publisher_A,https://doi.org/10.1021/acs.cgd.6b01768,1
10.1021/acs.cgd.6b01776,publisher_A,https://doi.org/10.1021/acs.cgd.6b01776,1
10.1021/acs.cgd.6b01808,publisher_A,https://doi.org/10.1021/acs.cgd.6b01808,1
10.1021/acs.cgd.7b00001,publisher_A,https://doi.org/10.1021/acs.cgd.7b00001,1
10.1021/acs.cgd.7b00007,publisher_A,https://doi.org/10.1021/acs.cgd.7b00007,1
10.1021/acs.cgd.7b00030,publisher_A,https://doi.org/10.1021/acs.cgd.7b00030,1
10.1021/acs.cgd.7b00118,publisher_A,https://doi.org/10.1021/acs.cgd.7b00118,1
10.1021/acs.cgd.7b00119,publisher_A,https://doi.org/10.1021/acs.cgd.7b00119,1
10.1021/acs.cgd.7b00141,publisher_A,https://doi.org/10.1021/acs.cgd.7b00141,1
10.1021/acs.cgd.7b00153,publisher_A,https://doi.org/10.1021/acs.cgd.7b00153,1
10.1021/acs.cgd.7b00171,publisher_A,https://doi.org/10.1021/acs.cgd.7b00171,1
10.1021/acs.cgd.7b00174,publisher_A,https://doi.org/10.1021/acs.cgd.7b00174,1
10.1021/acs.cgd.7b00274,publisher_A,https://doi.org/10.1021/acs.cgd.7b00274,1
10.1021/acs.cgd.7b00373,publisher_A,https://doi.org/10.1021/acs.cgd.7b00373,1
10.1021/acs.cgd.7b00450,publisher_A,https://doi.org/10.1021/acs.cgd.7b00450,1
10.1021/acs.cgd.7b00504,publisher_A,https://doi.org/10.1021/acs.cgd.7b00504,1
10.1021/acs.cgd.7b00575,publisher_A,https://doi.org/10.1021/acs.cgd.7b00575,1
10.1021/acs.cgd.7b00598,publisher_A,https://doi.org/10.1021/acs.cgd.7b00598,1
10.1021/acs.cgd.7b00795,publisher_A,https://doi.org/10.1021/acs.cgd.7b00795,1
10.1021/acs.cgd.7b00825,publisher_A,https://doi.org/10.1021/acs.cgd.7b00825,1
10.1021/acs.cgd.7b00877,publisher_A,https://doi.org/10.1021/acs.cgd.7b00877,1
10.1021/acs.cgd.7b00892,publisher_A,https://doi.org/10.1021/acs.cgd.7b00892,1
10.1021/acs.cgd.7b00967,publisher_A,https://doi.org/10.1021/acs.cgd.7b00967,1
10.1021/acs.cgd.7b01061,publisher_A,https://doi.org/10.1021/acs.cgd.7b01061,1
10.1021/acs.cgd.7b01070,publisher_A,https://doi.org/10.1021/acs.cgd.7b01070,1
10.1021/acs.cgd.7b01085,publisher_A,https://doi.org/10.1021/acs.cgd.7b01085,1
10.1021/acs.cgd.7b01133,publisher_A,https://doi.org/10.1021/acs.cgd.7b01133,1
10.1021/acs.cgd.7b01171,publisher_A,https://doi.org/10.1021/acs.cgd.7b01171,1
10.1021/acs.cgd.7b01190,publisher_A,https://doi.org/10.1021/acs.cgd.7b01190,1
10.1021/acs.cgd.7b01250,publisher_A,https://doi.org/10.1021/acs.cgd.7b01250,1
10.1021/acs.cgd.7b01319,publisher_A,https://doi.org/10.1021/acs.cgd.7b01319,1
10.1021/acs.cgd.7b01574,publisher_A,https://doi.org/10.1021/acs.cgd.7b01574,1
10.1021/acs.cgd.7b01581,publisher_A,https://doi.org/10.1021/acs.cgd.7b01581,1
10.1021/acs.cgd.7b01616,publisher_A,https://doi.org/10.1021/acs.cgd.7b01616,1
10.1021/acs.cgd.7b01689,publisher_A,https://doi.org/10.1021/acs.cgd.7b01689,1
10.1021/acs.cgd.7b01749,publisher_A,https://doi.org/10.1021/acs.cgd.7b01749,1
10.1021/acs.cgd.8b00002,publisher_A,https://doi.org/10.1021/acs.cgd.8b00002,1
10.1021/acs.cgd.8b00174,publisher_A,https://doi.org/10.1021/acs.cgd.8b00174,1
10.1021/acs.cgd.8b00196,publisher_A,https://doi.org/10.1021/acs.cgd.8b00196,1
10.1021/acs.cgd.8b00349,publisher_A,https://doi.org/10.1021/acs.cgd.8b00349,1
10.1021/acs.cgd.8b00439,publisher_A,https://doi.org/10.1021/acs.cgd.8b00439,1
10.1021/acs.cgd.8b00575,publisher_A,https://doi.org/10.1021/acs.cgd.8b00575,1
10.1021/acs.cgd.8b00664,publisher_A,https://doi.org/10.1021/acs.cgd.8b00664,1
10.1021/acs.cgd.8b00854,publisher_A,https://doi.org/10.1021/acs.cgd.8b00854,1
10.1021/acs.cgd.8b00898,publisher_A,https://doi.org/10.1021/acs.cgd.8b00898,1
10.1021/acs.cgd.8b01077,publisher_A,https://doi.org/10.1021/acs.cgd.8b01077,1
10.1021/acs.cgd.8b01199,publisher_A,https://doi.org/10.1021/acs.cgd.8b01199,1
10.1021/acs.cgd.8b01347,publisher_A,https://doi.org/10.1021/acs.cgd.8b01347,1
10.1021/acs.cgd.8b01373,publisher_A,https://doi.org/10.1021/acs.cgd.8b01373,1
10.1021/acs.cgd.8b01433,publisher_A,https://doi.org/10.1021/acs.cgd.8b01433,1
10.1021/acs.cgd.8b01462,publisher_A,https://doi.org/10.1021/acs.cgd.8b01462,1
10.1021/acs.cgd.8b01527,publisher_A,https://doi.org/10.1021/acs.cgd.8b01527,1
10.1021/acs.cgd.8b01564,publisher_A,https://doi.org/10.1021/acs.cgd.8b01564,1
10.1021/acs.cgd.8b01566,publisher_A,https://doi.org/10.1021/acs.cgd.8b01566,1
10.1021/acs.cgd.8b01589,publisher_A,https://doi.org/10.1021/acs.cgd.8b01589,1
10.1021/acs.cgd.8b01657,publisher_A,https://doi.org/10.1021/acs.cgd.8b01657,1
10.1021/acs.cgd.8b01695,publisher_A,https://doi.org/10.1021/acs.cgd.8b01695,1
10.1021/acs.cgd.8b01779,publisher_A,https://doi.org/10.1021/acs.cgd.8b01779,1
10.1021/acs.cgd.8b01810,publisher_A,https://doi.org/10.1021/acs.cgd.8b01810,1
10.1021/acs.cgd.9b00010,publisher_A,https://doi.org/10.1021/acs.cgd.9b00010,1
10.1021/acs.cgd.9b00233,publisher_A,https://doi.org/10.1021/acs.cgd.9b00233,1
10.1021/acs.cgd.9b00237,publisher_A,https://doi.org/10.1021/acs.cgd.9b00237,1
10.1021/acs.cgd.9b00241,publisher_A,https://doi.org/10.1021/acs.cgd.9b00241,1
10.1021/acs.cgd.9b00306,publisher_A,https://doi.org/10.1021/acs.cgd.9b00306,1
10.1021/acs.cgd.9b00319,publisher_A,https://doi.org/10.1021/acs.cgd.9b00319,1
10.1021/acs.cgd.9b00426,publisher_A,https://doi.org/10.1021/acs.cgd.9b00426,1
10.1021/acs.cgd.9b00452,publisher_A,https://doi.org/10.1021/acs.cgd.9b00452,1
10.1021/acs.cgd.9b00477,publisher_A,https://doi.org/10.1021/acs.cgd.9b00477,1
10.1021/acs.cgd.9b00611,publisher_A,https://doi.org/10.1021/acs.cgd.9b00611,1
10.1021/acs.cgd.9b00759,publisher_A,https://doi.org/10.1021/acs.cgd.9b00759,1
10.1021/acs.cgd.9b00800,publisher_A,https://doi.org/10.1021/acs.cgd.9b00800,1
10.1021/acs.cgd.9b00824,publisher_A,https://doi.org/10.1021/acs.cgd.9b00824,1
10.1021/acs.cgd.9b00838,publisher_A,https://doi.org/10.1021/acs.cgd.9b00838,1
10.1021/acs.cgd.9b00840,publisher_A,https://doi.org/10.1021/acs.cgd.9b00840,1
10.1021/acs.cgd.9b00916,publisher_A,https://doi.org/10.1021/acs.cgd.9b00916,1
10.1021/acs.cgd.9b01098,publisher_A,https://doi.org/10.1021/acs.cgd.9b01098,1
10.1021/acs.cgd.9b01301,publisher_A,https://doi.org/10.1021/acs.cgd.9b01301,1
10.1021/acs.cgd.9b01340,publisher_A,https://doi.org/10.1021/acs.cgd.9b01340,1
10.1021/acs.cgd.9b01384,publisher_A,https://doi.org/10.1021/acs.cgd.9b01384,1
10.1021/acs.cgd.9b01442,publisher_A,https://doi.org/10.1021/acs.cgd.9b01442,1
10.1021/acs.cgd.9b01545,publisher_A,https://doi.org/10.1021/acs.cgd.9b01545,1
10.1021/acs.cgd.9b01590,publisher_A,https://doi.org/10.1021/acs.cgd.9b01590,1
10.1021/acs.chemmater.0c01065,publisher_A,https://doi.org/10.1021/acs.chemmater.0c01065,1
10.1021/acs.chemmater.0c01267,publisher_A,https://doi.org/10.1021/acs.chemmater.0c01267,1
10.1021/acs.chemmater.0c02871,publisher_A,https://doi.org/10.1021/acs.chemmater.0c02871,1
10.1021/acs.chemmater.0c03132,publisher_A,https://doi.org/10.1021/acs.chemmater.0c03132,1
10.1021/acs.chemmater.0c03718,publisher_A,https://doi.org/10.1021/acs.chemmater.0c03718,1
10.1021/acs.chemmater.0c04675,publisher_A,https://doi.org/10.1021/acs.chemmater.0c04675,1
10.1021/acs.chemmater.1c00917,publisher_A,https://doi.org/10.1021/acs.chemmater.1c00917,1
10.1021/acs.chemmater.1c01139,publisher_A,https://doi.org/10.1021/acs.chemmater.1c01139,1
10.1021/acs.chemmater.1c02174,publisher_A,https://doi.org/10.1021/acs.chemmater.1c02174,1
10.1021/acs.chemmater.1c02411,publisher_A,https://doi.org/10.1021/acs.chemmater.1c02411,1
10.1021/acs.chemmater.2c00241,publisher_A,https://doi.org/10.1021/acs.chemmater.2c00241,1
10.1021/acs.chemmater.2c00242,publisher_A,https://doi.org/10.1021/acs.chemmater.2c00242,1
10.1021/acs.chemmater.2c00654,publisher_A,https://doi.org/10.1021/acs.chemmater.2c00654,1
10.1021/acs.chemmater.2c00846,publisher_A,https://doi.org/10.1021/acs.chemmater.2c00846,1
10.1021/acs.chemmater.2c00846,publisher_A,https://doi.org/10.1021/acs.chemmater.2c00846,1
10.1021/acs.chemmater.2c01481,publisher_A,https://doi.org/10.1021/acs.chemmater.2c01481,1
10.1021/acs.chemmater.2c02946,publisher_A,https://doi.org/10.1021/acs.chemmater.2c02946,1
10.1021/acs.chemmater.2c03018,publisher_A,https://doi.org/10.1021/acs.chemmater.2c03018,1
10.1021/acs.chemmater.3c01112,publisher_A,https://doi.org/10.1021/acs.chemmater.3c01112,1
10.1021/acs.chemmater.3c01495,publisher_A,https://doi.org/10.1021/acs.chemmater.3c01495,1
10.1021/acs.chemmater.3c01840,publisher_A,https://doi.org/10.1021/acs.chemmater.3c01840,1
10.1021/acs.chemmater.3c02121,publisher_A,https://doi.org/10.1021/acs.chemmater.3c02121,1
10.1021/acs.chemmater.3c02460,publisher_A,https://doi.org/10.1021/acs.chemmater.3c02460,1
10.1021/acs.chemmater.3c03026,publisher_A,https://doi.org/10.1021/acs.chemmater.3c03026,1
10.1021/acs.chemmater.3c03180,publisher_A,https://doi.org/10.1021/acs.chemmater.3c03180,1
10.1021/acs.chemmater.3c03269,publisher_A,https://doi.org/10.1021/acs.chemmater.3c03269,1
10.1021/acs.chemmater.4c00769,publisher_A,https://doi.org/10.1021/acs.chemmater.4c00769,1
10.1021/acs.chemmater.4c00879,publisher_A,https://doi.org/10.1021/acs.chemmater.4c00879,1
10.1021/acs.chemmater.4c00963,publisher_A,https://doi.org/10.1021/acs.chemmater.4c00963,1
10.1021/acs.chemmater.4c01794,publisher_A,https://doi.org/10.1021/acs.chemmater.4c01794,1
10.1021/acs.chemmater.4c02040,publisher_A,https://doi.org/10.1021/acs.chemmater.4c02040,1
10.1021/acs.chemmater.4c02796,publisher_A,https://doi.org/10.1021/acs.chemmater.4c02796,1
10.1021/acs.chemmater.4c02816,publisher_A,https://doi.org/10.1021/acs.chemmater.4c02816,1
10.1021/acs.chemmater.4c03221,publisher_A,https://doi.org/10.1021/acs.chemmater.4c03221,1
10.1021/acs.chemmater.5b00614,publisher_A,https://doi.org/10.1021/acs.chemmater.5b00614,1
10.1021/acs.chemmater.5b01140,publisher_A,https://doi.org/10.1021/acs.chemmater.5b01140,1
10.1021/acs.chemmater.5b03723,publisher_A,https://doi.org/10.1021/acs.chemmater.5b03723,1
10.1021/acs.chemmater.5b04306,publisher_A,https://doi.org/10.1021/acs.chemmater.5b04306,1
10.1021/acs.chemmater.5b04575,publisher_A,https://doi.org/10.1021/acs.chemmater.5b04575,1
10.1021/acs.chemmater.6b00139,publisher_A,https://doi.org/10.1021/acs.chemmater.6b00139,1
10.1021/acs.chemmater.6b00249,publisher_A,https://doi.org/10.1021/acs.chemmater.6b00249,1
10.1021/acs.chemmater.6b00494,publisher_A,https://doi.org/10.1021/acs.chemmater.6b00494,1
10.1021/acs.chemmater.6b00602,publisher_A,https://doi.org/10.1021/acs.chemmater.6b00602,1
10.1021/acs.chemmater.6b01087,publisher_A,https://doi.org/10.1021/acs.chemmater.6b01087,1
10.1021/acs.chemmater.6b02511,publisher_A,https://doi.org/10.1021/acs.chemmater.6b02511,1
10.1021/acs.chemmater.6b02817,publisher_A,https://doi.org/10.1021/acs.chemmater.6b02817,1
10.1021/acs.chemmater.6b05115,publisher_A,https://doi.org/10.1021/acs.chemmater.6b05115,1
10.1021/acs.chemmater.7b03203,publisher_A,https://doi.org/10.1021/acs.chemmater.7b03203,1
10.1021/acs.chemmater.8b00843,publisher_A,https://doi.org/10.1021/acs.chemmater.8b00843,1
10.1021/acs.chemmater.8b01073,publisher_A,https://doi.org/10.1021/acs.chemmater.8b01073,1
10.1021/acs.chemmater.8b01164,publisher_A,https://doi.org/10.1021/acs.chemmater.8b01164,1
10.1021/acs.chemmater.8b01891,publisher_A,https://doi.org/10.1021/acs.chemmater.8b01891,1
10.1021/acs.chemmater.9b00617,publisher_A,https://doi.org/10.1021/acs.chemmater.9b00617,1
10.1021/acs.chemmater.9b01383,publisher_A,https://doi.org/10.1021/acs.chemmater.9b01383,1
10.1021/acs.chemmater.9b02462,publisher_A,https://doi.org/10.1021/acs.chemmater.9b02462,1
10.1021/acs.chemmater.9b02868,publisher_A,https://doi.org/10.1021/acs.chemmater.9b02868,1
10.1021/acs.chemmater.9b03453,publisher_A,https://doi.org/10.1021/acs.chemmater.9b03453,1
10.1021/acs.chemmater.9b03662,publisher_A,https://doi.org/10.1021/acs.chemmater.9b03662,1
10.1021/acs.chemmater.9b04177,publisher_A,https://doi.org/10.1021/acs.chemmater.9b04177,1
10.1021/acs.inorgchem.0c00596,publisher_A,https://doi.org/10.1021/acs.inorgchem.0c00596,1
10.1021/acs.inorgchem.0c00627,publisher_A,https://doi.org/10.1021/acs.inorgchem.0c00627,1
10.1021/acs.inorgchem.0c00752,publisher_A,https://doi.org/10.1021/acs.inorgchem.0c00752,1
10.1021/acs.inorgchem.0c00987,publisher_A,https://doi.org/10.1021/acs.inorgchem.0c00987,1
10.1021/acs.inorgchem.0c00991,publisher_A,https://doi.org/10.1021/acs.inorgchem.0c00991,1
10.1021/acs.inorgchem.0c01124,publisher_A,https://doi.org/10.1021/acs.inorgchem.0c01124,1
10.1021/acs.inorgchem.0c01427,publisher_A,https://doi.org/10.1021/acs.inorgchem.0c01427,1
10.1021/acs.inorgchem.0c01533,publisher_A,https://doi.org/10.1021/acs.inorgchem.0c01533,1
10.1021/acs.inorgchem.0c01646,publisher_A,https://doi.org/10.1021/acs.inorgchem.0c01646,1
10.1021/acs.inorgchem.0c01912,publisher_A,https://doi.org/10.1021/acs.inorgchem.0c01912,1
10.1021/acs.inorgchem.0c02050,publisher_A,https://doi.org/10.1021/acs.inorgchem.0c02050,1
10.1021/acs.inorgchem.0c02221,publisher_A,https://doi.org/10.1021/acs.inorgchem.0c02221,1
10.1021/acs.inorgchem.0c02297,publisher_A,https://doi.org/10.1021/acs.inorgchem.0c02297,1
10.1021/acs.inorgchem.0c02669,publisher_A,https://doi.org/10.1021/acs.inorgchem.0c02669,1
10.1021/acs.inorgchem.0c02674,publisher_A,https://doi.org/10.1021/acs.inorgchem.0c02674,1
10.1021/acs.inorgchem.0c02877,publisher_A,https://doi.org/10.1021/acs.inorgchem.0c02877,1
10.1021/acs.inorgchem.0c03156,publisher_A,https://doi.org/10.1021/acs.inorgchem.0c03156,1
10.1021/acs.inorgchem.0c03206,publisher_A,https://doi.org/10.1021/acs.inorgchem.0c03206,1
10.1021/acs.inorgchem.0c03575,publisher_A,https://doi.org/10.1021/acs.inorgchem.0c03575,1
10.1021/acs.inorgchem.0c03586,publisher_A,https://doi.org/10.1021/acs.inorgchem.0c03586,1
10.1021/acs.inorgchem.0c03688,publisher_A,https://doi.org/10.1021/acs.inorgchem.0c03688,1
10.1021/acs.inorgchem.0c03751,publisher_A,https://doi.org/10.1021/acs.inorgchem.0c03751,1
10.1021/acs.inorgchem.1c00017,publisher_A,https://doi.org/10.1021/acs.inorgchem.1c00017,1
10.1021/acs.inorgchem.1c00053,publisher_A,https://doi.org/10.1021/acs.inorgchem.1c00053,1
10.1021/acs.inorgchem.1c00084,publisher_A,https://doi.org/10.1021/acs.inorgchem.1c00084,1
10.1021/acs.inorgchem.1c00408,publisher_A,https://doi.org/10.1021/acs.inorgchem.1c00408,1
10.1021/acs.inorgchem.1c00504,publisher_A,https://doi.org/10.1021/acs.inorgchem.1c00504,1
10.1021/acs.inorgchem.1c00589,publisher_A,https://doi.org/10.1021/acs.inorgchem.1c00589,1
10.1021/acs.inorgchem.1c00642,publisher_A,https://doi.org/10.1021/acs.inorgchem.1c00642,1
10.1021/acs.inorgchem.1c00941,publisher_A,https://doi.org/10.1021/acs.inorgchem.1c00941,1
10.1021/acs.inorgchem.1c00981,publisher_A,https://doi.org/10.1021/acs.inorgchem.1c00981,1
10.1021/acs.inorgchem.1c01026,publisher_A,https://doi.org/10.1021/acs.inorgchem.1c01026,1
10.1021/acs.inorgchem.1c01226,publisher_A,https://doi.org/10.1021/acs.inorgchem.1c01226,1
10.1021/acs.inorgchem.1c01466,publisher_A,https://doi.org/10.1021/acs.inorgchem.1c01466,1
10.1021/acs.inorgchem.1c02070,publisher_A,https://doi.org/10.1021/acs.inorgchem.1c02070,1
10.1021/acs.inorgchem.1c02082,publisher_A,https://doi.org/10.1021/acs.inorgchem.1c02082,1
10.1021/acs.inorgchem.1c02100,publisher_A,https://doi.org/10.1021/acs.inorgchem.1c02100,1
10.1021/acs.inorgchem.1c02455,publisher_A,https://doi.org/10.1021/acs.inorgchem.1c02455,1
10.1021/acs.inorgchem.1c02468,publisher_A,https://doi.org/10.1021/acs.inorgchem.1c02468,1
10.1021/acs.inorgchem.1c03040,publisher_A,https://doi.org/10.1021/acs.inorgchem.1c03040,1
10.1021/acs.inorgchem.1c03044,publisher_A,https://doi.org/10.1021/acs.inorgchem.1c03044,1
10.1021/acs.inorgchem.1c03148,publisher_A,https://doi.org/10.1021/acs.inorgchem.1c03148,1
10.1021/acs.inorgchem.1c03199,publisher_A,https://doi.org/10.1021/acs.inorgchem.1c03199,1
10.1021/acs.inorgchem.1c03231,publisher_A,https://doi.org/10.1021/acs.inorgchem.1c03231,1
10.1021/acs.inorgchem.1c03246,publisher_A,https://doi.org/10.1021/acs.inorgchem.1c03246,1
10.1021/acs.inorgchem.1c03340,publisher_A,https://doi.org/10.1021/acs.inorgchem.1c03340,1
10.1021/acs.inorgchem.1c03412,publisher_A,https://doi.org/10.1021/acs.inorgchem.1c03412,1
10.1021/acs.inorgchem.1c03414,publisher_A,https://doi.org/10.1021/acs.inorgchem.1c03414,1
10.1021/acs.inorgchem.1c03679,publisher_A,https://doi.org/10.1021/acs.inorgchem.1c03679,1
10.1021/acs.inorgchem.1c03935,publisher_A,https://doi.org/10.1021/acs.inorgchem.1c03935,1
10.1021/acs.inorgchem.1c03988,publisher_A,https://doi.org/10.1021/acs.inorgchem.1c03988,1
10.1021/acs.inorgchem.1c04027,publisher_A,https://doi.org/10.1021/acs.inorgchem.1c04027,1
10.1021/acs.inorgchem.1c04033,publisher_A,https://doi.org/10.1021/acs.inorgchem.1c04033,1
10.1021/acs.inorgchem.2c00036,publisher_A,https://doi.org/10.1021/acs.inorgchem.2c00036,1
10.1021/acs.inorgchem.2c00270,publisher_A,https://doi.org/10.1021/acs.inorgchem.2c00270,1
10.1021/acs.inorgchem.2c00287,publisher_A,https://doi.org/10.1021/acs.inorgchem.2c00287,1
10.1021/acs.inorgchem.2c00308,publisher_A,https://doi.org/10.1021/acs.inorgchem.2c00308,1
10.1021/acs.inorgchem.2c00367,publisher_A,https://doi.org/10.1021/acs.inorgchem.2c00367,1
10.1021/acs.inorgchem.2c00427,publisher_A,https://doi.org/10.1021/acs.inorgchem.2c00427,1
10.1021/acs.inorgchem.2c00452,publisher_A,https://doi.org/10.1021/acs.inorgchem.2c00452,1
10.1021/acs.inorgchem.2c00608,publisher_A,https://doi.org/10.1021/acs.inorgchem.2c00608,1
10.1021/acs.inorgchem.2c00650,publisher_A,https://doi.org/10.1021/acs.inorgchem.2c00650,1
10.1021/acs.inorgchem.2c00660,publisher_A,https://doi.org/10.1021/acs.inorgchem.2c00660,1
10.1021/acs.inorgchem.2c00756,publisher_A,https://doi.org/10.1021/acs.inorgchem.2c00756,1
10.1021/acs.inorgchem.2c00825,publisher_A,https://doi.org/10.1021/acs.inorgchem.2c00825,1
10.1021/acs.inorgchem.2c00853,publisher_A,https://doi.org/10.1021/acs.inorgchem.2c00853,1
10.1021/acs.inorgchem.2c00858,publisher_A,https://doi.org/10.1021/acs.inorgchem.2c00858,1
10.1021/acs.inorgchem.2c00941,publisher_A,https://doi.org/10.1021/acs.inorgchem.2c00941,1
10.1021/acs.inorgchem.2c01128,publisher_A,https://doi.org/10.1021/acs.inorgchem.2c01128,1
10.1021/acs.inorgchem.2c01294,publisher_A,https://doi.org/10.1021/acs.inorgchem.2c01294,1
10.1021/acs.inorgchem.2c01398,publisher_A,https://doi.org/10.1021/acs.inorgchem.2c01398,1
10.1021/acs.inorgchem.2c01488,publisher_A,https://doi.org/10.1021/acs.inorgchem.2c01488,1
10.1021/acs.inorgchem.2c01517,publisher_A,https://doi.org/10.1021/acs.inorgchem.2c01517,1
10.1021/acs.inorgchem.2c01579,publisher_A,https://doi.org/10.1021/acs.inorgchem.2c01579,1
10.1021/acs.inorgchem.2c01594,publisher_A,https://doi.org/10.1021/acs.inorgchem.2c01594,1
10.1021/acs.inorgchem.2c01619,publisher_A,https://doi.org/10.1021/acs.inorgchem.2c01619,1
10.1021/acs.inorgchem.2c01643,publisher_A,https://doi.org/10.1021/acs.inorgchem.2c01643,1
10.1021/acs.inorgchem.2c01793,publisher_A,https://doi.org/10.1021/acs.inorgchem.2c01793,1
10.1021/acs.inorgchem.2c01846,publisher_A,https://doi.org/10.1021/acs.inorgchem.2c01846,1
10.1021/acs.inorgchem.2c01893,publisher_A,https://doi.org/10.1021/acs.inorgchem.2c01893,1
10.1021/acs.inorgchem.2c01936,publisher_A,https://doi.org/10.1021/acs.inorgchem.2c01936,1
10.1021/acs.inorgchem.2c02023,publisher_A,https://doi.org/10.1021/acs.inorgchem.2c02023,1
10.1021/acs.inorgchem.2c02072,publisher_A,https://doi.org/10.1021/acs.inorgchem.2c02072,1
10.1021/acs.inorgchem.2c02215,publisher_A,https://doi.org/10.1021/acs.inorgchem.2c02215,1
10.1021/acs.inorgchem.2c02454,publisher_A,https://doi.org/10.1021/acs.inorgchem.2c02454,1
10.1021/acs.inorgchem.2c02542,publisher_A,https://doi.org/10.1021/acs.inorgchem.2c02542,1
10.1021/acs.inorgchem.2c02547,publisher_A,https://doi.org/10.1021/acs.inorgchem.2c02547,1
10.1021/acs.inorgchem.2c02661,publisher_A,https://doi.org/10.1021/acs.inorgchem.2c02661,1
10.1021/acs.inorgchem.2c02733,publisher_A,https://doi.org/10.1021/acs.inorgchem.2c02733,1
10.1021/acs.inorgchem.2c02842,publisher_A,https://doi.org/10.1021/acs.inorgchem.2c02842,1
10.1021/acs.inorgchem.2c03078,publisher_A,https://doi.org/10.1021/acs.inorgchem.2c03078,1
10.1021/acs.inorgchem.2c03138,publisher_A,https://doi.org/10.1021/acs.inorgchem.2c03138,1
10.1021/acs.inorgchem.2c03152,publisher_A,https://doi.org/10.1021/acs.inorgchem.2c03152,1
10.1021/acs.inorgchem.2c03472,publisher_A,https://doi.org/10.1021/acs.inorgchem.2c03472,1
10.1021/acs.inorgchem.2c03679,publisher_A,https://doi.org/10.1021/acs.inorgchem.2c03679,1
10.1021/acs.inorgchem.2c04053,publisher_A,https://doi.org/10.1021/acs.inorgchem.2c04053,1
10.1021/acs.inorgchem.2c04060,publisher_A,https://doi.org/10.1021/acs.inorgchem.2c04060,1
10.1021/acs.inorgchem.2c04136,publisher_A,https://doi.org/10.1021/acs.inorgchem.2c04136,1
10.1021/acs.inorgchem.2c04158,publisher_A,https://doi.org/10.1021/acs.inorgchem.2c04158,1
10.1021/acs.inorgchem.2c04233,publisher_A,https://doi.org/10.1021/acs.inorgchem.2c04233,1
10.1021/acs.inorgchem.2c04233,publisher_A,https://doi.org/10.1021/acs.inorgchem.2c04233,1
10.1021/acs.inorgchem.2c04313,publisher_A,https://doi.org/10.1021/acs.inorgchem.2c04313,1
10.1021/acs.inorgchem.2c04400,publisher_A,https://doi.org/10.1021/acs.inorgchem.2c04400,1
10.1021/acs.inorgchem.2c04422,publisher_A,https://doi.org/10.1021/acs.inorgchem.2c04422,1
10.1021/acs.inorgchem.2c04443,publisher_A,https://doi.org/10.1021/acs.inorgchem.2c04443,1
10.1021/acs.inorgchem.2c04447,publisher_A,https://doi.org/10.1021/acs.inorgchem.2c04447,1
10.1021/acs.inorgchem.2c04470,publisher_A,https://doi.org/10.1021/acs.inorgchem.2c04470,1
10.1021/acs.inorgchem.2c04483,publisher_A,https://doi.org/10.1021/acs.inorgchem.2c04483,1
10.1021/acs.inorgchem.3c00049,publisher_A,https://doi.org/10.1021/acs.inorgchem.3c00049,1
10.1021/acs.inorgchem.3c00055,publisher_A,https://doi.org/10.1021/acs.inorgchem.3c00055,1
10.1021/acs.inorgchem.3c00365,publisher_A,https://doi.org/10.1021/acs.inorgchem.3c00365,1
10.1021/acs.inorgchem.3c00560,publisher_A,https://doi.org/10.1021/acs.inorgchem.3c00560,1
10.1021/acs.inorgchem.3c00821,publisher_A,https://doi.org/10.1021/acs.inorgchem.3c00821,1
10.1021/acs.inorgchem.3c01079,publisher_A,https://doi.org/10.1021/acs.inorgchem.3c01079,1
10.1021/acs.inorgchem.3c01131,publisher_A,https://doi.org/10.1021/acs.inorgchem.3c01131,1
10.1021/acs.inorgchem.3c01230,publisher_A,https://doi.org/10.1021/acs.inorgchem.3c01230,1
10.1021/acs.inorgchem.3c01243,publisher_A,https://doi.org/10.1021/acs.inorgchem.3c01243,1
10.1021/acs.inorgchem.3c01245,publisher_A,https://doi.org/10.1021/acs.inorgchem.3c01245,1
10.1021/acs.inorgchem.3c01258,publisher_A,https://doi.org/10.1021/acs.inorgchem.3c01258,1
10.1021/acs.inorgchem.3c01393,publisher_A,https://doi.org/10.1021/acs.inorgchem.3c01393,1
10.1021/acs.inorgchem.3c01862,publisher_A,https://doi.org/10.1021/acs.inorgchem.3c01862,1
10.1021/acs.inorgchem.3c01923,publisher_A,https://doi.org/10.1021/acs.inorgchem.3c01923,1
10.1021/acs.inorgchem.3c02202,publisher_A,https://doi.org/10.1021/acs.inorgchem.3c02202,1
10.1021/acs.inorgchem.3c02400,publisher_A,https://doi.org/10.1021/acs.inorgchem.3c02400,1
10.1021/acs.inorgchem.3c02507,publisher_A,https://doi.org/10.1021/acs.inorgchem.3c02507,1
10.1021/acs.inorgchem.3c02553,publisher_A,https://doi.org/10.1021/acs.inorgchem.3c02553,1
10.1021/acs.inorgchem.3c02597,publisher_A,https://doi.org/10.1021/acs.inorgchem.3c02597,1
10.1021/acs.inorgchem.3c02620,publisher_A,https://doi.org/10.1021/acs.inorgchem.3c02620,1
10.1021/acs.inorgchem.3c02670,publisher_A,https://doi.org/10.1021/acs.inorgchem.3c02670,1
10.1021/acs.inorgchem.3c02754,publisher_A,https://doi.org/10.1021/acs.inorgchem.3c02754,1
10.1021/acs.inorgchem.3c02765,publisher_A,https://doi.org/10.1021/acs.inorgchem.3c02765,1
10.1021/acs.inorgchem.3c02875,publisher_A,https://doi.org/10.1021/acs.inorgchem.3c02875,1
10.1021/acs.inorgchem.3c02877,publisher_A,https://doi.org/10.1021/acs.inorgchem.3c02877,1
10.1021/acs.inorgchem.3c03056,publisher_A,https://doi.org/10.1021/acs.inorgchem.3c03056,1
10.1021/acs.inorgchem.3c03064,publisher_A,https://doi.org/10.1021/acs.inorgchem.3c03064,1
10.1021/acs.inorgchem.3c03128,publisher_A,https://doi.org/10.1021/acs.inorgchem.3c03128,1
10.1021/acs.inorgchem.3c03142,publisher_A,https://doi.org/10.1021/acs.inorgchem.3c03142,1
10.1021/acs.inorgchem.3c03704,publisher_A,https://doi.org/10.1021/acs.inorgchem.3c03704,1
10.1021/acs.inorgchem.3c03712,publisher_A,https://doi.org/10.1021/acs.inorgchem.3c03712,1
10.1021/acs.inorgchem.3c03742,publisher_A,https://doi.org/10.1021/acs.inorgchem.3c03742,1
10.1021/acs.inorgchem.3c03750,publisher_A,https://doi.org/10.1021/acs.inorgchem.3c03750,1
10.1021/acs.inorgchem.3c03838,publisher_A,https://doi.org/10.1021/acs.inorgchem.3c03838,1
10.1021/acs.inorgchem.3c03901,publisher_A,https://doi.org/10.1021/acs.inorgchem.3c03901,1
10.1021/acs.inorgchem.3c03988,publisher_A,https://doi.org/10.1021/acs.inorgchem.3c03988,1
10.1021/acs.inorgchem.3c04060,publisher_A,https://doi.org/10.1021/acs.inorgchem.3c04060,1
10.1021/acs.inorgchem.3c04117,publisher_A,https://doi.org/10.1021/acs.inorgchem.3c04117,1
10.1021/acs.inorgchem.3c04363,publisher_A,https://doi.org/10.1021/acs.inorgchem.3c04363,1
10.1021/acs.inorgchem.3c04559,publisher_A,https://doi.org/10.1021/acs.inorgchem.3c04559,1
10.1021/acs.inorgchem.4c00217,publisher_A,https://doi.org/10.1021/acs.inorgchem.4c00217,1
10.1021/acs.inorgchem.4c00245,publisher_A,https://doi.org/10.1021/acs.inorgchem.4c00245,1
10.1021/acs.inorgchem.4c00350,publisher_A,https://doi.org/10.1021/acs.inorgchem.4c00350,1
10.1021/acs.inorgchem.4c00372,publisher_A,https://doi.org/10.1021/acs.inorgchem.4c00372,1
10.1021/acs.inorgchem.4c00468,publisher_A,https://doi.org/10.1021/acs.inorgchem.4c00468,1
10.1021/acs.inorgchem.4c00507,publisher_A,https://doi.org/10.1021/acs.inorgchem.4c00507,1
10.1021/acs.inorgchem.4c00627,publisher_A,https://doi.org/10.1021/acs.inorgchem.4c00627,1
10.1021/acs.inorgchem.4c00695,publisher_A,https://doi.org/10.1021/acs.inorgchem.4c00695,1
10.1021/acs.inorgchem.4c00713,publisher_A,https://doi.org/10.1021/acs.inorgchem.4c00713,1
10.1021/acs.inorgchem.4c01453,publisher_A,https://doi.org/10.1021/acs.inorgchem.4c01453,1
10.1021/acs.inorgchem.4c01565,publisher_A,https://doi.org/10.1021/acs.inorgchem.4c01565,1
10.1021/acs.inorgchem.4c01579,publisher_A,https://doi.org/10.1021/acs.inorgchem.4c01579,1
10.1021/acs.inorgchem.4c01589,publisher_A,https://doi.org/10.1021/acs.inorgchem.4c01589,1
10.1021/acs.inorgchem.4c02082,publisher_A,https://doi.org/10.1021/acs.inorgchem.4c02082,1
10.1021/acs.inorgchem.4c02464,publisher_A,https://doi.org/10.1021/acs.inorgchem.4c02464,1
10.1021/acs.inorgchem.4c02528,publisher_A,https://doi.org/10.1021/acs.inorgchem.4c02528,1
10.1021/acs.inorgchem.4c02730,publisher_A,https://doi.org/10.1021/acs.inorgchem.4c02730,1
10.1021/acs.inorgchem.4c02795,publisher_A,https://doi.org/10.1021/acs.inorgchem.4c02795,1
10.1021/acs.inorgchem.4c02969,publisher_A,https://doi.org/10.1021/acs.inorgchem.4c02969,1
10.1021/acs.inorgchem.4c03064,publisher_A,https://doi.org/10.1021/acs.inorgchem.4c03064,1
10.1021/acs.inorgchem.4c03067,publisher_A,https://doi.org/10.1021/acs.inorgchem.4c03067,1
10.1021/acs.inorgchem.4c03193,publisher_A,https://doi.org/10.1021/acs.inorgchem.4c03193,1
10.1021/acs.inorgchem.4c03337,publisher_A,https://doi.org/10.1021/acs.inorgchem.4c03337,1
10.1021/acs.inorgchem.4c03887,publisher_A,https://doi.org/10.1021/acs.inorgchem.4c03887,1
10.1021/acs.inorgchem.4c04447,publisher_A,https://doi.org/10.1021/acs.inorgchem.4c04447,1
10.1021/acs.inorgchem.4c04464,publisher_A,https://doi.org/10.1021/acs.inorgchem.4c04464,1
10.1021/acs.inorgchem.4c04616,publisher_A,https://doi.org/10.1021/acs.inorgchem.4c04616,1
10.1021/acs.inorgchem.4c04646,publisher_A,https://doi.org/10.1021/acs.inorgchem.4c04646,1
10.1021/acs.inorgchem.4c05275,publisher_A,https://doi.org/10.1021/acs.inorgchem.4c05275,1
10.1021/acs.inorgchem.4c05544,publisher_A,https://doi.org/10.1021/acs.inorgchem.4c05544,1
10.1021/acs.inorgchem.4c05574,publisher_A,https://doi.org/10.1021/acs.inorgchem.4c05574,1
10.1021/acs.inorgchem.4c05575,publisher_A,https://doi.org/10.1021/acs.inorgchem.4c05575,1
10.1021/acs.inorgchem.5b00074,publisher_A,https://doi.org/10.1021/acs.inorgchem.5b00074,1
10.1021/acs.inorgchem.5b00180,publisher_A,https://doi.org/10.1021/acs.inorgchem.5b00180,1
10.1021/acs.inorgchem.5b00435,publisher_A,https://doi.org/10.1021/acs.inorgchem.5b00435,1
10.1021/acs.inorgchem.5b00535,publisher_A,https://doi.org/10.1021/acs.inorgchem.5b00535,1
10.1021/acs.inorgchem.5b01053,publisher_A,https://doi.org/10.1021/acs.inorgchem.5b01053,1
10.1021/acs.inorgchem.5b01611,publisher_A,https://doi.org/10.1021/acs.inorgchem.5b01611,1
10.1021/acs.inorgchem.5b01623,publisher_A,https://doi.org/10.1021/acs.inorgchem.5b01623,1
10.1021/acs.inorgchem.5b01900,publisher_A,https://doi.org/10.1021/acs.inorgchem.5b01900,1
10.1021/acs.inorgchem.5b02046,publisher_A,https://doi.org/10.1021/acs.inorgchem.5b02046,1
10.1021/acs.inorgchem.5b02108,publisher_A,https://doi.org/10.1021/acs.inorgchem.5b02108,1
10.1021/acs.inorgchem.5b02242,publisher_A,https://doi.org/10.1021/acs.inorgchem.5b02242,1
10.1021/acs.inorgchem.5b02257,publisher_A,https://doi.org/10.1021/acs.inorgchem.5b02257,1
10.1021/acs.inorgchem.5b02312,publisher_A,https://doi.org/10.1021/acs.inorgchem.5b02312,1
10.1021/acs.inorgchem.5b02375,publisher_A,https://doi.org/10.1021/acs.inorgchem.5b02375,1
10.1021/acs.inorgchem.5b02921,publisher_A,https://doi.org/10.1021/acs.inorgchem.5b02921,1
10.1021/acs.inorgchem.5c00158,publisher_A,https://doi.org/10.1021/acs.inorgchem.5c00158,1
10.1021/acs.inorgchem.5c00221,publisher_A,https://doi.org/10.1021/acs.inorgchem.5c00221,1
10.1021/acs.inorgchem.5c00341,publisher_A,https://doi.org/10.1021/acs.inorgchem.5c00341,1
10.1021/acs.inorgchem.5c00352,publisher_A,https://doi.org/10.1021/acs.inorgchem.5c00352,1
10.1021/acs.inorgchem.5c00353,publisher_A,https://doi.org/10.1021/acs.inorgchem.5c00353,1
10.1021/acs.inorgchem.5c00612,publisher_A,https://doi.org/10.1021/acs.inorgchem.5c00612,1
10.1021/acs.inorgchem.5c00841,publisher_A,https://doi.org/10.1021/acs.inorgchem.5c00841,1
10.1021/acs.inorgchem.5c01033,publisher_A,https://doi.org/10.1021/acs.inorgchem.5c01033,1
10.1021/acs.inorgchem.5c01354,publisher_A,https://doi.org/10.1021/acs.inorgchem.5c01354,1
10.1021/acs.inorgchem.5c01724,publisher_A,https://doi.org/10.1021/acs.inorgchem.5c01724,1
10.1021/acs.inorgchem.5c01769,publisher_A,https://doi.org/10.1021/acs.inorgchem.5c01769,1
10.1021/acs.inorgchem.5c01963,publisher_A,https://doi.org/10.1021/acs.inorgchem.5c01963,1
10.1021/acs.inorgchem.5c02137,publisher_A,https://doi.org/10.1021/acs.inorgchem.5c02137,1
10.1021/acs.inorgchem.5c02360,publisher_A,https://doi.org/10.1021/acs.inorgchem.5c02360,1
10.1021/acs.inorgchem.6b00019,publisher_A,https://doi.org/10.1021/acs.inorgchem.6b00019,1
10.1021/acs.inorgchem.6b00045,publisher_A,https://doi.org/10.1021/acs.inorgchem.6b00045,1
10.1021/acs.inorgchem.6b00111,publisher_A,https://doi.org/10.1021/acs.inorgchem.6b00111,1
10.1021/acs.inorgchem.6b00221,publisher_A,https://doi.org/10.1021/acs.inorgchem.6b00221,1
10.1021/acs.inorgchem.6b00276,publisher_A,https://doi.org/10.1021/acs.inorgchem.6b00276,1
10.1021/acs.inorgchem.6b00296,publisher_A,https://doi.org/10.1021/acs.inorgchem.6b00296,1
10.1021/acs.inorgchem.6b00522,publisher_A,https://doi.org/10.1021/acs.inorgchem.6b00522,1
10.1021/acs.inorgchem.6b00530,publisher_A,https://doi.org/10.1021/acs.inorgchem.6b00530,1
10.1021/acs.inorgchem.6b00661,publisher_A,https://doi.org/10.1021/acs.inorgchem.6b00661,1
10.1021/acs.inorgchem.6b00865,publisher_A,https://doi.org/10.1021/acs.inorgchem.6b00865,1
10.1021/acs.inorgchem.6b00933,publisher_A,https://doi.org/10.1021/acs.inorgchem.6b00933,1
10.1021/acs.inorgchem.6b01060,publisher_A,https://doi.org/10.1021/acs.inorgchem.6b01060,1
10.1021/acs.inorgchem.6b01328,publisher_A,https://doi.org/10.1021/acs.inorgchem.6b01328,1
10.1021/acs.inorgchem.6b01419,publisher_A,https://doi.org/10.1021/acs.inorgchem.6b01419,1
10.1021/acs.inorgchem.6b01592,publisher_A,https://doi.org/10.1021/acs.inorgchem.6b01592,1
10.1021/acs.inorgchem.6b01809,publisher_A,https://doi.org/10.1021/acs.inorgchem.6b01809,1
10.1021/acs.inorgchem.6b01852,publisher_A,https://doi.org/10.1021/acs.inorgchem.6b01852,1
10.1021/acs.inorgchem.6b01882,publisher_A,https://doi.org/10.1021/acs.inorgchem.6b01882,1
10.1021/acs.inorgchem.6b01901,publisher_A,https://doi.org/10.1021/acs.inorgchem.6b01901,1
10.1021/acs.inorgchem.6b02137,publisher_A,https://doi.org/10.1021/acs.inorgchem.6b02137,1
10.1021/acs.inorgchem.6b02332,publisher_A,https://doi.org/10.1021/acs.inorgchem.6b02332,1
10.1021/acs.inorgchem.6b02514,publisher_A,https://doi.org/10.1021/acs.inorgchem.6b02514,1
10.1021/acs.inorgchem.6b02674,publisher_A,https://doi.org/10.1021/acs.inorgchem.6b02674,1
10.1021/acs.inorgchem.6b02713,publisher_A,https://doi.org/10.1021/acs.inorgchem.6b02713,1
10.1021/acs.inorgchem.6b02774,publisher_A,https://doi.org/10.1021/acs.inorgchem.6b02774,1
10.1021/acs.inorgchem.6b02883,publisher_A,https://doi.org/10.1021/acs.inorgchem.6b02883,1
10.1021/acs.inorgchem.7b00074,publisher_A,https://doi.org/10.1021/acs.inorgchem.7b00074,1
10.1021/acs.inorgchem.7b00198,publisher_A,https://doi.org/10.1021/acs.inorgchem.7b00198,1
10.1021/acs.inorgchem.7b00202,publisher_A,https://doi.org/10.1021/acs.inorgchem.7b00202,1
10.1021/acs.inorgchem.7b00342,publisher_A,https://doi.org/10.1021/acs.inorgchem.7b00342,1
10.1021/acs.inorgchem.7b00429,publisher_A,https://doi.org/10.1021/acs.inorgchem.7b00429,1
10.1021/acs.inorgchem.7b00436,publisher_A,https://doi.org/10.1021/acs.inorgchem.7b00436,1
10.1021/acs.inorgchem.7b00639,publisher_A,https://doi.org/10.1021/acs.inorgchem.7b00639,1
10.1021/acs.inorgchem.7b00681,publisher_A,https://doi.org/10.1021/acs.inorgchem.7b00681,1
10.1021/acs.inorgchem.7b00744,publisher_A,https://doi.org/10.1021/acs.inorgchem.7b00744,1
10.1021/acs.inorgchem.7b01025,publisher_A,https://doi.org/10.1021/acs.inorgchem.7b01025,1
10.1021/acs.inorgchem.7b01057,publisher_A,https://doi.org/10.1021/acs.inorgchem.7b01057,1
10.1021/acs.inorgchem.7b01103,publisher_A,https://doi.org/10.1021/acs.inorgchem.7b01103,1
10.1021/acs.inorgchem.7b01191,publisher_A,https://doi.org/10.1021/acs.inorgchem.7b01191,1
10.1021/acs.inorgchem.7b01197,publisher_A,https://doi.org/10.1021/acs.inorgchem.7b01197,1
10.1021/acs.inorgchem.7b01286,publisher_A,https://doi.org/10.1021/acs.inorgchem.7b01286,1
10.1021/acs.inorgchem.7b01322,publisher_A,https://doi.org/10.1021/acs.inorgchem.7b01322,1
10.1021/acs.inorgchem.7b01657,publisher_A,https://doi.org/10.1021/acs.inorgchem.7b01657,1
10.1021/acs.inorgchem.7b01781,publisher_A,https://doi.org/10.1021/acs.inorgchem.7b01781,1
10.1021/acs.inorgchem.7b01801,publisher_A,https://doi.org/10.1021/acs.inorgchem.7b01801,1
10.1021/acs.inorgchem.7b01915,publisher_A,https://doi.org/10.1021/acs.inorgchem.7b01915,1
10.1021/acs.inorgchem.7b02022,publisher_A,https://doi.org/10.1021/acs.inorgchem.7b02022,1
10.1021/acs.inorgchem.7b02136,publisher_A,https://doi.org/10.1021/acs.inorgchem.7b02136,1
10.1021/acs.inorgchem.7b02235,publisher_A,https://doi.org/10.1021/acs.inorgchem.7b02235,1
10.1021/acs.inorgchem.7b02324,publisher_A,https://doi.org/10.1021/acs.inorgchem.7b02324,1
10.1021/acs.inorgchem.7b02435,publisher_A,https://doi.org/10.1021/acs.inorgchem.7b02435,1
10.1021/acs.inorgchem.7b02443,publisher_A,https://doi.org/10.1021/acs.inorgchem.7b02443,1
10.1021/acs.inorgchem.7b02754,publisher_A,https://doi.org/10.1021/acs.inorgchem.7b02754,1
10.1021/acs.inorgchem.7b02761,publisher_A,https://doi.org/10.1021/acs.inorgchem.7b02761,1
10.1021/acs.inorgchem.7b03053,publisher_A,https://doi.org/10.1021/acs.inorgchem.7b03053,1
10.1021/acs.inorgchem.7b03063,publisher_A,https://doi.org/10.1021/acs.inorgchem.7b03063,1
10.1021/acs.inorgchem.7b03204,publisher_A,https://doi.org/10.1021/acs.inorgchem.7b03204,1
10.1021/acs.inorgchem.7b03214,publisher_A,https://doi.org/10.1021/acs.inorgchem.7b03214,1
10.1021/acs.inorgchem.7b03278,publisher_A,https://doi.org/10.1021/acs.inorgchem.7b03278,1
10.1021/acs.inorgchem.8b00080,publisher_A,https://doi.org/10.1021/acs.inorgchem.8b00080,1
10.1021/acs.inorgchem.8b00126,publisher_A,https://doi.org/10.1021/acs.inorgchem.8b00126,1
10.1021/acs.inorgchem.8b00395,publisher_A,https://doi.org/10.1021/acs.inorgchem.8b00395,1
10.1021/acs.inorgchem.8b00465,publisher_A,https://doi.org/10.1021/acs.inorgchem.8b00465,1
10.1021/acs.inorgchem.8b00671,publisher_A,https://doi.org/10.1021/acs.inorgchem.8b00671,1
10.1021/acs.inorgchem.8b00683,publisher_A,https://doi.org/10.1021/acs.inorgchem.8b00683,1
10.1021/acs.inorgchem.8b00720,publisher_A,https://doi.org/10.1021/acs.inorgchem.8b00720,1
10.1021/acs.inorgchem.8b00910,publisher_A,https://doi.org/10.1021/acs.inorgchem.8b00910,1
10.1021/acs.inorgchem.8b01130,publisher_A,https://doi.org/10.1021/acs.inorgchem.8b01130,1
10.1021/acs.inorgchem.8b01137,publisher_A,https://doi.org/10.1021/acs.inorgchem.8b01137,1
10.1021/acs.inorgchem.8b01241,publisher_A,https://doi.org/10.1021/acs.inorgchem.8b01241,1
10.1021/acs.inorgchem.8b01319,publisher_A,https://doi.org/10.1021/acs.inorgchem.8b01319,1
10.1021/acs.inorgchem.8b01563,publisher_A,https://doi.org/10.1021/acs.inorgchem.8b01563,1
10.1021/acs.inorgchem.8b01612,publisher_A,https://doi.org/10.1021/acs.inorgchem.8b01612,1
10.1021/acs.inorgchem.8b01631,publisher_A,https://doi.org/10.1021/acs.inorgchem.8b01631,1
10.1021/acs.inorgchem.8b01842,publisher_A,https://doi.org/10.1021/acs.inorgchem.8b01842,1
10.1021/acs.inorgchem.8b01955,publisher_A,https://doi.org/10.1021/acs.inorgchem.8b01955,1
10.1021/acs.inorgchem.8b02019,publisher_A,https://doi.org/10.1021/acs.inorgchem.8b02019,1
10.1021/acs.inorgchem.8b02293,publisher_A,https://doi.org/10.1021/acs.inorgchem.8b02293,1
10.1021/acs.inorgchem.8b02434,publisher_A,https://doi.org/10.1021/acs.inorgchem.8b02434,1
10.1021/acs.inorgchem.8b02507,publisher_A,https://doi.org/10.1021/acs.inorgchem.8b02507,1
10.1021/acs.inorgchem.8b02549,publisher_A,https://doi.org/10.1021/acs.inorgchem.8b02549,1
10.1021/acs.inorgchem.8b03001,publisher_A,https://doi.org/10.1021/acs.inorgchem.8b03001,1
10.1021/acs.inorgchem.8b03025,publisher_A,https://doi.org/10.1021/acs.inorgchem.8b03025,1
10.1021/acs.inorgchem.8b03087,publisher_A,https://doi.org/10.1021/acs.inorgchem.8b03087,1
10.1021/acs.inorgchem.8b03148,publisher_A,https://doi.org/10.1021/acs.inorgchem.8b03148,1
10.1021/acs.inorgchem.8b03202,publisher_A,https://doi.org/10.1021/acs.inorgchem.8b03202,1
10.1021/acs.inorgchem.8b03210,publisher_A,https://doi.org/10.1021/acs.inorgchem.8b03210,1
10.1021/acs.inorgchem.8b03307,publisher_A,https://doi.org/10.1021/acs.inorgchem.8b03307,1
10.1021/acs.inorgchem.8b03318,publisher_A,https://doi.org/10.1021/acs.inorgchem.8b03318,1
10.1021/acs.inorgchem.8b03612,publisher_A,https://doi.org/10.1021/acs.inorgchem.8b03612,1
10.1021/acs.inorgchem.9b00077,publisher_A,https://doi.org/10.1021/acs.inorgchem.9b00077,1
10.1021/acs.inorgchem.9b00084,publisher_A,https://doi.org/10.1021/acs.inorgchem.9b00084,1
10.1021/acs.inorgchem.9b00123,publisher_A,https://doi.org/10.1021/acs.inorgchem.9b00123,1
10.1021/acs.inorgchem.9b00200,publisher_A,https://doi.org/10.1021/acs.inorgchem.9b00200,1
10.1021/acs.inorgchem.9b00215,publisher_A,https://doi.org/10.1021/acs.inorgchem.9b00215,1
10.1021/acs.inorgchem.9b00219,publisher_A,https://doi.org/10.1021/acs.inorgchem.9b00219,1
10.1021/acs.inorgchem.9b00261,publisher_A,https://doi.org/10.1021/acs.inorgchem.9b00261,1
10.1021/acs.inorgchem.9b00388,publisher_A,https://doi.org/10.1021/acs.inorgchem.9b00388,1
10.1021/acs.inorgchem.9b00396,publisher_A,https://doi.org/10.1021/acs.inorgchem.9b00396,1
10.1021/acs.inorgchem.9b00701,publisher_A,https://doi.org/10.1021/acs.inorgchem.9b00701,1
10.1021/acs.inorgchem.9b00745,publisher_A,https://doi.org/10.1021/acs.inorgchem.9b00745,1
10.1021/acs.inorgchem.9b00768,publisher_A,https://doi.org/10.1021/acs.inorgchem.9b00768,1
10.1021/acs.inorgchem.9b00903,publisher_A,https://doi.org/10.1021/acs.inorgchem.9b00903,1
10.1021/acs.inorgchem.9b00925,publisher_A,https://doi.org/10.1021/acs.inorgchem.9b00925,1
10.1021/acs.inorgchem.9b00940,publisher_A,https://doi.org/10.1021/acs.inorgchem.9b00940,1
10.1021/acs.inorgchem.9b01128,publisher_A,https://doi.org/10.1021/acs.inorgchem.9b01128,1
10.1021/acs.inorgchem.9b01234,publisher_A,https://doi.org/10.1021/acs.inorgchem.9b01234,1
10.1021/acs.inorgchem.9b01258,publisher_A,https://doi.org/10.1021/acs.inorgchem.9b01258,1
10.1021/acs.inorgchem.9b01387,publisher_A,https://doi.org/10.1021/acs.inorgchem.9b01387,1
10.1021/acs.inorgchem.9b01408,publisher_A,https://doi.org/10.1021/acs.inorgchem.9b01408,1
10.1021/acs.inorgchem.9b01666,publisher_A,https://doi.org/10.1021/acs.inorgchem.9b01666,1
10.1021/acs.inorgchem.9b01819,publisher_A,https://doi.org/10.1021/acs.inorgchem.9b01819,1
10.1021/acs.inorgchem.9b01935,publisher_A,https://doi.org/10.1021/acs.inorgchem.9b01935,1
10.1021/acs.inorgchem.9b02177,publisher_A,https://doi.org/10.1021/acs.inorgchem.9b02177,1
10.1021/acs.inorgchem.9b02397,publisher_A,https://doi.org/10.1021/acs.inorgchem.9b02397,1
10.1021/acs.inorgchem.9b02517,publisher_A,https://doi.org/10.1021/acs.inorgchem.9b02517,1
10.1021/acs.inorgchem.9b02658,publisher_A,https://doi.org/10.1021/acs.inorgchem.9b02658,1
10.1021/acs.inorgchem.9b02742,publisher_A,https://doi.org/10.1021/acs.inorgchem.9b02742,1
10.1021/acs.inorgchem.9b02999,publisher_A,https://doi.org/10.1021/acs.inorgchem.9b02999,1
10.1021/acs.inorgchem.9b03316,publisher_A,https://doi.org/10.1021/acs.inorgchem.9b03316,1
10.1021/acs.inorgchem.9b03350,publisher_A,https://doi.org/10.1021/acs.inorgchem.9b03350,1
10.1021/acs.inorgchem.9b03639,publisher_A,https://doi.org/10.1021/acs.inorgchem.9b03639,1
10.1021/acs.inorgchem.9b03648,publisher_A,https://doi.org/10.1021/acs.inorgchem.9b03648,1
10.1021/acs.inorgchem.9b03654,publisher_A,https://doi.org/10.1021/acs.inorgchem.9b03654,1
10.1021/acs.inorgchem.9b03667,publisher_A,https://doi.org/10.1021/acs.inorgchem.9b03667,1
10.1021/acs.jafc.2c05780,publisher_A,https://doi.org/10.1021/acs.jafc.2c05780,1
10.1021/acs.jafc.8b00400,publisher_A,https://doi.org/10.1021/acs.jafc.8b00400,1
10.1021/acs.jafc.8b03144,publisher_A,https://doi.org/10.1021/acs.jafc.8b03144,1
10.1021/acs.jchemed.0c00311,publisher_A,https://doi.org/10.1021/acs.jchemed.0c00311,1
10.1021/acs.jchemed.0c00905,publisher_A,https://doi.org/10.1021/acs.jchemed.0c00905,1
10.1021/acs.jchemed.1c00583,publisher_A,https://doi.org/10.1021/acs.jchemed.1c00583,1
10.1021/acs.jchemed.1c00673,publisher_A,https://doi.org/10.1021/acs.jchemed.1c00673,1
10.1021/acs.jchemed.2c00115,publisher_A,https://doi.org/10.1021/acs.jchemed.2c00115,1
10.1021/acs.jchemed.2c00849,publisher_A,https://doi.org/10.1021/acs.jchemed.2c00849,1
10.1021/acs.jchemed.2c00910,publisher_A,https://doi.org/10.1021/acs.jchemed.2c00910,1
10.1021/acs.jchemed.2c00922,publisher_A,https://doi.org/10.1021/acs.jchemed.2c00922,1
10.1021/acs.jchemed.2c01226,publisher_A,https://doi.org/10.1021/acs.jchemed.2c01226,1
10.1021/acs.jchemed.3c00949,publisher_A,https://doi.org/10.1021/acs.jchemed.3c00949,1
10.1021/acs.jchemed.4c00297,publisher_A,https://doi.org/10.1021/acs.jchemed.4c00297,1
10.1021/acs.jchemed.6b00258,publisher_A,https://doi.org/10.1021/acs.jchemed.6b00258,1
10.1021/acs.jchemed.8b00357,publisher_A,https://doi.org/10.1021/acs.jchemed.8b00357,1
10.1021/acs.jchemed.9b00075,publisher_A,https://doi.org/10.1021/acs.jchemed.9b00075,1
10.1021/acs.jchemed.9b00337,publisher_A,https://doi.org/10.1021/acs.jchemed.9b00337,1
10.1021/acs.jchemed.9b01166,publisher_A,https://doi.org/10.1021/acs.jchemed.9b01166,1
10.1021/acs.jpca.0c01577,publisher_A,https://doi.org/10.1021/acs.jpca.0c01577,1
10.1021/acs.jpcc.0c02743,publisher_A,https://doi.org/10.1021/acs.jpcc.0c02743,1
10.1021/acs.jpcc.0c09600,publisher_A,https://doi.org/10.1021/acs.jpcc.0c09600,1
10.1021/acs.jpcc.1c08474,publisher_A,https://doi.org/10.1021/acs.jpcc.1c08474,1
10.1021/acs.jpcc.2c02315,publisher_A,https://doi.org/10.1021/acs.jpcc.2c02315,1
10.1021/acs.jpcc.2c05594,publisher_A,https://doi.org/10.1021/acs.jpcc.2c05594,1
10.1021/acs.jpcc.2c08424,publisher_A,https://doi.org/10.1021/acs.jpcc.2c08424,1
10.1021/acs.jpcc.3c02877,publisher_A,https://doi.org/10.1021/acs.jpcc.3c02877,1
10.1021/acs.jpcc.5b09520,publisher_A,https://doi.org/10.1021/acs.jpcc.5b09520,1
10.1021/acs.jpcc.6b04347,publisher_A,https://doi.org/10.1021/acs.jpcc.6b04347,1
10.1021/acs.jpcc.7b00483,publisher_A,https://doi.org/10.1021/acs.jpcc.7b00483,1
10.1021/acs.jpcc.7b06773,publisher_A,https://doi.org/10.1021/acs.jpcc.7b06773,1
10.1021/acs.jpcc.7b07772,publisher_A,https://doi.org/10.1021/acs.jpcc.7b07772,1
10.1021/acs.jpcc.7b09105,publisher_A,https://doi.org/10.1021/acs.jpcc.7b09105,1
10.1021/acs.jpcc.7b09190,publisher_A,https://doi.org/10.1021/acs.jpcc.7b09190,1
10.1021/acs.jpcc.7b11012,publisher_A,https://doi.org/10.1021/acs.jpcc.7b11012,1
10.1021/acs.jpcc.8b01725,publisher_A,https://doi.org/10.1021/acs.jpcc.8b01725,1
10.1021/acs.jpcc.8b02484,publisher_A,https://doi.org/10.1021/acs.jpcc.8b02484,1
10.1021/acs.jpcc.8b05882,publisher_A,https://doi.org/10.1021/acs.jpcc.8b05882,1
10.1021/acs.jpcc.8b08972,publisher_A,https://doi.org/10.1021/acs.jpcc.8b08972,1
10.1021/acs.jpcc.8b09904,publisher_A,https://doi.org/10.1021/acs.jpcc.8b09904,1
10.1021/acs.jpcc.9b04312,publisher_A,https://doi.org/10.1021/acs.jpcc.9b04312,1
10.1021/acs.jpcc.9b05574,publisher_A,https://doi.org/10.1021/acs.jpcc.9b05574,1
10.1021/acs.jpclett.3c02003,publisher_A,https://doi.org/10.1021/acs.jpclett.3c02003,1
10.1021/acs.langmuir.0c02496,publisher_A,https://doi.org/10.1021/acs.langmuir.0c02496,1
10.1021/acs.langmuir.0c02549,publisher_A,https://doi.org/10.1021/acs.langmuir.0c02549,1
10.1021/acs.langmuir.1c01399,publisher_A,https://doi.org/10.1021/acs.langmuir.1c01399,1
10.1021/acs.langmuir.1c03015,publisher_A,https://doi.org/10.1021/acs.langmuir.1c03015,1
10.1021/acs.langmuir.2c00165,publisher_A,https://doi.org/10.1021/acs.langmuir.2c00165,1
10.1021/acs.langmuir.2c01967,publisher_A,https://doi.org/10.1021/acs.langmuir.2c01967,1
10.1021/acs.langmuir.2c02070,publisher_A,https://doi.org/10.1021/acs.langmuir.2c02070,1
10.1021/acs.langmuir.2c02412,publisher_A,https://doi.org/10.1021/acs.langmuir.2c02412,1
10.1021/acs.langmuir.3c00018,publisher_A,https://doi.org/10.1021/acs.langmuir.3c00018,1
10.1021/acs.langmuir.3c00632,publisher_A,https://doi.org/10.1021/acs.langmuir.3c00632,1
10.1021/acs.langmuir.3c00879,publisher_A,https://doi.org/10.1021/acs.langmuir.3c00879,1
10.1021/acs.langmuir.3c02384,publisher_A,https://doi.org/10.1021/acs.langmuir.3c02384,1
10.1021/acs.langmuir.3c03193,publisher_A,https://doi.org/10.1021/acs.langmuir.3c03193,1
10.1021/acs.langmuir.9b02582,publisher_A,https://doi.org/10.1021/acs.langmuir.9b02582,1
10.1021/acs.langmuir.9b03731,publisher_A,https://doi.org/10.1021/acs.langmuir.9b03731,1
10.1021/acs.nanolett.1c04574,publisher_A,https://doi.org/10.1021/acs.nanolett.1c04574,1
10.1021/acs.nanolett.3c04369,publisher_A,https://doi.org/10.1021/acs.nanolett.3c04369,1
10.1021/acs.nanolett.9b04997,publisher_A,https://doi.org/10.1021/acs.nanolett.9b04997,1
10.1021/acs.organomet.7b00544,publisher_A,https://doi.org/10.1021/acs.organomet.7b00544,1
10.1021/acs.organomet.9b00319,publisher_A,https://doi.org/10.1021/acs.organomet.9b00319,1
10.1021/acs.organomet.9b00482,publisher_A,https://doi.org/10.1021/acs.organomet.9b00482,1
10.1021/acsaelm.9b00007,publisher_A,https://doi.org/10.1021/acsaelm.9b00007,1
10.1021/acsaem.3c02018,publisher_A,https://doi.org/10.1021/acsaem.3c02018,1
10.1021/acsaem.4c02257,publisher_A,https://doi.org/10.1021/acsaem.4c02257,1
10.1021/acsaem.4c03267,publisher_A,https://doi.org/10.1021/acsaem.4c03267,1
10.1021/acsami.0c01023,publisher_A,https://doi.org/10.1021/acsami.0c01023,1
10.1021/acsami.0c02829,publisher_A,https://doi.org/10.1021/acsami.0c02829,1
10.1021/acsami.0c04101,publisher_A,https://doi.org/10.1021/acsami.0c04101,1
10.1021/acsami.0c04538,publisher_A,https://doi.org/10.1021/acsami.0c04538,1
10.1021/acsami.0c06672,publisher_A,https://doi.org/10.1021/acsami.0c06672,1
10.1021/acsami.0c06964,publisher_A,https://doi.org/10.1021/acsami.0c06964,1
10.1021/acsami.0c07890,publisher_A,https://doi.org/10.1021/acsami.0c07890,1
10.1021/acsami.0c08803,publisher_A,https://doi.org/10.1021/acsami.0c08803,1
10.1021/acsami.0c09912,publisher_A,https://doi.org/10.1021/acsami.0c09912,1
10.1021/acsami.0c10721,publisher_A,https://doi.org/10.1021/acsami.0c10721,1
10.1021/acsami.0c14312,publisher_A,https://doi.org/10.1021/acsami.0c14312,1
10.1021/acsami.0c14316,publisher_A,https://doi.org/10.1021/acsami.0c14316,1
10.1021/acsami.0c15267,publisher_A,https://doi.org/10.1021/acsami.0c15267,1
10.1021/acsami.0c15901,publisher_A,https://doi.org/10.1021/acsami.0c15901,1
10.1021/acsami.0c16559,publisher_A,https://doi.org/10.1021/acsami.0c16559,1
10.1021/acsami.0c17165,publisher_A,https://doi.org/10.1021/acsami.0c17165,1
10.1021/acsami.0c18720,publisher_A,https://doi.org/10.1021/acsami.0c18720,1
10.1021/acsami.0c19957,publisher_A,https://doi.org/10.1021/acsami.0c19957,1
10.1021/acsami.0c21488,publisher_A,https://doi.org/10.1021/acsami.0c21488,1
10.1021/acsami.0c21508,publisher_A,https://doi.org/10.1021/acsami.0c21508,1
10.1021/acsami.0c21509,publisher_A,https://doi.org/10.1021/acsami.0c21509,1
10.1021/acsami.1c02038,publisher_A,https://doi.org/10.1021/acsami.1c02038,1
10.1021/acsami.1c02045,publisher_A,https://doi.org/10.1021/acsami.1c02045,1
10.1021/acsami.1c02812,publisher_A,https://doi.org/10.1021/acsami.1c02812,1
10.1021/acsami.1c04130,publisher_A,https://doi.org/10.1021/acsami.1c04130,1
10.1021/acsami.1c04785,publisher_A,https://doi.org/10.1021/acsami.1c04785,1
10.1021/acsami.1c05972,publisher_A,https://doi.org/10.1021/acsami.1c05972,1
10.1021/acsami.1c05998,publisher_A,https://doi.org/10.1021/acsami.1c05998,1
10.1021/acsami.1c08678,publisher_A,https://doi.org/10.1021/acsami.1c08678,1
10.1021/acsami.1c08833,publisher_A,https://doi.org/10.1021/acsami.1c08833,1
10.1021/acsami.1c09052,publisher_A,https://doi.org/10.1021/acsami.1c09052,1
10.1021/acsami.1c09074,publisher_A,https://doi.org/10.1021/acsami.1c09074,1
10.1021/acsami.1c11330,publisher_A,https://doi.org/10.1021/acsami.1c11330,1
10.1021/acsami.1c11815,publisher_A,https://doi.org/10.1021/acsami.1c11815,1
10.1021/acsami.1c13757,publisher_A,https://doi.org/10.1021/acsami.1c13757,1
10.1021/acsami.1c14453,publisher_A,https://doi.org/10.1021/acsami.1c14453,1
10.1021/acsami.1c15506,publisher_A,https://doi.org/10.1021/acsami.1c15506,1
10.1021/acsami.1c17925,publisher_A,https://doi.org/10.1021/acsami.1c17925,1
10.1021/acsami.1c20432,publisher_A,https://doi.org/10.1021/acsami.1c20432,1
10.1021/acsami.1c20878,publisher_A,https://doi.org/10.1021/acsami.1c20878,1
10.1021/acsami.1c22033,publisher_A,https://doi.org/10.1021/acsami.1c22033,1
10.1021/acsami.1c22781,publisher_A,https://doi.org/10.1021/acsami.1c22781,1
10.1021/acsami.1c22986,publisher_A,https://doi.org/10.1021/acsami.1c22986,1
10.1021/acsami.2c03607,publisher_A,https://doi.org/10.1021/acsami.2c03607,1
10.1021/acsami.2c04293,publisher_A,https://doi.org/10.1021/acsami.2c04293,1
10.1021/acsami.2c04331,publisher_A,https://doi.org/10.1021/acsami.2c04331,1
10.1021/acsami.2c04603,publisher_A,https://doi.org/10.1021/acsami.2c04603,1
10.1021/acsami.2c04644,publisher_A,https://doi.org/10.1021/acsami.2c04644,1
10.1021/acsami.2c10346,publisher_A,https://doi.org/10.1021/acsami.2c10346,1
10.1021/acsami.2c12908,publisher_A,https://doi.org/10.1021/acsami.2c12908,1
10.1021/acsami.2c15811,publisher_A,https://doi.org/10.1021/acsami.2c15811,1
10.1021/acsami.2c17007,publisher_A,https://doi.org/10.1021/acsami.2c17007,1
10.1021/acsami.2c17829,publisher_A,https://doi.org/10.1021/acsami.2c17829,1
10.1021/acsami.2c18510,publisher_A,https://doi.org/10.1021/acsami.2c18510,1
10.1021/acsami.2c19469,publisher_A,https://doi.org/10.1021/acsami.2c19469,1
10.1021/acsami.2c19614,publisher_A,https://doi.org/10.1021/acsami.2c19614,1
10.1021/acsami.2c20240,publisher_A,https://doi.org/10.1021/acsami.2c20240,1
10.1021/acsami.2c22955,publisher_A,https://doi.org/10.1021/acsami.2c22955,1
10.1021/acsami.3c01172,publisher_A,https://doi.org/10.1021/acsami.3c01172,1
10.1021/acsami.3c02888,publisher_A,https://doi.org/10.1021/acsami.3c02888,1
10.1021/acsami.3c04506,publisher_A,https://doi.org/10.1021/acsami.3c04506,1
10.1021/acsami.3c04955,publisher_A,https://doi.org/10.1021/acsami.3c04955,1
10.1021/acsami.3c05397,publisher_A,https://doi.org/10.1021/acsami.3c05397,1
10.1021/acsami.3c06326,publisher_A,https://doi.org/10.1021/acsami.3c06326,1
10.1021/acsami.3c06530,publisher_A,https://doi.org/10.1021/acsami.3c06530,1
10.1021/acsami.3c07032,publisher_A,https://doi.org/10.1021/acsami.3c07032,1
10.1021/acsami.3c08470,publisher_A,https://doi.org/10.1021/acsami.3c08470,1
10.1021/acsami.3c10408,publisher_A,https://doi.org/10.1021/acsami.3c10408,1
10.1021/acsami.3c13054,publisher_A,https://doi.org/10.1021/acsami.3c13054,1
10.1021/acsami.3c15398,publisher_A,https://doi.org/10.1021/acsami.3c15398,1
10.1021/acsami.3c15549,publisher_A,https://doi.org/10.1021/acsami.3c15549,1
10.1021/acsami.3c15612,publisher_A,https://doi.org/10.1021/acsami.3c15612,1
10.1021/acsami.3c15669,publisher_A,https://doi.org/10.1021/acsami.3c15669,1
10.1021/acsami.3c16634,publisher_A,https://doi.org/10.1021/acsami.3c16634,1
10.1021/acsami.3c17622,publisher_A,https://doi.org/10.1021/acsami.3c17622,1
10.1021/acsami.4c00988,publisher_A,https://doi.org/10.1021/acsami.4c00988,1
10.1021/acsami.4c09747,publisher_A,https://doi.org/10.1021/acsami.4c09747,1
10.1021/acsami.4c10578,publisher_A,https://doi.org/10.1021/acsami.4c10578,1
10.1021/acsami.4c11541,publisher_A,https://doi.org/10.1021/acsami.4c11541,1
10.1021/acsami.4c16851,publisher_A,https://doi.org/10.1021/acsami.4c16851,1
10.1021/acsami.4c17664,publisher_A,https://doi.org/10.1021/acsami.4c17664,1
10.1021/acsami.4c18062,publisher_A,https://doi.org/10.1021/acsami.4c18062,1
10.1021/acsami.4c20744,publisher_A,https://doi.org/10.1021/acsami.4c20744,1
10.1021/acsami.4c21500,publisher_A,https://doi.org/10.1021/acsami.4c21500,1
10.1021/acsami.4c22681,publisher_A,https://doi.org/10.1021/acsami.4c22681,1
10.1021/acsami.5b04109,publisher_A,https://doi.org/10.1021/acsami.5b04109,1
10.1021/acsami.5b04217,publisher_A,https://doi.org/10.1021/acsami.5b04217,1
10.1021/acsami.5b04315,publisher_A,https://doi.org/10.1021/acsami.5b04315,1
10.1021/acsami.5b10078,publisher_A,https://doi.org/10.1021/acsami.5b10078,1
10.1021/acsami.5b11760,publisher_A,https://doi.org/10.1021/acsami.5b11760,1
10.1021/acsami.5c01476,publisher_A,https://doi.org/10.1021/acsami.5c01476,1
10.1021/acsami.5c04998,publisher_A,https://doi.org/10.1021/acsami.5c04998,1
10.1021/acsami.6b01195,publisher_A,https://doi.org/10.1021/acsami.6b01195,1
10.1021/acsami.6b03841,publisher_A,https://doi.org/10.1021/acsami.6b03841,1
10.1021/acsami.6b03988,publisher_A,https://doi.org/10.1021/acsami.6b03988,1
10.1021/acsami.6b06209,publisher_A,https://doi.org/10.1021/acsami.6b06209,1
10.1021/acsami.6b06225,publisher_A,https://doi.org/10.1021/acsami.6b06225,1
10.1021/acsami.6b10098,publisher_A,https://doi.org/10.1021/acsami.6b10098,1
10.1021/acsami.6b11775,publisher_A,https://doi.org/10.1021/acsami.6b11775,1
10.1021/acsami.6b14563,publisher_A,https://doi.org/10.1021/acsami.6b14563,1
10.1021/acsami.7b01040,publisher_A,https://doi.org/10.1021/acsami.7b01040,1
10.1021/acsami.7b01758,publisher_A,https://doi.org/10.1021/acsami.7b01758,1
10.1021/acsami.7b02887,publisher_A,https://doi.org/10.1021/acsami.7b02887,1
10.1021/acsami.7b04810,publisher_A,https://doi.org/10.1021/acsami.7b04810,1
10.1021/acsami.7b06041,publisher_A,https://doi.org/10.1021/acsami.7b06041,1
10.1021/acsami.7b06482,publisher_A,https://doi.org/10.1021/acsami.7b06482,1
10.1021/acsami.7b06491,publisher_A,https://doi.org/10.1021/acsami.7b06491,1
10.1021/acsami.7b07055,publisher_A,https://doi.org/10.1021/acsami.7b07055,1
10.1021/acsami.7b07920,publisher_A,https://doi.org/10.1021/acsami.7b07920,1
10.1021/acsami.7b08117,publisher_A,https://doi.org/10.1021/acsami.7b08117,1
10.1021/acsami.7b08322,publisher_A,https://doi.org/10.1021/acsami.7b08322,1
10.1021/acsami.7b09608,publisher_A,https://doi.org/10.1021/acsami.7b09608,1
10.1021/acsami.7b09914,publisher_A,https://doi.org/10.1021/acsami.7b09914,1
10.1021/acsami.7b10228,publisher_A,https://doi.org/10.1021/acsami.7b10228,1
10.1021/acsami.7b11348,publisher_A,https://doi.org/10.1021/acsami.7b11348,1
10.1021/acsami.7b14135,publisher_A,https://doi.org/10.1021/acsami.7b14135,1
10.1021/acsami.7b14179,publisher_A,https://doi.org/10.1021/acsami.7b14179,1
10.1021/acsami.7b16163,publisher_A,https://doi.org/10.1021/acsami.7b16163,1
10.1021/acsami.7b16380,publisher_A,https://doi.org/10.1021/acsami.7b16380,1
10.1021/acsami.7b16522,publisher_A,https://doi.org/10.1021/acsami.7b16522,1
10.1021/acsami.7b16937,publisher_A,https://doi.org/10.1021/acsami.7b16937,1
10.1021/acsami.7b17662,publisher_A,https://doi.org/10.1021/acsami.7b17662,1
10.1021/acsami.7b17756,publisher_A,https://doi.org/10.1021/acsami.7b17756,1
10.1021/acsami.7b18620,publisher_A,https://doi.org/10.1021/acsami.7b18620,1
10.1021/acsami.8b03358,publisher_A,https://doi.org/10.1021/acsami.8b03358,1
10.1021/acsami.8b03561,publisher_A,https://doi.org/10.1021/acsami.8b03561,1
10.1021/acsami.8b05098,publisher_A,https://doi.org/10.1021/acsami.8b05098,1
10.1021/acsami.8b05192,publisher_A,https://doi.org/10.1021/acsami.8b05192,1
10.1021/acsami.8b06340,publisher_A,https://doi.org/10.1021/acsami.8b06340,1
10.1021/acsami.8b08167,publisher_A,https://doi.org/10.1021/acsami.8b08167,1
10.1021/acsami.8b08562,publisher_A,https://doi.org/10.1021/acsami.8b08562,1
10.1021/acsami.8b10447,publisher_A,https://doi.org/10.1021/acsami.8b10447,1
10.1021/acsami.8b10494,publisher_A,https://doi.org/10.1021/acsami.8b10494,1
10.1021/acsami.8b11037,publisher_A,https://doi.org/10.1021/acsami.8b11037,1
10.1021/acsami.8b11367,publisher_A,https://doi.org/10.1021/acsami.8b11367,1
10.1021/acsami.8b11652,publisher_A,https://doi.org/10.1021/acsami.8b11652,1
10.1021/acsami.8b11972,publisher_A,https://doi.org/10.1021/acsami.8b11972,1
10.1021/acsami.8b11999,publisher_A,https://doi.org/10.1021/acsami.8b11999,1
10.1021/acsami.8b12380,publisher_A,https://doi.org/10.1021/acsami.8b12380,1
10.1021/acsami.8b12404,publisher_A,https://doi.org/10.1021/acsami.8b12404,1
10.1021/acsami.8b12908,publisher_A,https://doi.org/10.1021/acsami.8b12908,1
10.1021/acsami.8b13356,publisher_A,https://doi.org/10.1021/acsami.8b13356,1
10.1021/acsami.8b13362,publisher_A,https://doi.org/10.1021/acsami.8b13362,1
10.1021/acsami.8b14420,publisher_A,https://doi.org/10.1021/acsami.8b14420,1
10.1021/acsami.8b15946,publisher_A,https://doi.org/10.1021/acsami.8b15946,1
10.1021/acsami.8b17660,publisher_A,https://doi.org/10.1021/acsami.8b17660,1
10.1021/acsami.8b18370,publisher_A,https://doi.org/10.1021/acsami.8b18370,1
10.1021/acsami.8b19048,publisher_A,https://doi.org/10.1021/acsami.8b19048,1
10.1021/acsami.8b19211,publisher_A,https://doi.org/10.1021/acsami.8b19211,1
10.1021/acsami.8b19815,publisher_A,https://doi.org/10.1021/acsami.8b19815,1
10.1021/acsami.8b20450,publisher_A,https://doi.org/10.1021/acsami.8b20450,1
10.1021/acsami.8b20951,publisher_A,https://doi.org/10.1021/acsami.8b20951,1
10.1021/acsami.8b22385,publisher_A,https://doi.org/10.1021/acsami.8b22385,1
10.1021/acsami.9b00908,publisher_A,https://doi.org/10.1021/acsami.9b00908,1
10.1021/acsami.9b01286,publisher_A,https://doi.org/10.1021/acsami.9b01286,1
10.1021/acsami.9b02286,publisher_A,https://doi.org/10.1021/acsami.9b02286,1
10.1021/acsami.9b02325,publisher_A,https://doi.org/10.1021/acsami.9b02325,1
10.1021/acsami.9b06151,publisher_A,https://doi.org/10.1021/acsami.9b06151,1
10.1021/acsami.9b08592,publisher_A,https://doi.org/10.1021/acsami.9b08592,1
10.1021/acsami.9b09311,publisher_A,https://doi.org/10.1021/acsami.9b09311,1
10.1021/acsami.9b11578,publisher_A,https://doi.org/10.1021/acsami.9b11578,1
10.1021/acsami.9b13965,publisher_A,https://doi.org/10.1021/acsami.9b13965,1
10.1021/acsami.9b14439,publisher_A,https://doi.org/10.1021/acsami.9b14439,1
10.1021/acsami.9b15646,publisher_A,https://doi.org/10.1021/acsami.9b15646,1
10.1021/acsami.9b15667,publisher_A,https://doi.org/10.1021/acsami.9b15667,1
10.1021/acsami.9b16834,publisher_A,https://doi.org/10.1021/acsami.9b16834,1
10.1021/acsami.9b21122,publisher_A,https://doi.org/10.1021/acsami.9b21122,1
10.1021/acsami.9b23098,publisher_A,https://doi.org/10.1021/acsami.9b23098,1
10.1021/acsanm.0c00405,publisher_A,https://doi.org/10.1021/acsanm.0c00405,1
10.1021/acsanm.0c01513,publisher_A,https://doi.org/10.1021/acsanm.0c01513,1
10.1021/acsanm.0c01566,publisher_A,https://doi.org/10.1021/acsanm.0c01566,1
10.1021/acsanm.0c01696,publisher_A,https://doi.org/10.1021/acsanm.0c01696,1
10.1021/acsanm.0c02376,publisher_A,https://doi.org/10.1021/acsanm.0c02376,1
10.1021/acsanm.0c02401,publisher_A,https://doi.org/10.1021/acsanm.0c02401,1
10.1021/acsanm.0c03322,publisher_A,https://doi.org/10.1021/acsanm.0c03322,1
10.1021/acsanm.1c01499,publisher_A,https://doi.org/10.1021/acsanm.1c01499,1
10.1021/acsanm.1c02655,publisher_A,https://doi.org/10.1021/acsanm.1c02655,1
10.1021/acsanm.1c02862,publisher_A,https://doi.org/10.1021/acsanm.1c02862,1
10.1021/acsanm.1c03313,publisher_A,https://doi.org/10.1021/acsanm.1c03313,1
10.1021/acsanm.1c03751,publisher_A,https://doi.org/10.1021/acsanm.1c03751,1
10.1021/acsanm.2c03688,publisher_A,https://doi.org/10.1021/acsanm.2c03688,1
10.1021/acsanm.2c05555,publisher_A,https://doi.org/10.1021/acsanm.2c05555,1
10.1021/acsanm.3c02692,publisher_A,https://doi.org/10.1021/acsanm.3c02692,1
10.1021/acsanm.3c03829,publisher_A,https://doi.org/10.1021/acsanm.3c03829,1
10.1021/acsanm.3c05533,publisher_A,https://doi.org/10.1021/acsanm.3c05533,1
10.1021/acsanm.4c00250,publisher_A,https://doi.org/10.1021/acsanm.4c00250,1
10.1021/acsanm.4c04072,publisher_A,https://doi.org/10.1021/acsanm.4c04072,1
10.1021/acsanm.4c07020,publisher_A,https://doi.org/10.1021/acsanm.4c07020,1
10.1021/acsanm.5c00594,publisher_A,https://doi.org/10.1021/acsanm.5c00594,1
10.1021/acsanm.8b01027,publisher_A,https://doi.org/10.1021/acsanm.8b01027,1
10.1021/acsanm.8b01083,publisher_A,https://doi.org/10.1021/acsanm.8b01083,1
10.1021/acsanm.8b01283,publisher_A,https://doi.org/10.1021/acsanm.8b01283,1
10.1021/acsanm.9b00188,publisher_A,https://doi.org/10.1021/acsanm.9b00188,1
10.1021/acsanm.9b00409,publisher_A,https://doi.org/10.1021/acsanm.9b00409,1
10.1021/acsanm.9b01263,publisher_A,https://doi.org/10.1021/acsanm.9b01263,1
10.1021/acsanm.9b01403,publisher_A,https://doi.org/10.1021/acsanm.9b01403,1
10.1021/acsanm.9b02297,publisher_A,https://doi.org/10.1021/acsanm.9b02297,1
10.1021/acsanm.9b02464,publisher_A,https://doi.org/10.1021/acsanm.9b02464,1
10.1021/acsbiomaterials.7b00435,publisher_A,https://doi.org/10.1021/acsbiomaterials.7b00435,1
10.1021/acsbiomaterials.9b01070,publisher_A,https://doi.org/10.1021/acsbiomaterials.9b01070,1
10.1021/acscatal.0c00591,publisher_A,https://doi.org/10.1021/acscatal.0c00591,1
10.1021/acscatal.1c03329,publisher_A,https://doi.org/10.1021/acscatal.1c03329,1
10.1021/acscatal.1c05922,publisher_A,https://doi.org/10.1021/acscatal.1c05922,1
10.1021/acscatal.3c00284,publisher_A,https://doi.org/10.1021/acscatal.3c00284,1
10.1021/acscatal.5b00941,publisher_A,https://doi.org/10.1021/acscatal.5b00941,1
10.1021/acscatal.5b02243,publisher_A,https://doi.org/10.1021/acscatal.5b02243,1
10.1021/acscatal.5c00755,publisher_A,https://doi.org/10.1021/acscatal.5c00755,1
10.1021/acscatal.6b02614,publisher_A,https://doi.org/10.1021/acscatal.6b02614,1
10.1021/acscatal.6b03404,publisher_A,https://doi.org/10.1021/acscatal.6b03404,1
10.1021/acscatal.7b04189,publisher_A,https://doi.org/10.1021/acscatal.7b04189,1
10.1021/acscatal.8b04962,publisher_A,https://doi.org/10.1021/acscatal.8b04962,1
10.1021/acscatal.9b01783,publisher_A,https://doi.org/10.1021/acscatal.9b01783,1
10.1021/acscatal.9b04905,publisher_A,https://doi.org/10.1021/acscatal.9b04905,1
10.1021/acscentsci.0c01488,publisher_A,https://doi.org/10.1021/acscentsci.0c01488,1
10.1021/acscentsci.1c01563,publisher_A,https://doi.org/10.1021/acscentsci.1c01563,1
10.1021/acscentsci.3c01432,publisher_A,https://doi.org/10.1021/acscentsci.3c01432,1
10.1021/acscentsci.5b00247,publisher_A,https://doi.org/10.1021/acscentsci.5b00247,1
10.1021/acscentsci.8b00722,publisher_A,https://doi.org/10.1021/acscentsci.8b00722,1
10.1021/acsmaterialslett.0c00012,publisher_A,https://doi.org/10.1021/acsmaterialslett.0c00012,1
10.1021/acsmaterialslett.0c00264,publisher_A,https://doi.org/10.1021/acsmaterialslett.0c00264,1
10.1021/acsmaterialslett.0c00456,publisher_A,https://doi.org/10.1021/acsmaterialslett.0c00456,1
10.1021/acsmaterialslett.1c00420,publisher_A,https://doi.org/10.1021/acsmaterialslett.1c00420,1
10.1021/acsmaterialslett.1c00754,publisher_A,https://doi.org/10.1021/acsmaterialslett.1c00754,1
10.1021/acsmaterialslett.2c00820,publisher_A,https://doi.org/10.1021/acsmaterialslett.2c00820,1
10.1021/acsmaterialslett.3c00326,publisher_A,https://doi.org/10.1021/acsmaterialslett.3c00326,1
10.1021/acsmaterialslett.3c00861,publisher_A,https://doi.org/10.1021/acsmaterialslett.3c00861,1
10.1021/acsmaterialslett.3c00934,publisher_A,https://doi.org/10.1021/acsmaterialslett.3c00934,1
10.1021/acsmaterialslett.4c01406,publisher_A,https://doi.org/10.1021/acsmaterialslett.4c01406,1
10.1021/acsmaterialslett.4c01440,publisher_A,https://doi.org/10.1021/acsmaterialslett.4c01440,1
10.1021/acsmaterialslett.4c01720,publisher_A,https://doi.org/10.1021/acsmaterialslett.4c01720,1
10.1021/acsmaterialslett.4c02504,publisher_A,https://doi.org/10.1021/acsmaterialslett.4c02504,1
10.1021/acsmaterialslett.5c00333,publisher_A,https://doi.org/10.1021/acsmaterialslett.5c00333,1
10.1021/acsmaterialslett.9b00021,publisher_A,https://doi.org/10.1021/acsmaterialslett.9b00021,1
10.1021/acsnano.1c06259,publisher_A,https://doi.org/10.1021/acsnano.1c06259,1
10.1021/acsnano.1c09301,publisher_A,https://doi.org/10.1021/acsnano.1c09301,1
10.1021/acsnano.3c07635,publisher_A,https://doi.org/10.1021/acsnano.3c07635,1
10.1021/acsnano.3c09118,publisher_A,https://doi.org/10.1021/acsnano.3c09118,1
10.1021/acsnano.4c07276,publisher_A,https://doi.org/10.1021/acsnano.4c07276,1
10.1021/acsnano.4c18266,publisher_A,https://doi.org/10.1021/acsnano.4c18266,1
10.1021/acsnano.5c04880,publisher_A,https://doi.org/10.1021/acsnano.5c04880,1
10.1021/acsnano.6b04996,publisher_A,https://doi.org/10.1021/acsnano.6b04996,1
10.1021/acsnano.8b03417,publisher_A,https://doi.org/10.1021/acsnano.8b03417,1
10.1021/acsomega.0c02171,publisher_A,https://doi.org/10.1021/acsomega.0c02171,1
10.1021/acsomega.0c03981,publisher_A,https://doi.org/10.1021/acsomega.0c03981,1
10.1021/acsomega.0c04249,publisher_A,https://doi.org/10.1021/acsomega.0c04249,1
10.1021/acsomega.0c05225,publisher_A,https://doi.org/10.1021/acsomega.0c05225,1
10.1021/acsomega.1c00143,publisher_A,https://doi.org/10.1021/acsomega.1c00143,1
10.1021/acsomega.1c01148,publisher_A,https://doi.org/10.1021/acsomega.1c01148,1
10.1021/acsomega.1c01155,publisher_A,https://doi.org/10.1021/acsomega.1c01155,1
10.1021/acsomega.1c01272,publisher_A,https://doi.org/10.1021/acsomega.1c01272,1
10.1021/acsomega.1c02492,publisher_A,https://doi.org/10.1021/acsomega.1c02492,1
10.1021/acsomega.1c03327,publisher_A,https://doi.org/10.1021/acsomega.1c03327,1
10.1021/acsomega.1c07077,publisher_A,https://doi.org/10.1021/acsomega.1c07077,1
10.1021/acsomega.2c00416,publisher_A,https://doi.org/10.1021/acsomega.2c00416,1
10.1021/acsomega.2c00980,publisher_A,https://doi.org/10.1021/acsomega.2c00980,1
10.1021/acsomega.2c01717,publisher_A,https://doi.org/10.1021/acsomega.2c01717,1
10.1021/acsomega.2c01856,publisher_A,https://doi.org/10.1021/acsomega.2c01856,1
10.1021/acsomega.2c01914,publisher_A,https://doi.org/10.1021/acsomega.2c01914,1
10.1021/acsomega.2c03973,publisher_A,https://doi.org/10.1021/acsomega.2c03973,1
10.1021/acsomega.2c05093,publisher_A,https://doi.org/10.1021/acsomega.2c05093,1
10.1021/acsomega.2c06651,publisher_A,https://doi.org/10.1021/acsomega.2c06651,1
10.1021/acsomega.2c06705,publisher_A,https://doi.org/10.1021/acsomega.2c06705,1
10.1021/acsomega.2c07415,publisher_A,https://doi.org/10.1021/acsomega.2c07415,1
10.1021/acsomega.2c08231,publisher_A,https://doi.org/10.1021/acsomega.2c08231,1
10.1021/acsomega.3c01179,publisher_A,https://doi.org/10.1021/acsomega.3c01179,1
10.1021/acsomega.3c01793,publisher_A,https://doi.org/10.1021/acsomega.3c01793,1
10.1021/acsomega.3c02911,publisher_A,https://doi.org/10.1021/acsomega.3c02911,1
10.1021/acsomega.3c03073,publisher_A,https://doi.org/10.1021/acsomega.3c03073,1
10.1021/acsomega.3c04177,publisher_A,https://doi.org/10.1021/acsomega.3c04177,1
10.1021/acsomega.3c04863,publisher_A,https://doi.org/10.1021/acsomega.3c04863,1
10.1021/acsomega.3c06745,publisher_A,https://doi.org/10.1021/acsomega.3c06745,1
10.1021/acsomega.3c07606,publisher_A,https://doi.org/10.1021/acsomega.3c07606,1
10.1021/acsomega.3c07906,publisher_A,https://doi.org/10.1021/acsomega.3c07906,1
10.1021/acsomega.3c09135,publisher_A,https://doi.org/10.1021/acsomega.3c09135,1
10.1021/acsomega.3c09169,publisher_A,https://doi.org/10.1021/acsomega.3c09169,1
10.1021/acsomega.3c09256,publisher_A,https://doi.org/10.1021/acsomega.3c09256,1
10.1021/acsomega.3c09895,publisher_A,https://doi.org/10.1021/acsomega.3c09895,1
10.1021/acsomega.4c01117,publisher_A,https://doi.org/10.1021/acsomega.4c01117,1
10.1021/acsomega.4c03109,publisher_A,https://doi.org/10.1021/acsomega.4c03109,1
10.1021/acsomega.4c04259,publisher_A,https://doi.org/10.1021/acsomega.4c04259,1
10.1021/acsomega.4c05125,publisher_A,https://doi.org/10.1021/acsomega.4c05125,1
10.1021/acsomega.4c05760,publisher_A,https://doi.org/10.1021/acsomega.4c05760,1
10.1021/acsomega.4c10594,publisher_A,https://doi.org/10.1021/acsomega.4c10594,1
10.1021/acsomega.5c01493,publisher_A,https://doi.org/10.1021/acsomega.5c01493,1
10.1021/acsomega.6b00385,publisher_A,https://doi.org/10.1021/acsomega.6b00385,1
10.1021/acsomega.7b01693,publisher_A,https://doi.org/10.1021/acsomega.7b01693,1
10.1021/acsomega.7b01792,publisher_A,https://doi.org/10.1021/acsomega.7b01792,1
10.1021/acsomega.7b01964,publisher_A,https://doi.org/10.1021/acsomega.7b01964,1
10.1021/acsomega.8b00903,publisher_A,https://doi.org/10.1021/acsomega.8b00903,1
10.1021/acsomega.9b00236,publisher_A,https://doi.org/10.1021/acsomega.9b00236,1
10.1021/acsomega.9b00330,publisher_A,https://doi.org/10.1021/acsomega.9b00330,1
10.1021/acsomega.9b01108,publisher_A,https://doi.org/10.1021/acsomega.9b01108,1
10.1021/acsomega.9b01139,publisher_A,https://doi.org/10.1021/acsomega.9b01139,1
10.1021/acsomega.9b03727,publisher_A,https://doi.org/10.1021/acsomega.9b03727,1
10.1021/acssuschemeng.0c02749,publisher_A,https://doi.org/10.1021/acssuschemeng.0c02749,1
10.1021/acssuschemeng.0c04486,publisher_A,https://doi.org/10.1021/acssuschemeng.0c04486,1
10.1021/acssuschemeng.0c05434,publisher_A,https://doi.org/10.1021/acssuschemeng.0c05434,1
10.1021/acssuschemeng.0c05587,publisher_A,https://doi.org/10.1021/acssuschemeng.0c05587,1
10.1021/acssuschemeng.1c04903,publisher_A,https://doi.org/10.1021/acssuschemeng.1c04903,1
10.1021/acssuschemeng.1c06032,publisher_A,https://doi.org/10.1021/acssuschemeng.1c06032,1
10.1021/acssuschemeng.1c06207,publisher_A,https://doi.org/10.1021/acssuschemeng.1c06207,1
10.1021/acssuschemeng.1c06433,publisher_A,https://doi.org/10.1021/acssuschemeng.1c06433,1
10.1021/acssuschemeng.1c07977,publisher_A,https://doi.org/10.1021/acssuschemeng.1c07977,1
10.1021/acssuschemeng.2c00536,publisher_A,https://doi.org/10.1021/acssuschemeng.2c00536,1
10.1021/acssuschemeng.2c02722,publisher_A,https://doi.org/10.1021/acssuschemeng.2c02722,1
10.1021/acssuschemeng.3c02876,publisher_A,https://doi.org/10.1021/acssuschemeng.3c02876,1
10.1021/acssuschemeng.3c05161,publisher_A,https://doi.org/10.1021/acssuschemeng.3c05161,1
10.1021/acssuschemeng.3c05222,publisher_A,https://doi.org/10.1021/acssuschemeng.3c05222,1
10.1021/acssuschemeng.4c00730,publisher_A,https://doi.org/10.1021/acssuschemeng.4c00730,1
10.1021/acssuschemeng.4c00853,publisher_A,https://doi.org/10.1021/acssuschemeng.4c00853,1
10.1021/acssuschemeng.4c06002,publisher_A,https://doi.org/10.1021/acssuschemeng.4c06002,1
10.1021/acssuschemeng.6b02023,publisher_A,https://doi.org/10.1021/acssuschemeng.6b02023,1
10.1021/acssuschemeng.6b02115,publisher_A,https://doi.org/10.1021/acssuschemeng.6b02115,1
10.1021/acssuschemeng.7b01429,publisher_A,https://doi.org/10.1021/acssuschemeng.7b01429,1
10.1021/acssuschemeng.8b00768,publisher_A,https://doi.org/10.1021/acssuschemeng.8b00768,1
10.1021/acssuschemeng.8b01646,publisher_A,https://doi.org/10.1021/acssuschemeng.8b01646,1
10.1021/acssuschemeng.8b03180,publisher_A,https://doi.org/10.1021/acssuschemeng.8b03180,1
10.1021/acssuschemeng.8b03468,publisher_A,https://doi.org/10.1021/acssuschemeng.8b03468,1
10.1021/acssuschemeng.8b03765,publisher_A,https://doi.org/10.1021/acssuschemeng.8b03765,1
10.1021/acssuschemeng.8b04429,publisher_A,https://doi.org/10.1021/acssuschemeng.8b04429,1
10.1021/acssuschemeng.8b04637,publisher_A,https://doi.org/10.1021/acssuschemeng.8b04637,1
10.1021/acssuschemeng.8b05306,publisher_A,https://doi.org/10.1021/acssuschemeng.8b05306,1
10.1021/acssuschemeng.8b06472,publisher_A,https://doi.org/10.1021/acssuschemeng.8b06472,1
10.1021/acssuschemeng.8b06500,publisher_A,https://doi.org/10.1021/acssuschemeng.8b06500,1
10.1021/acssuschemeng.8b06560,publisher_A,https://doi.org/10.1021/acssuschemeng.8b06560,1
10.1021/acssuschemeng.8b06736,publisher_A,https://doi.org/10.1021/acssuschemeng.8b06736,1
10.1021/acssuschemeng.9b02348,publisher_A,https://doi.org/10.1021/acssuschemeng.9b02348,1
10.1021/acssuschemeng.9b04754,publisher_A,https://doi.org/10.1021/acssuschemeng.9b04754,1
10.1021/am200075q,publisher_A,https://doi.org/10.1021/am200075q,1
10.1021/am200974t,publisher_A,https://doi.org/10.1021/am200974t,1
10.1021/am301365h,publisher_A,https://doi.org/10.1021/am301365h,1
10.1021/am301772k,publisher_A,https://doi.org/10.1021/am301772k,1
10.1021/am303089g,publisher_A,https://doi.org/10.1021/am303089g,1
10.1021/am5028346,publisher_A,https://doi.org/10.1021/am5028346,1
10.1021/am505145d,publisher_A,https://doi.org/10.1021/am505145d,1
10.1021/am508079j,publisher_A,https://doi.org/10.1021/am508079j,1
10.1021/cg034156x,publisher_A,https://doi.org/10.1021/cg034156x,1
10.1021/cg049701o,publisher_A,https://doi.org/10.1021/cg049701o,1
10.1021/cg0501128,publisher_A,https://doi.org/10.1021/cg0501128,1
10.1021/cg0504399,publisher_A,https://doi.org/10.1021/cg0504399,1
10.1021/cg050458i,publisher_A,https://doi.org/10.1021/cg050458i,1
10.1021/cg050671e,publisher_A,https://doi.org/10.1021/cg050671e,1
10.1021/cg0602111,publisher_A,https://doi.org/10.1021/cg0602111,1
10.1021/cg060287x,publisher_A,https://doi.org/10.1021/cg060287x,1
10.1021/cg060304i,publisher_A,https://doi.org/10.1021/cg060304i,1
10.1021/cg060310e,publisher_A,https://doi.org/10.1021/cg060310e,1
10.1021/cg060343u,publisher_A,https://doi.org/10.1021/cg060343u,1
10.1021/cg060369l,publisher_A,https://doi.org/10.1021/cg060369l,1
10.1021/cg0604982,publisher_A,https://doi.org/10.1021/cg0604982,1
10.1021/cg060501h,publisher_A,https://doi.org/10.1021/cg060501h,1
10.1021/cg060677j,publisher_A,https://doi.org/10.1021/cg060677j,1
10.1021/cg060741x,publisher_A,https://doi.org/10.1021/cg060741x,1
10.1021/cg060833m,publisher_A,https://doi.org/10.1021/cg060833m,1
10.1021/cg0700216,publisher_A,https://doi.org/10.1021/cg0700216,1
10.1021/cg0700317,publisher_A,https://doi.org/10.1021/cg0700317,1
10.1021/cg0701022,publisher_A,https://doi.org/10.1021/cg0701022,1
10.1021/cg070144q,publisher_A,https://doi.org/10.1021/cg070144q,1
10.1021/cg070189r,publisher_A,https://doi.org/10.1021/cg070189r,1
10.1021/cg0702333,publisher_A,https://doi.org/10.1021/cg0702333,1
10.1021/cg070295t,publisher_A,https://doi.org/10.1021/cg070295t,1
10.1021/cg070356n,publisher_A,https://doi.org/10.1021/cg070356n,1
10.1021/cg070407g,publisher_A,https://doi.org/10.1021/cg070407g,1
10.1021/cg070458d,publisher_A,https://doi.org/10.1021/cg070458d,1
10.1021/cg070511y,publisher_A,https://doi.org/10.1021/cg070511y,1
10.1021/cg0705456,publisher_A,https://doi.org/10.1021/cg0705456,1
10.1021/cg070593q,publisher_A,https://doi.org/10.1021/cg070593q,1
10.1021/cg070599f,publisher_A,https://doi.org/10.1021/cg070599f,1
10.1021/cg1000107,publisher_A,https://doi.org/10.1021/cg1000107,1
10.1021/cg100032n,publisher_A,https://doi.org/10.1021/cg100032n,1
10.1021/cg100046j,publisher_A,https://doi.org/10.1021/cg100046j,1
10.1021/cg100060p,publisher_A,https://doi.org/10.1021/cg100060p,1
10.1021/cg100069g,publisher_A,https://doi.org/10.1021/cg100069g,1
10.1021/cg100078b,publisher_A,https://doi.org/10.1021/cg100078b,1
10.1021/cg100082f,publisher_A,https://doi.org/10.1021/cg100082f,1
10.1021/cg100104t,publisher_A,https://doi.org/10.1021/cg100104t,1
10.1021/cg100127w,publisher_A,https://doi.org/10.1021/cg100127w,1
10.1021/cg1001368,publisher_A,https://doi.org/10.1021/cg1001368,1
10.1021/cg100139p,publisher_A,https://doi.org/10.1021/cg100139p,1
10.1021/cg1001557,publisher_A,https://doi.org/10.1021/cg1001557,1
10.1021/cg1001573,publisher_A,https://doi.org/10.1021/cg1001573,1
10.1021/cg1003726,publisher_A,https://doi.org/10.1021/cg1003726,1
10.1021/cg100449z,publisher_A,https://doi.org/10.1021/cg100449z,1
10.1021/cg100463j,publisher_A,https://doi.org/10.1021/cg100463j,1
10.1021/cg100467p,publisher_A,https://doi.org/10.1021/cg100467p,1
10.1021/cg100535q,publisher_A,https://doi.org/10.1021/cg100535q,1
10.1021/cg100554u,publisher_A,https://doi.org/10.1021/cg100554u,1
10.1021/cg100599z,publisher_A,https://doi.org/10.1021/cg100599z,1
10.1021/cg100645p,publisher_A,https://doi.org/10.1021/cg100645p,1
10.1021/cg100736x,publisher_A,https://doi.org/10.1021/cg100736x,1
10.1021/cg1008208,publisher_A,https://doi.org/10.1021/cg1008208,1
10.1021/cg100865v,publisher_A,https://doi.org/10.1021/cg100865v,1
10.1021/cg100870v,publisher_A,https://doi.org/10.1021/cg100870v,1
10.1021/cg1009175,publisher_A,https://doi.org/10.1021/cg1009175,1
10.1021/cg1010105,publisher_A,https://doi.org/10.1021/cg1010105,1
10.1021/cg101114h,publisher_A,https://doi.org/10.1021/cg101114h,1
10.1021/cg101130m,publisher_A,https://doi.org/10.1021/cg101130m,1
10.1021/cg101251a,publisher_A,https://doi.org/10.1021/cg101251a,1
10.1021/cg101343k,publisher_A,https://doi.org/10.1021/cg101343k,1
10.1021/cg101351b,publisher_A,https://doi.org/10.1021/cg101351b,1
10.1021/cg101365v,publisher_A,https://doi.org/10.1021/cg101365v,1
10.1021/cg101414x,publisher_A,https://doi.org/10.1021/cg101414x,1
10.1021/cg101433t,publisher_A,https://doi.org/10.1021/cg101433t,1
10.1021/cg101435b,publisher_A,https://doi.org/10.1021/cg101435b,1
10.1021/cg101453m,publisher_A,https://doi.org/10.1021/cg101453m,1
10.1021/cg101494t,publisher_A,https://doi.org/10.1021/cg101494t,1
10.1021/cg1015109,publisher_A,https://doi.org/10.1021/cg1015109,1
10.1021/cg101569a,publisher_A,https://doi.org/10.1021/cg101569a,1
10.1021/cg1015934,publisher_A,https://doi.org/10.1021/cg1015934,1
10.1021/cg101610k,publisher_A,https://doi.org/10.1021/cg101610k,1
10.1021/cg101652e,publisher_A,https://doi.org/10.1021/cg101652e,1
10.1021/cg1017278,publisher_A,https://doi.org/10.1021/cg1017278,1
10.1021/cg200005q,publisher_A,https://doi.org/10.1021/cg200005q,1
10.1021/cg200095c,publisher_A,https://doi.org/10.1021/cg200095c,1
10.1021/cg200229h,publisher_A,https://doi.org/10.1021/cg200229h,1
10.1021/cg2002749,publisher_A,https://doi.org/10.1021/cg2002749,1
10.1021/cg200300x,publisher_A,https://doi.org/10.1021/cg200300x,1
10.1021/cg200327y,publisher_A,https://doi.org/10.1021/cg200327y,1
10.1021/cg200416y,publisher_A,https://doi.org/10.1021/cg200416y,1
10.1021/cg200443p,publisher_A,https://doi.org/10.1021/cg200443p,1
10.1021/cg2004672,publisher_A,https://doi.org/10.1021/cg2004672,1
10.1021/cg200571y,publisher_A,https://doi.org/10.1021/cg200571y,1
10.1021/cg200581w,publisher_A,https://doi.org/10.1021/cg200581w,1
10.1021/cg200717a,publisher_A,https://doi.org/10.1021/cg200717a,1
10.1021/cg200730k,publisher_A,https://doi.org/10.1021/cg200730k,1
10.1021/cg200856e,publisher_A,https://doi.org/10.1021/cg200856e,1
10.1021/cg2008655,publisher_A,https://doi.org/10.1021/cg2008655,1
10.1021/cg200926z,publisher_A,https://doi.org/10.1021/cg200926z,1
10.1021/cg200961a,publisher_A,https://doi.org/10.1021/cg200961a,1
10.1021/cg201025u,publisher_A,https://doi.org/10.1021/cg201025u,1
10.1021/cg201028e,publisher_A,https://doi.org/10.1021/cg201028e,1
10.1021/cg201030u,publisher_A,https://doi.org/10.1021/cg201030u,1
10.1021/cg201059d,publisher_A,https://doi.org/10.1021/cg201059d,1
10.1021/cg201118x,publisher_A,https://doi.org/10.1021/cg201118x,1
10.1021/cg201136k,publisher_A,https://doi.org/10.1021/cg201136k,1
10.1021/cg2011666,publisher_A,https://doi.org/10.1021/cg2011666,1
10.1021/cg201226t,publisher_A,https://doi.org/10.1021/cg201226t,1
10.1021/cg201287t,publisher_A,https://doi.org/10.1021/cg201287t,1
10.1021/cg201362x,publisher_A,https://doi.org/10.1021/cg201362x,1
10.1021/cg2013717,publisher_A,https://doi.org/10.1021/cg2013717,1
10.1021/cg2013733,publisher_A,https://doi.org/10.1021/cg2013733,1
10.1021/cg201411b,publisher_A,https://doi.org/10.1021/cg201411b,1
10.1021/cg201447c,publisher_A,https://doi.org/10.1021/cg201447c,1
10.1021/cg201478y,publisher_A,https://doi.org/10.1021/cg201478y,1
10.1021/cg2014896,publisher_A,https://doi.org/10.1021/cg2014896,1
10.1021/cg201552g,publisher_A,https://doi.org/10.1021/cg201552g,1
10.1021/cg2015644,publisher_A,https://doi.org/10.1021/cg2015644,1
10.1021/cg201572y,publisher_A,https://doi.org/10.1021/cg201572y,1
10.1021/cg201619x,publisher_A,https://doi.org/10.1021/cg201619x,1
10.1021/cg2016275,publisher_A,https://doi.org/10.1021/cg2016275,1
10.1021/cg3000526,publisher_A,https://doi.org/10.1021/cg3000526,1
10.1021/cg3000729,publisher_A,https://doi.org/10.1021/cg3000729,1
10.1021/cg300075a,publisher_A,https://doi.org/10.1021/cg300075a,1
10.1021/cg300196w,publisher_A,https://doi.org/10.1021/cg300196w,1
10.1021/cg300199j,publisher_A,https://doi.org/10.1021/cg300199j,1
10.1021/cg300218z,publisher_A,https://doi.org/10.1021/cg300218z,1
10.1021/cg300237e,publisher_A,https://doi.org/10.1021/cg300237e,1
10.1021/cg300261k,publisher_A,https://doi.org/10.1021/cg300261k,1
10.1021/cg300297p,publisher_A,https://doi.org/10.1021/cg300297p,1
10.1021/cg3003349,publisher_A,https://doi.org/10.1021/cg3003349,1
10.1021/cg3004323,publisher_A,https://doi.org/10.1021/cg3004323,1
10.1021/cg300440t,publisher_A,https://doi.org/10.1021/cg300440t,1
10.1021/cg300476e,publisher_A,https://doi.org/10.1021/cg300476e,1
10.1021/cg300540d,publisher_A,https://doi.org/10.1021/cg300540d,1
10.1021/cg300541n,publisher_A,https://doi.org/10.1021/cg300541n,1
10.1021/cg3006794,publisher_A,https://doi.org/10.1021/cg3006794,1
10.1021/cg300770b,publisher_A,https://doi.org/10.1021/cg300770b,1
10.1021/cg300800h,publisher_A,https://doi.org/10.1021/cg300800h,1
10.1021/cg3008602,publisher_A,https://doi.org/10.1021/cg3008602,1
10.1021/cg300900m,publisher_A,https://doi.org/10.1021/cg300900m,1
10.1021/cg3009249,publisher_A,https://doi.org/10.1021/cg3009249,1
10.1021/cg300979c,publisher_A,https://doi.org/10.1021/cg300979c,1
10.1021/cg301041n,publisher_A,https://doi.org/10.1021/cg301041n,1
10.1021/cg301047w,publisher_A,https://doi.org/10.1021/cg301047w,1
10.1021/cg301096d,publisher_A,https://doi.org/10.1021/cg301096d,1
10.1021/cg301146u,publisher_A,https://doi.org/10.1021/cg301146u,1
10.1021/cg301148p,publisher_A,https://doi.org/10.1021/cg301148p,1
10.1021/cg301161c,publisher_A,https://doi.org/10.1021/cg301161c,1
10.1021/cg3011844,publisher_A,https://doi.org/10.1021/cg3011844,1
10.1021/cg301224z,publisher_A,https://doi.org/10.1021/cg301224z,1
10.1021/cg301256g,publisher_A,https://doi.org/10.1021/cg301256g,1
10.1021/cg301312v,publisher_A,https://doi.org/10.1021/cg301312v,1
10.1021/cg3013393,publisher_A,https://doi.org/10.1021/cg3013393,1
10.1021/cg301347t,publisher_A,https://doi.org/10.1021/cg301347t,1
10.1021/cg301405r,publisher_A,https://doi.org/10.1021/cg301405r,1
10.1021/cg3014464,publisher_A,https://doi.org/10.1021/cg3014464,1
10.1021/cg301502u,publisher_A,https://doi.org/10.1021/cg301502u,1
10.1021/cg3015354,publisher_A,https://doi.org/10.1021/cg3015354,1
10.1021/cg301577a,publisher_A,https://doi.org/10.1021/cg301577a,1
10.1021/cg301600x,publisher_A,https://doi.org/10.1021/cg301600x,1
10.1021/cg301668g,publisher_A,https://doi.org/10.1021/cg301668g,1
10.1021/cg301691d,publisher_A,https://doi.org/10.1021/cg301691d,1
10.1021/cg3017358,publisher_A,https://doi.org/10.1021/cg3017358,1
10.1021/cg3018387,publisher_A,https://doi.org/10.1021/cg3018387,1
10.1021/cg301875z,publisher_A,https://doi.org/10.1021/cg301875z,1
10.1021/cg400015v,publisher_A,https://doi.org/10.1021/cg400015v,1
10.1021/cg4000654,publisher_A,https://doi.org/10.1021/cg4000654,1
10.1021/cg400180j,publisher_A,https://doi.org/10.1021/cg400180j,1
10.1021/cg400183s,publisher_A,https://doi.org/10.1021/cg400183s,1
10.1021/cg400191x,publisher_A,https://doi.org/10.1021/cg400191x,1
10.1021/cg4002362,publisher_A,https://doi.org/10.1021/cg4002362,1
10.1021/cg400369a,publisher_A,https://doi.org/10.1021/cg400369a,1
10.1021/cg4003803,publisher_A,https://doi.org/10.1021/cg4003803,1
10.1021/cg400394d,publisher_A,https://doi.org/10.1021/cg400394d,1
10.1021/cg400399v,publisher_A,https://doi.org/10.1021/cg400399v,1
10.1021/cg400426m,publisher_A,https://doi.org/10.1021/cg400426m,1
10.1021/cg400454c,publisher_A,https://doi.org/10.1021/cg400454c,1
10.1021/cg400490y,publisher_A,https://doi.org/10.1021/cg400490y,1
10.1021/cg400500t,publisher_A,https://doi.org/10.1021/cg400500t,1
10.1021/cg400579w,publisher_A,https://doi.org/10.1021/cg400579w,1
10.1021/cg400680r,publisher_A,https://doi.org/10.1021/cg400680r,1
10.1021/cg4007789,publisher_A,https://doi.org/10.1021/cg4007789,1
10.1021/cg400801s,publisher_A,https://doi.org/10.1021/cg400801s,1
10.1021/cg4008679,publisher_A,https://doi.org/10.1021/cg4008679,1
10.1021/cg400929z,publisher_A,https://doi.org/10.1021/cg400929z,1
10.1021/cg400934z,publisher_A,https://doi.org/10.1021/cg400934z,1
10.1021/cg4009703,publisher_A,https://doi.org/10.1021/cg4009703,1
10.1021/cg401006d,publisher_A,https://doi.org/10.1021/cg401006d,1
10.1021/cg401036e,publisher_A,https://doi.org/10.1021/cg401036e,1
10.1021/cg401106z,publisher_A,https://doi.org/10.1021/cg401106z,1
10.1021/cg4012058,publisher_A,https://doi.org/10.1021/cg4012058,1
10.1021/cg401286a,publisher_A,https://doi.org/10.1021/cg401286a,1
10.1021/cg4014416,publisher_A,https://doi.org/10.1021/cg4014416,1
10.1021/cg4014619,publisher_A,https://doi.org/10.1021/cg4014619,1
10.1021/cg401469f,publisher_A,https://doi.org/10.1021/cg401469f,1
10.1021/cg401519w,publisher_A,https://doi.org/10.1021/cg401519w,1
10.1021/cg401540s,publisher_A,https://doi.org/10.1021/cg401540s,1
10.1021/cg401587r,publisher_A,https://doi.org/10.1021/cg401587r,1
10.1021/cg401601d,publisher_A,https://doi.org/10.1021/cg401601d,1
10.1021/cg401692e,publisher_A,https://doi.org/10.1021/cg401692e,1
10.1021/cg4016977,publisher_A,https://doi.org/10.1021/cg4016977,1
10.1021/cg401802s,publisher_A,https://doi.org/10.1021/cg401802s,1
10.1021/cg401804e,publisher_A,https://doi.org/10.1021/cg401804e,1
10.1021/cg401825f,publisher_A,https://doi.org/10.1021/cg401825f,1
10.1021/cg4018536,publisher_A,https://doi.org/10.1021/cg4018536,1
10.1021/cg4019053,publisher_A,https://doi.org/10.1021/cg4019053,1
10.1021/cg500003u,publisher_A,https://doi.org/10.1021/cg500003u,1
10.1021/cg500149s,publisher_A,https://doi.org/10.1021/cg500149s,1
10.1021/cg500162x,publisher_A,https://doi.org/10.1021/cg500162x,1
10.1021/cg500197v,publisher_A,https://doi.org/10.1021/cg500197v,1
10.1021/cg500477s,publisher_A,https://doi.org/10.1021/cg500477s,1
10.1021/cg500557r,publisher_A,https://doi.org/10.1021/cg500557r,1
10.1021/cg5007499,publisher_A,https://doi.org/10.1021/cg5007499,1
10.1021/cg500815v,publisher_A,https://doi.org/10.1021/cg500815v,1
10.1021/cg500978s,publisher_A,https://doi.org/10.1021/cg500978s,1
10.1021/cg501089f,publisher_A,https://doi.org/10.1021/cg501089f,1
10.1021/cg501141m,publisher_A,https://doi.org/10.1021/cg501141m,1
10.1021/cg501142v,publisher_A,https://doi.org/10.1021/cg501142v,1
10.1021/cg5012617,publisher_A,https://doi.org/10.1021/cg5012617,1
10.1021/cg501273b,publisher_A,https://doi.org/10.1021/cg501273b,1
10.1021/cg501285q,publisher_A,https://doi.org/10.1021/cg501285q,1
10.1021/cg501355t,publisher_A,https://doi.org/10.1021/cg501355t,1
10.1021/cg5013796,publisher_A,https://doi.org/10.1021/cg5013796,1
10.1021/cg501386j,publisher_A,https://doi.org/10.1021/cg501386j,1
10.1021/cg501425x,publisher_A,https://doi.org/10.1021/cg501425x,1
10.1021/cg501551y,publisher_A,https://doi.org/10.1021/cg501551y,1
10.1021/cg501604c,publisher_A,https://doi.org/10.1021/cg501604c,1
10.1021/cg501644z,publisher_A,https://doi.org/10.1021/cg501644z,1
10.1021/cg501706t,publisher_A,https://doi.org/10.1021/cg501706t,1
10.1021/cg501708b,publisher_A,https://doi.org/10.1021/cg501708b,1
10.1021/cg501741r,publisher_A,https://doi.org/10.1021/cg501741r,1
10.1021/cg501768f,publisher_A,https://doi.org/10.1021/cg501768f,1
10.1021/cg501787m,publisher_A,https://doi.org/10.1021/cg501787m,1
10.1021/cg501828u,publisher_A,https://doi.org/10.1021/cg501828u,1
10.1021/cg501855k,publisher_A,https://doi.org/10.1021/cg501855k,1
10.1021/cg5018592,publisher_A,https://doi.org/10.1021/cg5018592,1
10.1021/cg700731d,publisher_A,https://doi.org/10.1021/cg700731d,1
10.1021/cg700741v,publisher_A,https://doi.org/10.1021/cg700741v,1
10.1021/cg700758c,publisher_A,https://doi.org/10.1021/cg700758c,1
10.1021/cg700822y,publisher_A,https://doi.org/10.1021/cg700822y,1
10.1021/cg700979r,publisher_A,https://doi.org/10.1021/cg700979r,1
10.1021/cg701041k,publisher_A,https://doi.org/10.1021/cg701041k,1
10.1021/cg701164u,publisher_A,https://doi.org/10.1021/cg701164u,1
10.1021/cg8000398,publisher_A,https://doi.org/10.1021/cg8000398,1
10.1021/cg800181q,publisher_A,https://doi.org/10.1021/cg800181q,1
10.1021/cg8001898,publisher_A,https://doi.org/10.1021/cg8001898,1
10.1021/cg800248b,publisher_A,https://doi.org/10.1021/cg800248b,1
10.1021/cg800289c,publisher_A,https://doi.org/10.1021/cg800289c,1
10.1021/cg800424t,publisher_A,https://doi.org/10.1021/cg800424t,1
10.1021/cg800531y,publisher_A,https://doi.org/10.1021/cg800531y,1
10.1021/cg8005597,publisher_A,https://doi.org/10.1021/cg8005597,1
10.1021/cg800640u,publisher_A,https://doi.org/10.1021/cg800640u,1
10.1021/cg800732e,publisher_A,https://doi.org/10.1021/cg800732e,1
10.1021/cg8007393,publisher_A,https://doi.org/10.1021/cg8007393,1
10.1021/cg800769z,publisher_A,https://doi.org/10.1021/cg800769z,1
10.1021/cg8009157,publisher_A,https://doi.org/10.1021/cg8009157,1
10.1021/cg8009546,publisher_A,https://doi.org/10.1021/cg8009546,1
10.1021/cg801120y,publisher_A,https://doi.org/10.1021/cg801120y,1
10.1021/cg801157k,publisher_A,https://doi.org/10.1021/cg801157k,1
10.1021/cg801193r,publisher_A,https://doi.org/10.1021/cg801193r,1
10.1021/cg801243a,publisher_A,https://doi.org/10.1021/cg801243a,1
10.1021/cg801321e,publisher_A,https://doi.org/10.1021/cg801321e,1
10.1021/cg801348n,publisher_A,https://doi.org/10.1021/cg801348n,1
10.1021/cg8014157,publisher_A,https://doi.org/10.1021/cg8014157,1
10.1021/cg900059m,publisher_A,https://doi.org/10.1021/cg900059m,1
10.1021/cg900078s,publisher_A,https://doi.org/10.1021/cg900078s,1
10.1021/cg900220g,publisher_A,https://doi.org/10.1021/cg900220g,1
10.1021/cg900276g,publisher_A,https://doi.org/10.1021/cg900276g,1
10.1021/cg900349c,publisher_A,https://doi.org/10.1021/cg900349c,1
10.1021/cg900352e,publisher_A,https://doi.org/10.1021/cg900352e,1
10.1021/cg900397r,publisher_A,https://doi.org/10.1021/cg900397r,1
10.1021/cg900579s,publisher_A,https://doi.org/10.1021/cg900579s,1
10.1021/cg900613p,publisher_A,https://doi.org/10.1021/cg900613p,1
10.1021/cg9006229,publisher_A,https://doi.org/10.1021/cg9006229,1
10.1021/cg9006372,publisher_A,https://doi.org/10.1021/cg9006372,1
10.1021/cg900659r,publisher_A,https://doi.org/10.1021/cg900659r,1
10.1021/cg900676x,publisher_A,https://doi.org/10.1021/cg900676x,1
10.1021/cg900694k,publisher_A,https://doi.org/10.1021/cg900694k,1
10.1021/cg900705c,publisher_A,https://doi.org/10.1021/cg900705c,1
10.1021/cg9007119,publisher_A,https://doi.org/10.1021/cg9007119,1
10.1021/cg900734d,publisher_A,https://doi.org/10.1021/cg900734d,1
10.1021/cg9007476,publisher_A,https://doi.org/10.1021/cg9007476,1
10.1021/cg900788h,publisher_A,https://doi.org/10.1021/cg900788h,1
10.1021/cg900811k,publisher_A,https://doi.org/10.1021/cg900811k,1
10.1021/cg900828v,publisher_A,https://doi.org/10.1021/cg900828v,1
10.1021/cg9008366,publisher_A,https://doi.org/10.1021/cg9008366,1
10.1021/cg9008834,publisher_A,https://doi.org/10.1021/cg9008834,1
10.1021/cg900896w,publisher_A,https://doi.org/10.1021/cg900896w,1
10.1021/cg900943x,publisher_A,https://doi.org/10.1021/cg900943x,1
10.1021/cg900980y,publisher_A,https://doi.org/10.1021/cg900980y,1
10.1021/cg9010482,publisher_A,https://doi.org/10.1021/cg9010482,1
10.1021/cg901075r,publisher_A,https://doi.org/10.1021/cg901075r,1
10.1021/cg9011247,publisher_A,https://doi.org/10.1021/cg9011247,1
10.1021/cg901128k,publisher_A,https://doi.org/10.1021/cg901128k,1
10.1021/cg901170j,publisher_A,https://doi.org/10.1021/cg901170j,1
10.1021/cg9011857,publisher_A,https://doi.org/10.1021/cg9011857,1
10.1021/cg9012262,publisher_A,https://doi.org/10.1021/cg9012262,1
10.1021/cg901259e,publisher_A,https://doi.org/10.1021/cg901259e,1
10.1021/cg9012894,publisher_A,https://doi.org/10.1021/cg9012894,1
10.1021/cg901332m,publisher_A,https://doi.org/10.1021/cg901332m,1
10.1021/cg9013398,publisher_A,https://doi.org/10.1021/cg9013398,1
10.1021/cg901347p,publisher_A,https://doi.org/10.1021/cg901347p,1
10.1021/cg9013812,publisher_A,https://doi.org/10.1021/cg9013812,1
10.1021/cg901403b,publisher_A,https://doi.org/10.1021/cg901403b,1
10.1021/cg9014064,publisher_A,https://doi.org/10.1021/cg9014064,1
10.1021/cg901480y,publisher_A,https://doi.org/10.1021/cg901480y,1
10.1021/cg9014948,publisher_A,https://doi.org/10.1021/cg9014948,1
10.1021/cg901545k,publisher_A,https://doi.org/10.1021/cg901545k,1
10.1021/cg901571m,publisher_A,https://doi.org/10.1021/cg901571m,1
10.1021/cg901605j,publisher_A,https://doi.org/10.1021/cg901605j,1
10.1021/cm0202714,publisher_A,https://doi.org/10.1021/cm0202714,1
10.1021/cm051829l,publisher_A,https://doi.org/10.1021/cm051829l,1
10.1021/cm0623918,publisher_A,https://doi.org/10.1021/cm0623918,1
10.1021/cm071689a,publisher_A,https://doi.org/10.1021/cm071689a,1
10.1021/cm101519s,publisher_A,https://doi.org/10.1021/cm101519s,1
10.1021/cm101943e,publisher_A,https://doi.org/10.1021/cm101943e,1
10.1021/cm102601v,publisher_A,https://doi.org/10.1021/cm102601v,1
10.1021/cm103571y,publisher_A,https://doi.org/10.1021/cm103571y,1
10.1021/cm103644b,publisher_A,https://doi.org/10.1021/cm103644b,1
10.1021/cm2004352,publisher_A,https://doi.org/10.1021/cm2004352,1
10.1021/cm2008889,publisher_A,https://doi.org/10.1021/cm2008889,1
10.1021/cm2021092,publisher_A,https://doi.org/10.1021/cm2021092,1
10.1021/cm2034382,publisher_A,https://doi.org/10.1021/cm2034382,1
10.1021/cm300439e,publisher_A,https://doi.org/10.1021/cm300439e,1
10.1021/cm300450x,publisher_A,https://doi.org/10.1021/cm300450x,1
10.1021/cm3006953,publisher_A,https://doi.org/10.1021/cm3006953,1
10.1021/cm301726k,publisher_A,https://doi.org/10.1021/cm301726k,1
10.1021/cm3025445,publisher_A,https://doi.org/10.1021/cm3025445,1
10.1021/cm302585r,publisher_A,https://doi.org/10.1021/cm302585r,1
10.1021/cm400116h,publisher_A,https://doi.org/10.1021/cm400116h,1
10.1021/cm404155s,publisher_A,https://doi.org/10.1021/cm404155s,1
10.1021/cm504362j,publisher_A,https://doi.org/10.1021/cm504362j,1
10.1021/cm8029517,publisher_A,https://doi.org/10.1021/cm8029517,1
10.1021/cm803502y,publisher_A,https://doi.org/10.1021/cm803502y,1
10.1021/cm9014749,publisher_A,https://doi.org/10.1021/cm9014749,1
10.1021/cm9023106,publisher_A,https://doi.org/10.1021/cm9023106,1
10.1021/cm9032308,publisher_A,https://doi.org/10.1021/cm9032308,1
10.1021/cm990612m,publisher_A,https://doi.org/10.1021/cm990612m,1
10.1021/ed3000099,publisher_A,https://doi.org/10.1021/ed3000099,1
10.1021/ic000209d,publisher_A,https://doi.org/10.1021/ic000209d,1
10.1021/ic010528k,publisher_A,https://doi.org/10.1021/ic010528k,1
10.1021/ic011192h,publisher_A,https://doi.org/10.1021/ic011192h,1
10.1021/ic035422z,publisher_A,https://doi.org/10.1021/ic035422z,1
10.1021/ic048755k,publisher_A,https://doi.org/10.1021/ic048755k,1
10.1021/ic048816e,publisher_A,https://doi.org/10.1021/ic048816e,1
10.1021/ic049030j,publisher_A,https://doi.org/10.1021/ic049030j,1
10.1021/ic049498m,publisher_A,https://doi.org/10.1021/ic049498m,1
10.1021/ic049794z,publisher_A,https://doi.org/10.1021/ic049794z,1
10.1021/ic050024c,publisher_A,https://doi.org/10.1021/ic050024c,1
10.1021/ic0504137,publisher_A,https://doi.org/10.1021/ic0504137,1
10.1021/ic050644d,publisher_A,https://doi.org/10.1021/ic050644d,1
10.1021/ic050999x,publisher_A,https://doi.org/10.1021/ic050999x,1
10.1021/ic051143v,publisher_A,https://doi.org/10.1021/ic051143v,1
10.1021/ic051457i,publisher_A,https://doi.org/10.1021/ic051457i,1
10.1021/ic051690g,publisher_A,https://doi.org/10.1021/ic051690g,1
10.1021/ic0518881,publisher_A,https://doi.org/10.1021/ic0518881,1
10.1021/ic051900p,publisher_A,https://doi.org/10.1021/ic051900p,1
10.1021/ic051925o,publisher_A,https://doi.org/10.1021/ic051925o,1
10.1021/ic051992i,publisher_A,https://doi.org/10.1021/ic051992i,1
10.1021/ic0520418,publisher_A,https://doi.org/10.1021/ic0520418,1
10.1021/ic060001d,publisher_A,https://doi.org/10.1021/ic060001d,1
10.1021/ic060004q,publisher_A,https://doi.org/10.1021/ic060004q,1
10.1021/ic060030o,publisher_A,https://doi.org/10.1021/ic060030o,1
10.1021/ic060074x,publisher_A,https://doi.org/10.1021/ic060074x,1
10.1021/ic060221r,publisher_A,https://doi.org/10.1021/ic060221r,1
10.1021/ic060241t,publisher_A,https://doi.org/10.1021/ic060241t,1
10.1021/ic060297n,publisher_A,https://doi.org/10.1021/ic060297n,1
10.1021/ic0604462,publisher_A,https://doi.org/10.1021/ic0604462,1
10.1021/ic060543v,publisher_A,https://doi.org/10.1021/ic060543v,1
10.1021/ic060550j,publisher_A,https://doi.org/10.1021/ic060550j,1
10.1021/ic060771p,publisher_A,https://doi.org/10.1021/ic060771p,1
10.1021/ic060787f,publisher_A,https://doi.org/10.1021/ic060787f,1
10.1021/ic0615271,publisher_A,https://doi.org/10.1021/ic0615271,1
10.1021/ic061620p,publisher_A,https://doi.org/10.1021/ic061620p,1
10.1021/ic061664y,publisher_A,https://doi.org/10.1021/ic061664y,1
10.1021/ic061666i,publisher_A,https://doi.org/10.1021/ic061666i,1
10.1021/ic0617644,publisher_A,https://doi.org/10.1021/ic0617644,1
10.1021/ic0617689,publisher_A,https://doi.org/10.1021/ic0617689,1
10.1021/ic062019u,publisher_A,https://doi.org/10.1021/ic062019u,1
10.1021/ic062098+,publisher_A,https://doi.org/10.1021/ic062098+,1
10.1021/ic062236v,publisher_A,https://doi.org/10.1021/ic062236v,1
10.1021/ic070036t,publisher_A,https://doi.org/10.1021/ic070036t,1
10.1021/ic070132u,publisher_A,https://doi.org/10.1021/ic070132u,1
10.1021/ic070291d,publisher_A,https://doi.org/10.1021/ic070291d,1
10.1021/ic100181d,publisher_A,https://doi.org/10.1021/ic100181d,1
10.1021/ic100188w,publisher_A,https://doi.org/10.1021/ic100188w,1
10.1021/ic100610t,publisher_A,https://doi.org/10.1021/ic100610t,1
10.1021/ic1007445,publisher_A,https://doi.org/10.1021/ic1007445,1
10.1021/ic100880j,publisher_A,https://doi.org/10.1021/ic100880j,1
10.1021/ic100928t,publisher_A,https://doi.org/10.1021/ic100928t,1
10.1021/ic101112b,publisher_A,https://doi.org/10.1021/ic101112b,1
10.1021/ic101128w,publisher_A,https://doi.org/10.1021/ic101128w,1
10.1021/ic1017246,publisher_A,https://doi.org/10.1021/ic1017246,1
10.1021/ic1017467,publisher_A,https://doi.org/10.1021/ic1017467,1
10.1021/ic101783z,publisher_A,https://doi.org/10.1021/ic101783z,1
10.1021/ic101786r,publisher_A,https://doi.org/10.1021/ic101786r,1
10.1021/ic1019636,publisher_A,https://doi.org/10.1021/ic1019636,1
10.1021/ic102207n,publisher_A,https://doi.org/10.1021/ic102207n,1
10.1021/ic102472u,publisher_A,https://doi.org/10.1021/ic102472u,1
10.1021/ic200054b,publisher_A,https://doi.org/10.1021/ic200054b,1
10.1021/ic200381f,publisher_A,https://doi.org/10.1021/ic200381f,1
10.1021/ic2004485,publisher_A,https://doi.org/10.1021/ic2004485,1
10.1021/ic200463k,publisher_A,https://doi.org/10.1021/ic200463k,1
10.1021/ic200592s,publisher_A,https://doi.org/10.1021/ic200592s,1
10.1021/ic2011666,publisher_A,https://doi.org/10.1021/ic2011666,1
10.1021/ic201219g,publisher_A,https://doi.org/10.1021/ic201219g,1
10.1021/ic201376t,publisher_A,https://doi.org/10.1021/ic201376t,1
10.1021/ic201571n,publisher_A,https://doi.org/10.1021/ic201571n,1
10.1021/ic201814g,publisher_A,https://doi.org/10.1021/ic201814g,1
10.1021/ic201883f,publisher_A,https://doi.org/10.1021/ic201883f,1
10.1021/ic2020989,publisher_A,https://doi.org/10.1021/ic2020989,1
10.1021/ic2020995,publisher_A,https://doi.org/10.1021/ic2020995,1
10.1021/ic2023105,publisher_A,https://doi.org/10.1021/ic2023105,1
10.1021/ic2023727,publisher_A,https://doi.org/10.1021/ic2023727,1
10.1021/ic2024296,publisher_A,https://doi.org/10.1021/ic2024296,1
10.1021/ic202589s,publisher_A,https://doi.org/10.1021/ic202589s,1
10.1021/ic202624e,publisher_A,https://doi.org/10.1021/ic202624e,1
10.1021/ic202635a,publisher_A,https://doi.org/10.1021/ic202635a,1
10.1021/ic300134z,publisher_A,https://doi.org/10.1021/ic300134z,1
10.1021/ic300546z,publisher_A,https://doi.org/10.1021/ic300546z,1
10.1021/ic300825s,publisher_A,https://doi.org/10.1021/ic300825s,1
10.1021/ic300854b,publisher_A,https://doi.org/10.1021/ic300854b,1
10.1021/ic3009392,publisher_A,https://doi.org/10.1021/ic3009392,1
10.1021/ic301187y,publisher_A,https://doi.org/10.1021/ic301187y,1
10.1021/ic301257k,publisher_A,https://doi.org/10.1021/ic301257k,1
10.1021/ic301423c,publisher_A,https://doi.org/10.1021/ic301423c,1
10.1021/ic3016673,publisher_A,https://doi.org/10.1021/ic3016673,1
10.1021/ic301857h,publisher_A,https://doi.org/10.1021/ic301857h,1
10.1021/ic3018858,publisher_A,https://doi.org/10.1021/ic3018858,1
10.1021/ic301976s,publisher_A,https://doi.org/10.1021/ic301976s,1
10.1021/ic302006x,publisher_A,https://doi.org/10.1021/ic302006x,1
10.1021/ic302010e,publisher_A,https://doi.org/10.1021/ic302010e,1
10.1021/ic302011x,publisher_A,https://doi.org/10.1021/ic302011x,1
10.1021/ic3020223,publisher_A,https://doi.org/10.1021/ic3020223,1
10.1021/ic302318j,publisher_A,https://doi.org/10.1021/ic302318j,1
10.1021/ic302411r,publisher_A,https://doi.org/10.1021/ic302411r,1
10.1021/ic302528b,publisher_A,https://doi.org/10.1021/ic302528b,1
10.1021/ic3026304,publisher_A,https://doi.org/10.1021/ic3026304,1
10.1021/ic302662x,publisher_A,https://doi.org/10.1021/ic302662x,1
10.1021/ic302716n,publisher_A,https://doi.org/10.1021/ic302716n,1
10.1021/ic400536e,publisher_A,https://doi.org/10.1021/ic400536e,1
10.1021/ic4007718,publisher_A,https://doi.org/10.1021/ic4007718,1
10.1021/ic400825b,publisher_A,https://doi.org/10.1021/ic400825b,1
10.1021/ic400857s,publisher_A,https://doi.org/10.1021/ic400857s,1
10.1021/ic401092j,publisher_A,https://doi.org/10.1021/ic401092j,1
10.1021/ic401305c,publisher_A,https://doi.org/10.1021/ic401305c,1
10.1021/ic401657d,publisher_A,https://doi.org/10.1021/ic401657d,1
10.1021/ic4017189,publisher_A,https://doi.org/10.1021/ic4017189,1
10.1021/ic401765r,publisher_A,https://doi.org/10.1021/ic401765r,1
10.1021/ic4019597,publisher_A,https://doi.org/10.1021/ic4019597,1
10.1021/ic402012d,publisher_A,https://doi.org/10.1021/ic402012d,1
10.1021/ic402198a,publisher_A,https://doi.org/10.1021/ic402198a,1
10.1021/ic4022596,publisher_A,https://doi.org/10.1021/ic4022596,1
10.1021/ic402280p,publisher_A,https://doi.org/10.1021/ic402280p,1
10.1021/ic402467g,publisher_A,https://doi.org/10.1021/ic402467g,1
10.1021/ic402514n,publisher_A,https://doi.org/10.1021/ic402514n,1
10.1021/ic402803s,publisher_A,https://doi.org/10.1021/ic402803s,1
10.1021/ic402867x,publisher_A,https://doi.org/10.1021/ic402867x,1
10.1021/ic403148f,publisher_A,https://doi.org/10.1021/ic403148f,1
10.1021/ic5001232,publisher_A,https://doi.org/10.1021/ic5001232,1
10.1021/ic500234r,publisher_A,https://doi.org/10.1021/ic500234r,1
10.1021/ic500434a,publisher_A,https://doi.org/10.1021/ic500434a,1
10.1021/ic500607a,publisher_A,https://doi.org/10.1021/ic500607a,1
10.1021/ic5008457,publisher_A,https://doi.org/10.1021/ic5008457,1
10.1021/ic501253c,publisher_A,https://doi.org/10.1021/ic501253c,1
10.1021/ic501395p,publisher_A,https://doi.org/10.1021/ic501395p,1
10.1021/ic501459m,publisher_A,https://doi.org/10.1021/ic501459m,1
10.1021/ic5017092,publisher_A,https://doi.org/10.1021/ic5017092,1
10.1021/ic501801f,publisher_A,https://doi.org/10.1021/ic501801f,1
10.1021/ic501849g,publisher_A,https://doi.org/10.1021/ic501849g,1
10.1021/ic5018517,publisher_A,https://doi.org/10.1021/ic5018517,1
10.1021/ic501978u,publisher_A,https://doi.org/10.1021/ic501978u,1
10.1021/ic5021302,publisher_A,https://doi.org/10.1021/ic5021302,1
10.1021/ic502207f,publisher_A,https://doi.org/10.1021/ic502207f,1
10.1021/ic502242j,publisher_A,https://doi.org/10.1021/ic502242j,1
10.1021/ic502316v,publisher_A,https://doi.org/10.1021/ic502316v,1
10.1021/ic502369y,publisher_A,https://doi.org/10.1021/ic502369y,1
10.1021/ic502380q,publisher_A,https://doi.org/10.1021/ic502380q,1
10.1021/ic502643m,publisher_A,https://doi.org/10.1021/ic502643m,1
10.1021/ic502725y,publisher_A,https://doi.org/10.1021/ic502725y,1
10.1021/ic502772k,publisher_A,https://doi.org/10.1021/ic502772k,1
10.1021/ic502921j,publisher_A,https://doi.org/10.1021/ic502921j,1
10.1021/ic700597k,publisher_A,https://doi.org/10.1021/ic700597k,1
10.1021/ic700790h,publisher_A,https://doi.org/10.1021/ic700790h,1
10.1021/ic700893w,publisher_A,https://doi.org/10.1021/ic700893w,1
10.1021/ic701346x,publisher_A,https://doi.org/10.1021/ic701346x,1
10.1021/ic7016159,publisher_A,https://doi.org/10.1021/ic7016159,1
10.1021/ic701721t,publisher_A,https://doi.org/10.1021/ic701721t,1
10.1021/ic701828w,publisher_A,https://doi.org/10.1021/ic701828w,1
10.1021/ic701865k,publisher_A,https://doi.org/10.1021/ic701865k,1
10.1021/ic701917w,publisher_A,https://doi.org/10.1021/ic701917w,1
10.1021/ic7023082,publisher_A,https://doi.org/10.1021/ic7023082,1
10.1021/ic800131r,publisher_A,https://doi.org/10.1021/ic800131r,1
10.1021/ic800538r,publisher_A,https://doi.org/10.1021/ic800538r,1
10.1021/ic800632r,publisher_A,https://doi.org/10.1021/ic800632r,1
10.1021/ic800702d,publisher_A,https://doi.org/10.1021/ic800702d,1
10.1021/ic800761h,publisher_A,https://doi.org/10.1021/ic800761h,1
10.1021/ic800777r,publisher_A,https://doi.org/10.1021/ic800777r,1
10.1021/ic801026y,publisher_A,https://doi.org/10.1021/ic801026y,1
10.1021/ic8010458,publisher_A,https://doi.org/10.1021/ic8010458,1
10.1021/ic801221r,publisher_A,https://doi.org/10.1021/ic801221r,1
10.1021/ic801624v,publisher_A,https://doi.org/10.1021/ic801624v,1
10.1021/ic801631w,publisher_A,https://doi.org/10.1021/ic801631w,1
10.1021/ic801779j,publisher_A,https://doi.org/10.1021/ic801779j,1
10.1021/ic801906e,publisher_A,https://doi.org/10.1021/ic801906e,1
10.1021/ic801948z,publisher_A,https://doi.org/10.1021/ic801948z,1
10.1021/ic8020518,publisher_A,https://doi.org/10.1021/ic8020518,1
10.1021/ic802160a,publisher_A,https://doi.org/10.1021/ic802160a,1
10.1021/ic802294e,publisher_A,https://doi.org/10.1021/ic802294e,1
10.1021/ic8023265,publisher_A,https://doi.org/10.1021/ic8023265,1
10.1021/ic900217t,publisher_A,https://doi.org/10.1021/ic900217t,1
10.1021/ic900331m,publisher_A,https://doi.org/10.1021/ic900331m,1
10.1021/ic900372t,publisher_A,https://doi.org/10.1021/ic900372t,1
10.1021/ic9004533,publisher_A,https://doi.org/10.1021/ic9004533,1
10.1021/ic900478z,publisher_A,https://doi.org/10.1021/ic900478z,1
10.1021/ic900611u,publisher_A,https://doi.org/10.1021/ic900611u,1
10.1021/ic900919w,publisher_A,https://doi.org/10.1021/ic900919w,1
10.1021/ic9010778,publisher_A,https://doi.org/10.1021/ic9010778,1
10.1021/ic901133k,publisher_A,https://doi.org/10.1021/ic901133k,1
10.1021/ic9019553,publisher_A,https://doi.org/10.1021/ic9019553,1
10.1021/ic9021118,publisher_A,https://doi.org/10.1021/ic9021118,1
10.1021/ic9021257,publisher_A,https://doi.org/10.1021/ic9021257,1
10.1021/ic9021992,publisher_A,https://doi.org/10.1021/ic9021992,1
10.1021/ic902483m,publisher_A,https://doi.org/10.1021/ic902483m,1
10.1021/ic902548f,publisher_A,https://doi.org/10.1021/ic902548f,1
10.1021/ic981123b,publisher_A,https://doi.org/10.1021/ic981123b,1
10.1021/ic991360u,publisher_A,https://doi.org/10.1021/ic991360u,1
10.1021/ja010825o,publisher_A,https://doi.org/10.1021/ja010825o,1
10.1021/ja045123o,publisher_A,https://doi.org/10.1021/ja045123o,1
10.1021/ja051233z,publisher_A,https://doi.org/10.1021/ja051233z,1
10.1021/ja060946u,publisher_A,https://doi.org/10.1021/ja060946u,1
10.1021/ja0621086,publisher_A,https://doi.org/10.1021/ja0621086,1
10.1021/ja064343u,publisher_A,https://doi.org/10.1021/ja064343u,1
10.1021/ja0645483,publisher_A,https://doi.org/10.1021/ja0645483,1
10.1021/ja0701917,publisher_A,https://doi.org/10.1021/ja0701917,1
10.1021/ja0734952,publisher_A,https://doi.org/10.1021/ja0734952,1
10.1021/ja073568h,publisher_A,https://doi.org/10.1021/ja073568h,1
10.1021/ja0752336,publisher_A,https://doi.org/10.1021/ja0752336,1
10.1021/ja0752540,publisher_A,https://doi.org/10.1021/ja0752540,1
10.1021/ja076167a,publisher_A,https://doi.org/10.1021/ja076167a,1
10.1021/ja076877g,publisher_A,https://doi.org/10.1021/ja076877g,1
10.1021/ja102134c,publisher_A,https://doi.org/10.1021/ja102134c,1
10.1021/ja104083y,publisher_A,https://doi.org/10.1021/ja104083y,1
10.1021/ja105089w,publisher_A,https://doi.org/10.1021/ja105089w,1
10.1021/ja109317e,publisher_A,https://doi.org/10.1021/ja109317e,1
10.1021/ja1097995,publisher_A,https://doi.org/10.1021/ja1097995,1
10.1021/ja111042f,publisher_A,https://doi.org/10.1021/ja111042f,1
10.1021/ja202223d,publisher_A,https://doi.org/10.1021/ja202223d,1
10.1021/ja208256u,publisher_A,https://doi.org/10.1021/ja208256u,1
10.1021/ja209643b,publisher_A,https://doi.org/10.1021/ja209643b,1
10.1021/ja2118255,publisher_A,https://doi.org/10.1021/ja2118255,1
10.1021/ja302089w,publisher_A,https://doi.org/10.1021/ja302089w,1
10.1021/ja302991b,publisher_A,https://doi.org/10.1021/ja302991b,1
10.1021/ja305181y,publisher_A,https://doi.org/10.1021/ja305181y,1
10.1021/ja3085884,publisher_A,https://doi.org/10.1021/ja3085884,1
10.1021/ja310173e,publisher_A,https://doi.org/10.1021/ja310173e,1
10.1021/ja402694f,publisher_A,https://doi.org/10.1021/ja402694f,1
10.1021/ja4032049,publisher_A,https://doi.org/10.1021/ja4032049,1
10.1021/ja404514r,publisher_A,https://doi.org/10.1021/ja404514r,1
10.1021/ja405078u,publisher_A,https://doi.org/10.1021/ja405078u,1
10.1021/ja4050828,publisher_A,https://doi.org/10.1021/ja4050828,1
10.1021/ja405350u,publisher_A,https://doi.org/10.1021/ja405350u,1
10.1021/ja411887c,publisher_A,https://doi.org/10.1021/ja411887c,1
10.1021/ja500005k,publisher_A,https://doi.org/10.1021/ja500005k,1
10.1021/ja500191r,publisher_A,https://doi.org/10.1021/ja500191r,1
10.1021/ja500330a,publisher_A,https://doi.org/10.1021/ja500330a,1
10.1021/ja500356z,publisher_A,https://doi.org/10.1021/ja500356z,1
10.1021/ja501606h,publisher_A,https://doi.org/10.1021/ja501606h,1
10.1021/ja503218j,publisher_A,https://doi.org/10.1021/ja503218j,1
10.1021/ja5042226,publisher_A,https://doi.org/10.1021/ja5042226,1
10.1021/ja5048522,publisher_A,https://doi.org/10.1021/ja5048522,1
10.1021/ja5069855,publisher_A,https://doi.org/10.1021/ja5069855,1
10.1021/ja507947d,publisher_A,https://doi.org/10.1021/ja507947d,1
10.1021/ja508626n,publisher_A,https://doi.org/10.1021/ja508626n,1
10.1021/ja509019k,publisher_A,https://doi.org/10.1021/ja509019k,1
10.1021/ja509428a,publisher_A,https://doi.org/10.1021/ja509428a,1
10.1021/ja5111317,publisher_A,https://doi.org/10.1021/ja5111317,1
10.1021/ja512478y,publisher_A,https://doi.org/10.1021/ja512478y,1
10.1021/ja710123s,publisher_A,https://doi.org/10.1021/ja710123s,1
10.1021/ja803021v,publisher_A,https://doi.org/10.1021/ja803021v,1
10.1021/ja803783c,publisher_A,https://doi.org/10.1021/ja803783c,1
10.1021/ja804944r,publisher_A,https://doi.org/10.1021/ja804944r,1
10.1021/ja8057953,publisher_A,https://doi.org/10.1021/ja8057953,1
10.1021/ja809954r,publisher_A,https://doi.org/10.1021/ja809954r,1
10.1021/ja905009e,publisher_A,https://doi.org/10.1021/ja905009e,1
10.1021/ja905690t,publisher_A,https://doi.org/10.1021/ja905690t,1
10.1021/ja906911q,publisher_A,https://doi.org/10.1021/ja906911q,1
10.1021/ja9072707,publisher_A,https://doi.org/10.1021/ja9072707,1
10.1021/ja907885m,publisher_A,https://doi.org/10.1021/ja907885m,1
10.1021/ja909169x,publisher_A,https://doi.org/10.1021/ja909169x,1
10.1021/ja9092715,publisher_A,https://doi.org/10.1021/ja9092715,1
10.1021/ja910818a,publisher_A,https://doi.org/10.1021/ja910818a,1
10.1021/jacs.0c00637,publisher_A,https://doi.org/10.1021/jacs.0c00637,1
10.1021/jacs.0c00679,publisher_A,https://doi.org/10.1021/jacs.0c00679,1
10.1021/jacs.0c01626,publisher_A,https://doi.org/10.1021/jacs.0c01626,1
10.1021/jacs.0c01895,publisher_A,https://doi.org/10.1021/jacs.0c01895,1
10.1021/jacs.0c02007,publisher_A,https://doi.org/10.1021/jacs.0c02007,1
10.1021/jacs.0c02389,publisher_A,https://doi.org/10.1021/jacs.0c02389,1
10.1021/jacs.0c02772,publisher_A,https://doi.org/10.1021/jacs.0c02772,1
10.1021/jacs.0c03906,publisher_A,https://doi.org/10.1021/jacs.0c03906,1
10.1021/jacs.0c04442,publisher_A,https://doi.org/10.1021/jacs.0c04442,1
10.1021/jacs.0c04458,publisher_A,https://doi.org/10.1021/jacs.0c04458,1
10.1021/jacs.0c05074,publisher_A,https://doi.org/10.1021/jacs.0c05074,1
10.1021/jacs.0c07525,publisher_A,https://doi.org/10.1021/jacs.0c07525,1
10.1021/jacs.0c07862,publisher_A,https://doi.org/10.1021/jacs.0c07862,1
10.1021/jacs.0c09015,publisher_A,https://doi.org/10.1021/jacs.0c09015,1
10.1021/jacs.0c10400,publisher_A,https://doi.org/10.1021/jacs.0c10400,1
10.1021/jacs.0c12367,publisher_A,https://doi.org/10.1021/jacs.0c12367,1
10.1021/jacs.0c13005,publisher_A,https://doi.org/10.1021/jacs.0c13005,1
10.1021/jacs.1c00136,publisher_A,https://doi.org/10.1021/jacs.1c00136,1
10.1021/jacs.1c01408,publisher_A,https://doi.org/10.1021/jacs.1c01408,1
10.1021/jacs.1c01673,publisher_A,https://doi.org/10.1021/jacs.1c01673,1
10.1021/jacs.1c02108,publisher_A,https://doi.org/10.1021/jacs.1c02108,1
10.1021/jacs.1c02272,publisher_A,https://doi.org/10.1021/jacs.1c02272,1
10.1021/jacs.1c04946,publisher_A,https://doi.org/10.1021/jacs.1c04946,1
10.1021/jacs.1c06990,publisher_A,https://doi.org/10.1021/jacs.1c06990,1
10.1021/jacs.1c08227,publisher_A,https://doi.org/10.1021/jacs.1c08227,1
10.1021/jacs.1c08354,publisher_A,https://doi.org/10.1021/jacs.1c08354,1
10.1021/jacs.1c10008,publisher_A,https://doi.org/10.1021/jacs.1c10008,1
10.1021/jacs.1c10291,publisher_A,https://doi.org/10.1021/jacs.1c10291,1
10.1021/jacs.1c10493,publisher_A,https://doi.org/10.1021/jacs.1c10493,1
10.1021/jacs.1c10800,publisher_A,https://doi.org/10.1021/jacs.1c10800,1
10.1021/jacs.1c10973,publisher_A,https://doi.org/10.1021/jacs.1c10973,1
10.1021/jacs.1c11836,publisher_A,https://doi.org/10.1021/jacs.1c11836,1
10.1021/jacs.1c12117,publisher_A,https://doi.org/10.1021/jacs.1c12117,1
10.1021/jacs.2c00011,publisher_A,https://doi.org/10.1021/jacs.2c00011,1
10.1021/jacs.2c03062,publisher_A,https://doi.org/10.1021/jacs.2c03062,1
10.1021/jacs.2c03114,publisher_A,https://doi.org/10.1021/jacs.2c03114,1
10.1021/jacs.2c04608,publisher_A,https://doi.org/10.1021/jacs.2c04608,1
10.1021/jacs.2c06142,publisher_A,https://doi.org/10.1021/jacs.2c06142,1
10.1021/jacs.2c07283,publisher_A,https://doi.org/10.1021/jacs.2c07283,1
10.1021/jacs.2c09487,publisher_A,https://doi.org/10.1021/jacs.2c09487,1
10.1021/jacs.2c09756,publisher_A,https://doi.org/10.1021/jacs.2c09756,1
10.1021/jacs.2c10672,publisher_A,https://doi.org/10.1021/jacs.2c10672,1
10.1021/jacs.2c10717,publisher_A,https://doi.org/10.1021/jacs.2c10717,1
10.1021/jacs.2c12095,publisher_A,https://doi.org/10.1021/jacs.2c12095,1
10.1021/jacs.2c12599,publisher_A,https://doi.org/10.1021/jacs.2c12599,1
10.1021/jacs.2c13171,publisher_A,https://doi.org/10.1021/jacs.2c13171,1
10.1021/jacs.2c13731,publisher_A,https://doi.org/10.1021/jacs.2c13731,1
10.1021/jacs.2c13835,publisher_A,https://doi.org/10.1021/jacs.2c13835,1
10.1021/jacs.3c01219,publisher_A,https://doi.org/10.1021/jacs.3c01219,1
10.1021/jacs.3c02128,publisher_A,https://doi.org/10.1021/jacs.3c02128,1
10.1021/jacs.3c02787,publisher_A,https://doi.org/10.1021/jacs.3c02787,1
10.1021/jacs.3c04641,publisher_A,https://doi.org/10.1021/jacs.3c04641,1
10.1021/jacs.3c05488,publisher_A,https://doi.org/10.1021/jacs.3c05488,1
10.1021/jacs.3c06393,publisher_A,https://doi.org/10.1021/jacs.3c06393,1
10.1021/jacs.3c07047,publisher_A,https://doi.org/10.1021/jacs.3c07047,1
10.1021/jacs.3c07237,publisher_A,https://doi.org/10.1021/jacs.3c07237,1
10.1021/jacs.3c07995,publisher_A,https://doi.org/10.1021/jacs.3c07995,1
10.1021/jacs.3c10753,publisher_A,https://doi.org/10.1021/jacs.3c10753,1
10.1021/jacs.3c11947,publisher_A,https://doi.org/10.1021/jacs.3c11947,1
10.1021/jacs.3c12086,publisher_A,https://doi.org/10.1021/jacs.3c12086,1
10.1021/jacs.3c12866,publisher_A,https://doi.org/10.1021/jacs.3c12866,1
10.1021/jacs.3c13985,publisher_A,https://doi.org/10.1021/jacs.3c13985,1
10.1021/jacs.3c14739,publisher_A,https://doi.org/10.1021/jacs.3c14739,1
10.1021/jacs.4c00885,publisher_A,https://doi.org/10.1021/jacs.4c00885,1
10.1021/jacs.4c01040,publisher_A,https://doi.org/10.1021/jacs.4c01040,1
10.1021/jacs.4c02321,publisher_A,https://doi.org/10.1021/jacs.4c02321,1
10.1021/jacs.4c03038,publisher_A,https://doi.org/10.1021/jacs.4c03038,1
10.1021/jacs.4c03476,publisher_A,https://doi.org/10.1021/jacs.4c03476,1
10.1021/jacs.4c05318,publisher_A,https://doi.org/10.1021/jacs.4c05318,1
10.1021/jacs.4c06046,publisher_A,https://doi.org/10.1021/jacs.4c06046,1
10.1021/jacs.4c09553,publisher_A,https://doi.org/10.1021/jacs.4c09553,1
10.1021/jacs.4c11243,publisher_A,https://doi.org/10.1021/jacs.4c11243,1
10.1021/jacs.4c12385,publisher_A,https://doi.org/10.1021/jacs.4c12385,1
10.1021/jacs.4c15936,publisher_A,https://doi.org/10.1021/jacs.4c15936,1
10.1021/jacs.4c18251,publisher_A,https://doi.org/10.1021/jacs.4c18251,1
10.1021/jacs.5b00365,publisher_A,https://doi.org/10.1021/jacs.5b00365,1
10.1021/jacs.5b06929,publisher_A,https://doi.org/10.1021/jacs.5b06929,1
10.1021/jacs.5b08752,publisher_A,https://doi.org/10.1021/jacs.5b08752,1
10.1021/jacs.5b09225,publisher_A,https://doi.org/10.1021/jacs.5b09225,1
10.1021/jacs.5b10385,publisher_A,https://doi.org/10.1021/jacs.5b10385,1
10.1021/jacs.5b11079,publisher_A,https://doi.org/10.1021/jacs.5b11079,1
10.1021/jacs.5b11150,publisher_A,https://doi.org/10.1021/jacs.5b11150,1
10.1021/jacs.5b11720,publisher_A,https://doi.org/10.1021/jacs.5b11720,1
10.1021/jacs.5b12312,publisher_A,https://doi.org/10.1021/jacs.5b12312,1
10.1021/jacs.5c02064,publisher_A,https://doi.org/10.1021/jacs.5c02064,1
10.1021/jacs.5c03677,publisher_A,https://doi.org/10.1021/jacs.5c03677,1
10.1021/jacs.5c03704,publisher_A,https://doi.org/10.1021/jacs.5c03704,1
10.1021/jacs.5c04078,publisher_A,https://doi.org/10.1021/jacs.5c04078,1
10.1021/jacs.5c04567,publisher_A,https://doi.org/10.1021/jacs.5c04567,1
10.1021/jacs.5c04897,publisher_A,https://doi.org/10.1021/jacs.5c04897,1
10.1021/jacs.5c05068,publisher_A,https://doi.org/10.1021/jacs.5c05068,1
10.1021/jacs.5c06012,publisher_A,https://doi.org/10.1021/jacs.5c06012,1
10.1021/jacs.5c07158,publisher_A,https://doi.org/10.1021/jacs.5c07158,1
10.1021/jacs.5c08920,publisher_A,https://doi.org/10.1021/jacs.5c08920,1
10.1021/jacs.6b01093,publisher_A,https://doi.org/10.1021/jacs.6b01093,1
10.1021/jacs.6b01414,publisher_A,https://doi.org/10.1021/jacs.6b01414,1
10.1021/jacs.6b03263,publisher_A,https://doi.org/10.1021/jacs.6b03263,1
10.1021/jacs.6b04608,publisher_A,https://doi.org/10.1021/jacs.6b04608,1
10.1021/jacs.6b05261,publisher_A,https://doi.org/10.1021/jacs.6b05261,1
10.1021/jacs.6b06759,publisher_A,https://doi.org/10.1021/jacs.6b06759,1
10.1021/jacs.6b09463,publisher_A,https://doi.org/10.1021/jacs.6b09463,1
10.1021/jacs.6b10055,publisher_A,https://doi.org/10.1021/jacs.6b10055,1
10.1021/jacs.6b11197,publisher_A,https://doi.org/10.1021/jacs.6b11197,1
10.1021/jacs.6b12847,publisher_A,https://doi.org/10.1021/jacs.6b12847,1
10.1021/jacs.6b13176,publisher_A,https://doi.org/10.1021/jacs.6b13176,1
10.1021/jacs.7b00106,publisher_A,https://doi.org/10.1021/jacs.7b00106,1
10.1021/jacs.7b00219,publisher_A,https://doi.org/10.1021/jacs.7b00219,1
10.1021/jacs.7b01229,publisher_A,https://doi.org/10.1021/jacs.7b01229,1
10.1021/jacs.7b01660,publisher_A,https://doi.org/10.1021/jacs.7b01660,1
10.1021/jacs.7b02184,publisher_A,https://doi.org/10.1021/jacs.7b02184,1
10.1021/jacs.7b02272,publisher_A,https://doi.org/10.1021/jacs.7b02272,1
10.1021/jacs.7b02394,publisher_A,https://doi.org/10.1021/jacs.7b02394,1
10.1021/jacs.7b03578,publisher_A,https://doi.org/10.1021/jacs.7b03578,1
10.1021/jacs.7b04532,publisher_A,https://doi.org/10.1021/jacs.7b04532,1
10.1021/jacs.7b06459,publisher_A,https://doi.org/10.1021/jacs.7b06459,1
10.1021/jacs.7b07856,publisher_A,https://doi.org/10.1021/jacs.7b07856,1
10.1021/jacs.7b09983,publisher_A,https://doi.org/10.1021/jacs.7b09983,1
10.1021/jacs.7b10112,publisher_A,https://doi.org/10.1021/jacs.7b10112,1
10.1021/jacs.7b12633,publisher_A,https://doi.org/10.1021/jacs.7b12633,1
10.1021/jacs.7b13330,publisher_A,https://doi.org/10.1021/jacs.7b13330,1
10.1021/jacs.8b02192,publisher_A,https://doi.org/10.1021/jacs.8b02192,1
10.1021/jacs.8b02710,publisher_A,https://doi.org/10.1021/jacs.8b02710,1
10.1021/jacs.8b02896,publisher_A,https://doi.org/10.1021/jacs.8b02896,1
10.1021/jacs.8b04369,publisher_A,https://doi.org/10.1021/jacs.8b04369,1
10.1021/jacs.8b04457,publisher_A,https://doi.org/10.1021/jacs.8b04457,1
10.1021/jacs.8b05765,publisher_A,https://doi.org/10.1021/jacs.8b05765,1
10.1021/jacs.8b06666,publisher_A,https://doi.org/10.1021/jacs.8b06666,1
10.1021/jacs.8b07411,publisher_A,https://doi.org/10.1021/jacs.8b07411,1
10.1021/jacs.8b07589,publisher_A,https://doi.org/10.1021/jacs.8b07589,1
10.1021/jacs.8b09987,publisher_A,https://doi.org/10.1021/jacs.8b09987,1
10.1021/jacs.8b10343,publisher_A,https://doi.org/10.1021/jacs.8b10343,1
10.1021/jacs.8b11230,publisher_A,https://doi.org/10.1021/jacs.8b11230,1
10.1021/jacs.8b11300,publisher_A,https://doi.org/10.1021/jacs.8b11300,1
10.1021/jacs.8b13397,publisher_A,https://doi.org/10.1021/jacs.8b13397,1
10.1021/jacs.8b13639,publisher_A,https://doi.org/10.1021/jacs.8b13639,1
10.1021/jacs.9b01789,publisher_A,https://doi.org/10.1021/jacs.9b01789,1
10.1021/jacs.9b02294,publisher_A,https://doi.org/10.1021/jacs.9b02294,1
10.1021/jacs.9b03269,publisher_A,https://doi.org/10.1021/jacs.9b03269,1
10.1021/jacs.9b03707,publisher_A,https://doi.org/10.1021/jacs.9b03707,1
10.1021/jacs.9b04915,publisher_A,https://doi.org/10.1021/jacs.9b04915,1
10.1021/jacs.9b05580,publisher_A,https://doi.org/10.1021/jacs.9b05580,1
10.1021/jacs.9b06179,publisher_A,https://doi.org/10.1021/jacs.9b06179,1
10.1021/jacs.9b07422,publisher_A,https://doi.org/10.1021/jacs.9b07422,1
10.1021/jacs.9b07633,publisher_A,https://doi.org/10.1021/jacs.9b07633,1
10.1021/jacs.9b07732,publisher_A,https://doi.org/10.1021/jacs.9b07732,1
10.1021/jacs.9b08322,publisher_A,https://doi.org/10.1021/jacs.9b08322,1
10.1021/jacs.9b08601,publisher_A,https://doi.org/10.1021/jacs.9b08601,1
10.1021/jacs.9b10261,publisher_A,https://doi.org/10.1021/jacs.9b10261,1
10.1021/jacs.9b11446,publisher_A,https://doi.org/10.1021/jacs.9b11446,1
10.1021/jacs.9b11639,publisher_A,https://doi.org/10.1021/jacs.9b11639,1
10.1021/jacs.9b12527,publisher_A,https://doi.org/10.1021/jacs.9b12527,1
10.1021/jp0130416,publisher_A,https://doi.org/10.1021/jp0130416,1
10.1021/jp063074r,publisher_A,https://doi.org/10.1021/jp063074r,1
10.1021/jp0708291,publisher_A,https://doi.org/10.1021/jp0708291,1
10.1021/jp075047m,publisher_A,https://doi.org/10.1021/jp075047m,1
10.1021/jp2117856,publisher_A,https://doi.org/10.1021/jp2117856,1
10.1021/jp302356q,publisher_A,https://doi.org/10.1021/jp302356q,1
10.1021/jp308657x,publisher_A,https://doi.org/10.1021/jp308657x,1
10.1021/jp312179e,publisher_A,https://doi.org/10.1021/jp312179e,1
10.1021/jp312590r,publisher_A,https://doi.org/10.1021/jp312590r,1
10.1021/jp402154q,publisher_A,https://doi.org/10.1021/jp402154q,1
10.1021/jp505893s,publisher_A,https://doi.org/10.1021/jp505893s,1
10.1021/jp512629c,publisher_A,https://doi.org/10.1021/jp512629c,1
10.1021/jp7100094,publisher_A,https://doi.org/10.1021/jp7100094,1
10.1021/jp7110633,publisher_A,https://doi.org/10.1021/jp7110633,1
10.1021/jp907180e,publisher_A,https://doi.org/10.1021/jp907180e,1
10.1021/la103590t,publisher_A,https://doi.org/10.1021/la103590t,1
10.1021/la201769x,publisher_A,https://doi.org/10.1021/la201769x,1
10.1021/la203570h,publisher_A,https://doi.org/10.1021/la203570h,1
10.1021/la304151r,publisher_A,https://doi.org/10.1021/la304151r,1
10.1021/la401323t,publisher_A,https://doi.org/10.1021/la401323t,1
10.1021/la402882a,publisher_A,https://doi.org/10.1021/la402882a,1
10.1021/la503269f,publisher_A,https://doi.org/10.1021/la503269f,1
10.1021/nl5026419,publisher_A,https://doi.org/10.1021/nl5026419,1
10.1021/om2000162,publisher_A,https://doi.org/10.1021/om2000162,1
10.1021/om801143q,publisher_A,https://doi.org/10.1021/om801143q,1
10.1038/NCHEM.1003,unmapped,https://doi.org/10.1038/NCHEM.1003,0
10.1038/NCHEM.1982,unmapped,https://doi.org/10.1038/NCHEM.1982,0
10.1038/NCHEM.2430,unmapped,https://doi.org/10.1038/NCHEM.2430,
10.1038/NCHEM.254,unmapped,https://doi.org/10.1038/NCHEM.254,
10.1038/NCHEM.738,unmapped,https://doi.org/10.1038/NCHEM.738,
10.1038/NCHEM.834,unmapped,https://doi.org/10.1038/NCHEM.834,
10.1038/nmat1927,unmapped,https://doi.org/10.1038/nmat1927,0
10.1038/NMAT4113,unmapped,https://doi.org/10.1038/NMAT4113,0
10.1038/NMAT5050,unmapped,https://doi.org/10.1038/NMAT5050,0
10.1038/s41560-018-0261-6,unmapped,https://doi.org/10.1038/s41560-018-0261-6,0
10.1038/s41563-018-0098-1,unmapped,https://doi.org/10.1038/s41563-018-0098-1,0
10.1038/s42004-019-0135-2,unmapped,https://doi.org/10.1038/s42004-019-0135-2,0
10.1038/s42004-021-00522-1,unmapped,https://doi.org/10.1038/s42004-021-00522-1,0
10.1039/a708520f,publisher_R,https://doi.org/10.1039/a708520f,1
10.1039/a905332h,publisher_R,https://doi.org/10.1039/a905332h,1
10.1039/b000566p,publisher_R,https://doi.org/10.1039/b000566p,1
10.1039/b005438k,publisher_R,https://doi.org/10.1039/b005438k,1
10.1039/b009542g,publisher_R,https://doi.org/10.1039/b009542g,1
10.1039/b100921o,publisher_R,https://doi.org/10.1039/b100921o,1
10.1039/b202220f,publisher_R,https://doi.org/10.1039/b202220f,1
10.1039/b206702a,publisher_R,https://doi.org/10.1039/b206702a,1
10.1039/b209491f,publisher_R,https://doi.org/10.1039/b209491f,1
10.1039/b212314m,publisher_R,https://doi.org/10.1039/b212314m,1
10.1039/b304826h,publisher_R,https://doi.org/10.1039/b304826h,1
10.1039/b306872b,publisher_R,https://doi.org/10.1039/b306872b,1
10.1039/b311988b,publisher_R,https://doi.org/10.1039/b311988b,1
10.1039/b315483a,publisher_R,https://doi.org/10.1039/b315483a,1
10.1039/b315842j,publisher_R,https://doi.org/10.1039/b315842j,1
10.1039/b317043h,publisher_R,https://doi.org/10.1039/b317043h,1
10.1039/b402715a,publisher_R,https://doi.org/10.1039/b402715a,1
10.1039/b404483p,publisher_R,https://doi.org/10.1039/b404483p,1
10.1039/b404485a,publisher_R,https://doi.org/10.1039/b404485a,1
10.1039/b408961h,publisher_R,https://doi.org/10.1039/b408961h,1
10.1039/b417013j,publisher_R,https://doi.org/10.1039/b417013j,1
10.1039/b419418g,publisher_R,https://doi.org/10.1039/b419418g,1
10.1039/b502512e,publisher_R,https://doi.org/10.1039/b502512e,1
10.1039/b502651b,publisher_R,https://doi.org/10.1039/b502651b,1
10.1039/b504862a,publisher_R,https://doi.org/10.1039/b504862a,1
10.1039/b506786c,publisher_R,https://doi.org/10.1039/b506786c,1
10.1039/b508930a,publisher_R,https://doi.org/10.1039/b508930a,1
10.1039/b509460g,publisher_R,https://doi.org/10.1039/b509460g,1
10.1039/b509746k,publisher_R,https://doi.org/10.1039/b509746k,1
10.1039/b512098e,publisher_R,https://doi.org/10.1039/b512098e,1
10.1039/b515151a,publisher_R,https://doi.org/10.1039/b515151a,1
10.1039/b600709k,publisher_R,https://doi.org/10.1039/b600709k,1
10.1039/b601009a,publisher_R,https://doi.org/10.1039/b601009a,1
10.1039/b601811d,publisher_R,https://doi.org/10.1039/b601811d,1
10.1039/b603014a,publisher_R,https://doi.org/10.1039/b603014a,1
10.1039/b603274e,publisher_R,https://doi.org/10.1039/b603274e,1
10.1039/b606434e,publisher_R,https://doi.org/10.1039/b606434e,1
10.1039/b609733b,publisher_R,https://doi.org/10.1039/b609733b,1
10.1039/b610012k,publisher_R,https://doi.org/10.1039/b610012k,1
10.1039/b615675d,publisher_R,https://doi.org/10.1039/b615675d,1
10.1039/b618613k,publisher_R,https://doi.org/10.1039/b618613k,1
10.1039/b618762e,publisher_R,https://doi.org/10.1039/b618762e,1
10.1039/b618981d,publisher_R,https://doi.org/10.1039/b618981d,1
10.1039/b702106b,publisher_R,https://doi.org/10.1039/b702106b,1
10.1039/b704294a,publisher_R,https://doi.org/10.1039/b704294a,1
10.1039/b704325b,publisher_R,https://doi.org/10.1039/b704325b,1
10.1039/b706177c,publisher_R,https://doi.org/10.1039/b706177c,1
10.1039/b706823a,publisher_R,https://doi.org/10.1039/b706823a,1
10.1039/b707159k,publisher_R,https://doi.org/10.1039/b707159k,1
10.1039/b708104a,publisher_R,https://doi.org/10.1039/b708104a,1
10.1039/b708389k,publisher_R,https://doi.org/10.1039/b708389k,1
10.1039/b709810c,publisher_R,https://doi.org/10.1039/b709810c,1
10.1039/b710209g,publisher_R,https://doi.org/10.1039/b710209g,1
10.1039/b712015j,publisher_R,https://doi.org/10.1039/b712015j,1
10.1039/b712118k,publisher_R,https://doi.org/10.1039/b712118k,1
10.1039/b713705b,publisher_R,https://doi.org/10.1039/b713705b,1
10.1039/b715481j,publisher_R,https://doi.org/10.1039/b715481j,1
10.1039/b717376h,publisher_R,https://doi.org/10.1039/b717376h,1
10.1039/b718947h,publisher_R,https://doi.org/10.1039/b718947h,1
10.1039/b719766g,publisher_R,https://doi.org/10.1039/b719766g,1
10.1039/b800255j,publisher_R,https://doi.org/10.1039/b800255j,1
10.1039/b800709h,publisher_R,https://doi.org/10.1039/b800709h,1
10.1039/b800820e,publisher_R,https://doi.org/10.1039/b800820e,1
10.1039/b800908b,publisher_R,https://doi.org/10.1039/b800908b,1
10.1039/b800938d,publisher_R,https://doi.org/10.1039/b800938d,1
10.1039/b801177j,publisher_R,https://doi.org/10.1039/b801177j,1
10.1039/b801280f,publisher_R,https://doi.org/10.1039/b801280f,1
10.1039/b801985a,publisher_R,https://doi.org/10.1039/b801985a,1
10.1039/b803168a,publisher_R,https://doi.org/10.1039/b803168a,1
10.1039/b803410a,publisher_R,https://doi.org/10.1039/b803410a,1
10.1039/b804490b,publisher_R,https://doi.org/10.1039/b804490b,1
10.1039/b804944k,publisher_R,https://doi.org/10.1039/b804944k,1
10.1039/b804956d,publisher_R,https://doi.org/10.1039/b804956d,1
10.1039/b805025b,publisher_R,https://doi.org/10.1039/b805025b,1
10.1039/b805101a,publisher_R,https://doi.org/10.1039/b805101a,1
10.1039/b805263h,publisher_R,https://doi.org/10.1039/b805263h,1
10.1039/b805379k,publisher_R,https://doi.org/10.1039/b805379k,1
10.1039/b805727c,publisher_R,https://doi.org/10.1039/b805727c,1
10.1039/b806297h,publisher_R,https://doi.org/10.1039/b806297h,1
10.1039/b806360e,publisher_R,https://doi.org/10.1039/b806360e,1
10.1039/b807063f,publisher_R,https://doi.org/10.1039/b807063f,1
10.1039/b807165a,publisher_R,https://doi.org/10.1039/b807165a,1
10.1039/b807676f,publisher_R,https://doi.org/10.1039/b807676f,1
10.1039/b808350a,publisher_R,https://doi.org/10.1039/b808350a,1
10.1039/b808394k,publisher_R,https://doi.org/10.1039/b808394k,1
10.1039/b808464e,publisher_R,https://doi.org/10.1039/b808464e,1
10.1039/b809557d,publisher_R,https://doi.org/10.1039/b809557d,1
10.1039/b810287b,publisher_R,https://doi.org/10.1039/b810287b,1
10.1039/b810414j,publisher_R,https://doi.org/10.1039/b810414j,1
10.1039/b811498f,publisher_R,https://doi.org/10.1039/b811498f,1
10.1039/b811725j,publisher_R,https://doi.org/10.1039/b811725j,1
10.1039/b811883n,publisher_R,https://doi.org/10.1039/b811883n,1
10.1039/b812097h,publisher_R,https://doi.org/10.1039/b812097h,1
10.1039/b812366g,publisher_R,https://doi.org/10.1039/b812366g,1
10.1039/b812645c,publisher_R,https://doi.org/10.1039/b812645c,1
10.1039/b813024h,publisher_R,https://doi.org/10.1039/b813024h,1
10.1039/b813226g,publisher_R,https://doi.org/10.1039/b813226g,1
10.1039/b814180k,publisher_R,https://doi.org/10.1039/b814180k,1
10.1039/b815935a,publisher_R,https://doi.org/10.1039/b815935a,1
10.1039/b817563b,publisher_R,https://doi.org/10.1039/b817563b,1
10.1039/b817972g,publisher_R,https://doi.org/10.1039/b817972g,1
10.1039/b819302a,publisher_R,https://doi.org/10.1039/b819302a,1
10.1039/b819707p,publisher_R,https://doi.org/10.1039/b819707p,1
10.1039/b819800d,publisher_R,https://doi.org/10.1039/b819800d,1
10.1039/b819935c,publisher_R,https://doi.org/10.1039/b819935c,1
10.1039/b822394g,publisher_R,https://doi.org/10.1039/b822394g,1
10.1039/b900522f,publisher_R,https://doi.org/10.1039/b900522f,1
10.1039/b900841a,publisher_R,https://doi.org/10.1039/b900841a,1
10.1039/b901042d,publisher_R,https://doi.org/10.1039/b901042d,1
10.1039/b902954k,publisher_R,https://doi.org/10.1039/b902954k,1
10.1039/b903932e,publisher_R,https://doi.org/10.1039/b903932e,1
10.1039/b904000e,publisher_R,https://doi.org/10.1039/b904000e,1
10.1039/b904622d,publisher_R,https://doi.org/10.1039/b904622d,1
10.1039/b905663g,publisher_R,https://doi.org/10.1039/b905663g,1
10.1039/b905707b,publisher_R,https://doi.org/10.1039/b905707b,1
10.1039/b905736f,publisher_R,https://doi.org/10.1039/b905736f,1
10.1039/b905794c,publisher_R,https://doi.org/10.1039/b905794c,1
10.1039/b905924p,publisher_R,https://doi.org/10.1039/b905924p,1
10.1039/b906105n,publisher_R,https://doi.org/10.1039/b906105n,1
10.1039/b907149k,publisher_R,https://doi.org/10.1039/b907149k,1
10.1039/b908862h,publisher_R,https://doi.org/10.1039/b908862h,1
10.1039/b909015k,publisher_R,https://doi.org/10.1039/b909015k,1
10.1039/b909590j,publisher_R,https://doi.org/10.1039/b909590j,1
10.1039/b909683c,publisher_R,https://doi.org/10.1039/b909683c,1
10.1039/b909754f,publisher_R,https://doi.org/10.1039/b909754f,1
10.1039/b912158g,publisher_R,https://doi.org/10.1039/b912158g,1
10.1039/b912415b,publisher_R,https://doi.org/10.1039/b912415b,1
10.1039/b912972n,publisher_R,https://doi.org/10.1039/b912972n,1
10.1039/b913942g,publisher_R,https://doi.org/10.1039/b913942g,1
10.1039/b914623g,publisher_R,https://doi.org/10.1039/b914623g,1
10.1039/b914879e,publisher_R,https://doi.org/10.1039/b914879e,1
10.1039/b915459k,publisher_R,https://doi.org/10.1039/b915459k,1
10.1039/b915539b,publisher_R,https://doi.org/10.1039/b915539b,1
10.1039/b915889h,publisher_R,https://doi.org/10.1039/b915889h,1
10.1039/b916206b,publisher_R,https://doi.org/10.1039/b916206b,1
10.1039/b916222d,publisher_R,https://doi.org/10.1039/b916222d,1
10.1039/b916878h,publisher_R,https://doi.org/10.1039/b916878h,1
10.1039/b916984a,publisher_R,https://doi.org/10.1039/b916984a,1
10.1039/b917338m,publisher_R,https://doi.org/10.1039/b917338m,1
10.1039/b917483d,publisher_R,https://doi.org/10.1039/b917483d,1
10.1039/b917987a,publisher_R,https://doi.org/10.1039/b917987a,1
10.1039/b919161e,publisher_R,https://doi.org/10.1039/b919161e,1
10.1039/b919675g,publisher_R,https://doi.org/10.1039/b919675g,1
10.1039/b919676p,publisher_R,https://doi.org/10.1039/b919676p,1
10.1039/b919813j,publisher_R,https://doi.org/10.1039/b919813j,1
10.1039/b920308g,publisher_R,https://doi.org/10.1039/b920308g,1
10.1039/b921850e,publisher_R,https://doi.org/10.1039/b921850e,1
10.1039/b922039a,publisher_R,https://doi.org/10.1039/b922039a,1
10.1039/b922528e,publisher_R,https://doi.org/10.1039/b922528e,1
10.1039/b922750d,publisher_R,https://doi.org/10.1039/b922750d,1
10.1039/b925088c,publisher_R,https://doi.org/10.1039/b925088c,1
10.1039/b925239h,publisher_R,https://doi.org/10.1039/b925239h,1
10.1039/b925714d,publisher_R,https://doi.org/10.1039/b925714d,1
10.1039/b925769a,publisher_R,https://doi.org/10.1039/b925769a,1
10.1039/b925903a,publisher_R,https://doi.org/10.1039/b925903a,1
10.1039/b926156g,publisher_R,https://doi.org/10.1039/b926156g,1
10.1039/b926324a,publisher_R,https://doi.org/10.1039/b926324a,1
10.1039/c000723d,publisher_R,https://doi.org/10.1039/c000723d,1
10.1039/c000734j,publisher_R,https://doi.org/10.1039/c000734j,1
10.1039/c001590c,publisher_R,https://doi.org/10.1039/c001590c,1
10.1039/c001655a,publisher_R,https://doi.org/10.1039/c001655a,1
10.1039/c002030n,publisher_R,https://doi.org/10.1039/c002030n,1
10.1039/c002088e,publisher_R,https://doi.org/10.1039/c002088e,1
10.1039/c002090g,publisher_R,https://doi.org/10.1039/c002090g,1
10.1039/c002214d,publisher_R,https://doi.org/10.1039/c002214d,1
10.1039/c002658a,publisher_R,https://doi.org/10.1039/c002658a,1
10.1039/c003764h,publisher_R,https://doi.org/10.1039/c003764h,1
10.1039/c003835k,publisher_R,https://doi.org/10.1039/c003835k,1
10.1039/c003986a,publisher_R,https://doi.org/10.1039/c003986a,1
10.1039/c004234j,publisher_R,https://doi.org/10.1039/c004234j,1
10.1039/c005207h,publisher_R,https://doi.org/10.1039/c005207h,1
10.1039/c0cc01141j,publisher_R,https://doi.org/10.1039/c0cc01141j,1
10.1039/c0cc01447h,publisher_R,https://doi.org/10.1039/c0cc01447h,1
10.1039/c0cc02990d,publisher_R,https://doi.org/10.1039/c0cc02990d,1
10.1039/c0cc05002d,publisher_R,https://doi.org/10.1039/c0cc05002d,1
10.1039/c0ce00013b,publisher_R,https://doi.org/10.1039/c0ce00013b,1
10.1039/c0ce00047g,publisher_R,https://doi.org/10.1039/c0ce00047g,1
10.1039/c0ce00111b,publisher_R,https://doi.org/10.1039/c0ce00111b,1
10.1039/c0ce00135j,publisher_R,https://doi.org/10.1039/c0ce00135j,1
10.1039/c0ce00181c,publisher_R,https://doi.org/10.1039/c0ce00181c,1
10.1039/c0ce00211a,publisher_R,https://doi.org/10.1039/c0ce00211a,1
10.1039/c0ce00219d,publisher_R,https://doi.org/10.1039/c0ce00219d,1
10.1039/c0ce00259c,publisher_R,https://doi.org/10.1039/c0ce00259c,1
10.1039/c0ce00297f,publisher_R,https://doi.org/10.1039/c0ce00297f,1
10.1039/c0ce00315h,publisher_R,https://doi.org/10.1039/c0ce00315h,1
10.1039/c0ce00365d,publisher_R,https://doi.org/10.1039/c0ce00365d,1
10.1039/c0ce00393j,publisher_R,https://doi.org/10.1039/c0ce00393j,1
10.1039/c0ce00400f,publisher_R,https://doi.org/10.1039/c0ce00400f,1
10.1039/c0ce00426j,publisher_R,https://doi.org/10.1039/c0ce00426j,1
10.1039/c0ce00490a,publisher_R,https://doi.org/10.1039/c0ce00490a,1
10.1039/c0ce00527d,publisher_R,https://doi.org/10.1039/c0ce00527d,1
10.1039/c0ce00530d,publisher_R,https://doi.org/10.1039/c0ce00530d,1
10.1039/c0ce00644k,publisher_R,https://doi.org/10.1039/c0ce00644k,1
10.1039/c0ce00687d,publisher_R,https://doi.org/10.1039/c0ce00687d,1
10.1039/c0ce00703j,publisher_R,https://doi.org/10.1039/c0ce00703j,1
10.1039/c0ce00715c,publisher_R,https://doi.org/10.1039/c0ce00715c,1
10.1039/c0ce00750a,publisher_R,https://doi.org/10.1039/c0ce00750a,1
10.1039/c0ce00762e,publisher_R,https://doi.org/10.1039/c0ce00762e,1
10.1039/c0ce00764a,publisher_R,https://doi.org/10.1039/c0ce00764a,1
10.1039/c0ce00789g,publisher_R,https://doi.org/10.1039/c0ce00789g,1
10.1039/c0ce00792g,publisher_R,https://doi.org/10.1039/c0ce00792g,1
10.1039/c0ce00834f,publisher_R,https://doi.org/10.1039/c0ce00834f,1
10.1039/c0ce00839g,publisher_R,https://doi.org/10.1039/c0ce00839g,1
10.1039/c0ce00848f,publisher_R,https://doi.org/10.1039/c0ce00848f,1
10.1039/c0ce00873g,publisher_R,https://doi.org/10.1039/c0ce00873g,1
10.1039/c0ce00878h,publisher_R,https://doi.org/10.1039/c0ce00878h,1
10.1039/c0ce00908c,publisher_R,https://doi.org/10.1039/c0ce00908c,1
10.1039/c0ce00937g,publisher_R,https://doi.org/10.1039/c0ce00937g,1
10.1039/c0ce00950d,publisher_R,https://doi.org/10.1039/c0ce00950d,1
10.1039/c0ce00963f,publisher_R,https://doi.org/10.1039/c0ce00963f,1
10.1039/c0dt00352b,publisher_R,https://doi.org/10.1039/c0dt00352b,1
10.1039/c0dt00374c,publisher_R,https://doi.org/10.1039/c0dt00374c,1
10.1039/c0dt00390e,publisher_R,https://doi.org/10.1039/c0dt00390e,1
10.1039/c0dt00579g,publisher_R,https://doi.org/10.1039/c0dt00579g,1
10.1039/c0dt00894j,publisher_R,https://doi.org/10.1039/c0dt00894j,1
10.1039/c0dt00903b,publisher_R,https://doi.org/10.1039/c0dt00903b,1
10.1039/c0dt00949k,publisher_R,https://doi.org/10.1039/c0dt00949k,1
10.1039/c0dt01011a,publisher_R,https://doi.org/10.1039/c0dt01011a,1
10.1039/c0dt01024c,publisher_R,https://doi.org/10.1039/c0dt01024c,1
10.1039/c0dt01206h,publisher_R,https://doi.org/10.1039/c0dt01206h,1
10.1039/c0dt01483d,publisher_R,https://doi.org/10.1039/c0dt01483d,1
10.1039/c0dt01584a,publisher_R,https://doi.org/10.1039/c0dt01584a,1
10.1039/c0dt01701a,publisher_R,https://doi.org/10.1039/c0dt01701a,1
10.1039/c0jm00515k,publisher_R,https://doi.org/10.1039/c0jm00515k,1
10.1039/c0jm02381g,publisher_R,https://doi.org/10.1039/c0jm02381g,1
10.1039/c0jm03563g,publisher_R,https://doi.org/10.1039/c0jm03563g,1
10.1039/c0nj00196a,publisher_R,https://doi.org/10.1039/c0nj00196a,1
10.1039/c0nj00436g,publisher_R,https://doi.org/10.1039/c0nj00436g,1
10.1039/c0nj00542h,publisher_R,https://doi.org/10.1039/c0nj00542h,1
10.1039/c0nj00845a,publisher_R,https://doi.org/10.1039/c0nj00845a,1
10.1039/c0nj00869a,publisher_R,https://doi.org/10.1039/c0nj00869a,1
10.1039/c0nj00904k,publisher_R,https://doi.org/10.1039/c0nj00904k,1
10.1039/c0sc00582g,publisher_R,https://doi.org/10.1039/c0sc00582g,1
10.1039/c1cc11932j,publisher_R,https://doi.org/10.1039/c1cc11932j,1
10.1039/c1cc12213d,publisher_R,https://doi.org/10.1039/c1cc12213d,1
10.1039/c1cc12479j,publisher_R,https://doi.org/10.1039/c1cc12479j,1
10.1039/c1cc13418c,publisher_R,https://doi.org/10.1039/c1cc13418c,1
10.1039/c1cc13877d,publisher_R,https://doi.org/10.1039/c1cc13877d,1
10.1039/c1cc14893a,publisher_R,https://doi.org/10.1039/c1cc14893a,1
10.1039/c1cc15589j,publisher_R,https://doi.org/10.1039/c1cc15589j,1
10.1039/c1cc15962c,publisher_R,https://doi.org/10.1039/c1cc15962c,1
10.1039/c1cc16147d,publisher_R,https://doi.org/10.1039/c1cc16147d,1
10.1039/c1ce05053b,publisher_R,https://doi.org/10.1039/c1ce05053b,1
10.1039/c1ce05059a,publisher_R,https://doi.org/10.1039/c1ce05059a,1
10.1039/c1ce05110e,publisher_R,https://doi.org/10.1039/c1ce05110e,1
10.1039/c1ce05129f,publisher_R,https://doi.org/10.1039/c1ce05129f,1
10.1039/c1ce05154g,publisher_R,https://doi.org/10.1039/c1ce05154g,1
10.1039/c1ce05177f,publisher_R,https://doi.org/10.1039/c1ce05177f,1
10.1039/c1ce05196b,publisher_R,https://doi.org/10.1039/c1ce05196b,1
10.1039/c1ce05208j,publisher_R,https://doi.org/10.1039/c1ce05208j,1
10.1039/c1ce05235g,publisher_R,https://doi.org/10.1039/c1ce05235g,1
10.1039/c1ce05254c,publisher_R,https://doi.org/10.1039/c1ce05254c,1
10.1039/c1ce05287j,publisher_R,https://doi.org/10.1039/c1ce05287j,1
10.1039/c1ce05308f,publisher_R,https://doi.org/10.1039/c1ce05308f,1
10.1039/c1ce05316g,publisher_R,https://doi.org/10.1039/c1ce05316g,1
10.1039/c1ce05369h,publisher_R,https://doi.org/10.1039/c1ce05369h,1
10.1039/c1ce05396e,publisher_R,https://doi.org/10.1039/c1ce05396e,1
10.1039/c1ce05422h,publisher_R,https://doi.org/10.1039/c1ce05422h,1
10.1039/c1ce05463e,publisher_R,https://doi.org/10.1039/c1ce05463e,1
10.1039/c1ce05520h,publisher_R,https://doi.org/10.1039/c1ce05520h,1
10.1039/c1ce05549f,publisher_R,https://doi.org/10.1039/c1ce05549f,1
10.1039/c1ce05561e,publisher_R,https://doi.org/10.1039/c1ce05561e,1
10.1039/c1ce05592e,publisher_R,https://doi.org/10.1039/c1ce05592e,1
10.1039/c1ce05639e,publisher_R,https://doi.org/10.1039/c1ce05639e,1
10.1039/c1ce05698k,publisher_R,https://doi.org/10.1039/c1ce05698k,1
10.1039/c1ce05718a,publisher_R,https://doi.org/10.1039/c1ce05718a,1
10.1039/c1ce05749a,publisher_R,https://doi.org/10.1039/c1ce05749a,1
10.1039/c1ce05751k,publisher_R,https://doi.org/10.1039/c1ce05751k,1
10.1039/c1ce05780d,publisher_R,https://doi.org/10.1039/c1ce05780d,1
10.1039/c1ce05817g,publisher_R,https://doi.org/10.1039/c1ce05817g,1
10.1039/c1ce05829k,publisher_R,https://doi.org/10.1039/c1ce05829k,1
10.1039/c1ce05877k,publisher_R,https://doi.org/10.1039/c1ce05877k,1
10.1039/c1ce05889d,publisher_R,https://doi.org/10.1039/c1ce05889d,1
10.1039/c1ce05896g,publisher_R,https://doi.org/10.1039/c1ce05896g,1
10.1039/c1ce05956d,publisher_R,https://doi.org/10.1039/c1ce05956d,1
10.1039/c1ce06002c,publisher_R,https://doi.org/10.1039/c1ce06002c,1
10.1039/c1ce06019h,publisher_R,https://doi.org/10.1039/c1ce06019h,1
10.1039/c1ce06044a,publisher_R,https://doi.org/10.1039/c1ce06044a,1
10.1039/c1ce06050c,publisher_R,https://doi.org/10.1039/c1ce06050c,1
10.1039/c1ce06111a,publisher_R,https://doi.org/10.1039/c1ce06111a,1
10.1039/c1ce06138k,publisher_R,https://doi.org/10.1039/c1ce06138k,1
10.1039/c1ce06178j,publisher_R,https://doi.org/10.1039/c1ce06178j,1
10.1039/c1ce06213a,publisher_R,https://doi.org/10.1039/c1ce06213a,1
10.1039/c1ce06268a,publisher_R,https://doi.org/10.1039/c1ce06268a,1
10.1039/c1ce06274c,publisher_R,https://doi.org/10.1039/c1ce06274c,1
10.1039/c1cp22855b,publisher_R,https://doi.org/10.1039/c1cp22855b,1
10.1039/c1dt10158g,publisher_R,https://doi.org/10.1039/c1dt10158g,1
10.1039/c1dt10241a,publisher_R,https://doi.org/10.1039/c1dt10241a,1
10.1039/c1dt10893j,publisher_R,https://doi.org/10.1039/c1dt10893j,1
10.1039/c1dt10901d,publisher_R,https://doi.org/10.1039/c1dt10901d,1
10.1039/c1dt10958h,publisher_R,https://doi.org/10.1039/c1dt10958h,1
10.1039/c1dt10985e,publisher_R,https://doi.org/10.1039/c1dt10985e,1
10.1039/c1dt11099c,publisher_R,https://doi.org/10.1039/c1dt11099c,1
10.1039/c1dt11130b,publisher_R,https://doi.org/10.1039/c1dt11130b,1
10.1039/c1dt11237f,publisher_R,https://doi.org/10.1039/c1dt11237f,1
10.1039/c1dt11431j,publisher_R,https://doi.org/10.1039/c1dt11431j,1
10.1039/c1dt11654a,publisher_R,https://doi.org/10.1039/c1dt11654a,1
10.1039/c1dt11692d,publisher_R,https://doi.org/10.1039/c1dt11692d,1
10.1039/c1dt11700a,publisher_R,https://doi.org/10.1039/c1dt11700a,1
10.1039/c1gc15726d,publisher_R,https://doi.org/10.1039/c1gc15726d,1
10.1039/c1jm10787a,publisher_R,https://doi.org/10.1039/c1jm10787a,1
10.1039/c1jm10947b,publisher_R,https://doi.org/10.1039/c1jm10947b,1
10.1039/c1jm11102g,publisher_R,https://doi.org/10.1039/c1jm11102g,1
10.1039/c1jm12789f,publisher_R,https://doi.org/10.1039/c1jm12789f,1
10.1039/c1jm12859k,publisher_R,https://doi.org/10.1039/c1jm12859k,1
10.1039/c1jm14677g,publisher_R,https://doi.org/10.1039/c1jm14677g,1
10.1039/c1jm14791a,publisher_R,https://doi.org/10.1039/c1jm14791a,1
10.1039/c1ra00164g,publisher_R,https://doi.org/10.1039/c1ra00164g,1
10.1039/c2cc16779d,publisher_R,https://doi.org/10.1039/c2cc16779d,1
10.1039/c2cc17190b,publisher_R,https://doi.org/10.1039/c2cc17190b,1
10.1039/c2cc17256a,publisher_R,https://doi.org/10.1039/c2cc17256a,1
10.1039/c2cc33964a,publisher_R,https://doi.org/10.1039/c2cc33964a,1
10.1039/c2cc34196d,publisher_R,https://doi.org/10.1039/c2cc34196d,1
10.1039/c2cc34380k,publisher_R,https://doi.org/10.1039/c2cc34380k,1
10.1039/c2cc34689c,publisher_R,https://doi.org/10.1039/c2cc34689c,1
10.1039/c2cc35348b,publisher_R,https://doi.org/10.1039/c2cc35348b,1
10.1039/c2cc35366k,publisher_R,https://doi.org/10.1039/c2cc35366k,1
10.1039/c2cc36003a,publisher_R,https://doi.org/10.1039/c2cc36003a,1
10.1039/c2cc36344e,publisher_R,https://doi.org/10.1039/c2cc36344e,1
10.1039/c2cc37453f,publisher_R,https://doi.org/10.1039/c2cc37453f,1
10.1039/c2cc38092g,publisher_R,https://doi.org/10.1039/c2cc38092g,1
10.1039/c2ce00025c,publisher_R,https://doi.org/10.1039/c2ce00025c,1
10.1039/c2ce05586d,publisher_R,https://doi.org/10.1039/c2ce05586d,1
10.1039/c2ce05948g,publisher_R,https://doi.org/10.1039/c2ce05948g,1
10.1039/c2ce06176g,publisher_R,https://doi.org/10.1039/c2ce06176g,1
10.1039/c2ce06290a,publisher_R,https://doi.org/10.1039/c2ce06290a,1
10.1039/c2ce06327a,publisher_R,https://doi.org/10.1039/c2ce06327a,1
10.1039/c2ce06329h,publisher_R,https://doi.org/10.1039/c2ce06329h,1
10.1039/c2ce06345j,publisher_R,https://doi.org/10.1039/c2ce06345j,1
10.1039/c2ce06386g,publisher_R,https://doi.org/10.1039/c2ce06386g,1
10.1039/c2ce06415d,publisher_R,https://doi.org/10.1039/c2ce06415d,1
10.1039/c2ce06428f,publisher_R,https://doi.org/10.1039/c2ce06428f,1
10.1039/c2ce06451k,publisher_R,https://doi.org/10.1039/c2ce06451k,1
10.1039/c2ce06496k,publisher_R,https://doi.org/10.1039/c2ce06496k,1
10.1039/c2ce06546k,publisher_R,https://doi.org/10.1039/c2ce06546k,1
10.1039/c2ce06563k,publisher_R,https://doi.org/10.1039/c2ce06563k,1
10.1039/c2ce06572j,publisher_R,https://doi.org/10.1039/c2ce06572j,1
10.1039/c2ce06580k,publisher_R,https://doi.org/10.1039/c2ce06580k,1
10.1039/c2ce06581a,publisher_R,https://doi.org/10.1039/c2ce06581a,1
10.1039/c2ce06632g,publisher_R,https://doi.org/10.1039/c2ce06632g,1
10.1039/c2ce06694g,publisher_R,https://doi.org/10.1039/c2ce06694g,1
10.1039/c2ce25040c,publisher_R,https://doi.org/10.1039/c2ce25040c,1
10.1039/c2ce25081k,publisher_R,https://doi.org/10.1039/c2ce25081k,1
10.1039/c2ce25160d,publisher_R,https://doi.org/10.1039/c2ce25160d,1
10.1039/c2ce25194a,publisher_R,https://doi.org/10.1039/c2ce25194a,1
10.1039/c2ce25202c,publisher_R,https://doi.org/10.1039/c2ce25202c,1
10.1039/c2ce25264c,publisher_R,https://doi.org/10.1039/c2ce25264c,1
10.1039/c2ce25328c,publisher_R,https://doi.org/10.1039/c2ce25328c,1
10.1039/c2ce25358e,publisher_R,https://doi.org/10.1039/c2ce25358e,1
10.1039/c2ce25388g,publisher_R,https://doi.org/10.1039/c2ce25388g,1
10.1039/c2ce25422k,publisher_R,https://doi.org/10.1039/c2ce25422k,1
10.1039/c2ce25430a,publisher_R,https://doi.org/10.1039/c2ce25430a,1
10.1039/c2ce25442e,publisher_R,https://doi.org/10.1039/c2ce25442e,1
10.1039/c2ce25456e,publisher_R,https://doi.org/10.1039/c2ce25456e,1
10.1039/c2ce25482d,publisher_R,https://doi.org/10.1039/c2ce25482d,1
10.1039/c2ce25529d,publisher_R,https://doi.org/10.1039/c2ce25529d,1
10.1039/c2ce25588j,publisher_R,https://doi.org/10.1039/c2ce25588j,1
10.1039/c2ce25589h,publisher_R,https://doi.org/10.1039/c2ce25589h,1
10.1039/c2ce25602a,publisher_R,https://doi.org/10.1039/c2ce25602a,1
10.1039/c2ce25607j,publisher_R,https://doi.org/10.1039/c2ce25607j,1
10.1039/c2ce25618e,publisher_R,https://doi.org/10.1039/c2ce25618e,1
10.1039/c2ce25677k,publisher_R,https://doi.org/10.1039/c2ce25677k,1
10.1039/c2ce25780g,publisher_R,https://doi.org/10.1039/c2ce25780g,1
10.1039/c2ce25807b,publisher_R,https://doi.org/10.1039/c2ce25807b,1
10.1039/c2ce25906k,publisher_R,https://doi.org/10.1039/c2ce25906k,1
10.1039/c2ce25911g,publisher_R,https://doi.org/10.1039/c2ce25911g,1
10.1039/c2ce25912e,publisher_R,https://doi.org/10.1039/c2ce25912e,1
10.1039/c2ce26063h,publisher_R,https://doi.org/10.1039/c2ce26063h,1
10.1039/c2ce26129d,publisher_R,https://doi.org/10.1039/c2ce26129d,1
10.1039/c2ce26138c,publisher_R,https://doi.org/10.1039/c2ce26138c,1
10.1039/c2ce26170g,publisher_R,https://doi.org/10.1039/c2ce26170g,1
10.1039/c2ce26171e,publisher_R,https://doi.org/10.1039/c2ce26171e,1
10.1039/c2ce26279g,publisher_R,https://doi.org/10.1039/c2ce26279g,1
10.1039/c2ce26290h,publisher_R,https://doi.org/10.1039/c2ce26290h,1
10.1039/c2ce26312b,publisher_R,https://doi.org/10.1039/c2ce26312b,1
10.1039/c2ce26323h,publisher_R,https://doi.org/10.1039/c2ce26323h,1
10.1039/c2ce26338f,publisher_R,https://doi.org/10.1039/c2ce26338f,1
10.1039/c2ce26390d,publisher_R,https://doi.org/10.1039/c2ce26390d,1
10.1039/c2ce26436f,publisher_R,https://doi.org/10.1039/c2ce26436f,1
10.1039/c2ce26521d,publisher_R,https://doi.org/10.1039/c2ce26521d,1
10.1039/c2ce26532j,publisher_R,https://doi.org/10.1039/c2ce26532j,1
10.1039/c2ce26533h,publisher_R,https://doi.org/10.1039/c2ce26533h,1
10.1039/c2ce26586a,publisher_R,https://doi.org/10.1039/c2ce26586a,1
10.1039/c2ce26606g,publisher_R,https://doi.org/10.1039/c2ce26606g,1
10.1039/c2ce26636a,publisher_R,https://doi.org/10.1039/c2ce26636a,1
10.1039/c2ce26695d,publisher_R,https://doi.org/10.1039/c2ce26695d,1
10.1039/c2ce26701b,publisher_R,https://doi.org/10.1039/c2ce26701b,1
10.1039/c2ce26720a,publisher_R,https://doi.org/10.1039/c2ce26720a,1
10.1039/c2ce26793d,publisher_R,https://doi.org/10.1039/c2ce26793d,1
10.1039/c2ce26847g,publisher_R,https://doi.org/10.1039/c2ce26847g,1
10.1039/c2ce26892b,publisher_R,https://doi.org/10.1039/c2ce26892b,1
10.1039/c2ce26940f,publisher_R,https://doi.org/10.1039/c2ce26940f,1
10.1039/c2cp42137b,publisher_R,https://doi.org/10.1039/c2cp42137b,1
10.1039/c2dt00001f,publisher_R,https://doi.org/10.1039/c2dt00001f,1
10.1039/c2dt00057a,publisher_R,https://doi.org/10.1039/c2dt00057a,1
10.1039/c2dt11966h,publisher_R,https://doi.org/10.1039/c2dt11966h,1
10.1039/c2dt11993e,publisher_R,https://doi.org/10.1039/c2dt11993e,1
10.1039/c2dt12032a,publisher_R,https://doi.org/10.1039/c2dt12032a,1
10.1039/c2dt12059c,publisher_R,https://doi.org/10.1039/c2dt12059c,1
10.1039/c2dt12088g,publisher_R,https://doi.org/10.1039/c2dt12088g,1
10.1039/c2dt12170k,publisher_R,https://doi.org/10.1039/c2dt12170k,1
10.1039/c2dt12346k,publisher_R,https://doi.org/10.1039/c2dt12346k,1
10.1039/c2dt30174a,publisher_R,https://doi.org/10.1039/c2dt30174a,1
10.1039/c2dt30184a,publisher_R,https://doi.org/10.1039/c2dt30184a,1
10.1039/c2dt30277b,publisher_R,https://doi.org/10.1039/c2dt30277b,1
10.1039/c2dt30362k,publisher_R,https://doi.org/10.1039/c2dt30362k,1
10.1039/c2dt30372h,publisher_R,https://doi.org/10.1039/c2dt30372h,1
10.1039/c2dt30537b,publisher_R,https://doi.org/10.1039/c2dt30537b,1
10.1039/c2dt30649b,publisher_R,https://doi.org/10.1039/c2dt30649b,1
10.1039/c2dt30708a,publisher_R,https://doi.org/10.1039/c2dt30708a,1
10.1039/c2dt30826f,publisher_R,https://doi.org/10.1039/c2dt30826f,1
10.1039/c2dt31090b,publisher_R,https://doi.org/10.1039/c2dt31090b,1
10.1039/c2dt31135f,publisher_R,https://doi.org/10.1039/c2dt31135f,1
10.1039/c2dt31361h,publisher_R,https://doi.org/10.1039/c2dt31361h,1
10.1039/c2dt31378b,publisher_R,https://doi.org/10.1039/c2dt31378b,1
10.1039/c2dt31457f,publisher_R,https://doi.org/10.1039/c2dt31457f,1
10.1039/c2dt31518a,publisher_R,https://doi.org/10.1039/c2dt31518a,1
10.1039/c2dt31731a,publisher_R,https://doi.org/10.1039/c2dt31731a,1
10.1039/c2dt31867a,publisher_R,https://doi.org/10.1039/c2dt31867a,1
10.1039/c2dt31879b,publisher_R,https://doi.org/10.1039/c2dt31879b,1
10.1039/c2dt31917a,publisher_R,https://doi.org/10.1039/c2dt31917a,1
10.1039/c2dt31935g,publisher_R,https://doi.org/10.1039/c2dt31935g,1
10.1039/c2dt31964k,publisher_R,https://doi.org/10.1039/c2dt31964k,1
10.1039/c2dt32073h,publisher_R,https://doi.org/10.1039/c2dt32073h,1
10.1039/c2dt32138f,publisher_R,https://doi.org/10.1039/c2dt32138f,1
10.1039/c2dt32431h,publisher_R,https://doi.org/10.1039/c2dt32431h,1
10.1039/c2dt32674d,publisher_R,https://doi.org/10.1039/c2dt32674d,1
10.1039/c2gc35284b,publisher_R,https://doi.org/10.1039/c2gc35284b,1
10.1039/c2jm15523k,publisher_R,https://doi.org/10.1039/c2jm15523k,1
10.1039/c2jm15601f,publisher_R,https://doi.org/10.1039/c2jm15601f,1
10.1039/c2jm15966j,publisher_R,https://doi.org/10.1039/c2jm15966j,1
10.1039/c2jm16236a,publisher_R,https://doi.org/10.1039/c2jm16236a,1
10.1039/c2jm16371c,publisher_R,https://doi.org/10.1039/c2jm16371c,1
10.1039/c2jm30389b,publisher_R,https://doi.org/10.1039/c2jm30389b,1
10.1039/c2jm30718a,publisher_R,https://doi.org/10.1039/c2jm30718a,1
10.1039/c2jm30866e,publisher_R,https://doi.org/10.1039/c2jm30866e,1
10.1039/c2jm31536j,publisher_R,https://doi.org/10.1039/c2jm31536j,1
10.1039/c2jm32066e,publisher_R,https://doi.org/10.1039/c2jm32066e,1
10.1039/c2jm32501b,publisher_R,https://doi.org/10.1039/c2jm32501b,1
10.1039/c2jm32990e,publisher_R,https://doi.org/10.1039/c2jm32990e,1
10.1039/c2nj20587d,publisher_R,https://doi.org/10.1039/c2nj20587d,1
10.1039/c2nj40752c,publisher_R,https://doi.org/10.1039/c2nj40752c,1
10.1039/c2nr30244f,publisher_R,https://doi.org/10.1039/c2nr30244f,1
10.1039/c2ra20641b,publisher_R,https://doi.org/10.1039/c2ra20641b,1
10.1039/c2ra21930a,publisher_R,https://doi.org/10.1039/c2ra21930a,1
10.1039/c2ra22550f,publisher_R,https://doi.org/10.1039/c2ra22550f,1
10.1039/c2sc20407j,publisher_R,https://doi.org/10.1039/c2sc20407j,1
10.1039/c2ta00030j,publisher_R,https://doi.org/10.1039/c2ta00030j,1
10.1039/c2ta01125e,publisher_R,https://doi.org/10.1039/c2ta01125e,1
10.1039/c3an00598d,publisher_R,https://doi.org/10.1039/c3an00598d,1
10.1039/c3cc40635k,publisher_R,https://doi.org/10.1039/c3cc40635k,1
10.1039/c3cc43383h,publisher_R,https://doi.org/10.1039/c3cc43383h,1
10.1039/c3cc44119a,publisher_R,https://doi.org/10.1039/c3cc44119a,1
10.1039/c3cc44193h,publisher_R,https://doi.org/10.1039/c3cc44193h,1
10.1039/c3cc45310c,publisher_R,https://doi.org/10.1039/c3cc45310c,1
10.1039/c3cc46105j,publisher_R,https://doi.org/10.1039/c3cc46105j,1
10.1039/c3cc49666j,publisher_R,https://doi.org/10.1039/c3cc49666j,1
10.1039/c3cc49829h,publisher_R,https://doi.org/10.1039/c3cc49829h,1
10.1039/c3ce00009e,publisher_R,https://doi.org/10.1039/c3ce00009e,1
10.1039/c3ce00017f,publisher_R,https://doi.org/10.1039/c3ce00017f,1
10.1039/c3ce00048f,publisher_R,https://doi.org/10.1039/c3ce00048f,1
10.1039/c3ce00049d,publisher_R,https://doi.org/10.1039/c3ce00049d,1
10.1039/c3ce00068k,publisher_R,https://doi.org/10.1039/c3ce00068k,1
10.1039/c3ce26781d,publisher_R,https://doi.org/10.1039/c3ce26781d,1
10.1039/c3ce26854c,publisher_R,https://doi.org/10.1039/c3ce26854c,1
10.1039/c3ce26864k,publisher_R,https://doi.org/10.1039/c3ce26864k,1
10.1039/c3ce26905a,publisher_R,https://doi.org/10.1039/c3ce26905a,1
10.1039/c3ce26998a,publisher_R,https://doi.org/10.1039/c3ce26998a,1
10.1039/c3ce27006h,publisher_R,https://doi.org/10.1039/c3ce27006h,1
10.1039/c3ce27023h,publisher_R,https://doi.org/10.1039/c3ce27023h,1
10.1039/c3ce27056d,publisher_R,https://doi.org/10.1039/c3ce27056d,1
10.1039/c3ce27082c,publisher_R,https://doi.org/10.1039/c3ce27082c,1
10.1039/c3ce40099a,publisher_R,https://doi.org/10.1039/c3ce40099a,1
10.1039/c3ce40109j,publisher_R,https://doi.org/10.1039/c3ce40109j,1
10.1039/c3ce40117k,publisher_R,https://doi.org/10.1039/c3ce40117k,1
10.1039/c3ce40174j,publisher_R,https://doi.org/10.1039/c3ce40174j,1
10.1039/c3ce40179k,publisher_R,https://doi.org/10.1039/c3ce40179k,1
10.1039/c3ce40210j,publisher_R,https://doi.org/10.1039/c3ce40210j,1
10.1039/c3ce40315g,publisher_R,https://doi.org/10.1039/c3ce40315g,1
10.1039/c3ce40442k,publisher_R,https://doi.org/10.1039/c3ce40442k,1
10.1039/c3ce40445e,publisher_R,https://doi.org/10.1039/c3ce40445e,1
10.1039/c3ce40456k,publisher_R,https://doi.org/10.1039/c3ce40456k,1
10.1039/c3ce40484f,publisher_R,https://doi.org/10.1039/c3ce40484f,1
10.1039/c3ce40528a,publisher_R,https://doi.org/10.1039/c3ce40528a,1
10.1039/c3ce40594j,publisher_R,https://doi.org/10.1039/c3ce40594j,1
10.1039/c3ce40599k,publisher_R,https://doi.org/10.1039/c3ce40599k,1
10.1039/c3ce40754c,publisher_R,https://doi.org/10.1039/c3ce40754c,1
10.1039/c3ce40782a,publisher_R,https://doi.org/10.1039/c3ce40782a,1
10.1039/c3ce40825f,publisher_R,https://doi.org/10.1039/c3ce40825f,1
10.1039/c3ce40828k,publisher_R,https://doi.org/10.1039/c3ce40828k,1
10.1039/c3ce40847g,publisher_R,https://doi.org/10.1039/c3ce40847g,1
10.1039/c3ce40850g,publisher_R,https://doi.org/10.1039/c3ce40850g,1
10.1039/c3ce40858b,publisher_R,https://doi.org/10.1039/c3ce40858b,1
10.1039/c3ce40869h,publisher_R,https://doi.org/10.1039/c3ce40869h,1
10.1039/c3ce40910d,publisher_R,https://doi.org/10.1039/c3ce40910d,1
10.1039/c3ce40913a,publisher_R,https://doi.org/10.1039/c3ce40913a,1
10.1039/c3ce40943k,publisher_R,https://doi.org/10.1039/c3ce40943k,1
10.1039/c3ce40946e,publisher_R,https://doi.org/10.1039/c3ce40946e,1
10.1039/c3ce41000e,publisher_R,https://doi.org/10.1039/c3ce41000e,1
10.1039/c3ce41008k,publisher_R,https://doi.org/10.1039/c3ce41008k,1
10.1039/c3ce41037d,publisher_R,https://doi.org/10.1039/c3ce41037d,1
10.1039/c3ce41056k,publisher_R,https://doi.org/10.1039/c3ce41056k,1
10.1039/c3ce41060a,publisher_R,https://doi.org/10.1039/c3ce41060a,1
10.1039/c3ce41073k,publisher_R,https://doi.org/10.1039/c3ce41073k,1
10.1039/c3ce41080c,publisher_R,https://doi.org/10.1039/c3ce41080c,1
10.1039/c3ce41095a,publisher_R,https://doi.org/10.1039/c3ce41095a,1
10.1039/c3ce41123k,publisher_R,https://doi.org/10.1039/c3ce41123k,1
10.1039/c3ce41124a,publisher_R,https://doi.org/10.1039/c3ce41124a,1
10.1039/c3ce41143e,publisher_R,https://doi.org/10.1039/c3ce41143e,1
10.1039/c3ce41152d,publisher_R,https://doi.org/10.1039/c3ce41152d,1
10.1039/c3ce41238e,publisher_R,https://doi.org/10.1039/c3ce41238e,1
10.1039/c3ce41253a,publisher_R,https://doi.org/10.1039/c3ce41253a,1
10.1039/c3ce41260a,publisher_R,https://doi.org/10.1039/c3ce41260a,1
10.1039/c3ce41268g,publisher_R,https://doi.org/10.1039/c3ce41268g,1
10.1039/c3ce41364k,publisher_R,https://doi.org/10.1039/c3ce41364k,1
10.1039/c3ce41366g,publisher_R,https://doi.org/10.1039/c3ce41366g,1
10.1039/c3ce41370e,publisher_R,https://doi.org/10.1039/c3ce41370e,1
10.1039/c3ce41428k,publisher_R,https://doi.org/10.1039/c3ce41428k,1
10.1039/c3ce41457d,publisher_R,https://doi.org/10.1039/c3ce41457d,1
10.1039/c3ce41557k,publisher_R,https://doi.org/10.1039/c3ce41557k,1
10.1039/c3ce41575a,publisher_R,https://doi.org/10.1039/c3ce41575a,1
10.1039/c3ce41612g,publisher_R,https://doi.org/10.1039/c3ce41612g,1
10.1039/c3ce41623b,publisher_R,https://doi.org/10.1039/c3ce41623b,1
10.1039/c3ce41632a,publisher_R,https://doi.org/10.1039/c3ce41632a,1
10.1039/c3ce41706a,publisher_R,https://doi.org/10.1039/c3ce41706a,1
10.1039/c3ce41728j,publisher_R,https://doi.org/10.1039/c3ce41728j,1
10.1039/c3ce41740a,publisher_R,https://doi.org/10.1039/c3ce41740a,1
10.1039/c3ce41764f,publisher_R,https://doi.org/10.1039/c3ce41764f,1
10.1039/c3ce41801d,publisher_R,https://doi.org/10.1039/c3ce41801d,1
10.1039/c3ce41805g,publisher_R,https://doi.org/10.1039/c3ce41805g,1
10.1039/c3ce41966e,publisher_R,https://doi.org/10.1039/c3ce41966e,1
10.1039/c3ce41996g,publisher_R,https://doi.org/10.1039/c3ce41996g,1
10.1039/c3ce42021c,publisher_R,https://doi.org/10.1039/c3ce42021c,1
10.1039/c3ce42028k,publisher_R,https://doi.org/10.1039/c3ce42028k,1
10.1039/c3ce42040j,publisher_R,https://doi.org/10.1039/c3ce42040j,1
10.1039/c3ce42045k,publisher_R,https://doi.org/10.1039/c3ce42045k,1
10.1039/c3ce42152j,publisher_R,https://doi.org/10.1039/c3ce42152j,1
10.1039/c3ce42203h,publisher_R,https://doi.org/10.1039/c3ce42203h,1
10.1039/c3ce42208a,publisher_R,https://doi.org/10.1039/c3ce42208a,1
10.1039/c3ce42216j,publisher_R,https://doi.org/10.1039/c3ce42216j,1
10.1039/c3ce42260g,publisher_R,https://doi.org/10.1039/c3ce42260g,1
10.1039/c3ce42311e,publisher_R,https://doi.org/10.1039/c3ce42311e,1
10.1039/c3ce42339e,publisher_R,https://doi.org/10.1039/c3ce42339e,1
10.1039/c3ce42390e,publisher_R,https://doi.org/10.1039/c3ce42390e,1
10.1039/c3ce42426j,publisher_R,https://doi.org/10.1039/c3ce42426j,1
10.1039/c3ce42441c,publisher_R,https://doi.org/10.1039/c3ce42441c,1
10.1039/c3ce42451k,publisher_R,https://doi.org/10.1039/c3ce42451k,1
10.1039/c3ce42477d,publisher_R,https://doi.org/10.1039/c3ce42477d,1
10.1039/c3ce42485e,publisher_R,https://doi.org/10.1039/c3ce42485e,1
10.1039/c3ce42625d,publisher_R,https://doi.org/10.1039/c3ce42625d,1
10.1039/c3ce42648c,publisher_R,https://doi.org/10.1039/c3ce42648c,1
10.1039/c3cy00044c,publisher_R,https://doi.org/10.1039/c3cy00044c,1
10.1039/c3cy00503h,publisher_R,https://doi.org/10.1039/c3cy00503h,1
10.1039/c3cy01053h,publisher_R,https://doi.org/10.1039/c3cy01053h,1
10.1039/c3dt32302a,publisher_R,https://doi.org/10.1039/c3dt32302a,1
10.1039/c3dt32355b,publisher_R,https://doi.org/10.1039/c3dt32355b,1
10.1039/c3dt32588a,publisher_R,https://doi.org/10.1039/c3dt32588a,1
10.1039/c3dt50315a,publisher_R,https://doi.org/10.1039/c3dt50315a,1
10.1039/c3dt50532d,publisher_R,https://doi.org/10.1039/c3dt50532d,1
10.1039/c3dt50641j,publisher_R,https://doi.org/10.1039/c3dt50641j,1
10.1039/c3dt50664a,publisher_R,https://doi.org/10.1039/c3dt50664a,1
10.1039/c3dt50687h,publisher_R,https://doi.org/10.1039/c3dt50687h,1
10.1039/c3dt50787d,publisher_R,https://doi.org/10.1039/c3dt50787d,1
10.1039/c3dt51114f,publisher_R,https://doi.org/10.1039/c3dt51114f,1
10.1039/c3dt51241j,publisher_R,https://doi.org/10.1039/c3dt51241j,1
10.1039/c3dt51509e,publisher_R,https://doi.org/10.1039/c3dt51509e,1
10.1039/c3dt51610e,publisher_R,https://doi.org/10.1039/c3dt51610e,1
10.1039/c3dt51736e,publisher_R,https://doi.org/10.1039/c3dt51736e,1
10.1039/c3dt51747k,publisher_R,https://doi.org/10.1039/c3dt51747k,1
10.1039/c3dt51905h,publisher_R,https://doi.org/10.1039/c3dt51905h,1
10.1039/c3dt52001c,publisher_R,https://doi.org/10.1039/c3dt52001c,1
10.1039/c3dt52103f,publisher_R,https://doi.org/10.1039/c3dt52103f,1
10.1039/c3dt52159a,publisher_R,https://doi.org/10.1039/c3dt52159a,1
10.1039/c3dt52190g,publisher_R,https://doi.org/10.1039/c3dt52190g,1
10.1039/c3dt52266k,publisher_R,https://doi.org/10.1039/c3dt52266k,1
10.1039/c3dt52430b,publisher_R,https://doi.org/10.1039/c3dt52430b,1
10.1039/c3dt52500g,publisher_R,https://doi.org/10.1039/c3dt52500g,1
10.1039/c3dt52579a,publisher_R,https://doi.org/10.1039/c3dt52579a,1
10.1039/c3dt52888j,publisher_R,https://doi.org/10.1039/c3dt52888j,1
10.1039/c3dt52910j,publisher_R,https://doi.org/10.1039/c3dt52910j,1
10.1039/c3dt52977k,publisher_R,https://doi.org/10.1039/c3dt52977k,1
10.1039/c3dt52992d,publisher_R,https://doi.org/10.1039/c3dt52992d,0
10.1039/c3dt53109k,publisher_R,https://doi.org/10.1039/c3dt53109k,1
10.1039/c3dt53112k,publisher_R,https://doi.org/10.1039/c3dt53112k,1
10.1039/c3dt53167h,publisher_R,https://doi.org/10.1039/c3dt53167h,1
10.1039/c3dt53191k,publisher_R,https://doi.org/10.1039/c3dt53191k,1
10.1039/c3dt53379d,publisher_R,https://doi.org/10.1039/c3dt53379d,1
10.1039/c3dt53415d,publisher_R,https://doi.org/10.1039/c3dt53415d,1
10.1039/c3ee24506c,publisher_R,https://doi.org/10.1039/c3ee24506c,1
10.1039/c3ee40876k,publisher_R,https://doi.org/10.1039/c3ee40876k,1
10.1039/c3ee42918k,publisher_R,https://doi.org/10.1039/c3ee42918k,1
10.1039/c3nj00023k,publisher_R,https://doi.org/10.1039/c3nj00023k,1
10.1039/c3nj00700f,publisher_R,https://doi.org/10.1039/c3nj00700f,1
10.1039/c3nr04390h,publisher_R,https://doi.org/10.1039/c3nr04390h,1
10.1039/c3qi00042g,publisher_R,https://doi.org/10.1039/c3qi00042g,1
10.1039/c3qi00045a,publisher_R,https://doi.org/10.1039/c3qi00045a,1
10.1039/c3qi00093a,publisher_R,https://doi.org/10.1039/c3qi00093a,1
10.1039/c3ra23443f,publisher_R,https://doi.org/10.1039/c3ra23443f,1
10.1039/c3ra40741a,publisher_R,https://doi.org/10.1039/c3ra40741a,1
10.1039/c3ra42519c,publisher_R,https://doi.org/10.1039/c3ra42519c,1
10.1039/c3ra45411h,publisher_R,https://doi.org/10.1039/c3ra45411h,1
10.1039/c3ra46706f,publisher_R,https://doi.org/10.1039/c3ra46706f,1
10.1039/c3sc21659d,publisher_R,https://doi.org/10.1039/c3sc21659d,1
10.1039/c3sc51336j,publisher_R,https://doi.org/10.1039/c3sc51336j,1
10.1039/c3sc51379c,publisher_R,https://doi.org/10.1039/c3sc51379c,1
10.1039/c3sc52666f,publisher_R,https://doi.org/10.1039/c3sc52666f,1
10.1039/c3ta11548h,publisher_R,https://doi.org/10.1039/c3ta11548h,1
10.1039/c3ta11925d,publisher_R,https://doi.org/10.1039/c3ta11925d,1
10.1039/c3ta12476b,publisher_R,https://doi.org/10.1039/c3ta12476b,1
10.1039/c3ta13242k,publisher_R,https://doi.org/10.1039/c3ta13242k,1
10.1039/c3ta14409g,publisher_R,https://doi.org/10.1039/c3ta14409g,1
10.1039/c3ta15071b,publisher_R,https://doi.org/10.1039/c3ta15071b,1
10.1039/c3tb20814a,publisher_R,https://doi.org/10.1039/c3tb20814a,1
10.1039/c3tb20832j,publisher_R,https://doi.org/10.1039/c3tb20832j,1
10.1039/c3tb21707h,publisher_R,https://doi.org/10.1039/c3tb21707h,1
10.1039/c3tc32114b,publisher_R,https://doi.org/10.1039/c3tc32114b,1
10.1039/c4an01773k,publisher_R,https://doi.org/10.1039/c4an01773k,1
10.1039/c4cc00408f,publisher_R,https://doi.org/10.1039/c4cc00408f,1
10.1039/c4cc00900b,publisher_R,https://doi.org/10.1039/c4cc00900b,1
10.1039/c4cc01253d,publisher_R,https://doi.org/10.1039/c4cc01253d,1
10.1039/c4cc01978d,publisher_R,https://doi.org/10.1039/c4cc01978d,1
10.1039/c4cc02818j,publisher_R,https://doi.org/10.1039/c4cc02818j,1
10.1039/c4cc03588g,publisher_R,https://doi.org/10.1039/c4cc03588g,1
10.1039/c4cc03764b,publisher_R,https://doi.org/10.1039/c4cc03764b,1
10.1039/c4cc03810j,publisher_R,https://doi.org/10.1039/c4cc03810j,1
10.1039/c4cc06491g,publisher_R,https://doi.org/10.1039/c4cc06491g,1
10.1039/c4cc06568a,publisher_R,https://doi.org/10.1039/c4cc06568a,1
10.1039/c4cc09694k,publisher_R,https://doi.org/10.1039/c4cc09694k,1
10.1039/c4cc09955a,publisher_R,https://doi.org/10.1039/c4cc09955a,1
10.1039/c4cc09986a,publisher_R,https://doi.org/10.1039/c4cc09986a,1
10.1039/c4cc09988e,publisher_R,https://doi.org/10.1039/c4cc09988e,1
10.1039/c4cc10035b,publisher_R,https://doi.org/10.1039/c4cc10035b,1
10.1039/c4ce00093e,publisher_R,https://doi.org/10.1039/c4ce00093e,1
10.1039/c4ce00098f,publisher_R,https://doi.org/10.1039/c4ce00098f,1
10.1039/c4ce00105b,publisher_R,https://doi.org/10.1039/c4ce00105b,1
10.1039/c4ce00158c,publisher_R,https://doi.org/10.1039/c4ce00158c,1
10.1039/c4ce00181h,publisher_R,https://doi.org/10.1039/c4ce00181h,1
10.1039/c4ce00212a,publisher_R,https://doi.org/10.1039/c4ce00212a,1
10.1039/c4ce00219a,publisher_R,https://doi.org/10.1039/c4ce00219a,1
10.1039/c4ce00224e,publisher_R,https://doi.org/10.1039/c4ce00224e,1
10.1039/c4ce00300d,publisher_R,https://doi.org/10.1039/c4ce00300d,1
10.1039/c4ce00355a,publisher_R,https://doi.org/10.1039/c4ce00355a,1
10.1039/c4ce00408f,publisher_R,https://doi.org/10.1039/c4ce00408f,1
10.1039/c4ce00417e,publisher_R,https://doi.org/10.1039/c4ce00417e,1
10.1039/c4ce00461b,publisher_R,https://doi.org/10.1039/c4ce00461b,1
10.1039/c4ce00573b,publisher_R,https://doi.org/10.1039/c4ce00573b,1
10.1039/c4ce00597j,publisher_R,https://doi.org/10.1039/c4ce00597j,1
10.1039/c4ce00662c,publisher_R,https://doi.org/10.1039/c4ce00662c,1
10.1039/c4ce00664j,publisher_R,https://doi.org/10.1039/c4ce00664j,1
10.1039/c4ce00760c,publisher_R,https://doi.org/10.1039/c4ce00760c,1
10.1039/c4ce00835a,publisher_R,https://doi.org/10.1039/c4ce00835a,1
10.1039/c4ce00858h,publisher_R,https://doi.org/10.1039/c4ce00858h,1
10.1039/c4ce00885e,publisher_R,https://doi.org/10.1039/c4ce00885e,1
10.1039/c4ce00923a,publisher_R,https://doi.org/10.1039/c4ce00923a,1
10.1039/c4ce01059k,publisher_R,https://doi.org/10.1039/c4ce01059k,1
10.1039/c4ce01095g,publisher_R,https://doi.org/10.1039/c4ce01095g,1
10.1039/c4ce01184h,publisher_R,https://doi.org/10.1039/c4ce01184h,1
10.1039/c4ce01270d,publisher_R,https://doi.org/10.1039/c4ce01270d,1
10.1039/c4ce01356e,publisher_R,https://doi.org/10.1039/c4ce01356e,1
10.1039/c4ce01390e,publisher_R,https://doi.org/10.1039/c4ce01390e,1
10.1039/c4ce01414f,publisher_R,https://doi.org/10.1039/c4ce01414f,1
10.1039/c4ce01457j,publisher_R,https://doi.org/10.1039/c4ce01457j,1
10.1039/c4ce01505c,publisher_R,https://doi.org/10.1039/c4ce01505c,1
10.1039/c4ce01512f,publisher_R,https://doi.org/10.1039/c4ce01512f,1
10.1039/c4ce01545b,publisher_R,https://doi.org/10.1039/c4ce01545b,1
10.1039/c4ce01581a,publisher_R,https://doi.org/10.1039/c4ce01581a,1
10.1039/c4ce01583e,publisher_R,https://doi.org/10.1039/c4ce01583e,1
10.1039/c4ce01635a,publisher_R,https://doi.org/10.1039/c4ce01635a,1
10.1039/c4ce01779j,publisher_R,https://doi.org/10.1039/c4ce01779j,1
10.1039/c4ce01837k,publisher_R,https://doi.org/10.1039/c4ce01837k,1
10.1039/c4ce01856g,publisher_R,https://doi.org/10.1039/c4ce01856g,1
10.1039/c4ce01929f,publisher_R,https://doi.org/10.1039/c4ce01929f,1
10.1039/c4ce01959h,publisher_R,https://doi.org/10.1039/c4ce01959h,1
10.1039/c4ce02064b,publisher_R,https://doi.org/10.1039/c4ce02064b,1
10.1039/c4ce02141j,publisher_R,https://doi.org/10.1039/c4ce02141j,1
10.1039/c4ce02148g,publisher_R,https://doi.org/10.1039/c4ce02148g,1
10.1039/c4ce02163k,publisher_R,https://doi.org/10.1039/c4ce02163k,1
10.1039/c4ce02204a,publisher_R,https://doi.org/10.1039/c4ce02204a,1
10.1039/c4ce02248c,publisher_R,https://doi.org/10.1039/c4ce02248c,1
10.1039/c4ce02324b,publisher_R,https://doi.org/10.1039/c4ce02324b,1
10.1039/c4ce02347a,publisher_R,https://doi.org/10.1039/c4ce02347a,1
10.1039/c4ce02415j,publisher_R,https://doi.org/10.1039/c4ce02415j,1
10.1039/c4ce02457e,publisher_R,https://doi.org/10.1039/c4ce02457e,1
10.1039/c4ce02465f,publisher_R,https://doi.org/10.1039/c4ce02465f,1
10.1039/c4ce02551b,publisher_R,https://doi.org/10.1039/c4ce02551b,1
10.1039/c4dt00228h,publisher_R,https://doi.org/10.1039/c4dt00228h,1
10.1039/c4dt00456f,publisher_R,https://doi.org/10.1039/c4dt00456f,1
10.1039/c4dt00531g,publisher_R,https://doi.org/10.1039/c4dt00531g,1
10.1039/c4dt00575a,publisher_R,https://doi.org/10.1039/c4dt00575a,1
10.1039/c4dt00659c,publisher_R,https://doi.org/10.1039/c4dt00659c,1
10.1039/c4dt00996g,publisher_R,https://doi.org/10.1039/c4dt00996g,1
10.1039/c4dt01022a,publisher_R,https://doi.org/10.1039/c4dt01022a,1
10.1039/c4dt01080a,publisher_R,https://doi.org/10.1039/c4dt01080a,1
10.1039/c4dt01431f,publisher_R,https://doi.org/10.1039/c4dt01431f,1
10.1039/c4dt01535e,publisher_R,https://doi.org/10.1039/c4dt01535e,1
10.1039/c4dt01678e,publisher_R,https://doi.org/10.1039/c4dt01678e,1
10.1039/c4dt01877j,publisher_R,https://doi.org/10.1039/c4dt01877j,1
10.1039/c4dt01880j,publisher_R,https://doi.org/10.1039/c4dt01880j,1
10.1039/c4dt02045f,publisher_R,https://doi.org/10.1039/c4dt02045f,1
10.1039/c4dt02047b,publisher_R,https://doi.org/10.1039/c4dt02047b,1
10.1039/c4dt02316a,publisher_R,https://doi.org/10.1039/c4dt02316a,1
10.1039/c4dt02338b,publisher_R,https://doi.org/10.1039/c4dt02338b,1
10.1039/c4dt02342k,publisher_R,https://doi.org/10.1039/c4dt02342k,1
10.1039/c4dt02486a,publisher_R,https://doi.org/10.1039/c4dt02486a,1
10.1039/c4dt02491e,publisher_R,https://doi.org/10.1039/c4dt02491e,1
10.1039/c4dt02661f,publisher_R,https://doi.org/10.1039/c4dt02661f,1
10.1039/c4dt02714k,publisher_R,https://doi.org/10.1039/c4dt02714k,1
10.1039/c4dt03087g,publisher_R,https://doi.org/10.1039/c4dt03087g,1
10.1039/c4dt03172e,publisher_R,https://doi.org/10.1039/c4dt03172e,1
10.1039/c4dt03183k,publisher_R,https://doi.org/10.1039/c4dt03183k,1
10.1039/c4dt03379e,publisher_R,https://doi.org/10.1039/c4dt03379e,1
10.1039/c4dt03468f,publisher_R,https://doi.org/10.1039/c4dt03468f,1
10.1039/c4dt03625e,publisher_R,https://doi.org/10.1039/c4dt03625e,1
10.1039/c4dt03794d,publisher_R,https://doi.org/10.1039/c4dt03794d,1
10.1039/c4dt03868a,publisher_R,https://doi.org/10.1039/c4dt03868a,1
10.1039/c4dt03927k,publisher_R,https://doi.org/10.1039/c4dt03927k,1
10.1039/c4dt04013a,publisher_R,https://doi.org/10.1039/c4dt04013a,1
10.1039/c4gc01861c,publisher_R,https://doi.org/10.1039/c4gc01861c,1
10.1039/c4nj01499e,publisher_R,https://doi.org/10.1039/c4nj01499e,1
10.1039/c4nj01506a,publisher_R,https://doi.org/10.1039/c4nj01506a,1
10.1039/c4nj02356k,publisher_R,https://doi.org/10.1039/c4nj02356k,1
10.1039/c4qi00043a,publisher_R,https://doi.org/10.1039/c4qi00043a,1
10.1039/c4qi00077c,publisher_R,https://doi.org/10.1039/c4qi00077c,1
10.1039/c4qi00129j,publisher_R,https://doi.org/10.1039/c4qi00129j,1
10.1039/c4qi00148f,publisher_R,https://doi.org/10.1039/c4qi00148f,1
10.1039/c4qi00209a,publisher_R,https://doi.org/10.1039/c4qi00209a,1
10.1039/c4ra00180j,publisher_R,https://doi.org/10.1039/c4ra00180j,1
10.1039/c4ra00531g,publisher_R,https://doi.org/10.1039/c4ra00531g,1
10.1039/c4ra01269k,publisher_R,https://doi.org/10.1039/c4ra01269k,1
10.1039/c4ra02147a,publisher_R,https://doi.org/10.1039/c4ra02147a,1
10.1039/c4ra02291b,publisher_R,https://doi.org/10.1039/c4ra02291b,1
10.1039/c4ra02609h,publisher_R,https://doi.org/10.1039/c4ra02609h,1
10.1039/c4ra02683g,publisher_R,https://doi.org/10.1039/c4ra02683g,1
10.1039/c4ra02872d,publisher_R,https://doi.org/10.1039/c4ra02872d,1
10.1039/c4ra03077j,publisher_R,https://doi.org/10.1039/c4ra03077j,1
10.1039/c4ra03129f,publisher_R,https://doi.org/10.1039/c4ra03129f,1
10.1039/c4ra03593c,publisher_R,https://doi.org/10.1039/c4ra03593c,1
10.1039/c4ra04707a,publisher_R,https://doi.org/10.1039/c4ra04707a,1
10.1039/c4ra05192k,publisher_R,https://doi.org/10.1039/c4ra05192k,1
10.1039/c4ra05407e,publisher_R,https://doi.org/10.1039/c4ra05407e,1
10.1039/c4ra05515b,publisher_R,https://doi.org/10.1039/c4ra05515b,1
10.1039/c4ra06522k,publisher_R,https://doi.org/10.1039/c4ra06522k,1
10.1039/c4ra06629d,publisher_R,https://doi.org/10.1039/c4ra06629d,1
10.1039/c4ra08138b,publisher_R,https://doi.org/10.1039/c4ra08138b,1
10.1039/c4ra08856e,publisher_R,https://doi.org/10.1039/c4ra08856e,1
10.1039/c4ra09505g,publisher_R,https://doi.org/10.1039/c4ra09505g,1
10.1039/c4ra09626f,publisher_R,https://doi.org/10.1039/c4ra09626f,1
10.1039/c4ra09883h,publisher_R,https://doi.org/10.1039/c4ra09883h,1
10.1039/c4ra10039e,publisher_R,https://doi.org/10.1039/c4ra10039e,1
10.1039/c4ra11652f,publisher_R,https://doi.org/10.1039/c4ra11652f,1
10.1039/c4ra12263a,publisher_R,https://doi.org/10.1039/c4ra12263a,1
10.1039/c4ra12714e,publisher_R,https://doi.org/10.1039/c4ra12714e,1
10.1039/c4ra13501f,publisher_R,https://doi.org/10.1039/c4ra13501f,1
10.1039/c4ra13533d,publisher_R,https://doi.org/10.1039/c4ra13533d,1
10.1039/c4ra13924k,publisher_R,https://doi.org/10.1039/c4ra13924k,1
10.1039/c4ra15161e,publisher_R,https://doi.org/10.1039/c4ra15161e,1
10.1039/c4ra15257c,publisher_R,https://doi.org/10.1039/c4ra15257c,1
10.1039/c4ra16168h,publisher_R,https://doi.org/10.1039/c4ra16168h,1
10.1039/c4ra16180g,publisher_R,https://doi.org/10.1039/c4ra16180g,1
10.1039/c4ta01231c,publisher_R,https://doi.org/10.1039/c4ta01231c,1
10.1039/c4ta01749h,publisher_R,https://doi.org/10.1039/c4ta01749h,1
10.1039/c4ta02568g,publisher_R,https://doi.org/10.1039/c4ta02568g,1
10.1039/c4ta03992k,publisher_R,https://doi.org/10.1039/c4ta03992k,1
10.1039/c4ta04311a,publisher_R,https://doi.org/10.1039/c4ta04311a,1
10.1039/c4ta04393f,publisher_R,https://doi.org/10.1039/c4ta04393f,1
10.1039/c4ta04622f,publisher_R,https://doi.org/10.1039/c4ta04622f,1
10.1039/c4ta04907a,publisher_R,https://doi.org/10.1039/c4ta04907a,1
10.1039/c4ta05638h,publisher_R,https://doi.org/10.1039/c4ta05638h,1
10.1039/c4ta06820c,publisher_R,https://doi.org/10.1039/c4ta06820c,1
10.1039/c4ta07197b,publisher_R,https://doi.org/10.1039/c4ta07197b,1
10.1039/c4tc02893g,publisher_R,https://doi.org/10.1039/c4tc02893g,1
10.1039/c5cc01072a,publisher_R,https://doi.org/10.1039/c5cc01072a,1
10.1039/c5cc01908g,publisher_R,https://doi.org/10.1039/c5cc01908g,1
10.1039/c5cc02606g,publisher_R,https://doi.org/10.1039/c5cc02606g,1
10.1039/c5cc03027g,publisher_R,https://doi.org/10.1039/c5cc03027g,1
10.1039/c5cc03357h,publisher_R,https://doi.org/10.1039/c5cc03357h,1
10.1039/c5cc03398e,publisher_R,https://doi.org/10.1039/c5cc03398e,1
10.1039/c5cc03469h,publisher_R,https://doi.org/10.1039/c5cc03469h,1
10.1039/c5cc03670d,publisher_R,https://doi.org/10.1039/c5cc03670d,1
10.1039/c5cc03934g,publisher_R,https://doi.org/10.1039/c5cc03934g,1
10.1039/c5cc04487a,publisher_R,https://doi.org/10.1039/c5cc04487a,1
10.1039/c5cc04636j,publisher_R,https://doi.org/10.1039/c5cc04636j,1
10.1039/c5cc04928h,publisher_R,https://doi.org/10.1039/c5cc04928h,1
10.1039/c5cc05136c,publisher_R,https://doi.org/10.1039/c5cc05136c,1
10.1039/c5cc06694h,publisher_R,https://doi.org/10.1039/c5cc06694h,1
10.1039/c5cc07042b,publisher_R,https://doi.org/10.1039/c5cc07042b,1
10.1039/c5cc07577g,publisher_R,https://doi.org/10.1039/c5cc07577g,1
10.1039/c5cc07781h,publisher_R,https://doi.org/10.1039/c5cc07781h,1
10.1039/c5cc08450d,publisher_R,https://doi.org/10.1039/c5cc08450d,1
10.1039/c5cc09308b,publisher_R,https://doi.org/10.1039/c5cc09308b,1
10.1039/c5cc09459c,publisher_R,https://doi.org/10.1039/c5cc09459c,1
10.1039/c5ce00004a,publisher_R,https://doi.org/10.1039/c5ce00004a,1
10.1039/c5ce00009b,publisher_R,https://doi.org/10.1039/c5ce00009b,1
10.1039/c5ce00015g,publisher_R,https://doi.org/10.1039/c5ce00015g,1
10.1039/c5ce00078e,publisher_R,https://doi.org/10.1039/c5ce00078e,1
10.1039/c5ce00126a,publisher_R,https://doi.org/10.1039/c5ce00126a,1
10.1039/c5ce00181a,publisher_R,https://doi.org/10.1039/c5ce00181a,1
10.1039/c5ce00324e,publisher_R,https://doi.org/10.1039/c5ce00324e,1
10.1039/c5ce00341e,publisher_R,https://doi.org/10.1039/c5ce00341e,1
10.1039/c5ce00378d,publisher_R,https://doi.org/10.1039/c5ce00378d,1
10.1039/c5ce00430f,publisher_R,https://doi.org/10.1039/c5ce00430f,1
10.1039/c5ce00461f,publisher_R,https://doi.org/10.1039/c5ce00461f,1
10.1039/c5ce00522a,publisher_R,https://doi.org/10.1039/c5ce00522a,1
10.1039/c5ce00539f,publisher_R,https://doi.org/10.1039/c5ce00539f,1
10.1039/c5ce00618j,publisher_R,https://doi.org/10.1039/c5ce00618j,1
10.1039/c5ce00674k,publisher_R,https://doi.org/10.1039/c5ce00674k,1
10.1039/c5ce00710k,publisher_R,https://doi.org/10.1039/c5ce00710k,1
10.1039/c5ce00713e,publisher_R,https://doi.org/10.1039/c5ce00713e,1
10.1039/c5ce00729a,publisher_R,https://doi.org/10.1039/c5ce00729a,1
10.1039/c5ce00767d,publisher_R,https://doi.org/10.1039/c5ce00767d,1
10.1039/c5ce00807g,publisher_R,https://doi.org/10.1039/c5ce00807g,1
10.1039/c5ce00833f,publisher_R,https://doi.org/10.1039/c5ce00833f,1
10.1039/c5ce00862j,publisher_R,https://doi.org/10.1039/c5ce00862j,1
10.1039/c5ce00886g,publisher_R,https://doi.org/10.1039/c5ce00886g,1
10.1039/c5ce00887e,publisher_R,https://doi.org/10.1039/c5ce00887e,1
10.1039/c5ce00903k,publisher_R,https://doi.org/10.1039/c5ce00903k,1
10.1039/c5ce01094b,publisher_R,https://doi.org/10.1039/c5ce01094b,1
10.1039/c5ce01123j,publisher_R,https://doi.org/10.1039/c5ce01123j,1
10.1039/c5ce01157d,publisher_R,https://doi.org/10.1039/c5ce01157d,1
10.1039/c5ce01192b,publisher_R,https://doi.org/10.1039/c5ce01192b,1
10.1039/c5ce01248a,publisher_R,https://doi.org/10.1039/c5ce01248a,1
10.1039/c5ce01302j,publisher_R,https://doi.org/10.1039/c5ce01302j,1
10.1039/c5ce01375e,publisher_R,https://doi.org/10.1039/c5ce01375e,1
10.1039/c5ce01423a,publisher_R,https://doi.org/10.1039/c5ce01423a,1
10.1039/c5ce01454a,publisher_R,https://doi.org/10.1039/c5ce01454a,1
10.1039/c5ce01533b,publisher_R,https://doi.org/10.1039/c5ce01533b,1
10.1039/c5ce01718a,publisher_R,https://doi.org/10.1039/c5ce01718a,1
10.1039/c5ce01725d,publisher_R,https://doi.org/10.1039/c5ce01725d,1
10.1039/c5ce01740h,publisher_R,https://doi.org/10.1039/c5ce01740h,1
10.1039/c5ce01815c,publisher_R,https://doi.org/10.1039/c5ce01815c,1
10.1039/c5ce01843a,publisher_R,https://doi.org/10.1039/c5ce01843a,1
10.1039/c5ce01857a,publisher_R,https://doi.org/10.1039/c5ce01857a,1
10.1039/c5ce01864a,publisher_R,https://doi.org/10.1039/c5ce01864a,1
10.1039/c5ce01952d,publisher_R,https://doi.org/10.1039/c5ce01952d,1
10.1039/c5ce01995h,publisher_R,https://doi.org/10.1039/c5ce01995h,1
10.1039/c5ce02036k,publisher_R,https://doi.org/10.1039/c5ce02036k,1
10.1039/c5ce02091c,publisher_R,https://doi.org/10.1039/c5ce02091c,1
10.1039/c5ce02094h,publisher_R,https://doi.org/10.1039/c5ce02094h,1
10.1039/c5ce02254a,publisher_R,https://doi.org/10.1039/c5ce02254a,1
10.1039/c5ce02277k,publisher_R,https://doi.org/10.1039/c5ce02277k,1
10.1039/c5ce02413g,publisher_R,https://doi.org/10.1039/c5ce02413g,1
10.1039/c5ce02473k,publisher_R,https://doi.org/10.1039/c5ce02473k,1
10.1039/c5ce02492g,publisher_R,https://doi.org/10.1039/c5ce02492g,1
10.1039/c5ce02520f,publisher_R,https://doi.org/10.1039/c5ce02520f,1
10.1039/c5ce02549d,publisher_R,https://doi.org/10.1039/c5ce02549d,1
10.1039/c5cy01145k,publisher_R,https://doi.org/10.1039/c5cy01145k,1
10.1039/c5cy01448d,publisher_R,https://doi.org/10.1039/c5cy01448d,1
10.1039/c5cy02191j,publisher_R,https://doi.org/10.1039/c5cy02191j,1
10.1039/c5dt00011d,publisher_R,https://doi.org/10.1039/c5dt00011d,1
10.1039/c5dt00281h,publisher_R,https://doi.org/10.1039/c5dt00281h,1
10.1039/c5dt00412h,publisher_R,https://doi.org/10.1039/c5dt00412h,1
10.1039/c5dt00420a,publisher_R,https://doi.org/10.1039/c5dt00420a,1
10.1039/c5dt00421g,publisher_R,https://doi.org/10.1039/c5dt00421g,1
10.1039/c5dt00578g,publisher_R,https://doi.org/10.1039/c5dt00578g,1
10.1039/c5dt01137j,publisher_R,https://doi.org/10.1039/c5dt01137j,1
10.1039/c5dt01151e,publisher_R,https://doi.org/10.1039/c5dt01151e,1
10.1039/c5dt01183c,publisher_R,https://doi.org/10.1039/c5dt01183c,1
10.1039/c5dt01206f,publisher_R,https://doi.org/10.1039/c5dt01206f,1
10.1039/c5dt01233c,publisher_R,https://doi.org/10.1039/c5dt01233c,1
10.1039/c5dt01454a,publisher_R,https://doi.org/10.1039/c5dt01454a,1
10.1039/c5dt01673h,publisher_R,https://doi.org/10.1039/c5dt01673h,1
10.1039/c5dt01682g,publisher_R,https://doi.org/10.1039/c5dt01682g,1
10.1039/c5dt01770j,publisher_R,https://doi.org/10.1039/c5dt01770j,1
10.1039/c5dt01894c,publisher_R,https://doi.org/10.1039/c5dt01894c,1
10.1039/c5dt02147b,publisher_R,https://doi.org/10.1039/c5dt02147b,1
10.1039/c5dt02276b,publisher_R,https://doi.org/10.1039/c5dt02276b,1
10.1039/c5dt02323h,publisher_R,https://doi.org/10.1039/c5dt02323h,1
10.1039/c5dt02354h,publisher_R,https://doi.org/10.1039/c5dt02354h,1
10.1039/c5dt02379c,publisher_R,https://doi.org/10.1039/c5dt02379c,1
10.1039/c5dt02437d,publisher_R,https://doi.org/10.1039/c5dt02437d,1
10.1039/c5dt02625c,publisher_R,https://doi.org/10.1039/c5dt02625c,1
10.1039/c5dt02627j,publisher_R,https://doi.org/10.1039/c5dt02627j,1
10.1039/c5dt02636a,publisher_R,https://doi.org/10.1039/c5dt02636a,1
10.1039/c5dt02774h,publisher_R,https://doi.org/10.1039/c5dt02774h,1
10.1039/c5dt03091a,publisher_R,https://doi.org/10.1039/c5dt03091a,1
10.1039/c5dt03111g,publisher_R,https://doi.org/10.1039/c5dt03111g,1
10.1039/c5dt03504j,publisher_R,https://doi.org/10.1039/c5dt03504j,1
10.1039/c5dt03658e,publisher_R,https://doi.org/10.1039/c5dt03658e,1
10.1039/c5dt03705k,publisher_R,https://doi.org/10.1039/c5dt03705k,1
10.1039/c5dt03738g,publisher_R,https://doi.org/10.1039/c5dt03738g,1
10.1039/c5dt03856a,publisher_R,https://doi.org/10.1039/c5dt03856a,1
10.1039/c5dt03955j,publisher_R,https://doi.org/10.1039/c5dt03955j,1
10.1039/c5dt04033g,publisher_R,https://doi.org/10.1039/c5dt04033g,1
10.1039/c5dt04953a,publisher_R,https://doi.org/10.1039/c5dt04953a,1
10.1039/c5dt05002b,publisher_R,https://doi.org/10.1039/c5dt05002b,1
10.1039/c5dt05023e,publisher_R,https://doi.org/10.1039/c5dt05023e,1
10.1039/c5nj00706b,publisher_R,https://doi.org/10.1039/c5nj00706b,1
10.1039/c5nj01417d,publisher_R,https://doi.org/10.1039/c5nj01417d,1
10.1039/c5nj01930c,publisher_R,https://doi.org/10.1039/c5nj01930c,1
10.1039/c5nj02634b,publisher_R,https://doi.org/10.1039/c5nj02634b,1
10.1039/c5nr00257e,publisher_R,https://doi.org/10.1039/c5nr00257e,1
10.1039/c5qi00016e,publisher_R,https://doi.org/10.1039/c5qi00016e,1
10.1039/c5qi00135h,publisher_R,https://doi.org/10.1039/c5qi00135h,1
10.1039/c5qi00241a,publisher_R,https://doi.org/10.1039/c5qi00241a,1
10.1039/c5ra00728c,publisher_R,https://doi.org/10.1039/c5ra00728c,1
10.1039/c5ra01172h,publisher_R,https://doi.org/10.1039/c5ra01172h,1
10.1039/c5ra01183c,publisher_R,https://doi.org/10.1039/c5ra01183c,1
10.1039/c5ra01890k,publisher_R,https://doi.org/10.1039/c5ra01890k,1
10.1039/c5ra02004b,publisher_R,https://doi.org/10.1039/c5ra02004b,1
10.1039/c5ra02882e,publisher_R,https://doi.org/10.1039/c5ra02882e,1
10.1039/c5ra03710g,publisher_R,https://doi.org/10.1039/c5ra03710g,1
10.1039/c5ra03986j,publisher_R,https://doi.org/10.1039/c5ra03986j,1
10.1039/c5ra04033g,publisher_R,https://doi.org/10.1039/c5ra04033g,1
10.1039/c5ra04381f,publisher_R,https://doi.org/10.1039/c5ra04381f,1
10.1039/c5ra04559b,publisher_R,https://doi.org/10.1039/c5ra04559b,1
10.1039/c5ra05950j,publisher_R,https://doi.org/10.1039/c5ra05950j,1
10.1039/c5ra06308f,publisher_R,https://doi.org/10.1039/c5ra06308f,1
10.1039/c5ra07371e,publisher_R,https://doi.org/10.1039/c5ra07371e,1
10.1039/c5ra08350h,publisher_R,https://doi.org/10.1039/c5ra08350h,1
10.1039/c5ra09339b,publisher_R,https://doi.org/10.1039/c5ra09339b,1
10.1039/c5ra10459a,publisher_R,https://doi.org/10.1039/c5ra10459a,1
10.1039/c5ra10799g,publisher_R,https://doi.org/10.1039/c5ra10799g,1
10.1039/c5ra10805e,publisher_R,https://doi.org/10.1039/c5ra10805e,1
10.1039/c5ra13149a,publisher_R,https://doi.org/10.1039/c5ra13149a,1
10.1039/c5ra13582f,publisher_R,https://doi.org/10.1039/c5ra13582f,1
10.1039/c5ra14948g,publisher_R,https://doi.org/10.1039/c5ra14948g,1
10.1039/c5ra15397b,publisher_R,https://doi.org/10.1039/c5ra15397b,1
10.1039/c5ra15576b,publisher_R,https://doi.org/10.1039/c5ra15576b,1
10.1039/c5ra15663g,publisher_R,https://doi.org/10.1039/c5ra15663g,1
10.1039/c5ra16112f,publisher_R,https://doi.org/10.1039/c5ra16112f,1
10.1039/c5ra16879a,publisher_R,https://doi.org/10.1039/c5ra16879a,1
10.1039/c5ra17615h,publisher_R,https://doi.org/10.1039/c5ra17615h,1
10.1039/c5ra18557b,publisher_R,https://doi.org/10.1039/c5ra18557b,1
10.1039/c5ra19086j,publisher_R,https://doi.org/10.1039/c5ra19086j,1
10.1039/c5ra19936k,publisher_R,https://doi.org/10.1039/c5ra19936k,1
10.1039/c5ra21069k,publisher_R,https://doi.org/10.1039/c5ra21069k,1
10.1039/c5ra21557a,publisher_R,https://doi.org/10.1039/c5ra21557a,1
10.1039/c5ra22184f,publisher_R,https://doi.org/10.1039/c5ra22184f,1
10.1039/c5ra23132a,publisher_R,https://doi.org/10.1039/c5ra23132a,1
10.1039/c5ra23754h,publisher_R,https://doi.org/10.1039/c5ra23754h,1
10.1039/c5ra24915e,publisher_R,https://doi.org/10.1039/c5ra24915e,1
10.1039/c5ra25465e,publisher_R,https://doi.org/10.1039/c5ra25465e,1
10.1039/c5ra25689e,publisher_R,https://doi.org/10.1039/c5ra25689e,1
10.1039/c5ra27368d,publisher_R,https://doi.org/10.1039/c5ra27368d,1
10.1039/c5sc00614g,publisher_R,https://doi.org/10.1039/c5sc00614g,1
10.1039/c5ta00030k,publisher_R,https://doi.org/10.1039/c5ta00030k,1
10.1039/c5ta00322a,publisher_R,https://doi.org/10.1039/c5ta00322a,1
10.1039/c5ta01484k,publisher_R,https://doi.org/10.1039/c5ta01484k,1
10.1039/c5ta02320c,publisher_R,https://doi.org/10.1039/c5ta02320c,1
10.1039/c5ta02860d,publisher_R,https://doi.org/10.1039/c5ta02860d,1
10.1039/c5ta04923g,publisher_R,https://doi.org/10.1039/c5ta04923g,1
10.1039/c5ta05481h,publisher_R,https://doi.org/10.1039/c5ta05481h,1
10.1039/c5ta05688h,publisher_R,https://doi.org/10.1039/c5ta05688h,1
10.1039/c5ta06838j,publisher_R,https://doi.org/10.1039/c5ta06838j,1
10.1039/c5ta09349j,publisher_R,https://doi.org/10.1039/c5ta09349j,1
10.1039/c5ta10401g,publisher_R,https://doi.org/10.1039/c5ta10401g,1
10.1039/c6cc00056h,publisher_R,https://doi.org/10.1039/c6cc00056h,1
10.1039/c6cc00576d,publisher_R,https://doi.org/10.1039/c6cc00576d,1
10.1039/c6cc00862c,publisher_R,https://doi.org/10.1039/c6cc00862c,1
10.1039/c6cc01597b,publisher_R,https://doi.org/10.1039/c6cc01597b,1
10.1039/c6cc02517j,publisher_R,https://doi.org/10.1039/c6cc02517j,1
10.1039/c6cc03198f,publisher_R,https://doi.org/10.1039/c6cc03198f,1
10.1039/c6cc03264h,publisher_R,https://doi.org/10.1039/c6cc03264h,1
10.1039/c6cc04525a,publisher_R,https://doi.org/10.1039/c6cc04525a,1
10.1039/c6cc05154e,publisher_R,https://doi.org/10.1039/c6cc05154e,1
10.1039/c6cc05699g,publisher_R,https://doi.org/10.1039/c6cc05699g,1
10.1039/c6cc06287c,publisher_R,https://doi.org/10.1039/c6cc06287c,1
10.1039/c6cc06943f,publisher_R,https://doi.org/10.1039/c6cc06943f,1
10.1039/c6cc07321b,publisher_R,https://doi.org/10.1039/c6cc07321b,1
10.1039/c6cc09680h,publisher_R,https://doi.org/10.1039/c6cc09680h,1
10.1039/c6cc10225e,publisher_R,https://doi.org/10.1039/c6cc10225e,1
10.1039/c6ce00006a,publisher_R,https://doi.org/10.1039/c6ce00006a,1
10.1039/c6ce00023a,publisher_R,https://doi.org/10.1039/c6ce00023a,1
10.1039/c6ce00087h,publisher_R,https://doi.org/10.1039/c6ce00087h,1
10.1039/c6ce00169f,publisher_R,https://doi.org/10.1039/c6ce00169f,1
10.1039/c6ce00198j,publisher_R,https://doi.org/10.1039/c6ce00198j,1
10.1039/c6ce00273k,publisher_R,https://doi.org/10.1039/c6ce00273k,1
10.1039/c6ce00312e,publisher_R,https://doi.org/10.1039/c6ce00312e,1
10.1039/c6ce00321d,publisher_R,https://doi.org/10.1039/c6ce00321d,1
10.1039/c6ce00358c,publisher_R,https://doi.org/10.1039/c6ce00358c,1
10.1039/c6ce00465b,publisher_R,https://doi.org/10.1039/c6ce00465b,1
10.1039/c6ce00483k,publisher_R,https://doi.org/10.1039/c6ce00483k,1
10.1039/c6ce00497k,publisher_R,https://doi.org/10.1039/c6ce00497k,1
10.1039/c6ce00587j,publisher_R,https://doi.org/10.1039/c6ce00587j,1
10.1039/c6ce00600k,publisher_R,https://doi.org/10.1039/c6ce00600k,1
10.1039/c6ce00625f,publisher_R,https://doi.org/10.1039/c6ce00625f,1
10.1039/c6ce00637j,publisher_R,https://doi.org/10.1039/c6ce00637j,1
10.1039/c6ce00674d,publisher_R,https://doi.org/10.1039/c6ce00674d,1
10.1039/c6ce00681g,publisher_R,https://doi.org/10.1039/c6ce00681g,1
10.1039/c6ce00818f,publisher_R,https://doi.org/10.1039/c6ce00818f,1
10.1039/c6ce00885b,publisher_R,https://doi.org/10.1039/c6ce00885b,1
10.1039/c6ce00960c,publisher_R,https://doi.org/10.1039/c6ce00960c,1
10.1039/c6ce01270a,publisher_R,https://doi.org/10.1039/c6ce01270a,1
10.1039/c6ce01287f,publisher_R,https://doi.org/10.1039/c6ce01287f,1
10.1039/c6ce01457g,publisher_R,https://doi.org/10.1039/c6ce01457g,1
10.1039/c6ce01513a,publisher_R,https://doi.org/10.1039/c6ce01513a,1
10.1039/c6ce01522k,publisher_R,https://doi.org/10.1039/c6ce01522k,1
10.1039/c6ce01549b,publisher_R,https://doi.org/10.1039/c6ce01549b,1
10.1039/c6ce01580h,publisher_R,https://doi.org/10.1039/c6ce01580h,1
10.1039/c6ce01585a,publisher_R,https://doi.org/10.1039/c6ce01585a,1
10.1039/c6ce01594h,publisher_R,https://doi.org/10.1039/c6ce01594h,1
10.1039/c6ce01709f,publisher_R,https://doi.org/10.1039/c6ce01709f,1
10.1039/c6ce01790h,publisher_R,https://doi.org/10.1039/c6ce01790h,1
10.1039/c6ce01842d,publisher_R,https://doi.org/10.1039/c6ce01842d,1
10.1039/c6ce02115h,publisher_R,https://doi.org/10.1039/c6ce02115h,1
10.1039/c6ce02246d,publisher_R,https://doi.org/10.1039/c6ce02246d,1
10.1039/c6ce02384c,publisher_R,https://doi.org/10.1039/c6ce02384c,1
10.1039/c6ce02436j,publisher_R,https://doi.org/10.1039/c6ce02436j,1
10.1039/c6ce02476a,publisher_R,https://doi.org/10.1039/c6ce02476a,1
10.1039/c6ce02493a,publisher_R,https://doi.org/10.1039/c6ce02493a,1
10.1039/c6ce02664h,publisher_R,https://doi.org/10.1039/c6ce02664h,1
10.1039/c6cp02001a,publisher_R,https://doi.org/10.1039/c6cp02001a,1
10.1039/c6cp07801j,publisher_R,https://doi.org/10.1039/c6cp07801j,1
10.1039/c6dt00349d,publisher_R,https://doi.org/10.1039/c6dt00349d,1
10.1039/c6dt00568c,publisher_R,https://doi.org/10.1039/c6dt00568c,1
10.1039/c6dt00860g,publisher_R,https://doi.org/10.1039/c6dt00860g,1
10.1039/c6dt01179a,publisher_R,https://doi.org/10.1039/c6dt01179a,1
10.1039/c6dt01282e,publisher_R,https://doi.org/10.1039/c6dt01282e,1
10.1039/c6dt01355d,publisher_R,https://doi.org/10.1039/c6dt01355d,1
10.1039/c6dt01690a,publisher_R,https://doi.org/10.1039/c6dt01690a,1
10.1039/c6dt01852a,publisher_R,https://doi.org/10.1039/c6dt01852a,1
10.1039/c6dt02216b,publisher_R,https://doi.org/10.1039/c6dt02216b,1
10.1039/c6dt02312f,publisher_R,https://doi.org/10.1039/c6dt02312f,1
10.1039/c6dt02640k,publisher_R,https://doi.org/10.1039/c6dt02640k,1
10.1039/c6dt02646j,publisher_R,https://doi.org/10.1039/c6dt02646j,1
10.1039/c6dt02893d,publisher_R,https://doi.org/10.1039/c6dt02893d,1
10.1039/c6dt02895k,publisher_R,https://doi.org/10.1039/c6dt02895k,1
10.1039/c6dt03094g,publisher_R,https://doi.org/10.1039/c6dt03094g,1
10.1039/c6dt03237k,publisher_R,https://doi.org/10.1039/c6dt03237k,1
10.1039/c6dt03632e,publisher_R,https://doi.org/10.1039/c6dt03632e,1
10.1039/c6dt03755k,publisher_R,https://doi.org/10.1039/c6dt03755k,1
10.1039/c6dt03852b,publisher_R,https://doi.org/10.1039/c6dt03852b,1
10.1039/c6dt03930h,publisher_R,https://doi.org/10.1039/c6dt03930h,1
10.1039/c6dt04270h,publisher_R,https://doi.org/10.1039/c6dt04270h,1
10.1039/c6dt04675d,publisher_R,https://doi.org/10.1039/c6dt04675d,1
10.1039/c6dt04884f,publisher_R,https://doi.org/10.1039/c6dt04884f,1
10.1039/c6gc00413j,publisher_R,https://doi.org/10.1039/c6gc00413j,1
10.1039/c6gc01648k,publisher_R,https://doi.org/10.1039/c6gc01648k,1
10.1039/c6nj00065g,publisher_R,https://doi.org/10.1039/c6nj00065g,1
10.1039/c6nj00822d,publisher_R,https://doi.org/10.1039/c6nj00822d,1
10.1039/c6nj02863b,publisher_R,https://doi.org/10.1039/c6nj02863b,1
10.1039/c6nj03912j,publisher_R,https://doi.org/10.1039/c6nj03912j,1
10.1039/c6nr05463c,publisher_R,https://doi.org/10.1039/c6nr05463c,1
10.1039/c6nr05639c,publisher_R,https://doi.org/10.1039/c6nr05639c,1
10.1039/c6qi00137h,publisher_R,https://doi.org/10.1039/c6qi00137h,1
10.1039/c6qi00381h,publisher_R,https://doi.org/10.1039/c6qi00381h,1
10.1039/c6qi00441e,publisher_R,https://doi.org/10.1039/c6qi00441e,1
10.1039/c6qi00506c,publisher_R,https://doi.org/10.1039/c6qi00506c,1
10.1039/c6ra00852f,publisher_R,https://doi.org/10.1039/c6ra00852f,1
10.1039/c6ra00909c,publisher_R,https://doi.org/10.1039/c6ra00909c,1
10.1039/c6ra07567c,publisher_R,https://doi.org/10.1039/c6ra07567c,1
10.1039/c6ra08419b,publisher_R,https://doi.org/10.1039/c6ra08419b,1
10.1039/c6ra11917d,publisher_R,https://doi.org/10.1039/c6ra11917d,1
10.1039/c6ra12410k,publisher_R,https://doi.org/10.1039/c6ra12410k,1
10.1039/c6ra13014c,publisher_R,https://doi.org/10.1039/c6ra13014c,1
10.1039/c6ra13242a,publisher_R,https://doi.org/10.1039/c6ra13242a,1
10.1039/c6ra13646j,publisher_R,https://doi.org/10.1039/c6ra13646j,1
10.1039/c6ra14896d,publisher_R,https://doi.org/10.1039/c6ra14896d,1
10.1039/c6ra16549d,publisher_R,https://doi.org/10.1039/c6ra16549d,1
10.1039/c6ra16784e,publisher_R,https://doi.org/10.1039/c6ra16784e,1
10.1039/c6ra17518j,publisher_R,https://doi.org/10.1039/c6ra17518j,1
10.1039/c6ra17824c,publisher_R,https://doi.org/10.1039/c6ra17824c,1
10.1039/c6ra18480d,publisher_R,https://doi.org/10.1039/c6ra18480d,1
10.1039/c6ra19403f,publisher_R,https://doi.org/10.1039/c6ra19403f,1
10.1039/c6ra19437k,publisher_R,https://doi.org/10.1039/c6ra19437k,1
10.1039/c6ra20434a,publisher_R,https://doi.org/10.1039/c6ra20434a,1
10.1039/c6ra21382k,publisher_R,https://doi.org/10.1039/c6ra21382k,1
10.1039/c6ra22001k,publisher_R,https://doi.org/10.1039/c6ra22001k,1
10.1039/c6ra22738d,publisher_R,https://doi.org/10.1039/c6ra22738d,1
10.1039/c6ra22836d,publisher_R,https://doi.org/10.1039/c6ra22836d,1
10.1039/c6ra22971a,publisher_R,https://doi.org/10.1039/c6ra22971a,1
10.1039/c6ra23143h,publisher_R,https://doi.org/10.1039/c6ra23143h,1
10.1039/c6ra24429g,publisher_R,https://doi.org/10.1039/c6ra24429g,1
10.1039/c6ra24574a,publisher_R,https://doi.org/10.1039/c6ra24574a,1
10.1039/c6ra25156k,publisher_R,https://doi.org/10.1039/c6ra25156k,1
10.1039/c6ra25820d,publisher_R,https://doi.org/10.1039/c6ra25820d,1
10.1039/c6ra26855b,publisher_R,https://doi.org/10.1039/c6ra26855b,1
10.1039/c6ra26966d,publisher_R,https://doi.org/10.1039/c6ra26966d,1
10.1039/c6ra27069g,publisher_R,https://doi.org/10.1039/c6ra27069g,1
10.1039/c6sc01477a,publisher_R,https://doi.org/10.1039/c6sc01477a,1
10.1039/c6sc02272c,publisher_R,https://doi.org/10.1039/c6sc02272c,1
10.1039/c6sc05602d,publisher_R,https://doi.org/10.1039/c6sc05602d,1
10.1039/c6ta01899h,publisher_R,https://doi.org/10.1039/c6ta01899h,1
10.1039/c6ta03314h,publisher_R,https://doi.org/10.1039/c6ta03314h,1
10.1039/c6ta03675a,publisher_R,https://doi.org/10.1039/c6ta03675a,1
10.1039/c6ta04342a,publisher_R,https://doi.org/10.1039/c6ta04342a,1
10.1039/c6ta04927c,publisher_R,https://doi.org/10.1039/c6ta04927c,1
10.1039/c6ta06403e,publisher_R,https://doi.org/10.1039/c6ta06403e,1
10.1039/c6ta06792a,publisher_R,https://doi.org/10.1039/c6ta06792a,1
10.1039/c6ta10152f,publisher_R,https://doi.org/10.1039/c6ta10152f,1
10.1039/c6tb03230c,publisher_R,https://doi.org/10.1039/c6tb03230c,1
10.1039/c6tc01297c,publisher_R,https://doi.org/10.1039/c6tc01297c,1
10.1039/c6tc01511e,publisher_R,https://doi.org/10.1039/c6tc01511e,1
10.1039/c6tc04099c,publisher_R,https://doi.org/10.1039/c6tc04099c,1
10.1039/c6tc05314a,publisher_R,https://doi.org/10.1039/c6tc05314a,1
10.1039/c6tc05349a,publisher_R,https://doi.org/10.1039/c6tc05349a,1
10.1039/c7cc00726d,publisher_R,https://doi.org/10.1039/c7cc00726d,1
10.1039/c7cc03345a,publisher_R,https://doi.org/10.1039/c7cc03345a,1
10.1039/c7cc04222a,publisher_R,https://doi.org/10.1039/c7cc04222a,1
10.1039/c7cc07698c,publisher_R,https://doi.org/10.1039/c7cc07698c,1
10.1039/c7cc08200b,publisher_R,https://doi.org/10.1039/c7cc08200b,1
10.1039/c7cc08630j,publisher_R,https://doi.org/10.1039/c7cc08630j,1
10.1039/c7ce00108h,publisher_R,https://doi.org/10.1039/c7ce00108h,1
10.1039/c7ce00149e,publisher_R,https://doi.org/10.1039/c7ce00149e,1
10.1039/c7ce00219j,publisher_R,https://doi.org/10.1039/c7ce00219j,1
10.1039/c7ce00332c,publisher_R,https://doi.org/10.1039/c7ce00332c,1
10.1039/c7ce00361g,publisher_R,https://doi.org/10.1039/c7ce00361g,1
10.1039/c7ce00390k,publisher_R,https://doi.org/10.1039/c7ce00390k,1
10.1039/c7ce00394c,publisher_R,https://doi.org/10.1039/c7ce00394c,1
10.1039/c7ce00405b,publisher_R,https://doi.org/10.1039/c7ce00405b,1
10.1039/c7ce00410a,publisher_R,https://doi.org/10.1039/c7ce00410a,1
10.1039/c7ce00481h,publisher_R,https://doi.org/10.1039/c7ce00481h,1
10.1039/c7ce00535k,publisher_R,https://doi.org/10.1039/c7ce00535k,1
10.1039/c7ce00589j,publisher_R,https://doi.org/10.1039/c7ce00589j,1
10.1039/c7ce00753a,publisher_R,https://doi.org/10.1039/c7ce00753a,1
10.1039/c7ce00803a,publisher_R,https://doi.org/10.1039/c7ce00803a,1
10.1039/c7ce00971b,publisher_R,https://doi.org/10.1039/c7ce00971b,1
10.1039/c7ce01042g,publisher_R,https://doi.org/10.1039/c7ce01042g,1
10.1039/c7ce01067b,publisher_R,https://doi.org/10.1039/c7ce01067b,1
10.1039/c7ce01133d,publisher_R,https://doi.org/10.1039/c7ce01133d,1
10.1039/c7ce01229b,publisher_R,https://doi.org/10.1039/c7ce01229b,1
10.1039/c7ce01438d,publisher_R,https://doi.org/10.1039/c7ce01438d,1
10.1039/c7ce01510k,publisher_R,https://doi.org/10.1039/c7ce01510k,1
10.1039/c7ce01618b,publisher_R,https://doi.org/10.1039/c7ce01618b,1
10.1039/c7ce01734k,publisher_R,https://doi.org/10.1039/c7ce01734k,1
10.1039/c7ce01773a,publisher_R,https://doi.org/10.1039/c7ce01773a,1
10.1039/c7ce01843f,publisher_R,https://doi.org/10.1039/c7ce01843f,1
10.1039/c7ce01919j,publisher_R,https://doi.org/10.1039/c7ce01919j,1
10.1039/c7ce02053h,publisher_R,https://doi.org/10.1039/c7ce02053h,1
10.1039/c7ce02192e,publisher_R,https://doi.org/10.1039/c7ce02192e,1
10.1039/c7cp05185a,publisher_R,https://doi.org/10.1039/c7cp05185a,1
10.1039/c7cy00882a,publisher_R,https://doi.org/10.1039/c7cy00882a,1
10.1039/c7dt00015d,publisher_R,https://doi.org/10.1039/c7dt00015d,1
10.1039/c7dt00218a,publisher_R,https://doi.org/10.1039/c7dt00218a,1
10.1039/c7dt00292k,publisher_R,https://doi.org/10.1039/c7dt00292k,1
10.1039/c7dt00582b,publisher_R,https://doi.org/10.1039/c7dt00582b,1
10.1039/c7dt01056g,publisher_R,https://doi.org/10.1039/c7dt01056g,1
10.1039/c7dt01084b,publisher_R,https://doi.org/10.1039/c7dt01084b,1
10.1039/c7dt01116d,publisher_R,https://doi.org/10.1039/c7dt01116d,1
10.1039/c7dt01223c,publisher_R,https://doi.org/10.1039/c7dt01223c,1
10.1039/c7dt01306j,publisher_R,https://doi.org/10.1039/c7dt01306j,1
10.1039/c7dt01405h,publisher_R,https://doi.org/10.1039/c7dt01405h,1
10.1039/c7dt01595j,publisher_R,https://doi.org/10.1039/c7dt01595j,1
10.1039/c7dt01666b,publisher_R,https://doi.org/10.1039/c7dt01666b,1
10.1039/c7dt01744h,publisher_R,https://doi.org/10.1039/c7dt01744h,1
10.1039/c7dt01790a,publisher_R,https://doi.org/10.1039/c7dt01790a,1
10.1039/c7dt02040f,publisher_R,https://doi.org/10.1039/c7dt02040f,1
10.1039/c7dt02356a,publisher_R,https://doi.org/10.1039/c7dt02356a,1
10.1039/c7dt02436c,publisher_R,https://doi.org/10.1039/c7dt02436c,1
10.1039/c7dt02697h,publisher_R,https://doi.org/10.1039/c7dt02697h,1
10.1039/c7dt02752d,publisher_R,https://doi.org/10.1039/c7dt02752d,1
10.1039/c7dt02800h,publisher_R,https://doi.org/10.1039/c7dt02800h,1
10.1039/c7dt03364h,publisher_R,https://doi.org/10.1039/c7dt03364h,1
10.1039/c7dt03411c,publisher_R,https://doi.org/10.1039/c7dt03411c,1
10.1039/c7dt03433d,publisher_R,https://doi.org/10.1039/c7dt03433d,1
10.1039/c7dt03474a,publisher_R,https://doi.org/10.1039/c7dt03474a,1
10.1039/c7dt03568c,publisher_R,https://doi.org/10.1039/c7dt03568c,1
10.1039/c7dt03641h,publisher_R,https://doi.org/10.1039/c7dt03641h,1
10.1039/c7dt03667a,publisher_R,https://doi.org/10.1039/c7dt03667a,1
10.1039/c7dt03754f,publisher_R,https://doi.org/10.1039/c7dt03754f,1
10.1039/c7dt03758a,publisher_R,https://doi.org/10.1039/c7dt03758a,1
10.1039/c7dt03761a,publisher_R,https://doi.org/10.1039/c7dt03761a,1
10.1039/c7dt03874g,publisher_R,https://doi.org/10.1039/c7dt03874g,1
10.1039/c7dt03890a,publisher_R,https://doi.org/10.1039/c7dt03890a,1
10.1039/c7dt04087c,publisher_R,https://doi.org/10.1039/c7dt04087c,1
10.1039/c7dt04130f,publisher_R,https://doi.org/10.1039/c7dt04130f,1
10.1039/c7dt04221c,publisher_R,https://doi.org/10.1039/c7dt04221c,1
10.1039/c7dt04566b,publisher_R,https://doi.org/10.1039/c7dt04566b,1
10.1039/c7dt04583b,publisher_R,https://doi.org/10.1039/c7dt04583b,1
10.1039/c7dt04701k,publisher_R,https://doi.org/10.1039/c7dt04701k,1
10.1039/c7dt04819j,publisher_R,https://doi.org/10.1039/c7dt04819j,1
10.1039/c7fd00017k,publisher_R,https://doi.org/10.1039/c7fd00017k,1
10.1039/c7fd00030h,publisher_R,https://doi.org/10.1039/c7fd00030h,1
10.1039/c7fd00224f,publisher_R,https://doi.org/10.1039/c7fd00224f,1
10.1039/c7gc03805d,publisher_R,https://doi.org/10.1039/c7gc03805d,1
10.1039/c7nj00188f,publisher_R,https://doi.org/10.1039/c7nj00188f,1
10.1039/c7nj00606c,publisher_R,https://doi.org/10.1039/c7nj00606c,1
10.1039/c7nj01055a,publisher_R,https://doi.org/10.1039/c7nj01055a,1
10.1039/c7nj01258f,publisher_R,https://doi.org/10.1039/c7nj01258f,1
10.1039/c7nj01509g,publisher_R,https://doi.org/10.1039/c7nj01509g,1
10.1039/c7nj01592e,publisher_R,https://doi.org/10.1039/c7nj01592e,1
10.1039/c7nj01650f,publisher_R,https://doi.org/10.1039/c7nj01650f,1
10.1039/c7nj02398g,publisher_R,https://doi.org/10.1039/c7nj02398g,1
10.1039/c7nj03192k,publisher_R,https://doi.org/10.1039/c7nj03192k,1
10.1039/c7nj03530f,publisher_R,https://doi.org/10.1039/c7nj03530f,1
10.1039/c7nj03851h,publisher_R,https://doi.org/10.1039/c7nj03851h,1
10.1039/c7nj04048b,publisher_R,https://doi.org/10.1039/c7nj04048b,1
10.1039/c7nj04373b,publisher_R,https://doi.org/10.1039/c7nj04373b,1
10.1039/c7nj04625a,publisher_R,https://doi.org/10.1039/c7nj04625a,1
10.1039/c7nj04698g,publisher_R,https://doi.org/10.1039/c7nj04698g,1
10.1039/c7nj04823h,publisher_R,https://doi.org/10.1039/c7nj04823h,1
10.1039/c7nj04854h,publisher_R,https://doi.org/10.1039/c7nj04854h,1
10.1039/c7nj05032a,publisher_R,https://doi.org/10.1039/c7nj05032a,1
10.1039/c7nr03739b,publisher_R,https://doi.org/10.1039/c7nr03739b,1
10.1039/c7nr06274e,publisher_R,https://doi.org/10.1039/c7nr06274e,1
10.1039/c7nr07949d,publisher_R,https://doi.org/10.1039/c7nr07949d,1
10.1039/c7nr08892b,publisher_R,https://doi.org/10.1039/c7nr08892b,1
10.1039/c7qi00289k,publisher_R,https://doi.org/10.1039/c7qi00289k,1
10.1039/c7qi00437k,publisher_R,https://doi.org/10.1039/c7qi00437k,1
10.1039/c7qi00765e,publisher_R,https://doi.org/10.1039/c7qi00765e,1
10.1039/c7qm00263g,publisher_R,https://doi.org/10.1039/c7qm00263g,1
10.1039/c7qm00302a,publisher_R,https://doi.org/10.1039/c7qm00302a,1
10.1039/c7ra01091e,publisher_R,https://doi.org/10.1039/c7ra01091e,1
10.1039/c7ra01125c,publisher_R,https://doi.org/10.1039/c7ra01125c,1
10.1039/c7ra01647f,publisher_R,https://doi.org/10.1039/c7ra01647f,1
10.1039/c7ra02063e,publisher_R,https://doi.org/10.1039/c7ra02063e,1
10.1039/c7ra04771a,publisher_R,https://doi.org/10.1039/c7ra04771a,1
10.1039/c7ra04820c,publisher_R,https://doi.org/10.1039/c7ra04820c,1
10.1039/c7ra05049f,publisher_R,https://doi.org/10.1039/c7ra05049f,1
10.1039/c7ra05863b,publisher_R,https://doi.org/10.1039/c7ra05863b,1
10.1039/c7ra08354h,publisher_R,https://doi.org/10.1039/c7ra08354h,1
10.1039/c7ra08798e,publisher_R,https://doi.org/10.1039/c7ra08798e,1
10.1039/c7ra09429a,publisher_R,https://doi.org/10.1039/c7ra09429a,1
10.1039/c7ra10034e,publisher_R,https://doi.org/10.1039/c7ra10034e,1
10.1039/c7ra10855a,publisher_R,https://doi.org/10.1039/c7ra10855a,1
10.1039/c7ra12150d,publisher_R,https://doi.org/10.1039/c7ra12150d,1
10.1039/c7ra12969f,publisher_R,https://doi.org/10.1039/c7ra12969f,1
10.1039/c7ra13245j,publisher_R,https://doi.org/10.1039/c7ra13245j,1
10.1039/c7re00214a,publisher_R,https://doi.org/10.1039/c7re00214a,1
10.1039/c7sc04192f,publisher_R,https://doi.org/10.1039/c7sc04192f,1
10.1039/c7sc04269h,publisher_R,https://doi.org/10.1039/c7sc04269h,1
10.1039/c7sc04829g,publisher_R,https://doi.org/10.1039/c7sc04829g,1
10.1039/c7ta00169j,publisher_R,https://doi.org/10.1039/c7ta00169j,1
10.1039/c7ta00413c,publisher_R,https://doi.org/10.1039/c7ta00413c,1
10.1039/c7ta01070b,publisher_R,https://doi.org/10.1039/c7ta01070b,1
10.1039/c7ta02069d,publisher_R,https://doi.org/10.1039/c7ta02069d,1
10.1039/c7ta02896b,publisher_R,https://doi.org/10.1039/c7ta02896b,1
10.1039/c7ta03773b,publisher_R,https://doi.org/10.1039/c7ta03773b,1
10.1039/c7ta04496h,publisher_R,https://doi.org/10.1039/c7ta04496h,1
10.1039/c7ta05896a,publisher_R,https://doi.org/10.1039/c7ta05896a,1
10.1039/c7ta07911g,publisher_R,https://doi.org/10.1039/c7ta07911g,1
10.1039/c7ta07934f,publisher_R,https://doi.org/10.1039/c7ta07934f,1
10.1039/c7ta08281a,publisher_R,https://doi.org/10.1039/c7ta08281a,1
10.1039/c7ta08399h,publisher_R,https://doi.org/10.1039/c7ta08399h,1
10.1039/c7ta09699b,publisher_R,https://doi.org/10.1039/c7ta09699b,1
10.1039/c7ta09807c,publisher_R,https://doi.org/10.1039/c7ta09807c,1
10.1039/c8bm00830b,publisher_R,https://doi.org/10.1039/c8bm00830b,1
10.1039/c8c1t00902c,publisher_R,https://doi.org/10.1039/c8c1t00902c,0
10.1039/c8cc03216e,publisher_R,https://doi.org/10.1039/c8cc03216e,1
10.1039/c8cc03511c,publisher_R,https://doi.org/10.1039/c8cc03511c,1
10.1039/c8cc04147d,publisher_R,https://doi.org/10.1039/c8cc04147d,1
10.1039/c8cc04172e,publisher_R,https://doi.org/10.1039/c8cc04172e,1
10.1039/c8cc04326d,publisher_R,https://doi.org/10.1039/c8cc04326d,1
10.1039/c8cc04824j,publisher_R,https://doi.org/10.1039/c8cc04824j,1
10.1039/c8cc05404e,publisher_R,https://doi.org/10.1039/c8cc05404e,1
10.1039/c8cc05895d,publisher_R,https://doi.org/10.1039/c8cc05895d,1
10.1039/c8cc06593d,publisher_R,https://doi.org/10.1039/c8cc06593d,1
10.1039/c8cc07064d,publisher_R,https://doi.org/10.1039/c8cc07064d,1
10.1039/c8cc07098a,publisher_R,https://doi.org/10.1039/c8cc07098a,1
10.1039/c8cc07709f,publisher_R,https://doi.org/10.1039/c8cc07709f,1
10.1039/c8cc08559e,publisher_R,https://doi.org/10.1039/c8cc08559e,1
10.1039/c8cc09152h,publisher_R,https://doi.org/10.1039/c8cc09152h,1
10.1039/c8cc09491h,publisher_R,https://doi.org/10.1039/c8cc09491h,1
10.1039/c8ce00050f,publisher_R,https://doi.org/10.1039/c8ce00050f,1
10.1039/c8ce00058a,publisher_R,https://doi.org/10.1039/c8ce00058a,1
10.1039/c8ce00064f,publisher_R,https://doi.org/10.1039/c8ce00064f,1
10.1039/c8ce00204e,publisher_R,https://doi.org/10.1039/c8ce00204e,1
10.1039/c8ce00213d,publisher_R,https://doi.org/10.1039/c8ce00213d,1
10.1039/c8ce00427g,publisher_R,https://doi.org/10.1039/c8ce00427g,1
10.1039/c8ce00455b,publisher_R,https://doi.org/10.1039/c8ce00455b,1
10.1039/c8ce00564h,publisher_R,https://doi.org/10.1039/c8ce00564h,1
10.1039/c8ce00574e,publisher_R,https://doi.org/10.1039/c8ce00574e,1
10.1039/c8ce00795k,publisher_R,https://doi.org/10.1039/c8ce00795k,1
10.1039/c8ce00848e,publisher_R,https://doi.org/10.1039/c8ce00848e,1
10.1039/c8ce00868j,publisher_R,https://doi.org/10.1039/c8ce00868j,1
10.1039/c8ce00891d,publisher_R,https://doi.org/10.1039/c8ce00891d,1
10.1039/c8ce00913a,publisher_R,https://doi.org/10.1039/c8ce00913a,1
10.1039/c8ce00947c,publisher_R,https://doi.org/10.1039/c8ce00947c,1
10.1039/c8ce00949j,publisher_R,https://doi.org/10.1039/c8ce00949j,1
10.1039/c8ce00954f,publisher_R,https://doi.org/10.1039/c8ce00954f,1
10.1039/c8ce01051j,publisher_R,https://doi.org/10.1039/c8ce01051j,1
10.1039/c8ce01203b,publisher_R,https://doi.org/10.1039/c8ce01203b,1
10.1039/c8ce01209a,publisher_R,https://doi.org/10.1039/c8ce01209a,1
10.1039/c8ce01261j,publisher_R,https://doi.org/10.1039/c8ce01261j,1
10.1039/c8ce01264d,publisher_R,https://doi.org/10.1039/c8ce01264d,1
10.1039/c8ce01266k,publisher_R,https://doi.org/10.1039/c8ce01266k,1
10.1039/c8ce01302k,publisher_R,https://doi.org/10.1039/c8ce01302k,1
10.1039/c8ce01424h,publisher_R,https://doi.org/10.1039/c8ce01424h,1
10.1039/c8ce01430b,publisher_R,https://doi.org/10.1039/c8ce01430b,1
10.1039/c8ce01448e,publisher_R,https://doi.org/10.1039/c8ce01448e,1
10.1039/c8ce01454j,publisher_R,https://doi.org/10.1039/c8ce01454j,1
10.1039/c8ce01489b,publisher_R,https://doi.org/10.1039/c8ce01489b,1
10.1039/c8ce01722k,publisher_R,https://doi.org/10.1039/c8ce01722k,1
10.1039/c8ce01791c,publisher_R,https://doi.org/10.1039/c8ce01791c,1
10.1039/c8ce01971a,publisher_R,https://doi.org/10.1039/c8ce01971a,1
10.1039/c8ce02151a,publisher_R,https://doi.org/10.1039/c8ce02151a,1
10.1039/c8cy00579f,publisher_R,https://doi.org/10.1039/c8cy00579f,1
10.1039/c8cy02235f,publisher_R,https://doi.org/10.1039/c8cy02235f,1
10.1039/c8dt00156a,publisher_R,https://doi.org/10.1039/c8dt00156a,1
10.1039/c8dt00217g,publisher_R,https://doi.org/10.1039/c8dt00217g,1
10.1039/c8dt00371h,publisher_R,https://doi.org/10.1039/c8dt00371h,1
10.1039/c8dt00394g,publisher_R,https://doi.org/10.1039/c8dt00394g,1
10.1039/c8dt00997j,publisher_R,https://doi.org/10.1039/c8dt00997j,1
10.1039/c8dt01017j,publisher_R,https://doi.org/10.1039/c8dt01017j,1
10.1039/c8dt01103f,publisher_R,https://doi.org/10.1039/c8dt01103f,1
10.1039/c8dt01117f,publisher_R,https://doi.org/10.1039/c8dt01117f,1
10.1039/c8dt01185k,publisher_R,https://doi.org/10.1039/c8dt01185k,1
10.1039/c8dt01288a,publisher_R,https://doi.org/10.1039/c8dt01288a,1
10.1039/c8dt01299g,publisher_R,https://doi.org/10.1039/c8dt01299g,1
10.1039/c8dt01508b,publisher_R,https://doi.org/10.1039/c8dt01508b,1
10.1039/c8dt01789a,publisher_R,https://doi.org/10.1039/c8dt01789a,1
10.1039/c8dt01923a,publisher_R,https://doi.org/10.1039/c8dt01923a,1
10.1039/c8dt02429d,publisher_R,https://doi.org/10.1039/c8dt02429d,1
10.1039/c8dt02436g,publisher_R,https://doi.org/10.1039/c8dt02436g,1
10.1039/c8dt02467g,publisher_R,https://doi.org/10.1039/c8dt02467g,1
10.1039/c8dt02686f,publisher_R,https://doi.org/10.1039/c8dt02686f,1
10.1039/c8dt02816h,publisher_R,https://doi.org/10.1039/c8dt02816h,1
10.1039/c8dt02841a,publisher_R,https://doi.org/10.1039/c8dt02841a,1
10.1039/c8dt02920b,publisher_R,https://doi.org/10.1039/c8dt02920b,1
10.1039/c8dt02983k,publisher_R,https://doi.org/10.1039/c8dt02983k,1
10.1039/c8dt02986e,publisher_R,https://doi.org/10.1039/c8dt02986e,1
10.1039/c8dt02999g,publisher_R,https://doi.org/10.1039/c8dt02999g,1
10.1039/c8dt03093f,publisher_R,https://doi.org/10.1039/c8dt03093f,1
10.1039/c8dt03196g,publisher_R,https://doi.org/10.1039/c8dt03196g,1
10.1039/c8dt03202e,publisher_R,https://doi.org/10.1039/c8dt03202e,1
10.1039/c8dt03826k,publisher_R,https://doi.org/10.1039/c8dt03826k,1
10.1039/c8dt03836h,publisher_R,https://doi.org/10.1039/c8dt03836h,1
10.1039/c8dt03964j,publisher_R,https://doi.org/10.1039/c8dt03964j,1
10.1039/c8dt04106g,publisher_R,https://doi.org/10.1039/c8dt04106g,1
10.1039/c8dt04170a,publisher_R,https://doi.org/10.1039/c8dt04170a,1
10.1039/c8dt04186e,publisher_R,https://doi.org/10.1039/c8dt04186e,1
10.1039/c8dt04474k,publisher_R,https://doi.org/10.1039/c8dt04474k,1
10.1039/c8dt04688c,publisher_R,https://doi.org/10.1039/c8dt04688c,1
10.1039/c8dt04698k,publisher_R,https://doi.org/10.1039/c8dt04698k,1
10.1039/c8dt04879g,publisher_R,https://doi.org/10.1039/c8dt04879g,1
10.1039/c8dt05060k,publisher_R,https://doi.org/10.1039/c8dt05060k,1
10.1039/c8dt05136d,publisher_R,https://doi.org/10.1039/c8dt05136d,1
10.1039/c8fd00194d,publisher_R,https://doi.org/10.1039/c8fd00194d,1
10.1039/c8gc02312c,publisher_R,https://doi.org/10.1039/c8gc02312c,1
10.1039/c8na00262b,publisher_R,https://doi.org/10.1039/c8na00262b,1
10.1039/c8nj02078g,publisher_R,https://doi.org/10.1039/c8nj02078g,1
10.1039/c8nj04247k,publisher_R,https://doi.org/10.1039/c8nj04247k,1
10.1039/c8nj04260h,publisher_R,https://doi.org/10.1039/c8nj04260h,1
10.1039/c8nj04715d,publisher_R,https://doi.org/10.1039/c8nj04715d,1
10.1039/c8nj04853c,publisher_R,https://doi.org/10.1039/c8nj04853c,1
10.1039/c8nj05193c,publisher_R,https://doi.org/10.1039/c8nj05193c,1
10.1039/c8nj05246h,publisher_R,https://doi.org/10.1039/c8nj05246h,1
10.1039/c8nj05647a,publisher_R,https://doi.org/10.1039/c8nj05647a,1
10.1039/c8nj05701j,publisher_R,https://doi.org/10.1039/c8nj05701j,1
10.1039/c8nj05782f,publisher_R,https://doi.org/10.1039/c8nj05782f,1
10.1039/c8nj05953e,publisher_R,https://doi.org/10.1039/c8nj05953e,1
10.1039/c8nj06362a,publisher_R,https://doi.org/10.1039/c8nj06362a,1
10.1039/c8nr02896f,publisher_R,https://doi.org/10.1039/c8nr02896f,1
10.1039/c8nr04992k,publisher_R,https://doi.org/10.1039/c8nr04992k,1
10.1039/c8qi00268a,publisher_R,https://doi.org/10.1039/c8qi00268a,1
10.1039/c8qi00648b,publisher_R,https://doi.org/10.1039/c8qi00648b,1
10.1039/c8qi00662h,publisher_R,https://doi.org/10.1039/c8qi00662h,1
10.1039/c8qi00696b,publisher_R,https://doi.org/10.1039/c8qi00696b,1
10.1039/c8qi00773j,publisher_R,https://doi.org/10.1039/c8qi00773j,1
10.1039/c8qi00782a,publisher_R,https://doi.org/10.1039/c8qi00782a,1
10.1039/c8qi01150h,publisher_R,https://doi.org/10.1039/c8qi01150h,1
10.1039/c8qi01396a,publisher_R,https://doi.org/10.1039/c8qi01396a,1
10.1039/c8qi01406j,publisher_R,https://doi.org/10.1039/c8qi01406j,1
10.1039/c8ra01900b,publisher_R,https://doi.org/10.1039/c8ra01900b,1
10.1039/c8ra02389a,publisher_R,https://doi.org/10.1039/c8ra02389a,1
10.1039/c8ra02941e,publisher_R,https://doi.org/10.1039/c8ra02941e,1
10.1039/c8ra03349h,publisher_R,https://doi.org/10.1039/c8ra03349h,1
10.1039/c8ra06043f,publisher_R,https://doi.org/10.1039/c8ra06043f,1
10.1039/c8ra06576d,publisher_R,https://doi.org/10.1039/c8ra06576d,1
10.1039/c8ra07774f,publisher_R,https://doi.org/10.1039/c8ra07774f,1
10.1039/c8ra08486f,publisher_R,https://doi.org/10.1039/c8ra08486f,1
10.1039/c8ra08522f,publisher_R,https://doi.org/10.1039/c8ra08522f,1
10.1039/c8ra09600g,publisher_R,https://doi.org/10.1039/c8ra09600g,1
10.1039/c8ra10366f,publisher_R,https://doi.org/10.1039/c8ra10366f,1
10.1039/c8sc01439f,publisher_R,https://doi.org/10.1039/c8sc01439f,1
10.1039/c8sc01533c,publisher_R,https://doi.org/10.1039/c8sc01533c,1
10.1039/c8sc04372h,publisher_R,https://doi.org/10.1039/c8sc04372h,1
10.1039/c8sc05218b,publisher_R,https://doi.org/10.1039/c8sc05218b,1
10.1039/c8sc05441j,publisher_R,https://doi.org/10.1039/c8sc05441j,1
10.1039/c8sm01143e,publisher_R,https://doi.org/10.1039/c8sm01143e,1
10.1039/c8ta00598b,publisher_R,https://doi.org/10.1039/c8ta00598b,1
10.1039/c8ta01060a,publisher_R,https://doi.org/10.1039/c8ta01060a,1
10.1039/c8ta02845a,publisher_R,https://doi.org/10.1039/c8ta02845a,1
10.1039/c8ta03509a,publisher_R,https://doi.org/10.1039/c8ta03509a,1
10.1039/c8ta04020f,publisher_R,https://doi.org/10.1039/c8ta04020f,1
10.1039/c8ta04316g,publisher_R,https://doi.org/10.1039/c8ta04316g,1
10.1039/c8ta06809g,publisher_R,https://doi.org/10.1039/c8ta06809g,1
10.1039/c8ta07080f,publisher_R,https://doi.org/10.1039/c8ta07080f,1
10.1039/c8ta07349j,publisher_R,https://doi.org/10.1039/c8ta07349j,1
10.1039/c8ta07700b,publisher_R,https://doi.org/10.1039/c8ta07700b,1
10.1039/c8ta07839d,publisher_R,https://doi.org/10.1039/c8ta07839d,1
10.1039/c8ta08514e,publisher_R,https://doi.org/10.1039/c8ta08514e,1
10.1039/c8ta08702d,publisher_R,https://doi.org/10.1039/c8ta08702d,1
10.1039/c8ta09080g,publisher_R,https://doi.org/10.1039/c8ta09080g,1
10.1039/c8ta09227c,publisher_R,https://doi.org/10.1039/c8ta09227c,1
10.1039/c8ta10610j,publisher_R,https://doi.org/10.1039/c8ta10610j,1
10.1039/c8ta10682g,publisher_R,https://doi.org/10.1039/c8ta10682g,1
10.1039/c8tc01062e,publisher_R,https://doi.org/10.1039/c8tc01062e,1
10.1039/c8tc01703d,publisher_R,https://doi.org/10.1039/c8tc01703d,1
10.1039/c8tc04442b,publisher_R,https://doi.org/10.1039/c8tc04442b,1
10.1039/c9an02231g,publisher_R,https://doi.org/10.1039/c9an02231g,1
10.1039/c9an02481f,publisher_R,https://doi.org/10.1039/c9an02481f,1
10.1039/c9cc02038a,publisher_R,https://doi.org/10.1039/c9cc02038a,1
10.1039/c9cc02861g,publisher_R,https://doi.org/10.1039/c9cc02861g,1
10.1039/c9cc04999a,publisher_R,https://doi.org/10.1039/c9cc04999a,1
10.1039/c9cc05708k,publisher_R,https://doi.org/10.1039/c9cc05708k,1
10.1039/c9cc08724a,publisher_R,https://doi.org/10.1039/c9cc08724a,1
10.1039/c9ce00033j,publisher_R,https://doi.org/10.1039/c9ce00033j,1
10.1039/c9ce00067d,publisher_R,https://doi.org/10.1039/c9ce00067d,1
10.1039/c9ce00098d,publisher_R,https://doi.org/10.1039/c9ce00098d,1
10.1039/c9ce00129h,publisher_R,https://doi.org/10.1039/c9ce00129h,1
10.1039/c9ce00213h,publisher_R,https://doi.org/10.1039/c9ce00213h,1
10.1039/c9ce00218a,publisher_R,https://doi.org/10.1039/c9ce00218a,1
10.1039/c9ce00259f,publisher_R,https://doi.org/10.1039/c9ce00259f,1
10.1039/c9ce00371a,publisher_R,https://doi.org/10.1039/c9ce00371a,1
10.1039/c9ce00433e,publisher_R,https://doi.org/10.1039/c9ce00433e,1
10.1039/c9ce00440h,publisher_R,https://doi.org/10.1039/c9ce00440h,1
10.1039/c9ce00545e,publisher_R,https://doi.org/10.1039/c9ce00545e,1
10.1039/c9ce00769e,publisher_R,https://doi.org/10.1039/c9ce00769e,1
10.1039/c9ce00833k,publisher_R,https://doi.org/10.1039/c9ce00833k,1
10.1039/c9ce00972h,publisher_R,https://doi.org/10.1039/c9ce00972h,1
10.1039/c9ce01026b,publisher_R,https://doi.org/10.1039/c9ce01026b,1
10.1039/c9ce01035a,publisher_R,https://doi.org/10.1039/c9ce01035a,1
10.1039/c9ce01041f,publisher_R,https://doi.org/10.1039/c9ce01041f,1
10.1039/c9ce01186b,publisher_R,https://doi.org/10.1039/c9ce01186b,1
10.1039/c9ce01245a,publisher_R,https://doi.org/10.1039/c9ce01245a,1
10.1039/c9ce01337g,publisher_R,https://doi.org/10.1039/c9ce01337g,1
10.1039/c9ce01529a,publisher_R,https://doi.org/10.1039/c9ce01529a,1
10.1039/c9ce01626k,publisher_R,https://doi.org/10.1039/c9ce01626k,1
10.1039/c9ce01669d,publisher_R,https://doi.org/10.1039/c9ce01669d,1
10.1039/c9ce01676g,publisher_R,https://doi.org/10.1039/c9ce01676g,1
10.1039/c9ce01779h,publisher_R,https://doi.org/10.1039/c9ce01779h,1
10.1039/c9ce01915d,publisher_R,https://doi.org/10.1039/c9ce01915d,1
10.1039/c9ce01932d,publisher_R,https://doi.org/10.1039/c9ce01932d,1
10.1039/c9ce02006c,publisher_R,https://doi.org/10.1039/c9ce02006c,1
10.1039/c9cy01431d,publisher_R,https://doi.org/10.1039/c9cy01431d,1
10.1039/c9cy01940e,publisher_R,https://doi.org/10.1039/c9cy01940e,1
10.1039/c9dt00081j,publisher_R,https://doi.org/10.1039/c9dt00081j,1
10.1039/c9dt00499h,publisher_R,https://doi.org/10.1039/c9dt00499h,1
10.1039/c9dt00510b,publisher_R,https://doi.org/10.1039/c9dt00510b,1
10.1039/c9dt00941h,publisher_R,https://doi.org/10.1039/c9dt00941h,1
10.1039/c9dt01253b,publisher_R,https://doi.org/10.1039/c9dt01253b,1
10.1039/c9dt01406c,publisher_R,https://doi.org/10.1039/c9dt01406c,1
10.1039/c9dt01457h,publisher_R,https://doi.org/10.1039/c9dt01457h,1
10.1039/c9dt01572h,publisher_R,https://doi.org/10.1039/c9dt01572h,1
10.1039/c9dt01677e,publisher_R,https://doi.org/10.1039/c9dt01677e,1
10.1039/c9dt01859j,publisher_R,https://doi.org/10.1039/c9dt01859j,1
10.1039/c9dt02133g,publisher_R,https://doi.org/10.1039/c9dt02133g,1
10.1039/c9dt02269d,publisher_R,https://doi.org/10.1039/c9dt02269d,1
10.1039/c9dt02278c,publisher_R,https://doi.org/10.1039/c9dt02278c,1
10.1039/c9dt02394a,publisher_R,https://doi.org/10.1039/c9dt02394a,1
10.1039/c9dt02459j,publisher_R,https://doi.org/10.1039/c9dt02459j,1
10.1039/c9dt02463h,publisher_R,https://doi.org/10.1039/c9dt02463h,1
10.1039/c9dt03489g,publisher_R,https://doi.org/10.1039/c9dt03489g,1
10.1039/c9dt03518d,publisher_R,https://doi.org/10.1039/c9dt03518d,1
10.1039/c9dt03727f,publisher_R,https://doi.org/10.1039/c9dt03727f,1
10.1039/c9dt03933c,publisher_R,https://doi.org/10.1039/c9dt03933c,1
10.1039/c9dt04051j,publisher_R,https://doi.org/10.1039/c9dt04051j,1
10.1039/c9dt04068d,publisher_R,https://doi.org/10.1039/c9dt04068d,1
10.1039/c9dt04172a,publisher_R,https://doi.org/10.1039/c9dt04172a,1
10.1039/c9dt04210e,publisher_R,https://doi.org/10.1039/c9dt04210e,1
10.1039/c9dt04571f,publisher_R,https://doi.org/10.1039/c9dt04571f,1
10.1039/c9dt04747f,publisher_R,https://doi.org/10.1039/c9dt04747f,1
10.1039/c9dt04836g,publisher_R,https://doi.org/10.1039/c9dt04836g,1
10.1039/c9en00018f,publisher_R,https://doi.org/10.1039/c9en00018f,1
10.1039/c9fd00137a,publisher_R,https://doi.org/10.1039/c9fd00137a,1
10.1039/c9gc00783k,publisher_R,https://doi.org/10.1039/c9gc00783k,1
10.1039/c9gc03561c,publisher_R,https://doi.org/10.1039/c9gc03561c,1
10.1039/c9me00062c,publisher_R,https://doi.org/10.1039/c9me00062c,1
10.1039/c9me00176j,publisher_R,https://doi.org/10.1039/c9me00176j,1
10.1039/c9na00350a,publisher_R,https://doi.org/10.1039/c9na00350a,1
10.1039/c9nj00021f,publisher_R,https://doi.org/10.1039/c9nj00021f,1
10.1039/c9nj00900k,publisher_R,https://doi.org/10.1039/c9nj00900k,1
10.1039/c9nj02004g,publisher_R,https://doi.org/10.1039/c9nj02004g,1
10.1039/c9nj02064k,publisher_R,https://doi.org/10.1039/c9nj02064k,1
10.1039/c9nj02607j,publisher_R,https://doi.org/10.1039/c9nj02607j,1
10.1039/c9nj02679g,publisher_R,https://doi.org/10.1039/c9nj02679g,1
10.1039/c9nj04031e,publisher_R,https://doi.org/10.1039/c9nj04031e,1
10.1039/c9nj04371c,publisher_R,https://doi.org/10.1039/c9nj04371c,1
10.1039/c9nj04382a,publisher_R,https://doi.org/10.1039/c9nj04382a,1
10.1039/c9nj04536h,publisher_R,https://doi.org/10.1039/c9nj04536h,1
10.1039/c9nj05735h,publisher_R,https://doi.org/10.1039/c9nj05735h,1
10.1039/c9nj05997k,publisher_R,https://doi.org/10.1039/c9nj05997k,1
10.1039/c9nj06358g,publisher_R,https://doi.org/10.1039/c9nj06358g,1
10.1039/c9nj06394c,publisher_R,https://doi.org/10.1039/c9nj06394c,1
10.1039/c9nr01284b,publisher_R,https://doi.org/10.1039/c9nr01284b,1
10.1039/c9nr06470b,publisher_R,https://doi.org/10.1039/c9nr06470b,1
10.1039/c9qi00172g,publisher_R,https://doi.org/10.1039/c9qi00172g,1
10.1039/c9qi00340a,publisher_R,https://doi.org/10.1039/c9qi00340a,1
10.1039/c9qi00543a,publisher_R,https://doi.org/10.1039/c9qi00543a,1
10.1039/c9qi01058k,publisher_R,https://doi.org/10.1039/c9qi01058k,1
10.1039/c9qi01163c,publisher_R,https://doi.org/10.1039/c9qi01163c,1
10.1039/c9qi01204d,publisher_R,https://doi.org/10.1039/c9qi01204d,1
10.1039/c9qi01542f,publisher_R,https://doi.org/10.1039/c9qi01542f,1
10.1039/c9ra03310f,publisher_R,https://doi.org/10.1039/c9ra03310f,1
10.1039/c9ra05167h,publisher_R,https://doi.org/10.1039/c9ra05167h,1
10.1039/c9ra06984d,publisher_R,https://doi.org/10.1039/c9ra06984d,1
10.1039/c9ra07031a,publisher_R,https://doi.org/10.1039/c9ra07031a,1
10.1039/c9ra07737e,publisher_R,https://doi.org/10.1039/c9ra07737e,1
10.1039/c9ra08097j,publisher_R,https://doi.org/10.1039/c9ra08097j,1
10.1039/c9ra08559a,publisher_R,https://doi.org/10.1039/c9ra08559a,1
10.1039/c9ra08659e,publisher_R,https://doi.org/10.1039/c9ra08659e,1
10.1039/c9ra09968a,publisher_R,https://doi.org/10.1039/c9ra09968a,1
10.1039/c9ra10548d,publisher_R,https://doi.org/10.1039/c9ra10548d,1
10.1039/c9sc00178f,publisher_R,https://doi.org/10.1039/c9sc00178f,1
10.1039/c9sc01301f,publisher_R,https://doi.org/10.1039/c9sc01301f,1
10.1039/c9sc01447k,publisher_R,https://doi.org/10.1039/c9sc01447k,1
10.1039/c9sc02576f,publisher_R,https://doi.org/10.1039/c9sc02576f,1
10.1039/c9sc03080h,publisher_R,https://doi.org/10.1039/c9sc03080h,1
10.1039/c9sc03348c,publisher_R,https://doi.org/10.1039/c9sc03348c,1
10.1039/c9sc05433b,publisher_R,https://doi.org/10.1039/c9sc05433b,1
10.1039/c9sc06064b,publisher_R,https://doi.org/10.1039/c9sc06064b,1
10.1039/c9sc06500h,publisher_R,https://doi.org/10.1039/c9sc06500h,1
10.1039/c9ta00311h,publisher_R,https://doi.org/10.1039/c9ta00311h,1
10.1039/c9ta00825j,publisher_R,https://doi.org/10.1039/c9ta00825j,1
10.1039/c9ta03403j,publisher_R,https://doi.org/10.1039/c9ta03403j,1
10.1039/c9ta04842a,publisher_R,https://doi.org/10.1039/c9ta04842a,1
10.1039/c9ta05216j,publisher_R,https://doi.org/10.1039/c9ta05216j,1
10.1039/c9ta05444h,publisher_R,https://doi.org/10.1039/c9ta05444h,1
10.1039/c9ta06781g,publisher_R,https://doi.org/10.1039/c9ta06781g,1
10.1039/c9ta06913e,publisher_R,https://doi.org/10.1039/c9ta06913e,1
10.1039/c9ta10723a,publisher_R,https://doi.org/10.1039/c9ta10723a,1
10.1039/c9tb01651a,publisher_R,https://doi.org/10.1039/c9tb01651a,1
10.1039/c9tb01743g,publisher_R,https://doi.org/10.1039/c9tb01743g,1
10.1039/c9tb02315a,publisher_R,https://doi.org/10.1039/c9tb02315a,1
10.1039/c9tc00067d,publisher_R,https://doi.org/10.1039/c9tc00067d,1
10.1039/c9tc03698a,publisher_R,https://doi.org/10.1039/c9tc03698a,1
10.1039/d0an01566k,publisher_R,https://doi.org/10.1039/d0an01566k,1
10.1039/d0ay01457e,publisher_R,https://doi.org/10.1039/d0ay01457e,1
10.1039/d0cc02741c,publisher_R,https://doi.org/10.1039/d0cc02741c,1
10.1039/d0cc02841j,publisher_R,https://doi.org/10.1039/d0cc02841j,1
10.1039/d0cc03734f,publisher_R,https://doi.org/10.1039/d0cc03734f,1
10.1039/d0cc03772a,publisher_R,https://doi.org/10.1039/d0cc03772a,1
10.1039/d0cc04283h,publisher_R,https://doi.org/10.1039/d0cc04283h,1
10.1039/d0cc04543h,publisher_R,https://doi.org/10.1039/d0cc04543h,1
10.1039/d0cc05339b,publisher_R,https://doi.org/10.1039/d0cc05339b,1
10.1039/d0cc07631g,publisher_R,https://doi.org/10.1039/d0cc07631g,1
10.1039/d0cc07974j,publisher_R,https://doi.org/10.1039/d0cc07974j,1
10.1039/d0cc08234a,publisher_R,https://doi.org/10.1039/d0cc08234a,1
10.1039/d0ce00140f,publisher_R,https://doi.org/10.1039/d0ce00140f,1
10.1039/d0ce00155d,publisher_R,https://doi.org/10.1039/d0ce00155d,1
10.1039/d0ce00175a,publisher_R,https://doi.org/10.1039/d0ce00175a,1
10.1039/d0ce00262c,publisher_R,https://doi.org/10.1039/d0ce00262c,1
10.1039/d0ce00490a,publisher_R,https://doi.org/10.1039/d0ce00490a,1
10.1039/d0ce00700e,publisher_R,https://doi.org/10.1039/d0ce00700e,1
10.1039/d0ce00895h,publisher_R,https://doi.org/10.1039/d0ce00895h,1
10.1039/d0ce00947d,publisher_R,https://doi.org/10.1039/d0ce00947d,1
10.1039/d0ce00950d,publisher_R,https://doi.org/10.1039/d0ce00950d,1
10.1039/d0ce01061h,publisher_R,https://doi.org/10.1039/d0ce01061h,1
10.1039/d0ce01197e,publisher_R,https://doi.org/10.1039/d0ce01197e,1
10.1039/d0ce01223h,publisher_R,https://doi.org/10.1039/d0ce01223h,1
10.1039/d0ce01240h,publisher_R,https://doi.org/10.1039/d0ce01240h,1
10.1039/d0ce01245a,publisher_R,https://doi.org/10.1039/d0ce01245a,1
10.1039/d0ce01383h,publisher_R,https://doi.org/10.1039/d0ce01383h,1
10.1039/d0ce01395a,publisher_R,https://doi.org/10.1039/d0ce01395a,1
10.1039/d0ce01448f,publisher_R,https://doi.org/10.1039/d0ce01448f,1
10.1039/d0ce01581d,publisher_R,https://doi.org/10.1039/d0ce01581d,1
10.1039/d0ce01620a,publisher_R,https://doi.org/10.1039/d0ce01620a,1
10.1039/d0ce01751e,publisher_R,https://doi.org/10.1039/d0ce01751e,1
10.1039/d0cp00287a,publisher_R,https://doi.org/10.1039/d0cp00287a,1
10.1039/d0cp02731f,publisher_R,https://doi.org/10.1039/d0cp02731f,1
10.1039/d0cy00235f,publisher_R,https://doi.org/10.1039/d0cy00235f,1
10.1039/d0cy01946a,publisher_R,https://doi.org/10.1039/d0cy01946a,1
10.1039/d0dt00145g,publisher_R,https://doi.org/10.1039/d0dt00145g,1
10.1039/d0dt00211a,publisher_R,https://doi.org/10.1039/d0dt00211a,1
10.1039/d0dt00387e,publisher_R,https://doi.org/10.1039/d0dt00387e,1
10.1039/d0dt00546k,publisher_R,https://doi.org/10.1039/d0dt00546k,1
10.1039/d0dt00870b,publisher_R,https://doi.org/10.1039/d0dt00870b,1
10.1039/d0dt00933d,publisher_R,https://doi.org/10.1039/d0dt00933d,1
10.1039/d0dt01044h,publisher_R,https://doi.org/10.1039/d0dt01044h,1
10.1039/d0dt01222j,publisher_R,https://doi.org/10.1039/d0dt01222j,1
10.1039/d0dt01312a,publisher_R,https://doi.org/10.1039/d0dt01312a,1
10.1039/d0dt01558j,publisher_R,https://doi.org/10.1039/d0dt01558j,1
10.1039/d0dt01648a,publisher_R,https://doi.org/10.1039/d0dt01648a,1
10.1039/d0dt01730b,publisher_R,https://doi.org/10.1039/d0dt01730b,1
10.1039/d0dt01939a,publisher_R,https://doi.org/10.1039/d0dt01939a,1
10.1039/d0dt01955k,publisher_R,https://doi.org/10.1039/d0dt01955k,1
10.1039/d0dt02041a,publisher_R,https://doi.org/10.1039/d0dt02041a,1
10.1039/d0dt02270e,publisher_R,https://doi.org/10.1039/d0dt02270e,1
10.1039/d0dt02411b,publisher_R,https://doi.org/10.1039/d0dt02411b,1
10.1039/d0dt02437f,publisher_R,https://doi.org/10.1039/d0dt02437f,1
10.1039/d0dt02455d,publisher_R,https://doi.org/10.1039/d0dt02455d,1
10.1039/d0dt02576c,publisher_R,https://doi.org/10.1039/d0dt02576c,1
10.1039/d0dt02642e,publisher_R,https://doi.org/10.1039/d0dt02642e,1
10.1039/d0dt02949a,publisher_R,https://doi.org/10.1039/d0dt02949a,1
10.1039/d0dt03012k,publisher_R,https://doi.org/10.1039/d0dt03012k,1
10.1039/d0dt03325a,publisher_R,https://doi.org/10.1039/d0dt03325a,1
10.1039/d0dt03747h,publisher_R,https://doi.org/10.1039/d0dt03747h,1
10.1039/d0dt04341a,publisher_R,https://doi.org/10.1039/d0dt04341a,1
10.1039/d0dt04382f,publisher_R,https://doi.org/10.1039/d0dt04382f,1
10.1039/d0en01061h,publisher_R,https://doi.org/10.1039/d0en01061h,1
10.1039/d0fd00009d,publisher_R,https://doi.org/10.1039/d0fd00009d,1
10.1039/d0gc02812f,publisher_R,https://doi.org/10.1039/d0gc02812f,1
10.1039/d0gc03292a,publisher_R,https://doi.org/10.1039/d0gc03292a,1
10.1039/d0nj00257g,publisher_R,https://doi.org/10.1039/d0nj00257g,1
10.1039/d0nj00476f,publisher_R,https://doi.org/10.1039/d0nj00476f,1
10.1039/d0nj00515k,publisher_R,https://doi.org/10.1039/d0nj00515k,1
10.1039/d0nj01750g,publisher_R,https://doi.org/10.1039/d0nj01750g,1
10.1039/d0nj01891k,publisher_R,https://doi.org/10.1039/d0nj01891k,1
10.1039/d0nj02265a,publisher_R,https://doi.org/10.1039/d0nj02265a,1
10.1039/d0nj02672g,publisher_R,https://doi.org/10.1039/d0nj02672g,1
10.1039/d0nj03269g,publisher_R,https://doi.org/10.1039/d0nj03269g,1
10.1039/d0nj03628e,publisher_R,https://doi.org/10.1039/d0nj03628e,1
10.1039/d0nj03714a,publisher_R,https://doi.org/10.1039/d0nj03714a,1
10.1039/d0nr02206c,publisher_R,https://doi.org/10.1039/d0nr02206c,1
10.1039/d0nr02230f,publisher_R,https://doi.org/10.1039/d0nr02230f,1
10.1039/d0nr04860g,publisher_R,https://doi.org/10.1039/d0nr04860g,1
10.1039/d0qi00068j,publisher_R,https://doi.org/10.1039/d0qi00068j,1
10.1039/d0qi00496k,publisher_R,https://doi.org/10.1039/d0qi00496k,1
10.1039/d0qi00840k,publisher_R,https://doi.org/10.1039/d0qi00840k,1
10.1039/d0qm00611d,publisher_R,https://doi.org/10.1039/d0qm00611d,1
10.1039/d0ra01294g,publisher_R,https://doi.org/10.1039/d0ra01294g,1
10.1039/d0ra03591b,publisher_R,https://doi.org/10.1039/d0ra03591b,1
10.1039/d0ra04812g,publisher_R,https://doi.org/10.1039/d0ra04812g,1
10.1039/d0ra05131d,publisher_R,https://doi.org/10.1039/d0ra05131d,1
10.1039/d0ra05926a,publisher_R,https://doi.org/10.1039/d0ra05926a,1
10.1039/d0ra06106a,publisher_R,https://doi.org/10.1039/d0ra06106a,1
10.1039/d0ra06529c,publisher_R,https://doi.org/10.1039/d0ra06529c,1
10.1039/d0ra06578a,publisher_R,https://doi.org/10.1039/d0ra06578a,1
10.1039/d0ra07042d,publisher_R,https://doi.org/10.1039/d0ra07042d,1
10.1039/d0ra07159e,publisher_R,https://doi.org/10.1039/d0ra07159e,1
10.1039/d0ra09292d,publisher_R,https://doi.org/10.1039/d0ra09292d,1
10.1039/d0ra09305j,publisher_R,https://doi.org/10.1039/d0ra09305j,1
10.1039/d0ra09915e,publisher_R,https://doi.org/10.1039/d0ra09915e,1
10.1039/d0ra09973b,publisher_R,https://doi.org/10.1039/d0ra09973b,1
10.1039/d0ra10539b,publisher_R,https://doi.org/10.1039/d0ra10539b,1
10.1039/d0sc01408g,publisher_R,https://doi.org/10.1039/d0sc01408g,1
10.1039/d0sc02515a,publisher_R,https://doi.org/10.1039/d0sc02515a,1
10.1039/d0sc03940c,publisher_R,https://doi.org/10.1039/d0sc03940c,1
10.1039/d0sc04892e,publisher_R,https://doi.org/10.1039/d0sc04892e,1
10.1039/d0sc06747d,publisher_R,https://doi.org/10.1039/d0sc06747d,1
10.1039/d0ta01677b,publisher_R,https://doi.org/10.1039/d0ta01677b,1
10.1039/d0ta02033h,publisher_R,https://doi.org/10.1039/d0ta02033h,1
10.1039/d0ta04778c,publisher_R,https://doi.org/10.1039/d0ta04778c,1
10.1039/d0ta04898d,publisher_R,https://doi.org/10.1039/d0ta04898d,1
10.1039/d0ta08085c,publisher_R,https://doi.org/10.1039/d0ta08085c,1
10.1039/d0tb00357c,publisher_R,https://doi.org/10.1039/d0tb00357c,1
10.1039/d0tc00736f,publisher_R,https://doi.org/10.1039/d0tc00736f,1
10.1039/d0tc04154h,publisher_R,https://doi.org/10.1039/d0tc04154h,1
10.1039/d0tc05573e,publisher_R,https://doi.org/10.1039/d0tc05573e,1
10.1039/d1ay00824b,publisher_R,https://doi.org/10.1039/d1ay00824b,1
10.1039/d1cc00548k,publisher_R,https://doi.org/10.1039/d1cc00548k,1
10.1039/d1cc00864a,publisher_R,https://doi.org/10.1039/d1cc00864a,1
10.1039/d1cc01552d,publisher_R,https://doi.org/10.1039/d1cc01552d,1
10.1039/d1cc01740c,publisher_R,https://doi.org/10.1039/d1cc01740c,1
10.1039/d1cc02104d,publisher_R,https://doi.org/10.1039/d1cc02104d,1
10.1039/d1cc02828f,publisher_R,https://doi.org/10.1039/d1cc02828f,1
10.1039/d1cc03547a,publisher_R,https://doi.org/10.1039/d1cc03547a,1
10.1039/d1cc04465f,publisher_R,https://doi.org/10.1039/d1cc04465f,1
10.1039/d1cc05306j,publisher_R,https://doi.org/10.1039/d1cc05306j,1
10.1039/d1cc06250f,publisher_R,https://doi.org/10.1039/d1cc06250f,1
10.1039/d1cc06443f,publisher_R,https://doi.org/10.1039/d1cc06443f,1
10.1039/d1ce00112d,publisher_R,https://doi.org/10.1039/d1ce00112d,1
10.1039/d1ce00128k,publisher_R,https://doi.org/10.1039/d1ce00128k,1
10.1039/d1ce00228g,publisher_R,https://doi.org/10.1039/d1ce00228g,1
10.1039/d1ce00287b,publisher_R,https://doi.org/10.1039/d1ce00287b,1
10.1039/d1ce00331c,publisher_R,https://doi.org/10.1039/d1ce00331c,1
10.1039/d1ce00438g,publisher_R,https://doi.org/10.1039/d1ce00438g,1
10.1039/d1ce00461a,publisher_R,https://doi.org/10.1039/d1ce00461a,1
10.1039/d1ce00647a,publisher_R,https://doi.org/10.1039/d1ce00647a,1
10.1039/d1ce00659b,publisher_R,https://doi.org/10.1039/d1ce00659b,1
10.1039/d1ce00780g,publisher_R,https://doi.org/10.1039/d1ce00780g,1
10.1039/d1ce00783a,publisher_R,https://doi.org/10.1039/d1ce00783a,1
10.1039/d1ce00888a,publisher_R,https://doi.org/10.1039/d1ce00888a,1
10.1039/d1ce00931a,publisher_R,https://doi.org/10.1039/d1ce00931a,1
10.1039/d1ce01169c,publisher_R,https://doi.org/10.1039/d1ce01169c,1
10.1039/d1ce01192h,publisher_R,https://doi.org/10.1039/d1ce01192h,1
10.1039/d1ce01284c,publisher_R,https://doi.org/10.1039/d1ce01284c,1
10.1039/d1ce01308d,publisher_R,https://doi.org/10.1039/d1ce01308d,1
10.1039/d1ce01411k,publisher_R,https://doi.org/10.1039/d1ce01411k,1
10.1039/d1ce01418h,publisher_R,https://doi.org/10.1039/d1ce01418h,1
10.1039/d1ce01471d,publisher_R,https://doi.org/10.1039/d1ce01471d,1
10.1039/d1ce01538a,publisher_R,https://doi.org/10.1039/d1ce01538a,1
10.1039/d1ce01593a,publisher_R,https://doi.org/10.1039/d1ce01593a,1
10.1039/d1ce01689j,publisher_R,https://doi.org/10.1039/d1ce01689j,1
10.1039/d1cy00567g,publisher_R,https://doi.org/10.1039/d1cy00567g,1
10.1039/d1dt00118c,publisher_R,https://doi.org/10.1039/d1dt00118c,1
10.1039/d1dt00612f,publisher_R,https://doi.org/10.1039/d1dt00612f,1
10.1039/d1dt00733e,publisher_R,https://doi.org/10.1039/d1dt00733e,1
10.1039/d1dt00940k,publisher_R,https://doi.org/10.1039/d1dt00940k,1
10.1039/d1dt01204e,publisher_R,https://doi.org/10.1039/d1dt01204e,1
10.1039/d1dt01413g,publisher_R,https://doi.org/10.1039/d1dt01413g,1
10.1039/d1dt01945g,publisher_R,https://doi.org/10.1039/d1dt01945g,1
10.1039/d1dt01953h,publisher_R,https://doi.org/10.1039/d1dt01953h,1
10.1039/d1dt02249k,publisher_R,https://doi.org/10.1039/d1dt02249k,1
10.1039/d1dt02687a,publisher_R,https://doi.org/10.1039/d1dt02687a,1
10.1039/d1dt03131g,publisher_R,https://doi.org/10.1039/d1dt03131g,1
10.1039/d1dt03514b,publisher_R,https://doi.org/10.1039/d1dt03514b,1
10.1039/d1dt04190h,publisher_R,https://doi.org/10.1039/d1dt04190h,1
10.1039/d1dt04278e,publisher_R,https://doi.org/10.1039/d1dt04278e,1
10.1039/d1fd00014d,publisher_R,https://doi.org/10.1039/d1fd00014d,1
10.1039/d1fd00016k,publisher_R,https://doi.org/10.1039/d1fd00016k,1
10.1039/d1fd00033k,publisher_R,https://doi.org/10.1039/d1fd00033k,1
10.1039/d1gc00775k,publisher_R,https://doi.org/10.1039/d1gc00775k,1
10.1039/d1gc01312b,publisher_R,https://doi.org/10.1039/d1gc01312b,1
10.1039/d1gc03061b,publisher_R,https://doi.org/10.1039/d1gc03061b,1
10.1039/d1me00080b,publisher_R,https://doi.org/10.1039/d1me00080b,1
10.1039/d1mh01663f,publisher_R,https://doi.org/10.1039/d1mh01663f,1
10.1039/d1nj00601k,publisher_R,https://doi.org/10.1039/d1nj00601k,1
10.1039/d1nj01913a,publisher_R,https://doi.org/10.1039/d1nj01913a,1
10.1039/d1nj02140k,publisher_R,https://doi.org/10.1039/d1nj02140k,1
10.1039/d1nj02841c,publisher_R,https://doi.org/10.1039/d1nj02841c,1
10.1039/d1nj03002g,publisher_R,https://doi.org/10.1039/d1nj03002g,1
10.1039/d1nj03105h,publisher_R,https://doi.org/10.1039/d1nj03105h,1
10.1039/d1nj03176g,publisher_R,https://doi.org/10.1039/d1nj03176g,1
10.1039/d1nj03703j,publisher_R,https://doi.org/10.1039/d1nj03703j,1
10.1039/d1nj03738b,publisher_R,https://doi.org/10.1039/d1nj03738b,1
10.1039/d1nj04435d,publisher_R,https://doi.org/10.1039/d1nj04435d,1
10.1039/d1nj04601b,publisher_R,https://doi.org/10.1039/d1nj04601b,1
10.1039/d1nj04828g,publisher_R,https://doi.org/10.1039/d1nj04828g,1
10.1039/d1nj04982h,publisher_R,https://doi.org/10.1039/d1nj04982h,1
10.1039/d1nj05135k,publisher_R,https://doi.org/10.1039/d1nj05135k,1
10.1039/d1nj05333g,publisher_R,https://doi.org/10.1039/d1nj05333g,1
10.1039/d1nj05561e,publisher_R,https://doi.org/10.1039/d1nj05561e,1
10.1039/d1nj06090b,publisher_R,https://doi.org/10.1039/d1nj06090b,1
10.1039/d1nr02108g,publisher_R,https://doi.org/10.1039/d1nr02108g,1
10.1039/d1nr08305h,publisher_R,https://doi.org/10.1039/d1nr08305h,1
10.1039/d1qi00104c,publisher_R,https://doi.org/10.1039/d1qi00104c,1
10.1039/d1qi00198a,publisher_R,https://doi.org/10.1039/d1qi00198a,1
10.1039/d1qi00759a,publisher_R,https://doi.org/10.1039/d1qi00759a,1
10.1039/d1qi00795e,publisher_R,https://doi.org/10.1039/d1qi00795e,1
10.1039/d1qi00997d,publisher_R,https://doi.org/10.1039/d1qi00997d,1
10.1039/d1qi01538a,publisher_R,https://doi.org/10.1039/d1qi01538a,1
10.1039/d1qi01562a,publisher_R,https://doi.org/10.1039/d1qi01562a,1
10.1039/d1qi01610e,publisher_R,https://doi.org/10.1039/d1qi01610e,1
10.1039/d1qm00024a,publisher_R,https://doi.org/10.1039/d1qm00024a,1
10.1039/d1qm00211b,publisher_R,https://doi.org/10.1039/d1qm00211b,1
10.1039/d1qm00904d,publisher_R,https://doi.org/10.1039/d1qm00904d,1
10.1039/d1qm01512e,publisher_R,https://doi.org/10.1039/d1qm01512e,1
10.1039/d1ra00734c,publisher_R,https://doi.org/10.1039/d1ra00734c,1
10.1039/d1ra01027a,publisher_R,https://doi.org/10.1039/d1ra01027a,1
10.1039/d1ra01703a,publisher_R,https://doi.org/10.1039/d1ra01703a,1
10.1039/d1ra01742j,publisher_R,https://doi.org/10.1039/d1ra01742j,1
10.1039/d1ra02025k,publisher_R,https://doi.org/10.1039/d1ra02025k,1
10.1039/d1ra02938j,publisher_R,https://doi.org/10.1039/d1ra02938j,1
10.1039/d1ra03346h,publisher_R,https://doi.org/10.1039/d1ra03346h,1
10.1039/d1ra04591a,publisher_R,https://doi.org/10.1039/d1ra04591a,1
10.1039/d1ra05349c,publisher_R,https://doi.org/10.1039/d1ra05349c,1
10.1039/d1ra06592k,publisher_R,https://doi.org/10.1039/d1ra06592k,1
10.1039/d1ra07363j,publisher_R,https://doi.org/10.1039/d1ra07363j,1
10.1039/d1ra07848h,publisher_R,https://doi.org/10.1039/d1ra07848h,1
10.1039/d1ra08088a,publisher_R,https://doi.org/10.1039/d1ra08088a,1
10.1039/d1ra08523a,publisher_R,https://doi.org/10.1039/d1ra08523a,1
10.1039/d1ra08950a,publisher_R,https://doi.org/10.1039/d1ra08950a,1
10.1039/d1sc02833b,publisher_R,https://doi.org/10.1039/d1sc02833b,1
10.1039/d1sc03962h,publisher_R,https://doi.org/10.1039/d1sc03962h,1
10.1039/d1ta00149c,publisher_R,https://doi.org/10.1039/d1ta00149c,1
10.1039/d1ta00159k,publisher_R,https://doi.org/10.1039/d1ta00159k,1
10.1039/d1ta02275j,publisher_R,https://doi.org/10.1039/d1ta02275j,1
10.1039/d1ta02814f,publisher_R,https://doi.org/10.1039/d1ta02814f,1
10.1039/d1ta04009j,publisher_R,https://doi.org/10.1039/d1ta04009j,1
10.1039/d1ta10385g,publisher_R,https://doi.org/10.1039/d1ta10385g,1
10.1039/d1ta10522a,publisher_R,https://doi.org/10.1039/d1ta10522a,1
10.1039/d1tb02176a,publisher_R,https://doi.org/10.1039/d1tb02176a,1
10.1039/d1tb02596a,publisher_R,https://doi.org/10.1039/d1tb02596a,1
10.1039/d1tc00407g,publisher_R,https://doi.org/10.1039/d1tc00407g,1
10.1039/d1tc01104a,publisher_R,https://doi.org/10.1039/d1tc01104a,1
10.1039/d2bm01295b,publisher_R,https://doi.org/10.1039/d2bm01295b,1
10.1039/d2cc00213b,publisher_R,https://doi.org/10.1039/d2cc00213b,1
10.1039/d2cc01139e,publisher_R,https://doi.org/10.1039/d2cc01139e,1
10.1039/d2cc01914k,publisher_R,https://doi.org/10.1039/d2cc01914k,1
10.1039/d2cc02314h,publisher_R,https://doi.org/10.1039/d2cc02314h,1
10.1039/d2cc02639b,publisher_R,https://doi.org/10.1039/d2cc02639b,1
10.1039/d2cc03285f,publisher_R,https://doi.org/10.1039/d2cc03285f,1
10.1039/d2cc03575h,publisher_R,https://doi.org/10.1039/d2cc03575h,1
10.1039/d2cc03661d,publisher_R,https://doi.org/10.1039/d2cc03661d,1
10.1039/d2cc04985f,publisher_R,https://doi.org/10.1039/d2cc04985f,1
10.1039/d2cc05149d,publisher_R,https://doi.org/10.1039/d2cc05149d,1
10.1039/d2cc06945h,publisher_R,https://doi.org/10.1039/d2cc06945h,1
10.1039/d2ce00026a,publisher_R,https://doi.org/10.1039/d2ce00026a,1
10.1039/d2ce00047d,publisher_R,https://doi.org/10.1039/d2ce00047d,1
10.1039/d2ce00061j,publisher_R,https://doi.org/10.1039/d2ce00061j,1
10.1039/d2ce00088a,publisher_R,https://doi.org/10.1039/d2ce00088a,1
10.1039/d2ce00133k,publisher_R,https://doi.org/10.1039/d2ce00133k,1
10.1039/d2ce00139j,publisher_R,https://doi.org/10.1039/d2ce00139j,1
10.1039/d2ce00163b,publisher_R,https://doi.org/10.1039/d2ce00163b,1
10.1039/d2ce00268j,publisher_R,https://doi.org/10.1039/d2ce00268j,1
10.1039/d2ce00553k,publisher_R,https://doi.org/10.1039/d2ce00553k,1
10.1039/d2ce00590e,publisher_R,https://doi.org/10.1039/d2ce00590e,1
10.1039/d2ce00722c,publisher_R,https://doi.org/10.1039/d2ce00722c,1
10.1039/d2ce00745b,publisher_R,https://doi.org/10.1039/d2ce00745b,1
10.1039/d2ce01085b,publisher_R,https://doi.org/10.1039/d2ce01085b,1
10.1039/d2ce01105k,publisher_R,https://doi.org/10.1039/d2ce01105k,1
10.1039/d2ce01146h,publisher_R,https://doi.org/10.1039/d2ce01146h,1
10.1039/d2ce01327d,publisher_R,https://doi.org/10.1039/d2ce01327d,1
10.1039/d2ce01496c,publisher_R,https://doi.org/10.1039/d2ce01496c,1
10.1039/d2ce01529c,publisher_R,https://doi.org/10.1039/d2ce01529c,1
10.1039/d2ce01684b,publisher_R,https://doi.org/10.1039/d2ce01684b,1
10.1039/d2ce01686a,publisher_R,https://doi.org/10.1039/d2ce01686a,1
10.1039/d2cp03746g,publisher_R,https://doi.org/10.1039/d2cp03746g,1
10.1039/d2dt00067a,publisher_R,https://doi.org/10.1039/d2dt00067a,1
10.1039/d2dt00389a,publisher_R,https://doi.org/10.1039/d2dt00389a,1
10.1039/d2dt00714b,publisher_R,https://doi.org/10.1039/d2dt00714b,1
10.1039/d2dt01032a,publisher_R,https://doi.org/10.1039/d2dt01032a,1
10.1039/d2dt01117d,publisher_R,https://doi.org/10.1039/d2dt01117d,1
10.1039/d2dt01239a,publisher_R,https://doi.org/10.1039/d2dt01239a,1
10.1039/d2dt01283a,publisher_R,https://doi.org/10.1039/d2dt01283a,1
10.1039/d2dt01695h,publisher_R,https://doi.org/10.1039/d2dt01695h,1
10.1039/d2dt01790c,publisher_R,https://doi.org/10.1039/d2dt01790c,1
10.1039/d2dt01924h,publisher_R,https://doi.org/10.1039/d2dt01924h,1
10.1039/d2dt01976k,publisher_R,https://doi.org/10.1039/d2dt01976k,1
10.1039/d2dt02098j,publisher_R,https://doi.org/10.1039/d2dt02098j,1
10.1039/d2dt02260e,publisher_R,https://doi.org/10.1039/d2dt02260e,1
10.1039/d2dt02290g,publisher_R,https://doi.org/10.1039/d2dt02290g,1
10.1039/d2dt02340g,publisher_R,https://doi.org/10.1039/d2dt02340g,1
10.1039/d2dt02421g,publisher_R,https://doi.org/10.1039/d2dt02421g,1
10.1039/d2dt02792e,publisher_R,https://doi.org/10.1039/d2dt02792e,1
10.1039/d2dt03230a,publisher_R,https://doi.org/10.1039/d2dt03230a,1
10.1039/d2dt03446h,publisher_R,https://doi.org/10.1039/d2dt03446h,1
10.1039/d2dt03462j,publisher_R,https://doi.org/10.1039/d2dt03462j,1
10.1039/d2dt04106e,publisher_R,https://doi.org/10.1039/d2dt04106e,1
10.1039/d2en00809b,publisher_R,https://doi.org/10.1039/d2en00809b,1
10.1039/d2gc00208f,publisher_R,https://doi.org/10.1039/d2gc00208f,1
10.1039/d2me00163b,publisher_R,https://doi.org/10.1039/d2me00163b,1
10.1039/d2na00767c,publisher_R,https://doi.org/10.1039/d2na00767c,1
10.1039/d2nj00225f,publisher_R,https://doi.org/10.1039/d2nj00225f,1
10.1039/d2nj00308b,publisher_R,https://doi.org/10.1039/d2nj00308b,1
10.1039/d2nj00358a,publisher_R,https://doi.org/10.1039/d2nj00358a,1
10.1039/d2nj00416j,publisher_R,https://doi.org/10.1039/d2nj00416j,1
10.1039/d2nj01490d,publisher_R,https://doi.org/10.1039/d2nj01490d,1
10.1039/d2nj01981g,publisher_R,https://doi.org/10.1039/d2nj01981g,1
10.1039/d2nj02981b,publisher_R,https://doi.org/10.1039/d2nj02981b,1
10.1039/d2nj03640a,publisher_R,https://doi.org/10.1039/d2nj03640a,1
10.1039/d2nj03746g,publisher_R,https://doi.org/10.1039/d2nj03746g,1
10.1039/d2nj04116b,publisher_R,https://doi.org/10.1039/d2nj04116b,1
10.1039/d2nj05100a,publisher_R,https://doi.org/10.1039/d2nj05100a,1
10.1039/d2nj05689e,publisher_R,https://doi.org/10.1039/d2nj05689e,1
10.1039/d2nj05751d,publisher_R,https://doi.org/10.1039/d2nj05751d,1
10.1039/d2nj06032a,publisher_R,https://doi.org/10.1039/d2nj06032a,1
10.1039/d2nr01827f,publisher_R,https://doi.org/10.1039/d2nr01827f,1
10.1039/d2nr03602a,publisher_R,https://doi.org/10.1039/d2nr03602a,1
10.1039/d2nr05229f,publisher_R,https://doi.org/10.1039/d2nr05229f,1
10.1039/d2nr06729c,publisher_R,https://doi.org/10.1039/d2nr06729c,1
10.1039/d2qi00093h,publisher_R,https://doi.org/10.1039/d2qi00093h,1
10.1039/d2qi00206j,publisher_R,https://doi.org/10.1039/d2qi00206j,1
10.1039/d2qi00214k,publisher_R,https://doi.org/10.1039/d2qi00214k,1
10.1039/d2qi00404f,publisher_R,https://doi.org/10.1039/d2qi00404f,1
10.1039/d2qi00799a,publisher_R,https://doi.org/10.1039/d2qi00799a,1
10.1039/d2qi00835a,publisher_R,https://doi.org/10.1039/d2qi00835a,1
10.1039/d2qi01108e,publisher_R,https://doi.org/10.1039/d2qi01108e,1
10.1039/d2qi01152b,publisher_R,https://doi.org/10.1039/d2qi01152b,1
10.1039/d2qi01198k,publisher_R,https://doi.org/10.1039/d2qi01198k,1
10.1039/d2qi01337a,publisher_R,https://doi.org/10.1039/d2qi01337a,1
10.1039/d2qi01738e,publisher_R,https://doi.org/10.1039/d2qi01738e,1
10.1039/d2qi01763f,publisher_R,https://doi.org/10.1039/d2qi01763f,1
10.1039/d2qi01894b,publisher_R,https://doi.org/10.1039/d2qi01894b,1
10.1039/d2qi01922a,publisher_R,https://doi.org/10.1039/d2qi01922a,1
10.1039/d2qi01949c,publisher_R,https://doi.org/10.1039/d2qi01949c,1
10.1039/d2qi02639b,publisher_R,https://doi.org/10.1039/d2qi02639b,1
10.1039/d2qo01257j,publisher_R,https://doi.org/10.1039/d2qo01257j,1
10.1039/d2ra01159j,publisher_R,https://doi.org/10.1039/d2ra01159j,1
10.1039/d2ra02680e,publisher_R,https://doi.org/10.1039/d2ra02680e,1
10.1039/d2ra03131k,publisher_R,https://doi.org/10.1039/d2ra03131k,1
10.1039/d2ra03747e,publisher_R,https://doi.org/10.1039/d2ra03747e,1
10.1039/d2ra05878b,publisher_R,https://doi.org/10.1039/d2ra05878b,1
10.1039/d2ra08040k,publisher_R,https://doi.org/10.1039/d2ra08040k,1
10.1039/d2ra08312d,publisher_R,https://doi.org/10.1039/d2ra08312d,1
10.1039/d2ra08347g,publisher_R,https://doi.org/10.1039/d2ra08347g,1
10.1039/d2sc00526c,publisher_R,https://doi.org/10.1039/d2sc00526c,1
10.1039/d2sc02267b,publisher_R,https://doi.org/10.1039/d2sc02267b,1
10.1039/d2sc04783g,publisher_R,https://doi.org/10.1039/d2sc04783g,1
10.1039/d2sc05161c,publisher_R,https://doi.org/10.1039/d2sc05161c,1
10.1039/d2sc06869a,publisher_R,https://doi.org/10.1039/d2sc06869a,1
10.1039/d2se00374k,publisher_R,https://doi.org/10.1039/d2se00374k,1
10.1039/d2sm00749e,publisher_R,https://doi.org/10.1039/d2sm00749e,1
10.1039/d2ta00503d,publisher_R,https://doi.org/10.1039/d2ta00503d,1
10.1039/d2ta00603k,publisher_R,https://doi.org/10.1039/d2ta00603k,1
10.1039/d2ta02948k,publisher_R,https://doi.org/10.1039/d2ta02948k,1
10.1039/d2ta02962f,publisher_R,https://doi.org/10.1039/d2ta02962f,1
10.1039/d2ta03524c,publisher_R,https://doi.org/10.1039/d2ta03524c,1
10.1039/d2ta06652a,publisher_R,https://doi.org/10.1039/d2ta06652a,1
10.1039/d2ta07042a,publisher_R,https://doi.org/10.1039/d2ta07042a,1
10.1039/d2ta07219j,publisher_R,https://doi.org/10.1039/d2ta07219j,1
10.1039/d2ta08092c,publisher_R,https://doi.org/10.1039/d2ta08092c,1
10.1039/d2ta08921a,publisher_R,https://doi.org/10.1039/d2ta08921a,1
10.1039/d2ta08934c,publisher_R,https://doi.org/10.1039/d2ta08934c,1
10.1039/d2ta09963b,publisher_R,https://doi.org/10.1039/d2ta09963b,1
10.1039/d2tc00022a,publisher_R,https://doi.org/10.1039/d2tc00022a,1
10.1039/d2tc00920j,publisher_R,https://doi.org/10.1039/d2tc00920j,1
10.1039/d2tc02494b,publisher_R,https://doi.org/10.1039/d2tc02494b,1
10.1039/d2tc02947b,publisher_R,https://doi.org/10.1039/d2tc02947b,1
10.1039/d2tc03020a,publisher_R,https://doi.org/10.1039/d2tc03020a,1
10.1039/d2tc03819f,publisher_R,https://doi.org/10.1039/d2tc03819f,1
10.1039/d2tc04460a,publisher_R,https://doi.org/10.1039/d2tc04460a,1
10.1039/d2tc04879e,publisher_R,https://doi.org/10.1039/d2tc04879e,1
10.1039/d3cc01685d,publisher_R,https://doi.org/10.1039/d3cc01685d,1
10.1039/d3cc01831h,publisher_R,https://doi.org/10.1039/d3cc01831h,1
10.1039/d3cc05087d,publisher_R,https://doi.org/10.1039/d3cc05087d,1
10.1039/d3ce00022b,publisher_R,https://doi.org/10.1039/d3ce00022b,1
10.1039/d3ce00039g,publisher_R,https://doi.org/10.1039/d3ce00039g,1
10.1039/d3ce00068k,publisher_R,https://doi.org/10.1039/d3ce00068k,1
10.1039/d3ce00138e,publisher_R,https://doi.org/10.1039/d3ce00138e,1
10.1039/d3ce00166k,publisher_R,https://doi.org/10.1039/d3ce00166k,1
10.1039/d3ce00179b,publisher_R,https://doi.org/10.1039/d3ce00179b,1
10.1039/d3ce00228d,publisher_R,https://doi.org/10.1039/d3ce00228d,1
10.1039/d3ce00358b,publisher_R,https://doi.org/10.1039/d3ce00358b,1
10.1039/d3ce00784g,publisher_R,https://doi.org/10.1039/d3ce00784g,1
10.1039/d3ce00865g,publisher_R,https://doi.org/10.1039/d3ce00865g,1
10.1039/d3ce00878a,publisher_R,https://doi.org/10.1039/d3ce00878a,1
10.1039/d3ce00881a,publisher_R,https://doi.org/10.1039/d3ce00881a,1
10.1039/d3ce01001e,publisher_R,https://doi.org/10.1039/d3ce01001e,1
10.1039/d3ce01034a,publisher_R,https://doi.org/10.1039/d3ce01034a,1
10.1039/d3ce01058a,publisher_R,https://doi.org/10.1039/d3ce01058a,1
10.1039/d3ce01146a,publisher_R,https://doi.org/10.1039/d3ce01146a,1
10.1039/d3cp01004j,publisher_R,https://doi.org/10.1039/d3cp01004j,1
10.1039/d3cp01063e,publisher_R,https://doi.org/10.1039/d3cp01063e,1
10.1039/d3cy01105d,publisher_R,https://doi.org/10.1039/d3cy01105d,1
10.1039/d3cy01709e,publisher_R,https://doi.org/10.1039/d3cy01709e,1
10.1039/d3dt00380a,publisher_R,https://doi.org/10.1039/d3dt00380a,1
10.1039/d3dt00389b,publisher_R,https://doi.org/10.1039/d3dt00389b,1
10.1039/d3dt00422h,publisher_R,https://doi.org/10.1039/d3dt00422h,1
10.1039/d3dt00660c,publisher_R,https://doi.org/10.1039/d3dt00660c,1
10.1039/d3dt00890h,publisher_R,https://doi.org/10.1039/d3dt00890h,1
10.1039/d3dt01087b,publisher_R,https://doi.org/10.1039/d3dt01087b,1
10.1039/d3dt01984e,publisher_R,https://doi.org/10.1039/d3dt01984e,1
10.1039/d3dt02620e,publisher_R,https://doi.org/10.1039/d3dt02620e,1
10.1039/d3dt02822d,publisher_R,https://doi.org/10.1039/d3dt02822d,1
10.1039/d3dt03867j,publisher_R,https://doi.org/10.1039/d3dt03867j,1
10.1039/d3dt04338j,publisher_R,https://doi.org/10.1039/d3dt04338j,1
10.1039/d3gc02521g,publisher_R,https://doi.org/10.1039/d3gc02521g,1
10.1039/d3me00145h,publisher_R,https://doi.org/10.1039/d3me00145h,1
10.1039/d3nj00610g,publisher_R,https://doi.org/10.1039/d3nj00610g,1
10.1039/d3nj01358h,publisher_R,https://doi.org/10.1039/d3nj01358h,1
10.1039/d3nj03663d,publisher_R,https://doi.org/10.1039/d3nj03663d,1
10.1039/d3nj03772j,publisher_R,https://doi.org/10.1039/d3nj03772j,1
10.1039/d3nj03914e,publisher_R,https://doi.org/10.1039/d3nj03914e,1
10.1039/d3nj04256a,publisher_R,https://doi.org/10.1039/d3nj04256a,1
10.1039/d3nj04569b,publisher_R,https://doi.org/10.1039/d3nj04569b,1
10.1039/d3nj04709a,publisher_R,https://doi.org/10.1039/d3nj04709a,1
10.1039/d3nj05008d,publisher_R,https://doi.org/10.1039/d3nj05008d,1
10.1039/d3nj05251f,publisher_R,https://doi.org/10.1039/d3nj05251f,1
10.1039/d3nj05260e,publisher_R,https://doi.org/10.1039/d3nj05260e,1
10.1039/d3nj05262a,publisher_R,https://doi.org/10.1039/d3nj05262a,1
10.1039/d3qi00018d,publisher_R,https://doi.org/10.1039/d3qi00018d,1
10.1039/d3qi00102d,publisher_R,https://doi.org/10.1039/d3qi00102d,1
10.1039/d3qi00251a,publisher_R,https://doi.org/10.1039/d3qi00251a,1
10.1039/d3qi01120h,publisher_R,https://doi.org/10.1039/d3qi01120h,1
10.1039/d3qi01567j,publisher_R,https://doi.org/10.1039/d3qi01567j,1
10.1039/d3qi02527f,publisher_R,https://doi.org/10.1039/d3qi02527f,1
10.1039/d3ra01175e,publisher_R,https://doi.org/10.1039/d3ra01175e,1
10.1039/d3ra01571h,publisher_R,https://doi.org/10.1039/d3ra01571h,1
10.1039/d3ra06749a,publisher_R,https://doi.org/10.1039/d3ra06749a,1
10.1039/d3ra07120k,publisher_R,https://doi.org/10.1039/d3ra07120k,1
10.1039/d3ra08873a,publisher_R,https://doi.org/10.1039/d3ra08873a,1
10.1039/d3sc02257a,publisher_R,https://doi.org/10.1039/d3sc02257a,1
10.1039/d3sc04171a,publisher_R,https://doi.org/10.1039/d3sc04171a,1
10.1039/d3sc06734c,publisher_R,https://doi.org/10.1039/d3sc06734c,1
10.1039/d3se00277b,publisher_R,https://doi.org/10.1039/d3se00277b,1
10.1039/d3sm01100c,publisher_R,https://doi.org/10.1039/d3sm01100c,1
10.1039/d3sm01658g,publisher_R,https://doi.org/10.1039/d3sm01658g,1
10.1039/d3ta01574b,publisher_R,https://doi.org/10.1039/d3ta01574b,1
10.1039/d3ta01927f,publisher_R,https://doi.org/10.1039/d3ta01927f,1
10.1039/d3ta01930f,publisher_R,https://doi.org/10.1039/d3ta01930f,1
10.1039/d3ta02229c,publisher_R,https://doi.org/10.1039/d3ta02229c,1
10.1039/d3ta04490d,publisher_R,https://doi.org/10.1039/d3ta04490d,1
10.1039/d3ta05219b,publisher_R,https://doi.org/10.1039/d3ta05219b,1
10.1039/d3ta05397k,publisher_R,https://doi.org/10.1039/d3ta05397k,1
10.1039/d3ta06719j,publisher_R,https://doi.org/10.1039/d3ta06719j,1
10.1039/d3ta07616d,publisher_R,https://doi.org/10.1039/d3ta07616d,1
10.1039/d3ta07946e,publisher_R,https://doi.org/10.1039/d3ta07946e,1
10.1039/d3tb00126a,publisher_R,https://doi.org/10.1039/d3tb00126a,1
10.1039/d3tb01819a,publisher_R,https://doi.org/10.1039/d3tb01819a,1
10.1039/d3tc04365g,publisher_R,https://doi.org/10.1039/d3tc04365g,1
10.1039/d4cc00775a,publisher_R,https://doi.org/10.1039/d4cc00775a,1
10.1039/d4cc01706d,publisher_R,https://doi.org/10.1039/d4cc01706d,1
10.1039/d4cc01985g,publisher_R,https://doi.org/10.1039/d4cc01985g,1
10.1039/d4cc03138e,publisher_R,https://doi.org/10.1039/d4cc03138e,1
10.1039/d4cc05516k,publisher_R,https://doi.org/10.1039/d4cc05516k,1
10.1039/d4ce00008k,publisher_R,https://doi.org/10.1039/d4ce00008k,1
10.1039/d4ce00041b,publisher_R,https://doi.org/10.1039/d4ce00041b,1
10.1039/d4ce00096j,publisher_R,https://doi.org/10.1039/d4ce00096j,1
10.1039/d4ce00168k,publisher_R,https://doi.org/10.1039/d4ce00168k,1
10.1039/d4ce00332b,publisher_R,https://doi.org/10.1039/d4ce00332b,1
10.1039/d4ce00399c,publisher_R,https://doi.org/10.1039/d4ce00399c,1
10.1039/d4ce00592a,publisher_R,https://doi.org/10.1039/d4ce00592a,1
10.1039/d4ce00621f,publisher_R,https://doi.org/10.1039/d4ce00621f,1
10.1039/d4ce00691g,publisher_R,https://doi.org/10.1039/d4ce00691g,1
10.1039/d4ce00905c,publisher_R,https://doi.org/10.1039/d4ce00905c,1
10.1039/d4ce01050g,publisher_R,https://doi.org/10.1039/d4ce01050g,1
10.1039/d4ce01187b,publisher_R,https://doi.org/10.1039/d4ce01187b,1
10.1039/d4cp01979b,publisher_R,https://doi.org/10.1039/d4cp01979b,1
10.1039/d4cp02422b,publisher_R,https://doi.org/10.1039/d4cp02422b,1
10.1039/d4dt00209a,publisher_R,https://doi.org/10.1039/d4dt00209a,1
10.1039/d4dt00626g,publisher_R,https://doi.org/10.1039/d4dt00626g,1
10.1039/d4dt00986j,publisher_R,https://doi.org/10.1039/d4dt00986j,1
10.1039/d4dt01100g,publisher_R,https://doi.org/10.1039/d4dt01100g,1
10.1039/d4dt01150c,publisher_R,https://doi.org/10.1039/d4dt01150c,1
10.1039/d4dt01251h,publisher_R,https://doi.org/10.1039/d4dt01251h,1
10.1039/d4dt01554a,publisher_R,https://doi.org/10.1039/d4dt01554a,1
10.1039/d4dt01667j,publisher_R,https://doi.org/10.1039/d4dt01667j,1
10.1039/d4dt01729c,publisher_R,https://doi.org/10.1039/d4dt01729c,1
10.1039/d4dt02143f,publisher_R,https://doi.org/10.1039/d4dt02143f,1
10.1039/d4dt02609h,publisher_R,https://doi.org/10.1039/d4dt02609h,1
10.1039/d4en00066h,publisher_R,https://doi.org/10.1039/d4en00066h,1
10.1039/d4gc01350f,publisher_R,https://doi.org/10.1039/d4gc01350f,1
10.1039/d4gc02189d,publisher_R,https://doi.org/10.1039/d4gc02189d,1
10.1039/d4gc03302g,publisher_R,https://doi.org/10.1039/d4gc03302g,1
10.1039/d4gc06360k,publisher_R,https://doi.org/10.1039/d4gc06360k,1
10.1039/d4na00643g,publisher_R,https://doi.org/10.1039/d4na00643g,1
10.1039/d4na00907j,publisher_R,https://doi.org/10.1039/d4na00907j,1
10.1039/d4nj01657b,publisher_R,https://doi.org/10.1039/d4nj01657b,1
10.1039/d4nj02641a,publisher_R,https://doi.org/10.1039/d4nj02641a,1
10.1039/d4nj04487h,publisher_R,https://doi.org/10.1039/d4nj04487h,1
10.1039/d4nj04856c,publisher_R,https://doi.org/10.1039/d4nj04856c,1
10.1039/d4nj05056h,publisher_R,https://doi.org/10.1039/d4nj05056h,1
10.1039/d4nr02857k,publisher_R,https://doi.org/10.1039/d4nr02857k,1
10.1039/d4ob00744a,publisher_R,https://doi.org/10.1039/d4ob00744a,1
10.1039/d4qi00436a,publisher_R,https://doi.org/10.1039/d4qi00436a,1
10.1039/d4qi00692e,publisher_R,https://doi.org/10.1039/d4qi00692e,1
10.1039/d4qi00968a,publisher_R,https://doi.org/10.1039/d4qi00968a,1
10.1039/d4qi00975d,publisher_R,https://doi.org/10.1039/d4qi00975d,1
10.1039/d4qi01105h,publisher_R,https://doi.org/10.1039/d4qi01105h,1
10.1039/d4qi01273a,publisher_R,https://doi.org/10.1039/d4qi01273a,1
10.1039/d4qi01368a,publisher_R,https://doi.org/10.1039/d4qi01368a,1
10.1039/d4qi01463d,publisher_R,https://doi.org/10.1039/d4qi01463d,1
10.1039/d4qi03110e,publisher_R,https://doi.org/10.1039/d4qi03110e,1
10.1039/d4ra00914b,publisher_R,https://doi.org/10.1039/d4ra00914b,1
10.1039/d4ra03468f,publisher_R,https://doi.org/10.1039/d4ra03468f,1
10.1039/d4ra03539a,publisher_R,https://doi.org/10.1039/d4ra03539a,1
10.1039/d4ra04637d,publisher_R,https://doi.org/10.1039/d4ra04637d,1
10.1039/d4ra07458k,publisher_R,https://doi.org/10.1039/d4ra07458k,1
10.1039/d4ra07521h,publisher_R,https://doi.org/10.1039/d4ra07521h,1
10.1039/d4ra08614g,publisher_R,https://doi.org/10.1039/d4ra08614g,1
10.1039/d4sc03524k,publisher_R,https://doi.org/10.1039/d4sc03524k,1
10.1039/d4sc03973d,publisher_R,https://doi.org/10.1039/d4sc03973d,1
10.1039/d4sc04105d,publisher_R,https://doi.org/10.1039/d4sc04105d,1
10.1039/d4sc06528j,publisher_R,https://doi.org/10.1039/d4sc06528j,1
10.1039/d4sc07959k,publisher_R,https://doi.org/10.1039/d4sc07959k,1
10.1039/d4sc07985j,publisher_R,https://doi.org/10.1039/d4sc07985j,1
10.1039/d4ta00491d,publisher_R,https://doi.org/10.1039/d4ta00491d,1
10.1039/d4ta00507d,publisher_R,https://doi.org/10.1039/d4ta00507d,1
10.1039/d4ta01716a,publisher_R,https://doi.org/10.1039/d4ta01716a,1
10.1039/d4ta02068e,publisher_R,https://doi.org/10.1039/d4ta02068e,1
10.1039/d4ta03374d,publisher_R,https://doi.org/10.1039/d4ta03374d,1
10.1039/d4ta05318d,publisher_R,https://doi.org/10.1039/d4ta05318d,1
10.1039/d4ta07509a,publisher_R,https://doi.org/10.1039/d4ta07509a,1
10.1039/d4tb00329b,publisher_R,https://doi.org/10.1039/d4tb00329b,1
10.1039/d4tb01206b,publisher_R,https://doi.org/10.1039/d4tb01206b,1
10.1039/d4tb01303d,publisher_R,https://doi.org/10.1039/d4tb01303d,1
10.1039/d4tb01944j,publisher_R,https://doi.org/10.1039/d4tb01944j,1
10.1039/d4tc00862f,publisher_R,https://doi.org/10.1039/d4tc00862f,1
10.1039/d4tc02806f,publisher_R,https://doi.org/10.1039/d4tc02806f,1
10.1039/d4tc03221g,publisher_R,https://doi.org/10.1039/d4tc03221g,1
10.1039/d4tc04758c,publisher_R,https://doi.org/10.1039/d4tc04758c,1
10.1039/d5ce00161g,publisher_R,https://doi.org/10.1039/d5ce00161g,1
10.1039/d5ce00247h,publisher_R,https://doi.org/10.1039/d5ce00247h,1
10.1039/d5dt00801h,publisher_R,https://doi.org/10.1039/d5dt00801h,1
10.1039/d5dt00825e,publisher_R,https://doi.org/10.1039/d5dt00825e,1
10.1039/d5gc01029b,publisher_R,https://doi.org/10.1039/d5gc01029b,1
10.1039/d5gc01697e,publisher_R,https://doi.org/10.1039/d5gc01697e,1
10.1039/d5nj00024f,publisher_R,https://doi.org/10.1039/d5nj00024f,1
10.1039/d5nj02067k,publisher_R,https://doi.org/10.1039/d5nj02067k,1
10.1039/d5qi00261c,publisher_R,https://doi.org/10.1039/d5qi00261c,1
10.1039/d5ra00355e,publisher_R,https://doi.org/10.1039/d5ra00355e,1
10.1039/d5ra00509d,publisher_R,https://doi.org/10.1039/d5ra00509d,1
10.1039/d5ra01942g,publisher_R,https://doi.org/10.1039/d5ra01942g,1
10.1039/d5ra02661j,publisher_R,https://doi.org/10.1039/d5ra02661j,1
10.1039/d5sc02585k,publisher_R,https://doi.org/10.1039/d5sc02585k,1
10.1107/S160053680904269X,publisher_W,https://doi.org/10.1107/S160053680904269X,0
10.1107/S2053273314019573,publisher_W,https://doi.org/10.1107/S2053273314019573,0
10.1111/j.1551-2916.2010.03824.x,publisher_W,https://doi.org/10.1111/j.1551-2916.2010.03824.x,1
10.1111/jace.18672,publisher_W,https://doi.org/10.1111/jace.18672,1
10.1134/S0036023609080208,unmapped,https://doi.org/10.1134/S0036023609080208,0
10.1134/S0036023622700097,unmapped,https://doi.org/10.1134/S0036023622700097,0
10.1134/S0036023623600946,unmapped,https://doi.org/10.1134/S0036023623600946,
10.1134/S0036023624600060,unmapped,https://doi.org/10.1134/S0036023624600060,
10.1134/S0965544123060257,unmapped,https://doi.org/10.1134/S0965544123060257,0
10.1134/S1063774516050072,unmapped,https://doi.org/10.1134/S1063774516050072,0
10.1134/S1068162023020036,unmapped,https://doi.org/10.1134/S1068162023020036,0
10.1134/S1070328411020035,unmapped,https://doi.org/10.1134/S1070328411020035,0
10.1134/S1070328411020047,unmapped,https://doi.org/10.1134/S1070328411020047,0
10.1134/S1070328411030031,unmapped,https://doi.org/10.1134/S1070328411030031,
10.1134/S1070328411060121,unmapped,https://doi.org/10.1134/S1070328411060121,
10.1134/S107032841202008X,unmapped,https://doi.org/10.1134/S107032841202008X,
10.1134/S1070328413030056,unmapped,https://doi.org/10.1134/S1070328413030056,
10.1134/S1070328414110086,unmapped,https://doi.org/10.1134/S1070328414110086,
10.1134/S1070328415050036,unmapped,https://doi.org/10.1134/S1070328415050036,
10.1134/S1070328415060068,unmapped,https://doi.org/10.1134/S1070328415060068,
10.1134/S1070328417100086,unmapped,https://doi.org/10.1134/S1070328417100086,
10.1186/s11671-023-03883-9,publisher_S,https://doi.org/10.1186/s11671-023-03883-9,0
10.1186/s11671-024-04152-z,publisher_S,https://doi.org/10.1186/s11671-024-04152-z,0
10.1186/s13065-018-0446-x,publisher_S,https://doi.org/10.1186/s13065-018-0446-x,0
10.1186/s13065-022-00821-1,unmapped,https://doi.org/10.1186/s13065-022-00821-1,0
10.1186/s13065-022-00886-y,unmapped,https://doi.org/10.1186/s13065-022-00886-y,
10.14102/j.cnki.0254-5861.2011-2794,publisher_E,https://doi.org/10.14102/j.cnki.0254-5861.2011-2794,0
10.14102/j.cnki.0254-5861.2011-2796,publisher_E,https://doi.org/10.14102/j.cnki.0254-5861.2011-2796,0
10.14102/j.cnki.0254-5861.2011-2852,publisher_E,https://doi.org/10.14102/j.cnki.0254-5861.2011-2852,
10.14102/j.cnki.0254-5861.2011-3052,publisher_E,https://doi.org/10.14102/j.cnki.0254-5861.2011-3052,
10.14102/j.cnki.0254-5861.2021-0013,publisher_E,https://doi.org/10.14102/j.cnki.0254-5861.2021-0013,
10.1557/s43578-022-00644-9,publisher_S,https://doi.org/10.1557/s43578-022-00644-9,0
10.1557/s43579-022-00170-z,publisher_S,https://doi.org/10.1557/s43579-022-00170-z,0
10.1557/s43579-023-00456-w,publisher_S,https://doi.org/10.1557/s43579-023-00456-w,
10.5012/bkcs.2012.33.11.3777,publisher_W,https://doi.org/10.5012/bkcs.2012.33.11.3777,0
10.5012/bkcs.2012.33.11.3793,publisher_W,https://doi.org/10.5012/bkcs.2012.33.11.3793,0
10.5012/bkcs.2013.34.6.1625,publisher_W,https://doi.org/10.5012/bkcs.2013.34.6.1625,
10.5012/bkcs.2013.34.7.2138,publisher_W,https://doi.org/10.5012/bkcs.2013.34.7.2138,
10.5012/bkcs.2013.34.8.2375,publisher_W,https://doi.org/10.5012/bkcs.2013.34.8.2375,
