DOI,Publisher,DOI Link,Classification
10.1021/ic051900p,publisher_A,https://doi.org/10.1021/ic051900p,Functional materials
10.1002/ejic.201701393,publisher_W,https://doi.org/10.1002/ejic.201701393,Functional materials
10.1039/d3ce00138e,publisher_R,https://doi.org/10.1039/d3ce00138e,Crystal engineering
10.1021/ic011192h,publisher_A,https://doi.org/10.1021/ic011192h,Crystal engineering
10.1039/b810414j,publisher_R,https://doi.org/10.1039/b810414j,Functional materials
10.1039/b905707b,publisher_R,https://doi.org/10.1039/b905707b,Crystal engineering
10.1002/ejic.201500431,publisher_W,https://doi.org/10.1002/ejic.201500431,Functional materials
10.1039/b202220f,publisher_R,https://doi.org/10.1039/b202220f,Crystal engineering
10.1002/ejic.201100789,publisher_W,https://doi.org/10.1002/ejic.201100789,Crystal engineering
10.1021/ic100880j,publisher_A,https://doi.org/10.1021/ic100880j,Chemical synthesis
10.1021/ic700893w,publisher_A,https://doi.org/10.1021/ic700893w,Crystal engineering
10.1002/zaac.201300050,publisher_W,https://doi.org/10.1002/zaac.201300050,Crystal engineering
10.1039/c2ce26940f,publisher_R,https://doi.org/10.1039/c2ce26940f,Crystal engineering
10.1039/c2dt30362k,publisher_R,https://doi.org/10.1039/c2dt30362k,Crystal engineering
10.1021/ic403148f,publisher_A,https://doi.org/10.1021/ic403148f,Crystal engineering
10.1039/c4dt01022a,publisher_R,https://doi.org/10.1039/c4dt01022a,Crystal engineering
10.1021/cg200571y,publisher_A,https://doi.org/10.1021/cg200571y,Crystal engineering
10.1021/acs.cgd.7b00575,publisher_A,https://doi.org/10.1021/acs.cgd.7b00575,Functional materials
10.1021/ic802294e,publisher_A,https://doi.org/10.1021/ic802294e,Crystal engineering
10.1002/ejic.201100523,publisher_W,https://doi.org/10.1002/ejic.201100523,Functional materials
10.1039/c4qi00129j,publisher_R,https://doi.org/10.1039/c4qi00129j,Crystal engineering
10.1002/asia.200900078,publisher_W,https://doi.org/10.1002/asia.200900078,Crystal engineering
10.1002/ejic.200800434,publisher_W,https://doi.org/10.1002/ejic.200800434,Functional materials
10.1002/slct.201700237,publisher_W,https://doi.org/10.1002/slct.201700237,Functional materials
10.1039/c8nj05701j,publisher_R,https://doi.org/10.1039/c8nj05701j,Crystal engineering
10.1039/c7ce01773a,publisher_R,https://doi.org/10.1039/c7ce01773a,Crystal engineering
10.1039/b900522f,publisher_R,https://doi.org/10.1039/b900522f,Crystal engineering
10.1039/c6ce00885b,publisher_R,https://doi.org/10.1039/c6ce00885b,Functional materials
10.1039/d0ce01581d,publisher_R,https://doi.org/10.1039/d0ce01581d,Functional materials
10.1039/d2qi00404f,publisher_R,https://doi.org/10.1039/d2qi00404f,Functional materials
10.1002/anie.201912911,publisher_W,https://doi.org/10.1002/anie.201912911,Chemical synthesis
10.1039/d4qi01273a,publisher_R,https://doi.org/10.1039/d4qi01273a,Functional materials
10.1039/d2qi00799a,publisher_R,https://doi.org/10.1039/d2qi00799a,Crystal engineering
10.1007/s10562-019-02874-9,publisher_S,https://doi.org/10.1007/s10562-019-02874-9,Functional materials
10.1002/elan.202100423,publisher_W,https://doi.org/10.1002/elan.202100423,Functional materials
10.1039/c8ce00954f,publisher_R,https://doi.org/10.1039/c8ce00954f,Functional materials
10.1021/acsanm.8b01283,publisher_A,https://doi.org/10.1021/acsanm.8b01283,Functional materials
10.1039/c9ce01932d,publisher_R,https://doi.org/10.1039/c9ce01932d,Crystal engineering
10.1039/c5qi00241a,publisher_R,https://doi.org/10.1039/c5qi00241a,Functional materials
10.1021/cg900811k,publisher_A,https://doi.org/10.1021/cg900811k,Functional materials
10.1039/b813024h,publisher_R,https://doi.org/10.1039/b813024h,Crystal engineering
10.1021/ja803021v,publisher_A,https://doi.org/10.1021/ja803021v,Functional materials
10.1021/acs.cgd.6b00903,publisher_A,https://doi.org/10.1021/acs.cgd.6b00903,Functional materials
10.1039/c5ra21557a,publisher_R,https://doi.org/10.1039/c5ra21557a,Crystal engineering
10.1039/c9ce01779h,publisher_R,https://doi.org/10.1039/c9ce01779h,Functional materials
10.1039/c3ce40315g,publisher_R,https://doi.org/10.1039/c3ce40315g,Crystal engineering
10.1002/ejic.201403026,publisher_W,https://doi.org/10.1002/ejic.201403026,Crystal engineering
10.1039/b902954k,publisher_R,https://doi.org/10.1039/b902954k,Crystal engineering
10.1021/acs.cgd.3c01172,publisher_A,https://doi.org/10.1021/acs.cgd.3c01172,Crystal engineering
10.1002/ejic.201402128,publisher_W,https://doi.org/10.1002/ejic.201402128,Crystal engineering
10.1002/cplu.201500308,publisher_W,https://doi.org/10.1002/cplu.201500308,Functional materials
10.1021/acs.inorgchem.8b03001,publisher_A,https://doi.org/10.1021/acs.inorgchem.8b03001,Functional materials
10.1002/chem.201800149,publisher_W,https://doi.org/10.1002/chem.201800149,Chemical synthesis
10.1021/ic900611u,publisher_A,https://doi.org/10.1021/ic900611u,Functional materials
10.1002/ejic.201300123,publisher_W,https://doi.org/10.1002/ejic.201300123,Crystal engineering
10.1002/aoc.5977,publisher_W,https://doi.org/10.1002/aoc.5977,Functional materials
10.1039/d2ta08092c,publisher_R,https://doi.org/10.1039/d2ta08092c,Functional materials
10.1002/cjoc.201700310,publisher_W,https://doi.org/10.1002/cjoc.201700310,Crystal engineering
10.1007/s11243-023-00522-1,publisher_S,https://doi.org/10.1007/s11243-023-00522-1,Functional materials
10.1039/c2ce25911g,publisher_R,https://doi.org/10.1039/c2ce25911g,Chemical synthesis
10.1002/zaac.202000303,publisher_W,https://doi.org/10.1002/zaac.202000303,Functional materials
10.1039/c7nj01258f,publisher_R,https://doi.org/10.1039/c7nj01258f,Functional materials
10.1021/acs.inorgchem.7b01781,publisher_A,https://doi.org/10.1021/acs.inorgchem.7b01781,Chemical synthesis
10.1039/c9nj04382a,publisher_R,https://doi.org/10.1039/c9nj04382a,Functional materials
10.1039/c6tc04099c,publisher_R,https://doi.org/10.1039/c6tc04099c,Functional materials
10.1002/zaac.200900374,publisher_W,https://doi.org/10.1002/zaac.200900374,Crystal engineering
10.1039/c8nj02078g,publisher_R,https://doi.org/10.1039/c8nj02078g,Functional materials
10.1021/cg070458d,publisher_A,https://doi.org/10.1021/cg070458d,Crystal engineering
10.1039/d4nj02641a,publisher_R,https://doi.org/10.1039/d4nj02641a,Functional materials
10.1002/zaac.201500216,publisher_W,https://doi.org/10.1002/zaac.201500216,Crystal engineering
10.1039/b515151a,publisher_R,https://doi.org/10.1039/b515151a,Crystal engineering
10.1021/acs.cgd.1c00637,publisher_A,https://doi.org/10.1021/acs.cgd.1c00637,Crystal engineering
10.1039/c4ce02347a,publisher_R,https://doi.org/10.1039/c4ce02347a,Crystal engineering
10.1039/c3cc43383h,publisher_R,https://doi.org/10.1039/c3cc43383h,Crystal engineering
10.1007/s10876-024-02655-4,publisher_S,https://doi.org/10.1007/s10876-024-02655-4,Crystal engineering
10.1039/c2ce25422k,publisher_R,https://doi.org/10.1039/c2ce25422k,Crystal engineering
10.1039/c1jm12859k,publisher_R,https://doi.org/10.1039/c1jm12859k,Crystal engineering
10.1021/jacs.6b09463,publisher_A,https://doi.org/10.1021/jacs.6b09463,Functional materials
10.1002/cplu.201600163,publisher_W,https://doi.org/10.1002/cplu.201600163,Chemical synthesis
10.1021/ic502316v,publisher_A,https://doi.org/10.1021/ic502316v,Chemical synthesis
10.1039/c8dt03202e,publisher_R,https://doi.org/10.1039/c8dt03202e,Functional materials
10.1021/acs.inorgchem.2c00858,publisher_A,https://doi.org/10.1021/acs.inorgchem.2c00858,Functional materials
10.1002/chem.201504941,publisher_W,https://doi.org/10.1002/chem.201504941,Functional materials
10.1039/d2dt02792e,publisher_R,https://doi.org/10.1039/d2dt02792e,Functional materials
10.1002/zaac.201100429,publisher_W,https://doi.org/10.1002/zaac.201100429,Crystal engineering
10.1002/anie.201805355,publisher_W,https://doi.org/10.1002/anie.201805355,Crystal engineering
10.1021/acs.cgd.6b00176,publisher_A,https://doi.org/10.1021/acs.cgd.6b00176,Crystal engineering
10.1021/cm302585r,publisher_A,https://doi.org/10.1021/cm302585r,Functional materials
10.1002/zaac.202100380,publisher_W,https://doi.org/10.1002/zaac.202100380,Functional materials
10.1039/d1ce01308d,publisher_R,https://doi.org/10.1039/d1ce01308d,Functional materials
10.1039/c8cc07098a,publisher_R,https://doi.org/10.1039/c8cc07098a,Crystal engineering
10.1039/d4qi00436a,publisher_R,https://doi.org/10.1039/d4qi00436a,Functional materials
10.1002/cssc.202401248,publisher_W,https://doi.org/10.1002/cssc.202401248,Functional materials
10.1002/chem.201806041,publisher_W,https://doi.org/10.1002/chem.201806041,Crystal engineering
10.1039/c3dt50664a,publisher_R,https://doi.org/10.1039/c3dt50664a,Crystal engineering
10.1039/c7dt01116d,publisher_R,https://doi.org/10.1039/c7dt01116d,Crystal engineering
10.1007/s13738-020-01931-0,publisher_S,https://doi.org/10.1007/s13738-020-01931-0,Chemical synthesis
10.1039/c9tb01651a,publisher_R,https://doi.org/10.1039/c9tb01651a,Functional materials
10.1007/s10934-020-00941-w,publisher_S,https://doi.org/10.1007/s10934-020-00941-w,Functional materials
10.1002/ejic.201301039,publisher_W,https://doi.org/10.1002/ejic.201301039,Functional materials
10.1007/s11664-018-6622-x,publisher_S,https://doi.org/10.1007/s11664-018-6622-x,Functional materials
10.1002/anie.201801116,publisher_W,https://doi.org/10.1002/anie.201801116,Chemical synthesis
10.1007/s10450-024-00504-4,publisher_S,https://doi.org/10.1007/s10450-024-00504-4,Functional materials
10.1039/c4dt00228h,publisher_R,https://doi.org/10.1039/c4dt00228h,Functional materials
10.1039/d3nj04256a,publisher_R,https://doi.org/10.1039/d3nj04256a,Functional materials
10.1021/acsami.7b07920,publisher_A,https://doi.org/10.1021/acsami.7b07920,Functional materials
10.1039/c9nj02064k,publisher_R,https://doi.org/10.1039/c9nj02064k,Crystal engineering
10.1039/d1nj03703j,publisher_R,https://doi.org/10.1039/d1nj03703j,Functional materials
10.1039/d1nj04982h,publisher_R,https://doi.org/10.1039/d1nj04982h,Functional materials
10.1002/adsc.201000808,publisher_W,https://doi.org/10.1002/adsc.201000808,Chemical synthesis
10.1039/c6dt01852a,publisher_R,https://doi.org/10.1039/c6dt01852a,Functional materials
10.1039/c9nj05997k,publisher_R,https://doi.org/10.1039/c9nj05997k,Functional materials
10.1039/d4qi01105h,publisher_R,https://doi.org/10.1039/d4qi01105h,Functional materials
10.1007/s10876-020-01817-4,publisher_S,https://doi.org/10.1007/s10876-020-01817-4,Functional materials
10.1039/c5ta01484k,publisher_R,https://doi.org/10.1039/c5ta01484k,Chemical synthesis
10.1021/acs.inorgchem.2c00308,publisher_A,https://doi.org/10.1021/acs.inorgchem.2c00308,Functional materials
10.1039/c6dt03094g,publisher_R,https://doi.org/10.1039/c6dt03094g,Crystal engineering
10.1039/c1ce05154g,publisher_R,https://doi.org/10.1039/c1ce05154g,Crystal engineering
10.1002/zaac.201400024,publisher_W,https://doi.org/10.1002/zaac.201400024,Functional materials
10.1021/acs.cgd.0c00710,publisher_A,https://doi.org/10.1021/acs.cgd.0c00710,Crystal engineering
10.1039/c6cc06943f,publisher_R,https://doi.org/10.1039/c6cc06943f,Chemical synthesis
10.1039/c6cc07321b,publisher_R,https://doi.org/10.1039/c6cc07321b,Functional materials
10.1039/c8dt03964j,publisher_R,https://doi.org/10.1039/c8dt03964j,Functional materials
10.1039/d1dt02249k,publisher_R,https://doi.org/10.1039/d1dt02249k,Functional materials
10.1021/acs.inorgchem.7b03053,publisher_A,https://doi.org/10.1021/acs.inorgchem.7b03053,Functional materials
10.1021/acsami.3c04506,publisher_A,https://doi.org/10.1021/acsami.3c04506,Functional materials
10.1039/c6gc00413j,publisher_R,https://doi.org/10.1039/c6gc00413j,Functional materials
10.1002/ejic201000436,publisher_W,https://doi.org/10.1002/ejic201000436,Crystal engineering
10.1039/d1cc06250f,publisher_R,https://doi.org/10.1039/d1cc06250f,Crystal engineering
10.1039/c1jm12789f,publisher_R,https://doi.org/10.1039/c1jm12789f,Functional materials
10.1039/d1qi00104c,publisher_R,https://doi.org/10.1039/d1qi00104c,Functional materials
10.1021/am508079j,publisher_A,https://doi.org/10.1021/am508079j,Functional materials
10.1039/d2cc03661d,publisher_R,https://doi.org/10.1039/d2cc03661d,Functional materials
10.1039/c5cc04487a,publisher_R,https://doi.org/10.1039/c5cc04487a,Crystal engineering
10.1039/d4ce00096j,publisher_R,https://doi.org/10.1039/d4ce00096j,Functional materials
10.1002/ejic.201600192,publisher_W,https://doi.org/10.1002/ejic.201600192,Functional materials
10.1007/s10934-017-0374-5,publisher_S,https://doi.org/10.1007/s10934-017-0374-5,Chemical synthesis
10.1039/c3cc46105j,publisher_R,https://doi.org/10.1039/c3cc46105j,Chemical synthesis
10.1039/b804956d,publisher_R,https://doi.org/10.1039/b804956d,Crystal engineering
10.1002/chem.201002568,publisher_W,https://doi.org/10.1002/chem.201002568,Crystal engineering
10.1039/c5ce00181a,publisher_R,https://doi.org/10.1039/c5ce00181a,Crystal engineering
10.1039/c7qm00302a,publisher_R,https://doi.org/10.1039/c7qm00302a,Functional materials
10.1039/c3ce42451k,publisher_R,https://doi.org/10.1039/c3ce42451k,Functional materials
10.1021/acs.inorgchem.7b01191,publisher_A,https://doi.org/10.1021/acs.inorgchem.7b01191,Functional materials
10.1016/j.chempr.2017.09.002,publisher_E,https://doi.org/10.1016/j.chempr.2017.09.002,Functional materials
10.1039/c7cy00882a,publisher_R,https://doi.org/10.1039/c7cy00882a,Chemical synthesis
10.1021/acs.inorgchem.7b00744,publisher_A,https://doi.org/10.1021/acs.inorgchem.7b00744,Crystal engineering
10.1021/acs.inorgchem.7b01103,publisher_A,https://doi.org/10.1021/acs.inorgchem.7b01103,Functional materials
10.1021/acs.chemmater.4c03221,publisher_A,https://doi.org/10.1021/acs.chemmater.4c03221,Functional materials
10.1002/anie.201505512,publisher_W,https://doi.org/10.1002/anie.201505512,Theory & modeling
10.1002/chem.200902346,publisher_W,https://doi.org/10.1002/chem.200902346,Functional materials
10.1039/d2qi01763f,publisher_R,https://doi.org/10.1039/d2qi01763f,Functional materials
10.1039/c9dt04836g,publisher_R,https://doi.org/10.1039/c9dt04836g,Functional materials
10.1002/chem.202500130,publisher_W,https://doi.org/10.1002/chem.202500130,Crystal engineering
10.1039/d3dt00660c,publisher_R,https://doi.org/10.1039/d3dt00660c,Functional materials
10.1002/zaac.201900241,publisher_W,https://doi.org/10.1002/zaac.201900241,Crystal engineering
10.1039/c7cc07698c,publisher_R,https://doi.org/10.1039/c7cc07698c,Chemical synthesis
10.1002/ejic.201201228,publisher_W,https://doi.org/10.1002/ejic.201201228,Functional materials
10.1002/smll.202206116,publisher_W,https://doi.org/10.1002/smll.202206116,Functional materials
10.1002/anie.202313591,publisher_W,https://doi.org/10.1002/anie.202313591,Functional materials
10.1021/ja202223d,publisher_A,https://doi.org/10.1021/ja202223d,Functional materials
10.1002/anie.202311983,publisher_W,https://doi.org/10.1002/anie.202311983,Crystal engineering
10.1039/d1nj03176g,publisher_R,https://doi.org/10.1039/d1nj03176g,Functional materials
10.1039/d4dt01667j,publisher_R,https://doi.org/10.1039/d4dt01667j,Functional materials
10.1002/chem.202303725,publisher_W,https://doi.org/10.1002/chem.202303725,Functional materials
10.1021/ja508626n,publisher_A,https://doi.org/10.1021/ja508626n,Functional materials
10.1039/c2dt30184a,publisher_R,https://doi.org/10.1039/c2dt30184a,Crystal engineering
10.1002/aoc.3493,publisher_W,https://doi.org/10.1002/aoc.3493,Functional materials
10.1039/c8dt03826k,publisher_R,https://doi.org/10.1039/c8dt03826k,Functional materials
10.1039/b713705b,publisher_R,https://doi.org/10.1039/b713705b,Crystal engineering
10.1002/smll.202203356,publisher_W,https://doi.org/10.1002/smll.202203356,Chemical synthesis
10.1039/d5dt00801h,publisher_R,https://doi.org/10.1039/d5dt00801h,Functional materials
10.1002/elan.202200284,publisher_W,https://doi.org/10.1002/elan.202200284,Functional materials
10.1021/acssuschemeng.8b05306,publisher_A,https://doi.org/10.1021/acssuschemeng.8b05306,Functional materials
10.1002/smll.202309281,publisher_W,https://doi.org/10.1002/smll.202309281,Functional materials
10.1007/s00216-019-02004-9,publisher_S,https://doi.org/10.1007/s00216-019-02004-9,Functional materials
10.1039/c3dt52001c,publisher_R,https://doi.org/10.1039/c3dt52001c,Functional materials
10.1039/c3dt53167h,publisher_R,https://doi.org/10.1039/c3dt53167h,Functional materials
10.1021/acs.inorgchem.2c03152,publisher_A,https://doi.org/10.1021/acs.inorgchem.2c03152,Functional materials
10.1002/zaac.201000424,publisher_W,https://doi.org/10.1002/zaac.201000424,Crystal engineering
10.1039/c7sc04829g,publisher_R,https://doi.org/10.1039/c7sc04829g,Functional materials
10.1002/chem.201802455,publisher_W,https://doi.org/10.1002/chem.201802455,Functional materials
10.1039/d0gc02812f,publisher_R,https://doi.org/10.1039/d0gc02812f,Functional materials
10.1039/c5ce01123j,publisher_R,https://doi.org/10.1039/c5ce01123j,Functional materials
10.1021/acs.inorgchem.9b01258,publisher_A,https://doi.org/10.1021/acs.inorgchem.9b01258,Functional materials
10.1002/chem.201600843,publisher_W,https://doi.org/10.1002/chem.201600843,Functional materials
10.1021/ja411887c,publisher_A,https://doi.org/10.1021/ja411887c,Functional materials
10.1039/c5cc09459c,publisher_R,https://doi.org/10.1039/c5cc09459c,Functional materials
10.1039/d0nj01891k,publisher_R,https://doi.org/10.1039/d0nj01891k,Chemical synthesis
10.1021/acs.inorgchem.2c03078,publisher_A,https://doi.org/10.1021/acs.inorgchem.2c03078,Functional materials
10.1039/c5dt01770j,publisher_R,https://doi.org/10.1039/c5dt01770j,Functional materials
10.1021/acs.inorgchem.8b00080,publisher_A,https://doi.org/10.1021/acs.inorgchem.8b00080,Functional materials
10.1039/c002214d,publisher_R,https://doi.org/10.1039/c002214d,Crystal engineering
10.1039/d0cc04543h,publisher_R,https://doi.org/10.1039/d0cc04543h,Chemical synthesis
10.1002/chem.201902981,publisher_W,https://doi.org/10.1002/chem.201902981,Chemical synthesis
10.1039/d1ce00331c,publisher_R,https://doi.org/10.1039/d1ce00331c,Functional materials
10.1039/c3ta15071b,publisher_R,https://doi.org/10.1039/c3ta15071b,Functional materials
10.1039/c3dt51509e,publisher_R,https://doi.org/10.1039/c3dt51509e,Functional materials
10.1039/c7nj01592e,publisher_R,https://doi.org/10.1039/c7nj01592e,Functional materials
10.1002/slct.201800580,publisher_W,https://doi.org/10.1002/slct.201800580,Functional materials
10.1039/c2ta00030j,publisher_R,https://doi.org/10.1039/c2ta00030j,Functional materials
10.1039/c8cc09491h,publisher_R,https://doi.org/10.1039/c8cc09491h,Functional materials
10.1016/j.matt.2020.10.009,publisher_E,https://doi.org/10.1016/j.matt.2020.10.009,Chemical synthesis
10.1039/d3cc01831h,publisher_R,https://doi.org/10.1039/d3cc01831h,Crystal engineering
10.1021/acs.cgd.6b01732,publisher_A,https://doi.org/10.1021/acs.cgd.6b01732,Crystal engineering
10.1021/acs.cgd.7b01085,publisher_A,https://doi.org/10.1021/acs.cgd.7b01085,Crystal engineering
10.1039/c4qi00148f,publisher_R,https://doi.org/10.1039/c4qi00148f,Functional materials
10.1039/c3dt53415d,publisher_R,https://doi.org/10.1039/c3dt53415d,Crystal engineering
10.1039/d0nr04860g,publisher_R,https://doi.org/10.1039/d0nr04860g,Chemical synthesis
10.1021/acs.inorgchem.5c01963,publisher_A,https://doi.org/10.1021/acs.inorgchem.5c01963,Functional materials
10.1002/adfm.202307369,publisher_W,https://doi.org/10.1002/adfm.202307369,Functional materials
10.1021/ja104083y,publisher_A,https://doi.org/10.1021/ja104083y,Chemical synthesis
10.1002/chem.201101183,publisher_W,https://doi.org/10.1002/chem.201101183,Functional materials
10.1039/d2dt00389a,publisher_R,https://doi.org/10.1039/d2dt00389a,Functional materials
10.1002/anie.201808885,publisher_W,https://doi.org/10.1002/anie.201808885,Functional materials
10.1021/cg101130m,publisher_A,https://doi.org/10.1021/cg101130m,Chemical synthesis
10.1016/j.joule.2017.07.018,publisher_E,https://doi.org/10.1016/j.joule.2017.07.018,Functional materials
10.1039/c7ra09429a,publisher_R,https://doi.org/10.1039/c7ra09429a,Functional materials
10.1002/ejic.201900764,publisher_W,https://doi.org/10.1002/ejic.201900764,Functional materials
10.1021/cg501141m,publisher_A,https://doi.org/10.1021/cg501141m,Functional materials
10.1002/anie.202320008,publisher_W,https://doi.org/10.1002/anie.202320008,Functional materials
10.1039/d1qm00211b,publisher_R,https://doi.org/10.1039/d1qm00211b,Functional materials
10.1002/anie.201307681,publisher_W,https://doi.org/10.1002/anie.201307681,Chemical synthesis
10.1021/jacs.5b06929,publisher_A,https://doi.org/10.1021/jacs.5b06929,Functional materials
10.1039/d4qi01463d,publisher_R,https://doi.org/10.1039/d4qi01463d,Crystal engineering
10.1039/c2ce25160d,publisher_R,https://doi.org/10.1039/c2ce25160d,Crystal engineering
10.1021/acs.inorgchem.5b00435,publisher_A,https://doi.org/10.1021/acs.inorgchem.5b00435,Functional materials
10.1002/anie.201610914,publisher_W,https://doi.org/10.1002/anie.201610914,Chemical synthesis
10.1039/c3ce40484f,publisher_R,https://doi.org/10.1039/c3ce40484f,Functional materials
10.1007/s11243-018-0206-8,publisher_S,https://doi.org/10.1007/s11243-018-0206-8,Crystal engineering
10.1039/d0ce01061h,publisher_R,https://doi.org/10.1039/d0ce01061h,Functional materials
10.1007/s42114-024-01021-2,publisher_S,https://doi.org/10.1007/s42114-024-01021-2,Functional materials
10.1039/d0ta04778c,publisher_R,https://doi.org/10.1039/d0ta04778c,Functional materials
10.1039/d2nj00358a,publisher_R,https://doi.org/10.1039/d2nj00358a,Functional materials
10.1002/aoc.7524,publisher_W,https://doi.org/10.1002/aoc.7524,Functional materials
10.1021/acs.inorgchem.8b00683,publisher_A,https://doi.org/10.1021/acs.inorgchem.8b00683,Chemical synthesis
10.1039/c7dt03874g,publisher_R,https://doi.org/10.1039/c7dt03874g,Functional materials
10.1007/s10934-022-01412-0,publisher_S,https://doi.org/10.1007/s10934-022-01412-0,Functional materials
10.1021/acs.inorgchem.3c04559,publisher_A,https://doi.org/10.1021/acs.inorgchem.3c04559,Functional materials
10.1007/s00604-017-2439-1,publisher_S,https://doi.org/10.1007/s00604-017-2439-1,Functional materials
10.1039/c8ta03509a,publisher_R,https://doi.org/10.1039/c8ta03509a,Functional materials
10.1039/c7dt01595j,publisher_R,https://doi.org/10.1039/c7dt01595j,Functional materials
10.1039/d0cc08234a,publisher_R,https://doi.org/10.1039/d0cc08234a,Crystal engineering
10.1007/s11243-024-00585-8,publisher_S,https://doi.org/10.1007/s11243-024-00585-8,Crystal engineering
10.1039/d1nj00601k,publisher_R,https://doi.org/10.1039/d1nj00601k,Functional materials
10.1134/S1070328414110086,publisher_S,https://doi.org/10.1134/S1070328414110086,Crystal engineering
10.1002/zaac.201000181,publisher_W,https://doi.org/10.1002/zaac.201000181,Functional materials
10.1039/c7nj04854h,publisher_R,https://doi.org/10.1039/c7nj04854h,Crystal engineering
10.1039/b512098e,publisher_R,https://doi.org/10.1039/b512098e,Crystal engineering
10.1039/c9dt04051j,publisher_R,https://doi.org/10.1039/c9dt04051j,Crystal engineering
10.1002/chem.201100176,publisher_W,https://doi.org/10.1002/chem.201100176,Crystal engineering
10.1039/c3cc45310c,publisher_R,https://doi.org/10.1039/c3cc45310c,Functional materials
10.1039/c5dt04953a,publisher_R,https://doi.org/10.1039/c5dt04953a,Crystal engineering
10.1021/cg200856e,publisher_A,https://doi.org/10.1021/cg200856e,Crystal engineering
10.1021/cg301668g,publisher_A,https://doi.org/10.1021/cg301668g,Crystal engineering
10.1002/smll.202304057,publisher_W,https://doi.org/10.1002/smll.202304057,Functional materials
10.1039/b815935a,publisher_R,https://doi.org/10.1039/b815935a,Crystal engineering
10.1002/ejic.200900375,publisher_W,https://doi.org/10.1002/ejic.200900375,Functional materials
10.1039/d4na00643g,publisher_R,https://doi.org/10.1039/d4na00643g,Chemical synthesis
10.1039/c5ce00015g,publisher_R,https://doi.org/10.1039/c5ce00015g,Functional materials
10.1007/s10934-020-01002-y,publisher_S,https://doi.org/10.1007/s10934-020-01002-y,Crystal engineering
10.1007/s10876-018-1377-3,publisher_S,https://doi.org/10.1007/s10876-018-1377-3,Crystal engineering
10.1039/c7nj05032a,publisher_R,https://doi.org/10.1039/c7nj05032a,Crystal engineering
10.1021/ic000209d,publisher_A,https://doi.org/10.1021/ic000209d,Chemical synthesis
10.1039/d1nj05333g,publisher_R,https://doi.org/10.1039/d1nj05333g,Crystal engineering
10.1039/b900841a,publisher_R,https://doi.org/10.1039/b900841a,Functional materials
10.1039/d1ce00228g,publisher_R,https://doi.org/10.1039/d1ce00228g,Crystal engineering
10.1039/c8dt02467g,publisher_R,https://doi.org/10.1039/c8dt02467g,Functional materials
10.1039/c8dt01299g,publisher_R,https://doi.org/10.1039/c8dt01299g,Crystal engineering
10.1039/c2jm15523k,publisher_R,https://doi.org/10.1039/c2jm15523k,Crystal engineering
10.1021/ic0617644,publisher_A,https://doi.org/10.1021/ic0617644,Crystal engineering
10.1021/acs.chemmater.5b03723,publisher_A,https://doi.org/10.1021/acs.chemmater.5b03723,Crystal engineering
10.1039/c4ra02683g,publisher_R,https://doi.org/10.1039/c4ra02683g,Chemical synthesis
10.1039/c8cc07064d,publisher_R,https://doi.org/10.1039/c8cc07064d,Functional materials
10.1021/cg400394d,publisher_A,https://doi.org/10.1021/cg400394d,Crystal engineering
10.1039/c6dt02895k,publisher_R,https://doi.org/10.1039/c6dt02895k,Crystal engineering
10.1039/c7dt02040f,publisher_R,https://doi.org/10.1039/c7dt02040f,Functional materials
10.1002/ejoc.201900094,publisher_W,https://doi.org/10.1002/ejoc.201900094,Functional materials
10.1039/d2qo01257j,publisher_R,https://doi.org/10.1039/d2qo01257j,Functional materials
10.1039/d3ta07946e,publisher_R,https://doi.org/10.1039/d3ta07946e,Crystal engineering
10.1002/slct.202200592,publisher_W,https://doi.org/10.1002/slct.202200592,Chemical synthesis
10.1021/ja8057953,publisher_A,https://doi.org/10.1021/ja8057953,Functional materials
10.1002/ejic.201700871,publisher_W,https://doi.org/10.1002/ejic.201700871,Functional materials
10.1002/cctc.202400429,publisher_W,https://doi.org/10.1002/cctc.202400429,Functional materials
10.1039/c1ce05316g,publisher_R,https://doi.org/10.1039/c1ce05316g,Crystal engineering
10.1039/c2ce25456e,publisher_R,https://doi.org/10.1039/c2ce25456e,Chemical synthesis
10.1002/ejic.200500877,publisher_W,https://doi.org/10.1002/ejic.200500877,Crystal engineering
10.5012/bkcs.2012.33.11.3793,publisher_W,https://doi.org/10.5012/bkcs.2012.33.11.3793,Functional materials
10.1039/c7ce01734k,publisher_R,https://doi.org/10.1039/c7ce01734k,Functional materials
10.1021/cg1001573,publisher_A,https://doi.org/10.1021/cg1001573,Crystal engineering
10.1007/s10876-019-01703-8,publisher_S,https://doi.org/10.1007/s10876-019-01703-8,Functional materials
10.1002/aoc.5575,publisher_W,https://doi.org/10.1002/aoc.5575,Functional materials
10.1039/c8nj04715d,publisher_R,https://doi.org/10.1039/c8nj04715d,Functional materials
10.1039/d1qi00198a,publisher_R,https://doi.org/10.1039/d1qi00198a,Functional materials
10.1002/cssc.202102368,publisher_W,https://doi.org/10.1002/cssc.202102368,Functional materials
10.1007/s10570-022-04668-6,publisher_S,https://doi.org/10.1007/s10570-022-04668-6,Functional materials
10.1007/s10895-022-03055-5,publisher_S,https://doi.org/10.1007/s10895-022-03055-5,Functional materials
10.1007/s11243-019-00364-w,publisher_S,https://doi.org/10.1007/s11243-019-00364-w,Functional materials
10.1007/s10876-013-0613-0,publisher_S,https://doi.org/10.1007/s10876-013-0613-0,Crystal engineering
10.1039/c5cy01448d,publisher_R,https://doi.org/10.1039/c5cy01448d,Functional materials
10.1039/d1nj02841c,publisher_R,https://doi.org/10.1039/d1nj02841c,Functional materials
10.1002/aoc.6656,publisher_W,https://doi.org/10.1002/aoc.6656,Functional materials
10.1039/c2ce06694g,publisher_R,https://doi.org/10.1039/c2ce06694g,Crystal engineering
10.1039/c3ta11925d,publisher_R,https://doi.org/10.1039/c3ta11925d,Functional materials
10.1039/c8ce01791c,publisher_R,https://doi.org/10.1039/c8ce01791c,Crystal engineering
10.1002/ejic.200400199,publisher_W,https://doi.org/10.1002/ejic.200400199,Crystal engineering
10.1557/s43578-022-00644-9,publisher_S,https://doi.org/10.1557/s43578-022-00644-9,Functional materials
10.1002/slct.202001789,publisher_W,https://doi.org/10.1002/slct.202001789,Functional materials
10.1002/ejic.202100119,publisher_W,https://doi.org/10.1002/ejic.202100119,Functional materials
10.1039/c5dt03111g,publisher_R,https://doi.org/10.1039/c5dt03111g,Crystal engineering
10.1021/ic800761h,publisher_A,https://doi.org/10.1021/ic800761h,Functional materials
10.1002/slct.202404433,publisher_W,https://doi.org/10.1002/slct.202404433,Functional materials
10.1039/d5nj00024f,publisher_R,https://doi.org/10.1039/d5nj00024f,Functional materials
10.1039/c9nj04371c,publisher_R,https://doi.org/10.1039/c9nj04371c,Functional materials
10.1039/c7dt02436c,publisher_R,https://doi.org/10.1039/c7dt02436c,Functional materials
10.1039/c9nj02004g,publisher_R,https://doi.org/10.1039/c9nj02004g,Functional materials
10.1021/acs.cgd.4c00913,publisher_A,https://doi.org/10.1021/acs.cgd.4c00913,Functional materials
10.1039/c9qi00340a,publisher_R,https://doi.org/10.1039/c9qi00340a,Chemical synthesis
10.1039/d0ra09915e,publisher_R,https://doi.org/10.1039/d0ra09915e,Functional materials
10.1039/d2ra01159j,publisher_R,https://doi.org/10.1039/d2ra01159j,Functional materials
10.1039/d0nj03714a,publisher_R,https://doi.org/10.1039/d0nj03714a,Functional materials
10.1002/ejic.200300221,publisher_W,https://doi.org/10.1002/ejic.200300221,Crystal engineering
10.1039/d3sc04171a,publisher_R,https://doi.org/10.1039/d3sc04171a,Crystal engineering
10.1002/aenm.202500211,publisher_W,https://doi.org/10.1002/aenm.202500211,Functional materials
10.1039/c5ra22184f,publisher_R,https://doi.org/10.1039/c5ra22184f,Crystal engineering
10.1039/d1dt01953h,publisher_R,https://doi.org/10.1039/d1dt01953h,Crystal engineering
10.1039/c5dt02437d,publisher_R,https://doi.org/10.1039/c5dt02437d,Functional materials
10.1002/zaac.201200017,publisher_W,https://doi.org/10.1002/zaac.201200017,Crystal engineering
10.1039/c1dt11431j,publisher_R,https://doi.org/10.1039/c1dt11431j,Functional materials
10.1002/ejic.201101151,publisher_W,https://doi.org/10.1002/ejic.201101151,Crystal engineering
10.1007/s10876-019-01648-y,publisher_S,https://doi.org/10.1007/s10876-019-01648-y,Crystal engineering
10.1039/c7dt04087c,publisher_R,https://doi.org/10.1039/c7dt04087c,Functional materials
10.1002/anie.201604730,publisher_W,https://doi.org/10.1002/anie.201604730,Chemical synthesis
10.1039/b615675d,publisher_R,https://doi.org/10.1039/b615675d,Crystal engineering
10.1002/chem.201600526,publisher_W,https://doi.org/10.1002/chem.201600526,Functional materials
10.1039/d2ta07219j,publisher_R,https://doi.org/10.1039/d2ta07219j,Crystal engineering
10.1039/c6cc00862c,publisher_R,https://doi.org/10.1039/c6cc00862c,Functional materials
10.1002/anie.202306497,publisher_W,https://doi.org/10.1002/anie.202306497,Functional materials
10.1039/c9dt02459j,publisher_R,https://doi.org/10.1039/c9dt02459j,Functional materials
10.1039/c2cc34380k,publisher_R,https://doi.org/10.1039/c2cc34380k,Functional materials
10.1021/acs.cgd.9b00477,publisher_A,https://doi.org/10.1021/acs.cgd.9b00477,Functional materials
10.1039/b506786c,publisher_R,https://doi.org/10.1039/b506786c,Functional materials
10.1039/c9qi01204d,publisher_R,https://doi.org/10.1039/c9qi01204d,Functional materials
10.1039/c3dt50641j,publisher_R,https://doi.org/10.1039/c3dt50641j,Crystal engineering
10.1021/ic301857h,publisher_A,https://doi.org/10.1021/ic301857h,Crystal engineering
10.1039/c9dt03489g,publisher_R,https://doi.org/10.1039/c9dt03489g,Crystal engineering
10.1039/d3dt02620e,publisher_R,https://doi.org/10.1039/d3dt02620e,Functional materials
10.1002/zaac.201600448,publisher_W,https://doi.org/10.1002/zaac.201600448,Functional materials
10.1039/c1ce05110e,publisher_R,https://doi.org/10.1039/c1ce05110e,Functional materials
10.1002/chem.201804133,publisher_W,https://doi.org/10.1002/chem.201804133,Chemical synthesis
10.1021/ja060946u,publisher_A,https://doi.org/10.1021/ja060946u,Crystal engineering
10.1039/c6ce00497k,publisher_R,https://doi.org/10.1039/c6ce00497k,Functional materials
10.1039/c6ra16784e,publisher_R,https://doi.org/10.1039/c6ra16784e,Functional materials
10.1039/c3ce41612g,publisher_R,https://doi.org/10.1039/c3ce41612g,Functional materials
10.1002/advs.201600048,publisher_W,https://doi.org/10.1002/advs.201600048,Functional materials
10.1002/ejic.201200127,publisher_W,https://doi.org/10.1002/ejic.201200127,Crystal engineering
10.1021/ic401092j,publisher_A,https://doi.org/10.1021/ic401092j,Functional materials
10.1002/chem.202200835,publisher_W,https://doi.org/10.1002/chem.202200835,Functional materials
10.1002/asia.202400237,publisher_W,https://doi.org/10.1002/asia.202400237,Crystal engineering
10.1039/c7cc08200b,publisher_R,https://doi.org/10.1039/c7cc08200b,Chemical synthesis
10.1002/ejic.201600359,publisher_W,https://doi.org/10.1002/ejic.201600359,Functional materials
10.1039/c8dt01789a,publisher_R,https://doi.org/10.1039/c8dt01789a,Functional materials
10.1021/acs.inorgchem.7b00198,publisher_A,https://doi.org/10.1021/acs.inorgchem.7b00198,Functional materials
10.1021/acsami.0c06672,publisher_A,https://doi.org/10.1021/acsami.0c06672,Functional materials
10.1002/asia.202100145,publisher_W,https://doi.org/10.1002/asia.202100145,Functional materials
10.1039/c7qi00289k,publisher_R,https://doi.org/10.1039/c7qi00289k,Functional materials
10.1039/c8dt04474k,publisher_R,https://doi.org/10.1039/c8dt04474k,Functional materials
10.1002/chem.201703510,publisher_W,https://doi.org/10.1002/chem.201703510,Functional materials
10.1021/acsomega.9b03727,publisher_A,https://doi.org/10.1021/acsomega.9b03727,Functional materials
10.1002/slct.202004834,publisher_W,https://doi.org/10.1002/slct.202004834,Functional materials
10.1021/jacs.0c07525,publisher_A,https://doi.org/10.1021/jacs.0c07525,Functional materials
10.1007/s13738-020-02143-2,publisher_S,https://doi.org/10.1007/s13738-020-02143-2,Functional materials
10.1039/d1ta10385g,publisher_R,https://doi.org/10.1039/d1ta10385g,Functional materials
10.1002/anie.202218027,publisher_W,https://doi.org/10.1002/anie.202218027,Functional materials
10.1021/jacs.4c03038,publisher_A,https://doi.org/10.1021/jacs.4c03038,Functional materials
10.1021/acsami.3c06530,publisher_A,https://doi.org/10.1021/acsami.3c06530,Functional materials
10.1021/acs.chemmater.6b02511,publisher_A,https://doi.org/10.1021/acs.chemmater.6b02511,Functional materials
10.1039/b917987a,publisher_R,https://doi.org/10.1039/b917987a,Chemical synthesis
10.1002/advs.202401070,publisher_W,https://doi.org/10.1002/advs.202401070,Theory & modeling
10.1039/d3sc06734c,publisher_R,https://doi.org/10.1039/d3sc06734c,Chemical synthesis
10.1021/acs.inorgchem.4c03193,publisher_A,https://doi.org/10.1021/acs.inorgchem.4c03193,Functional materials
10.1039/d2nj00308b,publisher_R,https://doi.org/10.1039/d2nj00308b,Crystal engineering
10.1039/c2dt31457f,publisher_R,https://doi.org/10.1039/c2dt31457f,Crystal engineering
10.1039/c5ce00887e,publisher_R,https://doi.org/10.1039/c5ce00887e,Crystal engineering
10.1039/c7ta02069d,publisher_R,https://doi.org/10.1039/c7ta02069d,Functional materials
10.1002/chem.201702533,publisher_W,https://doi.org/10.1002/chem.201702533,Crystal engineering
10.1039/c8ce01971a,publisher_R,https://doi.org/10.1039/c8ce01971a,Chemical synthesis
10.1039/c1ce05639e,publisher_R,https://doi.org/10.1039/c1ce05639e,Crystal engineering
10.1021/cg200581w,publisher_A,https://doi.org/10.1021/cg200581w,Crystal engineering
10.5012/bkcs.2012.33.11.3777,publisher_W,https://doi.org/10.5012/bkcs.2012.33.11.3777,Crystal engineering
10.1039/c8dt02429d,publisher_R,https://doi.org/10.1039/c8dt02429d,Theory & modeling
10.1002/ejic.201100944,publisher_W,https://doi.org/10.1002/ejic.201100944,Crystal engineering
10.1039/c6dt02216b,publisher_R,https://doi.org/10.1039/c6dt02216b,Functional materials
10.1021/cg9007476,publisher_A,https://doi.org/10.1021/cg9007476,Functional materials
10.1039/c7ce00108h,publisher_R,https://doi.org/10.1039/c7ce00108h,Crystal engineering
10.1021/cg300440t,publisher_A,https://doi.org/10.1021/cg300440t,Functional materials
10.1039/c3ce40782a,publisher_R,https://doi.org/10.1039/c3ce40782a,Crystal engineering
10.1039/c4ce00664j,publisher_R,https://doi.org/10.1039/c4ce00664j,Crystal engineering
10.1039/c2ce06176g,publisher_R,https://doi.org/10.1039/c2ce06176g,Crystal engineering
10.1039/c1ce05877k,publisher_R,https://doi.org/10.1039/c1ce05877k,Crystal engineering
10.1039/c2ce25388g,publisher_R,https://doi.org/10.1039/c2ce25388g,Crystal engineering
10.1039/c5ra16112f,publisher_R,https://doi.org/10.1039/c5ra16112f,Crystal engineering
10.1021/cg400934z,publisher_A,https://doi.org/10.1021/cg400934z,Crystal engineering
10.1021/cg400680r,publisher_A,https://doi.org/10.1021/cg400680r,Crystal engineering
10.1021/cg5012617,publisher_A,https://doi.org/10.1021/cg5012617,Crystal engineering
10.1039/c4ce02551b,publisher_R,https://doi.org/10.1039/c4ce02551b,Crystal engineering
10.1039/c5ce00903k,publisher_R,https://doi.org/10.1039/c5ce00903k,Crystal engineering
10.1039/d2ce00745b,publisher_R,https://doi.org/10.1039/d2ce00745b,Crystal engineering
10.1002/ejic.201301010,publisher_W,https://doi.org/10.1002/ejic.201301010,Crystal engineering
10.1021/cg2015644,publisher_A,https://doi.org/10.1021/cg2015644,Functional materials
10.1039/d0ta02033h,publisher_R,https://doi.org/10.1039/d0ta02033h,Chemical synthesis
10.1039/c5ce01454a,publisher_R,https://doi.org/10.1039/c5ce01454a,Functional materials
10.1039/b805727c,publisher_R,https://doi.org/10.1039/b805727c,Crystal engineering
10.1039/c2dt12088g,publisher_R,https://doi.org/10.1039/c2dt12088g,Crystal engineering
10.1039/c4ce00417e,publisher_R,https://doi.org/10.1039/c4ce00417e,Crystal engineering
10.1021/cg901075r,publisher_A,https://doi.org/10.1021/cg901075r,Crystal engineering
10.1002/ejic.201000353,publisher_W,https://doi.org/10.1002/ejic.201000353,Crystal engineering
10.1002/chem.201501193,publisher_W,https://doi.org/10.1002/chem.201501193,Functional materials
10.1021/cg101343k,publisher_A,https://doi.org/10.1021/cg101343k,Crystal engineering
10.1021/acs.inorgchem.7b00074,publisher_A,https://doi.org/10.1021/acs.inorgchem.7b00074,Crystal engineering
10.1021/acs.inorgchem.9b00219,publisher_A,https://doi.org/10.1021/acs.inorgchem.9b00219,Theory & modeling
10.1039/c4ce00461b,publisher_R,https://doi.org/10.1039/c4ce00461b,Crystal engineering
10.1002/anie.202011653,publisher_W,https://doi.org/10.1002/anie.202011653,Crystal engineering
10.1039/c3ce42625d,publisher_R,https://doi.org/10.1039/c3ce42625d,Crystal engineering
10.1021/cg201118x,publisher_A,https://doi.org/10.1021/cg201118x,Crystal engineering
10.1039/b919813j,publisher_R,https://doi.org/10.1039/b919813j,Crystal engineering
10.1039/c8ce01209a,publisher_R,https://doi.org/10.1039/c8ce01209a,Crystal engineering
10.1021/cg3018387,publisher_A,https://doi.org/10.1021/cg3018387,Crystal engineering
10.1039/c3ce42045k,publisher_R,https://doi.org/10.1039/c3ce42045k,Crystal engineering
10.1021/acs.inorgchem.8b02293,publisher_A,https://doi.org/10.1021/acs.inorgchem.8b02293,Functional materials
10.1021/acs.cgd.0c01221,publisher_A,https://doi.org/10.1021/acs.cgd.0c01221,Functional materials
10.1039/c7dt02800h,publisher_R,https://doi.org/10.1039/c7dt02800h,Functional materials
10.1039/c5ra13582f,publisher_R,https://doi.org/10.1039/c5ra13582f,Crystal engineering
10.1039/c3ce40828k,publisher_R,https://doi.org/10.1039/c3ce40828k,Crystal engineering
10.1039/d2dt02290g,publisher_R,https://doi.org/10.1039/d2dt02290g,Crystal engineering
10.1039/c7ce00394c,publisher_R,https://doi.org/10.1039/c7ce00394c,Crystal engineering
10.1021/cg301256g,publisher_A,https://doi.org/10.1021/cg301256g,Crystal engineering
10.1039/d1ce00783a,publisher_R,https://doi.org/10.1039/d1ce00783a,Crystal engineering
10.1039/d2nj01981g,publisher_R,https://doi.org/10.1039/d2nj01981g,Functional materials
10.1039/c1ce05254c,publisher_R,https://doi.org/10.1039/c1ce05254c,Crystal engineering
10.1039/c3dt50532d,publisher_R,https://doi.org/10.1039/c3dt50532d,Crystal engineering
10.1039/c3dt53112k,publisher_R,https://doi.org/10.1039/c3dt53112k,Crystal engineering
10.1039/c5ce01423a,publisher_R,https://doi.org/10.1039/c5ce01423a,Crystal engineering
10.1039/c5ce01995h,publisher_R,https://doi.org/10.1039/c5ce01995h,Crystal engineering
10.1039/c7dt02752d,publisher_R,https://doi.org/10.1039/c7dt02752d,Functional materials
10.1039/b905736f,publisher_R,https://doi.org/10.1039/b905736f,Crystal engineering
10.1021/cg801157k,publisher_A,https://doi.org/10.1021/cg801157k,Crystal engineering
10.1039/c6ra08419b,publisher_R,https://doi.org/10.1039/c6ra08419b,Crystal engineering
10.1021/cg070511y,publisher_A,https://doi.org/10.1021/cg070511y,Crystal engineering
10.1039/c5ra04381f,publisher_R,https://doi.org/10.1039/c5ra04381f,Functional materials
10.1039/c5ce01815c,publisher_R,https://doi.org/10.1039/c5ce01815c,Crystal engineering
10.1039/c3ce00009e,publisher_R,https://doi.org/10.1039/c3ce00009e,Crystal engineering
10.1039/b915889h,publisher_R,https://doi.org/10.1039/b915889h,Crystal engineering
10.1002/ppsc.202000101,publisher_W,https://doi.org/10.1002/ppsc.202000101,Functional materials
10.1039/d3ce00022b,publisher_R,https://doi.org/10.1039/d3ce00022b,Crystal engineering
10.1039/d2cc02314h,publisher_R,https://doi.org/10.1039/d2cc02314h,Functional materials
10.1021/acs.jchemed.2c01226,publisher_A,https://doi.org/10.1021/acs.jchemed.2c01226,Functional materials
10.1039/d3sm01100c,publisher_R,https://doi.org/10.1039/d3sm01100c,Functional materials
10.1002/anie.202215595,publisher_W,https://doi.org/10.1002/anie.202215595,Chemical synthesis
10.1039/c9ce00098d,publisher_R,https://doi.org/10.1039/c9ce00098d,Chemical synthesis
10.1039/d0ce01751e,publisher_R,https://doi.org/10.1039/d0ce01751e,Functional materials
10.1021/acs.langmuir.9b03731,publisher_A,https://doi.org/10.1021/acs.langmuir.9b03731,Functional materials
10.1039/d0tc05573e,publisher_R,https://doi.org/10.1039/d0tc05573e,Functional materials
10.1002/chem.201201820,publisher_W,https://doi.org/10.1002/chem.201201820,Functional materials
10.1021/ic0504137,publisher_A,https://doi.org/10.1021/ic0504137,Chemical synthesis
10.1039/c6ce00358c,publisher_R,https://doi.org/10.1039/c6ce00358c,Crystal engineering
10.1021/acs.inorgchem.1c00589,publisher_A,https://doi.org/10.1021/acs.inorgchem.1c00589,Functional materials
10.1039/d2dt02340g,publisher_R,https://doi.org/10.1039/d2dt02340g,Functional materials
10.1039/d1ra06592k,publisher_R,https://doi.org/10.1039/d1ra06592k,Functional materials
10.1021/acs.inorgchem.9b00701,publisher_A,https://doi.org/10.1021/acs.inorgchem.9b00701,Crystal engineering
10.1002/anie.201801122,publisher_W,https://doi.org/10.1002/anie.201801122,Chemical synthesis
10.1002/chem.202500255,publisher_W,https://doi.org/10.1002/chem.202500255,Functional materials
10.1021/acssuschemeng.1c06032,publisher_A,https://doi.org/10.1021/acssuschemeng.1c06032,Functional materials
10.1021/ic302010e,publisher_A,https://doi.org/10.1021/ic302010e,Functional materials
10.1021/acs.inorgchem.9b00903,publisher_A,https://doi.org/10.1021/acs.inorgchem.9b00903,Chemical synthesis
10.1021/ic800632r,publisher_A,https://doi.org/10.1021/ic800632r,Chemical synthesis
10.1021/acs.chemmater.2c00241,publisher_A,https://doi.org/10.1021/acs.chemmater.2c00241,Crystal engineering
10.1002/slct.202404797,publisher_W,https://doi.org/10.1002/slct.202404797,Functional materials
10.1002/zaac.201400231,publisher_W,https://doi.org/10.1002/zaac.201400231,Functional materials
10.1039/c8qi01396a,publisher_R,https://doi.org/10.1039/c8qi01396a,Functional materials
10.1002/ejic.200600169,publisher_W,https://doi.org/10.1002/ejic.200600169,Crystal engineering
10.1039/c5cc07781h,publisher_R,https://doi.org/10.1039/c5cc07781h,Functional materials
10.1021/cg401601d,publisher_A,https://doi.org/10.1021/cg401601d,Functional materials
10.1002/anie.201901343,publisher_W,https://doi.org/10.1002/anie.201901343,Chemical synthesis
10.1039/d0ra09973b,publisher_R,https://doi.org/10.1039/d0ra09973b,Functional materials
10.1039/c5ra06308f,publisher_R,https://doi.org/10.1039/c5ra06308f,Functional materials
10.1021/cg070144q,publisher_A,https://doi.org/10.1021/cg070144q,Functional materials
10.1002/asia.202100270,publisher_W,https://doi.org/10.1002/asia.202100270,Functional materials
10.1021/acs.inorgchem.1c03246,publisher_A,https://doi.org/10.1021/acs.inorgchem.1c03246,Functional materials
10.1039/d1ra07363j,publisher_R,https://doi.org/10.1039/d1ra07363j,Functional materials
10.1039/d0dt02270e,publisher_R,https://doi.org/10.1039/d0dt02270e,Crystal engineering
10.1002/aoc.4447,publisher_W,https://doi.org/10.1002/aoc.4447,Crystal engineering
10.1021/cg801243a,publisher_A,https://doi.org/10.1021/cg801243a,Crystal engineering
10.1039/c6cc00056h,publisher_R,https://doi.org/10.1039/c6cc00056h,Crystal engineering
10.1021/cg4019053,publisher_A,https://doi.org/10.1021/cg4019053,Crystal engineering
10.1007/s11243-012-9638-8,publisher_S,https://doi.org/10.1007/s11243-012-9638-8,Crystal engineering
10.1039/b903932e,publisher_R,https://doi.org/10.1039/b903932e,Crystal engineering
10.1021/cg900734d,publisher_A,https://doi.org/10.1021/cg900734d,Functional materials
10.1039/b206702a,publisher_R,https://doi.org/10.1039/b206702a,Crystal engineering
10.1021/ic900372t,publisher_A,https://doi.org/10.1021/ic900372t,Functional materials
10.1021/cg900078s,publisher_A,https://doi.org/10.1021/cg900078s,Crystal engineering
10.1002/aoc.848,publisher_W,https://doi.org/10.1002/aoc.848,Crystal engineering
10.1039/c0ce00530d,publisher_R,https://doi.org/10.1039/c0ce00530d,Theory & modeling
10.1002/anie.202000158,publisher_W,https://doi.org/10.1002/anie.202000158,Functional materials
10.1007/s11164-019-03964-4,publisher_S,https://doi.org/10.1007/s11164-019-03964-4,Functional materials
10.1002/adsu.201700092,publisher_W,https://doi.org/10.1002/adsu.201700092,Functional materials
10.1002/ejic.201800042,publisher_W,https://doi.org/10.1002/ejic.201800042,Functional materials
10.1039/d3nj05251f,publisher_R,https://doi.org/10.1039/d3nj05251f,Functional materials
10.1039/d3cc05087d,publisher_R,https://doi.org/10.1039/d3cc05087d,Crystal engineering
10.1039/d3tb00126a,publisher_R,https://doi.org/10.1039/d3tb00126a,Functional materials
10.1007/s10934-021-01033-z,publisher_S,https://doi.org/10.1007/s10934-021-01033-z,Functional materials
10.1002/zaac.201400294,publisher_W,https://doi.org/10.1002/zaac.201400294,Crystal engineering
10.1021/cg901605j,publisher_A,https://doi.org/10.1021/cg901605j,Crystal engineering
10.1021/jacs.4c11243,publisher_A,https://doi.org/10.1021/jacs.4c11243,Chemical synthesis
10.1021/ic200463k,publisher_A,https://doi.org/10.1021/ic200463k,Functional materials
10.1039/b909590j,publisher_R,https://doi.org/10.1039/b909590j,Crystal engineering
10.1002/chem.201504747,publisher_W,https://doi.org/10.1002/chem.201504747,Functional materials
10.1039/c3ta14409g,publisher_R,https://doi.org/10.1039/c3ta14409g,Chemical synthesis
10.1039/c6ce02384c,publisher_R,https://doi.org/10.1039/c6ce02384c,Crystal engineering
10.1039/c9ta10723a,publisher_R,https://doi.org/10.1039/c9ta10723a,Functional materials
10.1039/c8ce00064f,publisher_R,https://doi.org/10.1039/c8ce00064f,Functional materials
10.1039/c7ta09807c,publisher_R,https://doi.org/10.1039/c7ta09807c,Functional materials
10.1002/anie.202000670,publisher_W,https://doi.org/10.1002/anie.202000670,Functional materials
10.1021/acsami.9b06151,publisher_A,https://doi.org/10.1021/acsami.9b06151,Functional materials
10.1002/slct.202201588,publisher_W,https://doi.org/10.1002/slct.202201588,Functional materials
10.1021/acs.inorgchem.6b01809,publisher_A,https://doi.org/10.1021/acs.inorgchem.6b01809,Functional materials
10.1021/acs.inorgchem.7b02136,publisher_A,https://doi.org/10.1021/acs.inorgchem.7b02136,Functional materials
10.1002/asia.200700209,publisher_W,https://doi.org/10.1002/asia.200700209,Functional materials
10.1039/c6ce00312e,publisher_R,https://doi.org/10.1039/c6ce00312e,Theory & modeling
10.1039/d2ce01684b,publisher_R,https://doi.org/10.1039/d2ce01684b,Functional materials
10.1039/c4cc03764b,publisher_R,https://doi.org/10.1039/c4cc03764b,Crystal engineering
10.1021/acs.inorgchem.2c02547,publisher_A,https://doi.org/10.1021/acs.inorgchem.2c02547,Functional materials
10.1039/c4ce00885e,publisher_R,https://doi.org/10.1039/c4ce00885e,Functional materials
10.1039/c8nj05953e,publisher_R,https://doi.org/10.1039/c8nj05953e,Functional materials
10.1039/c7ra08354h,publisher_R,https://doi.org/10.1039/c7ra08354h,Crystal engineering
10.1039/c8dt04879g,publisher_R,https://doi.org/10.1039/c8dt04879g,Crystal engineering
10.1039/c7ce01618b,publisher_R,https://doi.org/10.1039/c7ce01618b,Functional materials
10.1007/s10895-024-03698-6,publisher_S,https://doi.org/10.1007/s10895-024-03698-6,Functional materials
10.1039/c5dt00421g,publisher_R,https://doi.org/10.1039/c5dt00421g,Crystal engineering
10.1039/d2tc00920j,publisher_R,https://doi.org/10.1039/d2tc00920j,Functional materials
10.1021/acssuschemeng.2c02722,publisher_A,https://doi.org/10.1021/acssuschemeng.2c02722,Functional materials
10.1021/jacs.0c02007,publisher_A,https://doi.org/10.1021/jacs.0c02007,Crystal engineering
10.1039/c0ce00789g,publisher_R,https://doi.org/10.1039/c0ce00789g,Crystal engineering
10.5012/bkcs.2013.34.6.1625,publisher_W,https://doi.org/10.5012/bkcs.2013.34.6.1625,Functional materials
10.1021/acs.inorgchem.9b01408,publisher_A,https://doi.org/10.1021/acs.inorgchem.9b01408,Crystal engineering
10.1039/c9dt03518d,publisher_R,https://doi.org/10.1039/c9dt03518d,Crystal engineering
10.1002/anie.202002705,publisher_W,https://doi.org/10.1002/anie.202002705,Chemical synthesis
10.1002/admt.202001184,publisher_W,https://doi.org/10.1002/admt.202001184,Chemical synthesis
10.1002/anie.202411744,publisher_W,https://doi.org/10.1002/anie.202411744,Crystal engineering
10.1002/adma.201704388,publisher_W,https://doi.org/10.1002/adma.201704388,Functional materials
10.1007/s10562-022-04028-w,publisher_S,https://doi.org/10.1007/s10562-022-04028-w,Functional materials
10.1039/c7ce00405b,publisher_R,https://doi.org/10.1039/c7ce00405b,Functional materials
10.1021/acs.inorgchem.0c01912,publisher_A,https://doi.org/10.1021/acs.inorgchem.0c01912,Functional materials
10.1039/d2ce01327d,publisher_R,https://doi.org/10.1039/d2ce01327d,Crystal engineering
10.1039/c4ta03992k,publisher_R,https://doi.org/10.1039/c4ta03992k,Functional materials
10.1021/ja111042f,publisher_A,https://doi.org/10.1021/ja111042f,Chemical synthesis
10.1021/acsami.8b11999,publisher_A,https://doi.org/10.1021/acsami.8b11999,Crystal engineering
10.1039/c3ce41152d,publisher_R,https://doi.org/10.1039/c3ce41152d,Chemical synthesis
10.1002/ejic.201600111,publisher_W,https://doi.org/10.1002/ejic.201600111,Crystal engineering
10.1021/cg900980y,publisher_A,https://doi.org/10.1021/cg900980y,Functional materials
10.1021/la304151r,publisher_A,https://doi.org/10.1021/la304151r,Chemical synthesis
10.1039/d0fd00009d,publisher_R,https://doi.org/10.1039/d0fd00009d,Functional materials
10.1021/acs.jpcc.5b09520,publisher_A,https://doi.org/10.1021/acs.jpcc.5b09520,Functional materials
10.1039/c6ra07567c,publisher_R,https://doi.org/10.1039/c6ra07567c,Functional materials
10.1021/acsami.5b04109,publisher_A,https://doi.org/10.1021/acsami.5b04109,Functional materials
10.1021/acs.jchemed.2c00910,publisher_A,https://doi.org/10.1021/acs.jchemed.2c00910,Functional materials
10.1002/chem.201600189,publisher_W,https://doi.org/10.1002/chem.201600189,Functional materials
10.1007/s10450-020-00219-2,publisher_S,https://doi.org/10.1007/s10450-020-00219-2,Functional materials
10.1039/c6cp02001a,publisher_R,https://doi.org/10.1039/c6cp02001a,Functional materials
10.1039/d2nj06032a,publisher_R,https://doi.org/10.1039/d2nj06032a,Functional materials
10.1039/c8dt00217g,publisher_R,https://doi.org/10.1039/c8dt00217g,Functional materials
10.1007/s00604-023-06112-3,publisher_S,https://doi.org/10.1007/s00604-023-06112-3,Functional materials
10.1021/jacs.0c01895,publisher_A,https://doi.org/10.1021/jacs.0c01895,Crystal engineering
10.1016/j.matt.2024.07.013,publisher_E,https://doi.org/10.1016/j.matt.2024.07.013,Functional materials
10.1002/aoc.7815,publisher_W,https://doi.org/10.1002/aoc.7815,Functional materials
10.1039/c0dt00903b,publisher_R,https://doi.org/10.1039/c0dt00903b,Crystal engineering
10.1039/d4nj04856c,publisher_R,https://doi.org/10.1039/d4nj04856c,Functional materials
10.1039/c7ra10034e,publisher_R,https://doi.org/10.1039/c7ra10034e,Functional materials
10.1039/c6cc02517j,publisher_R,https://doi.org/10.1039/c6cc02517j,Chemical synthesis
10.1021/acs.inorgchem.3c02754,publisher_A,https://doi.org/10.1021/acs.inorgchem.3c02754,Functional materials
10.1002/zaac.201900066,publisher_W,https://doi.org/10.1002/zaac.201900066,Crystal engineering
10.1021/jacs.3c06393,publisher_A,https://doi.org/10.1021/jacs.3c06393,Theory & modeling
10.1039/c6dt04884f,publisher_R,https://doi.org/10.1039/c6dt04884f,Functional materials
10.1039/b919161e,publisher_R,https://doi.org/10.1039/b919161e,Chemical synthesis
10.1021/jacs.4c09553,publisher_A,https://doi.org/10.1021/jacs.4c09553,Theory & modeling
10.1021/cg500557r,publisher_A,https://doi.org/10.1021/cg500557r,Functional materials
10.1039/b212314m,publisher_R,https://doi.org/10.1039/b212314m,Crystal engineering
10.1021/acssuschemeng.0c05434,publisher_A,https://doi.org/10.1021/acssuschemeng.0c05434,Crystal engineering
10.1002/ejic.201700446,publisher_W,https://doi.org/10.1002/ejic.201700446,Chemical synthesis
10.1039/c4ce00597j,publisher_R,https://doi.org/10.1039/c4ce00597j,Crystal engineering
10.1039/c4dt00575a,publisher_R,https://doi.org/10.1039/c4dt00575a,Functional materials
10.1021/acs.inorgchem.2c01643,publisher_A,https://doi.org/10.1021/acs.inorgchem.2c01643,Chemical synthesis
10.1039/d0dt03325a,publisher_R,https://doi.org/10.1039/d0dt03325a,Crystal engineering
10.1039/c2ce26063h,publisher_R,https://doi.org/10.1039/c2ce26063h,Crystal engineering
10.1021/acscatal.6b03404,publisher_A,https://doi.org/10.1021/acscatal.6b03404,Functional materials
10.1039/c7ta04496h,publisher_R,https://doi.org/10.1039/c7ta04496h,Functional materials
10.1021/ic400825b,publisher_A,https://doi.org/10.1021/ic400825b,Crystal engineering
10.1039/d3cy01709e,publisher_R,https://doi.org/10.1039/d3cy01709e,Functional materials
10.1039/c6dt01179a,publisher_R,https://doi.org/10.1039/c6dt01179a,Chemical synthesis
10.1002/zaac.202000265,publisher_W,https://doi.org/10.1002/zaac.202000265,Crystal engineering
10.1021/acs.inorgchem.1c03044,publisher_A,https://doi.org/10.1021/acs.inorgchem.1c03044,Functional materials
10.1039/c7dt03890a,publisher_R,https://doi.org/10.1039/c7dt03890a,Chemical synthesis
10.1002/open.202400110,publisher_W,https://doi.org/10.1002/open.202400110,Functional materials
10.1002/anie.202100456,publisher_W,https://doi.org/10.1002/anie.202100456,Chemical synthesis
10.1021/ic300854b,publisher_A,https://doi.org/10.1021/ic300854b,Functional materials
10.1039/c3nr04390h,publisher_R,https://doi.org/10.1039/c3nr04390h,Chemical synthesis
10.1039/c5ce02549d,publisher_R,https://doi.org/10.1039/c5ce02549d,Crystal engineering
10.1039/c5ta10401g,publisher_R,https://doi.org/10.1039/c5ta10401g,Crystal engineering
10.1021/acs.inorgchem.4c00245,publisher_A,https://doi.org/10.1021/acs.inorgchem.4c00245,Functional materials
10.1039/d5dt00825e,publisher_R,https://doi.org/10.1039/d5dt00825e,Functional materials
10.1039/c8ta07839d,publisher_R,https://doi.org/10.1039/c8ta07839d,Functional materials
10.1021/acsanm.5c00594,publisher_A,https://doi.org/10.1021/acsanm.5c00594,Functional materials
10.1039/c7ta00169j,publisher_R,https://doi.org/10.1039/c7ta00169j,Functional materials
10.1039/c4dt02338b,publisher_R,https://doi.org/10.1039/c4dt02338b,Functional materials
10.1002/ejic.202200278,publisher_W,https://doi.org/10.1002/ejic.202200278,Functional materials
10.1007/s11051-016-3593-9,publisher_S,https://doi.org/10.1007/s11051-016-3593-9,Functional materials
10.1039/c4ce01414f,publisher_R,https://doi.org/10.1039/c4ce01414f,Functional materials
10.1039/c4ra08856e,publisher_R,https://doi.org/10.1039/c4ra08856e,Chemical synthesis
10.1039/c8gc02312c,publisher_R,https://doi.org/10.1039/c8gc02312c,Chemical synthesis
10.1002/anie.201909988,publisher_W,https://doi.org/10.1002/anie.201909988,Functional materials
10.1021/acs.inorgchem.7b01286,publisher_A,https://doi.org/10.1021/acs.inorgchem.7b01286,Functional materials
10.1021/acs.inorgchem.7b00436,publisher_A,https://doi.org/10.1021/acs.inorgchem.7b00436,Functional materials
10.1039/c8ce01722k,publisher_R,https://doi.org/10.1039/c8ce01722k,Chemical synthesis
10.1021/acs.inorgchem.6b00019,publisher_A,https://doi.org/10.1021/acs.inorgchem.6b00019,Functional materials
10.1039/c8qi00773j,publisher_R,https://doi.org/10.1039/c8qi00773j,Functional materials
10.1039/b603014a,publisher_R,https://doi.org/10.1039/b603014a,Functional materials
10.1021/cg060310e,publisher_A,https://doi.org/10.1021/cg060310e,Chemical synthesis
10.1021/acs.inorgchem.9b02658,publisher_A,https://doi.org/10.1021/acs.inorgchem.9b02658,Functional materials
10.1039/d3nj04569b,publisher_R,https://doi.org/10.1039/d3nj04569b,Functional materials
10.1002/aoc.1325,publisher_W,https://doi.org/10.1002/aoc.1325,Crystal engineering
10.1039/d4na00907j,publisher_R,https://doi.org/10.1039/d4na00907j,Functional materials
10.1002/zaac.201600356,publisher_W,https://doi.org/10.1002/zaac.201600356,Functional materials
10.1039/c9cc08724a,publisher_R,https://doi.org/10.1039/c9cc08724a,Chemical synthesis
10.1039/c8ra02389a,publisher_R,https://doi.org/10.1039/c8ra02389a,Functional materials
10.1039/d2nj00225f,publisher_R,https://doi.org/10.1039/d2nj00225f,Functional materials
10.1039/d1ra07848h,publisher_R,https://doi.org/10.1039/d1ra07848h,Chemical synthesis
10.1039/c8ra09600g,publisher_R,https://doi.org/10.1039/c8ra09600g,Chemical synthesis
10.1039/b709810c,publisher_R,https://doi.org/10.1039/b709810c,Crystal engineering
10.1002/anie.202102670,publisher_W,https://doi.org/10.1002/anie.202102670,Functional materials
10.1039/c4cc00408f,publisher_R,https://doi.org/10.1039/c4cc00408f,Functional materials
10.1021/acs.inorgchem.9b03350,publisher_A,https://doi.org/10.1021/acs.inorgchem.9b03350,Functional materials
10.1002/cssc.202400936,publisher_W,https://doi.org/10.1002/cssc.202400936,Functional materials
10.1039/d2nj03640a,publisher_R,https://doi.org/10.1039/d2nj03640a,Functional materials
10.1039/b600709k,publisher_R,https://doi.org/10.1039/b600709k,Crystal engineering
10.1021/jacs.0c01626,publisher_A,https://doi.org/10.1021/jacs.0c01626,Crystal engineering
10.1039/c8ce00891d,publisher_R,https://doi.org/10.1039/c8ce00891d,Crystal engineering
10.1039/c4cc10035b,publisher_R,https://doi.org/10.1039/c4cc10035b,Chemical synthesis
10.1039/c7cc08630j,publisher_R,https://doi.org/10.1039/c7cc08630j,Crystal engineering
10.1002/anie.202012947,publisher_W,https://doi.org/10.1002/anie.202012947,Functional materials
10.1002/anie.201602274,publisher_W,https://doi.org/10.1002/anie.201602274,Chemical synthesis
10.1002/admi.201801895,publisher_W,https://doi.org/10.1002/admi.201801895,Functional materials
10.1021/acsami.9b23098,publisher_A,https://doi.org/10.1021/acsami.9b23098,Theory & modeling
10.1021/acs.inorgchem.5c02360,publisher_A,https://doi.org/10.1021/acs.inorgchem.5c02360,Functional materials
10.1039/c4ce02141j,publisher_R,https://doi.org/10.1039/c4ce02141j,Functional materials
10.1002/zaac.202100328,publisher_W,https://doi.org/10.1002/zaac.202100328,Functional materials
10.1039/d2ra08040k,publisher_R,https://doi.org/10.1039/d2ra08040k,Chemical synthesis
10.1002/chem.201200889,publisher_W,https://doi.org/10.1002/chem.201200889,Crystal engineering
10.1039/c5ta05688h,publisher_R,https://doi.org/10.1039/c5ta05688h,Functional materials
10.1039/b508930a,publisher_R,https://doi.org/10.1039/b508930a,Functional materials
10.1039/d0ra07042d,publisher_R,https://doi.org/10.1039/d0ra07042d,Functional materials
10.1039/c3nj00700f,publisher_R,https://doi.org/10.1039/c3nj00700f,Functional materials
10.1002/chem.201601724,publisher_W,https://doi.org/10.1002/chem.201601724,Functional materials
10.1002/slct.202402556,publisher_W,https://doi.org/10.1002/slct.202402556,Functional materials
10.1039/c9an02231g,publisher_R,https://doi.org/10.1039/c9an02231g,Functional materials
10.1002/anie.201909046,publisher_W,https://doi.org/10.1002/anie.201909046,Functional materials
10.1039/c7ta05896a,publisher_R,https://doi.org/10.1039/c7ta05896a,Functional materials
10.1039/c8ta01060a,publisher_R,https://doi.org/10.1039/c8ta01060a,Functional materials
10.1039/d0dt03747h,publisher_R,https://doi.org/10.1039/d0dt03747h,Chemical synthesis
10.1039/d4dt02143f,publisher_R,https://doi.org/10.1039/d4dt02143f,Functional materials
10.1039/c4dt03625e,publisher_R,https://doi.org/10.1039/c4dt03625e,Functional materials
10.1002/zaac.201300682,publisher_W,https://doi.org/10.1002/zaac.201300682,Crystal engineering
10.1039/d4qi00692e,publisher_R,https://doi.org/10.1039/d4qi00692e,Functional materials
10.1021/cg301600x,publisher_A,https://doi.org/10.1021/cg301600x,Crystal engineering
10.1002/chem.201900607,publisher_W,https://doi.org/10.1002/chem.201900607,Crystal engineering
10.1039/c8qi00662h,publisher_R,https://doi.org/10.1039/c8qi00662h,Functional materials
10.1039/c2ce25194a,publisher_R,https://doi.org/10.1039/c2ce25194a,Crystal engineering
10.1021/acs.inorgchem.4c01579,publisher_A,https://doi.org/10.1021/acs.inorgchem.4c01579,Functional materials
10.1002/zaac.200900278,publisher_W,https://doi.org/10.1002/zaac.200900278,Crystal engineering
10.1039/b805025b,publisher_R,https://doi.org/10.1039/b805025b,Crystal engineering
10.1039/b610012k,publisher_R,https://doi.org/10.1039/b610012k,Crystal engineering
10.1021/acs.langmuir.1c03015,publisher_A,https://doi.org/10.1021/acs.langmuir.1c03015,Chemical synthesis
10.1039/d2dt02421g,publisher_R,https://doi.org/10.1039/d2dt02421g,Chemical synthesis
10.1021/acsami.3c07032,publisher_A,https://doi.org/10.1021/acsami.3c07032,Functional materials
10.1107/S2053273314019573,publisher_W,https://doi.org/10.1107/S2053273314019573,Crystal engineering
10.1002/anie.202414271,publisher_W,https://doi.org/10.1002/anie.202414271,Functional materials
10.1039/c3ce40858b,publisher_R,https://doi.org/10.1039/c3ce40858b,Crystal engineering
10.1039/c0ce00873g,publisher_R,https://doi.org/10.1039/c0ce00873g,Functional materials
10.1039/d3ra07120k,publisher_R,https://doi.org/10.1039/d3ra07120k,Functional materials
10.1039/c0ce00527d,publisher_R,https://doi.org/10.1039/c0ce00527d,Crystal engineering
10.1021/ic051457i,publisher_A,https://doi.org/10.1021/ic051457i,Crystal engineering
10.1021/ic501978u,publisher_A,https://doi.org/10.1021/ic501978u,Crystal engineering
10.1021/acs.inorgchem.8b01319,publisher_A,https://doi.org/10.1021/acs.inorgchem.8b01319,Functional materials
10.1002/ejic.201000535,publisher_W,https://doi.org/10.1002/ejic.201000535,Crystal engineering
10.1021/acs.inorgchem.2c01517,publisher_A,https://doi.org/10.1021/acs.inorgchem.2c01517,Functional materials
10.1021/acsomega.2c01856,publisher_A,https://doi.org/10.1021/acsomega.2c01856,Chemical synthesis
10.1021/acsnano.3c07635,publisher_A,https://doi.org/10.1021/acsnano.3c07635,Crystal engineering
10.1039/c6ce00465b,publisher_R,https://doi.org/10.1039/c6ce00465b,Chemical synthesis
10.1021/acsami.1c15506,publisher_A,https://doi.org/10.1021/acsami.1c15506,Functional materials
10.1021/acs.inorgchem.1c02455,publisher_A,https://doi.org/10.1021/acs.inorgchem.1c02455,Functional materials
10.1039/d2cc01139e,publisher_R,https://doi.org/10.1039/d2cc01139e,Chemical synthesis
10.1039/c1cc14893a,publisher_R,https://doi.org/10.1039/c1cc14893a,Functional materials
10.1007/s11696-019-00692-2,publisher_S,https://doi.org/10.1007/s11696-019-00692-2,Functional materials
10.1039/c4ra16180g,publisher_R,https://doi.org/10.1039/c4ra16180g,Functional materials
10.1021/acs.inorgchem.3c03988,publisher_A,https://doi.org/10.1021/acs.inorgchem.3c03988,Chemical synthesis
10.1039/c5cy02191j,publisher_R,https://doi.org/10.1039/c5cy02191j,Functional materials
10.1021/acs.inorgchem.3c01131,publisher_A,https://doi.org/10.1021/acs.inorgchem.3c01131,Functional materials
10.1021/acsomega.2c06651,publisher_A,https://doi.org/10.1021/acsomega.2c06651,Chemical synthesis
10.1021/jacs.7b00219,publisher_A,https://doi.org/10.1021/jacs.7b00219,Crystal engineering
10.1039/c5ta00322a,publisher_R,https://doi.org/10.1039/c5ta00322a,Functional materials
10.1021/cm301726k,publisher_A,https://doi.org/10.1021/cm301726k,Functional materials
10.1039/c2dt30174a,publisher_R,https://doi.org/10.1039/c2dt30174a,Chemical synthesis
10.1039/c4ra03593c,publisher_R,https://doi.org/10.1039/c4ra03593c,Chemical synthesis
10.1039/d4ce01187b,publisher_R,https://doi.org/10.1039/d4ce01187b,Crystal engineering
10.1039/d4ce00399c,publisher_R,https://doi.org/10.1039/d4ce00399c,Functional materials
10.1021/acs.inorgchem.8b01612,publisher_A,https://doi.org/10.1021/acs.inorgchem.8b01612,Functional materials
10.1002/ejic.202100896,publisher_W,https://doi.org/10.1002/ejic.202100896,Chemical synthesis
10.1002/anie.201800619,publisher_W,https://doi.org/10.1002/anie.201800619,Crystal engineering
10.1021/acs.cgd.7b00153,publisher_A,https://doi.org/10.1021/acs.cgd.7b00153,Chemical synthesis
10.1039/c001590c,publisher_R,https://doi.org/10.1039/c001590c,Chemical synthesis
10.1002/ejic.201402019,publisher_W,https://doi.org/10.1002/ejic.201402019,Crystal engineering
10.1039/c6ce00169f,publisher_R,https://doi.org/10.1039/c6ce00169f,Functional materials
10.1021/cg070189r,publisher_A,https://doi.org/10.1021/cg070189r,Crystal engineering
10.1021/acs.cgd.6b00028,publisher_A,https://doi.org/10.1021/acs.cgd.6b00028,Crystal engineering
10.1002/chem.201700985,publisher_W,https://doi.org/10.1002/chem.201700985,Crystal engineering
10.1039/c2ce26290h,publisher_R,https://doi.org/10.1039/c2ce26290h,Crystal engineering
10.1002/chem.201304246,publisher_W,https://doi.org/10.1002/chem.201304246,Chemical synthesis
10.1021/ic010528k,publisher_A,https://doi.org/10.1021/ic010528k,Crystal engineering
10.1039/c7dt03761a,publisher_R,https://doi.org/10.1039/c7dt03761a,Functional materials
10.1039/c5ce01157d,publisher_R,https://doi.org/10.1039/c5ce01157d,Functional materials
10.1039/c4ce01356e,publisher_R,https://doi.org/10.1039/c4ce01356e,Chemical synthesis
10.1002/zaac.201400037,publisher_W,https://doi.org/10.1002/zaac.201400037,Crystal engineering
10.1039/c4ce01779j,publisher_R,https://doi.org/10.1039/c4ce01779j,Crystal engineering
10.1021/cg500815v,publisher_A,https://doi.org/10.1021/cg500815v,Crystal engineering
10.1039/c3ce41008k,publisher_R,https://doi.org/10.1039/c3ce41008k,Crystal engineering
10.1021/acs.inorgchem.4c00372,publisher_A,https://doi.org/10.1021/acs.inorgchem.4c00372,Functional materials
10.1021/ja010825o,publisher_A,https://doi.org/10.1021/ja010825o,Crystal engineering
10.1039/c6ce00483k,publisher_R,https://doi.org/10.1039/c6ce00483k,Crystal engineering
10.1021/cg300075a,publisher_A,https://doi.org/10.1021/cg300075a,Crystal engineering
10.1021/ic7023082,publisher_A,https://doi.org/10.1021/ic7023082,Crystal engineering
10.1002/jccs.201200041,publisher_W,https://doi.org/10.1002/jccs.201200041,Crystal engineering
10.1039/c5ra10799g,publisher_R,https://doi.org/10.1039/c5ra10799g,Crystal engineering
10.1007/s10876-021-02129-x,publisher_S,https://doi.org/10.1007/s10876-021-02129-x,Crystal engineering
10.1021/cg301041n,publisher_A,https://doi.org/10.1021/cg301041n,Crystal engineering
10.1021/acs.inorgchem.0c00596,publisher_A,https://doi.org/10.1021/acs.inorgchem.0c00596,Crystal engineering
10.1039/c0ce00644k,publisher_R,https://doi.org/10.1039/c0ce00644k,Crystal engineering
10.1039/c2ce26892b,publisher_R,https://doi.org/10.1039/c2ce26892b,Functional materials
10.1002/chem.202000993,publisher_W,https://doi.org/10.1002/chem.202000993,Chemical synthesis
10.1039/c0sc00582g,publisher_R,https://doi.org/10.1039/c0sc00582g,Crystal engineering
10.1002/cphc.201800439,publisher_W,https://doi.org/10.1002/cphc.201800439,Crystal engineering
10.1021/acsami.7b07055,publisher_A,https://doi.org/10.1021/acsami.7b07055,Functional materials
10.1021/acsami.6b06209,publisher_A,https://doi.org/10.1021/acsami.6b06209,Functional materials
10.1039/d4gc06360k,publisher_R,https://doi.org/10.1039/d4gc06360k,Chemical synthesis
10.1002/zaac.201600395,publisher_W,https://doi.org/10.1002/zaac.201600395,Crystal engineering
10.1039/c3ce26854c,publisher_R,https://doi.org/10.1039/c3ce26854c,Crystal engineering
10.1021/acs.cgd.5b00450,publisher_A,https://doi.org/10.1021/acs.cgd.5b00450,Functional materials
10.1039/c2dt12170k,publisher_R,https://doi.org/10.1039/c2dt12170k,Crystal engineering
10.1039/c1ce06268a,publisher_R,https://doi.org/10.1039/c1ce06268a,Functional materials
10.1021/acs.inorgchem.4c02464,publisher_A,https://doi.org/10.1021/acs.inorgchem.4c02464,Chemical synthesis
10.1039/c2dt11993e,publisher_R,https://doi.org/10.1039/c2dt11993e,Crystal engineering
10.1021/cg3015354,publisher_A,https://doi.org/10.1021/cg3015354,Crystal engineering
10.1002/anie.201808240,publisher_W,https://doi.org/10.1002/anie.201808240,Crystal engineering
10.1039/c9ta05216j,publisher_R,https://doi.org/10.1039/c9ta05216j,Chemical synthesis
10.1002/ejic.201200417,publisher_W,https://doi.org/10.1002/ejic.201200417,Crystal engineering
10.1021/cg900352e,publisher_A,https://doi.org/10.1021/cg900352e,Crystal engineering
10.1002/ejic.200701284,publisher_W,https://doi.org/10.1002/ejic.200701284,Crystal engineering
10.1021/acs.chemmater.4c02816,publisher_A,https://doi.org/10.1021/acs.chemmater.4c02816,Chemical synthesis
10.1021/acsomega.3c09895,publisher_A,https://doi.org/10.1021/acsomega.3c09895,Chemical synthesis
10.1021/acsami.0c14316,publisher_A,https://doi.org/10.1021/acsami.0c14316,Functional materials
10.1021/acsmaterialslett.1c00420,publisher_A,https://doi.org/10.1021/acsmaterialslett.1c00420,Functional materials
10.1039/d1ce00780g,publisher_R,https://doi.org/10.1039/d1ce00780g,Crystal engineering
10.1002/adfm.202404680,publisher_W,https://doi.org/10.1002/adfm.202404680,Crystal engineering
10.1002/chem.200400178,publisher_W,https://doi.org/10.1002/chem.200400178,Functional materials
10.1039/c8dt04186e,publisher_R,https://doi.org/10.1039/c8dt04186e,Chemical synthesis
10.1021/acs.cgd.3c00266,publisher_A,https://doi.org/10.1021/acs.cgd.3c00266,Functional materials
10.1039/c4ta06820c,publisher_R,https://doi.org/10.1039/c4ta06820c,Functional materials
10.1002/aenm.202401887,publisher_W,https://doi.org/10.1002/aenm.202401887,Functional materials
10.1021/acscatal.5c00755,publisher_A,https://doi.org/10.1021/acscatal.5c00755,Functional materials
10.1002/asia.201900853,publisher_W,https://doi.org/10.1002/asia.201900853,Chemical synthesis
10.1039/c7ta07934f,publisher_R,https://doi.org/10.1039/c7ta07934f,Functional materials
10.1021/acs.inorgchem.7b03214,publisher_A,https://doi.org/10.1021/acs.inorgchem.7b03214,Functional materials
10.1002/zaac.202000447,publisher_W,https://doi.org/10.1002/zaac.202000447,Functional materials
10.1039/d1nj04601b,publisher_R,https://doi.org/10.1039/d1nj04601b,Functional materials
10.1002/aoc.6749,publisher_W,https://doi.org/10.1002/aoc.6749,Functional materials
10.1002/cplu.201800546,publisher_W,https://doi.org/10.1002/cplu.201800546,Functional materials
10.1002/zaac.200700235,publisher_W,https://doi.org/10.1002/zaac.200700235,Crystal engineering
10.1021/acsomega.3c09256,publisher_A,https://doi.org/10.1021/acsomega.3c09256,Crystal engineering
10.1002/chem.202002541,publisher_W,https://doi.org/10.1002/chem.202002541,Chemical synthesis
10.1002/cctc.201300529,publisher_W,https://doi.org/10.1002/cctc.201300529,Chemical synthesis
10.1021/cm400116h,publisher_A,https://doi.org/10.1021/cm400116h,Functional materials
10.1021/acs.cgd.1c01245,publisher_A,https://doi.org/10.1021/acs.cgd.1c01245,Crystal engineering
10.1039/c8ce00058a,publisher_R,https://doi.org/10.1039/c8ce00058a,Crystal engineering
10.1039/d4tb01303d,publisher_R,https://doi.org/10.1039/d4tb01303d,Functional materials
10.1007/s10853-023-08181-4,publisher_S,https://doi.org/10.1007/s10853-023-08181-4,Functional materials
10.1002/adsu.202300269,publisher_W,https://doi.org/10.1002/adsu.202300269,Theory & modeling
10.1007/s10876-024-02650-9,publisher_S,https://doi.org/10.1007/s10876-024-02650-9,Functional materials
10.1039/c6cc09680h,publisher_R,https://doi.org/10.1039/c6cc09680h,Crystal engineering
10.1039/c9nr06470b,publisher_R,https://doi.org/10.1039/c9nr06470b,Functional materials
10.1039/c3tb20814a,publisher_R,https://doi.org/10.1039/c3tb20814a,Crystal engineering
10.1021/jacs.8b04457,publisher_A,https://doi.org/10.1021/jacs.8b04457,Functional materials
10.1002/anie.202305646,publisher_W,https://doi.org/10.1002/anie.202305646,Functional materials
10.1039/c5dt02147b,publisher_R,https://doi.org/10.1039/c5dt02147b,Crystal engineering
10.1021/acsami.8b13362,publisher_A,https://doi.org/10.1021/acsami.8b13362,Functional materials
10.1021/jp402154q,publisher_A,https://doi.org/10.1021/jp402154q,Theory & modeling
10.1021/acs.inorgchem.6b00530,publisher_A,https://doi.org/10.1021/acs.inorgchem.6b00530,Functional materials
10.1021/cg4000654,publisher_A,https://doi.org/10.1021/cg4000654,Crystal engineering
10.1039/d2dt02260e,publisher_R,https://doi.org/10.1039/d2dt02260e,Chemical synthesis
10.1002/chem.201301139,publisher_W,https://doi.org/10.1002/chem.201301139,Crystal engineering
10.1039/c8dt02920b,publisher_R,https://doi.org/10.1039/c8dt02920b,Crystal engineering
10.1021/acsami.3c01172,publisher_A,https://doi.org/10.1021/acsami.3c01172,Functional materials
10.1021/jacs.7b07856,publisher_A,https://doi.org/10.1021/jacs.7b07856,Functional materials
10.1002/smll.202305308,publisher_W,https://doi.org/10.1002/smll.202305308,Functional materials
10.1002/zaac.200900442,publisher_W,https://doi.org/10.1002/zaac.200900442,Functional materials
10.1002/slct.202101471,publisher_W,https://doi.org/10.1002/slct.202101471,Functional materials
10.1021/jacs.7b06459,publisher_A,https://doi.org/10.1021/jacs.7b06459,Functional materials
10.1021/jacs.9b07633,publisher_A,https://doi.org/10.1021/jacs.9b07633,Chemical synthesis
10.1021/acsami.7b16937,publisher_A,https://doi.org/10.1021/acsami.7b16937,Functional materials
10.1021/ja0734952,publisher_A,https://doi.org/10.1021/ja0734952,Crystal engineering
10.1021/acs.inorgchem.8b02434,publisher_A,https://doi.org/10.1021/acs.inorgchem.8b02434,Functional materials
10.1039/c9ce00259f,publisher_R,https://doi.org/10.1039/c9ce00259f,Crystal engineering
10.1039/c2dt30708a,publisher_R,https://doi.org/10.1039/c2dt30708a,Functional materials
10.1039/d4cc01706d,publisher_R,https://doi.org/10.1039/d4cc01706d,Functional materials
10.1002/chem.200801948,publisher_W,https://doi.org/10.1002/chem.200801948,Crystal engineering
10.1039/d1ta02275j,publisher_R,https://doi.org/10.1039/d1ta02275j,Theory & modeling
10.1021/acs.inorgchem.5b02242,publisher_A,https://doi.org/10.1021/acs.inorgchem.5b02242,Functional materials
10.1039/d1dt00733e,publisher_R,https://doi.org/10.1039/d1dt00733e,Functional materials
10.1021/jacs.2c09756,publisher_A,https://doi.org/10.1021/jacs.2c09756,Functional materials
10.1021/jacs.1c00136,publisher_A,https://doi.org/10.1021/jacs.1c00136,Crystal engineering
10.1039/d2cc06945h,publisher_R,https://doi.org/10.1039/d2cc06945h,Functional materials
10.1021/jacs.1c10008,publisher_A,https://doi.org/10.1021/jacs.1c10008,Functional materials
10.1021/acs.chemmater.1c00917,publisher_A,https://doi.org/10.1021/acs.chemmater.1c00917,Crystal engineering
10.1039/d2sc02267b,publisher_R,https://doi.org/10.1039/d2sc02267b,Functional materials
10.1039/b904622d,publisher_R,https://doi.org/10.1039/b904622d,Chemical synthesis
10.1021/ja512478y,publisher_A,https://doi.org/10.1021/ja512478y,Functional materials
10.1002/aoc.7426,publisher_W,https://doi.org/10.1002/aoc.7426,Functional materials
10.1039/b926156g,publisher_R,https://doi.org/10.1039/b926156g,Chemical synthesis
10.1039/c1ce05287j,publisher_R,https://doi.org/10.1039/c1ce05287j,Crystal engineering
10.1039/c6ra20434a,publisher_R,https://doi.org/10.1039/c6ra20434a,Crystal engineering
10.1002/zaac.200900307,publisher_W,https://doi.org/10.1002/zaac.200900307,Crystal engineering
10.1002/cplu.201800569,publisher_W,https://doi.org/10.1002/cplu.201800569,Crystal engineering
10.1021/cg401036e,publisher_A,https://doi.org/10.1021/cg401036e,Crystal engineering
10.1021/cg301148p,publisher_A,https://doi.org/10.1021/cg301148p,Crystal engineering
10.1021/cg0705456,publisher_A,https://doi.org/10.1021/cg0705456,Crystal engineering
10.1021/am301365h,publisher_A,https://doi.org/10.1021/am301365h,Functional materials
10.1021/acsami.2c04293,publisher_A,https://doi.org/10.1021/acsami.2c04293,Functional materials
10.1021/acs.inorgchem.2c01893,publisher_A,https://doi.org/10.1021/acs.inorgchem.2c01893,Functional materials
10.1021/acs.inorgchem.7b02754,publisher_A,https://doi.org/10.1021/acs.inorgchem.7b02754,Crystal engineering
10.1039/b916206b,publisher_R,https://doi.org/10.1039/b916206b,Chemical synthesis
10.1021/acsami.6b03988,publisher_A,https://doi.org/10.1021/acsami.6b03988,Functional materials
10.1002/smll.202305258,publisher_W,https://doi.org/10.1002/smll.202305258,Functional materials
10.1039/c2ce25602a,publisher_R,https://doi.org/10.1039/c2ce25602a,Crystal engineering
10.1002/ejic.201600134,publisher_W,https://doi.org/10.1002/ejic.201600134,Functional materials
10.1021/acs.inorgchem.6b00276,publisher_A,https://doi.org/10.1021/acs.inorgchem.6b00276,Functional materials
10.1039/c4ra01269k,publisher_R,https://doi.org/10.1039/c4ra01269k,Functional materials
10.1039/d4gc02189d,publisher_R,https://doi.org/10.1039/d4gc02189d,Functional materials
10.1021/acsami.0c06964,publisher_A,https://doi.org/10.1021/acsami.0c06964,Functional materials
10.1021/acsomega.1c01155,publisher_A,https://doi.org/10.1021/acsomega.1c01155,Functional materials
10.1002/smll.202500324,publisher_W,https://doi.org/10.1002/smll.202500324,Functional materials
10.1002/cctc.202001622,publisher_W,https://doi.org/10.1002/cctc.202001622,Functional materials
10.1039/c7dt03364h,publisher_R,https://doi.org/10.1039/c7dt03364h,Chemical synthesis
10.1039/d1ce00931a,publisher_R,https://doi.org/10.1039/d1ce00931a,Functional materials
10.1021/ic302716n,publisher_A,https://doi.org/10.1021/ic302716n,Crystal engineering
10.1039/c6cc00576d,publisher_R,https://doi.org/10.1039/c6cc00576d,Functional materials
10.1021/cg201226t,publisher_A,https://doi.org/10.1021/cg201226t,Functional materials
10.1039/c6dt04675d,publisher_R,https://doi.org/10.1039/c6dt04675d,Functional materials
10.1021/acs.inorgchem.1c00084,publisher_A,https://doi.org/10.1021/acs.inorgchem.1c00084,Functional materials
10.1021/acs.jchemed.2c00922,publisher_A,https://doi.org/10.1021/acs.jchemed.2c00922,Functional materials
10.1021/acs.cgd.9b00319,publisher_A,https://doi.org/10.1021/acs.cgd.9b00319,Functional materials
10.1021/acs.jpcc.9b04312,publisher_A,https://doi.org/10.1021/acs.jpcc.9b04312,Functional materials
10.1002/adfm.201805372,publisher_W,https://doi.org/10.1002/adfm.201805372,Chemical synthesis
10.1002/adfm.202105395,publisher_W,https://doi.org/10.1002/adfm.202105395,Functional materials
10.1039/d0dt02455d,publisher_R,https://doi.org/10.1039/d0dt02455d,Chemical synthesis
10.1039/c5cc02606g,publisher_R,https://doi.org/10.1039/c5cc02606g,Functional materials
10.1021/acsami.1c02038,publisher_A,https://doi.org/10.1021/acsami.1c02038,Functional materials
10.1021/jacs.0c00679,publisher_A,https://doi.org/10.1021/jacs.0c00679,Functional materials
10.1039/c5qi00016e,publisher_R,https://doi.org/10.1039/c5qi00016e,Chemical synthesis
10.1021/jacs.6b10055,publisher_A,https://doi.org/10.1021/jacs.6b10055,Crystal engineering
10.1002/asia.202401035,publisher_W,https://doi.org/10.1002/asia.202401035,Chemical synthesis
10.1039/c3dt50787d,publisher_R,https://doi.org/10.1039/c3dt50787d,Crystal engineering
10.1039/c8dt02841a,publisher_R,https://doi.org/10.1039/c8dt02841a,Functional materials
10.1039/c9dt02133g,publisher_R,https://doi.org/10.1039/c9dt02133g,Functional materials
10.1039/c3dt32302a,publisher_R,https://doi.org/10.1039/c3dt32302a,Crystal engineering
10.1039/c7dt00582b,publisher_R,https://doi.org/10.1039/c7dt00582b,Functional materials
10.1039/c5dt01673h,publisher_R,https://doi.org/10.1039/c5dt01673h,Crystal engineering
10.1039/c2jm16371c,publisher_R,https://doi.org/10.1039/c2jm16371c,Functional materials
10.1002/jccs.202100377,publisher_W,https://doi.org/10.1002/jccs.202100377,Crystal engineering
10.1021/ja0752336,publisher_A,https://doi.org/10.1021/ja0752336,Chemical synthesis
10.1021/jp063074r,publisher_A,https://doi.org/10.1021/jp063074r,Functional materials
10.1021/acs.inorgchem.7b01801,publisher_A,https://doi.org/10.1021/acs.inorgchem.7b01801,Crystal engineering
10.1039/c8sc05441j,publisher_R,https://doi.org/10.1039/c8sc05441j,Functional materials
10.1021/acs.cgd.9b01340,publisher_A,https://doi.org/10.1021/acs.cgd.9b01340,Crystal engineering
10.1039/c2dt30649b,publisher_R,https://doi.org/10.1039/c2dt30649b,Functional materials
10.1039/c4ra11652f,publisher_R,https://doi.org/10.1039/c4ra11652f,Crystal engineering
10.1039/c3ce41253a,publisher_R,https://doi.org/10.1039/c3ce41253a,Crystal engineering
10.1002/anie.201406501,publisher_W,https://doi.org/10.1002/anie.201406501,Functional materials
10.1002/ejic.200800002,publisher_W,https://doi.org/10.1002/ejic.200800002,Crystal engineering
10.1002/cssc.202201535,publisher_W,https://doi.org/10.1002/cssc.202201535,Functional materials
10.1039/c3cc40635k,publisher_R,https://doi.org/10.1039/c3cc40635k,Crystal engineering
10.1021/acsami.4c11541,publisher_A,https://doi.org/10.1021/acsami.4c11541,Functional materials
10.1039/b812366g,publisher_R,https://doi.org/10.1039/b812366g,Chemical synthesis
10.1021/acsomega.0c03981,publisher_A,https://doi.org/10.1021/acsomega.0c03981,Functional materials
10.1002/ejic.202300215,publisher_W,https://doi.org/10.1002/ejic.202300215,Functional materials
10.1021/acs.inorgchem.7b01057,publisher_A,https://doi.org/10.1021/acs.inorgchem.7b01057,Crystal engineering
10.1039/c3dt52159a,publisher_R,https://doi.org/10.1039/c3dt52159a,Functional materials
10.1039/d1fd00014d,publisher_R,https://doi.org/10.1039/d1fd00014d,Crystal engineering
10.1021/acs.inorgchem.7b01915,publisher_A,https://doi.org/10.1021/acs.inorgchem.7b01915,Functional materials
10.1021/cg400426m,publisher_A,https://doi.org/10.1021/cg400426m,Crystal engineering
10.1039/d2qi01337a,publisher_R,https://doi.org/10.1039/d2qi01337a,Functional materials
10.1002/anie.201802911,publisher_W,https://doi.org/10.1002/anie.201802911,Crystal engineering
10.1021/acsami.0c01023,publisher_A,https://doi.org/10.1021/acsami.0c01023,Crystal engineering
10.1039/c000734j,publisher_R,https://doi.org/10.1039/c000734j,Crystal engineering
10.1002/anie.201908959,publisher_W,https://doi.org/10.1002/anie.201908959,Crystal engineering
10.1021/cg201447c,publisher_A,https://doi.org/10.1021/cg201447c,Functional materials
10.1039/c5dt01682g,publisher_R,https://doi.org/10.1039/c5dt01682g,Crystal engineering
10.1002/anie.201804383,publisher_W,https://doi.org/10.1002/anie.201804383,Functional materials
10.1039/c2cc35366k,publisher_R,https://doi.org/10.1039/c2cc35366k,Functional materials
10.1021/acs.inorgchem.7b02324,publisher_A,https://doi.org/10.1021/acs.inorgchem.7b02324,Crystal engineering
10.1021/ja804944r,publisher_A,https://doi.org/10.1021/ja804944r,Crystal engineering
10.1002/cphc.202400154,publisher_W,https://doi.org/10.1002/cphc.202400154,Chemical synthesis
10.1021/acs.inorgchem.8b01955,publisher_A,https://doi.org/10.1021/acs.inorgchem.8b01955,Functional materials
10.1002/slct.202103927,publisher_W,https://doi.org/10.1002/slct.202103927,Functional materials
10.1021/cm2034382,publisher_A,https://doi.org/10.1021/cm2034382,Crystal engineering
10.1007/s10450-015-9651-2,publisher_S,https://doi.org/10.1007/s10450-015-9651-2,Functional materials
10.1039/c7dt03758a,publisher_R,https://doi.org/10.1039/c7dt03758a,Crystal engineering
10.1039/c8dt05060k,publisher_R,https://doi.org/10.1039/c8dt05060k,Chemical synthesis
10.1002/smll.202400410,publisher_W,https://doi.org/10.1002/smll.202400410,Functional materials
10.1039/b916878h,publisher_R,https://doi.org/10.1039/b916878h,Crystal engineering
10.1021/cg900788h,publisher_A,https://doi.org/10.1021/cg900788h,Crystal engineering
10.1021/acs.cgd.4c01394,publisher_A,https://doi.org/10.1021/acs.cgd.4c01394,Functional materials
10.1021/acs.cgd.5b00016,publisher_A,https://doi.org/10.1021/acs.cgd.5b00016,Functional materials
10.1021/acs.cgd.8b01564,publisher_A,https://doi.org/10.1021/acs.cgd.8b01564,Functional materials
10.1039/c8ce02151a,publisher_R,https://doi.org/10.1039/c8ce02151a,Functional materials
10.1007/s10450-024-00553-9,publisher_S,https://doi.org/10.1007/s10450-024-00553-9,Functional materials
10.1021/acs.cgd.7b00171,publisher_A,https://doi.org/10.1021/acs.cgd.7b00171,Crystal engineering
10.1557/s43579-023-00456-w,publisher_S,https://doi.org/10.1557/s43579-023-00456-w,Functional materials
10.1021/jacs.4c03476,publisher_A,https://doi.org/10.1021/jacs.4c03476,Functional materials
10.1039/d3ta07616d,publisher_R,https://doi.org/10.1039/d3ta07616d,Chemical synthesis
10.1021/ic2020995,publisher_A,https://doi.org/10.1021/ic2020995,Functional materials
10.1021/ic4007718,publisher_A,https://doi.org/10.1021/ic4007718,Crystal engineering
10.1021/jacs.4c12385,publisher_A,https://doi.org/10.1021/jacs.4c12385,Crystal engineering
10.1039/b925239h,publisher_R,https://doi.org/10.1039/b925239h,Crystal engineering
10.1007/s11243-019-00328-0,publisher_S,https://doi.org/10.1007/s11243-019-00328-0,Crystal engineering
10.1021/cg0700317,publisher_A,https://doi.org/10.1021/cg0700317,Crystal engineering
10.1039/c3ce00068k,publisher_R,https://doi.org/10.1039/c3ce00068k,Crystal engineering
10.1002/ejic.201301312,publisher_W,https://doi.org/10.1002/ejic.201301312,Crystal engineering
10.1002/zaac.201300211,publisher_W,https://doi.org/10.1002/zaac.201300211,Crystal engineering
10.1002/ejic.201300560,publisher_W,https://doi.org/10.1002/ejic.201300560,Crystal engineering
10.1002/chem.201704749,publisher_W,https://doi.org/10.1002/chem.201704749,Functional materials
10.1002/aoc.4629,publisher_W,https://doi.org/10.1002/aoc.4629,Functional materials
10.1007/s10562-019-03070-5,publisher_S,https://doi.org/10.1007/s10562-019-03070-5,Functional materials
10.1039/c1dt10958h,publisher_R,https://doi.org/10.1039/c1dt10958h,Functional materials
10.1002/ejic.201200169,publisher_W,https://doi.org/10.1002/ejic.201200169,Crystal engineering
10.1021/acs.cgd.7b00450,publisher_A,https://doi.org/10.1021/acs.cgd.7b00450,Crystal engineering
10.1021/cg070593q,publisher_A,https://doi.org/10.1021/cg070593q,Crystal engineering
10.1039/c5ce01740h,publisher_R,https://doi.org/10.1039/c5ce01740h,Functional materials
10.1039/c4dt01535e,publisher_R,https://doi.org/10.1039/c4dt01535e,Crystal engineering
10.1039/c9ce00033j,publisher_R,https://doi.org/10.1039/c9ce00033j,Chemical synthesis
10.1039/d2qi01108e,publisher_R,https://doi.org/10.1039/d2qi01108e,Functional materials
10.1039/d3qi02527f,publisher_R,https://doi.org/10.1039/d3qi02527f,Chemical synthesis
10.1002/chem.201503078,publisher_W,https://doi.org/10.1002/chem.201503078,Functional materials
10.1039/b810287b,publisher_R,https://doi.org/10.1039/b810287b,Crystal engineering
10.1021/acsami.8b11037,publisher_A,https://doi.org/10.1021/acsami.8b11037,Chemical synthesis
10.1007/s10853-018-03287-6,publisher_S,https://doi.org/10.1007/s10853-018-03287-6,Functional materials
10.1021/cg101652e,publisher_A,https://doi.org/10.1021/cg101652e,Crystal engineering
10.1002/zaac.201500091,publisher_W,https://doi.org/10.1002/zaac.201500091,Crystal engineering
10.1039/c8ta09227c,publisher_R,https://doi.org/10.1039/c8ta09227c,Functional materials
10.1002/ejic.202200410,publisher_W,https://doi.org/10.1002/ejic.202200410,Functional materials
10.1039/c8ra10366f,publisher_R,https://doi.org/10.1039/c8ra10366f,Chemical synthesis
10.1021/cm071689a,publisher_A,https://doi.org/10.1021/cm071689a,Crystal engineering
10.1021/acs.cgd.5b01412,publisher_A,https://doi.org/10.1021/acs.cgd.5b01412,Crystal engineering
10.1039/d0dt02576c,publisher_R,https://doi.org/10.1039/d0dt02576c,Functional materials
10.1039/c6sc02272c,publisher_R,https://doi.org/10.1039/c6sc02272c,Functional materials
10.1021/cg200717a,publisher_A,https://doi.org/10.1021/cg200717a,Chemical synthesis
10.1021/cg201136k,publisher_A,https://doi.org/10.1021/cg201136k,Crystal engineering
10.1021/acs.inorgchem.1c00941,publisher_A,https://doi.org/10.1021/acs.inorgchem.1c00941,Chemical synthesis
10.1021/am303089g,publisher_A,https://doi.org/10.1021/am303089g,Functional materials
10.1021/acsami.1c22033,publisher_A,https://doi.org/10.1021/acsami.1c22033,Functional materials
10.1039/c8cc04172e,publisher_R,https://doi.org/10.1039/c8cc04172e,Functional materials
10.1021/cg401469f,publisher_A,https://doi.org/10.1021/cg401469f,Crystal engineering
10.1039/c9me00062c,publisher_R,https://doi.org/10.1039/c9me00062c,Functional materials
10.1021/acs.chemmater.1c01139,publisher_A,https://doi.org/10.1021/acs.chemmater.1c01139,Functional materials
10.1021/acs.inorgchem.3c02877,publisher_A,https://doi.org/10.1021/acs.inorgchem.3c02877,Functional materials
10.1021/cm101943e,publisher_A,https://doi.org/10.1021/cm101943e,Functional materials
10.1002/ejic.201601100,publisher_W,https://doi.org/10.1002/ejic.201601100,Crystal engineering
10.1021/cg301312v,publisher_A,https://doi.org/10.1021/cg301312v,Crystal engineering
10.1021/acsami.1c14453,publisher_A,https://doi.org/10.1021/acsami.1c14453,Functional materials
10.1021/acs.jpcc.8b09904,publisher_A,https://doi.org/10.1021/acs.jpcc.8b09904,Functional materials
10.1002/anie.202214748,publisher_W,https://doi.org/10.1002/anie.202214748,Functional materials
10.1021/jacs.2c13835,publisher_A,https://doi.org/10.1021/jacs.2c13835,Functional materials
10.1039/d1ta04009j,publisher_R,https://doi.org/10.1039/d1ta04009j,Functional materials
10.1021/jacs.5c08920,publisher_A,https://doi.org/10.1021/jacs.5c08920,Functional materials
10.1039/c9sc00178f,publisher_R,https://doi.org/10.1039/c9sc00178f,Chemical synthesis
10.1021/acsami.4c20744,publisher_A,https://doi.org/10.1021/acsami.4c20744,Functional materials
10.1002/zaac.201300623,publisher_W,https://doi.org/10.1002/zaac.201300623,Crystal engineering
10.1002/chem.202403296,publisher_W,https://doi.org/10.1002/chem.202403296,Functional materials
10.1002/slct.202104471,publisher_W,https://doi.org/10.1002/slct.202104471,Functional materials
10.1002/zaac.201400612,publisher_W,https://doi.org/10.1002/zaac.201400612,Crystal engineering
10.1021/acs.cgd.5c00500,publisher_A,https://doi.org/10.1021/acs.cgd.5c00500,Functional materials
10.1021/acs.inorgchem.1c04027,publisher_A,https://doi.org/10.1021/acs.inorgchem.1c04027,Functional materials
10.1021/acs.cgd.7b00825,publisher_A,https://doi.org/10.1021/acs.cgd.7b00825,Crystal engineering
10.1039/b702106b,publisher_R,https://doi.org/10.1039/b702106b,Crystal engineering
10.1039/c6qi00506c,publisher_R,https://doi.org/10.1039/c6qi00506c,Functional materials
10.1039/c9qi01058k,publisher_R,https://doi.org/10.1039/c9qi01058k,Functional materials
10.1021/acsami.7b06491,publisher_A,https://doi.org/10.1021/acsami.7b06491,Functional materials
10.1007/s10870-018-0708-4,publisher_S,https://doi.org/10.1007/s10870-018-0708-4,Crystal engineering
10.1039/c9nj06394c,publisher_R,https://doi.org/10.1039/c9nj06394c,Chemical synthesis
10.1039/c5dt02354h,publisher_R,https://doi.org/10.1039/c5dt02354h,Crystal engineering
10.1039/c5ce01718a,publisher_R,https://doi.org/10.1039/c5ce01718a,Crystal engineering
10.1039/d4dt01150c,publisher_R,https://doi.org/10.1039/d4dt01150c,Functional materials
10.1021/acs.inorgchem.2c01936,publisher_A,https://doi.org/10.1021/acs.inorgchem.2c01936,Crystal engineering
10.1039/c2ce06632g,publisher_R,https://doi.org/10.1039/c2ce06632g,Crystal engineering
10.1039/c3ce41575a,publisher_R,https://doi.org/10.1039/c3ce41575a,Crystal engineering
10.1021/cg101351b,publisher_A,https://doi.org/10.1021/cg101351b,Crystal engineering
10.1039/c4ce02465f,publisher_R,https://doi.org/10.1039/c4ce02465f,Functional materials
10.1039/b808464e,publisher_R,https://doi.org/10.1039/b808464e,Crystal engineering
10.1039/c2ce26323h,publisher_R,https://doi.org/10.1039/c2ce26323h,Crystal engineering
10.1039/c6dt02312f,publisher_R,https://doi.org/10.1039/c6dt02312f,Functional materials
10.1039/d0ra09305j,publisher_R,https://doi.org/10.1039/d0ra09305j,Functional materials
10.1039/c5ce00324e,publisher_R,https://doi.org/10.1039/c5ce00324e,Functional materials
10.1039/d3gc02521g,publisher_R,https://doi.org/10.1039/d3gc02521g,Crystal engineering
10.1021/acs.inorgchem.7b01197,publisher_A,https://doi.org/10.1021/acs.inorgchem.7b01197,Crystal engineering
10.1021/acs.inorgchem.3c04117,publisher_A,https://doi.org/10.1021/acs.inorgchem.3c04117,Functional materials
10.1021/acs.inorgchem.5c02137,publisher_A,https://doi.org/10.1021/acs.inorgchem.5c02137,Crystal engineering
10.1039/c2ce26793d,publisher_R,https://doi.org/10.1039/c2ce26793d,Crystal engineering
10.1021/cg900694k,publisher_A,https://doi.org/10.1021/cg900694k,Crystal engineering
10.1002/ejic.201000402,publisher_W,https://doi.org/10.1002/ejic.201000402,Crystal engineering
10.1021/ic901133k,publisher_A,https://doi.org/10.1021/ic901133k,Functional materials
10.1039/d4ce00008k,publisher_R,https://doi.org/10.1039/d4ce00008k,Functional materials
10.1002/anie.202309108,publisher_W,https://doi.org/10.1002/anie.202309108,Chemical synthesis
10.1039/d0ta08085c,publisher_R,https://doi.org/10.1039/d0ta08085c,Functional materials
10.1021/ic061664y,publisher_A,https://doi.org/10.1021/ic061664y,Crystal engineering
10.1002/smll.202405636,publisher_W,https://doi.org/10.1002/smll.202405636,Functional materials
10.1039/c6ra22971a,publisher_R,https://doi.org/10.1039/c6ra22971a,Crystal engineering
10.1021/acs.inorgchem.1c02070,publisher_A,https://doi.org/10.1021/acs.inorgchem.1c02070,Functional materials
10.1039/c5nj02634b,publisher_R,https://doi.org/10.1039/c5nj02634b,Chemical synthesis
10.1039/c5ce02492g,publisher_R,https://doi.org/10.1039/c5ce02492g,Functional materials
10.1002/zaac.201500656,publisher_W,https://doi.org/10.1002/zaac.201500656,Crystal engineering
10.1134/S1070328411020035,publisher_S,https://doi.org/10.1134/S1070328411020035,Crystal engineering
10.1002/zaac.201100403,publisher_W,https://doi.org/10.1002/zaac.201100403,Crystal engineering
10.1039/d2ce00553k,publisher_R,https://doi.org/10.1039/d2ce00553k,Functional materials
10.1039/c5ce00378d,publisher_R,https://doi.org/10.1039/c5ce00378d,Crystal engineering
10.1039/d4ra03539a,publisher_R,https://doi.org/10.1039/d4ra03539a,Functional materials
10.1021/cg301224z,publisher_A,https://doi.org/10.1021/cg301224z,Crystal engineering
10.1007/s11243-015-9964-8,publisher_S,https://doi.org/10.1007/s11243-015-9964-8,Crystal engineering
10.1021/jacs.0c04458,publisher_A,https://doi.org/10.1021/jacs.0c04458,Functional materials
10.1021/cg501741r,publisher_A,https://doi.org/10.1021/cg501741r,Crystal engineering
10.1039/c6ce01522k,publisher_R,https://doi.org/10.1039/c6ce01522k,Functional materials
10.1021/cg501285q,publisher_A,https://doi.org/10.1021/cg501285q,Chemical synthesis
10.1002/asia.200800458,publisher_W,https://doi.org/10.1002/asia.200800458,Crystal engineering
10.1021/cg400929z,publisher_A,https://doi.org/10.1021/cg400929z,Crystal engineering
10.1021/ja803783c,publisher_A,https://doi.org/10.1021/ja803783c,Crystal engineering
10.1039/c002030n,publisher_R,https://doi.org/10.1039/c002030n,Crystal engineering
10.1021/ic060001d,publisher_A,https://doi.org/10.1021/ic060001d,Crystal engineering
10.1002/anie.201511009,publisher_W,https://doi.org/10.1002/anie.201511009,Chemical synthesis
10.1039/c8nr02896f,publisher_R,https://doi.org/10.1039/c8nr02896f,Chemical synthesis
10.1002/adfm.202501344,publisher_W,https://doi.org/10.1002/adfm.202501344,Functional materials
10.1002/chem.201300144,publisher_W,https://doi.org/10.1002/chem.201300144,Chemical synthesis
10.1002/cnma.201700233,publisher_W,https://doi.org/10.1002/cnma.201700233,Chemical synthesis
10.1039/c2cc34196d,publisher_R,https://doi.org/10.1039/c2cc34196d,Functional materials
10.1021/acsami.3c13054,publisher_A,https://doi.org/10.1021/acsami.3c13054,Functional materials
10.1021/acs.cgd.8b01695,publisher_A,https://doi.org/10.1021/acs.cgd.8b01695,Chemical synthesis
10.1039/c8nj04260h,publisher_R,https://doi.org/10.1039/c8nj04260h,Functional materials
10.1039/c4ta01749h,publisher_R,https://doi.org/10.1039/c4ta01749h,Functional materials
10.1039/c2ce26636a,publisher_R,https://doi.org/10.1039/c2ce26636a,Chemical synthesis
10.1021/acs.cgd.1c01412,publisher_A,https://doi.org/10.1021/acs.cgd.1c01412,Functional materials
10.1002/adma.201000857,publisher_W,https://doi.org/10.1002/adma.201000857,Functional materials
10.1039/c2jm32990e,publisher_R,https://doi.org/10.1039/c2jm32990e,Chemical synthesis
10.1039/c6ra00909c,publisher_R,https://doi.org/10.1039/c6ra00909c,Chemical synthesis
10.1021/acs.inorgchem.2c04053,publisher_A,https://doi.org/10.1021/acs.inorgchem.2c04053,Functional materials
10.1039/c6nr05639c,publisher_R,https://doi.org/10.1039/c6nr05639c,Chemical synthesis
10.1002/chem.201102953,publisher_W,https://doi.org/10.1002/chem.201102953,Crystal engineering
10.1002/adma.201606290,publisher_W,https://doi.org/10.1002/adma.201606290,Functional materials
10.1021/acssuschemeng.7b01429,publisher_A,https://doi.org/10.1021/acssuschemeng.7b01429,Crystal engineering
10.1021/acsomega.9b00236,publisher_A,https://doi.org/10.1021/acsomega.9b00236,Chemical synthesis
10.1039/c5dt01206f,publisher_R,https://doi.org/10.1039/c5dt01206f,Crystal engineering
10.1039/c5ra01183c,publisher_R,https://doi.org/10.1039/c5ra01183c,Functional materials
10.1021/acs.inorgchem.3c03704,publisher_A,https://doi.org/10.1021/acs.inorgchem.3c03704,Crystal engineering
10.1007/s11051-024-05991-8,publisher_S,https://doi.org/10.1007/s11051-024-05991-8,Chemical synthesis
10.1002/anie.201803766,publisher_W,https://doi.org/10.1002/anie.201803766,Chemical synthesis
10.1002/ejic.201500478,publisher_W,https://doi.org/10.1002/ejic.201500478,Crystal engineering
10.1021/am200974t,publisher_A,https://doi.org/10.1021/am200974t,Crystal engineering
10.1002/chem.202005217,publisher_W,https://doi.org/10.1002/chem.202005217,Chemical synthesis
10.1039/c5ce01843a,publisher_R,https://doi.org/10.1039/c5ce01843a,Chemical synthesis
10.1002/chem.201405921,publisher_W,https://doi.org/10.1002/chem.201405921,Chemical synthesis
10.1039/c8ce01302k,publisher_R,https://doi.org/10.1039/c8ce01302k,Functional materials
10.1039/c2ce26170g,publisher_R,https://doi.org/10.1039/c2ce26170g,Chemical synthesis
10.1039/c5ra18557b,publisher_R,https://doi.org/10.1039/c5ra18557b,Functional materials
10.1002/chem.202100528,publisher_W,https://doi.org/10.1002/chem.202100528,Chemical synthesis
10.1039/c5dt05002b,publisher_R,https://doi.org/10.1039/c5dt05002b,Chemical synthesis
10.1039/c2cc33964a,publisher_R,https://doi.org/10.1039/c2cc33964a,Functional materials
10.1039/c8ce00427g,publisher_R,https://doi.org/10.1039/c8ce00427g,Chemical synthesis
10.1002/ejic.201403077,publisher_W,https://doi.org/10.1002/ejic.201403077,Chemical synthesis
10.1002/chem.201402923,publisher_W,https://doi.org/10.1002/chem.201402923,Chemical synthesis
10.1002/smll.202401024,publisher_W,https://doi.org/10.1002/smll.202401024,Functional materials
10.1039/c8dt02436g,publisher_R,https://doi.org/10.1039/c8dt02436g,Functional materials
10.1039/c5ce02036k,publisher_R,https://doi.org/10.1039/c5ce02036k,Crystal engineering
10.1039/c3ce40445e,publisher_R,https://doi.org/10.1039/c3ce40445e,Crystal engineering
10.1039/c7ta09699b,publisher_R,https://doi.org/10.1039/c7ta09699b,Crystal engineering
10.1039/d4cp02422b,publisher_R,https://doi.org/10.1039/d4cp02422b,Theory & modeling
10.1021/acsami.8b03358,publisher_A,https://doi.org/10.1021/acsami.8b03358,Functional materials
10.1021/acs.chemmater.9b01383,publisher_A,https://doi.org/10.1021/acs.chemmater.9b01383,Functional materials
10.1002/ejic.201600338,publisher_W,https://doi.org/10.1002/ejic.201600338,Crystal engineering
10.1002/anie.202415919,publisher_W,https://doi.org/10.1002/anie.202415919,Crystal engineering
10.1039/d4ta02068e,publisher_R,https://doi.org/10.1039/d4ta02068e,Chemical synthesis
10.1021/cm8029517,publisher_A,https://doi.org/10.1021/cm8029517,Crystal engineering
10.1021/acs.cgd.9b00916,publisher_A,https://doi.org/10.1021/acs.cgd.9b00916,Crystal engineering
10.1021/cm103571y,publisher_A,https://doi.org/10.1021/cm103571y,Crystal engineering
10.1039/c3ce42485e,publisher_R,https://doi.org/10.1039/c3ce42485e,Functional materials
10.1039/c0cc01447h,publisher_R,https://doi.org/10.1039/c0cc01447h,Chemical synthesis
10.1021/acs.inorgchem.8b02549,publisher_A,https://doi.org/10.1021/acs.inorgchem.8b02549,Functional materials
10.1021/acsnano.5c04880,publisher_A,https://doi.org/10.1021/acsnano.5c04880,Chemical synthesis
10.1021/acs.chemmater.8b01891,publisher_A,https://doi.org/10.1021/acs.chemmater.8b01891,Chemical synthesis
10.1021/acs.inorgchem.4c01453,publisher_A,https://doi.org/10.1021/acs.inorgchem.4c01453,Chemical synthesis
10.1021/acs.chemmater.4c00769,publisher_A,https://doi.org/10.1021/acs.chemmater.4c00769,Functional materials
10.1021/acsanm.3c03829,publisher_A,https://doi.org/10.1021/acsanm.3c03829,Functional materials
10.1039/c3ce26905a,publisher_R,https://doi.org/10.1039/c3ce26905a,Crystal engineering
10.1039/c5ra07371e,publisher_R,https://doi.org/10.1039/c5ra07371e,Crystal engineering
10.1021/acs.inorgchem.6b00933,publisher_A,https://doi.org/10.1021/acs.inorgchem.6b00933,Crystal engineering
10.1002/chem.200800430,publisher_W,https://doi.org/10.1002/chem.200800430,Crystal engineering
10.1021/cg801348n,publisher_A,https://doi.org/10.1021/cg801348n,Crystal engineering
10.1039/d0cc03772a,publisher_R,https://doi.org/10.1039/d0cc03772a,Functional materials
10.1039/c1cc13877d,publisher_R,https://doi.org/10.1039/c1cc13877d,Chemical synthesis
10.1021/cg5018592,publisher_A,https://doi.org/10.1021/cg5018592,Crystal engineering
10.1039/c4dt01880j,publisher_R,https://doi.org/10.1039/c4dt01880j,Functional materials
10.1002/zaac.201300276,publisher_W,https://doi.org/10.1002/zaac.201300276,Crystal engineering
10.1007/s10876-023-02419-6,publisher_S,https://doi.org/10.1007/s10876-023-02419-6,Crystal engineering
10.1021/acs.cgd.8b00174,publisher_A,https://doi.org/10.1021/acs.cgd.8b00174,Crystal engineering
10.1039/b715481j,publisher_R,https://doi.org/10.1039/b715481j,Functional materials
10.1039/c3ce40456k,publisher_R,https://doi.org/10.1039/c3ce40456k,Crystal engineering
10.1039/c1ce05129f,publisher_R,https://doi.org/10.1039/c1ce05129f,Crystal engineering
10.1039/c5ce00430f,publisher_R,https://doi.org/10.1039/c5ce00430f,Crystal engineering
10.1039/c7ce01133d,publisher_R,https://doi.org/10.1039/c7ce01133d,Functional materials
10.1039/c5dt02323h,publisher_R,https://doi.org/10.1039/c5dt02323h,Functional materials
10.1021/acs.inorgchem.2c01488,publisher_A,https://doi.org/10.1021/acs.inorgchem.2c01488,Crystal engineering
10.1021/cg2002749,publisher_A,https://doi.org/10.1021/cg2002749,Crystal engineering
10.1039/c5ce02091c,publisher_R,https://doi.org/10.1039/c5ce02091c,Chemical synthesis
10.1039/b916984a,publisher_R,https://doi.org/10.1039/b916984a,Functional materials
10.1039/c3ce27006h,publisher_R,https://doi.org/10.1039/c3ce27006h,Crystal engineering
10.1039/c3ce27023h,publisher_R,https://doi.org/10.1039/c3ce27023h,Crystal engineering
10.1039/c0dt01584a,publisher_R,https://doi.org/10.1039/c0dt01584a,Crystal engineering
10.1039/c003764h,publisher_R,https://doi.org/10.1039/c003764h,Crystal engineering
10.1039/b606434e,publisher_R,https://doi.org/10.1039/b606434e,Chemical synthesis
10.1002/zaac.201600120,publisher_W,https://doi.org/10.1002/zaac.201600120,Crystal engineering
10.1039/c2ce26338f,publisher_R,https://doi.org/10.1039/c2ce26338f,Crystal engineering
10.1039/d0ra10539b,publisher_R,https://doi.org/10.1039/d0ra10539b,Crystal engineering
10.1039/d1sc03962h,publisher_R,https://doi.org/10.1039/d1sc03962h,Chemical synthesis
10.1021/acs.jpcc.6b04347,publisher_A,https://doi.org/10.1021/acs.jpcc.6b04347,Functional materials
10.1002/chem.202104041,publisher_W,https://doi.org/10.1002/chem.202104041,Theory & modeling
10.1021/acssuschemeng.1c04903,publisher_A,https://doi.org/10.1021/acssuschemeng.1c04903,Functional materials
10.1039/c8dt03836h,publisher_R,https://doi.org/10.1039/c8dt03836h,Functional materials
10.1021/ja302089w,publisher_A,https://doi.org/10.1021/ja302089w,Functional materials
10.1021/acsami.6b01195,publisher_A,https://doi.org/10.1021/acsami.6b01195,Chemical synthesis
10.1002/cctc.201402867,publisher_W,https://doi.org/10.1002/cctc.201402867,Functional materials
10.1002/aoc.7224,publisher_W,https://doi.org/10.1002/aoc.7224,Functional materials
10.1021/ic301976s,publisher_A,https://doi.org/10.1021/ic301976s,Crystal engineering
10.1021/ic900331m,publisher_A,https://doi.org/10.1021/ic900331m,Crystal engineering
10.1039/c2dt12032a,publisher_R,https://doi.org/10.1039/c2dt12032a,Crystal engineering
10.1021/cg100069g,publisher_A,https://doi.org/10.1021/cg100069g,Crystal engineering
10.1039/c9dt01859j,publisher_R,https://doi.org/10.1039/c9dt01859j,Crystal engineering
10.1039/c6ce00637j,publisher_R,https://doi.org/10.1039/c6ce00637j,Crystal engineering
10.1039/b920308g,publisher_R,https://doi.org/10.1039/b920308g,Crystal engineering
10.1039/c0ce00839g,publisher_R,https://doi.org/10.1039/c0ce00839g,Crystal engineering
10.1021/acsami.4c00988,publisher_A,https://doi.org/10.1021/acsami.4c00988,Functional materials
10.1039/c0ce00400f,publisher_R,https://doi.org/10.1039/c0ce00400f,Crystal engineering
10.1002/ejic.202100126,publisher_W,https://doi.org/10.1002/ejic.202100126,Functional materials
10.1002/slct.202402669,publisher_W,https://doi.org/10.1002/slct.202402669,Functional materials
10.1021/acs.inorgchem.4c00627,publisher_A,https://doi.org/10.1021/acs.inorgchem.4c00627,Functional materials
10.1002/cctc.201200792,publisher_W,https://doi.org/10.1002/cctc.201200792,Functional materials
10.1021/acs.inorgchem.2c00287,publisher_A,https://doi.org/10.1021/acs.inorgchem.2c00287,Functional materials
10.1039/c4dt00531g,publisher_R,https://doi.org/10.1039/c4dt00531g,Chemical synthesis
10.1039/d4ra03468f,publisher_R,https://doi.org/10.1039/d4ra03468f,Chemical synthesis
10.1039/d1ta00159k,publisher_R,https://doi.org/10.1039/d1ta00159k,Functional materials
10.1021/jacs.8b11300,publisher_A,https://doi.org/10.1021/jacs.8b11300,Crystal engineering
10.1021/acsanm.1c03751,publisher_A,https://doi.org/10.1021/acsanm.1c03751,Chemical synthesis
10.1021/acsomega.7b01693,publisher_A,https://doi.org/10.1021/acsomega.7b01693,Functional materials
10.1039/b805101a,publisher_R,https://doi.org/10.1039/b805101a,Functional materials
10.1007/s10853-020-05491-9,publisher_S,https://doi.org/10.1007/s10853-020-05491-9,Functional materials
10.1021/acsami.1c20432,publisher_A,https://doi.org/10.1021/acsami.1c20432,Functional materials
10.1039/d0tc04154h,publisher_R,https://doi.org/10.1039/d0tc04154h,Functional materials
10.1021/acsami.0c21508,publisher_A,https://doi.org/10.1021/acsami.0c21508,Functional materials
10.1039/d4ta05318d,publisher_R,https://doi.org/10.1039/d4ta05318d,Functional materials
10.1021/jacs.2c00011,publisher_A,https://doi.org/10.1021/jacs.2c00011,Functional materials
10.1002/smll.202301966,publisher_W,https://doi.org/10.1002/smll.202301966,Functional materials
10.1021/acsami.3c16634,publisher_A,https://doi.org/10.1021/acsami.3c16634,Crystal engineering
10.1039/c5ce01248a,publisher_R,https://doi.org/10.1039/c5ce01248a,Crystal engineering
10.1039/d0ce01620a,publisher_R,https://doi.org/10.1039/d0ce01620a,Crystal engineering
10.1002/ejic.201000291,publisher_W,https://doi.org/10.1002/ejic.201000291,Crystal engineering
10.1039/b800908b,publisher_R,https://doi.org/10.1039/b800908b,Crystal engineering
10.1021/cg501142v,publisher_A,https://doi.org/10.1021/cg501142v,Crystal engineering
10.1007/s10934-012-9574-1,publisher_S,https://doi.org/10.1007/s10934-012-9574-1,Chemical synthesis
10.1039/d1fd00033k,publisher_R,https://doi.org/10.1039/d1fd00033k,Crystal engineering
10.1039/c5dt03856a,publisher_R,https://doi.org/10.1039/c5dt03856a,Chemical synthesis
10.1002/adom.202200058,publisher_W,https://doi.org/10.1002/adom.202200058,Crystal engineering
10.1021/acs.chemmater.3c01840,publisher_A,https://doi.org/10.1021/acs.chemmater.3c01840,Functional materials
10.1039/c9ta06781g,publisher_R,https://doi.org/10.1039/c9ta06781g,Functional materials
10.1021/acs.cgd.9b00838,publisher_A,https://doi.org/10.1021/acs.cgd.9b00838,Crystal engineering
10.1039/b306872b,publisher_R,https://doi.org/10.1039/b306872b,Functional materials
10.1002/ejic.201001001,publisher_W,https://doi.org/10.1002/ejic.201001001,Crystal engineering
10.1002/chem.201203154,publisher_W,https://doi.org/10.1002/chem.201203154,Functional materials
10.1039/c4dt02045f,publisher_R,https://doi.org/10.1039/c4dt02045f,Functional materials
10.1039/c2ce26701b,publisher_R,https://doi.org/10.1039/c2ce26701b,Functional materials
10.1021/acsomega.4c10594,publisher_A,https://doi.org/10.1021/acsomega.4c10594,Crystal engineering
10.1021/acs.cgd.8b00664,publisher_A,https://doi.org/10.1021/acs.cgd.8b00664,Functional materials
10.1039/a905332h,publisher_R,https://doi.org/10.1039/a905332h,Functional materials
10.1039/c3ce40943k,publisher_R,https://doi.org/10.1039/c3ce40943k,Crystal engineering
10.1039/c3ce40847g,publisher_R,https://doi.org/10.1039/c3ce40847g,Functional materials
10.1039/c6ce02246d,publisher_R,https://doi.org/10.1039/c6ce02246d,Crystal engineering
10.1002/adom.202302309,publisher_W,https://doi.org/10.1002/adom.202302309,Chemical synthesis
10.1021/acsbiomaterials.9b01070,publisher_A,https://doi.org/10.1021/acsbiomaterials.9b01070,Functional materials
10.1039/b404483p,publisher_R,https://doi.org/10.1039/b404483p,Crystal engineering
10.1007/s00775-021-01887-3,publisher_S,https://doi.org/10.1007/s00775-021-01887-3,Functional materials
10.1021/cg501706t,publisher_A,https://doi.org/10.1021/cg501706t,Crystal engineering
10.1039/c8tc01703d,publisher_R,https://doi.org/10.1039/c8tc01703d,Functional materials
10.1007/s11696-017-0297-2,publisher_S,https://doi.org/10.1007/s11696-017-0297-2,Chemical synthesis
10.1021/acsomega.2c07415,publisher_A,https://doi.org/10.1021/acsomega.2c07415,Functional materials
10.1021/acs.cgd.8b01527,publisher_A,https://doi.org/10.1021/acs.cgd.8b01527,Functional materials
10.1039/c5ra23754h,publisher_R,https://doi.org/10.1039/c5ra23754h,Chemical synthesis
10.1039/d2dt00067a,publisher_R,https://doi.org/10.1039/d2dt00067a,Functional materials
10.1021/acs.cgd.4c01038,publisher_A,https://doi.org/10.1021/acs.cgd.4c01038,Crystal engineering
10.1021/acsanm.3c05533,publisher_A,https://doi.org/10.1021/acsanm.3c05533,Functional materials
10.1021/acs.inorgchem.5c00612,publisher_A,https://doi.org/10.1021/acs.inorgchem.5c00612,Functional materials
10.1021/acs.inorgchem.4c02730,publisher_A,https://doi.org/10.1021/acs.inorgchem.4c02730,Functional materials
10.1021/acs.cgd.6b01533,publisher_A,https://doi.org/10.1021/acs.cgd.6b01533,Crystal engineering
10.1039/d2sm00749e,publisher_R,https://doi.org/10.1039/d2sm00749e,Theory & modeling
10.1002/anie.201411854,publisher_W,https://doi.org/10.1002/anie.201411854,Functional materials
10.1021/jacs.8b13639,publisher_A,https://doi.org/10.1021/jacs.8b13639,Functional materials
10.1021/acsanm.1c03313,publisher_A,https://doi.org/10.1021/acsanm.1c03313,Chemical synthesis
10.1021/acs.inorgchem.1c00981,publisher_A,https://doi.org/10.1021/acs.inorgchem.1c00981,Functional materials
10.1002/aoc.6434,publisher_W,https://doi.org/10.1002/aoc.6434,Functional materials
10.1021/acs.inorgchem.7b01025,publisher_A,https://doi.org/10.1021/acs.inorgchem.7b01025,Functional materials
10.1007/s10853-020-04699-z,publisher_S,https://doi.org/10.1007/s10853-020-04699-z,Functional materials
10.1021/acs.jpcc.8b05882,publisher_A,https://doi.org/10.1021/acs.jpcc.8b05882,Functional materials
10.1002/smll.202501767,publisher_W,https://doi.org/10.1002/smll.202501767,Functional materials
10.1021/acs.inorgchem.2c00660,publisher_A,https://doi.org/10.1021/acs.inorgchem.2c00660,Crystal engineering
10.1021/jp7100094,publisher_A,https://doi.org/10.1021/jp7100094,Functional materials
10.1021/acs.inorgchem.9b01234,publisher_A,https://doi.org/10.1021/acs.inorgchem.9b01234,Functional materials
10.1039/c9nj02607j,publisher_R,https://doi.org/10.1039/c9nj02607j,Functional materials
10.1007/s10562-019-03072-3,publisher_S,https://doi.org/10.1007/s10562-019-03072-3,Chemical synthesis
10.1021/acsomega.3c06745,publisher_A,https://doi.org/10.1021/acsomega.3c06745,Functional materials
10.1039/d1ce00128k,publisher_R,https://doi.org/10.1039/d1ce00128k,Crystal engineering
10.1021/acsami.9b15646,publisher_A,https://doi.org/10.1021/acsami.9b15646,Functional materials
10.1039/c3tb20832j,publisher_R,https://doi.org/10.1039/c3tb20832j,Functional materials
10.1039/d2cc04985f,publisher_R,https://doi.org/10.1039/d2cc04985f,Theory & modeling
10.1021/jacs.3c13985,publisher_A,https://doi.org/10.1021/jacs.3c13985,Crystal engineering
10.1021/acsami.3c15549,publisher_A,https://doi.org/10.1021/acsami.3c15549,Functional materials
10.1039/c8sc05218b,publisher_R,https://doi.org/10.1039/c8sc05218b,Crystal engineering
10.1021/acs.inorgchem.9b00745,publisher_A,https://doi.org/10.1021/acs.inorgchem.9b00745,Crystal engineering
10.1039/d1tc01104a,publisher_R,https://doi.org/10.1039/d1tc01104a,Functional materials
10.1002/smll.202305771,publisher_W,https://doi.org/10.1002/smll.202305771,Crystal engineering
10.1021/acsnano.4c07276,publisher_A,https://doi.org/10.1021/acsnano.4c07276,Theory & modeling
10.1007/s11164-023-05220-2,publisher_S,https://doi.org/10.1007/s11164-023-05220-2,Chemical synthesis
10.1039/d1cc04465f,publisher_R,https://doi.org/10.1039/d1cc04465f,Chemical synthesis
10.1021/acsanm.0c01696,publisher_A,https://doi.org/10.1021/acsanm.0c01696,Functional materials
10.1021/acs.chemmater.2c00654,publisher_A,https://doi.org/10.1021/acs.chemmater.2c00654,Functional materials
10.1039/d2ta09963b,publisher_R,https://doi.org/10.1039/d2ta09963b,Functional materials
10.1039/d0cy01946a,publisher_R,https://doi.org/10.1039/d0cy01946a,Functional materials
10.1021/acs.chemmater.6b00602,publisher_A,https://doi.org/10.1021/acs.chemmater.6b00602,Chemical synthesis
10.1002/chem.202400603,publisher_W,https://doi.org/10.1002/chem.202400603,Chemical synthesis
10.1021/jacs.1c01408,publisher_A,https://doi.org/10.1021/jacs.1c01408,Functional materials
10.1039/d2ta00503d,publisher_R,https://doi.org/10.1039/d2ta00503d,Chemical synthesis
10.1039/d0qi00496k,publisher_R,https://doi.org/10.1039/d0qi00496k,Functional materials
10.1039/d3nj05008d,publisher_R,https://doi.org/10.1039/d3nj05008d,Functional materials
10.1021/acsami.0c15901,publisher_A,https://doi.org/10.1021/acsami.0c15901,Functional materials
10.1021/acsanm.4c00250,publisher_A,https://doi.org/10.1021/acsanm.4c00250,Functional materials
10.1021/acsanm.9b01403,publisher_A,https://doi.org/10.1021/acsanm.9b01403,Functional materials
10.1002/anie.201505461,publisher_W,https://doi.org/10.1002/anie.201505461,Chemical synthesis
10.1002/chem.201802189,publisher_W,https://doi.org/10.1002/chem.201802189,Chemical synthesis
10.1002/anie.202015635,publisher_W,https://doi.org/10.1002/anie.202015635,Crystal engineering
10.1002/anie.202204568,publisher_W,https://doi.org/10.1002/anie.202204568,Functional materials
10.1021/cg100082f,publisher_A,https://doi.org/10.1021/cg100082f,Crystal engineering
10.1002/cctc.201501020,publisher_W,https://doi.org/10.1002/cctc.201501020,Chemical synthesis
10.1039/c8ta04020f,publisher_R,https://doi.org/10.1039/c8ta04020f,Functional materials
10.1021/jacs.2c04608,publisher_A,https://doi.org/10.1021/jacs.2c04608,Functional materials
10.1021/jacs.6b01093,publisher_A,https://doi.org/10.1021/jacs.6b01093,Crystal engineering
10.1021/acs.inorgchem.8b03307,publisher_A,https://doi.org/10.1021/acs.inorgchem.8b03307,Functional materials
10.1039/c7ta03773b,publisher_R,https://doi.org/10.1039/c7ta03773b,Functional materials
10.1021/acs.cgd.0c00408,publisher_A,https://doi.org/10.1021/acs.cgd.0c00408,Crystal engineering
10.1039/c1dt11654a,publisher_R,https://doi.org/10.1039/c1dt11654a,Crystal engineering
10.1039/c2ce25081k,publisher_R,https://doi.org/10.1039/c2ce25081k,Crystal engineering
10.1039/d2ta07042a,publisher_R,https://doi.org/10.1039/d2ta07042a,Theory & modeling
10.1002/chem.200700181,publisher_W,https://doi.org/10.1002/chem.200700181,Crystal engineering
10.1039/c1cc13418c,publisher_R,https://doi.org/10.1039/c1cc13418c,Functional materials
10.1021/acs.inorgchem.0c02221,publisher_A,https://doi.org/10.1021/acs.inorgchem.0c02221,Chemical synthesis
10.1002/cctc.202401849,publisher_W,https://doi.org/10.1002/cctc.202401849,Crystal engineering
10.1039/b601009a,publisher_R,https://doi.org/10.1039/b601009a,Functional materials
10.1039/d1nj02140k,publisher_R,https://doi.org/10.1039/d1nj02140k,Functional materials
10.1002/anie.201605547,publisher_W,https://doi.org/10.1002/anie.201605547,Crystal engineering
10.1021/acs.inorgchem.5b01623,publisher_A,https://doi.org/10.1021/acs.inorgchem.5b01623,Functional materials
10.1039/d2ce00139j,publisher_R,https://doi.org/10.1039/d2ce00139j,Crystal engineering
10.1021/acs.cgd.2c00073,publisher_A,https://doi.org/10.1021/acs.cgd.2c00073,Crystal engineering
10.1039/c8c1t00902c,publisher_R,https://doi.org/10.1039/c8c1t00902c,Functional materials
10.1039/d3ce00878a,publisher_R,https://doi.org/10.1039/d3ce00878a,Functional materials
10.1039/c6ce00960c,publisher_R,https://doi.org/10.1039/c6ce00960c,Functional materials
10.1021/cg300770b,publisher_A,https://doi.org/10.1021/cg300770b,Chemical synthesis
10.1002/bkcs.12592,publisher_W,https://doi.org/10.1002/bkcs.12592,Chemical synthesis
10.1039/c1cc12479j,publisher_R,https://doi.org/10.1039/c1cc12479j,Chemical synthesis
10.1039/c3qi00042g,publisher_R,https://doi.org/10.1039/c3qi00042g,Chemical synthesis
10.1039/d0dt00933d,publisher_R,https://doi.org/10.1039/d0dt00933d,Crystal engineering
10.1002/cnma.201700256,publisher_W,https://doi.org/10.1002/cnma.201700256,Functional materials
10.1021/acs.inorgchem.8b01130,publisher_A,https://doi.org/10.1021/acs.inorgchem.8b01130,Chemical synthesis
10.1021/acssuschemeng.8b03468,publisher_A,https://doi.org/10.1021/acssuschemeng.8b03468,Functional materials
10.1021/ic4017189,publisher_A,https://doi.org/10.1021/ic4017189,Functional materials
10.1134/S1070328413030056,publisher_S,https://doi.org/10.1134/S1070328413030056,Crystal engineering
10.1002/adsc.201800875,publisher_W,https://doi.org/10.1002/adsc.201800875,Functional materials
10.1002/chem.201600562,publisher_W,https://doi.org/10.1002/chem.201600562,Functional materials
10.1021/acscatal.8b04962,publisher_A,https://doi.org/10.1021/acscatal.8b04962,Functional materials
10.1039/d5ra01942g,publisher_R,https://doi.org/10.1039/d5ra01942g,Functional materials
10.1039/d2nj05100a,publisher_R,https://doi.org/10.1039/d2nj05100a,Theory & modeling
10.1002/cptc.202300031,publisher_W,https://doi.org/10.1002/cptc.202300031,Functional materials
10.1021/acs.cgd.6b01097,publisher_A,https://doi.org/10.1021/acs.cgd.6b01097,Crystal engineering
10.1002/cplu.201402123,publisher_W,https://doi.org/10.1002/cplu.201402123,Chemical synthesis
10.1039/d0ta01677b,publisher_R,https://doi.org/10.1039/d0ta01677b,Functional materials
10.1039/c3ce41260a,publisher_R,https://doi.org/10.1039/c3ce41260a,Functional materials
10.1021/acs.inorgchem.4c02528,publisher_A,https://doi.org/10.1021/acs.inorgchem.4c02528,Functional materials
10.1021/acs.inorgchem.5b01611,publisher_A,https://doi.org/10.1021/acs.inorgchem.5b01611,Functional materials
10.1021/acs.inorgchem.5c01033,publisher_A,https://doi.org/10.1021/acs.inorgchem.5c01033,Functional materials
10.1007/s11172-007-0037-9,publisher_S,https://doi.org/10.1007/s11172-007-0037-9,Crystal engineering
10.1039/b801177j,publisher_R,https://doi.org/10.1039/b801177j,Functional materials
10.1021/acsami.8b15946,publisher_A,https://doi.org/10.1021/acsami.8b15946,Chemical synthesis
10.1039/d2ce00088a,publisher_R,https://doi.org/10.1039/d2ce00088a,Chemical synthesis
10.1039/c7dt00292k,publisher_R,https://doi.org/10.1039/c7dt00292k,Crystal engineering
10.1039/b719766g,publisher_R,https://doi.org/10.1039/b719766g,Crystal engineering
10.1002/slct.202102721,publisher_W,https://doi.org/10.1002/slct.202102721,Functional materials
10.1021/acs.jpcc.9b05574,publisher_A,https://doi.org/10.1021/acs.jpcc.9b05574,Functional materials
10.1021/cg400500t,publisher_A,https://doi.org/10.1021/cg400500t,Functional materials
10.1039/d2sc00526c,publisher_R,https://doi.org/10.1039/d2sc00526c,Crystal engineering
10.1039/d4cc03138e,publisher_R,https://doi.org/10.1039/d4cc03138e,Crystal engineering
10.1039/c9dt02269d,publisher_R,https://doi.org/10.1039/c9dt02269d,Functional materials
10.1002/cplu.201200270,publisher_W,https://doi.org/10.1002/cplu.201200270,Functional materials
10.1002/ejic.201900876,publisher_W,https://doi.org/10.1002/ejic.201900876,Chemical synthesis
10.1007/s11244-025-02120-0,publisher_S,https://doi.org/10.1007/s11244-025-02120-0,Functional materials
10.1039/d2nr06729c,publisher_R,https://doi.org/10.1039/d2nr06729c,Functional materials
10.1021/acs.inorgchem.2c01128,publisher_A,https://doi.org/10.1021/acs.inorgchem.2c01128,Functional materials
10.1039/d3ce00358b,publisher_R,https://doi.org/10.1039/d3ce00358b,Chemical synthesis
10.1002/advs.201802056,publisher_W,https://doi.org/10.1002/advs.201802056,Crystal engineering
10.1021/cg501386j,publisher_A,https://doi.org/10.1021/cg501386j,Crystal engineering
10.1039/d2tc02494b,publisher_R,https://doi.org/10.1039/d2tc02494b,Functional materials
10.1186/s13065-018-0446-x,publisher_S,https://doi.org/10.1186/s13065-018-0446-x,Functional materials
10.1002/anie.201603687,publisher_W,https://doi.org/10.1002/anie.201603687,Crystal engineering
10.1039/c8dt02986e,publisher_R,https://doi.org/10.1039/c8dt02986e,Functional materials
10.1007/s11144-023-02422-y,publisher_S,https://doi.org/10.1007/s11144-023-02422-y,Functional materials
10.1002/aoc.5782,publisher_W,https://doi.org/10.1002/aoc.5782,Functional materials
10.1039/c9cc04999a,publisher_R,https://doi.org/10.1039/c9cc04999a,Crystal engineering
10.1021/acs.inorgchem.4c04447,publisher_A,https://doi.org/10.1021/acs.inorgchem.4c04447,Functional materials
10.1039/d1ra04591a,publisher_R,https://doi.org/10.1039/d1ra04591a,Functional materials
10.1021/ja2118255,publisher_A,https://doi.org/10.1021/ja2118255,Functional materials
10.1007/s10876-022-02349-9,publisher_S,https://doi.org/10.1007/s10876-022-02349-9,Functional materials
10.1021/acsami.0c09912,publisher_A,https://doi.org/10.1021/acsami.0c09912,Functional materials
10.1021/acsami.0c16559,publisher_A,https://doi.org/10.1021/acsami.0c16559,Chemical synthesis
10.1021/acs.inorgchem.2c02842,publisher_A,https://doi.org/10.1021/acs.inorgchem.2c02842,Functional materials
10.1021/acs.cgd.0c00739,publisher_A,https://doi.org/10.1021/acs.cgd.0c00739,Functional materials
10.1039/c8ce01261j,publisher_R,https://doi.org/10.1039/c8ce01261j,Crystal engineering
10.1007/s10934-009-9268-5,publisher_S,https://doi.org/10.1007/s10934-009-9268-5,Functional materials
10.1039/c5ra13149a,publisher_R,https://doi.org/10.1039/c5ra13149a,Functional materials
10.1021/acsami.7b17662,publisher_A,https://doi.org/10.1021/acsami.7b17662,Functional materials
10.1002/anie.201810095,publisher_W,https://doi.org/10.1002/anie.201810095,Chemical synthesis
10.1021/acssuschemeng.6b02115,publisher_A,https://doi.org/10.1021/acssuschemeng.6b02115,Chemical synthesis
10.1021/acs.inorgchem.6b00661,publisher_A,https://doi.org/10.1021/acs.inorgchem.6b00661,Chemical synthesis
10.1039/c3dt32588a,publisher_R,https://doi.org/10.1039/c3dt32588a,Crystal engineering
10.1002/chem.201501486,publisher_W,https://doi.org/10.1002/chem.201501486,Chemical synthesis
10.1021/jacs.2c10717,publisher_A,https://doi.org/10.1021/jacs.2c10717,Crystal engineering
10.1002/chem.201805697,publisher_W,https://doi.org/10.1002/chem.201805697,Theory & modeling
10.1002/chem.200903239,publisher_W,https://doi.org/10.1002/chem.200903239,Crystal engineering
10.1039/c9ce00769e,publisher_R,https://doi.org/10.1039/c9ce00769e,Functional materials
10.1039/c2ra20641b,publisher_R,https://doi.org/10.1039/c2ra20641b,Functional materials
10.1039/c8ce00574e,publisher_R,https://doi.org/10.1039/c8ce00574e,Functional materials
10.1002/cctc.201600985,publisher_W,https://doi.org/10.1002/cctc.201600985,Functional materials
10.1002/aoc.3862,publisher_W,https://doi.org/10.1002/aoc.3862,Chemical synthesis
10.1039/c8dt01508b,publisher_R,https://doi.org/10.1039/c8dt01508b,Crystal engineering
10.1021/acs.chemmater.6b00139,publisher_A,https://doi.org/10.1021/acs.chemmater.6b00139,Chemical synthesis
10.1021/acs.inorgchem.3c02400,publisher_A,https://doi.org/10.1021/acs.inorgchem.3c02400,Chemical synthesis
10.1039/c6dt03930h,publisher_R,https://doi.org/10.1039/c6dt03930h,Functional materials
10.1002/anie.202421248,publisher_W,https://doi.org/10.1002/anie.202421248,Functional materials
10.1021/acs.cgd.9b01545,publisher_A,https://doi.org/10.1021/acs.cgd.9b01545,Functional materials
10.1021/acs.cgd.5b00755,publisher_A,https://doi.org/10.1021/acs.cgd.5b00755,Functional materials
10.1039/c8ce00949j,publisher_R,https://doi.org/10.1039/c8ce00949j,Crystal engineering
10.1002/chem.201402006,publisher_W,https://doi.org/10.1002/chem.201402006,Crystal engineering
10.1021/acs.organomet.9b00319,publisher_A,https://doi.org/10.1021/acs.organomet.9b00319,Chemical synthesis
10.1021/ja302991b,publisher_A,https://doi.org/10.1021/ja302991b,Functional materials
10.1021/acs.inorgchem.3c01862,publisher_A,https://doi.org/10.1021/acs.inorgchem.3c01862,Chemical synthesis
10.1021/acs.chemmater.8b00843,publisher_A,https://doi.org/10.1021/acs.chemmater.8b00843,Theory & modeling
10.1021/jacs.8b13397,publisher_A,https://doi.org/10.1021/jacs.8b13397,Functional materials
10.1016/j.chempr.2021.10.027,publisher_E,https://doi.org/10.1016/j.chempr.2021.10.027,Crystal engineering
10.1021/ic070036t,publisher_A,https://doi.org/10.1021/ic070036t,Crystal engineering
10.1039/c4dt03379e,publisher_R,https://doi.org/10.1039/c4dt03379e,Functional materials
10.1039/c5ce00713e,publisher_R,https://doi.org/10.1039/c5ce00713e,Crystal engineering
10.1021/acs.inorgchem.2c00650,publisher_A,https://doi.org/10.1021/acs.inorgchem.2c00650,Functional materials
10.1039/d2tc04460a,publisher_R,https://doi.org/10.1039/d2tc04460a,Functional materials
10.1039/c0dt00894j,publisher_R,https://doi.org/10.1039/c0dt00894j,Crystal engineering
10.1039/c0dt00374c,publisher_R,https://doi.org/10.1039/c0dt00374c,Crystal engineering
10.1021/cg2013733,publisher_A,https://doi.org/10.1021/cg2013733,Crystal engineering
10.1039/c7dt02697h,publisher_R,https://doi.org/10.1039/c7dt02697h,Functional materials
10.1021/ic070291d,publisher_A,https://doi.org/10.1021/ic070291d,Crystal engineering
10.1021/ic402280p,publisher_A,https://doi.org/10.1021/ic402280p,Crystal engineering
10.1021/acs.cgd.6b00258,publisher_A,https://doi.org/10.1021/acs.cgd.6b00258,Crystal engineering
10.1002/chem.201705023,publisher_W,https://doi.org/10.1002/chem.201705023,Functional materials
10.1039/c1ce05889d,publisher_R,https://doi.org/10.1039/c1ce05889d,Crystal engineering
10.1039/c9sc03348c,publisher_R,https://doi.org/10.1039/c9sc03348c,Functional materials
10.1021/ic049030j,publisher_A,https://doi.org/10.1021/ic049030j,Chemical synthesis
10.1021/cg070407g,publisher_A,https://doi.org/10.1021/cg070407g,Crystal engineering
10.1002/ejic.201500741,publisher_W,https://doi.org/10.1002/ejic.201500741,Crystal engineering
10.1039/c2dt31090b,publisher_R,https://doi.org/10.1039/c2dt31090b,Crystal engineering
10.1021/ic2023727,publisher_A,https://doi.org/10.1021/ic2023727,Crystal engineering
10.1021/ic902548f,publisher_A,https://doi.org/10.1021/ic902548f,Crystal engineering
10.1002/aoc.4065,publisher_W,https://doi.org/10.1002/aoc.4065,Functional materials
10.1021/acscatal.3c00284,publisher_A,https://doi.org/10.1021/acscatal.3c00284,Functional materials
10.1039/c4ta07197b,publisher_R,https://doi.org/10.1039/c4ta07197b,Functional materials
10.1039/d1nr02108g,publisher_R,https://doi.org/10.1039/d1nr02108g,Functional materials
10.1021/ja073568h,publisher_A,https://doi.org/10.1021/ja073568h,Functional materials
10.1039/d4tb00329b,publisher_R,https://doi.org/10.1039/d4tb00329b,Functional materials
10.1002/asia.202401519,publisher_W,https://doi.org/10.1002/asia.202401519,Functional materials
10.1039/d0qi00068j,publisher_R,https://doi.org/10.1039/d0qi00068j,Chemical synthesis
10.1039/d4ce00621f,publisher_R,https://doi.org/10.1039/d4ce00621f,Functional materials
10.1021/acs.cgd.7b01749,publisher_A,https://doi.org/10.1021/acs.cgd.7b01749,Functional materials
10.1021/acsomega.0c04249,publisher_A,https://doi.org/10.1021/acsomega.0c04249,Functional materials
10.1021/acs.inorgchem.0c02674,publisher_A,https://doi.org/10.1021/acs.inorgchem.0c02674,Functional materials
10.1039/d0dt02041a,publisher_R,https://doi.org/10.1039/d0dt02041a,Functional materials
10.1021/acsami.8b11367,publisher_A,https://doi.org/10.1021/acsami.8b11367,Functional materials
10.1021/acssuschemeng.8b06500,publisher_A,https://doi.org/10.1021/acssuschemeng.8b06500,Functional materials
10.1021/acs.inorgchem.3c02765,publisher_A,https://doi.org/10.1021/acs.inorgchem.3c02765,Functional materials
10.1021/acs.inorgchem.3c02507,publisher_A,https://doi.org/10.1021/acs.inorgchem.3c02507,Functional materials
10.1039/d4tb01944j,publisher_R,https://doi.org/10.1039/d4tb01944j,Functional materials
10.1039/d2qi00093h,publisher_R,https://doi.org/10.1039/d2qi00093h,Functional materials
10.1021/ic502921j,publisher_A,https://doi.org/10.1021/ic502921j,Functional materials
10.1021/acs.inorgchem.3c03128,publisher_A,https://doi.org/10.1021/acs.inorgchem.3c03128,Functional materials
10.1021/acsami.2c17829,publisher_A,https://doi.org/10.1021/acsami.2c17829,Functional materials
10.1039/d2tc03020a,publisher_R,https://doi.org/10.1039/d2tc03020a,Functional materials
10.1021/jacs.3c01219,publisher_A,https://doi.org/10.1021/jacs.3c01219,Functional materials
10.1039/d5sc02585k,publisher_R,https://doi.org/10.1039/d5sc02585k,Functional materials
10.1002/chem.202001052,publisher_W,https://doi.org/10.1002/chem.202001052,Crystal engineering
10.1021/acscentsci.5b00247,publisher_A,https://doi.org/10.1021/acscentsci.5b00247,Functional materials
10.1039/c5ce01952d,publisher_R,https://doi.org/10.1039/c5ce01952d,Crystal engineering
10.1039/d0dt02411b,publisher_R,https://doi.org/10.1039/d0dt02411b,Chemical synthesis
10.1039/c2ce26533h,publisher_R,https://doi.org/10.1039/c2ce26533h,Crystal engineering
10.1039/c4cc03588g,publisher_R,https://doi.org/10.1039/c4cc03588g,Chemical synthesis
10.1039/c7nr07949d,publisher_R,https://doi.org/10.1039/c7nr07949d,Theory & modeling
10.1002/chem.202402509,publisher_W,https://doi.org/10.1002/chem.202402509,Chemical synthesis
10.1021/cg901332m,publisher_A,https://doi.org/10.1021/cg901332m,Crystal engineering
10.1039/c4ce01929f,publisher_R,https://doi.org/10.1039/c4ce01929f,Crystal engineering
10.1021/acs.jpcc.7b00483,publisher_A,https://doi.org/10.1021/acs.jpcc.7b00483,Theory & modeling
10.1021/acs.cgd.9b00233,publisher_A,https://doi.org/10.1021/acs.cgd.9b00233,Crystal engineering
10.1007/s10562-019-03090-1,publisher_S,https://doi.org/10.1007/s10562-019-03090-1,Functional materials
10.1007/s11172-024-4402-8,publisher_S,https://doi.org/10.1007/s11172-024-4402-8,Crystal engineering
10.1021/acs.jpcc.3c02877,publisher_A,https://doi.org/10.1021/acs.jpcc.3c02877,Functional materials
10.1021/acs.inorgchem.3c00821,publisher_A,https://doi.org/10.1021/acs.inorgchem.3c00821,Functional materials
10.1002/chem.201302541,publisher_W,https://doi.org/10.1002/chem.201302541,Functional materials
10.1002/ejic.201901347,publisher_W,https://doi.org/10.1002/ejic.201901347,Crystal engineering
10.1039/c1jm10947b,publisher_R,https://doi.org/10.1039/c1jm10947b,Crystal engineering
10.1021/jacs.0c09015,publisher_A,https://doi.org/10.1021/jacs.0c09015,Functional materials
10.1039/c8ra07774f,publisher_R,https://doi.org/10.1039/c8ra07774f,Functional materials
10.1039/d2sc06869a,publisher_R,https://doi.org/10.1039/d2sc06869a,Crystal engineering
10.1039/b914623g,publisher_R,https://doi.org/10.1039/b914623g,Functional materials
10.1039/c2ce26171e,publisher_R,https://doi.org/10.1039/c2ce26171e,Crystal engineering
10.1021/ic401657d,publisher_A,https://doi.org/10.1021/ic401657d,Crystal engineering
10.1002/zaac.201400073,publisher_W,https://doi.org/10.1002/zaac.201400073,Crystal engineering
10.1007/s10973-021-10899-9,publisher_S,https://doi.org/10.1007/s10973-021-10899-9,Chemical synthesis
10.1021/acs.cgd.2c01053,publisher_A,https://doi.org/10.1021/acs.cgd.2c01053,Functional materials
10.1021/cg4014619,publisher_A,https://doi.org/10.1021/cg4014619,Functional materials
10.1021/acs.jpcc.2c02315,publisher_A,https://doi.org/10.1021/acs.jpcc.2c02315,Theory & modeling
10.1039/c5cc03934g,publisher_R,https://doi.org/10.1039/c5cc03934g,Functional materials
10.1002/admi.201902098,publisher_W,https://doi.org/10.1002/admi.201902098,Crystal engineering
10.1002/zaac.201000256,publisher_W,https://doi.org/10.1002/zaac.201000256,Crystal engineering
10.1039/c5ra03986j,publisher_R,https://doi.org/10.1039/c5ra03986j,Functional materials
10.1002/ejic.200901064,publisher_W,https://doi.org/10.1002/ejic.200901064,Chemical synthesis
10.1021/acsami.8b20450,publisher_A,https://doi.org/10.1021/acsami.8b20450,Functional materials
10.1021/acsami.9b08592,publisher_A,https://doi.org/10.1021/acsami.9b08592,Functional materials
10.1021/acssuschemeng.8b04637,publisher_A,https://doi.org/10.1021/acssuschemeng.8b04637,Functional materials
10.1039/c2nr30244f,publisher_R,https://doi.org/10.1039/c2nr30244f,Functional materials
10.1021/acs.cgd.7b01250,publisher_A,https://doi.org/10.1021/acs.cgd.7b01250,Functional materials
10.1021/acs.chemmater.9b03453,publisher_A,https://doi.org/10.1021/acs.chemmater.9b03453,Functional materials
10.1021/ic3026304,publisher_A,https://doi.org/10.1021/ic3026304,Chemical synthesis
10.1039/c3ce42216j,publisher_R,https://doi.org/10.1039/c3ce42216j,Crystal engineering
10.1039/d0ce01383h,publisher_R,https://doi.org/10.1039/d0ce01383h,Crystal engineering
10.1002/aoc.3995,publisher_W,https://doi.org/10.1002/aoc.3995,Functional materials
10.1039/d2dt01117d,publisher_R,https://doi.org/10.1039/d2dt01117d,Functional materials
10.1039/c5ra03710g,publisher_R,https://doi.org/10.1039/c5ra03710g,Functional materials
10.1039/d0gc03292a,publisher_R,https://doi.org/10.1039/d0gc03292a,Functional materials
10.1021/acsami.7b14135,publisher_A,https://doi.org/10.1021/acsami.7b14135,Functional materials
10.1021/acsami.3c15612,publisher_A,https://doi.org/10.1021/acsami.3c15612,Functional materials
10.1002/jccs.202000303,publisher_W,https://doi.org/10.1002/jccs.202000303,Functional materials
10.1021/acsami.4c21500,publisher_A,https://doi.org/10.1021/acsami.4c21500,Functional materials
10.1021/acs.inorgchem.2c01594,publisher_A,https://doi.org/10.1021/acs.inorgchem.2c01594,Functional materials
10.1039/d2ce00590e,publisher_R,https://doi.org/10.1039/d2ce00590e,Crystal engineering
10.1021/acs.inorgchem.8b00465,publisher_A,https://doi.org/10.1021/acs.inorgchem.8b00465,Functional materials
10.1021/acsami.9b02325,publisher_A,https://doi.org/10.1021/acsami.9b02325,Functional materials
10.1007/s10853-017-1658-5,publisher_S,https://doi.org/10.1007/s10853-017-1658-5,Chemical synthesis
10.1002/slct.201902713,publisher_W,https://doi.org/10.1002/slct.201902713,Functional materials
10.1039/d0en01061h,publisher_R,https://doi.org/10.1039/d0en01061h,Chemical synthesis
10.1039/b926324a,publisher_R,https://doi.org/10.1039/b926324a,Crystal engineering
10.1039/c6nj00822d,publisher_R,https://doi.org/10.1039/c6nj00822d,Crystal engineering
10.1021/cg100032n,publisher_A,https://doi.org/10.1021/cg100032n,Crystal engineering
10.1039/c3dt51114f,publisher_R,https://doi.org/10.1039/c3dt51114f,Crystal engineering
10.1039/c6ra13014c,publisher_R,https://doi.org/10.1039/c6ra13014c,Chemical synthesis
10.1002/cnma.201900110,publisher_W,https://doi.org/10.1002/cnma.201900110,Functional materials
10.1002/adom.202200213,publisher_W,https://doi.org/10.1002/adom.202200213,Functional materials
10.1002/anie.202303819,publisher_W,https://doi.org/10.1002/anie.202303819,Functional materials
10.1021/acsami.8b20951,publisher_A,https://doi.org/10.1021/acsami.8b20951,Functional materials
10.1039/c7ra04771a,publisher_R,https://doi.org/10.1039/c7ra04771a,Crystal engineering
10.1021/acsami.3c04955,publisher_A,https://doi.org/10.1021/acsami.3c04955,Functional materials
10.1021/jacs.5b10385,publisher_A,https://doi.org/10.1021/jacs.5b10385,Functional materials
10.1021/acs.cgd.8b01657,publisher_A,https://doi.org/10.1021/acs.cgd.8b01657,Crystal engineering
10.1021/acs.chemmater.8b01164,publisher_A,https://doi.org/10.1021/acs.chemmater.8b01164,Functional materials
10.1021/acsami.4c22681,publisher_A,https://doi.org/10.1021/acsami.4c22681,Crystal engineering
10.1021/acs.inorgchem.8b01241,publisher_A,https://doi.org/10.1021/acs.inorgchem.8b01241,Crystal engineering
10.1021/acs.jpcc.7b06773,publisher_A,https://doi.org/10.1021/acs.jpcc.7b06773,Theory & modeling
10.1039/d4nj01657b,publisher_R,https://doi.org/10.1039/d4nj01657b,Functional materials
10.1021/acs.jpcc.8b02484,publisher_A,https://doi.org/10.1021/acs.jpcc.8b02484,Chemical synthesis
10.1021/acs.cgd.3c01222,publisher_A,https://doi.org/10.1021/acs.cgd.3c01222,Crystal engineering
10.1002/aoc.6912,publisher_W,https://doi.org/10.1002/aoc.6912,Chemical synthesis
10.1039/d2nj02981b,publisher_R,https://doi.org/10.1039/d2nj02981b,Chemical synthesis
10.1002/anie.202005529,publisher_W,https://doi.org/10.1002/anie.202005529,Functional materials
10.1021/acs.jpcc.7b09190,publisher_A,https://doi.org/10.1021/acs.jpcc.7b09190,Functional materials
10.1021/cg8001898,publisher_A,https://doi.org/10.1021/cg8001898,Crystal engineering
10.1039/c3dt51241j,publisher_R,https://doi.org/10.1039/c3dt51241j,Crystal engineering
10.1021/cg300218z,publisher_A,https://doi.org/10.1021/cg300218z,Crystal engineering
10.1021/jacs.5c02064,publisher_A,https://doi.org/10.1021/jacs.5c02064,Chemical synthesis
10.1039/d1qm00024a,publisher_R,https://doi.org/10.1039/d1qm00024a,Functional materials
10.1007/s00604-024-06243-1,publisher_S,https://doi.org/10.1007/s00604-024-06243-1,Functional materials
10.1039/c5cc09308b,publisher_R,https://doi.org/10.1039/c5cc09308b,Crystal engineering
10.1039/b712118k,publisher_R,https://doi.org/10.1039/b712118k,Crystal engineering
10.1021/jacs.7b09983,publisher_A,https://doi.org/10.1021/jacs.7b09983,Crystal engineering
10.1039/d3nj03663d,publisher_R,https://doi.org/10.1039/d3nj03663d,Functional materials
10.1039/c8nj05246h,publisher_R,https://doi.org/10.1039/c8nj05246h,Functional materials
10.1021/acsanm.9b02464,publisher_A,https://doi.org/10.1021/acsanm.9b02464,Functional materials
10.1002/adma.201901570,publisher_W,https://doi.org/10.1002/adma.201901570,Functional materials
10.1021/acs.inorgchem.1c04033,publisher_A,https://doi.org/10.1021/acs.inorgchem.1c04033,Functional materials
10.1021/acs.cgd.5b00018,publisher_A,https://doi.org/10.1021/acs.cgd.5b00018,Functional materials
10.1039/d0nr02206c,publisher_R,https://doi.org/10.1039/d0nr02206c,Functional materials
10.1007/s43207-025-00521-1,publisher_S,https://doi.org/10.1007/s43207-025-00521-1,Chemical synthesis
10.1007/s10562-020-03291-z,publisher_S,https://doi.org/10.1007/s10562-020-03291-z,Functional materials
10.1039/c8qi00648b,publisher_R,https://doi.org/10.1039/c8qi00648b,Functional materials
10.1021/acs.inorgchem.2c02661,publisher_A,https://doi.org/10.1021/acs.inorgchem.2c02661,Crystal engineering
10.1002/anie.202505405,publisher_W,https://doi.org/10.1002/anie.202505405,Functional materials
10.1002/smll.202200407,publisher_W,https://doi.org/10.1002/smll.202200407,Functional materials
10.1039/c2gc35284b,publisher_R,https://doi.org/10.1039/c2gc35284b,Functional materials
10.1039/c1dt11700a,publisher_R,https://doi.org/10.1039/c1dt11700a,Chemical synthesis
10.1039/c8ta10682g,publisher_R,https://doi.org/10.1039/c8ta10682g,Functional materials
10.1021/jacs.3c14739,publisher_A,https://doi.org/10.1021/jacs.3c14739,Crystal engineering
10.1021/acsaem.4c03267,publisher_A,https://doi.org/10.1021/acsaem.4c03267,Functional materials
10.1039/c1jm10787a,publisher_R,https://doi.org/10.1039/c1jm10787a,Functional materials
10.1039/d4ra04637d,publisher_R,https://doi.org/10.1039/d4ra04637d,Functional materials
10.1021/ja405350u,publisher_A,https://doi.org/10.1021/ja405350u,Theory & modeling
10.1039/d2en00809b,publisher_R,https://doi.org/10.1039/d2en00809b,Functional materials
10.1039/c7ra01647f,publisher_R,https://doi.org/10.1039/c7ra01647f,Functional materials
10.1021/jacs.3c05488,publisher_A,https://doi.org/10.1021/jacs.3c05488,Functional materials
10.1021/acs.chemmater.4c02040,publisher_A,https://doi.org/10.1021/acs.chemmater.4c02040,Functional materials
10.1021/acs.chemmater.3c03026,publisher_A,https://doi.org/10.1021/acs.chemmater.3c03026,Functional materials
10.1002/asia.201500509,publisher_W,https://doi.org/10.1002/asia.201500509,Functional materials
10.1021/acs.inorgchem.4c04464,publisher_A,https://doi.org/10.1021/acs.inorgchem.4c04464,Functional materials
10.1021/acsami.3c10408,publisher_A,https://doi.org/10.1021/acsami.3c10408,Functional materials
10.1039/c6dt01355d,publisher_R,https://doi.org/10.1039/c6dt01355d,Functional materials
10.1002/aoc.7409,publisher_W,https://doi.org/10.1002/aoc.7409,Functional materials
10.1039/d4nj04487h,publisher_R,https://doi.org/10.1039/d4nj04487h,Functional materials
10.1021/acs.cgd.4c01575,publisher_A,https://doi.org/10.1021/acs.cgd.4c01575,Functional materials
10.1021/acssuschemeng.3c05161,publisher_A,https://doi.org/10.1021/acssuschemeng.3c05161,Functional materials
10.1021/acs.cgd.0c00846,publisher_A,https://doi.org/10.1021/acs.cgd.0c00846,Functional materials
10.1039/d2ra02680e,publisher_R,https://doi.org/10.1039/d2ra02680e,Functional materials
10.1039/d1nj05561e,publisher_R,https://doi.org/10.1039/d1nj05561e,Functional materials
10.1021/acs.inorgchem.5b02108,publisher_A,https://doi.org/10.1021/acs.inorgchem.5b02108,Functional materials
10.1021/acs.analchem.4c01425,publisher_A,https://doi.org/10.1021/acs.analchem.4c01425,Chemical synthesis
10.1021/jacs.2c10672,publisher_A,https://doi.org/10.1021/jacs.2c10672,Functional materials
10.1021/acsomega.2c01914,publisher_A,https://doi.org/10.1021/acsomega.2c01914,Functional materials
10.1021/jacs.8b07411,publisher_A,https://doi.org/10.1021/jacs.8b07411,Crystal engineering
10.1021/acsami.0c15267,publisher_A,https://doi.org/10.1021/acsami.0c15267,Functional materials
10.1002/chem.202103102,publisher_W,https://doi.org/10.1002/chem.202103102,Functional materials
10.1039/d4nj05056h,publisher_R,https://doi.org/10.1039/d4nj05056h,Functional materials
10.1039/c9ta06913e,publisher_R,https://doi.org/10.1039/c9ta06913e,Chemical synthesis
10.1039/c7sc04192f,publisher_R,https://doi.org/10.1039/c7sc04192f,Crystal engineering
10.1039/d2ce01496c,publisher_R,https://doi.org/10.1039/d2ce01496c,Chemical synthesis
10.1021/acs.jchemed.8b00357,publisher_A,https://doi.org/10.1021/acs.jchemed.8b00357,Crystal engineering
10.1039/c8ta02845a,publisher_R,https://doi.org/10.1039/c8ta02845a,Functional materials
10.1021/acs.inorgchem.8b03612,publisher_A,https://doi.org/10.1021/acs.inorgchem.8b03612,Chemical synthesis
10.1039/c5cc07577g,publisher_R,https://doi.org/10.1039/c5cc07577g,Chemical synthesis
10.1021/acsami.0c04101,publisher_A,https://doi.org/10.1021/acsami.0c04101,Functional materials
10.1002/anie.202423741,publisher_W,https://doi.org/10.1002/anie.202423741,Functional materials
10.1039/c1dt10241a,publisher_R,https://doi.org/10.1039/c1dt10241a,Crystal engineering
10.1007/s10562-016-1913-4,publisher_S,https://doi.org/10.1007/s10562-016-1913-4,Functional materials
10.1039/c8tc01062e,publisher_R,https://doi.org/10.1039/c8tc01062e,Functional materials
10.1021/ic501253c,publisher_A,https://doi.org/10.1021/ic501253c,Crystal engineering
10.1039/d4tc03221g,publisher_R,https://doi.org/10.1039/d4tc03221g,Functional materials
10.1007/s10934-022-01351-w,publisher_S,https://doi.org/10.1007/s10934-022-01351-w,Functional materials
10.1039/c8dt04698k,publisher_R,https://doi.org/10.1039/c8dt04698k,Crystal engineering
10.1002/chem.201403115,publisher_W,https://doi.org/10.1002/chem.201403115,Functional materials
10.1021/ic0604462,publisher_A,https://doi.org/10.1021/ic0604462,Crystal engineering
10.1021/jacs.8b10343,publisher_A,https://doi.org/10.1021/jacs.8b10343,Chemical synthesis
10.1002/slct.202103536,publisher_W,https://doi.org/10.1002/slct.202103536,Functional materials
10.1039/c3ee42918k,publisher_R,https://doi.org/10.1039/c3ee42918k,Functional materials
10.1039/c5dt00420a,publisher_R,https://doi.org/10.1039/c5dt00420a,Chemical synthesis
10.1039/c2sc20407j,publisher_R,https://doi.org/10.1039/c2sc20407j,Chemical synthesis
10.1039/d0dt00211a,publisher_R,https://doi.org/10.1039/d0dt00211a,Functional materials
10.1002/anie.201600896,publisher_W,https://doi.org/10.1002/anie.201600896,Crystal engineering
10.1021/acs.inorgchem.4c00507,publisher_A,https://doi.org/10.1021/acs.inorgchem.4c00507,Functional materials
10.1039/d4sc03524k,publisher_R,https://doi.org/10.1039/d4sc03524k,Crystal engineering
10.1021/ic701917w,publisher_A,https://doi.org/10.1021/ic701917w,Functional materials
10.1039/c4ra16168h,publisher_R,https://doi.org/10.1039/c4ra16168h,Functional materials
10.1039/d3ta04490d,publisher_R,https://doi.org/10.1039/d3ta04490d,Crystal engineering
10.1039/d1dt00940k,publisher_R,https://doi.org/10.1039/d1dt00940k,Functional materials
10.1002/anie.201905456,publisher_W,https://doi.org/10.1002/anie.201905456,Crystal engineering
10.1002/asia.202100588,publisher_W,https://doi.org/10.1002/asia.202100588,Functional materials
10.1002/chem.201905596,publisher_W,https://doi.org/10.1002/chem.201905596,Chemical synthesis
10.1039/d0dt04341a,publisher_R,https://doi.org/10.1039/d0dt04341a,Crystal engineering
10.1039/c4qi00043a,publisher_R,https://doi.org/10.1039/c4qi00043a,Crystal engineering
10.1021/jacs.2c12095,publisher_A,https://doi.org/10.1021/jacs.2c12095,Theory & modeling
10.1021/acs.cgd.8b00002,publisher_A,https://doi.org/10.1021/acs.cgd.8b00002,Crystal engineering
10.1039/d0sc04892e,publisher_R,https://doi.org/10.1039/d0sc04892e,Crystal engineering
10.1039/c6ce00198j,publisher_R,https://doi.org/10.1039/c6ce00198j,Functional materials
10.1021/cg500149s,publisher_A,https://doi.org/10.1021/cg500149s,Crystal engineering
10.1039/d0nj02265a,publisher_R,https://doi.org/10.1039/d0nj02265a,Theory & modeling
10.1039/c6ce02115h,publisher_R,https://doi.org/10.1039/c6ce02115h,Crystal engineering
10.1039/d1mh01663f,publisher_R,https://doi.org/10.1039/d1mh01663f,Crystal engineering
10.1039/c5ce02254a,publisher_R,https://doi.org/10.1039/c5ce02254a,Crystal engineering
10.1039/d4cp01979b,publisher_R,https://doi.org/10.1039/d4cp01979b,Chemical synthesis
10.1021/acs.inorgchem.4c01589,publisher_A,https://doi.org/10.1021/acs.inorgchem.4c01589,Functional materials
10.1021/acsmaterialslett.4c01720,publisher_A,https://doi.org/10.1021/acsmaterialslett.4c01720,Crystal engineering
10.1021/ic062019u,publisher_A,https://doi.org/10.1021/ic062019u,Crystal engineering
10.1021/acs.inorgchem.2c02023,publisher_A,https://doi.org/10.1021/acs.inorgchem.2c02023,Functional materials
10.1039/c8qi00782a,publisher_R,https://doi.org/10.1039/c8qi00782a,Crystal engineering
10.1039/d1nj04435d,publisher_R,https://doi.org/10.1039/d1nj04435d,Functional materials
10.1007/s10895-024-03677-x,publisher_S,https://doi.org/10.1007/s10895-024-03677-x,Functional materials
10.1021/acs.cgd.3c01187,publisher_A,https://doi.org/10.1021/acs.cgd.3c01187,Functional materials
10.1021/acs.jpcc.2c05594,publisher_A,https://doi.org/10.1021/acs.jpcc.2c05594,Functional materials
10.1021/acs.chemmater.3c02460,publisher_A,https://doi.org/10.1021/acs.chemmater.3c02460,Crystal engineering
10.1021/acs.chemmater.4c00963,publisher_A,https://doi.org/10.1021/acs.chemmater.4c00963,Functional materials
10.1021/jacs.1c06990,publisher_A,https://doi.org/10.1021/jacs.1c06990,Chemical synthesis
10.1021/acs.cgd.4c01476,publisher_A,https://doi.org/10.1021/acs.cgd.4c01476,Crystal engineering
10.1039/c8ce00947c,publisher_R,https://doi.org/10.1039/c8ce00947c,Functional materials
10.1021/acs.cgd.5b00426,publisher_A,https://doi.org/10.1021/acs.cgd.5b00426,Theory & modeling
10.1039/d4qi00968a,publisher_R,https://doi.org/10.1039/d4qi00968a,Functional materials
10.1039/d4ce00168k,publisher_R,https://doi.org/10.1039/d4ce00168k,Chemical synthesis
10.1021/jacs.4c05318,publisher_A,https://doi.org/10.1021/jacs.4c05318,Chemical synthesis
10.1021/ja1097995,publisher_A,https://doi.org/10.1021/ja1097995,Crystal engineering
10.1021/acssuschemeng.0c05587,publisher_A,https://doi.org/10.1021/acssuschemeng.0c05587,Chemical synthesis
10.1021/jacs.3c02128,publisher_A,https://doi.org/10.1021/jacs.3c02128,Chemical synthesis
10.1021/acsami.2c04644,publisher_A,https://doi.org/10.1021/acsami.2c04644,Chemical synthesis
10.1039/c6ra11917d,publisher_R,https://doi.org/10.1039/c6ra11917d,Functional materials
10.1039/c7ra12969f,publisher_R,https://doi.org/10.1039/c7ra12969f,Functional materials
10.1039/d4dt01554a,publisher_R,https://doi.org/10.1039/d4dt01554a,Functional materials
10.1007/s11244-022-01732-0,publisher_S,https://doi.org/10.1007/s11244-022-01732-0,Functional materials
10.1039/c4an01773k,publisher_R,https://doi.org/10.1039/c4an01773k,Functional materials
10.1021/acs.langmuir.2c02070,publisher_A,https://doi.org/10.1021/acs.langmuir.2c02070,Functional materials
10.1021/acsami.2c20240,publisher_A,https://doi.org/10.1021/acsami.2c20240,Functional materials
10.1039/c9qi01163c,publisher_R,https://doi.org/10.1039/c9qi01163c,Chemical synthesis
10.1021/acsami.8b12380,publisher_A,https://doi.org/10.1021/acsami.8b12380,Functional materials
10.1021/ac200646w,publisher_A,https://doi.org/10.1021/ac200646w,Crystal engineering
10.1039/c9an02481f,publisher_R,https://doi.org/10.1039/c9an02481f,Functional materials
10.1039/c5ce00862j,publisher_R,https://doi.org/10.1039/c5ce00862j,Functional materials
10.1039/d4ra00914b,publisher_R,https://doi.org/10.1039/d4ra00914b,Functional materials
10.1007/s10562-022-03995-4,publisher_S,https://doi.org/10.1007/s10562-022-03995-4,Chemical synthesis
10.1021/acs.inorgchem.2c01619,publisher_A,https://doi.org/10.1021/acs.inorgchem.2c01619,Functional materials
10.1021/acsami.1c22781,publisher_A,https://doi.org/10.1021/acsami.1c22781,Crystal engineering
10.1002/adfm.201806720,publisher_W,https://doi.org/10.1002/adfm.201806720,Crystal engineering
10.1007/s13738-018-1517-6,publisher_S,https://doi.org/10.1007/s13738-018-1517-6,Functional materials
10.1021/jacs.9b05580,publisher_A,https://doi.org/10.1021/jacs.9b05580,Crystal engineering
10.1039/c6ce02493a,publisher_R,https://doi.org/10.1039/c6ce02493a,Crystal engineering
10.1007/s10934-020-00945-6,publisher_S,https://doi.org/10.1007/s10934-020-00945-6,Functional materials
10.1039/c3ra40741a,publisher_R,https://doi.org/10.1039/c3ra40741a,Functional materials
10.1039/d0dt04382f,publisher_R,https://doi.org/10.1039/d0dt04382f,Functional materials
10.1039/d1ce01593a,publisher_R,https://doi.org/10.1039/d1ce01593a,Functional materials
10.1039/c8ra06576d,publisher_R,https://doi.org/10.1039/c8ra06576d,Chemical synthesis
10.1021/acssuschemeng.4c00853,publisher_A,https://doi.org/10.1021/acssuschemeng.4c00853,Functional materials
10.1021/jacs.5b08752,publisher_A,https://doi.org/10.1021/jacs.5b08752,Chemical synthesis
10.1002/adfm.202105577,publisher_W,https://doi.org/10.1002/adfm.202105577,Functional materials
10.1021/acs.cgd.5b01559,publisher_A,https://doi.org/10.1021/acs.cgd.5b01559,Functional materials
10.1021/acsami.8b19815,publisher_A,https://doi.org/10.1021/acsami.8b19815,Functional materials
10.1021/acsami.0c17165,publisher_A,https://doi.org/10.1021/acsami.0c17165,Functional materials
10.1021/acs.cgd.9b00237,publisher_A,https://doi.org/10.1021/acs.cgd.9b00237,Chemical synthesis
10.1021/acssuschemeng.0c02749,publisher_A,https://doi.org/10.1021/acssuschemeng.0c02749,Chemical synthesis
10.1007/s10934-015-0090-y,publisher_S,https://doi.org/10.1007/s10934-015-0090-y,Functional materials
10.1039/c4ra05515b,publisher_R,https://doi.org/10.1039/c4ra05515b,Chemical synthesis
10.1007/s10895-024-03682-0,publisher_S,https://doi.org/10.1007/s10895-024-03682-0,Functional materials
10.1021/acsami.1c20878,publisher_A,https://doi.org/10.1021/acsami.1c20878,Functional materials
10.1007/s00216-019-01875-2,publisher_S,https://doi.org/10.1007/s00216-019-01875-2,Functional materials
10.1039/c5dt01233c,publisher_R,https://doi.org/10.1039/c5dt01233c,Chemical synthesis
10.1007/s13738-020-02109-4,publisher_S,https://doi.org/10.1007/s13738-020-02109-4,Functional materials
10.1007/s11581-024-05601-6,publisher_S,https://doi.org/10.1007/s11581-024-05601-6,Functional materials
10.1039/b905924p,publisher_R,https://doi.org/10.1039/b905924p,Chemical synthesis
10.1039/d1ra08950a,publisher_R,https://doi.org/10.1039/d1ra08950a,Chemical synthesis
10.1021/acsami.1c04130,publisher_A,https://doi.org/10.1021/acsami.1c04130,Crystal engineering
10.1002/ppsc.202000147,publisher_W,https://doi.org/10.1002/ppsc.202000147,Functional materials
10.1039/c9nj04031e,publisher_R,https://doi.org/10.1039/c9nj04031e,Chemical synthesis
10.1039/d3nj01358h,publisher_R,https://doi.org/10.1039/d3nj01358h,Functional materials
10.1021/acs.jchemed.0c00311,publisher_A,https://doi.org/10.1021/acs.jchemed.0c00311,Chemical synthesis
10.1039/c8bm00830b,publisher_R,https://doi.org/10.1039/c8bm00830b,Functional materials
10.1039/c9cc05708k,publisher_R,https://doi.org/10.1039/c9cc05708k,Functional materials
10.1039/c6ta06792a,publisher_R,https://doi.org/10.1039/c6ta06792a,Functional materials
10.1002/asia.201300135,publisher_W,https://doi.org/10.1002/asia.201300135,Crystal engineering
10.1039/c7fd00017k,publisher_R,https://doi.org/10.1039/c7fd00017k,Chemical synthesis
10.1039/b922039a,publisher_R,https://doi.org/10.1039/b922039a,Functional materials
10.1002/slct.202100589,publisher_W,https://doi.org/10.1002/slct.202100589,Functional materials
10.1002/slct.202202253,publisher_W,https://doi.org/10.1002/slct.202202253,Functional materials
10.1039/c5ce01375e,publisher_R,https://doi.org/10.1039/c5ce01375e,Functional materials
10.1002/slct.201803971,publisher_W,https://doi.org/10.1002/slct.201803971,Chemical synthesis
10.1039/c0ce00211a,publisher_R,https://doi.org/10.1039/c0ce00211a,Chemical synthesis
10.1039/d1ay00824b,publisher_R,https://doi.org/10.1039/d1ay00824b,Functional materials
10.1021/acs.cgd.6b00313,publisher_A,https://doi.org/10.1021/acs.cgd.6b00313,Chemical synthesis
10.1002/asia.201300640,publisher_W,https://doi.org/10.1002/asia.201300640,Functional materials
10.1039/d2tc04879e,publisher_R,https://doi.org/10.1039/d2tc04879e,Crystal engineering
10.1039/c4cc09988e,publisher_R,https://doi.org/10.1039/c4cc09988e,Crystal engineering
10.1002/aoc.3798,publisher_W,https://doi.org/10.1002/aoc.3798,Functional materials
10.1007/s10853-018-2835-x,publisher_S,https://doi.org/10.1007/s10853-018-2835-x,Functional materials
10.1039/c4ra09626f,publisher_R,https://doi.org/10.1039/c4ra09626f,Chemical synthesis
10.1002/anie.202302645,publisher_W,https://doi.org/10.1002/anie.202302645,Functional materials
10.1002/aoc.5951,publisher_W,https://doi.org/10.1002/aoc.5951,Functional materials
10.1039/c5ra24915e,publisher_R,https://doi.org/10.1039/c5ra24915e,Functional materials
10.1039/b925088c,publisher_R,https://doi.org/10.1039/b925088c,Chemical synthesis
10.1039/c5ce00729a,publisher_R,https://doi.org/10.1039/c5ce00729a,Crystal engineering
10.1039/c5cc05136c,publisher_R,https://doi.org/10.1039/c5cc05136c,Chemical synthesis
10.1021/ic802160a,publisher_A,https://doi.org/10.1021/ic802160a,Crystal engineering
10.1039/c6ra22738d,publisher_R,https://doi.org/10.1039/c6ra22738d,Functional materials
10.1007/s10311-018-00833-1,publisher_S,https://doi.org/10.1007/s10311-018-00833-1,Functional materials
10.1039/d1ra03346h,publisher_R,https://doi.org/10.1039/d1ra03346h,Functional materials
10.1039/d2qi02639b,publisher_R,https://doi.org/10.1039/d2qi02639b,Functional materials
10.1039/c8ra03349h,publisher_R,https://doi.org/10.1039/c8ra03349h,Functional materials
10.1039/c7nr06274e,publisher_R,https://doi.org/10.1039/c7nr06274e,Chemical synthesis
10.1002/adfm.202208148,publisher_W,https://doi.org/10.1002/adfm.202208148,Chemical synthesis
10.1021/cg301875z,publisher_A,https://doi.org/10.1021/cg301875z,Crystal engineering
10.1021/acs.cgd.9b00306,publisher_A,https://doi.org/10.1021/acs.cgd.9b00306,Functional materials
10.1021/cm101519s,publisher_A,https://doi.org/10.1021/cm101519s,Chemical synthesis
10.1021/acs.analchem.5b00391,publisher_A,https://doi.org/10.1021/acs.analchem.5b00391,Functional materials
10.1039/d0nj03269g,publisher_R,https://doi.org/10.1039/d0nj03269g,Functional materials
10.1039/c4ce01583e,publisher_R,https://doi.org/10.1039/c4ce01583e,Crystal engineering
10.1002/cjoc.202100361,publisher_W,https://doi.org/10.1002/cjoc.202100361,Functional materials
10.1021/acsanm.2c03688,publisher_A,https://doi.org/10.1021/acsanm.2c03688,Functional materials
10.1021/acsanm.0c02401,publisher_A,https://doi.org/10.1021/acsanm.0c02401,Functional materials
10.1039/c7ce00390k,publisher_R,https://doi.org/10.1039/c7ce00390k,Functional materials
10.1021/acsomega.2c05093,publisher_A,https://doi.org/10.1021/acsomega.2c05093,Chemical synthesis
10.1039/c9ta03403j,publisher_R,https://doi.org/10.1039/c9ta03403j,Functional materials
10.1039/c9ce00067d,publisher_R,https://doi.org/10.1039/c9ce00067d,Chemical synthesis
10.1039/c9dt01406c,publisher_R,https://doi.org/10.1039/c9dt01406c,Functional materials
10.1016/j.xcrp.2021.100421,publisher_E,https://doi.org/10.1016/j.xcrp.2021.100421,Functional materials
10.1021/acsanm.1c02655,publisher_A,https://doi.org/10.1021/acsanm.1c02655,Functional materials
10.1021/acsami.0c19957,publisher_A,https://doi.org/10.1021/acsami.0c19957,Functional materials
10.1039/c2jm31536j,publisher_R,https://doi.org/10.1039/c2jm31536j,Crystal engineering
10.1021/acs.inorgchem.3c04060,publisher_A,https://doi.org/10.1021/acs.inorgchem.3c04060,Chemical synthesis
10.1039/c6cc03198f,publisher_R,https://doi.org/10.1039/c6cc03198f,Functional materials
10.1002/adma.202204553,publisher_W,https://doi.org/10.1002/adma.202204553,Functional materials
10.1039/c8ta00598b,publisher_R,https://doi.org/10.1039/c8ta00598b,Theory & modeling
10.1039/d3ce01001e,publisher_R,https://doi.org/10.1039/d3ce01001e,Crystal engineering
10.1039/c2jm30866e,publisher_R,https://doi.org/10.1039/c2jm30866e,Functional materials
10.1021/ic060787f,publisher_A,https://doi.org/10.1021/ic060787f,Crystal engineering
10.1039/c4ce01457j,publisher_R,https://doi.org/10.1039/c4ce01457j,Crystal engineering
10.1021/ic302318j,publisher_A,https://doi.org/10.1021/ic302318j,Functional materials
10.1039/c5cc03670d,publisher_R,https://doi.org/10.1039/c5cc03670d,Functional materials
10.1021/cg400191x,publisher_A,https://doi.org/10.1021/cg400191x,Crystal engineering
10.1039/c6nj03912j,publisher_R,https://doi.org/10.1039/c6nj03912j,Functional materials
10.1039/b913942g,publisher_R,https://doi.org/10.1039/b913942g,Crystal engineering
10.1039/c4ce00355a,publisher_R,https://doi.org/10.1039/c4ce00355a,Crystal engineering
10.1002/slct.201801720,publisher_W,https://doi.org/10.1002/slct.201801720,Crystal engineering
10.1021/acs.inorgchem.1c03935,publisher_A,https://doi.org/10.1021/acs.inorgchem.1c03935,Functional materials
10.1039/c3dt52910j,publisher_R,https://doi.org/10.1039/c3dt52910j,Crystal engineering
10.1021/cg501768f,publisher_A,https://doi.org/10.1021/cg501768f,Crystal engineering
10.1039/c3ce42152j,publisher_R,https://doi.org/10.1039/c3ce42152j,Crystal engineering
10.1039/c7ra02063e,publisher_R,https://doi.org/10.1039/c7ra02063e,Crystal engineering
10.1039/c3ce41623b,publisher_R,https://doi.org/10.1039/c3ce41623b,Crystal engineering
10.1021/cg201552g,publisher_A,https://doi.org/10.1021/cg201552g,Crystal engineering
10.1039/c4ce01959h,publisher_R,https://doi.org/10.1039/c4ce01959h,Crystal engineering
10.1039/c3ce40210j,publisher_R,https://doi.org/10.1039/c3ce40210j,Functional materials
10.1039/b819935c,publisher_R,https://doi.org/10.1039/b819935c,Crystal engineering
10.1039/d0ce00140f,publisher_R,https://doi.org/10.1039/d0ce00140f,Functional materials
10.1021/acs.inorgchem.3c01245,publisher_A,https://doi.org/10.1021/acs.inorgchem.3c01245,Crystal engineering
10.1021/acs.inorgchem.9b02397,publisher_A,https://doi.org/10.1021/acs.inorgchem.9b02397,Crystal engineering
10.1021/acs.inorgchem.3c02553,publisher_A,https://doi.org/10.1021/acs.inorgchem.3c02553,Functional materials
10.1039/c7ce00971b,publisher_R,https://doi.org/10.1039/c7ce00971b,Chemical synthesis
10.1002/ejic.201000555,publisher_W,https://doi.org/10.1002/ejic.201000555,Crystal engineering
10.1002/chem.201303610,publisher_W,https://doi.org/10.1002/chem.201303610,Functional materials
10.1039/c6ce01594h,publisher_R,https://doi.org/10.1039/c6ce01594h,Functional materials
10.1039/c3ce42028k,publisher_R,https://doi.org/10.1039/c3ce42028k,Crystal engineering
10.1002/ejic.201700099,publisher_W,https://doi.org/10.1002/ejic.201700099,Functional materials
10.1002/smll.202409061,publisher_W,https://doi.org/10.1002/smll.202409061,Functional materials
10.1021/acs.inorgchem.9b00768,publisher_A,https://doi.org/10.1021/acs.inorgchem.9b00768,Functional materials
10.1021/acs.inorgchem.6b02137,publisher_A,https://doi.org/10.1021/acs.inorgchem.6b02137,Crystal engineering
10.1021/acs.cgd.8b01462,publisher_A,https://doi.org/10.1021/acs.cgd.8b01462,Functional materials
10.1021/acsami.1c08678,publisher_A,https://doi.org/10.1021/acsami.1c08678,Functional materials
10.1039/c4nj02356k,publisher_R,https://doi.org/10.1039/c4nj02356k,Functional materials
10.1007/s00604-020-04664-2,publisher_S,https://doi.org/10.1007/s00604-020-04664-2,Functional materials
10.1039/c8nr04992k,publisher_R,https://doi.org/10.1039/c8nr04992k,Functional materials
10.1002/chem.201804673,publisher_W,https://doi.org/10.1002/chem.201804673,Functional materials
10.1002/cplu.201700277,publisher_W,https://doi.org/10.1002/cplu.201700277,Functional materials
10.1002/zaac.201100433,publisher_W,https://doi.org/10.1002/zaac.201100433,Crystal engineering
10.1021/acs.inorgchem.4c02795,publisher_A,https://doi.org/10.1021/acs.inorgchem.4c02795,Functional materials
10.1021/acs.inorgchem.9b00388,publisher_A,https://doi.org/10.1021/acs.inorgchem.9b00388,Functional materials
10.1039/d3dt00422h,publisher_R,https://doi.org/10.1039/d3dt00422h,Crystal engineering
10.1002/chem.201102295,publisher_W,https://doi.org/10.1002/chem.201102295,Functional materials
10.1039/c4ce00408f,publisher_R,https://doi.org/10.1039/c4ce00408f,Functional materials
10.1021/acs.inorgchem.0c03688,publisher_A,https://doi.org/10.1021/acs.inorgchem.0c03688,Functional materials
10.1021/jacs.1c10493,publisher_A,https://doi.org/10.1021/jacs.1c10493,Chemical synthesis
10.1021/acs.inorgchem.0c03575,publisher_A,https://doi.org/10.1021/acs.inorgchem.0c03575,Chemical synthesis
10.1039/d0cp02731f,publisher_R,https://doi.org/10.1039/d0cp02731f,Functional materials
10.1039/c1ce06002c,publisher_R,https://doi.org/10.1039/c1ce06002c,Chemical synthesis
10.1039/c2ce26436f,publisher_R,https://doi.org/10.1039/c2ce26436f,Crystal engineering
10.1039/d0dt02437f,publisher_R,https://doi.org/10.1039/d0dt02437f,Crystal engineering
10.1002/anie.202000795,publisher_W,https://doi.org/10.1002/anie.202000795,Crystal engineering
10.1039/c2ce26847g,publisher_R,https://doi.org/10.1039/c2ce26847g,Chemical synthesis
10.1039/c3ce40754c,publisher_R,https://doi.org/10.1039/c3ce40754c,Crystal engineering
10.1021/cg901545k,publisher_A,https://doi.org/10.1021/cg901545k,Crystal engineering
10.1039/c7ce00589j,publisher_R,https://doi.org/10.1039/c7ce00589j,Chemical synthesis
10.1002/smll.202304096,publisher_W,https://doi.org/10.1002/smll.202304096,Functional materials
10.1039/c3ce40599k,publisher_R,https://doi.org/10.1039/c3ce40599k,Crystal engineering
10.1021/cg3014464,publisher_A,https://doi.org/10.1021/cg3014464,Functional materials
10.1039/c8ra01900b,publisher_R,https://doi.org/10.1039/c8ra01900b,Crystal engineering
10.1021/cg700979r,publisher_A,https://doi.org/10.1021/cg700979r,Crystal engineering
10.1039/c6ce01709f,publisher_R,https://doi.org/10.1039/c6ce01709f,Crystal engineering
10.1039/c4ce00098f,publisher_R,https://doi.org/10.1039/c4ce00098f,Crystal engineering
10.1039/c8ce01203b,publisher_R,https://doi.org/10.1039/c8ce01203b,Functional materials
10.1039/c6nj00065g,publisher_R,https://doi.org/10.1039/c6nj00065g,Crystal engineering
10.1039/c4ra08138b,publisher_R,https://doi.org/10.1039/c4ra08138b,Crystal engineering
10.1002/ejic.201402737,publisher_W,https://doi.org/10.1002/ejic.201402737,Crystal engineering
10.1039/c7ce01042g,publisher_R,https://doi.org/10.1039/c7ce01042g,Crystal engineering
10.1039/c4ce01581a,publisher_R,https://doi.org/10.1039/c4ce01581a,Crystal engineering
10.1002/zaac.201200413,publisher_W,https://doi.org/10.1002/zaac.201200413,Crystal engineering
10.1039/c6dt00349d,publisher_R,https://doi.org/10.1039/c6dt00349d,Chemical synthesis
10.1021/cg301161c,publisher_A,https://doi.org/10.1021/cg301161c,Crystal engineering
10.1039/c3ce41428k,publisher_R,https://doi.org/10.1039/c3ce41428k,Crystal engineering
10.1039/c7ce00535k,publisher_R,https://doi.org/10.1039/c7ce00535k,Crystal engineering
10.1039/c4ce02457e,publisher_R,https://doi.org/10.1039/c4ce02457e,Functional materials
10.1039/c4ce00224e,publisher_R,https://doi.org/10.1039/c4ce00224e,Crystal engineering
10.1039/c4ce01837k,publisher_R,https://doi.org/10.1039/c4ce01837k,Crystal engineering
10.1039/c8ce01448e,publisher_R,https://doi.org/10.1039/c8ce01448e,Crystal engineering
10.1039/c6ra21382k,publisher_R,https://doi.org/10.1039/c6ra21382k,Crystal engineering
10.1021/ic301257k,publisher_A,https://doi.org/10.1021/ic301257k,Functional materials
10.1039/b915539b,publisher_R,https://doi.org/10.1039/b915539b,Crystal engineering
10.1007/s10876-019-01539-2,publisher_S,https://doi.org/10.1007/s10876-019-01539-2,Crystal engineering
10.1021/ic902483m,publisher_A,https://doi.org/10.1021/ic902483m,Crystal engineering
10.1021/cg701164u,publisher_A,https://doi.org/10.1021/cg701164u,Crystal engineering
10.1021/cg070356n,publisher_A,https://doi.org/10.1021/cg070356n,Crystal engineering
10.1039/c0ce00181c,publisher_R,https://doi.org/10.1039/c0ce00181c,Crystal engineering
10.1039/b912415b,publisher_R,https://doi.org/10.1039/b912415b,Crystal engineering
10.1039/d0ce00950d,publisher_R,https://doi.org/10.1039/d0ce00950d,Functional materials
10.1039/c4dt03172e,publisher_R,https://doi.org/10.1039/c4dt03172e,Crystal engineering
10.1021/cg201287t,publisher_A,https://doi.org/10.1021/cg201287t,Crystal engineering
10.1039/d3ce00179b,publisher_R,https://doi.org/10.1039/d3ce00179b,Crystal engineering
10.1002/anie.202209335,publisher_W,https://doi.org/10.1002/anie.202209335,Functional materials
10.1002/slct.202002661,publisher_W,https://doi.org/10.1002/slct.202002661,Chemical synthesis
10.1021/acs.cgd.9b00611,publisher_A,https://doi.org/10.1021/acs.cgd.9b00611,Crystal engineering
10.1021/cg4012058,publisher_A,https://doi.org/10.1021/cg4012058,Functional materials
10.1002/ejic.201501194,publisher_W,https://doi.org/10.1002/ejic.201501194,Crystal engineering
10.1007/s10562-014-1242-4,publisher_S,https://doi.org/10.1007/s10562-014-1242-4,Functional materials
10.1021/acs.jpcc.1c08474,publisher_A,https://doi.org/10.1021/acs.jpcc.1c08474,Crystal engineering
10.1039/c6ra13242a,publisher_R,https://doi.org/10.1039/c6ra13242a,Crystal engineering
10.1039/c4ra06629d,publisher_R,https://doi.org/10.1039/c4ra06629d,Crystal engineering
10.1039/c3ce41037d,publisher_R,https://doi.org/10.1039/c3ce41037d,Crystal engineering
10.1002/cctc.201300241,publisher_W,https://doi.org/10.1002/cctc.201300241,Functional materials
10.1021/cg060369l,publisher_A,https://doi.org/10.1021/cg060369l,Crystal engineering
10.1039/c0ce00878h,publisher_R,https://doi.org/10.1039/c0ce00878h,Crystal engineering
10.1021/acs.jchemed.2c00849,publisher_A,https://doi.org/10.1021/acs.jchemed.2c00849,Crystal engineering
10.1021/acs.cgd.6b00038,publisher_A,https://doi.org/10.1021/acs.cgd.6b00038,Chemical synthesis
10.1002/chem.201902874,publisher_W,https://doi.org/10.1002/chem.201902874,Crystal engineering
10.1021/acs.cgd.6b01591,publisher_A,https://doi.org/10.1021/acs.cgd.6b01591,Crystal engineering
10.1021/acs.chemmater.3c03180,publisher_A,https://doi.org/10.1021/acs.chemmater.3c03180,Theory & modeling
10.1021/cg2013717,publisher_A,https://doi.org/10.1021/cg2013717,Crystal engineering
10.1021/acs.inorgchem.7b02443,publisher_A,https://doi.org/10.1021/acs.inorgchem.7b02443,Crystal engineering
10.1021/acssuschemeng.1c06207,publisher_A,https://doi.org/10.1021/acssuschemeng.1c06207,Functional materials
10.1002/anie.202414026,publisher_W,https://doi.org/10.1002/anie.202414026,Crystal engineering
10.1002/ejic.201601242,publisher_W,https://doi.org/10.1002/ejic.201601242,Crystal engineering
10.1002/anie.202111893,publisher_W,https://doi.org/10.1002/anie.202111893,Theory & modeling
10.1021/acs.cgd.4c00354,publisher_A,https://doi.org/10.1021/acs.cgd.4c00354,Functional materials
10.1021/jacs.7b02184,publisher_A,https://doi.org/10.1021/jacs.7b02184,Crystal engineering
10.1039/d4tc00862f,publisher_R,https://doi.org/10.1039/d4tc00862f,Functional materials
10.1039/c7cc03345a,publisher_R,https://doi.org/10.1039/c7cc03345a,Functional materials
10.1021/ja9092715,publisher_A,https://doi.org/10.1021/ja9092715,Theory & modeling
10.1021/acs.inorgchem.4c05574,publisher_A,https://doi.org/10.1021/acs.inorgchem.4c05574,Chemical synthesis
10.1039/d0ra06106a,publisher_R,https://doi.org/10.1039/d0ra06106a,Functional materials
10.1021/acs.inorgchem.9b01819,publisher_A,https://doi.org/10.1021/acs.inorgchem.9b01819,Functional materials
10.1021/jacs.9b10261,publisher_A,https://doi.org/10.1021/jacs.9b10261,Functional materials
10.1021/cg301577a,publisher_A,https://doi.org/10.1021/cg301577a,Crystal engineering
10.1021/acs.chemmater.6b02817,publisher_A,https://doi.org/10.1021/acs.chemmater.6b02817,Crystal engineering
10.1007/s10967-024-09430-9,publisher_S,https://doi.org/10.1007/s10967-024-09430-9,Functional materials
10.1039/c8cc03216e,publisher_R,https://doi.org/10.1039/c8cc03216e,Functional materials
10.1002/ejic.202100466,publisher_W,https://doi.org/10.1002/ejic.202100466,Functional materials
10.1002/bkcs.12707,publisher_W,https://doi.org/10.1002/bkcs.12707,Functional materials
10.1021/jp0708291,publisher_A,https://doi.org/10.1021/jp0708291,Chemical synthesis
10.1021/cg9014948,publisher_A,https://doi.org/10.1021/cg9014948,Functional materials
10.1002/sstr.202300346,publisher_W,https://doi.org/10.1002/sstr.202300346,Functional materials
10.1002/chem.201602318,publisher_W,https://doi.org/10.1002/chem.201602318,Chemical synthesis
10.1021/ja109317e,publisher_A,https://doi.org/10.1021/ja109317e,Chemical synthesis
10.1039/c6sc05602d,publisher_R,https://doi.org/10.1039/c6sc05602d,Functional materials
10.1002/smll.202301894,publisher_W,https://doi.org/10.1002/smll.202301894,Chemical synthesis
10.1021/acsami.0c18720,publisher_A,https://doi.org/10.1021/acsami.0c18720,Functional materials
10.1021/acsami.5b10078,publisher_A,https://doi.org/10.1021/acsami.5b10078,Functional materials
10.1002/adma.202202504,publisher_W,https://doi.org/10.1002/adma.202202504,Functional materials
10.1021/acs.cgd.0c00895,publisher_A,https://doi.org/10.1021/acs.cgd.0c00895,Functional materials
10.1021/ja305181y,publisher_A,https://doi.org/10.1021/ja305181y,Crystal engineering
10.1021/acsnano.8b03417,publisher_A,https://doi.org/10.1021/acsnano.8b03417,Functional materials
10.1186/s11671-024-04152-z,publisher_S,https://doi.org/10.1186/s11671-024-04152-z,Functional materials
10.1021/acsanm.9b01263,publisher_A,https://doi.org/10.1021/acsanm.9b01263,Functional materials
10.1039/d3sc02257a,publisher_R,https://doi.org/10.1039/d3sc02257a,Functional materials
10.1039/c3ee24506c,publisher_R,https://doi.org/10.1039/c3ee24506c,Chemical synthesis
10.1021/acs.inorgchem.2c04136,publisher_A,https://doi.org/10.1021/acs.inorgchem.2c04136,Functional materials
10.1039/c6ta01899h,publisher_R,https://doi.org/10.1039/c6ta01899h,Functional materials
10.1039/c8ce01264d,publisher_R,https://doi.org/10.1039/c8ce01264d,Functional materials
10.1021/ic402012d,publisher_A,https://doi.org/10.1021/ic402012d,Functional materials
10.1039/c8ta08702d,publisher_R,https://doi.org/10.1039/c8ta08702d,Chemical synthesis
10.1039/d4gc03302g,publisher_R,https://doi.org/10.1039/d4gc03302g,Chemical synthesis
10.1039/c9qi00172g,publisher_R,https://doi.org/10.1039/c9qi00172g,Chemical synthesis
10.1002/aoc.70084,publisher_W,https://doi.org/10.1002/aoc.70084,Functional materials
10.1007/s13738-020-02032-8,publisher_S,https://doi.org/10.1007/s13738-020-02032-8,Chemical synthesis
10.1039/d0nj00257g,publisher_R,https://doi.org/10.1039/d0nj00257g,Chemical synthesis
10.1002/ejic.201500975,publisher_W,https://doi.org/10.1002/ejic.201500975,Functional materials
10.1002/chem.201704771,publisher_W,https://doi.org/10.1002/chem.201704771,Crystal engineering
10.1039/c7dt04221c,publisher_R,https://doi.org/10.1039/c7dt04221c,Crystal engineering
10.1021/acs.langmuir.3c02384,publisher_A,https://doi.org/10.1021/acs.langmuir.3c02384,Functional materials
10.1021/acs.jafc.8b00400,publisher_A,https://doi.org/10.1021/acs.jafc.8b00400,Chemical synthesis
10.1002/advs.201902897,publisher_W,https://doi.org/10.1002/advs.201902897,Functional materials
10.1002/cnma.202200397,publisher_W,https://doi.org/10.1002/cnma.202200397,Chemical synthesis
10.1021/acs.inorgchem.3c00560,publisher_A,https://doi.org/10.1021/acs.inorgchem.3c00560,Chemical synthesis
10.1039/c9dt02394a,publisher_R,https://doi.org/10.1039/c9dt02394a,Functional materials
10.1021/acssuschemeng.8b04429,publisher_A,https://doi.org/10.1021/acssuschemeng.8b04429,Functional materials
10.1039/c5ce00618j,publisher_R,https://doi.org/10.1039/c5ce00618j,Chemical synthesis
10.1039/d0qi00840k,publisher_R,https://doi.org/10.1039/d0qi00840k,Functional materials
10.1039/d4gc01350f,publisher_R,https://doi.org/10.1039/d4gc01350f,Chemical synthesis
10.1002/smll.202307236,publisher_W,https://doi.org/10.1002/smll.202307236,Chemical synthesis
10.1039/c7dt04701k,publisher_R,https://doi.org/10.1039/c7dt04701k,Chemical synthesis
10.1039/d0nj02672g,publisher_R,https://doi.org/10.1039/d0nj02672g,Chemical synthesis
10.1039/c2jm30718a,publisher_R,https://doi.org/10.1039/c2jm30718a,Chemical synthesis
10.1021/acscentsci.1c01563,publisher_A,https://doi.org/10.1021/acscentsci.1c01563,Chemical synthesis
10.1039/c8dt00394g,publisher_R,https://doi.org/10.1039/c8dt00394g,Crystal engineering
10.1002/adfm.202214307,publisher_W,https://doi.org/10.1002/adfm.202214307,Functional materials
10.1039/c7nj02398g,publisher_R,https://doi.org/10.1039/c7nj02398g,Functional materials
10.1021/acs.inorgchem.7b00639,publisher_A,https://doi.org/10.1021/acs.inorgchem.7b00639,Crystal engineering
10.1002/chem.201402292,publisher_W,https://doi.org/10.1002/chem.201402292,Theory & modeling
10.1021/ja500356z,publisher_A,https://doi.org/10.1021/ja500356z,Functional materials
10.1039/b404485a,publisher_R,https://doi.org/10.1039/b404485a,Crystal engineering
10.1039/c5ce00004a,publisher_R,https://doi.org/10.1039/c5ce00004a,Crystal engineering
10.1039/c2ce06428f,publisher_R,https://doi.org/10.1039/c2ce06428f,Crystal engineering
10.1039/d5qi00261c,publisher_R,https://doi.org/10.1039/d5qi00261c,Functional materials
10.1002/smll.202304771,publisher_W,https://doi.org/10.1002/smll.202304771,Chemical synthesis
10.1021/acs.cgd.9b01301,publisher_A,https://doi.org/10.1021/acs.cgd.9b01301,Crystal engineering
10.1021/jacs.9b11639,publisher_A,https://doi.org/10.1021/jacs.9b11639,Functional materials
10.1021/jacs.4c02321,publisher_A,https://doi.org/10.1021/jacs.4c02321,Crystal engineering
10.1002/anie.201900863,publisher_W,https://doi.org/10.1002/anie.201900863,Crystal engineering
10.1039/d5ra00509d,publisher_R,https://doi.org/10.1039/d5ra00509d,Functional materials
10.1002/admi.202201532,publisher_W,https://doi.org/10.1002/admi.202201532,Chemical synthesis
10.1021/acs.inorgchem.0c00752,publisher_A,https://doi.org/10.1021/acs.inorgchem.0c00752,Functional materials
10.1021/jacs.3c11947,publisher_A,https://doi.org/10.1021/jacs.3c11947,Functional materials
10.1021/acs.jpcc.7b07772,publisher_A,https://doi.org/10.1021/acs.jpcc.7b07772,Functional materials
10.1002/asia.201901143,publisher_W,https://doi.org/10.1002/asia.201901143,Functional materials
10.1021/acs.cgd.1c01145,publisher_A,https://doi.org/10.1021/acs.cgd.1c01145,Crystal engineering
10.1039/c8nj05193c,publisher_R,https://doi.org/10.1039/c8nj05193c,Functional materials
10.1021/ic3016673,publisher_A,https://doi.org/10.1021/ic3016673,Functional materials
10.1002/ejic.201201508,publisher_W,https://doi.org/10.1002/ejic.201201508,Crystal engineering
10.1021/cg9008834,publisher_A,https://doi.org/10.1021/cg9008834,Crystal engineering
10.1021/acsomega.4c05760,publisher_A,https://doi.org/10.1021/acsomega.4c05760,Functional materials
10.1021/acsami.0c21509,publisher_A,https://doi.org/10.1021/acsami.0c21509,Functional materials
10.1039/d3me00145h,publisher_R,https://doi.org/10.1039/d3me00145h,Crystal engineering
10.1039/d3cy01105d,publisher_R,https://doi.org/10.1039/d3cy01105d,Chemical synthesis
10.1039/d0cc05339b,publisher_R,https://doi.org/10.1039/d0cc05339b,Functional materials
10.1021/acs.inorgchem.6b00111,publisher_A,https://doi.org/10.1021/acs.inorgchem.6b00111,Functional materials
10.1021/jacs.4c18251,publisher_A,https://doi.org/10.1021/jacs.4c18251,Crystal engineering
10.1021/acs.cgd.6b01808,publisher_A,https://doi.org/10.1021/acs.cgd.6b01808,Functional materials
10.1021/acs.inorgchem.8b00910,publisher_A,https://doi.org/10.1021/acs.inorgchem.8b00910,Functional materials
10.1002/chem.201001256,publisher_W,https://doi.org/10.1002/chem.201001256,Crystal engineering
10.1007/s11172-016-1624-4,publisher_S,https://doi.org/10.1007/s11172-016-1624-4,Crystal engineering
10.1021/jacs.2c06142,publisher_A,https://doi.org/10.1021/jacs.2c06142,Chemical synthesis
10.1002/asia.201403025,publisher_W,https://doi.org/10.1002/asia.201403025,Crystal engineering
10.1007/s11237-013-9306-x,publisher_S,https://doi.org/10.1007/s11237-013-9306-x,Chemical synthesis
10.1039/c2cc16779d,publisher_R,https://doi.org/10.1039/c2cc16779d,Crystal engineering
10.1039/c3sc51336j,publisher_R,https://doi.org/10.1039/c3sc51336j,Chemical synthesis
10.1039/d2cc01914k,publisher_R,https://doi.org/10.1039/d2cc01914k,Chemical synthesis
10.1002/chem.201502515,publisher_W,https://doi.org/10.1002/chem.201502515,Functional materials
10.1039/d3tb01819a,publisher_R,https://doi.org/10.1039/d3tb01819a,Functional materials
10.1021/acs.inorgchem.4c02082,publisher_A,https://doi.org/10.1021/acs.inorgchem.4c02082,Functional materials
10.1002/chem.201705562,publisher_W,https://doi.org/10.1002/chem.201705562,Functional materials
10.1021/acsami.9b15667,publisher_A,https://doi.org/10.1021/acsami.9b15667,Functional materials
10.1039/d0dt00145g,publisher_R,https://doi.org/10.1039/d0dt00145g,Functional materials
10.1039/c6cc10225e,publisher_R,https://doi.org/10.1039/c6cc10225e,Crystal engineering
10.1002/anie.201406484,publisher_W,https://doi.org/10.1002/anie.201406484,Crystal engineering
10.1039/c1ce06138k,publisher_R,https://doi.org/10.1039/c1ce06138k,Functional materials
10.1021/cg901170j,publisher_A,https://doi.org/10.1021/cg901170j,Chemical synthesis
10.1021/acsnano.1c06259,publisher_A,https://doi.org/10.1021/acsnano.1c06259,Crystal engineering
10.1039/c8ce01051j,publisher_R,https://doi.org/10.1039/c8ce01051j,Crystal engineering
10.1039/c8sm01143e,publisher_R,https://doi.org/10.1039/c8sm01143e,Functional materials
10.1039/d1qm01512e,publisher_R,https://doi.org/10.1039/d1qm01512e,Chemical synthesis
10.1039/c8cc05895d,publisher_R,https://doi.org/10.1039/c8cc05895d,Chemical synthesis
10.1007/s10971-021-05576-0,publisher_S,https://doi.org/10.1007/s10971-021-05576-0,Functional materials
10.1039/c7ce01843f,publisher_R,https://doi.org/10.1039/c7ce01843f,Crystal engineering
10.1007/s13738-021-02297-7,publisher_S,https://doi.org/10.1007/s13738-021-02297-7,Functional materials
10.1021/ja909169x,publisher_A,https://doi.org/10.1021/ja909169x,Functional materials
10.1007/s10450-017-9892-3,publisher_S,https://doi.org/10.1007/s10450-017-9892-3,Functional materials
10.1002/chem.201803900,publisher_W,https://doi.org/10.1002/chem.201803900,Functional materials
10.1002/ejic.201600576,publisher_W,https://doi.org/10.1002/ejic.201600576,Functional materials
10.1021/ja501606h,publisher_A,https://doi.org/10.1021/ja501606h,Functional materials
10.1021/jacs.6b05261,publisher_A,https://doi.org/10.1021/jacs.6b05261,Functional materials
10.1021/ja5069855,publisher_A,https://doi.org/10.1021/ja5069855,Functional materials
10.1021/acs.cgd.6b00776,publisher_A,https://doi.org/10.1021/acs.cgd.6b00776,Functional materials
10.1021/ic5018517,publisher_A,https://doi.org/10.1021/ic5018517,Crystal engineering
10.1039/c9nj05735h,publisher_R,https://doi.org/10.1039/c9nj05735h,Functional materials
10.1021/acs.inorgchem.1c03679,publisher_A,https://doi.org/10.1021/acs.inorgchem.1c03679,Functional materials
10.1021/jacs.3c02787,publisher_A,https://doi.org/10.1021/jacs.3c02787,Crystal engineering
10.1021/jacs.5c04567,publisher_A,https://doi.org/10.1021/jacs.5c04567,Functional materials
10.1021/acsomega.3c04177,publisher_A,https://doi.org/10.1021/acsomega.3c04177,Functional materials
10.1021/acs.cgd.0c01724,publisher_A,https://doi.org/10.1021/acs.cgd.0c01724,Crystal engineering
10.1021/jacs.8b07589,publisher_A,https://doi.org/10.1021/jacs.8b07589,Functional materials
10.1002/ejic.202000399,publisher_W,https://doi.org/10.1002/ejic.202000399,Functional materials
10.1021/jacs.1c02272,publisher_A,https://doi.org/10.1021/jacs.1c02272,Functional materials
10.1002/admi.201400040,publisher_W,https://doi.org/10.1002/admi.201400040,Functional materials
10.1021/acsami.8b12908,publisher_A,https://doi.org/10.1021/acsami.8b12908,Functional materials
10.1021/cg100535q,publisher_A,https://doi.org/10.1021/cg100535q,Crystal engineering
10.1039/c7nj01509g,publisher_R,https://doi.org/10.1039/c7nj01509g,Crystal engineering
10.1039/d1ta10522a,publisher_R,https://doi.org/10.1039/d1ta10522a,Functional materials
10.1021/acsami.2c04331,publisher_A,https://doi.org/10.1021/acsami.2c04331,Functional materials
10.1021/acsami.2c19614,publisher_A,https://doi.org/10.1021/acsami.2c19614,Functional materials
10.1039/d2ra08312d,publisher_R,https://doi.org/10.1039/d2ra08312d,Functional materials
10.1021/acs.inorgchem.0c00987,publisher_A,https://doi.org/10.1021/acs.inorgchem.0c00987,Functional materials
10.1039/c7ta01070b,publisher_R,https://doi.org/10.1039/c7ta01070b,Functional materials
10.1021/acsami.1c08833,publisher_A,https://doi.org/10.1021/acsami.1c08833,Crystal engineering
10.1039/d1tb02596a,publisher_R,https://doi.org/10.1039/d1tb02596a,Functional materials
10.1021/acscentsci.3c01432,publisher_A,https://doi.org/10.1021/acscentsci.3c01432,Chemical synthesis
10.1039/c1ce06019h,publisher_R,https://doi.org/10.1039/c1ce06019h,Crystal engineering
10.1002/smll.202405831,publisher_W,https://doi.org/10.1002/smll.202405831,Functional materials
10.1021/ic2024296,publisher_A,https://doi.org/10.1021/ic2024296,Functional materials
10.1039/c0dt01483d,publisher_R,https://doi.org/10.1039/c0dt01483d,Functional materials
10.1021/ic900478z,publisher_A,https://doi.org/10.1021/ic900478z,Functional materials
10.1021/acsomega.0c02171,publisher_A,https://doi.org/10.1021/acsomega.0c02171,Functional materials
10.1021/am5028346,publisher_A,https://doi.org/10.1021/am5028346,Functional materials
10.1021/jacs.6b04608,publisher_A,https://doi.org/10.1021/jacs.6b04608,Crystal engineering
10.1021/acsami.7b01758,publisher_A,https://doi.org/10.1021/acsami.7b01758,Functional materials
10.1039/c9dt00510b,publisher_R,https://doi.org/10.1039/c9dt00510b,Functional materials
10.1039/d3ce00068k,publisher_R,https://doi.org/10.1039/d3ce00068k,Functional materials
10.1021/acs.inorgchem.2c03679,publisher_A,https://doi.org/10.1021/acs.inorgchem.2c03679,Functional materials
10.1021/acsami.0c04538,publisher_A,https://doi.org/10.1021/acsami.0c04538,Functional materials
10.1021/acsami.0c14312,publisher_A,https://doi.org/10.1021/acsami.0c14312,Functional materials
10.1021/jacs.4c00885,publisher_A,https://doi.org/10.1021/jacs.4c00885,Functional materials
10.1021/acs.inorgchem.1c00017,publisher_A,https://doi.org/10.1021/acs.inorgchem.1c00017,Functional materials
10.1021/acs.inorgchem.3c03712,publisher_A,https://doi.org/10.1021/acs.inorgchem.3c03712,Functional materials
10.1039/c8sc01533c,publisher_R,https://doi.org/10.1039/c8sc01533c,Chemical synthesis
10.1002/chem.201600447,publisher_W,https://doi.org/10.1002/chem.201600447,Crystal engineering
10.1021/jacs.9b02294,publisher_A,https://doi.org/10.1021/jacs.9b02294,Crystal engineering
10.1021/acs.cgd.8b01373,publisher_A,https://doi.org/10.1021/acs.cgd.8b01373,Functional materials
10.1039/c6ce01585a,publisher_R,https://doi.org/10.1039/c6ce01585a,Crystal engineering
10.1002/chem.201806417,publisher_W,https://doi.org/10.1002/chem.201806417,Functional materials
10.1039/b819707p,publisher_R,https://doi.org/10.1039/b819707p,Crystal engineering
10.1021/acs.cgd.7b01061,publisher_A,https://doi.org/10.1021/acs.cgd.7b01061,Crystal engineering
10.1002/adma.201701804,publisher_W,https://doi.org/10.1002/adma.201701804,Functional materials
10.1002/anie.202421132,publisher_W,https://doi.org/10.1002/anie.202421132,Functional materials
10.1021/acs.cgd.6b00622,publisher_A,https://doi.org/10.1021/acs.cgd.6b00622,Crystal engineering
10.1021/ic101128w,publisher_A,https://doi.org/10.1021/ic101128w,Chemical synthesis
10.1002/chem.201003708,publisher_W,https://doi.org/10.1002/chem.201003708,Crystal engineering
10.1021/ic800538r,publisher_A,https://doi.org/10.1021/ic800538r,Chemical synthesis
10.1002/anie.202108150,publisher_W,https://doi.org/10.1002/anie.202108150,Chemical synthesis
10.1039/d3ta06719j,publisher_R,https://doi.org/10.1039/d3ta06719j,Functional materials
10.1021/cg1015934,publisher_A,https://doi.org/10.1021/cg1015934,Crystal engineering
10.1039/c6cc03264h,publisher_R,https://doi.org/10.1039/c6cc03264h,Chemical synthesis
10.1039/d1nr08305h,publisher_R,https://doi.org/10.1039/d1nr08305h,Functional materials
10.1039/c5dt02625c,publisher_R,https://doi.org/10.1039/c5dt02625c,Chemical synthesis
10.1021/cg5013796,publisher_A,https://doi.org/10.1021/cg5013796,Crystal engineering
10.1021/acsomega.5c01493,publisher_A,https://doi.org/10.1021/acsomega.5c01493,Functional materials
10.1021/acs.inorgchem.0c00627,publisher_A,https://doi.org/10.1021/acs.inorgchem.0c00627,Crystal engineering
10.1039/c4ra05192k,publisher_R,https://doi.org/10.1039/c4ra05192k,Chemical synthesis
10.1002/advs.202305786,publisher_W,https://doi.org/10.1002/advs.202305786,Functional materials
10.1002/ejic.201501350,publisher_W,https://doi.org/10.1002/ejic.201501350,Crystal engineering
10.1002/adfm.202303644,publisher_W,https://doi.org/10.1002/adfm.202303644,Functional materials
10.1021/am505145d,publisher_A,https://doi.org/10.1021/am505145d,Functional materials
10.1039/d1ra08088a,publisher_R,https://doi.org/10.1039/d1ra08088a,Functional materials
10.1039/c5ra00728c,publisher_R,https://doi.org/10.1039/c5ra00728c,Crystal engineering
10.1021/acs.inorgchem.4c05575,publisher_A,https://doi.org/10.1021/acs.inorgchem.4c05575,Functional materials
10.1021/acs.cgd.7b01689,publisher_A,https://doi.org/10.1021/acs.cgd.7b01689,Crystal engineering
10.1039/c8dt03093f,publisher_R,https://doi.org/10.1039/c8dt03093f,Crystal engineering
10.1039/c2ce06496k,publisher_R,https://doi.org/10.1039/c2ce06496k,Functional materials
10.1021/cm0202714,publisher_A,https://doi.org/10.1021/cm0202714,Crystal engineering
10.1021/acs.cgd.9b01442,publisher_A,https://doi.org/10.1021/acs.cgd.9b01442,Crystal engineering
10.1021/ic501849g,publisher_A,https://doi.org/10.1021/ic501849g,Crystal engineering
10.1039/c2jm15966j,publisher_R,https://doi.org/10.1039/c2jm15966j,Functional materials
10.1021/ic035422z,publisher_A,https://doi.org/10.1021/ic035422z,Crystal engineering
10.1021/acs.cgd.9b00452,publisher_A,https://doi.org/10.1021/acs.cgd.9b00452,Crystal engineering
10.1021/acs.chemmater.3c01495,publisher_A,https://doi.org/10.1021/acs.chemmater.3c01495,Functional materials
10.1021/acs.inorgchem.9b00940,publisher_A,https://doi.org/10.1021/acs.inorgchem.9b00940,Crystal engineering
10.1002/zaac.202000137,publisher_W,https://doi.org/10.1002/zaac.202000137,Crystal engineering
10.1021/cm300450x,publisher_A,https://doi.org/10.1021/cm300450x,Crystal engineering
10.1002/adma.202304832,publisher_W,https://doi.org/10.1002/adma.202304832,Crystal engineering
10.1002/asia.201801785,publisher_W,https://doi.org/10.1002/asia.201801785,Functional materials
10.1021/acssuschemeng.9b02348,publisher_A,https://doi.org/10.1021/acssuschemeng.9b02348,Functional materials
10.1021/acsami.2c12908,publisher_A,https://doi.org/10.1021/acsami.2c12908,Functional materials
10.1002/smll.201303564,publisher_W,https://doi.org/10.1002/smll.201303564,Chemical synthesis
10.1002/ejic.201201461,publisher_W,https://doi.org/10.1002/ejic.201201461,Crystal engineering
10.1021/cm3006953,publisher_A,https://doi.org/10.1021/cm3006953,Chemical synthesis
10.1002/chem.201803200,publisher_W,https://doi.org/10.1002/chem.201803200,Crystal engineering
10.1039/c6ce01549b,publisher_R,https://doi.org/10.1039/c6ce01549b,Functional materials
10.1007/s10934-007-9178-3,publisher_S,https://doi.org/10.1007/s10934-007-9178-3,Theory & modeling
10.1021/jp302356q,publisher_A,https://doi.org/10.1021/jp302356q,Functional materials
10.1021/la201769x,publisher_A,https://doi.org/10.1021/la201769x,Theory & modeling
10.1021/acs.cgd.9b00010,publisher_A,https://doi.org/10.1021/acs.cgd.9b00010,Chemical synthesis
10.1002/anie.201506391,publisher_W,https://doi.org/10.1002/anie.201506391,Functional materials
10.1021/acs.inorgchem.6b01882,publisher_A,https://doi.org/10.1021/acs.inorgchem.6b01882,Functional materials
10.1002/zaac.201400459,publisher_W,https://doi.org/10.1002/zaac.201400459,Crystal engineering
10.1039/c9dt01253b,publisher_R,https://doi.org/10.1039/c9dt01253b,Crystal engineering
10.1021/acssuschemeng.2c00536,publisher_A,https://doi.org/10.1021/acssuschemeng.2c00536,Functional materials
10.1002/zaac.201000354,publisher_W,https://doi.org/10.1002/zaac.201000354,Chemical synthesis
10.1039/c3ce26998a,publisher_R,https://doi.org/10.1039/c3ce26998a,Functional materials
10.1002/zaac.200900516,publisher_W,https://doi.org/10.1002/zaac.200900516,Crystal engineering
10.1039/b819302a,publisher_R,https://doi.org/10.1039/b819302a,Crystal engineering
10.1039/c4ra03077j,publisher_R,https://doi.org/10.1039/c4ra03077j,Crystal engineering
10.1021/cg101494t,publisher_A,https://doi.org/10.1021/cg101494t,Crystal engineering
10.1002/ejic.200501155,publisher_W,https://doi.org/10.1002/ejic.200501155,Crystal engineering
10.1002/zaac.200700073,publisher_W,https://doi.org/10.1002/zaac.200700073,Crystal engineering
10.1039/b909754f,publisher_R,https://doi.org/10.1039/b909754f,Crystal engineering
10.1039/c1ce05208j,publisher_R,https://doi.org/10.1039/c1ce05208j,Crystal engineering
10.1002/jccs.201900257,publisher_W,https://doi.org/10.1002/jccs.201900257,Functional materials
10.1002/zaac.201300240,publisher_W,https://doi.org/10.1002/zaac.201300240,Crystal engineering
10.1039/c5ra04559b,publisher_R,https://doi.org/10.1039/c5ra04559b,Crystal engineering
10.1039/b806360e,publisher_R,https://doi.org/10.1039/b806360e,Crystal engineering
10.1039/c0ce00950d,publisher_R,https://doi.org/10.1039/c0ce00950d,Crystal engineering
10.1002/ejic.200300876,publisher_W,https://doi.org/10.1002/ejic.200300876,Crystal engineering
10.1002/zaac.201400256,publisher_W,https://doi.org/10.1002/zaac.201400256,Functional materials
10.1039/c3ce40946e,publisher_R,https://doi.org/10.1039/c3ce40946e,Functional materials
10.1039/b800255j,publisher_R,https://doi.org/10.1039/b800255j,Chemical synthesis
10.1039/b209491f,publisher_R,https://doi.org/10.1039/b209491f,Crystal engineering
10.1002/zaac.201300686,publisher_W,https://doi.org/10.1002/zaac.201300686,Chemical synthesis
10.1134/S107032841202008X,publisher_S,https://doi.org/10.1134/S107032841202008X,Crystal engineering
10.1134/S1070328411020047,publisher_S,https://doi.org/10.1134/S1070328411020047,Crystal engineering
10.1039/b005438k,publisher_R,https://doi.org/10.1039/b005438k,Crystal engineering
10.1039/c5dt03658e,publisher_R,https://doi.org/10.1039/c5dt03658e,Crystal engineering
10.1021/cm051829l,publisher_A,https://doi.org/10.1021/cm051829l,Crystal engineering
10.1002/cjoc.200890387,publisher_W,https://doi.org/10.1002/cjoc.200890387,Crystal engineering
10.1021/ic051992i,publisher_A,https://doi.org/10.1021/ic051992i,Crystal engineering
10.1002/cjoc.200690141,publisher_W,https://doi.org/10.1002/cjoc.200690141,Chemical synthesis
10.1002/zaac.201300253,publisher_W,https://doi.org/10.1002/zaac.201300253,Crystal engineering
10.1021/cg9006229,publisher_A,https://doi.org/10.1021/cg9006229,Crystal engineering
10.1039/b100921o,publisher_R,https://doi.org/10.1039/b100921o,Chemical synthesis
10.1002/zaac.200800259,publisher_W,https://doi.org/10.1002/zaac.200800259,Chemical synthesis
10.1039/a708520f,publisher_R,https://doi.org/10.1039/a708520f,Chemical synthesis
10.1002/zaac.201200003,publisher_W,https://doi.org/10.1002/zaac.201200003,Crystal engineering
10.1039/c5ra23132a,publisher_R,https://doi.org/10.1039/c5ra23132a,Functional materials
10.1021/cg700758c,publisher_A,https://doi.org/10.1021/cg700758c,Chemical synthesis
10.1021/cg049701o,publisher_A,https://doi.org/10.1021/cg049701o,Crystal engineering
10.1002/cjoc.200890175,publisher_W,https://doi.org/10.1002/cjoc.200890175,Crystal engineering
10.1039/c3ce40099a,publisher_R,https://doi.org/10.1039/c3ce40099a,Crystal engineering
10.1039/c0dt00579g,publisher_R,https://doi.org/10.1039/c0dt00579g,Crystal engineering
10.1039/c2dt30277b,publisher_R,https://doi.org/10.1039/c2dt30277b,Crystal engineering
10.1002/zaac.201200473,publisher_W,https://doi.org/10.1002/zaac.201200473,Crystal engineering
10.1007/s11224-011-9870-4,publisher_S,https://doi.org/10.1007/s11224-011-9870-4,Crystal engineering
10.1002/cjoc.200890291,publisher_W,https://doi.org/10.1002/cjoc.200890291,Crystal engineering
10.1002/zaac.201400398,publisher_W,https://doi.org/10.1002/zaac.201400398,Crystal engineering
10.1021/ic700790h,publisher_A,https://doi.org/10.1021/ic700790h,Functional materials
10.1039/c4dt00456f,publisher_R,https://doi.org/10.1039/c4dt00456f,Crystal engineering
10.1002/chem.201405178,publisher_W,https://doi.org/10.1002/chem.201405178,Crystal engineering
10.1002/zaac.201200325,publisher_W,https://doi.org/10.1002/zaac.201200325,Crystal engineering
10.1021/ic701721t,publisher_A,https://doi.org/10.1021/ic701721t,Crystal engineering
10.1021/ic801221r,publisher_A,https://doi.org/10.1021/ic801221r,Crystal engineering
10.1021/jacs.9b04915,publisher_A,https://doi.org/10.1021/jacs.9b04915,Functional materials
10.1039/d0dt00870b,publisher_R,https://doi.org/10.1039/d0dt00870b,Functional materials
10.1039/c2cc37453f,publisher_R,https://doi.org/10.1039/c2cc37453f,Functional materials
10.1039/d2sc04783g,publisher_R,https://doi.org/10.1039/d2sc04783g,Theory & modeling
10.1039/d2dt03446h,publisher_R,https://doi.org/10.1039/d2dt03446h,Functional materials
10.1021/acsmaterialslett.1c00754,publisher_A,https://doi.org/10.1021/acsmaterialslett.1c00754,Crystal engineering
10.1039/d4ra07458k,publisher_R,https://doi.org/10.1039/d4ra07458k,Functional materials
10.1039/d4dt02609h,publisher_R,https://doi.org/10.1039/d4dt02609h,Crystal engineering
10.1021/cm9014749,publisher_A,https://doi.org/10.1021/cm9014749,Functional materials
10.1039/c9cc02038a,publisher_R,https://doi.org/10.1039/c9cc02038a,Functional materials
10.1021/jacs.1c10973,publisher_A,https://doi.org/10.1021/jacs.1c10973,Functional materials
10.1021/acsami.6b11775,publisher_A,https://doi.org/10.1021/acsami.6b11775,Chemical synthesis
10.1039/c4cc09986a,publisher_R,https://doi.org/10.1039/c4cc09986a,Chemical synthesis
10.1002/aoc.5470,publisher_W,https://doi.org/10.1002/aoc.5470,Functional materials
10.1002/cjoc.202300677,publisher_W,https://doi.org/10.1002/cjoc.202300677,Functional materials
10.1021/acs.cgd.0c00740,publisher_A,https://doi.org/10.1021/acs.cgd.0c00740,Chemical synthesis
10.1002/cphc.201800526,publisher_W,https://doi.org/10.1002/cphc.201800526,Functional materials
10.1021/acsaem.3c02018,publisher_A,https://doi.org/10.1021/acsaem.3c02018,Theory & modeling
10.1021/ja310173e,publisher_A,https://doi.org/10.1021/ja310173e,Theory & modeling
10.1039/c8ce00050f,publisher_R,https://doi.org/10.1039/c8ce00050f,Functional materials
10.1039/d3nj03772j,publisher_R,https://doi.org/10.1039/d3nj03772j,Functional materials
10.1021/ja076877g,publisher_A,https://doi.org/10.1021/ja076877g,Functional materials
10.1002/ejic.201601239,publisher_W,https://doi.org/10.1002/ejic.201601239,Functional materials
10.1002/chem.201406119,publisher_W,https://doi.org/10.1002/chem.201406119,Crystal engineering
10.1021/acsami.2c03607,publisher_A,https://doi.org/10.1021/acsami.2c03607,Functional materials
10.1039/c9tc00067d,publisher_R,https://doi.org/10.1039/c9tc00067d,Functional materials
10.1039/c8cc04326d,publisher_R,https://doi.org/10.1039/c8cc04326d,Functional materials
10.1039/d2cc02639b,publisher_R,https://doi.org/10.1039/d2cc02639b,Functional materials
10.1039/d3ce00228d,publisher_R,https://doi.org/10.1039/d3ce00228d,Functional materials
10.1039/d3ra01571h,publisher_R,https://doi.org/10.1039/d3ra01571h,Functional materials
10.1039/c3ce00017f,publisher_R,https://doi.org/10.1039/c3ce00017f,Crystal engineering
10.1002/ejic.201500133,publisher_W,https://doi.org/10.1002/ejic.201500133,Functional materials
10.1039/c5cc08450d,publisher_R,https://doi.org/10.1039/c5cc08450d,Chemical synthesis
10.1557/s43579-022-00170-z,publisher_S,https://doi.org/10.1557/s43579-022-00170-z,Functional materials
10.1039/c9gc00783k,publisher_R,https://doi.org/10.1039/c9gc00783k,Functional materials
10.1002/aoc.6777,publisher_W,https://doi.org/10.1002/aoc.6777,Functional materials
10.1039/c8dt03196g,publisher_R,https://doi.org/10.1039/c8dt03196g,Functional materials
10.1039/c9me00176j,publisher_R,https://doi.org/10.1039/c9me00176j,Functional materials
10.1039/c1cc15589j,publisher_R,https://doi.org/10.1039/c1cc15589j,Functional materials
10.1021/ic5017092,publisher_A,https://doi.org/10.1021/ic5017092,Crystal engineering
10.1021/acs.cgd.7b00119,publisher_A,https://doi.org/10.1021/acs.cgd.7b00119,Functional materials
10.1021/acs.cgd.8b00575,publisher_A,https://doi.org/10.1021/acs.cgd.8b00575,Functional materials
10.1021/acsami.1c05972,publisher_A,https://doi.org/10.1021/acsami.1c05972,Functional materials
10.1039/c6sc01477a,publisher_R,https://doi.org/10.1039/c6sc01477a,Crystal engineering
10.1039/c0ce00135j,publisher_R,https://doi.org/10.1039/c0ce00135j,Functional materials
10.1002/jctb.5274,publisher_W,https://doi.org/10.1002/jctb.5274,Functional materials
10.1039/d1ce00888a,publisher_R,https://doi.org/10.1039/d1ce00888a,Functional materials
10.1021/jacs.5c07158,publisher_A,https://doi.org/10.1021/jacs.5c07158,Functional materials
10.1002/smll.202101455,publisher_W,https://doi.org/10.1002/smll.202101455,Chemical synthesis
10.1002/aoc.6769,publisher_W,https://doi.org/10.1002/aoc.6769,Functional materials
10.1021/ic402514n,publisher_A,https://doi.org/10.1021/ic402514n,Chemical synthesis
10.1002/chem.201806146,publisher_W,https://doi.org/10.1002/chem.201806146,Functional materials
10.1039/c5nr00257e,publisher_R,https://doi.org/10.1039/c5nr00257e,Chemical synthesis
10.1002/asia.201701189,publisher_W,https://doi.org/10.1002/asia.201701189,Functional materials
10.1021/acs.langmuir.2c01967,publisher_A,https://doi.org/10.1021/acs.langmuir.2c01967,Functional materials
10.1039/c4ce02204a,publisher_R,https://doi.org/10.1039/c4ce02204a,Crystal engineering
10.1039/c7dt02356a,publisher_R,https://doi.org/10.1039/c7dt02356a,Functional materials
10.1021/acs.jpclett.3c02003,publisher_A,https://doi.org/10.1021/acs.jpclett.3c02003,Functional materials
10.1039/d3ta02229c,publisher_R,https://doi.org/10.1039/d3ta02229c,Functional materials
10.1039/c2ce26720a,publisher_R,https://doi.org/10.1039/c2ce26720a,Crystal engineering
10.1021/acs.inorgchem.9b02517,publisher_A,https://doi.org/10.1021/acs.inorgchem.9b02517,Functional materials
10.1021/acs.langmuir.3c00879,publisher_A,https://doi.org/10.1021/acs.langmuir.3c00879,Functional materials
10.1039/c6ta04927c,publisher_R,https://doi.org/10.1039/c6ta04927c,Chemical synthesis
10.1021/acs.inorgchem.9b02999,publisher_A,https://doi.org/10.1021/acs.inorgchem.9b02999,Functional materials
10.1134/S0036023622700097,publisher_S,https://doi.org/10.1134/S0036023622700097,Functional materials
10.1039/b009542g,publisher_R,https://doi.org/10.1039/b009542g,Chemical synthesis
10.1021/acs.inorgchem.4c03067,publisher_A,https://doi.org/10.1021/acs.inorgchem.4c03067,Functional materials
10.1021/cm300439e,publisher_A,https://doi.org/10.1021/cm300439e,Chemical synthesis
10.1039/c5ta00030k,publisher_R,https://doi.org/10.1039/c5ta00030k,Chemical synthesis
10.1002/smll.202005357,publisher_W,https://doi.org/10.1002/smll.202005357,Functional materials
10.1039/c9ra09968a,publisher_R,https://doi.org/10.1039/c9ra09968a,Crystal engineering
10.1039/c3ce41143e,publisher_R,https://doi.org/10.1039/c3ce41143e,Crystal engineering
10.1039/c4nj01506a,publisher_R,https://doi.org/10.1039/c4nj01506a,Crystal engineering
10.1039/c1cp22855b,publisher_R,https://doi.org/10.1039/c1cp22855b,Crystal engineering
10.1021/ic302411r,publisher_A,https://doi.org/10.1021/ic302411r,Functional materials
10.1021/acsmaterialslett.2c00820,publisher_A,https://doi.org/10.1021/acsmaterialslett.2c00820,Functional materials
10.1039/c5ra25465e,publisher_R,https://doi.org/10.1039/c5ra25465e,Functional materials
10.1007/s10854-020-03248-3,publisher_S,https://doi.org/10.1007/s10854-020-03248-3,Functional materials
10.1039/c2cc17190b,publisher_R,https://doi.org/10.1039/c2cc17190b,Chemical synthesis
10.1021/acsami.9b21122,publisher_A,https://doi.org/10.1021/acsami.9b21122,Functional materials
10.1021/acs.inorgchem.2c01398,publisher_A,https://doi.org/10.1021/acs.inorgchem.2c01398,Functional materials
10.1021/acs.inorgchem.4c03337,publisher_A,https://doi.org/10.1021/acs.inorgchem.4c03337,Chemical synthesis
10.1039/c5ra05950j,publisher_R,https://doi.org/10.1039/c5ra05950j,Functional materials
10.1039/c7sc04269h,publisher_R,https://doi.org/10.1039/c7sc04269h,Functional materials
10.1039/c7qi00437k,publisher_R,https://doi.org/10.1039/c7qi00437k,Functional materials
10.1039/c3dt53191k,publisher_R,https://doi.org/10.1039/c3dt53191k,Functional materials
10.1002/ejic.201100213,publisher_W,https://doi.org/10.1002/ejic.201100213,Crystal engineering
10.1021/acscatal.6b02614,publisher_A,https://doi.org/10.1021/acscatal.6b02614,Functional materials
10.1002/ppsc.202000185,publisher_W,https://doi.org/10.1002/ppsc.202000185,Functional materials
10.1039/c9fd00137a,publisher_R,https://doi.org/10.1039/c9fd00137a,Crystal engineering
10.1007/s11581-021-03987-1,publisher_S,https://doi.org/10.1007/s11581-021-03987-1,Functional materials
10.1021/acs.inorgchem.6b02883,publisher_A,https://doi.org/10.1021/acs.inorgchem.6b02883,Functional materials
10.1039/c3ta11548h,publisher_R,https://doi.org/10.1039/c3ta11548h,Functional materials
10.1039/d0dt02642e,publisher_R,https://doi.org/10.1039/d0dt02642e,Functional materials
10.1039/b509746k,publisher_R,https://doi.org/10.1039/b509746k,Crystal engineering
10.1021/acs.inorgchem.9b01128,publisher_A,https://doi.org/10.1021/acs.inorgchem.9b01128,Crystal engineering
10.1039/c1dt10901d,publisher_R,https://doi.org/10.1039/c1dt10901d,Functional materials
10.1021/ic060074x,publisher_A,https://doi.org/10.1021/ic060074x,Functional materials
10.1021/cg5007499,publisher_A,https://doi.org/10.1021/cg5007499,Crystal engineering
10.1039/c3ce41123k,publisher_R,https://doi.org/10.1039/c3ce41123k,Functional materials
10.1039/b817972g,publisher_R,https://doi.org/10.1039/b817972g,Crystal engineering
10.1021/acs.cgd.6b01538,publisher_A,https://doi.org/10.1021/acs.cgd.6b01538,Functional materials
10.1021/acsami.1c09074,publisher_A,https://doi.org/10.1021/acsami.1c09074,Crystal engineering
10.1039/d3ra01175e,publisher_R,https://doi.org/10.1039/d3ra01175e,Functional materials
10.1002/anie.202013885,publisher_W,https://doi.org/10.1002/anie.202013885,Crystal engineering
10.1039/b402715a,publisher_R,https://doi.org/10.1039/b402715a,Functional materials
10.1007/s11164-016-2676-7,publisher_S,https://doi.org/10.1007/s11164-016-2676-7,Functional materials
10.1021/ic060004q,publisher_A,https://doi.org/10.1021/ic060004q,Crystal engineering
10.1021/acs.cgd.5b01716,publisher_A,https://doi.org/10.1021/acs.cgd.5b01716,Chemical synthesis
10.1021/acs.cgd.6b01054,publisher_A,https://doi.org/10.1021/acs.cgd.6b01054,Crystal engineering
10.1021/ic050644d,publisher_A,https://doi.org/10.1021/ic050644d,Crystal engineering
10.1002/zaac.200600273,publisher_W,https://doi.org/10.1002/zaac.200600273,Crystal engineering
10.1039/d0dt00387e,publisher_R,https://doi.org/10.1039/d0dt00387e,Crystal engineering
10.1021/acs.chemmater.2c01481,publisher_A,https://doi.org/10.1021/acs.chemmater.2c01481,Crystal engineering
10.1021/acsami.1c04785,publisher_A,https://doi.org/10.1021/acsami.1c04785,Functional materials
10.1134/S1070328417100086,publisher_S,https://doi.org/10.1134/S1070328417100086,Crystal engineering
10.1021/ic100928t,publisher_A,https://doi.org/10.1021/ic100928t,Crystal engineering
10.1039/d0tc00736f,publisher_R,https://doi.org/10.1039/d0tc00736f,Functional materials
10.1002/adma.202210613,publisher_W,https://doi.org/10.1002/adma.202210613,Chemical synthesis
10.1021/acs.inorgchem.0c00991,publisher_A,https://doi.org/10.1021/acs.inorgchem.0c00991,Crystal engineering
10.1021/acs.cgd.5c00040,publisher_A,https://doi.org/10.1021/acs.cgd.5c00040,Crystal engineering
10.1021/acs.jpcc.7b11012,publisher_A,https://doi.org/10.1021/acs.jpcc.7b11012,Crystal engineering
10.1039/c0dt01024c,publisher_R,https://doi.org/10.1039/c0dt01024c,Crystal engineering
10.1002/ejic.2003.00594,publisher_W,https://doi.org/10.1002/ejic.2003.00594,Crystal engineering
10.1039/b717376h,publisher_R,https://doi.org/10.1039/b717376h,Crystal engineering
10.1021/acs.cgd.5b01594,publisher_A,https://doi.org/10.1021/acs.cgd.5b01594,Crystal engineering
10.1021/cg301096d,publisher_A,https://doi.org/10.1021/cg301096d,Crystal engineering
10.1039/c1ra00164g,publisher_R,https://doi.org/10.1039/c1ra00164g,Crystal engineering
10.1039/c4ce01095g,publisher_R,https://doi.org/10.1039/c4ce01095g,Chemical synthesis
10.1002/ejic.201701474,publisher_W,https://doi.org/10.1002/ejic.201701474,Functional materials
10.1021/acscatal.0c00591,publisher_A,https://doi.org/10.1021/acscatal.0c00591,Functional materials
10.1021/acs.chemmater.5b00614,publisher_A,https://doi.org/10.1021/acs.chemmater.5b00614,Crystal engineering
10.1021/acs.cgd.5b01509,publisher_A,https://doi.org/10.1021/acs.cgd.5b01509,Crystal engineering
10.1039/c9ta00825j,publisher_R,https://doi.org/10.1039/c9ta00825j,Functional materials
10.1002/ejic.202200646,publisher_W,https://doi.org/10.1002/ejic.202200646,Functional materials
10.1002/cctc.202200994,publisher_W,https://doi.org/10.1002/cctc.202200994,Functional materials
10.1002/anie.201508763,publisher_W,https://doi.org/10.1002/anie.201508763,Crystal engineering
10.1002/slct.202304855,publisher_W,https://doi.org/10.1002/slct.202304855,Functional materials
10.1021/cg900349c,publisher_A,https://doi.org/10.1021/cg900349c,Functional materials
10.1002/anie.202303903,publisher_W,https://doi.org/10.1002/anie.202303903,Functional materials
10.1002/admi.202100586,publisher_W,https://doi.org/10.1002/admi.202100586,Functional materials
10.1039/c5dt01151e,publisher_R,https://doi.org/10.1039/c5dt01151e,Crystal engineering
10.1039/c3qi00093a,publisher_R,https://doi.org/10.1039/c3qi00093a,Chemical synthesis
10.1021/acs.chemmater.3c01112,publisher_A,https://doi.org/10.1021/acs.chemmater.3c01112,Functional materials
10.1021/acs.inorgchem.2c01294,publisher_A,https://doi.org/10.1021/acs.inorgchem.2c01294,Crystal engineering
10.1021/acs.inorgchem.4c00217,publisher_A,https://doi.org/10.1021/acs.inorgchem.4c00217,Functional materials
10.1039/c4dt02714k,publisher_R,https://doi.org/10.1039/c4dt02714k,Functional materials
10.1021/acs.inorgchem.8b03148,publisher_A,https://doi.org/10.1021/acs.inorgchem.8b03148,Crystal engineering
10.1039/b909683c,publisher_R,https://doi.org/10.1039/b909683c,Crystal engineering
10.1039/c8ta07349j,publisher_R,https://doi.org/10.1039/c8ta07349j,Functional materials
10.1021/acs.cgd.6b00051,publisher_A,https://doi.org/10.1021/acs.cgd.6b00051,Crystal engineering
10.1039/c2ce25202c,publisher_R,https://doi.org/10.1039/c2ce25202c,Crystal engineering
10.1021/acs.cgd.7b00274,publisher_A,https://doi.org/10.1021/acs.cgd.7b00274,Crystal engineering
10.1021/acs.inorgchem.0c03586,publisher_A,https://doi.org/10.1021/acs.inorgchem.0c03586,Functional materials
10.1039/c9ce01669d,publisher_R,https://doi.org/10.1039/c9ce01669d,Crystal engineering
10.1021/la401323t,publisher_A,https://doi.org/10.1021/la401323t,Functional materials
10.1039/c8dt02983k,publisher_R,https://doi.org/10.1039/c8dt02983k,Crystal engineering
10.1039/c1dt10985e,publisher_R,https://doi.org/10.1039/c1dt10985e,Functional materials
10.1021/jacs.9b01789,publisher_A,https://doi.org/10.1021/jacs.9b01789,Crystal engineering
10.1021/cg401692e,publisher_A,https://doi.org/10.1021/cg401692e,Crystal engineering
10.1021/acsami.0c07890,publisher_A,https://doi.org/10.1021/acsami.0c07890,Functional materials
10.1039/c7ce00219j,publisher_R,https://doi.org/10.1039/c7ce00219j,Functional materials
10.1039/d0nj03628e,publisher_R,https://doi.org/10.1039/d0nj03628e,Functional materials
10.1039/d3qi00102d,publisher_R,https://doi.org/10.1039/d3qi00102d,Functional materials
10.1021/ja3085884,publisher_A,https://doi.org/10.1021/ja3085884,Functional materials
10.1002/ejic.202400101,publisher_W,https://doi.org/10.1002/ejic.202400101,Functional materials
10.1021/acs.inorgchem.6b01060,publisher_A,https://doi.org/10.1021/acs.inorgchem.6b01060,Functional materials
10.1039/c8ce00848e,publisher_R,https://doi.org/10.1039/c8ce00848e,Crystal engineering
10.1039/c9dt02463h,publisher_R,https://doi.org/10.1039/c9dt02463h,Crystal engineering
10.1021/ic200381f,publisher_A,https://doi.org/10.1021/ic200381f,Chemical synthesis
10.1039/c7ce01067b,publisher_R,https://doi.org/10.1039/c7ce01067b,Crystal engineering
10.1002/zaac.201800354,publisher_W,https://doi.org/10.1002/zaac.201800354,Chemical synthesis
10.1021/acsami.2c18510,publisher_A,https://doi.org/10.1021/acsami.2c18510,Functional materials
10.1039/d1dt03514b,publisher_R,https://doi.org/10.1039/d1dt03514b,Crystal engineering
10.1039/c2dt30372h,publisher_R,https://doi.org/10.1039/c2dt30372h,Functional materials
10.1039/d1cc05306j,publisher_R,https://doi.org/10.1039/d1cc05306j,Functional materials
10.1021/acsomega.3c09135,publisher_A,https://doi.org/10.1021/acsomega.3c09135,Functional materials
10.1021/acsami.3c06326,publisher_A,https://doi.org/10.1021/acsami.3c06326,Chemical synthesis
10.1039/c6ce01842d,publisher_R,https://doi.org/10.1039/c6ce01842d,Functional materials
10.1021/acs.cgd.5b01680,publisher_A,https://doi.org/10.1021/acs.cgd.5b01680,Crystal engineering
10.1039/d4dt00209a,publisher_R,https://doi.org/10.1039/d4dt00209a,Functional materials
10.1021/acs.langmuir.2c02412,publisher_A,https://doi.org/10.1021/acs.langmuir.2c02412,Functional materials
10.1021/cg501855k,publisher_A,https://doi.org/10.1021/cg501855k,Crystal engineering
10.1007/s10934-017-0498-7,publisher_S,https://doi.org/10.1007/s10934-017-0498-7,Functional materials
10.1021/acsami.7b18620,publisher_A,https://doi.org/10.1021/acsami.7b18620,Functional materials
10.1021/acs.inorgchem.9b03648,publisher_A,https://doi.org/10.1021/acs.inorgchem.9b03648,Functional materials
10.1039/c0dt01701a,publisher_R,https://doi.org/10.1039/c0dt01701a,Crystal engineering
10.1021/ic9010778,publisher_A,https://doi.org/10.1021/ic9010778,Crystal engineering
10.1002/anie.201905869,publisher_W,https://doi.org/10.1002/anie.201905869,Functional materials
10.1021/acsami.8b19211,publisher_A,https://doi.org/10.1021/acsami.8b19211,Crystal engineering
10.1021/acs.cgd.5b00411,publisher_A,https://doi.org/10.1021/acs.cgd.5b00411,Crystal engineering
10.1039/d0cc07974j,publisher_R,https://doi.org/10.1039/d0cc07974j,Functional materials
10.1021/ic302011x,publisher_A,https://doi.org/10.1021/ic302011x,Functional materials
10.1021/acs.cgd.9b00840,publisher_A,https://doi.org/10.1021/acs.cgd.9b00840,Crystal engineering
10.1039/c4ra06522k,publisher_R,https://doi.org/10.1039/c4ra06522k,Functional materials
10.1039/c1dt11099c,publisher_R,https://doi.org/10.1039/c1dt11099c,Crystal engineering
10.1021/acs.cgd.0c01108,publisher_A,https://doi.org/10.1021/acs.cgd.0c01108,Crystal engineering
10.1021/acs.cgd.2c00229,publisher_A,https://doi.org/10.1021/acs.cgd.2c00229,Functional materials
10.1021/ic201376t,publisher_A,https://doi.org/10.1021/ic201376t,Crystal engineering
10.1039/c7cc04222a,publisher_R,https://doi.org/10.1039/c7cc04222a,Crystal engineering
10.1002/ejic.201200345,publisher_W,https://doi.org/10.1002/ejic.201200345,Crystal engineering
10.1021/cm404155s,publisher_A,https://doi.org/10.1021/cm404155s,Functional materials
10.1039/c0cc02990d,publisher_R,https://doi.org/10.1039/c0cc02990d,Crystal engineering
10.1039/c5qi00135h,publisher_R,https://doi.org/10.1039/c5qi00135h,Crystal engineering
10.1002/anie.202422635,publisher_W,https://doi.org/10.1002/anie.202422635,Functional materials
10.1002/ejic.202200562,publisher_W,https://doi.org/10.1002/ejic.202200562,Functional materials
10.1002/chem.201902274,publisher_W,https://doi.org/10.1002/chem.201902274,Functional materials
10.1021/ja5042226,publisher_A,https://doi.org/10.1021/ja5042226,Functional materials
10.1021/jacs.3c12866,publisher_A,https://doi.org/10.1021/jacs.3c12866,Chemical synthesis
10.1039/d0ay01457e,publisher_R,https://doi.org/10.1039/d0ay01457e,Chemical synthesis
10.1039/c6ce00006a,publisher_R,https://doi.org/10.1039/c6ce00006a,Crystal engineering
10.1021/jacs.9b03269,publisher_A,https://doi.org/10.1021/jacs.9b03269,Crystal engineering
10.1021/acs.chemmater.3c02121,publisher_A,https://doi.org/10.1021/acs.chemmater.3c02121,Functional materials
10.1039/c6ta03314h,publisher_R,https://doi.org/10.1039/c6ta03314h,Functional materials
10.1021/jacs.0c05074,publisher_A,https://doi.org/10.1021/jacs.0c05074,Crystal engineering
10.1039/c7ta00413c,publisher_R,https://doi.org/10.1039/c7ta00413c,Chemical synthesis
10.1007/s11144-024-02787-8,publisher_S,https://doi.org/10.1007/s11144-024-02787-8,Functional materials
10.1039/c6ce02664h,publisher_R,https://doi.org/10.1039/c6ce02664h,Functional materials
10.1021/acs.jchemed.9b00337,publisher_A,https://doi.org/10.1021/acs.jchemed.9b00337,Functional materials
10.1002/open.201900146,publisher_W,https://doi.org/10.1002/open.201900146,Chemical synthesis
10.1002/ejic.201402099,publisher_W,https://doi.org/10.1002/ejic.201402099,Crystal engineering
10.1021/acs.cgd.0c00611,publisher_A,https://doi.org/10.1021/acs.cgd.0c00611,Crystal engineering
10.1039/c6dt02646j,publisher_R,https://doi.org/10.1039/c6dt02646j,Crystal engineering
10.1039/c4ce00923a,publisher_R,https://doi.org/10.1039/c4ce00923a,Functional materials
10.1039/c2dt32674d,publisher_R,https://doi.org/10.1039/c2dt32674d,Crystal engineering
10.1021/cg300476e,publisher_A,https://doi.org/10.1021/cg300476e,Crystal engineering
10.1021/ic501395p,publisher_A,https://doi.org/10.1021/ic501395p,Crystal engineering
10.1039/c3ce41060a,publisher_R,https://doi.org/10.1039/c3ce41060a,Functional materials
10.1039/c4tc02893g,publisher_R,https://doi.org/10.1039/c4tc02893g,Functional materials
10.1039/c7dt01056g,publisher_R,https://doi.org/10.1039/c7dt01056g,Functional materials
10.1039/c5nj01930c,publisher_R,https://doi.org/10.1039/c5nj01930c,Crystal engineering
10.1039/c3ce41370e,publisher_R,https://doi.org/10.1039/c3ce41370e,Crystal engineering
10.1021/acs.inorgchem.3c03064,publisher_A,https://doi.org/10.1021/acs.inorgchem.3c03064,Crystal engineering
10.1039/c6ra14896d,publisher_R,https://doi.org/10.1039/c6ra14896d,Crystal engineering
10.1021/acs.cgd.2c00635,publisher_A,https://doi.org/10.1021/acs.cgd.2c00635,Functional materials
10.1039/c0ce00013b,publisher_R,https://doi.org/10.1039/c0ce00013b,Crystal engineering
10.1039/c6ce00321d,publisher_R,https://doi.org/10.1039/c6ce00321d,Crystal engineering
10.1021/acs.inorgchem.9b02177,publisher_A,https://doi.org/10.1021/acs.inorgchem.9b02177,Crystal engineering
10.1002/asia.202401213,publisher_W,https://doi.org/10.1002/asia.202401213,Functional materials
10.1039/d0ce00947d,publisher_R,https://doi.org/10.1039/d0ce00947d,Crystal engineering
10.1021/acs.inorgchem.8b00720,publisher_A,https://doi.org/10.1021/acs.inorgchem.8b00720,Functional materials
10.1002/slct.201600774,publisher_W,https://doi.org/10.1002/slct.201600774,Crystal engineering
10.1021/acs.inorgchem.9b00925,publisher_A,https://doi.org/10.1021/acs.inorgchem.9b00925,Crystal engineering
10.1039/c1ce05698k,publisher_R,https://doi.org/10.1039/c1ce05698k,Crystal engineering
10.1186/s13065-022-00886-y,unmapped,https://doi.org/10.1186/s13065-022-00886-y,Functional materials
10.1021/acs.inorgchem.0c01533,publisher_A,https://doi.org/10.1021/acs.inorgchem.0c01533,Crystal engineering
10.1021/acs.cgd.8b01347,publisher_A,https://doi.org/10.1021/acs.cgd.8b01347,Crystal engineering
10.1021/acscentsci.0c01488,publisher_A,https://doi.org/10.1021/acscentsci.0c01488,Chemical synthesis
10.1021/acsmaterialslett.0c00456,publisher_A,https://doi.org/10.1021/acsmaterialslett.0c00456,Crystal engineering
10.1039/c5cc04636j,publisher_R,https://doi.org/10.1039/c5cc04636j,Chemical synthesis
10.1021/acsami.7b02887,publisher_A,https://doi.org/10.1021/acsami.7b02887,Chemical synthesis
10.1021/acs.cgd.2c00174,publisher_A,https://doi.org/10.1021/acs.cgd.2c00174,Crystal engineering
10.1039/d1nj01913a,publisher_R,https://doi.org/10.1039/d1nj01913a,Functional materials
10.1039/c0ce00792g,publisher_R,https://doi.org/10.1039/c0ce00792g,Crystal engineering
10.1021/acs.chemmater.9b02868,publisher_A,https://doi.org/10.1021/acs.chemmater.9b02868,Functional materials
10.1039/c5ta06838j,publisher_R,https://doi.org/10.1039/c5ta06838j,Chemical synthesis
10.1039/b618762e,publisher_R,https://doi.org/10.1039/b618762e,Functional materials
10.1039/d4tc04758c,publisher_R,https://doi.org/10.1039/d4tc04758c,Functional materials
10.1021/acs.cgd.9b00759,publisher_A,https://doi.org/10.1021/acs.cgd.9b00759,Crystal engineering
10.1021/jacs.1c12117,publisher_A,https://doi.org/10.1021/jacs.1c12117,Functional materials
10.1021/jacs.4c06046,publisher_A,https://doi.org/10.1021/jacs.4c06046,Crystal engineering
10.1002/anie.202417664,publisher_W,https://doi.org/10.1002/anie.202417664,Functional materials
10.1021/acs.inorgchem.2c00427,publisher_A,https://doi.org/10.1021/acs.inorgchem.2c00427,Crystal engineering
10.1002/adfm.202504916,publisher_W,https://doi.org/10.1002/adfm.202504916,Chemical synthesis
10.1021/acs.chemmater.2c00242,publisher_A,https://doi.org/10.1021/acs.chemmater.2c00242,Functional materials
10.1002/chem.201603299,publisher_W,https://doi.org/10.1002/chem.201603299,Functional materials
10.1002/smll.202410680,publisher_W,https://doi.org/10.1002/smll.202410680,Functional materials
10.1021/acs.cgd.2c01003,publisher_A,https://doi.org/10.1021/acs.cgd.2c01003,Functional materials
10.1021/acs.inorgchem.7b01657,publisher_A,https://doi.org/10.1021/acs.inorgchem.7b01657,Crystal engineering
10.1021/acs.nanolett.1c04574,publisher_A,https://doi.org/10.1021/acs.nanolett.1c04574,Chemical synthesis
10.1021/acs.inorgchem.6b01419,publisher_A,https://doi.org/10.1021/acs.inorgchem.6b01419,Functional materials
10.1021/acs.inorgchem.2c04158,publisher_A,https://doi.org/10.1021/acs.inorgchem.2c04158,Functional materials
10.1039/c1ce05396e,publisher_R,https://doi.org/10.1039/c1ce05396e,Crystal engineering
10.1021/jacs.9b06179,publisher_A,https://doi.org/10.1021/jacs.9b06179,Crystal engineering
10.1002/cctc.201300032,publisher_W,https://doi.org/10.1002/cctc.201300032,Functional materials
10.1039/d3qi01120h,publisher_R,https://doi.org/10.1039/d3qi01120h,Functional materials
10.1039/c8fd00194d,publisher_R,https://doi.org/10.1039/c8fd00194d,Functional materials
10.1021/acs.inorgchem.5c00352,publisher_A,https://doi.org/10.1021/acs.inorgchem.5c00352,Functional materials
10.1021/acs.inorgchem.8b03025,publisher_A,https://doi.org/10.1021/acs.inorgchem.8b03025,Crystal engineering
10.1021/acs.inorgchem.1c03988,publisher_A,https://doi.org/10.1021/acs.inorgchem.1c03988,Crystal engineering
10.1039/d4ta00491d,publisher_R,https://doi.org/10.1039/d4ta00491d,Functional materials
10.1039/c3ce40594j,publisher_R,https://doi.org/10.1039/c3ce40594j,Crystal engineering
10.1039/d1qi01562a,publisher_R,https://doi.org/10.1039/d1qi01562a,Functional materials
10.1002/anie.202207786,publisher_W,https://doi.org/10.1002/anie.202207786,Functional materials
10.1002/smll.202206988,publisher_W,https://doi.org/10.1002/smll.202206988,Functional materials
10.1002/cctc.201801293,publisher_W,https://doi.org/10.1002/cctc.201801293,Functional materials
10.1002/cctc.201701984,publisher_W,https://doi.org/10.1002/cctc.201701984,Functional materials
10.1021/acsomega.0c05225,publisher_A,https://doi.org/10.1021/acsomega.0c05225,Functional materials
10.1002/smll.202407051,publisher_W,https://doi.org/10.1002/smll.202407051,Crystal engineering
10.1039/c6cc05154e,publisher_R,https://doi.org/10.1039/c6cc05154e,Functional materials
10.1021/cg101251a,publisher_A,https://doi.org/10.1021/cg101251a,Crystal engineering
10.1021/acs.jpcc.7b09105,publisher_A,https://doi.org/10.1021/acs.jpcc.7b09105,Theory & modeling
10.1021/cg8014157,publisher_A,https://doi.org/10.1021/cg8014157,Chemical synthesis
10.1039/c1cc12213d,publisher_R,https://doi.org/10.1039/c1cc12213d,Chemical synthesis
10.1021/cg800640u,publisher_A,https://doi.org/10.1021/cg800640u,Crystal engineering
10.1039/c9ce01026b,publisher_R,https://doi.org/10.1039/c9ce01026b,Functional materials
10.1039/d0dt01730b,publisher_R,https://doi.org/10.1039/d0dt01730b,Functional materials
10.1021/acs.inorgchem.0c03751,publisher_A,https://doi.org/10.1021/acs.inorgchem.0c03751,Functional materials
10.1002/slct.201802739,publisher_W,https://doi.org/10.1002/slct.201802739,Chemical synthesis
10.1002/ejic.201403243,publisher_W,https://doi.org/10.1002/ejic.201403243,Crystal engineering
10.1039/c7dt01223c,publisher_R,https://doi.org/10.1039/c7dt01223c,Chemical synthesis
10.1021/acs.cgd.7b00598,publisher_A,https://doi.org/10.1021/acs.cgd.7b00598,Crystal engineering
10.1039/c3ce40869h,publisher_R,https://doi.org/10.1039/c3ce40869h,Functional materials
10.1021/acs.inorgchem.9b00396,publisher_A,https://doi.org/10.1021/acs.inorgchem.9b00396,Functional materials
10.1002/slct.201902890,publisher_W,https://doi.org/10.1002/slct.201902890,Functional materials
10.1039/c8tc04442b,publisher_R,https://doi.org/10.1039/c8tc04442b,Functional materials
10.1021/cg800531y,publisher_A,https://doi.org/10.1021/cg800531y,Functional materials
10.1039/d0ce00895h,publisher_R,https://doi.org/10.1039/d0ce00895h,Functional materials
10.1039/c7dt01790a,publisher_R,https://doi.org/10.1039/c7dt01790a,Functional materials
10.1039/c4dt03794d,publisher_R,https://doi.org/10.1039/c4dt03794d,Crystal engineering
10.1039/c2ce06546k,publisher_R,https://doi.org/10.1039/c2ce06546k,Crystal engineering
10.1021/acs.inorgchem.4c05544,publisher_A,https://doi.org/10.1021/acs.inorgchem.4c05544,Functional materials
10.1039/c9nj00021f,publisher_R,https://doi.org/10.1039/c9nj00021f,Functional materials
10.1021/acsami.0c02829,publisher_A,https://doi.org/10.1021/acsami.0c02829,Crystal engineering
10.1039/d0ce00155d,publisher_R,https://doi.org/10.1039/d0ce00155d,Functional materials
10.1021/ic3020223,publisher_A,https://doi.org/10.1021/ic3020223,Functional materials
10.1021/cg070599f,publisher_A,https://doi.org/10.1021/cg070599f,Functional materials
10.1021/acs.inorgchem.1c03040,publisher_A,https://doi.org/10.1021/acs.inorgchem.1c03040,Functional materials
10.1002/ejic.200400321,publisher_W,https://doi.org/10.1002/ejic.200400321,Functional materials
10.1039/c3ce41268g,publisher_R,https://doi.org/10.1039/c3ce41268g,Functional materials
10.1039/d3ra08873a,publisher_R,https://doi.org/10.1039/d3ra08873a,Theory & modeling
10.1002/adfm.202214262,publisher_W,https://doi.org/10.1002/adfm.202214262,Chemical synthesis
10.1039/c0jm00515k,publisher_R,https://doi.org/10.1039/c0jm00515k,Chemical synthesis
10.1039/c5dt01894c,publisher_R,https://doi.org/10.1039/c5dt01894c,Crystal engineering
10.1039/d0nr02230f,publisher_R,https://doi.org/10.1039/d0nr02230f,Functional materials
10.1007/s11164-024-05361-y,publisher_S,https://doi.org/10.1007/s11164-024-05361-y,Functional materials
10.1039/c6ra24574a,publisher_R,https://doi.org/10.1039/c6ra24574a,Functional materials
10.1021/ic200592s,publisher_A,https://doi.org/10.1021/ic200592s,Crystal engineering
10.1039/c7ce01510k,publisher_R,https://doi.org/10.1039/c7ce01510k,Functional materials
10.1039/d4dt00626g,publisher_R,https://doi.org/10.1039/d4dt00626g,Crystal engineering
10.1039/c2dt31135f,publisher_R,https://doi.org/10.1039/c2dt31135f,Functional materials
10.1021/acsanm.3c02692,publisher_A,https://doi.org/10.1021/acsanm.3c02692,Functional materials
10.1021/acsomega.3c04863,publisher_A,https://doi.org/10.1021/acsomega.3c04863,Functional materials
10.1021/acsami.1c11815,publisher_A,https://doi.org/10.1021/acsami.1c11815,Functional materials
10.1002/slct.202000455,publisher_W,https://doi.org/10.1002/slct.202000455,Functional materials
10.1039/b922750d,publisher_R,https://doi.org/10.1039/b922750d,Crystal engineering
10.1021/ic502772k,publisher_A,https://doi.org/10.1021/ic502772k,Functional materials
10.1039/c1dt11692d,publisher_R,https://doi.org/10.1039/c1dt11692d,Crystal engineering
10.1002/ejic.202400785,publisher_W,https://doi.org/10.1002/ejic.202400785,Functional materials
10.1002/admi.202102086,publisher_W,https://doi.org/10.1002/admi.202102086,Functional materials
10.1007/s10562-024-04881-x,publisher_S,https://doi.org/10.1007/s10562-024-04881-x,Chemical synthesis
10.1002/advs.202416540,publisher_W,https://doi.org/10.1002/advs.202416540,Functional materials
10.1039/c4cc09694k,publisher_R,https://doi.org/10.1039/c4cc09694k,Chemical synthesis
10.1021/acsami.7b17756,publisher_A,https://doi.org/10.1021/acsami.7b17756,Functional materials
10.1021/acs.inorgchem.1c01026,publisher_A,https://doi.org/10.1021/acs.inorgchem.1c01026,Crystal engineering
10.1039/c3ce40442k,publisher_R,https://doi.org/10.1039/c3ce40442k,Crystal engineering
10.1039/c9en00018f,publisher_R,https://doi.org/10.1039/c9en00018f,Functional materials
10.1021/jacs.4c15936,publisher_A,https://doi.org/10.1021/jacs.4c15936,Crystal engineering
10.1021/jacs.8b11230,publisher_A,https://doi.org/10.1021/jacs.8b11230,Crystal engineering
10.1021/acsami.8b06340,publisher_A,https://doi.org/10.1021/acsami.8b06340,Functional materials
10.1021/acsami.3c05397,publisher_A,https://doi.org/10.1021/acsami.3c05397,Functional materials
10.1002/sstr.202300055,publisher_W,https://doi.org/10.1002/sstr.202300055,Functional materials
10.1039/c6dt03755k,publisher_R,https://doi.org/10.1039/c6dt03755k,Functional materials
10.1021/acssuschemeng.8b03180,publisher_A,https://doi.org/10.1021/acssuschemeng.8b03180,Chemical synthesis
10.1039/c6ce01287f,publisher_R,https://doi.org/10.1039/c6ce01287f,Crystal engineering
10.1007/s10562-016-1768-8,publisher_S,https://doi.org/10.1007/s10562-016-1768-8,Functional materials
10.1039/c4ce02324b,publisher_R,https://doi.org/10.1039/c4ce02324b,Crystal engineering
10.1039/d0dt02949a,publisher_R,https://doi.org/10.1039/d0dt02949a,Functional materials
10.1021/acs.chemmater.5b01140,publisher_A,https://doi.org/10.1021/acs.chemmater.5b01140,Functional materials
10.1039/c5ce00886g,publisher_R,https://doi.org/10.1039/c5ce00886g,Crystal engineering
10.1039/c6ra26855b,publisher_R,https://doi.org/10.1039/c6ra26855b,Crystal engineering
10.1002/cjoc.201500640,publisher_W,https://doi.org/10.1002/cjoc.201500640,Crystal engineering
10.1021/cg050671e,publisher_A,https://doi.org/10.1021/cg050671e,Crystal engineering
10.1021/cg0702333,publisher_A,https://doi.org/10.1021/cg0702333,Crystal engineering
10.1039/d1dt04278e,publisher_R,https://doi.org/10.1039/d1dt04278e,Crystal engineering
10.1002/cplu.201600158,publisher_W,https://doi.org/10.1002/cplu.201600158,Functional materials
10.1002/adma.202407154,publisher_W,https://doi.org/10.1002/adma.202407154,Functional materials
10.1021/ic051925o,publisher_A,https://doi.org/10.1021/ic051925o,Crystal engineering
10.1039/c0nj00436g,publisher_R,https://doi.org/10.1039/c0nj00436g,Crystal engineering
10.1039/b912972n,publisher_R,https://doi.org/10.1039/b912972n,Crystal engineering
10.1002/ejic.201900398,publisher_W,https://doi.org/10.1002/ejic.201900398,Functional materials
10.1021/cg900676x,publisher_A,https://doi.org/10.1021/cg900676x,Crystal engineering
10.1021/acs.inorgchem.5b01053,publisher_A,https://doi.org/10.1021/acs.inorgchem.5b01053,Crystal engineering
10.1002/anie.201802694,publisher_W,https://doi.org/10.1002/anie.201802694,Chemical synthesis
10.1002/slct.202001730,publisher_W,https://doi.org/10.1002/slct.202001730,Crystal engineering
10.1002/ejoc.201600991,publisher_W,https://doi.org/10.1002/ejoc.201600991,Functional materials
10.1021/acs.inorgchem.6b00522,publisher_A,https://doi.org/10.1021/acs.inorgchem.6b00522,Functional materials
10.1021/acsmaterialslett.3c00326,publisher_A,https://doi.org/10.1021/acsmaterialslett.3c00326,Theory & modeling
10.1002/adhm.201800950,publisher_W,https://doi.org/10.1002/adhm.201800950,Functional materials
10.1007/s11164-024-05240-6,publisher_S,https://doi.org/10.1007/s11164-024-05240-6,Functional materials
10.1021/acsami.9b01286,publisher_A,https://doi.org/10.1021/acsami.9b01286,Chemical synthesis
10.1021/acsami.4c09747,publisher_A,https://doi.org/10.1021/acsami.4c09747,Crystal engineering
10.1021/acs.cgd.2c00762,publisher_A,https://doi.org/10.1021/acs.cgd.2c00762,Crystal engineering
10.1039/d2ce00268j,publisher_R,https://doi.org/10.1039/d2ce00268j,Crystal engineering
10.1021/acsomega.6b00385,publisher_A,https://doi.org/10.1021/acsomega.6b00385,Functional materials
10.1039/c7ta08281a,publisher_R,https://doi.org/10.1039/c7ta08281a,Functional materials
10.1021/acsami.8b11972,publisher_A,https://doi.org/10.1021/acsami.8b11972,Functional materials
10.1021/acs.inorgchem.2c00367,publisher_A,https://doi.org/10.1021/acs.inorgchem.2c00367,Crystal engineering
10.1039/d3nj05260e,publisher_R,https://doi.org/10.1039/d3nj05260e,Functional materials
10.1002/anie.202411086,publisher_W,https://doi.org/10.1002/anie.202411086,Functional materials
10.1002/aoc.5905,publisher_W,https://doi.org/10.1002/aoc.5905,Functional materials
10.1021/cg400369a,publisher_A,https://doi.org/10.1021/cg400369a,Crystal engineering
10.1007/s11172-020-2877-5,publisher_S,https://doi.org/10.1007/s11172-020-2877-5,Crystal engineering
10.1021/acs.cgd.8b01589,publisher_A,https://doi.org/10.1021/acs.cgd.8b01589,Functional materials
10.1002/ejic.201403149,publisher_W,https://doi.org/10.1002/ejic.201403149,Functional materials
10.1002/aoc.7663,publisher_W,https://doi.org/10.1002/aoc.7663,Functional materials
10.1021/cg9010482,publisher_A,https://doi.org/10.1021/cg9010482,Crystal engineering
10.1021/cg300541n,publisher_A,https://doi.org/10.1021/cg300541n,Crystal engineering
10.1039/c7dt04566b,publisher_R,https://doi.org/10.1039/c7dt04566b,Crystal engineering
10.1039/c4dt02342k,publisher_R,https://doi.org/10.1039/c4dt02342k,Crystal engineering
10.1039/b809557d,publisher_R,https://doi.org/10.1039/b809557d,Crystal engineering
10.1039/c0ce00315h,publisher_R,https://doi.org/10.1039/c0ce00315h,Crystal engineering
10.1021/ic201883f,publisher_A,https://doi.org/10.1021/ic201883f,Crystal engineering
10.1007/s10853-020-04937-4,publisher_S,https://doi.org/10.1007/s10853-020-04937-4,Crystal engineering
10.1039/c3dt51736e,publisher_R,https://doi.org/10.1039/c3dt51736e,Crystal engineering
10.1039/c2ce06415d,publisher_R,https://doi.org/10.1039/c2ce06415d,Crystal engineering
10.1021/ic701346x,publisher_A,https://doi.org/10.1021/ic701346x,Crystal engineering
10.1039/d1ce00647a,publisher_R,https://doi.org/10.1039/d1ce00647a,Crystal engineering
10.1039/c2ce25912e,publisher_R,https://doi.org/10.1039/c2ce25912e,Theory & modeling
10.1039/b708389k,publisher_R,https://doi.org/10.1039/b708389k,Crystal engineering
10.1039/c7dt01306j,publisher_R,https://doi.org/10.1039/c7dt01306j,Functional materials
10.1002/chem.201101963,publisher_W,https://doi.org/10.1002/chem.201101963,Crystal engineering
10.1021/ic060297n,publisher_A,https://doi.org/10.1021/ic060297n,Crystal engineering
10.1002/adfm.201808466,publisher_W,https://doi.org/10.1002/adfm.201808466,Chemical synthesis
10.1039/c3sc51379c,publisher_R,https://doi.org/10.1039/c3sc51379c,Crystal engineering
10.1021/acsami.1c02812,publisher_A,https://doi.org/10.1021/acsami.1c02812,Functional materials
10.1021/acs.jchemed.3c00949,publisher_A,https://doi.org/10.1021/acs.jchemed.3c00949,Functional materials
10.1111/j.1551-2916.2010.03824.x,publisher_W,https://doi.org/10.1111/j.1551-2916.2010.03824.x,Chemical synthesis
10.1021/jacs.0c03906,publisher_A,https://doi.org/10.1021/jacs.0c03906,Functional materials
10.1039/c6ra24429g,publisher_R,https://doi.org/10.1039/c6ra24429g,Functional materials
10.1002/cplu.201600168,publisher_W,https://doi.org/10.1002/cplu.201600168,Chemical synthesis
10.1021/acsami.6b03841,publisher_A,https://doi.org/10.1021/acsami.6b03841,Functional materials
10.1002/cplu.201500134,publisher_W,https://doi.org/10.1002/cplu.201500134,Chemical synthesis
10.1021/cg1010105,publisher_A,https://doi.org/10.1021/cg1010105,Crystal engineering
10.1039/b921850e,publisher_R,https://doi.org/10.1039/b921850e,Crystal engineering
10.1021/acs.cgd.5b01178,publisher_A,https://doi.org/10.1021/acs.cgd.5b01178,Functional materials
10.1039/d0ce01240h,publisher_R,https://doi.org/10.1039/d0ce01240h,Crystal engineering
10.1002/ejic.200600867,publisher_W,https://doi.org/10.1002/ejic.200600867,Crystal engineering
10.1021/ja509428a,publisher_A,https://doi.org/10.1021/ja509428a,Crystal engineering
10.1021/jacs.7b00106,publisher_A,https://doi.org/10.1021/jacs.7b00106,Crystal engineering
10.1021/jacs.5c04078,publisher_A,https://doi.org/10.1021/jacs.5c04078,Functional materials
10.1039/d1qi00997d,publisher_R,https://doi.org/10.1039/d1qi00997d,Chemical synthesis
10.1002/cplu.201900109,publisher_W,https://doi.org/10.1002/cplu.201900109,Functional materials
10.1039/c7nj04823h,publisher_R,https://doi.org/10.1039/c7nj04823h,Functional materials
10.1021/jacs.0c04442,publisher_A,https://doi.org/10.1021/jacs.0c04442,Chemical synthesis
10.1021/acs.inorgchem.5c00353,publisher_A,https://doi.org/10.1021/acs.inorgchem.5c00353,Functional materials
10.1021/cg401802s,publisher_A,https://doi.org/10.1021/cg401802s,Crystal engineering
10.1021/cg100078b,publisher_A,https://doi.org/10.1021/cg100078b,Functional materials
10.1021/ic801948z,publisher_A,https://doi.org/10.1021/ic801948z,Functional materials
10.1021/cm990612m,publisher_A,https://doi.org/10.1021/cm990612m,Functional materials
10.1002/adfm.200600944,publisher_W,https://doi.org/10.1002/adfm.200600944,Functional materials
10.1021/cg200300x,publisher_A,https://doi.org/10.1021/cg200300x,Crystal engineering
10.1002/ejic.201101295,publisher_W,https://doi.org/10.1002/ejic.201101295,Chemical synthesis
10.1002/zaac.201500152,publisher_W,https://doi.org/10.1002/zaac.201500152,Functional materials
10.1002/chem.200600270,publisher_W,https://doi.org/10.1002/chem.200600270,Chemical synthesis
10.1007/s11244-020-01271-6,publisher_S,https://doi.org/10.1007/s11244-020-01271-6,Functional materials
10.1007/s11164-019-03997-9,publisher_S,https://doi.org/10.1007/s11164-019-03997-9,Functional materials
10.1002/aoc.4529,publisher_W,https://doi.org/10.1002/aoc.4529,Functional materials
10.1039/c5ta09349j,publisher_R,https://doi.org/10.1039/c5ta09349j,Chemical synthesis
10.1021/ja0621086,publisher_A,https://doi.org/10.1021/ja0621086,Crystal engineering
10.1016/j.xcrp.2022.101004,publisher_E,https://doi.org/10.1016/j.xcrp.2022.101004,Functional materials
10.1021/acsomega.1c01272,publisher_A,https://doi.org/10.1021/acsomega.1c01272,Crystal engineering
10.1002/anie.201907389,publisher_W,https://doi.org/10.1002/anie.201907389,Functional materials
10.1039/c9na00350a,publisher_R,https://doi.org/10.1039/c9na00350a,Chemical synthesis
10.1021/acs.chemmater.6b00494,publisher_A,https://doi.org/10.1021/acs.chemmater.6b00494,Functional materials
10.1021/jacs.7b10112,publisher_A,https://doi.org/10.1021/jacs.7b10112,Crystal engineering
10.1021/jacs.7b01229,publisher_A,https://doi.org/10.1021/jacs.7b01229,Functional materials
10.1039/c3ce27056d,publisher_R,https://doi.org/10.1039/c3ce27056d,Functional materials
10.1039/c1jm14677g,publisher_R,https://doi.org/10.1039/c1jm14677g,Crystal engineering
10.1021/acs.cgd.9b00426,publisher_A,https://doi.org/10.1021/acs.cgd.9b00426,Functional materials
10.1021/acs.langmuir.1c01399,publisher_A,https://doi.org/10.1021/acs.langmuir.1c01399,Functional materials
10.1021/acs.cgd.7b00007,publisher_A,https://doi.org/10.1021/acs.cgd.7b00007,Functional materials
10.1002/chem.200801064,publisher_W,https://doi.org/10.1002/chem.200801064,Crystal engineering
10.1002/ejic.202200140,publisher_W,https://doi.org/10.1002/ejic.202200140,Chemical synthesis
10.1021/acsomega.2c00980,publisher_A,https://doi.org/10.1021/acsomega.2c00980,Functional materials
10.1021/acs.inorgchem.2c00941,publisher_A,https://doi.org/10.1021/acs.inorgchem.2c00941,Functional materials
10.1002/ejic.200900509,publisher_W,https://doi.org/10.1002/ejic.200900509,Functional materials
10.1039/c3dt32355b,publisher_R,https://doi.org/10.1039/c3dt32355b,Crystal engineering
10.1039/c6cp07801j,publisher_R,https://doi.org/10.1039/c6cp07801j,Theory & modeling
10.1021/acs.inorgchem.4c03887,publisher_A,https://doi.org/10.1021/acs.inorgchem.4c03887,Theory & modeling
10.1039/d2ta06652a,publisher_R,https://doi.org/10.1039/d2ta06652a,Functional materials
10.1039/c5ce00126a,publisher_R,https://doi.org/10.1039/c5ce00126a,Crystal engineering
10.1002/adfm.202102582,publisher_W,https://doi.org/10.1002/adfm.202102582,Chemical synthesis
10.1021/cg060833m,publisher_A,https://doi.org/10.1021/cg060833m,Chemical synthesis
10.1039/c4ce01184h,publisher_R,https://doi.org/10.1039/c4ce01184h,Crystal engineering
10.1021/cg9008366,publisher_A,https://doi.org/10.1021/cg9008366,Crystal engineering
10.1002/cjoc.201500636,publisher_W,https://doi.org/10.1002/cjoc.201500636,Crystal engineering
10.1021/ja910818a,publisher_A,https://doi.org/10.1021/ja910818a,Functional materials
10.1002/aoc.5783,publisher_W,https://doi.org/10.1002/aoc.5783,Functional materials
10.1021/acs.inorgchem.2c00853,publisher_A,https://doi.org/10.1021/acs.inorgchem.2c00853,Crystal engineering
10.1039/c3ce41238e,publisher_R,https://doi.org/10.1039/c3ce41238e,Crystal engineering
10.1021/jacs.9b03707,publisher_A,https://doi.org/10.1021/jacs.9b03707,Chemical synthesis
10.1039/c3cc44193h,publisher_R,https://doi.org/10.1039/c3cc44193h,Functional materials
10.1021/acsami.9b14439,publisher_A,https://doi.org/10.1021/acsami.9b14439,Crystal engineering
10.1002/aoc.7326,publisher_W,https://doi.org/10.1002/aoc.7326,Functional materials
10.1021/acssuschemeng.0c04486,publisher_A,https://doi.org/10.1021/acssuschemeng.0c04486,Functional materials
10.1021/acs.inorgchem.5b02312,publisher_A,https://doi.org/10.1021/acs.inorgchem.5b02312,Functional materials
10.1039/d2ce01529c,publisher_R,https://doi.org/10.1039/d2ce01529c,Crystal engineering
10.1039/d3cc01685d,publisher_R,https://doi.org/10.1039/d3cc01685d,Functional materials
10.1039/d0cc02841j,publisher_R,https://doi.org/10.1039/d0cc02841j,Functional materials
10.1039/d3ra06749a,publisher_R,https://doi.org/10.1039/d3ra06749a,Functional materials
10.1039/d4cc01985g,publisher_R,https://doi.org/10.1039/d4cc01985g,Functional materials
10.1002/ejic.201600211,publisher_W,https://doi.org/10.1002/ejic.201600211,Chemical synthesis
10.1002/chem.201003211,publisher_W,https://doi.org/10.1002/chem.201003211,Chemical synthesis
10.1021/jacs.5c03677,publisher_A,https://doi.org/10.1021/jacs.5c03677,Functional materials
10.1021/acs.inorgchem.1c03414,publisher_A,https://doi.org/10.1021/acs.inorgchem.1c03414,Functional materials
10.1039/d2ce00047d,publisher_R,https://doi.org/10.1039/d2ce00047d,Functional materials
10.1002/anie.201906606,publisher_W,https://doi.org/10.1002/anie.201906606,Chemical synthesis
10.1039/d4ta01716a,publisher_R,https://doi.org/10.1039/d4ta01716a,Functional materials
10.1039/d3nj03914e,publisher_R,https://doi.org/10.1039/d3nj03914e,Functional materials
10.1039/d0sc06747d,publisher_R,https://doi.org/10.1039/d0sc06747d,Functional materials
10.1002/chem.201600898,publisher_W,https://doi.org/10.1002/chem.201600898,Functional materials
10.1039/d0ce01223h,publisher_R,https://doi.org/10.1039/d0ce01223h,Crystal engineering
10.1039/c8ta04316g,publisher_R,https://doi.org/10.1039/c8ta04316g,Functional materials
10.1002/zaac.202000332,publisher_W,https://doi.org/10.1002/zaac.202000332,Functional materials
10.1002/anie.201905006,publisher_W,https://doi.org/10.1002/anie.201905006,Functional materials
10.1039/d4sc07985j,publisher_R,https://doi.org/10.1039/d4sc07985j,Chemical synthesis
10.1021/acs.cgd.7b00892,publisher_A,https://doi.org/10.1021/acs.cgd.7b00892,Crystal engineering
10.1021/acs.cgd.6b00076,publisher_A,https://doi.org/10.1021/acs.cgd.6b00076,Chemical synthesis
10.1002/ejic.202100231,publisher_W,https://doi.org/10.1002/ejic.202100231,Functional materials
10.1002/chem.201705136,publisher_W,https://doi.org/10.1002/chem.201705136,Chemical synthesis
10.1039/d0ra04812g,publisher_R,https://doi.org/10.1039/d0ra04812g,Functional materials
10.1021/acs.inorgchem.9b03316,publisher_A,https://doi.org/10.1021/acs.inorgchem.9b03316,Functional materials
10.1021/acsami.7b16522,publisher_A,https://doi.org/10.1021/acsami.7b16522,Functional materials
10.1039/c5ce02094h,publisher_R,https://doi.org/10.1039/c5ce02094h,Crystal engineering
10.1039/c8qi00696b,publisher_R,https://doi.org/10.1039/c8qi00696b,Functional materials
10.1039/c7ra05863b,publisher_R,https://doi.org/10.1039/c7ra05863b,Functional materials
10.1002/anie.202010783,publisher_W,https://doi.org/10.1002/anie.202010783,Functional materials
10.1039/b908862h,publisher_R,https://doi.org/10.1039/b908862h,Functional materials
10.1039/d0cy00235f,publisher_R,https://doi.org/10.1039/d0cy00235f,Functional materials
10.1039/c2dt31731a,publisher_R,https://doi.org/10.1039/c2dt31731a,Crystal engineering
10.1021/acs.nanolett.3c04369,publisher_A,https://doi.org/10.1021/acs.nanolett.3c04369,Functional materials
10.1002/aoc.7078,publisher_W,https://doi.org/10.1002/aoc.7078,Functional materials
10.1002/cctc.202401636,publisher_W,https://doi.org/10.1002/cctc.202401636,Functional materials
10.1021/jacs.2c12599,publisher_A,https://doi.org/10.1021/jacs.2c12599,Functional materials
10.1021/jacs.0c07862,publisher_A,https://doi.org/10.1021/jacs.0c07862,Crystal engineering
10.1021/ic402198a,publisher_A,https://doi.org/10.1021/ic402198a,Crystal engineering
10.1002/anie.202316792,publisher_W,https://doi.org/10.1002/anie.202316792,Functional materials
10.1021/ic062098+,publisher_A,https://doi.org/10.1021/ic062098+,Crystal engineering
10.1039/c003835k,publisher_R,https://doi.org/10.1039/c003835k,Functional materials
10.1021/acsami.8b03561,publisher_A,https://doi.org/10.1021/acsami.8b03561,Functional materials
10.1021/acs.chemmater.1c02174,publisher_A,https://doi.org/10.1021/acs.chemmater.1c02174,Functional materials
10.1007/s11243-008-9095-6,publisher_S,https://doi.org/10.1007/s11243-008-9095-6,Functional materials
10.1039/c9ra03310f,publisher_R,https://doi.org/10.1039/c9ra03310f,Functional materials
10.1021/acs.analchem.2c00019,publisher_A,https://doi.org/10.1021/acs.analchem.2c00019,Functional materials
10.1021/jacs.7b12633,publisher_A,https://doi.org/10.1021/jacs.7b12633,Crystal engineering
10.1002/chem.202403577,publisher_W,https://doi.org/10.1002/chem.202403577,Functional materials
10.1021/acs.chemmater.8b01073,publisher_A,https://doi.org/10.1021/acs.chemmater.8b01073,Functional materials
10.1002/cctc.201900735,publisher_W,https://doi.org/10.1002/cctc.201900735,Functional materials
10.1021/cg501089f,publisher_A,https://doi.org/10.1021/cg501089f,Crystal engineering
10.1021/acs.inorgchem.5c01769,publisher_A,https://doi.org/10.1021/acs.inorgchem.5c01769,Functional materials
10.1039/c5dt02636a,publisher_R,https://doi.org/10.1039/c5dt02636a,Functional materials
10.1021/cg2014896,publisher_A,https://doi.org/10.1021/cg2014896,Functional materials
10.1021/acs.chemmater.5b04306,publisher_A,https://doi.org/10.1021/acs.chemmater.5b04306,Crystal engineering
10.1021/cg8005597,publisher_A,https://doi.org/10.1021/cg8005597,Crystal engineering
10.1039/d3nj04709a,publisher_R,https://doi.org/10.1039/d3nj04709a,Functional materials
10.1021/ic701828w,publisher_A,https://doi.org/10.1021/ic701828w,Crystal engineering
10.1002/cssc.202401968,publisher_W,https://doi.org/10.1002/cssc.202401968,Functional materials
10.1021/acsami.8b14420,publisher_A,https://doi.org/10.1021/acsami.8b14420,Functional materials
10.1021/acs.cgd.4c00161,publisher_A,https://doi.org/10.1021/acs.cgd.4c00161,Functional materials
10.1021/acs.inorgchem.2c00270,publisher_A,https://doi.org/10.1021/acs.inorgchem.2c00270,Functional materials
10.1021/ic1007445,publisher_A,https://doi.org/10.1021/ic1007445,Functional materials
10.1021/acs.inorgchem.3c03838,publisher_A,https://doi.org/10.1021/acs.inorgchem.3c03838,Functional materials
10.1039/c2jm32501b,publisher_R,https://doi.org/10.1039/c2jm32501b,Crystal engineering
10.1039/c1ce05751k,publisher_R,https://doi.org/10.1039/c1ce05751k,Crystal engineering
10.1039/c3tc32114b,publisher_R,https://doi.org/10.1039/c3tc32114b,Crystal engineering
10.1039/d2nj05689e,publisher_R,https://doi.org/10.1039/d2nj05689e,Functional materials
10.1021/acs.inorgchem.1c02468,publisher_A,https://doi.org/10.1021/acs.inorgchem.1c02468,Crystal engineering
10.1021/acs.inorgchem.8b01563,publisher_A,https://doi.org/10.1021/acs.inorgchem.8b01563,Chemical synthesis
10.1021/acs.cgd.9b00800,publisher_A,https://doi.org/10.1021/acs.cgd.9b00800,Crystal engineering
10.1002/ejic.200500217,publisher_W,https://doi.org/10.1002/ejic.200500217,Crystal engineering
10.1021/acs.inorgchem.2c04422,publisher_A,https://doi.org/10.1021/acs.inorgchem.2c04422,Functional materials
10.1039/d2tc03819f,publisher_R,https://doi.org/10.1039/d2tc03819f,Functional materials
10.1002/slct.202204549,publisher_W,https://doi.org/10.1002/slct.202204549,Functional materials
10.1002/anie.201701604,publisher_W,https://doi.org/10.1002/anie.201701604,Crystal engineering
10.1002/anie.202415576,publisher_W,https://doi.org/10.1002/anie.202415576,Crystal engineering
10.1021/acs.inorgchem.3c01243,publisher_A,https://doi.org/10.1021/acs.inorgchem.3c01243,Functional materials
10.1002/smll.201704440,publisher_W,https://doi.org/10.1002/smll.201704440,Functional materials
10.1016/j.chempr.2022.03.023,publisher_E,https://doi.org/10.1016/j.chempr.2022.03.023,Crystal engineering
10.1002/anie.201915848,publisher_W,https://doi.org/10.1002/anie.201915848,Functional materials
10.1039/c3an00598d,publisher_R,https://doi.org/10.1039/c3an00598d,Functional materials
10.1039/c8ta08514e,publisher_R,https://doi.org/10.1039/c8ta08514e,Functional materials
10.1021/jacs.9b11446,publisher_A,https://doi.org/10.1021/jacs.9b11446,Functional materials
10.1002/ejic.201000391,publisher_W,https://doi.org/10.1002/ejic.201000391,Theory & modeling
10.1039/d0cc02741c,publisher_R,https://doi.org/10.1039/d0cc02741c,Functional materials
10.1039/d3ta05219b,publisher_R,https://doi.org/10.1039/d3ta05219b,Chemical synthesis
10.1039/d5ra02661j,publisher_R,https://doi.org/10.1039/d5ra02661j,Functional materials
10.1021/acsanm.9b00409,publisher_A,https://doi.org/10.1021/acsanm.9b00409,Functional materials
10.1039/c7nj03851h,publisher_R,https://doi.org/10.1039/c7nj03851h,Functional materials
10.1002/adma.202418344,publisher_W,https://doi.org/10.1002/adma.202418344,Functional materials
10.1021/jp907180e,publisher_A,https://doi.org/10.1021/jp907180e,Chemical synthesis
10.1021/acsmaterialslett.5c00333,publisher_A,https://doi.org/10.1021/acsmaterialslett.5c00333,Functional materials
10.1002/ejic.202200110,publisher_W,https://doi.org/10.1002/ejic.202200110,Functional materials
10.1021/ja500191r,publisher_A,https://doi.org/10.1021/ja500191r,Chemical synthesis
10.1039/b914879e,publisher_R,https://doi.org/10.1039/b914879e,Functional materials
10.1021/acsanm.0c00405,publisher_A,https://doi.org/10.1021/acsanm.0c00405,Functional materials
10.1002/smll.201601873,publisher_W,https://doi.org/10.1002/smll.201601873,Chemical synthesis
10.1039/d0tb00357c,publisher_R,https://doi.org/10.1039/d0tb00357c,Functional materials
10.1021/acssuschemeng.8b06560,publisher_A,https://doi.org/10.1021/acssuschemeng.8b06560,Chemical synthesis
10.1039/c6ra18480d,publisher_R,https://doi.org/10.1039/c6ra18480d,Functional materials
10.1021/acsami.1c02045,publisher_A,https://doi.org/10.1021/acsami.1c02045,Functional materials
10.1021/acs.inorgchem.6b00221,publisher_A,https://doi.org/10.1021/acs.inorgchem.6b00221,Chemical synthesis
10.1039/c6tb03230c,publisher_R,https://doi.org/10.1039/c6tb03230c,Functional materials
10.1021/acs.inorgchem.6b00045,publisher_A,https://doi.org/10.1021/acs.inorgchem.6b00045,Functional materials
10.1002/anie.202312697,publisher_W,https://doi.org/10.1002/anie.202312697,Crystal engineering
10.1002/adma.201707234,publisher_W,https://doi.org/10.1002/adma.201707234,Chemical synthesis
10.1021/acsami.7b08322,publisher_A,https://doi.org/10.1021/acsami.7b08322,Functional materials
10.1039/b804490b,publisher_R,https://doi.org/10.1039/b804490b,Chemical synthesis
10.1002/smtd.202000085,publisher_W,https://doi.org/10.1002/smtd.202000085,Functional materials
10.1021/acsnano.6b04996,publisher_A,https://doi.org/10.1021/acsnano.6b04996,Functional materials
10.1021/cg4002362,publisher_A,https://doi.org/10.1021/cg4002362,Chemical synthesis
10.1039/c0ce00426j,publisher_R,https://doi.org/10.1039/c0ce00426j,Crystal engineering
10.1021/acs.inorgchem.1c00504,publisher_A,https://doi.org/10.1021/acs.inorgchem.1c00504,Functional materials
10.1039/c1gc15726d,publisher_R,https://doi.org/10.1039/c1gc15726d,Crystal engineering
10.1039/d4tc02806f,publisher_R,https://doi.org/10.1039/d4tc02806f,Crystal engineering
10.1021/ja907885m,publisher_A,https://doi.org/10.1021/ja907885m,Functional materials
10.1002/adfm.202102868,publisher_W,https://doi.org/10.1002/adfm.202102868,Chemical synthesis
10.1021/jacs.5c06012,publisher_A,https://doi.org/10.1021/jacs.5c06012,Crystal engineering
10.1039/b919676p,publisher_R,https://doi.org/10.1039/b919676p,Crystal engineering
10.1021/cg501355t,publisher_A,https://doi.org/10.1021/cg501355t,Crystal engineering
10.1039/c0ce00937g,publisher_R,https://doi.org/10.1039/c0ce00937g,Crystal engineering
10.1021/ic502242j,publisher_A,https://doi.org/10.1021/ic502242j,Crystal engineering
10.1039/c3ce41740a,publisher_R,https://doi.org/10.1039/c3ce41740a,Crystal engineering
10.1039/c7ce00753a,publisher_R,https://doi.org/10.1039/c7ce00753a,Crystal engineering
10.1002/zaac.200800354,publisher_W,https://doi.org/10.1002/zaac.200800354,Crystal engineering
10.1021/ic201219g,publisher_A,https://doi.org/10.1021/ic201219g,Functional materials
10.1039/c8ra08522f,publisher_R,https://doi.org/10.1039/c8ra08522f,Functional materials
10.1021/ic900919w,publisher_A,https://doi.org/10.1021/ic900919w,Crystal engineering
10.1039/c1ce05561e,publisher_R,https://doi.org/10.1039/c1ce05561e,Crystal engineering
10.1021/cg300199j,publisher_A,https://doi.org/10.1021/cg300199j,Crystal engineering
10.1021/acssuschemeng.6b02023,publisher_A,https://doi.org/10.1021/acssuschemeng.6b02023,Crystal engineering
10.1021/jp505893s,publisher_A,https://doi.org/10.1021/jp505893s,Crystal engineering
10.1039/c5dt00281h,publisher_R,https://doi.org/10.1039/c5dt00281h,Functional materials
10.1021/ic0615271,publisher_A,https://doi.org/10.1021/ic0615271,Functional materials
10.1039/c5dt01137j,publisher_R,https://doi.org/10.1039/c5dt01137j,Functional materials
10.1039/d1dt02687a,publisher_R,https://doi.org/10.1039/d1dt02687a,Functional materials
10.1039/c5ce01725d,publisher_R,https://doi.org/10.1039/c5ce01725d,Crystal engineering
10.1021/ic9021257,publisher_A,https://doi.org/10.1021/ic9021257,Crystal engineering
10.1007/s10847-011-0007-6,publisher_S,https://doi.org/10.1007/s10847-011-0007-6,Crystal engineering
10.1039/c3dt51905h,publisher_R,https://doi.org/10.1039/c3dt51905h,Crystal engineering
10.1039/c9ce02006c,publisher_R,https://doi.org/10.1039/c9ce02006c,Crystal engineering
10.1021/acsami.7b16163,publisher_A,https://doi.org/10.1021/acsami.7b16163,Crystal engineering
10.1007/s11172-020-2768-9,publisher_S,https://doi.org/10.1007/s11172-020-2768-9,Crystal engineering
10.1002/ejic.200700728,publisher_W,https://doi.org/10.1002/ejic.200700728,Crystal engineering
10.1039/c0ce00365d,publisher_R,https://doi.org/10.1039/c0ce00365d,Crystal engineering
10.1021/jacs.1c04946,publisher_A,https://doi.org/10.1021/jacs.1c04946,Functional materials
10.1021/acs.cgd.7b00373,publisher_A,https://doi.org/10.1021/acs.cgd.7b00373,Functional materials
10.1039/c3ce40913a,publisher_R,https://doi.org/10.1039/c3ce40913a,Functional materials
10.1007/s11051-023-05707-4,publisher_S,https://doi.org/10.1007/s11051-023-05707-4,Functional materials
10.1021/ic1019636,publisher_A,https://doi.org/10.1021/ic1019636,Crystal engineering
10.1021/ic1017467,publisher_A,https://doi.org/10.1021/ic1017467,Functional materials
10.1039/c5cy01145k,publisher_R,https://doi.org/10.1039/c5cy01145k,Functional materials
10.1021/cg501604c,publisher_A,https://doi.org/10.1021/cg501604c,Functional materials
10.1039/c4dt01877j,publisher_R,https://doi.org/10.1039/c4dt01877j,Crystal engineering
10.1039/c3ce42426j,publisher_R,https://doi.org/10.1039/c3ce42426j,Functional materials
10.1021/cg301047w,publisher_A,https://doi.org/10.1021/cg301047w,Chemical synthesis
10.1021/cg400183s,publisher_A,https://doi.org/10.1021/cg400183s,Functional materials
10.1021/acsami.5c01476,publisher_A,https://doi.org/10.1021/acsami.5c01476,Functional materials
10.1039/c9dt04210e,publisher_R,https://doi.org/10.1039/c9dt04210e,Functional materials
10.1007/s11144-024-02777-w,publisher_S,https://doi.org/10.1007/s11144-024-02777-w,Functional materials
10.1021/acs.cgd.5b00757,publisher_A,https://doi.org/10.1021/acs.cgd.5b00757,Functional materials
10.1039/c2ra22550f,publisher_R,https://doi.org/10.1039/c2ra22550f,Chemical synthesis
10.1007/s11144-018-1356-6,publisher_S,https://doi.org/10.1007/s11144-018-1356-6,Functional materials
10.1002/jctb.7376,publisher_W,https://doi.org/10.1002/jctb.7376,Functional materials
10.1007/s11243-015-0007-2,publisher_S,https://doi.org/10.1007/s11243-015-0007-2,Functional materials
10.1039/c3cy01053h,publisher_R,https://doi.org/10.1039/c3cy01053h,Functional materials
10.1002/ejic.20060539,publisher_W,https://doi.org/10.1002/ejic.20060539,Crystal engineering
10.1002/slct.201803260,publisher_W,https://doi.org/10.1002/slct.201803260,Functional materials
10.1021/acs.jpcc.8b01725,publisher_A,https://doi.org/10.1021/acs.jpcc.8b01725,Functional materials
10.1002/zaac.201900133,publisher_W,https://doi.org/10.1002/zaac.201900133,Crystal engineering
10.1021/acsami.4c18062,publisher_A,https://doi.org/10.1021/acsami.4c18062,Chemical synthesis
10.1039/d4ra08614g,publisher_R,https://doi.org/10.1039/d4ra08614g,Functional materials
10.1039/d1gc01312b,publisher_R,https://doi.org/10.1039/d1gc01312b,Functional materials
10.1039/d2gc00208f,publisher_R,https://doi.org/10.1039/d2gc00208f,Functional materials
10.1021/cg1001368,publisher_A,https://doi.org/10.1021/cg1001368,Crystal engineering
10.1039/d3qi00251a,publisher_R,https://doi.org/10.1039/d3qi00251a,Functional materials
10.1039/c2cc34689c,publisher_R,https://doi.org/10.1039/c2cc34689c,Crystal engineering
10.1021/jacs.5b12312,publisher_A,https://doi.org/10.1021/jacs.5b12312,Functional materials
10.1039/d3cp01004j,publisher_R,https://doi.org/10.1039/d3cp01004j,Crystal engineering
10.1021/acs.inorgchem.8b00671,publisher_A,https://doi.org/10.1021/acs.inorgchem.8b00671,Functional materials
10.1039/c6ra16549d,publisher_R,https://doi.org/10.1039/c6ra16549d,Functional materials
10.1039/b905794c,publisher_R,https://doi.org/10.1039/b905794c,Crystal engineering
10.1021/ic062236v,publisher_A,https://doi.org/10.1021/ic062236v,Crystal engineering
10.1021/ic801026y,publisher_A,https://doi.org/10.1021/ic801026y,Functional materials
10.1021/acs.cgd.5b01843,publisher_A,https://doi.org/10.1021/acs.cgd.5b01843,Chemical synthesis
10.1039/c3ce42208a,publisher_R,https://doi.org/10.1039/c3ce42208a,Crystal engineering
10.1021/acs.cgd.6b01161,publisher_A,https://doi.org/10.1021/acs.cgd.6b01161,Chemical synthesis
10.1021/acs.jafc.8b03144,publisher_A,https://doi.org/10.1021/acs.jafc.8b03144,Chemical synthesis
10.1039/d4qi00975d,publisher_R,https://doi.org/10.1039/d4qi00975d,Functional materials
10.1021/cg200416y,publisher_A,https://doi.org/10.1021/cg200416y,Crystal engineering
10.1039/d0dt01558j,publisher_R,https://doi.org/10.1039/d0dt01558j,Functional materials
10.1039/b504862a,publisher_R,https://doi.org/10.1039/b504862a,Crystal engineering
10.1039/c4ce00093e,publisher_R,https://doi.org/10.1039/c4ce00093e,Functional materials
10.1039/c2dt12059c,publisher_R,https://doi.org/10.1039/c2dt12059c,Functional materials
10.1021/acsomega.1c03327,publisher_A,https://doi.org/10.1021/acsomega.1c03327,Functional materials
10.1002/ejic.200500822,publisher_W,https://doi.org/10.1002/ejic.200500822,Functional materials
10.1039/c2ce25807b,publisher_R,https://doi.org/10.1039/c2ce25807b,Functional materials
10.1021/cg700731d,publisher_A,https://doi.org/10.1021/cg700731d,Crystal engineering
10.1002/ejic.201001125,publisher_W,https://doi.org/10.1002/ejic.201001125,Crystal engineering
10.1007/s13738-020-01975-2,publisher_S,https://doi.org/10.1007/s13738-020-01975-2,Functional materials
10.1039/c9tb01743g,publisher_R,https://doi.org/10.1039/c9tb01743g,Functional materials
10.1021/acs.jpcc.8b08972,publisher_A,https://doi.org/10.1021/acs.jpcc.8b08972,Theory & modeling
10.1007/s10934-024-01695-5,publisher_S,https://doi.org/10.1007/s10934-024-01695-5,Functional materials
10.1021/la203570h,publisher_A,https://doi.org/10.1021/la203570h,Chemical synthesis
10.1021/cg9012894,publisher_A,https://doi.org/10.1021/cg9012894,Crystal engineering
10.1021/acsomega.3c09169,publisher_A,https://doi.org/10.1021/acsomega.3c09169,Functional materials
10.1039/c1ce05829k,publisher_R,https://doi.org/10.1039/c1ce05829k,Crystal engineering
10.1021/acsomega.3c01793,publisher_A,https://doi.org/10.1021/acsomega.3c01793,Functional materials
10.1007/s10854-018-9978-z,publisher_S,https://doi.org/10.1007/s10854-018-9978-z,Functional materials
10.1021/acsami.8b10494,publisher_A,https://doi.org/10.1021/acsami.8b10494,Functional materials
10.1039/c4cc03810j,publisher_R,https://doi.org/10.1039/c4cc03810j,Crystal engineering
10.1002/anie.202509741,publisher_W,https://doi.org/10.1002/anie.202509741,Functional materials
10.1039/d1tb02176a,publisher_R,https://doi.org/10.1039/d1tb02176a,Functional materials
10.1021/ic402867x,publisher_A,https://doi.org/10.1021/ic402867x,Chemical synthesis
10.1021/cm9023106,publisher_A,https://doi.org/10.1021/cm9023106,Crystal engineering
10.1002/ejic.200500735,publisher_W,https://doi.org/10.1002/ejic.200500735,Chemical synthesis
10.1021/ic3018858,publisher_A,https://doi.org/10.1021/ic3018858,Functional materials
10.1021/acs.cgd.1c00766,publisher_A,https://doi.org/10.1021/acs.cgd.1c00766,Functional materials
10.1021/cg100736x,publisher_A,https://doi.org/10.1021/cg100736x,Crystal engineering
10.1021/ic0520418,publisher_A,https://doi.org/10.1021/ic0520418,Crystal engineering
10.1002/adfm.202500210,publisher_W,https://doi.org/10.1002/adfm.202500210,Functional materials
10.1002/bkcs.10120,publisher_W,https://doi.org/10.1002/bkcs.10120,Crystal engineering
10.1007/s10876-017-1316-8,publisher_S,https://doi.org/10.1007/s10876-017-1316-8,Crystal engineering
10.1002/slct.202201566,publisher_W,https://doi.org/10.1002/slct.202201566,Functional materials
10.1021/acsomega.2c01717,publisher_A,https://doi.org/10.1021/acsomega.2c01717,Functional materials
10.1002/ejic.201402475,publisher_W,https://doi.org/10.1002/ejic.201402475,Crystal engineering
10.1002/cctc.201600952,publisher_W,https://doi.org/10.1002/cctc.201600952,Functional materials
10.1039/d1nj06090b,publisher_R,https://doi.org/10.1039/d1nj06090b,Functional materials
10.1039/c7dt04819j,publisher_R,https://doi.org/10.1039/c7dt04819j,Functional materials
10.1021/acsami.2c22955,publisher_A,https://doi.org/10.1021/acsami.2c22955,Functional materials
10.1002/elps.202200020,publisher_W,https://doi.org/10.1002/elps.202200020,Chemical synthesis
10.1039/c9nj04536h,publisher_R,https://doi.org/10.1039/c9nj04536h,Functional materials
10.1039/c9cy01940e,publisher_R,https://doi.org/10.1039/c9cy01940e,Functional materials
10.1039/d1gc00775k,publisher_R,https://doi.org/10.1039/d1gc00775k,Functional materials
10.1039/c6dt03237k,publisher_R,https://doi.org/10.1039/c6dt03237k,Functional materials
10.1002/chem.201901939,publisher_W,https://doi.org/10.1002/chem.201901939,Functional materials
10.1039/c7ce02053h,publisher_R,https://doi.org/10.1039/c7ce02053h,Functional materials
10.1021/acs.inorgchem.5c00341,publisher_A,https://doi.org/10.1021/acs.inorgchem.5c00341,Chemical synthesis
10.1002/zaac.202100345,publisher_W,https://doi.org/10.1002/zaac.202100345,Functional materials
10.1021/jacs.5b11720,publisher_A,https://doi.org/10.1021/jacs.5b11720,Functional materials
10.1007/s10853-024-10058-z,publisher_S,https://doi.org/10.1007/s10853-024-10058-z,Chemical synthesis
10.1002/smll.202305881,publisher_W,https://doi.org/10.1002/smll.202305881,Crystal engineering
10.1039/c6ta06403e,publisher_R,https://doi.org/10.1039/c6ta06403e,Functional materials
10.1039/c4cc06568a,publisher_R,https://doi.org/10.1039/c4cc06568a,Chemical synthesis
10.1021/nl5026419,publisher_A,https://doi.org/10.1021/nl5026419,Chemical synthesis
10.1039/d1cc01740c,publisher_R,https://doi.org/10.1039/d1cc01740c,Chemical synthesis
10.1021/cg800424t,publisher_A,https://doi.org/10.1021/cg800424t,Chemical synthesis
10.1039/c9tb02315a,publisher_R,https://doi.org/10.1039/c9tb02315a,Chemical synthesis
10.1039/c2ce06345j,publisher_R,https://doi.org/10.1039/c2ce06345j,Crystal engineering
10.1021/acs.cgd.0c00747,publisher_A,https://doi.org/10.1021/acs.cgd.0c00747,Functional materials
10.1039/c4ra12263a,publisher_R,https://doi.org/10.1039/c4ra12263a,Chemical synthesis
10.1021/acs.inorgchem.7b03204,publisher_A,https://doi.org/10.1021/acs.inorgchem.7b03204,Functional materials
10.1039/d1nj04828g,publisher_R,https://doi.org/10.1039/d1nj04828g,Chemical synthesis
10.1021/jacs.1c08227,publisher_A,https://doi.org/10.1021/jacs.1c08227,Chemical synthesis
10.1007/s10853-022-07773-w,publisher_S,https://doi.org/10.1007/s10853-022-07773-w,Functional materials
10.1021/acsami.0c21488,publisher_A,https://doi.org/10.1021/acsami.0c21488,Chemical synthesis
10.1039/c5ta02860d,publisher_R,https://doi.org/10.1039/c5ta02860d,Functional materials
10.1002/cnma.202400312,publisher_W,https://doi.org/10.1002/cnma.202400312,Functional materials
10.1039/c4ra15161e,publisher_R,https://doi.org/10.1039/c4ra15161e,Crystal engineering
10.1002/anie.202014184,publisher_W,https://doi.org/10.1002/anie.202014184,Chemical synthesis
10.1039/d3nj00610g,publisher_R,https://doi.org/10.1039/d3nj00610g,Functional materials
10.1002/ejic.201700673,publisher_W,https://doi.org/10.1002/ejic.201700673,Chemical synthesis
10.1021/jacs.9b07732,publisher_A,https://doi.org/10.1021/jacs.9b07732,Functional materials
10.1002/ejic.202100227,publisher_W,https://doi.org/10.1002/ejic.202100227,Chemical synthesis
10.1002/anie.201710019,publisher_W,https://doi.org/10.1002/anie.201710019,Chemical synthesis
10.1021/acsami.5b04315,publisher_A,https://doi.org/10.1021/acsami.5b04315,Chemical synthesis
10.1039/c7nj04373b,publisher_R,https://doi.org/10.1039/c7nj04373b,Chemical synthesis
10.1021/acsami.9b00908,publisher_A,https://doi.org/10.1021/acsami.9b00908,Chemical synthesis
10.1039/d2dt02098j,publisher_R,https://doi.org/10.1039/d2dt02098j,Functional materials
10.1021/ic050024c,publisher_A,https://doi.org/10.1021/ic050024c,Functional materials
10.1021/acs.cgd.7b01171,publisher_A,https://doi.org/10.1021/acs.cgd.7b01171,Crystal engineering
10.1002/smll.202411300,publisher_W,https://doi.org/10.1002/smll.202411300,Chemical synthesis
10.1039/c7fd00224f,publisher_R,https://doi.org/10.1039/c7fd00224f,Functional materials
10.1039/c7re00214a,publisher_R,https://doi.org/10.1039/c7re00214a,Functional materials
10.1039/c0jm03563g,publisher_R,https://doi.org/10.1039/c0jm03563g,Chemical synthesis
10.1039/c5ta04923g,publisher_R,https://doi.org/10.1039/c5ta04923g,Chemical synthesis
10.1039/d3ce00865g,publisher_R,https://doi.org/10.1039/d3ce00865g,Crystal engineering
10.1021/acsomega.2c03973,publisher_A,https://doi.org/10.1021/acsomega.2c03973,Chemical synthesis
10.1134/S0965544123060257,publisher_S,https://doi.org/10.1134/S0965544123060257,Functional materials
10.1002/cphc.201300564,publisher_W,https://doi.org/10.1002/cphc.201300564,Functional materials
10.1039/c8nj06362a,publisher_R,https://doi.org/10.1039/c8nj06362a,Functional materials
10.1021/acsmaterialslett.4c01406,publisher_A,https://doi.org/10.1021/acsmaterialslett.4c01406,Functional materials
10.1002/anie.202006124,publisher_W,https://doi.org/10.1002/anie.202006124,Crystal engineering
10.1039/c8cc05404e,publisher_R,https://doi.org/10.1039/c8cc05404e,Chemical synthesis
10.1021/jacs.9b12527,publisher_A,https://doi.org/10.1021/jacs.9b12527,Crystal engineering
10.1039/c002090g,publisher_R,https://doi.org/10.1039/c002090g,Crystal engineering
10.1021/cg401587r,publisher_A,https://doi.org/10.1021/cg401587r,Crystal engineering
10.1039/c7ta02896b,publisher_R,https://doi.org/10.1039/c7ta02896b,Functional materials
10.1002/ejic.200600698,publisher_W,https://doi.org/10.1002/ejic.200600698,Crystal engineering
10.1002/chem.202200874,publisher_W,https://doi.org/10.1002/chem.202200874,Functional materials
10.1021/acs.inorgchem.0c03156,publisher_A,https://doi.org/10.1021/acs.inorgchem.0c03156,Functional materials
10.1002/chem.201904798,publisher_W,https://doi.org/10.1002/chem.201904798,Chemical synthesis
10.1021/acsami.1c11330,publisher_A,https://doi.org/10.1021/acsami.1c11330,Functional materials
10.1021/acs.inorgchem.5b02921,publisher_A,https://doi.org/10.1021/acs.inorgchem.5b02921,Crystal engineering
10.1039/d2dt01695h,publisher_R,https://doi.org/10.1039/d2dt01695h,Functional materials
10.1021/acsomega.3c01179,publisher_A,https://doi.org/10.1021/acsomega.3c01179,Functional materials
10.1021/acs.inorgchem.9b03654,publisher_A,https://doi.org/10.1021/acs.inorgchem.9b03654,Functional materials
10.1002/cctc.201600774,publisher_W,https://doi.org/10.1002/cctc.201600774,Functional materials
10.1021/acs.inorgchem.8b03087,publisher_A,https://doi.org/10.1021/acs.inorgchem.8b03087,Functional materials
10.1021/acsami.2c10346,publisher_A,https://doi.org/10.1021/acsami.2c10346,Functional materials
10.1021/jacs.9b08601,publisher_A,https://doi.org/10.1021/jacs.9b08601,Functional materials
10.1002/smll.202305999,publisher_W,https://doi.org/10.1002/smll.202305999,Functional materials
10.1039/c8ra08486f,publisher_R,https://doi.org/10.1039/c8ra08486f,Theory & modeling
10.1007/s10562-021-03731-4,publisher_S,https://doi.org/10.1007/s10562-021-03731-4,Functional materials
10.1002/asia.201700018,publisher_W,https://doi.org/10.1002/asia.201700018,Crystal engineering
10.1021/acs.langmuir.0c02496,publisher_A,https://doi.org/10.1021/acs.langmuir.0c02496,Functional materials
10.1021/cg501787m,publisher_A,https://doi.org/10.1021/cg501787m,Crystal engineering
10.1039/c9dt04571f,publisher_R,https://doi.org/10.1039/c9dt04571f,Functional materials
10.1002/crat.201300439,publisher_W,https://doi.org/10.1002/crat.201300439,Crystal engineering
10.1021/acsami.4c17664,publisher_A,https://doi.org/10.1021/acsami.4c17664,Functional materials
10.1002/zaac.202200171,publisher_W,https://doi.org/10.1002/zaac.202200171,Crystal engineering
10.1039/c9sc05433b,publisher_R,https://doi.org/10.1039/c9sc05433b,Functional materials
10.1021/cg501273b,publisher_A,https://doi.org/10.1021/cg501273b,Crystal engineering
10.1021/ic800777r,publisher_A,https://doi.org/10.1021/ic800777r,Crystal engineering
10.1021/ja905690t,publisher_A,https://doi.org/10.1021/ja905690t,Crystal engineering
10.1039/c3dt52430b,publisher_R,https://doi.org/10.1039/c3dt52430b,Crystal engineering
10.1021/acs.cgd.6b01392,publisher_A,https://doi.org/10.1021/acs.cgd.6b01392,Chemical synthesis
10.1021/cg800181q,publisher_A,https://doi.org/10.1021/cg800181q,Functional materials
10.1002/adom.202300142,publisher_W,https://doi.org/10.1002/adom.202300142,Crystal engineering
10.1039/d2qi01922a,publisher_R,https://doi.org/10.1039/d2qi01922a,Functional materials
10.1021/acsomega.7b01792,publisher_A,https://doi.org/10.1021/acsomega.7b01792,Crystal engineering
10.1021/ic2011666,publisher_A,https://doi.org/10.1021/ic2011666,Crystal engineering
10.1021/cg200095c,publisher_A,https://doi.org/10.1021/cg200095c,Crystal engineering
10.1039/c3ce41056k,publisher_R,https://doi.org/10.1039/c3ce41056k,Crystal engineering
10.1039/c2ce06327a,publisher_R,https://doi.org/10.1039/c2ce06327a,Crystal engineering
10.1039/c7fd00030h,publisher_R,https://doi.org/10.1039/c7fd00030h,Functional materials
10.1002/chem.201500815,publisher_W,https://doi.org/10.1002/chem.201500815,Functional materials
10.1039/c9ta05444h,publisher_R,https://doi.org/10.1039/c9ta05444h,Crystal engineering
10.1002/chem.202400962,publisher_W,https://doi.org/10.1002/chem.202400962,Functional materials
10.1021/acs.inorgchem.1c00642,publisher_A,https://doi.org/10.1021/acs.inorgchem.1c00642,Chemical synthesis
10.1002/cssc.201403345,publisher_W,https://doi.org/10.1002/cssc.201403345,Functional materials
10.1021/ja509019k,publisher_A,https://doi.org/10.1021/ja509019k,Functional materials
10.1002/anie.202012019,publisher_W,https://doi.org/10.1002/anie.202012019,Functional materials
10.1021/jacs.3c07995,publisher_A,https://doi.org/10.1021/jacs.3c07995,Crystal engineering
10.1016/j.chempr.2018.03.013,publisher_E,https://doi.org/10.1016/j.chempr.2018.03.013,Crystal engineering
10.1007/s11051-024-06138-5,publisher_S,https://doi.org/10.1007/s11051-024-06138-5,Functional materials
10.1002/anie.202105491,publisher_W,https://doi.org/10.1002/anie.202105491,Functional materials
10.1002/zaac.201400474,publisher_W,https://doi.org/10.1002/zaac.201400474,Functional materials
10.1039/c4ce00662c,publisher_R,https://doi.org/10.1039/c4ce00662c,Crystal engineering
10.1021/acs.inorgchem.6b02774,publisher_A,https://doi.org/10.1021/acs.inorgchem.6b02774,Functional materials
10.1002/ejic.200900558,publisher_W,https://doi.org/10.1002/ejic.200900558,Functional materials
10.1002/bio.2938,publisher_W,https://doi.org/10.1002/bio.2938,Functional materials
10.1039/c3sc21659d,publisher_R,https://doi.org/10.1039/c3sc21659d,Functional materials
10.1039/c3cc44119a,publisher_R,https://doi.org/10.1039/c3cc44119a,Chemical synthesis
10.1039/c3cc49666j,publisher_R,https://doi.org/10.1039/c3cc49666j,Crystal engineering
10.1002/advs.201802059,publisher_W,https://doi.org/10.1002/advs.201802059,Functional materials
10.1021/acs.inorgchem.0c02669,publisher_A,https://doi.org/10.1021/acs.inorgchem.0c02669,Functional materials
10.1021/acs.inorgchem.3c03750,publisher_A,https://doi.org/10.1021/acs.inorgchem.3c03750,Chemical synthesis
10.1002/slct.202304908,publisher_W,https://doi.org/10.1002/slct.202304908,Functional materials
10.1039/c7dt03433d,publisher_R,https://doi.org/10.1039/c7dt03433d,Functional materials
10.1021/acs.inorgchem.2c01793,publisher_A,https://doi.org/10.1021/acs.inorgchem.2c01793,Functional materials
10.1039/c6ra22836d,publisher_R,https://doi.org/10.1039/c6ra22836d,Functional materials
10.1002/cplu.201402340,publisher_W,https://doi.org/10.1002/cplu.201402340,Crystal engineering
10.1002/chem.202203792,publisher_W,https://doi.org/10.1002/chem.202203792,Chemical synthesis
10.1039/d4ce00691g,publisher_R,https://doi.org/10.1039/d4ce00691g,Crystal engineering
10.1021/ic991360u,publisher_A,https://doi.org/10.1021/ic991360u,Crystal engineering
10.1002/chem.200800240,publisher_W,https://doi.org/10.1002/chem.200800240,Crystal engineering
10.1021/cg800289c,publisher_A,https://doi.org/10.1021/cg800289c,Crystal engineering
10.1002/smll.202306794,publisher_W,https://doi.org/10.1002/smll.202306794,Chemical synthesis
10.1002/cssc.201403230,publisher_W,https://doi.org/10.1002/cssc.201403230,Functional materials
10.1021/acsaelm.9b00007,publisher_A,https://doi.org/10.1021/acsaelm.9b00007,Functional materials
10.1021/acs.cgd.7b00141,publisher_A,https://doi.org/10.1021/acs.cgd.7b00141,Functional materials
10.1039/c8cc03511c,publisher_R,https://doi.org/10.1039/c8cc03511c,Chemical synthesis
10.1039/d0cc03734f,publisher_R,https://doi.org/10.1039/d0cc03734f,Chemical synthesis
10.1021/acs.cgd.3c01329,publisher_A,https://doi.org/10.1021/acs.cgd.3c01329,Functional materials
10.1002/asia.201700011,publisher_W,https://doi.org/10.1002/asia.201700011,Crystal engineering
10.1107/S160053680904269X,publisher_W,https://doi.org/10.1107/S160053680904269X,Crystal engineering
10.1039/c5cc03027g,publisher_R,https://doi.org/10.1039/c5cc03027g,Chemical synthesis
10.1134/S0036023624600060,publisher_S,https://doi.org/10.1134/S0036023624600060,Crystal engineering
10.1039/d0cc07631g,publisher_R,https://doi.org/10.1039/d0cc07631g,Crystal engineering
10.1021/acs.chemmater.4c01794,publisher_A,https://doi.org/10.1021/acs.chemmater.4c01794,Crystal engineering
10.1002/anie.201910542,publisher_W,https://doi.org/10.1002/anie.201910542,Crystal engineering
10.1021/acs.cgd.2c00265,publisher_A,https://doi.org/10.1021/acs.cgd.2c00265,Crystal engineering
10.1039/d1ce00461a,publisher_R,https://doi.org/10.1039/d1ce00461a,Crystal engineering
10.1039/c3cc49829h,publisher_R,https://doi.org/10.1039/c3cc49829h,Crystal engineering
10.1039/c6ra19437k,publisher_R,https://doi.org/10.1039/c6ra19437k,Functional materials
10.1021/acs.inorgchem.7b00202,publisher_A,https://doi.org/10.1021/acs.inorgchem.7b00202,Crystal engineering
10.1021/acs.inorgchem.0c01124,publisher_A,https://doi.org/10.1021/acs.inorgchem.0c01124,Crystal engineering
10.1021/acs.inorgchem.3c03056,publisher_A,https://doi.org/10.1021/acs.inorgchem.3c03056,Functional materials
10.1039/c5ce01533b,publisher_R,https://doi.org/10.1039/c5ce01533b,Functional materials
10.1002/ejic.201000491,publisher_W,https://doi.org/10.1002/ejic.201000491,Functional materials
10.1021/acsami.4c10578,publisher_A,https://doi.org/10.1021/acsami.4c10578,Chemical synthesis
10.1039/d1gc03061b,publisher_R,https://doi.org/10.1039/d1gc03061b,Crystal engineering
10.1021/acs.inorgchem.2c00036,publisher_A,https://doi.org/10.1021/acs.inorgchem.2c00036,Functional materials
10.1021/acssuschemeng.8b06736,publisher_A,https://doi.org/10.1021/acssuschemeng.8b06736,Functional materials
10.1021/acs.inorgchem.4c00713,publisher_A,https://doi.org/10.1021/acs.inorgchem.4c00713,Crystal engineering
10.1021/cg9006372,publisher_A,https://doi.org/10.1021/cg9006372,Crystal engineering
10.1039/d1ra05349c,publisher_R,https://doi.org/10.1039/d1ra05349c,Functional materials
10.1039/c5ra09339b,publisher_R,https://doi.org/10.1039/c5ra09339b,Crystal engineering
10.1039/d1ce01538a,publisher_R,https://doi.org/10.1039/d1ce01538a,Chemical synthesis
10.1002/anie.202219053,publisher_W,https://doi.org/10.1002/anie.202219053,Functional materials
10.1021/ic302006x,publisher_A,https://doi.org/10.1021/ic302006x,Functional materials
10.1039/d2nj00416j,publisher_R,https://doi.org/10.1039/d2nj00416j,Chemical synthesis
10.1021/acsami.3c02888,publisher_A,https://doi.org/10.1021/acsami.3c02888,Functional materials
10.1021/acs.cgd.4c00282,publisher_A,https://doi.org/10.1021/acs.cgd.4c00282,Functional materials
10.1039/d5gc01697e,publisher_R,https://doi.org/10.1039/d5gc01697e,Functional materials
10.1021/acssuschemeng.8b01646,publisher_A,https://doi.org/10.1021/acssuschemeng.8b01646,Functional materials
10.1002/ejic.200800222,publisher_W,https://doi.org/10.1002/ejic.200800222,Crystal engineering
10.1021/acs.inorgchem.1c03148,publisher_A,https://doi.org/10.1021/acs.inorgchem.1c03148,Crystal engineering
10.1039/d1qi01610e,publisher_R,https://doi.org/10.1039/d1qi01610e,Functional materials
10.1002/chem.202101692,publisher_W,https://doi.org/10.1002/chem.202101692,Functional materials
10.1039/c3ce42021c,publisher_R,https://doi.org/10.1039/c3ce42021c,Crystal engineering
10.1039/c3dt52266k,publisher_R,https://doi.org/10.1039/c3dt52266k,Functional materials
10.1002/chem.201101015,publisher_W,https://doi.org/10.1002/chem.201101015,Crystal engineering
10.1021/cg1017278,publisher_A,https://doi.org/10.1021/cg1017278,Crystal engineering
10.1021/acsami.7b04810,publisher_A,https://doi.org/10.1021/acsami.7b04810,Functional materials
10.1039/c2dt00057a,publisher_R,https://doi.org/10.1039/c2dt00057a,Functional materials
10.1002/zaac.201700032,publisher_W,https://doi.org/10.1002/zaac.201700032,Crystal engineering
10.1021/ic900217t,publisher_A,https://doi.org/10.1021/ic900217t,Crystal engineering
10.1021/cg901347p,publisher_A,https://doi.org/10.1021/cg901347p,Functional materials
10.1021/acs.cgd.7b01190,publisher_A,https://doi.org/10.1021/acs.cgd.7b01190,Crystal engineering
10.1021/cg3009249,publisher_A,https://doi.org/10.1021/cg3009249,Functional materials
10.1002/chem.201802829,publisher_W,https://doi.org/10.1002/chem.201802829,Functional materials
10.1021/jacs.0c02772,publisher_A,https://doi.org/10.1021/jacs.0c02772,Theory & modeling
10.1021/acsami.7b10228,publisher_A,https://doi.org/10.1021/acsami.7b10228,Functional materials
10.1039/c6ce02476a,publisher_R,https://doi.org/10.1039/c6ce02476a,Crystal engineering
10.1021/acsnano.1c09301,publisher_A,https://doi.org/10.1021/acsnano.1c09301,Functional materials
10.1021/acscatal.5b00941,publisher_A,https://doi.org/10.1021/acscatal.5b00941,Chemical synthesis
10.1039/c4ce01856g,publisher_R,https://doi.org/10.1039/c4ce01856g,Crystal engineering
10.1021/acs.inorgchem.7b00429,publisher_A,https://doi.org/10.1021/acs.inorgchem.7b00429,Functional materials
10.1021/ja809954r,publisher_A,https://doi.org/10.1021/ja809954r,Functional materials
10.1002/cssc.201500695,publisher_W,https://doi.org/10.1002/cssc.201500695,Functional materials
10.1021/acs.inorgchem.8b03318,publisher_A,https://doi.org/10.1021/acs.inorgchem.8b03318,Chemical synthesis
10.1039/d1me00080b,publisher_R,https://doi.org/10.1039/d1me00080b,Chemical synthesis
10.1021/acsomega.4c01117,publisher_A,https://doi.org/10.1021/acsomega.4c01117,Functional materials
10.1021/acs.inorgchem.5b00535,publisher_A,https://doi.org/10.1021/acs.inorgchem.5b00535,Chemical synthesis
10.1002/asia.202100883,publisher_W,https://doi.org/10.1002/asia.202100883,Chemical synthesis
10.1021/acs.inorgchem.8b00126,publisher_A,https://doi.org/10.1021/acs.inorgchem.8b00126,Chemical synthesis
10.1002/slct.202304617,publisher_W,https://doi.org/10.1002/slct.202304617,Functional materials
10.1007/s11144-020-01912-7,publisher_S,https://doi.org/10.1007/s11144-020-01912-7,Chemical synthesis
10.1021/jacs.3c07237,publisher_A,https://doi.org/10.1021/jacs.3c07237,Functional materials
10.1021/acs.chemmater.0c01267,publisher_A,https://doi.org/10.1021/acs.chemmater.0c01267,Chemical synthesis
10.1002/chem.201001549,publisher_W,https://doi.org/10.1002/chem.201001549,Functional materials
10.1021/ja4032049,publisher_A,https://doi.org/10.1021/ja4032049,Crystal engineering
10.1039/c3ee40876k,publisher_R,https://doi.org/10.1039/c3ee40876k,Functional materials
10.1039/d4tb01206b,publisher_R,https://doi.org/10.1039/d4tb01206b,Functional materials
10.1039/d2ta03524c,publisher_R,https://doi.org/10.1039/d2ta03524c,Functional materials
10.1039/d2nr03602a,publisher_R,https://doi.org/10.1039/d2nr03602a,Functional materials
10.1021/ic502643m,publisher_A,https://doi.org/10.1021/ic502643m,Crystal engineering
10.1039/c4ce02415j,publisher_R,https://doi.org/10.1039/c4ce02415j,Crystal engineering
10.1021/acs.jchemed.9b01166,publisher_A,https://doi.org/10.1021/acs.jchemed.9b01166,Functional materials
10.1007/s11664-016-4969-4,publisher_S,https://doi.org/10.1007/s11664-016-4969-4,Functional materials
10.1007/s11051-019-4526-1,publisher_S,https://doi.org/10.1007/s11051-019-4526-1,Functional materials
10.1021/cm803502y,publisher_A,https://doi.org/10.1021/cm803502y,Functional materials
10.1039/c3ce41996g,publisher_R,https://doi.org/10.1039/c3ce41996g,Functional materials
10.1039/d5ra00355e,publisher_R,https://doi.org/10.1039/d5ra00355e,Functional materials
10.1007/s11051-016-3566-z,publisher_S,https://doi.org/10.1007/s11051-016-3566-z,Functional materials
10.1002/slct.202100438,publisher_W,https://doi.org/10.1002/slct.202100438,Chemical synthesis
10.1039/d1fd00016k,publisher_R,https://doi.org/10.1039/d1fd00016k,Chemical synthesis
10.1039/d3ce00166k,publisher_R,https://doi.org/10.1039/d3ce00166k,Crystal engineering
10.1039/d1nj05135k,publisher_R,https://doi.org/10.1039/d1nj05135k,Functional materials
10.1039/d1ra08523a,publisher_R,https://doi.org/10.1039/d1ra08523a,Functional materials
10.1039/d1ra00734c,publisher_R,https://doi.org/10.1039/d1ra00734c,Functional materials
10.1039/c4ra02147a,publisher_R,https://doi.org/10.1039/c4ra02147a,Crystal engineering
10.1039/c5dt02627j,publisher_R,https://doi.org/10.1039/c5dt02627j,Chemical synthesis
10.1002/jctb.7071,publisher_W,https://doi.org/10.1002/jctb.7071,Functional materials
10.1002/ejic.201000364,publisher_W,https://doi.org/10.1002/ejic.201000364,Crystal engineering
10.1039/d1ta02814f,publisher_R,https://doi.org/10.1039/d1ta02814f,Chemical synthesis
10.1021/jacs.7b02272,publisher_A,https://doi.org/10.1021/jacs.7b02272,Chemical synthesis
10.1021/acsomega.4c05125,publisher_A,https://doi.org/10.1021/acsomega.4c05125,Chemical synthesis
10.1021/jacs.1c08354,publisher_A,https://doi.org/10.1021/jacs.1c08354,Functional materials
10.1021/cm504362j,publisher_A,https://doi.org/10.1021/cm504362j,Chemical synthesis
10.1021/cg400399v,publisher_A,https://doi.org/10.1021/cg400399v,Crystal engineering
10.1039/d0dt01044h,publisher_R,https://doi.org/10.1039/d0dt01044h,Functional materials
10.1002/zaac.202100208,publisher_W,https://doi.org/10.1002/zaac.202100208,Functional materials
10.1002/adfm.202504117,publisher_W,https://doi.org/10.1002/adfm.202504117,Functional materials
10.1021/jacs.8b02192,publisher_A,https://doi.org/10.1021/jacs.8b02192,Crystal engineering
10.1021/jacs.2c13171,publisher_A,https://doi.org/10.1021/jacs.2c13171,Functional materials
10.1021/ic502380q,publisher_A,https://doi.org/10.1021/ic502380q,Chemical synthesis
10.1021/acs.chemmater.5b04575,publisher_A,https://doi.org/10.1021/acs.chemmater.5b04575,Chemical synthesis
10.1039/c2dt31879b,publisher_R,https://doi.org/10.1039/c2dt31879b,Functional materials
10.1021/jacs.8b02896,publisher_A,https://doi.org/10.1021/jacs.8b02896,Chemical synthesis
10.1039/d2bm01295b,publisher_R,https://doi.org/10.1039/d2bm01295b,Functional materials
10.1002/anie.202000299,publisher_W,https://doi.org/10.1002/anie.202000299,Functional materials
10.1021/jp7110633,publisher_A,https://doi.org/10.1021/jp7110633,Chemical synthesis
10.1039/d0ce01197e,publisher_R,https://doi.org/10.1039/d0ce01197e,Functional materials
10.1039/d1dt00612f,publisher_R,https://doi.org/10.1039/d1dt00612f,Functional materials
10.1021/acs.inorgchem.0c03206,publisher_A,https://doi.org/10.1021/acs.inorgchem.0c03206,Functional materials
10.1021/acs.cgd.1c00385,publisher_A,https://doi.org/10.1021/acs.cgd.1c00385,Functional materials
10.1021/acscatal.1c05922,publisher_A,https://doi.org/10.1021/acscatal.1c05922,Theory & modeling
10.1021/jacs.9b07422,publisher_A,https://doi.org/10.1021/jacs.9b07422,Functional materials
10.1021/ja500005k,publisher_A,https://doi.org/10.1021/ja500005k,Crystal engineering
10.1039/c9ce00371a,publisher_R,https://doi.org/10.1039/c9ce00371a,Functional materials
10.1021/acs.inorgchem.3c03142,publisher_A,https://doi.org/10.1021/acs.inorgchem.3c03142,Functional materials
10.1039/d2qi00214k,publisher_R,https://doi.org/10.1039/d2qi00214k,Crystal engineering
10.1021/cg501644z,publisher_A,https://doi.org/10.1021/cg501644z,Crystal engineering
10.1039/d4qi03110e,publisher_R,https://doi.org/10.1039/d4qi03110e,Functional materials
10.1002/ejic.202000726,publisher_W,https://doi.org/10.1002/ejic.202000726,Functional materials
10.1002/bio.2944,publisher_W,https://doi.org/10.1002/bio.2944,Functional materials
10.1021/acs.cgd.2c00331,publisher_A,https://doi.org/10.1021/acs.cgd.2c00331,Crystal engineering
10.1039/c1jm11102g,publisher_R,https://doi.org/10.1039/c1jm11102g,Functional materials
10.1021/jp2117856,publisher_A,https://doi.org/10.1021/jp2117856,Functional materials
10.1039/d4nr02857k,publisher_R,https://doi.org/10.1039/d4nr02857k,Functional materials
10.1016/j.chempr.2024.03.030,publisher_E,https://doi.org/10.1016/j.chempr.2024.03.030,Crystal engineering
10.1021/acsami.2c15811,publisher_A,https://doi.org/10.1021/acsami.2c15811,Functional materials
10.1039/c8ta09080g,publisher_R,https://doi.org/10.1039/c8ta09080g,Functional materials
10.1021/acs.inorgchem.2c04313,publisher_A,https://doi.org/10.1021/acs.inorgchem.2c04313,Functional materials
10.1021/acs.chemmater.1c02411,publisher_A,https://doi.org/10.1021/acs.chemmater.1c02411,Chemical synthesis
10.1021/jacs.4c01040,publisher_A,https://doi.org/10.1021/jacs.4c01040,Functional materials
10.1002/cplu.201402052,publisher_W,https://doi.org/10.1002/cplu.201402052,Chemical synthesis
10.1039/d5ce00161g,publisher_R,https://doi.org/10.1039/d5ce00161g,Functional materials
10.1002/adsu.201800053,publisher_W,https://doi.org/10.1002/adsu.201800053,Functional materials
10.1039/c6ta10152f,publisher_R,https://doi.org/10.1039/c6ta10152f,Functional materials
10.1021/acsami.1c09052,publisher_A,https://doi.org/10.1021/acsami.1c09052,Functional materials
10.1002/slct.201702852,publisher_W,https://doi.org/10.1002/slct.201702852,Functional materials
10.1039/c8ce01489b,publisher_R,https://doi.org/10.1039/c8ce01489b,Functional materials
10.1039/c4cc06491g,publisher_R,https://doi.org/10.1039/c4cc06491g,Chemical synthesis
10.1007/s10853-022-07676-w,publisher_S,https://doi.org/10.1007/s10853-022-07676-w,Functional materials
10.1002/adfm.201002529,publisher_W,https://doi.org/10.1002/adfm.201002529,Chemical synthesis
10.1039/d3dt00890h,publisher_R,https://doi.org/10.1039/d3dt00890h,Functional materials
10.1021/acs.cgd.8b00898,publisher_A,https://doi.org/10.1021/acs.cgd.8b00898,Chemical synthesis
10.1039/d3ta01927f,publisher_R,https://doi.org/10.1039/d3ta01927f,Chemical synthesis
10.1007/s10311-018-0775-y,publisher_S,https://doi.org/10.1007/s10311-018-0775-y,Functional materials
10.1021/acsmaterialslett.4c02504,publisher_A,https://doi.org/10.1021/acsmaterialslett.4c02504,Functional materials
10.1039/c0cc05002d,publisher_R,https://doi.org/10.1039/c0cc05002d,Chemical synthesis
10.1007/s10847-020-01039-1,publisher_S,https://doi.org/10.1007/s10847-020-01039-1,Functional materials
10.1002/cctc.201900124,publisher_W,https://doi.org/10.1002/cctc.201900124,Chemical synthesis
10.1039/d0ta04898d,publisher_R,https://doi.org/10.1039/d0ta04898d,Theory & modeling
10.1021/ic0617689,publisher_A,https://doi.org/10.1021/ic0617689,Functional materials
10.1021/jacs.7b04532,publisher_A,https://doi.org/10.1021/jacs.7b04532,Chemical synthesis
10.1021/ic7016159,publisher_A,https://doi.org/10.1021/ic7016159,Crystal engineering
10.1039/d4cc00775a,publisher_R,https://doi.org/10.1039/d4cc00775a,Chemical synthesis
10.1039/c3ce42311e,publisher_R,https://doi.org/10.1039/c3ce42311e,Crystal engineering
10.1021/acs.inorgchem.4c00468,publisher_A,https://doi.org/10.1021/acs.inorgchem.4c00468,Functional materials
10.1039/d2dt03462j,publisher_R,https://doi.org/10.1039/d2dt03462j,Crystal engineering
10.1021/acs.analchem.7b03723,publisher_A,https://doi.org/10.1021/acs.analchem.7b03723,Functional materials
10.1039/c8ce00868j,publisher_R,https://doi.org/10.1039/c8ce00868j,Functional materials
10.1021/ic2004485,publisher_A,https://doi.org/10.1021/ic2004485,Functional materials
10.1021/acs.cgd.2c01552,publisher_A,https://doi.org/10.1021/acs.cgd.2c01552,Functional materials
10.1021/cg0701022,publisher_A,https://doi.org/10.1021/cg0701022,Functional materials
10.1021/acsami.7b06482,publisher_A,https://doi.org/10.1021/acsami.7b06482,Functional materials
10.1002/anie.202318475,publisher_W,https://doi.org/10.1002/anie.202318475,Crystal engineering
10.1002/cplu.201500104,publisher_W,https://doi.org/10.1002/cplu.201500104,Functional materials
10.1039/c4ce00858h,publisher_R,https://doi.org/10.1039/c4ce00858h,Crystal engineering
10.1021/acs.cgd.8b01779,publisher_A,https://doi.org/10.1021/acs.cgd.8b01779,Functional materials
10.1039/b812097h,publisher_R,https://doi.org/10.1039/b812097h,Crystal engineering
10.1002/chem.201803842,publisher_W,https://doi.org/10.1002/chem.201803842,Chemical synthesis
10.1021/acsami.2c19469,publisher_A,https://doi.org/10.1021/acsami.2c19469,Functional materials
10.1002/ejic.200400170,publisher_W,https://doi.org/10.1002/ejic.200400170,Crystal engineering
10.1039/d3ta01930f,publisher_R,https://doi.org/10.1039/d3ta01930f,Crystal engineering
10.1002/ejic.201600309,publisher_W,https://doi.org/10.1002/ejic.201600309,Chemical synthesis
10.1002/chem.201100226,publisher_W,https://doi.org/10.1002/chem.201100226,Crystal engineering
10.1039/c9ce01186b,publisher_R,https://doi.org/10.1039/c9ce01186b,Functional materials
10.1021/acs.inorgchem.1c03340,publisher_A,https://doi.org/10.1021/acs.inorgchem.1c03340,Functional materials
10.1002/zaac.201600344,publisher_W,https://doi.org/10.1002/zaac.201600344,Functional materials
10.1021/cg0504399,publisher_A,https://doi.org/10.1021/cg0504399,Chemical synthesis
10.1002/ejic.200501146,publisher_W,https://doi.org/10.1002/ejic.200501146,Crystal engineering
10.1039/c8dt05136d,publisher_R,https://doi.org/10.1039/c8dt05136d,Crystal engineering
10.1021/acs.inorgchem.6b02713,publisher_A,https://doi.org/10.1021/acs.inorgchem.6b02713,Crystal engineering
10.1021/acs.inorgchem.9b03667,publisher_A,https://doi.org/10.1021/acs.inorgchem.9b03667,Crystal engineering
10.1039/c8dt01923a,publisher_R,https://doi.org/10.1039/c8dt01923a,Functional materials
10.1039/b925903a,publisher_R,https://doi.org/10.1039/b925903a,Crystal engineering
10.1039/c6ta03675a,publisher_R,https://doi.org/10.1039/c6ta03675a,Functional materials
10.1039/d2dt01790c,publisher_R,https://doi.org/10.1039/d2dt01790c,Functional materials
10.1021/acs.jafc.2c05780,publisher_A,https://doi.org/10.1021/acs.jafc.2c05780,Functional materials
10.1039/c6cc01597b,publisher_R,https://doi.org/10.1039/c6cc01597b,Functional materials
10.1021/acs.inorgchem.7b00681,publisher_A,https://doi.org/10.1021/acs.inorgchem.7b00681,Crystal engineering
10.1039/d1ce01411k,publisher_R,https://doi.org/10.1039/d1ce01411k,Functional materials
10.1007/s10934-018-0682-4,publisher_S,https://doi.org/10.1007/s10934-018-0682-4,Functional materials
10.1021/cg300297p,publisher_A,https://doi.org/10.1021/cg300297p,Functional materials
10.1039/c5cc01908g,publisher_R,https://doi.org/10.1039/c5cc01908g,Functional materials
10.1039/c9ce00545e,publisher_R,https://doi.org/10.1039/c9ce00545e,Functional materials
10.1021/jp308657x,publisher_A,https://doi.org/10.1021/jp308657x,Functional materials
10.1039/d2ta00603k,publisher_R,https://doi.org/10.1039/d2ta00603k,Functional materials
10.1039/d2ta08921a,publisher_R,https://doi.org/10.1039/d2ta08921a,Functional materials
10.1039/c9dt01677e,publisher_R,https://doi.org/10.1039/c9dt01677e,Functional materials
10.1039/d1cy00567g,publisher_R,https://doi.org/10.1039/d1cy00567g,Chemical synthesis
10.1039/c6ce00273k,publisher_R,https://doi.org/10.1039/c6ce00273k,Crystal engineering
10.1002/chem.201802838,publisher_W,https://doi.org/10.1002/chem.201802838,Crystal engineering
10.1002/anie.202411960,publisher_W,https://doi.org/10.1002/anie.202411960,Functional materials
10.1039/c4qi00209a,publisher_R,https://doi.org/10.1039/c4qi00209a,Functional materials
10.1007/s10570-020-03282-8,publisher_S,https://doi.org/10.1007/s10570-020-03282-8,Functional materials
10.1021/acssuschemeng.9b04754,publisher_A,https://doi.org/10.1021/acssuschemeng.9b04754,Functional materials
10.1007/s00339-019-2716-4,publisher_S,https://doi.org/10.1007/s00339-019-2716-4,Functional materials
10.1021/acs.inorgchem.2c02733,publisher_A,https://doi.org/10.1021/acs.inorgchem.2c02733,Functional materials
10.1039/d2ra03747e,publisher_R,https://doi.org/10.1039/d2ra03747e,Functional materials
10.1002/smll.202404554,publisher_W,https://doi.org/10.1002/smll.202404554,Functional materials
10.1039/d4en00066h,publisher_R,https://doi.org/10.1039/d4en00066h,Functional materials
10.1021/cg100645p,publisher_A,https://doi.org/10.1021/cg100645p,Functional materials
10.1021/acs.cgd.1c01151,publisher_A,https://doi.org/10.1021/acs.cgd.1c01151,Crystal engineering
10.1039/d4ta03374d,publisher_R,https://doi.org/10.1039/d4ta03374d,Functional materials
10.1039/c8cc06593d,publisher_R,https://doi.org/10.1039/c8cc06593d,Functional materials
10.1039/d1ra01027a,publisher_R,https://doi.org/10.1039/d1ra01027a,Functional materials
10.1002/aoc.8004,publisher_W,https://doi.org/10.1002/aoc.8004,Chemical synthesis
10.1021/cg500978s,publisher_A,https://doi.org/10.1021/cg500978s,Functional materials
10.1039/b814180k,publisher_R,https://doi.org/10.1039/b814180k,Chemical synthesis
10.1039/b919675g,publisher_R,https://doi.org/10.1039/b919675g,Chemical synthesis
10.1021/acsami.7b14179,publisher_A,https://doi.org/10.1021/acsami.7b14179,Functional materials
10.1002/advs.202501824,publisher_W,https://doi.org/10.1002/advs.202501824,Functional materials
10.1002/smll.202405540,publisher_W,https://doi.org/10.1002/smll.202405540,Crystal engineering
10.1021/acsami.7b16380,publisher_A,https://doi.org/10.1021/acsami.7b16380,Crystal engineering
10.1021/acs.inorgchem.2c00756,publisher_A,https://doi.org/10.1021/acs.inorgchem.2c00756,Crystal engineering
10.1039/d4sc07959k,publisher_R,https://doi.org/10.1039/d4sc07959k,Crystal engineering
10.1039/d4dt01729c,publisher_R,https://doi.org/10.1039/d4dt01729c,Crystal engineering
10.1021/acsaem.4c02257,publisher_A,https://doi.org/10.1021/acsaem.4c02257,Functional materials
10.1021/acs.inorgchem.6b01592,publisher_A,https://doi.org/10.1021/acs.inorgchem.6b01592,Functional materials
10.1002/chem.202302709,publisher_W,https://doi.org/10.1002/chem.202302709,Crystal engineering
10.1021/jacs.5b11079,publisher_A,https://doi.org/10.1021/jacs.5b11079,Crystal engineering
10.1002/anie.202305144,publisher_W,https://doi.org/10.1002/anie.202305144,Functional materials
10.1039/d1ce00112d,publisher_R,https://doi.org/10.1039/d1ce00112d,Functional materials
10.1039/c4dt02047b,publisher_R,https://doi.org/10.1039/c4dt02047b,Crystal engineering
10.1002/zaac.201800280,publisher_W,https://doi.org/10.1002/zaac.201800280,Functional materials
10.1002/anie.202422517,publisher_W,https://doi.org/10.1002/anie.202422517,Functional materials
10.1002/chem.202404219,publisher_W,https://doi.org/10.1002/chem.202404219,Functional materials
10.1039/d1cc00548k,publisher_R,https://doi.org/10.1039/d1cc00548k,Crystal engineering
10.1021/ja102134c,publisher_A,https://doi.org/10.1021/ja102134c,Crystal engineering
10.1021/cg0602111,publisher_A,https://doi.org/10.1021/cg0602111,Crystal engineering
10.1021/acs.inorgchem.1c01466,publisher_A,https://doi.org/10.1021/acs.inorgchem.1c01466,Crystal engineering
10.1021/acs.cgd.6b00610,publisher_A,https://doi.org/10.1021/acs.cgd.6b00610,Crystal engineering
10.1021/jacs.7b03578,publisher_A,https://doi.org/10.1021/jacs.7b03578,Chemical synthesis
10.1039/b800938d,publisher_R,https://doi.org/10.1039/b800938d,Chemical synthesis
10.1039/d3dt03867j,publisher_R,https://doi.org/10.1039/d3dt03867j,Crystal engineering
10.1021/cg401540s,publisher_A,https://doi.org/10.1021/cg401540s,Functional materials
10.1002/chem.201901118,publisher_W,https://doi.org/10.1002/chem.201901118,Functional materials
10.1021/acs.chemmater.7b03203,publisher_A,https://doi.org/10.1021/acs.chemmater.7b03203,Functional materials
10.1039/c8ce00455b,publisher_R,https://doi.org/10.1039/c8ce00455b,Crystal engineering
10.1039/c2cc17256a,publisher_R,https://doi.org/10.1039/c2cc17256a,Functional materials
10.1021/acs.cgd.5b00428,publisher_A,https://doi.org/10.1021/acs.cgd.5b00428,Crystal engineering
10.1021/acs.inorgchem.1c03199,publisher_A,https://doi.org/10.1021/acs.inorgchem.1c03199,Functional materials
10.1021/jacs.3c04641,publisher_A,https://doi.org/10.1021/jacs.3c04641,Functional materials
10.1002/asia.202401046,publisher_W,https://doi.org/10.1002/asia.202401046,Functional materials
10.1021/cm2008889,publisher_A,https://doi.org/10.1021/cm2008889,Theory & modeling
10.1039/c8dt04688c,publisher_R,https://doi.org/10.1039/c8dt04688c,Chemical synthesis
10.1021/jacs.5b09225,publisher_A,https://doi.org/10.1021/jacs.5b09225,Crystal engineering
10.1021/ja045123o,publisher_A,https://doi.org/10.1021/ja045123o,Crystal engineering
10.1021/acsami.7b11348,publisher_A,https://doi.org/10.1021/acsami.7b11348,Crystal engineering
10.1039/d1dt01945g,publisher_R,https://doi.org/10.1039/d1dt01945g,Crystal engineering
10.1039/c3ce40825f,publisher_R,https://doi.org/10.1039/c3ce40825f,Crystal engineering
10.1021/acsami.7b01040,publisher_A,https://doi.org/10.1021/acsami.7b01040,Functional materials
10.1039/c0ce00762e,publisher_R,https://doi.org/10.1039/c0ce00762e,Crystal engineering
10.1021/acs.cgd.9b01384,publisher_A,https://doi.org/10.1021/acs.cgd.9b01384,Chemical synthesis
10.1021/acs.cgd.0c00827,publisher_A,https://doi.org/10.1021/acs.cgd.0c00827,Functional materials
10.1039/c5ce02277k,publisher_R,https://doi.org/10.1039/c5ce02277k,Crystal engineering
10.1039/d0dt01939a,publisher_R,https://doi.org/10.1039/d0dt01939a,Chemical synthesis
10.1039/d2sc05161c,publisher_R,https://doi.org/10.1039/d2sc05161c,Functional materials
10.1039/d3se00277b,publisher_R,https://doi.org/10.1039/d3se00277b,Functional materials
10.1002/hlca.201200466,publisher_W,https://doi.org/10.1002/hlca.201200466,Chemical synthesis
10.1002/smll.202301933,publisher_W,https://doi.org/10.1002/smll.202301933,Functional materials
10.1039/c8nj05782f,publisher_R,https://doi.org/10.1039/c8nj05782f,Functional materials
10.1007/s10934-014-9823-6,publisher_S,https://doi.org/10.1007/s10934-014-9823-6,Chemical synthesis
10.1039/d2ra05878b,publisher_R,https://doi.org/10.1039/d2ra05878b,Chemical synthesis
10.1021/acsanm.1c02862,publisher_A,https://doi.org/10.1021/acsanm.1c02862,Functional materials
10.1039/c6ta04342a,publisher_R,https://doi.org/10.1039/c6ta04342a,Chemical synthesis
10.1039/c3ce41366g,publisher_R,https://doi.org/10.1039/c3ce41366g,Chemical synthesis
10.1021/acs.inorgchem.8b03202,publisher_A,https://doi.org/10.1021/acs.inorgchem.8b03202,Crystal engineering
10.1021/acs.cgd.8b00349,publisher_A,https://doi.org/10.1021/acs.cgd.8b00349,Chemical synthesis
10.1021/acs.chemmater.6b05115,publisher_A,https://doi.org/10.1021/acs.chemmater.6b05115,Chemical synthesis
10.1002/chem.201101383,publisher_W,https://doi.org/10.1002/chem.201101383,Crystal engineering
10.1021/acs.cgd.1c00491,publisher_A,https://doi.org/10.1021/acs.cgd.1c00491,Crystal engineering
10.1021/acs.inorgchem.4c03064,publisher_A,https://doi.org/10.1021/acs.inorgchem.4c03064,Functional materials
10.1002/chem.201602641,publisher_W,https://doi.org/10.1002/chem.201602641,Functional materials
10.1021/acs.inorgchem.3c04363,publisher_A,https://doi.org/10.1021/acs.inorgchem.3c04363,Crystal engineering
10.1039/c6dt00860g,publisher_R,https://doi.org/10.1039/c6dt00860g,Crystal engineering
10.1021/ja507947d,publisher_A,https://doi.org/10.1021/ja507947d,Functional materials
10.1039/c9sc01447k,publisher_R,https://doi.org/10.1039/c9sc01447k,Crystal engineering
10.1021/acssuschemeng.4c06002,publisher_A,https://doi.org/10.1021/acssuschemeng.4c06002,Chemical synthesis
10.1002/anie.202421942,publisher_W,https://doi.org/10.1002/anie.202421942,Chemical synthesis
10.1002/adma.201705869,publisher_W,https://doi.org/10.1002/adma.201705869,Functional materials
10.1002/anie.202218590,publisher_W,https://doi.org/10.1002/anie.202218590,Chemical synthesis
10.1021/jacs.1c02108,publisher_A,https://doi.org/10.1021/jacs.1c02108,Chemical synthesis
10.1002/anie.202319978,publisher_W,https://doi.org/10.1002/anie.202319978,Chemical synthesis
10.1039/c9ce00213h,publisher_R,https://doi.org/10.1039/c9ce00213h,Chemical synthesis
10.1021/acs.cgd.0c00478,publisher_A,https://doi.org/10.1021/acs.cgd.0c00478,Crystal engineering
10.1039/b704294a,publisher_R,https://doi.org/10.1039/b704294a,Crystal engineering
10.1021/acs.inorgchem.4c05275,publisher_A,https://doi.org/10.1021/acs.inorgchem.4c05275,Chemical synthesis
10.1039/d1dt00118c,publisher_R,https://doi.org/10.1039/d1dt00118c,Chemical synthesis
10.1021/acs.inorgchem.2c04400,publisher_A,https://doi.org/10.1021/acs.inorgchem.2c04400,Functional materials
10.1039/c6ce01270a,publisher_R,https://doi.org/10.1039/c6ce01270a,Chemical synthesis
10.1039/c1ce06178j,publisher_R,https://doi.org/10.1039/c1ce06178j,Crystal engineering
10.1002/cnma.202100337,publisher_W,https://doi.org/10.1002/cnma.202100337,Chemical synthesis
10.1021/acs.cgd.2c00664,publisher_A,https://doi.org/10.1021/acs.cgd.2c00664,Functional materials
10.1039/c9sc06064b,publisher_R,https://doi.org/10.1039/c9sc06064b,Chemical synthesis
10.1021/jacs.6b01414,publisher_A,https://doi.org/10.1021/jacs.6b01414,Chemical synthesis
10.1007/s10934-023-01494-4,publisher_S,https://doi.org/10.1007/s10934-023-01494-4,Functional materials
10.1021/acs.cgd.4c00224,publisher_A,https://doi.org/10.1021/acs.cgd.4c00224,Functional materials
10.1021/jacs.3c10753,publisher_A,https://doi.org/10.1021/jacs.3c10753,Functional materials
10.1021/cg301347t,publisher_A,https://doi.org/10.1021/cg301347t,Functional materials
10.1021/acssuschemeng.8b06472,publisher_A,https://doi.org/10.1021/acssuschemeng.8b06472,Chemical synthesis
10.1039/c7dt03667a,publisher_R,https://doi.org/10.1039/c7dt03667a,Functional materials
10.1021/acs.inorgchem.6b02332,publisher_A,https://doi.org/10.1021/acs.inorgchem.6b02332,Functional materials
10.1007/s10563-018-9242-9,publisher_S,https://doi.org/10.1007/s10563-018-9242-9,Crystal engineering
10.1002/anie.202017042,publisher_W,https://doi.org/10.1002/anie.202017042,Crystal engineering
10.1039/d3dt01984e,publisher_R,https://doi.org/10.1039/d3dt01984e,Functional materials
10.1039/d1nj03105h,publisher_R,https://doi.org/10.1039/d1nj03105h,Functional materials
10.1039/d0nj01750g,publisher_R,https://doi.org/10.1039/d0nj01750g,Functional materials
10.1039/c7nj03530f,publisher_R,https://doi.org/10.1039/c7nj03530f,Functional materials
10.1039/c2ce06580k,publisher_R,https://doi.org/10.1039/c2ce06580k,Functional materials
10.1002/chem.201502918,publisher_W,https://doi.org/10.1002/chem.201502918,Functional materials
10.1021/acs.chemmater.6b00249,publisher_A,https://doi.org/10.1021/acs.chemmater.6b00249,Functional materials
10.1021/acs.langmuir.9b02582,publisher_A,https://doi.org/10.1021/acs.langmuir.9b02582,Functional materials
10.1021/acs.chemmater.0c02871,publisher_A,https://doi.org/10.1021/acs.chemmater.0c02871,Functional materials
10.1021/acs.inorgchem.4c02969,publisher_A,https://doi.org/10.1021/acs.inorgchem.4c02969,Crystal engineering
10.1002/anie.202200123,publisher_W,https://doi.org/10.1002/anie.202200123,Functional materials
10.1021/acsmaterialslett.3c00934,publisher_A,https://doi.org/10.1021/acsmaterialslett.3c00934,Functional materials
10.1039/c0ce00703j,publisher_R,https://doi.org/10.1039/c0ce00703j,Functional materials
10.1021/acsami.2c04603,publisher_A,https://doi.org/10.1021/acsami.2c04603,Chemical synthesis
10.1039/c5cc03357h,publisher_R,https://doi.org/10.1039/c5cc03357h,Functional materials
10.1186/s11671-023-03883-9,publisher_S,https://doi.org/10.1186/s11671-023-03883-9,Functional materials
10.1039/c3ta12476b,publisher_R,https://doi.org/10.1039/c3ta12476b,Functional materials
10.1021/acsanm.0c02376,publisher_A,https://doi.org/10.1021/acsanm.0c02376,Crystal engineering
10.1002/ejic.201300185,publisher_W,https://doi.org/10.1002/ejic.201300185,Crystal engineering
10.1039/c7ce00149e,publisher_R,https://doi.org/10.1039/c7ce00149e,Crystal engineering
10.1039/c3ce40910d,publisher_R,https://doi.org/10.1039/c3ce40910d,Crystal engineering
10.1002/adma.202106607,publisher_W,https://doi.org/10.1002/adma.202106607,Crystal engineering
10.1021/ic800702d,publisher_A,https://doi.org/10.1021/ic800702d,Crystal engineering
10.1021/acs.cgd.6b00060,publisher_A,https://doi.org/10.1021/acs.cgd.6b00060,Crystal engineering
10.1002/chem.201301536,publisher_W,https://doi.org/10.1002/chem.201301536,Crystal engineering
10.1021/acs.cgd.7b00001,publisher_A,https://doi.org/10.1021/acs.cgd.7b00001,Crystal engineering
10.1002/anie.201909912,publisher_W,https://doi.org/10.1002/anie.201909912,Functional materials
10.1039/c9qi01542f,publisher_R,https://doi.org/10.1039/c9qi01542f,Functional materials
10.1039/c6cc05699g,publisher_R,https://doi.org/10.1039/c6cc05699g,Chemical synthesis
10.1039/d0ce00262c,publisher_R,https://doi.org/10.1039/d0ce00262c,Crystal engineering
10.1021/acs.inorgchem.3c00365,publisher_A,https://doi.org/10.1021/acs.inorgchem.3c00365,Functional materials
10.1021/acsami.8b22385,publisher_A,https://doi.org/10.1021/acsami.8b22385,Functional materials
10.1021/acs.cgd.9b01098,publisher_A,https://doi.org/10.1021/acs.cgd.9b01098,Functional materials
10.1021/jacs.2c03114,publisher_A,https://doi.org/10.1021/jacs.2c03114,Functional materials
10.1039/c7cc00726d,publisher_R,https://doi.org/10.1039/c7cc00726d,Functional materials
10.1021/acsami.8b05098,publisher_A,https://doi.org/10.1021/acsami.8b05098,Functional materials
10.1021/acsami.9b02286,publisher_A,https://doi.org/10.1021/acsami.9b02286,Functional materials
10.1021/ic9019553,publisher_A,https://doi.org/10.1021/ic9019553,Crystal engineering
10.1039/c9ce01337g,publisher_R,https://doi.org/10.1039/c9ce01337g,Crystal engineering
10.1021/cg100554u,publisher_A,https://doi.org/10.1021/cg100554u,Crystal engineering
10.1021/acsomega.9b01108,publisher_A,https://doi.org/10.1021/acsomega.9b01108,Functional materials
10.1021/cg3000729,publisher_A,https://doi.org/10.1021/cg3000729,Crystal engineering
10.1021/cg200005q,publisher_A,https://doi.org/10.1021/cg200005q,Crystal engineering
10.1021/ic300134z,publisher_A,https://doi.org/10.1021/ic300134z,Crystal engineering
10.1021/ic5008457,publisher_A,https://doi.org/10.1021/ic5008457,Crystal engineering
10.1021/acs.inorgchem.7b02435,publisher_A,https://doi.org/10.1021/acs.inorgchem.7b02435,Functional materials
10.1039/c3dt52500g,publisher_R,https://doi.org/10.1039/c3dt52500g,Crystal engineering
10.1021/la402882a,publisher_A,https://doi.org/10.1021/la402882a,Chemical synthesis
10.1039/c7nr03739b,publisher_R,https://doi.org/10.1039/c7nr03739b,Functional materials
10.1039/c8ta06809g,publisher_R,https://doi.org/10.1039/c8ta06809g,Chemical synthesis
10.1021/acs.cgd.5b00304,publisher_A,https://doi.org/10.1021/acs.cgd.5b00304,Functional materials
10.1002/cjoc.201600685,publisher_W,https://doi.org/10.1002/cjoc.201600685,Functional materials
10.1039/c6ce00818f,publisher_R,https://doi.org/10.1039/c6ce00818f,Functional materials
10.1039/d0dt01955k,publisher_R,https://doi.org/10.1039/d0dt01955k,Functional materials
10.1021/jacs.3c12086,publisher_A,https://doi.org/10.1021/jacs.3c12086,Functional materials
10.1021/acs.inorgchem.7b02761,publisher_A,https://doi.org/10.1021/acs.inorgchem.7b02761,Theory & modeling
10.1039/d2dt01924h,publisher_R,https://doi.org/10.1039/d2dt01924h,Crystal engineering
10.1002/slct.201701411,publisher_W,https://doi.org/10.1002/slct.201701411,Functional materials
10.1002/asia.202100169,publisher_W,https://doi.org/10.1002/asia.202100169,Functional materials
10.1039/c3ra42519c,publisher_R,https://doi.org/10.1039/c3ra42519c,Functional materials
10.1007/s10934-018-0710-4,publisher_S,https://doi.org/10.1007/s10934-018-0710-4,Functional materials
10.1039/c2ta01125e,publisher_R,https://doi.org/10.1039/c2ta01125e,Functional materials
10.1002/ejic.201000494,publisher_W,https://doi.org/10.1002/ejic.201000494,Crystal engineering
10.1021/acs.inorgchem.2c02542,publisher_A,https://doi.org/10.1021/acs.inorgchem.2c02542,Functional materials
10.1021/om2000162,publisher_A,https://doi.org/10.1021/om2000162,Crystal engineering
10.1021/om801143q,publisher_A,https://doi.org/10.1021/om801143q,Crystal engineering
10.1021/acsami.8b12404,publisher_A,https://doi.org/10.1021/acsami.8b12404,Chemical synthesis
10.1039/c8dt00371h,publisher_R,https://doi.org/10.1039/c8dt00371h,Functional materials
10.1002/adfm.202403644,publisher_W,https://doi.org/10.1002/adfm.202403644,Functional materials
10.1039/c6dt02893d,publisher_R,https://doi.org/10.1039/c6dt02893d,Chemical synthesis
10.1021/acs.chemmater.2c00846,publisher_A,https://doi.org/10.1021/acs.chemmater.2c00846,Functional materials
10.1021/acs.chemmater.2c00846,publisher_A,https://doi.org/10.1021/acs.chemmater.2c00846,Functional materials
10.1002/adfm.202204065,publisher_W,https://doi.org/10.1002/adfm.202204065,Functional materials
10.1021/acs.inorgchem.0c01646,publisher_A,https://doi.org/10.1021/acs.inorgchem.0c01646,Crystal engineering
10.1021/acsmaterialslett.9b00021,publisher_A,https://doi.org/10.1021/acsmaterialslett.9b00021,Crystal engineering
10.1002/chem.201502758,publisher_W,https://doi.org/10.1002/chem.201502758,Crystal engineering
10.1021/jacs.0c13005,publisher_A,https://doi.org/10.1021/jacs.0c13005,Crystal engineering
10.1039/c7ce01919j,publisher_R,https://doi.org/10.1039/c7ce01919j,Crystal engineering
10.1002/aoc.7590,publisher_W,https://doi.org/10.1002/aoc.7590,Crystal engineering
10.1021/jacs.7b02394,publisher_A,https://doi.org/10.1021/jacs.7b02394,Functional materials
10.1021/jacs.6b06759,publisher_A,https://doi.org/10.1021/jacs.6b06759,Functional materials
10.1039/d0sc03940c,publisher_R,https://doi.org/10.1039/d0sc03940c,Functional materials
10.1021/jacs.2c03062,publisher_A,https://doi.org/10.1021/jacs.2c03062,Chemical synthesis
10.1002/anie.202401375,publisher_W,https://doi.org/10.1002/anie.202401375,Chemical synthesis
10.1039/c5dt05023e,publisher_R,https://doi.org/10.1039/c5dt05023e,Chemical synthesis
10.1021/acs.cgd.7b01070,publisher_A,https://doi.org/10.1021/acs.cgd.7b01070,Crystal engineering
10.1021/cg400490y,publisher_A,https://doi.org/10.1021/cg400490y,Crystal engineering
10.1021/cg3004323,publisher_A,https://doi.org/10.1021/cg3004323,Crystal engineering
10.1039/c6ra26966d,publisher_R,https://doi.org/10.1039/c6ra26966d,Functional materials
10.1021/ic102207n,publisher_A,https://doi.org/10.1021/ic102207n,Crystal engineering
10.1039/c1dt11130b,publisher_R,https://doi.org/10.1039/c1dt11130b,Crystal engineering
10.1021/cg8009546,publisher_A,https://doi.org/10.1021/cg8009546,Functional materials
10.1002/anie.202412494,publisher_W,https://doi.org/10.1002/anie.202412494,Crystal engineering
10.1002/anie.202308506,publisher_W,https://doi.org/10.1002/anie.202308506,Chemical synthesis
10.1039/c5dt02379c,publisher_R,https://doi.org/10.1039/c5dt02379c,Chemical synthesis
10.1002/cssc.201300836,publisher_W,https://doi.org/10.1002/cssc.201300836,Chemical synthesis
10.1039/c2ce25040c,publisher_R,https://doi.org/10.1039/c2ce25040c,Chemical synthesis
10.1039/c7nr08892b,publisher_R,https://doi.org/10.1039/c7nr08892b,Functional materials
10.1021/acs.cgd.9b01590,publisher_A,https://doi.org/10.1021/acs.cgd.9b01590,Chemical synthesis
10.1021/jacs.1c01673,publisher_A,https://doi.org/10.1021/jacs.1c01673,Functional materials
10.1039/d2qi01152b,publisher_R,https://doi.org/10.1039/d2qi01152b,Functional materials
10.1002/smtd.202200208,publisher_W,https://doi.org/10.1002/smtd.202200208,Theory & modeling
10.1021/acsami.8b17660,publisher_A,https://doi.org/10.1021/acsami.8b17660,Functional materials
10.1039/d0an01566k,publisher_R,https://doi.org/10.1039/d0an01566k,Functional materials
10.1039/c1ce06274c,publisher_R,https://doi.org/10.1039/c1ce06274c,Chemical synthesis
10.1002/chem.201500615,publisher_W,https://doi.org/10.1002/chem.201500615,Functional materials
10.1021/jacs.1c10800,publisher_A,https://doi.org/10.1021/jacs.1c10800,Chemical synthesis
10.1021/acs.jpcc.0c02743,publisher_A,https://doi.org/10.1021/acs.jpcc.0c02743,Crystal engineering
10.1021/acs.chemmater.0c04675,publisher_A,https://doi.org/10.1021/acs.chemmater.0c04675,Functional materials
10.1002/cphc.201501012,publisher_W,https://doi.org/10.1002/cphc.201501012,Functional materials
10.1021/acsami.8b19048,publisher_A,https://doi.org/10.1021/acsami.8b19048,Functional materials
10.1039/d3qi01567j,publisher_R,https://doi.org/10.1039/d3qi01567j,Functional materials
10.1002/slct.201802940,publisher_W,https://doi.org/10.1002/slct.201802940,Functional materials
10.1002/anie.202009630,publisher_W,https://doi.org/10.1002/anie.202009630,Functional materials
10.1002/adfm.202008357,publisher_W,https://doi.org/10.1002/adfm.202008357,Functional materials
10.1002/adfm.201705588,publisher_W,https://doi.org/10.1002/adfm.201705588,Functional materials
10.1021/cg201030u,publisher_A,https://doi.org/10.1021/cg201030u,Functional materials
10.1039/b907149k,publisher_R,https://doi.org/10.1039/b907149k,Crystal engineering
10.1039/c3ce41728j,publisher_R,https://doi.org/10.1039/c3ce41728j,Chemical synthesis
10.1021/cg300261k,publisher_A,https://doi.org/10.1021/cg300261k,Crystal engineering
10.1039/c0cc01141j,publisher_R,https://doi.org/10.1039/c0cc01141j,Crystal engineering
10.1021/acs.chemmater.9b00617,publisher_A,https://doi.org/10.1021/acs.chemmater.9b00617,Chemical synthesis
10.1039/c3sc52666f,publisher_R,https://doi.org/10.1039/c3sc52666f,Functional materials
10.1039/c5ra08350h,publisher_R,https://doi.org/10.1039/c5ra08350h,Crystal engineering
10.1039/c7nj04625a,publisher_R,https://doi.org/10.1039/c7nj04625a,Functional materials
10.1021/jacs.0c12367,publisher_A,https://doi.org/10.1021/jacs.0c12367,Functional materials
10.1002/cjoc.201600909,publisher_W,https://doi.org/10.1002/cjoc.201600909,Crystal engineering
10.1002/adma.202101257,publisher_W,https://doi.org/10.1002/adma.202101257,Functional materials
10.1039/c9tc03698a,publisher_R,https://doi.org/10.1039/c9tc03698a,Crystal engineering
10.1021/acs.cgd.8b01433,publisher_A,https://doi.org/10.1021/acs.cgd.8b01433,Functional materials
10.1002/chem.201104001,publisher_W,https://doi.org/10.1002/chem.201104001,Crystal engineering
10.1021/acs.cgd.6b00991,publisher_A,https://doi.org/10.1021/acs.cgd.6b00991,Functional materials
10.1039/b812645c,publisher_R,https://doi.org/10.1039/b812645c,Crystal engineering
10.1039/c2ce26138c,publisher_R,https://doi.org/10.1039/c2ce26138c,Functional materials
10.1002/ijch.201800155,publisher_W,https://doi.org/10.1002/ijch.201800155,Crystal engineering
10.1002/zaac.201500705,publisher_W,https://doi.org/10.1002/zaac.201500705,Functional materials
10.1039/b509460g,publisher_R,https://doi.org/10.1039/b509460g,Chemical synthesis
10.1039/b603274e,publisher_R,https://doi.org/10.1039/b603274e,Chemical synthesis
10.1002/chem.201905376,publisher_W,https://doi.org/10.1002/chem.201905376,Functional materials
10.1021/ic201571n,publisher_A,https://doi.org/10.1021/ic201571n,Crystal engineering
10.1039/c4cc09955a,publisher_R,https://doi.org/10.1039/c4cc09955a,Chemical synthesis
10.1021/cg301146u,publisher_A,https://doi.org/10.1021/cg301146u,Crystal engineering
10.1039/c8ta07700b,publisher_R,https://doi.org/10.1039/c8ta07700b,Functional materials
10.1039/c5ce00833f,publisher_R,https://doi.org/10.1039/c5ce00833f,Functional materials
10.1002/zaac.201500567,publisher_W,https://doi.org/10.1002/zaac.201500567,Crystal engineering
10.1021/ic401765r,publisher_A,https://doi.org/10.1021/ic401765r,Crystal engineering
10.1039/b315483a,publisher_R,https://doi.org/10.1039/b315483a,Crystal engineering
10.1021/ic502369y,publisher_A,https://doi.org/10.1021/ic502369y,Functional materials
10.1039/c9dt00941h,publisher_R,https://doi.org/10.1039/c9dt00941h,Chemical synthesis
10.1039/c5ra15397b,publisher_R,https://doi.org/10.1039/c5ra15397b,Crystal engineering
10.1039/c5ra10459a,publisher_R,https://doi.org/10.1039/c5ra10459a,Crystal engineering
10.1021/cg3011844,publisher_A,https://doi.org/10.1021/cg3011844,Chemical synthesis
10.1039/c4dt03868a,publisher_R,https://doi.org/10.1039/c4dt03868a,Crystal engineering
10.1021/acs.inorgchem.0c02050,publisher_A,https://doi.org/10.1021/acs.inorgchem.0c02050,Functional materials
10.1021/acs.cgd.8b00439,publisher_A,https://doi.org/10.1021/acs.cgd.8b00439,Crystal engineering
10.1039/c7dt01405h,publisher_R,https://doi.org/10.1039/c7dt01405h,Functional materials
10.1002/zaac.201500268,publisher_W,https://doi.org/10.1002/zaac.201500268,Functional materials
10.1039/c8dt01103f,publisher_R,https://doi.org/10.1039/c8dt01103f,Functional materials
10.1021/jacs.5c04897,publisher_A,https://doi.org/10.1021/jacs.5c04897,Crystal engineering
10.1039/c8cc09152h,publisher_R,https://doi.org/10.1039/c8cc09152h,Crystal engineering
10.1002/slct.202304882,publisher_W,https://doi.org/10.1002/slct.202304882,Functional materials
10.1039/c7ra05049f,publisher_R,https://doi.org/10.1039/c7ra05049f,Functional materials
10.1021/ic202635a,publisher_A,https://doi.org/10.1021/ic202635a,Chemical synthesis
10.1039/c5dt00578g,publisher_R,https://doi.org/10.1039/c5dt00578g,Crystal engineering
10.1021/cg200229h,publisher_A,https://doi.org/10.1021/cg200229h,Crystal engineering
10.1021/acs.inorgchem.5c00158,publisher_A,https://doi.org/10.1021/acs.inorgchem.5c00158,Crystal engineering
10.1021/acsami.1c22986,publisher_A,https://doi.org/10.1021/acsami.1c22986,Functional materials
10.1002/chem.201501029,publisher_W,https://doi.org/10.1002/chem.201501029,Crystal engineering
10.1002/chem.202402437,publisher_W,https://doi.org/10.1002/chem.202402437,Functional materials
10.1039/c2jm32066e,publisher_R,https://doi.org/10.1039/c2jm32066e,Crystal engineering
10.1039/c6tc01297c,publisher_R,https://doi.org/10.1039/c6tc01297c,Functional materials
10.1002/chem.201801821,publisher_W,https://doi.org/10.1002/chem.201801821,Functional materials
10.1002/anie.201912195,publisher_W,https://doi.org/10.1002/anie.201912195,Crystal engineering
10.1007/s10870-009-9638-5,publisher_S,https://doi.org/10.1007/s10870-009-9638-5,Crystal engineering
10.1002/zaac.200800143,publisher_W,https://doi.org/10.1002/zaac.200800143,Crystal engineering
10.1002/zaac.201400550,publisher_W,https://doi.org/10.1002/zaac.201400550,Crystal engineering
10.1039/c0dt00352b,publisher_R,https://doi.org/10.1039/c0dt00352b,Crystal engineering
10.1039/c2dt31518a,publisher_R,https://doi.org/10.1039/c2dt31518a,Chemical synthesis
10.1039/d2dt03230a,publisher_R,https://doi.org/10.1039/d2dt03230a,Functional materials
10.1002/ejic.201100227,publisher_W,https://doi.org/10.1002/ejic.201100227,Crystal engineering
10.1021/cg060741x,publisher_A,https://doi.org/10.1021/cg060741x,Crystal engineering
10.1021/cg9011247,publisher_A,https://doi.org/10.1021/cg9011247,Crystal engineering
10.1007/s11224-010-9684-9,publisher_S,https://doi.org/10.1007/s11224-010-9684-9,Crystal engineering
10.1021/ic4022596,publisher_A,https://doi.org/10.1021/ic4022596,Chemical synthesis
10.1021/acsami.1c05998,publisher_A,https://doi.org/10.1021/acsami.1c05998,Functional materials
10.1007/s10854-021-05648-5,publisher_S,https://doi.org/10.1007/s10854-021-05648-5,Functional materials
10.1039/c2ce06572j,publisher_R,https://doi.org/10.1039/c2ce06572j,Functional materials
10.1039/c4ta04622f,publisher_R,https://doi.org/10.1039/c4ta04622f,Functional materials
10.1039/c4ce01545b,publisher_R,https://doi.org/10.1039/c4ce01545b,Chemical synthesis
10.1039/b912158g,publisher_R,https://doi.org/10.1039/b912158g,Crystal engineering
10.1039/c4ra10039e,publisher_R,https://doi.org/10.1039/c4ra10039e,Crystal engineering
10.1021/cg400801s,publisher_A,https://doi.org/10.1021/cg400801s,Crystal engineering
10.1021/cg101414x,publisher_A,https://doi.org/10.1021/cg101414x,Crystal engineering
10.1039/c003986a,publisher_R,https://doi.org/10.1039/c003986a,Crystal engineering
10.1007/s10973-015-4721-y,publisher_S,https://doi.org/10.1007/s10973-015-4721-y,Functional materials
10.1039/d4ce00905c,publisher_R,https://doi.org/10.1039/d4ce00905c,Functional materials
10.1007/s10870-008-9336-8,publisher_S,https://doi.org/10.1007/s10870-008-9336-8,Crystal engineering
10.1002/adom.202402127,publisher_W,https://doi.org/10.1002/adom.202402127,Functional materials
10.1002/smll.201804874,publisher_W,https://doi.org/10.1002/smll.201804874,Functional materials
10.1021/acs.chemmater.0c03718,publisher_A,https://doi.org/10.1021/acs.chemmater.0c03718,Crystal engineering
10.1039/c3qi00045a,publisher_R,https://doi.org/10.1039/c3qi00045a,Functional materials
10.1021/ic8010458,publisher_A,https://doi.org/10.1021/ic8010458,Functional materials
10.1021/ic701865k,publisher_A,https://doi.org/10.1021/ic701865k,Functional materials
10.1039/d3ce00784g,publisher_R,https://doi.org/10.1039/d3ce00784g,Crystal engineering
10.1039/d0dt00546k,publisher_R,https://doi.org/10.1039/d0dt00546k,Crystal engineering
10.1039/c3ce41080c,publisher_R,https://doi.org/10.1039/c3ce41080c,Crystal engineering
10.1039/c8ta10610j,publisher_R,https://doi.org/10.1039/c8ta10610j,Crystal engineering
10.1007/s11172-022-3403-8,publisher_S,https://doi.org/10.1007/s11172-022-3403-8,Functional materials
10.1002/zaac.201400388,publisher_W,https://doi.org/10.1002/zaac.201400388,Crystal engineering
10.1039/c4dt02661f,publisher_R,https://doi.org/10.1039/c4dt02661f,Functional materials
10.1039/c2ce06386g,publisher_R,https://doi.org/10.1039/c2ce06386g,Crystal engineering
10.1039/d2ra08347g,publisher_R,https://doi.org/10.1039/d2ra08347g,Chemical synthesis
10.1021/acs.cgd.6b00463,publisher_A,https://doi.org/10.1021/acs.cgd.6b00463,Functional materials
10.1002/chem.202301113,publisher_W,https://doi.org/10.1002/chem.202301113,Functional materials
10.1039/d2ce00026a,publisher_R,https://doi.org/10.1039/d2ce00026a,Functional materials
10.1007/s10934-019-00755-5,publisher_S,https://doi.org/10.1007/s10934-019-00755-5,Functional materials
10.1002/zaac.201500028,publisher_W,https://doi.org/10.1002/zaac.201500028,Chemical synthesis
10.1039/d2tc02947b,publisher_R,https://doi.org/10.1039/d2tc02947b,Functional materials
10.1021/acs.inorgchem.8b01137,publisher_A,https://doi.org/10.1021/acs.inorgchem.8b01137,Functional materials
10.1021/acs.inorgchem.4c04646,publisher_A,https://doi.org/10.1021/acs.inorgchem.4c04646,Functional materials
10.1039/d1tc00407g,publisher_R,https://doi.org/10.1039/d1tc00407g,Functional materials
10.1039/c0jm02381g,publisher_R,https://doi.org/10.1039/c0jm02381g,Chemical synthesis
10.1021/acs.inorgchem.4c04616,publisher_A,https://doi.org/10.1021/acs.inorgchem.4c04616,Functional materials
10.1002/chem.202302835,publisher_W,https://doi.org/10.1002/chem.202302835,Functional materials
10.1021/acs.jpcc.2c08424,publisher_A,https://doi.org/10.1021/acs.jpcc.2c08424,Crystal engineering
10.1021/acs.inorgchem.1c02082,publisher_A,https://doi.org/10.1021/acs.inorgchem.1c02082,Crystal engineering
10.1039/c1cc11932j,publisher_R,https://doi.org/10.1039/c1cc11932j,Functional materials
10.1021/jacs.8b09987,publisher_A,https://doi.org/10.1021/jacs.8b09987,Crystal engineering
10.1021/acs.inorgchem.1c02100,publisher_A,https://doi.org/10.1021/acs.inorgchem.1c02100,Functional materials
10.1039/d3tc04365g,publisher_R,https://doi.org/10.1039/d3tc04365g,Crystal engineering
10.1021/acs.inorgchem.3c02670,publisher_A,https://doi.org/10.1021/acs.inorgchem.3c02670,Functional materials
10.1021/acs.cgd.7b00118,publisher_A,https://doi.org/10.1021/acs.cgd.7b00118,Functional materials
10.1039/d1ce01418h,publisher_R,https://doi.org/10.1039/d1ce01418h,Functional materials
10.1021/cg900943x,publisher_A,https://doi.org/10.1021/cg900943x,Crystal engineering
10.1021/acs.inorgchem.9b00215,publisher_A,https://doi.org/10.1021/acs.inorgchem.9b00215,Functional materials
10.1002/chem.201505185,publisher_W,https://doi.org/10.1002/chem.201505185,Chemical synthesis
10.1039/d4ob00744a,publisher_R,https://doi.org/10.1039/d4ob00744a,Functional materials
10.1021/acs.inorgchem.2c04443,publisher_A,https://doi.org/10.1021/acs.inorgchem.2c04443,Chemical synthesis
10.1039/d4sc06528j,publisher_R,https://doi.org/10.1039/d4sc06528j,Chemical synthesis
10.1021/acs.cgd.5b01772,publisher_A,https://doi.org/10.1021/acs.cgd.5b01772,Crystal engineering
10.1021/acs.cgd.6b00795,publisher_A,https://doi.org/10.1021/acs.cgd.6b00795,Functional materials
10.1039/c3ce00048f,publisher_R,https://doi.org/10.1039/c3ce00048f,Crystal engineering
10.1021/ic500234r,publisher_A,https://doi.org/10.1021/ic500234r,Functional materials
10.1021/acs.inorgchem.8b00395,publisher_A,https://doi.org/10.1021/acs.inorgchem.8b00395,Chemical synthesis
10.1021/acs.inorgchem.5c00841,publisher_A,https://doi.org/10.1021/acs.inorgchem.5c00841,Functional materials
10.1002/anie.202513208,publisher_W,https://doi.org/10.1002/anie.202513208,Crystal engineering
10.1021/acs.inorgchem.6b01901,publisher_A,https://doi.org/10.1021/acs.inorgchem.6b01901,Functional materials
10.1039/c9ra06984d,publisher_R,https://doi.org/10.1039/c9ra06984d,Chemical synthesis
10.1039/c3ce26781d,publisher_R,https://doi.org/10.1039/c3ce26781d,Functional materials
10.1021/acsnano.3c09118,publisher_A,https://doi.org/10.1021/acsnano.3c09118,Functional materials
10.1039/c3ra45411h,publisher_R,https://doi.org/10.1039/c3ra45411h,Crystal engineering
10.1039/c3nj00023k,publisher_R,https://doi.org/10.1039/c3nj00023k,Functional materials
10.1021/jacs.7b01660,publisher_A,https://doi.org/10.1021/jacs.7b01660,Chemical synthesis
10.1021/acs.cgd.0c00608,publisher_A,https://doi.org/10.1021/acs.cgd.0c00608,Functional materials
10.1021/ja503218j,publisher_A,https://doi.org/10.1021/ja503218j,Functional materials
10.1021/acsami.9b13965,publisher_A,https://doi.org/10.1021/acsami.9b13965,Functional materials
10.1021/acs.cgd.4c00594,publisher_A,https://doi.org/10.1021/acs.cgd.4c00594,Crystal engineering
10.1039/c1ce05896g,publisher_R,https://doi.org/10.1039/c1ce05896g,Crystal engineering
10.1039/c2ce26279g,publisher_R,https://doi.org/10.1039/c2ce26279g,Functional materials
10.1021/ic402467g,publisher_A,https://doi.org/10.1021/ic402467g,Crystal engineering
10.1039/c4ce01635a,publisher_R,https://doi.org/10.1039/c4ce01635a,Crystal engineering
10.1039/c0nj00904k,publisher_R,https://doi.org/10.1039/c0nj00904k,Crystal engineering
10.1021/acs.cgd.7b00967,publisher_A,https://doi.org/10.1021/acs.cgd.7b00967,Crystal engineering
10.1039/c2dt31935g,publisher_R,https://doi.org/10.1039/c2dt31935g,Crystal engineering
10.1021/cg3006794,publisher_A,https://doi.org/10.1021/cg3006794,Crystal engineering
10.1039/c000723d,publisher_R,https://doi.org/10.1039/c000723d,Crystal engineering
10.1039/c5ce00341e,publisher_R,https://doi.org/10.1039/c5ce00341e,Crystal engineering
10.1021/cg9013812,publisher_A,https://doi.org/10.1021/cg9013812,Crystal engineering
10.1021/cg501828u,publisher_A,https://doi.org/10.1021/cg501828u,Crystal engineering
10.1039/c5ce00522a,publisher_R,https://doi.org/10.1039/c5ce00522a,Crystal engineering
10.1039/d0ce01448f,publisher_R,https://doi.org/10.1039/d0ce01448f,Crystal engineering
10.1021/cg300196w,publisher_A,https://doi.org/10.1021/cg300196w,Functional materials
10.1039/c3ce41805g,publisher_R,https://doi.org/10.1039/c3ce41805g,Crystal engineering
10.1039/c0ce00297f,publisher_R,https://doi.org/10.1039/c0ce00297f,Crystal engineering
10.1021/acs.inorgchem.9b02742,publisher_A,https://doi.org/10.1021/acs.inorgchem.9b02742,Crystal engineering
10.1021/jacs.0c10400,publisher_A,https://doi.org/10.1021/jacs.0c10400,Functional materials
10.1039/d4ta07509a,publisher_R,https://doi.org/10.1039/d4ta07509a,Functional materials
10.1039/c2jm15601f,publisher_R,https://doi.org/10.1039/c2jm15601f,Functional materials
10.1021/acs.inorgchem.5b00180,publisher_A,https://doi.org/10.1021/acs.inorgchem.5b00180,Crystal engineering
10.1002/ejic.201000731,publisher_W,https://doi.org/10.1002/ejic.201000731,Crystal engineering
10.1021/cm2004352,publisher_A,https://doi.org/10.1021/cm2004352,Functional materials
10.1039/c4ce02064b,publisher_R,https://doi.org/10.1039/c4ce02064b,Crystal engineering
10.1039/c3dt52190g,publisher_R,https://doi.org/10.1039/c3dt52190g,Crystal engineering
10.1021/acs.inorgchem.3c00055,publisher_A,https://doi.org/10.1021/acs.inorgchem.3c00055,Functional materials
10.1007/s10450-020-00282-9,publisher_S,https://doi.org/10.1007/s10450-020-00282-9,Functional materials
10.1021/ic301187y,publisher_A,https://doi.org/10.1021/ic301187y,Crystal engineering
10.1021/cg2011666,publisher_A,https://doi.org/10.1021/cg2011666,Crystal engineering
10.1002/cplu.201402453,publisher_W,https://doi.org/10.1002/cplu.201402453,Crystal engineering
10.1021/cg900276g,publisher_A,https://doi.org/10.1021/cg900276g,Crystal engineering
10.1021/acs.inorgchem.0c01427,publisher_A,https://doi.org/10.1021/acs.inorgchem.0c01427,Crystal engineering
10.1039/c4dt01080a,publisher_R,https://doi.org/10.1039/c4dt01080a,Functional materials
10.1021/acs.inorgchem.3c02620,publisher_A,https://doi.org/10.1021/acs.inorgchem.3c02620,Crystal engineering
10.1021/cg800732e,publisher_A,https://doi.org/10.1021/cg800732e,Crystal engineering
10.1021/cg900220g,publisher_A,https://doi.org/10.1021/cg900220g,Crystal engineering
10.1039/c3dt52977k,publisher_R,https://doi.org/10.1039/c3dt52977k,Functional materials
10.1039/c7ce00481h,publisher_R,https://doi.org/10.1039/c7ce00481h,Crystal engineering
10.1021/ic9004533,publisher_A,https://doi.org/10.1021/ic9004533,Functional materials
10.1021/ic1017246,publisher_A,https://doi.org/10.1021/ic1017246,Functional materials
10.1021/cg1003726,publisher_A,https://doi.org/10.1021/cg1003726,Functional materials
10.1021/acs.cgd.6b00735,publisher_A,https://doi.org/10.1021/acs.cgd.6b00735,Functional materials
10.1021/acs.cgd.5b00861,publisher_A,https://doi.org/10.1021/acs.cgd.5b00861,Chemical synthesis
10.1039/c7ra13245j,publisher_R,https://doi.org/10.1039/c7ra13245j,Functional materials
10.1021/jacs.7b13330,publisher_A,https://doi.org/10.1021/jacs.7b13330,Functional materials
10.1002/zaac.200900452,publisher_W,https://doi.org/10.1002/zaac.200900452,Functional materials
10.1002/zaac.201600291,publisher_W,https://doi.org/10.1002/zaac.201600291,Functional materials
10.1002/zaac.201300357,publisher_W,https://doi.org/10.1002/zaac.201300357,Theory & modeling
10.1021/cg901403b,publisher_A,https://doi.org/10.1021/cg901403b,Crystal engineering
10.1039/c5ra15576b,publisher_R,https://doi.org/10.1039/c5ra15576b,Crystal engineering
10.1021/cg200926z,publisher_A,https://doi.org/10.1021/cg200926z,Crystal engineering
10.1021/ic051690g,publisher_A,https://doi.org/10.1021/ic051690g,Crystal engineering
10.1002/ejic.201301543,publisher_W,https://doi.org/10.1002/ejic.201301543,Functional materials
10.1021/cg301405r,publisher_A,https://doi.org/10.1021/cg301405r,Crystal engineering
10.1021/jacs.8b04369,publisher_A,https://doi.org/10.1021/jacs.8b04369,Crystal engineering
10.1021/ic102472u,publisher_A,https://doi.org/10.1021/ic102472u,Crystal engineering
10.1021/cg201572y,publisher_A,https://doi.org/10.1021/cg201572y,Crystal engineering
10.1021/ja105089w,publisher_A,https://doi.org/10.1021/ja105089w,Crystal engineering
10.1039/d0cc04283h,publisher_R,https://doi.org/10.1039/d0cc04283h,Crystal engineering
10.1007/s11172-017-1910-9,publisher_S,https://doi.org/10.1007/s11172-017-1910-9,Crystal engineering
10.1039/c2cc36003a,publisher_R,https://doi.org/10.1039/c2cc36003a,Crystal engineering
10.1021/cm3025445,publisher_A,https://doi.org/10.1021/cm3025445,Functional materials
10.1002/chem.201905260,publisher_W,https://doi.org/10.1002/chem.201905260,Chemical synthesis
10.1002/slct.201801068,publisher_W,https://doi.org/10.1002/slct.201801068,Chemical synthesis
10.1039/c5ra01890k,publisher_R,https://doi.org/10.1039/c5ra01890k,Functional materials
10.1002/adfm.201402972,publisher_W,https://doi.org/10.1002/adfm.201402972,Theory & modeling
10.1039/c2ce25677k,publisher_R,https://doi.org/10.1039/c2ce25677k,Crystal engineering
10.1039/b807063f,publisher_R,https://doi.org/10.1039/b807063f,Functional materials
10.1002/anie.202409588,publisher_W,https://doi.org/10.1002/anie.202409588,Functional materials
10.1021/acs.inorgchem.5c01354,publisher_A,https://doi.org/10.1021/acs.inorgchem.5c01354,Chemical synthesis
10.1021/acscatal.1c03329,publisher_A,https://doi.org/10.1021/acscatal.1c03329,Theory & modeling
10.1002/ejic.200900914,publisher_W,https://doi.org/10.1002/ejic.200900914,Chemical synthesis
10.1002/slct.201901070,publisher_W,https://doi.org/10.1002/slct.201901070,Chemical synthesis
10.1039/c3cy00044c,publisher_R,https://doi.org/10.1039/c3cy00044c,Chemical synthesis
10.1021/acs.inorgchem.6b02674,publisher_A,https://doi.org/10.1021/acs.inorgchem.6b02674,Functional materials
10.1039/d4ce01050g,publisher_R,https://doi.org/10.1039/d4ce01050g,Functional materials
10.1021/acs.chemmater.2c03018,publisher_A,https://doi.org/10.1021/acs.chemmater.2c03018,Functional materials
10.1021/ja710123s,publisher_A,https://doi.org/10.1021/ja710123s,Chemical synthesis
10.1002/aoc.6350,publisher_W,https://doi.org/10.1002/aoc.6350,Functional materials
10.1021/acs.inorgchem.1c03231,publisher_A,https://doi.org/10.1021/acs.inorgchem.1c03231,Functional materials
10.1007/s11144-016-1034-5,publisher_S,https://doi.org/10.1007/s11144-016-1034-5,Functional materials
10.1021/acs.organomet.7b00544,publisher_A,https://doi.org/10.1021/acs.organomet.7b00544,Crystal engineering
10.1007/s10934-014-9816-5,publisher_S,https://doi.org/10.1007/s10934-014-9816-5,Chemical synthesis
10.1021/ic060221r,publisher_A,https://doi.org/10.1021/ic060221r,Crystal engineering
10.1021/cg101114h,publisher_A,https://doi.org/10.1021/cg101114h,Crystal engineering
10.1039/d0ce01395a,publisher_R,https://doi.org/10.1039/d0ce01395a,Functional materials
10.1021/acs.inorgchem.4c00350,publisher_A,https://doi.org/10.1021/acs.inorgchem.4c00350,Functional materials
10.1039/d2ta02962f,publisher_R,https://doi.org/10.1039/d2ta02962f,Functional materials
10.1002/asia.201501422,publisher_W,https://doi.org/10.1002/asia.201501422,Crystal engineering
10.1039/c4ta02568g,publisher_R,https://doi.org/10.1039/c4ta02568g,Functional materials
10.1007/s10570-017-1331-9,publisher_S,https://doi.org/10.1007/s10570-017-1331-9,Functional materials
10.1002/cphc.201200262,publisher_W,https://doi.org/10.1002/cphc.201200262,Functional materials
10.1021/acsami.8b11652,publisher_A,https://doi.org/10.1021/acsami.8b11652,Functional materials
10.1039/d2qi01738e,publisher_R,https://doi.org/10.1039/d2qi01738e,Functional materials
10.1002/anie.201506888,publisher_W,https://doi.org/10.1002/anie.201506888,Crystal engineering
10.1007/s10853-019-03644-z,publisher_S,https://doi.org/10.1007/s10853-019-03644-z,Functional materials
10.1039/d1ce01471d,publisher_R,https://doi.org/10.1039/d1ce01471d,Functional materials
10.1039/d3dt01087b,publisher_R,https://doi.org/10.1039/d3dt01087b,Functional materials
10.1002/anie.201707238,publisher_W,https://doi.org/10.1002/anie.201707238,Functional materials
10.1039/c8cc08559e,publisher_R,https://doi.org/10.1039/c8cc08559e,Functional materials
10.1039/c9ce00440h,publisher_R,https://doi.org/10.1039/c9ce00440h,Chemical synthesis
10.1039/d1cc02828f,publisher_R,https://doi.org/10.1039/d1cc02828f,Chemical synthesis
10.1007/s10971-016-4138-5,publisher_S,https://doi.org/10.1007/s10971-016-4138-5,Functional materials
10.1021/ja5048522,publisher_A,https://doi.org/10.1021/ja5048522,Functional materials
10.1039/c4ce01512f,publisher_R,https://doi.org/10.1039/c4ce01512f,Chemical synthesis
10.1039/c3ce42648c,publisher_R,https://doi.org/10.1039/c3ce42648c,Functional materials
10.1039/d3nj05262a,publisher_R,https://doi.org/10.1039/d3nj05262a,Functional materials
10.1021/acsami.3c15398,publisher_A,https://doi.org/10.1021/acsami.3c15398,Chemical synthesis
10.1021/acs.cgd.6b01776,publisher_A,https://doi.org/10.1021/acs.cgd.6b01776,Functional materials
10.1021/acsomega.1c00143,publisher_A,https://doi.org/10.1021/acsomega.1c00143,Functional materials
10.1021/acsmaterialslett.4c01440,publisher_A,https://doi.org/10.1021/acsmaterialslett.4c01440,Functional materials
10.1002/ejic.201300533,publisher_W,https://doi.org/10.1002/ejic.201300533,Functional materials
10.1002/cplu.201500564,publisher_W,https://doi.org/10.1002/cplu.201500564,Functional materials
10.1021/acs.inorgchem.8b01842,publisher_A,https://doi.org/10.1021/acs.inorgchem.8b01842,Functional materials
10.1021/acs.inorgchem.5b00074,publisher_A,https://doi.org/10.1021/acs.inorgchem.5b00074,Crystal engineering
10.1002/anie.201907074,publisher_W,https://doi.org/10.1002/anie.201907074,Functional materials
10.1002/chem.201406157,publisher_W,https://doi.org/10.1002/chem.201406157,Chemical synthesis
10.1039/c9sc01301f,publisher_R,https://doi.org/10.1039/c9sc01301f,Chemical synthesis
10.1002/anie.201307340,publisher_W,https://doi.org/10.1002/anie.201307340,Crystal engineering
10.1021/jacs.1c10291,publisher_A,https://doi.org/10.1021/jacs.1c10291,Chemical synthesis
10.1002/chem.201504576,publisher_W,https://doi.org/10.1002/chem.201504576,Functional materials
10.1002/chem.201102357,publisher_W,https://doi.org/10.1002/chem.201102357,Functional materials
10.1002/slct.201902379,publisher_W,https://doi.org/10.1002/slct.201902379,Functional materials
10.1002/smll.202412121,publisher_W,https://doi.org/10.1002/smll.202412121,Theory & modeling
10.1021/acs.cgd.0c01703,publisher_A,https://doi.org/10.1021/acs.cgd.0c01703,Functional materials
10.1021/jp0130416,publisher_A,https://doi.org/10.1021/jp0130416,Functional materials
10.1039/c1ce05308f,publisher_R,https://doi.org/10.1039/c1ce05308f,Crystal engineering
10.1021/cg034156x,publisher_A,https://doi.org/10.1021/cg034156x,Crystal engineering
10.1002/ejic.200400173,publisher_W,https://doi.org/10.1002/ejic.200400173,Crystal engineering
10.1002/ejic.200400648,publisher_W,https://doi.org/10.1002/ejic.200400648,Crystal engineering
10.1039/c5nj00706b,publisher_R,https://doi.org/10.1039/c5nj00706b,Functional materials
10.1021/cg0501128,publisher_A,https://doi.org/10.1021/cg0501128,Crystal engineering
10.1002/zaac.201000315,publisher_W,https://doi.org/10.1002/zaac.201000315,Crystal engineering
10.1039/b315842j,publisher_R,https://doi.org/10.1039/b315842j,Crystal engineering
10.1002/asia.200900751,publisher_W,https://doi.org/10.1002/asia.200900751,Crystal engineering
10.1021/cg101433t,publisher_A,https://doi.org/10.1021/cg101433t,Crystal engineering
10.1007/s10870-016-0652-0,publisher_S,https://doi.org/10.1007/s10870-016-0652-0,Crystal engineering
10.1002/zaac.201900089,publisher_W,https://doi.org/10.1002/zaac.201900089,Crystal engineering
10.1007/s10934-016-0229-5,publisher_S,https://doi.org/10.1007/s10934-016-0229-5,Crystal engineering
10.1021/acs.inorgchem.3c01258,publisher_A,https://doi.org/10.1021/acs.inorgchem.3c01258,Functional materials
10.1039/c1ce06213a,publisher_R,https://doi.org/10.1039/c1ce06213a,Functional materials
10.1039/b618613k,publisher_R,https://doi.org/10.1039/b618613k,Crystal engineering
10.1002/slct.201601134,publisher_W,https://doi.org/10.1002/slct.201601134,Functional materials
10.1021/cg500477s,publisher_A,https://doi.org/10.1021/cg500477s,Crystal engineering
10.1002/zaac.201400206,publisher_W,https://doi.org/10.1002/zaac.201400206,Crystal engineering
10.1021/cg050458i,publisher_A,https://doi.org/10.1021/cg050458i,Crystal engineering
10.1021/acs.cgd.6b01763,publisher_A,https://doi.org/10.1021/acs.cgd.6b01763,Crystal engineering
10.1039/d0ce01245a,publisher_R,https://doi.org/10.1039/d0ce01245a,Functional materials
10.1039/c7ce02192e,publisher_R,https://doi.org/10.1039/c7ce02192e,Functional materials
10.1039/c9dt04172a,publisher_R,https://doi.org/10.1039/c9dt04172a,Functional materials
10.1002/chem.201703682,publisher_W,https://doi.org/10.1002/chem.201703682,Functional materials
10.1039/d2qi01949c,publisher_R,https://doi.org/10.1039/d2qi01949c,Functional materials
10.1039/d0ra05131d,publisher_R,https://doi.org/10.1039/d0ra05131d,Functional materials
10.1021/cg801321e,publisher_A,https://doi.org/10.1021/cg801321e,Functional materials
10.1039/c2ce25358e,publisher_R,https://doi.org/10.1039/c2ce25358e,Chemical synthesis
10.1039/d1qi01538a,publisher_R,https://doi.org/10.1039/d1qi01538a,Crystal engineering
10.1021/acs.cgd.7b00504,publisher_A,https://doi.org/10.1021/acs.cgd.7b00504,Functional materials
10.1039/c2ce00025c,publisher_R,https://doi.org/10.1039/c2ce00025c,Functional materials
10.1039/c3ce41632a,publisher_R,https://doi.org/10.1039/c3ce41632a,Functional materials
10.1021/cg201478y,publisher_A,https://doi.org/10.1021/cg201478y,Functional materials
10.1039/c4ce01390e,publisher_R,https://doi.org/10.1039/c4ce01390e,Crystal engineering
10.1039/c5ce00710k,publisher_R,https://doi.org/10.1039/c5ce00710k,Crystal engineering
10.1039/c9ra08559a,publisher_R,https://doi.org/10.1039/c9ra08559a,Crystal engineering
10.1021/acs.cgd.5b00681,publisher_A,https://doi.org/10.1021/acs.cgd.5b00681,Crystal engineering
10.1039/c6ce00625f,publisher_R,https://doi.org/10.1039/c6ce00625f,Crystal engineering
10.1039/c5ra10805e,publisher_R,https://doi.org/10.1039/c5ra10805e,Functional materials
10.1039/c3ce42477d,publisher_R,https://doi.org/10.1039/c3ce42477d,Crystal engineering
10.1021/cg101365v,publisher_A,https://doi.org/10.1021/cg101365v,Functional materials
10.1002/cjoc.201200575,publisher_W,https://doi.org/10.1002/cjoc.201200575,Functional materials
10.1039/c2ce26521d,publisher_R,https://doi.org/10.1039/c2ce26521d,Crystal engineering
10.1021/cg100870v,publisher_A,https://doi.org/10.1021/cg100870v,Crystal engineering
10.1021/cg501708b,publisher_A,https://doi.org/10.1021/cg501708b,Crystal engineering
10.1002/slct.201600844,publisher_W,https://doi.org/10.1002/slct.201600844,Crystal engineering
10.1002/ejic.200900144,publisher_W,https://doi.org/10.1002/ejic.200900144,Functional materials
10.1039/b317043h,publisher_R,https://doi.org/10.1039/b317043h,Crystal engineering
10.1002/ejic.200900902,publisher_W,https://doi.org/10.1002/ejic.200900902,Crystal engineering
10.1039/c6ce00681g,publisher_R,https://doi.org/10.1039/c6ce00681g,Crystal engineering
10.1039/c1ce05422h,publisher_R,https://doi.org/10.1039/c1ce05422h,Crystal engineering
10.1039/b419418g,publisher_R,https://doi.org/10.1039/b419418g,Crystal engineering
10.1007/s11243-013-9744-2,publisher_S,https://doi.org/10.1007/s11243-013-9744-2,Crystal engineering
10.1039/c3dt51747k,publisher_R,https://doi.org/10.1039/c3dt51747k,Crystal engineering
10.1039/c3dt53379d,publisher_R,https://doi.org/10.1039/c3dt53379d,Crystal engineering
10.1039/c8dt00997j,publisher_R,https://doi.org/10.1039/c8dt00997j,Functional materials
10.1002/ejic.200600039,publisher_W,https://doi.org/10.1002/ejic.200600039,Crystal engineering
10.1021/ic8020518,publisher_A,https://doi.org/10.1021/ic8020518,Functional materials
10.1002/zaac.201400188,publisher_W,https://doi.org/10.1002/zaac.201400188,Crystal engineering
10.1002/zaac.201400424,publisher_W,https://doi.org/10.1002/zaac.201400424,Crystal engineering
10.1002/ejic.200701147,publisher_W,https://doi.org/10.1002/ejic.200701147,Crystal engineering
10.1021/cg201619x,publisher_A,https://doi.org/10.1021/cg201619x,Crystal engineering
10.1021/cg500162x,publisher_A,https://doi.org/10.1021/cg500162x,Crystal engineering
10.1021/cg060304i,publisher_A,https://doi.org/10.1021/cg060304i,Crystal engineering
10.1021/ic048816e,publisher_A,https://doi.org/10.1021/ic048816e,Crystal engineering
10.1007/s11243-008-9147-y,publisher_S,https://doi.org/10.1007/s11243-008-9147-y,Crystal engineering
10.1002/zaac.201500183,publisher_W,https://doi.org/10.1002/zaac.201500183,Crystal engineering
10.1021/cg100127w,publisher_A,https://doi.org/10.1021/cg100127w,Crystal engineering
10.1021/cg400454c,publisher_A,https://doi.org/10.1021/cg400454c,Crystal engineering
10.1039/c2ce06329h,publisher_R,https://doi.org/10.1039/c2ce06329h,Crystal engineering
10.1021/acs.cgd.7b01319,publisher_A,https://doi.org/10.1021/acs.cgd.7b01319,Crystal engineering
10.1021/cg501425x,publisher_A,https://doi.org/10.1021/cg501425x,Crystal engineering
10.1039/d0ce00175a,publisher_R,https://doi.org/10.1039/d0ce00175a,Functional materials
10.1039/c4ra09505g,publisher_R,https://doi.org/10.1039/c4ra09505g,Crystal engineering
10.1039/b909015k,publisher_R,https://doi.org/10.1039/b909015k,Crystal engineering
10.1021/acs.cgd.8b01077,publisher_A,https://doi.org/10.1021/acs.cgd.8b01077,Functional materials
10.1039/c0ce00393j,publisher_R,https://doi.org/10.1039/c0ce00393j,Crystal engineering
10.1039/c8nj04853c,publisher_R,https://doi.org/10.1039/c8nj04853c,Functional materials
10.1039/c5ce02473k,publisher_R,https://doi.org/10.1039/c5ce02473k,Functional materials
10.1039/c9ce00433e,publisher_R,https://doi.org/10.1039/c9ce00433e,Functional materials
10.1002/jccs.202000458,publisher_W,https://doi.org/10.1002/jccs.202000458,Functional materials
10.1039/c7ce01229b,publisher_R,https://doi.org/10.1039/c7ce01229b,Crystal engineering
10.1021/acs.cgd.7b00174,publisher_A,https://doi.org/10.1021/acs.cgd.7b00174,Crystal engineering
10.1002/bkcs.10538,publisher_W,https://doi.org/10.1002/bkcs.10538,Crystal engineering
10.1039/c9dt00499h,publisher_R,https://doi.org/10.1039/c9dt00499h,Crystal engineering
10.1002/zaac.201700003,publisher_W,https://doi.org/10.1002/zaac.201700003,Crystal engineering
10.1039/c2dt31867a,publisher_R,https://doi.org/10.1039/c2dt31867a,Functional materials
10.1039/c6ce01790h,publisher_R,https://doi.org/10.1039/c6ce01790h,Crystal engineering
10.1039/c5ra19936k,publisher_R,https://doi.org/10.1039/c5ra19936k,Crystal engineering
10.1007/s10870-021-00895-0,publisher_S,https://doi.org/10.1007/s10870-021-00895-0,Crystal engineering
10.1039/b807165a,publisher_R,https://doi.org/10.1039/b807165a,Crystal engineering
10.1039/c7ce00361g,publisher_R,https://doi.org/10.1039/c7ce00361g,Crystal engineering
10.1039/c3ce40179k,publisher_R,https://doi.org/10.1039/c3ce40179k,Crystal engineering
10.1039/c3ce41764f,publisher_R,https://doi.org/10.1039/c3ce41764f,Crystal engineering
10.1007/s10876-020-01931-3,publisher_S,https://doi.org/10.1007/s10876-020-01931-3,Functional materials
10.1039/c0ce00750a,publisher_R,https://doi.org/10.1039/c0ce00750a,Crystal engineering
10.1007/s10895-021-02763-8,publisher_S,https://doi.org/10.1007/s10895-021-02763-8,Crystal engineering
10.1039/b706823a,publisher_R,https://doi.org/10.1039/b706823a,Crystal engineering
10.1039/c3ce42339e,publisher_R,https://doi.org/10.1039/c3ce42339e,Crystal engineering
10.1007/s10876-019-01683-9,publisher_S,https://doi.org/10.1007/s10876-019-01683-9,Crystal engineering
10.1039/c1ce05177f,publisher_R,https://doi.org/10.1039/c1ce05177f,Crystal engineering
10.1007/s10876-020-01954-w,publisher_S,https://doi.org/10.1007/s10876-020-01954-w,Crystal engineering
10.1039/c5ce01857a,publisher_R,https://doi.org/10.1039/c5ce01857a,Crystal engineering
10.1039/c6dt04270h,publisher_R,https://doi.org/10.1039/c6dt04270h,Crystal engineering
10.1002/slct.201801610,publisher_W,https://doi.org/10.1002/slct.201801610,Crystal engineering
10.1007/s11243-018-0272-y,publisher_S,https://doi.org/10.1007/s11243-018-0272-y,Crystal engineering
10.1039/b712015j,publisher_R,https://doi.org/10.1039/b712015j,Crystal engineering
10.1039/c2ce06581a,publisher_R,https://doi.org/10.1039/c2ce06581a,Crystal engineering
10.1039/c1ce05235g,publisher_R,https://doi.org/10.1039/c1ce05235g,Crystal engineering
10.1039/c2dt30826f,publisher_R,https://doi.org/10.1039/c2dt30826f,Crystal engineering
10.1039/b718947h,publisher_R,https://doi.org/10.1039/b718947h,Theory & modeling
10.1007/s10870-016-0648-9,publisher_S,https://doi.org/10.1007/s10870-016-0648-9,Crystal engineering
10.1039/c5ra19086j,publisher_R,https://doi.org/10.1039/c5ra19086j,Crystal engineering
10.1039/c6ce00587j,publisher_R,https://doi.org/10.1039/c6ce00587j,Crystal engineering
10.1039/b808394k,publisher_R,https://doi.org/10.1039/b808394k,Crystal engineering
10.1039/c0ce00848f,publisher_R,https://doi.org/10.1039/c0ce00848f,Crystal engineering
10.1039/c0dt00949k,publisher_R,https://doi.org/10.1039/c0dt00949k,Crystal engineering
10.1039/c4ra00531g,publisher_R,https://doi.org/10.1039/c4ra00531g,Crystal engineering
10.1002/asia.201900536,publisher_W,https://doi.org/10.1002/asia.201900536,Crystal engineering
10.1039/b813226g,publisher_R,https://doi.org/10.1039/b813226g,Crystal engineering
10.1002/slct.201803542,publisher_W,https://doi.org/10.1002/slct.201803542,Crystal engineering
10.1021/cg201362x,publisher_A,https://doi.org/10.1021/cg201362x,Crystal engineering
10.1002/ejic.201500281,publisher_W,https://doi.org/10.1002/ejic.201500281,Crystal engineering
10.1002/ejic.200701060,publisher_W,https://doi.org/10.1002/ejic.200701060,Crystal engineering
10.1021/cg8009157,publisher_A,https://doi.org/10.1021/cg8009157,Crystal engineering
10.1021/cg200443p,publisher_A,https://doi.org/10.1021/cg200443p,Functional materials
10.1039/c3ce27082c,publisher_R,https://doi.org/10.1039/c3ce27082c,Crystal engineering
10.1039/c4ra04707a,publisher_R,https://doi.org/10.1039/c4ra04707a,Crystal engineering
10.1002/cplu.201402030,publisher_W,https://doi.org/10.1002/cplu.201402030,Crystal engineering
10.1021/cg300540d,publisher_A,https://doi.org/10.1021/cg300540d,Crystal engineering
10.1021/cg400579w,publisher_A,https://doi.org/10.1021/cg400579w,Crystal engineering
10.1002/zaac.202000100,publisher_W,https://doi.org/10.1002/zaac.202000100,Crystal engineering
10.1002/zaac.201000270,publisher_W,https://doi.org/10.1002/zaac.201000270,Crystal engineering
10.1039/b915459k,publisher_R,https://doi.org/10.1039/b915459k,Crystal engineering
10.1039/c4ce00760c,publisher_R,https://doi.org/10.1039/c4ce00760c,Crystal engineering
10.1002/zaac.201500232,publisher_W,https://doi.org/10.1002/zaac.201500232,Crystal engineering
10.1002/ejic.201701394,publisher_W,https://doi.org/10.1002/ejic.201701394,Crystal engineering
10.1039/c7dt03568c,publisher_R,https://doi.org/10.1039/c7dt03568c,Crystal engineering
10.1039/b707159k,publisher_R,https://doi.org/10.1039/b707159k,Crystal engineering
10.1021/cg3000526,publisher_A,https://doi.org/10.1021/cg3000526,Crystal engineering
10.1021/acs.cgd.5b00625,publisher_A,https://doi.org/10.1021/acs.cgd.5b00625,Crystal engineering
10.1021/cg1008208,publisher_A,https://doi.org/10.1021/cg1008208,Crystal engineering
10.1021/cg100467p,publisher_A,https://doi.org/10.1021/cg100467p,Crystal engineering
10.1021/cg1001557,publisher_A,https://doi.org/10.1021/cg1001557,Crystal engineering
10.1039/c0ce00834f,publisher_R,https://doi.org/10.1039/c0ce00834f,Crystal engineering
10.1021/cg8000398,publisher_A,https://doi.org/10.1021/cg8000398,Crystal engineering
10.1002/zaac.201400214,publisher_W,https://doi.org/10.1002/zaac.201400214,Crystal engineering
10.1002/zaac.200900436,publisher_W,https://doi.org/10.1002/zaac.200900436,Crystal engineering
10.1021/cg060287x,publisher_A,https://doi.org/10.1021/cg060287x,Crystal engineering
10.1039/c3ce40528a,publisher_R,https://doi.org/10.1039/c3ce40528a,Crystal engineering
10.1039/c3ce41966e,publisher_R,https://doi.org/10.1039/c3ce41966e,Crystal engineering
10.1039/c3ce00049d,publisher_R,https://doi.org/10.1039/c3ce00049d,Crystal engineering
10.1021/cg201025u,publisher_A,https://doi.org/10.1021/cg201025u,Crystal engineering
10.1039/c3ce26864k,publisher_R,https://doi.org/10.1039/c3ce26864k,Crystal engineering
10.1021/cg1000107,publisher_A,https://doi.org/10.1021/cg1000107,Crystal engineering
10.1021/cg0604982,publisher_A,https://doi.org/10.1021/cg0604982,Crystal engineering
10.1021/cg101435b,publisher_A,https://doi.org/10.1021/cg101435b,Crystal engineering
10.1039/c2ce26129d,publisher_R,https://doi.org/10.1039/c2ce26129d,Crystal engineering
10.1039/c3ce42203h,publisher_R,https://doi.org/10.1039/c3ce42203h,Crystal engineering
10.1021/cg301502u,publisher_A,https://doi.org/10.1021/cg301502u,Crystal engineering
10.1021/acs.cgd.5b01133,publisher_A,https://doi.org/10.1021/acs.cgd.5b01133,Crystal engineering
10.1021/acsomega.1c07077,publisher_A,https://doi.org/10.1021/acsomega.1c07077,Crystal engineering
10.1021/ic700597k,publisher_A,https://doi.org/10.1021/ic700597k,Crystal engineering
10.1021/acs.cgd.6b00780,publisher_A,https://doi.org/10.1021/acs.cgd.6b00780,Crystal engineering
10.1021/cg9013398,publisher_A,https://doi.org/10.1021/cg9013398,Crystal engineering
10.1039/c5ce00767d,publisher_R,https://doi.org/10.1039/c5ce00767d,Crystal engineering
10.1039/c5dt02774h,publisher_R,https://doi.org/10.1039/c5dt02774h,Crystal engineering
10.1039/c4ra00180j,publisher_R,https://doi.org/10.1039/c4ra00180j,Crystal engineering
10.1002/zaac.201700053,publisher_W,https://doi.org/10.1002/zaac.201700053,Crystal engineering
10.1002/zaac.201400483,publisher_W,https://doi.org/10.1002/zaac.201400483,Crystal engineering
10.1021/cg500197v,publisher_A,https://doi.org/10.1021/cg500197v,Crystal engineering
10.1021/acs.cgd.6b01352,publisher_A,https://doi.org/10.1021/acs.cgd.6b01352,Crystal engineering
10.1021/cg101610k,publisher_A,https://doi.org/10.1021/cg101610k,Crystal engineering
10.1039/c4ce02148g,publisher_R,https://doi.org/10.1039/c4ce02148g,Functional materials
10.1039/c5ce00807g,publisher_R,https://doi.org/10.1039/c5ce00807g,Crystal engineering
10.1039/c7nj04048b,publisher_R,https://doi.org/10.1039/c7nj04048b,Crystal engineering
10.1039/c3ce40850g,publisher_R,https://doi.org/10.1039/c3ce40850g,Functional materials
10.1039/c5ce00539f,publisher_R,https://doi.org/10.1039/c5ce00539f,Crystal engineering
10.1039/c0ce00490a,publisher_R,https://doi.org/10.1039/c0ce00490a,Crystal engineering
10.1021/cg400015v,publisher_A,https://doi.org/10.1021/cg400015v,Crystal engineering
10.1039/b916222d,publisher_R,https://doi.org/10.1039/b916222d,Crystal engineering
10.1039/c0ce00219d,publisher_R,https://doi.org/10.1039/c0ce00219d,Crystal engineering
10.1039/c2ce26695d,publisher_R,https://doi.org/10.1039/c2ce26695d,Crystal engineering
10.1039/c5dt01454a,publisher_R,https://doi.org/10.1039/c5dt01454a,Functional materials
10.1039/c2dt12346k,publisher_R,https://doi.org/10.1039/c2dt12346k,Crystal engineering
10.1039/b803168a,publisher_R,https://doi.org/10.1039/b803168a,Crystal engineering
10.1039/c2dt31964k,publisher_R,https://doi.org/10.1039/c2dt31964k,Functional materials
10.1002/zaac.201400254,publisher_W,https://doi.org/10.1002/zaac.201400254,Crystal engineering
10.1039/c4ra13501f,publisher_R,https://doi.org/10.1039/c4ra13501f,Crystal engineering
10.1039/c3dt50315a,publisher_R,https://doi.org/10.1039/c3dt50315a,Crystal engineering
10.1039/c0dt00390e,publisher_R,https://doi.org/10.1039/c0dt00390e,Crystal engineering
10.1039/c5ce00078e,publisher_R,https://doi.org/10.1039/c5ce00078e,Crystal engineering
10.1021/cg3017358,publisher_A,https://doi.org/10.1021/cg3017358,Crystal engineering
10.1039/c3ce42441c,publisher_R,https://doi.org/10.1039/c3ce42441c,Functional materials
10.1039/d3dt02822d,publisher_R,https://doi.org/10.1039/d3dt02822d,Functional materials
10.1039/c9ra10548d,publisher_R,https://doi.org/10.1039/c9ra10548d,Functional materials
10.1039/d4ra07521h,publisher_R,https://doi.org/10.1039/d4ra07521h,Functional materials
10.1039/c6ra17824c,publisher_R,https://doi.org/10.1039/c6ra17824c,Functional materials
10.1021/acs.inorgchem.2c03138,publisher_A,https://doi.org/10.1021/acs.inorgchem.2c03138,Functional materials
10.1021/acs.inorgchem.3c03742,publisher_A,https://doi.org/10.1021/acs.inorgchem.3c03742,Functional materials
10.1002/slct.202003213,publisher_W,https://doi.org/10.1002/slct.202003213,Functional materials
10.1007/s10876-025-02768-4,publisher_S,https://doi.org/10.1007/s10876-025-02768-4,Functional materials
10.1039/d3ce01058a,publisher_R,https://doi.org/10.1039/d3ce01058a,Functional materials
10.1039/c9ce00833k,publisher_R,https://doi.org/10.1039/c9ce00833k,Functional materials
10.1039/d0dt01312a,publisher_R,https://doi.org/10.1039/d0dt01312a,Chemical synthesis
10.1007/s11164-021-04565-w,publisher_S,https://doi.org/10.1007/s11164-021-04565-w,Functional materials
10.1002/aoc.6602,publisher_W,https://doi.org/10.1002/aoc.6602,Functional materials
10.1007/s10562-018-2490-5,publisher_S,https://doi.org/10.1007/s10562-018-2490-5,Functional materials
10.1039/c4dt00996g,publisher_R,https://doi.org/10.1039/c4dt00996g,Functional materials
10.1002/aoc.7487,publisher_W,https://doi.org/10.1002/aoc.7487,Functional materials
10.1039/b704325b,publisher_R,https://doi.org/10.1039/b704325b,Chemical synthesis
10.1002/aoc.3528,publisher_W,https://doi.org/10.1002/aoc.3528,Chemical synthesis
10.1002/chem.200901391,publisher_W,https://doi.org/10.1002/chem.200901391,Functional materials
10.1039/d4dt01100g,publisher_R,https://doi.org/10.1039/d4dt01100g,Functional materials
10.1039/b000566p,publisher_R,https://doi.org/10.1039/b000566p,Crystal engineering
10.1039/b808350a,publisher_R,https://doi.org/10.1039/b808350a,Chemical synthesis
10.1039/c6ce01580h,publisher_R,https://doi.org/10.1039/c6ce01580h,Crystal engineering
10.1021/acssuschemeng.4c00730,publisher_A,https://doi.org/10.1021/acssuschemeng.4c00730,Functional materials
10.1021/cg900613p,publisher_A,https://doi.org/10.1021/cg900613p,Crystal engineering
10.1021/ic201814g,publisher_A,https://doi.org/10.1021/ic201814g,Chemical synthesis
10.1021/ic060030o,publisher_A,https://doi.org/10.1021/ic060030o,Crystal engineering
10.1021/acs.cgd.7b01616,publisher_A,https://doi.org/10.1021/acs.cgd.7b01616,Functional materials
10.1039/c8dt01185k,publisher_R,https://doi.org/10.1039/c8dt01185k,Crystal engineering
10.1002/ejic.202000011,publisher_W,https://doi.org/10.1002/ejic.202000011,Crystal engineering
10.1002/zaac.201100462,publisher_W,https://doi.org/10.1002/zaac.201100462,Crystal engineering
10.1007/s10934-015-9960-6,publisher_S,https://doi.org/10.1007/s10934-015-9960-6,Crystal engineering
10.1021/ic049794z,publisher_A,https://doi.org/10.1021/ic049794z,Crystal engineering
10.1021/cg700741v,publisher_A,https://doi.org/10.1021/cg700741v,Crystal engineering
10.1039/c2ce25780g,publisher_R,https://doi.org/10.1039/c2ce25780g,Chemical synthesis
10.1002/zaac.201400139,publisher_W,https://doi.org/10.1002/zaac.201400139,Functional materials
10.1021/ic500607a,publisher_A,https://doi.org/10.1021/ic500607a,Crystal engineering
10.1007/s11696-020-01068-7,publisher_S,https://doi.org/10.1007/s11696-020-01068-7,Chemical synthesis
10.1021/cm103644b,publisher_A,https://doi.org/10.1021/cm103644b,Functional materials
10.1021/acsomega.9b00330,publisher_A,https://doi.org/10.1021/acsomega.9b00330,Functional materials
10.1039/c4dt02491e,publisher_R,https://doi.org/10.1039/c4dt02491e,Crystal engineering
10.1007/s11172-015-1246-2,publisher_S,https://doi.org/10.1007/s11172-015-1246-2,Chemical synthesis
10.1021/acs.inorgchem.9b00123,publisher_A,https://doi.org/10.1021/acs.inorgchem.9b00123,Functional materials
10.1039/c3ce42390e,publisher_R,https://doi.org/10.1039/c3ce42390e,Chemical synthesis
10.1007/s42823-022-00370-6,publisher_S,https://doi.org/10.1007/s42823-022-00370-6,Functional materials
10.1021/ic070132u,publisher_A,https://doi.org/10.1021/ic070132u,Crystal engineering
10.1021/acs.jchemed.1c00673,publisher_A,https://doi.org/10.1021/acs.jchemed.1c00673,Functional materials
10.1039/d4ce00592a,publisher_R,https://doi.org/10.1039/d4ce00592a,Crystal engineering
10.1021/cg2016275,publisher_A,https://doi.org/10.1021/cg2016275,Crystal engineering
10.1021/ic500434a,publisher_A,https://doi.org/10.1021/ic500434a,Functional materials
10.1021/ic060550j,publisher_A,https://doi.org/10.1021/ic060550j,Crystal engineering
10.1039/d0ra06529c,publisher_R,https://doi.org/10.1039/d0ra06529c,Functional materials
10.1039/c7nj00606c,publisher_R,https://doi.org/10.1039/c7nj00606c,Functional materials
10.1021/acs.cgd.6b01512,publisher_A,https://doi.org/10.1021/acs.cgd.6b01512,Crystal engineering
10.1039/d1ce00659b,publisher_R,https://doi.org/10.1039/d1ce00659b,Functional materials
10.1007/s10562-022-04135-8,publisher_S,https://doi.org/10.1007/s10562-022-04135-8,Functional materials
10.1007/s10562-020-03151-w,publisher_S,https://doi.org/10.1007/s10562-020-03151-w,Functional materials
10.1021/acs.cgd.5b00056,publisher_A,https://doi.org/10.1021/acs.cgd.5b00056,Crystal engineering
10.1007/s10853-018-2305-5,publisher_S,https://doi.org/10.1007/s10853-018-2305-5,Functional materials
10.1021/acs.chemmater.4c02796,publisher_A,https://doi.org/10.1021/acs.chemmater.4c02796,Chemical synthesis
10.1039/b922528e,publisher_R,https://doi.org/10.1039/b922528e,Crystal engineering
10.1039/c4dt03927k,publisher_R,https://doi.org/10.1039/c4dt03927k,Crystal engineering
10.1021/ic9021992,publisher_A,https://doi.org/10.1021/ic9021992,Crystal engineering
10.1039/c0ce00259c,publisher_R,https://doi.org/10.1039/c0ce00259c,Crystal engineering
10.1021/cg3003349,publisher_A,https://doi.org/10.1021/cg3003349,Crystal engineering
10.1021/cg401804e,publisher_A,https://doi.org/10.1021/cg401804e,Functional materials
10.1039/c2ce06451k,publisher_R,https://doi.org/10.1039/c2ce06451k,Crystal engineering
10.1002/slct.201904637,publisher_W,https://doi.org/10.1002/slct.201904637,Functional materials
10.1039/c4ra09883h,publisher_R,https://doi.org/10.1039/c4ra09883h,Chemical synthesis
10.1002/crat.201700017,publisher_W,https://doi.org/10.1002/crat.201700017,Crystal engineering
10.1007/s10870-010-9962-9,publisher_S,https://doi.org/10.1007/s10870-010-9962-9,Crystal engineering
10.1007/s11172-022-3499-x,publisher_S,https://doi.org/10.1007/s11172-022-3499-x,Crystal engineering
10.1002/zaac.201900009,publisher_W,https://doi.org/10.1002/zaac.201900009,Crystal engineering
10.1002/jccs.201000138,publisher_W,https://doi.org/10.1002/jccs.201000138,Crystal engineering
10.1002/zaac.200900462,publisher_W,https://doi.org/10.1002/zaac.200900462,Crystal engineering
10.1039/c2ce26312b,publisher_R,https://doi.org/10.1039/c2ce26312b,Crystal engineering
10.1007/s10870-009-9558-4,publisher_S,https://doi.org/10.1007/s10870-009-9558-4,Crystal engineering
10.1021/cg401286a,publisher_A,https://doi.org/10.1021/cg401286a,Crystal engineering
10.1021/acs.inorgchem.9b00200,publisher_A,https://doi.org/10.1021/acs.inorgchem.9b00200,Crystal engineering
10.1002/zaac.200801363,publisher_W,https://doi.org/10.1002/zaac.200801363,Crystal engineering
10.1002/chem.201705530,publisher_W,https://doi.org/10.1002/chem.201705530,Functional materials
10.1007/s10854-022-08351-1,publisher_S,https://doi.org/10.1007/s10854-022-08351-1,Chemical synthesis
10.1039/c2dt32073h,publisher_R,https://doi.org/10.1039/c2dt32073h,Chemical synthesis
10.1002/admi.202100730,publisher_W,https://doi.org/10.1002/admi.202100730,Functional materials
10.1021/acs.cgd.5b01785,publisher_A,https://doi.org/10.1021/acs.cgd.5b01785,Chemical synthesis
10.1002/adfm.201505380,publisher_W,https://doi.org/10.1002/adfm.201505380,Crystal engineering
10.1039/c8ce01454j,publisher_R,https://doi.org/10.1039/c8ce01454j,Functional materials
10.1021/acsomega.9b01139,publisher_A,https://doi.org/10.1021/acsomega.9b01139,Chemical synthesis
10.1039/c7nj03192k,publisher_R,https://doi.org/10.1039/c7nj03192k,Functional materials
10.1039/c5ce01094b,publisher_R,https://doi.org/10.1039/c5ce01094b,Crystal engineering
10.1021/acs.cgd.4c00415,publisher_A,https://doi.org/10.1021/acs.cgd.4c00415,Functional materials
10.1039/c4ta04393f,publisher_R,https://doi.org/10.1039/c4ta04393f,Functional materials
10.1021/ja076167a,publisher_A,https://doi.org/10.1021/ja076167a,Functional materials
10.1021/ja9072707,publisher_A,https://doi.org/10.1021/ja9072707,Functional materials
10.1007/s10934-018-0591-6,publisher_S,https://doi.org/10.1007/s10934-018-0591-6,Functional materials
10.1002/zaac.202100225,publisher_W,https://doi.org/10.1002/zaac.202100225,Functional materials
10.1002/bio.3323,publisher_W,https://doi.org/10.1002/bio.3323,Functional materials
10.1007/s10876-021-02160-y,publisher_S,https://doi.org/10.1007/s10876-021-02160-y,Functional materials
10.1021/ic8023265,publisher_A,https://doi.org/10.1021/ic8023265,Crystal engineering
10.1021/acs.inorgchem.5b02046,publisher_A,https://doi.org/10.1021/acs.inorgchem.5b02046,Functional materials
10.1039/c7dt01666b,publisher_R,https://doi.org/10.1039/c7dt01666b,Crystal engineering
10.1039/d0ce00700e,publisher_R,https://doi.org/10.1039/d0ce00700e,Functional materials
10.1021/acs.inorgchem.9b01935,publisher_A,https://doi.org/10.1021/acs.inorgchem.9b01935,Crystal engineering
10.1021/ic501459m,publisher_A,https://doi.org/10.1021/ic501459m,Crystal engineering
10.1039/c5dt02276b,publisher_R,https://doi.org/10.1039/c5dt02276b,Chemical synthesis
10.1039/c2cc36344e,publisher_R,https://doi.org/10.1039/c2cc36344e,Chemical synthesis
10.1002/chem.200802691,publisher_W,https://doi.org/10.1002/chem.200802691,Crystal engineering
10.1002/cjoc.201600466,publisher_W,https://doi.org/10.1002/cjoc.201600466,Crystal engineering
10.1039/c7ra12150d,publisher_R,https://doi.org/10.1039/c7ra12150d,Functional materials
10.1039/c002088e,publisher_R,https://doi.org/10.1039/c002088e,Chemical synthesis
10.1039/b601811d,publisher_R,https://doi.org/10.1039/b601811d,Functional materials
10.1039/d3dt04338j,publisher_R,https://doi.org/10.1039/d3dt04338j,Functional materials
10.1021/acs.organomet.9b00482,publisher_A,https://doi.org/10.1021/acs.organomet.9b00482,Crystal engineering
10.1002/slct.202300745,publisher_W,https://doi.org/10.1002/slct.202300745,Functional materials
10.1021/acs.inorgchem.5b01900,publisher_A,https://doi.org/10.1021/acs.inorgchem.5b01900,Functional materials
10.1021/ed3000099,publisher_A,https://doi.org/10.1021/ed3000099,Chemical synthesis
10.1021/cm102601v,publisher_A,https://doi.org/10.1021/cm102601v,Crystal engineering
10.1007/s10876-019-01637-1,publisher_S,https://doi.org/10.1007/s10876-019-01637-1,Crystal engineering
10.1039/d5ce00247h,publisher_R,https://doi.org/10.1039/d5ce00247h,Crystal engineering
10.1039/b801985a,publisher_R,https://doi.org/10.1039/b801985a,Crystal engineering
10.1039/c9ce01035a,publisher_R,https://doi.org/10.1039/c9ce01035a,Crystal engineering
10.1021/cg100449z,publisher_A,https://doi.org/10.1021/cg100449z,Crystal engineering
10.1021/cg401106z,publisher_A,https://doi.org/10.1021/cg401106z,Crystal engineering
10.1039/c3dt52579a,publisher_R,https://doi.org/10.1039/c3dt52579a,Crystal engineering
10.1002/ejic.201600249,publisher_W,https://doi.org/10.1002/ejic.201600249,Crystal engineering
10.1021/cg900705c,publisher_A,https://doi.org/10.1021/cg900705c,Crystal engineering
10.1021/cg200327y,publisher_A,https://doi.org/10.1021/cg200327y,Crystal engineering
10.1039/b917483d,publisher_R,https://doi.org/10.1039/b917483d,Crystal engineering
10.1021/cg070295t,publisher_A,https://doi.org/10.1021/cg070295t,Crystal engineering
10.1002/ejic.201000490,publisher_W,https://doi.org/10.1002/ejic.201000490,Crystal engineering
10.1007/s11224-007-9205-7,publisher_S,https://doi.org/10.1007/s11224-007-9205-7,Crystal engineering
10.1002/ejic.200801224,publisher_W,https://doi.org/10.1002/ejic.200801224,Crystal engineering
10.1002/zaac.200400414,publisher_W,https://doi.org/10.1002/zaac.200400414,Crystal engineering
10.1021/acs.inorgchem.2c04060,publisher_A,https://doi.org/10.1021/acs.inorgchem.2c04060,Functional materials
10.1039/c6ra22001k,publisher_R,https://doi.org/10.1039/c6ra22001k,Crystal engineering
10.1007/s11172-020-2930-4,publisher_S,https://doi.org/10.1007/s11172-020-2930-4,Crystal engineering
10.1007/s11172-022-3498-y,publisher_S,https://doi.org/10.1007/s11172-022-3498-y,Crystal engineering
10.1021/acs.cgd.6b00065,publisher_A,https://doi.org/10.1021/acs.cgd.6b00065,Functional materials
10.1021/acs.cgd.8b01810,publisher_A,https://doi.org/10.1021/acs.cgd.8b01810,Functional materials
10.1007/s11172-023-4069-6,publisher_S,https://doi.org/10.1007/s11172-023-4069-6,Crystal engineering
10.1039/c6dt03852b,publisher_R,https://doi.org/10.1039/c6dt03852b,Crystal engineering
10.1007/s11243-008-9176-6,publisher_S,https://doi.org/10.1007/s11243-008-9176-6,Crystal engineering
10.1007/s10876-013-0591-2,publisher_S,https://doi.org/10.1007/s10876-013-0591-2,Crystal engineering
10.1021/cg100463j,publisher_A,https://doi.org/10.1021/cg100463j,Crystal engineering
10.1021/acs.cgd.1c01302,publisher_A,https://doi.org/10.1021/acs.cgd.1c01302,Chemical synthesis
10.1039/c7ra01091e,publisher_R,https://doi.org/10.1039/c7ra01091e,Functional materials
10.1021/cg060677j,publisher_A,https://doi.org/10.1021/cg060677j,Crystal engineering
10.1021/ja405078u,publisher_A,https://doi.org/10.1021/ja405078u,Functional materials
10.1002/cplu.201600075,publisher_W,https://doi.org/10.1002/cplu.201600075,Functional materials
10.1039/c8sc04372h,publisher_R,https://doi.org/10.1039/c8sc04372h,Chemical synthesis
10.1021/acsomega.2c08231,publisher_A,https://doi.org/10.1021/acsomega.2c08231,Functional materials
10.1039/c8cy00579f,publisher_R,https://doi.org/10.1039/c8cy00579f,Functional materials
10.1134/S1070328411060121,publisher_S,https://doi.org/10.1134/S1070328411060121,Crystal engineering
10.1021/acsami.9b11578,publisher_A,https://doi.org/10.1021/acsami.9b11578,Functional materials
10.1039/c8sc01439f,publisher_R,https://doi.org/10.1039/c8sc01439f,Chemical synthesis
10.1039/c2ce25618e,publisher_R,https://doi.org/10.1039/c2ce25618e,Crystal engineering
10.1039/d1qi00795e,publisher_R,https://doi.org/10.1039/d1qi00795e,Functional materials
10.1039/c9ce01915d,publisher_R,https://doi.org/10.1039/c9ce01915d,Functional materials
10.1021/acsomega.3c03073,publisher_A,https://doi.org/10.1021/acsomega.3c03073,Functional materials
10.1021/jacs.5b11150,publisher_A,https://doi.org/10.1021/jacs.5b11150,Crystal engineering
10.1039/c3ce42040j,publisher_R,https://doi.org/10.1039/c3ce42040j,Functional materials
10.1021/jacs.0c02389,publisher_A,https://doi.org/10.1021/jacs.0c02389,Functional materials
10.1039/d2na00767c,publisher_R,https://doi.org/10.1039/d2na00767c,Chemical synthesis
10.1039/c6ra25820d,publisher_R,https://doi.org/10.1039/c6ra25820d,Crystal engineering
10.1039/c4ra15257c,publisher_R,https://doi.org/10.1039/c4ra15257c,Functional materials
10.1021/acs.cgd.0c00817,publisher_A,https://doi.org/10.1021/acs.cgd.0c00817,Functional materials
10.1039/c2dt32138f,publisher_R,https://doi.org/10.1039/c2dt32138f,Functional materials
10.1007/s11164-015-2361-2,publisher_S,https://doi.org/10.1007/s11164-015-2361-2,Functional materials
10.1021/acs.inorgchem.1c03412,publisher_A,https://doi.org/10.1021/acs.inorgchem.1c03412,Functional materials
10.1021/acs.inorgchem.7b00342,publisher_A,https://doi.org/10.1021/acs.inorgchem.7b00342,Functional materials
10.1039/d1ce00287b,publisher_R,https://doi.org/10.1039/d1ce00287b,Crystal engineering
10.1007/s10562-023-04433-9,publisher_S,https://doi.org/10.1007/s10562-023-04433-9,Functional materials
10.1021/cm2021092,publisher_A,https://doi.org/10.1021/cm2021092,Chemical synthesis
10.1002/jccs.201800061,publisher_W,https://doi.org/10.1002/jccs.201800061,Functional materials
10.1039/c9dt03727f,publisher_R,https://doi.org/10.1039/c9dt03727f,Functional materials
10.1039/c5ra25689e,publisher_R,https://doi.org/10.1039/c5ra25689e,Functional materials
10.1039/c7ce01438d,publisher_R,https://doi.org/10.1039/c7ce01438d,Functional materials
10.1021/acs.inorgchem.2c01579,publisher_A,https://doi.org/10.1021/acs.inorgchem.2c01579,Functional materials
10.1021/ic9021118,publisher_A,https://doi.org/10.1021/ic9021118,Crystal engineering
10.1039/d2dt01976k,publisher_R,https://doi.org/10.1039/d2dt01976k,Functional materials
10.1021/acs.inorgchem.7b02022,publisher_A,https://doi.org/10.1021/acs.inorgchem.7b02022,Functional materials
10.1039/c3ra23443f,publisher_R,https://doi.org/10.1039/c3ra23443f,Chemical synthesis
10.1039/c4ta04311a,publisher_R,https://doi.org/10.1039/c4ta04311a,Chemical synthesis
10.1039/d4cc05516k,publisher_R,https://doi.org/10.1039/d4cc05516k,Functional materials
10.1021/acs.inorgchem.6b02514,publisher_A,https://doi.org/10.1021/acs.inorgchem.6b02514,Functional materials
10.1039/c5ce01192b,publisher_R,https://doi.org/10.1039/c5ce01192b,Crystal engineering
10.1002/cjoc.201900511,publisher_W,https://doi.org/10.1002/cjoc.201900511,Functional materials
10.1021/acs.langmuir.3c00632,publisher_A,https://doi.org/10.1021/acs.langmuir.3c00632,Functional materials
10.1039/d4ce00041b,publisher_R,https://doi.org/10.1039/d4ce00041b,Crystal engineering
10.1039/c8ce00564h,publisher_R,https://doi.org/10.1039/c8ce00564h,Functional materials
10.1021/acs.inorgchem.9b00261,publisher_A,https://doi.org/10.1021/acs.inorgchem.9b00261,Functional materials
10.1039/c5cc07042b,publisher_R,https://doi.org/10.1039/c5cc07042b,Functional materials
10.1039/c4cc02818j,publisher_R,https://doi.org/10.1039/c4cc02818j,Functional materials
10.1007/s10562-018-2358-8,publisher_S,https://doi.org/10.1007/s10562-018-2358-8,Chemical synthesis
10.1039/c6ra23143h,publisher_R,https://doi.org/10.1039/c6ra23143h,Functional materials
10.1021/acsomega.2c06705,publisher_A,https://doi.org/10.1021/acsomega.2c06705,Functional materials
10.1039/c9ta04842a,publisher_R,https://doi.org/10.1039/c9ta04842a,Functional materials
10.1021/acs.inorgchem.2c00452,publisher_A,https://doi.org/10.1021/acs.inorgchem.2c00452,Chemical synthesis
10.1002/aoc.7673,publisher_W,https://doi.org/10.1002/aoc.7673,Functional materials
10.1039/c5ta02320c,publisher_R,https://doi.org/10.1039/c5ta02320c,Functional materials
10.1039/d2cc05149d,publisher_R,https://doi.org/10.1039/d2cc05149d,Chemical synthesis
10.1002/chem.201900329,publisher_W,https://doi.org/10.1002/chem.201900329,Chemical synthesis
10.1002/aoc.4801,publisher_W,https://doi.org/10.1002/aoc.4801,Functional materials
10.1002/zaac.201900225,publisher_W,https://doi.org/10.1002/zaac.201900225,Chemical synthesis
10.1021/la503269f,publisher_A,https://doi.org/10.1021/la503269f,Functional materials
10.1007/s10895-021-02823-z,publisher_S,https://doi.org/10.1007/s10895-021-02823-z,Functional materials
10.1039/c8ce01266k,publisher_R,https://doi.org/10.1039/c8ce01266k,Functional materials
10.1002/bkcs.11650,publisher_W,https://doi.org/10.1002/bkcs.11650,Chemical synthesis
10.1002/slct.202002897,publisher_W,https://doi.org/10.1002/slct.202002897,Crystal engineering
10.1039/c5ra21069k,publisher_R,https://doi.org/10.1039/c5ra21069k,Chemical synthesis
10.1007/s10450-016-9838-1,publisher_S,https://doi.org/10.1007/s10450-016-9838-1,Functional materials
10.1039/c6qi00441e,publisher_R,https://doi.org/10.1039/c6qi00441e,Functional materials
10.1134/S0036023623600946,publisher_S,https://doi.org/10.1134/S0036023623600946,Functional materials
10.1039/d0ce00490a,publisher_R,https://doi.org/10.1039/d0ce00490a,Functional materials
10.1021/acs.cgd.7b01574,publisher_A,https://doi.org/10.1021/acs.cgd.7b01574,Functional materials
10.1021/acs.inorgchem.2c04470,publisher_A,https://doi.org/10.1021/acs.inorgchem.2c04470,Chemical synthesis
10.1021/am200075q,publisher_A,https://doi.org/10.1021/am200075q,Functional materials
10.1021/am301772k,publisher_A,https://doi.org/10.1021/am301772k,Functional materials
10.1002/slct.202001583,publisher_W,https://doi.org/10.1002/slct.202001583,Chemical synthesis
10.1021/acsami.7b08117,publisher_A,https://doi.org/10.1021/acsami.7b08117,Functional materials
10.1002/slct.201800571,publisher_W,https://doi.org/10.1002/slct.201800571,Functional materials
10.1002/cssc.202200702,publisher_W,https://doi.org/10.1002/cssc.202200702,Functional materials
10.1007/s10562-019-02963-9,publisher_S,https://doi.org/10.1007/s10562-019-02963-9,Functional materials
10.1021/acs.cgd.6b01597,publisher_A,https://doi.org/10.1021/acs.cgd.6b01597,Functional materials
10.1021/acsomega.3c02911,publisher_A,https://doi.org/10.1021/acsomega.3c02911,Chemical synthesis
10.1039/c6cc04525a,publisher_R,https://doi.org/10.1039/c6cc04525a,Chemical synthesis
10.1039/d4ta00507d,publisher_R,https://doi.org/10.1039/d4ta00507d,Functional materials
10.1002/advs.202412592,publisher_W,https://doi.org/10.1002/advs.202412592,Chemical synthesis
10.1039/c6ra27069g,publisher_R,https://doi.org/10.1039/c6ra27069g,Crystal engineering
10.1021/acs.cgd.7b00877,publisher_A,https://doi.org/10.1021/acs.cgd.7b00877,Crystal engineering
10.1039/c6nr05463c,publisher_R,https://doi.org/10.1039/c6nr05463c,Crystal engineering
10.1039/c6ra13646j,publisher_R,https://doi.org/10.1039/c6ra13646j,Functional materials
10.1039/c8ce00913a,publisher_R,https://doi.org/10.1039/c8ce00913a,Chemical synthesis
10.1039/c6ra00852f,publisher_R,https://doi.org/10.1039/c6ra00852f,Functional materials
10.1039/c1ce05956d,publisher_R,https://doi.org/10.1039/c1ce05956d,Crystal engineering
10.1002/chem.201101239,publisher_W,https://doi.org/10.1002/chem.201101239,Crystal engineering
10.1039/c6ra19403f,publisher_R,https://doi.org/10.1039/c6ra19403f,Functional materials
10.1002/adsc.202401414,publisher_W,https://doi.org/10.1002/adsc.202401414,Functional materials
10.1039/d1ra01742j,publisher_R,https://doi.org/10.1039/d1ra01742j,Functional materials
10.1039/d1ra01703a,publisher_R,https://doi.org/10.1039/d1ra01703a,Functional materials
10.1039/c5dt01183c,publisher_R,https://doi.org/10.1039/c5dt01183c,Crystal engineering
10.1007/s10934-015-9997-6,publisher_S,https://doi.org/10.1007/s10934-015-9997-6,Functional materials
10.1002/slct.201901690,publisher_W,https://doi.org/10.1002/slct.201901690,Chemical synthesis
10.1021/acs.inorgchem.7b01322,publisher_A,https://doi.org/10.1021/acs.inorgchem.7b01322,Functional materials
10.1021/acs.cgd.8b00854,publisher_A,https://doi.org/10.1021/acs.cgd.8b00854,Functional materials
10.1021/acsomega.3c07606,publisher_A,https://doi.org/10.1021/acsomega.3c07606,Functional materials
10.1039/c4gc01861c,publisher_R,https://doi.org/10.1039/c4gc01861c,Crystal engineering
10.1021/acssuschemeng.3c05222,publisher_A,https://doi.org/10.1021/acssuschemeng.3c05222,Chemical synthesis
10.1021/acs.inorgchem.6b00865,publisher_A,https://doi.org/10.1021/acs.inorgchem.6b00865,Functional materials
10.1039/c4cc00900b,publisher_R,https://doi.org/10.1039/c4cc00900b,Functional materials
10.1007/s11164-023-05161-w,publisher_S,https://doi.org/10.1007/s11164-023-05161-w,Functional materials
10.1039/c9nj06358g,publisher_R,https://doi.org/10.1039/c9nj06358g,Functional materials
10.1007/s10934-022-01268-4,publisher_S,https://doi.org/10.1007/s10934-022-01268-4,Functional materials
10.1021/ja064343u,publisher_A,https://doi.org/10.1021/ja064343u,Crystal engineering
10.1039/c7ra04820c,publisher_R,https://doi.org/10.1039/c7ra04820c,Functional materials
10.1039/c8ce01424h,publisher_R,https://doi.org/10.1039/c8ce01424h,Functional materials
10.1021/cg501551y,publisher_A,https://doi.org/10.1021/cg501551y,Crystal engineering
10.1039/c7dt03641h,publisher_R,https://doi.org/10.1039/c7dt03641h,Functional materials
10.1039/d0dt03012k,publisher_R,https://doi.org/10.1039/d0dt03012k,Functional materials
10.1039/c5cc03398e,publisher_R,https://doi.org/10.1039/c5cc03398e,Functional materials
10.1002/aoc.5317,publisher_W,https://doi.org/10.1002/aoc.5317,Functional materials
10.1021/jacs.2c07283,publisher_A,https://doi.org/10.1021/jacs.2c07283,Crystal engineering
10.1007/s10854-017-8271-x,publisher_S,https://doi.org/10.1007/s10854-017-8271-x,Functional materials
10.1039/d0cp00287a,publisher_R,https://doi.org/10.1039/d0cp00287a,Crystal engineering
10.1021/ic200054b,publisher_A,https://doi.org/10.1021/ic200054b,Crystal engineering
10.1039/c5ra17615h,publisher_R,https://doi.org/10.1039/c5ra17615h,Crystal engineering
10.1002/anie.202013839,publisher_W,https://doi.org/10.1002/anie.202013839,Crystal engineering
10.1007/s10971-016-4187-9,publisher_S,https://doi.org/10.1007/s10971-016-4187-9,Functional materials
10.1039/c7ta07911g,publisher_R,https://doi.org/10.1039/c7ta07911g,Crystal engineering
10.1039/c5ce00674k,publisher_R,https://doi.org/10.1039/c5ce00674k,Crystal engineering
10.1039/c6nj02863b,publisher_R,https://doi.org/10.1039/c6nj02863b,Functional materials
10.1039/c8ra02941e,publisher_R,https://doi.org/10.1039/c8ra02941e,Functional materials
10.1021/acs.cgd.4c00508,publisher_A,https://doi.org/10.1021/acs.cgd.4c00508,Chemical synthesis
10.1021/acs.inorgchem.0c02877,publisher_A,https://doi.org/10.1021/acs.inorgchem.0c02877,Functional materials
10.1021/acs.inorgchem.5c01724,publisher_A,https://doi.org/10.1021/acs.inorgchem.5c01724,Functional materials
10.1039/c5ce01864a,publisher_R,https://doi.org/10.1039/c5ce01864a,Chemical synthesis
10.1039/c7ce00410a,publisher_R,https://doi.org/10.1039/c7ce00410a,Crystal engineering
10.1039/c8dt02999g,publisher_R,https://doi.org/10.1039/c8dt02999g,Chemical synthesis
10.1002/ejic.201500069,publisher_W,https://doi.org/10.1002/ejic.201500069,Functional materials
10.1002/zaac.202100184,publisher_W,https://doi.org/10.1002/zaac.202100184,Crystal engineering
10.1021/ic501801f,publisher_A,https://doi.org/10.1021/ic501801f,Functional materials
10.1039/c5cc06694h,publisher_R,https://doi.org/10.1039/c5cc06694h,Chemical synthesis
10.1021/acsami.9b09311,publisher_A,https://doi.org/10.1021/acsami.9b09311,Functional materials
10.1039/c4ra03129f,publisher_R,https://doi.org/10.1039/c4ra03129f,Functional materials
10.1039/c7ce00332c,publisher_R,https://doi.org/10.1039/c7ce00332c,Functional materials
10.1021/acsami.5b04217,publisher_A,https://doi.org/10.1021/acsami.5b04217,Crystal engineering
10.1007/s10971-023-06242-3,publisher_S,https://doi.org/10.1007/s10971-023-06242-3,Functional materials
10.1021/acssuschemeng.3c02876,publisher_A,https://doi.org/10.1021/acssuschemeng.3c02876,Chemical synthesis
10.1039/c7qi00765e,publisher_R,https://doi.org/10.1039/c7qi00765e,Functional materials
10.1039/c8ta07080f,publisher_R,https://doi.org/10.1039/c8ta07080f,Crystal engineering
10.1002/slct.201600526,publisher_W,https://doi.org/10.1002/slct.201600526,Chemical synthesis
10.1021/acs.langmuir.0c02549,publisher_A,https://doi.org/10.1021/acs.langmuir.0c02549,Crystal engineering
10.1134/S1068162023020036,publisher_S,https://doi.org/10.1134/S1068162023020036,Functional materials
10.1002/adsu.202100317,publisher_W,https://doi.org/10.1002/adsu.202100317,Functional materials
10.1039/c5ra01172h,publisher_R,https://doi.org/10.1039/c5ra01172h,Chemical synthesis
10.1039/d2ce01686a,publisher_R,https://doi.org/10.1039/d2ce01686a,Crystal engineering
10.1039/c4ra05407e,publisher_R,https://doi.org/10.1039/c4ra05407e,Chemical synthesis
10.1002/cssc.201700164,publisher_W,https://doi.org/10.1002/cssc.201700164,Chemical synthesis
10.1021/ic301423c,publisher_A,https://doi.org/10.1021/ic301423c,Theory & modeling
10.1039/c2cc38092g,publisher_R,https://doi.org/10.1039/c2cc38092g,Crystal engineering
10.1039/c2dt31361h,publisher_R,https://doi.org/10.1039/c2dt31361h,Functional materials
10.1039/c4qi00077c,publisher_R,https://doi.org/10.1039/c4qi00077c,Functional materials
10.1007/s10934-019-00773-3,publisher_S,https://doi.org/10.1007/s10934-019-00773-3,Functional materials
10.1186/s13065-022-00821-1,unmapped,https://doi.org/10.1186/s13065-022-00821-1,Functional materials
10.1039/c2jm16236a,publisher_R,https://doi.org/10.1039/c2jm16236a,Functional materials
10.1007/s13738-014-0437-3,publisher_S,https://doi.org/10.1007/s13738-014-0437-3,Crystal engineering
10.1039/d0nj00515k,publisher_R,https://doi.org/10.1039/d0nj00515k,Functional materials
10.1007/s13738-018-1367-2,publisher_S,https://doi.org/10.1007/s13738-018-1367-2,Functional materials
10.1007/s11243-018-0247-z,publisher_S,https://doi.org/10.1007/s11243-018-0247-z,Crystal engineering
10.1039/c4dt03468f,publisher_R,https://doi.org/10.1039/c4dt03468f,Crystal engineering
10.1039/c3ra46706f,publisher_R,https://doi.org/10.1039/c3ra46706f,Functional materials
10.1002/jccs.201400116,publisher_W,https://doi.org/10.1002/jccs.201400116,Functional materials
10.1039/c2nj40752c,publisher_R,https://doi.org/10.1039/c2nj40752c,Crystal engineering
10.1002/chem.202402363,publisher_W,https://doi.org/10.1002/chem.202402363,Functional materials
10.1039/c4dt00659c,publisher_R,https://doi.org/10.1039/c4dt00659c,Crystal engineering
10.1007/s13738-014-0482-y,publisher_S,https://doi.org/10.1007/s13738-014-0482-y,Functional materials
10.1039/c7nj01650f,publisher_R,https://doi.org/10.1039/c7nj01650f,Crystal engineering
10.1039/c3ce42260g,publisher_R,https://doi.org/10.1039/c3ce42260g,Crystal engineering
10.1039/c2cp42137b,publisher_R,https://doi.org/10.1039/c2cp42137b,Functional materials
10.1007/s11243-023-00530-1,publisher_S,https://doi.org/10.1007/s11243-023-00530-1,Functional materials
10.1021/cg3013393,publisher_A,https://doi.org/10.1021/cg3013393,Functional materials
10.1002/adfm.201002517,publisher_W,https://doi.org/10.1002/adfm.201002517,Functional materials
10.1021/la103590t,publisher_A,https://doi.org/10.1021/la103590t,Functional materials
10.1021/cm9032308,publisher_A,https://doi.org/10.1021/cm9032308,Functional materials
10.1021/acsomega.4c03109,publisher_A,https://doi.org/10.1021/acsomega.4c03109,Functional materials
10.1039/d0ra09292d,publisher_R,https://doi.org/10.1039/d0ra09292d,Functional materials
10.1002/zaac.201100160,publisher_W,https://doi.org/10.1002/zaac.201100160,Crystal engineering
10.1021/acs.jchemed.1c00583,publisher_A,https://doi.org/10.1021/acs.jchemed.1c00583,Functional materials
10.1021/acs.jchemed.4c00297,publisher_A,https://doi.org/10.1021/acs.jchemed.4c00297,Chemical synthesis
10.1021/acs.jchemed.2c00115,publisher_A,https://doi.org/10.1021/acs.jchemed.2c00115,Functional materials
10.1007/s10450-012-9438-7,publisher_S,https://doi.org/10.1007/s10450-012-9438-7,Functional materials
10.1007/s13738-015-0692-y,publisher_S,https://doi.org/10.1007/s13738-015-0692-y,Crystal engineering
10.1002/cplu.201600129,publisher_W,https://doi.org/10.1002/cplu.201600129,Crystal engineering
10.1039/c4ce01059k,publisher_R,https://doi.org/10.1039/c4ce01059k,Functional materials
10.1002/zaac.201100104,publisher_W,https://doi.org/10.1002/zaac.201100104,Crystal engineering
10.1002/zaac.201000326,publisher_W,https://doi.org/10.1002/zaac.201000326,Functional materials
10.1039/c5ra02882e,publisher_R,https://doi.org/10.1039/c5ra02882e,Functional materials
10.1002/cssc.201702122,publisher_W,https://doi.org/10.1002/cssc.201702122,Functional materials
10.1021/acs.jpcc.0c09600,publisher_A,https://doi.org/10.1021/acs.jpcc.0c09600,Crystal engineering
10.1039/c9ce00218a,publisher_R,https://doi.org/10.1039/c9ce00218a,Chemical synthesis
10.1021/acs.jchemed.0c00905,publisher_A,https://doi.org/10.1021/acs.jchemed.0c00905,Functional materials
10.1039/c6dt02640k,publisher_R,https://doi.org/10.1039/c6dt02640k,Functional materials
10.1002/ejic.201500374,publisher_W,https://doi.org/10.1002/ejic.201500374,Functional materials
10.1021/ic400857s,publisher_A,https://doi.org/10.1021/ic400857s,Functional materials
10.1002/zaac.202000418,publisher_W,https://doi.org/10.1002/zaac.202000418,Crystal engineering
10.1002/ejic.201100913,publisher_W,https://doi.org/10.1002/ejic.201100913,Functional materials
10.1007/s13738-018-1515-8,publisher_S,https://doi.org/10.1007/s13738-018-1515-8,Crystal engineering
10.1039/c2ce26390d,publisher_R,https://doi.org/10.1039/c2ce26390d,Crystal engineering
10.1021/cg4008679,publisher_A,https://doi.org/10.1021/cg4008679,Crystal engineering
10.1007/s11243-006-0153-7,publisher_S,https://doi.org/10.1007/s11243-006-0153-7,Crystal engineering
10.1039/b905663g,publisher_R,https://doi.org/10.1039/b905663g,Crystal engineering
10.1002/cjoc.201200715,publisher_W,https://doi.org/10.1002/cjoc.201200715,Crystal engineering
10.1039/c2ra21930a,publisher_R,https://doi.org/10.1039/c2ra21930a,Crystal engineering
10.1007/s10870-019-00785-6,publisher_S,https://doi.org/10.1007/s10870-019-00785-6,Crystal engineering
10.1039/c2dt00001f,publisher_R,https://doi.org/10.1039/c2dt00001f,Functional materials
10.1002/zaac.201700344,publisher_W,https://doi.org/10.1002/zaac.201700344,Crystal engineering
10.1021/ic101783z,publisher_A,https://doi.org/10.1021/ic101783z,Crystal engineering
10.1021/cg4016977,publisher_A,https://doi.org/10.1021/cg4016977,Crystal engineering
10.1039/d2ce01105k,publisher_R,https://doi.org/10.1039/d2ce01105k,Crystal engineering
10.1021/acs.cgd.7b01133,publisher_A,https://doi.org/10.1021/acs.cgd.7b01133,Crystal engineering
10.1021/acs.inorgchem.3c00049,publisher_A,https://doi.org/10.1021/acs.inorgchem.3c00049,Functional materials
10.1021/cg9011857,publisher_A,https://doi.org/10.1021/cg9011857,Crystal engineering
10.1021/cg900059m,publisher_A,https://doi.org/10.1021/cg900059m,Crystal engineering
10.1021/ic100610t,publisher_A,https://doi.org/10.1021/ic100610t,Crystal engineering
10.1007/s11172-014-0522-x,publisher_S,https://doi.org/10.1007/s11172-014-0522-x,Crystal engineering
10.1021/ic060241t,publisher_A,https://doi.org/10.1021/ic060241t,Crystal engineering
10.1134/S1070328415060068,publisher_S,https://doi.org/10.1134/S1070328415060068,Crystal engineering
10.1007/s10876-014-0695-3,publisher_S,https://doi.org/10.1007/s10876-014-0695-3,Crystal engineering
10.1002/zaac.201100082,publisher_W,https://doi.org/10.1002/zaac.201100082,Crystal engineering
10.1021/ic4019597,publisher_A,https://doi.org/10.1021/ic4019597,Functional materials
10.1134/S1070328415050036,publisher_S,https://doi.org/10.1134/S1070328415050036,Crystal engineering
10.1002/zaac.201400177,publisher_W,https://doi.org/10.1002/zaac.201400177,Crystal engineering
10.1007/s11172-015-1245-3,publisher_S,https://doi.org/10.1007/s11172-015-1245-3,Crystal engineering
10.1007/s11243-018-0239-z,publisher_S,https://doi.org/10.1007/s11243-018-0239-z,Crystal engineering
10.1007/s10876-019-01534-7,publisher_S,https://doi.org/10.1007/s10876-019-01534-7,Crystal engineering
10.1007/s11243-020-00433-5,publisher_S,https://doi.org/10.1007/s11243-020-00433-5,Crystal engineering
10.1039/c0ce00047g,publisher_R,https://doi.org/10.1039/c0ce00047g,Crystal engineering
10.1039/b805379k,publisher_R,https://doi.org/10.1039/b805379k,Crystal engineering
10.1039/d0ra01294g,publisher_R,https://doi.org/10.1039/d0ra01294g,Crystal engineering
10.1007/s11243-017-0187-z,publisher_S,https://doi.org/10.1007/s11243-017-0187-z,Functional materials
10.1002/zaac.201500728,publisher_W,https://doi.org/10.1002/zaac.201500728,Crystal engineering
10.1039/c4ce00212a,publisher_R,https://doi.org/10.1039/c4ce00212a,Crystal engineering
10.1002/ejic.201000664,publisher_W,https://doi.org/10.1002/ejic.201000664,Crystal engineering
10.1002/zaac.201500132,publisher_W,https://doi.org/10.1002/zaac.201500132,Crystal engineering
10.1002/ejic.200901254,publisher_W,https://doi.org/10.1002/ejic.200901254,Crystal engineering
10.1007/s11243-011-9466-2,publisher_S,https://doi.org/10.1007/s11243-011-9466-2,Crystal engineering
10.1039/c0nj00196a,publisher_R,https://doi.org/10.1039/c0nj00196a,Crystal engineering
10.1039/c0nj00869a,publisher_R,https://doi.org/10.1039/c0nj00869a,Crystal engineering
10.1002/ejic.202400757,publisher_W,https://doi.org/10.1002/ejic.202400757,Functional materials
10.1039/c7dt01744h,publisher_R,https://doi.org/10.1039/c7dt01744h,Chemical synthesis
10.1002/aoc.6955,publisher_W,https://doi.org/10.1002/aoc.6955,Functional materials
10.1021/acs.cgd.5b01481,publisher_A,https://doi.org/10.1021/acs.cgd.5b01481,Functional materials
10.1021/ja051233z,publisher_A,https://doi.org/10.1021/ja051233z,Crystal engineering
10.1039/c4ce00573b,publisher_R,https://doi.org/10.1039/c4ce00573b,Crystal engineering
10.1039/c6ce02436j,publisher_R,https://doi.org/10.1039/c6ce02436j,Crystal engineering
10.1134/S0036023609080208,publisher_S,https://doi.org/10.1134/S0036023609080208,Theory & modeling
10.1039/b311988b,publisher_R,https://doi.org/10.1039/b311988b,Crystal engineering
10.1002/ejic.201300639,publisher_W,https://doi.org/10.1002/ejic.201300639,Functional materials
10.1039/c0ce00111b,publisher_R,https://doi.org/10.1039/c0ce00111b,Crystal engineering
10.1039/c1ce05718a,publisher_R,https://doi.org/10.1039/c1ce05718a,Crystal engineering
10.1007/s11664-017-5559-9,publisher_S,https://doi.org/10.1007/s11664-017-5559-9,Crystal engineering
10.1002/ejic.201101099,publisher_W,https://doi.org/10.1002/ejic.201101099,Functional materials
10.1021/cg300800h,publisher_A,https://doi.org/10.1021/cg300800h,Crystal engineering
10.1021/ic060543v,publisher_A,https://doi.org/10.1021/ic060543v,Crystal engineering
10.1039/c0dt01206h,publisher_R,https://doi.org/10.1039/c0dt01206h,Crystal engineering
10.1021/acs.cgd.6b01768,publisher_A,https://doi.org/10.1021/acs.cgd.6b01768,Crystal engineering
10.1021/acs.cgd.0c00857,publisher_A,https://doi.org/10.1021/acs.cgd.0c00857,Functional materials
10.1039/c4ce02248c,publisher_R,https://doi.org/10.1039/c4ce02248c,Functional materials
10.1039/c3ce41457d,publisher_R,https://doi.org/10.1039/c3ce41457d,Crystal engineering
10.1039/d2nj04116b,publisher_R,https://doi.org/10.1039/d2nj04116b,Functional materials
10.1002/chem.202400433,publisher_W,https://doi.org/10.1002/chem.202400433,Functional materials
10.1039/c3ce40174j,publisher_R,https://doi.org/10.1039/c3ce40174j,Functional materials
10.1039/c5dt03091a,publisher_R,https://doi.org/10.1039/c5dt03091a,Functional materials
10.1039/c4ce01505c,publisher_R,https://doi.org/10.1039/c4ce01505c,Crystal engineering
10.1039/c4dt02316a,publisher_R,https://doi.org/10.1039/c4dt02316a,Functional materials
10.1039/c8ce00204e,publisher_R,https://doi.org/10.1039/c8ce00204e,Functional materials
10.1039/c5dt03705k,publisher_R,https://doi.org/10.1039/c5dt03705k,Crystal engineering
10.1002/slct.201904119,publisher_W,https://doi.org/10.1002/slct.201904119,Crystal engineering
10.1039/c7ra01125c,publisher_R,https://doi.org/10.1039/c7ra01125c,Functional materials
10.1039/d2ta02948k,publisher_R,https://doi.org/10.1039/d2ta02948k,Functional materials
10.1002/zaac.200900440,publisher_W,https://doi.org/10.1002/zaac.200900440,Crystal engineering
10.1039/d2ce00133k,publisher_R,https://doi.org/10.1039/d2ce00133k,Functional materials
10.1039/b925769a,publisher_R,https://doi.org/10.1039/b925769a,Functional materials
10.1002/ejic.201301126,publisher_W,https://doi.org/10.1002/ejic.201301126,Crystal engineering
10.1039/c7ce00803a,publisher_R,https://doi.org/10.1039/c7ce00803a,Crystal engineering
10.1007/s10870-020-00825-6,publisher_S,https://doi.org/10.1007/s10870-020-00825-6,Crystal engineering
10.1007/s10870-009-9580-6,publisher_S,https://doi.org/10.1007/s10870-009-9580-6,Crystal engineering
10.1002/zaac.200700374,publisher_W,https://doi.org/10.1002/zaac.200700374,Crystal engineering
10.1039/c1dt11237f,publisher_R,https://doi.org/10.1039/c1dt11237f,Crystal engineering
10.1002/zaac.201700128,publisher_W,https://doi.org/10.1002/zaac.201700128,Crystal engineering
10.1007/s10876-021-02088-3,publisher_S,https://doi.org/10.1007/s10876-021-02088-3,Crystal engineering
10.1002/ejic.200600445,publisher_W,https://doi.org/10.1002/ejic.200600445,Crystal engineering
10.1007/s10895-022-03048-4,publisher_S,https://doi.org/10.1007/s10895-022-03048-4,Crystal engineering
10.1002/ejic.201000225,publisher_W,https://doi.org/10.1002/ejic.201000225,Crystal engineering
10.1007/s10876-020-01760-4,publisher_S,https://doi.org/10.1007/s10876-020-01760-4,Crystal engineering
10.1002/jccs.201200612,publisher_W,https://doi.org/10.1002/jccs.201200612,Crystal engineering
10.1007/s11243-012-9610-7,publisher_S,https://doi.org/10.1007/s11243-012-9610-7,Crystal engineering
10.1039/d2ce00163b,publisher_R,https://doi.org/10.1039/d2ce00163b,Crystal engineering
10.1007/s10853-019-03786-0,publisher_S,https://doi.org/10.1007/s10853-019-03786-0,Crystal engineering
10.1039/b822394g,publisher_R,https://doi.org/10.1039/b822394g,Crystal engineering
10.1002/ijch.201800138,publisher_W,https://doi.org/10.1002/ijch.201800138,Functional materials
10.1002/slct.202103520,publisher_W,https://doi.org/10.1002/slct.202103520,Functional materials
10.1021/cm0623918,publisher_A,https://doi.org/10.1021/cm0623918,Crystal engineering
10.1002/zaac.201300117,publisher_W,https://doi.org/10.1002/zaac.201300117,Crystal engineering
10.1002/zaac.201200474,publisher_W,https://doi.org/10.1002/zaac.201200474,Crystal engineering
10.1002/zaac.201800338,publisher_W,https://doi.org/10.1002/zaac.201800338,Crystal engineering
10.1002/chem.200601246,publisher_W,https://doi.org/10.1002/chem.200601246,Crystal engineering
10.1021/jp512629c,publisher_A,https://doi.org/10.1021/jp512629c,Crystal engineering
10.1039/c8ra06043f,publisher_R,https://doi.org/10.1039/c8ra06043f,Crystal engineering
10.1021/cg100046j,publisher_A,https://doi.org/10.1021/cg100046j,Crystal engineering
10.1021/ic302528b,publisher_A,https://doi.org/10.1021/ic302528b,Functional materials
10.1021/ic061666i,publisher_A,https://doi.org/10.1021/ic061666i,Crystal engineering
10.1021/cg201411b,publisher_A,https://doi.org/10.1021/cg201411b,Crystal engineering
10.1021/ic0518881,publisher_A,https://doi.org/10.1021/ic0518881,Crystal engineering
10.1039/c2ce25529d,publisher_R,https://doi.org/10.1039/c2ce25529d,Crystal engineering
10.1021/ic051143v,publisher_A,https://doi.org/10.1021/ic051143v,Crystal engineering
10.1039/c6dt00568c,publisher_R,https://doi.org/10.1039/c6dt00568c,Crystal engineering
10.1002/zaac.201100421,publisher_W,https://doi.org/10.1002/zaac.201100421,Crystal engineering
10.1002/zaac.201700362,publisher_W,https://doi.org/10.1002/zaac.201700362,Crystal engineering
10.1021/ic2020989,publisher_A,https://doi.org/10.1021/ic2020989,Crystal engineering
10.1002/slct.201903131,publisher_W,https://doi.org/10.1002/slct.201903131,Crystal engineering
10.1021/ic401305c,publisher_A,https://doi.org/10.1021/ic401305c,Crystal engineering
10.1021/cg900896w,publisher_A,https://doi.org/10.1021/cg900896w,Crystal engineering
10.1021/ic300825s,publisher_A,https://doi.org/10.1021/ic300825s,Crystal engineering
10.1021/ic101112b,publisher_A,https://doi.org/10.1021/ic101112b,Crystal engineering
10.1002/zaac.201100308,publisher_W,https://doi.org/10.1002/zaac.201100308,Crystal engineering
10.1007/s11224-008-9314-y,publisher_S,https://doi.org/10.1007/s11224-008-9314-y,Crystal engineering
10.1021/acs.inorgchem.6b01852,publisher_A,https://doi.org/10.1021/acs.inorgchem.6b01852,Crystal engineering
10.1002/ejic.201801291,publisher_W,https://doi.org/10.1002/ejic.201801291,Functional materials
10.1134/S1070328411030031,publisher_S,https://doi.org/10.1134/S1070328411030031,Crystal engineering
10.1039/c9ce01529a,publisher_R,https://doi.org/10.1039/c9ce01529a,Crystal engineering
10.1002/zaac.201200140,publisher_W,https://doi.org/10.1002/zaac.201200140,Crystal engineering
10.1039/c5ra27368d,publisher_R,https://doi.org/10.1039/c5ra27368d,Crystal engineering
10.1007/s11243-020-00432-6,publisher_S,https://doi.org/10.1007/s11243-020-00432-6,Crystal engineering
10.1021/acs.cgd.7b00030,publisher_A,https://doi.org/10.1021/acs.cgd.7b00030,Functional materials
10.1021/acs.inorgchem.2c00825,publisher_A,https://doi.org/10.1021/acs.inorgchem.2c00825,Crystal engineering
10.1002/ejic.201000486,publisher_W,https://doi.org/10.1002/ejic.201000486,Crystal engineering
10.1039/c9nj02679g,publisher_R,https://doi.org/10.1039/c9nj02679g,Crystal engineering
10.1039/c2ce06290a,publisher_R,https://doi.org/10.1039/c2ce06290a,Crystal engineering
10.1039/c3dt53109k,publisher_R,https://doi.org/10.1039/c3dt53109k,Crystal engineering
10.1007/s10876-014-0770-9,publisher_S,https://doi.org/10.1007/s10876-014-0770-9,Crystal engineering
10.1002/zaac.201000372,publisher_W,https://doi.org/10.1002/zaac.201000372,Crystal engineering
10.1039/b811883n,publisher_R,https://doi.org/10.1039/b811883n,Crystal engineering
10.1039/c1ce05053b,publisher_R,https://doi.org/10.1039/c1ce05053b,Crystal engineering
10.1039/c2dt31917a,publisher_R,https://doi.org/10.1039/c2dt31917a,Crystal engineering
10.1039/c4ce00300d,publisher_R,https://doi.org/10.1039/c4ce00300d,Crystal engineering
10.1021/acs.inorgchem.5b02375,publisher_A,https://doi.org/10.1021/acs.inorgchem.5b02375,Crystal engineering
10.1002/slct.201902901,publisher_W,https://doi.org/10.1002/slct.201902901,Crystal engineering
10.1007/s10876-014-0821-2,publisher_S,https://doi.org/10.1007/s10876-014-0821-2,Crystal engineering
10.1039/c2ce25328c,publisher_R,https://doi.org/10.1039/c2ce25328c,Crystal engineering
10.1039/c4ce00158c,publisher_R,https://doi.org/10.1039/c4ce00158c,Crystal engineering
10.1039/c1ce06111a,publisher_R,https://doi.org/10.1039/c1ce06111a,Crystal engineering
10.1002/zaac.201200394,publisher_W,https://doi.org/10.1002/zaac.201200394,Crystal engineering
10.1039/c5dt00412h,publisher_R,https://doi.org/10.1039/c5dt00412h,Crystal engineering
10.1007/s11243-018-0231-7,publisher_S,https://doi.org/10.1007/s11243-018-0231-7,Crystal engineering
10.1007/s11243-010-9393-7,publisher_S,https://doi.org/10.1007/s11243-010-9393-7,Crystal engineering
10.1007/s11243-017-0156-6,publisher_S,https://doi.org/10.1007/s11243-017-0156-6,Crystal engineering
10.1039/c7dt03411c,publisher_R,https://doi.org/10.1039/c7dt03411c,Crystal engineering
10.1039/c7nj00188f,publisher_R,https://doi.org/10.1039/c7nj00188f,Crystal engineering
10.1039/c4ce02163k,publisher_R,https://doi.org/10.1039/c4ce02163k,Crystal engineering
10.1039/d1ce01284c,publisher_R,https://doi.org/10.1039/d1ce01284c,Crystal engineering
10.1039/b811725j,publisher_R,https://doi.org/10.1039/b811725j,Crystal engineering
10.1002/ejic.201100450,publisher_W,https://doi.org/10.1002/ejic.201100450,Functional materials
10.1002/zaac.201500281,publisher_W,https://doi.org/10.1002/zaac.201500281,Crystal engineering
10.1039/c2dt31378b,publisher_R,https://doi.org/10.1039/c2dt31378b,Crystal engineering
10.1039/c1dt10158g,publisher_R,https://doi.org/10.1039/c1dt10158g,Crystal engineering
10.1002/ejic.201000146,publisher_W,https://doi.org/10.1002/ejic.201000146,Crystal engineering
10.1007/s11243-018-0266-9,publisher_S,https://doi.org/10.1007/s11243-018-0266-9,Crystal engineering
10.1002/zaac.201100010,publisher_W,https://doi.org/10.1002/zaac.201100010,Crystal engineering
10.1039/c2ce25589h,publisher_R,https://doi.org/10.1039/c2ce25589h,Crystal engineering
10.1002/zaac.201600210,publisher_W,https://doi.org/10.1002/zaac.201600210,Crystal engineering
10.1002/ejic.201900930,publisher_W,https://doi.org/10.1002/ejic.201900930,Crystal engineering
10.1002/zaac.201100519,publisher_W,https://doi.org/10.1002/zaac.201100519,Crystal engineering
10.1021/ic202624e,publisher_A,https://doi.org/10.1021/ic202624e,Crystal engineering
10.1021/cg901480y,publisher_A,https://doi.org/10.1021/cg901480y,Crystal engineering
10.1021/acsomega.1c02492,publisher_A,https://doi.org/10.1021/acsomega.1c02492,Crystal engineering
10.1039/c6ce00023a,publisher_R,https://doi.org/10.1039/c6ce00023a,Crystal engineering
10.1039/d1ce01689j,publisher_R,https://doi.org/10.1039/d1ce01689j,Functional materials
10.1002/zaac.202200153,publisher_W,https://doi.org/10.1002/zaac.202200153,Crystal engineering
10.1002/ejic.201900796,publisher_W,https://doi.org/10.1002/ejic.201900796,Crystal engineering
10.1002/ejic.201800321,publisher_W,https://doi.org/10.1002/ejic.201800321,Functional materials
10.1002/asia.201301673,publisher_W,https://doi.org/10.1002/asia.201301673,Functional materials
10.1002/chem.200401201,publisher_W,https://doi.org/10.1002/chem.200401201,Functional materials
10.1039/b618981d,publisher_R,https://doi.org/10.1039/b618981d,Crystal engineering
10.1021/cg8007393,publisher_A,https://doi.org/10.1021/cg8007393,Crystal engineering
10.1039/d1cc01552d,publisher_R,https://doi.org/10.1039/d1cc01552d,Chemical synthesis
10.1021/acsanm.9b00188,publisher_A,https://doi.org/10.1021/acsanm.9b00188,Crystal engineering
10.1021/ic3009392,publisher_A,https://doi.org/10.1021/ic3009392,Functional materials
10.1021/jacs.8b06666,publisher_A,https://doi.org/10.1021/jacs.8b06666,Chemical synthesis
10.1039/c9dt01457h,publisher_R,https://doi.org/10.1039/c9dt01457h,Functional materials
10.1021/ic101786r,publisher_A,https://doi.org/10.1021/ic101786r,Crystal engineering
10.1002/chem.201501976,publisher_W,https://doi.org/10.1002/chem.201501976,Functional materials
10.1002/chem.201502203,publisher_W,https://doi.org/10.1002/chem.201502203,Crystal engineering
10.1021/ic049498m,publisher_A,https://doi.org/10.1021/ic049498m,Crystal engineering
10.1021/ic202589s,publisher_A,https://doi.org/10.1021/ic202589s,Crystal engineering
10.1021/acs.inorgchem.8b02019,publisher_A,https://doi.org/10.1021/acs.inorgchem.8b02019,Crystal engineering
10.1021/jacs.5b00365,publisher_A,https://doi.org/10.1021/jacs.5b00365,Functional materials
10.1021/acs.inorgchem.3c01079,publisher_A,https://doi.org/10.1021/acs.inorgchem.3c01079,Crystal engineering
10.1021/ic5021302,publisher_A,https://doi.org/10.1021/ic5021302,Functional materials
10.1021/cg100060p,publisher_A,https://doi.org/10.1021/cg100060p,Crystal engineering
10.1021/acs.inorgchem.2c04233,publisher_A,https://doi.org/10.1021/acs.inorgchem.2c04233,Chemical synthesis
10.1021/acs.inorgchem.2c04233,publisher_A,https://doi.org/10.1021/acs.inorgchem.2c04233,Chemical synthesis
10.1002/adma.202403834,publisher_W,https://doi.org/10.1002/adma.202403834,Functional materials
10.1021/acs.cgd.1c00411,publisher_A,https://doi.org/10.1021/acs.cgd.1c00411,Chemical synthesis
10.1002/adma.202500370,publisher_W,https://doi.org/10.1002/adma.202500370,Crystal engineering
10.1002/adfm.202213039,publisher_W,https://doi.org/10.1002/adfm.202213039,Functional materials
10.1039/c7dt00015d,publisher_R,https://doi.org/10.1039/c7dt00015d,Functional materials
10.1039/d1sc02833b,publisher_R,https://doi.org/10.1039/d1sc02833b,Chemical synthesis
10.1021/acs.inorgchem.9b01387,publisher_A,https://doi.org/10.1021/acs.inorgchem.9b01387,Crystal engineering
10.1039/c7nj01055a,publisher_R,https://doi.org/10.1039/c7nj01055a,Functional materials
10.1021/acsami.5c04998,publisher_A,https://doi.org/10.1021/acsami.5c04998,Functional materials
10.1002/smll.202302776,publisher_W,https://doi.org/10.1002/smll.202302776,Functional materials
10.1039/c9qi00543a,publisher_R,https://doi.org/10.1039/c9qi00543a,Functional materials
10.1039/c8dt01288a,publisher_R,https://doi.org/10.1039/c8dt01288a,Functional materials
10.1039/c4ta04907a,publisher_R,https://doi.org/10.1039/c4ta04907a,Functional materials
10.1002/chem.201200696,publisher_W,https://doi.org/10.1002/chem.201200696,Functional materials
10.1021/jacs.8b02710,publisher_A,https://doi.org/10.1021/jacs.8b02710,Functional materials
10.1021/acsami.6b06225,publisher_A,https://doi.org/10.1021/acsami.6b06225,Functional materials
10.1002/chem.202000085,publisher_W,https://doi.org/10.1002/chem.202000085,Chemical synthesis
10.1021/ic801906e,publisher_A,https://doi.org/10.1021/ic801906e,Crystal engineering
10.1002/anie.202303561,publisher_W,https://doi.org/10.1002/anie.202303561,Functional materials
10.1039/c6tc01511e,publisher_R,https://doi.org/10.1039/c6tc01511e,Functional materials
10.1021/ja906911q,publisher_A,https://doi.org/10.1021/ja906911q,Crystal engineering
10.1039/b819800d,publisher_R,https://doi.org/10.1039/b819800d,Crystal engineering
10.1039/c4ra02609h,publisher_R,https://doi.org/10.1039/c4ra02609h,Functional materials
10.1002/cjoc.201100442,publisher_W,https://doi.org/10.1002/cjoc.201100442,Crystal engineering
10.1039/c9ra08097j,publisher_R,https://doi.org/10.1039/c9ra08097j,Functional materials
10.1039/c9ra05167h,publisher_R,https://doi.org/10.1039/c9ra05167h,Functional materials
10.1021/cg800248b,publisher_A,https://doi.org/10.1021/cg800248b,Crystal engineering
10.1021/cg300900m,publisher_A,https://doi.org/10.1021/cg300900m,Crystal engineering
10.1021/ic2023105,publisher_A,https://doi.org/10.1021/ic2023105,Functional materials
10.1039/c2dt32431h,publisher_R,https://doi.org/10.1039/c2dt32431h,Chemical synthesis
10.1021/acs.chemmater.3c03269,publisher_A,https://doi.org/10.1021/acs.chemmater.3c03269,Chemical synthesis
10.1039/c1ce05549f,publisher_R,https://doi.org/10.1039/c1ce05549f,Chemical synthesis
10.1039/c8ce01430b,publisher_R,https://doi.org/10.1039/c8ce01430b,Crystal engineering
10.1021/acs.inorgchem.2c02072,publisher_A,https://doi.org/10.1021/acs.inorgchem.2c02072,Functional materials
10.1039/c1ce05463e,publisher_R,https://doi.org/10.1039/c1ce05463e,Crystal engineering
10.1021/acs.cgd.6b00274,publisher_A,https://doi.org/10.1021/acs.cgd.6b00274,Functional materials
10.1021/ja0701917,publisher_A,https://doi.org/10.1021/ja0701917,Chemical synthesis
10.1039/c1ce05369h,publisher_R,https://doi.org/10.1039/c1ce05369h,Crystal engineering
10.1039/c7nj04698g,publisher_R,https://doi.org/10.1039/c7nj04698g,Functional materials
10.1039/c9ra07031a,publisher_R,https://doi.org/10.1039/c9ra07031a,Functional materials
10.1021/jp312179e,publisher_A,https://doi.org/10.1021/jp312179e,Crystal engineering
10.1021/acs.cgd.6b00813,publisher_A,https://doi.org/10.1021/acs.cgd.6b00813,Functional materials
10.1039/c5nj01417d,publisher_R,https://doi.org/10.1039/c5nj01417d,Functional materials
10.1007/s10934-015-0043-5,publisher_S,https://doi.org/10.1007/s10934-015-0043-5,Chemical synthesis
10.1021/acsomega.4c04259,publisher_A,https://doi.org/10.1021/acsomega.4c04259,Crystal engineering
10.1039/c7ra08798e,publisher_R,https://doi.org/10.1039/c7ra08798e,Functional materials
10.1021/cg300237e,publisher_A,https://doi.org/10.1021/cg300237e,Crystal engineering
10.1021/acs.chemmater.0c01065,publisher_A,https://doi.org/10.1021/acs.chemmater.0c01065,Functional materials
10.1002/asia.201601134,publisher_W,https://doi.org/10.1002/asia.201601134,Functional materials
10.1039/c8na00262b,publisher_R,https://doi.org/10.1039/c8na00262b,Theory & modeling
10.1039/b502512e,publisher_R,https://doi.org/10.1039/b502512e,Crystal engineering
10.1039/d1cc06443f,publisher_R,https://doi.org/10.1039/d1cc06443f,Chemical synthesis
10.1021/ja209643b,publisher_A,https://doi.org/10.1021/ja209643b,Chemical synthesis
10.1021/acsami.1c17925,publisher_A,https://doi.org/10.1021/acsami.1c17925,Functional materials
10.1039/c6tc05349a,publisher_R,https://doi.org/10.1039/c6tc05349a,Functional materials
10.1021/ja208256u,publisher_A,https://doi.org/10.1021/ja208256u,Crystal engineering
10.1021/acscatal.9b01783,publisher_A,https://doi.org/10.1021/acscatal.9b01783,Functional materials
10.1002/anie.201604879,publisher_W,https://doi.org/10.1002/anie.201604879,Chemical synthesis
10.1039/c002658a,publisher_R,https://doi.org/10.1039/c002658a,Crystal engineering
10.1039/c7gc03805d,publisher_R,https://doi.org/10.1039/c7gc03805d,Chemical synthesis
10.1021/acs.inorgchem.3c01923,publisher_A,https://doi.org/10.1021/acs.inorgchem.3c01923,Functional materials
10.1039/d1ce00438g,publisher_R,https://doi.org/10.1039/d1ce00438g,Functional materials
10.1021/ja402694f,publisher_A,https://doi.org/10.1021/ja402694f,Chemical synthesis
10.1039/c5ra02004b,publisher_R,https://doi.org/10.1039/c5ra02004b,Functional materials
10.1002/chem.201403162,publisher_W,https://doi.org/10.1002/chem.201403162,Chemical synthesis
10.1021/acsami.7b09914,publisher_A,https://doi.org/10.1021/acsami.7b09914,Functional materials
10.1039/d3ce01146a,publisher_R,https://doi.org/10.1039/d3ce01146a,Chemical synthesis
10.1021/cg500003u,publisher_A,https://doi.org/10.1021/cg500003u,Crystal engineering
10.1002/aoc.3866,publisher_W,https://doi.org/10.1002/aoc.3866,Functional materials
10.1039/b417013j,publisher_R,https://doi.org/10.1039/b417013j,Crystal engineering
10.1021/acsomega.7b01964,publisher_A,https://doi.org/10.1021/acsomega.7b01964,Crystal engineering
10.1039/c001655a,publisher_R,https://doi.org/10.1039/c001655a,Crystal engineering
10.1021/acs.inorgchem.1c01226,publisher_A,https://doi.org/10.1021/acs.inorgchem.1c01226,Functional materials
10.1002/chem.201404803,publisher_W,https://doi.org/10.1002/chem.201404803,Crystal engineering
10.1002/ejic.201901230,publisher_W,https://doi.org/10.1002/ejic.201901230,Chemical synthesis
10.1039/c9dt04068d,publisher_R,https://doi.org/10.1039/c9dt04068d,Functional materials
10.1021/acs.inorgchem.3c02202,publisher_A,https://doi.org/10.1021/acs.inorgchem.3c02202,Functional materials
10.1039/c5ta05481h,publisher_R,https://doi.org/10.1039/c5ta05481h,Functional materials
10.1039/d2qi01198k,publisher_R,https://doi.org/10.1039/d2qi01198k,Chemical synthesis
10.1002/chem.201805024,publisher_W,https://doi.org/10.1002/chem.201805024,Crystal engineering
10.1039/d1ce01192h,publisher_R,https://doi.org/10.1039/d1ce01192h,Functional materials
10.1002/chem.200903053,publisher_W,https://doi.org/10.1002/chem.200903053,Functional materials
10.1039/d1cc03547a,publisher_R,https://doi.org/10.1039/d1cc03547a,Functional materials
10.1002/slct.202400487,publisher_W,https://doi.org/10.1002/slct.202400487,Chemical synthesis
10.1039/c8qi01150h,publisher_R,https://doi.org/10.1039/c8qi01150h,Functional materials
10.1021/cg060501h,publisher_A,https://doi.org/10.1021/cg060501h,Crystal engineering
10.1039/c5ra16879a,publisher_R,https://doi.org/10.1039/c5ra16879a,Functional materials
10.1039/c7cp05185a,publisher_R,https://doi.org/10.1039/c7cp05185a,Chemical synthesis
10.1039/c7dt04130f,publisher_R,https://doi.org/10.1039/c7dt04130f,Functional materials
10.1002/cplu.201900492,publisher_W,https://doi.org/10.1002/cplu.201900492,Chemical synthesis
10.1002/smll.202302173,publisher_W,https://doi.org/10.1002/smll.202302173,Crystal engineering
10.1039/c7dt04583b,publisher_R,https://doi.org/10.1039/c7dt04583b,Functional materials
10.1002/adfm.201101479,publisher_W,https://doi.org/10.1002/adfm.201101479,Functional materials
10.1007/s13738-019-01746-8,publisher_S,https://doi.org/10.1007/s13738-019-01746-8,Functional materials
10.1002/aoc.4062,publisher_W,https://doi.org/10.1002/aoc.4062,Functional materials
10.1039/c6ce00087h,publisher_R,https://doi.org/10.1039/c6ce00087h,Functional materials
10.1002/slct.202204538,publisher_W,https://doi.org/10.1002/slct.202204538,Functional materials
10.1002/chem.200801856,publisher_W,https://doi.org/10.1002/chem.200801856,Crystal engineering
10.1039/c9cy01431d,publisher_R,https://doi.org/10.1039/c9cy01431d,Functional materials
10.1039/b925714d,publisher_R,https://doi.org/10.1039/b925714d,Crystal engineering
10.1039/c4cc01978d,publisher_R,https://doi.org/10.1039/c4cc01978d,Functional materials
10.1039/c4dt03183k,publisher_R,https://doi.org/10.1039/c4dt03183k,Crystal engineering
10.1039/b801280f,publisher_R,https://doi.org/10.1039/b801280f,Crystal engineering
10.1039/c1ce05059a,publisher_R,https://doi.org/10.1039/c1ce05059a,Crystal engineering
10.1002/chem.201403909,publisher_W,https://doi.org/10.1002/chem.201403909,Chemical synthesis
10.1002/anie.202116145,publisher_W,https://doi.org/10.1002/anie.202116145,Functional materials
10.1039/d0dt01648a,publisher_R,https://doi.org/10.1039/d0dt01648a,Functional materials
10.1039/c4dt02486a,publisher_R,https://doi.org/10.1039/c4dt02486a,Functional materials
10.1039/c9nr01284b,publisher_R,https://doi.org/10.1039/c9nr01284b,Functional materials
10.1039/c8ce00213d,publisher_R,https://doi.org/10.1039/c8ce00213d,Crystal engineering
10.1039/d1nj03738b,publisher_R,https://doi.org/10.1039/d1nj03738b,Functional materials
10.1002/zaac.201800353,publisher_W,https://doi.org/10.1002/zaac.201800353,Crystal engineering
10.1039/c3ce41801d,publisher_R,https://doi.org/10.1039/c3ce41801d,Chemical synthesis
10.1039/c3ce41124a,publisher_R,https://doi.org/10.1039/c3ce41124a,Crystal engineering
10.1039/b917338m,publisher_R,https://doi.org/10.1039/b917338m,Functional materials
10.1039/d0dt01222j,publisher_R,https://doi.org/10.1039/d0dt01222j,Chemical synthesis
10.1021/ic801624v,publisher_A,https://doi.org/10.1021/ic801624v,Functional materials
10.1039/b408961h,publisher_R,https://doi.org/10.1039/b408961h,Functional materials
10.1021/acs.chemmater.4c00879,publisher_A,https://doi.org/10.1021/acs.chemmater.4c00879,Crystal engineering
10.1002/chem.201406531,publisher_W,https://doi.org/10.1002/chem.201406531,Functional materials
10.1039/d2qi01894b,publisher_R,https://doi.org/10.1039/d2qi01894b,Crystal engineering
10.1021/ja0752540,publisher_A,https://doi.org/10.1021/ja0752540,Chemical synthesis
10.1002/anie.202414823,publisher_W,https://doi.org/10.1002/anie.202414823,Functional materials
10.1039/c1ce05520h,publisher_R,https://doi.org/10.1039/c1ce05520h,Crystal engineering
10.1021/jacs.6b13176,publisher_A,https://doi.org/10.1021/jacs.6b13176,Crystal engineering
10.1111/jace.18672,publisher_W,https://doi.org/10.1111/jace.18672,Functional materials
10.1039/d0ra03591b,publisher_R,https://doi.org/10.1039/d0ra03591b,Functional materials
10.1039/d3ta05397k,publisher_R,https://doi.org/10.1039/d3ta05397k,Functional materials
10.1039/c4dt01678e,publisher_R,https://doi.org/10.1039/c4dt01678e,Crystal engineering
10.1039/d2se00374k,publisher_R,https://doi.org/10.1039/d2se00374k,Theory & modeling
10.1039/c9ce01626k,publisher_R,https://doi.org/10.1039/c9ce01626k,Functional materials
10.1039/c7ta08399h,publisher_R,https://doi.org/10.1039/c7ta08399h,Functional materials
10.1039/c9dt04747f,publisher_R,https://doi.org/10.1039/c9dt04747f,Chemical synthesis
10.1039/c8nj04247k,publisher_R,https://doi.org/10.1039/c8nj04247k,Chemical synthesis
10.1002/anie.201410459,publisher_W,https://doi.org/10.1002/anie.201410459,Functional materials
10.1039/c5dt00011d,publisher_R,https://doi.org/10.1039/c5dt00011d,Crystal engineering
10.1039/d0qm00611d,publisher_R,https://doi.org/10.1039/d0qm00611d,Functional materials
10.1039/c6dt01690a,publisher_R,https://doi.org/10.1039/c6dt01690a,Chemical synthesis
10.1002/aoc.6566,publisher_W,https://doi.org/10.1002/aoc.6566,Functional materials
10.1002/aoc.6648,publisher_W,https://doi.org/10.1002/aoc.6648,Functional materials
10.1007/s10934-016-0186-z,publisher_S,https://doi.org/10.1007/s10934-016-0186-z,Functional materials
10.1039/c4dt03087g,publisher_R,https://doi.org/10.1039/c4dt03087g,Functional materials
10.1039/c1ce06044a,publisher_R,https://doi.org/10.1039/c1ce06044a,Crystal engineering
10.1039/d3qi00018d,publisher_R,https://doi.org/10.1039/d3qi00018d,Crystal engineering
10.1039/c9dt03933c,publisher_R,https://doi.org/10.1039/c9dt03933c,Functional materials
10.1039/c3tb21707h,publisher_R,https://doi.org/10.1039/c3tb21707h,Crystal engineering
10.1039/c1cc15962c,publisher_R,https://doi.org/10.1039/c1cc15962c,Functional materials
10.1039/d5gc01029b,publisher_R,https://doi.org/10.1039/d5gc01029b,Chemical synthesis
10.1039/c4cc01253d,publisher_R,https://doi.org/10.1039/c4cc01253d,Chemical synthesis
10.1002/chem.201504907,publisher_W,https://doi.org/10.1002/chem.201504907,Functional materials
10.1039/c4ta05638h,publisher_R,https://doi.org/10.1039/c4ta05638h,Functional materials
10.1039/c7dt01084b,publisher_R,https://doi.org/10.1039/c7dt01084b,Functional materials
10.1021/jp075047m,publisher_A,https://doi.org/10.1021/jp075047m,Crystal engineering
10.1021/acsanm.2c05555,publisher_A,https://doi.org/10.1021/acsanm.2c05555,Chemical synthesis
10.1039/c0nj00845a,publisher_R,https://doi.org/10.1039/c0nj00845a,Functional materials
10.1007/s10973-016-5521-8,publisher_S,https://doi.org/10.1007/s10973-016-5521-8,Crystal engineering
10.1007/s10973-019-08173-0,publisher_S,https://doi.org/10.1007/s10973-019-08173-0,Functional materials
10.1002/ejic.200901163,publisher_W,https://doi.org/10.1002/ejic.200901163,Crystal engineering
10.1021/acsami.0c10721,publisher_A,https://doi.org/10.1021/acsami.0c10721,Chemical synthesis
10.1021/ic302662x,publisher_A,https://doi.org/10.1021/ic302662x,Functional materials
10.1007/s10973-022-11769-8,publisher_S,https://doi.org/10.1007/s10973-022-11769-8,Chemical synthesis
10.1021/jacs.3c07047,publisher_A,https://doi.org/10.1021/jacs.3c07047,Functional materials
10.1021/ic502207f,publisher_A,https://doi.org/10.1021/ic502207f,Functional materials
10.1021/ic100181d,publisher_A,https://doi.org/10.1021/ic100181d,Crystal engineering
10.1021/jacs.6b03263,publisher_A,https://doi.org/10.1021/jacs.6b03263,Chemical synthesis
10.1039/c5ce02413g,publisher_R,https://doi.org/10.1039/c5ce02413g,Crystal engineering
10.1002/ajoc.202100535,publisher_W,https://doi.org/10.1002/ajoc.202100535,Functional materials
10.1021/acsami.3c17622,publisher_A,https://doi.org/10.1021/acsami.3c17622,Functional materials
10.1021/acs.inorgchem.3c02875,publisher_A,https://doi.org/10.1021/acs.inorgchem.3c02875,Functional materials
10.1039/d1qi00759a,publisher_R,https://doi.org/10.1039/d1qi00759a,Functional materials
10.1021/acssuschemeng.8b00768,publisher_A,https://doi.org/10.1021/acssuschemeng.8b00768,Functional materials
10.1039/d1ra02025k,publisher_R,https://doi.org/10.1039/d1ra02025k,Functional materials
10.1021/ic502725y,publisher_A,https://doi.org/10.1021/ic502725y,Chemical synthesis
10.1021/acs.inorgchem.9b03639,publisher_A,https://doi.org/10.1021/acs.inorgchem.9b03639,Functional materials
10.1039/c9dt02278c,publisher_R,https://doi.org/10.1039/c9dt02278c,Functional materials
10.1039/c9ce01245a,publisher_R,https://doi.org/10.1039/c9ce01245a,Crystal engineering
10.1039/c0nj00542h,publisher_R,https://doi.org/10.1039/c0nj00542h,Crystal engineering
10.1002/cplu.201600025,publisher_W,https://doi.org/10.1002/cplu.201600025,Crystal engineering
10.1039/c2ce26606g,publisher_R,https://doi.org/10.1039/c2ce26606g,Crystal engineering
10.1039/c9ra07737e,publisher_R,https://doi.org/10.1039/c9ra07737e,Crystal engineering
10.1021/cg901128k,publisher_A,https://doi.org/10.1021/cg901128k,Functional materials
10.1007/s13738-019-01672-9,publisher_S,https://doi.org/10.1007/s13738-019-01672-9,Crystal engineering
10.1007/s11243-018-0235-3,publisher_S,https://doi.org/10.1007/s11243-018-0235-3,Crystal engineering
10.1039/c3dt52888j,publisher_R,https://doi.org/10.1039/c3dt52888j,Functional materials
10.1039/c5cc01072a,publisher_R,https://doi.org/10.1039/c5cc01072a,Chemical synthesis
10.1039/c9ce00972h,publisher_R,https://doi.org/10.1039/c9ce00972h,Crystal engineering
10.1021/acs.inorgchem.6b01328,publisher_A,https://doi.org/10.1021/acs.inorgchem.6b01328,Functional materials
10.1039/c8qi00268a,publisher_R,https://doi.org/10.1039/c8qi00268a,Functional materials
10.1039/c8dt02686f,publisher_R,https://doi.org/10.1039/c8dt02686f,Functional materials
10.1039/d1dt04190h,publisher_R,https://doi.org/10.1039/d1dt04190h,Functional materials
10.1021/ic801779j,publisher_A,https://doi.org/10.1021/ic801779j,Crystal engineering
10.1039/d2dt01283a,publisher_R,https://doi.org/10.1039/d2dt01283a,Functional materials
10.1039/c8dt01017j,publisher_R,https://doi.org/10.1039/c8dt01017j,Functional materials
10.1007/s11243-023-00521-2,publisher_S,https://doi.org/10.1007/s11243-023-00521-2,Functional materials
10.1007/s11243-024-00611-9,publisher_S,https://doi.org/10.1007/s11243-024-00611-9,Functional materials
10.1039/c6qi00381h,publisher_R,https://doi.org/10.1039/c6qi00381h,Functional materials
10.1021/acs.cgd.5b00791,publisher_A,https://doi.org/10.1021/acs.cgd.5b00791,Crystal engineering
10.1039/c4ce00105b,publisher_R,https://doi.org/10.1039/c4ce00105b,Crystal engineering
10.1039/c8dt02816h,publisher_R,https://doi.org/10.1039/c8dt02816h,Functional materials
10.1039/c4ce01270d,publisher_R,https://doi.org/10.1039/c4ce01270d,Crystal engineering
10.1039/c3ta13242k,publisher_R,https://doi.org/10.1039/c3ta13242k,Functional materials
10.1039/c9ra08659e,publisher_R,https://doi.org/10.1039/c9ra08659e,Crystal engineering
10.1021/cg201028e,publisher_A,https://doi.org/10.1021/cg201028e,Crystal engineering
10.1002/ejic.201000832,publisher_W,https://doi.org/10.1002/ejic.201000832,Crystal engineering
10.1039/d2ce00061j,publisher_R,https://doi.org/10.1039/d2ce00061j,Functional materials
10.1021/cg4007789,publisher_A,https://doi.org/10.1021/cg4007789,Crystal engineering
10.1039/b904000e,publisher_R,https://doi.org/10.1039/b904000e,Crystal engineering
10.1002/zaac.201200537,publisher_W,https://doi.org/10.1002/zaac.201200537,Crystal engineering
10.1039/d2ce01085b,publisher_R,https://doi.org/10.1039/d2ce01085b,Functional materials
10.1021/cg1009175,publisher_A,https://doi.org/10.1021/cg1009175,Crystal engineering
10.1039/c1ce05196b,publisher_R,https://doi.org/10.1039/c1ce05196b,Crystal engineering
10.1039/c6ce01457g,publisher_R,https://doi.org/10.1039/c6ce01457g,Functional materials
10.1021/cg9012262,publisher_A,https://doi.org/10.1021/cg9012262,Crystal engineering
10.1039/c4ra02872d,publisher_R,https://doi.org/10.1039/c4ra02872d,Crystal engineering
10.1021/acs.inorgchem.1c00408,publisher_A,https://doi.org/10.1021/acs.inorgchem.1c00408,Functional materials
10.1039/c1ce05817g,publisher_R,https://doi.org/10.1039/c1ce05817g,Crystal engineering
10.1039/c1cc16147d,publisher_R,https://doi.org/10.1039/c1cc16147d,Chemical synthesis
10.1039/c3ce40109j,publisher_R,https://doi.org/10.1039/c3ce40109j,Crystal engineering
10.1021/cg200730k,publisher_A,https://doi.org/10.1021/cg200730k,Crystal engineering
10.1039/c6ce00600k,publisher_R,https://doi.org/10.1039/c6ce00600k,Crystal engineering
10.1039/c2ce05948g,publisher_R,https://doi.org/10.1039/c2ce05948g,Crystal engineering
10.1021/cg4014416,publisher_A,https://doi.org/10.1021/cg4014416,Functional materials
10.1002/cplu.201600146,publisher_W,https://doi.org/10.1002/cplu.201600146,Functional materials
10.1039/c1ce06050c,publisher_R,https://doi.org/10.1039/c1ce06050c,Crystal engineering
10.1039/c5ra14948g,publisher_R,https://doi.org/10.1039/c5ra14948g,Crystal engineering
10.1039/b804944k,publisher_R,https://doi.org/10.1039/b804944k,Crystal engineering
10.1007/s10562-016-1805-7,publisher_S,https://doi.org/10.1007/s10562-016-1805-7,Functional materials
10.1021/ic400536e,publisher_A,https://doi.org/10.1021/ic400536e,Crystal engineering
10.1007/s11144-021-01991-0,publisher_S,https://doi.org/10.1007/s11144-021-01991-0,Functional materials
10.1021/cg200961a,publisher_A,https://doi.org/10.1021/cg200961a,Crystal engineering
10.1021/cg0700216,publisher_A,https://doi.org/10.1021/cg0700216,Crystal engineering
10.1021/cg401825f,publisher_A,https://doi.org/10.1021/cg401825f,Crystal engineering
10.1021/acs.cgd.5b00697,publisher_A,https://doi.org/10.1021/acs.cgd.5b00697,Crystal engineering
10.1039/c005207h,publisher_R,https://doi.org/10.1039/c005207h,Crystal engineering
10.1039/b502651b,publisher_R,https://doi.org/10.1039/b502651b,Crystal engineering
10.1021/cg900579s,publisher_A,https://doi.org/10.1021/cg900579s,Functional materials
10.1039/d4ce00332b,publisher_R,https://doi.org/10.1039/d4ce00332b,Crystal engineering
10.1021/ic801631w,publisher_A,https://doi.org/10.1021/ic801631w,Crystal engineering
10.1039/b805263h,publisher_R,https://doi.org/10.1039/b805263h,Crystal engineering
10.1002/slct.201802797,publisher_W,https://doi.org/10.1002/slct.201802797,Crystal engineering
10.1021/acs.inorgchem.3c01230,publisher_A,https://doi.org/10.1021/acs.inorgchem.3c01230,Functional materials
10.1039/c2dt11966h,publisher_R,https://doi.org/10.1039/c2dt11966h,Crystal engineering
10.1002/chem.201002993,publisher_W,https://doi.org/10.1002/chem.201002993,Crystal engineering
10.1039/b304826h,publisher_R,https://doi.org/10.1039/b304826h,Crystal engineering
10.1002/cjoc.201500622,publisher_W,https://doi.org/10.1002/cjoc.201500622,Functional materials
10.1021/ic100188w,publisher_A,https://doi.org/10.1021/ic100188w,Functional materials
10.1002/zaac.201300500,publisher_W,https://doi.org/10.1002/zaac.201300500,Functional materials
10.1021/cg2004672,publisher_A,https://doi.org/10.1021/cg2004672,Functional materials
10.1021/acs.inorgchem.2c03472,publisher_A,https://doi.org/10.1021/acs.inorgchem.2c03472,Functional materials
10.1039/d2dt01032a,publisher_R,https://doi.org/10.1039/d2dt01032a,Functional materials
10.1021/cg900397r,publisher_A,https://doi.org/10.1021/cg900397r,Crystal engineering
10.1039/c8ce00795k,publisher_R,https://doi.org/10.1039/c8ce00795k,Chemical synthesis
10.1021/acsmaterialslett.0c00012,publisher_A,https://doi.org/10.1021/acsmaterialslett.0c00012,Crystal engineering
10.1002/anie.201608463,publisher_W,https://doi.org/10.1002/anie.201608463,Crystal engineering
10.1002/admi.201801062,publisher_W,https://doi.org/10.1002/admi.201801062,Functional materials
10.1021/acs.cgd.3c00151,publisher_A,https://doi.org/10.1021/acs.cgd.3c00151,Functional materials
10.1039/c6gc01648k,publisher_R,https://doi.org/10.1039/c6gc01648k,Chemical synthesis
10.1002/ejic.201200033,publisher_W,https://doi.org/10.1002/ejic.201200033,Chemical synthesis
10.1039/d0ra06578a,publisher_R,https://doi.org/10.1039/d0ra06578a,Functional materials
10.1039/c3dt52103f,publisher_R,https://doi.org/10.1039/c3dt52103f,Chemical synthesis
10.1021/ja0645483,publisher_A,https://doi.org/10.1021/ja0645483,Crystal engineering
10.1039/c6ce01513a,publisher_R,https://doi.org/10.1039/c6ce01513a,Crystal engineering
10.1039/b800820e,publisher_R,https://doi.org/10.1039/b800820e,Crystal engineering
10.1039/c0ce00715c,publisher_R,https://doi.org/10.1039/c0ce00715c,Crystal engineering
10.1002/adma.202414151,publisher_W,https://doi.org/10.1002/adma.202414151,Crystal engineering
10.1039/c1ce05592e,publisher_R,https://doi.org/10.1039/c1ce05592e,Crystal engineering
10.1039/c9ce01041f,publisher_R,https://doi.org/10.1039/c9ce01041f,Functional materials
10.1021/jacs.0c00637,publisher_A,https://doi.org/10.1021/jacs.0c00637,Crystal engineering
10.1021/jacs.5c05068,publisher_A,https://doi.org/10.1021/jacs.5c05068,Functional materials
10.1021/ja5111317,publisher_A,https://doi.org/10.1021/ja5111317,Crystal engineering
10.1039/c7qm00263g,publisher_R,https://doi.org/10.1039/c7qm00263g,Crystal engineering
10.1016/j.matt.2019.11.002,publisher_E,https://doi.org/10.1016/j.matt.2019.11.002,Chemical synthesis
10.1021/cg900828v,publisher_A,https://doi.org/10.1021/cg900828v,Crystal engineering
10.1002/ejic.201900584,publisher_W,https://doi.org/10.1002/ejic.201900584,Functional materials
10.1021/acs.chemmater.9b02462,publisher_A,https://doi.org/10.1021/acs.chemmater.9b02462,Functional materials
10.1021/ic048755k,publisher_A,https://doi.org/10.1021/ic048755k,Crystal engineering
10.1039/c4ra13924k,publisher_R,https://doi.org/10.1039/c4ra13924k,Functional materials
10.1039/c3cy00503h,publisher_R,https://doi.org/10.1039/c3cy00503h,Functional materials
10.1039/d1dt01204e,publisher_R,https://doi.org/10.1039/d1dt01204e,Crystal engineering
10.1039/c2nj20587d,publisher_R,https://doi.org/10.1039/c2nj20587d,Functional materials
10.1002/chem.201101530,publisher_W,https://doi.org/10.1002/chem.201101530,Chemical synthesis
10.1039/c5cc04928h,publisher_R,https://doi.org/10.1039/c5cc04928h,Functional materials
10.1039/c5cc03469h,publisher_R,https://doi.org/10.1039/c5cc03469h,Chemical synthesis
10.1021/acsami.8b08167,publisher_A,https://doi.org/10.1021/acsami.8b08167,Functional materials
10.1039/c8cc04147d,publisher_R,https://doi.org/10.1039/c8cc04147d,Chemical synthesis
10.1021/acs.langmuir.3c00018,publisher_A,https://doi.org/10.1021/acs.langmuir.3c00018,Functional materials
10.1021/cg801193r,publisher_A,https://doi.org/10.1021/cg801193r,Functional materials
10.1039/d3sm01658g,publisher_R,https://doi.org/10.1039/d3sm01658g,Chemical synthesis
10.1021/acs.inorgchem.9b00077,publisher_A,https://doi.org/10.1021/acs.inorgchem.9b00077,Crystal engineering
10.1002/aoc.5566,publisher_W,https://doi.org/10.1002/aoc.5566,Functional materials
10.1021/acs.inorgchem.5c00221,publisher_A,https://doi.org/10.1021/acs.inorgchem.5c00221,Crystal engineering
10.1039/c4dt04013a,publisher_R,https://doi.org/10.1039/c4dt04013a,Crystal engineering
10.1007/s10562-022-04213-x,publisher_S,https://doi.org/10.1007/s10562-022-04213-x,Chemical synthesis
10.1021/acs.inorgchem.2c02215,publisher_A,https://doi.org/10.1021/acs.inorgchem.2c02215,Functional materials
10.1039/d1dt01413g,publisher_R,https://doi.org/10.1039/d1dt01413g,Functional materials
10.1021/acsanm.4c07020,publisher_A,https://doi.org/10.1021/acsanm.4c07020,Functional materials
10.1039/c0dt01011a,publisher_R,https://doi.org/10.1039/c0dt01011a,Functional materials
10.1021/jp312590r,publisher_A,https://doi.org/10.1021/jp312590r,Chemical synthesis
10.1039/c2jm30389b,publisher_R,https://doi.org/10.1039/c2jm30389b,Functional materials
10.1039/d2dt00714b,publisher_R,https://doi.org/10.1039/d2dt00714b,Functional materials
10.1039/d1ta00149c,publisher_R,https://doi.org/10.1039/d1ta00149c,Functional materials
10.1002/adom.202302405,publisher_W,https://doi.org/10.1002/adom.202302405,Functional materials
10.1021/acs.inorgchem.7b03278,publisher_A,https://doi.org/10.1021/acs.inorgchem.7b03278,Functional materials
10.1039/c7dt00218a,publisher_R,https://doi.org/10.1039/c7dt00218a,Crystal engineering
10.1039/c5dt03738g,publisher_R,https://doi.org/10.1039/c5dt03738g,Crystal engineering
10.1039/c4ra02291b,publisher_R,https://doi.org/10.1039/c4ra02291b,Crystal engineering
10.1021/acs.chemmater.0c03132,publisher_A,https://doi.org/10.1021/acs.chemmater.0c03132,Functional materials
10.1021/acsomega.1c01148,publisher_A,https://doi.org/10.1021/acsomega.1c01148,Functional materials
10.1002/asia.201403123,publisher_W,https://doi.org/10.1002/asia.201403123,Functional materials
10.1021/acs.cgd.8b00196,publisher_A,https://doi.org/10.1021/acs.cgd.8b00196,Crystal engineering
10.1021/acsanm.4c04072,publisher_A,https://doi.org/10.1021/acsanm.4c04072,Functional materials
10.1021/cg401519w,publisher_A,https://doi.org/10.1021/cg401519w,Crystal engineering
10.1021/acsami.3c08470,publisher_A,https://doi.org/10.1021/acsami.3c08470,Functional materials
10.1021/jacs.8b05765,publisher_A,https://doi.org/10.1021/jacs.8b05765,Functional materials
10.1021/jacs.2c09487,publisher_A,https://doi.org/10.1021/jacs.2c09487,Crystal engineering
10.1021/acs.nanolett.9b04997,publisher_A,https://doi.org/10.1021/acs.nanolett.9b04997,Theory & modeling
10.1002/poc.4150,publisher_W,https://doi.org/10.1002/poc.4150,Crystal engineering
10.1021/ic5001232,publisher_A,https://doi.org/10.1021/ic5001232,Crystal engineering
10.1021/acsami.1c13757,publisher_A,https://doi.org/10.1021/acsami.1c13757,Functional materials
10.1021/acsami.2c17007,publisher_A,https://doi.org/10.1021/acsami.2c17007,Functional materials
10.1002/cplu.201402027,publisher_W,https://doi.org/10.1002/cplu.201402027,Functional materials
10.1021/cg400180j,publisher_A,https://doi.org/10.1021/cg400180j,Crystal engineering
10.1039/c2ce26586a,publisher_R,https://doi.org/10.1039/c2ce26586a,Crystal engineering
10.1039/c2cc35348b,publisher_R,https://doi.org/10.1039/c2cc35348b,Chemical synthesis
10.1002/ejic.202000031,publisher_W,https://doi.org/10.1002/ejic.202000031,Functional materials
10.1021/acsomega.3c07906,publisher_A,https://doi.org/10.1021/acsomega.3c07906,Functional materials
10.1021/acs.inorgchem.9b01666,publisher_A,https://doi.org/10.1021/acs.inorgchem.9b01666,Chemical synthesis
10.1039/c1ce05780d,publisher_R,https://doi.org/10.1039/c1ce05780d,Chemical synthesis
10.1007/s10934-014-9840-5,publisher_S,https://doi.org/10.1007/s10934-014-9840-5,Chemical synthesis
10.1021/cg4003803,publisher_A,https://doi.org/10.1021/cg4003803,Crystal engineering
10.1039/c5dt03504j,publisher_R,https://doi.org/10.1039/c5dt03504j,Functional materials
10.1021/cg201059d,publisher_A,https://doi.org/10.1021/cg201059d,Functional materials
10.1021/cg060343u,publisher_A,https://doi.org/10.1021/cg060343u,Crystal engineering
10.1039/c2ce06563k,publisher_R,https://doi.org/10.1039/c2ce06563k,Functional materials
10.1021/jacs.9b08322,publisher_A,https://doi.org/10.1021/jacs.9b08322,Functional materials
10.1021/acs.chemmater.9b03662,publisher_A,https://doi.org/10.1021/acs.chemmater.9b03662,Chemical synthesis
10.1039/d2cp03746g,publisher_R,https://doi.org/10.1039/d2cp03746g,Theory & modeling
10.1021/acs.inorgchem.9b00084,publisher_A,https://doi.org/10.1021/acs.inorgchem.9b00084,Functional materials
10.1039/c5dt04033g,publisher_R,https://doi.org/10.1039/c5dt04033g,Functional materials
10.1021/acs.chemmater.9b04177,publisher_A,https://doi.org/10.1021/acs.chemmater.9b04177,Functional materials
10.1039/c9dt01572h,publisher_R,https://doi.org/10.1039/c9dt01572h,Crystal engineering
10.1021/acs.cgd.8b01566,publisher_A,https://doi.org/10.1021/acs.cgd.8b01566,Crystal engineering
10.1039/d3ce00039g,publisher_R,https://doi.org/10.1039/d3ce00039g,Crystal engineering
10.1021/acsami.0c08803,publisher_A,https://doi.org/10.1021/acsami.0c08803,Functional materials
10.1039/d1cc02104d,publisher_R,https://doi.org/10.1039/d1cc02104d,Functional materials
10.1021/acscatal.9b04905,publisher_A,https://doi.org/10.1021/acscatal.9b04905,Functional materials
10.1021/acscatal.5b02243,publisher_A,https://doi.org/10.1021/acscatal.5b02243,Functional materials
10.1021/acs.cgd.9b00241,publisher_A,https://doi.org/10.1021/acs.cgd.9b00241,Crystal engineering
10.1039/c9sc06500h,publisher_R,https://doi.org/10.1039/c9sc06500h,Functional materials
10.1002/ejic.201402552,publisher_W,https://doi.org/10.1002/ejic.201402552,Crystal engineering
10.1021/cg9014064,publisher_A,https://doi.org/10.1021/cg9014064,Crystal engineering
10.1039/c2ce25442e,publisher_R,https://doi.org/10.1039/c2ce25442e,Crystal engineering
10.1039/d0ra05926a,publisher_R,https://doi.org/10.1039/d0ra05926a,Crystal engineering
10.1002/zaac.201500536,publisher_W,https://doi.org/10.1002/zaac.201500536,Crystal engineering
10.1021/acs.inorgchem.3c01393,publisher_A,https://doi.org/10.1021/acs.inorgchem.3c01393,Crystal engineering
10.1021/acs.inorgchem.4c00695,publisher_A,https://doi.org/10.1021/acs.inorgchem.4c00695,Functional materials
10.1021/ic981123b,publisher_A,https://doi.org/10.1021/ic981123b,Chemical synthesis
10.1021/cg3008602,publisher_A,https://doi.org/10.1021/cg3008602,Crystal engineering
10.1021/ic061620p,publisher_A,https://doi.org/10.1021/ic061620p,Crystal engineering
10.1039/c4ra12714e,publisher_R,https://doi.org/10.1039/c4ra12714e,Crystal engineering
10.1039/d2tc00022a,publisher_R,https://doi.org/10.1039/d2tc00022a,Functional materials
10.1039/c3ce41073k,publisher_R,https://doi.org/10.1039/c3ce41073k,Crystal engineering
10.1039/c3ce41364k,publisher_R,https://doi.org/10.1039/c3ce41364k,Crystal engineering
10.1007/s10876-020-01966-6,publisher_S,https://doi.org/10.1007/s10876-020-01966-6,Crystal engineering
10.1002/zaac.201500526,publisher_W,https://doi.org/10.1002/zaac.201500526,Crystal engineering
10.1021/acs.cgd.3c00478,publisher_A,https://doi.org/10.1021/acs.cgd.3c00478,Functional materials
10.1039/c2ce25430a,publisher_R,https://doi.org/10.1039/c2ce25430a,Crystal engineering
10.1039/d1ce01169c,publisher_R,https://doi.org/10.1039/d1ce01169c,Functional materials
10.1007/s11243-013-9760-2,publisher_S,https://doi.org/10.1007/s11243-013-9760-2,Crystal engineering
10.1002/zaac.201400263,publisher_W,https://doi.org/10.1002/zaac.201400263,Crystal engineering
10.1021/cg801120y,publisher_A,https://doi.org/10.1021/cg801120y,Crystal engineering
10.1039/c5ce00461f,publisher_R,https://doi.org/10.1039/c5ce00461f,Crystal engineering
10.1002/aoc.5654,publisher_W,https://doi.org/10.1002/aoc.5654,Crystal engineering
10.1021/ic800131r,publisher_A,https://doi.org/10.1021/ic800131r,Functional materials
10.1039/c5ce00009b,publisher_R,https://doi.org/10.1039/c5ce00009b,Functional materials
10.1039/c3dt50687h,publisher_R,https://doi.org/10.1039/c3dt50687h,Crystal engineering
10.1039/d1nj03002g,publisher_R,https://doi.org/10.1039/d1nj03002g,Functional materials
10.1039/d3ce01034a,publisher_R,https://doi.org/10.1039/d3ce01034a,Functional materials
10.1039/d2qi00835a,publisher_R,https://doi.org/10.1039/d2qi00835a,Crystal engineering
10.1007/s10876-012-0484-9,publisher_S,https://doi.org/10.1007/s10876-012-0484-9,Crystal engineering
10.1021/acs.inorgchem.8b01631,publisher_A,https://doi.org/10.1021/acs.inorgchem.8b01631,Crystal engineering
10.1021/acsami.6b14563,publisher_A,https://doi.org/10.1021/acsami.6b14563,Functional materials
10.1039/c3ce40117k,publisher_R,https://doi.org/10.1039/c3ce40117k,Crystal engineering
10.1039/d0ra07159e,publisher_R,https://doi.org/10.1039/d0ra07159e,Functional materials
10.1002/zaac.201100155,publisher_W,https://doi.org/10.1002/zaac.201100155,Crystal engineering
10.1007/s11243-017-0144-x,publisher_S,https://doi.org/10.1007/s11243-017-0144-x,Crystal engineering
10.1039/d1dt03131g,publisher_R,https://doi.org/10.1039/d1dt03131g,Functional materials
10.1021/ic300546z,publisher_A,https://doi.org/10.1021/ic300546z,Crystal engineering
10.1021/cg4018536,publisher_A,https://doi.org/10.1021/cg4018536,Crystal engineering
10.1039/c2ce25264c,publisher_R,https://doi.org/10.1039/c2ce25264c,Crystal engineering
10.1039/c8qi01406j,publisher_R,https://doi.org/10.1039/c8qi01406j,Functional materials
10.1021/ic060771p,publisher_A,https://doi.org/10.1021/ic060771p,Crystal engineering
10.1002/zaac.200900329,publisher_W,https://doi.org/10.1002/zaac.200900329,Crystal engineering
10.1007/s10870-015-0570-6,publisher_S,https://doi.org/10.1007/s10870-015-0570-6,Crystal engineering
10.1021/acs.cgd.5b00218,publisher_A,https://doi.org/10.1021/acs.cgd.5b00218,Crystal engineering
10.1002/zaac.201500061,publisher_W,https://doi.org/10.1002/zaac.201500061,Crystal engineering
10.1007/s10876-014-0816-z,publisher_S,https://doi.org/10.1007/s10876-014-0816-z,Crystal engineering
10.1134/S1063774516050072,publisher_S,https://doi.org/10.1134/S1063774516050072,Crystal engineering
10.1002/zaac.201900299,publisher_W,https://doi.org/10.1002/zaac.201900299,Crystal engineering
10.1039/c7ra10855a,publisher_R,https://doi.org/10.1039/c7ra10855a,Crystal engineering
10.1021/cg100599z,publisher_A,https://doi.org/10.1021/cg100599z,Functional materials
10.1021/acs.cgd.1c00847,publisher_A,https://doi.org/10.1021/acs.cgd.1c00847,Chemical synthesis
10.1002/zaac.202000201,publisher_W,https://doi.org/10.1002/zaac.202000201,Crystal engineering
10.1039/d2nj03746g,publisher_R,https://doi.org/10.1039/d2nj03746g,Functional materials
10.1039/c4dt01431f,publisher_R,https://doi.org/10.1039/c4dt01431f,Crystal engineering
10.1039/c2ce25588j,publisher_R,https://doi.org/10.1039/c2ce25588j,Functional materials
10.1039/c5ra15663g,publisher_R,https://doi.org/10.1039/c5ra15663g,Crystal engineering
10.1039/c2ce25607j,publisher_R,https://doi.org/10.1039/c2ce25607j,Crystal engineering
10.1039/c1dt10893j,publisher_R,https://doi.org/10.1039/c1dt10893j,Crystal engineering
10.1002/zaac.201800513,publisher_W,https://doi.org/10.1002/zaac.201800513,Crystal engineering
10.1007/BF03246026,publisher_S,https://doi.org/10.1007/BF03246026,Crystal engineering
10.1021/cg100104t,publisher_A,https://doi.org/10.1021/cg100104t,Crystal engineering
10.1039/d2nj05751d,publisher_R,https://doi.org/10.1039/d2nj05751d,Functional materials
10.1039/c6ce00674d,publisher_R,https://doi.org/10.1039/c6ce00674d,Crystal engineering
10.1039/c8dt04106g,publisher_R,https://doi.org/10.1039/c8dt04106g,Functional materials
10.1021/acsami.8b10447,publisher_A,https://doi.org/10.1021/acsami.8b10447,Functional materials
10.1007/s10870-010-9945-x,publisher_S,https://doi.org/10.1007/s10870-010-9945-x,Crystal engineering
10.1039/c4nj01499e,publisher_R,https://doi.org/10.1039/c4nj01499e,Crystal engineering
10.1021/cg101569a,publisher_A,https://doi.org/10.1021/cg101569a,Functional materials
10.1039/c3ce41706a,publisher_R,https://doi.org/10.1039/c3ce41706a,Crystal engineering
10.1039/d2dt04106e,publisher_R,https://doi.org/10.1039/d2dt04106e,Crystal engineering
10.1039/c2ce05586d,publisher_R,https://doi.org/10.1039/c2ce05586d,Functional materials
10.1021/acssuschemeng.1c06433,publisher_A,https://doi.org/10.1021/acssuschemeng.1c06433,Functional materials
10.1039/c3dt51610e,publisher_R,https://doi.org/10.1039/c3dt51610e,Crystal engineering
10.1021/acs.inorgchem.2c02454,publisher_A,https://doi.org/10.1021/acs.inorgchem.2c02454,Crystal engineering
10.1039/c3ce41557k,publisher_R,https://doi.org/10.1039/c3ce41557k,Functional materials
10.1039/c8dt00156a,publisher_R,https://doi.org/10.1039/c8dt00156a,Functional materials
10.1021/acs.cgd.5b00741,publisher_A,https://doi.org/10.1021/acs.cgd.5b00741,Crystal engineering
10.1039/c4ra13533d,publisher_R,https://doi.org/10.1039/c4ra13533d,Crystal engineering
10.1021/cg401006d,publisher_A,https://doi.org/10.1021/cg401006d,Crystal engineering
10.1002/cplu.201600092,publisher_W,https://doi.org/10.1002/cplu.201600092,Functional materials
10.1021/acs.inorgchem.8b02507,publisher_A,https://doi.org/10.1021/acs.inorgchem.8b02507,Functional materials
10.1039/d5nj02067k,publisher_R,https://doi.org/10.1039/d5nj02067k,Functional materials
10.1039/c4ce00219a,publisher_R,https://doi.org/10.1039/c4ce00219a,Chemical synthesis
10.1021/ic402803s,publisher_A,https://doi.org/10.1021/ic402803s,Functional materials
10.1002/zaac.200800047,publisher_W,https://doi.org/10.1002/zaac.200800047,Crystal engineering
10.1021/ic050999x,publisher_A,https://doi.org/10.1021/ic050999x,Crystal engineering
10.1021/acs.cgd.5b00327,publisher_A,https://doi.org/10.1021/acs.cgd.5b00327,Crystal engineering
10.1039/c0ce00764a,publisher_R,https://doi.org/10.1039/c0ce00764a,Crystal engineering
10.1039/c1ce05749a,publisher_R,https://doi.org/10.1039/c1ce05749a,Crystal engineering
10.1039/c0ce00908c,publisher_R,https://doi.org/10.1039/c0ce00908c,Crystal engineering
10.1002/asia.201300548,publisher_W,https://doi.org/10.1002/asia.201300548,Functional materials
10.1021/cg701041k,publisher_A,https://doi.org/10.1021/cg701041k,Crystal engineering
10.1039/b811498f,publisher_R,https://doi.org/10.1039/b811498f,Crystal engineering
10.1002/anie.202405333,publisher_W,https://doi.org/10.1002/anie.202405333,Functional materials
10.1021/acs.inorgchem.4c01565,publisher_A,https://doi.org/10.1021/acs.inorgchem.4c01565,Functional materials
10.1021/acs.inorgchem.8b03210,publisher_A,https://doi.org/10.1021/acs.inorgchem.8b03210,Crystal engineering
10.1039/c9ce00129h,publisher_R,https://doi.org/10.1039/c9ce00129h,Crystal engineering
10.1002/zaac.200800406,publisher_W,https://doi.org/10.1002/zaac.200800406,Crystal engineering
10.1021/jacs.5c03704,publisher_A,https://doi.org/10.1021/jacs.5c03704,Functional materials
10.1039/b609733b,publisher_R,https://doi.org/10.1039/b609733b,Crystal engineering
10.1021/cg800769z,publisher_A,https://doi.org/10.1021/cg800769z,Crystal engineering
10.1039/d2dt01239a,publisher_R,https://doi.org/10.1039/d2dt01239a,Crystal engineering
10.1002/asia.201900391,publisher_W,https://doi.org/10.1002/asia.201900391,Chemical synthesis
10.1021/acsami.8b13356,publisher_A,https://doi.org/10.1021/acsami.8b13356,Functional materials
10.1039/c8dt01117f,publisher_R,https://doi.org/10.1039/c8dt01117f,Functional materials
10.1002/anie.202417658,publisher_W,https://doi.org/10.1002/anie.202417658,Functional materials
10.1039/d2cc00213b,publisher_R,https://doi.org/10.1039/d2cc00213b,Crystal engineering
10.1039/d0sc02515a,publisher_R,https://doi.org/10.1039/d0sc02515a,Crystal engineering
10.1039/c8dt04170a,publisher_R,https://doi.org/10.1039/c8dt04170a,Functional materials
10.1021/acs.inorgchem.2c01846,publisher_A,https://doi.org/10.1021/acs.inorgchem.2c01846,Functional materials
10.1021/acs.inorgchem.3c02597,publisher_A,https://doi.org/10.1021/acs.inorgchem.3c02597,Functional materials
10.1002/adma.202414362,publisher_W,https://doi.org/10.1002/adma.202414362,Functional materials
10.1039/c5ce02520f,publisher_R,https://doi.org/10.1039/c5ce02520f,Functional materials
10.1039/c0ce00687d,publisher_R,https://doi.org/10.1039/c0ce00687d,Functional materials
10.1039/c6qi00137h,publisher_R,https://doi.org/10.1039/c6qi00137h,Functional materials
10.1039/d3cp01063e,publisher_R,https://doi.org/10.1039/d3cp01063e,Functional materials
10.1039/d2cc03285f,publisher_R,https://doi.org/10.1039/d2cc03285f,Crystal engineering
10.1021/acsami.6b10098,publisher_A,https://doi.org/10.1021/acsami.6b10098,Functional materials
10.1021/acs.inorgchem.5b02257,publisher_A,https://doi.org/10.1021/acs.inorgchem.5b02257,Functional materials
10.1002/adma.201802497,publisher_W,https://doi.org/10.1002/adma.201802497,Chemical synthesis
10.1007/s10853-018-2793-3,publisher_S,https://doi.org/10.1007/s10853-018-2793-3,Chemical synthesis
10.1039/c9ce01676g,publisher_R,https://doi.org/10.1039/c9ce01676g,Chemical synthesis
10.1021/acs.inorgchem.2c00608,publisher_A,https://doi.org/10.1021/acs.inorgchem.2c00608,Crystal engineering
10.1039/d2ta08934c,publisher_R,https://doi.org/10.1039/d2ta08934c,Functional materials
10.1021/acsami.3c15669,publisher_A,https://doi.org/10.1021/acsami.3c15669,Functional materials
10.1021/acsanm.8b01083,publisher_A,https://doi.org/10.1021/acsanm.8b01083,Functional materials
10.1002/slct.201601513,publisher_W,https://doi.org/10.1002/slct.201601513,Chemical synthesis
10.1039/d2nr01827f,publisher_R,https://doi.org/10.1039/d2nr01827f,Functional materials
10.1039/c9ta00311h,publisher_R,https://doi.org/10.1039/c9ta00311h,Functional materials
10.1002/cctc.202400119,publisher_W,https://doi.org/10.1002/cctc.202400119,Functional materials
10.1039/d2nr05229f,publisher_R,https://doi.org/10.1039/d2nr05229f,Functional materials
10.1039/d4dt01251h,publisher_R,https://doi.org/10.1039/d4dt01251h,Functional materials
10.1039/d0sc01408g,publisher_R,https://doi.org/10.1039/d0sc01408g,Functional materials
10.1002/chem.202200555,publisher_W,https://doi.org/10.1002/chem.202200555,Functional materials
10.1002/adfm.202410931,publisher_W,https://doi.org/10.1002/adfm.202410931,Functional materials
10.1039/b807676f,publisher_R,https://doi.org/10.1039/b807676f,Chemical synthesis
10.1002/chem.202101291,publisher_W,https://doi.org/10.1002/chem.202101291,Crystal engineering
10.1039/c9sc02576f,publisher_R,https://doi.org/10.1039/c9sc02576f,Chemical synthesis
10.1021/acscentsci.8b00722,publisher_A,https://doi.org/10.1021/acscentsci.8b00722,Functional materials
10.1021/acs.langmuir.2c00165,publisher_A,https://doi.org/10.1021/acs.langmuir.2c00165,Functional materials
10.1021/acs.chemmater.2c02946,publisher_A,https://doi.org/10.1021/acs.chemmater.2c02946,Chemical synthesis
10.1039/d3ce00881a,publisher_R,https://doi.org/10.1039/d3ce00881a,Crystal engineering
10.1021/acsomega.8b00903,publisher_A,https://doi.org/10.1021/acsomega.8b00903,Functional materials
10.1007/s10854-017-7118-9,publisher_S,https://doi.org/10.1007/s10854-017-7118-9,Chemical synthesis
10.1021/acs.cgd.7b01581,publisher_A,https://doi.org/10.1021/acs.cgd.7b01581,Crystal engineering
10.1039/c5ce01302j,publisher_R,https://doi.org/10.1039/c5ce01302j,Crystal engineering
10.1021/jacs.6b12847,publisher_A,https://doi.org/10.1021/jacs.6b12847,Functional materials
10.1002/pssa.202000437,publisher_W,https://doi.org/10.1002/pssa.202000437,Functional materials
10.1002/anie.202423939,publisher_W,https://doi.org/10.1002/anie.202423939,Crystal engineering
10.1021/jacs.2c13731,publisher_A,https://doi.org/10.1021/jacs.2c13731,Crystal engineering
10.1039/d1qm00904d,publisher_R,https://doi.org/10.1039/d1qm00904d,Functional materials
10.1039/d4sc03973d,publisher_R,https://doi.org/10.1039/d4sc03973d,Functional materials
10.1021/acs.jpca.0c01577,publisher_A,https://doi.org/10.1021/acs.jpca.0c01577,Functional materials
10.1039/b706177c,publisher_R,https://doi.org/10.1039/b706177c,Crystal engineering
10.1021/acs.cgd.7b00795,publisher_A,https://doi.org/10.1021/acs.cgd.7b00795,Crystal engineering
10.1021/cg300979c,publisher_A,https://doi.org/10.1021/cg300979c,Crystal engineering
10.1039/b901042d,publisher_R,https://doi.org/10.1039/b901042d,Crystal engineering
10.1039/c7dt03754f,publisher_R,https://doi.org/10.1039/c7dt03754f,Functional materials
10.1039/b800709h,publisher_R,https://doi.org/10.1039/b800709h,Crystal engineering
10.1039/b906105n,publisher_R,https://doi.org/10.1039/b906105n,Crystal engineering
10.1039/d2nj01490d,publisher_R,https://doi.org/10.1039/d2nj01490d,Functional materials
10.1021/acsnano.4c18266,publisher_A,https://doi.org/10.1021/acsnano.4c18266,Functional materials
10.1039/d2cc03575h,publisher_R,https://doi.org/10.1039/d2cc03575h,Crystal engineering
10.1021/ja404514r,publisher_A,https://doi.org/10.1021/ja404514r,Functional materials
10.1021/cg2008655,publisher_A,https://doi.org/10.1021/cg2008655,Crystal engineering
10.1021/acscatal.7b04189,publisher_A,https://doi.org/10.1021/acscatal.7b04189,Functional materials
10.1002/asia.201301244,publisher_W,https://doi.org/10.1002/asia.201301244,Crystal engineering
10.1021/cg9007119,publisher_A,https://doi.org/10.1021/cg9007119,Crystal engineering
10.1002/chem.201203093,publisher_W,https://doi.org/10.1002/chem.201203093,Functional materials
10.1039/c2ce26532j,publisher_R,https://doi.org/10.1039/c2ce26532j,Crystal engineering
10.1002/adfm.201503154,publisher_W,https://doi.org/10.1002/adfm.201503154,Functional materials
10.1021/acs.inorgchem.2c04447,publisher_A,https://doi.org/10.1021/acs.inorgchem.2c04447,Crystal engineering
10.1039/c9cc02861g,publisher_R,https://doi.org/10.1039/c9cc02861g,Chemical synthesis
10.1039/c8cc04824j,publisher_R,https://doi.org/10.1039/c8cc04824j,Crystal engineering
10.1039/c9gc03561c,publisher_R,https://doi.org/10.1039/c9gc03561c,Functional materials
10.1039/d2qi00206j,publisher_R,https://doi.org/10.1039/d2qi00206j,Chemical synthesis
10.1007/s11172-020-2785-8,publisher_S,https://doi.org/10.1007/s11172-020-2785-8,Functional materials
10.1002/ejic.200800152,publisher_W,https://doi.org/10.1002/ejic.200800152,Functional materials
10.1021/cg100865v,publisher_A,https://doi.org/10.1021/cg100865v,Crystal engineering
10.1039/c6ra25156k,publisher_R,https://doi.org/10.1039/c6ra25156k,Crystal engineering
10.1021/acs.jchemed.6b00258,publisher_A,https://doi.org/10.1021/acs.jchemed.6b00258,Functional materials
10.1021/acsami.7b06041,publisher_A,https://doi.org/10.1021/acsami.7b06041,Crystal engineering
10.1021/acs.jchemed.9b00075,publisher_A,https://doi.org/10.1021/acs.jchemed.9b00075,Functional materials
10.1039/c4ce00181h,publisher_R,https://doi.org/10.1039/c4ce00181h,Crystal engineering
10.1039/d4dt00986j,publisher_R,https://doi.org/10.1039/d4dt00986j,Functional materials
10.1021/acsami.8b05192,publisher_A,https://doi.org/10.1021/acsami.8b05192,Functional materials
10.1021/acs.inorgchem.1c00053,publisher_A,https://doi.org/10.1021/acs.inorgchem.1c00053,Functional materials
10.1002/ejic.201200106,publisher_W,https://doi.org/10.1002/ejic.201200106,Crystal engineering
10.1021/ja4050828,publisher_A,https://doi.org/10.1021/ja4050828,Chemical synthesis
10.1039/c2ce25906k,publisher_R,https://doi.org/10.1039/c2ce25906k,Crystal engineering
10.1002/ejic.201600681,publisher_W,https://doi.org/10.1002/ejic.201600681,Crystal engineering
10.1021/cg700822y,publisher_A,https://doi.org/10.1021/cg700822y,Functional materials
10.1039/c3ce41000e,publisher_R,https://doi.org/10.1039/c3ce41000e,Crystal engineering
10.1002/ejoc.201700990,publisher_W,https://doi.org/10.1002/ejoc.201700990,Functional materials
10.1039/d2ce01146h,publisher_R,https://doi.org/10.1039/d2ce01146h,Functional materials
10.1039/b708104a,publisher_R,https://doi.org/10.1039/b708104a,Crystal engineering
10.1039/c5sc00614g,publisher_R,https://doi.org/10.1039/c5sc00614g,Chemical synthesis
10.1002/adma.202308427,publisher_W,https://doi.org/10.1002/adma.202308427,Crystal engineering
10.1021/acsami.5b11760,publisher_A,https://doi.org/10.1021/acsami.5b11760,Functional materials
10.1002/chem.201703126,publisher_W,https://doi.org/10.1002/chem.201703126,Crystal engineering
10.1021/acs.cgd.8b01199,publisher_A,https://doi.org/10.1021/acs.cgd.8b01199,Crystal engineering
10.1039/d2ra03131k,publisher_R,https://doi.org/10.1039/d2ra03131k,Crystal engineering
10.1039/d4sc04105d,publisher_R,https://doi.org/10.1039/d4sc04105d,Functional materials
10.1002/adfm.201600827,publisher_W,https://doi.org/10.1002/adfm.201600827,Functional materials
10.1002/adfm.202509095,publisher_W,https://doi.org/10.1002/adfm.202509095,Functional materials
10.1039/c9sc03080h,publisher_R,https://doi.org/10.1039/c9sc03080h,Chemical synthesis
10.1039/d4qi01368a,publisher_R,https://doi.org/10.1039/d4qi01368a,Chemical synthesis
10.1021/acsmaterialslett.3c00861,publisher_A,https://doi.org/10.1021/acsmaterialslett.3c00861,Functional materials
10.1021/acs.inorgchem.6b00296,publisher_A,https://doi.org/10.1021/acs.inorgchem.6b00296,Functional materials
10.1039/d0nj00476f,publisher_R,https://doi.org/10.1039/d0nj00476f,Crystal engineering
10.1002/chem.202303401,publisher_W,https://doi.org/10.1002/chem.202303401,Functional materials
10.1021/acs.analchem.9b04598,publisher_A,https://doi.org/10.1021/acs.analchem.9b04598,Functional materials
10.1039/c6dt01282e,publisher_R,https://doi.org/10.1039/c6dt01282e,Chemical synthesis
10.1021/ja500330a,publisher_A,https://doi.org/10.1021/ja500330a,Functional materials
10.1039/c8cc07709f,publisher_R,https://doi.org/10.1039/c8cc07709f,Chemical synthesis
10.1039/c5dt03955j,publisher_R,https://doi.org/10.1039/c5dt03955j,Functional materials
10.1002/jccs.201900170,publisher_W,https://doi.org/10.1002/jccs.201900170,Functional materials
10.1039/c6dt03632e,publisher_R,https://doi.org/10.1039/c6dt03632e,Functional materials
10.1021/jacs.1c11836,publisher_A,https://doi.org/10.1021/jacs.1c11836,Crystal engineering
10.1039/d3ta01574b,publisher_R,https://doi.org/10.1039/d3ta01574b,Crystal engineering
10.1039/c6cc06287c,publisher_R,https://doi.org/10.1039/c6cc06287c,Chemical synthesis
10.1021/acssuschemeng.8b03765,publisher_A,https://doi.org/10.1021/acssuschemeng.8b03765,Functional materials
10.1039/d3dt00380a,publisher_R,https://doi.org/10.1039/d3dt00380a,Functional materials
10.1002/zaac.202000063,publisher_W,https://doi.org/10.1002/zaac.202000063,Functional materials
10.1021/acsmaterialslett.0c00264,publisher_A,https://doi.org/10.1021/acsmaterialslett.0c00264,Functional materials
10.1039/c5ra04033g,publisher_R,https://doi.org/10.1039/c5ra04033g,Crystal engineering
10.1002/anie.202217864,publisher_W,https://doi.org/10.1002/anie.202217864,Functional materials
10.1021/acs.inorgchem.2c04483,publisher_A,https://doi.org/10.1021/acs.inorgchem.2c04483,Functional materials
10.1002/adma.202403328,publisher_W,https://doi.org/10.1002/adma.202403328,Functional materials
10.1021/acs.cgd.1c00606,publisher_A,https://doi.org/10.1021/acs.cgd.1c00606,Chemical synthesis
10.1021/acsami.9b16834,publisher_A,https://doi.org/10.1021/acsami.9b16834,Functional materials
10.1021/acsami.8b08562,publisher_A,https://doi.org/10.1021/acsami.8b08562,Crystal engineering
10.1021/acssuschemeng.1c07977,publisher_A,https://doi.org/10.1021/acssuschemeng.1c07977,Functional materials
10.1002/anie.201308589,publisher_W,https://doi.org/10.1002/anie.201308589,Chemical synthesis
10.1021/acsami.4c16851,publisher_A,https://doi.org/10.1021/acsami.4c16851,Functional materials
10.1002/adma.202211302,publisher_W,https://doi.org/10.1002/adma.202211302,Functional materials
10.1021/acs.cgd.9b00824,publisher_A,https://doi.org/10.1021/acs.cgd.9b00824,Functional materials
10.1039/c3ce41095a,publisher_R,https://doi.org/10.1039/c3ce41095a,Crystal engineering
10.1039/d2me00163b,publisher_R,https://doi.org/10.1039/d2me00163b,Chemical synthesis
10.1039/b817563b,publisher_R,https://doi.org/10.1039/b817563b,Functional materials
10.1021/jacs.6b11197,publisher_A,https://doi.org/10.1021/jacs.6b11197,Crystal engineering
10.1021/acsanm.0c01513,publisher_A,https://doi.org/10.1021/acsanm.0c01513,Crystal engineering
10.1002/anie.202207467,publisher_W,https://doi.org/10.1002/anie.202207467,Crystal engineering
10.1021/cg901571m,publisher_A,https://doi.org/10.1021/cg901571m,Crystal engineering
10.1021/acsanm.0c01566,publisher_A,https://doi.org/10.1021/acsanm.0c01566,Functional materials
10.1039/c3dt52992d,publisher_R,https://doi.org/10.1039/c3dt52992d,Crystal engineering
10.1021/acsanm.8b01027,publisher_A,https://doi.org/10.1021/acsanm.8b01027,Functional materials
10.1002/aoc.6319,publisher_W,https://doi.org/10.1002/aoc.6319,Functional materials
10.1021/acs.cgd.5c00081,publisher_A,https://doi.org/10.1021/acs.cgd.5c00081,Functional materials
10.1021/ja905009e,publisher_A,https://doi.org/10.1021/ja905009e,Crystal engineering
10.1039/c004234j,publisher_R,https://doi.org/10.1039/c004234j,Crystal engineering
10.1039/d1cc00864a,publisher_R,https://doi.org/10.1039/d1cc00864a,Chemical synthesis
10.1021/acs.langmuir.3c03193,publisher_A,https://doi.org/10.1021/acs.langmuir.3c03193,Functional materials
10.1021/acs.chemmater.6b01087,publisher_A,https://doi.org/10.1021/acs.chemmater.6b01087,Crystal engineering
10.1002/ejic.202400504,publisher_W,https://doi.org/10.1002/ejic.202400504,Functional materials
10.1021/acsanm.1c01499,publisher_A,https://doi.org/10.1021/acsanm.1c01499,Chemical synthesis
10.1002/cplu.202000175,publisher_W,https://doi.org/10.1002/cplu.202000175,Crystal engineering
10.1039/c0ce00963f,publisher_R,https://doi.org/10.1039/c0ce00963f,Crystal engineering
10.1021/cg101453m,publisher_A,https://doi.org/10.1021/cg101453m,Crystal engineering
10.1002/ejic.201402094,publisher_W,https://doi.org/10.1002/ejic.201402094,Crystal engineering
10.1007/s11581-024-05414-7,publisher_S,https://doi.org/10.1007/s11581-024-05414-7,Functional materials
10.1021/cg1015109,publisher_A,https://doi.org/10.1021/cg1015109,Crystal engineering
10.1039/d1ra02938j,publisher_R,https://doi.org/10.1039/d1ra02938j,Functional materials
10.1002/zaac.201400102,publisher_W,https://doi.org/10.1002/zaac.201400102,Crystal engineering
10.1021/acs.inorgchem.7b02235,publisher_A,https://doi.org/10.1021/acs.inorgchem.7b02235,Functional materials
10.1002/ejic.201600902,publisher_W,https://doi.org/10.1002/ejic.201600902,Functional materials
10.1039/b710209g,publisher_R,https://doi.org/10.1039/b710209g,Crystal engineering
10.1039/c2ce25482d,publisher_R,https://doi.org/10.1039/c2ce25482d,Crystal engineering
10.1039/c4ce00835a,publisher_R,https://doi.org/10.1039/c4ce00835a,Crystal engineering
10.1007/s11172-022-3380-y,publisher_S,https://doi.org/10.1007/s11172-022-3380-y,Crystal engineering
10.1039/c7dt03474a,publisher_R,https://doi.org/10.1039/c7dt03474a,Functional materials
10.1039/c8nj05647a,publisher_R,https://doi.org/10.1039/c8nj05647a,Functional materials
10.1039/c1jm14791a,publisher_R,https://doi.org/10.1039/c1jm14791a,Crystal engineering
10.1002/bkcs.12269,publisher_W,https://doi.org/10.1002/bkcs.12269,Functional materials
10.1039/c9dt00081j,publisher_R,https://doi.org/10.1039/c9dt00081j,Crystal engineering
10.1007/s10870-015-0578-y,publisher_S,https://doi.org/10.1007/s10870-015-0578-y,Chemical synthesis
10.1002/cctc.201402546,publisher_W,https://doi.org/10.1002/cctc.201402546,Functional materials
10.1021/acs.inorgchem.7b03063,publisher_A,https://doi.org/10.1021/acs.inorgchem.7b03063,Chemical synthesis
10.1021/acs.inorgchem.0c02297,publisher_A,https://doi.org/10.1021/acs.inorgchem.0c02297,Functional materials
10.1039/c9nj00900k,publisher_R,https://doi.org/10.1039/c9nj00900k,Functional materials
10.1021/acsanm.9b02297,publisher_A,https://doi.org/10.1021/acsanm.9b02297,Functional materials
10.1039/d3dt00389b,publisher_R,https://doi.org/10.1039/d3dt00389b,Functional materials
10.1021/cg100139p,publisher_A,https://doi.org/10.1021/cg100139p,Crystal engineering
10.1039/b806297h,publisher_R,https://doi.org/10.1039/b806297h,Crystal engineering
10.1039/d2ce00722c,publisher_R,https://doi.org/10.1039/d2ce00722c,Crystal engineering
10.1039/b803410a,publisher_R,https://doi.org/10.1039/b803410a,Crystal engineering
10.1039/c6tc05314a,publisher_R,https://doi.org/10.1039/c6tc05314a,Functional materials
10.1002/asia.202400501,publisher_W,https://doi.org/10.1002/asia.202400501,Functional materials
10.1021/cg901259e,publisher_A,https://doi.org/10.1021/cg901259e,Functional materials
10.1039/c6ra17518j,publisher_R,https://doi.org/10.1039/c6ra17518j,Functional materials
10.1021/cg900659r,publisher_A,https://doi.org/10.1021/cg900659r,Crystal engineering
10.1021/acs.inorgchem.3c03901,publisher_A,https://doi.org/10.1021/acs.inorgchem.3c03901,Functional materials
10.1021/cg4009703,publisher_A,https://doi.org/10.1021/cg4009703,Functional materials
10.1039/c6ra12410k,publisher_R,https://doi.org/10.1039/c6ra12410k,Functional materials
10.1021/acsomega.2c00416,publisher_A,https://doi.org/10.1021/acsomega.2c00416,Functional materials
10.1021/acsbiomaterials.7b00435,publisher_A,https://doi.org/10.1021/acsbiomaterials.7b00435,Functional materials
10.1021/cg301691d,publisher_A,https://doi.org/10.1021/cg301691d,Crystal engineering
10.1021/acsanm.0c03322,publisher_A,https://doi.org/10.1021/acsanm.0c03322,Functional materials
10.1002/ejic.201402891,publisher_W,https://doi.org/10.1002/ejic.201402891,Chemical synthesis
10.1021/acsami.8b18370,publisher_A,https://doi.org/10.1021/acsami.8b18370,Chemical synthesis
10.1002/cnma.202400302,publisher_W,https://doi.org/10.1002/cnma.202400302,Functional materials
10.1039/c8cy02235f,publisher_R,https://doi.org/10.1039/c8cy02235f,Functional materials
10.1007/s10853-018-2476-0,publisher_S,https://doi.org/10.1007/s10853-018-2476-0,Functional materials
10.1021/acsami.7b09608,publisher_A,https://doi.org/10.1021/acsami.7b09608,Functional materials
10.1039/c2dt30537b,publisher_R,https://doi.org/10.1039/c2dt30537b,Crystal engineering
10.1039/c4ta01231c,publisher_R,https://doi.org/10.1039/c4ta01231c,Functional materials
10.1016/j.inoche.2008.04.016,publisher_E,https://doi.org/10.1016/j.inoche.2008.04.016,Crystal engineering
10.1016/j.jssc.2017.07.031,publisher_E,https://doi.org/10.1016/j.jssc.2017.07.031,Crystal engineering
10.1016/j.micromeso.2015.04.023,publisher_E,https://doi.org/10.1016/j.micromeso.2015.04.023,Crystal engineering
10.1016/j.micromeso.2010.03.026,publisher_E,https://doi.org/10.1016/j.micromeso.2010.03.026,Crystal engineering
10.1016/j.cclet.2013.06.025,publisher_E,https://doi.org/10.1016/j.cclet.2013.06.025,Crystal engineering
10.1016/j.poly.2002.08.001,publisher_E,https://doi.org/10.1016/j.poly.2002.08.001,Crystal engineering
10.1016/j.jssc.2009.10.026,publisher_E,https://doi.org/10.1016/j.jssc.2009.10.026,Crystal engineering
10.1016/j.ica.2016.09.046,publisher_E,https://doi.org/10.1016/j.ica.2016.09.046,Functional materials
10.1016/j.jcou.2017.05.026,publisher_E,https://doi.org/10.1016/j.jcou.2017.05.026,Functional materials
10.1016/j.jcat.2015.10.026,publisher_E,https://doi.org/10.1016/j.jcat.2015.10.026,Functional materials
10.1016/j.molstruc.2006.03.099,publisher_E,https://doi.org/10.1016/j.molstruc.2006.03.099,Chemical synthesis
10.1016/j.ica.2012.02.014,publisher_E,https://doi.org/10.1016/j.ica.2012.02.014,Crystal engineering
10.1016/j.jssc.2019.01.013,publisher_E,https://doi.org/10.1016/j.jssc.2019.01.013,Crystal engineering
10.1016/j.ica.2024.121964,publisher_E,https://doi.org/10.1016/j.ica.2024.121964,Functional materials
10.1016/j.ica.2016.03.048,publisher_E,https://doi.org/10.1016/j.ica.2016.03.048,Crystal engineering
10.1016/j.poly.2022.115789,publisher_E,https://doi.org/10.1016/j.poly.2022.115789,Functional materials
10.1016/j.inoche.2005.10.032,publisher_E,https://doi.org/10.1016/j.inoche.2005.10.032,Crystal engineering
10.1016/j.ica.2011.06.016,publisher_E,https://doi.org/10.1016/j.ica.2011.06.016,Crystal engineering
10.1016/j.jssc.2021.122702,publisher_E,https://doi.org/10.1016/j.jssc.2021.122702,Crystal engineering
10.1016/j.inoche.2010.01.001,publisher_E,https://doi.org/10.1016/j.inoche.2010.01.001,Crystal engineering
10.1016/j.jssc.2017.04.026,publisher_E,https://doi.org/10.1016/j.jssc.2017.04.026,Functional materials
10.1016/j.synthmet.2011.11.035,publisher_E,https://doi.org/10.1016/j.synthmet.2011.11.035,Crystal engineering
10.1016/j.inoche.2010.05.007,publisher_E,https://doi.org/10.1016/j.inoche.2010.05.007,Crystal engineering
10.1016/j.inoche.2014.08.027,publisher_E,https://doi.org/10.1016/j.inoche.2014.08.027,Crystal engineering
10.1016/j.ica.2006.10.023,publisher_E,https://doi.org/10.1016/j.ica.2006.10.023,Crystal engineering
10.1016/j.poly.2009.04.008,publisher_E,https://doi.org/10.1016/j.poly.2009.04.008,Crystal engineering
10.1016/j.jssc.2013.06.021,publisher_E,https://doi.org/10.1016/j.jssc.2013.06.021,Crystal engineering
10.1016/j.inoche.2017.01.003,publisher_E,https://doi.org/10.1016/j.inoche.2017.01.003,Crystal engineering
10.1016/j.inoche.2016.06.016,publisher_E,https://doi.org/10.1016/j.inoche.2016.06.016,Functional materials
10.1016/j.inoche.2011.08.027,publisher_E,https://doi.org/10.1016/j.inoche.2011.08.027,Crystal engineering
10.1016/j.poly.2018.07.048,publisher_E,https://doi.org/10.1016/j.poly.2018.07.048,Functional materials
10.1016/j.inoche.2015.11.018,publisher_E,https://doi.org/10.1016/j.inoche.2015.11.018,Crystal engineering
10.1016/j.inoche.2008.12.002,publisher_E,https://doi.org/10.1016/j.inoche.2008.12.002,Crystal engineering
10.1016/j.dyepig.2019.108159,publisher_E,https://doi.org/10.1016/j.dyepig.2019.108159,Functional materials
10.1016/j.molstruc.2009.09.030,publisher_E,https://doi.org/10.1016/j.molstruc.2009.09.030,Crystal engineering
10.1016/j.micromeso.2004.03.008,publisher_E,https://doi.org/10.1016/j.micromeso.2004.03.008,Crystal engineering
10.1016/j.molstruc.2016.03.075,publisher_E,https://doi.org/10.1016/j.molstruc.2016.03.075,Chemical synthesis
10.1016/j.inoche.2018.10.005,publisher_E,https://doi.org/10.1016/j.inoche.2018.10.005,Crystal engineering
10.1016/j.poly.2021.115571,publisher_E,https://doi.org/10.1016/j.poly.2021.115571,Functional materials
10.1016/j.inoche.2009.08.030,publisher_E,https://doi.org/10.1016/j.inoche.2009.08.030,Chemical synthesis
10.1016/j.inoche.2020.107887,publisher_E,https://doi.org/10.1016/j.inoche.2020.107887,Crystal engineering
10.1016/j.inoche.2014.03.018,publisher_E,https://doi.org/10.1016/j.inoche.2014.03.018,Crystal engineering
10.1016/j.inoche.2015.08.002,publisher_E,https://doi.org/10.1016/j.inoche.2015.08.002,Crystal engineering
10.1016/j.inoche.2012.10.005,publisher_E,https://doi.org/10.1016/j.inoche.2012.10.005,Crystal engineering
10.1016/j.inoche.2021.108584,publisher_E,https://doi.org/10.1016/j.inoche.2021.108584,Crystal engineering
10.1016/j.inoche.2018.04.019,publisher_E,https://doi.org/10.1016/j.inoche.2018.04.019,Crystal engineering
10.1016/j.ica.2013.11.014,publisher_E,https://doi.org/10.1016/j.ica.2013.11.014,Crystal engineering
10.1016/j.ica.2020.119791,publisher_E,https://doi.org/10.1016/j.ica.2020.119791,Functional materials
10.1016/j.inoche.2013.11.032,publisher_E,https://doi.org/10.1016/j.inoche.2013.11.032,Chemical synthesis
10.1016/j.inoche.2010.03.010,publisher_E,https://doi.org/10.1016/j.inoche.2010.03.010,Chemical synthesis
10.1016/j.jssc.2017.09.001,publisher_E,https://doi.org/10.1016/j.jssc.2017.09.001,Crystal engineering
10.1016/j.inoche.2015.06.004,publisher_E,https://doi.org/10.1016/j.inoche.2015.06.004,Crystal engineering
10.1016/j.inoche.2008.12.012,publisher_E,https://doi.org/10.1016/j.inoche.2008.12.012,Functional materials
10.1016/j.inoche.2015.03.028,publisher_E,https://doi.org/10.1016/j.inoche.2015.03.028,Functional materials
10.1016/j.inoche.2010.07.010,publisher_E,https://doi.org/10.1016/j.inoche.2010.07.010,Functional materials
10.1016/j.jssc.2009.08.024,publisher_E,https://doi.org/10.1016/j.jssc.2009.08.024,Chemical synthesis
10.1016/j.jssc.2008.11.031,publisher_E,https://doi.org/10.1016/j.jssc.2008.11.031,Crystal engineering
10.1016/j.ica.2019.04.020,publisher_E,https://doi.org/10.1016/j.ica.2019.04.020,Functional materials
10.1016/j.ica.2018.07.030,publisher_E,https://doi.org/10.1016/j.ica.2018.07.030,Functional materials
10.1016/j.inoche.2009.12.008,publisher_E,https://doi.org/10.1016/j.inoche.2009.12.008,Chemical synthesis
10.1016/j.inoche.2011.07.020,publisher_E,https://doi.org/10.1016/j.inoche.2011.07.020,Chemical synthesis
10.1016/j.ica.2004.10.033,publisher_E,https://doi.org/10.1016/j.ica.2004.10.033,Crystal engineering
10.1016/j.inoche.2010.12.001,publisher_E,https://doi.org/10.1016/j.inoche.2010.12.001,Crystal engineering
10.1016/j.jssc.2020.121493,publisher_E,https://doi.org/10.1016/j.jssc.2020.121493,Functional materials
10.1016/j.susmat.2023.e00689,publisher_E,https://doi.org/10.1016/j.susmat.2023.e00689,Functional materials
10.1016/j.inoche.2012.02.014,publisher_E,https://doi.org/10.1016/j.inoche.2012.02.014,Crystal engineering
10.1016/j.cclet.2017.10.003,publisher_E,https://doi.org/10.1016/j.cclet.2017.10.003,Functional materials
10.1016/j.jssc.2025.125211,publisher_E,https://doi.org/10.1016/j.jssc.2025.125211,Functional materials
10.1016/j.inoche.2010.04.026,publisher_E,https://doi.org/10.1016/j.inoche.2010.04.026,Crystal engineering
10.1016/j.cjsc.2023.100125,publisher_E,https://doi.org/10.1016/j.cjsc.2023.100125,Chemical synthesis
10.1016/j.inoche.2009.09.031,publisher_E,https://doi.org/10.1016/j.inoche.2009.09.031,Crystal engineering
10.1016/j.inoche.2014.06.016,publisher_E,https://doi.org/10.1016/j.inoche.2014.06.016,Crystal engineering
10.1016/j.solidstatesciences.2019.03.022,publisher_E,https://doi.org/10.1016/j.solidstatesciences.2019.03.022,Crystal engineering
10.1016/j.inoche.2018.03.024,publisher_E,https://doi.org/10.1016/j.inoche.2018.03.024,Functional materials
10.1016/j.micromeso.2014.03.006,publisher_E,https://doi.org/10.1016/j.micromeso.2014.03.006,Chemical synthesis
10.1016/j.molstruc.2022.133799,publisher_E,https://doi.org/10.1016/j.molstruc.2022.133799,Functional materials
10.1016/j.jcou.2020.101177,publisher_E,https://doi.org/10.1016/j.jcou.2020.101177,Functional materials
10.1016/j.microc.2022.107618,publisher_E,https://doi.org/10.1016/j.microc.2022.107618,Functional materials
10.1016/j.dyepig.2022.110648,publisher_E,https://doi.org/10.1016/j.dyepig.2022.110648,Functional materials
10.1016/j.inoche.2019.03.036,publisher_E,https://doi.org/10.1016/j.inoche.2019.03.036,Functional materials
10.1016/j.jssc.2018.01.009,publisher_E,https://doi.org/10.1016/j.jssc.2018.01.009,Functional materials
10.1016/j.solidstatesciences.2020.106292,publisher_E,https://doi.org/10.1016/j.solidstatesciences.2020.106292,Functional materials
10.1016/j.snb.2018.05.118,publisher_E,https://doi.org/10.1016/j.snb.2018.05.118,Functional materials
10.1016/j.micromeso.2019.109723,publisher_E,https://doi.org/10.1016/j.micromeso.2019.109723,Functional materials
10.1016/j.jcis.2015.09.015,publisher_E,https://doi.org/10.1016/j.jcis.2015.09.015,Functional materials
10.1016/j.ica.2016.09.044,publisher_E,https://doi.org/10.1016/j.ica.2016.09.044,Crystal engineering
10.1016/j.ica.2011.02.083,publisher_E,https://doi.org/10.1016/j.ica.2011.02.083,Crystal engineering
10.1016/j.coco.2019.12.008,publisher_E,https://doi.org/10.1016/j.coco.2019.12.008,Functional materials
10.1016/j.micromeso.2019.04.057,publisher_E,https://doi.org/10.1016/j.micromeso.2019.04.057,Functional materials
10.1016/j.jiec.2018.11.040,publisher_E,https://doi.org/10.1016/j.jiec.2018.11.040,Chemical synthesis
10.1016/j.jorganchem.2024.123169,publisher_E,https://doi.org/10.1016/j.jorganchem.2024.123169,Functional materials
10.1016/j.micromeso.2023.112592,publisher_E,https://doi.org/10.1016/j.micromeso.2023.112592,Functional materials
10.1016/j.jssc.2017.12.033,publisher_E,https://doi.org/10.1016/j.jssc.2017.12.033,Functional materials
10.1016/j.dyepig.2021.109809,publisher_E,https://doi.org/10.1016/j.dyepig.2021.109809,Functional materials
10.1016/j.inoche.2011.08.016,publisher_E,https://doi.org/10.1016/j.inoche.2011.08.016,Crystal engineering
10.1016/j.poly.2016.06.039,publisher_E,https://doi.org/10.1016/j.poly.2016.06.039,Functional materials
10.1016/j.molstruc.2004.10.063,publisher_E,https://doi.org/10.1016/j.molstruc.2004.10.063,Crystal engineering
10.1016/j.inoche.2010.09.024,publisher_E,https://doi.org/10.1016/j.inoche.2010.09.024,Functional materials
10.1016/j.jssc.2014.10.002,publisher_E,https://doi.org/10.1016/j.jssc.2014.10.002,Crystal engineering
10.1016/j.ica.2022.121125,publisher_E,https://doi.org/10.1016/j.ica.2022.121125,Functional materials
10.1016/j.jorganchem.2023.122922,publisher_E,https://doi.org/10.1016/j.jorganchem.2023.122922,Functional materials
10.1016/j.cclet.2019.04.030,publisher_E,https://doi.org/10.1016/j.cclet.2019.04.030,Functional materials
10.1016/j.molstruc.2023.136226,publisher_E,https://doi.org/10.1016/j.molstruc.2023.136226,Crystal engineering
10.1016/j.inoche.2018.09.029,publisher_E,https://doi.org/10.1016/j.inoche.2018.09.029,Functional materials
10.1016/j.talanta.2018.01.024,publisher_E,https://doi.org/10.1016/j.talanta.2018.01.024,Functional materials
10.1016/j.matlet.2016.05.057,publisher_E,https://doi.org/10.1016/j.matlet.2016.05.057,Crystal engineering
10.1016/j.jcat.2020.04.013,publisher_E,https://doi.org/10.1016/j.jcat.2020.04.013,Functional materials
10.14102/j.cnki.0254-5861.2011-2852,publisher_E,https://doi.org/10.14102/j.cnki.0254-5861.2011-2852,Crystal engineering
10.1016/j.inoche.2008.06.027,publisher_E,https://doi.org/10.1016/j.inoche.2008.06.027,Crystal engineering
10.1016/j.inoche.2011.06.009,publisher_E,https://doi.org/10.1016/j.inoche.2011.06.009,Crystal engineering
10.1016/j.ica.2019.119035,publisher_E,https://doi.org/10.1016/j.ica.2019.119035,Crystal engineering
10.1016/j.mcat.2018.10.003,publisher_E,https://doi.org/10.1016/j.mcat.2018.10.003,Chemical synthesis
10.1016/j.inoche.2019.01.009,publisher_E,https://doi.org/10.1016/j.inoche.2019.01.009,Functional materials
10.1016/j.poly.2019.114216,publisher_E,https://doi.org/10.1016/j.poly.2019.114216,Functional materials
10.1016/j.inoche.2023.111679,publisher_E,https://doi.org/10.1016/j.inoche.2023.111679,Functional materials
10.1016/j.microc.2023.109182,publisher_E,https://doi.org/10.1016/j.microc.2023.109182,Functional materials
10.1016/j.inoche.2008.02.018,publisher_E,https://doi.org/10.1016/j.inoche.2008.02.018,Crystal engineering
10.1016/j.jssc.2017.07.027,publisher_E,https://doi.org/10.1016/j.jssc.2017.07.027,Functional materials
10.1016/j.inoche.2009.03.002,publisher_E,https://doi.org/10.1016/j.inoche.2009.03.002,Crystal engineering
10.1016/j.ica.2024.122132,publisher_E,https://doi.org/10.1016/j.ica.2024.122132,Crystal engineering
10.1016/j.jssc.2019.120929,publisher_E,https://doi.org/10.1016/j.jssc.2019.120929,Functional materials
10.1016/j.jssc.2014.01.018,publisher_E,https://doi.org/10.1016/j.jssc.2014.01.018,Functional materials
10.1016/j.inoche.2014.08.012,publisher_E,https://doi.org/10.1016/j.inoche.2014.08.012,Crystal engineering
10.1016/j.inoche.2012.05.042,publisher_E,https://doi.org/10.1016/j.inoche.2012.05.042,Crystal engineering
10.1016/j.inoche.2018.07.020,publisher_E,https://doi.org/10.1016/j.inoche.2018.07.020,Functional materials
10.1016/j.jssc.2022.123651,publisher_E,https://doi.org/10.1016/j.jssc.2022.123651,Crystal engineering
10.1016/j.inoche.2011.02.020,publisher_E,https://doi.org/10.1016/j.inoche.2011.02.020,Crystal engineering
10.1016/j.inoche.2012.10.040,publisher_E,https://doi.org/10.1016/j.inoche.2012.10.040,Crystal engineering
10.1016/j.inoche.2015.02.022,publisher_E,https://doi.org/10.1016/j.inoche.2015.02.022,Crystal engineering
10.1016/j.poly.2017.03.063,publisher_E,https://doi.org/10.1016/j.poly.2017.03.063,Crystal engineering
10.1016/j.inoche.2015.10.024,publisher_E,https://doi.org/10.1016/j.inoche.2015.10.024,Crystal engineering
10.1016/j.inoche.2023.111108,publisher_E,https://doi.org/10.1016/j.inoche.2023.111108,Functional materials
10.1016/j.inoche.2016.05.005,publisher_E,https://doi.org/10.1016/j.inoche.2016.05.005,Functional materials
10.1016/j.inoche.2014.02.046,publisher_E,https://doi.org/10.1016/j.inoche.2014.02.046,Crystal engineering
10.1016/j.micromeso.2011.05.029,publisher_E,https://doi.org/10.1016/j.micromeso.2011.05.029,Chemical synthesis
10.1016/j.poly.2018.06.005,publisher_E,https://doi.org/10.1016/j.poly.2018.06.005,Crystal engineering
10.1016/j.ica.2007.06.005,publisher_E,https://doi.org/10.1016/j.ica.2007.06.005,Crystal engineering
10.1016/j.molstruc.2024.137504,publisher_E,https://doi.org/10.1016/j.molstruc.2024.137504,Functional materials
10.1016/j.molstruc.2021.130422,publisher_E,https://doi.org/10.1016/j.molstruc.2021.130422,Functional materials
10.1016/j.inoche.2011.11.018,publisher_E,https://doi.org/10.1016/j.inoche.2011.11.018,Crystal engineering
10.1016/j.cclet.2024.109985,publisher_E,https://doi.org/10.1016/j.cclet.2024.109985,Functional materials
10.1016/j.inoche.2013.04.019,publisher_E,https://doi.org/10.1016/j.inoche.2013.04.019,Crystal engineering
10.1016/j.ica.2011.04.006,publisher_E,https://doi.org/10.1016/j.ica.2011.04.006,Crystal engineering
10.1016/j.materresbull.2006.01.022,publisher_E,https://doi.org/10.1016/j.materresbull.2006.01.022,Crystal engineering
10.1016/j.inoche.2005.09.033,publisher_E,https://doi.org/10.1016/j.inoche.2005.09.033,Functional materials
10.1016/j.poly.2014.06.018,publisher_E,https://doi.org/10.1016/j.poly.2014.06.018,Crystal engineering
10.1016/j.molstruc.2019.02.046,publisher_E,https://doi.org/10.1016/j.molstruc.2019.02.046,Crystal engineering
10.1016/j.cplett.2021.138469,publisher_E,https://doi.org/10.1016/j.cplett.2021.138469,Crystal engineering
10.1016/j.inoche.2011.12.041,publisher_E,https://doi.org/10.1016/j.inoche.2011.12.041,Crystal engineering
10.1016/j.inoche.2012.03.017,publisher_E,https://doi.org/10.1016/j.inoche.2012.03.017,Crystal engineering
10.1016/j.jphotochem.2023.115263,publisher_E,https://doi.org/10.1016/j.jphotochem.2023.115263,Functional materials
10.1016/j.ica.2024.121978,publisher_E,https://doi.org/10.1016/j.ica.2024.121978,Chemical synthesis
10.1016/j.ica.2004.05.016,publisher_E,https://doi.org/10.1016/j.ica.2004.05.016,Crystal engineering
10.1016/j.fuproc.2022.107250,publisher_E,https://doi.org/10.1016/j.fuproc.2022.107250,Functional materials
10.1016/j.inoche.2011.03.050,publisher_E,https://doi.org/10.1016/j.inoche.2011.03.050,Crystal engineering
10.1016/j.inoche.2014.03.026,publisher_E,https://doi.org/10.1016/j.inoche.2014.03.026,Crystal engineering
10.1016/j.ica.2019.118967,publisher_E,https://doi.org/10.1016/j.ica.2019.118967,Crystal engineering
10.1016/j.inoche.2016.04.029,publisher_E,https://doi.org/10.1016/j.inoche.2016.04.029,Functional materials
10.1016/j.molstruc.2014.03.027,publisher_E,https://doi.org/10.1016/j.molstruc.2014.03.027,Crystal engineering
10.1016/j.inoche.2010.06.046,publisher_E,https://doi.org/10.1016/j.inoche.2010.06.046,Crystal engineering
10.1016/j.inoche.2015.04.011,publisher_E,https://doi.org/10.1016/j.inoche.2015.04.011,Functional materials
10.1016/j.jcis.2021.05.136,publisher_E,https://doi.org/10.1016/j.jcis.2021.05.136,Functional materials
10.1016/j.inoche.2009.12.029,publisher_E,https://doi.org/10.1016/j.inoche.2009.12.029,Crystal engineering
10.1016/j.inoche.2011.09.010,publisher_E,https://doi.org/10.1016/j.inoche.2011.09.010,Crystal engineering
10.1016/j.jcis.2017.11.034,publisher_E,https://doi.org/10.1016/j.jcis.2017.11.034,Functional materials
10.1016/j.molstruc.2005.05.041,publisher_E,https://doi.org/10.1016/j.molstruc.2005.05.041,Crystal engineering
10.1016/j.jssc.2023.124066,publisher_E,https://doi.org/10.1016/j.jssc.2023.124066,Functional materials
10.1016/j.inoche.2010.09.046,publisher_E,https://doi.org/10.1016/j.inoche.2010.09.046,Crystal engineering
10.1016/j.molstruc.2017.06.072,publisher_E,https://doi.org/10.1016/j.molstruc.2017.06.072,Crystal engineering
10.1016/j.solidstatesciences.2004.03.032,publisher_E,https://doi.org/10.1016/j.solidstatesciences.2004.03.032,Functional materials
10.1016/j.jssc.2013.03.043,publisher_E,https://doi.org/10.1016/j.jssc.2013.03.043,Crystal engineering
10.1016/j.catcom.2021.106367,publisher_E,https://doi.org/10.1016/j.catcom.2021.106367,Functional materials
10.1016/j.micromeso.2019.06.003,publisher_E,https://doi.org/10.1016/j.micromeso.2019.06.003,Crystal engineering
10.1016/j.molstruc.2006.08.025,publisher_E,https://doi.org/10.1016/j.molstruc.2006.08.025,Crystal engineering
10.1016/j.inoche.2012.10.031,publisher_E,https://doi.org/10.1016/j.inoche.2012.10.031,Crystal engineering
10.1016/j.inoche.2012.12.027,publisher_E,https://doi.org/10.1016/j.inoche.2012.12.027,Crystal engineering
10.1016/j.inoche.2013.07.008,publisher_E,https://doi.org/10.1016/j.inoche.2013.07.008,Crystal engineering
10.1016/j.inoche.2017.11.007,publisher_E,https://doi.org/10.1016/j.inoche.2017.11.007,Crystal engineering
10.1016/j.inoche.2015.12.009,publisher_E,https://doi.org/10.1016/j.inoche.2015.12.009,Functional materials
10.1016/j.poly.2012.07.013,publisher_E,https://doi.org/10.1016/j.poly.2012.07.013,Crystal engineering
10.1016/j.inoche.2012.03.038,publisher_E,https://doi.org/10.1016/j.inoche.2012.03.038,Crystal engineering
10.1016/j.jssc.2016.08.001,publisher_E,https://doi.org/10.1016/j.jssc.2016.08.001,Functional materials
10.1016/j.inoche.2019.05.008,publisher_E,https://doi.org/10.1016/j.inoche.2019.05.008,Crystal engineering
10.1016/j.molstruc.2019.05.070,publisher_E,https://doi.org/10.1016/j.molstruc.2019.05.070,Functional materials
10.1016/j.inoche.2011.03.005,publisher_E,https://doi.org/10.1016/j.inoche.2011.03.005,Crystal engineering
10.1016/j.molstruc.2014.04.047,publisher_E,https://doi.org/10.1016/j.molstruc.2014.04.047,Crystal engineering
10.1016/j.inoche.2012.04.026,publisher_E,https://doi.org/10.1016/j.inoche.2012.04.026,Crystal engineering
10.1016/j.inoche.2006.01.004,publisher_E,https://doi.org/10.1016/j.inoche.2006.01.004,Crystal engineering
10.1016/j.inoche.2014.01.012,publisher_E,https://doi.org/10.1016/j.inoche.2014.01.012,Crystal engineering
10.1016/j.inoche.2006.07.021,publisher_E,https://doi.org/10.1016/j.inoche.2006.07.021,Crystal engineering
10.1016/j.inoche.2008.05.010,publisher_E,https://doi.org/10.1016/j.inoche.2008.05.010,Functional materials
10.1016/j.inoche.2011.12.017,publisher_E,https://doi.org/10.1016/j.inoche.2011.12.017,Chemical synthesis
10.1016/j.molstruc.2024.137703,publisher_E,https://doi.org/10.1016/j.molstruc.2024.137703,Functional materials
10.1016/j.jssc.2010.03.034,publisher_E,https://doi.org/10.1016/j.jssc.2010.03.034,Crystal engineering
10.1016/j.ica.2013.07.013,publisher_E,https://doi.org/10.1016/j.ica.2013.07.013,Crystal engineering
10.1016/j.molstruc.2022.133314,publisher_E,https://doi.org/10.1016/j.molstruc.2022.133314,Functional materials
10.1016/j.inoche.2018.06.003,publisher_E,https://doi.org/10.1016/j.inoche.2018.06.003,Crystal engineering
10.1016/j.ica.2018.11.028,publisher_E,https://doi.org/10.1016/j.ica.2018.11.028,Functional materials
10.1016/j.molstruc.2016.08.013,publisher_E,https://doi.org/10.1016/j.molstruc.2016.08.013,Crystal engineering
10.1016/j.solidstatesciences.2008.10.007,publisher_E,https://doi.org/10.1016/j.solidstatesciences.2008.10.007,Functional materials
10.1016/j.micromeso.2010.11.017,publisher_E,https://doi.org/10.1016/j.micromeso.2010.11.017,Functional materials
10.1016/j.aca.2021.339247,publisher_E,https://doi.org/10.1016/j.aca.2021.339247,Chemical synthesis
10.1016/j.snb.2021.130402,publisher_E,https://doi.org/10.1016/j.snb.2021.130402,Functional materials
10.1016/j.poly.2018.07.001,publisher_E,https://doi.org/10.1016/j.poly.2018.07.001,Functional materials
10.1016/j.inoche.2013.11.016,publisher_E,https://doi.org/10.1016/j.inoche.2013.11.016,Crystal engineering
10.1016/j.jssc.2018.02.012,publisher_E,https://doi.org/10.1016/j.jssc.2018.02.012,Functional materials
10.1016/j.aca.2024.342961,publisher_E,https://doi.org/10.1016/j.aca.2024.342961,Functional materials
10.1016/j.inoche.2012.09.005,publisher_E,https://doi.org/10.1016/j.inoche.2012.09.005,Crystal engineering
10.1016/j.ica.2014.02.001,publisher_E,https://doi.org/10.1016/j.ica.2014.02.001,Crystal engineering
10.1016/j.poly.2019.04.020,publisher_E,https://doi.org/10.1016/j.poly.2019.04.020,Functional materials
10.1016/j.inoche.2003.10.022,publisher_E,https://doi.org/10.1016/j.inoche.2003.10.022,Crystal engineering
10.1016/j.jssc.2017.05.041,publisher_E,https://doi.org/10.1016/j.jssc.2017.05.041,Functional materials
10.1016/j.poly.2023.116493,publisher_E,https://doi.org/10.1016/j.poly.2023.116493,Chemical synthesis
10.1016/j.inoche.2018.07.017,publisher_E,https://doi.org/10.1016/j.inoche.2018.07.017,Crystal engineering
10.1016/j.inoche.2008.07.018,publisher_E,https://doi.org/10.1016/j.inoche.2008.07.018,Crystal engineering
10.1016/j.inoche.2018.12.024,publisher_E,https://doi.org/10.1016/j.inoche.2018.12.024,Functional materials
10.1016/j.inoche.2011.03.053,publisher_E,https://doi.org/10.1016/j.inoche.2011.03.053,Functional materials
10.1016/j.inoche.2012.02.034,publisher_E,https://doi.org/10.1016/j.inoche.2012.02.034,Crystal engineering
10.1016/j.inoche.2013.04.033,publisher_E,https://doi.org/10.1016/j.inoche.2013.04.033,Functional materials
10.1016/j.inoche2014.09.033,publisher_E,https://doi.org/10.1016/j.inoche2014.09.033,Functional materials
10.1016/j.jssc.2015.07.008,publisher_E,https://doi.org/10.1016/j.jssc.2015.07.008,Crystal engineering
10.1016/j.micromeso.2023.112595,publisher_E,https://doi.org/10.1016/j.micromeso.2023.112595,Functional materials
10.1016/j.jre.2019.09.001,publisher_E,https://doi.org/10.1016/j.jre.2019.09.001,Functional materials
10.1016/j.inoche.2010.01.016,publisher_E,https://doi.org/10.1016/j.inoche.2010.01.016,Crystal engineering
10.1016/j.inoche.2008.11.008,publisher_E,https://doi.org/10.1016/j.inoche.2008.11.008,Crystal engineering
10.1016/j.inoche.2014.12.007,publisher_E,https://doi.org/10.1016/j.inoche.2014.12.007,Crystal engineering
10.1016/j.inoche.2004.02.006,publisher_E,https://doi.org/10.1016/j.inoche.2004.02.006,Crystal engineering
10.1016/j.ica.2004.03.019,publisher_E,https://doi.org/10.1016/j.ica.2004.03.019,Functional materials
10.1016/j.poly.2013.05.030,publisher_E,https://doi.org/10.1016/j.poly.2013.05.030,Crystal engineering
10.1016/j.inoche.2017.12.015,publisher_E,https://doi.org/10.1016/j.inoche.2017.12.015,Functional materials
10.1016/j.molstruc.2024.139724,publisher_E,https://doi.org/10.1016/j.molstruc.2024.139724,Functional materials
10.1016/j.poly.2016.08.005,publisher_E,https://doi.org/10.1016/j.poly.2016.08.005,Crystal engineering
10.1016/j.jssc.2016.06.001,publisher_E,https://doi.org/10.1016/j.jssc.2016.06.001,Crystal engineering
10.1016/j.molstruc.2013.11.041,publisher_E,https://doi.org/10.1016/j.molstruc.2013.11.041,Crystal engineering
10.1016/j.ica.2014.12.010,publisher_E,https://doi.org/10.1016/j.ica.2014.12.010,Theory & modeling
10.1016/j.matlet.2020.129261,publisher_E,https://doi.org/10.1016/j.matlet.2020.129261,Crystal engineering
10.1016/j.molstruc.2017.02.004,publisher_E,https://doi.org/10.1016/j.molstruc.2017.02.004,Functional materials
10.1016/j.molstruc.2017.04.068,publisher_E,https://doi.org/10.1016/j.molstruc.2017.04.068,Functional materials
10.1016/j.cattod.2006.09.003,publisher_E,https://doi.org/10.1016/j.cattod.2006.09.003,Functional materials
10.1016/j.poly.2024.117361,publisher_E,https://doi.org/10.1016/j.poly.2024.117361,Functional materials
10.1016/j.molstruc.2009.05.027,publisher_E,https://doi.org/10.1016/j.molstruc.2009.05.027,Crystal engineering
10.1016/j.matlet.2014.11.127,publisher_E,https://doi.org/10.1016/j.matlet.2014.11.127,Crystal engineering
10.1016/j.inoche.2017.05.015,publisher_E,https://doi.org/10.1016/j.inoche.2017.05.015,Crystal engineering
10.1016/j.talanta.2019.01.037,publisher_E,https://doi.org/10.1016/j.talanta.2019.01.037,Functional materials
10.1016/j.ica.2018.07.016,publisher_E,https://doi.org/10.1016/j.ica.2018.07.016,Crystal engineering
10.1016/j.ijhydene.2020.02.202,publisher_E,https://doi.org/10.1016/j.ijhydene.2020.02.202,Functional materials
10.1038/s41560-018-0261-6,publisher_S,https://doi.org/10.1038/s41560-018-0261-6,Functional materials
10.1016/j.jcou.2018.03.006,publisher_E,https://doi.org/10.1016/j.jcou.2018.03.006,Chemical synthesis
10.1016/j.inoche.2006.12.020,publisher_E,https://doi.org/10.1016/j.inoche.2006.12.020,Crystal engineering
10.1016/j.poly.2016.12.027,publisher_E,https://doi.org/10.1016/j.poly.2016.12.027,Crystal engineering
10.1016/j.poly.2015.12.054,publisher_E,https://doi.org/10.1016/j.poly.2015.12.054,Crystal engineering
10.1016/j.dyepig.2014.01.032,publisher_E,https://doi.org/10.1016/j.dyepig.2014.01.032,Crystal engineering
10.1016/j.molstruc.2010.02.026,publisher_E,https://doi.org/10.1016/j.molstruc.2010.02.026,Crystal engineering
10.1016/j.dyepig.2015.03.037,publisher_E,https://doi.org/10.1016/j.dyepig.2015.03.037,Crystal engineering
10.1016/j.ica.2016.05.002,publisher_E,https://doi.org/10.1016/j.ica.2016.05.002,Crystal engineering
10.1016/j.jssc.2020.121549,publisher_E,https://doi.org/10.1016/j.jssc.2020.121549,Functional materials
10.1016/j.molstruc.2015.11.031,publisher_E,https://doi.org/10.1016/j.molstruc.2015.11.031,Crystal engineering
10.1016/j.micromeso.2015.04.036,publisher_E,https://doi.org/10.1016/j.micromeso.2015.04.036,Crystal engineering
10.1038/NCHEM.738,publisher_S,https://doi.org/10.1038/NCHEM.738,Functional materials
10.1016/j.inoche.2012.03.018,publisher_E,https://doi.org/10.1016/j.inoche.2012.03.018,Crystal engineering
10.1016/j.inoche.2018.11.017,publisher_E,https://doi.org/10.1016/j.inoche.2018.11.017,Crystal engineering
10.1016/j.poly.2011.05.035,publisher_E,https://doi.org/10.1016/j.poly.2011.05.035,Crystal engineering
10.1016/j.ica.2008.12.008,publisher_E,https://doi.org/10.1016/j.ica.2008.12.008,Crystal engineering
10.1016/j.poly.2014.05.044,publisher_E,https://doi.org/10.1016/j.poly.2014.05.044,Functional materials
10.1016/j.solidstatesciences.2010.07.004,publisher_E,https://doi.org/10.1016/j.solidstatesciences.2010.07.004,Crystal engineering
10.1016/j.jssc.2013.08.024,publisher_E,https://doi.org/10.1016/j.jssc.2013.08.024,Crystal engineering
10.1016/j.molstruc.2011.07.032,publisher_E,https://doi.org/10.1016/j.molstruc.2011.07.032,Functional materials
10.1016/j.molstruc.2017.04.075,publisher_E,https://doi.org/10.1016/j.molstruc.2017.04.075,Crystal engineering
10.1016/j.jssc.2016.06.017,publisher_E,https://doi.org/10.1016/j.jssc.2016.06.017,Functional materials
10.1016/j.poly.2015.08.022,publisher_E,https://doi.org/10.1016/j.poly.2015.08.022,Functional materials
10.1038/NMAT5050,publisher_S,https://doi.org/10.1038/NMAT5050,Functional materials
10.1016/j.molstruc.2023.137156,publisher_E,https://doi.org/10.1016/j.molstruc.2023.137156,Functional materials
10.1016/j.molstruc.2018.07.004,publisher_E,https://doi.org/10.1016/j.molstruc.2018.07.004,Crystal engineering
10.1016/j.inoche.2017.05.022,publisher_E,https://doi.org/10.1016/j.inoche.2017.05.022,Functional materials
10.1016/j.micromeso.2025.113622,publisher_E,https://doi.org/10.1016/j.micromeso.2025.113622,Functional materials
10.1016/j.jssc.2020.121890,publisher_E,https://doi.org/10.1016/j.jssc.2020.121890,Functional materials
10.1016/j.microc.2019.104498,publisher_E,https://doi.org/10.1016/j.microc.2019.104498,Functional materials
10.1016/j.molliq.2019.112427,publisher_E,https://doi.org/10.1016/j.molliq.2019.112427,Functional materials
10.1016/j.cclet.2014.10.022,publisher_E,https://doi.org/10.1016/j.cclet.2014.10.022,Functional materials
10.1016/j.micromeso.2015.05.021,publisher_E,https://doi.org/10.1016/j.micromeso.2015.05.021,Functional materials
10.1016/j.matlet.2015.09.061,publisher_E,https://doi.org/10.1016/j.matlet.2015.09.061,Chemical synthesis
10.1016/j.catcom.2013.10.016,publisher_E,https://doi.org/10.1016/j.catcom.2013.10.016,Functional materials
10.1016/j.inoche.2011.10.014,publisher_E,https://doi.org/10.1016/j.inoche.2011.10.014,Crystal engineering
10.1016/j.inoche.2013.03.016,publisher_E,https://doi.org/10.1016/j.inoche.2013.03.016,Crystal engineering
10.1016/j.inoche.2019.04.021,publisher_E,https://doi.org/10.1016/j.inoche.2019.04.021,Functional materials
10.1016/j.poly.2015.01.002,publisher_E,https://doi.org/10.1016/j.poly.2015.01.002,Crystal engineering
10.1016/j.jssc.2022.123740,publisher_E,https://doi.org/10.1016/j.jssc.2022.123740,Functional materials
10.1016/j.inoche.2008.05.031,publisher_E,https://doi.org/10.1016/j.inoche.2008.05.031,Crystal engineering
10.1016/j.poly.2008.10.043,publisher_E,https://doi.org/10.1016/j.poly.2008.10.043,Crystal engineering
10.1016/j.jcou.2020.101173,publisher_E,https://doi.org/10.1016/j.jcou.2020.101173,Functional materials
10.1016/j.inoche.2010.09.023,publisher_E,https://doi.org/10.1016/j.inoche.2010.09.023,Crystal engineering
10.1016/j.molstruc.2008.04.030,publisher_E,https://doi.org/10.1016/j.molstruc.2008.04.030,Functional materials
10.1016/j.inoche.2010.07.040,publisher_E,https://doi.org/10.1016/j.inoche.2010.07.040,Crystal engineering
10.1016/j.inoche.2008.06.022,publisher_E,https://doi.org/10.1016/j.inoche.2008.06.022,Chemical synthesis
10.1016/j.ica.2015.03.011,publisher_E,https://doi.org/10.1016/j.ica.2015.03.011,Functional materials
10.1016/j.poly.2012.07.060,publisher_E,https://doi.org/10.1016/j.poly.2012.07.060,Functional materials
10.1016/j.microc.2023.109014,publisher_E,https://doi.org/10.1016/j.microc.2023.109014,Functional materials
10.1016/j.talanta.2021.123030,publisher_E,https://doi.org/10.1016/j.talanta.2021.123030,Functional materials
10.1016/j.inoche.2022.109431,publisher_E,https://doi.org/10.1016/j.inoche.2022.109431,Crystal engineering
10.1016/j.jssc.2023.124173,publisher_E,https://doi.org/10.1016/j.jssc.2023.124173,Functional materials
10.1016/j.inoche.2019.05.038,publisher_E,https://doi.org/10.1016/j.inoche.2019.05.038,Crystal engineering
10.1016/j.ica.2011.11.061,publisher_E,https://doi.org/10.1016/j.ica.2011.11.061,Crystal engineering
10.1016/j.inoche.2018.12.018,publisher_E,https://doi.org/10.1016/j.inoche.2018.12.018,Functional materials
10.1016/j.inoche.2011.06.008,publisher_E,https://doi.org/10.1016/j.inoche.2011.06.008,Crystal engineering
10.1016/j.inoche.2015.03.005,publisher_E,https://doi.org/10.1016/j.inoche.2015.03.005,Crystal engineering
10.1016/j.ica.2022.120979,publisher_E,https://doi.org/10.1016/j.ica.2022.120979,Functional materials
10.1016/j.inoche.2010.10.012,publisher_E,https://doi.org/10.1016/j.inoche.2010.10.012,Crystal engineering
10.1016/j.inoche.2014.05.016,publisher_E,https://doi.org/10.1016/j.inoche.2014.05.016,Functional materials
10.1016/j.jscs.2024.101856,publisher_E,https://doi.org/10.1016/j.jscs.2024.101856,Functional materials
10.1016/j.micromeso.2014.10.034,publisher_E,https://doi.org/10.1016/j.micromeso.2014.10.034,Chemical synthesis
10.1016/j.jssc.2022.123079,publisher_E,https://doi.org/10.1016/j.jssc.2022.123079,Functional materials
10.1016/j.poly.2015.07.017,publisher_E,https://doi.org/10.1016/j.poly.2015.07.017,Functional materials
10.1016/j.poly.2018.10.067,publisher_E,https://doi.org/10.1016/j.poly.2018.10.067,Functional materials
10.1016/j.jssc.2017.09.022,publisher_E,https://doi.org/10.1016/j.jssc.2017.09.022,Functional materials
10.1016/j.poly.2019.06.017,publisher_E,https://doi.org/10.1016/j.poly.2019.06.017,Functional materials
10.1016/j.materresbull.2023.112462,publisher_E,https://doi.org/10.1016/j.materresbull.2023.112462,Functional materials
10.1016/j.matlet.2014.06.025,publisher_E,https://doi.org/10.1016/j.matlet.2014.06.025,Functional materials
10.1016/j.mcat.2022.112903,publisher_E,https://doi.org/10.1016/j.mcat.2022.112903,Crystal engineering
10.1016/j.matlet.2021.130427,publisher_E,https://doi.org/10.1016/j.matlet.2021.130427,Functional materials
10.1016/j.jcis.2017.03.101,publisher_E,https://doi.org/10.1016/j.jcis.2017.03.101,Functional materials
10.1016/j.arabjc.2018.07.004,publisher_E,https://doi.org/10.1016/j.arabjc.2018.07.004,Functional materials
10.1016/j.colsurfa.2020.124781,publisher_E,https://doi.org/10.1016/j.colsurfa.2020.124781,Functional materials
10.1016/j.jssc.2014.03.005,publisher_E,https://doi.org/10.1016/j.jssc.2014.03.005,Functional materials
10.1016/j.micromeso.2022.112232,publisher_E,https://doi.org/10.1016/j.micromeso.2022.112232,Functional materials
10.1016/j.jcis.2022.08.133,publisher_E,https://doi.org/10.1016/j.jcis.2022.08.133,Functional materials
10.1016/j.ijhydene.2020.08.100,publisher_E,https://doi.org/10.1016/j.ijhydene.2020.08.100,Functional materials
10.1016/j.jcis.2011.09.060,publisher_E,https://doi.org/10.1016/j.jcis.2011.09.060,Functional materials
10.1016/j.micromeso.2016.09.032,publisher_E,https://doi.org/10.1016/j.micromeso.2016.09.032,Functional materials
10.1016/j.jssc.2023.124186,publisher_E,https://doi.org/10.1016/j.jssc.2023.124186,Functional materials
10.1016/j.matchemphys.2022.126493,publisher_E,https://doi.org/10.1016/j.matchemphys.2022.126493,Functional materials
10.1016/j.micromeso.2017.04.058,publisher_E,https://doi.org/10.1016/j.micromeso.2017.04.058,Functional materials
10.1016/j.poly.2011.02.008,publisher_E,https://doi.org/10.1016/j.poly.2011.02.008,Crystal engineering
10.1016/j.poly.2009.06.068,publisher_E,https://doi.org/10.1016/j.poly.2009.06.068,Crystal engineering
10.1016/j.jiec.2020.05.016,publisher_E,https://doi.org/10.1016/j.jiec.2020.05.016,Functional materials
10.1016/j.micromeso.2017.02.032,publisher_E,https://doi.org/10.1016/j.micromeso.2017.02.032,Functional materials
10.1016/j.inoche.2013.09.030,publisher_E,https://doi.org/10.1016/j.inoche.2013.09.030,Crystal engineering
10.1016/j.micromeso.2023.112956,publisher_E,https://doi.org/10.1016/j.micromeso.2023.112956,Functional materials
10.1016/j.inoche.2008.04.021,publisher_E,https://doi.org/10.1016/j.inoche.2008.04.021,Crystal engineering
10.1016/j.molstruc.2025.141522,publisher_E,https://doi.org/10.1016/j.molstruc.2025.141522,Functional materials
10.1016/j.micromeso.2016.01.044,publisher_E,https://doi.org/10.1016/j.micromeso.2016.01.044,Functional materials
10.1016/j.micromeso.2020.110533,publisher_E,https://doi.org/10.1016/j.micromeso.2020.110533,Functional materials
10.1016/j.inoche.2009.02.027,publisher_E,https://doi.org/10.1016/j.inoche.2009.02.027,Functional materials
10.1016/j.micromeso.2017.12.016,publisher_E,https://doi.org/10.1016/j.micromeso.2017.12.016,Functional materials
10.1016/j.molstruc.2025.142906,publisher_E,https://doi.org/10.1016/j.molstruc.2025.142906,Theory & modeling
10.1016/j.jssc.2015.07.035,publisher_E,https://doi.org/10.1016/j.jssc.2015.07.035,Chemical synthesis
10.1016/j.jssc.2023.123849,publisher_E,https://doi.org/10.1016/j.jssc.2023.123849,Crystal engineering
10.1016/j.inoche.2024.112172,publisher_E,https://doi.org/10.1016/j.inoche.2024.112172,Functional materials
10.1016/j.jssc.2013.11.008,publisher_E,https://doi.org/10.1016/j.jssc.2013.11.008,Crystal engineering
10.1016/j.inoche.2018.01.010,publisher_E,https://doi.org/10.1016/j.inoche.2018.01.010,Crystal engineering
10.1016/j.jssc.2024.125174,publisher_E,https://doi.org/10.1016/j.jssc.2024.125174,Functional materials
10.1016/j.jssc.2017.11.013,publisher_E,https://doi.org/10.1016/j.jssc.2017.11.013,Functional materials
10.1016/j.apcata.2013.05.034,publisher_E,https://doi.org/10.1016/j.apcata.2013.05.034,Functional materials
10.1016/j.inoche.2011.09.009,publisher_E,https://doi.org/10.1016/j.inoche.2011.09.009,Chemical synthesis
10.1016/j.inoche.2020.107766,publisher_E,https://doi.org/10.1016/j.inoche.2020.107766,Functional materials
10.1016/j.inoche.2018.07.018,publisher_E,https://doi.org/10.1016/j.inoche.2018.07.018,Functional materials
10.1016/j.inoche.2017.05.003,publisher_E,https://doi.org/10.1016/j.inoche.2017.05.003,Crystal engineering
10.1016/j.inoche.2009.09.026,publisher_E,https://doi.org/10.1016/j.inoche.2009.09.026,Crystal engineering
10.1016/j.inoche.2015.06.034,publisher_E,https://doi.org/10.1016/j.inoche.2015.06.034,Functional materials
10.1016/j.inoche.2011.12.045,publisher_E,https://doi.org/10.1016/j.inoche.2011.12.045,Crystal engineering
10.1016/j.apcatb.2022.122134,publisher_E,https://doi.org/10.1016/j.apcatb.2022.122134,Functional materials
10.1016/j.inoche.2014.06.015,publisher_E,https://doi.org/10.1016/j.inoche.2014.06.015,Crystal engineering
10.1016/j.inoche.2011.10.038,publisher_E,https://doi.org/10.1016/j.inoche.2011.10.038,Crystal engineering
10.1016/j.ica.2004.01.003,publisher_E,https://doi.org/10.1016/j.ica.2004.01.003,Crystal engineering
10.1016/j.mencom.2016.01.020,publisher_E,https://doi.org/10.1016/j.mencom.2016.01.020,Crystal engineering
10.1016/j.inoche.2015.06.013,publisher_E,https://doi.org/10.1016/j.inoche.2015.06.013,Functional materials
10.1016/j.jssc.2011.11.032,publisher_E,https://doi.org/10.1016/j.jssc.2011.11.032,Functional materials
10.1016/j.inoche.2012.01.022,publisher_E,https://doi.org/10.1016/j.inoche.2012.01.022,Crystal engineering
10.1016/j.inoche.2011.03.013,publisher_E,https://doi.org/10.1016/j.inoche.2011.03.013,Crystal engineering
10.1016/j.jssc.2015.03.035,publisher_E,https://doi.org/10.1016/j.jssc.2015.03.035,Crystal engineering
10.1016/j.inoche.2013.02.011,publisher_E,https://doi.org/10.1016/j.inoche.2013.02.011,Crystal engineering
10.1016/j.jssc.2014.11.015,publisher_E,https://doi.org/10.1016/j.jssc.2014.11.015,Crystal engineering
10.1016/j.ica.2014.12.007,publisher_E,https://doi.org/10.1016/j.ica.2014.12.007,Crystal engineering
10.1016/j.ica.2009.09.022,publisher_E,https://doi.org/10.1016/j.ica.2009.09.022,Crystal engineering
10.1016/j.inoche.2019.01.025,publisher_E,https://doi.org/10.1016/j.inoche.2019.01.025,Functional materials
10.1016/j.ica.2021.120505,publisher_E,https://doi.org/10.1016/j.ica.2021.120505,Chemical synthesis
10.1016/j.cattod.2015.08.030,publisher_E,https://doi.org/10.1016/j.cattod.2015.08.030,Functional materials
10.1016/j.mcat.2024.114628,publisher_E,https://doi.org/10.1016/j.mcat.2024.114628,Functional materials
10.1016/j.arabjc.2020.02.020,publisher_E,https://doi.org/10.1016/j.arabjc.2020.02.020,Functional materials
10.1016/j.inoche.2023.110748,publisher_E,https://doi.org/10.1016/j.inoche.2023.110748,Chemical synthesis
10.1016/j.micromeso.2015.08.017,publisher_E,https://doi.org/10.1016/j.micromeso.2015.08.017,Functional materials
10.1016/j.mtchem.2024.102256,publisher_E,https://doi.org/10.1016/j.mtchem.2024.102256,Chemical synthesis
10.1016/j.cclet.2021.07.007,publisher_E,https://doi.org/10.1016/j.cclet.2021.07.007,Functional materials
10.1016/j.inoche.2011.06.019,publisher_E,https://doi.org/10.1016/j.inoche.2011.06.019,Crystal engineering
10.1016/j.cclet.2017.09.043,publisher_E,https://doi.org/10.1016/j.cclet.2017.09.043,Crystal engineering
10.1016/j.jssc.2015.01.032,publisher_E,https://doi.org/10.1016/j.jssc.2015.01.032,Crystal engineering
10.1016/j.jssc.2016.05.005,publisher_E,https://doi.org/10.1016/j.jssc.2016.05.005,Crystal engineering
10.1016/j.ica.2020.119891,publisher_E,https://doi.org/10.1016/j.ica.2020.119891,Functional materials
10.1016/j.inoche.2015.02.015,publisher_E,https://doi.org/10.1016/j.inoche.2015.02.015,Crystal engineering
10.1016/j.ica.2007.05.049,publisher_E,https://doi.org/10.1016/j.ica.2007.05.049,Crystal engineering
10.1016/j.jorganchem.2009.03.008,publisher_E,https://doi.org/10.1016/j.jorganchem.2009.03.008,Crystal engineering
10.1016/j.jssc.2023.124509,publisher_E,https://doi.org/10.1016/j.jssc.2023.124509,Functional materials
10.1016/j.jssc.2014.05.010,publisher_E,https://doi.org/10.1016/j.jssc.2014.05.010,Crystal engineering
10.1016/j.solidstatesciences.2008.07.007,publisher_E,https://doi.org/10.1016/j.solidstatesciences.2008.07.007,Crystal engineering
10.1016/j.ica.2019.119032,publisher_E,https://doi.org/10.1016/j.ica.2019.119032,Crystal engineering
10.1016/j.micromeso.2015.07.001,publisher_E,https://doi.org/10.1016/j.micromeso.2015.07.001,Functional materials
10.1016/j.inoche.2020.107949,publisher_E,https://doi.org/10.1016/j.inoche.2020.107949,Functional materials
10.1016/j.jssc.2010.01.027,publisher_E,https://doi.org/10.1016/j.jssc.2010.01.027,Crystal engineering
10.1016/j.inoche.2016.08.021,publisher_E,https://doi.org/10.1016/j.inoche.2016.08.021,Crystal engineering
10.1016/j.inoche.2018.11.019,publisher_E,https://doi.org/10.1016/j.inoche.2018.11.019,Crystal engineering
10.1016/j.molstruc.2017.08.064,publisher_E,https://doi.org/10.1016/j.molstruc.2017.08.064,Crystal engineering
10.1016/j.poly.2017.05.061,publisher_E,https://doi.org/10.1016/j.poly.2017.05.061,Functional materials
10.1016/j.inoche.2023.110542,publisher_E,https://doi.org/10.1016/j.inoche.2023.110542,Crystal engineering
10.1016/j.micromeso.2012.05.021,publisher_E,https://doi.org/10.1016/j.micromeso.2012.05.021,Functional materials
10.1016/j.matchemphys.2013.12.014,publisher_E,https://doi.org/10.1016/j.matchemphys.2013.12.014,Crystal engineering
10.1016/j.jcat.2024.115395,publisher_E,https://doi.org/10.1016/j.jcat.2024.115395,Functional materials
10.1016/j.molstruc.2009.12.052,publisher_E,https://doi.org/10.1016/j.molstruc.2009.12.052,Crystal engineering
10.1016/j.molstruc.2022.134824,publisher_E,https://doi.org/10.1016/j.molstruc.2022.134824,Functional materials
10.1016/j.catcom.2020.106032,publisher_E,https://doi.org/10.1016/j.catcom.2020.106032,Functional materials
10.1016/j.snb.2021.130760,publisher_E,https://doi.org/10.1016/j.snb.2021.130760,Theory & modeling
10.1016/j.colsurfa.2024.135642,publisher_E,https://doi.org/10.1016/j.colsurfa.2024.135642,Chemical synthesis
10.1016/j.jcis.2024.06.125,publisher_E,https://doi.org/10.1016/j.jcis.2024.06.125,Functional materials
10.1016/j.jcis.2024.05.104,publisher_E,https://doi.org/10.1016/j.jcis.2024.05.104,Functional materials
10.1016/j.jssc.2014.11.027,publisher_E,https://doi.org/10.1016/j.jssc.2014.11.027,Crystal engineering
10.1016/j.apcata.2018.11.035,publisher_E,https://doi.org/10.1016/j.apcata.2018.11.035,Functional materials
10.1016/j.jssc.2016.11.030,publisher_E,https://doi.org/10.1016/j.jssc.2016.11.030,Crystal engineering
10.1016/j.micromeso.2013.06.039,publisher_E,https://doi.org/10.1016/j.micromeso.2013.06.039,Functional materials
10.1016/j.snb.2019.127187,publisher_E,https://doi.org/10.1016/j.snb.2019.127187,Functional materials
10.1016/j.jelechem.2018.04.015,publisher_E,https://doi.org/10.1016/j.jelechem.2018.04.015,Functional materials
10.1016/j.jinorgbio.2019.110818,publisher_E,https://doi.org/10.1016/j.jinorgbio.2019.110818,Functional materials
10.1016/j.inoche.2021.108928,publisher_E,https://doi.org/10.1016/j.inoche.2021.108928,Functional materials
10.1016/j.jcis.2024.11.019,publisher_E,https://doi.org/10.1016/j.jcis.2024.11.019,Functional materials
10.1016/j.jssc.2022.123797,publisher_E,https://doi.org/10.1016/j.jssc.2022.123797,Functional materials
10.1016/j.micromeso.2024.113450,publisher_E,https://doi.org/10.1016/j.micromeso.2024.113450,Functional materials
10.1016/j.poly.2015.10.031,publisher_E,https://doi.org/10.1016/j.poly.2015.10.031,Crystal engineering
10.1016/j.jcat.2009.11.011,publisher_E,https://doi.org/10.1016/j.jcat.2009.11.011,Chemical synthesis
10.1016/j.poly.2014.05.020,publisher_E,https://doi.org/10.1016/j.poly.2014.05.020,Crystal engineering
10.1016/j.ica.2011.12.037,publisher_E,https://doi.org/10.1016/j.ica.2011.12.037,Crystal engineering
10.1016/j.poly.2023.116579,publisher_E,https://doi.org/10.1016/j.poly.2023.116579,Crystal engineering
10.1016/j.poly.2016.12.022,publisher_E,https://doi.org/10.1016/j.poly.2016.12.022,Crystal engineering
10.1016/j.micromeso.2015.08.023,publisher_E,https://doi.org/10.1016/j.micromeso.2015.08.023,Chemical synthesis
10.1016/j.micromeso.2020.110200,publisher_E,https://doi.org/10.1016/j.micromeso.2020.110200,Functional materials
10.1016/j.jssc.2015.09.027,publisher_E,https://doi.org/10.1016/j.jssc.2015.09.027,Functional materials
10.1016/j.molstruc.2010.06.019,publisher_E,https://doi.org/10.1016/j.molstruc.2010.06.019,Crystal engineering
10.1016/j.mcat.2024.114131,publisher_E,https://doi.org/10.1016/j.mcat.2024.114131,Chemical synthesis
10.1016/j.talanta.2025.127890,publisher_E,https://doi.org/10.1016/j.talanta.2025.127890,Functional materials
10.1016/j.cattod.2021.10.007,publisher_E,https://doi.org/10.1016/j.cattod.2021.10.007,Functional materials
10.1016/j.micromeso.2017.03.011,publisher_E,https://doi.org/10.1016/j.micromeso.2017.03.011,Functional materials
10.1016/j.apcata.2019.117225,publisher_E,https://doi.org/10.1016/j.apcata.2019.117225,Chemical synthesis
10.1016/j.colsurfa.2023.132472,publisher_E,https://doi.org/10.1016/j.colsurfa.2023.132472,Functional materials
10.1016/j.carbpol.2019.02.044,publisher_E,https://doi.org/10.1016/j.carbpol.2019.02.044,Functional materials
10.1016/j.jcou.2022.102235,publisher_E,https://doi.org/10.1016/j.jcou.2022.102235,Functional materials
10.1016/j.cattod.2024.114705,publisher_E,https://doi.org/10.1016/j.cattod.2024.114705,Functional materials
10.1016/j.ica.2012.08.011,publisher_E,https://doi.org/10.1016/j.ica.2012.08.011,Crystal engineering
10.1016/j.ica.2023.121641,publisher_E,https://doi.org/10.1016/j.ica.2023.121641,Crystal engineering
10.1016/j.jssc.2022.123243,publisher_E,https://doi.org/10.1016/j.jssc.2022.123243,Functional materials
10.1016/j.jssc.2016.10.015,publisher_E,https://doi.org/10.1016/j.jssc.2016.10.015,Crystal engineering
10.1016/j.colsurfa.2024.133596,publisher_E,https://doi.org/10.1016/j.colsurfa.2024.133596,Crystal engineering
10.1016/j.ica.2021.120784,publisher_E,https://doi.org/10.1016/j.ica.2021.120784,Functional materials
10.1016/j.jcou.2022.102352,publisher_E,https://doi.org/10.1016/j.jcou.2022.102352,Functional materials
10.1016/j.ica.2013.07.059,publisher_E,https://doi.org/10.1016/j.ica.2013.07.059,Crystal engineering
10.1016/j.ica.2023.121759,publisher_E,https://doi.org/10.1016/j.ica.2023.121759,Crystal engineering
10.1016/j.mssp.2014.02.018,publisher_E,https://doi.org/10.1016/j.mssp.2014.02.018,Functional materials
10.1016/j.micromeso.2021.111456,publisher_E,https://doi.org/10.1016/j.micromeso.2021.111456,Functional materials
10.1016/j.apmt.2020.100604,publisher_E,https://doi.org/10.1016/j.apmt.2020.100604,Crystal engineering
10.1016/j.jphotochem.2017.09.069,publisher_E,https://doi.org/10.1016/j.jphotochem.2017.09.069,Functional materials
10.1038/NCHEM.254,publisher_S,https://doi.org/10.1038/NCHEM.254,Functional materials
10.1016/j.synthmet.2023.117357,publisher_E,https://doi.org/10.1016/j.synthmet.2023.117357,Functional materials
10.1016/j.mtnano.2023.100303,publisher_E,https://doi.org/10.1016/j.mtnano.2023.100303,Crystal engineering
10.1016/j.poly.2011.10.010,publisher_E,https://doi.org/10.1016/j.poly.2011.10.010,Crystal engineering
10.1016/j.matchemphys.2022.126933,publisher_E,https://doi.org/10.1016/j.matchemphys.2022.126933,Functional materials
10.1016/j.micromeso.2023.112497,publisher_E,https://doi.org/10.1016/j.micromeso.2023.112497,Functional materials
10.1016/j.talanta.2025.127771,publisher_E,https://doi.org/10.1016/j.talanta.2025.127771,Functional materials
10.1016/j.poly.2022.115901,publisher_E,https://doi.org/10.1016/j.poly.2022.115901,Crystal engineering
10.1016/j.aca.2025.343708,publisher_E,https://doi.org/10.1016/j.aca.2025.343708,Functional materials
10.1016/j.molstruc.2020.128608,publisher_E,https://doi.org/10.1016/j.molstruc.2020.128608,Crystal engineering
10.1016/j.poly.2018.11.010,publisher_E,https://doi.org/10.1016/j.poly.2018.11.010,Crystal engineering
10.1016/j.jssc.2019.120987,publisher_E,https://doi.org/10.1016/j.jssc.2019.120987,Functional materials
10.1016/j.micromeso.2020.110868,publisher_E,https://doi.org/10.1016/j.micromeso.2020.110868,Functional materials
10.1016/j.micromeso.2018.03.012,publisher_E,https://doi.org/10.1016/j.micromeso.2018.03.012,Functional materials
10.1016/j.mseb.2023.117043,publisher_E,https://doi.org/10.1016/j.mseb.2023.117043,Functional materials
10.1016/j.micromeso.2018.10.031,publisher_E,https://doi.org/10.1016/j.micromeso.2018.10.031,Chemical synthesis
10.1016/j.molstruc.2006.11.065,publisher_E,https://doi.org/10.1016/j.molstruc.2006.11.065,Chemical synthesis
10.1016/j.molstruc.2014.10.069,publisher_E,https://doi.org/10.1016/j.molstruc.2014.10.069,Crystal engineering
10.1016/j.jcis.2022.05.082,publisher_E,https://doi.org/10.1016/j.jcis.2022.05.082,Chemical synthesis
10.1016/j.inoche.2007.11.010,publisher_E,https://doi.org/10.1016/j.inoche.2007.11.010,Functional materials
10.1016/j.inoche.2017.04.003,publisher_E,https://doi.org/10.1016/j.inoche.2017.04.003,Crystal engineering
10.1016/j.molstruc.2022.132994,publisher_E,https://doi.org/10.1016/j.molstruc.2022.132994,Functional materials
10.1016/j.microc.2021.106242,publisher_E,https://doi.org/10.1016/j.microc.2021.106242,Functional materials
10.1016/j.micromeso.2008.07.029,publisher_E,https://doi.org/10.1016/j.micromeso.2008.07.029,Functional materials
10.1016/j.matlet.2017.03.077,publisher_E,https://doi.org/10.1016/j.matlet.2017.03.077,Functional materials
10.1016/j.matlet.2016.12.111,publisher_E,https://doi.org/10.1016/j.matlet.2016.12.111,Functional materials
10.1016/j.micromeso.2022.111813,publisher_E,https://doi.org/10.1016/j.micromeso.2022.111813,Functional materials
10.1016/j.inoche.2020.108235,publisher_E,https://doi.org/10.1016/j.inoche.2020.108235,Functional materials
10.1016/j.inoche.2024.112915,publisher_E,https://doi.org/10.1016/j.inoche.2024.112915,Functional materials
10.1016/j.ica.2014.01.014,publisher_E,https://doi.org/10.1016/j.ica.2014.01.014,Crystal engineering
10.1016/j.jssc.2020.121183,publisher_E,https://doi.org/10.1016/j.jssc.2020.121183,Functional materials
10.1016/j.inoche.2024.113174,publisher_E,https://doi.org/10.1016/j.inoche.2024.113174,Functional materials
10.1016/j.inoche.2013.06.022,publisher_E,https://doi.org/10.1016/j.inoche.2013.06.022,Crystal engineering
10.1016/j.inoche.2014.04.029,publisher_E,https://doi.org/10.1016/j.inoche.2014.04.029,Crystal engineering
10.1016/j.molstruc.2020.128373,publisher_E,https://doi.org/10.1016/j.molstruc.2020.128373,Crystal engineering
10.1016/j.ica.2016.07.008,publisher_E,https://doi.org/10.1016/j.ica.2016.07.008,Crystal engineering
10.1016/j.jssc.2020.121218,publisher_E,https://doi.org/10.1016/j.jssc.2020.121218,Functional materials
10.1016/j.poly.2019.02.048,publisher_E,https://doi.org/10.1016/j.poly.2019.02.048,Functional materials
10.1016/j.inoche.2013.09.033,publisher_E,https://doi.org/10.1016/j.inoche.2013.09.033,Crystal engineering
10.1016/j.ica.2018.08.018,publisher_E,https://doi.org/10.1016/j.ica.2018.08.018,Crystal engineering
10.1016/j.jssc.2021.121979,publisher_E,https://doi.org/10.1016/j.jssc.2021.121979,Functional materials
10.1016/j.poly.2016.07.026,publisher_E,https://doi.org/10.1016/j.poly.2016.07.026,Crystal engineering
10.1016/j.ica.2013.06.014,publisher_E,https://doi.org/10.1016/j.ica.2013.06.014,Crystal engineering
10.1016/j.inoche.2012.11.011,publisher_E,https://doi.org/10.1016/j.inoche.2012.11.011,Crystal engineering
10.1016/j.inoche.2013.09.021,publisher_E,https://doi.org/10.1016/j.inoche.2013.09.021,Crystal engineering
10.1016/j.inoche.2012.01.019,publisher_E,https://doi.org/10.1016/j.inoche.2012.01.019,Chemical synthesis
10.1016/j.jssc.2003.09.005,publisher_E,https://doi.org/10.1016/j.jssc.2003.09.005,Crystal engineering
10.1016/j.cclet.2023.109120,publisher_E,https://doi.org/10.1016/j.cclet.2023.109120,Theory & modeling
10.1016/j.inoche.2012.05.033,publisher_E,https://doi.org/10.1016/j.inoche.2012.05.033,Crystal engineering
10.1016/j.inoche.2007.12.024,publisher_E,https://doi.org/10.1016/j.inoche.2007.12.024,Crystal engineering
10.1016/j.jssc.2015.11.020,publisher_E,https://doi.org/10.1016/j.jssc.2015.11.020,Crystal engineering
10.1016/j.materresbull.2024.112927,publisher_E,https://doi.org/10.1016/j.materresbull.2024.112927,Crystal engineering
10.1016/j.inoche.2017.06.020,publisher_E,https://doi.org/10.1016/j.inoche.2017.06.020,Crystal engineering
10.1016/j.jssc.2016.09.009,publisher_E,https://doi.org/10.1016/j.jssc.2016.09.009,Functional materials
10.1016/j.inoche.2015.12.020,publisher_E,https://doi.org/10.1016/j.inoche.2015.12.020,Crystal engineering
10.1016/j.inoche.2014.07.025,publisher_E,https://doi.org/10.1016/j.inoche.2014.07.025,Crystal engineering
10.1016/j.inoche.2015.04.008,publisher_E,https://doi.org/10.1016/j.inoche.2015.04.008,Crystal engineering
10.1016/j.molstruc.2013.07.047,publisher_E,https://doi.org/10.1016/j.molstruc.2013.07.047,Crystal engineering
10.1016/j.micromeso.2020.110215,publisher_E,https://doi.org/10.1016/j.micromeso.2020.110215,Functional materials
10.1016/j.apmt.2020.100613,publisher_E,https://doi.org/10.1016/j.apmt.2020.100613,Crystal engineering
10.1016/j.mencom.2015.11.023,publisher_E,https://doi.org/10.1016/j.mencom.2015.11.023,Chemical synthesis
10.1016/j.ica.2008.10.015,publisher_E,https://doi.org/10.1016/j.ica.2008.10.015,Crystal engineering
10.1016/j.colsurfa.2020.125157,publisher_E,https://doi.org/10.1016/j.colsurfa.2020.125157,Functional materials
10.1016/j.inoche.2020.107813,publisher_E,https://doi.org/10.1016/j.inoche.2020.107813,Chemical synthesis
10.1016/j.poly.2017.01.005,publisher_E,https://doi.org/10.1016/j.poly.2017.01.005,Functional materials
10.1016/j.jssc.2021.122541,publisher_E,https://doi.org/10.1016/j.jssc.2021.122541,Chemical synthesis
10.1016/j.ica.2007.09.034,publisher_E,https://doi.org/10.1016/j.ica.2007.09.034,Chemical synthesis
10.1016/j.jssc.2020.121497,publisher_E,https://doi.org/10.1016/j.jssc.2020.121497,Chemical synthesis
10.1016/j.apmt.2020.100745,publisher_E,https://doi.org/10.1016/j.apmt.2020.100745,Chemical synthesis
10.1016/j.jssc.2022.123017,publisher_E,https://doi.org/10.1016/j.jssc.2022.123017,Functional materials
10.1016/j.poly.2008.04.035,publisher_E,https://doi.org/10.1016/j.poly.2008.04.035,Crystal engineering
10.1016/j.ultsonch.2025.107264,publisher_E,https://doi.org/10.1016/j.ultsonch.2025.107264,Functional materials
10.1038/NCHEM.2430,publisher_S,https://doi.org/10.1038/NCHEM.2430,Chemical synthesis
10.1016/j.jssc.2020.121853,publisher_E,https://doi.org/10.1016/j.jssc.2020.121853,Functional materials
10.1016/j.apcata.2024.119773,publisher_E,https://doi.org/10.1016/j.apcata.2024.119773,Chemical synthesis
10.1016/j.matlet.2018.04.014,publisher_E,https://doi.org/10.1016/j.matlet.2018.04.014,Functional materials
10.1016/j.micromeso.2018.06.051,publisher_E,https://doi.org/10.1016/j.micromeso.2018.06.051,Functional materials
10.1016/j.molstruc.2022.134598,publisher_E,https://doi.org/10.1016/j.molstruc.2022.134598,Chemical synthesis
10.1016/j.cclet.2015.12.034,publisher_E,https://doi.org/10.1016/j.cclet.2015.12.034,Crystal engineering
10.1016/j.inoche.2013.06.026,publisher_E,https://doi.org/10.1016/j.inoche.2013.06.026,Crystal engineering
10.1016/j.molstruc.2023.136256,publisher_E,https://doi.org/10.1016/j.molstruc.2023.136256,Crystal engineering
10.1016/j.molstruc.2024.138651,publisher_E,https://doi.org/10.1016/j.molstruc.2024.138651,Crystal engineering
10.1016/j.poly.2012.06.038,publisher_E,https://doi.org/10.1016/j.poly.2012.06.038,Crystal engineering
10.1016/j.ica.2011.09.049,publisher_E,https://doi.org/10.1016/j.ica.2011.09.049,Crystal engineering
10.1016/j.ica.2005.07.040,publisher_E,https://doi.org/10.1016/j.ica.2005.07.040,Functional materials
10.1016/j.ica.2013.03.012,publisher_E,https://doi.org/10.1016/j.ica.2013.03.012,Crystal engineering
10.1016/j.ica.2011.05.029,publisher_E,https://doi.org/10.1016/j.ica.2011.05.029,Crystal engineering
10.1016/j.inoche.2012.05.029,publisher_E,https://doi.org/10.1016/j.inoche.2012.05.029,Crystal engineering
10.1016/j.micromeso.2016.05.026,publisher_E,https://doi.org/10.1016/j.micromeso.2016.05.026,Crystal engineering
10.1016/j.molstruc.2017.09.048,publisher_E,https://doi.org/10.1016/j.molstruc.2017.09.048,Crystal engineering
10.1016/j.molstruc.2008.07.033,publisher_E,https://doi.org/10.1016/j.molstruc.2008.07.033,Crystal engineering
10.1016/j.micromeso.2021.110948,publisher_E,https://doi.org/10.1016/j.micromeso.2021.110948,Functional materials
10.1016/j.jssc.2016.10.009,publisher_E,https://doi.org/10.1016/j.jssc.2016.10.009,Crystal engineering
10.1016/j.poly.2020.114966,publisher_E,https://doi.org/10.1016/j.poly.2020.114966,Crystal engineering
10.1016/j.molstruc.2023.136561,publisher_E,https://doi.org/10.1016/j.molstruc.2023.136561,Crystal engineering
10.1016/j.jcat.2008.05.021,publisher_E,https://doi.org/10.1016/j.jcat.2008.05.021,Functional materials
10.1016/j.micromeso.2022.112163,publisher_E,https://doi.org/10.1016/j.micromeso.2022.112163,Chemical synthesis
10.1016/j.jphotochem.2024.115842,publisher_E,https://doi.org/10.1016/j.jphotochem.2024.115842,Functional materials
10.1016/j.chroma.2023.464164,publisher_E,https://doi.org/10.1016/j.chroma.2023.464164,Chemical synthesis
10.1016/j.inoche.2025.113978,publisher_E,https://doi.org/10.1016/j.inoche.2025.113978,Functional materials
10.1016/j.cattod.2013.09.064,publisher_E,https://doi.org/10.1016/j.cattod.2013.09.064,Functional materials
10.1016/j.chroma.2017.05.031,publisher_E,https://doi.org/10.1016/j.chroma.2017.05.031,Functional materials
10.1016/j.jcou.2022.101961,publisher_E,https://doi.org/10.1016/j.jcou.2022.101961,Functional materials
10.1016/j.jiec.2019.08.013,publisher_E,https://doi.org/10.1016/j.jiec.2019.08.013,Functional materials
10.1016/j.jssc.2022.123348,publisher_E,https://doi.org/10.1016/j.jssc.2022.123348,Functional materials
10.1016/j.mcat.2024.114042,publisher_E,https://doi.org/10.1016/j.mcat.2024.114042,Functional materials
10.1016/j.jssc.2022.123610,publisher_E,https://doi.org/10.1016/j.jssc.2022.123610,Functional materials
10.1016/j.jcis.2023.01.143,publisher_E,https://doi.org/10.1016/j.jcis.2023.01.143,Crystal engineering
10.1016/j.jssc.2015.08.021,publisher_E,https://doi.org/10.1016/j.jssc.2015.08.021,Functional materials
10.1016/j.talanta.2021.123143,publisher_E,https://doi.org/10.1016/j.talanta.2021.123143,Chemical synthesis
10.1016/j.jssc.2017.01.020,publisher_E,https://doi.org/10.1016/j.jssc.2017.01.020,Crystal engineering
10.1016/j.solidstatesciences.2021.106646,publisher_E,https://doi.org/10.1016/j.solidstatesciences.2021.106646,Functional materials
10.1016/j.jssc.2020.121573,publisher_E,https://doi.org/10.1016/j.jssc.2020.121573,Crystal engineering
10.1016/j.ica.2019.119236,publisher_E,https://doi.org/10.1016/j.ica.2019.119236,Functional materials
10.1016/j.molstruc.2023.137311,publisher_E,https://doi.org/10.1016/j.molstruc.2023.137311,Functional materials
10.1016/j.mcat.2016.12.009,publisher_E,https://doi.org/10.1016/j.mcat.2016.12.009,Functional materials
10.1016/j.jssc.2017.10.002,publisher_E,https://doi.org/10.1016/j.jssc.2017.10.002,Crystal engineering
10.1016/j.poly.2018.02.023,publisher_E,https://doi.org/10.1016/j.poly.2018.02.023,Crystal engineering
10.1016/j.micromeso.2018.12.039,publisher_E,https://doi.org/10.1016/j.micromeso.2018.12.039,Chemical synthesis
10.1016/j.jssc.2024.124964,publisher_E,https://doi.org/10.1016/j.jssc.2024.124964,Functional materials
10.1016/j.apsusc.2016.10.071,publisher_E,https://doi.org/10.1016/j.apsusc.2016.10.071,Functional materials
10.1016/j.matchemphys.2018.04.031,publisher_E,https://doi.org/10.1016/j.matchemphys.2018.04.031,Functional materials
10.1016/j.molstruc.2024.139120,publisher_E,https://doi.org/10.1016/j.molstruc.2024.139120,Crystal engineering
10.1016/j.mtchem.2018.02.002,publisher_E,https://doi.org/10.1016/j.mtchem.2018.02.002,Crystal engineering
10.1016/j.micromeso.2020.110495,publisher_E,https://doi.org/10.1016/j.micromeso.2020.110495,Functional materials
10.1038/NCHEM.834,publisher_S,https://doi.org/10.1038/NCHEM.834,Theory & modeling
10.1016/j.bioadv.2022.213070,publisher_E,https://doi.org/10.1016/j.bioadv.2022.213070,Functional materials
10.1016/j.ica.2016.07.022,publisher_E,https://doi.org/10.1016/j.ica.2016.07.022,Crystal engineering
10.1016/j.inoche.2024.112781,publisher_E,https://doi.org/10.1016/j.inoche.2024.112781,Functional materials
10.1016/j.jcis.2024.02.067,publisher_E,https://doi.org/10.1016/j.jcis.2024.02.067,Functional materials
10.1016/j.jcis.2024.01.012,publisher_E,https://doi.org/10.1016/j.jcis.2024.01.012,Functional materials
10.1016/j.apsusc.2020.147714,publisher_E,https://doi.org/10.1016/j.apsusc.2020.147714,Functional materials
10.1016/j.jssc.2022.123211,publisher_E,https://doi.org/10.1016/j.jssc.2022.123211,Functional materials
10.1016/j.jssc.2022.123306,publisher_E,https://doi.org/10.1016/j.jssc.2022.123306,Functional materials
10.1016/j.inoche.2018.06.012,publisher_E,https://doi.org/10.1016/j.inoche.2018.06.012,Functional materials
10.1016/j.molstruc.2021.131039,publisher_E,https://doi.org/10.1016/j.molstruc.2021.131039,Functional materials
10.1016/j.micromeso.2024.112986,publisher_E,https://doi.org/10.1016/j.micromeso.2024.112986,Functional materials
10.1016/j.molstruc.2023.135796,publisher_E,https://doi.org/10.1016/j.molstruc.2023.135796,Functional materials
10.1016/j.jssc.2019.05.008,publisher_E,https://doi.org/10.1016/j.jssc.2019.05.008,Functional materials
10.1016/j.micromeso.2018.04.019,publisher_E,https://doi.org/10.1016/j.micromeso.2018.04.019,Functional materials
10.1016/j.inoche.2006.02.029,publisher_E,https://doi.org/10.1016/j.inoche.2006.02.029,Crystal engineering
10.1016/j.jcat.2025.116309,publisher_E,https://doi.org/10.1016/j.jcat.2025.116309,Functional materials
10.1016/j.apsusc.2010.11.032,publisher_E,https://doi.org/10.1016/j.apsusc.2010.11.032,Chemical synthesis
10.1016/j.chroma.2020.461580,publisher_E,https://doi.org/10.1016/j.chroma.2020.461580,Chemical synthesis
10.1016/j.apcatb.2024.124687,publisher_E,https://doi.org/10.1016/j.apcatb.2024.124687,Functional materials
10.1016/j.micromeso.2020.110463,publisher_E,https://doi.org/10.1016/j.micromeso.2020.110463,Functional materials
10.1016/j.micromeso.2017.02.020,publisher_E,https://doi.org/10.1016/j.micromeso.2017.02.020,Functional materials
10.1016/j.jphotochem.2024.115827,publisher_E,https://doi.org/10.1016/j.jphotochem.2024.115827,Functional materials
10.1016/j.cattod.2022.05.001,publisher_E,https://doi.org/10.1016/j.cattod.2022.05.001,Functional materials
10.1016/j.inoche.2022.109251,publisher_E,https://doi.org/10.1016/j.inoche.2022.109251,Functional materials
10.1016/j.colsurfa.2018.05.014,publisher_E,https://doi.org/10.1016/j.colsurfa.2018.05.014,Functional materials
10.1016/j.molstruc.2011.12.030,publisher_E,https://doi.org/10.1016/j.molstruc.2011.12.030,Crystal engineering
10.1016/j.jssc.2014.01.026,publisher_E,https://doi.org/10.1016/j.jssc.2014.01.026,Crystal engineering
10.1016/j.ica.2020.119739,publisher_E,https://doi.org/10.1016/j.ica.2020.119739,Crystal engineering
10.1016/j.molcata.2016.04.022,publisher_E,https://doi.org/10.1016/j.molcata.2016.04.022,Functional materials
10.1016/j.molcata.2016.07.042,publisher_E,https://doi.org/10.1016/j.molcata.2016.07.042,Functional materials
10.1016/j.jiec.2016.08.025,publisher_E,https://doi.org/10.1016/j.jiec.2016.08.025,Functional materials
10.1016/j.micromeso.2018.09.017,publisher_E,https://doi.org/10.1016/j.micromeso.2018.09.017,Functional materials
10.1016/j.catcom.2017.07.012,publisher_E,https://doi.org/10.1016/j.catcom.2017.07.012,Functional materials
10.1016/j.jcou.2018.08.002,publisher_E,https://doi.org/10.1016/j.jcou.2018.08.002,Functional materials
10.1016/j.micromeso.2019.109674,publisher_E,https://doi.org/10.1016/j.micromeso.2019.109674,Functional materials
10.1038/NCHEM.1982,publisher_S,https://doi.org/10.1038/NCHEM.1982,Crystal engineering
10.1016/j.inoche.2013.11.008,publisher_E,https://doi.org/10.1016/j.inoche.2013.11.008,Crystal engineering
10.1016/j.poly.2013.08.036,publisher_E,https://doi.org/10.1016/j.poly.2013.08.036,Crystal engineering
10.1016/j.jssc.2016.09.008,publisher_E,https://doi.org/10.1016/j.jssc.2016.09.008,Crystal engineering
10.1016/j.ica.2009.08.031,publisher_E,https://doi.org/10.1016/j.ica.2009.08.031,Functional materials
10.1016/j.aca.2022.339806,publisher_E,https://doi.org/10.1016/j.aca.2022.339806,Functional materials
10.1016/j.molstruc.2022.133611,publisher_E,https://doi.org/10.1016/j.molstruc.2022.133611,Chemical synthesis
10.1016/j.inoche.2015.03.015,publisher_E,https://doi.org/10.1016/j.inoche.2015.03.015,Crystal engineering
10.1016/j.mtchem.2021.100647,publisher_E,https://doi.org/10.1016/j.mtchem.2021.100647,Functional materials
10.1016/j.micromeso.2021.111510,publisher_E,https://doi.org/10.1016/j.micromeso.2021.111510,Functional materials
10.1016/j.apcatb.2023.122418,publisher_E,https://doi.org/10.1016/j.apcatb.2023.122418,Functional materials
10.1016/j.partic.2019.04.007,publisher_E,https://doi.org/10.1016/j.partic.2019.04.007,Functional materials
10.1016/j.carbpol.2025.123250,publisher_E,https://doi.org/10.1016/j.carbpol.2025.123250,Functional materials
10.1016/j.arabjc.2018.07.012,publisher_E,https://doi.org/10.1016/j.arabjc.2018.07.012,Functional materials
10.1016/j.inoche.2023.111819,publisher_E,https://doi.org/10.1016/j.inoche.2023.111819,Functional materials
10.1016/j.ica.2012.03.011,publisher_E,https://doi.org/10.1016/j.ica.2012.03.011,Crystal engineering
10.1016/j.micromeso.2012.03.039,publisher_E,https://doi.org/10.1016/j.micromeso.2012.03.039,Functional materials
10.1016/j.ica.2011.01.005,publisher_E,https://doi.org/10.1016/j.ica.2011.01.005,Crystal engineering
10.1016/j.inoche.2014.08.034,publisher_E,https://doi.org/10.1016/j.inoche.2014.08.034,Crystal engineering
10.1016/j.inoche.2011.11.004,publisher_E,https://doi.org/10.1016/j.inoche.2011.11.004,Crystal engineering
10.1016/j.jiec.2020.07.009,publisher_E,https://doi.org/10.1016/j.jiec.2020.07.009,Functional materials
10.1016/j.jssc.2022.123148,publisher_E,https://doi.org/10.1016/j.jssc.2022.123148,Crystal engineering
10.1016/j.poly.2015.09.041,publisher_E,https://doi.org/10.1016/j.poly.2015.09.041,Crystal engineering
10.1016/j.ica.2009.09.043,publisher_E,https://doi.org/10.1016/j.ica.2009.09.043,Crystal engineering
10.1016/j.poly.2014.07.004,publisher_E,https://doi.org/10.1016/j.poly.2014.07.004,Crystal engineering
10.1016/j.micromeso.2011.09.017,publisher_E,https://doi.org/10.1016/j.micromeso.2011.09.017,Functional materials
10.1016/j.ijhydene.2025.03.326,publisher_E,https://doi.org/10.1016/j.ijhydene.2025.03.326,Functional materials
10.1016/j.inoche.2015.05.012,publisher_E,https://doi.org/10.1016/j.inoche.2015.05.012,Crystal engineering
10.1016/j.micromeso.2025.113588,publisher_E,https://doi.org/10.1016/j.micromeso.2025.113588,Functional materials
10.1016/j.jcis.2015.01.027,publisher_E,https://doi.org/10.1016/j.jcis.2015.01.027,Functional materials
10.1016/j.jssc.2012.08.036,publisher_E,https://doi.org/10.1016/j.jssc.2012.08.036,Crystal engineering
10.1016/j.poly.2018.10.001,publisher_E,https://doi.org/10.1016/j.poly.2018.10.001,Functional materials
10.1016/j.jfluchem.2016.07.003,publisher_E,https://doi.org/10.1016/j.jfluchem.2016.07.003,Chemical synthesis
10.1016/j.carbpol.2020.116955,publisher_E,https://doi.org/10.1016/j.carbpol.2020.116955,Functional materials
10.1016/j.molliq.2020.113812,publisher_E,https://doi.org/10.1016/j.molliq.2020.113812,Functional materials
10.1016/j.apcatb.2021.120888,publisher_E,https://doi.org/10.1016/j.apcatb.2021.120888,Functional materials
10.1016/j.pnsc.2018.01.016,publisher_E,https://doi.org/10.1016/j.pnsc.2018.01.016,Functional materials
10.1016/j.inoche.2018.04.013,publisher_E,https://doi.org/10.1016/j.inoche.2018.04.013,Functional materials
10.1016/j.apcata.2015.08.028,publisher_E,https://doi.org/10.1016/j.apcata.2015.08.028,Functional materials
10.1016/j.ijhydene.2020.05.223,publisher_E,https://doi.org/10.1016/j.ijhydene.2020.05.223,Chemical synthesis
10.1016/j.talanta.2017.02.038,publisher_E,https://doi.org/10.1016/j.talanta.2017.02.038,Functional materials
10.1016/j.jcat.2020.05.033,publisher_E,https://doi.org/10.1016/j.jcat.2020.05.033,Functional materials
10.1016/j.jiec.2023.09.013,publisher_E,https://doi.org/10.1016/j.jiec.2023.09.013,Functional materials
10.1016/j.ijhydene.2016.08.153,publisher_E,https://doi.org/10.1016/j.ijhydene.2016.08.153,Functional materials
10.1016/j.jssc.2023.123970,publisher_E,https://doi.org/10.1016/j.jssc.2023.123970,Functional materials
10.1016/j.ica.2020.119600,publisher_E,https://doi.org/10.1016/j.ica.2020.119600,Crystal engineering
10.1016/j.jallcom.2012.06.030,publisher_E,https://doi.org/10.1016/j.jallcom.2012.06.030,Chemical synthesis
10.1016/j.inoche.2023.111634,publisher_E,https://doi.org/10.1016/j.inoche.2023.111634,Functional materials
10.1016/j.microc.2024.111136,publisher_E,https://doi.org/10.1016/j.microc.2024.111136,Functional materials
10.1038/s41563-018-0098-1,publisher_S,https://doi.org/10.1038/s41563-018-0098-1,Chemical synthesis
10.1016/S1872-2067(23)64562-0,publisher_E,https://doi.org/10.1016/S1872-2067(23)64562-0,Functional materials
10.1016/j.matchemphys.2023.128448,publisher_E,https://doi.org/10.1016/j.matchemphys.2023.128448,Chemical synthesis
10.1016/j.inoche.2014.08.017,publisher_E,https://doi.org/10.1016/j.inoche.2014.08.017,Crystal engineering
10.1016/j.jcou.2022.101960,publisher_E,https://doi.org/10.1016/j.jcou.2022.101960,Chemical synthesis
10.1016/j.jcat.2022.01.031,publisher_E,https://doi.org/10.1016/j.jcat.2022.01.031,Chemical synthesis
10.1016/j.mtbio.2021.100097,publisher_E,https://doi.org/10.1016/j.mtbio.2021.100097,Chemical synthesis
10.1016/j.matlet.2023.134699,publisher_E,https://doi.org/10.1016/j.matlet.2023.134699,Functional materials
10.1016/j.jics.2024.101125,publisher_E,https://doi.org/10.1016/j.jics.2024.101125,Functional materials
10.1016/j.jinorgbio.2019.110977,publisher_E,https://doi.org/10.1016/j.jinorgbio.2019.110977,Functional materials
10.1016/j.jre.2023.02.016,publisher_E,https://doi.org/10.1016/j.jre.2023.02.016,Functional materials
10.1016/j.molstruc.2009.06.014,publisher_E,https://doi.org/10.1016/j.molstruc.2009.06.014,Crystal engineering
10.1016/j.jphotochem.2021.113572,publisher_E,https://doi.org/10.1016/j.jphotochem.2021.113572,Functional materials
10.1016/j.ijbiomac.2024.137689,publisher_E,https://doi.org/10.1016/j.ijbiomac.2024.137689,Chemical synthesis
10.1016/j.micromeso.2022.111909,publisher_E,https://doi.org/10.1016/j.micromeso.2022.111909,Functional materials
10.1016/j.arabjc.2022.104141,publisher_E,https://doi.org/10.1016/j.arabjc.2022.104141,Functional materials
10.1016/j.jssc.2024.124726,publisher_E,https://doi.org/10.1016/j.jssc.2024.124726,Functional materials
10.1016/j.solidstatesciences.2025.107855,publisher_E,https://doi.org/10.1016/j.solidstatesciences.2025.107855,Functional materials
10.1016/j.colsurfa.2024.135179,publisher_E,https://doi.org/10.1016/j.colsurfa.2024.135179,Functional materials
10.1016/j.cattod.2019.01.050,publisher_E,https://doi.org/10.1016/j.cattod.2019.01.050,Functional materials
10.1016/j.micromeso.2015.02.023,publisher_E,https://doi.org/10.1016/j.micromeso.2015.02.023,Crystal engineering
10.1016/j.ijhydene.2011.03.109,publisher_E,https://doi.org/10.1016/j.ijhydene.2011.03.109,Functional materials
10.1016/j.ijhydene.2010.04.066,publisher_E,https://doi.org/10.1016/j.ijhydene.2010.04.066,Functional materials
10.1016/j.vacuum.2019.01.011,publisher_E,https://doi.org/10.1016/j.vacuum.2019.01.011,Chemical synthesis
10.1016/j.matchemphys.2025.130465,publisher_E,https://doi.org/10.1016/j.matchemphys.2025.130465,Functional materials
10.1016/j.surfin.2025.106559,publisher_E,https://doi.org/10.1016/j.surfin.2025.106559,Functional materials
10.1016/j.foodchem.2021.131760,publisher_E,https://doi.org/10.1016/j.foodchem.2021.131760,Chemical synthesis
10.1016/j.snb.2022.132783,publisher_E,https://doi.org/10.1016/j.snb.2022.132783,Functional materials
10.1016/j.mtchem.2021.100534,publisher_E,https://doi.org/10.1016/j.mtchem.2021.100534,Functional materials
10.1016/j.inoche.2024.113351,publisher_E,https://doi.org/10.1016/j.inoche.2024.113351,Functional materials
10.1016/j.micromeso.2020.110571,publisher_E,https://doi.org/10.1016/j.micromeso.2020.110571,Functional materials
10.1016/j.inoche.2023.111095,publisher_E,https://doi.org/10.1016/j.inoche.2023.111095,Functional materials
10.1016/j.apsusc.2020.146511,publisher_E,https://doi.org/10.1016/j.apsusc.2020.146511,Functional materials
10.1016/j.molstruc.2007.07.023,publisher_E,https://doi.org/10.1016/j.molstruc.2007.07.023,Crystal engineering
10.1016/j.jssc.2008.12.022,publisher_E,https://doi.org/10.1016/j.jssc.2008.12.022,Crystal engineering
10.1016/j.molstruc.2024.139503,publisher_E,https://doi.org/10.1016/j.molstruc.2024.139503,Functional materials
10.1016/j.colsurfb.2021.112147,publisher_E,https://doi.org/10.1016/j.colsurfb.2021.112147,Functional materials
10.1016/j.ijhydene.2008.09.053,publisher_E,https://doi.org/10.1016/j.ijhydene.2008.09.053,Functional materials
10.1016/j.foodchem.2023.136000,publisher_E,https://doi.org/10.1016/j.foodchem.2023.136000,Crystal engineering
10.1016/j.inoche.2023.111476,publisher_E,https://doi.org/10.1016/j.inoche.2023.111476,Functional materials
10.1016/j.dyepig.2022.110253,publisher_E,https://doi.org/10.1016/j.dyepig.2022.110253,Functional materials
10.1016/j.talanta.2023.124944,publisher_E,https://doi.org/10.1016/j.talanta.2023.124944,Functional materials
10.1016/j.snb.2021.129610,publisher_E,https://doi.org/10.1016/j.snb.2021.129610,Functional materials
10.1016/j.micromeso.2010.02.008,publisher_E,https://doi.org/10.1016/j.micromeso.2010.02.008,Chemical synthesis
10.1016/j.jssc.2020.121670,publisher_E,https://doi.org/10.1016/j.jssc.2020.121670,Functional materials
10.1016/j.dyepig.2022.110438,publisher_E,https://doi.org/10.1016/j.dyepig.2022.110438,Chemical synthesis
10.1016/j.jssc.2020.121179,publisher_E,https://doi.org/10.1016/j.jssc.2020.121179,Functional materials
10.1016/j.inoche.2017.07.009,publisher_E,https://doi.org/10.1016/j.inoche.2017.07.009,Crystal engineering
10.1016/j.molstruc.2013.08.013,publisher_E,https://doi.org/10.1016/j.molstruc.2013.08.013,Crystal engineering
10.1016/j.inoche.2012.04.036,publisher_E,https://doi.org/10.1016/j.inoche.2012.04.036,Crystal engineering
10.1016/j.molstruc.2024.138112,publisher_E,https://doi.org/10.1016/j.molstruc.2024.138112,Crystal engineering
10.1016/j.molstruc.2015.01.013,publisher_E,https://doi.org/10.1016/j.molstruc.2015.01.013,Functional materials
10.1016/j.micromeso.2021.111293,publisher_E,https://doi.org/10.1016/j.micromeso.2021.111293,Functional materials
10.1016/j.inoche.2021.109141,publisher_E,https://doi.org/10.1016/j.inoche.2021.109141,Functional materials
10.1016/j.msec.2018.07.010,publisher_E,https://doi.org/10.1016/j.msec.2018.07.010,Functional materials
10.1016/j.talanta.2024.126456,publisher_E,https://doi.org/10.1016/j.talanta.2024.126456,Functional materials
10.1016/j.molstruc.2024.138452,publisher_E,https://doi.org/10.1016/j.molstruc.2024.138452,Functional materials
10.1016/j.micromeso.2020.110254,publisher_E,https://doi.org/10.1016/j.micromeso.2020.110254,Chemical synthesis
10.1016/j.jssc.2019.03.011,publisher_E,https://doi.org/10.1016/j.jssc.2019.03.011,Functional materials
10.1016/j.apcata.2018.04.020,publisher_E,https://doi.org/10.1016/j.apcata.2018.04.020,Functional materials
10.1016/j.inoche.2022.110137,publisher_E,https://doi.org/10.1016/j.inoche.2022.110137,Chemical synthesis
10.1016/j.mseb.2024.117800,publisher_E,https://doi.org/10.1016/j.mseb.2024.117800,Functional materials
10.1016/j.mseb.2023.116530,publisher_E,https://doi.org/10.1016/j.mseb.2023.116530,Functional materials
10.1016/j.jcis.2023.12.110,publisher_E,https://doi.org/10.1016/j.jcis.2023.12.110,Functional materials
10.1016/j.matchemphys.2019.122576,publisher_E,https://doi.org/10.1016/j.matchemphys.2019.122576,Chemical synthesis
10.1016/j.apcatb.2019.01.033,publisher_E,https://doi.org/10.1016/j.apcatb.2019.01.033,Functional materials
10.1016/j.mcat.2023.113470,publisher_E,https://doi.org/10.1016/j.mcat.2023.113470,Functional materials
10.1016/j.inoche.2025.114194,publisher_E,https://doi.org/10.1016/j.inoche.2025.114194,Functional materials
10.1016/j.colsurfa.2025.136754,publisher_E,https://doi.org/10.1016/j.colsurfa.2025.136754,Functional materials
10.1016/j.inoche.2020.107797,publisher_E,https://doi.org/10.1016/j.inoche.2020.107797,Functional materials
10.1016/j.jssc.2021.122100,publisher_E,https://doi.org/10.1016/j.jssc.2021.122100,Functional materials
10.1016/j.ica.2019.03.033,publisher_E,https://doi.org/10.1016/j.ica.2019.03.033,Functional materials
10.1016/j.apsusc.2014.07.023,publisher_E,https://doi.org/10.1016/j.apsusc.2014.07.023,Chemical synthesis
10.1016/j.micromeso.2015.05.029,publisher_E,https://doi.org/10.1016/j.micromeso.2015.05.029,Functional materials
10.1016/j.molliq.2017.06.097,publisher_E,https://doi.org/10.1016/j.molliq.2017.06.097,Functional materials
10.1016/j.apsusc.2017.11.096,publisher_E,https://doi.org/10.1016/j.apsusc.2017.11.096,Functional materials
10.1016/j.matlet.2017.01.120,publisher_E,https://doi.org/10.1016/j.matlet.2017.01.120,Functional materials
10.1016/j.micromeso.2023.112716,publisher_E,https://doi.org/10.1016/j.micromeso.2023.112716,Functional materials
10.1016/j.micromeso.2021.111153,publisher_E,https://doi.org/10.1016/j.micromeso.2021.111153,Crystal engineering
10.1016/j.cplett.2024.141089,publisher_E,https://doi.org/10.1016/j.cplett.2024.141089,Chemical synthesis
10.1016/j.matlet.2015.03.091,publisher_E,https://doi.org/10.1016/j.matlet.2015.03.091,Crystal engineering
10.1016/j.aca.2017.08.048,publisher_E,https://doi.org/10.1016/j.aca.2017.08.048,Functional materials
10.1016/j.matlet.2013.03.053,publisher_E,https://doi.org/10.1016/j.matlet.2013.03.053,Functional materials
10.1016/j.chemphys.2019.110655,publisher_E,https://doi.org/10.1016/j.chemphys.2019.110655,Functional materials
10.1016/j.matchemphys.2013.10.038,publisher_E,https://doi.org/10.1016/j.matchemphys.2013.10.038,Crystal engineering
10.1016/j.micromeso.2015.09.026,publisher_E,https://doi.org/10.1016/j.micromeso.2015.09.026,Functional materials
10.1016/j.ica.2017.11.030,publisher_E,https://doi.org/10.1016/j.ica.2017.11.030,Chemical synthesis
10.1016/j.microc.2023.108464,publisher_E,https://doi.org/10.1016/j.microc.2023.108464,Functional materials
10.1016/j.micromeso.2022.111944,publisher_E,https://doi.org/10.1016/j.micromeso.2022.111944,Functional materials
10.1016/j.ijhydene.2017.12.070,publisher_E,https://doi.org/10.1016/j.ijhydene.2017.12.070,Functional materials
10.1016/j.micromeso.2014.04.023,publisher_E,https://doi.org/10.1016/j.micromeso.2014.04.023,Functional materials
10.1016/j.micromeso.2013.10.003,publisher_E,https://doi.org/10.1016/j.micromeso.2013.10.003,Chemical synthesis
10.1016/j.ijbiomac.2021.09.033,publisher_E,https://doi.org/10.1016/j.ijbiomac.2021.09.033,Functional materials
10.1016/j.poly.2024.117116,publisher_E,https://doi.org/10.1016/j.poly.2024.117116,Functional materials
10.1016/j.colsurfa.2019.123645,publisher_E,https://doi.org/10.1016/j.colsurfa.2019.123645,Functional materials
10.1016/j.matchemphys.2022.127039,publisher_E,https://doi.org/10.1016/j.matchemphys.2022.127039,Crystal engineering
10.1016/j.micromeso.2017.10.020,publisher_E,https://doi.org/10.1016/j.micromeso.2017.10.020,Functional materials
10.1016/j.molstruc.2021.130298,publisher_E,https://doi.org/10.1016/j.molstruc.2021.130298,Functional materials
10.1016/j.matchemphys.2024.130292,publisher_E,https://doi.org/10.1016/j.matchemphys.2024.130292,Chemical synthesis
10.1016/j.jcat.2023.115249,publisher_E,https://doi.org/10.1016/j.jcat.2023.115249,Functional materials
10.1016/j.inoche.2015.09.018,publisher_E,https://doi.org/10.1016/j.inoche.2015.09.018,Chemical synthesis
10.1016/j.molstruc.2007.08.007,publisher_E,https://doi.org/10.1016/j.molstruc.2007.08.007,Crystal engineering
10.1016/j.ica.2011.12.030,publisher_E,https://doi.org/10.1016/j.ica.2011.12.030,Functional materials
10.1016/j.poly.2019.01.026,publisher_E,https://doi.org/10.1016/j.poly.2019.01.026,Functional materials
10.1016/j.poly.2013.12.042,publisher_E,https://doi.org/10.1016/j.poly.2013.12.042,Crystal engineering
10.1016/j.jssc.2018.09.004,publisher_E,https://doi.org/10.1016/j.jssc.2018.09.004,Functional materials
10.1016/j.ica.2016.08.001,publisher_E,https://doi.org/10.1016/j.ica.2016.08.001,Crystal engineering
10.1016/j.jssc.2012.03.002,publisher_E,https://doi.org/10.1016/j.jssc.2012.03.002,Crystal engineering
10.1016/j.jssc.2021.122660,publisher_E,https://doi.org/10.1016/j.jssc.2021.122660,Crystal engineering
10.1016/j.jssc.2020.121896,publisher_E,https://doi.org/10.1016/j.jssc.2020.121896,Crystal engineering
10.1016/j.jcis.2023.08.006,publisher_E,https://doi.org/10.1016/j.jcis.2023.08.006,Functional materials
10.1016/j.jssc.2017.07.018,publisher_E,https://doi.org/10.1016/j.jssc.2017.07.018,Functional materials
10.1016/j.apsusc.2017.10.047,publisher_E,https://doi.org/10.1016/j.apsusc.2017.10.047,Chemical synthesis
10.1016/j.micromeso.2019.109624,publisher_E,https://doi.org/10.1016/j.micromeso.2019.109624,Functional materials
10.1016/j.ijbiomac.2024.129854,publisher_E,https://doi.org/10.1016/j.ijbiomac.2024.129854,Functional materials
10.1016/j.jssc.2023.123979,publisher_E,https://doi.org/10.1016/j.jssc.2023.123979,Functional materials
10.1016/j.aca.2024.342211,publisher_E,https://doi.org/10.1016/j.aca.2024.342211,Functional materials
10.1016/j.apsusc.2017.01.075,publisher_E,https://doi.org/10.1016/j.apsusc.2017.01.075,Functional materials
10.1016/j.jallcom.2023.169138,publisher_E,https://doi.org/10.1016/j.jallcom.2023.169138,Functional materials
10.1016/j.molstruc.2021.130045,publisher_E,https://doi.org/10.1016/j.molstruc.2021.130045,Chemical synthesis
10.1016/j.matchemphys.2013.02.071,publisher_E,https://doi.org/10.1016/j.matchemphys.2013.02.071,Functional materials
10.1016/j.jssc.2019.120909,publisher_E,https://doi.org/10.1016/j.jssc.2019.120909,Functional materials
10.1016/j.poly.2013.01.038,publisher_E,https://doi.org/10.1016/j.poly.2013.01.038,Functional materials
10.1016/j.ica.2011.12.027,publisher_E,https://doi.org/10.1016/j.ica.2011.12.027,Functional materials
10.1016/j.jssc.2022.123144,publisher_E,https://doi.org/10.1016/j.jssc.2022.123144,Crystal engineering
10.1016/j.jssc.2019.06.001,publisher_E,https://doi.org/10.1016/j.jssc.2019.06.001,Crystal engineering
10.1016/j.ica.2019.119296,publisher_E,https://doi.org/10.1016/j.ica.2019.119296,Crystal engineering
10.1016/j.jssc.2021.122379,publisher_E,https://doi.org/10.1016/j.jssc.2021.122379,Functional materials
10.1016/j.jssc.2017.02.028,publisher_E,https://doi.org/10.1016/j.jssc.2017.02.028,Functional materials
10.1016/j.jssc.2019.07.034,publisher_E,https://doi.org/10.1016/j.jssc.2019.07.034,Crystal engineering
10.1016/j.molstruc.2013.10.029,publisher_E,https://doi.org/10.1016/j.molstruc.2013.10.029,Crystal engineering
10.1016/j.poly.2013.12.039,publisher_E,https://doi.org/10.1016/j.poly.2013.12.039,Functional materials
10.1016/j.poly.2014.04.036,publisher_E,https://doi.org/10.1016/j.poly.2014.04.036,Crystal engineering
10.1016/j.molstruc.2020.129453,publisher_E,https://doi.org/10.1016/j.molstruc.2020.129453,Functional materials
10.1016/j.jssc.2020.121336,publisher_E,https://doi.org/10.1016/j.jssc.2020.121336,Functional materials
10.1016/j.jssc.2019.07.008,publisher_E,https://doi.org/10.1016/j.jssc.2019.07.008,Crystal engineering
10.1016/j.jssc.2018.10.017,publisher_E,https://doi.org/10.1016/j.jssc.2018.10.017,Functional materials
10.1016/j.jssc.2018.09.029,publisher_E,https://doi.org/10.1016/j.jssc.2018.09.029,Functional materials
10.1016/j.inoche.2009.10.007,publisher_E,https://doi.org/10.1016/j.inoche.2009.10.007,Crystal engineering
10.1016/j.jssc.2017.02.018,publisher_E,https://doi.org/10.1016/j.jssc.2017.02.018,Functional materials
10.1016/j.molstruc.2017.12.027,publisher_E,https://doi.org/10.1016/j.molstruc.2017.12.027,Crystal engineering
10.1016/j.molstruc.2019.127005,publisher_E,https://doi.org/10.1016/j.molstruc.2019.127005,Crystal engineering
10.1016/j.jssc.2008.05.007,publisher_E,https://doi.org/10.1016/j.jssc.2008.05.007,Functional materials
10.1016/j.poly.2013.10.022,publisher_E,https://doi.org/10.1016/j.poly.2013.10.022,Crystal engineering
10.1016/j.mcat.2021.112007,publisher_E,https://doi.org/10.1016/j.mcat.2021.112007,Functional materials
10.1016/j.mcat.2022.112748,publisher_E,https://doi.org/10.1016/j.mcat.2022.112748,Functional materials
10.1016/j.inoche.2015.06.023,publisher_E,https://doi.org/10.1016/j.inoche.2015.06.023,Crystal engineering
10.1016/j.pnsc.2024.01.013,publisher_E,https://doi.org/10.1016/j.pnsc.2024.01.013,Functional materials
10.1016/j.ica.2018.07.031,publisher_E,https://doi.org/10.1016/j.ica.2018.07.031,Functional materials
10.1016/j.micromeso.2024.113372,publisher_E,https://doi.org/10.1016/j.micromeso.2024.113372,Functional materials
10.1016/j.catcom.2018.08.020,publisher_E,https://doi.org/10.1016/j.catcom.2018.08.020,Chemical synthesis
10.1016/j.micromeso.2015.02.055,publisher_E,https://doi.org/10.1016/j.micromeso.2015.02.055,Crystal engineering
10.1016/j.cclet.2017.12.026,publisher_E,https://doi.org/10.1016/j.cclet.2017.12.026,Chemical synthesis
10.1016/j.jscs.2020.09.006,publisher_E,https://doi.org/10.1016/j.jscs.2020.09.006,Functional materials
10.1016/j.jcis.2016.09.068,publisher_E,https://doi.org/10.1016/j.jcis.2016.09.068,Functional materials
10.1016/j.micromeso.2015.06.007,publisher_E,https://doi.org/10.1016/j.micromeso.2015.06.007,Chemical synthesis
10.1016/j.cattod.2014.05.022,publisher_E,https://doi.org/10.1016/j.cattod.2014.05.022,Functional materials
10.1016/j.molstruc.2024.138575,publisher_E,https://doi.org/10.1016/j.molstruc.2024.138575,Functional materials
10.1016/j.jssc.2015.09.034,publisher_E,https://doi.org/10.1016/j.jssc.2015.09.034,Functional materials
10.1016/j.catcom.2017.04.041,publisher_E,https://doi.org/10.1016/j.catcom.2017.04.041,Functional materials
10.1016/j.jssc.2024.124582,publisher_E,https://doi.org/10.1016/j.jssc.2024.124582,Functional materials
10.1016/j.jphotochem.2023.114776,publisher_E,https://doi.org/10.1016/j.jphotochem.2023.114776,Functional materials
10.1016/j.mcat.2025.115045,publisher_E,https://doi.org/10.1016/j.mcat.2025.115045,Functional materials
10.1016/j.ijbiomac.2023.124627,publisher_E,https://doi.org/10.1016/j.ijbiomac.2023.124627,Functional materials
10.1016/j.jssc.2024.124631,publisher_E,https://doi.org/10.1016/j.jssc.2024.124631,Functional materials
10.1016/j.ica.2018.06.034,publisher_E,https://doi.org/10.1016/j.ica.2018.06.034,Functional materials
10.1016/j.jorganchem.2025.123563,publisher_E,https://doi.org/10.1016/j.jorganchem.2025.123563,Functional materials
10.1016/j.scp.2023.101389,publisher_E,https://doi.org/10.1016/j.scp.2023.101389,Functional materials
10.1016/j.molstruc.2023.135454,publisher_E,https://doi.org/10.1016/j.molstruc.2023.135454,Chemical synthesis
10.1016/j.carbpol.2018.12.066,publisher_E,https://doi.org/10.1016/j.carbpol.2018.12.066,Functional materials
10.1016/j.matlet.2018.03.099,publisher_E,https://doi.org/10.1016/j.matlet.2018.03.099,Chemical synthesis
10.1016/j.molstruc.2021.131712,publisher_E,https://doi.org/10.1016/j.molstruc.2021.131712,Chemical synthesis
10.1016/j.jiec.2018.07.003,publisher_E,https://doi.org/10.1016/j.jiec.2018.07.003,Chemical synthesis
10.1016/j.ijhydene.2016.08.040,publisher_E,https://doi.org/10.1016/j.ijhydene.2016.08.040,Functional materials
10.1016/j.poly.2022.116052,publisher_E,https://doi.org/10.1016/j.poly.2022.116052,Chemical synthesis
10.1016/j.molstruc.2016.11.084,publisher_E,https://doi.org/10.1016/j.molstruc.2016.11.084,Crystal engineering
10.1016/j.micromeso.2020.110039,publisher_E,https://doi.org/10.1016/j.micromeso.2020.110039,Functional materials
10.1016/j.poly.2018.11.043,publisher_E,https://doi.org/10.1016/j.poly.2018.11.043,Functional materials
10.1016/j.inoche.2013.04.020,publisher_E,https://doi.org/10.1016/j.inoche.2013.04.020,Crystal engineering
10.1016/j.molliq.2019.02.069,publisher_E,https://doi.org/10.1016/j.molliq.2019.02.069,Functional materials
10.1016/j.ijbiomac.2024.136648,publisher_E,https://doi.org/10.1016/j.ijbiomac.2024.136648,Functional materials
10.1016/j.mcat.2020.111291,publisher_E,https://doi.org/10.1016/j.mcat.2020.111291,Functional materials
10.1016/j.poly.2012.05.043,publisher_E,https://doi.org/10.1016/j.poly.2012.05.043,Functional materials
10.1016/j.catcom.2018.11.009,publisher_E,https://doi.org/10.1016/j.catcom.2018.11.009,Functional materials
10.1016/j.apcatb.2022.121163,publisher_E,https://doi.org/10.1016/j.apcatb.2022.121163,Functional materials
10.1016/j.micromeso.2020.110626,publisher_E,https://doi.org/10.1016/j.micromeso.2020.110626,Crystal engineering
10.1016/j.cattod.2011.03.017,publisher_E,https://doi.org/10.1016/j.cattod.2011.03.017,Chemical synthesis
10.1016/j.micromeso.2014.11.008,publisher_E,https://doi.org/10.1016/j.micromeso.2014.11.008,Functional materials
10.1016/j.jssc.2017.10.020,publisher_E,https://doi.org/10.1016/j.jssc.2017.10.020,Crystal engineering
10.1016/j.micromeso.2019.109917,publisher_E,https://doi.org/10.1016/j.micromeso.2019.109917,Functional materials
10.1016/j.cclet.2020.04.044,publisher_E,https://doi.org/10.1016/j.cclet.2020.04.044,Functional materials
10.1016/j.ijbiomac.2024.134767,publisher_E,https://doi.org/10.1016/j.ijbiomac.2024.134767,Functional materials
10.1016/j.jssc.2023.123950,publisher_E,https://doi.org/10.1016/j.jssc.2023.123950,Functional materials
10.1016/j.cplett.2021.138690,publisher_E,https://doi.org/10.1016/j.cplett.2021.138690,Chemical synthesis
10.1016/j.molstruc.2023.135496,publisher_E,https://doi.org/10.1016/j.molstruc.2023.135496,Functional materials
10.1016/j.pnsc.2018.08.002,publisher_E,https://doi.org/10.1016/j.pnsc.2018.08.002,Functional materials
10.1016/j.radphyschem.2024.111580,publisher_E,https://doi.org/10.1016/j.radphyschem.2024.111580,Functional materials
10.1016/j.inoche.2018.05.016,publisher_E,https://doi.org/10.1016/j.inoche.2018.05.016,Functional materials
10.1016/j.micromeso.2023.112915,publisher_E,https://doi.org/10.1016/j.micromeso.2023.112915,Functional materials
10.1016/j.colsurfa.2022.128421,publisher_E,https://doi.org/10.1016/j.colsurfa.2022.128421,Functional materials
10.1016/j.ica.2020.119591,publisher_E,https://doi.org/10.1016/j.ica.2020.119591,Functional materials
10.1016/j.poly.2021.115299,publisher_E,https://doi.org/10.1016/j.poly.2021.115299,Chemical synthesis
10.1016/j.jcat.2012.01.013,publisher_E,https://doi.org/10.1016/j.jcat.2012.01.013,Functional materials
10.1016/j.ica.2020.119412,publisher_E,https://doi.org/10.1016/j.ica.2020.119412,Crystal engineering
10.1016/j.mcat.2024.114555,publisher_E,https://doi.org/10.1016/j.mcat.2024.114555,Functional materials
10.1016/j.poly.2018.06.041,publisher_E,https://doi.org/10.1016/j.poly.2018.06.041,Functional materials
10.1016/j.jssc.2018.04.030,publisher_E,https://doi.org/10.1016/j.jssc.2018.04.030,Crystal engineering
10.1016/j.apmt.2020.100817,publisher_E,https://doi.org/10.1016/j.apmt.2020.100817,Functional materials
10.1016/j.jssc.2020.121257,publisher_E,https://doi.org/10.1016/j.jssc.2020.121257,Functional materials
10.1016/j.jssc.2018.12.009,publisher_E,https://doi.org/10.1016/j.jssc.2018.12.009,Functional materials
10.1016/j.matchemphys.2022.127024,publisher_E,https://doi.org/10.1016/j.matchemphys.2022.127024,Functional materials
10.1016/j.inoche.2014.02.025,publisher_E,https://doi.org/10.1016/j.inoche.2014.02.025,Functional materials
10.1016/j.mtchem.2022.100882,publisher_E,https://doi.org/10.1016/j.mtchem.2022.100882,Functional materials
10.1016/j.molstruc.2024.141094,publisher_E,https://doi.org/10.1016/j.molstruc.2024.141094,Functional materials
10.1016/j.bios.2021.112999,publisher_E,https://doi.org/10.1016/j.bios.2021.112999,Functional materials
10.1016/j.jssc.2008.08.006,publisher_E,https://doi.org/10.1016/j.jssc.2008.08.006,Crystal engineering
10.1016/j.micromeso.2008.06.040,publisher_E,https://doi.org/10.1016/j.micromeso.2008.06.040,Chemical synthesis
10.1016/j.micromeso.2012.12.024,publisher_E,https://doi.org/10.1016/j.micromeso.2012.12.024,Chemical synthesis
10.1016/j.matdes.2021.109741,publisher_E,https://doi.org/10.1016/j.matdes.2021.109741,Functional materials
10.1016/j.micromeso.2016.09.020,publisher_E,https://doi.org/10.1016/j.micromeso.2016.09.020,Functional materials
10.1016/j.micromeso.2022.112233,publisher_E,https://doi.org/10.1016/j.micromeso.2022.112233,Functional materials
10.1016/j.poly.2021.115283,publisher_E,https://doi.org/10.1016/j.poly.2021.115283,Crystal engineering
10.1016/j.jssc.2019.120896,publisher_E,https://doi.org/10.1016/j.jssc.2019.120896,Crystal engineering
10.1016/j.inoche.2011.11.015,publisher_E,https://doi.org/10.1016/j.inoche.2011.11.015,Functional materials
10.1016/j.jssc.2009.11.003,publisher_E,https://doi.org/10.1016/j.jssc.2009.11.003,Crystal engineering
10.1016/j.ica.2020.119931,publisher_E,https://doi.org/10.1016/j.ica.2020.119931,Crystal engineering
10.1016/j.ica.2016.05.042,publisher_E,https://doi.org/10.1016/j.ica.2016.05.042,Crystal engineering
10.1016/j.jssc.2015.10.034,publisher_E,https://doi.org/10.1016/j.jssc.2015.10.034,Crystal engineering
10.1016/j.molstruc.2016.11.034,publisher_E,https://doi.org/10.1016/j.molstruc.2016.11.034,Functional materials
10.1016/j.solidstatesciences.2006.12.003,publisher_E,https://doi.org/10.1016/j.solidstatesciences.2006.12.003,Crystal engineering
10.1016/j.poly.2006.11.050,publisher_E,https://doi.org/10.1016/j.poly.2006.11.050,Functional materials
10.1016/j.ijhydene.2017.02.192,publisher_E,https://doi.org/10.1016/j.ijhydene.2017.02.192,Functional materials
10.1016/j.mtcomm.2025.112123,publisher_E,https://doi.org/10.1016/j.mtcomm.2025.112123,Functional materials
10.1016/j.molstruc.2017.02.030,publisher_E,https://doi.org/10.1016/j.molstruc.2017.02.030,Crystal engineering
10.1016/j.ijhydene.2015.06.109,publisher_E,https://doi.org/10.1016/j.ijhydene.2015.06.109,Functional materials
10.1016/j.ijhydene.2018.06.106,publisher_E,https://doi.org/10.1016/j.ijhydene.2018.06.106,Functional materials
10.1016/j.micromeso.2010.12.001,publisher_E,https://doi.org/10.1016/j.micromeso.2010.12.001,Functional materials
10.1016/j.tetlet.2011.09.099,publisher_E,https://doi.org/10.1016/j.tetlet.2011.09.099,Functional materials
10.1016/j.poly.2017.01.038,publisher_E,https://doi.org/10.1016/j.poly.2017.01.038,Crystal engineering
10.1016/j.jssc.2013.09.004,publisher_E,https://doi.org/10.1016/j.jssc.2013.09.004,Crystal engineering
10.1016/j.jssc.2018.02.005,publisher_E,https://doi.org/10.1016/j.jssc.2018.02.005,Crystal engineering
10.1016/j.poly.2017.04.009,publisher_E,https://doi.org/10.1016/j.poly.2017.04.009,Crystal engineering
10.1016/j.inoche.2012.03.032,publisher_E,https://doi.org/10.1016/j.inoche.2012.03.032,Crystal engineering
10.1006/jssc.2000.9070,publisher_E,https://doi.org/10.1006/jssc.2000.9070,Crystal engineering
10.1016/j.ica.2013.03.003,publisher_E,https://doi.org/10.1016/j.ica.2013.03.003,Chemical synthesis
10.1016/j.molstruc.2023.137229,publisher_E,https://doi.org/10.1016/j.molstruc.2023.137229,Functional materials
10.1016/j.jssc.2012.10.028,publisher_E,https://doi.org/10.1016/j.jssc.2012.10.028,Crystal engineering
10.1016/j.poly.2012.10.005,publisher_E,https://doi.org/10.1016/j.poly.2012.10.005,Crystal engineering
10.1016/j.poly.2014.08.053,publisher_E,https://doi.org/10.1016/j.poly.2014.08.053,Crystal engineering
10.1016/j.jssc.2008.05.039,publisher_E,https://doi.org/10.1016/j.jssc.2008.05.039,Crystal engineering
10.1016/j.inoche.2012.07.029,publisher_E,https://doi.org/10.1016/j.inoche.2012.07.029,Crystal engineering
10.1016/j.poly.2004.02.007,publisher_E,https://doi.org/10.1016/j.poly.2004.02.007,Crystal engineering
10.1016/j.molstruc.2014.06.075,publisher_E,https://doi.org/10.1016/j.molstruc.2014.06.075,Crystal engineering
10.1016/j.poly.2010.07.013,publisher_E,https://doi.org/10.1016/j.poly.2010.07.013,Crystal engineering
10.1016/j.poly.2014.12.043,publisher_E,https://doi.org/10.1016/j.poly.2014.12.043,Functional materials
10.1016/S1387-7003(01)00238-6,publisher_E,https://doi.org/10.1016/S1387-7003(01)00238-6,Crystal engineering
10.1016/j.molstruc.2005.11.011,publisher_E,https://doi.org/10.1016/j.molstruc.2005.11.011,Crystal engineering
10.1016/j.inoche.2009.09.020,publisher_E,https://doi.org/10.1016/j.inoche.2009.09.020,Crystal engineering
10.1016/S0022-2860(03)00149-2,publisher_E,https://doi.org/10.1016/S0022-2860(03)00149-2,Crystal engineering
10.1016/j.molstruc.2009.11.008,publisher_E,https://doi.org/10.1016/j.molstruc.2009.11.008,Crystal engineering
10.1016/j.molstruc.2006.04.029,publisher_E,https://doi.org/10.1016/j.molstruc.2006.04.029,Crystal engineering
10.1016/j.ica.2009.03.023,publisher_E,https://doi.org/10.1016/j.ica.2009.03.023,Crystal engineering
10.1016/j.molstruc.2003.11.009,publisher_E,https://doi.org/10.1016/j.molstruc.2003.11.009,Crystal engineering
10.1016/j.solidstatesciences.2005.01.014,publisher_E,https://doi.org/10.1016/j.solidstatesciences.2005.01.014,Crystal engineering
10.1016/j.jssc.2004.05.022,publisher_E,https://doi.org/10.1016/j.jssc.2004.05.022,Crystal engineering
10.1016/j.molstruc.2004.04.020,publisher_E,https://doi.org/10.1016/j.molstruc.2004.04.020,Crystal engineering
10.1016/j.molstruc.2006.12.053,publisher_E,https://doi.org/10.1016/j.molstruc.2006.12.053,Crystal engineering
10.1016/j.solidstatesciences.2014.04.004,publisher_E,https://doi.org/10.1016/j.solidstatesciences.2014.04.004,Crystal engineering
10.1016/j.poly.2012.07.043,publisher_E,https://doi.org/10.1016/j.poly.2012.07.043,Crystal engineering
10.1016/j.solidstatesciences.2017.05.002,publisher_E,https://doi.org/10.1016/j.solidstatesciences.2017.05.002,Chemical synthesis
10.1016/j.ica.2008.08.025,publisher_E,https://doi.org/10.1016/j.ica.2008.08.025,Chemical synthesis
10.1016/j.jssc.2015.01.001,publisher_E,https://doi.org/10.1016/j.jssc.2015.01.001,Chemical synthesis
10.1016/j.ica.2014.12.036,publisher_E,https://doi.org/10.1016/j.ica.2014.12.036,Crystal engineering
10.1016/j.mencom.2016.05.010,publisher_E,https://doi.org/10.1016/j.mencom.2016.05.010,Crystal engineering
10.1016/j.poly.2016.03.020,publisher_E,https://doi.org/10.1016/j.poly.2016.03.020,Crystal engineering
10.1016/j.inoche.2007.05.025,publisher_E,https://doi.org/10.1016/j.inoche.2007.05.025,Crystal engineering
10.1016/j.inoche.2014.07.014,publisher_E,https://doi.org/10.1016/j.inoche.2014.07.014,Crystal engineering
10.1016/j.inoche.2014.09.012,publisher_E,https://doi.org/10.1016/j.inoche.2014.09.012,Crystal engineering
10.1016/j.inoche.2006.09.009,publisher_E,https://doi.org/10.1016/j.inoche.2006.09.009,Crystal engineering
10.1006/jssc.2001.9118,unmapped,https://doi.org/10.1006/jssc.2001.9118,Crystal engineering
10.1016/j.molstruc.2022.134825,publisher_E,https://doi.org/10.1016/j.molstruc.2022.134825,Theory & modeling
10.1016/j.inoche.2012.07.010,publisher_E,https://doi.org/10.1016/j.inoche.2012.07.010,Crystal engineering
10.1016/j.inoche.2013.05.014,publisher_E,https://doi.org/10.1016/j.inoche.2013.05.014,Crystal engineering
10.1016/j.jssc.2011.12.007,publisher_E,https://doi.org/10.1016/j.jssc.2011.12.007,Crystal engineering
10.1016/j.molstruc.2010.03.074,publisher_E,https://doi.org/10.1016/j.molstruc.2010.03.074,Crystal engineering
10.1016/j.ica.2008.03.103,publisher_E,https://doi.org/10.1016/j.ica.2008.03.103,Crystal engineering
10.1016/j.inoche.2011.11.008,publisher_E,https://doi.org/10.1016/j.inoche.2011.11.008,Crystal engineering
10.1016/j.jssc.2016.09.018,publisher_E,https://doi.org/10.1016/j.jssc.2016.09.018,Functional materials
10.1016/j.ica.2007.02.038,publisher_E,https://doi.org/10.1016/j.ica.2007.02.038,Crystal engineering
10.1016/j.jcis.2018.05.008,publisher_E,https://doi.org/10.1016/j.jcis.2018.05.008,Functional materials
10.1016/j.micromeso.2003.12.027,publisher_E,https://doi.org/10.1016/j.micromeso.2003.12.027,Chemical synthesis
10.1016/j.ijhydene.2023.05.357,publisher_E,https://doi.org/10.1016/j.ijhydene.2023.05.357,Functional materials
10.1016/j.jssc.2023.124010,publisher_E,https://doi.org/10.1016/j.jssc.2023.124010,Chemical synthesis
10.1016/j.micromeso.2021.111246,publisher_E,https://doi.org/10.1016/j.micromeso.2021.111246,Functional materials
10.1016/j.micromeso.2023.112974,publisher_E,https://doi.org/10.1016/j.micromeso.2023.112974,Functional materials
10.1016/j.inoche.2010.01.014,publisher_E,https://doi.org/10.1016/j.inoche.2010.01.014,Crystal engineering
10.1016/j.inoche.2011.12.002,publisher_E,https://doi.org/10.1016/j.inoche.2011.12.002,Crystal engineering
10.1016/j.ijbiomac.2023.124806,publisher_E,https://doi.org/10.1016/j.ijbiomac.2023.124806,Functional materials
10.1016/j.tca.2016.11.013,publisher_E,https://doi.org/10.1016/j.tca.2016.11.013,Chemical synthesis
10.1016/j.ijbiomac.2023.128424,publisher_E,https://doi.org/10.1016/j.ijbiomac.2023.128424,Functional materials
10.1016/j.jorganchem.2009.01.037,publisher_E,https://doi.org/10.1016/j.jorganchem.2009.01.037,Chemical synthesis
10.1016/j.carbpol.2023.121750,publisher_E,https://doi.org/10.1016/j.carbpol.2023.121750,Functional materials
10.1016/j.jssc.2015.10.033,publisher_E,https://doi.org/10.1016/j.jssc.2015.10.033,Crystal engineering
10.1016/j.molstruc.2009.06.002,publisher_E,https://doi.org/10.1016/j.molstruc.2009.06.002,Crystal engineering
10.1016/j.inoche.2012.09.004,publisher_E,https://doi.org/10.1016/j.inoche.2012.09.004,Crystal engineering
10.1016/j.inoche.2011.09.029,publisher_E,https://doi.org/10.1016/j.inoche.2011.09.029,Chemical synthesis
10.1016/j.micromeso.2013.11.036,publisher_E,https://doi.org/10.1016/j.micromeso.2013.11.036,Functional materials
10.1016/j.snb.2021.131008,publisher_E,https://doi.org/10.1016/j.snb.2021.131008,Functional materials
10.1016/j.solidstatesciences.2024.107755,publisher_E,https://doi.org/10.1016/j.solidstatesciences.2024.107755,Functional materials
10.1016/j.inoche.2024.113589,publisher_E,https://doi.org/10.1016/j.inoche.2024.113589,Functional materials
10.1016/j.msec.2019.01.032,publisher_E,https://doi.org/10.1016/j.msec.2019.01.032,Functional materials
10.1016/j.micromeso.2023.112647,publisher_E,https://doi.org/10.1016/j.micromeso.2023.112647,Theory & modeling
10.1016/j.micromeso.2014.09.046,publisher_E,https://doi.org/10.1016/j.micromeso.2014.09.046,Functional materials
10.1016/j.apcatb.2019.117979,publisher_E,https://doi.org/10.1016/j.apcatb.2019.117979,Functional materials
10.1016/j.micromeso.2023.112707,publisher_E,https://doi.org/10.1016/j.micromeso.2023.112707,Chemical synthesis
10.1016/j.mtnano.2018.09.001,publisher_E,https://doi.org/10.1016/j.mtnano.2018.09.001,Functional materials
10.1016/j.ica.2017.11.008,publisher_E,https://doi.org/10.1016/j.ica.2017.11.008,Crystal engineering
10.1016/j.poly.2023.116386,publisher_E,https://doi.org/10.1016/j.poly.2023.116386,Functional materials
10.1016/j.matchemphys.2017.01.024,publisher_E,https://doi.org/10.1016/j.matchemphys.2017.01.024,Functional materials
10.1016/j.jcis.2014.03.014,publisher_E,https://doi.org/10.1016/j.jcis.2014.03.014,Crystal engineering
10.1016/j.micromeso.2011.11.052,publisher_E,https://doi.org/10.1016/j.micromeso.2011.11.052,Functional materials
10.1016/j.micromeso.2024.113130,publisher_E,https://doi.org/10.1016/j.micromeso.2024.113130,Functional materials
10.1016/j.micromeso.2025.113727,publisher_E,https://doi.org/10.1016/j.micromeso.2025.113727,Functional materials
10.1016/j.biomaterials.2024.122755,publisher_E,https://doi.org/10.1016/j.biomaterials.2024.122755,Chemical synthesis
10.1016/j.jcis.2017.01.060,publisher_E,https://doi.org/10.1016/j.jcis.2017.01.060,Functional materials
10.1016/j.molstruc.2020.129797,publisher_E,https://doi.org/10.1016/j.molstruc.2020.129797,Functional materials
10.1016/j.mtcomm.2023.105927,publisher_E,https://doi.org/10.1016/j.mtcomm.2023.105927,Functional materials
10.1016/j.ijbiomac.2024.131584,publisher_E,https://doi.org/10.1016/j.ijbiomac.2024.131584,Functional materials
10.1016/j.colsurfa.2022.130751,publisher_E,https://doi.org/10.1016/j.colsurfa.2022.130751,Functional materials
10.1016/j.apsusc.2017.01.271,publisher_E,https://doi.org/10.1016/j.apsusc.2017.01.271,Crystal engineering
10.1016/j.poly.2018.07.026,publisher_E,https://doi.org/10.1016/j.poly.2018.07.026,Crystal engineering
10.1016/j.mcat.2021.111859,publisher_E,https://doi.org/10.1016/j.mcat.2021.111859,Chemical synthesis
10.1016/j.ijhydene.2022.09.128,publisher_E,https://doi.org/10.1016/j.ijhydene.2022.09.128,Functional materials
10.1016/j.jcis.2020.03.076,publisher_E,https://doi.org/10.1016/j.jcis.2020.03.076,Functional materials
10.1016/j.jiec.2023.12.021,publisher_E,https://doi.org/10.1016/j.jiec.2023.12.021,Functional materials
10.1016/j.addma.2020.101774,publisher_E,https://doi.org/10.1016/j.addma.2020.101774,Crystal engineering
10.1016/j.apsusc.2016.08.111,publisher_E,https://doi.org/10.1016/j.apsusc.2016.08.111,Functional materials
10.1016/j.inoche.2016.07.006,publisher_E,https://doi.org/10.1016/j.inoche.2016.07.006,Crystal engineering
10.1016/j.jssc.2009.08.018,publisher_E,https://doi.org/10.1016/j.jssc.2009.08.018,Crystal engineering
10.1016/j.matchemphys.2021.125536,publisher_E,https://doi.org/10.1016/j.matchemphys.2021.125536,Functional materials
10.1016/j.ijhydene.2022.11.026,publisher_E,https://doi.org/10.1016/j.ijhydene.2022.11.026,Functional materials
10.1016/j.jssc.2024.124677,publisher_E,https://doi.org/10.1016/j.jssc.2024.124677,Functional materials
10.1016/j.molstruc.2024.139676,publisher_E,https://doi.org/10.1016/j.molstruc.2024.139676,Functional materials
10.1016/j.jcis.2025.02.096,publisher_E,https://doi.org/10.1016/j.jcis.2025.02.096,Functional materials
10.1016/j.molstruc.2022.132843,publisher_E,https://doi.org/10.1016/j.molstruc.2022.132843,Functional materials
10.1016/j.micromeso.2022.112008,publisher_E,https://doi.org/10.1016/j.micromeso.2022.112008,Functional materials
10.1016/j.jcat.2018.11.031,publisher_E,https://doi.org/10.1016/j.jcat.2018.11.031,Functional materials
10.1016/j.dyepig.2014.06.010,publisher_E,https://doi.org/10.1016/j.dyepig.2014.06.010,Crystal engineering
10.1016/j.inoche.2013.01.023,publisher_E,https://doi.org/10.1016/j.inoche.2013.01.023,Crystal engineering
10.1016/j.inoche.2018.06.002,publisher_E,https://doi.org/10.1016/j.inoche.2018.06.002,Functional materials
10.1016/j.molstruc.2014.07.067,publisher_E,https://doi.org/10.1016/j.molstruc.2014.07.067,Functional materials
10.1016/j.inoche.2018.02.010,publisher_E,https://doi.org/10.1016/j.inoche.2018.02.010,Crystal engineering
10.1016/j.matchemphys.2020.123924,publisher_E,https://doi.org/10.1016/j.matchemphys.2020.123924,Functional materials
10.1016/j.poly.2019.01.045,publisher_E,https://doi.org/10.1016/j.poly.2019.01.045,Functional materials
10.1016/j.molstruc.2009.05.055,publisher_E,https://doi.org/10.1016/j.molstruc.2009.05.055,Chemical synthesis
10.1016/j.jssc.2013.08.029,publisher_E,https://doi.org/10.1016/j.jssc.2013.08.029,Crystal engineering
10.1016/j.inoche.2013.06.042,publisher_E,https://doi.org/10.1016/j.inoche.2013.06.042,Crystal engineering
10.1016/j.molstruc.2022.134777,publisher_E,https://doi.org/10.1016/j.molstruc.2022.134777,Functional materials
10.1016/j.ica.2014.11.039,publisher_E,https://doi.org/10.1016/j.ica.2014.11.039,Crystal engineering
10.1016/j.jssc.2009.07.019,publisher_E,https://doi.org/10.1016/j.jssc.2009.07.019,Chemical synthesis
10.1016/j.poly.2016.07.006,publisher_E,https://doi.org/10.1016/j.poly.2016.07.006,Crystal engineering
10.1016/j.inoche.2019.107536,publisher_E,https://doi.org/10.1016/j.inoche.2019.107536,Functional materials
10.1016/j.dyepig.2015.09.024,publisher_E,https://doi.org/10.1016/j.dyepig.2015.09.024,Crystal engineering
10.1016/j.micromeso.2012.02.027,publisher_E,https://doi.org/10.1016/j.micromeso.2012.02.027,Crystal engineering
10.1016/j.micromeso.2018.01.031,publisher_E,https://doi.org/10.1016/j.micromeso.2018.01.031,Functional materials
10.1016/j.matlet.2014.04.024,publisher_E,https://doi.org/10.1016/j.matlet.2014.04.024,Crystal engineering
10.1016/j.ica.2011.02.016,publisher_E,https://doi.org/10.1016/j.ica.2011.02.016,Crystal engineering
10.1016/j.micromeso.2008.07.044,publisher_E,https://doi.org/10.1016/j.micromeso.2008.07.044,Crystal engineering
10.1016/j.mtchem.2022.101064,publisher_E,https://doi.org/10.1016/j.mtchem.2022.101064,Functional materials
10.1016/j.solidstatesciences.2021.106792,publisher_E,https://doi.org/10.1016/j.solidstatesciences.2021.106792,Functional materials
10.1016/j.ica.2017.10.029,publisher_E,https://doi.org/10.1016/j.ica.2017.10.029,Crystal engineering
10.1016/j.ceramint.2023.01.204,publisher_E,https://doi.org/10.1016/j.ceramint.2023.01.204,Functional materials
10.1016/j.inoche.2012.08.023,publisher_E,https://doi.org/10.1016/j.inoche.2012.08.023,Crystal engineering
10.1016/j.inoche.2015.11.007,publisher_E,https://doi.org/10.1016/j.inoche.2015.11.007,Chemical synthesis
10.1016/j.inoche.2023.111056,publisher_E,https://doi.org/10.1016/j.inoche.2023.111056,Functional materials
10.1016/j.ica.2014.12.002,publisher_E,https://doi.org/10.1016/j.ica.2014.12.002,Functional materials
10.1016/j.jssc.2019.121123,publisher_E,https://doi.org/10.1016/j.jssc.2019.121123,Crystal engineering
10.1016/j.poly.2017.11.011,publisher_E,https://doi.org/10.1016/j.poly.2017.11.011,Crystal engineering
10.1016/j.inoche.2019.107448,publisher_E,https://doi.org/10.1016/j.inoche.2019.107448,Functional materials
10.1016/j.jcat.2018.06.013,publisher_E,https://doi.org/10.1016/j.jcat.2018.06.013,Functional materials
10.1016/j.molstruc.2023.136955,publisher_E,https://doi.org/10.1016/j.molstruc.2023.136955,Functional materials
10.1016/j.ica.2010.12.053,publisher_E,https://doi.org/10.1016/j.ica.2010.12.053,Functional materials
10.1016/j.molstruc.2011.05.013,publisher_E,https://doi.org/10.1016/j.molstruc.2011.05.013,Functional materials
10.1016/j.dyepig.2020.108834,publisher_E,https://doi.org/10.1016/j.dyepig.2020.108834,Functional materials
10.1016/j.dyepig.2021.110000,publisher_E,https://doi.org/10.1016/j.dyepig.2021.110000,Functional materials
10.1016/j.ica.2020.119556,publisher_E,https://doi.org/10.1016/j.ica.2020.119556,Crystal engineering
10.1016/j.poly.2018.02.007,publisher_E,https://doi.org/10.1016/j.poly.2018.02.007,Functional materials
10.1016/j.jssc.2022.123270,publisher_E,https://doi.org/10.1016/j.jssc.2022.123270,Functional materials
10.1016/j.jssc.2007.04.010,publisher_E,https://doi.org/10.1016/j.jssc.2007.04.010,Functional materials
10.1016/j.jssc.2020.121342,publisher_E,https://doi.org/10.1016/j.jssc.2020.121342,Functional materials
10.1016/j.jphotochem.2019.112240,publisher_E,https://doi.org/10.1016/j.jphotochem.2019.112240,Functional materials
10.1016/j.mtcomm.2024.111177,publisher_E,https://doi.org/10.1016/j.mtcomm.2024.111177,Theory & modeling
10.1016/j.ica.2007.04.035,publisher_E,https://doi.org/10.1016/j.ica.2007.04.035,Functional materials
10.1016/j.foodchem.2022.134134,publisher_E,https://doi.org/10.1016/j.foodchem.2022.134134,Functional materials
10.1016/j.inoche.2019.05.013,publisher_E,https://doi.org/10.1016/j.inoche.2019.05.013,Functional materials
10.1016/j.jcis.2022.09.004,publisher_E,https://doi.org/10.1016/j.jcis.2022.09.004,Chemical synthesis
10.1016/j.poly.2012.07.091,publisher_E,https://doi.org/10.1016/j.poly.2012.07.091,Functional materials
10.1016/j.optmat.2018.05.014,publisher_E,https://doi.org/10.1016/j.optmat.2018.05.014,Functional materials
10.1016/j.inoche.2025.114321,publisher_E,https://doi.org/10.1016/j.inoche.2025.114321,Functional materials
10.1038/s42004-019-0135-2,publisher_S,https://doi.org/10.1038/s42004-019-0135-2,Functional materials
10.1016/j.molstruc.2024.137566,publisher_E,https://doi.org/10.1016/j.molstruc.2024.137566,Chemical synthesis
10.1016/j.solidstatesciences.2011.03.018,publisher_E,https://doi.org/10.1016/j.solidstatesciences.2011.03.018,Crystal engineering
10.1016/j.poly.2018.12.051,publisher_E,https://doi.org/10.1016/j.poly.2018.12.051,Functional materials
10.1016/j.materresbull.2018.07.025,publisher_E,https://doi.org/10.1016/j.materresbull.2018.07.025,Functional materials
10.1016/j.molstruc.2023.135886,publisher_E,https://doi.org/10.1016/j.molstruc.2023.135886,Functional materials
10.1016/j.snb.2016.12.130,publisher_E,https://doi.org/10.1016/j.snb.2016.12.130,Functional materials
10.1016/j.jssc.2016.05.034,publisher_E,https://doi.org/10.1016/j.jssc.2016.05.034,Crystal engineering
10.1016/j.molstruc.2011.03.062,publisher_E,https://doi.org/10.1016/j.molstruc.2011.03.062,Crystal engineering
10.1016/j.materresbull.2017.12.033,publisher_E,https://doi.org/10.1016/j.materresbull.2017.12.033,Functional materials
10.1016/j.jssc.2023.124534,publisher_E,https://doi.org/10.1016/j.jssc.2023.124534,Functional materials
10.1016/j.jssc.2011.06.023,publisher_E,https://doi.org/10.1016/j.jssc.2011.06.023,Functional materials
10.1016/j.ica.2024.121989,publisher_E,https://doi.org/10.1016/j.ica.2024.121989,Functional materials
10.1016/j.inoche.2015.09.004,publisher_E,https://doi.org/10.1016/j.inoche.2015.09.004,Functional materials
10.1016/j.micromeso.2008.04.033,publisher_E,https://doi.org/10.1016/j.micromeso.2008.04.033,Functional materials
10.1038/NMAT4113,publisher_S,https://doi.org/10.1038/NMAT4113,Functional materials
10.1016/j.colsurfa.2022.129477,publisher_E,https://doi.org/10.1016/j.colsurfa.2022.129477,Functional materials
10.1016/j.jssc.2021.122654,publisher_E,https://doi.org/10.1016/j.jssc.2021.122654,Functional materials
10.1016/j.mcat.2023.113689,publisher_E,https://doi.org/10.1016/j.mcat.2023.113689,Chemical synthesis
10.1016/j.poly.2008.11.059,publisher_E,https://doi.org/10.1016/j.poly.2008.11.059,Crystal engineering
10.1016/j.apcata.2021.118212,publisher_E,https://doi.org/10.1016/j.apcata.2021.118212,Functional materials
10.1016/j.jssc.2015.05.018,publisher_E,https://doi.org/10.1016/j.jssc.2015.05.018,Crystal engineering
10.1016/j.poly.2016.05.008,publisher_E,https://doi.org/10.1016/j.poly.2016.05.008,Crystal engineering
10.1016/j.poly.2020.114349,publisher_E,https://doi.org/10.1016/j.poly.2020.114349,Functional materials
10.1016/j.solidstatesciences.2005.03.007,publisher_E,https://doi.org/10.1016/j.solidstatesciences.2005.03.007,Chemical synthesis
10.1016/j.ica.2014.05.028,publisher_E,https://doi.org/10.1016/j.ica.2014.05.028,Crystal engineering
10.1016/j.poly.2021.115052,publisher_E,https://doi.org/10.1016/j.poly.2021.115052,Functional materials
10.1016/j.ica.2008.11.031,publisher_E,https://doi.org/10.1016/j.ica.2008.11.031,Functional materials
10.1016/j.inoche.2009.04.028,publisher_E,https://doi.org/10.1016/j.inoche.2009.04.028,Functional materials
10.1016/j.ica.2011.12.006,publisher_E,https://doi.org/10.1016/j.ica.2011.12.006,Crystal engineering
10.1016/j.ica.2020.120216,publisher_E,https://doi.org/10.1016/j.ica.2020.120216,Crystal engineering
10.1016/j.jre.2021.01.019,publisher_E,https://doi.org/10.1016/j.jre.2021.01.019,Crystal engineering
10.1016/j.micromeso.2015.04.035,publisher_E,https://doi.org/10.1016/j.micromeso.2015.04.035,Functional materials
10.1016/j.micromeso.2011.11.058,publisher_E,https://doi.org/10.1016/j.micromeso.2011.11.058,Crystal engineering
10.1016/j.jssc.2015.11.034,publisher_E,https://doi.org/10.1016/j.jssc.2015.11.034,Crystal engineering
10.1016/j.ica.2009.12.044,publisher_E,https://doi.org/10.1016/j.ica.2009.12.044,Crystal engineering
10.1016/j.molstruc.2019.03.102,publisher_E,https://doi.org/10.1016/j.molstruc.2019.03.102,Functional materials
10.1016/j.jcis.2023.05.069,publisher_E,https://doi.org/10.1016/j.jcis.2023.05.069,Functional materials
10.1016/j.micromeso.2007.08.024,publisher_E,https://doi.org/10.1016/j.micromeso.2007.08.024,Crystal engineering
10.1016/j.jssc.2012.12.030,publisher_E,https://doi.org/10.1016/j.jssc.2012.12.030,Functional materials
10.1016/j.inoche.2017.07.003,publisher_E,https://doi.org/10.1016/j.inoche.2017.07.003,Crystal engineering
10.1016/j.micromeso.2006.12.041,publisher_E,https://doi.org/10.1016/j.micromeso.2006.12.041,Crystal engineering
10.1016/j.molstruc.2003.09.024,publisher_E,https://doi.org/10.1016/j.molstruc.2003.09.024,Functional materials
10.1016/j.matchemphys.2020.122869,publisher_E,https://doi.org/10.1016/j.matchemphys.2020.122869,Functional materials
10.1016/j.micromeso.2013.06.023,publisher_E,https://doi.org/10.1016/j.micromeso.2013.06.023,Functional materials
10.1016/j.poly.2021.115261,publisher_E,https://doi.org/10.1016/j.poly.2021.115261,Chemical synthesis
10.1016/j.molstruc.2022.133365,publisher_E,https://doi.org/10.1016/j.molstruc.2022.133365,Functional materials
10.1016/j.molcata.2016.12.008,publisher_E,https://doi.org/10.1016/j.molcata.2016.12.008,Functional materials
10.1016/j.micromeso.2010.07.024,publisher_E,https://doi.org/10.1016/j.micromeso.2010.07.024,Functional materials
10.1016/j.snb.2018.05.113,publisher_E,https://doi.org/10.1016/j.snb.2018.05.113,Chemical synthesis
10.1016/j.jcis.2015.05.005,publisher_E,https://doi.org/10.1016/j.jcis.2015.05.005,Functional materials
10.1016/j.colsurfb.2020.110837,publisher_E,https://doi.org/10.1016/j.colsurfb.2020.110837,Functional materials
10.1016/j.ica.2018.06.038,publisher_E,https://doi.org/10.1016/j.ica.2018.06.038,Crystal engineering
10.1016/j.inoche.2019.107624,publisher_E,https://doi.org/10.1016/j.inoche.2019.107624,Crystal engineering
10.1016/j.cplett.2020.137283,publisher_E,https://doi.org/10.1016/j.cplett.2020.137283,Functional materials
10.1016/j.apcatb.2019.117746,publisher_E,https://doi.org/10.1016/j.apcatb.2019.117746,Functional materials
10.1016/j.apcatb.2019.118047,publisher_E,https://doi.org/10.1016/j.apcatb.2019.118047,Functional materials
10.1016/j.ijhydene.2014.06.019,publisher_E,https://doi.org/10.1016/j.ijhydene.2014.06.019,Functional materials
10.1016/j.inoche.2018.05.010,publisher_E,https://doi.org/10.1016/j.inoche.2018.05.010,Chemical synthesis
10.1016/j.matlet.2017.03.162,publisher_E,https://doi.org/10.1016/j.matlet.2017.03.162,Functional materials
10.1016/j.ijhydene.2013.10.087,publisher_E,https://doi.org/10.1016/j.ijhydene.2013.10.087,Functional materials
10.1016/j.micromeso.2011.12.010,publisher_E,https://doi.org/10.1016/j.micromeso.2011.12.010,Crystal engineering
10.1016/j.colsurfa.2024.134323,publisher_E,https://doi.org/10.1016/j.colsurfa.2024.134323,Functional materials
10.1016/j.micromeso.2023.112518,publisher_E,https://doi.org/10.1016/j.micromeso.2023.112518,Functional materials
10.1016/j.tca.2009.11.004,publisher_E,https://doi.org/10.1016/j.tca.2009.11.004,Functional materials
10.1016/j.apmt.2024.102407,publisher_E,https://doi.org/10.1016/j.apmt.2024.102407,Functional materials
10.1016/j.inoche.2021.108657,publisher_E,https://doi.org/10.1016/j.inoche.2021.108657,Functional materials
10.1016/j.apsusc.2022.155772,publisher_E,https://doi.org/10.1016/j.apsusc.2022.155772,Functional materials
10.1016/j.jmst.2024.11.036,publisher_E,https://doi.org/10.1016/j.jmst.2024.11.036,Functional materials
10.1016/j.jcis.2015.11.036,publisher_E,https://doi.org/10.1016/j.jcis.2015.11.036,Functional materials
10.1016/j.cclet.2020.02.044,publisher_E,https://doi.org/10.1016/j.cclet.2020.02.044,Chemical synthesis
10.1016/j.solidstatesciences.2021.106798,publisher_E,https://doi.org/10.1016/j.solidstatesciences.2021.106798,Theory & modeling
10.1016/j.micromeso.2018.08.027,publisher_E,https://doi.org/10.1016/j.micromeso.2018.08.027,Chemical synthesis
10.1016/j.jssc.2021.122651,publisher_E,https://doi.org/10.1016/j.jssc.2021.122651,Chemical synthesis
10.1016/j.jssc.2019.120950,publisher_E,https://doi.org/10.1016/j.jssc.2019.120950,Functional materials
10.1016/j.poly.2018.04.031,publisher_E,https://doi.org/10.1016/j.poly.2018.04.031,Crystal engineering
10.1016/j.molstruc.2025.143433,publisher_E,https://doi.org/10.1016/j.molstruc.2025.143433,Functional materials
10.1016/j.jcat.2022.09.021,publisher_E,https://doi.org/10.1016/j.jcat.2022.09.021,Functional materials
10.1016/j.microc.2025.114088,publisher_E,https://doi.org/10.1016/j.microc.2025.114088,Functional materials
10.1016/j.inoche.2008.11.017,publisher_E,https://doi.org/10.1016/j.inoche.2008.11.017,Crystal engineering
10.1016/j.ica.2013.05.019,publisher_E,https://doi.org/10.1016/j.ica.2013.05.019,Crystal engineering
10.1016/j.molstruc.2022.133239,publisher_E,https://doi.org/10.1016/j.molstruc.2022.133239,Functional materials
10.1016/j.mtchem.2022.101292,publisher_E,https://doi.org/10.1016/j.mtchem.2022.101292,Functional materials
10.1016/S1872-2067(24)60020-3,publisher_E,https://doi.org/10.1016/S1872-2067(24)60020-3,Functional materials
10.1016/j.ica.2008.03.108,publisher_E,https://doi.org/10.1016/j.ica.2008.03.108,Functional materials
10.1016/j.micromeso.2019.109685,publisher_E,https://doi.org/10.1016/j.micromeso.2019.109685,Crystal engineering
10.1016/j.carbpol.2019.03.011,publisher_E,https://doi.org/10.1016/j.carbpol.2019.03.011,Functional materials
10.1016/j.micromeso.2015.03.020,publisher_E,https://doi.org/10.1016/j.micromeso.2015.03.020,Crystal engineering
10.1016/j.jcat.2024.115641,publisher_E,https://doi.org/10.1016/j.jcat.2024.115641,Theory & modeling
10.1016/j.ica.2019.01.031,publisher_E,https://doi.org/10.1016/j.ica.2019.01.031,Functional materials
10.1016/j.jssc.2020.121694,publisher_E,https://doi.org/10.1016/j.jssc.2020.121694,Crystal engineering
10.1016/j.molstruc.2010.10.030,publisher_E,https://doi.org/10.1016/j.molstruc.2010.10.030,Chemical synthesis
10.1016/j.molstruc.2024.140088,publisher_E,https://doi.org/10.1016/j.molstruc.2024.140088,Functional materials
10.1016/j.jssc.2019.02.011,publisher_E,https://doi.org/10.1016/j.jssc.2019.02.011,Functional materials
10.1016/j.ica.2013.03.041,publisher_E,https://doi.org/10.1016/j.ica.2013.03.041,Crystal engineering
10.1016/j.mtchem.2025.102582,publisher_E,https://doi.org/10.1016/j.mtchem.2025.102582,Functional materials
10.1016/j.matlet.2018.04.084,publisher_E,https://doi.org/10.1016/j.matlet.2018.04.084,Chemical synthesis
10.1016/j.jssc.2011.04.002,publisher_E,https://doi.org/10.1016/j.jssc.2011.04.002,Crystal engineering
10.1016/j.molstruc.2014.12.040,publisher_E,https://doi.org/10.1016/j.molstruc.2014.12.040,Crystal engineering
10.1016/j.ica.2020.120025,publisher_E,https://doi.org/10.1016/j.ica.2020.120025,Functional materials
10.1016/j.jallcom.2007.04.199,publisher_E,https://doi.org/10.1016/j.jallcom.2007.04.199,Crystal engineering
10.1016/j.tca.2016.11.001,publisher_E,https://doi.org/10.1016/j.tca.2016.11.001,Functional materials
10.1016/j.micromeso.2021.111310,publisher_E,https://doi.org/10.1016/j.micromeso.2021.111310,Functional materials
10.1016/j.ica.2011.11.044,publisher_E,https://doi.org/10.1016/j.ica.2011.11.044,Crystal engineering
10.1016/j.jssc.2015.04.001,publisher_E,https://doi.org/10.1016/j.jssc.2015.04.001,Crystal engineering
10.1016/j.ica.2011.01.019,publisher_E,https://doi.org/10.1016/j.ica.2011.01.019,Crystal engineering
10.1016/j.snb.2017.05.087,publisher_E,https://doi.org/10.1016/j.snb.2017.05.087,Functional materials
10.1016/j.micromeso.2015.05.030,publisher_E,https://doi.org/10.1016/j.micromeso.2015.05.030,Functional materials
10.1016/j.molstruc.2025.141361,publisher_E,https://doi.org/10.1016/j.molstruc.2025.141361,Functional materials
10.1016/j.ica.2024.121974,publisher_E,https://doi.org/10.1016/j.ica.2024.121974,Crystal engineering
10.1016/j.poly.2016.08.044,publisher_E,https://doi.org/10.1016/j.poly.2016.08.044,Functional materials
10.1016/j.molstruc.2024.138462,publisher_E,https://doi.org/10.1016/j.molstruc.2024.138462,Functional materials
10.1016/j.jcou.2021.101603,publisher_E,https://doi.org/10.1016/j.jcou.2021.101603,Functional materials
10.1016/j.jcis.2019.10.093,publisher_E,https://doi.org/10.1016/j.jcis.2019.10.093,Chemical synthesis
10.1016/j.poly.2019.03.018,publisher_E,https://doi.org/10.1016/j.poly.2019.03.018,Crystal engineering
10.1016/j.jcou.2022.101951,publisher_E,https://doi.org/10.1016/j.jcou.2022.101951,Theory & modeling
10.1016/j.cclet.2022.107814,publisher_E,https://doi.org/10.1016/j.cclet.2022.107814,Theory & modeling
10.1016/j.optmat.2017.02.015,publisher_E,https://doi.org/10.1016/j.optmat.2017.02.015,Functional materials
10.1016/j.jssc.2012.01.038,publisher_E,https://doi.org/10.1016/j.jssc.2012.01.038,Crystal engineering
10.1016/j.poly.2012.09.018,publisher_E,https://doi.org/10.1016/j.poly.2012.09.018,Theory & modeling
10.1016/j.inoche.2006.08.023,publisher_E,https://doi.org/10.1016/j.inoche.2006.08.023,Crystal engineering
10.1016/j.snb.2022.132120,publisher_E,https://doi.org/10.1016/j.snb.2022.132120,Functional materials
10.1016/j.ica.2012.01.011,publisher_E,https://doi.org/10.1016/j.ica.2012.01.011,Chemical synthesis
10.1016/j.molstruc.2011.03.046,publisher_E,https://doi.org/10.1016/j.molstruc.2011.03.046,Functional materials
10.1016/j.jorganchem.2024.123074,publisher_E,https://doi.org/10.1016/j.jorganchem.2024.123074,Functional materials
10.1016/j.dyepig.2021.109812,publisher_E,https://doi.org/10.1016/j.dyepig.2021.109812,Functional materials
10.1016/j.mtcomm.2024.109783,publisher_E,https://doi.org/10.1016/j.mtcomm.2024.109783,Functional materials
10.1016/j.jssc.2015.09.036,publisher_E,https://doi.org/10.1016/j.jssc.2015.09.036,Crystal engineering
10.1016/j.molstruc.2011.01.046,publisher_E,https://doi.org/10.1016/j.molstruc.2011.01.046,Crystal engineering
10.1016/j.jssc.2020.121916,publisher_E,https://doi.org/10.1016/j.jssc.2020.121916,Functional materials
10.1016/j.molstruc.2017.05.075,publisher_E,https://doi.org/10.1016/j.molstruc.2017.05.075,Functional materials
10.1016/j.ijbiomac.2025.140027,publisher_E,https://doi.org/10.1016/j.ijbiomac.2025.140027,Functional materials
10.1016/j.ijhydene.2021.06.026,publisher_E,https://doi.org/10.1016/j.ijhydene.2021.06.026,Functional materials
10.1016/j.jcou.2022.102262,publisher_E,https://doi.org/10.1016/j.jcou.2022.102262,Functional materials
10.1016/j.inoche.2011.01.037,publisher_E,https://doi.org/10.1016/j.inoche.2011.01.037,Crystal engineering
10.1016/j.jssc.2019.121127,publisher_E,https://doi.org/10.1016/j.jssc.2019.121127,Chemical synthesis
10.1016/j.molstruc.2021.129950,publisher_E,https://doi.org/10.1016/j.molstruc.2021.129950,Crystal engineering
10.1016/j.ica.2009.03.017,publisher_E,https://doi.org/10.1016/j.ica.2009.03.017,Crystal engineering
10.1016/j.materresbull.2006.02.009,publisher_E,https://doi.org/10.1016/j.materresbull.2006.02.009,Functional materials
10.1016/j.jallcom.2023.169747,publisher_E,https://doi.org/10.1016/j.jallcom.2023.169747,Crystal engineering
10.1016/j.mtnano.2022.100293,publisher_E,https://doi.org/10.1016/j.mtnano.2022.100293,Functional materials
10.1016/j.micromeso.2021.110973,publisher_E,https://doi.org/10.1016/j.micromeso.2021.110973,Functional materials
10.1016/j.ica.2012.05.019,publisher_E,https://doi.org/10.1016/j.ica.2012.05.019,Crystal engineering
10.1016/j.inoche.2006.09.010,publisher_E,https://doi.org/10.1016/j.inoche.2006.09.010,Crystal engineering
10.1016/j.inoche.2015.03.019,publisher_E,https://doi.org/10.1016/j.inoche.2015.03.019,Crystal engineering
10.1016/j.matlet.2024.136460,publisher_E,https://doi.org/10.1016/j.matlet.2024.136460,Functional materials
10.1016/j.molstruc.2015.12.037,publisher_E,https://doi.org/10.1016/j.molstruc.2015.12.037,Crystal engineering
10.1016/j.cclet.2019.05.005,publisher_E,https://doi.org/10.1016/j.cclet.2019.05.005,Chemical synthesis
10.1016/j.talanta.2019.01.086,publisher_E,https://doi.org/10.1016/j.talanta.2019.01.086,Functional materials
10.1016/j.foodchem.2024.139272,publisher_E,https://doi.org/10.1016/j.foodchem.2024.139272,Functional materials
10.1016/j.micromeso.2024.113163,publisher_E,https://doi.org/10.1016/j.micromeso.2024.113163,Functional materials
10.1016/j.jcis.2016.11.100,publisher_E,https://doi.org/10.1016/j.jcis.2016.11.100,Functional materials
10.1016/j.matlet.2020.129025,publisher_E,https://doi.org/10.1016/j.matlet.2020.129025,Chemical synthesis
10.1016/j.apmt.2024.102208,publisher_E,https://doi.org/10.1016/j.apmt.2024.102208,Chemical synthesis
10.1016/j.apcatb.2023.123199,publisher_E,https://doi.org/10.1016/j.apcatb.2023.123199,Functional materials
10.1016/j.apsusc.2024.159348,publisher_E,https://doi.org/10.1016/j.apsusc.2024.159348,Functional materials
10.1016/j.colsurfa.2019.02.025,publisher_E,https://doi.org/10.1016/j.colsurfa.2019.02.025,Chemical synthesis
10.1016/j.apcatb.2021.120885,publisher_E,https://doi.org/10.1016/j.apcatb.2021.120885,Functional materials
10.1016/j.inoche.2012.08.020,publisher_E,https://doi.org/10.1016/j.inoche.2012.08.020,Chemical synthesis
10.1016/j.jiec.2024.04.031,publisher_E,https://doi.org/10.1016/j.jiec.2024.04.031,Functional materials
10.1016/j.molstruc.2025.141379,publisher_E,https://doi.org/10.1016/j.molstruc.2025.141379,Functional materials
10.1016/j.inoche.2019.02.027,publisher_E,https://doi.org/10.1016/j.inoche.2019.02.027,Chemical synthesis
10.1016/j.micromeso.2017.10.014,publisher_E,https://doi.org/10.1016/j.micromeso.2017.10.014,Chemical synthesis
10.1016/j.micromeso.2015.06.046,publisher_E,https://doi.org/10.1016/j.micromeso.2015.06.046,Chemical synthesis
10.1016/j.snb.2023.133960,publisher_E,https://doi.org/10.1016/j.snb.2023.133960,Functional materials
10.1016/j.apcatb.2021.119941,publisher_E,https://doi.org/10.1016/j.apcatb.2021.119941,Functional materials
10.1016/j.progsolidstchem.2005.11.033,publisher_E,https://doi.org/10.1016/j.progsolidstchem.2005.11.033,Chemical synthesis
10.1016/j.molstruc.2023.134974,publisher_E,https://doi.org/10.1016/j.molstruc.2023.134974,Crystal engineering
10.1016/j.micromeso.2018.05.027,publisher_E,https://doi.org/10.1016/j.micromeso.2018.05.027,Functional materials
10.1016/j.ijhydene.2018.02.089,publisher_E,https://doi.org/10.1016/j.ijhydene.2018.02.089,Functional materials
10.1016/j.jcis.2025.02.088,publisher_E,https://doi.org/10.1016/j.jcis.2025.02.088,Functional materials
10.1016/j.inoche.2024.113686,publisher_E,https://doi.org/10.1016/j.inoche.2024.113686,Functional materials
10.1016/j.inoche.2015.05.003,publisher_E,https://doi.org/10.1016/j.inoche.2015.05.003,Crystal engineering
10.1016/j.molcata.2015.07.022,publisher_E,https://doi.org/10.1016/j.molcata.2015.07.022,Functional materials
10.1016/j.molcata.2012.06.007,publisher_E,https://doi.org/10.1016/j.molcata.2012.06.007,Functional materials
10.1016/j.molstruc.2018.09.003,publisher_E,https://doi.org/10.1016/j.molstruc.2018.09.003,Theory & modeling
10.1016/j.jcat.2020.09.037,publisher_E,https://doi.org/10.1016/j.jcat.2020.09.037,Chemical synthesis
10.1016/j.micromeso.2015.09.053,publisher_E,https://doi.org/10.1016/j.micromeso.2015.09.053,Crystal engineering
10.1016/j.micromeso.2014.07.002,publisher_E,https://doi.org/10.1016/j.micromeso.2014.07.002,Functional materials
10.1016/j.mtnano.2024.100459,publisher_E,https://doi.org/10.1016/j.mtnano.2024.100459,Chemical synthesis
10.1016/j.jssc.2009.06.042,publisher_E,https://doi.org/10.1016/j.jssc.2009.06.042,Crystal engineering
10.1016/j.inoche.2012.04.012,publisher_E,https://doi.org/10.1016/j.inoche.2012.04.012,Chemical synthesis
10.1016/j.inoche.2018.09.003,publisher_E,https://doi.org/10.1016/j.inoche.2018.09.003,Chemical synthesis
10.1016/j.micromeso.2015.02.035,publisher_E,https://doi.org/10.1016/j.micromeso.2015.02.035,Functional materials
10.1016/j.jcat.2021.08.008,publisher_E,https://doi.org/10.1016/j.jcat.2021.08.008,Functional materials
10.1016/j.ica.2022.121063,publisher_E,https://doi.org/10.1016/j.ica.2022.121063,Functional materials
10.1016/j.inoche.2025.114444,publisher_E,https://doi.org/10.1016/j.inoche.2025.114444,Functional materials
10.1016/j.jssc.2022.123602,publisher_E,https://doi.org/10.1016/j.jssc.2022.123602,Functional materials
10.1016/j.dyepig.2019.107565,publisher_E,https://doi.org/10.1016/j.dyepig.2019.107565,Chemical synthesis
10.1016/j.mtchem.2022.101324,publisher_E,https://doi.org/10.1016/j.mtchem.2022.101324,Chemical synthesis
10.1016/j.ica.2019.119034,publisher_E,https://doi.org/10.1016/j.ica.2019.119034,Functional materials
10.1016/j.ica.2018.07.047,publisher_E,https://doi.org/10.1016/j.ica.2018.07.047,Functional materials
10.1016/j.mtchem.2022.101277,publisher_E,https://doi.org/10.1016/j.mtchem.2022.101277,Functional materials
10.1016/j.matlet.2018.10.082,publisher_E,https://doi.org/10.1016/j.matlet.2018.10.082,Functional materials
10.1016/j.cattod.2014.05.041,publisher_E,https://doi.org/10.1016/j.cattod.2014.05.041,Functional materials
10.1016/j.cclet.2023.108587,publisher_E,https://doi.org/10.1016/j.cclet.2023.108587,Functional materials
10.1016/j.jcis.2020.12.070,publisher_E,https://doi.org/10.1016/j.jcis.2020.12.070,Chemical synthesis
10.1016/j.ica.2012.04.039,publisher_E,https://doi.org/10.1016/j.ica.2012.04.039,Crystal engineering
10.1016/j.ica.2012.11.018,publisher_E,https://doi.org/10.1016/j.ica.2012.11.018,Functional materials
10.1016/j.catcom.2010.12.010,publisher_E,https://doi.org/10.1016/j.catcom.2010.12.010,Chemical synthesis
10.1016/j.micromeso.2018.01.038,publisher_E,https://doi.org/10.1016/j.micromeso.2018.01.038,Crystal engineering
10.1016/j.ica.2022.121299,publisher_E,https://doi.org/10.1016/j.ica.2022.121299,Crystal engineering
10.1016/j.jssc.2019.121137,publisher_E,https://doi.org/10.1016/j.jssc.2019.121137,Functional materials
10.1016/j.inoche.2017.08.020,publisher_E,https://doi.org/10.1016/j.inoche.2017.08.020,Crystal engineering
10.1016/j.micromeso.2022.111814,publisher_E,https://doi.org/10.1016/j.micromeso.2022.111814,Functional materials
10.1016/j.ica.2010.08.007,publisher_E,https://doi.org/10.1016/j.ica.2010.08.007,Chemical synthesis
10.1016/j.cattod.2019.12.038,publisher_E,https://doi.org/10.1016/j.cattod.2019.12.038,Crystal engineering
10.1016/j.jssc.2023.123935,publisher_E,https://doi.org/10.1016/j.jssc.2023.123935,Functional materials
10.1016/j.molstruc.2015.12.005,publisher_E,https://doi.org/10.1016/j.molstruc.2015.12.005,Functional materials
10.1016/j.molstruc.2015.11.045,publisher_E,https://doi.org/10.1016/j.molstruc.2015.11.045,Functional materials
10.1016/S0020-1693(02)00875-7,publisher_E,https://doi.org/10.1016/S0020-1693(02)00875-7,Crystal engineering
10.1016/j.micromeso.2010.10.011,publisher_E,https://doi.org/10.1016/j.micromeso.2010.10.011,Crystal engineering
10.1016/j.inoche.2023.110920,publisher_E,https://doi.org/10.1016/j.inoche.2023.110920,Functional materials
10.1016/j.jssc.2016.04.001,publisher_E,https://doi.org/10.1016/j.jssc.2016.04.001,Crystal engineering
10.1016/j.matlet.2013.05.058,publisher_E,https://doi.org/10.1016/j.matlet.2013.05.058,Chemical synthesis
10.1016/j.micromeso.2021.111449,publisher_E,https://doi.org/10.1016/j.micromeso.2021.111449,Functional materials
10.1016/j.ceramint.2024.12.458,publisher_E,https://doi.org/10.1016/j.ceramint.2024.12.458,Chemical synthesis
10.1016/j.mseb.2020.114833,publisher_E,https://doi.org/10.1016/j.mseb.2020.114833,Chemical synthesis
10.1016/j.microc.2020.105059,publisher_E,https://doi.org/10.1016/j.microc.2020.105059,Crystal engineering
10.1016/j.inoche.2021.109078,publisher_E,https://doi.org/10.1016/j.inoche.2021.109078,Chemical synthesis
10.1016/j.apsusc.2020.148731,publisher_E,https://doi.org/10.1016/j.apsusc.2020.148731,Functional materials
10.1016/j.ijhydene.2024.07.031,publisher_E,https://doi.org/10.1016/j.ijhydene.2024.07.031,Functional materials
10.1016/j.mtcomm.2021.102433,publisher_E,https://doi.org/10.1016/j.mtcomm.2021.102433,Chemical synthesis
10.1016/j.arabjc.2024.105722,publisher_E,https://doi.org/10.1016/j.arabjc.2024.105722,Functional materials
10.1016/j.snb.2022.132008,publisher_E,https://doi.org/10.1016/j.snb.2022.132008,Functional materials
10.1016/j.inoche.2023.111252,publisher_E,https://doi.org/10.1016/j.inoche.2023.111252,Functional materials
10.1016/j.jiec.2013.01.026,publisher_E,https://doi.org/10.1016/j.jiec.2013.01.026,Functional materials
10.1016/j.inoche.2024.113833,publisher_E,https://doi.org/10.1016/j.inoche.2024.113833,Functional materials
10.1016/j.chroma.2020.461857,publisher_E,https://doi.org/10.1016/j.chroma.2020.461857,Functional materials
10.1016/j.jssc.2018.05.034,publisher_E,https://doi.org/10.1016/j.jssc.2018.05.034,Functional materials
10.1016/j.jssc.2017.07.020,publisher_E,https://doi.org/10.1016/j.jssc.2017.07.020,Crystal engineering
10.1016/j.jssc.2013.02.033,publisher_E,https://doi.org/10.1016/j.jssc.2013.02.033,Crystal engineering
10.1016/j.solidstatesciences.2020.106115,publisher_E,https://doi.org/10.1016/j.solidstatesciences.2020.106115,Functional materials
10.1016/j.micromeso.2023.112822,publisher_E,https://doi.org/10.1016/j.micromeso.2023.112822,Functional materials
10.1016/j.jcat.2014.09.010,publisher_E,https://doi.org/10.1016/j.jcat.2014.09.010,Functional materials
10.1038/NCHEM.1003,publisher_S,https://doi.org/10.1038/NCHEM.1003,Functional materials
10.1016/j.inoche.2015.04.002,publisher_E,https://doi.org/10.1016/j.inoche.2015.04.002,Crystal engineering
10.1016/j.inoche.2017.05.021,publisher_E,https://doi.org/10.1016/j.inoche.2017.05.021,Chemical synthesis
10.1016/j.inoche.2020.108030,publisher_E,https://doi.org/10.1016/j.inoche.2020.108030,Functional materials
10.1016/j.micromeso.2020.110812,publisher_E,https://doi.org/10.1016/j.micromeso.2020.110812,Functional materials
10.1016/j.apcata.2021.118307,publisher_E,https://doi.org/10.1016/j.apcata.2021.118307,Functional materials
10.1016/j.aca.2024.342865,publisher_E,https://doi.org/10.1016/j.aca.2024.342865,Functional materials
10.1016/j.jssc.2018.07.030,publisher_E,https://doi.org/10.1016/j.jssc.2018.07.030,Functional materials
10.1016/j.apcata.2014.11.009,publisher_E,https://doi.org/10.1016/j.apcata.2014.11.009,Functional materials
10.1016/j.inoche.2019.107474,publisher_E,https://doi.org/10.1016/j.inoche.2019.107474,Functional materials
10.1016/j.apsusc.2018.01.258,publisher_E,https://doi.org/10.1016/j.apsusc.2018.01.258,Functional materials
10.1016/j.aca.2025.343915,publisher_E,https://doi.org/10.1016/j.aca.2025.343915,Functional materials
10.1016/j.inoche.2013.06.034,publisher_E,https://doi.org/10.1016/j.inoche.2013.06.034,Crystal engineering
10.1016/j.inoche.2023.110455,publisher_E,https://doi.org/10.1016/j.inoche.2023.110455,Functional materials
10.1016/j.micromeso.2016.09.038,publisher_E,https://doi.org/10.1016/j.micromeso.2016.09.038,Crystal engineering
10.1016/j.matlet.2016.12.025,publisher_E,https://doi.org/10.1016/j.matlet.2016.12.025,Chemical synthesis
10.1016/j.micromeso.2011.12.036,publisher_E,https://doi.org/10.1016/j.micromeso.2011.12.036,Functional materials
10.1016/j.mtcomm.2020.101993,publisher_E,https://doi.org/10.1016/j.mtcomm.2020.101993,Crystal engineering
10.1016/j.mtbio.2022.100507,publisher_E,https://doi.org/10.1016/j.mtbio.2022.100507,Functional materials
10.1016/j.micromeso.2024.113137,publisher_E,https://doi.org/10.1016/j.micromeso.2024.113137,Chemical synthesis
10.1016/j.matlet.2019.126519,publisher_E,https://doi.org/10.1016/j.matlet.2019.126519,Chemical synthesis
10.1016/j.jorganchem.2007.07.001,publisher_E,https://doi.org/10.1016/j.jorganchem.2007.07.001,Functional materials
10.1016/j.molstruc.2022.133439,publisher_E,https://doi.org/10.1016/j.molstruc.2022.133439,Functional materials
10.1016/j.inoche.2016.09.013,publisher_E,https://doi.org/10.1016/j.inoche.2016.09.013,Functional materials
10.1016/j.molstruc.2008.04.038,publisher_E,https://doi.org/10.1016/j.molstruc.2008.04.038,Crystal engineering
10.1016/j.jiec.2024.03.037,publisher_E,https://doi.org/10.1016/j.jiec.2024.03.037,Functional materials
10.1016/j.pnsc.2023.08.009,publisher_E,https://doi.org/10.1016/j.pnsc.2023.08.009,Functional materials
10.1016/j.mtcomm.2022.104393,publisher_E,https://doi.org/10.1016/j.mtcomm.2022.104393,Functional materials
10.1016/j.micromeso.2018.06.023,publisher_E,https://doi.org/10.1016/j.micromeso.2018.06.023,Functional materials
10.1016/j.clay.2021.106371,publisher_E,https://doi.org/10.1016/j.clay.2021.106371,Functional materials
10.1016/j.inoche.2022.109405,publisher_E,https://doi.org/10.1016/j.inoche.2022.109405,Functional materials
10.1016/j.jre.2022.01.012,publisher_E,https://doi.org/10.1016/j.jre.2022.01.012,Functional materials
10.1016/j.molstruc.2019.01.033,publisher_E,https://doi.org/10.1016/j.molstruc.2019.01.033,Functional materials
10.1016/j.dyepig.2019.108035,publisher_E,https://doi.org/10.1016/j.dyepig.2019.108035,Functional materials
10.1016/j.molstruc.2020.129754,publisher_E,https://doi.org/10.1016/j.molstruc.2020.129754,Crystal engineering
10.1016/j.jcou.2022.102166,publisher_E,https://doi.org/10.1016/j.jcou.2022.102166,Chemical synthesis
10.1016/j.inoche.2015.01.020,publisher_E,https://doi.org/10.1016/j.inoche.2015.01.020,Crystal engineering
10.1016/j.micromeso.2022.111758,publisher_E,https://doi.org/10.1016/j.micromeso.2022.111758,Chemical synthesis
10.1016/j.micromeso.2022.112257,publisher_E,https://doi.org/10.1016/j.micromeso.2022.112257,Functional materials
10.1016/j.cclet.2013.05.001,publisher_E,https://doi.org/10.1016/j.cclet.2013.05.001,Functional materials
10.1016/j.micromeso.2021.111303,publisher_E,https://doi.org/10.1016/j.micromeso.2021.111303,Chemical synthesis
10.1016/j.tet.2008.06.036,publisher_E,https://doi.org/10.1016/j.tet.2008.06.036,Crystal engineering
10.1016/j.materresbull.2020.110806,publisher_E,https://doi.org/10.1016/j.materresbull.2020.110806,Functional materials
10.1016/j.cattod.2021.08.025,publisher_E,https://doi.org/10.1016/j.cattod.2021.08.025,Functional materials
10.1016/j.inoche.2022.110078,publisher_E,https://doi.org/10.1016/j.inoche.2022.110078,Crystal engineering
10.1016/j.micromeso.2021.111265,publisher_E,https://doi.org/10.1016/j.micromeso.2021.111265,Functional materials
10.1016/j.catcom.2017.08.015,publisher_E,https://doi.org/10.1016/j.catcom.2017.08.015,Functional materials
10.1016/j.apcatb.2023.123094,publisher_E,https://doi.org/10.1016/j.apcatb.2023.123094,Functional materials
10.1016/j.mcat.2022.112899,publisher_E,https://doi.org/10.1016/j.mcat.2022.112899,Chemical synthesis
10.1016/j.colsurfb.2023.113246,publisher_E,https://doi.org/10.1016/j.colsurfb.2023.113246,Functional materials
10.1016/j.jcis.2018.02.003,publisher_E,https://doi.org/10.1016/j.jcis.2018.02.003,Functional materials
10.1016/j.matlet.2016.08.018,publisher_E,https://doi.org/10.1016/j.matlet.2016.08.018,Crystal engineering
10.1016/j.poly.2020.114584,publisher_E,https://doi.org/10.1016/j.poly.2020.114584,Functional materials
10.1016/j.apcata.2013.09.011,publisher_E,https://doi.org/10.1016/j.apcata.2013.09.011,Functional materials
10.1016/j.chroma.2017.04.037,publisher_E,https://doi.org/10.1016/j.chroma.2017.04.037,Functional materials
10.1016/j.poly.2017.12.032,publisher_E,https://doi.org/10.1016/j.poly.2017.12.032,Crystal engineering
10.1016/j.poly.2018.09.002,publisher_E,https://doi.org/10.1016/j.poly.2018.09.002,Crystal engineering
10.1016/j.optmat.2024.116126,publisher_E,https://doi.org/10.1016/j.optmat.2024.116126,Crystal engineering
10.1016/j.jssc.2022.123358,publisher_E,https://doi.org/10.1016/j.jssc.2022.123358,Crystal engineering
10.1016/j.poly.2014.05.033,publisher_E,https://doi.org/10.1016/j.poly.2014.05.033,Crystal engineering
10.1016/j.ica.2010.05.026,publisher_E,https://doi.org/10.1016/j.ica.2010.05.026,Crystal engineering
10.1016/j.jssc.2017.08.001,publisher_E,https://doi.org/10.1016/j.jssc.2017.08.001,Crystal engineering
10.1016/j.poly.2015.04.035,publisher_E,https://doi.org/10.1016/j.poly.2015.04.035,Crystal engineering
10.1016/j.colsurfa.2021.127704,publisher_E,https://doi.org/10.1016/j.colsurfa.2021.127704,Crystal engineering
10.1016/j.inoche.2012.05.009,publisher_E,https://doi.org/10.1016/j.inoche.2012.05.009,Crystal engineering
10.1016/j.matlet.2015.04.142,publisher_E,https://doi.org/10.1016/j.matlet.2015.04.142,Functional materials
10.1016/j.matlet.2015.09.044,publisher_E,https://doi.org/10.1016/j.matlet.2015.09.044,Chemical synthesis
10.1016/j.cattod.2021.11.004,publisher_E,https://doi.org/10.1016/j.cattod.2021.11.004,Functional materials
10.1016/j.poly.2017.12.029,publisher_E,https://doi.org/10.1016/j.poly.2017.12.029,Functional materials
10.1016/j.cattod.2017.10.022,publisher_E,https://doi.org/10.1016/j.cattod.2017.10.022,Functional materials
10.1016/j.chroma.2016.09.057,publisher_E,https://doi.org/10.1016/j.chroma.2016.09.057,Functional materials
10.1016/j.molstruc.2014.09.056,publisher_E,https://doi.org/10.1016/j.molstruc.2014.09.056,Functional materials
10.1016/j.ica.2017.10.034,publisher_E,https://doi.org/10.1016/j.ica.2017.10.034,Functional materials
10.1016/j.jssc.2017.04.039,publisher_E,https://doi.org/10.1016/j.jssc.2017.04.039,Crystal engineering
10.1016/j.ica.2010.05.055,publisher_E,https://doi.org/10.1016/j.ica.2010.05.055,Crystal engineering
10.1016/j.molstruc.2009.05.040,publisher_E,https://doi.org/10.1016/j.molstruc.2009.05.040,Crystal engineering
10.1016/j.solidstatesciences.2010.07.002,publisher_E,https://doi.org/10.1016/j.solidstatesciences.2010.07.002,Chemical synthesis
10.1016/j.colsurfa.2021.127089,publisher_E,https://doi.org/10.1016/j.colsurfa.2021.127089,Functional materials
10.1016/j.ica.2012.07.008,publisher_E,https://doi.org/10.1016/j.ica.2012.07.008,Crystal engineering
10.1016/j.micromeso.2016.09.036,publisher_E,https://doi.org/10.1016/j.micromeso.2016.09.036,Functional materials
10.1016/j.micromeso.2024.113010,publisher_E,https://doi.org/10.1016/j.micromeso.2024.113010,Functional materials
10.1016/j.jssc.2012.07.050,publisher_E,https://doi.org/10.1016/j.jssc.2012.07.050,Crystal engineering
10.1016/j.jssc.2015.08.025,publisher_E,https://doi.org/10.1016/j.jssc.2015.08.025,Functional materials
10.1016/j.molstruc.2006.02.064,publisher_E,https://doi.org/10.1016/j.molstruc.2006.02.064,Crystal engineering
10.1016/j.ica.2017.12.036,publisher_E,https://doi.org/10.1016/j.ica.2017.12.036,Functional materials
10.1016/j.poly.2023.116497,publisher_E,https://doi.org/10.1016/j.poly.2023.116497,Crystal engineering
10.1016/j.cplett.2009.03.083,publisher_E,https://doi.org/10.1016/j.cplett.2009.03.083,Crystal engineering
10.1016/j.micromeso.2022.112379,publisher_E,https://doi.org/10.1016/j.micromeso.2022.112379,Crystal engineering
10.1016/j.jcrysgro.2023.127348,publisher_E,https://doi.org/10.1016/j.jcrysgro.2023.127348,Crystal engineering
10.1016/j.ica.2013.12.002,publisher_E,https://doi.org/10.1016/j.ica.2013.12.002,Functional materials
10.1016/j.inoche.2011.06.030,publisher_E,https://doi.org/10.1016/j.inoche.2011.06.030,Chemical synthesis
10.1016/j.jre.2022.02.019,publisher_E,https://doi.org/10.1016/j.jre.2022.02.019,Functional materials
10.1016/j.cattod.2012.08.044,publisher_E,https://doi.org/10.1016/j.cattod.2012.08.044,Crystal engineering
10.1016/j.jallcom.2022.167647,publisher_E,https://doi.org/10.1016/j.jallcom.2022.167647,Functional materials
10.1016/j.surfin.2022.102587,publisher_E,https://doi.org/10.1016/j.surfin.2022.102587,Functional materials
10.1016/j.ica.2008.08.032,publisher_E,https://doi.org/10.1016/j.ica.2008.08.032,Crystal engineering
10.1016/j.ica.2012.10.023,publisher_E,https://doi.org/10.1016/j.ica.2012.10.023,Functional materials
10.1016/j.ica.2012.11.021,publisher_E,https://doi.org/10.1016/j.ica.2012.11.021,Crystal engineering
10.1016/j.inoche.2016.06.032,publisher_E,https://doi.org/10.1016/j.inoche.2016.06.032,Crystal engineering
10.1016/j.jfluchem.2017.12.005,publisher_E,https://doi.org/10.1016/j.jfluchem.2017.12.005,Crystal engineering
10.1016/j.micromeso.2010.12.036,publisher_E,https://doi.org/10.1016/j.micromeso.2010.12.036,Functional materials
10.1016/j.micromeso.2016.10.043,publisher_E,https://doi.org/10.1016/j.micromeso.2016.10.043,Functional materials
10.1016/j.inoche.2012.12.017,publisher_E,https://doi.org/10.1016/j.inoche.2012.12.017,Crystal engineering
10.1016/j.poly.2024.117057,publisher_E,https://doi.org/10.1016/j.poly.2024.117057,Crystal engineering
10.1016/j.poly.2021.115444,publisher_E,https://doi.org/10.1016/j.poly.2021.115444,Functional materials
10.1016/j.poly.2024.117081,publisher_E,https://doi.org/10.1016/j.poly.2024.117081,Crystal engineering
10.1016/j.jcis.2022.07.185,publisher_E,https://doi.org/10.1016/j.jcis.2022.07.185,Functional materials
10.1016/j.poly.2019.01.066,publisher_E,https://doi.org/10.1016/j.poly.2019.01.066,Crystal engineering
10.1016/j.inoche.2013.10.018,publisher_E,https://doi.org/10.1016/j.inoche.2013.10.018,Crystal engineering
10.1016/j.inoche.2017.10.031,publisher_E,https://doi.org/10.1016/j.inoche.2017.10.031,Functional materials
10.1016/j.molstruc.2016.04.019,publisher_E,https://doi.org/10.1016/j.molstruc.2016.04.019,Crystal engineering
10.1016/j.micromeso.2016.12.031,publisher_E,https://doi.org/10.1016/j.micromeso.2016.12.031,Functional materials
10.1016/j.molstruc.2019.127081,publisher_E,https://doi.org/10.1016/j.molstruc.2019.127081,Crystal engineering
10.1016/j.jssc.2009.03.019,publisher_E,https://doi.org/10.1016/j.jssc.2009.03.019,Crystal engineering
10.1016/j.inoche.2013.11.039,publisher_E,https://doi.org/10.1016/j.inoche.2013.11.039,Crystal engineering
10.1016/j.ica.2013.06.013,publisher_E,https://doi.org/10.1016/j.ica.2013.06.013,Crystal engineering
10.1016/j.micromeso.2011.11.043,publisher_E,https://doi.org/10.1016/j.micromeso.2011.11.043,Crystal engineering
10.1016/j.inoche.2007.11.021,publisher_E,https://doi.org/10.1016/j.inoche.2007.11.021,Crystal engineering
10.1016/j.inoche.2007.12.030,publisher_E,https://doi.org/10.1016/j.inoche.2007.12.030,Crystal engineering
10.1016/j.inoche.2012.05.003,publisher_E,https://doi.org/10.1016/j.inoche.2012.05.003,Chemical synthesis
10.1016/j.inoche.2006.03.014,publisher_E,https://doi.org/10.1016/j.inoche.2006.03.014,Crystal engineering
10.1016/j.scp.2021.100385,publisher_E,https://doi.org/10.1016/j.scp.2021.100385,Functional materials
10.1016/j.inoche.2013.11.005,publisher_E,https://doi.org/10.1016/j.inoche.2013.11.005,Crystal engineering
10.1016/j.solidstatesciences.2003.11.002,publisher_E,https://doi.org/10.1016/j.solidstatesciences.2003.11.002,Crystal engineering
10.1016/j.molstruc.2016.04.017,publisher_E,https://doi.org/10.1016/j.molstruc.2016.04.017,Crystal engineering
10.1016/j.dyepig.2019.04.008,publisher_E,https://doi.org/10.1016/j.dyepig.2019.04.008,Functional materials
10.1016/j.poly.2024.116884,publisher_E,https://doi.org/10.1016/j.poly.2024.116884,Functional materials
10.1016/j.micromeso.2013.01.031,publisher_E,https://doi.org/10.1016/j.micromeso.2013.01.031,Chemical synthesis
10.1016/j.jssc.2005.08.013,publisher_E,https://doi.org/10.1016/j.jssc.2005.08.013,Crystal engineering
10.1016/j.inoche.2013.08.018,publisher_E,https://doi.org/10.1016/j.inoche.2013.08.018,Crystal engineering
10.1016/j.inoche.2007.04.017,publisher_E,https://doi.org/10.1016/j.inoche.2007.04.017,Crystal engineering
10.1016/j.inoche.2013.03.005,publisher_E,https://doi.org/10.1016/j.inoche.2013.03.005,Crystal engineering
10.1016/j.ijhydene.2017.04.059,publisher_E,https://doi.org/10.1016/j.ijhydene.2017.04.059,Functional materials
10.1016/j.molstruc.2006.03.077,publisher_E,https://doi.org/10.1016/j.molstruc.2006.03.077,Crystal engineering
10.1016/j.inoche.2010.12.028,publisher_E,https://doi.org/10.1016/j.inoche.2010.12.028,Crystal engineering
10.1016/j.inoche.2011.03.038,publisher_E,https://doi.org/10.1016/j.inoche.2011.03.038,Crystal engineering
10.1016/j.inoche.2013.11.011,publisher_E,https://doi.org/10.1016/j.inoche.2013.11.011,Functional materials
10.1016/j.ica.2015.01.004,publisher_E,https://doi.org/10.1016/j.ica.2015.01.004,Crystal engineering
10.1016/j.matlet.2022.132481,publisher_E,https://doi.org/10.1016/j.matlet.2022.132481,Chemical synthesis
10.1016/j.scp.2022.100786,publisher_E,https://doi.org/10.1016/j.scp.2022.100786,Chemical synthesis
10.1016/j.jssc.2021.122525,publisher_E,https://doi.org/10.1016/j.jssc.2021.122525,Functional materials
10.1016/j.inoche.2012.11.038,publisher_E,https://doi.org/10.1016/j.inoche.2012.11.038,Crystal engineering
10.1016/j.jcis.2021.10.145,publisher_E,https://doi.org/10.1016/j.jcis.2021.10.145,Functional materials
10.1016/j.jssc.2021.122554,publisher_E,https://doi.org/10.1016/j.jssc.2021.122554,Functional materials
10.1016/j.solidstatesciences.2014.07.015,publisher_E,https://doi.org/10.1016/j.solidstatesciences.2014.07.015,Crystal engineering
10.1016/j.jssc.2024.124956,publisher_E,https://doi.org/10.1016/j.jssc.2024.124956,Functional materials
10.1016/j.micromeso.2015.01.032,publisher_E,https://doi.org/10.1016/j.micromeso.2015.01.032,Chemical synthesis
10.1016/j.jcat.2024.115589,publisher_E,https://doi.org/10.1016/j.jcat.2024.115589,Chemical synthesis
10.1016/j.apcata.2020.117965,publisher_E,https://doi.org/10.1016/j.apcata.2020.117965,Chemical synthesis
10.1016/j.ica.2017.08.030,publisher_E,https://doi.org/10.1016/j.ica.2017.08.030,Functional materials
10.1016/j.ica.2017.10.001,publisher_E,https://doi.org/10.1016/j.ica.2017.10.001,Chemical synthesis
10.1016/j.micromeso.2005.11.048,publisher_E,https://doi.org/10.1016/j.micromeso.2005.11.048,Crystal engineering
10.1016/j.jssc.2014.11.028,publisher_E,https://doi.org/10.1016/j.jssc.2014.11.028,Functional materials
10.1016/j.ica.2012.01.037,publisher_E,https://doi.org/10.1016/j.ica.2012.01.037,Crystal engineering
10.1016/j.solidstatesciences.2011.12.002,publisher_E,https://doi.org/10.1016/j.solidstatesciences.2011.12.002,Crystal engineering
10.1016/j.molstruc.2016.01.003,publisher_E,https://doi.org/10.1016/j.molstruc.2016.01.003,Crystal engineering
10.1016/j.jssc.2017.11.023,publisher_E,https://doi.org/10.1016/j.jssc.2017.11.023,Functional materials
10.1016/j.jssc.2017.05.010,publisher_E,https://doi.org/10.1016/j.jssc.2017.05.010,Crystal engineering
10.1016/j.solidstatesciences.2012.05.031,publisher_E,https://doi.org/10.1016/j.solidstatesciences.2012.05.031,Crystal engineering
10.1016/j.ica.2010.10.011,publisher_E,https://doi.org/10.1016/j.ica.2010.10.011,Functional materials
10.1016/j.ica.2017.08.055,publisher_E,https://doi.org/10.1016/j.ica.2017.08.055,Functional materials
10.1016/j.matchar.2018.01.003,publisher_E,https://doi.org/10.1016/j.matchar.2018.01.003,Functional materials
10.1016/j.jssc.2020.121708,publisher_E,https://doi.org/10.1016/j.jssc.2020.121708,Crystal engineering
10.1016/j.molstruc.2024.138265,publisher_E,https://doi.org/10.1016/j.molstruc.2024.138265,Crystal engineering
10.1016/j.molstruc.2021.131940,publisher_E,https://doi.org/10.1016/j.molstruc.2021.131940,Functional materials
10.1016/j.inoche.2011.09.004,publisher_E,https://doi.org/10.1016/j.inoche.2011.09.004,Crystal engineering
10.1016/j.ica.2011.04.029,publisher_E,https://doi.org/10.1016/j.ica.2011.04.029,Crystal engineering
10.1016/j.ica.2021.120788,publisher_E,https://doi.org/10.1016/j.ica.2021.120788,Crystal engineering
10.1016/j.ica.2018.06.027,publisher_E,https://doi.org/10.1016/j.ica.2018.06.027,Functional materials
10.1016/j.inoche.2011.03.032,publisher_E,https://doi.org/10.1016/j.inoche.2011.03.032,Crystal engineering
10.1016/j.inoche.2016.01.019,publisher_E,https://doi.org/10.1016/j.inoche.2016.01.019,Crystal engineering
10.1016/j.ica.2017.11.048,publisher_E,https://doi.org/10.1016/j.ica.2017.11.048,Crystal engineering
10.1016/j.molstruc.2025.141914,publisher_E,https://doi.org/10.1016/j.molstruc.2025.141914,Functional materials
10.1016/j.inoche.2013.09.048,publisher_E,https://doi.org/10.1016/j.inoche.2013.09.048,Functional materials
10.1016/j.ica.2019.119352,publisher_E,https://doi.org/10.1016/j.ica.2019.119352,Functional materials
10.1016/j.ica.2016.06.009,publisher_E,https://doi.org/10.1016/j.ica.2016.06.009,Crystal engineering
10.1016/j.microc.2023.108557,publisher_E,https://doi.org/10.1016/j.microc.2023.108557,Functional materials
10.1016/j.inoche.2015.08.015,publisher_E,https://doi.org/10.1016/j.inoche.2015.08.015,Crystal engineering
10.1016/j.matchemphys.2013.09.048,publisher_E,https://doi.org/10.1016/j.matchemphys.2013.09.048,Functional materials
10.1016/j.snb.2022.132094,publisher_E,https://doi.org/10.1016/j.snb.2022.132094,Functional materials
10.1016/j.cclet.2021.06.048,publisher_E,https://doi.org/10.1016/j.cclet.2021.06.048,Functional materials
10.1016/j.mtadv.2023.100448,publisher_E,https://doi.org/10.1016/j.mtadv.2023.100448,Functional materials
10.1016/j.ica.2019.03.012,publisher_E,https://doi.org/10.1016/j.ica.2019.03.012,Chemical synthesis
10.1016/j.poly.2013.03.029,publisher_E,https://doi.org/10.1016/j.poly.2013.03.029,Crystal engineering
10.1016/j.matchemphys.2011.09.056,publisher_E,https://doi.org/10.1016/j.matchemphys.2011.09.056,Functional materials
10.1016/j.inoche.2023.110783,publisher_E,https://doi.org/10.1016/j.inoche.2023.110783,Functional materials
10.1016/j.matlet.2011.02.009,publisher_E,https://doi.org/10.1016/j.matlet.2011.02.009,Functional materials
10.1016/j.cattod.2019.12.036,publisher_E,https://doi.org/10.1016/j.cattod.2019.12.036,Functional materials
10.1016/j.inoche.2018.07.031,publisher_E,https://doi.org/10.1016/j.inoche.2018.07.031,Functional materials
10.1016/j.cattod.2021.10.019,publisher_E,https://doi.org/10.1016/j.cattod.2021.10.019,Functional materials
10.1016/j.matchemphys.2022.126748,publisher_E,https://doi.org/10.1016/j.matchemphys.2022.126748,Functional materials
10.1016/j.jssc.2021.122151,publisher_E,https://doi.org/10.1016/j.jssc.2021.122151,Functional materials
10.1016/j.micromeso.2021.110943,publisher_E,https://doi.org/10.1016/j.micromeso.2021.110943,Chemical synthesis
10.1016/j.apsusc.2021.151996,publisher_E,https://doi.org/10.1016/j.apsusc.2021.151996,Functional materials
10.1016/j.cattod.2021.11.037,publisher_E,https://doi.org/10.1016/j.cattod.2021.11.037,Functional materials
10.1016/j.carbpol.2022.120516,publisher_E,https://doi.org/10.1016/j.carbpol.2022.120516,Functional materials
10.1016/j.jcis.2024.10.169,publisher_E,https://doi.org/10.1016/j.jcis.2024.10.169,Functional materials
10.1016/j.jssc.2020.121494,publisher_E,https://doi.org/10.1016/j.jssc.2020.121494,Functional materials
10.1016/j.matchemphys.2024.129533,publisher_E,https://doi.org/10.1016/j.matchemphys.2024.129533,Functional materials
10.1016/j.molstruc.2007.08.032,publisher_E,https://doi.org/10.1016/j.molstruc.2007.08.032,Crystal engineering
10.1016/j.jcou.2025.103025,publisher_E,https://doi.org/10.1016/j.jcou.2025.103025,Functional materials
10.1016/j.jssc.2025.125329,publisher_E,https://doi.org/10.1016/j.jssc.2025.125329,Functional materials
10.1016/j.ica.2009.02.040,publisher_E,https://doi.org/10.1016/j.ica.2009.02.040,Functional materials
10.1016/j.inoche.2011.08.011,publisher_E,https://doi.org/10.1016/j.inoche.2011.08.011,Crystal engineering
10.1016/j.poly.2009.07.011,publisher_E,https://doi.org/10.1016/j.poly.2009.07.011,Crystal engineering
10.1016/j.poly.2007.10.020,publisher_E,https://doi.org/10.1016/j.poly.2007.10.020,Functional materials
10.1016/j.inoche.2009.12.030,publisher_E,https://doi.org/10.1016/j.inoche.2009.12.030,Crystal engineering
10.1016/S1387-7003(02)00385-4,publisher_E,https://doi.org/10.1016/S1387-7003(02)00385-4,Chemical synthesis
10.1016/j.poly.2020.114732,publisher_E,https://doi.org/10.1016/j.poly.2020.114732,Crystal engineering
10.1016/S0022-2860(03)00405-8,publisher_E,https://doi.org/10.1016/S0022-2860(03)00405-8,Crystal engineering
10.1016/j.dyepig.2020.108638,publisher_E,https://doi.org/10.1016/j.dyepig.2020.108638,Functional materials
10.1016/j.ica.2019.119334,publisher_E,https://doi.org/10.1016/j.ica.2019.119334,Functional materials
10.1016/j.molstruc.2017.07.039,publisher_E,https://doi.org/10.1016/j.molstruc.2017.07.039,Crystal engineering
10.1016/j.molstruc.2009.11.018,publisher_E,https://doi.org/10.1016/j.molstruc.2009.11.018,Crystal engineering
10.1016/j.inoche.2008.06.019,publisher_E,https://doi.org/10.1016/j.inoche.2008.06.019,Crystal engineering
10.1016/j.solidstatesciences.2009.05.017,publisher_E,https://doi.org/10.1016/j.solidstatesciences.2009.05.017,Crystal engineering
10.1016/j.poly.2016.06.005,publisher_E,https://doi.org/10.1016/j.poly.2016.06.005,Crystal engineering
10.1016/j.jssc.2021.122864,publisher_E,https://doi.org/10.1016/j.jssc.2021.122864,Chemical synthesis
10.1016/j.jpcs.2006.11.001,publisher_E,https://doi.org/10.1016/j.jpcs.2006.11.001,Crystal engineering
10.1016/j.ica.2012.05.037,publisher_E,https://doi.org/10.1016/j.ica.2012.05.037,Crystal engineering
10.1016/j.poly.2008.10.074,publisher_E,https://doi.org/10.1016/j.poly.2008.10.074,Functional materials
10.1016/j.inoche.2018.09.021,publisher_E,https://doi.org/10.1016/j.inoche.2018.09.021,Crystal engineering
10.1016/j.poly.2009.08.037,publisher_E,https://doi.org/10.1016/j.poly.2009.08.037,Functional materials
10.1016/j.ica.2017.09.019,publisher_E,https://doi.org/10.1016/j.ica.2017.09.019,Crystal engineering
10.1016/j.molstruc.2010.12.006,publisher_E,https://doi.org/10.1016/j.molstruc.2010.12.006,Crystal engineering
10.1016/j.jssc.2017.08.024,publisher_E,https://doi.org/10.1016/j.jssc.2017.08.024,Crystal engineering
10.1016/j.jssc.2018.11.027,publisher_E,https://doi.org/10.1016/j.jssc.2018.11.027,Crystal engineering
10.1016/j.poly.2017.12.024,publisher_E,https://doi.org/10.1016/j.poly.2017.12.024,Chemical synthesis
10.1016/j.inoche.2011.03.040,publisher_E,https://doi.org/10.1016/j.inoche.2011.03.040,Crystal engineering
10.1016/j.ica.2018.05.002,publisher_E,https://doi.org/10.1016/j.ica.2018.05.002,Crystal engineering
10.1016/j.molstruc.2018.03.048,publisher_E,https://doi.org/10.1016/j.molstruc.2018.03.048,Crystal engineering
10.1016/j.ica.2012.02.010,publisher_E,https://doi.org/10.1016/j.ica.2012.02.010,Crystal engineering
10.1016/j.poly.2014.12.045,publisher_E,https://doi.org/10.1016/j.poly.2014.12.045,Crystal engineering
10.1016/j.jssc.2014.11.022,publisher_E,https://doi.org/10.1016/j.jssc.2014.11.022,Crystal engineering
10.1016/j.ica.2016.10.016,publisher_E,https://doi.org/10.1016/j.ica.2016.10.016,Crystal engineering
10.1016/j.inoche.2013.01.005,publisher_E,https://doi.org/10.1016/j.inoche.2013.01.005,Crystal engineering
10.1016/j.jssc.2014.06.003,publisher_E,https://doi.org/10.1016/j.jssc.2014.06.003,Crystal engineering
10.1016/j.jssc.2020.121343,publisher_E,https://doi.org/10.1016/j.jssc.2020.121343,Crystal engineering
10.1016/j.molstruc.2016.11.086,publisher_E,https://doi.org/10.1016/j.molstruc.2016.11.086,Crystal engineering
10.1016/j.ica.2015.02.017,publisher_E,https://doi.org/10.1016/j.ica.2015.02.017,Crystal engineering
10.1016/j.poly.2010.06.008,publisher_E,https://doi.org/10.1016/j.poly.2010.06.008,Crystal engineering
10.1016/j.inoche.2015.10.023,publisher_E,https://doi.org/10.1016/j.inoche.2015.10.023,Crystal engineering
10.1016/j.poly.2019.04.011,publisher_E,https://doi.org/10.1016/j.poly.2019.04.011,Functional materials
10.1016/j.jssc.2015.04.041,publisher_E,https://doi.org/10.1016/j.jssc.2015.04.041,Crystal engineering
10.1016/j.jssc.2017.12.012,publisher_E,https://doi.org/10.1016/j.jssc.2017.12.012,Crystal engineering
10.1016/j.poly.2014.12.001,publisher_E,https://doi.org/10.1016/j.poly.2014.12.001,Crystal engineering
10.1016/j.jssc.2009.07.048,publisher_E,https://doi.org/10.1016/j.jssc.2009.07.048,Functional materials
10.1016/j.molstruc.2022.133087,publisher_E,https://doi.org/10.1016/j.molstruc.2022.133087,Crystal engineering
10.1016/j.jssc.2013.10.022,publisher_E,https://doi.org/10.1016/j.jssc.2013.10.022,Crystal engineering
10.1016/j.inoche.2009.12.004,publisher_E,https://doi.org/10.1016/j.inoche.2009.12.004,Crystal engineering
10.1016/j.solidstatesciences.2013.12.006,publisher_E,https://doi.org/10.1016/j.solidstatesciences.2013.12.006,Crystal engineering
10.1016/j.poly.2017.01.060,publisher_E,https://doi.org/10.1016/j.poly.2017.01.060,Functional materials
10.1016/j.poly.2018.01.030,publisher_E,https://doi.org/10.1016/j.poly.2018.01.030,Crystal engineering
10.1016/j.inoche.2018.07.035,publisher_E,https://doi.org/10.1016/j.inoche.2018.07.035,Crystal engineering
10.1016/j.inoche.2019.107726,publisher_E,https://doi.org/10.1016/j.inoche.2019.107726,Crystal engineering
10.1016/j.ica.2013.02.016,publisher_E,https://doi.org/10.1016/j.ica.2013.02.016,Crystal engineering
10.1016/j.inoche.2014.08.015,publisher_E,https://doi.org/10.1016/j.inoche.2014.08.015,Crystal engineering
10.1016/j.inoche.2021.108644,publisher_E,https://doi.org/10.1016/j.inoche.2021.108644,Functional materials
10.1016/j.poly.2019.06.056,publisher_E,https://doi.org/10.1016/j.poly.2019.06.056,Functional materials
10.1016/j.jssc.2021.122458,publisher_E,https://doi.org/10.1016/j.jssc.2021.122458,Crystal engineering
10.1016/j.poly.2015.04.012,publisher_E,https://doi.org/10.1016/j.poly.2015.04.012,Crystal engineering
10.1016/j.poly.2018.09.064,publisher_E,https://doi.org/10.1016/j.poly.2018.09.064,Functional materials
10.14102/j.cnki.0254-5861.2011-3052,publisher_E,https://doi.org/10.14102/j.cnki.0254-5861.2011-3052,Crystal engineering
10.1016/j.molstruc.2016.10.008,publisher_E,https://doi.org/10.1016/j.molstruc.2016.10.008,Crystal engineering
10.1016/j.inoche.2018.05.020,publisher_E,https://doi.org/10.1016/j.inoche.2018.05.020,Crystal engineering
10.1016/j.poly.2014.05.063,publisher_E,https://doi.org/10.1016/j.poly.2014.05.063,Crystal engineering
10.1016/j.inoche.2013.06.023,publisher_E,https://doi.org/10.1016/j.inoche.2013.06.023,Crystal engineering
10.1016/j.ica.2015.01.015,publisher_E,https://doi.org/10.1016/j.ica.2015.01.015,Crystal engineering
10.1016/j.ica.2016.03.009,publisher_E,https://doi.org/10.1016/j.ica.2016.03.009,Crystal engineering
10.1016/j.molstruc.2016.04.024,publisher_E,https://doi.org/10.1016/j.molstruc.2016.04.024,Crystal engineering
10.1016/j.inoche.2017.03.019,publisher_E,https://doi.org/10.1016/j.inoche.2017.03.019,Crystal engineering
10.1016/j.inoche.2015.05.009,publisher_E,https://doi.org/10.1016/j.inoche.2015.05.009,Crystal engineering
10.1016/j.jssc.2008.05.011,publisher_E,https://doi.org/10.1016/j.jssc.2008.05.011,Crystal engineering
10.1016/j.inoche.2011.11.034,publisher_E,https://doi.org/10.1016/j.inoche.2011.11.034,Crystal engineering
10.1016/j.jssc.2010.11.012,publisher_E,https://doi.org/10.1016/j.jssc.2010.11.012,Crystal engineering
10.1016/j.molstruc.2014.09.085,publisher_E,https://doi.org/10.1016/j.molstruc.2014.09.085,Crystal engineering
10.1016/j.jssc.2016.09.033,publisher_E,https://doi.org/10.1016/j.jssc.2016.09.033,Crystal engineering
10.1016/j.jssc.2017.12.028,publisher_E,https://doi.org/10.1016/j.jssc.2017.12.028,Crystal engineering
10.1016/j.poly.2018.05.017,publisher_E,https://doi.org/10.1016/j.poly.2018.05.017,Crystal engineering
10.1016/j.ica.2019.119083,publisher_E,https://doi.org/10.1016/j.ica.2019.119083,Crystal engineering
10.1016/j.jssc.2014.08.007,publisher_E,https://doi.org/10.1016/j.jssc.2014.08.007,Crystal engineering
10.1016/j.ica.2015.02.010,publisher_E,https://doi.org/10.1016/j.ica.2015.02.010,Crystal engineering
10.1016/j.poly.2007.07.045,publisher_E,https://doi.org/10.1016/j.poly.2007.07.045,Crystal engineering
10.1016/j.ica.2009.11.019,publisher_E,https://doi.org/10.1016/j.ica.2009.11.019,Crystal engineering
10.1016/j.inoche.2013.08.012,publisher_E,https://doi.org/10.1016/j.inoche.2013.08.012,Crystal engineering
10.1016/j.ica.2013.03.033,publisher_E,https://doi.org/10.1016/j.ica.2013.03.033,Crystal engineering
10.1016/j.inoche.2011.11.030,publisher_E,https://doi.org/10.1016/j.inoche.2011.11.030,Crystal engineering
10.1016/j.ica.2016.07.001,publisher_E,https://doi.org/10.1016/j.ica.2016.07.001,Crystal engineering
10.1016/j.poly.2023.116388,publisher_E,https://doi.org/10.1016/j.poly.2023.116388,Functional materials
10.1016/j.inoche.2014.12.010,publisher_E,https://doi.org/10.1016/j.inoche.2014.12.010,Functional materials
10.1016/j.jssc.2017.05.011,publisher_E,https://doi.org/10.1016/j.jssc.2017.05.011,Crystal engineering
10.1016/j.poly.2010.12.027,publisher_E,https://doi.org/10.1016/j.poly.2010.12.027,Crystal engineering
10.1016/j.inoche.2014.08.005,publisher_E,https://doi.org/10.1016/j.inoche.2014.08.005,Crystal engineering
10.1016/j.inoche.2019.02.037,publisher_E,https://doi.org/10.1016/j.inoche.2019.02.037,Crystal engineering
10.1016/j.inoche.2008.04.019,publisher_E,https://doi.org/10.1016/j.inoche.2008.04.019,Crystal engineering
10.1016/j.inoche.2013.04.013,publisher_E,https://doi.org/10.1016/j.inoche.2013.04.013,Crystal engineering
10.1016/j.inoche.2012.05.038,publisher_E,https://doi.org/10.1016/j.inoche.2012.05.038,Crystal engineering
10.1016/j.molstruc.2018.02.039,publisher_E,https://doi.org/10.1016/j.molstruc.2018.02.039,Crystal engineering
10.1016/j.poly.2012.11.045,publisher_E,https://doi.org/10.1016/j.poly.2012.11.045,Crystal engineering
10.1016/j.jssc.2013.10.004,publisher_E,https://doi.org/10.1016/j.jssc.2013.10.004,Crystal engineering
10.1016/j.jssc.2016.05.023,publisher_E,https://doi.org/10.1016/j.jssc.2016.05.023,Crystal engineering
10.1016/j.ica.2013.04.039,publisher_E,https://doi.org/10.1016/j.ica.2013.04.039,Crystal engineering
10.1016/j.jssc.2010.03.006,publisher_E,https://doi.org/10.1016/j.jssc.2010.03.006,Crystal engineering
10.1016/j.inoche.2017.03.001,publisher_E,https://doi.org/10.1016/j.inoche.2017.03.001,Crystal engineering
10.1016/j.ica.2010.05.024,publisher_E,https://doi.org/10.1016/j.ica.2010.05.024,Crystal engineering
10.1016/j.poly.2015.11.020,publisher_E,https://doi.org/10.1016/j.poly.2015.11.020,Crystal engineering
10.1016/j.poly.2016.05.019,publisher_E,https://doi.org/10.1016/j.poly.2016.05.019,Crystal engineering
10.1016/j.ica.2007.10.043,publisher_E,https://doi.org/10.1016/j.ica.2007.10.043,Crystal engineering
10.1016/j.inoche.2008.11.006,publisher_E,https://doi.org/10.1016/j.inoche.2008.11.006,Crystal engineering
10.1016/j.poly.2019.02.006,publisher_E,https://doi.org/10.1016/j.poly.2019.02.006,Crystal engineering
10.1016/j.molstruc.2013.01.044,publisher_E,https://doi.org/10.1016/j.molstruc.2013.01.044,Crystal engineering
10.1016/j.inoche.2012.03.021,publisher_E,https://doi.org/10.1016/j.inoche.2012.03.021,Crystal engineering
10.1016/j.ica.2020.119930,publisher_E,https://doi.org/10.1016/j.ica.2020.119930,Crystal engineering
10.1016/j.jssc.2017.01.027,publisher_E,https://doi.org/10.1016/j.jssc.2017.01.027,Functional materials
10.1016/j.jssc.2015.07.017,publisher_E,https://doi.org/10.1016/j.jssc.2015.07.017,Crystal engineering
10.1016/j.inoche.2010.10.026,publisher_E,https://doi.org/10.1016/j.inoche.2010.10.026,Crystal engineering
10.1016/j.molstruc.2023.136894,publisher_E,https://doi.org/10.1016/j.molstruc.2023.136894,Functional materials
10.1016/j.micromeso.2012.02.042,publisher_E,https://doi.org/10.1016/j.micromeso.2012.02.042,Functional materials
10.1016/j.jssc.2018.06.026,publisher_E,https://doi.org/10.1016/j.jssc.2018.06.026,Crystal engineering
10.1016/S1387-7003(02)00515-4,publisher_E,https://doi.org/10.1016/S1387-7003(02)00515-4,Crystal engineering
10.1016/j.inoche.2010.08.026,publisher_E,https://doi.org/10.1016/j.inoche.2010.08.026,Crystal engineering
10.1016/j.inoche.2017.09.013,publisher_E,https://doi.org/10.1016/j.inoche.2017.09.013,Crystal engineering
10.1016/j.solidstatesciences.2011.01.014,publisher_E,https://doi.org/10.1016/j.solidstatesciences.2011.01.014,Crystal engineering
10.1016/j.jssc.2008.03.036,publisher_E,https://doi.org/10.1016/j.jssc.2008.03.036,Crystal engineering
10.1016/j.inoche.2009.07.013,publisher_E,https://doi.org/10.1016/j.inoche.2009.07.013,Crystal engineering
10.1016/j.molstruc.2014.07.029,publisher_E,https://doi.org/10.1016/j.molstruc.2014.07.029,Crystal engineering
10.1016/j.poly.2014.08.020,publisher_E,https://doi.org/10.1016/j.poly.2014.08.020,Crystal engineering
10.1016/j.jssc.2021.122672,publisher_E,https://doi.org/10.1016/j.jssc.2021.122672,Functional materials
10.1016/j.ica.2018.07.054,publisher_E,https://doi.org/10.1016/j.ica.2018.07.054,Crystal engineering
10.1016/j.poly.2015.08.040,publisher_E,https://doi.org/10.1016/j.poly.2015.08.040,Functional materials
10.1016/j.ica.2011.02.092,publisher_E,https://doi.org/10.1016/j.ica.2011.02.092,Crystal engineering
10.1016/j.molstruc.2017.01.023,publisher_E,https://doi.org/10.1016/j.molstruc.2017.01.023,Functional materials
10.1016/j.poly.2017.11.006,publisher_E,https://doi.org/10.1016/j.poly.2017.11.006,Functional materials
10.1016/j.molstruc.2022.132477,publisher_E,https://doi.org/10.1016/j.molstruc.2022.132477,Crystal engineering
10.1016/j.jssc.2014.07.029,publisher_E,https://doi.org/10.1016/j.jssc.2014.07.029,Crystal engineering
10.1016/j.poly.2018.11.039,publisher_E,https://doi.org/10.1016/j.poly.2018.11.039,Crystal engineering
10.1016/j.ica.2019.01.004,publisher_E,https://doi.org/10.1016/j.ica.2019.01.004,Crystal engineering
10.1016/j.poly.2017.05.018,publisher_E,https://doi.org/10.1016/j.poly.2017.05.018,Crystal engineering
10.1016/j.micromeso.2013.03.021,publisher_E,https://doi.org/10.1016/j.micromeso.2013.03.021,Crystal engineering
10.1016/j.molstruc.2021.131957,publisher_E,https://doi.org/10.1016/j.molstruc.2021.131957,Crystal engineering
10.1016/j.micromeso.2013.09.035,publisher_E,https://doi.org/10.1016/j.micromeso.2013.09.035,Crystal engineering
10.1016/j.jssc.2014.01.028,publisher_E,https://doi.org/10.1016/j.jssc.2014.01.028,Crystal engineering
10.1016/j.inoche.2009.04.020,publisher_E,https://doi.org/10.1016/j.inoche.2009.04.020,Crystal engineering
10.1016/j.jssc.2009.03.012,publisher_E,https://doi.org/10.1016/j.jssc.2009.03.012,Crystal engineering
10.1016/j.molstruc.2009.09.010,publisher_E,https://doi.org/10.1016/j.molstruc.2009.09.010,Crystal engineering
10.1016/j.micromeso.2024.113120,publisher_E,https://doi.org/10.1016/j.micromeso.2024.113120,Functional materials
10.1016/j.micromeso.2011.12.009,publisher_E,https://doi.org/10.1016/j.micromeso.2011.12.009,Functional materials
10.1016/j.inoche.2024.113590,publisher_E,https://doi.org/10.1016/j.inoche.2024.113590,Functional materials
10.1016/j.molstruc.2024.140348,publisher_E,https://doi.org/10.1016/j.molstruc.2024.140348,Functional materials
10.1016/j.molstruc.2020.129327,publisher_E,https://doi.org/10.1016/j.molstruc.2020.129327,Functional materials
10.1016/j.ica.2017.09.047,publisher_E,https://doi.org/10.1016/j.ica.2017.09.047,Crystal engineering
10.1016/j.inoche.2018.07.039,publisher_E,https://doi.org/10.1016/j.inoche.2018.07.039,Functional materials
10.1016/j.poly.2018.11.036,publisher_E,https://doi.org/10.1016/j.poly.2018.11.036,Crystal engineering
10.1016/j.ica.2019.119096,publisher_E,https://doi.org/10.1016/j.ica.2019.119096,Functional materials
10.1016/j.micromeso.2011.04.028,publisher_E,https://doi.org/10.1016/j.micromeso.2011.04.028,Functional materials
10.1016/j.jssc.2017.08.017,publisher_E,https://doi.org/10.1016/j.jssc.2017.08.017,Crystal engineering
10.1016/j.micromeso.2014.02.021,publisher_E,https://doi.org/10.1016/j.micromeso.2014.02.021,Functional materials
10.1016/j.solidstatesciences.2006.02.025,publisher_E,https://doi.org/10.1016/j.solidstatesciences.2006.02.025,Crystal engineering
10.1016/j.jmrt.2020.05.015,publisher_E,https://doi.org/10.1016/j.jmrt.2020.05.015,Crystal engineering
10.1016/j.ica.2008.10.008,publisher_E,https://doi.org/10.1016/j.ica.2008.10.008,Crystal engineering
10.1016/j.ica.2004.05.037,publisher_E,https://doi.org/10.1016/j.ica.2004.05.037,Crystal engineering
10.1016/j.molstruc.2018.04.068,publisher_E,https://doi.org/10.1016/j.molstruc.2018.04.068,Crystal engineering
10.1016/j.micromeso.2010.10.022,publisher_E,https://doi.org/10.1016/j.micromeso.2010.10.022,Functional materials
10.1016/j.solidstatesciences.2011.05.017,publisher_E,https://doi.org/10.1016/j.solidstatesciences.2011.05.017,Crystal engineering
10.1016/j.matlet.2009.05.040,publisher_E,https://doi.org/10.1016/j.matlet.2009.05.040,Functional materials
10.1016/j.molstruc.2017.03.120,publisher_E,https://doi.org/10.1016/j.molstruc.2017.03.120,Functional materials
10.1016/j.inoche.2021.108693,publisher_E,https://doi.org/10.1016/j.inoche.2021.108693,Functional materials
10.1016/j.matchemphys.2014.06.015,publisher_E,https://doi.org/10.1016/j.matchemphys.2014.06.015,Functional materials
10.1016/S0020-1693(02)00905-2,publisher_E,https://doi.org/10.1016/S0020-1693(02)00905-2,Crystal engineering
10.1016/j.inoche.2023.111394,publisher_E,https://doi.org/10.1016/j.inoche.2023.111394,Functional materials
10.1016/j.ica.2012.08.012,publisher_E,https://doi.org/10.1016/j.ica.2012.08.012,Crystal engineering
10.1016/j.molliq.2020.112996,publisher_E,https://doi.org/10.1016/j.molliq.2020.112996,Functional materials
10.1016/j.jssc.2020.121742,publisher_E,https://doi.org/10.1016/j.jssc.2020.121742,Crystal engineering
10.1016/j.ica.2012.04.044,publisher_E,https://doi.org/10.1016/j.ica.2012.04.044,Chemical synthesis
10.1016/j.inoche.2013.08.031,publisher_E,https://doi.org/10.1016/j.inoche.2013.08.031,Crystal engineering
10.1016/j.jallcom.2017.01.260,publisher_E,https://doi.org/10.1016/j.jallcom.2017.01.260,Functional materials
10.1016/j.jallcom.2018.12.157,publisher_E,https://doi.org/10.1016/j.jallcom.2018.12.157,Functional materials
10.1016/j.micromeso.2019.109844,publisher_E,https://doi.org/10.1016/j.micromeso.2019.109844,Functional materials
10.1016/j.apsusc.2013.07.068,publisher_E,https://doi.org/10.1016/j.apsusc.2013.07.068,Functional materials
10.1016/j.jorganchem.2018.04.032,publisher_E,https://doi.org/10.1016/j.jorganchem.2018.04.032,Crystal engineering
10.1016/j.matchemphys.2024.129245,publisher_E,https://doi.org/10.1016/j.matchemphys.2024.129245,Functional materials
10.1016/j.jics.2024.101335,publisher_E,https://doi.org/10.1016/j.jics.2024.101335,Functional materials
10.1016/j.jssc.2013.05.034,publisher_E,https://doi.org/10.1016/j.jssc.2013.05.034,Crystal engineering
10.1016/j.inoche.2011.01.040,publisher_E,https://doi.org/10.1016/j.inoche.2011.01.040,Chemical synthesis
10.1016/j.ijhydene.2012.04.105,publisher_E,https://doi.org/10.1016/j.ijhydene.2012.04.105,Functional materials
10.1016/j.inoche.2009.02.004,publisher_E,https://doi.org/10.1016/j.inoche.2009.02.004,Chemical synthesis
10.1016/j.optmat.2017.05.037,publisher_E,https://doi.org/10.1016/j.optmat.2017.05.037,Functional materials
10.1016/j.molstruc.2018.05.054,publisher_E,https://doi.org/10.1016/j.molstruc.2018.05.054,Crystal engineering
10.1016/j.inoche.2014.06.023,publisher_E,https://doi.org/10.1016/j.inoche.2014.06.023,Crystal engineering
10.1016/j.ica.2018.10.029,publisher_E,https://doi.org/10.1016/j.ica.2018.10.029,Functional materials
10.1016/j.poly.2006.09.008,publisher_E,https://doi.org/10.1016/j.poly.2006.09.008,Crystal engineering
10.1016/j.micromeso.2014.02.016,publisher_E,https://doi.org/10.1016/j.micromeso.2014.02.016,Functional materials
10.1016/j.inoche.2023.111612,publisher_E,https://doi.org/10.1016/j.inoche.2023.111612,Functional materials
10.1016/j.mtchem.2023.101777,publisher_E,https://doi.org/10.1016/j.mtchem.2023.101777,Functional materials
10.1016/j.inoche.2015.01.030,publisher_E,https://doi.org/10.1016/j.inoche.2015.01.030,Functional materials
10.1016/j.inoche.2006.10.010,publisher_E,https://doi.org/10.1016/j.inoche.2006.10.010,Crystal engineering
10.1016/j.inoche.2016.04.009,publisher_E,https://doi.org/10.1016/j.inoche.2016.04.009,Functional materials
10.1016/j.ica.2015.12.010,publisher_E,https://doi.org/10.1016/j.ica.2015.12.010,Functional materials
10.1016/j.ica.2011.03.072,publisher_E,https://doi.org/10.1016/j.ica.2011.03.072,Crystal engineering
10.1016/j.solidstatesciences.2011.05.006,publisher_E,https://doi.org/10.1016/j.solidstatesciences.2011.05.006,Crystal engineering
10.1016/j.jssc.2017.07.019,publisher_E,https://doi.org/10.1016/j.jssc.2017.07.019,Crystal engineering
10.1016/j.micromeso.2008.10.037,publisher_E,https://doi.org/10.1016/j.micromeso.2008.10.037,Crystal engineering
10.1016/j.molstruc.2006.10.013,publisher_E,https://doi.org/10.1016/j.molstruc.2006.10.013,Crystal engineering
10.1016/j.solidstatesciences.2004.07.019,publisher_E,https://doi.org/10.1016/j.solidstatesciences.2004.07.019,Crystal engineering
10.1016/j.dyepig.2024.112600,publisher_E,https://doi.org/10.1016/j.dyepig.2024.112600,Functional materials
10.1016/j.dyepig.2016.03.027,publisher_E,https://doi.org/10.1016/j.dyepig.2016.03.027,Functional materials
10.1016/j.micromeso.2015.12.004,publisher_E,https://doi.org/10.1016/j.micromeso.2015.12.004,Functional materials
10.1016/j.scriptamat.2007.09.024,publisher_E,https://doi.org/10.1016/j.scriptamat.2007.09.024,Functional materials
10.1016/j.ijhydene.2010.12.043,publisher_E,https://doi.org/10.1016/j.ijhydene.2010.12.043,Functional materials
10.1016/j.ica.2015.08.015,publisher_E,https://doi.org/10.1016/j.ica.2015.08.015,Functional materials
10.1016/j.ijhydene.2013.01.163,publisher_E,https://doi.org/10.1016/j.ijhydene.2013.01.163,Functional materials
10.1016/j.ijhydene.2008.11.048,publisher_E,https://doi.org/10.1016/j.ijhydene.2008.11.048,Functional materials
10.1016/j.ijhydene.2013.03.044,publisher_E,https://doi.org/10.1016/j.ijhydene.2013.03.044,Functional materials
10.1016/j.micromeso.2019.109784,publisher_E,https://doi.org/10.1016/j.micromeso.2019.109784,Functional materials
10.1016/j.jssc.2018.04.008,publisher_E,https://doi.org/10.1016/j.jssc.2018.04.008,Functional materials
10.1016/j.inoche.2014.02.015,publisher_E,https://doi.org/10.1016/j.inoche.2014.02.015,Crystal engineering
10.1016/j.jssc.2021.122868,publisher_E,https://doi.org/10.1016/j.jssc.2021.122868,Functional materials
10.1016/j.molstruc.2018.12.026,publisher_E,https://doi.org/10.1016/j.molstruc.2018.12.026,Crystal engineering
10.1016/j.poly.2022.115653,publisher_E,https://doi.org/10.1016/j.poly.2022.115653,Functional materials
10.1016/j.micromeso.2018.03.020,publisher_E,https://doi.org/10.1016/j.micromeso.2018.03.020,Crystal engineering
10.1016/j.molstruc.2022.134127,publisher_E,https://doi.org/10.1016/j.molstruc.2022.134127,Functional materials
10.1016/j.ica.2012.01.046,publisher_E,https://doi.org/10.1016/j.ica.2012.01.046,Crystal engineering
10.1016/j.solidstatesciences.2015.11.010,publisher_E,https://doi.org/10.1016/j.solidstatesciences.2015.11.010,Crystal engineering
10.1016/j.jssc.2004.12.004,publisher_E,https://doi.org/10.1016/j.jssc.2004.12.004,Crystal engineering
10.1016/j.jssc.2010.10.011,publisher_E,https://doi.org/10.1016/j.jssc.2010.10.011,Crystal engineering
10.1016/j.solidstatesciences.2013.09.010,publisher_E,https://doi.org/10.1016/j.solidstatesciences.2013.09.010,Crystal engineering
10.1016/j.jorganchem.2006.07.048,publisher_E,https://doi.org/10.1016/j.jorganchem.2006.07.048,Crystal engineering
10.1016/j.ica.2009.01.042,publisher_E,https://doi.org/10.1016/j.ica.2009.01.042,Crystal engineering
10.1016/j.ica.2018.10.052,publisher_E,https://doi.org/10.1016/j.ica.2018.10.052,Crystal engineering
10.1016/j.molstruc.2016.02.010,publisher_E,https://doi.org/10.1016/j.molstruc.2016.02.010,Crystal engineering
10.1016/j.jorganchem.2021.122221,publisher_E,https://doi.org/10.1016/j.jorganchem.2021.122221,Functional materials
10.1016/j.molstruc.2022.133895,publisher_E,https://doi.org/10.1016/j.molstruc.2022.133895,Functional materials
10.1016/j.ica.2012.01.041,publisher_E,https://doi.org/10.1016/j.ica.2012.01.041,Crystal engineering
10.1016/j.inoche.2012.06.004,publisher_E,https://doi.org/10.1016/j.inoche.2012.06.004,Crystal engineering
10.1016/j.poly.2023.116750,publisher_E,https://doi.org/10.1016/j.poly.2023.116750,Crystal engineering
10.1016/j.ica.2012.11.019,publisher_E,https://doi.org/10.1016/j.ica.2012.11.019,Crystal engineering
10.1016/j.molstruc.2015.08.020,publisher_E,https://doi.org/10.1016/j.molstruc.2015.08.020,Crystal engineering
10.1016/j.inoche.2013.08.013,publisher_E,https://doi.org/10.1016/j.inoche.2013.08.013,Crystal engineering
10.1016/S0277-5387(02)01302-5,publisher_E,https://doi.org/10.1016/S0277-5387(02)01302-5,Crystal engineering
10.1016/j.micromeso.2009.06.009,publisher_E,https://doi.org/10.1016/j.micromeso.2009.06.009,Crystal engineering
10.1016/j.ica.2020.119500,publisher_E,https://doi.org/10.1016/j.ica.2020.119500,Crystal engineering
10.1016/j.dyepig.2025.112953,publisher_E,https://doi.org/10.1016/j.dyepig.2025.112953,Crystal engineering
10.1016/j.molstruc.2011.10.010,publisher_E,https://doi.org/10.1016/j.molstruc.2011.10.010,Crystal engineering
10.1016/j.molstruc.2009.09.038,publisher_E,https://doi.org/10.1016/j.molstruc.2009.09.038,Crystal engineering
10.1016/j.catcom.2017.06.026,publisher_E,https://doi.org/10.1016/j.catcom.2017.06.026,Functional materials
10.1016/j.mcat.2020.111190,publisher_E,https://doi.org/10.1016/j.mcat.2020.111190,Chemical synthesis
10.1016/j.micromeso.2016.06.014,publisher_E,https://doi.org/10.1016/j.micromeso.2016.06.014,Functional materials
10.1016/j.mtsust.2023.100604,publisher_E,https://doi.org/10.1016/j.mtsust.2023.100604,Functional materials
10.1016/j.inoche.2012.04.032,publisher_E,https://doi.org/10.1016/j.inoche.2012.04.032,Crystal engineering
10.1016/j.jcou.2023.102633,publisher_E,https://doi.org/10.1016/j.jcou.2023.102633,Chemical synthesis
10.1016/j.jcis.2021.05.169,publisher_E,https://doi.org/10.1016/j.jcis.2021.05.169,Functional materials
10.1016/j.jssc.2022.123520,publisher_E,https://doi.org/10.1016/j.jssc.2022.123520,Crystal engineering
10.1016/j.jssc.2017.10.017,publisher_E,https://doi.org/10.1016/j.jssc.2017.10.017,Functional materials
10.1016/j.dyepig.2023.111673,publisher_E,https://doi.org/10.1016/j.dyepig.2023.111673,Functional materials
10.1016/j.poly.2019.07.013,publisher_E,https://doi.org/10.1016/j.poly.2019.07.013,Functional materials
10.1016/j.micromeso.2020.110600,publisher_E,https://doi.org/10.1016/j.micromeso.2020.110600,Functional materials
10.1016/j.molstruc.2024.141056,publisher_E,https://doi.org/10.1016/j.molstruc.2024.141056,Functional materials
10.1016/j.jcis.2024.05.211,publisher_E,https://doi.org/10.1016/j.jcis.2024.05.211,Functional materials
10.1016/j.molstruc.2014.01.090,publisher_E,https://doi.org/10.1016/j.molstruc.2014.01.090,Crystal engineering
10.1016/j.inoche.2021.108550,publisher_E,https://doi.org/10.1016/j.inoche.2021.108550,Functional materials
10.1016/j.poly.2013.09.002,publisher_E,https://doi.org/10.1016/j.poly.2013.09.002,Crystal engineering
10.1016/j.colsurfa.2020.125330,publisher_E,https://doi.org/10.1016/j.colsurfa.2020.125330,Functional materials
10.1016/j.matchemphys.2019.05.009,publisher_E,https://doi.org/10.1016/j.matchemphys.2019.05.009,Crystal engineering
10.1016/j.jcat.2022.01.010,publisher_E,https://doi.org/10.1016/j.jcat.2022.01.010,Functional materials
10.1016/j.jallcom.2017.07.095,publisher_E,https://doi.org/10.1016/j.jallcom.2017.07.095,Functional materials
10.1016/j.jiec.2017.05.028,publisher_E,https://doi.org/10.1016/j.jiec.2017.05.028,Chemical synthesis
10.1016/j.jssc.2022.123001,publisher_E,https://doi.org/10.1016/j.jssc.2022.123001,Crystal engineering
10.1016/j.ica.2014.08.053,publisher_E,https://doi.org/10.1016/j.ica.2014.08.053,Crystal engineering
10.1016/j.msec.2019.110111,publisher_E,https://doi.org/10.1016/j.msec.2019.110111,Functional materials
10.1016/j.apcata.2018.04.038,publisher_E,https://doi.org/10.1016/j.apcata.2018.04.038,Chemical synthesis
10.1016/j.inoche.2021.109017,publisher_E,https://doi.org/10.1016/j.inoche.2021.109017,Functional materials
10.1016/j.ica.2009.06.053,publisher_E,https://doi.org/10.1016/j.ica.2009.06.053,Crystal engineering
10.1016/j.jmrt.2022.03.028,publisher_E,https://doi.org/10.1016/j.jmrt.2022.03.028,Functional materials
10.1016/j.microc.2023.108684,publisher_E,https://doi.org/10.1016/j.microc.2023.108684,Functional materials
10.1016/j.jcis.2021.09.031,publisher_E,https://doi.org/10.1016/j.jcis.2021.09.031,Chemical synthesis
10.1016/j.solidstatesciences.2022.106842,publisher_E,https://doi.org/10.1016/j.solidstatesciences.2022.106842,Functional materials
10.1016/j.poly.2024.117078,publisher_E,https://doi.org/10.1016/j.poly.2024.117078,Functional materials
10.1016/j.polymertesting.2024.108659,publisher_E,https://doi.org/10.1016/j.polymertesting.2024.108659,Functional materials
10.1016/j.jssc.2017.07.032,publisher_E,https://doi.org/10.1016/j.jssc.2017.07.032,Chemical synthesis
10.1016/j.surfin.2022.102471,publisher_E,https://doi.org/10.1016/j.surfin.2022.102471,Functional materials
10.1016/j.jics.2024.101166,publisher_E,https://doi.org/10.1016/j.jics.2024.101166,Theory & modeling
10.1016/j.chroma.2023.464377,publisher_E,https://doi.org/10.1016/j.chroma.2023.464377,Functional materials
10.1016/j.jcis.2018.04.063,publisher_E,https://doi.org/10.1016/j.jcis.2018.04.063,Functional materials
10.14102/j.cnki.0254-5861.2021-0013,publisher_E,https://doi.org/10.14102/j.cnki.0254-5861.2021-0013,Functional materials
10.1016/j.molstruc.2025.141443,publisher_E,https://doi.org/10.1016/j.molstruc.2025.141443,Functional materials
10.1016/j.arabjc.2017.01.012,publisher_E,https://doi.org/10.1016/j.arabjc.2017.01.012,Functional materials
10.1016/j.apsusc.2021.151558,publisher_E,https://doi.org/10.1016/j.apsusc.2021.151558,Functional materials
10.1016/j.micromeso.2016.02.029,publisher_E,https://doi.org/10.1016/j.micromeso.2016.02.029,Functional materials
10.1016/j.inoche.2018.07.029,publisher_E,https://doi.org/10.1016/j.inoche.2018.07.029,Functional materials
10.1016/j.jcat.2016.02.013,publisher_E,https://doi.org/10.1016/j.jcat.2016.02.013,Functional materials
10.1016/j.materresbull.2021.111243,publisher_E,https://doi.org/10.1016/j.materresbull.2021.111243,Functional materials
10.1016/j.molstruc.2020.129041,publisher_E,https://doi.org/10.1016/j.molstruc.2020.129041,Functional materials
10.1016/j.jssc.2014.06.017,publisher_E,https://doi.org/10.1016/j.jssc.2014.06.017,Functional materials
10.1016/j.colsurfa.2023.133032,publisher_E,https://doi.org/10.1016/j.colsurfa.2023.133032,Functional materials
10.1016/j.jssc.2016.03.043,publisher_E,https://doi.org/10.1016/j.jssc.2016.03.043,Functional materials
10.1016/j.micromeso.2009.11.001,publisher_E,https://doi.org/10.1016/j.micromeso.2009.11.001,Functional materials
10.1016/j.microc.2024.110035,publisher_E,https://doi.org/10.1016/j.microc.2024.110035,Functional materials
10.1016/j.inoche.2020.108032,publisher_E,https://doi.org/10.1016/j.inoche.2020.108032,Functional materials
10.1016/j.micromeso.2020.110044,publisher_E,https://doi.org/10.1016/j.micromeso.2020.110044,Functional materials
10.1016/j.molstruc.2022.133399,publisher_E,https://doi.org/10.1016/j.molstruc.2022.133399,Functional materials
10.1016/j.micromeso.2016.05.035,publisher_E,https://doi.org/10.1016/j.micromeso.2016.05.035,Functional materials
10.1016/j.ijhydene.2024.06.163,publisher_E,https://doi.org/10.1016/j.ijhydene.2024.06.163,Functional materials
10.1016/j.jcrysgro.2016.07.004,publisher_E,https://doi.org/10.1016/j.jcrysgro.2016.07.004,Chemical synthesis
10.1016/S1003-9953(11)60419-2,publisher_E,https://doi.org/10.1016/S1003-9953(11)60419-2,Functional materials
10.1016/j.molstruc.2016.12.034,publisher_E,https://doi.org/10.1016/j.molstruc.2016.12.034,Functional materials
10.1016/j.mtcomm.2022.104117,publisher_E,https://doi.org/10.1016/j.mtcomm.2022.104117,Functional materials
10.1016/j.mencom.2023.10.025,publisher_E,https://doi.org/10.1016/j.mencom.2023.10.025,Functional materials
10.1016/j.materresbull.2020.111058,publisher_E,https://doi.org/10.1016/j.materresbull.2020.111058,Functional materials
10.1016/j.cattod.2024.114988,publisher_E,https://doi.org/10.1016/j.cattod.2024.114988,Functional materials
10.1016/j.jphotochem.2023.115333,publisher_E,https://doi.org/10.1016/j.jphotochem.2023.115333,Functional materials
10.1016/j.molstruc.2023.135389,publisher_E,https://doi.org/10.1016/j.molstruc.2023.135389,Functional materials
10.1016/j.molstruc.2023.137235,publisher_E,https://doi.org/10.1016/j.molstruc.2023.137235,Functional materials
10.1016/j.colsurfa.2024.135418,publisher_E,https://doi.org/10.1016/j.colsurfa.2024.135418,Functional materials
10.1016/j.micromeso.2015.12.010,publisher_E,https://doi.org/10.1016/j.micromeso.2015.12.010,Crystal engineering
10.1016/j.molcata.2014.05.023,publisher_E,https://doi.org/10.1016/j.molcata.2014.05.023,Crystal engineering
10.1016/j.jiec.2018.03.006,publisher_E,https://doi.org/10.1016/j.jiec.2018.03.006,Chemical synthesis
10.1016/S1002-0721(14)60050-8,publisher_E,https://doi.org/10.1016/S1002-0721(14)60050-8,Functional materials
10.1016/j.jcis.2023.09.010,publisher_E,https://doi.org/10.1016/j.jcis.2023.09.010,Functional materials
10.1016/j.talanta.2019.120514,publisher_E,https://doi.org/10.1016/j.talanta.2019.120514,Functional materials
10.1016/j.jssc.2024.125028,publisher_E,https://doi.org/10.1016/j.jssc.2024.125028,Functional materials
10.1016/j.cap.2017.11.014,publisher_E,https://doi.org/10.1016/j.cap.2017.11.014,Functional materials
10.1016/j.molcata.2013.12.005,publisher_E,https://doi.org/10.1016/j.molcata.2013.12.005,Functional materials
10.1016/j.mseb.2021.115495,publisher_E,https://doi.org/10.1016/j.mseb.2021.115495,Functional materials
10.1016/j.jallcom.2013.09.195,publisher_E,https://doi.org/10.1016/j.jallcom.2013.09.195,Functional materials
10.1016/j.molstruc.2020.129161,publisher_E,https://doi.org/10.1016/j.molstruc.2020.129161,Functional materials
10.1016/j.molstruc.2024.140323,publisher_E,https://doi.org/10.1016/j.molstruc.2024.140323,Functional materials
10.1016/j.inoche.2021.108604,publisher_E,https://doi.org/10.1016/j.inoche.2021.108604,Crystal engineering
10.1016/j.ica.2019.04.042,publisher_E,https://doi.org/10.1016/j.ica.2019.04.042,Functional materials
10.1016/j.inoche.2015.09.002,publisher_E,https://doi.org/10.1016/j.inoche.2015.09.002,Crystal engineering
10.1016/j.jssc.2020.121258,publisher_E,https://doi.org/10.1016/j.jssc.2020.121258,Functional materials
10.1016/j.molstruc.2006.03.078,publisher_E,https://doi.org/10.1016/j.molstruc.2006.03.078,Functional materials
10.1016/j.foodchem.2022.134248,publisher_E,https://doi.org/10.1016/j.foodchem.2022.134248,Functional materials
10.1016/j.microc.2021.106294,publisher_E,https://doi.org/10.1016/j.microc.2021.106294,Functional materials
10.1016/j.jssc.2021.122747,publisher_E,https://doi.org/10.1016/j.jssc.2021.122747,Functional materials
10.1016/j.micromeso.2020.110224,publisher_E,https://doi.org/10.1016/j.micromeso.2020.110224,Functional materials
10.1016/j.snb.2020.129133,publisher_E,https://doi.org/10.1016/j.snb.2020.129133,Functional materials
10.1016/j.snb.2020.128455,publisher_E,https://doi.org/10.1016/j.snb.2020.128455,Functional materials
10.1016/j.matlet.2014.08.058,publisher_E,https://doi.org/10.1016/j.matlet.2014.08.058,Functional materials
10.1016/j.jssc.2017.04.018,publisher_E,https://doi.org/10.1016/j.jssc.2017.04.018,Functional materials
10.1016/j.micromeso.2017.02.013,publisher_E,https://doi.org/10.1016/j.micromeso.2017.02.013,Chemical synthesis
10.1016/j.micromeso.2018.08.019,publisher_E,https://doi.org/10.1016/j.micromeso.2018.08.019,Chemical synthesis
10.1016/j.micromeso.2017.11.020,publisher_E,https://doi.org/10.1016/j.micromeso.2017.11.020,Crystal engineering
10.1016/j.micromeso.2016.07.039,publisher_E,https://doi.org/10.1016/j.micromeso.2016.07.039,Functional materials
10.1016/j.micromeso.2014.07.052,publisher_E,https://doi.org/10.1016/j.micromeso.2014.07.052,Crystal engineering
10.1016/j.inoche.2020.107773,publisher_E,https://doi.org/10.1016/j.inoche.2020.107773,Functional materials
10.1016/j.jpcs.2024.112452,publisher_E,https://doi.org/10.1016/j.jpcs.2024.112452,Functional materials
10.1016/j.tet.2017.08.040,publisher_E,https://doi.org/10.1016/j.tet.2017.08.040,Functional materials
10.1016/j.micromeso.2019.109569,publisher_E,https://doi.org/10.1016/j.micromeso.2019.109569,Functional materials
10.1016/j.micromeso.2010.12.016,publisher_E,https://doi.org/10.1016/j.micromeso.2010.12.016,Functional materials
10.1016/j.matchemphys.2025.130363,publisher_E,https://doi.org/10.1016/j.matchemphys.2025.130363,Functional materials
10.1016/j.inoche.2017.11.010,publisher_E,https://doi.org/10.1016/j.inoche.2017.11.010,Crystal engineering
10.1016/j.molstruc.2023.135224,publisher_E,https://doi.org/10.1016/j.molstruc.2023.135224,Functional materials
10.1016/j.ica.2015.04.030,publisher_E,https://doi.org/10.1016/j.ica.2015.04.030,Functional materials
10.1016/j.inoche.2012.11.035,publisher_E,https://doi.org/10.1016/j.inoche.2012.11.035,Crystal engineering
10.1016/j.inoche.2013.05.006,publisher_E,https://doi.org/10.1016/j.inoche.2013.05.006,Crystal engineering
10.1016/j.jssc.2022.123111,publisher_E,https://doi.org/10.1016/j.jssc.2022.123111,Functional materials
10.1016/j.inoche.2019.107488,publisher_E,https://doi.org/10.1016/j.inoche.2019.107488,Crystal engineering
10.1016/j.ijhydene.2009.01.082,publisher_E,https://doi.org/10.1016/j.ijhydene.2009.01.082,Functional materials
10.1016/j.ijhydene.2011.12.072,publisher_E,https://doi.org/10.1016/j.ijhydene.2011.12.072,Functional materials
10.1016/j.inoche.2009.07.027,publisher_E,https://doi.org/10.1016/j.inoche.2009.07.027,Crystal engineering
10.1016/j.inoche.2020.108011,publisher_E,https://doi.org/10.1016/j.inoche.2020.108011,Functional materials
10.1016/j.inoche.2012.12.015,publisher_E,https://doi.org/10.1016/j.inoche.2012.12.015,Crystal engineering
10.1016/j.poly.2011.05.020,publisher_E,https://doi.org/10.1016/j.poly.2011.05.020,Crystal engineering
10.1016/j.solidstatesciences.2009.11.013,publisher_E,https://doi.org/10.1016/j.solidstatesciences.2009.11.013,Crystal engineering
10.1016/j.jssc.2016.03.034,publisher_E,https://doi.org/10.1016/j.jssc.2016.03.034,Functional materials
10.1016/j.colsurfa.2012.11.067,publisher_E,https://doi.org/10.1016/j.colsurfa.2012.11.067,Functional materials
10.1016/j.synthmet.2012.07.025,publisher_E,https://doi.org/10.1016/j.synthmet.2012.07.025,Functional materials
10.1016/j.molstruc.2024.140061,publisher_E,https://doi.org/10.1016/j.molstruc.2024.140061,Functional materials
10.1016/j.poly.2016.06.034,publisher_E,https://doi.org/10.1016/j.poly.2016.06.034,Functional materials
10.1016/j.matlet.2020.127402,publisher_E,https://doi.org/10.1016/j.matlet.2020.127402,Functional materials
10.1016/j.jcou.2017.10.015,publisher_E,https://doi.org/10.1016/j.jcou.2017.10.015,Functional materials
10.1016/j.poly.2016.11.025,publisher_E,https://doi.org/10.1016/j.poly.2016.11.025,Functional materials
10.1016/j.poly.2012.02.006,publisher_E,https://doi.org/10.1016/j.poly.2012.02.006,Crystal engineering
10.1016/j.ica.2011.08.028,publisher_E,https://doi.org/10.1016/j.ica.2011.08.028,Functional materials
10.1016/j.molstruc.2016.12.005,publisher_E,https://doi.org/10.1016/j.molstruc.2016.12.005,Functional materials
10.1016/j.ica.2024.122072,publisher_E,https://doi.org/10.1016/j.ica.2024.122072,Crystal engineering
10.1016/j.jssc.2024.124773,publisher_E,https://doi.org/10.1016/j.jssc.2024.124773,Functional materials
10.1016/j.molstruc.2013.03.001,publisher_E,https://doi.org/10.1016/j.molstruc.2013.03.001,Crystal engineering
10.1016/j.jssc.2014.05.011,publisher_E,https://doi.org/10.1016/j.jssc.2014.05.011,Crystal engineering
10.1016/j.ica.2019.119036,publisher_E,https://doi.org/10.1016/j.ica.2019.119036,Functional materials
10.1016/j.micromeso.2007.05.018,publisher_E,https://doi.org/10.1016/j.micromeso.2007.05.018,Crystal engineering
10.1016/j.poly.2018.06.025,publisher_E,https://doi.org/10.1016/j.poly.2018.06.025,Functional materials
10.1016/j.molstruc.2020.127923,publisher_E,https://doi.org/10.1016/j.molstruc.2020.127923,Crystal engineering
10.1016/j.inoche.2024.113582,publisher_E,https://doi.org/10.1016/j.inoche.2024.113582,Crystal engineering
10.1016/j.poly.2017.12.020,publisher_E,https://doi.org/10.1016/j.poly.2017.12.020,Crystal engineering
10.1016/j.poly.2019.04.007,publisher_E,https://doi.org/10.1016/j.poly.2019.04.007,Functional materials
10.1016/j.poly.2015.06.001,publisher_E,https://doi.org/10.1016/j.poly.2015.06.001,Functional materials
10.1016/j.molstruc.2021.130347,publisher_E,https://doi.org/10.1016/j.molstruc.2021.130347,Crystal engineering
10.1016/j.poly.2020.114929,publisher_E,https://doi.org/10.1016/j.poly.2020.114929,Crystal engineering
10.1016/j.inoche.2006.07.040,publisher_E,https://doi.org/10.1016/j.inoche.2006.07.040,Crystal engineering
10.1016/j.inoche.2013.08.037,publisher_E,https://doi.org/10.1016/j.inoche.2013.08.037,Crystal engineering
10.1016/j.inoche.2019.107713,publisher_E,https://doi.org/10.1016/j.inoche.2019.107713,Crystal engineering
10.1016/j.inoche.2007.01.001,publisher_E,https://doi.org/10.1016/j.inoche.2007.01.001,Crystal engineering
10.1016/j.molstruc.2014.06.018,publisher_E,https://doi.org/10.1016/j.molstruc.2014.06.018,Crystal engineering
10.1016/j.inoche.2018.08.017,publisher_E,https://doi.org/10.1016/j.inoche.2018.08.017,Functional materials
10.1016/j.jssc.2015.08.037,publisher_E,https://doi.org/10.1016/j.jssc.2015.08.037,Crystal engineering
10.1016/j.inoche.2014.12.001,publisher_E,https://doi.org/10.1016/j.inoche.2014.12.001,Crystal engineering
10.1016/j.inoche.2012.04.027,publisher_E,https://doi.org/10.1016/j.inoche.2012.04.027,Crystal engineering
10.1016/j.molstruc.2010.04.026,publisher_E,https://doi.org/10.1016/j.molstruc.2010.04.026,Crystal engineering
10.1016/j.inoche.2008.06.001,publisher_E,https://doi.org/10.1016/j.inoche.2008.06.001,Crystal engineering
10.1016/j.ica.2021.120494,publisher_E,https://doi.org/10.1016/j.ica.2021.120494,Functional materials
10.1016/j.poly.2022.116242,publisher_E,https://doi.org/10.1016/j.poly.2022.116242,Functional materials
10.1016/j.molstruc.2017.02.005,publisher_E,https://doi.org/10.1016/j.molstruc.2017.02.005,Crystal engineering
10.1016/j.inoche.2011.09.019,publisher_E,https://doi.org/10.1016/j.inoche.2011.09.019,Crystal engineering
10.1016/j.jssc.2016.06.021,publisher_E,https://doi.org/10.1016/j.jssc.2016.06.021,Crystal engineering
10.1016/j.inoche.2009.11.008,publisher_E,https://doi.org/10.1016/j.inoche.2009.11.008,Crystal engineering
10.1016/j.micromeso.2019.03.014,publisher_E,https://doi.org/10.1016/j.micromeso.2019.03.014,Functional materials
10.1016/j.inoche.2015.11.001,publisher_E,https://doi.org/10.1016/j.inoche.2015.11.001,Functional materials
10.1016/j.inoche.2020.108076,publisher_E,https://doi.org/10.1016/j.inoche.2020.108076,Crystal engineering
10.1016/j.ica.2010.04.021,publisher_E,https://doi.org/10.1016/j.ica.2010.04.021,Crystal engineering
10.1016/j.jssc.2014.04.017,publisher_E,https://doi.org/10.1016/j.jssc.2014.04.017,Crystal engineering
10.1016/j.inoche.2007.12.036,publisher_E,https://doi.org/10.1016/j.inoche.2007.12.036,Crystal engineering
10.1016/j.poly.2018.02.021,publisher_E,https://doi.org/10.1016/j.poly.2018.02.021,Functional materials
10.1016/j.molstruc.2008.12.057,publisher_E,https://doi.org/10.1016/j.molstruc.2008.12.057,Crystal engineering
10.1016/j.inoche.2012.08.013,publisher_E,https://doi.org/10.1016/j.inoche.2012.08.013,Crystal engineering
10.1016/j.molstruc.2017.07.056,publisher_E,https://doi.org/10.1016/j.molstruc.2017.07.056,Crystal engineering
10.1016/j.jssc.2009.04.034,publisher_E,https://doi.org/10.1016/j.jssc.2009.04.034,Crystal engineering
10.5012/bkcs.2013.34.7.2138,publisher_W,https://doi.org/10.5012/bkcs.2013.34.7.2138,Crystal engineering
10.1016/j.ica.2012.08.006,publisher_E,https://doi.org/10.1016/j.ica.2012.08.006,Crystal engineering
10.1016/j.inoche.2018.07.005,publisher_E,https://doi.org/10.1016/j.inoche.2018.07.005,Crystal engineering
10.1016/j.ica.2008.04.044,publisher_E,https://doi.org/10.1016/j.ica.2008.04.044,Crystal engineering
10.1016/j.inoche.2011.12.048,publisher_E,https://doi.org/10.1016/j.inoche.2011.12.048,Crystal engineering
10.1016/j.molstruc.2024.140036,publisher_E,https://doi.org/10.1016/j.molstruc.2024.140036,Functional materials
10.1016/j.jssc.2021.122278,publisher_E,https://doi.org/10.1016/j.jssc.2021.122278,Functional materials
10.1016/j.molstruc.2025.141945,publisher_E,https://doi.org/10.1016/j.molstruc.2025.141945,Functional materials
10.1016/j.micromeso.2024.113186,publisher_E,https://doi.org/10.1016/j.micromeso.2024.113186,Functional materials
10.1016/j.molstruc.2024.139598,publisher_E,https://doi.org/10.1016/j.molstruc.2024.139598,Functional materials
10.1016/j.molstruc.2024.138229,publisher_E,https://doi.org/10.1016/j.molstruc.2024.138229,Functional materials
10.1016/S1387-1811(02)00609-1,publisher_E,https://doi.org/10.1016/S1387-1811(02)00609-1,Chemical synthesis
10.1016/j.jssc.2021.122437,publisher_E,https://doi.org/10.1016/j.jssc.2021.122437,Functional materials
10.1016/j.jnoncrysol.2019.119665,publisher_E,https://doi.org/10.1016/j.jnoncrysol.2019.119665,Chemical synthesis
10.1016/j.jssc.2018.12.002,publisher_E,https://doi.org/10.1016/j.jssc.2018.12.002,Crystal engineering
10.1016/j.ica.2007.05.014,publisher_E,https://doi.org/10.1016/j.ica.2007.05.014,Crystal engineering
10.1016/j.jiec.2024.05.019,publisher_E,https://doi.org/10.1016/j.jiec.2024.05.019,Functional materials
10.1016/j.jssc.2022.123344,publisher_E,https://doi.org/10.1016/j.jssc.2022.123344,Crystal engineering
10.1016/j.ica.2013.10.034,publisher_E,https://doi.org/10.1016/j.ica.2013.10.034,Functional materials
10.1016/j.vacuum.2018.09.019,publisher_E,https://doi.org/10.1016/j.vacuum.2018.09.019,Functional materials
10.1016/j.poly.2021.115132,publisher_E,https://doi.org/10.1016/j.poly.2021.115132,Functional materials
10.1016/j.jssc.2008.11.018,publisher_E,https://doi.org/10.1016/j.jssc.2008.11.018,Crystal engineering
10.1016/j.inoche.2005.04.005,publisher_E,https://doi.org/10.1016/j.inoche.2005.04.005,Crystal engineering
10.1016/j.jssc.2015.03.020,publisher_E,https://doi.org/10.1016/j.jssc.2015.03.020,Theory & modeling
10.1016/j.molstruc.2020.128871,publisher_E,https://doi.org/10.1016/j.molstruc.2020.128871,Functional materials
10.1016/j.molstruc.2024.138590,publisher_E,https://doi.org/10.1016/j.molstruc.2024.138590,Crystal engineering
10.1016/j.inoche.2012.12.037,publisher_E,https://doi.org/10.1016/j.inoche.2012.12.037,Crystal engineering
10.1016/j.jssc.2019.02.041,publisher_E,https://doi.org/10.1016/j.jssc.2019.02.041,Crystal engineering
10.1016/j.jcat.2011.04.004,publisher_E,https://doi.org/10.1016/j.jcat.2011.04.004,Functional materials
10.1016/j.poly.2015.04.027,publisher_E,https://doi.org/10.1016/j.poly.2015.04.027,Functional materials
10.1016/j.micromeso.2003.12.029,publisher_E,https://doi.org/10.1016/j.micromeso.2003.12.029,Crystal engineering
10.1016/j.ica.2018.05.023,publisher_E,https://doi.org/10.1016/j.ica.2018.05.023,Crystal engineering
10.1016/j.inoche.2008.07.014,publisher_E,https://doi.org/10.1016/j.inoche.2008.07.014,Crystal engineering
10.1016/j.molstruc.2022.134389,publisher_E,https://doi.org/10.1016/j.molstruc.2022.134389,Crystal engineering
10.1016/j.molstruc.2016.10.051,publisher_E,https://doi.org/10.1016/j.molstruc.2016.10.051,Crystal engineering
10.1016/j.cclet.2013.11.031,publisher_E,https://doi.org/10.1016/j.cclet.2013.11.031,Crystal engineering
10.1016/j.poly.2018.05.046,publisher_E,https://doi.org/10.1016/j.poly.2018.05.046,Crystal engineering
10.1016/j.jssc.2024.124648,publisher_E,https://doi.org/10.1016/j.jssc.2024.124648,Crystal engineering
10.1016/j.poly.2013.12.027,publisher_E,https://doi.org/10.1016/j.poly.2013.12.027,Crystal engineering
10.1016/S0277-5387(01)00975-5,publisher_E,https://doi.org/10.1016/S0277-5387(01)00975-5,Crystal engineering
10.1016/j.jssc.2009.03.010,publisher_E,https://doi.org/10.1016/j.jssc.2009.03.010,Crystal engineering
10.1016/j.molstruc.2016.04.074,publisher_E,https://doi.org/10.1016/j.molstruc.2016.04.074,Crystal engineering
10.1016/j.molstruc.2021.130975,publisher_E,https://doi.org/10.1016/j.molstruc.2021.130975,Crystal engineering
10.14102/j.cnki.0254-5861.2011-2794,publisher_E,https://doi.org/10.14102/j.cnki.0254-5861.2011-2794,Crystal engineering
10.1016/j.molstruc.2020.129217,publisher_E,https://doi.org/10.1016/j.molstruc.2020.129217,Functional materials
10.1016/j.inoche.2017.04.011,publisher_E,https://doi.org/10.1016/j.inoche.2017.04.011,Functional materials
10.1016/j.ica.2020.120193,publisher_E,https://doi.org/10.1016/j.ica.2020.120193,Functional materials
10.1016/j.ica.2022.121181,publisher_E,https://doi.org/10.1016/j.ica.2022.121181,Crystal engineering
10.1016/j.jssc.2009.07.062,publisher_E,https://doi.org/10.1016/j.jssc.2009.07.062,Crystal engineering
10.1016/j.inoche.2018.05.001,publisher_E,https://doi.org/10.1016/j.inoche.2018.05.001,Crystal engineering
10.1016/j.inoche.2014.04.037,publisher_E,https://doi.org/10.1016/j.inoche.2014.04.037,Crystal engineering
10.1016/j.synthmet.2011.04.016,publisher_E,https://doi.org/10.1016/j.synthmet.2011.04.016,Crystal engineering
10.1016/j.molstruc.2008.01.039,publisher_E,https://doi.org/10.1016/j.molstruc.2008.01.039,Crystal engineering
10.1016/j.poly.2013.03.031,publisher_E,https://doi.org/10.1016/j.poly.2013.03.031,Crystal engineering
10.1016/j.poly.2022.115880,publisher_E,https://doi.org/10.1016/j.poly.2022.115880,Crystal engineering
10.1016/j.molstruc.2007.01.064,publisher_E,https://doi.org/10.1016/j.molstruc.2007.01.064,Crystal engineering
10.1016/j.inoche.2013.09.005,publisher_E,https://doi.org/10.1016/j.inoche.2013.09.005,Crystal engineering
10.1016/j.inoche.2013.07.001,publisher_E,https://doi.org/10.1016/j.inoche.2013.07.001,Crystal engineering
10.1016/j.inoche.2010.12.021,publisher_E,https://doi.org/10.1016/j.inoche.2010.12.021,Crystal engineering
10.1016/j.dyepig.2013.05.004,publisher_E,https://doi.org/10.1016/j.dyepig.2013.05.004,Crystal engineering
10.1016/j.inoche.2013.10.021,publisher_E,https://doi.org/10.1016/j.inoche.2013.10.021,Crystal engineering
10.1016/j.molstruc.2013.08.014,publisher_E,https://doi.org/10.1016/j.molstruc.2013.08.014,Crystal engineering
10.1016/j.ica.2009.04.036,publisher_E,https://doi.org/10.1016/j.ica.2009.04.036,Crystal engineering
10.1016/j.molstruc.2014.06.001,publisher_E,https://doi.org/10.1016/j.molstruc.2014.06.001,Crystal engineering
10.1016/j.cclet.2014.05.026,publisher_E,https://doi.org/10.1016/j.cclet.2014.05.026,Crystal engineering
10.1016/j.inoche.2022.109534,publisher_E,https://doi.org/10.1016/j.inoche.2022.109534,Crystal engineering
10.1016/j.molstruc.2011.12.005,publisher_E,https://doi.org/10.1016/j.molstruc.2011.12.005,Crystal engineering
10.1016/j.poly.2017.09.052,publisher_E,https://doi.org/10.1016/j.poly.2017.09.052,Functional materials
10.1016/j.molstruc.2021.130388,publisher_E,https://doi.org/10.1016/j.molstruc.2021.130388,Functional materials
10.1016/j.inoche.2012.08.015,publisher_E,https://doi.org/10.1016/j.inoche.2012.08.015,Functional materials
10.1016/j.ica.2018.09.083,publisher_E,https://doi.org/10.1016/j.ica.2018.09.083,Crystal engineering
10.1016/j.inoche.2006.04.017,publisher_E,https://doi.org/10.1016/j.inoche.2006.04.017,Crystal engineering
10.1016/j.molstruc.2011.02.056,publisher_E,https://doi.org/10.1016/j.molstruc.2011.02.056,Crystal engineering
10.1016/j.poly.2016.10.050,publisher_E,https://doi.org/10.1016/j.poly.2016.10.050,Crystal engineering
10.1016/S1002-0721(10)60489-9,publisher_E,https://doi.org/10.1016/S1002-0721(10)60489-9,Crystal engineering
10.1016/j.molstruc.2016.08.019,publisher_E,https://doi.org/10.1016/j.molstruc.2016.08.019,Crystal engineering
10.1016/j.inoche.2013.03.021,publisher_E,https://doi.org/10.1016/j.inoche.2013.03.021,Crystal engineering
10.1016/j.inoche.2010.12.004,publisher_E,https://doi.org/10.1016/j.inoche.2010.12.004,Crystal engineering
10.1016/j.inoche.2015.08.026,publisher_E,https://doi.org/10.1016/j.inoche.2015.08.026,Crystal engineering
10.1016/j.inoche.2021.108449,publisher_E,https://doi.org/10.1016/j.inoche.2021.108449,Crystal engineering
10.1016/j.ica.2010.04.011,publisher_E,https://doi.org/10.1016/j.ica.2010.04.011,Crystal engineering
10.1016/j.mencom.2016.07.025,publisher_E,https://doi.org/10.1016/j.mencom.2016.07.025,Crystal engineering
10.1016/j.inoche.2011.03.047,publisher_E,https://doi.org/10.1016/j.inoche.2011.03.047,Crystal engineering
10.1016/j.molstruc.2009.05.054,publisher_E,https://doi.org/10.1016/j.molstruc.2009.05.054,Crystal engineering
10.1016/j.inoche.2010.10.007,publisher_E,https://doi.org/10.1016/j.inoche.2010.10.007,Crystal engineering
10.1016/j.ica.2014.04.009,publisher_E,https://doi.org/10.1016/j.ica.2014.04.009,Crystal engineering
10.1016/j.inoche.2008.09.012,publisher_E,https://doi.org/10.1016/j.inoche.2008.09.012,Crystal engineering
10.1016/j.jssc.2013.08.026,publisher_E,https://doi.org/10.1016/j.jssc.2013.08.026,Crystal engineering
10.1016/j.micromeso.2013.12.019,publisher_E,https://doi.org/10.1016/j.micromeso.2013.12.019,Crystal engineering
10.1016/j.inoche.2017.03.022,publisher_E,https://doi.org/10.1016/j.inoche.2017.03.022,Functional materials
10.1016/j.micromeso.2015.08.009,publisher_E,https://doi.org/10.1016/j.micromeso.2015.08.009,Crystal engineering
10.1016/j.inoche.2011.09.012,publisher_E,https://doi.org/10.1016/j.inoche.2011.09.012,Crystal engineering
10.1016/j.ica.2013.07.050,publisher_E,https://doi.org/10.1016/j.ica.2013.07.050,Crystal engineering
10.1016/j.jssc.2020.121445,publisher_E,https://doi.org/10.1016/j.jssc.2020.121445,Functional materials
10.1016/j.synthmet.2011.08.023,publisher_E,https://doi.org/10.1016/j.synthmet.2011.08.023,Crystal engineering
10.1016/j.micromeso.2006.08.015,publisher_E,https://doi.org/10.1016/j.micromeso.2006.08.015,Functional materials
10.1016/j.molstruc.2023.137147,publisher_E,https://doi.org/10.1016/j.molstruc.2023.137147,Functional materials
10.1016/j.poly.2018.08.038,publisher_E,https://doi.org/10.1016/j.poly.2018.08.038,Crystal engineering
10.1016/j.molstruc.2013.01.074,publisher_E,https://doi.org/10.1016/j.molstruc.2013.01.074,Crystal engineering
10.1016/j.ica.2018.04.005,publisher_E,https://doi.org/10.1016/j.ica.2018.04.005,Crystal engineering
10.1016/j.inoche.2014.01.004,publisher_E,https://doi.org/10.1016/j.inoche.2014.01.004,Crystal engineering
10.1016/j.jssc.2020.121180,publisher_E,https://doi.org/10.1016/j.jssc.2020.121180,Crystal engineering
10.1016/j.inoche.2015.06.036,publisher_E,https://doi.org/10.1016/j.inoche.2015.06.036,Crystal engineering
10.1016/j.molstruc.2024.137741,publisher_E,https://doi.org/10.1016/j.molstruc.2024.137741,Functional materials
10.1016/j.poly.2014.04.029,publisher_E,https://doi.org/10.1016/j.poly.2014.04.029,Crystal engineering
10.1016/j.inoche.2013.09.058,publisher_E,https://doi.org/10.1016/j.inoche.2013.09.058,Crystal engineering
10.1016/j.poly.2016.06.053,publisher_E,https://doi.org/10.1016/j.poly.2016.06.053,Crystal engineering
10.1016/j.ica.2014.01.037,publisher_E,https://doi.org/10.1016/j.ica.2014.01.037,Crystal engineering
10.1016/j.molstruc.2019.127427,publisher_E,https://doi.org/10.1016/j.molstruc.2019.127427,Crystal engineering
10.1016/j.tca.2010.06.010,publisher_E,https://doi.org/10.1016/j.tca.2010.06.010,Crystal engineering
10.1016/j.solidstatesciences.2012.10.012,publisher_E,https://doi.org/10.1016/j.solidstatesciences.2012.10.012,Functional materials
10.1016/j.molstruc.2009.04.035,publisher_E,https://doi.org/10.1016/j.molstruc.2009.04.035,Crystal engineering
10.1016/j.molstruc.2008.06.007,publisher_E,https://doi.org/10.1016/j.molstruc.2008.06.007,Crystal engineering
10.1016/j.jssc.2019.120931,publisher_E,https://doi.org/10.1016/j.jssc.2019.120931,Crystal engineering
10.1016/j.ica.2010.05.054,publisher_E,https://doi.org/10.1016/j.ica.2010.05.054,Crystal engineering
10.1016/j.poly.2008.07.035,publisher_E,https://doi.org/10.1016/j.poly.2008.07.035,Crystal engineering
10.1016/j.jssc.2005.02.025,publisher_E,https://doi.org/10.1016/j.jssc.2005.02.025,Crystal engineering
10.1016/j.inoche.2013.08.005,publisher_E,https://doi.org/10.1016/j.inoche.2013.08.005,Crystal engineering
10.1016/j.jssc.2012.08.055,publisher_E,https://doi.org/10.1016/j.jssc.2012.08.055,Crystal engineering
10.5012/bkcs.2013.34.8.2375,publisher_W,https://doi.org/10.5012/bkcs.2013.34.8.2375,Crystal engineering
10.1016/j.ica.2009.10.011,publisher_E,https://doi.org/10.1016/j.ica.2009.10.011,Crystal engineering
10.1016/j.inoche.2023.110477,publisher_E,https://doi.org/10.1016/j.inoche.2023.110477,Crystal engineering
10.1016/j.poly.2018.08.025,publisher_E,https://doi.org/10.1016/j.poly.2018.08.025,Crystal engineering
10.1016/j.inoche.2010.01.013,publisher_E,https://doi.org/10.1016/j.inoche.2010.01.013,Crystal engineering
10.1016/j.inoche.2012.07.043,publisher_E,https://doi.org/10.1016/j.inoche.2012.07.043,Crystal engineering
10.1016/j.inoche.2009.07.028,publisher_E,https://doi.org/10.1016/j.inoche.2009.07.028,Crystal engineering
10.1016/j.molstruc.2007.07.016,publisher_E,https://doi.org/10.1016/j.molstruc.2007.07.016,Crystal engineering
10.1016/j.jssc.2015.02.024,publisher_E,https://doi.org/10.1016/j.jssc.2015.02.024,Crystal engineering
10.1016/j.poly.2018.10.051,publisher_E,https://doi.org/10.1016/j.poly.2018.10.051,Crystal engineering
10.1016/j.inoche.2016.05.010,publisher_E,https://doi.org/10.1016/j.inoche.2016.05.010,Crystal engineering
10.1016/j.molstruc.2018.07.106,publisher_E,https://doi.org/10.1016/j.molstruc.2018.07.106,Theory & modeling
10.1016/j.inoche.2019.107512,publisher_E,https://doi.org/10.1016/j.inoche.2019.107512,Functional materials
10.1016/j.jcis.2021.12.163,publisher_E,https://doi.org/10.1016/j.jcis.2021.12.163,Functional materials
10.1016/j.jssc.2020.121236,publisher_E,https://doi.org/10.1016/j.jssc.2020.121236,Crystal engineering
10.1016/j.poly.2011.10.030,publisher_E,https://doi.org/10.1016/j.poly.2011.10.030,Theory & modeling
10.1016/j.ica.2025.122654,publisher_E,https://doi.org/10.1016/j.ica.2025.122654,Functional materials
10.1016/j.molstruc.2025.142298,publisher_E,https://doi.org/10.1016/j.molstruc.2025.142298,Functional materials
10.1016/j.micromeso.2021.110900,publisher_E,https://doi.org/10.1016/j.micromeso.2021.110900,Functional materials
10.1016/j.ica.2017.08.019,publisher_E,https://doi.org/10.1016/j.ica.2017.08.019,Chemical synthesis
10.1016/j.jssc.2018.09.032,publisher_E,https://doi.org/10.1016/j.jssc.2018.09.032,Crystal engineering
10.1016/j.jssc.2019.121026,publisher_E,https://doi.org/10.1016/j.jssc.2019.121026,Functional materials
10.1016/j.molstruc.2023.136074,publisher_E,https://doi.org/10.1016/j.molstruc.2023.136074,Crystal engineering
10.1016/j.ica.2020.119563,publisher_E,https://doi.org/10.1016/j.ica.2020.119563,Chemical synthesis
10.1016/j.jssc.2019.120967,publisher_E,https://doi.org/10.1016/j.jssc.2019.120967,Crystal engineering
10.1016/j.poly.2016.04.019,publisher_E,https://doi.org/10.1016/j.poly.2016.04.019,Crystal engineering
10.1016/j.inoche.2018.06.007,publisher_E,https://doi.org/10.1016/j.inoche.2018.06.007,Crystal engineering
10.1016/j.molstruc.2017.12.047,publisher_E,https://doi.org/10.1016/j.molstruc.2017.12.047,Crystal engineering
10.1016/j.micromeso.2017.02.007,publisher_E,https://doi.org/10.1016/j.micromeso.2017.02.007,Crystal engineering
10.1016/j.inoche.2012.12.019,publisher_E,https://doi.org/10.1016/j.inoche.2012.12.019,Crystal engineering
10.1016/j.inoche.2005.08.013,publisher_E,https://doi.org/10.1016/j.inoche.2005.08.013,Crystal engineering
10.1038/s42004-021-00522-1,publisher_S,https://doi.org/10.1038/s42004-021-00522-1,Crystal engineering
10.1016/j.jcis.2017.12.014,publisher_E,https://doi.org/10.1016/j.jcis.2017.12.014,Functional materials
10.1016/j.poly.2015.06.039,publisher_E,https://doi.org/10.1016/j.poly.2015.06.039,Crystal engineering
10.1016/j.talanta.2023.124326,publisher_E,https://doi.org/10.1016/j.talanta.2023.124326,Functional materials
10.1016/j.jssc.2024.125100,publisher_E,https://doi.org/10.1016/j.jssc.2024.125100,Functional materials
10.1016/j.inoche.2003.12.023,publisher_E,https://doi.org/10.1016/j.inoche.2003.12.023,Functional materials
10.1016/j.inoche.2018.01.012,publisher_E,https://doi.org/10.1016/j.inoche.2018.01.012,Functional materials
10.1016/j.jssc.2019.120993,publisher_E,https://doi.org/10.1016/j.jssc.2019.120993,Functional materials
10.1016/j.molstruc.2018.01.077,publisher_E,https://doi.org/10.1016/j.molstruc.2018.01.077,Functional materials
10.1016/j.jssc.2020.121639,publisher_E,https://doi.org/10.1016/j.jssc.2020.121639,Crystal engineering
10.1016/j.molcata.2012.08.015,publisher_E,https://doi.org/10.1016/j.molcata.2012.08.015,Functional materials
10.1016/j.ica.2009.10.001,publisher_E,https://doi.org/10.1016/j.ica.2009.10.001,Functional materials
10.1016/j.micromeso.2013.02.023,publisher_E,https://doi.org/10.1016/j.micromeso.2013.02.023,Chemical synthesis
10.1016/j.jssc.2021.122476,publisher_E,https://doi.org/10.1016/j.jssc.2021.122476,Functional materials
10.1016/j.jssc.2017.10.035,publisher_E,https://doi.org/10.1016/j.jssc.2017.10.035,Crystal engineering
10.1016/j.inoche.2024.112741,publisher_E,https://doi.org/10.1016/j.inoche.2024.112741,Functional materials
10.1016/j.cattod.2021.09.028,publisher_E,https://doi.org/10.1016/j.cattod.2021.09.028,Chemical synthesis
10.1016/j.micromeso.2014.10.018,publisher_E,https://doi.org/10.1016/j.micromeso.2014.10.018,Chemical synthesis
10.1016/j.cplett.2022.139859,publisher_E,https://doi.org/10.1016/j.cplett.2022.139859,Functional materials
10.1016/j.micromeso.2012.12.035,publisher_E,https://doi.org/10.1016/j.micromeso.2012.12.035,Functional materials
10.1016/j.ica.2018.05.008,publisher_E,https://doi.org/10.1016/j.ica.2018.05.008,Chemical synthesis
10.1016/j.micromeso.2021.111314,publisher_E,https://doi.org/10.1016/j.micromeso.2021.111314,Functional materials
10.1016/j.micromeso.2011.08.016,publisher_E,https://doi.org/10.1016/j.micromeso.2011.08.016,Functional materials
10.1016/j.micromeso.2018.11.005,publisher_E,https://doi.org/10.1016/j.micromeso.2018.11.005,Chemical synthesis
10.1016/j.jssc.2022.123713,publisher_E,https://doi.org/10.1016/j.jssc.2022.123713,Crystal engineering
10.1016/j.molstruc.2024.139742,publisher_E,https://doi.org/10.1016/j.molstruc.2024.139742,Chemical synthesis
10.1016/j.jssc.2023.124270,publisher_E,https://doi.org/10.1016/j.jssc.2023.124270,Functional materials
10.1016/j.jcis.2018.08.029,publisher_E,https://doi.org/10.1016/j.jcis.2018.08.029,Functional materials
10.1016/j.inoche.2018.07.036,publisher_E,https://doi.org/10.1016/j.inoche.2018.07.036,Functional materials
10.1016/j.inoche.2008.10.008,publisher_E,https://doi.org/10.1016/j.inoche.2008.10.008,Crystal engineering
10.1016/j.molstruc.2020.127826,publisher_E,https://doi.org/10.1016/j.molstruc.2020.127826,Functional materials
10.1016/j.jssc.2019.121133,publisher_E,https://doi.org/10.1016/j.jssc.2019.121133,Crystal engineering
10.1016/j.carbon.2010.09.059,publisher_E,https://doi.org/10.1016/j.carbon.2010.09.059,Crystal engineering
10.1016/j.ica.2022.121102,publisher_E,https://doi.org/10.1016/j.ica.2022.121102,Functional materials
10.1016/j.inoche.2021.108613,publisher_E,https://doi.org/10.1016/j.inoche.2021.108613,Crystal engineering
10.1016/j.micromeso.2022.111773,publisher_E,https://doi.org/10.1016/j.micromeso.2022.111773,Functional materials
10.1016/j.inoche.2011.05.032,publisher_E,https://doi.org/10.1016/j.inoche.2011.05.032,Crystal engineering
10.1016/j.ica.2017.11.046,publisher_E,https://doi.org/10.1016/j.ica.2017.11.046,Functional materials
10.1016/j.poly.2020.114934,publisher_E,https://doi.org/10.1016/j.poly.2020.114934,Functional materials
10.1016/j.mtchem.2025.102548,publisher_E,https://doi.org/10.1016/j.mtchem.2025.102548,Functional materials
10.1016/j.micromeso.2020.110686,publisher_E,https://doi.org/10.1016/j.micromeso.2020.110686,Chemical synthesis
10.1016/j.molstruc.2023.137280,publisher_E,https://doi.org/10.1016/j.molstruc.2023.137280,Functional materials
10.1016/j.inoche.2012.07.012,publisher_E,https://doi.org/10.1016/j.inoche.2012.07.012,Crystal engineering
10.1016/j.jssc.2010.10.006,publisher_E,https://doi.org/10.1016/j.jssc.2010.10.006,Functional materials
10.1016/j.jssc.2022.122911,publisher_E,https://doi.org/10.1016/j.jssc.2022.122911,Functional materials
10.1016/j.molstruc.2023.136163,publisher_E,https://doi.org/10.1016/j.molstruc.2023.136163,Crystal engineering
10.1016/j.poly.2018.10.004,publisher_E,https://doi.org/10.1016/j.poly.2018.10.004,Crystal engineering
10.1016/j.poly.2015.01.039,publisher_E,https://doi.org/10.1016/j.poly.2015.01.039,Crystal engineering
10.1016/j.poly.2019.02.021,publisher_E,https://doi.org/10.1016/j.poly.2019.02.021,Crystal engineering
10.1016/j.poly.2017.12.028,publisher_E,https://doi.org/10.1016/j.poly.2017.12.028,Crystal engineering
10.1016/j.jssc.2020.121706,publisher_E,https://doi.org/10.1016/j.jssc.2020.121706,Crystal engineering
10.1016/j.poly.2015.06.012,publisher_E,https://doi.org/10.1016/j.poly.2015.06.012,Crystal engineering
10.1016/j.molstruc.2017.04.057,publisher_E,https://doi.org/10.1016/j.molstruc.2017.04.057,Crystal engineering
10.1016/j.molstruc.2016.11.073,publisher_E,https://doi.org/10.1016/j.molstruc.2016.11.073,Crystal engineering
10.1016/j.jorganchem.2011.12.017,publisher_E,https://doi.org/10.1016/j.jorganchem.2011.12.017,Crystal engineering
10.1016/j.jssc.2019.07.012,publisher_E,https://doi.org/10.1016/j.jssc.2019.07.012,Functional materials
10.1016/j.solidstatesciences.2017.09.003,publisher_E,https://doi.org/10.1016/j.solidstatesciences.2017.09.003,Crystal engineering
10.1016/j.molstruc.2024.140813,publisher_E,https://doi.org/10.1016/j.molstruc.2024.140813,Functional materials
10.1016/j.synthmet.2013.09.004,publisher_E,https://doi.org/10.1016/j.synthmet.2013.09.004,Crystal engineering
10.1016/j.ica.2018.05.011,publisher_E,https://doi.org/10.1016/j.ica.2018.05.011,Functional materials
10.1016/j.poly.2016.05.059,publisher_E,https://doi.org/10.1016/j.poly.2016.05.059,Crystal engineering
10.1016/j.micromeso.2005.11.049,publisher_E,https://doi.org/10.1016/j.micromeso.2005.11.049,Crystal engineering
10.1016/j.poly.2020.114534,publisher_E,https://doi.org/10.1016/j.poly.2020.114534,Crystal engineering
10.1016/j.poly.2017.03.042,publisher_E,https://doi.org/10.1016/j.poly.2017.03.042,Functional materials
10.1016/j.poly.2020.114613,publisher_E,https://doi.org/10.1016/j.poly.2020.114613,Functional materials
10.1016/j.ica.2013.09.007,publisher_E,https://doi.org/10.1016/j.ica.2013.09.007,Crystal engineering
10.1016/j.jssc.2007.03.019,publisher_E,https://doi.org/10.1016/j.jssc.2007.03.019,Crystal engineering
10.1016/j.molstruc.2010.01.056,publisher_E,https://doi.org/10.1016/j.molstruc.2010.01.056,Crystal engineering
10.1016/j.inoche.2020.107912,publisher_E,https://doi.org/10.1016/j.inoche.2020.107912,Crystal engineering
10.1016/j.poly.2017.11.037,publisher_E,https://doi.org/10.1016/j.poly.2017.11.037,Functional materials
10.1016/j.ica.2013.12.016,publisher_E,https://doi.org/10.1016/j.ica.2013.12.016,Crystal engineering
10.1016/j.jssc.2020.121860,publisher_E,https://doi.org/10.1016/j.jssc.2020.121860,Functional materials
10.1016/j.jssc.2013.12.001,publisher_E,https://doi.org/10.1016/j.jssc.2013.12.001,Crystal engineering
10.1016/S0022-2860(03)00498-8,publisher_E,https://doi.org/10.1016/S0022-2860(03)00498-8,Crystal engineering
10.1016/j.jorganchem.2012.08.008,publisher_E,https://doi.org/10.1016/j.jorganchem.2012.08.008,Crystal engineering
10.1016/j.poly.2011.11.015,publisher_E,https://doi.org/10.1016/j.poly.2011.11.015,Crystal engineering
10.1016/j.poly.2012.01.018,publisher_E,https://doi.org/10.1016/j.poly.2012.01.018,Crystal engineering
10.1016/j.inoche.2017.06.018,publisher_E,https://doi.org/10.1016/j.inoche.2017.06.018,Crystal engineering
10.1016/j.jssc.2012.02.049,publisher_E,https://doi.org/10.1016/j.jssc.2012.02.049,Crystal engineering
10.1016/j.molstruc.2011.07.014,publisher_E,https://doi.org/10.1016/j.molstruc.2011.07.014,Crystal engineering
10.1016/j.jssc.2016.02.038,publisher_E,https://doi.org/10.1016/j.jssc.2016.02.038,Functional materials
10.1016/j.inoche.2011.05.031,publisher_E,https://doi.org/10.1016/j.inoche.2011.05.031,Crystal engineering
10.1016/j.ica.2012.06.034,publisher_E,https://doi.org/10.1016/j.ica.2012.06.034,Crystal engineering
10.1016/j.poly.2014.11.021,publisher_E,https://doi.org/10.1016/j.poly.2014.11.021,Crystal engineering
10.1016/j.jssc.2012.10.003,publisher_E,https://doi.org/10.1016/j.jssc.2012.10.003,Crystal engineering
10.1016/j.inoche.2016.10.021,publisher_E,https://doi.org/10.1016/j.inoche.2016.10.021,Crystal engineering
10.1016/j.ica.2009.04.037,publisher_E,https://doi.org/10.1016/j.ica.2009.04.037,Crystal engineering
10.1016/j.poly.2008.06.010,publisher_E,https://doi.org/10.1016/j.poly.2008.06.010,Crystal engineering
10.1016/j.ica.2012.10.022,publisher_E,https://doi.org/10.1016/j.ica.2012.10.022,Chemical synthesis
10.1016/j.jssc.2020.121702,publisher_E,https://doi.org/10.1016/j.jssc.2020.121702,Crystal engineering
10.1016/j.ica.2013.12.037,publisher_E,https://doi.org/10.1016/j.ica.2013.12.037,Crystal engineering
10.1016/j.inoche.2011.03.020,publisher_E,https://doi.org/10.1016/j.inoche.2011.03.020,Crystal engineering
10.1016/j.inoche.2010.03.041,publisher_E,https://doi.org/10.1016/j.inoche.2010.03.041,Crystal engineering
10.1016/j.inoche.2021.108870,publisher_E,https://doi.org/10.1016/j.inoche.2021.108870,Chemical synthesis
10.1016/j.matchemphys.2024.129804,publisher_E,https://doi.org/10.1016/j.matchemphys.2024.129804,Crystal engineering
10.1016/j.inoche.2021.108896,publisher_E,https://doi.org/10.1016/j.inoche.2021.108896,Crystal engineering
10.1016/j.inoche.2025.114429,publisher_E,https://doi.org/10.1016/j.inoche.2025.114429,Functional materials
10.1016/j.jssc.2015.05.008,publisher_E,https://doi.org/10.1016/j.jssc.2015.05.008,Crystal engineering
10.1016/j.poly.2021.115314,publisher_E,https://doi.org/10.1016/j.poly.2021.115314,Functional materials
10.1016/j.ica.2009.10.024,publisher_E,https://doi.org/10.1016/j.ica.2009.10.024,Chemical synthesis
10.1016/j.inoche.2017.03.009,publisher_E,https://doi.org/10.1016/j.inoche.2017.03.009,Chemical synthesis
10.1016/j.jcis.2018.01.070,publisher_E,https://doi.org/10.1016/j.jcis.2018.01.070,Functional materials
10.1016/j.ijhydene.2017.09.081,publisher_E,https://doi.org/10.1016/j.ijhydene.2017.09.081,Functional materials
10.1016/j.matchemphys.2018.11.017,publisher_E,https://doi.org/10.1016/j.matchemphys.2018.11.017,Theory & modeling
10.1016/j.inoche.2018.02.006,publisher_E,https://doi.org/10.1016/j.inoche.2018.02.006,Crystal engineering
10.1016/j.micromeso.2014.09.038,publisher_E,https://doi.org/10.1016/j.micromeso.2014.09.038,Functional materials
10.1016/j.inoche.2012.12.022,publisher_E,https://doi.org/10.1016/j.inoche.2012.12.022,Crystal engineering
10.1016/j.inoche.2010.07.033,publisher_E,https://doi.org/10.1016/j.inoche.2010.07.033,Crystal engineering
10.1016/j.molstruc.2023.135489,publisher_E,https://doi.org/10.1016/j.molstruc.2023.135489,Crystal engineering
10.1016/j.ica.2020.119802,publisher_E,https://doi.org/10.1016/j.ica.2020.119802,Crystal engineering
10.1016/j.inoche.2018.02.003,publisher_E,https://doi.org/10.1016/j.inoche.2018.02.003,Crystal engineering
10.1016/j.jssc.2021.122691,publisher_E,https://doi.org/10.1016/j.jssc.2021.122691,Functional materials
10.1016/j.jssc.2020.121340,publisher_E,https://doi.org/10.1016/j.jssc.2020.121340,Functional materials
10.1016/j.ica.2016.07.049,publisher_E,https://doi.org/10.1016/j.ica.2016.07.049,Crystal engineering
10.1016/j.inoche.2014.04.025,publisher_E,https://doi.org/10.1016/j.inoche.2014.04.025,Crystal engineering
10.1016/j.ica.2015.10.016,publisher_E,https://doi.org/10.1016/j.ica.2015.10.016,Functional materials
10.1016/j.inoche.2018.08.006,publisher_E,https://doi.org/10.1016/j.inoche.2018.08.006,Crystal engineering
10.1016/j.synthmet.2012.09.023,publisher_E,https://doi.org/10.1016/j.synthmet.2012.09.023,Crystal engineering
10.1016/j.molstruc.2021.131874,publisher_E,https://doi.org/10.1016/j.molstruc.2021.131874,Crystal engineering
10.1016/j.colsurfa.2020.125236,publisher_E,https://doi.org/10.1016/j.colsurfa.2020.125236,Functional materials
10.1016/j.jssc.2019.120913,publisher_E,https://doi.org/10.1016/j.jssc.2019.120913,Functional materials
10.1016/j.inoche.2010.11.020,publisher_E,https://doi.org/10.1016/j.inoche.2010.11.020,Crystal engineering
10.1016/j.jssc.2020.121334,publisher_E,https://doi.org/10.1016/j.jssc.2020.121334,Functional materials
10.1016/j.ica.2020.119987,publisher_E,https://doi.org/10.1016/j.ica.2020.119987,Functional materials
10.1016/j.inoche.2009.04.010,publisher_E,https://doi.org/10.1016/j.inoche.2009.04.010,Crystal engineering
10.1016/j.synthmet.2012.09.022,publisher_E,https://doi.org/10.1016/j.synthmet.2012.09.022,Crystal engineering
10.1016/j.molstruc.2019.03.086,publisher_E,https://doi.org/10.1016/j.molstruc.2019.03.086,Functional materials
10.1016/j.molstruc.2020.127818,publisher_E,https://doi.org/10.1016/j.molstruc.2020.127818,Functional materials
10.1016/j.molstruc.2023.137051,publisher_E,https://doi.org/10.1016/j.molstruc.2023.137051,Functional materials
10.1016/j.molstruc.2015.08.068,publisher_E,https://doi.org/10.1016/j.molstruc.2015.08.068,Crystal engineering
10.1016/j.inoche.2014.09.036,publisher_E,https://doi.org/10.1016/j.inoche.2014.09.036,Crystal engineering
10.1016/j.molstruc.2015.02.073,publisher_E,https://doi.org/10.1016/j.molstruc.2015.02.073,Crystal engineering
10.1016/j.jssc.2014.05.022,publisher_E,https://doi.org/10.1016/j.jssc.2014.05.022,Crystal engineering
10.1016/j.molstruc.2023.137468,publisher_E,https://doi.org/10.1016/j.molstruc.2023.137468,Functional materials
10.1016/j.jssc.2019.03.052,publisher_E,https://doi.org/10.1016/j.jssc.2019.03.052,Functional materials
10.1016/j.jssc.2023.123942,publisher_E,https://doi.org/10.1016/j.jssc.2023.123942,Functional materials
10.1016/j.ica.2011.11.057,publisher_E,https://doi.org/10.1016/j.ica.2011.11.057,Crystal engineering
10.1016/j.poly.2018.06.028,publisher_E,https://doi.org/10.1016/j.poly.2018.06.028,Functional materials
10.1016/j.jssc.2020.121404,publisher_E,https://doi.org/10.1016/j.jssc.2020.121404,Functional materials
10.1016/j.solidstatesciences.2008.05.012,publisher_E,https://doi.org/10.1016/j.solidstatesciences.2008.05.012,Chemical synthesis
10.1016/j.inoche.2014.09.029,publisher_E,https://doi.org/10.1016/j.inoche.2014.09.029,Functional materials
10.1016/j.poly.2015.11.043,publisher_E,https://doi.org/10.1016/j.poly.2015.11.043,Functional materials
10.1016/j.ica.2010.07.043,publisher_E,https://doi.org/10.1016/j.ica.2010.07.043,Crystal engineering
10.1016/j.molstruc.2024.139538,publisher_E,https://doi.org/10.1016/j.molstruc.2024.139538,Crystal engineering
10.1016/j.inoche.2010.11.027,publisher_E,https://doi.org/10.1016/j.inoche.2010.11.027,Crystal engineering
10.1016/j.jssc.2022.123169,publisher_E,https://doi.org/10.1016/j.jssc.2022.123169,Functional materials
10.1016/j.ica.2011.12.018,publisher_E,https://doi.org/10.1016/j.ica.2011.12.018,Functional materials
10.1016/j.ica.2022.121208,publisher_E,https://doi.org/10.1016/j.ica.2022.121208,Functional materials
10.1016/j.inoche.2011.10.008,publisher_E,https://doi.org/10.1016/j.inoche.2011.10.008,Crystal engineering
10.1016/j.poly.2015.04.024,publisher_E,https://doi.org/10.1016/j.poly.2015.04.024,Crystal engineering
10.1016/j.ica.2016.09.016,publisher_E,https://doi.org/10.1016/j.ica.2016.09.016,Crystal engineering
10.1016/j.inoche.2011.04.012,publisher_E,https://doi.org/10.1016/j.inoche.2011.04.012,Crystal engineering
10.1016/j.ica.2013.05.015,publisher_E,https://doi.org/10.1016/j.ica.2013.05.015,Functional materials
10.1016/j.inoche.2015.03.026,publisher_E,https://doi.org/10.1016/j.inoche.2015.03.026,Crystal engineering
10.1016/j.molstruc.2017.06.089,publisher_E,https://doi.org/10.1016/j.molstruc.2017.06.089,Crystal engineering
10.1016/j.jssc.2023.124337,publisher_E,https://doi.org/10.1016/j.jssc.2023.124337,Functional materials
10.1016/j.molstruc.2022.132927,publisher_E,https://doi.org/10.1016/j.molstruc.2022.132927,Crystal engineering
10.1016/j.inoche.2016.02.007,publisher_E,https://doi.org/10.1016/j.inoche.2016.02.007,Functional materials
10.1016/j.poly.2018.11.051,publisher_E,https://doi.org/10.1016/j.poly.2018.11.051,Functional materials
10.1016/j.molstruc.2015.10.046,publisher_E,https://doi.org/10.1016/j.molstruc.2015.10.046,Functional materials
10.1016/j.inoche.2021.108502,publisher_E,https://doi.org/10.1016/j.inoche.2021.108502,Functional materials
10.1016/j.jssc.2010.09.034,publisher_E,https://doi.org/10.1016/j.jssc.2010.09.034,Crystal engineering
10.1016/j.dyepig.2020.109068,publisher_E,https://doi.org/10.1016/j.dyepig.2020.109068,Functional materials
10.1016/j.molstruc.2022.133257,publisher_E,https://doi.org/10.1016/j.molstruc.2022.133257,Crystal engineering
10.1016/j.molstruc.2016.04.054,publisher_E,https://doi.org/10.1016/j.molstruc.2016.04.054,Crystal engineering
10.1016/j.jssc.2018.05.010,publisher_E,https://doi.org/10.1016/j.jssc.2018.05.010,Functional materials
10.1016/j.synthmet.2011.09.033,publisher_E,https://doi.org/10.1016/j.synthmet.2011.09.033,Crystal engineering
10.1016/j.inoche.2011.12.003,publisher_E,https://doi.org/10.1016/j.inoche.2011.12.003,Crystal engineering
10.1016/j.ica.2011.12.017,publisher_E,https://doi.org/10.1016/j.ica.2011.12.017,Crystal engineering
10.1016/j.jssc.2005.12.012,publisher_E,https://doi.org/10.1016/j.jssc.2005.12.012,Crystal engineering
10.1016/j.inoche.2011.12.004,publisher_E,https://doi.org/10.1016/j.inoche.2011.12.004,Crystal engineering
10.1016/j.inoche.2019.06.003,publisher_E,https://doi.org/10.1016/j.inoche.2019.06.003,Crystal engineering
10.1016/j.inoche.2019.107641,publisher_E,https://doi.org/10.1016/j.inoche.2019.107641,Crystal engineering
10.1016/j.inoche.2015.08.021,publisher_E,https://doi.org/10.1016/j.inoche.2015.08.021,Crystal engineering
10.1016/j.ica.2018.03.014,publisher_E,https://doi.org/10.1016/j.ica.2018.03.014,Crystal engineering
10.1016/j.jssc.2022.123400,publisher_E,https://doi.org/10.1016/j.jssc.2022.123400,Functional materials
10.1016/j.poly.2016.06.029,publisher_E,https://doi.org/10.1016/j.poly.2016.06.029,Crystal engineering
10.1016/j.jssc.2021.122562,publisher_E,https://doi.org/10.1016/j.jssc.2021.122562,Functional materials
10.1016/j.inoche.2017.09.026,publisher_E,https://doi.org/10.1016/j.inoche.2017.09.026,Crystal engineering
10.1016/j.molstruc.2015.05.030,publisher_E,https://doi.org/10.1016/j.molstruc.2015.05.030,Crystal engineering
10.1016/j.molstruc.2016.07.039,publisher_E,https://doi.org/10.1016/j.molstruc.2016.07.039,Crystal engineering
10.1016/j.inoche.2009.08.009,publisher_E,https://doi.org/10.1016/j.inoche.2009.08.009,Crystal engineering
10.1016/j.ica.2012.01.056,publisher_E,https://doi.org/10.1016/j.ica.2012.01.056,Functional materials
10.1016/j.inoche.2016.10.003,publisher_E,https://doi.org/10.1016/j.inoche.2016.10.003,Crystal engineering
10.1016/j.poly.2017.04.011,publisher_E,https://doi.org/10.1016/j.poly.2017.04.011,Functional materials
10.1016/j.inoche.2012.09.023,publisher_E,https://doi.org/10.1016/j.inoche.2012.09.023,Functional materials
10.1016/j.inoche.2006.11.021,publisher_E,https://doi.org/10.1016/j.inoche.2006.11.021,Crystal engineering
10.1016/j.molstruc.2020.129800,publisher_E,https://doi.org/10.1016/j.molstruc.2020.129800,Functional materials
10.1016/j.molstruc.2025.142502,publisher_E,https://doi.org/10.1016/j.molstruc.2025.142502,Theory & modeling
10.1016/j.inoche.2016.04.028,publisher_E,https://doi.org/10.1016/j.inoche.2016.04.028,Crystal engineering
10.1016/j.molstruc.2024.137937,publisher_E,https://doi.org/10.1016/j.molstruc.2024.137937,Functional materials
10.1016/j.molstruc.2013.12.011,publisher_E,https://doi.org/10.1016/j.molstruc.2013.12.011,Crystal engineering
10.1016/j.inoche.2015.08.014,publisher_E,https://doi.org/10.1016/j.inoche.2015.08.014,Crystal engineering
10.1016/j.molstruc.2011.08.013,publisher_E,https://doi.org/10.1016/j.molstruc.2011.08.013,Crystal engineering
10.1016/j.molstruc.2017.12.100,publisher_E,https://doi.org/10.1016/j.molstruc.2017.12.100,Chemical synthesis
10.1016/j.molstruc.2025.141370,publisher_E,https://doi.org/10.1016/j.molstruc.2025.141370,Functional materials
10.1016/j.inoche.2013.11.045,publisher_E,https://doi.org/10.1016/j.inoche.2013.11.045,Functional materials
10.1016/j.jssc.2020.121252,publisher_E,https://doi.org/10.1016/j.jssc.2020.121252,Crystal engineering
10.1016/j.inoche.2009.06.029,publisher_E,https://doi.org/10.1016/j.inoche.2009.06.029,Crystal engineering
10.1016/j.molstruc.2012.07.039,publisher_E,https://doi.org/10.1016/j.molstruc.2012.07.039,Crystal engineering
10.1016/j.jssc.2022.123154,publisher_E,https://doi.org/10.1016/j.jssc.2022.123154,Functional materials
10.1016/j.ica.2022.121101,publisher_E,https://doi.org/10.1016/j.ica.2022.121101,Functional materials
10.1016/j.ica.2009.01.010,publisher_E,https://doi.org/10.1016/j.ica.2009.01.010,Crystal engineering
10.1016/j.molstruc.2021.131456,publisher_E,https://doi.org/10.1016/j.molstruc.2021.131456,Crystal engineering
10.1016/j.ica.2019.119304,publisher_E,https://doi.org/10.1016/j.ica.2019.119304,Crystal engineering
10.1016/j.ica.2024.121993,publisher_E,https://doi.org/10.1016/j.ica.2024.121993,Functional materials
10.1016/j.jssc.2013.06.008,publisher_E,https://doi.org/10.1016/j.jssc.2013.06.008,Crystal engineering
10.1016/j.poly.2019.04.002,publisher_E,https://doi.org/10.1016/j.poly.2019.04.002,Crystal engineering
10.1016/j.inoche.2014.02.051,publisher_E,https://doi.org/10.1016/j.inoche.2014.02.051,Crystal engineering
10.1016/j.inoche.2012.01.001,publisher_E,https://doi.org/10.1016/j.inoche.2012.01.001,Crystal engineering
10.1016/j.jssc.2016.11.005,publisher_E,https://doi.org/10.1016/j.jssc.2016.11.005,Crystal engineering
10.1016/j.inoche.2010.11.016,publisher_E,https://doi.org/10.1016/j.inoche.2010.11.016,Crystal engineering
10.1016/j.micromeso.2012.04.018,publisher_E,https://doi.org/10.1016/j.micromeso.2012.04.018,Crystal engineering
10.1016/j.inoche.2019.107734,publisher_E,https://doi.org/10.1016/j.inoche.2019.107734,Crystal engineering
10.1016/j.jssc.2005.08.014,publisher_E,https://doi.org/10.1016/j.jssc.2005.08.014,Crystal engineering
10.1016/j.cclet.2021.10.048,publisher_E,https://doi.org/10.1016/j.cclet.2021.10.048,Functional materials
10.1016/j.matlet.2025.138969,publisher_E,https://doi.org/10.1016/j.matlet.2025.138969,Functional materials
10.1016/j.ica.2004.07.029,publisher_E,https://doi.org/10.1016/j.ica.2004.07.029,Chemical synthesis
10.1016/j.jics.2025.101756,publisher_E,https://doi.org/10.1016/j.jics.2025.101756,Functional materials
10.1016/j.micromeso.2017.12.007,publisher_E,https://doi.org/10.1016/j.micromeso.2017.12.007,Functional materials
10.1016/j.micromeso.2019.01.022,publisher_E,https://doi.org/10.1016/j.micromeso.2019.01.022,Functional materials
10.1016/j.ica.2008.09.008,publisher_E,https://doi.org/10.1016/j.ica.2008.09.008,Crystal engineering
10.1016/j.snb.2024.136564,publisher_E,https://doi.org/10.1016/j.snb.2024.136564,Functional materials
10.1016/j.inoche.2022.110196,publisher_E,https://doi.org/10.1016/j.inoche.2022.110196,Crystal engineering
10.1016/j.ultsonch.2020.105246,publisher_E,https://doi.org/10.1016/j.ultsonch.2020.105246,Functional materials
10.1016/j.ica.2018.09.025,publisher_E,https://doi.org/10.1016/j.ica.2018.09.025,Chemical synthesis
10.1016/j.ultsonch.2020.105275,publisher_E,https://doi.org/10.1016/j.ultsonch.2020.105275,Functional materials
10.1016/j.ultsonch.2018.03.014,publisher_E,https://doi.org/10.1016/j.ultsonch.2018.03.014,Crystal engineering
10.1016/j.ultsonch.2018.08.004,publisher_E,https://doi.org/10.1016/j.ultsonch.2018.08.004,Functional materials
10.1016/j.jcis.2022.08.073,publisher_E,https://doi.org/10.1016/j.jcis.2022.08.073,Functional materials
10.1016/j.snb.2020.127819,publisher_E,https://doi.org/10.1016/j.snb.2020.127819,Crystal engineering
10.1016/j.inoche.2023.111340,publisher_E,https://doi.org/10.1016/j.inoche.2023.111340,Functional materials
10.1016/j.jssc.2013.07.034,publisher_E,https://doi.org/10.1016/j.jssc.2013.07.034,Crystal engineering
10.1016/j.poly.2014.04.042,publisher_E,https://doi.org/10.1016/j.poly.2014.04.042,Functional materials
10.1016/j.jcis.2022.07.059,publisher_E,https://doi.org/10.1016/j.jcis.2022.07.059,Functional materials
10.1016/j.inoche.2008.07.019,publisher_E,https://doi.org/10.1016/j.inoche.2008.07.019,Crystal engineering
10.1016/j.molcata.2016.11.009,publisher_E,https://doi.org/10.1016/j.molcata.2016.11.009,Functional materials
10.1016/j.mtchem.2022.101337,publisher_E,https://doi.org/10.1016/j.mtchem.2022.101337,Chemical synthesis
10.1016/j.inoche.2011.07.009,publisher_E,https://doi.org/10.1016/j.inoche.2011.07.009,Crystal engineering
10.14102/j.cnki.0254-5861.2011-2796,publisher_E,https://doi.org/10.14102/j.cnki.0254-5861.2011-2796,Crystal engineering
10.1016/j.jssc.2015.04.026,publisher_E,https://doi.org/10.1016/j.jssc.2015.04.026,Crystal engineering
10.1016/j.jcou.2024.102933,publisher_E,https://doi.org/10.1016/j.jcou.2024.102933,Crystal engineering
10.1016/j.molstruc.2024.138196,publisher_E,https://doi.org/10.1016/j.molstruc.2024.138196,Functional materials
10.1016/j.apcatb.2021.120815,publisher_E,https://doi.org/10.1016/j.apcatb.2021.120815,Functional materials
10.1016/j.jphotochem.2018.06.044,publisher_E,https://doi.org/10.1016/j.jphotochem.2018.06.044,Functional materials
10.1016/j.actbio.2017.01.039,publisher_E,https://doi.org/10.1016/j.actbio.2017.01.039,Functional materials
10.1016/j.molstruc.2019.127621,publisher_E,https://doi.org/10.1016/j.molstruc.2019.127621,Crystal engineering
10.1016/j.molstruc.2025.141984,publisher_E,https://doi.org/10.1016/j.molstruc.2025.141984,Functional materials
10.1016/j.jssc.2016.09.025,publisher_E,https://doi.org/10.1016/j.jssc.2016.09.025,Crystal engineering
10.1016/j.micromeso.2019.03.010,publisher_E,https://doi.org/10.1016/j.micromeso.2019.03.010,Functional materials
10.1016/j.molstruc.2024.137699,publisher_E,https://doi.org/10.1016/j.molstruc.2024.137699,Functional materials
10.1016/j.optmat.2020.109706,publisher_E,https://doi.org/10.1016/j.optmat.2020.109706,Functional materials
10.1016/j.jssc.2009.09.027,publisher_E,https://doi.org/10.1016/j.jssc.2009.09.027,Crystal engineering
10.1038/nmat1927,publisher_S,https://doi.org/10.1038/nmat1927,Crystal engineering
10.1016/j.apcata.2018.02.007,publisher_E,https://doi.org/10.1016/j.apcata.2018.02.007,Functional materials
10.1016/j.chemphys.2018.06.003,publisher_E,https://doi.org/10.1016/j.chemphys.2018.06.003,Functional materials
10.1016/j.dyepig.2015.06.035,publisher_E,https://doi.org/10.1016/j.dyepig.2015.06.035,Crystal engineering
10.1016/j.jssc.2020.121532,publisher_E,https://doi.org/10.1016/j.jssc.2020.121532,Functional materials
10.1016/j.poly.2021.115588,publisher_E,https://doi.org/10.1016/j.poly.2021.115588,Functional materials
10.1016/j.surfin.2022.102095,publisher_E,https://doi.org/10.1016/j.surfin.2022.102095,Functional materials
10.1016/j.apcata.2024.119902,publisher_E,https://doi.org/10.1016/j.apcata.2024.119902,Functional materials
10.1016/j.mtchem.2019.100222,publisher_E,https://doi.org/10.1016/j.mtchem.2019.100222,Functional materials
10.1016/j.molstruc.2021.131353,publisher_E,https://doi.org/10.1016/j.molstruc.2021.131353,Functional materials
10.1016/j.jssc.2017.08.002,publisher_E,https://doi.org/10.1016/j.jssc.2017.08.002,Functional materials
10.1016/j.poly.2023.116573,publisher_E,https://doi.org/10.1016/j.poly.2023.116573,Crystal engineering
10.1016/j.colsurfa.2024.135058,publisher_E,https://doi.org/10.1016/j.colsurfa.2024.135058,Functional materials
10.1016/j.jssc.2018.01.024,publisher_E,https://doi.org/10.1016/j.jssc.2018.01.024,Crystal engineering
10.1016/j.apcata.2019.117190,publisher_E,https://doi.org/10.1016/j.apcata.2019.117190,Functional materials
10.1016/j.jelechem.2022.116124,publisher_E,https://doi.org/10.1016/j.jelechem.2022.116124,Functional materials
10.1016/j.poly.2014.12.041,publisher_E,https://doi.org/10.1016/j.poly.2014.12.041,Crystal engineering
10.1016/j.jorganchem.2024.123403,publisher_E,https://doi.org/10.1016/j.jorganchem.2024.123403,Functional materials
10.1016/j.poly.2023.116392,publisher_E,https://doi.org/10.1016/j.poly.2023.116392,Functional materials
10.1016/j.jechem.2016.06.003,publisher_E,https://doi.org/10.1016/j.jechem.2016.06.003,Chemical synthesis
10.1016/j.poly.2015.02.027,publisher_E,https://doi.org/10.1016/j.poly.2015.02.027,Functional materials
10.1016/j.molstruc.2025.141426,publisher_E,https://doi.org/10.1016/j.molstruc.2025.141426,Functional materials
10.1016/j.solidstatesciences.2011.12.014,publisher_E,https://doi.org/10.1016/j.solidstatesciences.2011.12.014,Crystal engineering
10.1016/j.jssc.2015.08.006,publisher_E,https://doi.org/10.1016/j.jssc.2015.08.006,Crystal engineering
10.1016/j.molstruc.2022.133913,publisher_E,https://doi.org/10.1016/j.molstruc.2022.133913,Crystal engineering
10.1016/j.jssc.2017.12.005,publisher_E,https://doi.org/10.1016/j.jssc.2017.12.005,Functional materials
10.1016/j.molliq.2024.125732,publisher_E,https://doi.org/10.1016/j.molliq.2024.125732,Functional materials
10.1016/j.inoche.2017.08.015,publisher_E,https://doi.org/10.1016/j.inoche.2017.08.015,Crystal engineering
10.1016/j.poly.2013.01.027,publisher_E,https://doi.org/10.1016/j.poly.2013.01.027,Crystal engineering
10.1016/j.micromeso.2016.09.034,publisher_E,https://doi.org/10.1016/j.micromeso.2016.09.034,Functional materials
10.1016/j.jallcom.2023.170309,publisher_E,https://doi.org/10.1016/j.jallcom.2023.170309,Functional materials
