DOI,Publication Year
10.1002/adem.201400565,2015
10.1002/adem.202201335,2023
10.1002/adem.202400825,2024
10.1002/adfm.200600944,2007
10.1002/adfm.200901461,2009
10.1002/adfm.201002517,2011
10.1002/adfm.201002529,2011
10.1002/adfm.201101479,2011
10.1002/adfm.201400116,2014
10.1002/adfm.201402972,2015
10.1002/adfm.201503154,2015
10.1002/adfm.201505380,2016
10.1002/adfm.201600650,2016
10.1002/adfm.201600827,2016
10.1002/adfm.201601193,2016
10.1002/adfm.201601550,2016
10.1002/adfm.201604311,2017
10.1002/adfm.201705137,2018
10.1002/adfm.201705588,2018
10.1002/adfm.201805372,2019
10.1002/adfm.201806720,2019
10.1002/adfm.201808466,2019
10.1002/adfm.201903341,2019
10.1002/adfm.201907089,2020
10.1002/adfm.202001648,2020
10.1002/adfm.202005517,2020
10.1002/adfm.202008357,2021
10.1002/adfm.202011146,2021
10.1002/adfm.202102582,2021
10.1002/adfm.202102868,2021
10.1002/adfm.202105267,2022
10.1002/adfm.202105395,2021
10.1002/adfm.202105577,2021
10.1002/adfm.202112517,2022
10.1002/adfm.202204065,2022
10.1002/adfm.202208148,2022
10.1002/adfm.202212283,2023
10.1002/adfm.202213039,2023
10.1002/adfm.202214262,2023
10.1002/adfm.202214307,2023
10.1002/adfm.202302630,2024
10.1002/adfm.202303644,2023
10.1002/adfm.202307369,2023
10.1002/adfm.202308847,2024
10.1002/adfm.202403644,2024
10.1002/adfm.202404631,2024
10.1002/adfm.202404680,2024
10.1002/adfm.202410751,2024
10.1002/adfm.202410931,2024
10.1002/adfm.202416717,2025
10.1002/adfm.202500210,2025
10.1002/adfm.202501344,2025
10.1002/adfm.202504117,2025
10.1002/adfm.202504916,2025
10.1002/adfm.202509095,2025
10.1002/adhm.201600818,2017
10.1002/adhm.201800950,2018
10.1002/adma.200601604,2007
10.1002/adma.200903765,2010
10.1002/adma.200903867,2010
10.1002/adma.201000844,2010
10.1002/adma.201000857,2010
10.1002/adma.201004208,2011
10.1002/adma.201101852,2011
10.1002/adma.201101952,2011
10.1002/adma.201104922,2012
10.1002/adma.201202447,2012
10.1002/adma.201403827,2015
10.1002/adma.201500789,2015
10.1002/adma.201602782,2017
10.1002/adma.201606134,2017
10.1002/adma.201606290,2017
10.1002/adma.201606949,2017
10.1002/adma.201701804,2017
10.1002/adma.201702953,2017
10.1002/adma.201704388,2018
10.1002/adma.201704944,2018
10.1002/adma.201705869,2018
10.1002/adma.201707234,2018
10.1002/adma.201800202,2018
10.1002/adma.201802497,2018
10.1002/adma.201804169,2018
10.1002/adma.201805871,2020
10.1002/adma.201806163,2020
10.1002/adma.201806334,2019
10.1002/adma.201807553,2019
10.1002/adma.201900104,2019
10.1002/adma.201901570,2019
10.1002/adma.201907063,2020
10.1002/adma.201907601,2020
10.1002/adma.202005745,2021
10.1002/adma.202101216,2021
10.1002/adma.202101257,2021
10.1002/adma.202101777,2021
10.1002/adma.202103316,2021
10.1002/adma.202105002,2021
10.1002/adma.202106400,2022
10.1002/adma.202106607,2022
10.1002/adma.202107696,2022
10.1002/adma.202109203,2022
10.1002/adma.202202504,2022
10.1002/adma.202204553,2023
10.1002/adma.202206706,2022
10.1002/adma.202210613,2024
10.1002/adma.202211302,2024
10.1002/adma.202211729,2023
10.1002/adma.202300951,2024
10.1002/adma.202304832,2024
10.1002/adma.202306275,2024
10.1002/adma.202308427,2024
10.1002/adma.202310061,2024
10.1002/adma.202312325,2024
10.1002/adma.202401739,2024
10.1002/adma.202403328,2024
10.1002/adma.202403834,2024
10.1002/adma.202407154,2025
10.1002/adma.202412071,2025
10.1002/adma.202414151,2025
10.1002/adma.202414362,2025
10.1002/adma.202418344,2025
10.1002/adma.202500370,2025
10.1002/admi.201400040,2014
10.1002/admi.201800032,2018
10.1002/admi.201800287,2018
10.1002/admi.201801062,2018
10.1002/admi.201801895,2019
10.1002/admi.201902098,2020
10.1002/admi.202100586,2021
10.1002/admi.202100730,2021
10.1002/admi.202101678,2022
10.1002/admi.202101908,2022
10.1002/admi.202102086,2022
10.1002/admi.202201099,2022
10.1002/admi.202201532,2023
10.1002/admi.202201753,2023
10.1002/admi.202201771,2023
10.1002/admi.202202031,2023
10.1002/admi.202300075,2023
10.1002/admt.201800413,2019
10.1002/admt.201800666,2019
10.1002/admt.202001184,2021
10.1002/admt.202301456,2024
10.1002/adom.201900336,2019
10.1002/adom.202001421,2021
10.1002/adom.202200058,2022
10.1002/adom.202200213,2022
10.1002/adom.202200484,2022
10.1002/adom.202201856,2023
10.1002/adom.202300142,2023
10.1002/adom.202300856,2023
10.1002/adom.202302309,2024
10.1002/adom.202302405,2024
10.1002/adom.202401081,2024
10.1002/adom.202402127,2025
10.1002/adsc.201000808,2011
10.1002/adsc.201300554,2013
10.1002/adsc.201300611,2013
10.1002/adsc.201600364,2016
10.1002/adsc.201601072,2017
10.1002/adsc.201800486,2018
10.1002/adsc.201800817,2018
10.1002/adsc.201800875,2018
10.1002/adsc.201801223,2019
10.1002/adsc.202000499,2020
10.1002/adsc.202401414,2025
10.1002/adsc.202401540,2025
10.1002/adsu.201600028,2017
10.1002/adsu.201700092,2017
10.1002/adsu.201800053,2018
10.1002/adsu.202000059,2020
10.1002/adsu.202100317,2022
10.1002/adsu.202300269,2023
10.1002/advs.201600048,2016
10.1002/advs.201801526,2019
10.1002/advs.201802056,2019
10.1002/advs.201802059,2019
10.1002/advs.201802365,2019
10.1002/advs.201900250,2019
10.1002/advs.201902897,2020
10.1002/advs.202004456,2021
10.1002/advs.202206748,2023
10.1002/advs.202305786,2024
10.1002/advs.202305833,2024
10.1002/advs.202310189,2024
10.1002/advs.202401070,2024
10.1002/advs.202407984,2024
10.1002/advs.202412592,2025
10.1002/advs.202416540,2025
10.1002/advs.202501824,2025
10.1002/advs.202504713,2025
10.1002/aelm.202100871,2022
10.1002/aelm.202400773,2025
10.1002/aenm.201500107,2015
10.1002/aenm.201500867,2015
10.1002/aenm.201701416,2018
10.1002/aenm.202401887,2024
10.1002/aenm.202500211,2025
10.1002/ajoc.201402019,2014
10.1002/ajoc.201900556,2019
10.1002/ajoc.201900569,2019
10.1002/ajoc.201900708,2020
10.1002/ajoc.202000726,2021
10.1002/ajoc.202100535,2021
10.1002/ajoc.202100811,2022
10.1002/ajoc.202300085,2023
10.1002/ajoc.202300642,2024
10.1002/anie.201307340,2014
10.1002/anie.201307681,2014
10.1002/anie.201308589,2014
10.1002/anie.201310443,2014
10.1002/anie.201400581,2014
10.1002/anie.201402950,2014
10.1002/anie.201402951,2014
10.1002/anie.201406484,2014
10.1002/anie.201406501,2015
10.1002/anie.201407026,2014
10.1002/anie.201408101,2015
10.1002/anie.201410459,2015
10.1002/anie.201411735,2015
10.1002/anie.201411854,2015
10.1002/anie.201411862,2015
10.1002/anie.201500220,2015
10.1002/anie.201503362,2015
10.1002/anie.201504786,2015
10.1002/anie.201505461,2015
10.1002/anie.201505508,2015
10.1002/anie.201505512,2015
10.1002/anie.201506391,2015
10.1002/anie.201506888,2015
10.1002/anie.201508107,2016
10.1002/anie.201508763,2016
10.1002/anie.201509213,2016
10.1002/anie.201509352,2016
10.1002/anie.201511009,2016
10.1002/anie.201511063,2016
10.1002/anie.201512054,2016
10.1002/anie.201600896,2016
10.1002/anie.201601754,2016
10.1002/anie.201602274,2016
10.1002/anie.201602667,2016
10.1002/anie.201603320,2016
10.1002/anie.201603687,2016
10.1002/anie.201604730,2016
10.1002/anie.201604879,2016
10.1002/anie.201605547,2016
10.1002/anie.201608463,2016
10.1002/anie.201610914,2017
10.1002/anie.201611785,2017
10.1002/anie.201612587,2017
10.1002/anie.201701217,2017
10.1002/anie.201701604,2017
10.1002/anie.201702162,2017
10.1002/anie.201706721,2017
10.1002/anie.201707238,2017
10.1002/anie.201707367,2017
10.1002/anie.201708092,2018
10.1002/anie.201708843,2017
10.1002/anie.201708924,2018
10.1002/anie.201709738,2017
10.1002/anie.201710019,2018
10.1002/anie.201710164,2017
10.1002/anie.201800423,2018
10.1002/anie.201800619,2018
10.1002/anie.201801116,2018
10.1002/anie.201801122,2018
10.1002/anie.201801957,2018
10.1002/anie.201802694,2018
10.1002/anie.201802911,2018
10.1002/anie.201803081,2018
10.1002/anie.201803766,2018
10.1002/anie.201804383,2018
10.1002/anie.201804792,2018
10.1002/anie.201805355,2018
10.1002/anie.201806076,2018
10.1002/anie.201806910,2018
10.1002/anie.201807935,2018
10.1002/anie.201808240,2018
10.1002/anie.201808568,2018
10.1002/anie.201808885,2018
10.1002/anie.201810095,2018
10.1002/anie.201810251,2018
10.1002/anie.201811037,2019
10.1002/anie.201811638,2019
10.1002/anie.201812827,2019
10.1002/anie.201813598,2019
10.1002/anie.201900519,2019
10.1002/anie.201900787,2019
10.1002/anie.201900863,2019
10.1002/anie.201901343,2019
10.1002/anie.201901707,2019
10.1002/anie.201901760,2019
10.1002/anie.201905006,2019
10.1002/anie.201905456,2019
10.1002/anie.201905869,2019
10.1002/anie.201906606,2019
10.1002/anie.201907074,2019
10.1002/anie.201907389,2019
10.1002/anie.201908959,2019
10.1002/anie.201909046,2019
10.1002/anie.201909912,2019
10.1002/anie.201909988,2019
10.1002/anie.201910141,2020
10.1002/anie.201910542,2019
10.1002/anie.201912195,2020
10.1002/anie.201912911,2020
10.1002/anie.201913698,2020
10.1002/anie.201913748,2020
10.1002/anie.201914089,2020
10.1002/anie.201915279,2020
10.1002/anie.201915848,2020
10.1002/anie.202000158,2020
10.1002/anie.202000299,2020
10.1002/anie.202000670,2020
10.1002/anie.202000678,2020
10.1002/anie.202000702,2020
10.1002/anie.202000795,2020
10.1002/anie.202002638,2020
10.1002/anie.202002705,2020
10.1002/anie.202003287,2020
10.1002/anie.202004205,2020
10.1002/anie.202005529,2020
10.1002/anie.202006124,2020
10.1002/anie.202006600,2020
10.1002/anie.202007146,2020
10.1002/anie.202007193,2020
10.1002/anie.202008260,2020
10.1002/anie.202008408,2020
10.1002/anie.202008943,2020
10.1002/anie.202009630,2020
10.1002/anie.202010783,2021
10.1002/anie.202011653,2021
10.1002/anie.202012019,2020
10.1002/anie.202012947,2021
10.1002/anie.202012971,2021
10.1002/anie.202013839,2021
10.1002/anie.202013885,2021
10.1002/anie.202014184,2021
10.1002/anie.202014791,2021
10.1002/anie.202015635,2021
10.1002/anie.202016522,2021
10.1002/anie.202016642,2021
10.1002/anie.202017042,2021
10.1002/anie.202100456,2021
10.1002/anie.202100675,2021
10.1002/anie.202102585,2021
10.1002/anie.202102670,2021
10.1002/anie.202105491,2021
10.1002/anie.202108150,2021
10.1002/anie.202110585,2021
10.1002/anie.202110629,2021
10.1002/anie.202111228,2022
10.1002/anie.202111893,2021
10.1002/anie.202112250,2021
10.1002/anie.202112880,2022
10.1002/anie.202114573,2022
10.1002/anie.202116145,2022
10.1002/anie.202117240,2022
10.1002/anie.202117345,2022
10.1002/anie.202200123,2022
10.1002/anie.202200242,2022
10.1002/anie.202201211,2022
10.1002/anie.202202207,2022
10.1002/anie.202203115,2022
10.1002/anie.202203250,2022
10.1002/anie.202204528,2022
10.1002/anie.202204568,2022
10.1002/anie.202204851,2022
10.1002/anie.202207467,2022
10.1002/anie.202207786,2022
10.1002/anie.202208139,2022
10.1002/anie.202209335,2022
10.1002/anie.202212532,2022
10.1002/anie.202213399,2023
10.1002/anie.202214748,2023
10.1002/anie.202215595,2023
10.1002/anie.202216699,2023
10.1002/anie.202217864,2023
10.1002/anie.202218027,2023
10.1002/anie.202218252,2023
10.1002/anie.202218590,2023
10.1002/anie.202219053,2023
10.1002/anie.202300721,2023
10.1002/anie.202301021,2023
10.1002/anie.202302436,2023
10.1002/anie.202302645,2023
10.1002/anie.202303102,2023
10.1002/anie.202303561,2023
10.1002/anie.202303753,2023
10.1002/anie.202303819,2023
10.1002/anie.202303903,2023
10.1002/anie.202305144,2023
10.1002/anie.202305646,2023
10.1002/anie.202306497,2023
10.1002/anie.202306905,2023
10.1002/anie.202307086,2023
10.1002/anie.202308506,2023
10.1002/anie.202308651,2023
10.1002/anie.202309108,2023
10.1002/anie.202310741,2023
10.1002/anie.202311983,2023
10.1002/anie.202312697,2023
10.1002/anie.202313591,2024
10.1002/anie.202316792,2023
10.1002/anie.202318475,2024
10.1002/anie.202319978,2024
10.1002/anie.202320008,2024
10.1002/anie.202320091,2024
10.1002/anie.202400162,2024
10.1002/anie.202401375,2024
10.1002/anie.202401817,2024
10.1002/anie.202405213,2024
10.1002/anie.202405333,2024
10.1002/anie.202408918,2024
10.1002/anie.202409211,2024
10.1002/anie.202409588,2024
10.1002/anie.202410043,2024
10.1002/anie.202411086,2024
10.1002/anie.202411440,2024
10.1002/anie.202411744,2024
10.1002/anie.202411960,2024
10.1002/anie.202412494,2024
10.1002/anie.202414026,2025
10.1002/anie.202414215,2025
10.1002/anie.202414271,2025
10.1002/anie.202414823,2025
10.1002/anie.202415576,2025
10.1002/anie.202415896,2025
10.1002/anie.202415919,2025
10.1002/anie.202417513,2025
10.1002/anie.202417658,2025
10.1002/anie.202417664,2025
10.1002/anie.202418901,2025
10.1002/anie.202419946,2025
10.1002/anie.202421132,2025
10.1002/anie.202421248,2025
10.1002/anie.202421822,2025
10.1002/anie.202421942,2025
10.1002/anie.202422517,2025
10.1002/anie.202422635,2025
10.1002/anie.202423341,2025
10.1002/anie.202423741,2025
10.1002/anie.202423939,2025
10.1002/anie.202500266,2025
10.1002/anie.202501053,2025
10.1002/anie.202502862,2025
10.1002/anie.202503855,2025
10.1002/anie.202505405,2025
10.1002/anie.202509741,2025
10.1002/anie.202510669,2025
10.1002/anie.202513208,2025
10.1002/aoc.1073,2006
10.1002/aoc.1325,2007
10.1002/aoc.3109,2014
10.1002/aoc.3313,2015
10.1002/aoc.3493,2016
10.1002/aoc.3528,2016
10.1002/aoc.3656,2017
10.1002/aoc.3715,2017
10.1002/aoc.3729,2017
10.1002/aoc.3746,2017
10.1002/aoc.3747,2017
10.1002/aoc.3798,2017
10.1002/aoc.3862,2017
10.1002/aoc.3866,2017
10.1002/aoc.3957,2018
10.1002/aoc.3995,2018
10.1002/aoc.4062,2018
10.1002/aoc.4065,2018
10.1002/aoc.4066,2018
10.1002/aoc.4307,2018
10.1002/aoc.4360,2018
10.1002/aoc.4370,2018
10.1002/aoc.4447,2018
10.1002/aoc.4469,2018
10.1002/aoc.4529,2018
10.1002/aoc.4629,2019
10.1002/aoc.4632,2019
10.1002/aoc.4679,2019
10.1002/aoc.4747,2019
10.1002/aoc.4801,2019
10.1002/aoc.4816,2019
10.1002/aoc.4819,2019
10.1002/aoc.4841,2019
10.1002/aoc.4843,2019
10.1002/aoc.4958,2019
10.1002/aoc.5027,2019
10.1002/aoc.5056,2019
10.1002/aoc.5176,2019
10.1002/aoc.5269,2020
10.1002/aoc.5281,2020
10.1002/aoc.5313,2020
10.1002/aoc.5317,2020
10.1002/aoc.5362,2020
10.1002/aoc.5470,2020
10.1002/aoc.5477,2020
10.1002/aoc.5521,2020
10.1002/aoc.5566,2020
10.1002/aoc.5575,2020
10.1002/aoc.5580,2020
10.1002/aoc.5603,2020
10.1002/aoc.5639,2020
10.1002/aoc.5654,2020
10.1002/aoc.5701,2020
10.1002/aoc.5712,2020
10.1002/aoc.5717,2020
10.1002/aoc.5782,2020
10.1002/aoc.5783,2020
10.1002/aoc.5905,2020
10.1002/aoc.5951,2020
10.1002/aoc.5965,2020
10.1002/aoc.5977,2020
10.1002/aoc.6039,2021
10.1002/aoc.6064,2021
10.1002/aoc.6190,2021
10.1002/aoc.6288,2021
10.1002/aoc.6319,2021
10.1002/aoc.6350,2021
10.1002/aoc.6360,2021
10.1002/aoc.6414,2021
10.1002/aoc.6434,2021
10.1002/aoc.6477,2022
10.1002/aoc.6566,2022
10.1002/aoc.6602,2022
10.1002/aoc.6634,2022
10.1002/aoc.6648,2022
10.1002/aoc.6653,2022
10.1002/aoc.6656,2022
10.1002/aoc.6676,2022
10.1002/aoc.6749,2022
10.1002/aoc.6769,2022
10.1002/aoc.6777,2022
10.1002/aoc.6800,2022
10.1002/aoc.6815,2022
10.1002/aoc.6866,2022
10.1002/aoc.6912,2023
10.1002/aoc.6955,2023
10.1002/aoc.70031,2025
10.1002/aoc.70035,2025
10.1002/aoc.70084,2025
10.1002/aoc.7011,2023
10.1002/aoc.70236,2025
10.1002/aoc.7078,2023
10.1002/aoc.7211,2023
10.1002/aoc.7224,2023
10.1002/aoc.7229,2023
10.1002/aoc.7326,2024
10.1002/aoc.7402,2024
10.1002/aoc.7409,2024
10.1002/aoc.7426,2024
10.1002/aoc.7429,2024
10.1002/aoc.7487,2024
10.1002/aoc.7498,2024
10.1002/aoc.7524,2024
10.1002/aoc.7590,2024
10.1002/aoc.7644,2024
10.1002/aoc.7663,2024
10.1002/aoc.7673,2024
10.1002/aoc.7754,2025
10.1002/aoc.7815,2025
10.1002/aoc.8004,2025
10.1002/aoc.848,2005
10.1002/asia.200600069,2006
10.1002/asia.200700209,2007
10.1002/asia.200800458,2009
10.1002/asia.200900078,2009
10.1002/asia.200900751,2010
10.1002/asia.201100918,2012
10.1002/asia.201300135,2013
10.1002/asia.201300147,2013
10.1002/asia.201300544,2013
10.1002/asia.201300548,2013
10.1002/asia.201300640,2013
10.1002/asia.201301244,2014
10.1002/asia.201301673,2014
10.1002/asia.201400097,2014
10.1002/asia.201403025,2015
10.1002/asia.201403123,2015
10.1002/asia.201403392,2015
10.1002/asia.201500509,2015
10.1002/asia.201500652,2015
10.1002/asia.201501422,2016
10.1002/asia.201600323,2016
10.1002/asia.201600434,2016
10.1002/asia.201600469,2016
10.1002/asia.201601134,2016
10.1002/asia.201700011,2017
10.1002/asia.201700018,2017
10.1002/asia.201701189,2017
10.1002/asia.201701415,2017
10.1002/asia.201701706,2018
10.1002/asia.201800758,2018
10.1002/asia.201800799,2018
10.1002/asia.201800837,2018
10.1002/asia.201801255,2018
10.1002/asia.201801336,2018
10.1002/asia.201801748,2019
10.1002/asia.201801785,2019
10.1002/asia.201900021,2019
10.1002/asia.201900152,2019
10.1002/asia.201900391,2019
10.1002/asia.201900536,2019
10.1002/asia.201900608,2019
10.1002/asia.201900640,2019
10.1002/asia.201900853,2019
10.1002/asia.201901143,2019
10.1002/asia.201901246,2019
10.1002/asia.202000001,2020
10.1002/asia.202000143,2020
10.1002/asia.202001344,2021
10.1002/asia.202100145,2021
10.1002/asia.202100169,2021
10.1002/asia.202100270,2021
10.1002/asia.202100588,2021
10.1002/asia.202100883,2021
10.1002/asia.202101204,2022
10.1002/asia.202200129,2022
10.1002/asia.202200913,2022
10.1002/asia.202200949,2022
10.1002/asia.202300699,2023
10.1002/asia.202400237,2024
10.1002/asia.202400306,2024
10.1002/asia.202400346,2024
10.1002/asia.202400501,2024
10.1002/asia.202401035,2024
10.1002/asia.202401046,2025
10.1002/asia.202401205,2025
10.1002/asia.202401213,2025
10.1002/asia.202401519,2025
10.1002/asia.202500446,2025
10.1002/bio.2938,2016
10.1002/bio.2944,2016
10.1002/bio.3323,2017
10.1002/bio.3506,2018
10.1002/bio.3925,2021
10.1002/bio.4390,2022
10.1002/bio.4507,2023
10.1002/bkcs.10120,2015
10.1002/bkcs.10267,2015
10.1002/bkcs.10538,2015
10.1002/bkcs.11059,2017
10.1002/bkcs.11650,2019
10.1002/bkcs.12076,2020
10.1002/bkcs.12187,2021
10.1002/bkcs.12217,2021
10.1002/bkcs.12269,2021
10.1002/bkcs.12592,2022
10.1002/bkcs.12707,2023
10.1002/bkcs.70019,2025
10.1002/cbdv.202201246,2023
10.1002/cctc.201200232,2013
10.1002/cctc.201200792,2013
10.1002/cctc.201200878,2013
10.1002/cctc.201300032,2013
10.1002/cctc.201300241,2013
10.1002/cctc.201300371,2013
10.1002/cctc.201300529,2013
10.1002/cctc.201300756,2014
10.1002/cctc.201400056,2014
10.1002/cctc.201402101,2014
10.1002/cctc.201402546,2014
10.1002/cctc.201402867,2015
10.1002/cctc.201500113,2015
10.1002/cctc.201500747,2015
10.1002/cctc.201501020,2016
10.1002/cctc.201501340,2016
10.1002/cctc.201600294,2016
10.1002/cctc.201600480,2016
10.1002/cctc.201600774,2016
10.1002/cctc.201600808,2017
10.1002/cctc.201600952,2016
10.1002/cctc.201600985,2016
10.1002/cctc.201601407,2017
10.1002/cctc.201601578,2017
10.1002/cctc.201601606,2017
10.1002/cctc.201700169,2017
10.1002/cctc.201700656,2017
10.1002/cctc.201700784,2017
10.1002/cctc.201701439,2018
10.1002/cctc.201701984,2018
10.1002/cctc.201702014,2018
10.1002/cctc.201800023,2018
10.1002/cctc.201800137,2018
10.1002/cctc.201800148,2018
10.1002/cctc.201800187,2018
10.1002/cctc.201800908,2019
10.1002/cctc.201801111,2018
10.1002/cctc.201801127,2018
10.1002/cctc.201801293,2018
10.1002/cctc.201801311,2018
10.1002/cctc.201801525,2018
10.1002/cctc.201900124,2019
10.1002/cctc.201900735,2019
10.1002/cctc.202000467,2020
10.1002/cctc.202001622,2021
10.1002/cctc.202100245,2021
10.1002/cctc.202100425,2021
10.1002/cctc.202100977,2021
10.1002/cctc.202200235,2022
10.1002/cctc.202200994,2022
10.1002/cctc.202201040,2022
10.1002/cctc.202301123,2024
10.1002/cctc.202400112,2024
10.1002/cctc.202400119,2024
10.1002/cctc.202400429,2024
10.1002/cctc.202400840,2024
10.1002/cctc.202400906,2024
10.1002/cctc.202401636,2025
10.1002/cctc.202401797,2025
10.1002/cctc.202401849,2025
10.1002/cey2.445,2024
10.1002/chem.200400178,2004
10.1002/chem.200400762,2005
10.1002/chem.200401201,2005
10.1002/chem.200600270,2006
10.1002/chem.200601246,2007
10.1002/chem.200700181,2007
10.1002/chem.200800240,2008
10.1002/chem.200800430,2008
10.1002/chem.200801064,2008
10.1002/chem.200801856,2009
10.1002/chem.200801948,2009
10.1002/chem.200802691,2009
10.1002/chem.200901391,2009
10.1002/chem.200902346,2010
10.1002/chem.200903053,2010
10.1002/chem.200903239,2010
10.1002/chem.201000580,2010
10.1002/chem.201001256,2010
10.1002/chem.201001549,2010
10.1002/chem.201002568,2011
10.1002/chem.201002993,2011
10.1002/chem.201003211,2011
10.1002/chem.201003634,2011
10.1002/chem.201003708,2011
10.1002/chem.201100176,2011
10.1002/chem.201100185,2011
10.1002/chem.201100226,2011
10.1002/chem.201101015,2011
10.1002/chem.201101183,2012
10.1002/chem.201101239,2011
10.1002/chem.201101383,2011
10.1002/chem.201101477,2011
10.1002/chem.201101520,2012
10.1002/chem.201101530,2012
10.1002/chem.201101595,2011
10.1002/chem.201101963,2012
10.1002/chem.201102295,2012
10.1002/chem.201102357,2012
10.1002/chem.201102953,2012
10.1002/chem.201103524,2012
10.1002/chem.201104001,2012
10.1002/chem.201200696,2012
10.1002/chem.201200889,2012
10.1002/chem.201200957,2012
10.1002/chem.201200980,2012
10.1002/chem.201201743,2013
10.1002/chem.201201820,2012
10.1002/chem.201203093,2012
10.1002/chem.201203145,2013
10.1002/chem.201203154,2013
10.1002/chem.201203636,2013
10.1002/chem.201300144,2013
10.1002/chem.201300477,2013
10.1002/chem.201301041,2013
10.1002/chem.201301139,2013
10.1002/chem.201301536,2013
10.1002/chem.201302541,2014
10.1002/chem.201303610,2014
10.1002/chem.201303627,2014
10.1002/chem.201304246,2014
10.1002/chem.201304529,2014
10.1002/chem.201304784,2014
10.1002/chem.201400285,2014
10.1002/chem.201400371,2014
10.1002/chem.201402006,2014
10.1002/chem.201402292,2014
10.1002/chem.201402365,2014
10.1002/chem.201402923,2014
10.1002/chem.201403115,2014
10.1002/chem.201403162,2014
10.1002/chem.201403382,2014
10.1002/chem.201403909,2015
10.1002/chem.201404803,2015
10.1002/chem.201404829,2014
10.1002/chem.201405178,2015
10.1002/chem.201405252,2015
10.1002/chem.201405380,2015
10.1002/chem.201405859,2015
10.1002/chem.201405921,2015
10.1002/chem.201405984,2015
10.1002/chem.201406119,2015
10.1002/chem.201406157,2015
10.1002/chem.201406531,2015
10.1002/chem.201500007,2015
10.1002/chem.201500615,2015
10.1002/chem.201500815,2015
10.1002/chem.201501029,2015
10.1002/chem.201501193,2015
10.1002/chem.201501337,2015
10.1002/chem.201501486,2015
10.1002/chem.201501649,2015
10.1002/chem.201501816,2015
10.1002/chem.201501976,2015
10.1002/chem.201501988,2015
10.1002/chem.201502203,2015
10.1002/chem.201502515,2015
10.1002/chem.201502758,2015
10.1002/chem.201502918,2016
10.1002/chem.201503078,2015
10.1002/chem.201503725,2016
10.1002/chem.201504576,2016
10.1002/chem.201504666,2016
10.1002/chem.201504747,2016
10.1002/chem.201504757,2016
10.1002/chem.201504907,2016
10.1002/chem.201504941,2016
10.1002/chem.201505139,2016
10.1002/chem.201505185,2016
10.1002/chem.201505215,2016
10.1002/chem.201600143,2016
10.1002/chem.201600189,2016
10.1002/chem.201600447,2016
10.1002/chem.201600526,2016
10.1002/chem.201600562,2016
10.1002/chem.201600843,2016
10.1002/chem.201600898,2016
10.1002/chem.201601250,2016
10.1002/chem.201601724,2016
10.1002/chem.201601870,2016
10.1002/chem.201601921,2016
10.1002/chem.201602127,2016
10.1002/chem.201602157,2016
10.1002/chem.201602318,2016
10.1002/chem.201602641,2016
10.1002/chem.201602924,2016
10.1002/chem.201603299,2016
10.1002/chem.201605473,2017
10.1002/chem.201605507,2017
10.1002/chem.201605903,2017
10.1002/chem.201606056,2017
10.1002/chem.201700985,2017
10.1002/chem.201701103,2017
10.1002/chem.201701460,2017
10.1002/chem.201702130,2017
10.1002/chem.201702430,2017
10.1002/chem.201702533,2017
10.1002/chem.201703126,2017
10.1002/chem.201703280,2017
10.1002/chem.201703510,2017
10.1002/chem.201703682,2017
10.1002/chem.201703827,2017
10.1002/chem.201704190,2018
10.1002/chem.201704341,2018
10.1002/chem.201704749,2018
10.1002/chem.201704771,2018
10.1002/chem.201704823,2018
10.1002/chem.201704901,2018
10.1002/chem.201705013,2018
10.1002/chem.201705023,2018
10.1002/chem.201705136,2018
10.1002/chem.201705530,2018
10.1002/chem.201705562,2018
10.1002/chem.201800149,2018
10.1002/chem.201800404,2018
10.1002/chem.201800612,2018
10.1002/chem.201800694,2018
10.1002/chem.201801267,2018
10.1002/chem.201801648,2018
10.1002/chem.201801821,2018
10.1002/chem.201802041,2018
10.1002/chem.201802124,2018
10.1002/chem.201802189,2018
10.1002/chem.201802387,2018
10.1002/chem.201802455,2018
10.1002/chem.201802804,2018
10.1002/chem.201802829,2018
10.1002/chem.201802838,2018
10.1002/chem.201803200,2018
10.1002/chem.201803221,2018
10.1002/chem.201803635,2018
10.1002/chem.201803842,2018
10.1002/chem.201803900,2018
10.1002/chem.201804133,2018
10.1002/chem.201804673,2019
10.1002/chem.201805024,2019
10.1002/chem.201805137,2018
10.1002/chem.201805697,2019
10.1002/chem.201806041,2019
10.1002/chem.201806146,2019
10.1002/chem.201806414,2019
10.1002/chem.201806417,2019
10.1002/chem.201900231,2019
10.1002/chem.201900329,2019
10.1002/chem.201900607,2019
10.1002/chem.201901118,2019
10.1002/chem.201901554,2019
10.1002/chem.201901939,2019
10.1002/chem.201902105,2019
10.1002/chem.201902274,2019
10.1002/chem.201902560,2019
10.1002/chem.201902874,2019
10.1002/chem.201902981,2019
10.1002/chem.201903630,2020
10.1002/chem.201903888,2019
10.1002/chem.201904798,2020
10.1002/chem.201905260,2020
10.1002/chem.201905280,2020
10.1002/chem.201905376,2020
10.1002/chem.201905596,2020
10.1002/chem.201905650,2020
10.1002/chem.202000085,2020
10.1002/chem.202000475,2020
10.1002/chem.202000505,2020
10.1002/chem.202000993,2020
10.1002/chem.202001052,2020
10.1002/chem.202001438,2020
10.1002/chem.202001468,2020
10.1002/chem.202001661,2020
10.1002/chem.202002293,2020
10.1002/chem.202002493,2020
10.1002/chem.202002541,2020
10.1002/chem.202003206,2020
10.1002/chem.202003716,2021
10.1002/chem.202004345,2021
10.1002/chem.202005217,2021
10.1002/chem.202100528,2021
10.1002/chem.202100733,2021
10.1002/chem.202101291,2021
10.1002/chem.202101692,2021
10.1002/chem.202102405,2021
10.1002/chem.202103102,2021
10.1002/chem.202103480,2022
10.1002/chem.202103781,2022
10.1002/chem.202104041,2022
10.1002/chem.202200555,2022
10.1002/chem.202200835,2022
10.1002/chem.202200874,2022
10.1002/chem.202202810,2023
10.1002/chem.202203792,2023
10.1002/chem.202203988,2023
10.1002/chem.202300263,2023
10.1002/chem.202300939,2023
10.1002/chem.202301113,2023
10.1002/chem.202301892,2023
10.1002/chem.202302144,2023
10.1002/chem.202302338,2023
10.1002/chem.202302709,2024
10.1002/chem.202302835,2024
10.1002/chem.202303289,2024
10.1002/chem.202303382,2024
10.1002/chem.202303401,2024
10.1002/chem.202303725,2024
10.1002/chem.202303886,2024
10.1002/chem.202304256,2024
10.1002/chem.202400360,2024
10.1002/chem.202400433,2024
10.1002/chem.202400442,2024
10.1002/chem.202400603,2024
10.1002/chem.202400685,2024
10.1002/chem.202400962,2024
10.1002/chem.202401188,2024
10.1002/chem.202401540,2024
10.1002/chem.202402168,2024
10.1002/chem.202402363,2024
10.1002/chem.202402437,2024
10.1002/chem.202402509,2025
10.1002/chem.202403082,2025
10.1002/chem.202403296,2025
10.1002/chem.202403577,2024
10.1002/chem.202403709,2025
10.1002/chem.202404219,2025
10.1002/chem.202500130,2025
10.1002/chem.202500255,2025
10.1002/chem.202501845,2025
10.1002/cjoc.200690141,2006
10.1002/cjoc.200890175,2008
10.1002/cjoc.200890290,2008
10.1002/cjoc.200890291,2008
10.1002/cjoc.200890329,2008
10.1002/cjoc.200890364,2008
10.1002/cjoc.200890387,2008
10.1002/cjoc.200990078,2009
10.1002/cjoc.201100442,2012
10.1002/cjoc.201100520,2012
10.1002/cjoc.201100595,2012
10.1002/cjoc.201100671,2012
10.1002/cjoc.201180288,2011
10.1002/cjoc.201180353,2011
10.1002/cjoc.201200125,2012
10.1002/cjoc.201200575,2012
10.1002/cjoc.201200715,2012
10.1002/cjoc.201400263,2014
10.1002/cjoc.201400569,2014
10.1002/cjoc.201500622,2016
10.1002/cjoc.201500627,2016
10.1002/cjoc.201500636,2016
10.1002/cjoc.201500640,2016
10.1002/cjoc.201600302,2016
10.1002/cjoc.201600466,2016
10.1002/cjoc.201600685,2017
10.1002/cjoc.201600909,2017
10.1002/cjoc.201700117,2017
10.1002/cjoc.201700310,2017
10.1002/cjoc.201800427,2018
10.1002/cjoc.201900511,2020
10.1002/cjoc.202000357,2021
10.1002/cjoc.202100361,2021
10.1002/cjoc.202100534,2021
10.1002/cjoc.202200397,2023
10.1002/cjoc.202200804,2023
10.1002/cjoc.202300677,2024
10.1002/cjoc.70068,2025
10.1002/cnma.201500031,2015
10.1002/cnma.201600121,2016
10.1002/cnma.201700196,2017
10.1002/cnma.201700233,2017
10.1002/cnma.201700256,2018
10.1002/cnma.201700309,2018
10.1002/cnma.201700311,2018
10.1002/cnma.201900110,2019
10.1002/cnma.201900348,2019
10.1002/cnma.201900665,2020
10.1002/cnma.202000654,2021
10.1002/cnma.202100337,2021
10.1002/cnma.202200397,2023
10.1002/cnma.202400302,2024
10.1002/cnma.202400312,2024
10.1002/cphc.200900459,2009
10.1002/cphc.201200262,2012
10.1002/cphc.201300215,2013
10.1002/cphc.201300564,2013
10.1002/cphc.201500209,2015
10.1002/cphc.201501012,2016
10.1002/cphc.201501086,2016
10.1002/cphc.201800439,2018
10.1002/cphc.201800526,2018
10.1002/cphc.201801037,2019
10.1002/cphc.202100673,2022
10.1002/cphc.202300721,2024
10.1002/cphc.202400154,2024
10.1002/cplu.201200188,2012
10.1002/cplu.201200270,2013
10.1002/cplu.201300249,2013
10.1002/cplu.201402027,2014
10.1002/cplu.201402030,2014
10.1002/cplu.201402052,2014
10.1002/cplu.201402123,2015
10.1002/cplu.201402340,2015
10.1002/cplu.201402395,2015
10.1002/cplu.201402453,2015
10.1002/cplu.201500104,2015
10.1002/cplu.201500134,2015
10.1002/cplu.201500308,2015
10.1002/cplu.201500564,2016
10.1002/cplu.201600009,2016
10.1002/cplu.201600025,2016
10.1002/cplu.201600075,2016
10.1002/cplu.201600092,2016
10.1002/cplu.201600129,2016
10.1002/cplu.201600146,2016
10.1002/cplu.201600158,2016
10.1002/cplu.201600163,2016
10.1002/cplu.201600168,2016
10.1002/cplu.201600199,2016
10.1002/cplu.201600456,2017
10.1002/cplu.201700277,2017
10.1002/cplu.201800214,2018
10.1002/cplu.201800377,2018
10.1002/cplu.201800546,2019
10.1002/cplu.201800569,2019
10.1002/cplu.201900109,2019
10.1002/cplu.201900349,2020
10.1002/cplu.201900492,2020
10.1002/cplu.201900635,2019
10.1002/cplu.202000175,2020
10.1002/cplu.202200395,2023
10.1002/cplu.202300072,2023
10.1002/cplu.202300378,2024
10.1002/cplu.202400169,2024
10.1002/cptc.202300031,2023
10.1002/crat.200800001,2008
10.1002/crat.200811112,2008
10.1002/crat.201300439,2014
10.1002/crat.201400095,2014
10.1002/crat.201700017,2017
10.1002/crat.201700105,2017
10.1002/crat.202000124,2021
10.1002/cssc.201000458,2011
10.1002/cssc.201100716,2012
10.1002/cssc.201300836,2014
10.1002/cssc.201402622,2015
10.1002/cssc.201402858,2015
10.1002/cssc.201403230,2015
10.1002/cssc.201403345,2015
10.1002/cssc.201403402,2015
10.1002/cssc.201500695,2015
10.1002/cssc.201500780,2015
10.1002/cssc.201601181,2017
10.1002/cssc.201700164,2017
10.1002/cssc.201700536,2017
10.1002/cssc.201700788,2017
10.1002/cssc.201702122,2018
10.1002/cssc.201702193,2018
10.1002/cssc.201800740,2018
10.1002/cssc.201802446,2019
10.1002/cssc.201902272,2020
10.1002/cssc.202000378,2020
10.1002/cssc.202000434,2020
10.1002/cssc.202000465,2020
10.1002/cssc.202100342,2021
10.1002/cssc.202102368,2022
10.1002/cssc.202200702,2022
10.1002/cssc.202201386,2022
10.1002/cssc.202201535,2022
10.1002/cssc.202201744,2023
10.1002/cssc.202300215,2023
10.1002/cssc.202400885,2024
10.1002/cssc.202400936,2024
10.1002/cssc.202401248,2025
10.1002/cssc.202401968,2025
10.1002/ejic.2003.00594,2004
10.1002/ejic.200300021,2003
10.1002/ejic.200300221,2003
10.1002/ejic.200300390,2004
10.1002/ejic.200300876,2004
10.1002/ejic.200400170,2004
10.1002/ejic.200400173,2004
10.1002/ejic.200400199,2004
10.1002/ejic.200400321,2004
10.1002/ejic.200400648,2005
10.1002/ejic.200500217,2005
10.1002/ejic.200500490,2005
10.1002/ejic.200500735,2005
10.1002/ejic.200500822,2006
10.1002/ejic.200500877,2006
10.1002/ejic.200501146,2006
10.1002/ejic.200501155,2006
10.1002/ejic.200600039,2006
10.1002/ejic.200600169,2006
10.1002/ejic.200600445,2006
10.1002/ejic.200600698,2007
10.1002/ejic.200600712,2007
10.1002/ejic.200600867,2007
10.1002/ejic.200600887,2007
10.1002/ejic.200601014,2007
10.1002/ejic.20060539,2006
10.1002/ejic.200700651,2008
10.1002/ejic.200700701,2007
10.1002/ejic.200700728,2007
10.1002/ejic.200700924,2008
10.1002/ejic.200701060,2008
10.1002/ejic.200701147,2008
10.1002/ejic.200701208,2008
10.1002/ejic.200701284,2008
10.1002/ejic.200800002,2008
10.1002/ejic.200800152,2008
10.1002/ejic.200800222,2008
10.1002/ejic.200800434,2008
10.1002/ejic.200801224,2009
10.1002/ejic.200900144,2009
10.1002/ejic.200900242,2009
10.1002/ejic.200900283,2009
10.1002/ejic.200900375,2009
10.1002/ejic.200900509,2009
10.1002/ejic.200900558,2009
10.1002/ejic.200900596,2009
10.1002/ejic.200900685,2010
10.1002/ejic.200900819,2010
10.1002/ejic.200900902,2010
10.1002/ejic.200900914,2009
10.1002/ejic.200900962,2010
10.1002/ejic.200901064,2010
10.1002/ejic.200901163,2010
10.1002/ejic.200901254,2010
10.1002/ejic.201000146,2010
10.1002/ejic.201000225,2010
10.1002/ejic.201000291,2010
10.1002/ejic.201000353,2010
10.1002/ejic.201000364,2010
10.1002/ejic.201000391,2010
10.1002/ejic.201000402,2010
10.1002/ejic.201000486,2010
10.1002/ejic.201000490,2010
10.1002/ejic.201000491,2010
10.1002/ejic.201000494,2010
10.1002/ejic.201000535,2010
10.1002/ejic.201000541,2010
10.1002/ejic.201000547,2010
10.1002/ejic.201000555,2010
10.1002/ejic.201000578,2010
10.1002/ejic.201000651,2010
10.1002/ejic.201000664,2010
10.1002/ejic.201000731,2010
10.1002/ejic.201000807,2010
10.1002/ejic.201000832,2010
10.1002/ejic.201000928,2011
10.1002/ejic.201000937,2011
10.1002/ejic.201001001,2011
10.1002/ejic.201001125,2011
10.1002/ejic.201001145,2011
10.1002/ejic.201100072,2011
10.1002/ejic.201100213,2011
10.1002/ejic.201100227,2011
10.1002/ejic.201100437,2011
10.1002/ejic.201100450,2011
10.1002/ejic.201100523,2011
10.1002/ejic.201100789,2011
10.1002/ejic.201100913,2012
10.1002/ejic.201100944,2011
10.1002/ejic.201100948,2012
10.1002/ejic.201101099,2012
10.1002/ejic.201101119,2012
10.1002/ejic.201101151,2012
10.1002/ejic.201101295,2012
10.1002/ejic.201200033,2012
10.1002/ejic.201200106,2012
10.1002/ejic.201200127,2012
10.1002/ejic.201200169,2012
10.1002/ejic.201200345,2012
10.1002/ejic.201200417,2012
10.1002/ejic.201200642,2012
10.1002/ejic.201200710,2012
10.1002/ejic.201200888,2012
10.1002/ejic.201200949,2013
10.1002/ejic.201201009,2013
10.1002/ejic.201201092,2013
10.1002/ejic.201201228,2013
10.1002/ejic.201201374,2013
10.1002/ejic.201201461,2013
10.1002/ejic.201201466,2013
10.1002/ejic.201201508,2013
10.1002/ejic.201300112,2013
10.1002/ejic.201300123,2013
10.1002/ejic.201300185,2013
10.1002/ejic.201300495,2013
10.1002/ejic.201300533,2013
10.1002/ejic.201300560,2013
10.1002/ejic.201300637,2013
10.1002/ejic.201300639,2013
10.1002/ejic.201300696,2013
10.1002/ejic.201301010,2013
10.1002/ejic.201301039,2014
10.1002/ejic.201301126,2014
10.1002/ejic.201301312,2014
10.1002/ejic.201301536,2014
10.1002/ejic.201301543,2014
10.1002/ejic.201400085,2014
10.1002/ejic.201402019,2014
10.1002/ejic.201402094,2014
10.1002/ejic.201402099,2014
10.1002/ejic.201402128,2014
10.1002/ejic.201402375,2014
10.1002/ejic.201402419,2014
10.1002/ejic.201402475,2014
10.1002/ejic.201402552,2014
10.1002/ejic.201402737,2014
10.1002/ejic.201402789,2014
10.1002/ejic.201402891,2014
10.1002/ejic.201402938,2015
10.1002/ejic.201403026,2015
10.1002/ejic.201403077,2015
10.1002/ejic.201403149,2015
10.1002/ejic.201403243,2015
10.1002/ejic.201500069,2015
10.1002/ejic.201500133,2015
10.1002/ejic.201500281,2015
10.1002/ejic.201500374,2015
10.1002/ejic.201500431,2015
10.1002/ejic.201500478,2015
10.1002/ejic.201500484,2015
10.1002/ejic.201500678,2015
10.1002/ejic.201500741,2015
10.1002/ejic.201500808,2015
10.1002/ejic.201500975,2015
10.1002/ejic.201501194,2016
10.1002/ejic.201501350,2016
10.1002/ejic.201600069,2016
10.1002/ejic.201600111,2016
10.1002/ejic.201600120,2016
10.1002/ejic.201600134,2016
10.1002/ejic.201600141,2016
10.1002/ejic.201600192,2016
10.1002/ejic.201600211,2016
10.1002/ejic.201600231,2016
10.1002/ejic.201600249,2016
10.1002/ejic.201600295,2016
10.1002/ejic.201600309,2016
10.1002/ejic.201600338,2016
10.1002/ejic.201600359,2016
10.1002/ejic.201600372,2016
10.1002/ejic.201600576,2016
10.1002/ejic.201600613,2016
10.1002/ejic.201600681,2016
10.1002/ejic.201600683,2016
10.1002/ejic.201600809,2016
10.1002/ejic.201600851,2016
10.1002/ejic.201600902,2016
10.1002/ejic.201601100,2017
10.1002/ejic.201601239,2017
10.1002/ejic.201601242,2017
10.1002/ejic.201601320,2017
10.1002/ejic.201601541,2017
10.1002/ejic.201700099,2017
10.1002/ejic.201700157,2017
10.1002/ejic.201700294,2017
10.1002/ejic.201700446,2017
10.1002/ejic.201700662,2017
10.1002/ejic.201700673,2017
10.1002/ejic.201700871,2017
10.1002/ejic.201701161,2018
10.1002/ejic.201701393,2018
10.1002/ejic.201701394,2018
10.1002/ejic.201701474,2018
10.1002/ejic.201800042,2018
10.1002/ejic.201800154,2018
10.1002/ejic.201800197,2018
10.1002/ejic.201800321,2018
10.1002/ejic.201800369,2018
10.1002/ejic.201801278,2019
10.1002/ejic.201801291,2019
10.1002/ejic.201900163,2019
10.1002/ejic.201900285,2019
10.1002/ejic.201900398,2019
10.1002/ejic.201900584,2019
10.1002/ejic.201900643,2019
10.1002/ejic.201900764,2019
10.1002/ejic.201900796,2019
10.1002/ejic.201900876,2019
10.1002/ejic.201900930,2019
10.1002/ejic.201901194,2020
10.1002/ejic.201901230,2020
10.1002/ejic.201901347,2020
10.1002/ejic.202000004,2020
10.1002/ejic.202000011,2020
10.1002/ejic.202000031,2020
10.1002/ejic.202000399,2020
10.1002/ejic.202000435,2020
10.1002/ejic.202000726,2020
10.1002/ejic.202001094,2021
10.1002/ejic.202001163,2021
10.1002/ejic.202100090,2021
10.1002/ejic.202100119,2021
10.1002/ejic.202100126,2021
10.1002/ejic.202100227,2021
10.1002/ejic.202100231,2021
10.1002/ejic.202100279,2021
10.1002/ejic.202100466,2021
10.1002/ejic.202100896,2022
10.1002/ejic.202101082,2022
10.1002/ejic.202200049,2022
10.1002/ejic.202200097,2022
10.1002/ejic.202200110,2022
10.1002/ejic.202200140,2022
10.1002/ejic.202200274,2022
10.1002/ejic.202200278,2022
10.1002/ejic.202200410,2022
10.1002/ejic.202200562,2022
10.1002/ejic.202200646,2023
10.1002/ejic.202300215,2023
10.1002/ejic.202300216,2023
10.1002/ejic.202300559,2024
10.1002/ejic.202400101,2024
10.1002/ejic.202400308,2024
10.1002/ejic.202400459,2024
10.1002/ejic.202400504,2024
10.1002/ejic.202400757,2025
10.1002/ejic.202400785,2025
10.1002/ejic.202400809,2025
10.1002/ejic.202500032,2025
10.1002/ejic201000436,2010
10.1002/ejoc.201001436,2011
10.1002/ejoc.201201162,2013
10.1002/ejoc.201600991,2016
10.1002/ejoc.201700990,2017
10.1002/ejoc.201800882,2018
10.1002/ejoc.201801184,2018
10.1002/ejoc.201801232,2019
10.1002/ejoc.201900094,2019
10.1002/ejoc.201900354,2019
10.1002/ejoc.201900635,2019
10.1002/ejoc.201900970,2019
10.1002/ejoc.201901048,2019
10.1002/ejoc.202000599,2020
10.1002/elan.202100423,2023
10.1002/elan.202200284,2023
10.1002/elps.201600121,2016
10.1002/elps.202200020,2022
10.1002/hlca.201200466,2012
10.1002/ijch.201700116,2018
10.1002/ijch.201800120,2018
10.1002/ijch.201800138,2019
10.1002/ijch.201800155,2019
10.1002/jcc.27270,2024
10.1002/jccs.200900106,2009
10.1002/jccs.201000138,2010
10.1002/jccs.201200041,2012
10.1002/jccs.201200612,2013
10.1002/jccs.201200645,2013
10.1002/jccs.201400116,2014
10.1002/jccs.201400496,2015
10.1002/jccs.201600722,2016
10.1002/jccs.201700266,2018
10.1002/jccs.201800061,2018
10.1002/jccs.201900170,2019
10.1002/jccs.201900257,2020
10.1002/jccs.202000303,2021
10.1002/jccs.202000458,2021
10.1002/jccs.202100096,2021
10.1002/jccs.202100377,2022
10.1002/jccs.202200172,2022
10.1002/jctb.4213,2014
10.1002/jctb.5021,2017
10.1002/jctb.5274,2017
10.1002/jctb.5419,2018
10.1002/jctb.7071,2022
10.1002/jctb.7376,2023
10.1002/jctb.7817,2025
10.1002/jhet.3519,2019
10.1002/jhet.3675,2019
10.1002/jhet.3787,2020
10.1002/jhet.3869,2020
10.1002/jhet.3982,2020
10.1002/jssc.201400100,2014
10.1002/jssc.201800121,2018
10.1002/mame.201400251,2015
10.1002/mame.202100591,2021
10.1002/mame.202300048,2023
10.1002/mawe.202100332,2022
10.1002/open.201800170,2018
10.1002/open.201800243,2019
10.1002/open.201900032,2019
10.1002/open.201900146,2019
10.1002/open.202000291,2021
10.1002/open.202300249,2024
10.1002/open.202400110,2024
10.1002/poc.4150,2021
10.1002/ppsc.202000101,2020
10.1002/ppsc.202000147,2020
10.1002/ppsc.202000185,2020
10.1002/ppsc.202000209,2020
10.1002/ppsc.202100221,2022
10.1002/pssa.202000437,2020
10.1002/qua.25057,2016
10.1002/slct.201500010,2016
10.1002/slct.201600150,2016
10.1002/slct.201600331,2016
10.1002/slct.201600397,2016
10.1002/slct.201600474,2016
10.1002/slct.201600526,2016
10.1002/slct.201600637,2016
10.1002/slct.201600752,2016
10.1002/slct.201600774,2016
10.1002/slct.201600844,2016
10.1002/slct.201601134,2016
10.1002/slct.201601236,2016
10.1002/slct.201601400,2017
10.1002/slct.201601440,2017
10.1002/slct.201601513,2016
10.1002/slct.201700237,2017
10.1002/slct.201700730,2017
10.1002/slct.201700739,2017
10.1002/slct.201701232,2017
10.1002/slct.201701289,2017
10.1002/slct.201701411,2017
10.1002/slct.201701731,2017
10.1002/slct.201701944,2017
10.1002/slct.201702410,2017
10.1002/slct.201702689,2018
10.1002/slct.201702692,2018
10.1002/slct.201702852,2018
10.1002/slct.201800475,2018
10.1002/slct.201800571,2018
10.1002/slct.201800580,2018
10.1002/slct.201800642,2018
10.1002/slct.201800697,2018
10.1002/slct.201800953,2018
10.1002/slct.201801068,2018
10.1002/slct.201801392,2018
10.1002/slct.201801610,2018
10.1002/slct.201801720,2018
10.1002/slct.201801815,2018
10.1002/slct.201802067,2018
10.1002/slct.201802739,2018
10.1002/slct.201802797,2018
10.1002/slct.201802940,2018
10.1002/slct.201803124,2019
10.1002/slct.201803260,2019
10.1002/slct.201803542,2019
10.1002/slct.201803944,2019
10.1002/slct.201803971,2019
10.1002/slct.201900096,2019
10.1002/slct.201900363,2019
10.1002/slct.201901070,2019
10.1002/slct.201901078,2019
10.1002/slct.201901440,2019
10.1002/slct.201901690,2019
10.1002/slct.201902379,2019
10.1002/slct.201902713,2019
10.1002/slct.201902849,2020
10.1002/slct.201902890,2019
10.1002/slct.201902901,2019
10.1002/slct.201903131,2019
10.1002/slct.201903494,2019
10.1002/slct.201903642,2019
10.1002/slct.201904119,2020
10.1002/slct.201904131,2020
10.1002/slct.201904225,2020
10.1002/slct.201904284,2019
10.1002/slct.201904585,2019
10.1002/slct.201904637,2020
10.1002/slct.202000004,2020
10.1002/slct.202000455,2020
10.1002/slct.202000813,2020
10.1002/slct.202001583,2020
10.1002/slct.202001730,2020
10.1002/slct.202001789,2020
10.1002/slct.202002224,2020
10.1002/slct.202002457,2020
10.1002/slct.202002555,2022
10.1002/slct.202002661,2020
10.1002/slct.202002897,2020
10.1002/slct.202003213,2020
10.1002/slct.202003485,2020
10.1002/slct.202003575,2020
10.1002/slct.202003607,2020
10.1002/slct.202003716,2020
10.1002/slct.202003939,2020
10.1002/slct.202004107,2020
10.1002/slct.202004834,2021
10.1002/slct.202100438,2021
10.1002/slct.202100589,2021
10.1002/slct.202101268,2021
10.1002/slct.202101471,2021
10.1002/slct.202101591,2021
10.1002/slct.202102721,2021
10.1002/slct.202103520,2022
10.1002/slct.202103536,2021
10.1002/slct.202103792,2021
10.1002/slct.202103927,2022
10.1002/slct.202104471,2022
10.1002/slct.202200096,2022
10.1002/slct.202200592,2022
10.1002/slct.202201566,2022
10.1002/slct.202201588,2022
10.1002/slct.202202253,2022
10.1002/slct.202202894,2022
10.1002/slct.202203667,2022
10.1002/slct.202203766,2022
10.1002/slct.202204367,2023
10.1002/slct.202204538,2023
10.1002/slct.202204549,2023
10.1002/slct.202204937,2023
10.1002/slct.202300745,2023
10.1002/slct.202300926,2023
10.1002/slct.202301543,2023
10.1002/slct.202302011,2023
10.1002/slct.202303765,2024
10.1002/slct.202303940,2024
10.1002/slct.202304217,2024
10.1002/slct.202304617,2024
10.1002/slct.202304855,2024
10.1002/slct.202304882,2024
10.1002/slct.202304908,2024
10.1002/slct.202304913,2024
10.1002/slct.202400487,2024
10.1002/slct.202400978,2024
10.1002/slct.202401877,2024
10.1002/slct.202402046,2024
10.1002/slct.202402556,2024
10.1002/slct.202402571,2024
10.1002/slct.202402669,2024
10.1002/slct.202404433,2024
10.1002/slct.202404797,2024
10.1002/slct.202405888,2025
10.1002/slct.202501812,2025
10.1002/smll.201100098,2011
10.1002/smll.201200558,2013
10.1002/smll.201303564,2014
10.1002/smll.201600356,2016
10.1002/smll.201601873,2016
10.1002/smll.201700632,2017
10.1002/smll.201702958,2018
10.1002/smll.201704440,2018
10.1002/smll.201804874,2019
10.1002/smll.201805133,2019
10.1002/smll.201805478,2019
10.1002/smll.201901065,2019
10.1002/smll.201902990,2020
10.1002/smll.202005111,2020
10.1002/smll.202005357,2021
10.1002/smll.202006351,2021
10.1002/smll.202101455,2021
10.1002/smll.202101475,2021
10.1002/smll.202200407,2022
10.1002/smll.202203356,2022
10.1002/smll.202205542,2023
10.1002/smll.202206116,2023
10.1002/smll.202206988,2023
10.1002/smll.202301894,2023
10.1002/smll.202301933,2023
10.1002/smll.202301966,2023
10.1002/smll.202302173,2023
10.1002/smll.202302776,2023
10.1002/smll.202302913,2023
10.1002/smll.202303235,2023
10.1002/smll.202304057,2023
10.1002/smll.202304096,2023
10.1002/smll.202304771,2023
10.1002/smll.202305258,2024
10.1002/smll.202305308,2023
10.1002/smll.202305771,2023
10.1002/smll.202305881,2024
10.1002/smll.202305999,2024
10.1002/smll.202306794,2024
10.1002/smll.202307236,2024
10.1002/smll.202307484,2024
10.1002/smll.202308393,2024
10.1002/smll.202309281,2024
10.1002/smll.202311083,2024
10.1002/smll.202311448,2024
10.1002/smll.202400399,2024
10.1002/smll.202400410,2024
10.1002/smll.202401024,2024
10.1002/smll.202402255,2024
10.1002/smll.202404554,2024
10.1002/smll.202405540,2024
10.1002/smll.202405636,2024
10.1002/smll.202405831,2024
10.1002/smll.202407051,2025
10.1002/smll.202408466,2025
10.1002/smll.202408966,2024
10.1002/smll.202409061,2025
10.1002/smll.202410680,2025
10.1002/smll.202411300,2025
10.1002/smll.202412121,2025
10.1002/smll.202500324,2025
10.1002/smll.202501767,2025
10.1002/smll.202501823,2025
10.1002/smll.202504242,2025
10.1002/smtd.202000085,2020
10.1002/smtd.202200208,2022
10.1002/smtd.202300752,2023
10.1002/smtd.202301435,2024
10.1002/smtd.202400363,2024
10.1002/smtd.202400596,2024
10.1002/solr.202300493,2023
10.1002/solr.202300710,2024
10.1002/sstr.202100115,2022
10.1002/sstr.202300055,2023
10.1002/sstr.202300293,2024
10.1002/sstr.202300346,2024
10.1002/tcr.201500273,2016
10.1002/tcr.201500304,2016
10.1002/tcr.201600038,2016
10.1002/tcr.201700056,2018
10.1002/tcr.202000067,2020
10.1002/zaac.200400144,2004
10.1002/zaac.200400414,2005
10.1002/zaac.200600208,2006
10.1002/zaac.200600260,2007
10.1002/zaac.200600272,2007
10.1002/zaac.200600273,2007
10.1002/zaac.200700073,2007
10.1002/zaac.200700235,2007
10.1002/zaac.200700295,2007
10.1002/zaac.200700298,2007
10.1002/zaac.200700327,2008
10.1002/zaac.200700374,2008
10.1002/zaac.200800008,2008
10.1002/zaac.200800047,2008
10.1002/zaac.200800103,2008
10.1002/zaac.200800143,2008
10.1002/zaac.200800259,2008
10.1002/zaac.200800323,2008
10.1002/zaac.200800354,2009
10.1002/zaac.200800363,2009
10.1002/zaac.200800406,2009
10.1002/zaac.200801301,2009
10.1002/zaac.200801303,2009
10.1002/zaac.200801363,2009
10.1002/zaac.200801377,2009
10.1002/zaac.200801403,2009
10.1002/zaac.200900138,2009
10.1002/zaac.200900143,2009
10.1002/zaac.200900145,2009
10.1002/zaac.200900170,2009
10.1002/zaac.200900223,2009
10.1002/zaac.200900243,2009
10.1002/zaac.200900278,2010
10.1002/zaac.200900302,2010
10.1002/zaac.200900307,2010
10.1002/zaac.200900329,2010
10.1002/zaac.200900359,2010
10.1002/zaac.200900374,2010
10.1002/zaac.200900389,2010
10.1002/zaac.200900436,2010
10.1002/zaac.200900440,2010
10.1002/zaac.200900442,2010
10.1002/zaac.200900451,2010
10.1002/zaac.200900452,2010
10.1002/zaac.200900462,2010
10.1002/zaac.200900516,2010
10.1002/zaac.200900554,2010
10.1002/zaac.200900556,2010
10.1002/zaac.201000042,2010
10.1002/zaac.201000053,2010
10.1002/zaac.201000056,2010
10.1002/zaac.201000077,2010
10.1002/zaac.201000115,2010
10.1002/zaac.201000181,2010
10.1002/zaac.201000251,2010
10.1002/zaac.201000256,2011
10.1002/zaac.201000270,2011
10.1002/zaac.201000274,2011
10.1002/zaac.201000307,2011
10.1002/zaac.201000314,2011
10.1002/zaac.201000315,2011
10.1002/zaac.201000326,2011
10.1002/zaac.201000352,2011
10.1002/zaac.201000354,2011
10.1002/zaac.201000367,2011
10.1002/zaac.201000369,2011
10.1002/zaac.201000371,2011
10.1002/zaac.201000372,2011
10.1002/zaac.201000386,2011
10.1002/zaac.201000424,2011
10.1002/zaac.201000437,2011
10.1002/zaac.201100010,2011
10.1002/zaac.201100019,2011
10.1002/zaac.201100062,2011
10.1002/zaac.201100082,2011
10.1002/zaac.201100104,2011
10.1002/zaac.201100136,2011
10.1002/zaac.201100155,2011
10.1002/zaac.201100160,2011
10.1002/zaac.201100229,2011
10.1002/zaac.201100272,2011
10.1002/zaac.201100308,2011
10.1002/zaac.201100311,2011
10.1002/zaac.201100382,2012
10.1002/zaac.201100390,2012
10.1002/zaac.201100403,2012
10.1002/zaac.201100407,2012
10.1002/zaac.201100421,2012
10.1002/zaac.201100429,2012
10.1002/zaac.201100433,2012
10.1002/zaac.201100460,2012
10.1002/zaac.201100462,2012
10.1002/zaac.201100519,2012
10.1002/zaac.201200003,2012
10.1002/zaac.201200017,2012
10.1002/zaac.201200043,2012
10.1002/zaac.201200099,2012
10.1002/zaac.201200140,2012
10.1002/zaac.201200151,2012
10.1002/zaac.201200210,2012
10.1002/zaac.201200222,2012
10.1002/zaac.201200253,2012
10.1002/zaac.201200325,2013
10.1002/zaac.201200341,2013
10.1002/zaac.201200373,2013
10.1002/zaac.201200394,2013
10.1002/zaac.201200400,2013
10.1002/zaac.201200411,2013
10.1002/zaac.201200413,2013
10.1002/zaac.201200414,2013
10.1002/zaac.201200422,2013
10.1002/zaac.201200427,2013
10.1002/zaac.201200428,2013
10.1002/zaac.201200473,2013
10.1002/zaac.201200474,2013
10.1002/zaac.201200537,2013
10.1002/zaac.201300011,2013
10.1002/zaac.201300050,2013
10.1002/zaac.201300117,2013
10.1002/zaac.201300140,2013
10.1002/zaac.201300185,2013
10.1002/zaac.201300197,2014
10.1002/zaac.201300206,2013
10.1002/zaac.201300211,2013
10.1002/zaac.201300215,2013
10.1002/zaac.201300240,2013
10.1002/zaac.201300253,2013
10.1002/zaac.201300276,2014
10.1002/zaac.201300280,2013
10.1002/zaac.201300345,2014
10.1002/zaac.201300347,2013
10.1002/zaac.201300357,2013
10.1002/zaac.201300375,2014
10.1002/zaac.201300401,2013
10.1002/zaac.201300480,2013
10.1002/zaac.201300488,2014
10.1002/zaac.201300500,2014
10.1002/zaac.201300550,2014
10.1002/zaac.201300619,2014
10.1002/zaac.201300623,2014
10.1002/zaac.201300641,2014
10.1002/zaac.201300681,2014
10.1002/zaac.201300682,2014
10.1002/zaac.201300686,2014
10.1002/zaac.201400016,2014
10.1002/zaac.201400024,2014
10.1002/zaac.201400037,2014
10.1002/zaac.201400073,2014
10.1002/zaac.201400102,2014
10.1002/zaac.201400110,2014
10.1002/zaac.201400139,2014
10.1002/zaac.201400162,2014
10.1002/zaac.201400177,2014
10.1002/zaac.201400188,2014
10.1002/zaac.201400197,2014
10.1002/zaac.201400206,2014
10.1002/zaac.201400214,2014
10.1002/zaac.201400217,2014
10.1002/zaac.201400231,2014
10.1002/zaac.201400254,2014
10.1002/zaac.201400256,2014
10.1002/zaac.201400263,2014
10.1002/zaac.201400294,2014
10.1002/zaac.201400297,2015
10.1002/zaac.201400303,2014
10.1002/zaac.201400375,2014
10.1002/zaac.201400387,2015
10.1002/zaac.201400388,2014
10.1002/zaac.201400398,2015
10.1002/zaac.201400419,2014
10.1002/zaac.201400424,2015
10.1002/zaac.201400459,2015
10.1002/zaac.201400474,2015
10.1002/zaac.201400483,2015
10.1002/zaac.201400484,2015
10.1002/zaac.201400513,2015
10.1002/zaac.201400550,2015
10.1002/zaac.201400574,2015
10.1002/zaac.201400595,2015
10.1002/zaac.201400612,2015
10.1002/zaac.201500028,2015
10.1002/zaac.201500053,2015
10.1002/zaac.201500061,2015
10.1002/zaac.201500091,2015
10.1002/zaac.201500132,2015
10.1002/zaac.201500152,2015
10.1002/zaac.201500183,2015
10.1002/zaac.201500216,2015
10.1002/zaac.201500232,2015
10.1002/zaac.201500260,2015
10.1002/zaac.201500268,2015
10.1002/zaac.201500281,2015
10.1002/zaac.201500288,2015
10.1002/zaac.201500526,2015
10.1002/zaac.201500536,2015
10.1002/zaac.201500549,2015
10.1002/zaac.201500567,2015
10.1002/zaac.201500605,2015
10.1002/zaac.201500613,2015
10.1002/zaac.201500656,2015
10.1002/zaac.201500665,2016
10.1002/zaac.201500686,2016
10.1002/zaac.201500696,2016
10.1002/zaac.201500705,2016
10.1002/zaac.201500728,2016
10.1002/zaac.201500768,2016
10.1002/zaac.201500818,2016
10.1002/zaac.201600025,2016
10.1002/zaac.201600067,2016
10.1002/zaac.201600094,2016
10.1002/zaac.201600120,2016
10.1002/zaac.201600135,2016
10.1002/zaac.201600166,2016
10.1002/zaac.201600195,2016
10.1002/zaac.201600210,2016
10.1002/zaac.201600235,2016
10.1002/zaac.201600291,2016
10.1002/zaac.201600306,2017
10.1002/zaac.201600344,2017
10.1002/zaac.201600356,2017
10.1002/zaac.201600366,2016
10.1002/zaac.201600372,2017
10.1002/zaac.201600395,2017
10.1002/zaac.201600448,2017
10.1002/zaac.201600460,2017
10.1002/zaac.201700003,2017
10.1002/zaac.201700032,2017
10.1002/zaac.201700053,2017
10.1002/zaac.201700108,2017
10.1002/zaac.201700128,2017
10.1002/zaac.201700151,2017
10.1002/zaac.201700250,2017
10.1002/zaac.201700260,2017
10.1002/zaac.201700343,2018
10.1002/zaac.201700344,2017
10.1002/zaac.201700362,2018
10.1002/zaac.201800002,2018
10.1002/zaac.201800087,2018
10.1002/zaac.201800197,2018
10.1002/zaac.201800199,2018
10.1002/zaac.201800222,2018
10.1002/zaac.201800229,2018
10.1002/zaac.201800280,2019
10.1002/zaac.201800306,2018
10.1002/zaac.201800330,2018
10.1002/zaac.201800338,2018
10.1002/zaac.201800353,2018
10.1002/zaac.201800354,2018
10.1002/zaac.201800384,2019
10.1002/zaac.201800428,2019
10.1002/zaac.201800455,2019
10.1002/zaac.201800472,2019
10.1002/zaac.201800513,2019
10.1002/zaac.201900009,2019
10.1002/zaac.201900029,2019
10.1002/zaac.201900066,2019
10.1002/zaac.201900089,2019
10.1002/zaac.201900133,2019
10.1002/zaac.201900225,2019
10.1002/zaac.201900241,2019
10.1002/zaac.201900257,2020
10.1002/zaac.201900299,2020
10.1002/zaac.201900334,2020
10.1002/zaac.202000063,2020
10.1002/zaac.202000093,2020
10.1002/zaac.202000100,2020
10.1002/zaac.202000112,2020
10.1002/zaac.202000129,2020
10.1002/zaac.202000137,2020
10.1002/zaac.202000142,2020
10.1002/zaac.202000201,2020
10.1002/zaac.202000265,2020
10.1002/zaac.202000303,2020
10.1002/zaac.202000324,2020
10.1002/zaac.202000332,2021
10.1002/zaac.202000357,2020
10.1002/zaac.202000418,2022
10.1002/zaac.202000425,2021
10.1002/zaac.202000447,2021
10.1002/zaac.202100058,2022
10.1002/zaac.202100184,2021
10.1002/zaac.202100208,2022
10.1002/zaac.202100213,2021
10.1002/zaac.202100225,2021
10.1002/zaac.202100236,2021
10.1002/zaac.202100252,2022
10.1002/zaac.202100297,2022
10.1002/zaac.202100323,2022
10.1002/zaac.202100328,2022
10.1002/zaac.202100337,2022
10.1002/zaac.202100345,2022
10.1002/zaac.202100352,2022
10.1002/zaac.202100380,2022
10.1002/zaac.202100384,2022
10.1002/zaac.202200109,2022
10.1002/zaac.202200153,2022
10.1002/zaac.202200171,2022
10.1002/zaac.202200273,2023
10.1002/zaac.202300106,2023
10.1006/jssc.2000.8677,2000
10.1006/jssc.2000.9070,2001
10.1006/jssc.2001.9118,2001
10.1007/BF03214948,2009
10.1007/BF03246026,2010
10.1007/BF03246038,2010
10.1007/BF03246547,2011
10.1007/s00216-019-01875-2,2019
10.1007/s00216-019-02004-9,2019
10.1007/s00339-019-2716-4,2019
10.1007/s00396-020-04625-4,2020
10.1007/s00396-020-04788-0,2021
10.1007/s00604-017-2439-1,2017
10.1007/s00604-020-04664-2,2021
10.1007/s00604-021-04899-7,2021
10.1007/s00604-021-05023-5,2021
10.1007/s00604-023-06112-3,2024
10.1007/s00604-024-06243-1,2024
10.1007/s00604-024-06519-6,2024
10.1007/s00706-013-0922-x,2013
10.1007/s00706-013-1037-0,2013
10.1007/s00706-014-1377-4,2015
10.1007/s00706-016-1776-9,2017
10.1007/s00706-017-1935-7,2017
10.1007/s00706-024-03269-2,2024
10.1007/s00775-012-0937-5,2012
10.1007/s00775-021-01887-3,2021
10.1007/s10311-018-00833-1,2019
10.1007/s10311-018-0775-y,2019
10.1007/s10337-015-2872-4,2015
10.1007/s10450-010-9316-0,2011
10.1007/s10450-012-9438-7,2012
10.1007/s10450-015-9651-2,2015
10.1007/s10450-016-9838-1,2016
10.1007/s10450-017-9892-3,2017
10.1007/s10450-018-9978-6,2018
10.1007/s10450-019-00024-6,2019
10.1007/s10450-019-00073-x,2019
10.1007/s10450-020-00219-2,2020
10.1007/s10450-020-00282-9,2021
10.1007/s10450-024-00504-4,2024
10.1007/s10450-024-00553-9,2025
10.1007/s10450-024-00587-z,2025
10.1007/s10562-012-0943-9,2013
10.1007/s10562-014-1242-4,2014
10.1007/s10562-015-1497-4,2015
10.1007/s10562-015-1571-y,2015
10.1007/s10562-016-1768-8,2016
10.1007/s10562-016-1805-7,2016
10.1007/s10562-016-1826-2,2016
10.1007/s10562-016-1913-4,2017
10.1007/s10562-018-2358-8,2018
10.1007/s10562-018-2490-5,2018
10.1007/s10562-019-02837-0,2019
10.1007/s10562-019-02874-9,2019
10.1007/s10562-019-02963-9,2020
10.1007/s10562-019-03070-5,2020
10.1007/s10562-019-03072-3,2020
10.1007/s10562-019-03079-w,2020
10.1007/s10562-019-03090-1,2020
10.1007/s10562-020-03135-w,2020
10.1007/s10562-020-03151-w,2020
10.1007/s10562-020-03291-z,2021
10.1007/s10562-021-03616-6,2022
10.1007/s10562-021-03731-4,2022
10.1007/s10562-021-03734-1,2022
10.1007/s10562-022-03995-4,2023
10.1007/s10562-022-04028-w,2023
10.1007/s10562-022-04074-4,2023
10.1007/s10562-022-04131-y,2023
10.1007/s10562-022-04135-8,2023
10.1007/s10562-022-04140-x,2023
10.1007/s10562-022-04213-x,2023
10.1007/s10562-022-04225-7,2023
10.1007/s10562-022-04250-6,2023
10.1007/s10562-022-04261-3,2024
10.1007/s10562-023-04422-y,2024
10.1007/s10562-023-04433-9,2024
10.1007/s10562-024-04624-y,2024
10.1007/s10562-024-04881-x,2025
10.1007/s10562-024-04885-7,2025
10.1007/s10563-012-9135-2,2012
10.1007/s10563-014-9169-8,2014
10.1007/s10563-015-9195-1,2015
10.1007/s10563-015-9196-0,2015
10.1007/s10563-017-9231-4,2017
10.1007/s10563-018-9242-9,2018
10.1007/s10570-012-9752-y,2012
10.1007/s10570-017-1331-9,2017
10.1007/s10570-019-02839-6,2020
10.1007/s10570-020-03216-4,2020
10.1007/s10570-020-03282-8,2020
10.1007/s10570-020-03483-1,2020
10.1007/s10570-021-04265-z,2021
10.1007/s10570-022-04668-6,2022
10.1007/s10570-023-05530-z,2023
10.1007/s10570-023-05627-5,2024
10.1007/s10593-019-02614-2,2019
10.1007/s10847-011-0007-6,2011
10.1007/s10847-020-01039-1,2021
10.1007/s10847-024-01266-w,2025
10.1007/s10853-014-8277-1,2014
10.1007/s10853-014-8678-1,2015
10.1007/s10853-017-1658-5,2018
10.1007/s10853-018-03287-6,2019
10.1007/s10853-018-2305-5,2018
10.1007/s10853-018-2331-3,2018
10.1007/s10853-018-2476-0,2018
10.1007/s10853-018-2793-3,2018
10.1007/s10853-018-2835-x,2019
10.1007/s10853-019-03367-1,2019
10.1007/s10853-019-03644-z,2019
10.1007/s10853-019-03786-0,2019
10.1007/s10853-020-04699-z,2020
10.1007/s10853-020-04937-4,2020
10.1007/s10853-020-05043-1,2020
10.1007/s10853-020-05210-4,2020
10.1007/s10853-020-05473-x,2021
10.1007/s10853-020-05491-9,2021
10.1007/s10853-021-05850-0,2021
10.1007/s10853-022-07676-w,2022
10.1007/s10853-022-07773-w,2022
10.1007/s10853-023-08181-4,2023
10.1007/s10853-023-08342-5,2023
10.1007/s10853-024-09744-9,2024
10.1007/s10853-024-10058-z,2024
10.1007/s10854-015-3910-6,2016
10.1007/s10854-017-7118-9,2017
10.1007/s10854-017-8271-x,2018
10.1007/s10854-018-0370-9,2019
10.1007/s10854-018-9978-z,2018
10.1007/s10854-020-03248-3,2020
10.1007/s10854-020-05060-5,2021
10.1007/s10854-020-05126-4,2021
10.1007/s10854-021-05648-5,2021
10.1007/s10854-022-08351-1,2022
10.1007/s10856-021-06574-y,2022
10.1007/s10870-005-2216-6,2005
10.1007/s10870-008-9336-8,2008
10.1007/s10870-008-9401-3,2008
10.1007/s10870-008-9496-6,2009
10.1007/s10870-009-9558-4,2009
10.1007/s10870-009-9580-6,2009
10.1007/s10870-009-9638-5,2010
10.1007/s10870-010-9700-3,2010
10.1007/s10870-010-9750-6,2010
10.1007/s10870-010-9800-0,2010
10.1007/s10870-010-9900-x,2011
10.1007/s10870-010-9945-x,2011
10.1007/s10870-010-9962-9,2011
10.1007/s10870-011-0001-2,2011
10.1007/s10870-011-0111-x,2011
10.1007/s10870-011-0179-3,2011
10.1007/s10870-011-0181-9,2011
10.1007/s10870-011-0219-z,2012
10.1007/s10870-011-0225-1,2012
10.1007/s10870-012-0317-6,2012
10.1007/s10870-012-0349-y,2012
10.1007/s10870-012-0388-4,2013
10.1007/s10870-013-0414-1,2013
10.1007/s10870-013-0417-y,2013
10.1007/s10870-013-0462-6,2013
10.1007/s10870-014-0535-1,2014
10.1007/s10870-014-0546-y,2014
10.1007/s10870-015-0568-0,2015
10.1007/s10870-015-0570-6,2015
10.1007/s10870-015-0578-y,2015
10.1007/s10870-016-0641-3,2016
10.1007/s10870-016-0648-9,2016
10.1007/s10870-016-0651-1,2016
10.1007/s10870-016-0652-0,2016
10.1007/s10870-017-0690-2,2017
10.1007/s10870-017-0691-1,2017
10.1007/s10870-018-0708-4,2018
10.1007/s10870-018-0711-9,2018
10.1007/s10870-018-0761-z,2019
10.1007/s10870-019-00785-6,2020
10.1007/s10870-019-00791-8,2020
10.1007/s10870-019-00807-3,2020
10.1007/s10870-019-00818-0,2020
10.1007/s10870-020-00825-6,2021
10.1007/s10870-020-00828-3,2021
10.1007/s10870-021-00895-0,2022
10.1007/s10870-022-00923-7,2022
10.1007/s10876-010-0308-8,2010
10.1007/s10876-010-0309-7,2010
10.1007/s10876-012-0484-9,2012
10.1007/s10876-012-0527-2,2013
10.1007/s10876-013-0591-2,2013
10.1007/s10876-013-0613-0,2014
10.1007/s10876-013-0624-x,2014
10.1007/s10876-014-0695-3,2014
10.1007/s10876-014-0770-9,2015
10.1007/s10876-014-0778-1,2015
10.1007/s10876-014-0799-9,2015
10.1007/s10876-014-0816-z,2015
10.1007/s10876-014-0821-2,2015
10.1007/s10876-015-0935-1,2016
10.1007/s10876-015-0957-8,2016
10.1007/s10876-015-0965-8,2016
10.1007/s10876-016-0990-2,2016
10.1007/s10876-016-0994-y,2016
10.1007/s10876-016-1000-4,2016
10.1007/s10876-016-1021-z,2016
10.1007/s10876-016-1027-6,2016
10.1007/s10876-016-1066-z,2016
10.1007/s10876-016-1108-6,2017
10.1007/s10876-016-1112-x,2017
10.1007/s10876-016-1144-2,2017
10.1007/s10876-017-1193-1,2017
10.1007/s10876-017-1248-3,2017
10.1007/s10876-017-1316-8,2018
10.1007/s10876-018-1344-z,2018
10.1007/s10876-018-1377-3,2018
10.1007/s10876-018-1410-6,2018
10.1007/s10876-018-1415-1,2018
10.1007/s10876-018-1444-9,2018
10.1007/s10876-019-01534-7,2019
10.1007/s10876-019-01539-2,2019
10.1007/s10876-019-01623-7,2020
10.1007/s10876-019-01636-2,2020
10.1007/s10876-019-01637-1,2020
10.1007/s10876-019-01648-y,2020
10.1007/s10876-019-01683-9,2020
10.1007/s10876-019-01703-8,2020
10.1007/s10876-019-01749-8,2020
10.1007/s10876-020-01760-4,2020
10.1007/s10876-020-01809-4,2021
10.1007/s10876-020-01817-4,2021
10.1007/s10876-020-01875-8,2021
10.1007/s10876-020-01931-3,2021
10.1007/s10876-020-01954-w,2022
10.1007/s10876-020-01966-6,2022
10.1007/s10876-021-02042-3,2022
10.1007/s10876-021-02082-9,2022
10.1007/s10876-021-02088-3,2022
10.1007/s10876-021-02112-6,2022
10.1007/s10876-021-02129-x,2022
10.1007/s10876-021-02148-8,2022
10.1007/s10876-021-02160-y,2022
10.1007/s10876-021-02185-3,2022
10.1007/s10876-022-02242-5,2023
10.1007/s10876-022-02349-9,2023
10.1007/s10876-023-02419-6,2023
10.1007/s10876-023-02424-9,2023
10.1007/s10876-023-02478-9,2024
10.1007/s10876-024-02650-9,2024
10.1007/s10876-024-02655-4,2024
10.1007/s10876-025-02768-4,2025
10.1007/s10895-021-02763-8,2021
10.1007/s10895-021-02823-z,2021
10.1007/s10895-021-02826-w,2021
10.1007/s10895-022-02902-9,2022
10.1007/s10895-022-02957-8,2022
10.1007/s10895-022-03048-4,2023
10.1007/s10895-022-03055-5,2023
10.1007/s10895-023-03579-4,2025
10.1007/s10895-024-03677-x,2025
10.1007/s10895-024-03682-0,2025
10.1007/s10895-024-03698-6,2025
10.1007/s10934-007-9178-3,2009
10.1007/s10934-009-9268-5,2010
10.1007/s10934-012-9574-1,2013
10.1007/s10934-013-9768-1,2014
10.1007/s10934-014-9816-5,2014
10.1007/s10934-014-9823-6,2014
10.1007/s10934-014-9840-5,2014
10.1007/s10934-014-9883-7,2015
10.1007/s10934-014-9891-7,2015
10.1007/s10934-015-0043-5,2015
10.1007/s10934-015-0090-y,2016
10.1007/s10934-015-9910-3,2015
10.1007/s10934-015-9928-6,2015
10.1007/s10934-015-9960-6,2015
10.1007/s10934-015-9992-y,2015
10.1007/s10934-015-9997-6,2015
10.1007/s10934-016-0142-y,2016
10.1007/s10934-016-0186-z,2016
10.1007/s10934-016-0229-5,2016
10.1007/s10934-016-0301-1,2017
10.1007/s10934-016-0324-7,2017
10.1007/s10934-017-0374-5,2017
10.1007/s10934-017-0498-7,2018
10.1007/s10934-018-0586-3,2018
10.1007/s10934-018-0591-6,2018
10.1007/s10934-018-0660-x,2019
10.1007/s10934-018-0682-4,2019
10.1007/s10934-018-0710-4,2019
10.1007/s10934-019-00755-5,2019
10.1007/s10934-019-00761-7,2019
10.1007/s10934-019-00773-3,2019
10.1007/s10934-020-00941-w,2020
10.1007/s10934-020-00945-6,2020
10.1007/s10934-020-00965-2,2021
10.1007/s10934-020-00984-z,2021
10.1007/s10934-020-01002-y,2021
10.1007/s10934-021-01033-z,2021
10.1007/s10934-022-01268-4,2022
10.1007/s10934-022-01275-5,2022
10.1007/s10934-022-01351-w,2023
10.1007/s10934-022-01412-0,2023
10.1007/s10934-023-01488-2,2023
10.1007/s10934-023-01494-4,2023
10.1007/s10934-023-01513-4,2024
10.1007/s10934-024-01559-y,2024
10.1007/s10934-024-01695-5,2025
10.1007/s10967-020-07135-3,2020
10.1007/s10967-024-09430-9,2024
10.1007/s10971-016-4138-5,2016
10.1007/s10971-016-4187-9,2017
10.1007/s10971-018-4805-9,2019
10.1007/s10971-021-05576-0,2021
10.1007/s10971-023-06242-3,2024
10.1007/s10973-006-8120-2,2007
10.1007/s10973-007-8471-3,2008
10.1007/s10973-011-1987-6,2012
10.1007/s10973-012-2590-1,2013
10.1007/s10973-015-4721-y,2015
10.1007/s10973-016-5521-8,2016
10.1007/s10973-017-6643-3,2018
10.1007/s10973-017-6672-y,2018
10.1007/s10973-019-08173-0,2019
10.1007/s10973-021-10899-9,2022
10.1007/s10973-022-11769-8,2023
10.1007/s11051-012-1368-5,2013
10.1007/s11051-016-3566-z,2016
10.1007/s11051-016-3593-9,2016
10.1007/s11051-019-4526-1,2019
10.1007/s11051-023-05707-4,2023
10.1007/s11051-024-05991-8,2024
10.1007/s11051-024-06138-5,2024
10.1007/s11095-017-2253-9,2017
10.1007/s11144-015-0877-5,2015
10.1007/s11144-016-1034-5,2016
10.1007/s11144-018-1356-6,2018
10.1007/s11144-019-01709-3,2020
10.1007/s11144-020-01897-3,2020
10.1007/s11144-020-01912-7,2021
10.1007/s11144-021-01991-0,2021
10.1007/s11144-021-02139-w,2022
10.1007/s11144-023-02422-y,2023
10.1007/s11144-024-02777-w,2025
10.1007/s11144-024-02787-8,2025
10.1007/s11164-015-2338-1,2016
10.1007/s11164-015-2361-2,2016
10.1007/s11164-016-2676-7,2017
10.1007/s11164-018-3611-x,2019
10.1007/s11164-019-03784-6,2019
10.1007/s11164-019-03834-z,2019
10.1007/s11164-019-03964-4,2020
10.1007/s11164-019-03997-9,2020
10.1007/s11164-019-04052-3,2020
10.1007/s11164-021-04439-1,2021
10.1007/s11164-021-04473-z,2021
10.1007/s11164-021-04507-6,2021
10.1007/s11164-021-04565-w,2022
10.1007/s11164-022-04678-w,2022
10.1007/s11164-023-04969-w,2023
10.1007/s11164-023-05065-9,2023
10.1007/s11164-023-05093-5,2023
10.1007/s11164-023-05104-5,2023
10.1007/s11164-023-05161-w,2024
10.1007/s11164-023-05220-2,2024
10.1007/s11164-024-05240-6,2024
10.1007/s11164-024-05257-x,2024
10.1007/s11164-024-05361-y,2024
10.1007/s11164-024-05384-5,2024
10.1007/s11172-007-0037-9,2007
10.1007/s11172-013-0023-3,2013
10.1007/s11172-013-0098-x,2013
10.1007/s11172-014-0522-x,2014
10.1007/s11172-014-0640-5,2014
10.1007/s11172-015-0907-5,2015
10.1007/s11172-015-0910-x,2015
10.1007/s11172-015-1227-5,2015
10.1007/s11172-015-1245-3,2015
10.1007/s11172-015-1246-2,2015
10.1007/s11172-016-1624-4,2016
10.1007/s11172-016-1661-z,2016
10.1007/s11172-017-1910-9,2017
10.1007/s11172-020-2768-9,2020
10.1007/s11172-020-2785-8,2020
10.1007/s11172-020-2877-5,2020
10.1007/s11172-020-2930-4,2020
10.1007/s11172-022-3380-y,2022
10.1007/s11172-022-3403-8,2022
10.1007/s11172-022-3498-y,2022
10.1007/s11172-022-3499-x,2022
10.1007/s11172-023-3722-4,2023
10.1007/s11172-023-4069-6,2023
10.1007/s11172-024-4402-8,2024
10.1007/s11224-006-9069-2,2007
10.1007/s11224-007-9205-7,2007
10.1007/s11224-008-9284-0,2008
10.1007/s11224-008-9314-y,2008
10.1007/s11224-009-9525-x,2010
10.1007/s11224-010-9600-3,2010
10.1007/s11224-010-9649-z,2010
10.1007/s11224-010-9659-x,2010
10.1007/s11224-010-9684-9,2011
10.1007/s11224-011-9788-x,2012
10.1007/s11224-011-9790-3,2012
10.1007/s11224-011-9870-4,2012
10.1007/s11224-014-0549-5,2016
10.1007/s11224-019-01367-0,2019
10.1007/s11224-022-01935-x,2022
10.1007/s11237-013-9306-x,2013
10.1007/s11237-016-9439-9,2016
10.1007/s11243-006-0153-7,2007
10.1007/s11243-007-9047-6,2008
10.1007/s11243-008-9095-6,2008
10.1007/s11243-008-9147-y,2008
10.1007/s11243-008-9176-6,2009
10.1007/s11243-009-9187-y,2009
10.1007/s11243-009-9268-y,2009
10.1007/s11243-009-9270-4,2009
10.1007/s11243-010-9385-7,2010
10.1007/s11243-010-9393-7,2010
10.1007/s11243-010-9444-0,2011
10.1007/s11243-011-9466-2,2011
10.1007/s11243-011-9471-5,2011
10.1007/s11243-011-9500-4,2011
10.1007/s11243-011-9505-z,2011
10.1007/s11243-012-9610-7,2012
10.1007/s11243-012-9624-1,2012
10.1007/s11243-012-9630-3,2012
10.1007/s11243-012-9638-8,2012
10.1007/s11243-012-9642-z,2012
10.1007/s11243-012-9666-4,2013
10.1007/s11243-012-9671-7,2013
10.1007/s11243-013-9697-5,2013
10.1007/s11243-013-9710-z,2013
10.1007/s11243-013-9717-5,2013
10.1007/s11243-013-9730-8,2013
10.1007/s11243-013-9743-3,2013
10.1007/s11243-013-9744-2,2013
10.1007/s11243-013-9760-2,2014
10.1007/s11243-014-9822-0,2014
10.1007/s11243-014-9870-5,2014
10.1007/s11243-014-9884-z,2015
10.1007/s11243-014-9885-y,2015
10.1007/s11243-014-9891-0,2015
10.1007/s11243-015-0007-2,2016
10.1007/s11243-015-9921-6,2015
10.1007/s11243-015-9948-8,2015
10.1007/s11243-015-9952-z,2015
10.1007/s11243-015-9964-8,2015
10.1007/s11243-015-9992-4,2016
10.1007/s11243-016-0033-8,2016
10.1007/s11243-016-0057-0,2016
10.1007/s11243-016-0063-2,2016
10.1007/s11243-016-0071-2,2016
10.1007/s11243-016-0081-0,2017
10.1007/s11243-017-0123-2,2017
10.1007/s11243-017-0131-2,2017
10.1007/s11243-017-0144-x,2017
10.1007/s11243-017-0155-7,2017
10.1007/s11243-017-0156-6,2017
10.1007/s11243-017-0157-5,2017
10.1007/s11243-017-0165-5,2017
10.1007/s11243-017-0187-z,2018
10.1007/s11243-017-0188-y,2018
10.1007/s11243-017-0193-1,2018
10.1007/s11243-018-0206-8,2018
10.1007/s11243-018-0231-7,2018
10.1007/s11243-018-0235-3,2018
10.1007/s11243-018-0239-z,2018
10.1007/s11243-018-0242-4,2018
10.1007/s11243-018-0247-z,2018
10.1007/s11243-018-0266-9,2019
10.1007/s11243-018-0272-y,2019
10.1007/s11243-019-00323-5,2019
10.1007/s11243-019-00328-0,2019
10.1007/s11243-019-00352-0,2020
10.1007/s11243-019-00364-w,2020
10.1007/s11243-019-00369-5,2020
10.1007/s11243-020-00387-8,2020
10.1007/s11243-020-00408-6,2020
10.1007/s11243-020-00432-6,2021
10.1007/s11243-020-00433-5,2021
10.1007/s11243-020-00438-0,2021
10.1007/s11243-021-00472-6,2021
10.1007/s11243-022-00513-8,2022
10.1007/s11243-023-00521-2,2023
10.1007/s11243-023-00522-1,2023
10.1007/s11243-023-00530-1,2023
10.1007/s11243-024-00585-8,2024
10.1007/s11243-024-00586-7,2024
10.1007/s11243-024-00611-9,2025
10.1007/s11244-010-9519-3,2010
10.1007/s11244-013-0027-0,2013
10.1007/s11244-020-01271-6,2020
10.1007/s11244-020-01289-w,2020
10.1007/s11244-022-01694-3,2022
10.1007/s11244-022-01732-0,2023
10.1007/s11244-025-02120-0,2025
10.1007/s11581-021-03987-1,2021
10.1007/s11581-024-05414-7,2024
10.1007/s11581-024-05601-6,2024
10.1007/s11664-016-4969-4,2017
10.1007/s11664-017-5559-9,2017
10.1007/s11664-018-6622-x,2018
10.1007/s11664-018-6773-9,2019
10.1007/s11696-017-0297-2,2018
10.1007/s11696-019-00692-2,2019
10.1007/s11696-019-01040-0,2020
10.1007/s11696-020-01068-7,2020
10.1007/s11696-020-01114-4,2020
10.1007/s13738-013-0290-9,2014
10.1007/s13738-013-0401-7,2014
10.1007/s13738-014-0437-3,2014
10.1007/s13738-014-0482-y,2015
10.1007/s13738-015-0692-y,2015
10.1007/s13738-015-0764-z,2016
10.1007/s13738-015-0792-8,2016
10.1007/s13738-017-1101-5,2017
10.1007/s13738-018-1367-2,2018
10.1007/s13738-018-1400-5,2018
10.1007/s13738-018-1420-1,2018
10.1007/s13738-018-1515-8,2019
10.1007/s13738-018-1517-6,2019
10.1007/s13738-018-1519-4,2019
10.1007/s13738-019-01672-9,2019
10.1007/s13738-019-01746-8,2020
10.1007/s13738-020-01860-y,2020
10.1007/s13738-020-01931-0,2020
10.1007/s13738-020-01975-2,2020
10.1007/s13738-020-02015-9,2021
10.1007/s13738-020-02032-8,2021
10.1007/s13738-020-02109-4,2021
10.1007/s13738-020-02143-2,2021
10.1007/s13738-021-02297-7,2022
10.1007/s41779-019-00435-2,2020
10.1007/s42114-024-01021-2,2025
10.1007/s42823-022-00370-6,2022
10.1007/s43207-025-00521-1,2025
10.1016/j.aca.2013.03.071,2013
10.1016/j.aca.2013.09.058,2013
10.1016/j.aca.2017.08.048,2017
10.1016/j.aca.2019.10.002,2020
10.1016/j.aca.2020.11.053,2021
10.1016/j.aca.2021.339247,2022
10.1016/j.aca.2022.339806,2022
10.1016/j.aca.2024.342211,2024
10.1016/j.aca.2024.342242,2024
10.1016/j.aca.2024.342865,2024
10.1016/j.aca.2024.342961,2024
10.1016/j.aca.2025.343708,2025
10.1016/j.aca.2025.343915,2025
10.1016/j.actbio.2017.01.039,2017
10.1016/j.actbio.2019.08.011,2019
10.1016/j.addma.2020.101774,2021
10.1016/j.apcata.2010.05.019,2011
10.1016/j.apcata.2013.05.034,2013
10.1016/j.apcata.2013.09.011,2013
10.1016/j.apcata.2013.10.017,2014
10.1016/j.apcata.2014.11.009,2015
10.1016/j.apcata.2015.05.021,2015
10.1016/j.apcata.2015.08.028,2015
10.1016/j.apcata.2016.11.006,2017
10.1016/j.apcata.2017.05.030,2017
10.1016/j.apcata.2017.07.018,2017
10.1016/j.apcata.2018.02.007,2018
10.1016/j.apcata.2018.04.020,2018
10.1016/j.apcata.2018.04.038,2018
10.1016/j.apcata.2018.07.030,2018
10.1016/j.apcata.2018.11.035,2019
10.1016/j.apcata.2019.117190,2019
10.1016/j.apcata.2019.117214,2019
10.1016/j.apcata.2019.117225,2019
10.1016/j.apcata.2019.117384,2020
10.1016/j.apcata.2020.117668,2020
10.1016/j.apcata.2020.117965,2021
10.1016/j.apcata.2021.118212,2021
10.1016/j.apcata.2021.118307,2021
10.1016/j.apcata.2021.118381,2021
10.1016/j.apcata.2021.118404,2021
10.1016/j.apcata.2022.118910,2022
10.1016/j.apcata.2022.118976,2023
10.1016/j.apcata.2023.119262,2023
10.1016/j.apcata.2023.119463,2023
10.1016/j.apcata.2024.119773,2024
10.1016/j.apcata.2024.119878,2024
10.1016/j.apcata.2024.119902,2024
10.1016/j.apcata.2025.120397,2025
10.1016/j.apcatb.2014.09.054,2015
10.1016/j.apcatb.2016.01.038,2016
10.1016/j.apcatb.2017.01.040,2017
10.1016/j.apcatb.2018.01.022,2018
10.1016/j.apcatb.2018.01.048,2018
10.1016/j.apcatb.2018.10.043,2019
10.1016/j.apcatb.2019.01.012,2019
10.1016/j.apcatb.2019.01.033,2019
10.1016/j.apcatb.2019.117746,2019
10.1016/j.apcatb.2019.117979,2019
10.1016/j.apcatb.2019.118047,2019
10.1016/j.apcatb.2020.119059,2020
10.1016/j.apcatb.2020.119087,2020
10.1016/j.apcatb.2021.119941,2021
10.1016/j.apcatb.2021.120815,2022
10.1016/j.apcatb.2021.120885,2022
10.1016/j.apcatb.2021.120888,2022
10.1016/j.apcatb.2021.121031,2022
10.1016/j.apcatb.2022.121163,2022
10.1016/j.apcatb.2022.121278,2022
10.1016/j.apcatb.2022.121708,2022
10.1016/j.apcatb.2022.121751,2022
10.1016/j.apcatb.2022.121904,2022
10.1016/j.apcatb.2022.122134,2023
10.1016/j.apcatb.2022.122346,2023
10.1016/j.apcatb.2023.122418,2023
10.1016/j.apcatb.2023.123094,2023
10.1016/j.apcatb.2023.123199,2024
10.1016/j.apcatb.2023.123317,2024
10.1016/j.apcatb.2024.123924,2024
10.1016/j.apcatb.2024.124097,2024
10.1016/j.apcatb.2024.124687,2025
10.1016/j.apmt.2020.100564,2020
10.1016/j.apmt.2020.100604,2020
10.1016/j.apmt.2020.100613,2020
10.1016/j.apmt.2020.100745,2020
10.1016/j.apmt.2020.100817,2020
10.1016/j.apmt.2020.100925,2021
10.1016/j.apmt.2021.100982,2021
10.1016/j.apmt.2021.100995,2021
10.1016/j.apmt.2021.101208,2021
10.1016/j.apmt.2021.101283,2022
10.1016/j.apmt.2022.101517,2022
10.1016/j.apmt.2022.101646,2022
10.1016/j.apmt.2023.101971,2023
10.1016/j.apmt.2024.102208,2024
10.1016/j.apmt.2024.102266,2024
10.1016/j.apmt.2024.102358,2024
10.1016/j.apmt.2024.102407,2024
10.1016/j.apmt.2024.102443,2024
10.1016/j.apmt.2025.102676,2025
10.1016/j.apmt.2025.102782,2025
10.1016/j.apsusc.2010.11.032,2011
10.1016/j.apsusc.2013.07.068,2013
10.1016/j.apsusc.2014.07.023,2014
10.1016/j.apsusc.2016.08.111,2016
10.1016/j.apsusc.2016.10.071,2017
10.1016/j.apsusc.2017.01.075,2017
10.1016/j.apsusc.2017.01.271,2017
10.1016/j.apsusc.2017.03.247,2017
10.1016/j.apsusc.2017.08.060,2018
10.1016/j.apsusc.2017.09.040,2018
10.1016/j.apsusc.2017.10.047,2018
10.1016/j.apsusc.2017.11.096,2018
10.1016/j.apsusc.2018.01.258,2018
10.1016/j.apsusc.2018.12.060,2019
10.1016/j.apsusc.2019.03.162,2019
10.1016/j.apsusc.2019.144504,2020
10.1016/j.apsusc.2020.146511,2020
10.1016/j.apsusc.2020.147714,2021
10.1016/j.apsusc.2020.148731,2021
10.1016/j.apsusc.2021.149674,2021
10.1016/j.apsusc.2021.151351,2022
10.1016/j.apsusc.2021.151408,2022
10.1016/j.apsusc.2021.151558,2022
10.1016/j.apsusc.2021.151996,2022
10.1016/j.apsusc.2021.152376,2022
10.1016/j.apsusc.2022.155123,2023
10.1016/j.apsusc.2022.155772,2023
10.1016/j.apsusc.2022.156250,2023
10.1016/j.apsusc.2023.157699,2023
10.1016/j.apsusc.2024.159348,2024
10.1016/j.apsusc.2024.161991,2025
10.1016/j.apsusc.2024.162171,2025
10.1016/j.arabjc.2013.12.010,2017
10.1016/j.arabjc.2017.01.012,2018
10.1016/j.arabjc.2017.11.009,2020
10.1016/j.arabjc.2018.07.004,2020
10.1016/j.arabjc.2018.07.012,2018
10.1016/j.arabjc.2020.02.020,2020
10.1016/j.arabjc.2021.103297,2021
10.1016/j.arabjc.2021.103672,2022
10.1016/j.arabjc.2022.104141,2022
10.1016/j.arabjc.2023.104666,2023
10.1016/j.arabjc.2023.104975,2023
10.1016/j.arabjc.2024.105635,2024
10.1016/j.arabjc.2024.105722,2024
10.1016/j.bioadv.2022.213070,2022
10.1016/j.biomaterials.2019.119365,2019
10.1016/j.biomaterials.2021.121322,2022
10.1016/j.biomaterials.2024.122755,2025
10.1016/j.bios.2021.112999,2021
10.1016/j.bios.2024.116008,2024
10.1016/j.bmcl.2018.12.009,2019
10.1016/j.cap.2017.11.014,2018
10.1016/j.carbon.2010.03.029,2010
10.1016/j.carbon.2010.09.059,2011
10.1016/j.carbon.2014.07.062,2014
10.1016/j.carbon.2014.09.079,2015
10.1016/j.carbon.2014.11.014,2015
10.1016/j.carbon.2015.11.074,2016
10.1016/j.carbon.2016.07.057,2016
10.1016/j.carbon.2018.09.045,2019
10.1016/j.carbon.2019.02.013,2019
10.1016/j.carbon.2019.03.043,2019
10.1016/j.carbon.2022.02.040,2022
10.1016/j.carbon.2022.09.015,2023
10.1016/j.carbon.2025.120263,2025
10.1016/j.carbpol.2018.03.089,2018
10.1016/j.carbpol.2018.12.066,2019
10.1016/j.carbpol.2019.02.044,2019
10.1016/j.carbpol.2019.03.011,2019
10.1016/j.carbpol.2019.115085,2019
10.1016/j.carbpol.2019.115642,2020
10.1016/j.carbpol.2020.115848,2020
10.1016/j.carbpol.2020.116030,2020
10.1016/j.carbpol.2020.116955,2020
10.1016/j.carbpol.2020.117558,2021
10.1016/j.carbpol.2022.120516,2023
10.1016/j.carbpol.2023.121424,2024
10.1016/j.carbpol.2023.121750,2024
10.1016/j.carbpol.2024.122418,2024
10.1016/j.carbpol.2025.123250,2025
10.1016/j.catcom.2010.12.010,2011
10.1016/j.catcom.2011.02.001,2011
10.1016/j.catcom.2012.09.032,2012
10.1016/j.catcom.2013.02.013,2013
10.1016/j.catcom.2013.10.016,2014
10.1016/j.catcom.2013.12.029,2014
10.1016/j.catcom.2014.12.004,2015
10.1016/j.catcom.2015.03.031,2015
10.1016/j.catcom.2015.07.019,2015
10.1016/j.catcom.2016.10.030,2017
10.1016/j.catcom.2017.04.041,2017
10.1016/j.catcom.2017.06.001,2017
10.1016/j.catcom.2017.06.026,2017
10.1016/j.catcom.2017.07.012,2017
10.1016/j.catcom.2017.08.015,2017
10.1016/j.catcom.2018.03.021,2018
10.1016/j.catcom.2018.08.020,2018
10.1016/j.catcom.2018.11.009,2019
10.1016/j.catcom.2020.106002,2020
10.1016/j.catcom.2020.106032,2020
10.1016/j.catcom.2021.106367,2021
10.1016/j.catcom.2022.106420,2022
10.1016/j.catcom.2022.106446,2022
10.1016/j.catcom.2022.106472,2022
10.1016/j.cattod.2006.09.003,2007
10.1016/j.cattod.2011.03.017,2011
10.1016/j.cattod.2012.03.034,2012
10.1016/j.cattod.2012.08.014,2013
10.1016/j.cattod.2012.08.044,2013
10.1016/j.cattod.2013.09.064,2014
10.1016/j.cattod.2014.02.046,2014
10.1016/j.cattod.2014.05.022,2015
10.1016/j.cattod.2014.05.041,2015
10.1016/j.cattod.2014.08.015,2015
10.1016/j.cattod.2015.04.017,2015
10.1016/j.cattod.2015.08.030,2016
10.1016/j.cattod.2015.10.022,2016
10.1016/j.cattod.2016.02.039,2017
10.1016/j.cattod.2017.10.022,2018
10.1016/j.cattod.2018.09.034,2020
10.1016/j.cattod.2018.11.063,2019
10.1016/j.cattod.2019.01.050,2020
10.1016/j.cattod.2019.06.076,2021
10.1016/j.cattod.2019.08.002,2020
10.1016/j.cattod.2019.08.053,2020
10.1016/j.cattod.2019.09.033,2020
10.1016/j.cattod.2019.12.036,2020
10.1016/j.cattod.2019.12.038,2020
10.1016/j.cattod.2021.08.025,2022
10.1016/j.cattod.2021.09.028,2022
10.1016/j.cattod.2021.10.007,2022
10.1016/j.cattod.2021.10.019,2022
10.1016/j.cattod.2021.11.004,2022
10.1016/j.cattod.2021.11.037,2022
10.1016/j.cattod.2022.05.001,2023
10.1016/j.cattod.2022.07.003,2022
10.1016/j.cattod.2024.114705,2024
10.1016/j.cattod.2024.114786,2024
10.1016/j.cattod.2024.114988,2025
10.1016/j.cclet.2013.03.010,2013
10.1016/j.cclet.2013.05.001,2013
10.1016/j.cclet.2013.06.025,2013
10.1016/j.cclet.2013.11.031,2014
10.1016/j.cclet.2014.05.026,2014
10.1016/j.cclet.2014.10.022,2015
10.1016/j.cclet.2015.05.025,2015
10.1016/j.cclet.2015.12.034,2016
10.1016/j.cclet.2017.01.020,2017
10.1016/j.cclet.2017.09.043,2018
10.1016/j.cclet.2017.09.057,2018
10.1016/j.cclet.2017.10.003,2018
10.1016/j.cclet.2017.12.026,2018
10.1016/j.cclet.2019.01.030,2019
10.1016/j.cclet.2019.04.030,2019
10.1016/j.cclet.2019.05.005,2020
10.1016/j.cclet.2019.06.017,2020
10.1016/j.cclet.2020.02.044,2020
10.1016/j.cclet.2020.04.019,2021
10.1016/j.cclet.2020.04.044,2020
10.1016/j.cclet.2020.09.059,2021
10.1016/j.cclet.2021.06.048,2022
10.1016/j.cclet.2021.06.080,2022
10.1016/j.cclet.2021.07.007,2022
10.1016/j.cclet.2021.07.013,2022
10.1016/j.cclet.2021.09.042,2022
10.1016/j.cclet.2021.10.048,2022
10.1016/j.cclet.2022.02.060,2023
10.1016/j.cclet.2022.107814,2023
10.1016/j.cclet.2022.107986,2023
10.1016/j.cclet.2022.107999,2023
10.1016/j.cclet.2023.108269,2023
10.1016/j.cclet.2023.108474,2024
10.1016/j.cclet.2023.108587,2024
10.1016/j.cclet.2023.109120,2024
10.1016/j.cclet.2024.109787,2024
10.1016/j.cclet.2024.109985,2025
10.1016/j.cclet.2024.110503,2025
10.1016/j.cclet.2024.110571,2025
10.1016/j.ccr.2019.05.009,2019
10.1016/j.ccr.2019.07.004,2019
10.1016/j.ccr.2019.213016,2019
10.1016/j.ceramint.2022.01.021,2022
10.1016/j.ceramint.2022.08.076,2022
10.1016/j.ceramint.2023.01.204,2023
10.1016/j.ceramint.2024.02.355,2024
10.1016/j.ceramint.2024.04.159,2024
10.1016/j.ceramint.2024.12.458,2025
10.1016/j.chemphys.2018.06.003,2018
10.1016/j.chemphys.2019.110655,2020
10.1016/j.chempr.2016.08.003,2016
10.1016/j.chempr.2017.09.002,2017
10.1016/j.chempr.2018.03.013,2018
10.1016/j.chempr.2019.10.002,2019
10.1016/j.chempr.2021.07.003,2021
10.1016/j.chempr.2021.10.027,2022
10.1016/j.chempr.2022.02.004,2022
10.1016/j.chempr.2022.03.006,2022
10.1016/j.chempr.2022.03.023,2022
10.1016/j.chempr.2023.02.002,2023
10.1016/j.chempr.2024.02.021,2024
10.1016/j.chempr.2024.03.030,2024
10.1016/j.chroma.2015.02.034,2015
10.1016/j.chroma.2015.12.020,2016
10.1016/j.chroma.2016.03.085,2016
10.1016/j.chroma.2016.09.057,2016
10.1016/j.chroma.2017.01.017,2017
10.1016/j.chroma.2017.04.037,2017
10.1016/j.chroma.2017.05.031,2017
10.1016/j.chroma.2020.461539,2020
10.1016/j.chroma.2020.461580,2020
10.1016/j.chroma.2020.461857,2021
10.1016/j.chroma.2022.463373,2022
10.1016/j.chroma.2023.463849,2023
10.1016/j.chroma.2023.464164,2023
10.1016/j.chroma.2023.464377,2023
10.1016/j.cis.2020.102108,2020
10.1016/j.cis.2022.102686,2022
10.1016/j.cis.2023.102864,2023
10.1016/j.cis.2023.102967,2023
10.1016/j.cis.2023.103007,2023
10.1016/j.cis.2023.103050,2024
10.1016/j.cis.2024.103153,2024
10.1016/j.cis.2024.103162,2024
10.1016/j.cis.2024.103184,2024
10.1016/j.cis.2025.103509,2025
10.1016/j.cis.2025.103592,2025
10.1016/j.cjsc.2023.100125,2023
10.1016/j.clay.2021.106371,2022
10.1016/j.coco.2019.12.008,2020
10.1016/j.coco.2024.101933,2024
10.1016/j.cogsc.2024.100948,2024
10.1016/j.colcom.2021.100511,2022
10.1016/j.colcom.2021.100529,2021
10.1016/j.colsurfa.2012.11.067,2013
10.1016/j.colsurfa.2015.09.020,2015
10.1016/j.colsurfa.2016.02.038,2016
10.1016/j.colsurfa.2017.01.058,2017
10.1016/j.colsurfa.2018.05.014,2018
10.1016/j.colsurfa.2019.02.025,2019
10.1016/j.colsurfa.2019.123645,2019
10.1016/j.colsurfa.2020.124781,2020
10.1016/j.colsurfa.2020.125157,2020
10.1016/j.colsurfa.2020.125236,2020
10.1016/j.colsurfa.2020.125330,2020
10.1016/j.colsurfa.2020.125477,2020
10.1016/j.colsurfa.2021.126242,2021
10.1016/j.colsurfa.2021.127089,2021
10.1016/j.colsurfa.2021.127704,2021
10.1016/j.colsurfa.2021.128034,2022
10.1016/j.colsurfa.2021.128076,2022
10.1016/j.colsurfa.2022.128421,2022
10.1016/j.colsurfa.2022.129477,2022
10.1016/j.colsurfa.2022.129749,2022
10.1016/j.colsurfa.2022.130751,2023
10.1016/j.colsurfa.2022.130847,2023
10.1016/j.colsurfa.2023.132472,2023
10.1016/j.colsurfa.2023.133032,2024
10.1016/j.colsurfa.2024.133596,2024
10.1016/j.colsurfa.2024.134323,2024
10.1016/j.colsurfa.2024.135058,2024
10.1016/j.colsurfa.2024.135179,2024
10.1016/j.colsurfa.2024.135418,2024
10.1016/j.colsurfa.2024.135492,2025
10.1016/j.colsurfa.2024.135616,2025
10.1016/j.colsurfa.2024.135642,2025
10.1016/j.colsurfa.2024.135977,2025
10.1016/j.colsurfa.2025.136320,2025
10.1016/j.colsurfa.2025.136754,2025
10.1016/j.colsurfb.2019.03.032,2019
10.1016/j.colsurfb.2020.110837,2020
10.1016/j.colsurfb.2021.112147,2021
10.1016/j.colsurfb.2023.113246,2023
10.1016/j.colsurfb.2023.113266,2023
10.1016/j.colsurfb.2025.114935,2025
10.1016/j.commatsci.2022.111388,2022
10.1016/j.commatsci.2022.111872,2023
10.1016/j.compositesb.2021.109532,2022
10.1016/j.cplett.2009.03.083,2009
10.1016/j.cplett.2020.137283,2020
10.1016/j.cplett.2021.138469,2021
10.1016/j.cplett.2021.138690,2021
10.1016/j.cplett.2021.138906,2021
10.1016/j.cplett.2022.139859,2022
10.1016/j.cplett.2024.141089,2024
10.1016/j.cplett.2024.141790,2025
10.1016/j.crci.2012.11.011,2013
10.1016/j.crci.2014.10.002,2015
10.1016/j.crci.2019.05.006,2019
10.1016/j.cscm.2024.e03586,2024
10.1016/j.diamond.2024.111313,2024
10.1016/j.dyepig.2013.05.004,2013
10.1016/j.dyepig.2013.09.041,2014
10.1016/j.dyepig.2014.01.032,2014
10.1016/j.dyepig.2014.06.010,2014
10.1016/j.dyepig.2015.03.037,2015
10.1016/j.dyepig.2015.06.035,2015
10.1016/j.dyepig.2015.09.024,2016
10.1016/j.dyepig.2016.02.022,2016
10.1016/j.dyepig.2016.03.005,2016
10.1016/j.dyepig.2016.03.027,2016
10.1016/j.dyepig.2016.09.021,2017
10.1016/j.dyepig.2016.12.039,2017
10.1016/j.dyepig.2018.05.064,2018
10.1016/j.dyepig.2019.03.055,2019
10.1016/j.dyepig.2019.04.008,2019
10.1016/j.dyepig.2019.107565,2019
10.1016/j.dyepig.2019.107604,2019
10.1016/j.dyepig.2019.107798,2020
10.1016/j.dyepig.2019.108035,2020
10.1016/j.dyepig.2019.108159,2020
10.1016/j.dyepig.2020.108638,2020
10.1016/j.dyepig.2020.108834,2021
10.1016/j.dyepig.2020.109068,2021
10.1016/j.dyepig.2021.109809,2021
10.1016/j.dyepig.2021.109812,2022
10.1016/j.dyepig.2021.110000,2022
10.1016/j.dyepig.2022.110182,2022
10.1016/j.dyepig.2022.110253,2022
10.1016/j.dyepig.2022.110438,2022
10.1016/j.dyepig.2022.110587,2022
10.1016/j.dyepig.2022.110648,2022
10.1016/j.dyepig.2023.111499,2023
10.1016/j.dyepig.2023.111673,2023
10.1016/j.dyepig.2024.112600,2025
10.1016/j.dyepig.2025.112953,2025
10.1016/j.flatc.2021.100287,2021
10.1016/j.fluid.2019.05.007,2019
10.1016/j.foodchem.2021.131760,2022
10.1016/j.foodchem.2022.133056,2022
10.1016/j.foodchem.2022.134134,2023
10.1016/j.foodchem.2022.134248,2023
10.1016/j.foodchem.2023.136000,2023
10.1016/j.foodchem.2024.139167,2024
10.1016/j.foodchem.2024.139272,2024
10.1016/j.foodchem.2024.139533,2024
10.1016/j.foodhyd.2022.108294,2023
10.1016/j.foodhyd.2023.109318,2024
10.1016/j.fuproc.2022.107250,2022
10.1016/j.fuproc.2023.107700,2023
10.1016/j.ica.2004.01.003,2004
10.1016/j.ica.2004.03.019,2004
10.1016/j.ica.2004.05.016,2004
10.1016/j.ica.2004.05.037,2004
10.1016/j.ica.2004.07.004,2005
10.1016/j.ica.2004.07.020,2004
10.1016/j.ica.2004.07.029,2005
10.1016/j.ica.2004.10.033,2005
10.1016/j.ica.2005.03.015,2005
10.1016/j.ica.2005.05.004,2005
10.1016/j.ica.2005.07.040,2006
10.1016/j.ica.2005.09.041,2006
10.1016/j.ica.2005.09.051,2006
10.1016/j.ica.2005.09.059,2006
10.1016/j.ica.2005.12.077,2006
10.1016/j.ica.2006.04.022,2006
10.1016/j.ica.2006.08.006,2007
10.1016/j.ica.2006.09.025,2007
10.1016/j.ica.2006.10.023,2007
10.1016/j.ica.2006.10.044,2007
10.1016/j.ica.2006.12.038,2007
10.1016/j.ica.2007.02.038,2007
10.1016/j.ica.2007.03.005,2007
10.1016/j.ica.2007.03.038,2007
10.1016/j.ica.2007.03.048,2007
10.1016/j.ica.2007.04.007,2007
10.1016/j.ica.2007.04.035,2007
10.1016/j.ica.2007.05.014,2007
10.1016/j.ica.2007.05.049,2007
10.1016/j.ica.2007.06.005,2008
10.1016/j.ica.2007.08.006,2008
10.1016/j.ica.2007.09.034,2008
10.1016/j.ica.2007.10.043,2008
10.1016/j.ica.2008.02.038,2009
10.1016/j.ica.2008.02.040,2008
10.1016/j.ica.2008.03.103,2009
10.1016/j.ica.2008.03.108,2008
10.1016/j.ica.2008.04.044,2009
10.1016/j.ica.2008.06.013,2009
10.1016/j.ica.2008.07.026,2009
10.1016/j.ica.2008.08.025,2009
10.1016/j.ica.2008.08.032,2009
10.1016/j.ica.2008.09.008,2009
10.1016/j.ica.2008.09.052,2009
10.1016/j.ica.2008.09.053,2009
10.1016/j.ica.2008.10.008,2009
10.1016/j.ica.2008.10.015,2009
10.1016/j.ica.2008.10.038,2009
10.1016/j.ica.2008.11.019,2009
10.1016/j.ica.2008.11.031,2009
10.1016/j.ica.2008.12.008,2009
10.1016/j.ica.2008.12.011,2009
10.1016/j.ica.2009.01.004,2009
10.1016/j.ica.2009.01.010,2009
10.1016/j.ica.2009.01.036,2009
10.1016/j.ica.2009.01.042,2009
10.1016/j.ica.2009.02.029,2009
10.1016/j.ica.2009.02.040,2009
10.1016/j.ica.2009.03.017,2009
10.1016/j.ica.2009.03.023,2009
10.1016/j.ica.2009.03.033,2009
10.1016/j.ica.2009.04.004,2009
10.1016/j.ica.2009.04.033,2009
10.1016/j.ica.2009.04.036,2009
10.1016/j.ica.2009.04.037,2009
10.1016/j.ica.2009.05.059,2009
10.1016/j.ica.2009.06.040,2009
10.1016/j.ica.2009.06.048,2009
10.1016/j.ica.2009.06.053,2009
10.1016/j.ica.2009.08.031,2010
10.1016/j.ica.2009.09.014,2009
10.1016/j.ica.2009.09.017,2009
10.1016/j.ica.2009.09.022,2009
10.1016/j.ica.2009.09.031,2009
10.1016/j.ica.2009.09.043,2010
10.1016/j.ica.2009.10.001,2009
10.1016/j.ica.2009.10.011,2010
10.1016/j.ica.2009.10.024,2010
10.1016/j.ica.2009.11.001,2010
10.1016/j.ica.2009.11.019,2010
10.1016/j.ica.2009.12.016,2010
10.1016/j.ica.2009.12.022,2010
10.1016/j.ica.2009.12.023,2010
10.1016/j.ica.2009.12.044,2010
10.1016/j.ica.2009.12.056,2010
10.1016/j.ica.2010.01.043,2010
10.1016/j.ica.2010.02.012,2010
10.1016/j.ica.2010.03.047,2010
10.1016/j.ica.2010.04.011,2010
10.1016/j.ica.2010.04.021,2010
10.1016/j.ica.2010.04.034,2010
10.1016/j.ica.2010.05.013,2010
10.1016/j.ica.2010.05.024,2010
10.1016/j.ica.2010.05.026,2010
10.1016/j.ica.2010.05.037,2010
10.1016/j.ica.2010.05.038,2010
10.1016/j.ica.2010.05.039,2010
10.1016/j.ica.2010.05.054,2010
10.1016/j.ica.2010.05.055,2010
10.1016/j.ica.2010.07.023,2010
10.1016/j.ica.2010.07.043,2010
10.1016/j.ica.2010.07.047,2010
10.1016/j.ica.2010.08.004,2010
10.1016/j.ica.2010.08.007,2010
10.1016/j.ica.2010.08.026,2011
10.1016/j.ica.2010.09.001,2011
10.1016/j.ica.2010.09.013,2011
10.1016/j.ica.2010.09.034,2011
10.1016/j.ica.2010.10.011,2011
10.1016/j.ica.2010.10.015,2011
10.1016/j.ica.2010.10.020,2011
10.1016/j.ica.2010.12.017,2011
10.1016/j.ica.2010.12.026,2011
10.1016/j.ica.2010.12.053,2011
10.1016/j.ica.2010.12.067,2011
10.1016/j.ica.2011.01.005,2011
10.1016/j.ica.2011.01.019,2011
10.1016/j.ica.2011.01.037,2011
10.1016/j.ica.2011.02.014,2011
10.1016/j.ica.2011.02.016,2011
10.1016/j.ica.2011.02.019,2011
10.1016/j.ica.2011.02.083,2011
10.1016/j.ica.2011.02.092,2011
10.1016/j.ica.2011.03.049,2011
10.1016/j.ica.2011.03.053,2011
10.1016/j.ica.2011.03.072,2011
10.1016/j.ica.2011.04.006,2011
10.1016/j.ica.2011.04.023,2011
10.1016/j.ica.2011.04.029,2011
10.1016/j.ica.2011.05.029,2011
10.1016/j.ica.2011.06.016,2011
10.1016/j.ica.2011.06.020,2011
10.1016/j.ica.2011.06.038,2011
10.1016/j.ica.2011.06.040,2011
10.1016/j.ica.2011.07.017,2011
10.1016/j.ica.2011.08.009,2011
10.1016/j.ica.2011.08.028,2011
10.1016/j.ica.2011.08.069,2011
10.1016/j.ica.2011.09.001,2011
10.1016/j.ica.2011.09.008,2011
10.1016/j.ica.2011.09.016,2011
10.1016/j.ica.2011.09.049,2012
10.1016/j.ica.2011.11.020,2012
10.1016/j.ica.2011.11.028,2012
10.1016/j.ica.2011.11.029,2012
10.1016/j.ica.2011.11.044,2012
10.1016/j.ica.2011.11.057,2012
10.1016/j.ica.2011.11.061,2012
10.1016/j.ica.2011.12.006,2012
10.1016/j.ica.2011.12.017,2012
10.1016/j.ica.2011.12.018,2012
10.1016/j.ica.2011.12.027,2012
10.1016/j.ica.2011.12.030,2012
10.1016/j.ica.2011.12.037,2012
10.1016/j.ica.2011.12.051,2012
10.1016/j.ica.2012.01.011,2012
10.1016/j.ica.2012.01.037,2012
10.1016/j.ica.2012.01.041,2012
10.1016/j.ica.2012.01.046,2012
10.1016/j.ica.2012.01.056,2012
10.1016/j.ica.2012.02.010,2012
10.1016/j.ica.2012.02.014,2012
10.1016/j.ica.2012.02.017,2012
10.1016/j.ica.2012.02.029,2012
10.1016/j.ica.2012.03.011,2012
10.1016/j.ica.2012.03.035,2012
10.1016/j.ica.2012.04.009,2012
10.1016/j.ica.2012.04.039,2012
10.1016/j.ica.2012.04.043,2012
10.1016/j.ica.2012.04.044,2012
10.1016/j.ica.2012.05.019,2012
10.1016/j.ica.2012.05.031,2012
10.1016/j.ica.2012.05.037,2012
10.1016/j.ica.2012.05.039,2012
10.1016/j.ica.2012.06.034,2012
10.1016/j.ica.2012.06.035,2012
10.1016/j.ica.2012.07.008,2013
10.1016/j.ica.2012.07.010,2013
10.1016/j.ica.2012.07.031,2013
10.1016/j.ica.2012.07.033,2013
10.1016/j.ica.2012.08.006,2013
10.1016/j.ica.2012.08.011,2013
10.1016/j.ica.2012.08.012,2013
10.1016/j.ica.2012.08.027,2013
10.1016/j.ica.2012.09.007,2013
10.1016/j.ica.2012.10.022,2013
10.1016/j.ica.2012.10.023,2013
10.1016/j.ica.2012.10.034,2013
10.1016/j.ica.2012.11.018,2013
10.1016/j.ica.2012.11.019,2013
10.1016/j.ica.2012.11.021,2013
10.1016/j.ica.2012.12.033,2013
10.1016/j.ica.2013.01.006,2013
10.1016/j.ica.2013.01.029,2013
10.1016/j.ica.2013.02.004,2013
10.1016/j.ica.2013.02.016,2013
10.1016/j.ica.2013.02.026,2013
10.1016/j.ica.2013.02.031,2013
10.1016/j.ica.2013.02.032,2013
10.1016/j.ica.2013.03.003,2013
10.1016/j.ica.2013.03.012,2013
10.1016/j.ica.2013.03.029,2013
10.1016/j.ica.2013.03.033,2013
10.1016/j.ica.2013.03.041,2013
10.1016/j.ica.2013.04.010,2013
10.1016/j.ica.2013.04.012,2013
10.1016/j.ica.2013.04.039,2013
10.1016/j.ica.2013.05.004,2013
10.1016/j.ica.2013.05.007,2013
10.1016/j.ica.2013.05.010,2013
10.1016/j.ica.2013.05.015,2013
10.1016/j.ica.2013.05.016,2013
10.1016/j.ica.2013.05.019,2013
10.1016/j.ica.2013.05.037,2013
10.1016/j.ica.2013.06.005,2013
10.1016/j.ica.2013.06.013,2013
10.1016/j.ica.2013.06.014,2013
10.1016/j.ica.2013.06.024,2013
10.1016/j.ica.2013.07.013,2013
10.1016/j.ica.2013.07.050,2013
10.1016/j.ica.2013.07.059,2013
10.1016/j.ica.2013.09.007,2013
10.1016/j.ica.2013.09.041,2014
10.1016/j.ica.2013.10.018,2014
10.1016/j.ica.2013.10.034,2014
10.1016/j.ica.2013.11.007,2014
10.1016/j.ica.2013.11.014,2014
10.1016/j.ica.2013.11.016,2014
10.1016/j.ica.2013.12.002,2014
10.1016/j.ica.2013.12.016,2014
10.1016/j.ica.2013.12.035,2014
10.1016/j.ica.2013.12.037,2014
10.1016/j.ica.2014.01.014,2014
10.1016/j.ica.2014.01.037,2014
10.1016/j.ica.2014.02.001,2014
10.1016/j.ica.2014.02.014,2014
10.1016/j.ica.2014.03.019,2014
10.1016/j.ica.2014.03.022,2014
10.1016/j.ica.2014.04.009,2014
10.1016/j.ica.2014.04.038,2014
10.1016/j.ica.2014.05.028,2014
10.1016/j.ica.2014.05.032,2014
10.1016/j.ica.2014.06.006,2014
10.1016/j.ica.2014.07.041,2014
10.1016/j.ica.2014.07.051,2014
10.1016/j.ica.2014.07.063,2015
10.1016/j.ica.2014.07.075,2014
10.1016/j.ica.2014.07.077,2014
10.1016/j.ica.2014.08.009,2014
10.1016/j.ica.2014.08.043,2015
10.1016/j.ica.2014.08.053,2015
10.1016/j.ica.2014.09.025,2015
10.1016/j.ica.2014.10.008,2015
10.1016/j.ica.2014.11.013,2015
10.1016/j.ica.2014.11.039,2015
10.1016/j.ica.2014.12.002,2015
10.1016/j.ica.2014.12.007,2015
10.1016/j.ica.2014.12.010,2015
10.1016/j.ica.2014.12.036,2015
10.1016/j.ica.2015.01.004,2015
10.1016/j.ica.2015.01.015,2015
10.1016/j.ica.2015.01.018,2015
10.1016/j.ica.2015.01.024,2015
10.1016/j.ica.2015.01.035,2015
10.1016/j.ica.2015.02.010,2015
10.1016/j.ica.2015.02.017,2015
10.1016/j.ica.2015.03.011,2015
10.1016/j.ica.2015.03.025,2015
10.1016/j.ica.2015.03.035,2015
10.1016/j.ica.2015.03.043,2015
10.1016/j.ica.2015.04.022,2015
10.1016/j.ica.2015.04.030,2015
10.1016/j.ica.2015.05.018,2015
10.1016/j.ica.2015.05.021,2015
10.1016/j.ica.2015.06.006,2015
10.1016/j.ica.2015.06.016,2015
10.1016/j.ica.2015.07.006,2015
10.1016/j.ica.2015.07.045,2015
10.1016/j.ica.2015.08.015,2015
10.1016/j.ica.2015.08.033,2015
10.1016/j.ica.2015.10.016,2016
10.1016/j.ica.2015.10.025,2016
10.1016/j.ica.2015.10.036,2016
10.1016/j.ica.2015.11.007,2016
10.1016/j.ica.2015.12.010,2016
10.1016/j.ica.2016.01.001,2016
10.1016/j.ica.2016.01.032,2016
10.1016/j.ica.2016.02.001,2016
10.1016/j.ica.2016.03.009,2016
10.1016/j.ica.2016.03.010,2016
10.1016/j.ica.2016.03.015,2016
10.1016/j.ica.2016.03.029,2016
10.1016/j.ica.2016.03.045,2016
10.1016/j.ica.2016.03.048,2016
10.1016/j.ica.2016.04.049,2016
10.1016/j.ica.2016.05.002,2016
10.1016/j.ica.2016.05.024,2016
10.1016/j.ica.2016.05.029,2017
10.1016/j.ica.2016.05.042,2016
10.1016/j.ica.2016.05.051,2016
10.1016/j.ica.2016.06.009,2016
10.1016/j.ica.2016.06.011,2016
10.1016/j.ica.2016.06.042,2016
10.1016/j.ica.2016.07.001,2016
10.1016/j.ica.2016.07.008,2016
10.1016/j.ica.2016.07.022,2017
10.1016/j.ica.2016.07.049,2016
10.1016/j.ica.2016.07.051,2016
10.1016/j.ica.2016.08.001,2016
10.1016/j.ica.2016.08.005,2016
10.1016/j.ica.2016.09.016,2016
10.1016/j.ica.2016.09.037,2017
10.1016/j.ica.2016.09.044,2016
10.1016/j.ica.2016.09.046,2017
10.1016/j.ica.2016.10.012,2017
10.1016/j.ica.2016.10.016,2017
10.1016/j.ica.2016.10.021,2017
10.1016/j.ica.2016.12.021,2017
10.1016/j.ica.2017.01.004,2017
10.1016/j.ica.2017.01.026,2017
10.1016/j.ica.2017.02.012,2017
10.1016/j.ica.2017.02.021,2017
10.1016/j.ica.2017.02.033,2017
10.1016/j.ica.2017.03.023,2017
10.1016/j.ica.2017.03.039,2017
10.1016/j.ica.2017.03.042,2017
10.1016/j.ica.2017.04.056,2017
10.1016/j.ica.2017.05.062,2017
10.1016/j.ica.2017.05.066,2017
10.1016/j.ica.2017.06.029,2018
10.1016/j.ica.2017.06.048,2018
10.1016/j.ica.2017.07.025,2018
10.1016/j.ica.2017.07.038,2017
10.1016/j.ica.2017.07.057,2017
10.1016/j.ica.2017.08.013,2018
10.1016/j.ica.2017.08.019,2017
10.1016/j.ica.2017.08.030,2017
10.1016/j.ica.2017.08.054,2018
10.1016/j.ica.2017.08.055,2018
10.1016/j.ica.2017.08.063,2018
10.1016/j.ica.2017.09.012,2018
10.1016/j.ica.2017.09.019,2018
10.1016/j.ica.2017.09.026,2018
10.1016/j.ica.2017.09.047,2018
10.1016/j.ica.2017.10.001,2018
10.1016/j.ica.2017.10.015,2018
10.1016/j.ica.2017.10.029,2018
10.1016/j.ica.2017.10.034,2018
10.1016/j.ica.2017.11.008,2018
10.1016/j.ica.2017.11.030,2018
10.1016/j.ica.2017.11.032,2018
10.1016/j.ica.2017.11.033,2018
10.1016/j.ica.2017.11.045,2018
10.1016/j.ica.2017.11.046,2018
10.1016/j.ica.2017.11.048,2018
10.1016/j.ica.2017.11.053,2018
10.1016/j.ica.2017.12.036,2018
10.1016/j.ica.2018.01.025,2018
10.1016/j.ica.2018.03.014,2018
10.1016/j.ica.2018.03.021,2018
10.1016/j.ica.2018.04.005,2018
10.1016/j.ica.2018.04.014,2018
10.1016/j.ica.2018.04.049,2018
10.1016/j.ica.2018.05.002,2018
10.1016/j.ica.2018.05.008,2018
10.1016/j.ica.2018.05.011,2018
10.1016/j.ica.2018.05.023,2018
10.1016/j.ica.2018.05.024,2018
10.1016/j.ica.2018.05.028,2018
10.1016/j.ica.2018.05.029,2018
10.1016/j.ica.2018.06.027,2018
10.1016/j.ica.2018.06.034,2018
10.1016/j.ica.2018.06.038,2018
10.1016/j.ica.2018.06.044,2018
10.1016/j.ica.2018.07.016,2018
10.1016/j.ica.2018.07.017,2018
10.1016/j.ica.2018.07.030,2018
10.1016/j.ica.2018.07.031,2018
10.1016/j.ica.2018.07.047,2018
10.1016/j.ica.2018.07.054,2018
10.1016/j.ica.2018.08.018,2018
10.1016/j.ica.2018.08.019,2018
10.1016/j.ica.2018.09.025,2019
10.1016/j.ica.2018.09.076,2019
10.1016/j.ica.2018.09.083,2019
10.1016/j.ica.2018.10.002,2019
10.1016/j.ica.2018.10.014,2019
10.1016/j.ica.2018.10.029,2019
10.1016/j.ica.2018.10.042,2019
10.1016/j.ica.2018.10.052,2019
10.1016/j.ica.2018.10.055,2019
10.1016/j.ica.2018.11.028,2019
10.1016/j.ica.2018.12.037,2019
10.1016/j.ica.2018.12.039,2019
10.1016/j.ica.2018.12.054,2019
10.1016/j.ica.2019.01.004,2019
10.1016/j.ica.2019.01.031,2019
10.1016/j.ica.2019.03.012,2019
10.1016/j.ica.2019.03.033,2019
10.1016/j.ica.2019.03.034,2019
10.1016/j.ica.2019.04.020,2019
10.1016/j.ica.2019.04.026,2019
10.1016/j.ica.2019.04.042,2019
10.1016/j.ica.2019.04.047,2019
10.1016/j.ica.2019.05.002,2019
10.1016/j.ica.2019.05.005,2019
10.1016/j.ica.2019.118967,2019
10.1016/j.ica.2019.119024,2019
10.1016/j.ica.2019.119032,2019
10.1016/j.ica.2019.119034,2019
10.1016/j.ica.2019.119035,2019
10.1016/j.ica.2019.119036,2019
10.1016/j.ica.2019.119042,2019
10.1016/j.ica.2019.119076,2019
10.1016/j.ica.2019.119083,2019
10.1016/j.ica.2019.119096,2019
10.1016/j.ica.2019.119134,2019
10.1016/j.ica.2019.119166,2019
10.1016/j.ica.2019.119219,2020
10.1016/j.ica.2019.119229,2020
10.1016/j.ica.2019.119236,2020
10.1016/j.ica.2019.119240,2020
10.1016/j.ica.2019.119296,2020
10.1016/j.ica.2019.119304,2020
10.1016/j.ica.2019.119334,2020
10.1016/j.ica.2019.119343,2020
10.1016/j.ica.2019.119351,2020
10.1016/j.ica.2019.119352,2020
10.1016/j.ica.2019.119376,2020
10.1016/j.ica.2019.119406,2020
10.1016/j.ica.2020.119412,2020
10.1016/j.ica.2020.119500,2020
10.1016/j.ica.2020.119517,2020
10.1016/j.ica.2020.119540,2020
10.1016/j.ica.2020.119556,2020
10.1016/j.ica.2020.119563,2020
10.1016/j.ica.2020.119591,2020
10.1016/j.ica.2020.119593,2020
10.1016/j.ica.2020.119597,2020
10.1016/j.ica.2020.119600,2020
10.1016/j.ica.2020.119636,2020
10.1016/j.ica.2020.119739,2020
10.1016/j.ica.2020.119791,2020
10.1016/j.ica.2020.119802,2020
10.1016/j.ica.2020.119846,2020
10.1016/j.ica.2020.119852,2020
10.1016/j.ica.2020.119872,2020
10.1016/j.ica.2020.119877,2020
10.1016/j.ica.2020.119891,2020
10.1016/j.ica.2020.119930,2020
10.1016/j.ica.2020.119931,2020
10.1016/j.ica.2020.119987,2021
10.1016/j.ica.2020.119995,2021
10.1016/j.ica.2020.120011,2021
10.1016/j.ica.2020.120025,2021
10.1016/j.ica.2020.120035,2021
10.1016/j.ica.2020.120048,2021
10.1016/j.ica.2020.120063,2021
10.1016/j.ica.2020.120064,2021
10.1016/j.ica.2020.120132,2021
10.1016/j.ica.2020.120182,2021
10.1016/j.ica.2020.120193,2021
10.1016/j.ica.2020.120216,2021
10.1016/j.ica.2020.120235,2021
10.1016/j.ica.2021.120320,2021
10.1016/j.ica.2021.120346,2021
10.1016/j.ica.2021.120384,2021
10.1016/j.ica.2021.120462,2021
10.1016/j.ica.2021.120494,2021
10.1016/j.ica.2021.120505,2021
10.1016/j.ica.2021.120512,2021
10.1016/j.ica.2021.120540,2021
10.1016/j.ica.2021.120561,2021
10.1016/j.ica.2021.120596,2021
10.1016/j.ica.2021.120703,2022
10.1016/j.ica.2021.120712,2022
10.1016/j.ica.2021.120774,2022
10.1016/j.ica.2021.120784,2022
10.1016/j.ica.2021.120788,2022
10.1016/j.ica.2022.120853,2022
10.1016/j.ica.2022.120894,2022
10.1016/j.ica.2022.120923,2022
10.1016/j.ica.2022.120930,2022
10.1016/j.ica.2022.120979,2022
10.1016/j.ica.2022.120993,2022
10.1016/j.ica.2022.121026,2022
10.1016/j.ica.2022.121063,2022
10.1016/j.ica.2022.121064,2022
10.1016/j.ica.2022.121101,2022
10.1016/j.ica.2022.121102,2022
10.1016/j.ica.2022.121112,2022
10.1016/j.ica.2022.121125,2022
10.1016/j.ica.2022.121181,2022
10.1016/j.ica.2022.121204,2022
10.1016/j.ica.2022.121208,2023
10.1016/j.ica.2022.121227,2023
10.1016/j.ica.2022.121248,2023
10.1016/j.ica.2022.121297,2023
10.1016/j.ica.2022.121299,2023
10.1016/j.ica.2022.121317,2023
10.1016/j.ica.2023.121525,2023
10.1016/j.ica.2023.121546,2023
10.1016/j.ica.2023.121641,2023
10.1016/j.ica.2023.121710,2023
10.1016/j.ica.2023.121759,2023
10.1016/j.ica.2023.121801,2024
10.1016/j.ica.2023.121836,2024
10.1016/j.ica.2024.121964,2024
10.1016/j.ica.2024.121974,2024
10.1016/j.ica.2024.121978,2024
10.1016/j.ica.2024.121989,2024
10.1016/j.ica.2024.121993,2024
10.1016/j.ica.2024.121994,2024
10.1016/j.ica.2024.122002,2024
10.1016/j.ica.2024.122072,2024
10.1016/j.ica.2024.122073,2024
10.1016/j.ica.2024.122075,2024
10.1016/j.ica.2024.122132,2024
10.1016/j.ica.2024.122188,2024
10.1016/j.ica.2024.122224,2024
10.1016/j.ica.2024.122282,2024
10.1016/j.ica.2024.122288,2024
10.1016/j.ica.2024.122290,2024
10.1016/j.ica.2024.122297,2024
10.1016/j.ica.2024.122435,2025
10.1016/j.ica.2025.122592,2025
10.1016/j.ica.2025.122654,2025
10.1016/j.ica.2025.122695,2025
10.1016/j.ica.2025.122746,2025
10.1016/j.ica.2025.122799,2025
10.1016/j.ijbiomac.2021.04.092,2021
10.1016/j.ijbiomac.2021.09.033,2021
10.1016/j.ijbiomac.2023.123665,2023
10.1016/j.ijbiomac.2023.124426,2023
10.1016/j.ijbiomac.2023.124627,2023
10.1016/j.ijbiomac.2023.124806,2023
10.1016/j.ijbiomac.2023.126363,2023
10.1016/j.ijbiomac.2023.128187,2024
10.1016/j.ijbiomac.2023.128424,2024
10.1016/j.ijbiomac.2024.129854,2024
10.1016/j.ijbiomac.2024.130021,2024
10.1016/j.ijbiomac.2024.131584,2024
10.1016/j.ijbiomac.2024.134767,2024
10.1016/j.ijbiomac.2024.136526,2024
10.1016/j.ijbiomac.2024.136648,2024
10.1016/j.ijbiomac.2024.137689,2024
10.1016/j.ijbiomac.2024.137715,2024
10.1016/j.ijbiomac.2025.140027,2025
10.1016/j.ijhydene.2008.09.053,2008
10.1016/j.ijhydene.2008.11.048,2009
10.1016/j.ijhydene.2009.01.082,2009
10.1016/j.ijhydene.2010.04.066,2010
10.1016/j.ijhydene.2010.12.043,2011
10.1016/j.ijhydene.2011.03.109,2011
10.1016/j.ijhydene.2011.12.072,2012
10.1016/j.ijhydene.2012.04.105,2012
10.1016/j.ijhydene.2013.01.163,2013
10.1016/j.ijhydene.2013.02.040,2013
10.1016/j.ijhydene.2013.03.044,2013
10.1016/j.ijhydene.2013.10.087,2014
10.1016/j.ijhydene.2013.11.052,2014
10.1016/j.ijhydene.2014.06.019,2014
10.1016/j.ijhydene.2015.05.088,2015
10.1016/j.ijhydene.2015.06.109,2015
10.1016/j.ijhydene.2016.08.040,2016
10.1016/j.ijhydene.2016.08.153,2017
10.1016/j.ijhydene.2017.01.195,2017
10.1016/j.ijhydene.2017.02.192,2017
10.1016/j.ijhydene.2017.04.059,2017
10.1016/j.ijhydene.2017.09.081,2017
10.1016/j.ijhydene.2017.12.070,2018
10.1016/j.ijhydene.2018.02.089,2018
10.1016/j.ijhydene.2018.03.151,2019
10.1016/j.ijhydene.2018.06.106,2018
10.1016/j.ijhydene.2019.01.224,2019
10.1016/j.ijhydene.2019.05.083,2019
10.1016/j.ijhydene.2019.08.116,2019
10.1016/j.ijhydene.2019.10.230,2020
10.1016/j.ijhydene.2020.02.202,2020
10.1016/j.ijhydene.2020.05.223,2020
10.1016/j.ijhydene.2020.08.100,2020
10.1016/j.ijhydene.2020.10.014,2021
10.1016/j.ijhydene.2020.12.181,2021
10.1016/j.ijhydene.2021.01.114,2021
10.1016/j.ijhydene.2021.06.026,2021
10.1016/j.ijhydene.2021.09.191,2021
10.1016/j.ijhydene.2021.10.109,2022
10.1016/j.ijhydene.2022.04.120,2022
10.1016/j.ijhydene.2022.09.128,2022
10.1016/j.ijhydene.2022.09.166,2022
10.1016/j.ijhydene.2022.11.026,2023
10.1016/j.ijhydene.2022.12.254,2023
10.1016/j.ijhydene.2023.05.357,2023
10.1016/j.ijhydene.2023.06.298,2024
10.1016/j.ijhydene.2023.09.289,2024
10.1016/j.ijhydene.2024.06.126,2024
10.1016/j.ijhydene.2024.06.163,2024
10.1016/j.ijhydene.2024.06.416,2024
10.1016/j.ijhydene.2024.07.031,2024
10.1016/j.ijhydene.2024.07.248,2024
10.1016/j.ijhydene.2024.08.111,2024
10.1016/j.ijhydene.2024.08.163,2024
10.1016/j.ijhydene.2024.11.003,2024
10.1016/j.ijhydene.2025.03.326,2025
10.1016/j.ijhydene.2025.05.002,2025
10.1016/j.inoche.2003.10.022,2004
10.1016/j.inoche.2003.12.023,2004
10.1016/j.inoche.2004.02.006,2004
10.1016/j.inoche.2004.07.018,2004
10.1016/j.inoche.2004.11.005,2005
10.1016/j.inoche.2005.04.005,2005
10.1016/j.inoche.2005.08.013,2005
10.1016/j.inoche.2005.09.033,2006
10.1016/j.inoche.2005.10.032,2006
10.1016/j.inoche.2006.01.004,2006
10.1016/j.inoche.2006.01.022,2006
10.1016/j.inoche.2006.02.029,2006
10.1016/j.inoche.2006.03.014,2006
10.1016/j.inoche.2006.04.017,2006
10.1016/j.inoche.2006.07.021,2006
10.1016/j.inoche.2006.07.040,2006
10.1016/j.inoche.2006.07.041,2006
10.1016/j.inoche.2006.08.023,2007
10.1016/j.inoche.2006.09.009,2007
10.1016/j.inoche.2006.09.010,2007
10.1016/j.inoche.2006.09.011,2007
10.1016/j.inoche.2006.09.013,2007
10.1016/j.inoche.2006.10.010,2007
10.1016/j.inoche.2006.11.011,2007
10.1016/j.inoche.2006.11.021,2007
10.1016/j.inoche.2006.12.003,2007
10.1016/j.inoche.2006.12.020,2007
10.1016/j.inoche.2007.01.001,2007
10.1016/j.inoche.2007.02.010,2007
10.1016/j.inoche.2007.02.024,2007
10.1016/j.inoche.2007.02.025,2007
10.1016/j.inoche.2007.03.004,2007
10.1016/j.inoche.2007.04.017,2007
10.1016/j.inoche.2007.04.024,2007
10.1016/j.inoche.2007.05.025,2007
10.1016/j.inoche.2007.08.006,2007
10.1016/j.inoche.2007.08.016,2007
10.1016/j.inoche.2007.10.004,2007
10.1016/j.inoche.2007.11.008,2008
10.1016/j.inoche.2007.11.010,2008
10.1016/j.inoche.2007.11.021,2008
10.1016/j.inoche.2007.12.024,2008
10.1016/j.inoche.2007.12.028,2008
10.1016/j.inoche.2007.12.030,2008
10.1016/j.inoche.2007.12.031,2008
10.1016/j.inoche.2007.12.036,2008
10.1016/j.inoche.2008.02.018,2008
10.1016/j.inoche.2008.03.025,2008
10.1016/j.inoche.2008.03.026,2008
10.1016/j.inoche.2008.03.031,2008
10.1016/j.inoche.2008.04.002,2008
10.1016/j.inoche.2008.04.016,2008
10.1016/j.inoche.2008.04.019,2008
10.1016/j.inoche.2008.04.021,2008
10.1016/j.inoche.2008.04.028,2008
10.1016/j.inoche.2008.04.040,2008
10.1016/j.inoche.2008.04.043,2008
10.1016/j.inoche.2008.05.009,2008
10.1016/j.inoche.2008.05.010,2008
10.1016/j.inoche.2008.05.029,2008
10.1016/j.inoche.2008.05.031,2008
10.1016/j.inoche.2008.06.001,2008
10.1016/j.inoche.2008.06.019,2008
10.1016/j.inoche.2008.06.022,2008
10.1016/j.inoche.2008.06.023,2008
10.1016/j.inoche.2008.06.027,2008
10.1016/j.inoche.2008.07.001,2008
10.1016/j.inoche.2008.07.014,2008
10.1016/j.inoche.2008.07.018,2008
10.1016/j.inoche.2008.07.019,2008
10.1016/j.inoche.2008.07.020,2008
10.1016/j.inoche.2008.07.026,2008
10.1016/j.inoche.2008.09.010,2008
10.1016/j.inoche.2008.09.012,2008
10.1016/j.inoche.2008.09.013,2008
10.1016/j.inoche.2008.09.018,2008
10.1016/j.inoche.2008.10.005,2008
10.1016/j.inoche.2008.10.008,2008
10.1016/j.inoche.2008.11.006,2009
10.1016/j.inoche.2008.11.008,2009
10.1016/j.inoche.2008.11.017,2009
10.1016/j.inoche.2008.11.033,2009
10.1016/j.inoche.2008.12.002,2009
10.1016/j.inoche.2008.12.012,2009
10.1016/j.inoche.2009.02.002,2009
10.1016/j.inoche.2009.02.004,2009
10.1016/j.inoche.2009.02.027,2009
10.1016/j.inoche.2009.03.002,2009
10.1016/j.inoche.2009.04.010,2009
10.1016/j.inoche.2009.04.020,2009
10.1016/j.inoche.2009.04.028,2009
10.1016/j.inoche.2009.06.026,2009
10.1016/j.inoche.2009.06.029,2009
10.1016/j.inoche.2009.07.013,2009
10.1016/j.inoche.2009.07.020,2009
10.1016/j.inoche.2009.07.024,2009
10.1016/j.inoche.2009.07.025,2009
10.1016/j.inoche.2009.07.027,2009
10.1016/j.inoche.2009.07.028,2009
10.1016/j.inoche.2009.08.002,2009
10.1016/j.inoche.2009.08.009,2009
10.1016/j.inoche.2009.08.015,2009
10.1016/j.inoche.2009.08.030,2009
10.1016/j.inoche.2009.09.020,2009
10.1016/j.inoche.2009.09.026,2009
10.1016/j.inoche.2009.09.031,2009
10.1016/j.inoche.2009.09.033,2009
10.1016/j.inoche.2009.10.004,2010
10.1016/j.inoche.2009.10.007,2010
10.1016/j.inoche.2009.11.003,2010
10.1016/j.inoche.2009.11.008,2010
10.1016/j.inoche.2009.11.024,2010
10.1016/j.inoche.2009.12.003,2010
10.1016/j.inoche.2009.12.004,2010
10.1016/j.inoche.2009.12.008,2010
10.1016/j.inoche.2009.12.029,2010
10.1016/j.inoche.2009.12.030,2010
10.1016/j.inoche.2010.01.001,2010
10.1016/j.inoche.2010.01.013,2010
10.1016/j.inoche.2010.01.014,2010
10.1016/j.inoche.2010.01.016,2010
10.1016/j.inoche.2010.03.010,2010
10.1016/j.inoche.2010.03.013,2010
10.1016/j.inoche.2010.03.024,2010
10.1016/j.inoche.2010.03.037,2010
10.1016/j.inoche.2010.03.038,2010
10.1016/j.inoche.2010.03.041,2010
10.1016/j.inoche.2010.04.002,2010
10.1016/j.inoche.2010.04.026,2010
10.1016/j.inoche.2010.05.007,2010
10.1016/j.inoche.2010.06.006,2010
10.1016/j.inoche.2010.06.043,2010
10.1016/j.inoche.2010.06.046,2010
10.1016/j.inoche.2010.06.049,2010
10.1016/j.inoche.2010.07.010,2010
10.1016/j.inoche.2010.07.033,2010
10.1016/j.inoche.2010.07.034,2010
10.1016/j.inoche.2010.07.040,2010
10.1016/j.inoche.2010.07.041,2010
10.1016/j.inoche.2010.08.004,2010
10.1016/j.inoche.2010.08.021,2010
10.1016/j.inoche.2010.08.026,2010
10.1016/j.inoche.2010.09.023,2010
10.1016/j.inoche.2010.09.024,2011
10.1016/j.inoche.2010.09.046,2011
10.1016/j.inoche.2010.10.007,2011
10.1016/j.inoche.2010.10.012,2011
10.1016/j.inoche.2010.10.026,2011
10.1016/j.inoche.2010.11.016,2011
10.1016/j.inoche.2010.11.020,2011
10.1016/j.inoche.2010.11.027,2011
10.1016/j.inoche.2010.11.031,2011
10.1016/j.inoche.2010.12.001,2011
10.1016/j.inoche.2010.12.004,2011
10.1016/j.inoche.2010.12.006,2011
10.1016/j.inoche.2010.12.021,2011
10.1016/j.inoche.2010.12.028,2011
10.1016/j.inoche.2011.01.037,2011
10.1016/j.inoche.2011.01.040,2011
10.1016/j.inoche.2011.02.011,2011
10.1016/j.inoche.2011.02.020,2011
10.1016/j.inoche.2011.03.004,2011
10.1016/j.inoche.2011.03.005,2011
10.1016/j.inoche.2011.03.013,2011
10.1016/j.inoche.2011.03.018,2011
10.1016/j.inoche.2011.03.020,2011
10.1016/j.inoche.2011.03.032,2011
10.1016/j.inoche.2011.03.038,2011
10.1016/j.inoche.2011.03.040,2011
10.1016/j.inoche.2011.03.047,2011
10.1016/j.inoche.2011.03.050,2011
10.1016/j.inoche.2011.03.053,2011
10.1016/j.inoche.2011.03.055,2011
10.1016/j.inoche.2011.03.061,2011
10.1016/j.inoche.2011.03.072,2011
10.1016/j.inoche.2011.04.001,2011
10.1016/j.inoche.2011.04.003,2011
10.1016/j.inoche.2011.04.006,2011
10.1016/j.inoche.2011.04.012,2011
10.1016/j.inoche.2011.05.016,2011
10.1016/j.inoche.2011.05.031,2011
10.1016/j.inoche.2011.05.032,2011
10.1016/j.inoche.2011.05.043,2011
10.1016/j.inoche.2011.05.052,2011
10.1016/j.inoche.2011.06.008,2011
10.1016/j.inoche.2011.06.009,2011
10.1016/j.inoche.2011.06.019,2011
10.1016/j.inoche.2011.06.030,2011
10.1016/j.inoche.2011.07.009,2011
10.1016/j.inoche.2011.07.020,2011
10.1016/j.inoche.2011.08.011,2011
10.1016/j.inoche.2011.08.016,2011
10.1016/j.inoche.2011.08.027,2011
10.1016/j.inoche.2011.08.030,2011
10.1016/j.inoche.2011.09.004,2011
10.1016/j.inoche.2011.09.009,2011
10.1016/j.inoche.2011.09.010,2011
10.1016/j.inoche.2011.09.012,2011
10.1016/j.inoche.2011.09.019,2011
10.1016/j.inoche.2011.09.024,2011
10.1016/j.inoche.2011.09.029,2012
10.1016/j.inoche.2011.09.043,2012
10.1016/j.inoche.2011.10.008,2012
10.1016/j.inoche.2011.10.014,2012
10.1016/j.inoche.2011.10.038,2012
10.1016/j.inoche.2011.10.040,2012
10.1016/j.inoche.2011.11.004,2012
10.1016/j.inoche.2011.11.008,2012
10.1016/j.inoche.2011.11.015,2012
10.1016/j.inoche.2011.11.018,2012
10.1016/j.inoche.2011.11.030,2012
10.1016/j.inoche.2011.11.034,2012
10.1016/j.inoche.2011.12.002,2012
10.1016/j.inoche.2011.12.003,2012
10.1016/j.inoche.2011.12.004,2012
10.1016/j.inoche.2011.12.017,2012
10.1016/j.inoche.2011.12.037,2012
10.1016/j.inoche.2011.12.041,2012
10.1016/j.inoche.2011.12.045,2012
10.1016/j.inoche.2011.12.046,2012
10.1016/j.inoche.2011.12.048,2012
10.1016/j.inoche.2012.01.001,2012
10.1016/j.inoche.2012.01.019,2012
10.1016/j.inoche.2012.01.022,2012
10.1016/j.inoche.2012.01.032,2012
10.1016/j.inoche.2012.02.014,2012
10.1016/j.inoche.2012.02.031,2012
10.1016/j.inoche.2012.02.034,2012
10.1016/j.inoche.2012.03.017,2012
10.1016/j.inoche.2012.03.018,2012
10.1016/j.inoche.2012.03.021,2012
10.1016/j.inoche.2012.03.024,2012
10.1016/j.inoche.2012.03.025,2012
10.1016/j.inoche.2012.03.027,2012
10.1016/j.inoche.2012.03.032,2012
10.1016/j.inoche.2012.03.038,2012
10.1016/j.inoche.2012.04.012,2012
10.1016/j.inoche.2012.04.014,2012
10.1016/j.inoche.2012.04.026,2012
10.1016/j.inoche.2012.04.027,2012
10.1016/j.inoche.2012.04.032,2012
10.1016/j.inoche.2012.04.036,2012
10.1016/j.inoche.2012.04.037,2012
10.1016/j.inoche.2012.05.003,2012
10.1016/j.inoche.2012.05.009,2012
10.1016/j.inoche.2012.05.014,2012
10.1016/j.inoche.2012.05.026,2012
10.1016/j.inoche.2012.05.029,2012
10.1016/j.inoche.2012.05.033,2012
10.1016/j.inoche.2012.05.038,2012
10.1016/j.inoche.2012.05.042,2012
10.1016/j.inoche.2012.05.046,2012
10.1016/j.inoche.2012.06.004,2012
10.1016/j.inoche.2012.06.022,2012
10.1016/j.inoche.2012.06.024,2012
10.1016/j.inoche.2012.06.025,2012
10.1016/j.inoche.2012.07.005,2012
10.1016/j.inoche.2012.07.006,2012
10.1016/j.inoche.2012.07.010,2012
10.1016/j.inoche.2012.07.012,2012
10.1016/j.inoche.2012.07.013,2012
10.1016/j.inoche.2012.07.014,2012
10.1016/j.inoche.2012.07.016,2012
10.1016/j.inoche.2012.07.029,2012
10.1016/j.inoche.2012.07.043,2012
10.1016/j.inoche.2012.08.013,2012
10.1016/j.inoche.2012.08.015,2012
10.1016/j.inoche.2012.08.018,2012
10.1016/j.inoche.2012.08.020,2012
10.1016/j.inoche.2012.08.023,2012
10.1016/j.inoche.2012.09.003,2012
10.1016/j.inoche.2012.09.004,2012
10.1016/j.inoche.2012.09.005,2012
10.1016/j.inoche.2012.09.023,2012
10.1016/j.inoche.2012.10.005,2013
10.1016/j.inoche.2012.10.012,2013
10.1016/j.inoche.2012.10.031,2013
10.1016/j.inoche.2012.10.040,2013
10.1016/j.inoche.2012.11.006,2013
10.1016/j.inoche.2012.11.011,2013
10.1016/j.inoche.2012.11.012,2013
10.1016/j.inoche.2012.11.031,2013
10.1016/j.inoche.2012.11.035,2013
10.1016/j.inoche.2012.11.038,2013
10.1016/j.inoche.2012.12.015,2013
10.1016/j.inoche.2012.12.017,2013
10.1016/j.inoche.2012.12.019,2013
10.1016/j.inoche.2012.12.022,2013
10.1016/j.inoche.2012.12.027,2013
10.1016/j.inoche.2012.12.036,2013
10.1016/j.inoche.2012.12.037,2013
10.1016/j.inoche.2013.01.005,2013
10.1016/j.inoche.2013.01.023,2013
10.1016/j.inoche.2013.01.030,2013
10.1016/j.inoche.2013.02.001,2013
10.1016/j.inoche.2013.02.011,2013
10.1016/j.inoche.2013.03.003,2013
10.1016/j.inoche.2013.03.005,2013
10.1016/j.inoche.2013.03.016,2013
10.1016/j.inoche.2013.03.021,2013
10.1016/j.inoche.2013.03.034,2013
10.1016/j.inoche.2013.04.013,2013
10.1016/j.inoche.2013.04.019,2013
10.1016/j.inoche.2013.04.020,2013
10.1016/j.inoche.2013.04.033,2013
10.1016/j.inoche.2013.04.039,2013
10.1016/j.inoche.2013.05.003,2013
10.1016/j.inoche.2013.05.006,2013
10.1016/j.inoche.2013.05.014,2013
10.1016/j.inoche.2013.06.006,2013
10.1016/j.inoche.2013.06.022,2013
10.1016/j.inoche.2013.06.023,2013
10.1016/j.inoche.2013.06.026,2013
10.1016/j.inoche.2013.06.030,2013
10.1016/j.inoche.2013.06.034,2013
10.1016/j.inoche.2013.06.035,2013
10.1016/j.inoche.2013.06.042,2013
10.1016/j.inoche.2013.07.001,2013
10.1016/j.inoche.2013.07.008,2013
10.1016/j.inoche.2013.08.005,2013
10.1016/j.inoche.2013.08.012,2013
10.1016/j.inoche.2013.08.013,2013
10.1016/j.inoche.2013.08.018,2013
10.1016/j.inoche.2013.08.027,2013
10.1016/j.inoche.2013.08.031,2013
10.1016/j.inoche.2013.08.037,2013
10.1016/j.inoche.2013.09.005,2013
10.1016/j.inoche.2013.09.011,2013
10.1016/j.inoche.2013.09.014,2013
10.1016/j.inoche.2013.09.021,2013
10.1016/j.inoche.2013.09.030,2013
10.1016/j.inoche.2013.09.033,2013
10.1016/j.inoche.2013.09.047,2013
10.1016/j.inoche.2013.09.048,2013
10.1016/j.inoche.2013.09.058,2013
10.1016/j.inoche.2013.09.061,2013
10.1016/j.inoche.2013.09.076,2013
10.1016/j.inoche.2013.10.018,2013
10.1016/j.inoche.2013.10.020,2013
10.1016/j.inoche.2013.10.021,2013
10.1016/j.inoche.2013.11.005,2014
10.1016/j.inoche.2013.11.008,2014
10.1016/j.inoche.2013.11.011,2014
10.1016/j.inoche.2013.11.012,2014
10.1016/j.inoche.2013.11.016,2014
10.1016/j.inoche.2013.11.032,2014
10.1016/j.inoche.2013.11.035,2014
10.1016/j.inoche.2013.11.039,2014
10.1016/j.inoche.2013.11.043,2014
10.1016/j.inoche.2013.11.045,2014
10.1016/j.inoche.2014.01.004,2014
10.1016/j.inoche.2014.01.012,2014
10.1016/j.inoche.2014.01.017,2014
10.1016/j.inoche.2014.02.004,2014
10.1016/j.inoche.2014.02.015,2014
10.1016/j.inoche.2014.02.025,2014
10.1016/j.inoche.2014.02.043,2014
10.1016/j.inoche.2014.02.046,2014
10.1016/j.inoche.2014.02.051,2014
10.1016/j.inoche.2014.03.018,2014
10.1016/j.inoche.2014.03.026,2014
10.1016/j.inoche.2014.03.044,2014
10.1016/j.inoche.2014.04.025,2014
10.1016/j.inoche.2014.04.029,2014
10.1016/j.inoche.2014.04.037,2014
10.1016/j.inoche.2014.05.011,2014
10.1016/j.inoche.2014.05.014,2014
10.1016/j.inoche.2014.05.016,2014
10.1016/j.inoche.2014.05.019,2014
10.1016/j.inoche.2014.05.026,2014
10.1016/j.inoche.2014.05.039,2014
10.1016/j.inoche.2014.06.004,2014
10.1016/j.inoche.2014.06.010,2014
10.1016/j.inoche.2014.06.015,2014
10.1016/j.inoche.2014.06.016,2014
10.1016/j.inoche.2014.06.023,2014
10.1016/j.inoche.2014.07.014,2014
10.1016/j.inoche.2014.07.018,2014
10.1016/j.inoche.2014.07.025,2014
10.1016/j.inoche.2014.07.032,2014
10.1016/j.inoche.2014.07.036,2014
10.1016/j.inoche.2014.08.005,2014
10.1016/j.inoche.2014.08.007,2014
10.1016/j.inoche.2014.08.011,2014
10.1016/j.inoche.2014.08.012,2014
10.1016/j.inoche.2014.08.013,2014
10.1016/j.inoche.2014.08.015,2014
10.1016/j.inoche.2014.08.017,2014
10.1016/j.inoche.2014.08.022,2014
10.1016/j.inoche.2014.08.027,2014
10.1016/j.inoche.2014.08.034,2014
10.1016/j.inoche.2014.09.012,2014
10.1016/j.inoche.2014.09.029,2014
10.1016/j.inoche.2014.09.031,2014
10.1016/j.inoche.2014.09.036,2014
10.1016/j.inoche.2014.11.002,2015
10.1016/j.inoche.2014.11.017,2015
10.1016/j.inoche.2014.12.001,2015
10.1016/j.inoche.2014.12.007,2015
10.1016/j.inoche.2014.12.010,2015
10.1016/j.inoche.2015.01.006,2015
10.1016/j.inoche.2015.01.020,2015
10.1016/j.inoche.2015.01.022,2015
10.1016/j.inoche.2015.01.030,2015
10.1016/j.inoche.2015.02.005,2015
10.1016/j.inoche.2015.02.015,2015
10.1016/j.inoche.2015.02.021,2015
10.1016/j.inoche.2015.02.022,2015
10.1016/j.inoche.2015.03.005,2015
10.1016/j.inoche.2015.03.015,2015
10.1016/j.inoche.2015.03.019,2015
10.1016/j.inoche.2015.03.023,2015
10.1016/j.inoche.2015.03.024,2015
10.1016/j.inoche.2015.03.026,2015
10.1016/j.inoche.2015.03.028,2015
10.1016/j.inoche.2015.03.031,2015
10.1016/j.inoche.2015.04.002,2015
10.1016/j.inoche.2015.04.008,2015
10.1016/j.inoche.2015.04.011,2015
10.1016/j.inoche.2015.04.019,2015
10.1016/j.inoche.2015.05.003,2015
10.1016/j.inoche.2015.05.009,2015
10.1016/j.inoche.2015.05.012,2015
10.1016/j.inoche.2015.05.013,2015
10.1016/j.inoche.2015.05.016,2015
10.1016/j.inoche.2015.06.004,2015
10.1016/j.inoche.2015.06.013,2015
10.1016/j.inoche.2015.06.023,2015
10.1016/j.inoche.2015.06.028,2015
10.1016/j.inoche.2015.06.034,2015
10.1016/j.inoche.2015.06.036,2015
10.1016/j.inoche.2015.07.014,2015
10.1016/j.inoche.2015.07.018,2015
10.1016/j.inoche.2015.07.027,2015
10.1016/j.inoche.2015.08.002,2015
10.1016/j.inoche.2015.08.014,2015
10.1016/j.inoche.2015.08.015,2015
10.1016/j.inoche.2015.08.019,2015
10.1016/j.inoche.2015.08.021,2015
10.1016/j.inoche.2015.08.026,2015
10.1016/j.inoche.2015.09.002,2015
10.1016/j.inoche.2015.09.004,2015
10.1016/j.inoche.2015.09.018,2015
10.1016/j.inoche.2015.10.016,2015
10.1016/j.inoche.2015.10.023,2015
10.1016/j.inoche.2015.10.024,2015
10.1016/j.inoche.2015.10.035,2015
10.1016/j.inoche.2015.11.001,2015
10.1016/j.inoche.2015.11.007,2016
10.1016/j.inoche.2015.11.018,2016
10.1016/j.inoche.2015.12.009,2016
10.1016/j.inoche.2015.12.020,2016
10.1016/j.inoche.2016.01.007,2016
10.1016/j.inoche.2016.01.019,2016
10.1016/j.inoche.2016.02.007,2016
10.1016/j.inoche.2016.03.002,2016
10.1016/j.inoche.2016.03.006,2016
10.1016/j.inoche.2016.03.010,2016
10.1016/j.inoche.2016.04.001,2016
10.1016/j.inoche.2016.04.009,2016
10.1016/j.inoche.2016.04.022,2016
10.1016/j.inoche.2016.04.028,2016
10.1016/j.inoche.2016.04.029,2016
10.1016/j.inoche.2016.05.005,2016
10.1016/j.inoche.2016.05.010,2016
10.1016/j.inoche.2016.05.025,2016
10.1016/j.inoche.2016.06.016,2016
10.1016/j.inoche.2016.06.032,2016
10.1016/j.inoche.2016.07.006,2016
10.1016/j.inoche.2016.08.021,2016
10.1016/j.inoche.2016.09.003,2016
10.1016/j.inoche.2016.09.013,2016
10.1016/j.inoche.2016.10.003,2016
10.1016/j.inoche.2016.10.014,2016
10.1016/j.inoche.2016.10.015,2016
10.1016/j.inoche.2016.10.021,2016
10.1016/j.inoche.2016.10.031,2016
10.1016/j.inoche.2016.11.009,2017
10.1016/j.inoche.2017.01.003,2017
10.1016/j.inoche.2017.01.022,2017
10.1016/j.inoche.2017.01.027,2017
10.1016/j.inoche.2017.02.007,2017
10.1016/j.inoche.2017.03.001,2017
10.1016/j.inoche.2017.03.009,2017
10.1016/j.inoche.2017.03.014,2017
10.1016/j.inoche.2017.03.017,2017
10.1016/j.inoche.2017.03.019,2017
10.1016/j.inoche.2017.03.022,2017
10.1016/j.inoche.2017.03.036,2017
10.1016/j.inoche.2017.04.003,2017
10.1016/j.inoche.2017.04.007,2017
10.1016/j.inoche.2017.04.011,2017
10.1016/j.inoche.2017.04.015,2017
10.1016/j.inoche.2017.04.017,2017
10.1016/j.inoche.2017.05.003,2017
10.1016/j.inoche.2017.05.011,2017
10.1016/j.inoche.2017.05.015,2017
10.1016/j.inoche.2017.05.021,2017
10.1016/j.inoche.2017.05.022,2017
10.1016/j.inoche.2017.05.027,2017
10.1016/j.inoche.2017.05.030,2017
10.1016/j.inoche.2017.06.013,2017
10.1016/j.inoche.2017.06.018,2017
10.1016/j.inoche.2017.06.020,2017
10.1016/j.inoche.2017.06.022,2017
10.1016/j.inoche.2017.07.003,2017
10.1016/j.inoche.2017.07.009,2017
10.1016/j.inoche.2017.07.011,2017
10.1016/j.inoche.2017.08.008,2017
10.1016/j.inoche.2017.08.012,2017
10.1016/j.inoche.2017.08.015,2017
10.1016/j.inoche.2017.08.020,2017
10.1016/j.inoche.2017.09.003,2017
10.1016/j.inoche.2017.09.013,2017
10.1016/j.inoche.2017.09.026,2017
10.1016/j.inoche.2017.10.001,2017
10.1016/j.inoche.2017.10.003,2017
10.1016/j.inoche.2017.10.024,2017
10.1016/j.inoche.2017.10.029,2017
10.1016/j.inoche.2017.10.031,2017
10.1016/j.inoche.2017.11.002,2018
10.1016/j.inoche.2017.11.007,2017
10.1016/j.inoche.2017.11.010,2018
10.1016/j.inoche.2017.11.016,2018
10.1016/j.inoche.2017.12.015,2018
10.1016/j.inoche.2018.01.010,2018
10.1016/j.inoche.2018.01.012,2018
10.1016/j.inoche.2018.01.015,2018
10.1016/j.inoche.2018.02.003,2018
10.1016/j.inoche.2018.02.006,2018
10.1016/j.inoche.2018.02.010,2018
10.1016/j.inoche.2018.03.024,2018
10.1016/j.inoche.2018.04.009,2018
10.1016/j.inoche.2018.04.011,2018
10.1016/j.inoche.2018.04.012,2018
10.1016/j.inoche.2018.04.013,2018
10.1016/j.inoche.2018.04.019,2018
10.1016/j.inoche.2018.04.029,2018
10.1016/j.inoche.2018.04.031,2018
10.1016/j.inoche.2018.05.001,2018
10.1016/j.inoche.2018.05.010,2018
10.1016/j.inoche.2018.05.012,2018
10.1016/j.inoche.2018.05.016,2018
10.1016/j.inoche.2018.05.020,2018
10.1016/j.inoche.2018.06.002,2018
10.1016/j.inoche.2018.06.003,2018
10.1016/j.inoche.2018.06.007,2018
10.1016/j.inoche.2018.06.012,2018
10.1016/j.inoche.2018.07.005,2018
10.1016/j.inoche.2018.07.016,2018
10.1016/j.inoche.2018.07.017,2018
10.1016/j.inoche.2018.07.018,2018
10.1016/j.inoche.2018.07.020,2018
10.1016/j.inoche.2018.07.029,2018
10.1016/j.inoche.2018.07.031,2018
10.1016/j.inoche.2018.07.035,2018
10.1016/j.inoche.2018.07.036,2018
10.1016/j.inoche.2018.07.039,2018
10.1016/j.inoche.2018.08.006,2018
10.1016/j.inoche.2018.08.014,2018
10.1016/j.inoche.2018.08.017,2018
10.1016/j.inoche.2018.09.003,2018
10.1016/j.inoche.2018.09.021,2018
10.1016/j.inoche.2018.09.029,2018
10.1016/j.inoche.2018.10.005,2018
10.1016/j.inoche.2018.11.017,2019
10.1016/j.inoche.2018.11.019,2019
10.1016/j.inoche.2018.12.018,2019
10.1016/j.inoche.2018.12.024,2019
10.1016/j.inoche.2019.01.009,2019
10.1016/j.inoche.2019.01.025,2019
10.1016/j.inoche.2019.01.034,2019
10.1016/j.inoche.2019.02.024,2019
10.1016/j.inoche.2019.02.027,2019
10.1016/j.inoche.2019.02.033,2019
10.1016/j.inoche.2019.02.037,2019
10.1016/j.inoche.2019.03.036,2019
10.1016/j.inoche.2019.04.021,2019
10.1016/j.inoche.2019.05.008,2019
10.1016/j.inoche.2019.05.013,2019
10.1016/j.inoche.2019.05.038,2019
10.1016/j.inoche.2019.06.003,2019
10.1016/j.inoche.2019.107448,2019
10.1016/j.inoche.2019.107474,2019
10.1016/j.inoche.2019.107488,2019
10.1016/j.inoche.2019.107512,2019
10.1016/j.inoche.2019.107536,2019
10.1016/j.inoche.2019.107543,2019
10.1016/j.inoche.2019.107566,2019
10.1016/j.inoche.2019.107575,2019
10.1016/j.inoche.2019.107597,2020
10.1016/j.inoche.2019.107624,2020
10.1016/j.inoche.2019.107627,2020
10.1016/j.inoche.2019.107641,2020
10.1016/j.inoche.2019.107667,2020
10.1016/j.inoche.2019.107671,2020
10.1016/j.inoche.2019.107713,2020
10.1016/j.inoche.2019.107726,2020
10.1016/j.inoche.2019.107734,2020
10.1016/j.inoche.2020.107766,2020
10.1016/j.inoche.2020.107773,2020
10.1016/j.inoche.2020.107797,2020
10.1016/j.inoche.2020.107805,2020
10.1016/j.inoche.2020.107812,2020
10.1016/j.inoche.2020.107813,2020
10.1016/j.inoche.2020.107864,2020
10.1016/j.inoche.2020.107887,2020
10.1016/j.inoche.2020.107912,2020
10.1016/j.inoche.2020.107949,2020
10.1016/j.inoche.2020.107975,2020
10.1016/j.inoche.2020.108011,2020
10.1016/j.inoche.2020.108030,2020
10.1016/j.inoche.2020.108032,2020
10.1016/j.inoche.2020.108076,2020
10.1016/j.inoche.2020.108084,2020
10.1016/j.inoche.2020.108123,2020
10.1016/j.inoche.2020.108197,2020
10.1016/j.inoche.2020.108233,2020
10.1016/j.inoche.2020.108235,2020
10.1016/j.inoche.2020.108279,2020
10.1016/j.inoche.2020.108293,2020
10.1016/j.inoche.2020.108368,2021
10.1016/j.inoche.2021.108449,2021
10.1016/j.inoche.2021.108458,2021
10.1016/j.inoche.2021.108502,2021
10.1016/j.inoche.2021.108550,2021
10.1016/j.inoche.2021.108584,2021
10.1016/j.inoche.2021.108604,2021
10.1016/j.inoche.2021.108605,2021
10.1016/j.inoche.2021.108609,2021
10.1016/j.inoche.2021.108613,2021
10.1016/j.inoche.2021.108644,2021
10.1016/j.inoche.2021.108657,2021
10.1016/j.inoche.2021.108682,2021
10.1016/j.inoche.2021.108693,2021
10.1016/j.inoche.2021.108782,2021
10.1016/j.inoche.2021.108794,2021
10.1016/j.inoche.2021.108819,2021
10.1016/j.inoche.2021.108828,2021
10.1016/j.inoche.2021.108870,2021
10.1016/j.inoche.2021.108896,2021
10.1016/j.inoche.2021.108928,2021
10.1016/j.inoche.2021.108944,2021
10.1016/j.inoche.2021.108997,2021
10.1016/j.inoche.2021.109017,2021
10.1016/j.inoche.2021.109078,2022
10.1016/j.inoche.2021.109126,2022
10.1016/j.inoche.2021.109141,2022
10.1016/j.inoche.2022.109251,2022
10.1016/j.inoche.2022.109405,2022
10.1016/j.inoche.2022.109431,2022
10.1016/j.inoche.2022.109534,2022
10.1016/j.inoche.2022.109696,2022
10.1016/j.inoche.2022.110070,2022
10.1016/j.inoche.2022.110078,2022
10.1016/j.inoche.2022.110109,2022
10.1016/j.inoche.2022.110137,2022
10.1016/j.inoche.2022.110145,2023
10.1016/j.inoche.2022.110196,2022
10.1016/j.inoche.2022.110280,2023
10.1016/j.inoche.2022.110348,2023
10.1016/j.inoche.2023.110455,2023
10.1016/j.inoche.2023.110477,2023
10.1016/j.inoche.2023.110542,2023
10.1016/j.inoche.2023.110748,2023
10.1016/j.inoche.2023.110783,2023
10.1016/j.inoche.2023.110920,2023
10.1016/j.inoche.2023.111056,2023
10.1016/j.inoche.2023.111095,2023
10.1016/j.inoche.2023.111108,2023
10.1016/j.inoche.2023.111252,2023
10.1016/j.inoche.2023.111258,2023
10.1016/j.inoche.2023.111290,2023
10.1016/j.inoche.2023.111340,2023
10.1016/j.inoche.2023.111394,2023
10.1016/j.inoche.2023.111403,2023
10.1016/j.inoche.2023.111436,2023
10.1016/j.inoche.2023.111476,2023
10.1016/j.inoche.2023.111561,2023
10.1016/j.inoche.2023.111612,2023
10.1016/j.inoche.2023.111634,2023
10.1016/j.inoche.2023.111679,2023
10.1016/j.inoche.2023.111819,2024
10.1016/j.inoche.2023.111897,2024
10.1016/j.inoche.2023.111982,2024
10.1016/j.inoche.2024.112172,2024
10.1016/j.inoche.2024.112574,2024
10.1016/j.inoche.2024.112581,2024
10.1016/j.inoche.2024.112741,2024
10.1016/j.inoche.2024.112757,2024
10.1016/j.inoche.2024.112781,2024
10.1016/j.inoche.2024.112813,2024
10.1016/j.inoche.2024.112915,2024
10.1016/j.inoche.2024.112927,2024
10.1016/j.inoche.2024.112951,2024
10.1016/j.inoche.2024.113150,2024
10.1016/j.inoche.2024.113174,2024
10.1016/j.inoche.2024.113262,2024
10.1016/j.inoche.2024.113297,2024
10.1016/j.inoche.2024.113333,2024
10.1016/j.inoche.2024.113351,2024
10.1016/j.inoche.2024.113475,2025
10.1016/j.inoche.2024.113582,2025
10.1016/j.inoche.2024.113589,2025
10.1016/j.inoche.2024.113590,2025
10.1016/j.inoche.2024.113686,2025
10.1016/j.inoche.2024.113833,2025
10.1016/j.inoche.2025.113978,2025
10.1016/j.inoche.2025.114003,2025
10.1016/j.inoche.2025.114026,2025
10.1016/j.inoche.2025.114105,2025
10.1016/j.inoche.2025.114194,2025
10.1016/j.inoche.2025.114321,2025
10.1016/j.inoche.2025.114429,2025
10.1016/j.inoche.2025.114444,2025
10.1016/j.inoche.2025.114661,2025
10.1016/j.inoche2014.09.033,2014
10.1016/j.jaap.2015.08.018,2015
10.1016/j.jallcom.2007.04.198,2008
10.1016/j.jallcom.2007.04.199,2008
10.1016/j.jallcom.2009.11.203,2010
10.1016/j.jallcom.2012.06.030,2012
10.1016/j.jallcom.2013.09.195,2014
10.1016/j.jallcom.2016.11.220,2017
10.1016/j.jallcom.2017.01.260,2017
10.1016/j.jallcom.2017.07.095,2017
10.1016/j.jallcom.2018.12.157,2019
10.1016/j.jallcom.2019.03.186,2019
10.1016/j.jallcom.2020.156578,2021
10.1016/j.jallcom.2021.160353,2021
10.1016/j.jallcom.2021.161494,2021
10.1016/j.jallcom.2021.161860,2022
10.1016/j.jallcom.2021.163178,2022
10.1016/j.jallcom.2022.165900,2022
10.1016/j.jallcom.2022.165939,2022
10.1016/j.jallcom.2022.167647,2023
10.1016/j.jallcom.2023.169138,2023
10.1016/j.jallcom.2023.169747,2023
10.1016/j.jallcom.2023.170289,2023
10.1016/j.jallcom.2023.170309,2023
10.1016/j.jallcom.2023.171811,2023
10.1016/j.jallcom.2023.172897,2024
10.1016/j.jallcom.2025.178701,2025
10.1016/j.jallcom.2025.181123,2025
10.1016/j.jcat.2008.05.021,2008
10.1016/j.jcat.2009.04.021,2009
10.1016/j.jcat.2009.11.011,2010
10.1016/j.jcat.2011.04.004,2011
10.1016/j.jcat.2011.10.001,2012
10.1016/j.jcat.2012.01.013,2012
10.1016/j.jcat.2012.05.003,2012
10.1016/j.jcat.2012.11.029,2013
10.1016/j.jcat.2012.12.004,2013
10.1016/j.jcat.2013.08.001,2013
10.1016/j.jcat.2014.05.019,2014
10.1016/j.jcat.2014.09.010,2014
10.1016/j.jcat.2015.10.026,2016
10.1016/j.jcat.2015.11.012,2016
10.1016/j.jcat.2016.01.030,2016
10.1016/j.jcat.2016.02.013,2016
10.1016/j.jcat.2016.07.021,2016
10.1016/j.jcat.2017.02.013,2017
10.1016/j.jcat.2017.08.009,2017
10.1016/j.jcat.2017.08.012,2017
10.1016/j.jcat.2018.02.033,2018
10.1016/j.jcat.2018.06.013,2018
10.1016/j.jcat.2018.08.009,2018
10.1016/j.jcat.2018.10.035,2019
10.1016/j.jcat.2018.11.031,2019
10.1016/j.jcat.2019.02.011,2019
10.1016/j.jcat.2019.03.008,2019
10.1016/j.jcat.2019.04.023,2019
10.1016/j.jcat.2019.06.024,2019
10.1016/j.jcat.2019.08.038,2019
10.1016/j.jcat.2019.11.031,2020
10.1016/j.jcat.2020.04.013,2020
10.1016/j.jcat.2020.05.010,2020
10.1016/j.jcat.2020.05.033,2020
10.1016/j.jcat.2020.09.024,2020
10.1016/j.jcat.2020.09.037,2020
10.1016/j.jcat.2021.08.008,2021
10.1016/j.jcat.2022.01.010,2022
10.1016/j.jcat.2022.01.031,2022
10.1016/j.jcat.2022.03.009,2022
10.1016/j.jcat.2022.09.021,2022
10.1016/j.jcat.2022.10.021,2022
10.1016/j.jcat.2023.03.002,2023
10.1016/j.jcat.2023.115181,2023
10.1016/j.jcat.2023.115249,2024
10.1016/j.jcat.2024.115308,2024
10.1016/j.jcat.2024.115395,2024
10.1016/j.jcat.2024.115516,2024
10.1016/j.jcat.2024.115571,2024
10.1016/j.jcat.2024.115589,2024
10.1016/j.jcat.2024.115641,2024
10.1016/j.jcat.2025.116309,2025
10.1016/j.jcis.2011.09.060,2012
10.1016/j.jcis.2014.03.014,2014
10.1016/j.jcis.2014.03.066,2014
10.1016/j.jcis.2014.05.021,2014
10.1016/j.jcis.2015.01.027,2015
10.1016/j.jcis.2015.05.005,2015
10.1016/j.jcis.2015.09.015,2016
10.1016/j.jcis.2015.11.036,2016
10.1016/j.jcis.2016.05.057,2016
10.1016/j.jcis.2016.09.068,2017
10.1016/j.jcis.2016.11.081,2017
10.1016/j.jcis.2016.11.100,2017
10.1016/j.jcis.2017.01.060,2017
10.1016/j.jcis.2017.01.091,2017
10.1016/j.jcis.2017.03.101,2017
10.1016/j.jcis.2017.07.022,2017
10.1016/j.jcis.2017.11.034,2018
10.1016/j.jcis.2017.12.014,2018
10.1016/j.jcis.2018.01.070,2018
10.1016/j.jcis.2018.01.112,2018
10.1016/j.jcis.2018.02.003,2018
10.1016/j.jcis.2018.04.063,2018
10.1016/j.jcis.2018.04.095,2018
10.1016/j.jcis.2018.05.008,2018
10.1016/j.jcis.2018.07.140,2018
10.1016/j.jcis.2018.08.029,2018
10.1016/j.jcis.2018.09.086,2019
10.1016/j.jcis.2019.06.064,2019
10.1016/j.jcis.2019.08.051,2019
10.1016/j.jcis.2019.09.019,2019
10.1016/j.jcis.2019.10.093,2020
10.1016/j.jcis.2019.11.056,2020
10.1016/j.jcis.2020.03.076,2020
10.1016/j.jcis.2020.05.080,2020
10.1016/j.jcis.2020.12.070,2021
10.1016/j.jcis.2021.04.134,2021
10.1016/j.jcis.2021.05.136,2021
10.1016/j.jcis.2021.05.169,2021
10.1016/j.jcis.2021.09.031,2022
10.1016/j.jcis.2021.10.145,2022
10.1016/j.jcis.2021.12.163,2022
10.1016/j.jcis.2022.03.038,2022
10.1016/j.jcis.2022.03.066,2022
10.1016/j.jcis.2022.04.078,2022
10.1016/j.jcis.2022.04.095,2022
10.1016/j.jcis.2022.05.026,2022
10.1016/j.jcis.2022.05.082,2022
10.1016/j.jcis.2022.07.059,2022
10.1016/j.jcis.2022.07.185,2022
10.1016/j.jcis.2022.08.073,2022
10.1016/j.jcis.2022.08.133,2023
10.1016/j.jcis.2022.09.004,2023
10.1016/j.jcis.2023.01.143,2023
10.1016/j.jcis.2023.02.035,2023
10.1016/j.jcis.2023.05.039,2023
10.1016/j.jcis.2023.05.069,2023
10.1016/j.jcis.2023.06.136,2023
10.1016/j.jcis.2023.08.006,2023
10.1016/j.jcis.2023.09.010,2023
10.1016/j.jcis.2023.12.110,2024
10.1016/j.jcis.2024.01.012,2024
10.1016/j.jcis.2024.02.048,2024
10.1016/j.jcis.2024.02.067,2024
10.1016/j.jcis.2024.03.031,2024
10.1016/j.jcis.2024.03.181,2024
10.1016/j.jcis.2024.05.104,2024
10.1016/j.jcis.2024.05.125,2024
10.1016/j.jcis.2024.05.211,2024
10.1016/j.jcis.2024.06.125,2024
10.1016/j.jcis.2024.06.165,2024
10.1016/j.jcis.2024.10.169,2025
10.1016/j.jcis.2024.11.019,2025
10.1016/j.jcis.2025.02.088,2025
10.1016/j.jcis.2025.02.096,2025
10.1016/j.jcou.2015.01.003,2015
10.1016/j.jcou.2016.04.008,2016
10.1016/j.jcou.2016.10.004,2016
10.1016/j.jcou.2016.11.005,2017
10.1016/j.jcou.2016.12.001,2017
10.1016/j.jcou.2017.01.019,2017
10.1016/j.jcou.2017.03.004,2017
10.1016/j.jcou.2017.05.026,2017
10.1016/j.jcou.2017.09.007,2017
10.1016/j.jcou.2017.10.015,2017
10.1016/j.jcou.2017.11.004,2018
10.1016/j.jcou.2018.02.004,2018
10.1016/j.jcou.2018.03.006,2018
10.1016/j.jcou.2018.08.002,2018
10.1016/j.jcou.2018.10.015,2018
10.1016/j.jcou.2019.09.001,2020
10.1016/j.jcou.2019.09.005,2019
10.1016/j.jcou.2019.10.021,2020
10.1016/j.jcou.2019.12.008,2020
10.1016/j.jcou.2020.01.004,2020
10.1016/j.jcou.2020.101173,2020
10.1016/j.jcou.2020.101177,2020
10.1016/j.jcou.2020.101253,2020
10.1016/j.jcou.2020.101297,2020
10.1016/j.jcou.2020.101301,2020
10.1016/j.jcou.2020.101324,2020
10.1016/j.jcou.2021.101076,2021
10.1016/j.jcou.2021.101575,2021
10.1016/j.jcou.2021.101603,2021
10.1016/j.jcou.2021.101718,2021
10.1016/j.jcou.2022.101884,2022
10.1016/j.jcou.2022.101905,2022
10.1016/j.jcou.2022.101936,2022
10.1016/j.jcou.2022.101951,2022
10.1016/j.jcou.2022.101960,2022
10.1016/j.jcou.2022.101961,2022
10.1016/j.jcou.2022.102061,2022
10.1016/j.jcou.2022.102166,2022
10.1016/j.jcou.2022.102235,2022
10.1016/j.jcou.2022.102262,2022
10.1016/j.jcou.2022.102304,2023
10.1016/j.jcou.2022.102352,2023
10.1016/j.jcou.2023.102633,2023
10.1016/j.jcou.2023.102636,2023
10.1016/j.jcou.2023.102664,2024
10.1016/j.jcou.2024.102933,2024
10.1016/j.jcou.2025.103025,2025
10.1016/j.jcou.2025.103035,2025
10.1016/j.jcrysgro.2004.11.264,2005
10.1016/j.jcrysgro.2016.07.004,2016
10.1016/j.jcrysgro.2023.127348,2023
10.1016/j.jct.2012.06.029,2012
10.1016/j.jechem.2016.06.003,2016
10.1016/j.jechem.2017.07.022,2017
10.1016/j.jechem.2018.02.017,2019
10.1016/j.jechem.2019.07.014,2020
10.1016/j.jelechem.2017.11.001,2018
10.1016/j.jelechem.2018.04.015,2018
10.1016/j.jelechem.2018.06.006,2018
10.1016/j.jelechem.2020.113939,2020
10.1016/j.jelechem.2022.116124,2022
10.1016/j.jelechem.2022.116306,2022
10.1016/j.jelechem.2024.118445,2024
10.1016/j.jfca.2019.103352,2020
10.1016/j.jfluchem.2013.02.016,2013
10.1016/j.jfluchem.2014.08.002,2014
10.1016/j.jfluchem.2016.01.006,2016
10.1016/j.jfluchem.2016.07.003,2016
10.1016/j.jfluchem.2017.12.005,2018
10.1016/j.jics.2024.101125,2024
10.1016/j.jics.2024.101166,2024
10.1016/j.jics.2024.101335,2024
10.1016/j.jics.2025.101756,2025
10.1016/j.jiec.2013.01.026,2013
10.1016/j.jiec.2016.04.014,2016
10.1016/j.jiec.2016.08.025,2016
10.1016/j.jiec.2017.04.022,2017
10.1016/j.jiec.2017.05.020,2017
10.1016/j.jiec.2017.05.028,2017
10.1016/j.jiec.2018.03.006,2018
10.1016/j.jiec.2018.07.003,2018
10.1016/j.jiec.2018.11.040,2019
10.1016/j.jiec.2019.07.038,2019
10.1016/j.jiec.2019.08.013,2019
10.1016/j.jiec.2020.03.001,2020
10.1016/j.jiec.2020.04.015,2020
10.1016/j.jiec.2020.04.031,2020
10.1016/j.jiec.2020.05.013,2020
10.1016/j.jiec.2020.05.016,2020
10.1016/j.jiec.2020.07.009,2020
10.1016/j.jiec.2021.08.004,2021
10.1016/j.jiec.2021.12.036,2022
10.1016/j.jiec.2022.04.016,2022
10.1016/j.jiec.2022.05.021,2022
10.1016/j.jiec.2023.03.027,2023
10.1016/j.jiec.2023.06.032,2023
10.1016/j.jiec.2023.08.037,2024
10.1016/j.jiec.2023.09.013,2024
10.1016/j.jiec.2023.12.021,2024
10.1016/j.jiec.2024.03.037,2024
10.1016/j.jiec.2024.04.031,2024
10.1016/j.jiec.2024.05.019,2024
10.1016/j.jiec.2025.01.020,2025
10.1016/j.jinorgbio.2019.02.014,2019
10.1016/j.jinorgbio.2019.110818,2019
10.1016/j.jinorgbio.2019.110977,2020
10.1016/j.jmat.2020.10.008,2021
10.1016/j.jmgm.2022.108275,2022
10.1016/j.jmmm.2017.08.013,2017
10.1016/j.jmrt.2020.05.015,2020
10.1016/j.jmrt.2022.03.028,2022
10.1016/j.jmst.2024.03.066,2025
10.1016/j.jmst.2024.11.036,2025
10.1016/j.jnoncrysol.2019.119665,2019
10.1016/j.jorganchem.2006.07.048,2007
10.1016/j.jorganchem.2007.06.060,2007
10.1016/j.jorganchem.2007.07.001,2007
10.1016/j.jorganchem.2008.05.031,2008
10.1016/j.jorganchem.2008.10.008,2009
10.1016/j.jorganchem.2009.01.037,2009
10.1016/j.jorganchem.2009.02.034,2009
10.1016/j.jorganchem.2009.03.008,2009
10.1016/j.jorganchem.2010.07.010,2010
10.1016/j.jorganchem.2010.12.009,2011
10.1016/j.jorganchem.2011.12.017,2012
10.1016/j.jorganchem.2012.02.029,2012
10.1016/j.jorganchem.2012.08.008,2012
10.1016/j.jorganchem.2013.04.040,2013
10.1016/j.jorganchem.2014.10.006,2014
10.1016/j.jorganchem.2017.07.030,2017
10.1016/j.jorganchem.2017.08.013,2018
10.1016/j.jorganchem.2017.10.011,2017
10.1016/j.jorganchem.2017.11.027,2018
10.1016/j.jorganchem.2018.01.029,2018
10.1016/j.jorganchem.2018.04.032,2018
10.1016/j.jorganchem.2018.11.003,2019
10.1016/j.jorganchem.2019.07.018,2019
10.1016/j.jorganchem.2019.120935,2019
10.1016/j.jorganchem.2020.121171,2020
10.1016/j.jorganchem.2021.122156,2022
10.1016/j.jorganchem.2021.122158,2022
10.1016/j.jorganchem.2021.122221,2022
10.1016/j.jorganchem.2022.122497,2022
10.1016/j.jorganchem.2023.122646,2023
10.1016/j.jorganchem.2023.122712,2023
10.1016/j.jorganchem.2023.122778,2023
10.1016/j.jorganchem.2023.122873,2023
10.1016/j.jorganchem.2023.122903,2023
10.1016/j.jorganchem.2023.122922,2024
10.1016/j.jorganchem.2024.123074,2024
10.1016/j.jorganchem.2024.123169,2024
10.1016/j.jorganchem.2024.123403,2024
10.1016/j.jorganchem.2025.123542,2025
10.1016/j.jorganchem.2025.123563,2025
10.1016/j.joule.2017.07.018,2017
10.1016/j.jpba.2022.115026,2022
10.1016/j.jpcs.2006.11.001,2007
10.1016/j.jpcs.2017.07.006,2017
10.1016/j.jpcs.2020.109817,2021
10.1016/j.jpcs.2023.111699,2024
10.1016/j.jpcs.2024.112452,2025
10.1016/j.jphotochem.2015.10.023,2016
10.1016/j.jphotochem.2017.04.025,2017
10.1016/j.jphotochem.2017.09.069,2018
10.1016/j.jphotochem.2017.10.041,2018
10.1016/j.jphotochem.2018.06.032,2018
10.1016/j.jphotochem.2018.06.044,2018
10.1016/j.jphotochem.2018.10.042,2019
10.1016/j.jphotochem.2019.111986,2019
10.1016/j.jphotochem.2019.112240,2020
10.1016/j.jphotochem.2021.113572,2022
10.1016/j.jphotochem.2022.113960,2022
10.1016/j.jphotochem.2023.114776,2023
10.1016/j.jphotochem.2023.115263,2024
10.1016/j.jphotochem.2023.115306,2024
10.1016/j.jphotochem.2023.115333,2024
10.1016/j.jphotochem.2024.115827,2024
10.1016/j.jphotochem.2024.115842,2024
10.1016/j.jpowsour.2017.11.089,2018
10.1016/j.jre.2019.09.001,2020
10.1016/j.jre.2020.01.012,2020
10.1016/j.jre.2021.01.019,2021
10.1016/j.jre.2022.01.012,2023
10.1016/j.jre.2022.02.019,2023
10.1016/j.jre.2023.02.016,2024
10.1016/j.jscs.2017.06.002,2018
10.1016/j.jscs.2020.09.006,2020
10.1016/j.jscs.2024.101817,2024
10.1016/j.jscs.2024.101856,2024
10.1016/j.jssc.2003.09.005,2004
10.1016/j.jssc.2004.05.001,2004
10.1016/j.jssc.2004.05.022,2004
10.1016/j.jssc.2004.12.004,2005
10.1016/j.jssc.2005.02.025,2005
10.1016/j.jssc.2005.06.013,2005
10.1016/j.jssc.2005.07.003,2005
10.1016/j.jssc.2005.08.013,2005
10.1016/j.jssc.2005.08.014,2005
10.1016/j.jssc.2005.12.012,2006
10.1016/j.jssc.2006.04.048,2006
10.1016/j.jssc.2006.07.040,2006
10.1016/j.jssc.2006.08.001,2006
10.1016/j.jssc.2007.03.019,2007
10.1016/j.jssc.2007.04.010,2007
10.1016/j.jssc.2007.12.039,2008
10.1016/j.jssc.2008.03.036,2008
10.1016/j.jssc.2008.04.045,2008
10.1016/j.jssc.2008.05.007,2008
10.1016/j.jssc.2008.05.011,2008
10.1016/j.jssc.2008.05.039,2008
10.1016/j.jssc.2008.05.045,2008
10.1016/j.jssc.2008.08.006,2008
10.1016/j.jssc.2008.09.018,2009
10.1016/j.jssc.2008.11.016,2009
10.1016/j.jssc.2008.11.018,2009
10.1016/j.jssc.2008.11.019,2009
10.1016/j.jssc.2008.11.031,2009
10.1016/j.jssc.2008.12.022,2009
10.1016/j.jssc.2009.03.010,2009
10.1016/j.jssc.2009.03.012,2009
10.1016/j.jssc.2009.03.019,2009
10.1016/j.jssc.2009.04.034,2009
10.1016/j.jssc.2009.06.007,2009
10.1016/j.jssc.2009.06.041,2009
10.1016/j.jssc.2009.06.042,2009
10.1016/j.jssc.2009.07.019,2009
10.1016/j.jssc.2009.07.048,2009
10.1016/j.jssc.2009.07.059,2009
10.1016/j.jssc.2009.07.062,2010
10.1016/j.jssc.2009.08.018,2009
10.1016/j.jssc.2009.08.024,2009
10.1016/j.jssc.2009.09.027,2009
10.1016/j.jssc.2009.10.026,2010
10.1016/j.jssc.2009.11.003,2010
10.1016/j.jssc.2010.01.027,2010
10.1016/j.jssc.2010.03.006,2010
10.1016/j.jssc.2010.03.034,2010
10.1016/j.jssc.2010.07.036,2010
10.1016/j.jssc.2010.09.034,2010
10.1016/j.jssc.2010.09.038,2010
10.1016/j.jssc.2010.10.006,2010
10.1016/j.jssc.2010.10.011,2010
10.1016/j.jssc.2010.11.012,2011
10.1016/j.jssc.2011.01.030,2011
10.1016/j.jssc.2011.03.047,2011
10.1016/j.jssc.2011.03.050,2011
10.1016/j.jssc.2011.04.002,2011
10.1016/j.jssc.2011.06.023,2011
10.1016/j.jssc.2011.09.009,2011
10.1016/j.jssc.2011.11.032,2012
10.1016/j.jssc.2011.12.007,2012
10.1016/j.jssc.2012.01.038,2012
10.1016/j.jssc.2012.02.049,2012
10.1016/j.jssc.2012.03.002,2012
10.1016/j.jssc.2012.03.009,2012
10.1016/j.jssc.2012.04.031,2012
10.1016/j.jssc.2012.06.011,2012
10.1016/j.jssc.2012.06.016,2012
10.1016/j.jssc.2012.06.018,2012
10.1016/j.jssc.2012.07.050,2012
10.1016/j.jssc.2012.08.036,2013
10.1016/j.jssc.2012.08.044,2013
10.1016/j.jssc.2012.08.055,2013
10.1016/j.jssc.2012.10.003,2013
10.1016/j.jssc.2012.10.028,2013
10.1016/j.jssc.2012.12.030,2013
10.1016/j.jssc.2013.01.029,2013
10.1016/j.jssc.2013.02.009,2013
10.1016/j.jssc.2013.02.020,2013
10.1016/j.jssc.2013.02.033,2013
10.1016/j.jssc.2013.03.043,2013
10.1016/j.jssc.2013.03.055,2013
10.1016/j.jssc.2013.05.034,2013
10.1016/j.jssc.2013.06.008,2013
10.1016/j.jssc.2013.06.018,2013
10.1016/j.jssc.2013.06.021,2013
10.1016/j.jssc.2013.07.013,2013
10.1016/j.jssc.2013.07.034,2013
10.1016/j.jssc.2013.08.024,2013
10.1016/j.jssc.2013.08.026,2013
10.1016/j.jssc.2013.08.029,2013
10.1016/j.jssc.2013.09.004,2013
10.1016/j.jssc.2013.10.004,2013
10.1016/j.jssc.2013.10.005,2014
10.1016/j.jssc.2013.10.022,2014
10.1016/j.jssc.2013.11.008,2014
10.1016/j.jssc.2013.11.027,2014
10.1016/j.jssc.2013.12.001,2014
10.1016/j.jssc.2013.12.005,2014
10.1016/j.jssc.2014.01.018,2014
10.1016/j.jssc.2014.01.026,2014
10.1016/j.jssc.2014.01.028,2014
10.1016/j.jssc.2014.03.005,2014
10.1016/j.jssc.2014.03.022,2015
10.1016/j.jssc.2014.04.016,2014
10.1016/j.jssc.2014.04.017,2014
10.1016/j.jssc.2014.04.026,2014
10.1016/j.jssc.2014.05.010,2014
10.1016/j.jssc.2014.05.011,2015
10.1016/j.jssc.2014.05.022,2015
10.1016/j.jssc.2014.06.003,2014
10.1016/j.jssc.2014.06.015,2015
10.1016/j.jssc.2014.06.017,2015
10.1016/j.jssc.2014.06.025,2014
10.1016/j.jssc.2014.06.029,2015
10.1016/j.jssc.2014.07.005,2014
10.1016/j.jssc.2014.07.029,2014
10.1016/j.jssc.2014.08.007,2014
10.1016/j.jssc.2014.09.006,2015
10.1016/j.jssc.2014.10.002,2015
10.1016/j.jssc.2014.10.023,2015
10.1016/j.jssc.2014.11.014,2015
10.1016/j.jssc.2014.11.015,2015
10.1016/j.jssc.2014.11.020,2015
10.1016/j.jssc.2014.11.022,2015
10.1016/j.jssc.2014.11.027,2015
10.1016/j.jssc.2014.11.028,2015
10.1016/j.jssc.2014.12.022,2015
10.1016/j.jssc.2015.01.001,2015
10.1016/j.jssc.2015.01.002,2015
10.1016/j.jssc.2015.01.032,2015
10.1016/j.jssc.2015.02.024,2015
10.1016/j.jssc.2015.03.020,2015
10.1016/j.jssc.2015.03.035,2015
10.1016/j.jssc.2015.03.036,2015
10.1016/j.jssc.2015.04.001,2015
10.1016/j.jssc.2015.04.021,2015
10.1016/j.jssc.2015.04.026,2015
10.1016/j.jssc.2015.04.041,2015
10.1016/j.jssc.2015.05.008,2015
10.1016/j.jssc.2015.05.018,2015
10.1016/j.jssc.2015.06.034,2015
10.1016/j.jssc.2015.07.008,2015
10.1016/j.jssc.2015.07.017,2015
10.1016/j.jssc.2015.07.035,2016
10.1016/j.jssc.2015.08.006,2015
10.1016/j.jssc.2015.08.021,2015
10.1016/j.jssc.2015.08.022,2015
10.1016/j.jssc.2015.08.025,2015
10.1016/j.jssc.2015.08.030,2015
10.1016/j.jssc.2015.08.036,2015
10.1016/j.jssc.2015.08.037,2015
10.1016/j.jssc.2015.08.049,2015
10.1016/j.jssc.2015.09.027,2015
10.1016/j.jssc.2015.09.034,2015
10.1016/j.jssc.2015.09.036,2016
10.1016/j.jssc.2015.10.033,2016
10.1016/j.jssc.2015.10.034,2016
10.1016/j.jssc.2015.11.002,2016
10.1016/j.jssc.2015.11.019,2016
10.1016/j.jssc.2015.11.020,2016
10.1016/j.jssc.2015.11.025,2016
10.1016/j.jssc.2015.11.034,2016
10.1016/j.jssc.2015.12.009,2016
10.1016/j.jssc.2016.02.018,2016
10.1016/j.jssc.2016.02.038,2016
10.1016/j.jssc.2016.03.028,2016
10.1016/j.jssc.2016.03.034,2016
10.1016/j.jssc.2016.03.043,2016
10.1016/j.jssc.2016.04.001,2016
10.1016/j.jssc.2016.05.005,2016
10.1016/j.jssc.2016.05.023,2016
10.1016/j.jssc.2016.05.034,2016
10.1016/j.jssc.2016.06.001,2016
10.1016/j.jssc.2016.06.017,2016
10.1016/j.jssc.2016.06.021,2016
10.1016/j.jssc.2016.07.031,2016
10.1016/j.jssc.2016.08.001,2016
10.1016/j.jssc.2016.09.008,2016
10.1016/j.jssc.2016.09.009,2016
10.1016/j.jssc.2016.09.018,2016
10.1016/j.jssc.2016.09.025,2016
10.1016/j.jssc.2016.09.033,2017
10.1016/j.jssc.2016.10.009,2017
10.1016/j.jssc.2016.10.015,2017
10.1016/j.jssc.2016.10.019,2017
10.1016/j.jssc.2016.10.023,2017
10.1016/j.jssc.2016.10.030,2017
10.1016/j.jssc.2016.11.005,2017
10.1016/j.jssc.2016.11.030,2017
10.1016/j.jssc.2016.12.006,2017
10.1016/j.jssc.2017.01.012,2017
10.1016/j.jssc.2017.01.020,2017
10.1016/j.jssc.2017.01.027,2017
10.1016/j.jssc.2017.02.018,2017
10.1016/j.jssc.2017.02.028,2017
10.1016/j.jssc.2017.03.010,2017
10.1016/j.jssc.2017.03.014,2017
10.1016/j.jssc.2017.04.018,2017
10.1016/j.jssc.2017.04.026,2017
10.1016/j.jssc.2017.04.033,2017
10.1016/j.jssc.2017.04.039,2017
10.1016/j.jssc.2017.05.009,2017
10.1016/j.jssc.2017.05.010,2017
10.1016/j.jssc.2017.05.011,2017
10.1016/j.jssc.2017.05.023,2017
10.1016/j.jssc.2017.05.041,2017
10.1016/j.jssc.2017.07.018,2017
10.1016/j.jssc.2017.07.019,2017
10.1016/j.jssc.2017.07.020,2017
10.1016/j.jssc.2017.07.027,2017
10.1016/j.jssc.2017.07.031,2017
10.1016/j.jssc.2017.07.032,2017
10.1016/j.jssc.2017.08.001,2017
10.1016/j.jssc.2017.08.002,2017
10.1016/j.jssc.2017.08.017,2017
10.1016/j.jssc.2017.08.024,2017
10.1016/j.jssc.2017.08.034,2017
10.1016/j.jssc.2017.08.035,2017
10.1016/j.jssc.2017.09.001,2018
10.1016/j.jssc.2017.09.002,2017
10.1016/j.jssc.2017.09.008,2017
10.1016/j.jssc.2017.09.022,2018
10.1016/j.jssc.2017.10.002,2018
10.1016/j.jssc.2017.10.013,2018
10.1016/j.jssc.2017.10.017,2018
10.1016/j.jssc.2017.10.020,2018
10.1016/j.jssc.2017.10.027,2018
10.1016/j.jssc.2017.10.035,2018
10.1016/j.jssc.2017.11.013,2018
10.1016/j.jssc.2017.11.023,2018
10.1016/j.jssc.2017.12.005,2018
10.1016/j.jssc.2017.12.007,2018
10.1016/j.jssc.2017.12.012,2018
10.1016/j.jssc.2017.12.028,2018
10.1016/j.jssc.2017.12.033,2018
10.1016/j.jssc.2017.12.034,2018
10.1016/j.jssc.2018.01.009,2018
10.1016/j.jssc.2018.01.024,2018
10.1016/j.jssc.2018.02.005,2018
10.1016/j.jssc.2018.02.007,2018
10.1016/j.jssc.2018.02.012,2018
10.1016/j.jssc.2018.03.018,2018
10.1016/j.jssc.2018.04.008,2018
10.1016/j.jssc.2018.04.016,2018
10.1016/j.jssc.2018.04.021,2018
10.1016/j.jssc.2018.04.030,2018
10.1016/j.jssc.2018.04.036,2018
10.1016/j.jssc.2018.05.010,2018
10.1016/j.jssc.2018.05.034,2018
10.1016/j.jssc.2018.06.008,2018
10.1016/j.jssc.2018.06.026,2018
10.1016/j.jssc.2018.07.030,2019
10.1016/j.jssc.2018.08.017,2018
10.1016/j.jssc.2018.09.003,2018
10.1016/j.jssc.2018.09.004,2019
10.1016/j.jssc.2018.09.007,2019
10.1016/j.jssc.2018.09.014,2019
10.1016/j.jssc.2018.09.019,2019
10.1016/j.jssc.2018.09.029,2019
10.1016/j.jssc.2018.09.031,2019
10.1016/j.jssc.2018.09.032,2019
10.1016/j.jssc.2018.09.040,2019
10.1016/j.jssc.2018.10.017,2019
10.1016/j.jssc.2018.10.044,2019
10.1016/j.jssc.2018.10.046,2019
10.1016/j.jssc.2018.11.027,2019
10.1016/j.jssc.2018.12.002,2019
10.1016/j.jssc.2018.12.009,2019
10.1016/j.jssc.2018.12.049,2019
10.1016/j.jssc.2019.01.007,2019
10.1016/j.jssc.2019.01.013,2019
10.1016/j.jssc.2019.02.011,2019
10.1016/j.jssc.2019.02.041,2019
10.1016/j.jssc.2019.02.043,2019
10.1016/j.jssc.2019.03.011,2019
10.1016/j.jssc.2019.03.038,2019
10.1016/j.jssc.2019.03.052,2019
10.1016/j.jssc.2019.04.016,2019
10.1016/j.jssc.2019.04.018,2019
10.1016/j.jssc.2019.04.021,2019
10.1016/j.jssc.2019.05.008,2019
10.1016/j.jssc.2019.05.025,2019
10.1016/j.jssc.2019.05.044,2019
10.1016/j.jssc.2019.06.001,2019
10.1016/j.jssc.2019.06.036,2019
10.1016/j.jssc.2019.07.003,2019
10.1016/j.jssc.2019.07.008,2019
10.1016/j.jssc.2019.07.012,2019
10.1016/j.jssc.2019.07.034,2019
10.1016/j.jssc.2019.07.046,2019
10.1016/j.jssc.2019.120896,2019
10.1016/j.jssc.2019.120900,2019
10.1016/j.jssc.2019.120904,2019
10.1016/j.jssc.2019.120908,2019
10.1016/j.jssc.2019.120909,2019
10.1016/j.jssc.2019.120913,2019
10.1016/j.jssc.2019.120927,2019
10.1016/j.jssc.2019.120929,2019
10.1016/j.jssc.2019.120931,2019
10.1016/j.jssc.2019.120950,2019
10.1016/j.jssc.2019.120958,2019
10.1016/j.jssc.2019.120967,2019
10.1016/j.jssc.2019.120976,2019
10.1016/j.jssc.2019.120987,2019
10.1016/j.jssc.2019.120993,2019
10.1016/j.jssc.2019.121026,2020
10.1016/j.jssc.2019.121029,2020
10.1016/j.jssc.2019.121030,2020
10.1016/j.jssc.2019.121086,2020
10.1016/j.jssc.2019.121123,2020
10.1016/j.jssc.2019.121127,2020
10.1016/j.jssc.2019.121133,2020
10.1016/j.jssc.2019.121137,2020
10.1016/j.jssc.2020.121179,2020
10.1016/j.jssc.2020.121180,2020
10.1016/j.jssc.2020.121183,2020
10.1016/j.jssc.2020.121218,2020
10.1016/j.jssc.2020.121236,2020
10.1016/j.jssc.2020.121251,2020
10.1016/j.jssc.2020.121252,2020
10.1016/j.jssc.2020.121257,2020
10.1016/j.jssc.2020.121258,2020
10.1016/j.jssc.2020.121321,2020
10.1016/j.jssc.2020.121322,2020
10.1016/j.jssc.2020.121334,2020
10.1016/j.jssc.2020.121336,2020
10.1016/j.jssc.2020.121340,2020
10.1016/j.jssc.2020.121342,2020
10.1016/j.jssc.2020.121343,2020
10.1016/j.jssc.2020.121404,2020
10.1016/j.jssc.2020.121445,2020
10.1016/j.jssc.2020.121493,2020
10.1016/j.jssc.2020.121494,2020
10.1016/j.jssc.2020.121497,2020
10.1016/j.jssc.2020.121524,2020
10.1016/j.jssc.2020.121532,2020
10.1016/j.jssc.2020.121549,2020
10.1016/j.jssc.2020.121560,2020
10.1016/j.jssc.2020.121573,2020
10.1016/j.jssc.2020.121622,2020
10.1016/j.jssc.2020.121639,2020
10.1016/j.jssc.2020.121654,2020
10.1016/j.jssc.2020.121670,2020
10.1016/j.jssc.2020.121673,2020
10.1016/j.jssc.2020.121694,2020
10.1016/j.jssc.2020.121702,2020
10.1016/j.jssc.2020.121706,2021
10.1016/j.jssc.2020.121708,2020
10.1016/j.jssc.2020.121721,2020
10.1016/j.jssc.2020.121742,2020
10.1016/j.jssc.2020.121771,2021
10.1016/j.jssc.2020.121853,2021
10.1016/j.jssc.2020.121860,2021
10.1016/j.jssc.2020.121874,2021
10.1016/j.jssc.2020.121890,2021
10.1016/j.jssc.2020.121896,2021
10.1016/j.jssc.2020.121916,2021
10.1016/j.jssc.2021.121979,2021
10.1016/j.jssc.2021.122100,2021
10.1016/j.jssc.2021.122148,2021
10.1016/j.jssc.2021.122151,2021
10.1016/j.jssc.2021.122177,2021
10.1016/j.jssc.2021.122278,2021
10.1016/j.jssc.2021.122368,2021
10.1016/j.jssc.2021.122374,2021
10.1016/j.jssc.2021.122375,2021
10.1016/j.jssc.2021.122379,2021
10.1016/j.jssc.2021.122390,2021
10.1016/j.jssc.2021.122437,2021
10.1016/j.jssc.2021.122458,2021
10.1016/j.jssc.2021.122476,2021
10.1016/j.jssc.2021.122482,2021
10.1016/j.jssc.2021.122525,2021
10.1016/j.jssc.2021.122540,2021
10.1016/j.jssc.2021.122541,2021
10.1016/j.jssc.2021.122547,2021
10.1016/j.jssc.2021.122554,2021
10.1016/j.jssc.2021.122562,2021
10.1016/j.jssc.2021.122636,2022
10.1016/j.jssc.2021.122651,2022
10.1016/j.jssc.2021.122654,2022
10.1016/j.jssc.2021.122660,2022
10.1016/j.jssc.2021.122672,2022
10.1016/j.jssc.2021.122691,2022
10.1016/j.jssc.2021.122702,2022
10.1016/j.jssc.2021.122747,2022
10.1016/j.jssc.2021.122800,2022
10.1016/j.jssc.2021.122811,2022
10.1016/j.jssc.2021.122863,2022
10.1016/j.jssc.2021.122864,2022
10.1016/j.jssc.2021.122868,2022
10.1016/j.jssc.2022.122907,2022
10.1016/j.jssc.2022.122911,2022
10.1016/j.jssc.2022.122946,2022
10.1016/j.jssc.2022.122970,2022
10.1016/j.jssc.2022.123001,2022
10.1016/j.jssc.2022.123017,2022
10.1016/j.jssc.2022.123079,2022
10.1016/j.jssc.2022.123111,2022
10.1016/j.jssc.2022.123144,2022
10.1016/j.jssc.2022.123148,2022
10.1016/j.jssc.2022.123154,2022
10.1016/j.jssc.2022.123169,2022
10.1016/j.jssc.2022.123183,2022
10.1016/j.jssc.2022.123201,2022
10.1016/j.jssc.2022.123211,2022
10.1016/j.jssc.2022.123229,2022
10.1016/j.jssc.2022.123243,2022
10.1016/j.jssc.2022.123260,2022
10.1016/j.jssc.2022.123270,2022
10.1016/j.jssc.2022.123306,2022
10.1016/j.jssc.2022.123344,2022
10.1016/j.jssc.2022.123348,2022
10.1016/j.jssc.2022.123358,2022
10.1016/j.jssc.2022.123400,2022
10.1016/j.jssc.2022.123492,2022
10.1016/j.jssc.2022.123520,2022
10.1016/j.jssc.2022.123558,2022
10.1016/j.jssc.2022.123601,2022
10.1016/j.jssc.2022.123602,2022
10.1016/j.jssc.2022.123610,2022
10.1016/j.jssc.2022.123651,2023
10.1016/j.jssc.2022.123713,2023
10.1016/j.jssc.2022.123740,2023
10.1016/j.jssc.2022.123797,2023
10.1016/j.jssc.2022.123833,2023
10.1016/j.jssc.2023.123849,2023
10.1016/j.jssc.2023.123935,2023
10.1016/j.jssc.2023.123942,2023
10.1016/j.jssc.2023.123950,2023
10.1016/j.jssc.2023.123970,2023
10.1016/j.jssc.2023.123979,2023
10.1016/j.jssc.2023.123984,2023
10.1016/j.jssc.2023.124010,2023
10.1016/j.jssc.2023.124050,2023
10.1016/j.jssc.2023.124066,2023
10.1016/j.jssc.2023.124080,2023
10.1016/j.jssc.2023.124173,2023
10.1016/j.jssc.2023.124186,2023
10.1016/j.jssc.2023.124270,2023
10.1016/j.jssc.2023.124337,2023
10.1016/j.jssc.2023.124438,2024
10.1016/j.jssc.2023.124485,2024
10.1016/j.jssc.2023.124491,2024
10.1016/j.jssc.2023.124509,2024
10.1016/j.jssc.2023.124534,2024
10.1016/j.jssc.2024.124582,2024
10.1016/j.jssc.2024.124631,2024
10.1016/j.jssc.2024.124648,2024
10.1016/j.jssc.2024.124677,2024
10.1016/j.jssc.2024.124726,2024
10.1016/j.jssc.2024.124773,2024
10.1016/j.jssc.2024.124819,2024
10.1016/j.jssc.2024.124863,2024
10.1016/j.jssc.2024.124956,2024
10.1016/j.jssc.2024.124964,2024
10.1016/j.jssc.2024.125028,2024
10.1016/j.jssc.2024.125090,2025
10.1016/j.jssc.2024.125098,2025
10.1016/j.jssc.2024.125100,2025
10.1016/j.jssc.2024.125174,2025
10.1016/j.jssc.2025.125211,2025
10.1016/j.jssc.2025.125329,2025
10.1016/j.matchar.2018.01.003,2018
10.1016/j.matchemphys.2011.09.056,2011
10.1016/j.matchemphys.2013.02.071,2013
10.1016/j.matchemphys.2013.09.048,2014
10.1016/j.matchemphys.2013.10.038,2014
10.1016/j.matchemphys.2013.12.014,2014
10.1016/j.matchemphys.2014.05.037,2014
10.1016/j.matchemphys.2014.06.015,2014
10.1016/j.matchemphys.2014.07.036,2014
10.1016/j.matchemphys.2017.01.024,2017
10.1016/j.matchemphys.2017.10.034,2018
10.1016/j.matchemphys.2018.04.031,2018
10.1016/j.matchemphys.2018.05.028,2018
10.1016/j.matchemphys.2018.11.017,2019
10.1016/j.matchemphys.2019.01.009,2019
10.1016/j.matchemphys.2019.05.009,2019
10.1016/j.matchemphys.2019.05.044,2019
10.1016/j.matchemphys.2019.122563,2020
10.1016/j.matchemphys.2019.122576,2020
10.1016/j.matchemphys.2020.122869,2020
10.1016/j.matchemphys.2020.123060,2020
10.1016/j.matchemphys.2020.123278,2020
10.1016/j.matchemphys.2020.123924,2021
10.1016/j.matchemphys.2021.125040,2021
10.1016/j.matchemphys.2021.125288,2022
10.1016/j.matchemphys.2021.125420,2022
10.1016/j.matchemphys.2021.125502,2022
10.1016/j.matchemphys.2021.125536,2022
10.1016/j.matchemphys.2022.126493,2022
10.1016/j.matchemphys.2022.126629,2022
10.1016/j.matchemphys.2022.126748,2022
10.1016/j.matchemphys.2022.126933,2023
10.1016/j.matchemphys.2022.127024,2023
10.1016/j.matchemphys.2022.127039,2023
10.1016/j.matchemphys.2023.128448,2023
10.1016/j.matchemphys.2024.129245,2024
10.1016/j.matchemphys.2024.129533,2024
10.1016/j.matchemphys.2024.129804,2024
10.1016/j.matchemphys.2024.130007,2024
10.1016/j.matchemphys.2024.130283,2025
10.1016/j.matchemphys.2024.130292,2025
10.1016/j.matchemphys.2025.130363,2025
10.1016/j.matchemphys.2025.130465,2025
10.1016/j.matdes.2017.03.002,2017
10.1016/j.matdes.2021.109741,2021
10.1016/j.matdes.2023.112252,2023
10.1016/j.materresbull.2006.01.022,2006
10.1016/j.materresbull.2006.02.009,2006
10.1016/j.materresbull.2016.06.022,2016
10.1016/j.materresbull.2017.04.020,2017
10.1016/j.materresbull.2017.10.038,2018
10.1016/j.materresbull.2017.12.033,2018
10.1016/j.materresbull.2018.07.025,2019
10.1016/j.materresbull.2020.110806,2020
10.1016/j.materresbull.2020.111058,2021
10.1016/j.materresbull.2021.111243,2021
10.1016/j.materresbull.2021.111388,2021
10.1016/j.materresbull.2023.112462,2023
10.1016/j.materresbull.2024.112927,2024
10.1016/j.matlet.2008.09.010,2009
10.1016/j.matlet.2009.05.040,2009
10.1016/j.matlet.2010.10.059,2011
10.1016/j.matlet.2011.02.009,2011
10.1016/j.matlet.2011.06.081,2011
10.1016/j.matlet.2013.03.053,2013
10.1016/j.matlet.2013.05.058,2013
10.1016/j.matlet.2013.11.096,2014
10.1016/j.matlet.2014.04.024,2014
10.1016/j.matlet.2014.06.025,2014
10.1016/j.matlet.2014.06.059,2014
10.1016/j.matlet.2014.08.058,2014
10.1016/j.matlet.2014.11.113,2015
10.1016/j.matlet.2014.11.115,2015
10.1016/j.matlet.2014.11.127,2015
10.1016/j.matlet.2015.01.159,2015
10.1016/j.matlet.2015.03.091,2015
10.1016/j.matlet.2015.04.142,2015
10.1016/j.matlet.2015.08.004,2015
10.1016/j.matlet.2015.09.044,2016
10.1016/j.matlet.2015.09.061,2015
10.1016/j.matlet.2016.05.057,2016
10.1016/j.matlet.2016.06.015,2016
10.1016/j.matlet.2016.08.018,2016
10.1016/j.matlet.2016.09.099,2017
10.1016/j.matlet.2016.12.025,2017
10.1016/j.matlet.2016.12.111,2017
10.1016/j.matlet.2017.01.120,2017
10.1016/j.matlet.2017.02.091,2017
10.1016/j.matlet.2017.03.034,2017
10.1016/j.matlet.2017.03.077,2017
10.1016/j.matlet.2017.03.140,2017
10.1016/j.matlet.2017.03.162,2017
10.1016/j.matlet.2017.04.099,2017
10.1016/j.matlet.2018.03.006,2018
10.1016/j.matlet.2018.03.099,2018
10.1016/j.matlet.2018.04.014,2018
10.1016/j.matlet.2018.04.084,2018
10.1016/j.matlet.2018.04.130,2018
10.1016/j.matlet.2018.10.082,2019
10.1016/j.matlet.2019.02.124,2019
10.1016/j.matlet.2019.05.038,2019
10.1016/j.matlet.2019.06.003,2019
10.1016/j.matlet.2019.126519,2019
10.1016/j.matlet.2020.127402,2020
10.1016/j.matlet.2020.128127,2020
10.1016/j.matlet.2020.128387,2020
10.1016/j.matlet.2020.128512,2020
10.1016/j.matlet.2020.129025,2021
10.1016/j.matlet.2020.129052,2021
10.1016/j.matlet.2020.129261,2021
10.1016/j.matlet.2021.130427,2021
10.1016/j.matlet.2021.131078,2022
10.1016/j.matlet.2022.132481,2022
10.1016/j.matlet.2023.133829,2023
10.1016/j.matlet.2023.134344,2023
10.1016/j.matlet.2023.134699,2023
10.1016/j.matlet.2024.136460,2024
10.1016/j.matlet.2024.137738,2025
10.1016/j.matlet.2025.138969,2025
10.1016/j.matt.2019.06.022,2019
10.1016/j.matt.2019.11.002,2020
10.1016/j.matt.2019.11.005,2020
10.1016/j.matt.2020.10.009,2021
10.1016/j.matt.2023.10.019,2024
10.1016/j.matt.2024.07.013,2024
10.1016/j.mattod.2021.01.008,2021
10.1016/j.mattod.2021.01.010,2021
10.1016/j.mattod.2021.07.021,2021
10.1016/j.mattod.2022.04.002,2022
10.1016/j.mattod.2022.05.024,2022
10.1016/j.mattod.2023.02.029,2023
10.1016/j.mattod.2023.05.001,2024
10.1016/j.mcat.2016.12.009,2017
10.1016/j.mcat.2017.03.032,2017
10.1016/j.mcat.2017.07.010,2017
10.1016/j.mcat.2017.11.012,2018
10.1016/j.mcat.2018.10.003,2018
10.1016/j.mcat.2019.01.023,2020
10.1016/j.mcat.2019.01.031,2019
10.1016/j.mcat.2019.110637,2020
10.1016/j.mcat.2020.110965,2020
10.1016/j.mcat.2020.111071,2020
10.1016/j.mcat.2020.111190,2020
10.1016/j.mcat.2020.111291,2021
10.1016/j.mcat.2020.111363,2021
10.1016/j.mcat.2020.111367,2021
10.1016/j.mcat.2021.111454,2021
10.1016/j.mcat.2021.111542,2021
10.1016/j.mcat.2021.111859,2021
10.1016/j.mcat.2021.112007,2022
10.1016/j.mcat.2022.112212,2022
10.1016/j.mcat.2022.112372,2022
10.1016/j.mcat.2022.112530,2022
10.1016/j.mcat.2022.112748,2022
10.1016/j.mcat.2022.112760,2022
10.1016/j.mcat.2022.112891,2023
10.1016/j.mcat.2022.112899,2023
10.1016/j.mcat.2022.112903,2023
10.1016/j.mcat.2023.112921,2023
10.1016/j.mcat.2023.112973,2023
10.1016/j.mcat.2023.113014,2023
10.1016/j.mcat.2023.113107,2023
10.1016/j.mcat.2023.113351,2023
10.1016/j.mcat.2023.113418,2023
10.1016/j.mcat.2023.113428,2023
10.1016/j.mcat.2023.113470,2023
10.1016/j.mcat.2023.113552,2023
10.1016/j.mcat.2023.113608,2023
10.1016/j.mcat.2023.113689,2024
10.1016/j.mcat.2023.113786,2024
10.1016/j.mcat.2024.113910,2024
10.1016/j.mcat.2024.114042,2024
10.1016/j.mcat.2024.114131,2024
10.1016/j.mcat.2024.114162,2024
10.1016/j.mcat.2024.114267,2024
10.1016/j.mcat.2024.114450,2024
10.1016/j.mcat.2024.114456,2024
10.1016/j.mcat.2024.114462,2024
10.1016/j.mcat.2024.114555,2024
10.1016/j.mcat.2024.114628,2025
10.1016/j.mcat.2024.114684,2025
10.1016/j.mcat.2025.115029,2025
10.1016/j.mcat.2025.115045,2025
10.1016/j.mencom.2013.05.004,2013
10.1016/j.mencom.2015.01.009,2015
10.1016/j.mencom.2015.11.023,2015
10.1016/j.mencom.2016.01.020,2016
10.1016/j.mencom.2016.05.010,2016
10.1016/j.mencom.2016.07.025,2016
10.1016/j.mencom.2017.07.001,2017
10.1016/j.mencom.2021.11.042,2021
10.1016/j.mencom.2022.11.031,2022
10.1016/j.mencom.2023.09.034,2023
10.1016/j.mencom.2023.10.025,2023
10.1016/j.microc.2013.08.013,2013
10.1016/j.microc.2019.104498,2020
10.1016/j.microc.2020.105059,2020
10.1016/j.microc.2020.105417,2020
10.1016/j.microc.2020.105579,2020
10.1016/j.microc.2021.106242,2021
10.1016/j.microc.2021.106294,2021
10.1016/j.microc.2022.107618,2022
10.1016/j.microc.2023.108464,2023
10.1016/j.microc.2023.108557,2023
10.1016/j.microc.2023.108684,2023
10.1016/j.microc.2023.108925,2023
10.1016/j.microc.2023.109014,2023
10.1016/j.microc.2023.109182,2023
10.1016/j.microc.2023.109660,2024
10.1016/j.microc.2023.109684,2024
10.1016/j.microc.2024.110035,2024
10.1016/j.microc.2024.111136,2024
10.1016/j.microc.2024.112127,2024
10.1016/j.microc.2024.112300,2025
10.1016/j.microc.2025.114088,2025
10.1016/j.micromeso.2003.12.027,2004
10.1016/j.micromeso.2003.12.029,2004
10.1016/j.micromeso.2004.03.008,2004
10.1016/j.micromeso.2004.10.030,2005
10.1016/j.micromeso.2005.11.048,2006
10.1016/j.micromeso.2005.11.049,2006
10.1016/j.micromeso.2006.08.015,2007
10.1016/j.micromeso.2006.12.041,2007
10.1016/j.micromeso.2007.05.018,2007
10.1016/j.micromeso.2007.08.024,2008
10.1016/j.micromeso.2007.11.014,2008
10.1016/j.micromeso.2008.04.033,2008
10.1016/j.micromeso.2008.06.040,2009
10.1016/j.micromeso.2008.07.029,2009
10.1016/j.micromeso.2008.07.044,2009
10.1016/j.micromeso.2008.08.054,2009
10.1016/j.micromeso.2008.10.037,2009
10.1016/j.micromeso.2008.11.019,2009
10.1016/j.micromeso.2009.03.036,2009
10.1016/j.micromeso.2009.06.009,2010
10.1016/j.micromeso.2009.11.001,2010
10.1016/j.micromeso.2010.02.008,2010
10.1016/j.micromeso.2010.03.026,2010
10.1016/j.micromeso.2010.07.024,2011
10.1016/j.micromeso.2010.10.011,2011
10.1016/j.micromeso.2010.10.022,2011
10.1016/j.micromeso.2010.11.017,2011
10.1016/j.micromeso.2010.12.001,2011
10.1016/j.micromeso.2010.12.016,2011
10.1016/j.micromeso.2010.12.036,2011
10.1016/j.micromeso.2011.02.003,2011
10.1016/j.micromeso.2011.04.028,2011
10.1016/j.micromeso.2011.05.029,2012
10.1016/j.micromeso.2011.08.016,2012
10.1016/j.micromeso.2011.08.028,2012
10.1016/j.micromeso.2011.09.006,2012
10.1016/j.micromeso.2011.09.017,2012
10.1016/j.micromeso.2011.11.025,2012
10.1016/j.micromeso.2011.11.039,2012
10.1016/j.micromeso.2011.11.043,2012
10.1016/j.micromeso.2011.11.052,2012
10.1016/j.micromeso.2011.11.058,2012
10.1016/j.micromeso.2011.12.009,2012
10.1016/j.micromeso.2011.12.010,2012
10.1016/j.micromeso.2011.12.035,2012
10.1016/j.micromeso.2011.12.036,2012
10.1016/j.micromeso.2011.12.053,2012
10.1016/j.micromeso.2012.01.010,2012
10.1016/j.micromeso.2012.02.027,2012
10.1016/j.micromeso.2012.02.042,2012
10.1016/j.micromeso.2012.03.029,2012
10.1016/j.micromeso.2012.03.039,2012
10.1016/j.micromeso.2012.04.018,2012
10.1016/j.micromeso.2012.05.021,2012
10.1016/j.micromeso.2012.06.009,2012
10.1016/j.micromeso.2012.07.008,2012
10.1016/j.micromeso.2012.07.046,2013
10.1016/j.micromeso.2012.09.016,2013
10.1016/j.micromeso.2012.09.028,2013
10.1016/j.micromeso.2012.09.029,2013
10.1016/j.micromeso.2012.12.024,2013
10.1016/j.micromeso.2012.12.035,2013
10.1016/j.micromeso.2013.01.031,2013
10.1016/j.micromeso.2013.02.023,2013
10.1016/j.micromeso.2013.03.021,2013
10.1016/j.micromeso.2013.03.025,2013
10.1016/j.micromeso.2013.05.015,2013
10.1016/j.micromeso.2013.06.008,2013
10.1016/j.micromeso.2013.06.023,2013
10.1016/j.micromeso.2013.06.039,2013
10.1016/j.micromeso.2013.07.030,2013
10.1016/j.micromeso.2013.07.035,2014
10.1016/j.micromeso.2013.08.010,2014
10.1016/j.micromeso.2013.08.048,2013
10.1016/j.micromeso.2013.09.031,2014
10.1016/j.micromeso.2013.09.035,2014
10.1016/j.micromeso.2013.10.003,2014
10.1016/j.micromeso.2013.11.036,2014
10.1016/j.micromeso.2013.12.019,2014
10.1016/j.micromeso.2014.02.016,2014
10.1016/j.micromeso.2014.02.021,2014
10.1016/j.micromeso.2014.03.006,2014
10.1016/j.micromeso.2014.04.016,2014
10.1016/j.micromeso.2014.04.023,2014
10.1016/j.micromeso.2014.07.002,2014
10.1016/j.micromeso.2014.07.037,2015
10.1016/j.micromeso.2014.07.052,2014
10.1016/j.micromeso.2014.09.038,2015
10.1016/j.micromeso.2014.09.046,2015
10.1016/j.micromeso.2014.10.003,2015
10.1016/j.micromeso.2014.10.018,2015
10.1016/j.micromeso.2014.10.034,2015
10.1016/j.micromeso.2014.10.050,2015
10.1016/j.micromeso.2014.11.008,2015
10.1016/j.micromeso.2014.12.008,2015
10.1016/j.micromeso.2015.01.032,2015
10.1016/j.micromeso.2015.01.049,2015
10.1016/j.micromeso.2015.02.023,2015
10.1016/j.micromeso.2015.02.032,2015
10.1016/j.micromeso.2015.02.035,2015
10.1016/j.micromeso.2015.02.049,2015
10.1016/j.micromeso.2015.02.055,2015
10.1016/j.micromeso.2015.03.020,2015
10.1016/j.micromeso.2015.04.005,2015
10.1016/j.micromeso.2015.04.023,2015
10.1016/j.micromeso.2015.04.035,2015
10.1016/j.micromeso.2015.04.036,2015
10.1016/j.micromeso.2015.05.017,2015
10.1016/j.micromeso.2015.05.021,2015
10.1016/j.micromeso.2015.05.029,2015
10.1016/j.micromeso.2015.05.030,2015
10.1016/j.micromeso.2015.06.007,2015
10.1016/j.micromeso.2015.06.046,2016
10.1016/j.micromeso.2015.07.001,2015
10.1016/j.micromeso.2015.08.009,2016
10.1016/j.micromeso.2015.08.013,2016
10.1016/j.micromeso.2015.08.017,2016
10.1016/j.micromeso.2015.08.023,2016
10.1016/j.micromeso.2015.09.026,2016
10.1016/j.micromeso.2015.09.043,2016
10.1016/j.micromeso.2015.09.053,2016
10.1016/j.micromeso.2015.10.033,2016
10.1016/j.micromeso.2015.11.055,2016
10.1016/j.micromeso.2015.11.060,2016
10.1016/j.micromeso.2015.12.004,2016
10.1016/j.micromeso.2015.12.010,2016
10.1016/j.micromeso.2016.01.044,2016
10.1016/j.micromeso.2016.02.029,2016
10.1016/j.micromeso.2016.05.026,2016
10.1016/j.micromeso.2016.05.027,2016
10.1016/j.micromeso.2016.05.035,2016
10.1016/j.micromeso.2016.06.014,2016
10.1016/j.micromeso.2016.07.014,2016
10.1016/j.micromeso.2016.07.039,2016
10.1016/j.micromeso.2016.09.020,2017
10.1016/j.micromeso.2016.09.032,2017
10.1016/j.micromeso.2016.09.034,2017
10.1016/j.micromeso.2016.09.036,2017
10.1016/j.micromeso.2016.09.038,2017
10.1016/j.micromeso.2016.10.043,2017
10.1016/j.micromeso.2016.11.012,2017
10.1016/j.micromeso.2016.12.015,2017
10.1016/j.micromeso.2016.12.031,2017
10.1016/j.micromeso.2017.02.007,2017
10.1016/j.micromeso.2017.02.013,2017
10.1016/j.micromeso.2017.02.020,2017
10.1016/j.micromeso.2017.02.032,2017
10.1016/j.micromeso.2017.03.007,2017
10.1016/j.micromeso.2017.03.011,2017
10.1016/j.micromeso.2017.04.058,2017
10.1016/j.micromeso.2017.05.058,2017
10.1016/j.micromeso.2017.05.059,2017
10.1016/j.micromeso.2017.07.003,2017
10.1016/j.micromeso.2017.07.038,2018
10.1016/j.micromeso.2017.08.045,2018
10.1016/j.micromeso.2017.08.054,2018
10.1016/j.micromeso.2017.10.010,2018
10.1016/j.micromeso.2017.10.014,2018
10.1016/j.micromeso.2017.10.020,2018
10.1016/j.micromeso.2017.10.028,2018
10.1016/j.micromeso.2017.11.020,2018
10.1016/j.micromeso.2017.11.022,2018
10.1016/j.micromeso.2017.12.007,2018
10.1016/j.micromeso.2017.12.016,2018
10.1016/j.micromeso.2018.01.001,2018
10.1016/j.micromeso.2018.01.018,2018
10.1016/j.micromeso.2018.01.031,2018
10.1016/j.micromeso.2018.01.038,2018
10.1016/j.micromeso.2018.02.030,2018
10.1016/j.micromeso.2018.03.011,2018
10.1016/j.micromeso.2018.03.012,2018
10.1016/j.micromeso.2018.03.020,2018
10.1016/j.micromeso.2018.04.005,2018
10.1016/j.micromeso.2018.04.019,2018
10.1016/j.micromeso.2018.04.039,2018
10.1016/j.micromeso.2018.05.004,2018
10.1016/j.micromeso.2018.05.027,2018
10.1016/j.micromeso.2018.06.021,2018
10.1016/j.micromeso.2018.06.023,2018
10.1016/j.micromeso.2018.06.051,2019
10.1016/j.micromeso.2018.07.026,2019
10.1016/j.micromeso.2018.08.019,2019
10.1016/j.micromeso.2018.08.027,2019
10.1016/j.micromeso.2018.09.017,2019
10.1016/j.micromeso.2018.10.026,2019
10.1016/j.micromeso.2018.10.029,2019
10.1016/j.micromeso.2018.10.031,2019
10.1016/j.micromeso.2018.11.005,2019
10.1016/j.micromeso.2018.12.011,2019
10.1016/j.micromeso.2018.12.039,2019
10.1016/j.micromeso.2019.01.022,2019
10.1016/j.micromeso.2019.02.028,2019
10.1016/j.micromeso.2019.03.002,2019
10.1016/j.micromeso.2019.03.010,2019
10.1016/j.micromeso.2019.03.014,2019
10.1016/j.micromeso.2019.04.012,2019
10.1016/j.micromeso.2019.04.057,2019
10.1016/j.micromeso.2019.05.044,2019
10.1016/j.micromeso.2019.06.003,2019
10.1016/j.micromeso.2019.109564,2019
10.1016/j.micromeso.2019.109569,2019
10.1016/j.micromeso.2019.109615,2019
10.1016/j.micromeso.2019.109624,2019
10.1016/j.micromeso.2019.109674,2019
10.1016/j.micromeso.2019.109685,2020
10.1016/j.micromeso.2019.109723,2020
10.1016/j.micromeso.2019.109779,2020
10.1016/j.micromeso.2019.109784,2020
10.1016/j.micromeso.2019.109844,2020
10.1016/j.micromeso.2019.109879,2020
10.1016/j.micromeso.2019.109892,2020
10.1016/j.micromeso.2019.109917,2020
10.1016/j.micromeso.2020.109998,2020
10.1016/j.micromeso.2020.110039,2020
10.1016/j.micromeso.2020.110044,2020
10.1016/j.micromeso.2020.110064,2020
10.1016/j.micromeso.2020.110187,2020
10.1016/j.micromeso.2020.110200,2020
10.1016/j.micromeso.2020.110215,2020
10.1016/j.micromeso.2020.110218,2020
10.1016/j.micromeso.2020.110224,2020
10.1016/j.micromeso.2020.110254,2020
10.1016/j.micromeso.2020.110304,2020
10.1016/j.micromeso.2020.110340,2020
10.1016/j.micromeso.2020.110369,2020
10.1016/j.micromeso.2020.110405,2020
10.1016/j.micromeso.2020.110432,2020
10.1016/j.micromeso.2020.110443,2020
10.1016/j.micromeso.2020.110463,2020
10.1016/j.micromeso.2020.110495,2020
10.1016/j.micromeso.2020.110533,2020
10.1016/j.micromeso.2020.110571,2020
10.1016/j.micromeso.2020.110596,2021
10.1016/j.micromeso.2020.110600,2021
10.1016/j.micromeso.2020.110626,2021
10.1016/j.micromeso.2020.110666,2021
10.1016/j.micromeso.2020.110686,2021
10.1016/j.micromeso.2020.110700,2021
10.1016/j.micromeso.2020.110746,2021
10.1016/j.micromeso.2020.110750,2021
10.1016/j.micromeso.2020.110758,2021
10.1016/j.micromeso.2020.110771,2021
10.1016/j.micromeso.2020.110777,2021
10.1016/j.micromeso.2020.110812,2021
10.1016/j.micromeso.2020.110823,2021
10.1016/j.micromeso.2020.110868,2021
10.1016/j.micromeso.2021.110900,2021
10.1016/j.micromeso.2021.110916,2021
10.1016/j.micromeso.2021.110943,2021
10.1016/j.micromeso.2021.110948,2021
10.1016/j.micromeso.2021.110973,2021
10.1016/j.micromeso.2021.110985,2021
10.1016/j.micromeso.2021.111027,2021
10.1016/j.micromeso.2021.111054,2021
10.1016/j.micromeso.2021.111129,2021
10.1016/j.micromeso.2021.111133,2021
10.1016/j.micromeso.2021.111153,2021
10.1016/j.micromeso.2021.111232,2021
10.1016/j.micromeso.2021.111246,2021
10.1016/j.micromeso.2021.111249,2021
10.1016/j.micromeso.2021.111265,2021
10.1016/j.micromeso.2021.111293,2021
10.1016/j.micromeso.2021.111303,2021
10.1016/j.micromeso.2021.111310,2021
10.1016/j.micromeso.2021.111314,2021
10.1016/j.micromeso.2021.111409,2021
10.1016/j.micromeso.2021.111423,2021
10.1016/j.micromeso.2021.111449,2021
10.1016/j.micromeso.2021.111456,2021
10.1016/j.micromeso.2021.111458,2021
10.1016/j.micromeso.2021.111487,2021
10.1016/j.micromeso.2021.111488,2021
10.1016/j.micromeso.2021.111510,2021
10.1016/j.micromeso.2021.111526,2022
10.1016/j.micromeso.2021.111599,2022
10.1016/j.micromeso.2021.111633,2022
10.1016/j.micromeso.2021.111670,2022
10.1016/j.micromeso.2022.111703,2022
10.1016/j.micromeso.2022.111723,2022
10.1016/j.micromeso.2022.111758,2022
10.1016/j.micromeso.2022.111773,2022
10.1016/j.micromeso.2022.111801,2022
10.1016/j.micromeso.2022.111813,2022
10.1016/j.micromeso.2022.111814,2022
10.1016/j.micromeso.2022.111871,2022
10.1016/j.micromeso.2022.111909,2022
10.1016/j.micromeso.2022.111938,2022
10.1016/j.micromeso.2022.111944,2022
10.1016/j.micromeso.2022.111989,2022
10.1016/j.micromeso.2022.112005,2022
10.1016/j.micromeso.2022.112008,2022
10.1016/j.micromeso.2022.112041,2022
10.1016/j.micromeso.2022.112141,2022
10.1016/j.micromeso.2022.112148,2022
10.1016/j.micromeso.2022.112163,2022
10.1016/j.micromeso.2022.112232,2022
10.1016/j.micromeso.2022.112233,2022
10.1016/j.micromeso.2022.112257,2022
10.1016/j.micromeso.2022.112327,2023
10.1016/j.micromeso.2022.112379,2023
10.1016/j.micromeso.2022.112398,2023
10.1016/j.micromeso.2023.112461,2023
10.1016/j.micromeso.2023.112480,2023
10.1016/j.micromeso.2023.112497,2023
10.1016/j.micromeso.2023.112518,2023
10.1016/j.micromeso.2023.112531,2023
10.1016/j.micromeso.2023.112592,2023
10.1016/j.micromeso.2023.112595,2023
10.1016/j.micromeso.2023.112647,2023
10.1016/j.micromeso.2023.112658,2023
10.1016/j.micromeso.2023.112707,2023
10.1016/j.micromeso.2023.112716,2023
10.1016/j.micromeso.2023.112782,2023
10.1016/j.micromeso.2023.112822,2024
10.1016/j.micromeso.2023.112828,2024
10.1016/j.micromeso.2023.112915,2024
10.1016/j.micromeso.2023.112917,2024
10.1016/j.micromeso.2023.112956,2024
10.1016/j.micromeso.2023.112961,2024
10.1016/j.micromeso.2023.112974,2024
10.1016/j.micromeso.2024.112986,2024
10.1016/j.micromeso.2024.113010,2024
10.1016/j.micromeso.2024.113059,2024
10.1016/j.micromeso.2024.113114,2024
10.1016/j.micromeso.2024.113120,2024
10.1016/j.micromeso.2024.113130,2024
10.1016/j.micromeso.2024.113137,2024
10.1016/j.micromeso.2024.113163,2024
10.1016/j.micromeso.2024.113186,2024
10.1016/j.micromeso.2024.113200,2024
10.1016/j.micromeso.2024.113256,2024
10.1016/j.micromeso.2024.113372,2025
10.1016/j.micromeso.2024.113450,2025
10.1016/j.micromeso.2024.113455,2025
10.1016/j.micromeso.2025.113588,2025
10.1016/j.micromeso.2025.113622,2025
10.1016/j.micromeso.2025.113727,2025
10.1016/j.molcata.2009.03.027,2009
10.1016/j.molcata.2012.04.008,2012
10.1016/j.molcata.2012.06.007,2012
10.1016/j.molcata.2012.08.015,2012
10.1016/j.molcata.2012.09.006,2013
10.1016/j.molcata.2013.07.016,2013
10.1016/j.molcata.2013.12.005,2014
10.1016/j.molcata.2014.05.023,2014
10.1016/j.molcata.2014.08.034,2014
10.1016/j.molcata.2015.06.018,2015
10.1016/j.molcata.2015.07.022,2015
10.1016/j.molcata.2016.04.022,2016
10.1016/j.molcata.2016.07.042,2016
10.1016/j.molcata.2016.11.009,2017
10.1016/j.molcata.2016.11.036,2017
10.1016/j.molcata.2016.12.008,2017
10.1016/j.molliq.2017.06.097,2017
10.1016/j.molliq.2019.02.069,2019
10.1016/j.molliq.2019.112427,2020
10.1016/j.molliq.2020.112996,2020
10.1016/j.molliq.2020.113812,2020
10.1016/j.molliq.2020.114393,2020
10.1016/j.molliq.2021.117290,2021
10.1016/j.molliq.2021.117520,2021
10.1016/j.molliq.2021.117765,2021
10.1016/j.molliq.2021.118353,2022
10.1016/j.molliq.2023.121665,2023
10.1016/j.molliq.2023.122201,2023
10.1016/j.molliq.2023.122646,2023
10.1016/j.molliq.2024.123964,2024
10.1016/j.molliq.2024.124365,2024
10.1016/j.molliq.2024.125732,2024
10.1016/j.molstruc.2003.09.024,2004
10.1016/j.molstruc.2003.11.009,2004
10.1016/j.molstruc.2004.03.012,2004
10.1016/j.molstruc.2004.03.035,2005
10.1016/j.molstruc.2004.03.042,2004
10.1016/j.molstruc.2004.04.015,2004
10.1016/j.molstruc.2004.04.020,2004
10.1016/j.molstruc.2004.05.004,2004
10.1016/j.molstruc.2004.10.063,2005
10.1016/j.molstruc.2005.01.034,2005
10.1016/j.molstruc.2005.05.041,2005
10.1016/j.molstruc.2005.07.031,2006
10.1016/j.molstruc.2005.11.011,2006
10.1016/j.molstruc.2006.02.064,2006
10.1016/j.molstruc.2006.03.050,2006
10.1016/j.molstruc.2006.03.077,2006
10.1016/j.molstruc.2006.03.078,2006
10.1016/j.molstruc.2006.03.099,2006
10.1016/j.molstruc.2006.04.015,2006
10.1016/j.molstruc.2006.04.029,2006
10.1016/j.molstruc.2006.08.025,2007
10.1016/j.molstruc.2006.10.013,2007
10.1016/j.molstruc.2006.10.054,2007
10.1016/j.molstruc.2006.11.065,2007
10.1016/j.molstruc.2006.12.020,2007
10.1016/j.molstruc.2006.12.030,2007
10.1016/j.molstruc.2006.12.053,2007
10.1016/j.molstruc.2007.01.036,2007
10.1016/j.molstruc.2007.01.048,2007
10.1016/j.molstruc.2007.01.064,2007
10.1016/j.molstruc.2007.05.007,2008
10.1016/j.molstruc.2007.07.016,2008
10.1016/j.molstruc.2007.07.023,2008
10.1016/j.molstruc.2007.08.007,2008
10.1016/j.molstruc.2007.08.032,2008
10.1016/j.molstruc.2007.09.014,2008
10.1016/j.molstruc.2007.12.040,2008
10.1016/j.molstruc.2008.01.039,2008
10.1016/j.molstruc.2008.02.010,2008
10.1016/j.molstruc.2008.03.011,2008
10.1016/j.molstruc.2008.03.034,2008
10.1016/j.molstruc.2008.04.030,2008
10.1016/j.molstruc.2008.04.038,2008
10.1016/j.molstruc.2008.04.047,2008
10.1016/j.molstruc.2008.05.039,2008
10.1016/j.molstruc.2008.06.007,2008
10.1016/j.molstruc.2008.07.033,2009
10.1016/j.molstruc.2008.11.030,2009
10.1016/j.molstruc.2008.12.003,2009
10.1016/j.molstruc.2008.12.057,2009
10.1016/j.molstruc.2009.04.012,2009
10.1016/j.molstruc.2009.04.013,2009
10.1016/j.molstruc.2009.04.035,2009
10.1016/j.molstruc.2009.05.027,2009
10.1016/j.molstruc.2009.05.030,2009
10.1016/j.molstruc.2009.05.040,2009
10.1016/j.molstruc.2009.05.054,2009
10.1016/j.molstruc.2009.05.055,2009
10.1016/j.molstruc.2009.06.002,2009
10.1016/j.molstruc.2009.06.014,2009
10.1016/j.molstruc.2009.09.010,2009
10.1016/j.molstruc.2009.09.024,2009
10.1016/j.molstruc.2009.09.030,2010
10.1016/j.molstruc.2009.09.038,2010
10.1016/j.molstruc.2009.10.009,2010
10.1016/j.molstruc.2009.11.008,2010
10.1016/j.molstruc.2009.11.013,2010
10.1016/j.molstruc.2009.11.018,2010
10.1016/j.molstruc.2009.12.052,2010
10.1016/j.molstruc.2010.01.056,2010
10.1016/j.molstruc.2010.02.019,2010
10.1016/j.molstruc.2010.02.026,2010
10.1016/j.molstruc.2010.02.044,2010
10.1016/j.molstruc.2010.03.071,2010
10.1016/j.molstruc.2010.03.074,2010
10.1016/j.molstruc.2010.04.026,2010
10.1016/j.molstruc.2010.06.009,2010
10.1016/j.molstruc.2010.06.015,2010
10.1016/j.molstruc.2010.06.019,2010
10.1016/j.molstruc.2010.08.047,2010
10.1016/j.molstruc.2010.10.030,2011
10.1016/j.molstruc.2010.10.039,2011
10.1016/j.molstruc.2010.11.022,2011
10.1016/j.molstruc.2010.12.006,2011
10.1016/j.molstruc.2011.01.018,2011
10.1016/j.molstruc.2011.01.046,2011
10.1016/j.molstruc.2011.02.054,2011
10.1016/j.molstruc.2011.02.056,2011
10.1016/j.molstruc.2011.03.046,2011
10.1016/j.molstruc.2011.03.062,2011
10.1016/j.molstruc.2011.04.040,2011
10.1016/j.molstruc.2011.05.013,2011
10.1016/j.molstruc.2011.07.014,2011
10.1016/j.molstruc.2011.07.025,2011
10.1016/j.molstruc.2011.07.032,2011
10.1016/j.molstruc.2011.07.053,2011
10.1016/j.molstruc.2011.08.012,2011
10.1016/j.molstruc.2011.08.013,2011
10.1016/j.molstruc.2011.10.010,2011
10.1016/j.molstruc.2011.12.005,2012
10.1016/j.molstruc.2011.12.008,2012
10.1016/j.molstruc.2011.12.030,2012
10.1016/j.molstruc.2012.03.002,2012
10.1016/j.molstruc.2012.04.082,2012
10.1016/j.molstruc.2012.06.043,2012
10.1016/j.molstruc.2012.07.016,2013
10.1016/j.molstruc.2012.07.039,2013
10.1016/j.molstruc.2012.08.017,2013
10.1016/j.molstruc.2012.11.069,2013
10.1016/j.molstruc.2012.12.024,2013
10.1016/j.molstruc.2012.12.043,2013
10.1016/j.molstruc.2012.12.051,2013
10.1016/j.molstruc.2013.01.016,2013
10.1016/j.molstruc.2013.01.044,2013
10.1016/j.molstruc.2013.01.074,2013
10.1016/j.molstruc.2013.03.001,2013
10.1016/j.molstruc.2013.03.039,2013
10.1016/j.molstruc.2013.05.034,2013
10.1016/j.molstruc.2013.06.065,2013
10.1016/j.molstruc.2013.07.047,2013
10.1016/j.molstruc.2013.08.013,2013
10.1016/j.molstruc.2013.08.014,2013
10.1016/j.molstruc.2013.08.016,2013
10.1016/j.molstruc.2013.08.041,2013
10.1016/j.molstruc.2013.08.059,2013
10.1016/j.molstruc.2013.09.009,2013
10.1016/j.molstruc.2013.10.029,2014
10.1016/j.molstruc.2013.10.058,2014
10.1016/j.molstruc.2013.11.041,2014
10.1016/j.molstruc.2013.12.011,2014
10.1016/j.molstruc.2013.12.033,2014
10.1016/j.molstruc.2014.01.065,2014
10.1016/j.molstruc.2014.01.090,2014
10.1016/j.molstruc.2014.03.015,2014
10.1016/j.molstruc.2014.03.027,2014
10.1016/j.molstruc.2014.03.063,2014
10.1016/j.molstruc.2014.04.047,2014
10.1016/j.molstruc.2014.04.048,2014
10.1016/j.molstruc.2014.05.021,2014
10.1016/j.molstruc.2014.05.052,2014
10.1016/j.molstruc.2014.06.001,2014
10.1016/j.molstruc.2014.06.018,2014
10.1016/j.molstruc.2014.06.029,2014
10.1016/j.molstruc.2014.06.053,2014
10.1016/j.molstruc.2014.06.075,2014
10.1016/j.molstruc.2014.07.029,2014
10.1016/j.molstruc.2014.07.067,2014
10.1016/j.molstruc.2014.08.026,2014
10.1016/j.molstruc.2014.09.019,2015
10.1016/j.molstruc.2014.09.025,2015
10.1016/j.molstruc.2014.09.056,2015
10.1016/j.molstruc.2014.09.085,2015
10.1016/j.molstruc.2014.10.069,2015
10.1016/j.molstruc.2014.11.017,2015
10.1016/j.molstruc.2014.12.040,2015
10.1016/j.molstruc.2015.01.004,2015
10.1016/j.molstruc.2015.01.013,2015
10.1016/j.molstruc.2015.02.073,2015
10.1016/j.molstruc.2015.02.074,2015
10.1016/j.molstruc.2015.02.075,2015
10.1016/j.molstruc.2015.03.019,2015
10.1016/j.molstruc.2015.03.070,2015
10.1016/j.molstruc.2015.05.030,2015
10.1016/j.molstruc.2015.06.029,2015
10.1016/j.molstruc.2015.07.048,2015
10.1016/j.molstruc.2015.08.020,2015
10.1016/j.molstruc.2015.08.068,2016
10.1016/j.molstruc.2015.09.031,2016
10.1016/j.molstruc.2015.10.046,2016
10.1016/j.molstruc.2015.10.070,2016
10.1016/j.molstruc.2015.11.021,2016
10.1016/j.molstruc.2015.11.031,2016
10.1016/j.molstruc.2015.11.045,2016
10.1016/j.molstruc.2015.12.005,2016
10.1016/j.molstruc.2015.12.017,2016
10.1016/j.molstruc.2015.12.037,2016
10.1016/j.molstruc.2016.01.003,2016
10.1016/j.molstruc.2016.01.077,2016
10.1016/j.molstruc.2016.02.010,2016
10.1016/j.molstruc.2016.02.049,2016
10.1016/j.molstruc.2016.03.075,2016
10.1016/j.molstruc.2016.04.001,2016
10.1016/j.molstruc.2016.04.009,2016
10.1016/j.molstruc.2016.04.017,2016
10.1016/j.molstruc.2016.04.019,2016
10.1016/j.molstruc.2016.04.024,2016
10.1016/j.molstruc.2016.04.034,2016
10.1016/j.molstruc.2016.04.054,2016
10.1016/j.molstruc.2016.04.074,2016
10.1016/j.molstruc.2016.05.013,2016
10.1016/j.molstruc.2016.06.037,2016
10.1016/j.molstruc.2016.07.039,2016
10.1016/j.molstruc.2016.07.099,2017
10.1016/j.molstruc.2016.08.013,2017
10.1016/j.molstruc.2016.08.019,2017
10.1016/j.molstruc.2016.08.051,2017
10.1016/j.molstruc.2016.08.053,2017
10.1016/j.molstruc.2016.08.074,2017
10.1016/j.molstruc.2016.09.074,2017
10.1016/j.molstruc.2016.10.006,2017
10.1016/j.molstruc.2016.10.008,2017
10.1016/j.molstruc.2016.10.051,2017
10.1016/j.molstruc.2016.11.034,2017
10.1016/j.molstruc.2016.11.049,2017
10.1016/j.molstruc.2016.11.073,2017
10.1016/j.molstruc.2016.11.084,2017
10.1016/j.molstruc.2016.11.086,2017
10.1016/j.molstruc.2016.12.005,2017
10.1016/j.molstruc.2016.12.033,2017
10.1016/j.molstruc.2016.12.034,2017
10.1016/j.molstruc.2016.12.053,2017
10.1016/j.molstruc.2016.12.076,2017
10.1016/j.molstruc.2017.01.023,2017
10.1016/j.molstruc.2017.01.038,2017
10.1016/j.molstruc.2017.01.051,2017
10.1016/j.molstruc.2017.02.004,2017
10.1016/j.molstruc.2017.02.005,2017
10.1016/j.molstruc.2017.02.011,2017
10.1016/j.molstruc.2017.02.030,2017
10.1016/j.molstruc.2017.02.046,2017
10.1016/j.molstruc.2017.03.120,2017
10.1016/j.molstruc.2017.04.057,2017
10.1016/j.molstruc.2017.04.068,2017
10.1016/j.molstruc.2017.04.075,2017
10.1016/j.molstruc.2017.04.083,2017
10.1016/j.molstruc.2017.05.075,2017
10.1016/j.molstruc.2017.05.114,2017
10.1016/j.molstruc.2017.06.039,2017
10.1016/j.molstruc.2017.06.045,2017
10.1016/j.molstruc.2017.06.072,2017
10.1016/j.molstruc.2017.06.089,2017
10.1016/j.molstruc.2017.06.128,2017
10.1016/j.molstruc.2017.07.039,2017
10.1016/j.molstruc.2017.07.056,2017
10.1016/j.molstruc.2017.08.023,2017
10.1016/j.molstruc.2017.08.043,2017
10.1016/j.molstruc.2017.08.064,2017
10.1016/j.molstruc.2017.08.111,2017
10.1016/j.molstruc.2017.09.006,2017
10.1016/j.molstruc.2017.09.048,2018
10.1016/j.molstruc.2017.10.100,2018
10.1016/j.molstruc.2017.11.128,2018
10.1016/j.molstruc.2017.12.027,2018
10.1016/j.molstruc.2017.12.047,2018
10.1016/j.molstruc.2017.12.058,2018
10.1016/j.molstruc.2017.12.100,2018
10.1016/j.molstruc.2018.01.077,2018
10.1016/j.molstruc.2018.02.039,2018
10.1016/j.molstruc.2018.03.048,2018
10.1016/j.molstruc.2018.04.068,2018
10.1016/j.molstruc.2018.05.054,2018
10.1016/j.molstruc.2018.06.078,2018
10.1016/j.molstruc.2018.06.086,2018
10.1016/j.molstruc.2018.07.004,2018
10.1016/j.molstruc.2018.07.025,2018
10.1016/j.molstruc.2018.07.047,2018
10.1016/j.molstruc.2018.07.106,2019
10.1016/j.molstruc.2018.08.001,2019
10.1016/j.molstruc.2018.08.043,2019
10.1016/j.molstruc.2018.09.003,2019
10.1016/j.molstruc.2018.09.069,2019
10.1016/j.molstruc.2018.11.058,2019
10.1016/j.molstruc.2018.12.026,2019
10.1016/j.molstruc.2019.01.033,2019
10.1016/j.molstruc.2019.01.072,2019
10.1016/j.molstruc.2019.02.015,2019
10.1016/j.molstruc.2019.02.046,2019
10.1016/j.molstruc.2019.02.064,2019
10.1016/j.molstruc.2019.02.092,2019
10.1016/j.molstruc.2019.03.029,2019
10.1016/j.molstruc.2019.03.086,2019
10.1016/j.molstruc.2019.03.102,2019
10.1016/j.molstruc.2019.04.057,2019
10.1016/j.molstruc.2019.05.030,2019
10.1016/j.molstruc.2019.05.031,2019
10.1016/j.molstruc.2019.05.070,2019
10.1016/j.molstruc.2019.05.079,2019
10.1016/j.molstruc.2019.05.119,2019
10.1016/j.molstruc.2019.05.132,2019
10.1016/j.molstruc.2019.06.013,2019
10.1016/j.molstruc.2019.06.060,2019
10.1016/j.molstruc.2019.07.044,2020
10.1016/j.molstruc.2019.07.065,2019
10.1016/j.molstruc.2019.127005,2020
10.1016/j.molstruc.2019.127020,2020
10.1016/j.molstruc.2019.127038,2020
10.1016/j.molstruc.2019.127081,2020
10.1016/j.molstruc.2019.127117,2020
10.1016/j.molstruc.2019.127189,2020
10.1016/j.molstruc.2019.127191,2020
10.1016/j.molstruc.2019.127212,2020
10.1016/j.molstruc.2019.127243,2020
10.1016/j.molstruc.2019.127345,2020
10.1016/j.molstruc.2019.127427,2020
10.1016/j.molstruc.2019.127530,2020
10.1016/j.molstruc.2019.127560,2020
10.1016/j.molstruc.2019.127621,2020
10.1016/j.molstruc.2020.127688,2020
10.1016/j.molstruc.2020.127716,2020
10.1016/j.molstruc.2020.127770,2020
10.1016/j.molstruc.2020.127801,2020
10.1016/j.molstruc.2020.127818,2020
10.1016/j.molstruc.2020.127826,2020
10.1016/j.molstruc.2020.127829,2020
10.1016/j.molstruc.2020.127923,2020
10.1016/j.molstruc.2020.128151,2020
10.1016/j.molstruc.2020.128233,2020
10.1016/j.molstruc.2020.128373,2020
10.1016/j.molstruc.2020.128608,2020
10.1016/j.molstruc.2020.128613,2020
10.1016/j.molstruc.2020.128642,2020
10.1016/j.molstruc.2020.128871,2021
10.1016/j.molstruc.2020.128943,2021
10.1016/j.molstruc.2020.129031,2021
10.1016/j.molstruc.2020.129041,2021
10.1016/j.molstruc.2020.129074,2021
10.1016/j.molstruc.2020.129161,2021
10.1016/j.molstruc.2020.129217,2021
10.1016/j.molstruc.2020.129301,2021
10.1016/j.molstruc.2020.129327,2021
10.1016/j.molstruc.2020.129453,2021
10.1016/j.molstruc.2020.129754,2021
10.1016/j.molstruc.2020.129797,2021
10.1016/j.molstruc.2020.129800,2021
10.1016/j.molstruc.2021.129950,2021
10.1016/j.molstruc.2021.130045,2021
10.1016/j.molstruc.2021.130099,2021
10.1016/j.molstruc.2021.130109,2021
10.1016/j.molstruc.2021.130167,2021
10.1016/j.molstruc.2021.130220,2021
10.1016/j.molstruc.2021.130275,2021
10.1016/j.molstruc.2021.130298,2021
10.1016/j.molstruc.2021.130347,2021
10.1016/j.molstruc.2021.130388,2021
10.1016/j.molstruc.2021.130422,2021
10.1016/j.molstruc.2021.130760,2021
10.1016/j.molstruc.2021.130849,2021
10.1016/j.molstruc.2021.130912,2021
10.1016/j.molstruc.2021.130975,2021
10.1016/j.molstruc.2021.130984,2021
10.1016/j.molstruc.2021.131028,2021
10.1016/j.molstruc.2021.131039,2021
10.1016/j.molstruc.2021.131129,2021
10.1016/j.molstruc.2021.131274,2022
10.1016/j.molstruc.2021.131315,2022
10.1016/j.molstruc.2021.131317,2022
10.1016/j.molstruc.2021.131323,2022
10.1016/j.molstruc.2021.131353,2022
10.1016/j.molstruc.2021.131456,2022
10.1016/j.molstruc.2021.131466,2022
10.1016/j.molstruc.2021.131712,2022
10.1016/j.molstruc.2021.131723,2022
10.1016/j.molstruc.2021.131829,2022
10.1016/j.molstruc.2021.131867,2022
10.1016/j.molstruc.2021.131874,2022
10.1016/j.molstruc.2021.131876,2022
10.1016/j.molstruc.2021.131902,2022
10.1016/j.molstruc.2021.131918,2022
10.1016/j.molstruc.2021.131940,2022
10.1016/j.molstruc.2021.131957,2022
10.1016/j.molstruc.2021.131961,2022
10.1016/j.molstruc.2021.132248,2022
10.1016/j.molstruc.2022.132329,2022
10.1016/j.molstruc.2022.132477,2022
10.1016/j.molstruc.2022.132480,2022
10.1016/j.molstruc.2022.132757,2022
10.1016/j.molstruc.2022.132820,2022
10.1016/j.molstruc.2022.132843,2022
10.1016/j.molstruc.2022.132927,2022
10.1016/j.molstruc.2022.132994,2022
10.1016/j.molstruc.2022.133022,2022
10.1016/j.molstruc.2022.133087,2022
10.1016/j.molstruc.2022.133121,2022
10.1016/j.molstruc.2022.133132,2022
10.1016/j.molstruc.2022.133154,2022
10.1016/j.molstruc.2022.133162,2022
10.1016/j.molstruc.2022.133233,2022
10.1016/j.molstruc.2022.133239,2022
10.1016/j.molstruc.2022.133257,2022
10.1016/j.molstruc.2022.133314,2022
10.1016/j.molstruc.2022.133332,2022
10.1016/j.molstruc.2022.133365,2022
10.1016/j.molstruc.2022.133399,2022
10.1016/j.molstruc.2022.133439,2022
10.1016/j.molstruc.2022.133554,2022
10.1016/j.molstruc.2022.133606,2022
10.1016/j.molstruc.2022.133611,2022
10.1016/j.molstruc.2022.133799,2022
10.1016/j.molstruc.2022.133895,2022
10.1016/j.molstruc.2022.133913,2022
10.1016/j.molstruc.2022.133949,2022
10.1016/j.molstruc.2022.134044,2023
10.1016/j.molstruc.2022.134104,2023
10.1016/j.molstruc.2022.134127,2023
10.1016/j.molstruc.2022.134315,2023
10.1016/j.molstruc.2022.134389,2023
10.1016/j.molstruc.2022.134540,2023
10.1016/j.molstruc.2022.134594,2023
10.1016/j.molstruc.2022.134598,2023
10.1016/j.molstruc.2022.134777,2023
10.1016/j.molstruc.2022.134824,2023
10.1016/j.molstruc.2022.134825,2023
10.1016/j.molstruc.2022.134873,2023
10.1016/j.molstruc.2023.134974,2023
10.1016/j.molstruc.2023.135224,2023
10.1016/j.molstruc.2023.135278,2023
10.1016/j.molstruc.2023.135328,2023
10.1016/j.molstruc.2023.135389,2023
10.1016/j.molstruc.2023.135454,2023
10.1016/j.molstruc.2023.135489,2023
10.1016/j.molstruc.2023.135496,2023
10.1016/j.molstruc.2023.135607,2023
10.1016/j.molstruc.2023.135631,2023
10.1016/j.molstruc.2023.135653,2023
10.1016/j.molstruc.2023.135718,2023
10.1016/j.molstruc.2023.135796,2023
10.1016/j.molstruc.2023.135874,2023
10.1016/j.molstruc.2023.135880,2023
10.1016/j.molstruc.2023.135886,2023
10.1016/j.molstruc.2023.136072,2023
10.1016/j.molstruc.2023.136074,2023
10.1016/j.molstruc.2023.136145,2023
10.1016/j.molstruc.2023.136163,2023
10.1016/j.molstruc.2023.136226,2023
10.1016/j.molstruc.2023.136256,2023
10.1016/j.molstruc.2023.136324,2023
10.1016/j.molstruc.2023.136338,2023
10.1016/j.molstruc.2023.136438,2023
10.1016/j.molstruc.2023.136444,2023
10.1016/j.molstruc.2023.136561,2023
10.1016/j.molstruc.2023.136581,2024
10.1016/j.molstruc.2023.136753,2024
10.1016/j.molstruc.2023.136894,2024
10.1016/j.molstruc.2023.136955,2024
10.1016/j.molstruc.2023.137051,2024
10.1016/j.molstruc.2023.137147,2024
10.1016/j.molstruc.2023.137156,2024
10.1016/j.molstruc.2023.137172,2024
10.1016/j.molstruc.2023.137229,2024
10.1016/j.molstruc.2023.137235,2024
10.1016/j.molstruc.2023.137280,2024
10.1016/j.molstruc.2023.137311,2024
10.1016/j.molstruc.2023.137380,2024
10.1016/j.molstruc.2023.137384,2024
10.1016/j.molstruc.2023.137416,2024
10.1016/j.molstruc.2023.137450,2024
10.1016/j.molstruc.2023.137468,2024
10.1016/j.molstruc.2024.137483,2024
10.1016/j.molstruc.2024.137504,2024
10.1016/j.molstruc.2024.137566,2024
10.1016/j.molstruc.2024.137630,2024
10.1016/j.molstruc.2024.137699,2024
10.1016/j.molstruc.2024.137703,2024
10.1016/j.molstruc.2024.137741,2024
10.1016/j.molstruc.2024.137823,2024
10.1016/j.molstruc.2024.137937,2024
10.1016/j.molstruc.2024.138112,2024
10.1016/j.molstruc.2024.138196,2024
10.1016/j.molstruc.2024.138229,2024
10.1016/j.molstruc.2024.138265,2024
10.1016/j.molstruc.2024.138427,2024
10.1016/j.molstruc.2024.138452,2024
10.1016/j.molstruc.2024.138462,2024
10.1016/j.molstruc.2024.138475,2024
10.1016/j.molstruc.2024.138482,2024
10.1016/j.molstruc.2024.138511,2024
10.1016/j.molstruc.2024.138575,2024
10.1016/j.molstruc.2024.138590,2024
10.1016/j.molstruc.2024.138651,2024
10.1016/j.molstruc.2024.138675,2024
10.1016/j.molstruc.2024.139120,2024
10.1016/j.molstruc.2024.139329,2024
10.1016/j.molstruc.2024.139503,2025
10.1016/j.molstruc.2024.139530,2025
10.1016/j.molstruc.2024.139538,2025
10.1016/j.molstruc.2024.139576,2025
10.1016/j.molstruc.2024.139598,2025
10.1016/j.molstruc.2024.139676,2025
10.1016/j.molstruc.2024.139724,2025
10.1016/j.molstruc.2024.139742,2025
10.1016/j.molstruc.2024.139780,2025
10.1016/j.molstruc.2024.139889,2025
10.1016/j.molstruc.2024.140036,2025
10.1016/j.molstruc.2024.140061,2025
10.1016/j.molstruc.2024.140088,2025
10.1016/j.molstruc.2024.140208,2025
10.1016/j.molstruc.2024.140323,2025
10.1016/j.molstruc.2024.140348,2025
10.1016/j.molstruc.2024.140422,2025
10.1016/j.molstruc.2024.140530,2025
10.1016/j.molstruc.2024.140539,2025
10.1016/j.molstruc.2024.140813,2025
10.1016/j.molstruc.2024.140898,2025
10.1016/j.molstruc.2024.141056,2025
10.1016/j.molstruc.2024.141058,2025
10.1016/j.molstruc.2024.141094,2025
10.1016/j.molstruc.2024.141194,2025
10.1016/j.molstruc.2024.141238,2025
10.1016/j.molstruc.2025.141361,2025
10.1016/j.molstruc.2025.141370,2025
10.1016/j.molstruc.2025.141379,2025
10.1016/j.molstruc.2025.141426,2025
10.1016/j.molstruc.2025.141443,2025
10.1016/j.molstruc.2025.141522,2025
10.1016/j.molstruc.2025.141914,2025
10.1016/j.molstruc.2025.141945,2025
10.1016/j.molstruc.2025.141984,2025
10.1016/j.molstruc.2025.142298,2025
10.1016/j.molstruc.2025.142502,2025
10.1016/j.molstruc.2025.142686,2025
10.1016/j.molstruc.2025.142815,2025
10.1016/j.molstruc.2025.142906,2025
10.1016/j.molstruc.2025.143433,2025
10.1016/j.mseb.2020.114833,2021
10.1016/j.mseb.2021.115495,2021
10.1016/j.mseb.2023.116385,2023
10.1016/j.mseb.2023.116530,2023
10.1016/j.mseb.2023.117043,2024
10.1016/j.mseb.2024.117765,2025
10.1016/j.mseb.2024.117800,2025
10.1016/j.mseb.2024.117909,2025
10.1016/j.mseb.2025.118093,2025
10.1016/j.msec.2007.12.002,2008
10.1016/j.msec.2018.07.010,2018
10.1016/j.msec.2018.08.041,2018
10.1016/j.msec.2019.01.032,2019
10.1016/j.msec.2019.110058,2019
10.1016/j.msec.2019.110111,2019
10.1016/j.msec.2021.112369,2021
10.1016/j.mssp.2014.02.018,2014
10.1016/j.mtadv.2021.100145,2021
10.1016/j.mtadv.2023.100390,2023
10.1016/j.mtadv.2023.100448,2023
10.1016/j.mtadv.2025.100579,2025
10.1016/j.mtbio.2021.100097,2021
10.1016/j.mtbio.2022.100507,2023
10.1016/j.mtbio.2024.101134,2024
10.1016/j.mtchem.2018.02.002,2018
10.1016/j.mtchem.2019.100222,2020
10.1016/j.mtchem.2019.100231,2020
10.1016/j.mtchem.2020.100343,2020
10.1016/j.mtchem.2021.100534,2021
10.1016/j.mtchem.2021.100582,2021
10.1016/j.mtchem.2021.100647,2022
10.1016/j.mtchem.2021.100670,2022
10.1016/j.mtchem.2021.100767,2022
10.1016/j.mtchem.2022.100882,2022
10.1016/j.mtchem.2022.101001,2022
10.1016/j.mtchem.2022.101064,2022
10.1016/j.mtchem.2022.101277,2023
10.1016/j.mtchem.2022.101292,2023
10.1016/j.mtchem.2022.101324,2023
10.1016/j.mtchem.2022.101337,2023
10.1016/j.mtchem.2023.101392,2023
10.1016/j.mtchem.2023.101618,2023
10.1016/j.mtchem.2023.101693,2023
10.1016/j.mtchem.2023.101694,2023
10.1016/j.mtchem.2023.101777,2023
10.1016/j.mtchem.2023.101781,2023
10.1016/j.mtchem.2024.102085,2024
10.1016/j.mtchem.2024.102197,2024
10.1016/j.mtchem.2024.102256,2024
10.1016/j.mtchem.2024.102296,2024
10.1016/j.mtchem.2025.102548,2025
10.1016/j.mtchem.2025.102582,2025
10.1016/j.mtchem.2025.102664,2025
10.1016/j.mtcomm.2017.08.001,2017
10.1016/j.mtcomm.2020.101987,2021
10.1016/j.mtcomm.2020.101993,2021
10.1016/j.mtcomm.2021.102206,2021
10.1016/j.mtcomm.2021.102433,2021
10.1016/j.mtcomm.2022.103514,2022
10.1016/j.mtcomm.2022.104117,2022
10.1016/j.mtcomm.2022.104393,2022
10.1016/j.mtcomm.2022.104602,2022
10.1016/j.mtcomm.2022.104699,2022
10.1016/j.mtcomm.2023.105398,2023
10.1016/j.mtcomm.2023.105927,2023
10.1016/j.mtcomm.2023.105990,2023
10.1016/j.mtcomm.2023.107410,2023
10.1016/j.mtcomm.2024.109783,2024
10.1016/j.mtcomm.2024.111177,2025
10.1016/j.mtcomm.2025.112123,2025
10.1016/j.mtener.2023.101346,2023
10.1016/j.mtener.2024.101542,2024
10.1016/j.mtener.2024.101578,2024
10.1016/j.mtener.2024.101652,2024
10.1016/j.mtener.2024.101703,2024
10.1016/j.mtener.2024.101740,2025
10.1016/j.mtnano.2018.09.001,2018
10.1016/j.mtnano.2021.100158,2022
10.1016/j.mtnano.2021.100166,2022
10.1016/j.mtnano.2022.100293,2023
10.1016/j.mtnano.2023.100303,2023
10.1016/j.mtnano.2024.100459,2024
10.1016/j.mtnano.2025.100665,2025
10.1016/j.mtsust.2021.100065,2021
10.1016/j.mtsust.2021.100104,2022
10.1016/j.mtsust.2022.100204,2022
10.1016/j.mtsust.2022.100296,2023
10.1016/j.mtsust.2023.100356,2023
10.1016/j.mtsust.2023.100604,2023
10.1016/j.mtsust.2024.100899,2024
10.1016/j.mtsust.2024.100900,2024
10.1016/j.nantod.2023.101802,2023
10.1016/j.nantod.2024.102227,2024
10.1016/j.nantod.2025.102634,2025
10.1016/j.optmat.2016.11.023,2016
10.1016/j.optmat.2016.11.047,2017
10.1016/j.optmat.2017.02.015,2017
10.1016/j.optmat.2017.05.037,2018
10.1016/j.optmat.2017.05.038,2017
10.1016/j.optmat.2018.05.014,2018
10.1016/j.optmat.2020.109706,2020
10.1016/j.optmat.2020.109802,2020
10.1016/j.optmat.2022.112107,2022
10.1016/j.optmat.2023.113459,2023
10.1016/j.optmat.2023.113672,2023
10.1016/j.optmat.2023.114396,2023
10.1016/j.optmat.2024.116126,2024
10.1016/j.optmat.2024.116158,2024
10.1016/j.partic.2019.04.007,2020
10.1016/j.partic.2022.05.004,2023
10.1016/j.pnsc.2018.01.016,2018
10.1016/j.pnsc.2018.08.002,2018
10.1016/j.pnsc.2023.08.009,2023
10.1016/j.pnsc.2024.01.013,2024
10.1016/j.pnsc.2024.02.011,2024
10.1016/j.poly.2002.08.001,2003
10.1016/j.poly.2004.02.007,2004
10.1016/j.poly.2005.02.022,2005
10.1016/j.poly.2005.03.104,2005
10.1016/j.poly.2006.07.034,2007
10.1016/j.poly.2006.09.008,2007
10.1016/j.poly.2006.10.007,2007
10.1016/j.poly.2006.11.016,2007
10.1016/j.poly.2006.11.038,2007
10.1016/j.poly.2006.11.050,2007
10.1016/j.poly.2006.12.033,2007
10.1016/j.poly.2007.03.020,2007
10.1016/j.poly.2007.04.028,2007
10.1016/j.poly.2007.06.026,2007
10.1016/j.poly.2007.07.045,2007
10.1016/j.poly.2007.07.048,2007
10.1016/j.poly.2007.08.017,2007
10.1016/j.poly.2007.10.020,2008
10.1016/j.poly.2007.11.006,2008
10.1016/j.poly.2007.12.027,2008
10.1016/j.poly.2008.04.035,2008
10.1016/j.poly.2008.04.038,2008
10.1016/j.poly.2008.04.051,2008
10.1016/j.poly.2008.05.012,2008
10.1016/j.poly.2008.06.010,2008
10.1016/j.poly.2008.07.020,2008
10.1016/j.poly.2008.07.035,2008
10.1016/j.poly.2008.10.043,2009
10.1016/j.poly.2008.10.074,2009
10.1016/j.poly.2008.11.022,2009
10.1016/j.poly.2008.11.042,2009
10.1016/j.poly.2008.11.059,2009
10.1016/j.poly.2008.12.003,2009
10.1016/j.poly.2009.04.004,2009
10.1016/j.poly.2009.04.008,2009
10.1016/j.poly.2009.04.047,2009
10.1016/j.poly.2009.05.009,2009
10.1016/j.poly.2009.06.022,2009
10.1016/j.poly.2009.06.068,2010
10.1016/j.poly.2009.07.011,2009
10.1016/j.poly.2009.07.013,2009
10.1016/j.poly.2009.08.037,2010
10.1016/j.poly.2009.11.011,2010
10.1016/j.poly.2009.12.018,2010
10.1016/j.poly.2009.12.038,2010
10.1016/j.poly.2010.03.019,2010
10.1016/j.poly.2010.04.025,2010
10.1016/j.poly.2010.06.008,2010
10.1016/j.poly.2010.07.013,2010
10.1016/j.poly.2010.10.010,2011
10.1016/j.poly.2010.12.027,2011
10.1016/j.poly.2011.02.008,2011
10.1016/j.poly.2011.03.035,2011
10.1016/j.poly.2011.05.006,2011
10.1016/j.poly.2011.05.020,2011
10.1016/j.poly.2011.05.035,2011
10.1016/j.poly.2011.10.010,2012
10.1016/j.poly.2011.10.030,2012
10.1016/j.poly.2011.11.015,2012
10.1016/j.poly.2011.12.029,2012
10.1016/j.poly.2012.01.012,2012
10.1016/j.poly.2012.01.018,2012
10.1016/j.poly.2012.02.006,2012
10.1016/j.poly.2012.03.027,2012
10.1016/j.poly.2012.04.001,2012
10.1016/j.poly.2012.04.018,2012
10.1016/j.poly.2012.05.028,2012
10.1016/j.poly.2012.05.040,2012
10.1016/j.poly.2012.05.043,2012
10.1016/j.poly.2012.06.038,2013
10.1016/j.poly.2012.06.051,2013
10.1016/j.poly.2012.06.081,2013
10.1016/j.poly.2012.06.092,2012
10.1016/j.poly.2012.07.013,2012
10.1016/j.poly.2012.07.038,2012
10.1016/j.poly.2012.07.043,2013
10.1016/j.poly.2012.07.060,2012
10.1016/j.poly.2012.07.091,2013
10.1016/j.poly.2012.08.052,2013
10.1016/j.poly.2012.08.072,2012
10.1016/j.poly.2012.09.018,2013
10.1016/j.poly.2012.10.005,2013
10.1016/j.poly.2012.10.009,2013
10.1016/j.poly.2012.10.042,2013
10.1016/j.poly.2012.10.052,2013
10.1016/j.poly.2012.11.045,2013
10.1016/j.poly.2013.01.027,2013
10.1016/j.poly.2013.01.038,2013
10.1016/j.poly.2013.02.035,2013
10.1016/j.poly.2013.02.038,2013
10.1016/j.poly.2013.02.041,2013
10.1016/j.poly.2013.03.016,2013
10.1016/j.poly.2013.03.029,2013
10.1016/j.poly.2013.03.031,2013
10.1016/j.poly.2013.04.054,2013
10.1016/j.poly.2013.05.030,2013
10.1016/j.poly.2013.05.056,2013
10.1016/j.poly.2013.08.036,2013
10.1016/j.poly.2013.08.045,2013
10.1016/j.poly.2013.08.054,2014
10.1016/j.poly.2013.08.063,2014
10.1016/j.poly.2013.09.002,2014
10.1016/j.poly.2013.09.010,2014
10.1016/j.poly.2013.10.022,2014
10.1016/j.poly.2013.10.036,2014
10.1016/j.poly.2013.11.006,2014
10.1016/j.poly.2013.11.008,2014
10.1016/j.poly.2013.11.013,2014
10.1016/j.poly.2013.11.038,2014
10.1016/j.poly.2013.12.027,2014
10.1016/j.poly.2013.12.039,2014
10.1016/j.poly.2013.12.042,2014
10.1016/j.poly.2014.02.012,2014
10.1016/j.poly.2014.02.035,2014
10.1016/j.poly.2014.03.027,2014
10.1016/j.poly.2014.04.029,2014
10.1016/j.poly.2014.04.036,2014
10.1016/j.poly.2014.04.042,2014
10.1016/j.poly.2014.04.057,2014
10.1016/j.poly.2014.04.063,2014
10.1016/j.poly.2014.05.020,2014
10.1016/j.poly.2014.05.033,2014
10.1016/j.poly.2014.05.044,2014
10.1016/j.poly.2014.05.063,2014
10.1016/j.poly.2014.06.018,2014
10.1016/j.poly.2014.06.024,2014
10.1016/j.poly.2014.07.004,2014
10.1016/j.poly.2014.07.042,2014
10.1016/j.poly.2014.08.020,2015
10.1016/j.poly.2014.08.035,2015
10.1016/j.poly.2014.08.053,2015
10.1016/j.poly.2014.09.021,2015
10.1016/j.poly.2014.10.025,2015
10.1016/j.poly.2014.11.021,2015
10.1016/j.poly.2014.12.001,2015
10.1016/j.poly.2014.12.023,2015
10.1016/j.poly.2014.12.029,2015
10.1016/j.poly.2014.12.041,2015
10.1016/j.poly.2014.12.043,2015
10.1016/j.poly.2014.12.045,2015
10.1016/j.poly.2015.01.002,2015
10.1016/j.poly.2015.01.036,2015
10.1016/j.poly.2015.01.039,2015
10.1016/j.poly.2015.01.042,2015
10.1016/j.poly.2015.02.021,2015
10.1016/j.poly.2015.02.027,2015
10.1016/j.poly.2015.03.021,2015
10.1016/j.poly.2015.03.026,2015
10.1016/j.poly.2015.03.033,2015
10.1016/j.poly.2015.04.012,2015
10.1016/j.poly.2015.04.017,2015
10.1016/j.poly.2015.04.018,2015
10.1016/j.poly.2015.04.024,2015
10.1016/j.poly.2015.04.027,2015
10.1016/j.poly.2015.04.035,2015
10.1016/j.poly.2015.05.023,2015
10.1016/j.poly.2015.06.001,2015
10.1016/j.poly.2015.06.012,2015
10.1016/j.poly.2015.06.034,2015
10.1016/j.poly.2015.06.039,2015
10.1016/j.poly.2015.07.017,2015
10.1016/j.poly.2015.07.021,2015
10.1016/j.poly.2015.07.047,2015
10.1016/j.poly.2015.07.065,2015
10.1016/j.poly.2015.08.006,2015
10.1016/j.poly.2015.08.022,2016
10.1016/j.poly.2015.08.030,2015
10.1016/j.poly.2015.08.040,2015
10.1016/j.poly.2015.09.032,2015
10.1016/j.poly.2015.09.041,2015
10.1016/j.poly.2015.10.002,2015
10.1016/j.poly.2015.10.031,2015
10.1016/j.poly.2015.11.011,2015
10.1016/j.poly.2015.11.020,2016
10.1016/j.poly.2015.11.043,2016
10.1016/j.poly.2015.12.020,2016
10.1016/j.poly.2015.12.043,2016
10.1016/j.poly.2015.12.054,2016
10.1016/j.poly.2015.12.061,2016
10.1016/j.poly.2015.12.062,2016
10.1016/j.poly.2016.02.004,2016
10.1016/j.poly.2016.02.040,2016
10.1016/j.poly.2016.03.020,2016
10.1016/j.poly.2016.03.025,2016
10.1016/j.poly.2016.03.027,2016
10.1016/j.poly.2016.03.037,2016
10.1016/j.poly.2016.03.041,2016
10.1016/j.poly.2016.03.050,2016
10.1016/j.poly.2016.03.056,2016
10.1016/j.poly.2016.04.011,2016
10.1016/j.poly.2016.04.015,2016
10.1016/j.poly.2016.04.018,2016
10.1016/j.poly.2016.04.019,2016
10.1016/j.poly.2016.05.008,2016
10.1016/j.poly.2016.05.019,2016
10.1016/j.poly.2016.05.059,2016
10.1016/j.poly.2016.06.005,2016
10.1016/j.poly.2016.06.028,2016
10.1016/j.poly.2016.06.029,2016
10.1016/j.poly.2016.06.034,2016
10.1016/j.poly.2016.06.039,2016
10.1016/j.poly.2016.06.043,2016
10.1016/j.poly.2016.06.046,2016
10.1016/j.poly.2016.06.053,2016
10.1016/j.poly.2016.07.006,2016
10.1016/j.poly.2016.07.026,2016
10.1016/j.poly.2016.07.034,2016
10.1016/j.poly.2016.08.003,2017
10.1016/j.poly.2016.08.005,2016
10.1016/j.poly.2016.08.030,2016
10.1016/j.poly.2016.08.039,2016
10.1016/j.poly.2016.08.044,2016
10.1016/j.poly.2016.09.004,2016
10.1016/j.poly.2016.09.009,2016
10.1016/j.poly.2016.09.053,2017
10.1016/j.poly.2016.10.050,2017
10.1016/j.poly.2016.11.025,2017
10.1016/j.poly.2016.12.022,2017
10.1016/j.poly.2016.12.027,2017
10.1016/j.poly.2017.01.005,2017
10.1016/j.poly.2017.01.010,2017
10.1016/j.poly.2017.01.015,2017
10.1016/j.poly.2017.01.017,2017
10.1016/j.poly.2017.01.025,2017
10.1016/j.poly.2017.01.027,2017
10.1016/j.poly.2017.01.038,2017
10.1016/j.poly.2017.01.045,2017
10.1016/j.poly.2017.01.060,2017
10.1016/j.poly.2017.03.013,2017
10.1016/j.poly.2017.03.023,2017
10.1016/j.poly.2017.03.041,2017
10.1016/j.poly.2017.03.042,2017
10.1016/j.poly.2017.03.063,2017
10.1016/j.poly.2017.04.009,2017
10.1016/j.poly.2017.04.011,2017
10.1016/j.poly.2017.04.012,2017
10.1016/j.poly.2017.04.017,2017
10.1016/j.poly.2017.05.010,2017
10.1016/j.poly.2017.05.014,2017
10.1016/j.poly.2017.05.018,2017
10.1016/j.poly.2017.05.022,2017
10.1016/j.poly.2017.05.027,2017
10.1016/j.poly.2017.05.041,2017
10.1016/j.poly.2017.05.061,2017
10.1016/j.poly.2017.06.042,2017
10.1016/j.poly.2017.06.052,2017
10.1016/j.poly.2017.07.002,2017
10.1016/j.poly.2017.08.004,2017
10.1016/j.poly.2017.08.028,2017
10.1016/j.poly.2017.08.030,2017
10.1016/j.poly.2017.08.035,2017
10.1016/j.poly.2017.09.015,2017
10.1016/j.poly.2017.09.049,2018
10.1016/j.poly.2017.09.051,2018
10.1016/j.poly.2017.09.052,2018
10.1016/j.poly.2017.10.028,2018
10.1016/j.poly.2017.11.006,2018
10.1016/j.poly.2017.11.011,2018
10.1016/j.poly.2017.11.023,2018
10.1016/j.poly.2017.11.037,2018
10.1016/j.poly.2017.12.020,2018
10.1016/j.poly.2017.12.024,2018
10.1016/j.poly.2017.12.028,2018
10.1016/j.poly.2017.12.029,2018
10.1016/j.poly.2017.12.032,2018
10.1016/j.poly.2018.01.027,2018
10.1016/j.poly.2018.01.030,2018
10.1016/j.poly.2018.02.004,2018
10.1016/j.poly.2018.02.007,2018
10.1016/j.poly.2018.02.014,2018
10.1016/j.poly.2018.02.021,2018
10.1016/j.poly.2018.02.023,2018
10.1016/j.poly.2018.02.031,2018
10.1016/j.poly.2018.03.001,2018
10.1016/j.poly.2018.04.016,2018
10.1016/j.poly.2018.04.021,2018
10.1016/j.poly.2018.04.031,2018
10.1016/j.poly.2018.04.041,2018
10.1016/j.poly.2018.05.009,2018
10.1016/j.poly.2018.05.017,2018
10.1016/j.poly.2018.05.018,2018
10.1016/j.poly.2018.05.033,2018
10.1016/j.poly.2018.05.046,2018
10.1016/j.poly.2018.06.005,2018
10.1016/j.poly.2018.06.007,2018
10.1016/j.poly.2018.06.025,2018
10.1016/j.poly.2018.06.028,2018
10.1016/j.poly.2018.06.041,2018
10.1016/j.poly.2018.06.045,2018
10.1016/j.poly.2018.07.001,2018
10.1016/j.poly.2018.07.021,2018
10.1016/j.poly.2018.07.022,2018
10.1016/j.poly.2018.07.026,2018
10.1016/j.poly.2018.07.048,2018
10.1016/j.poly.2018.08.002,2018
10.1016/j.poly.2018.08.006,2018
10.1016/j.poly.2018.08.025,2018
10.1016/j.poly.2018.08.031,2018
10.1016/j.poly.2018.08.038,2018
10.1016/j.poly.2018.08.047,2018
10.1016/j.poly.2018.08.065,2018
10.1016/j.poly.2018.08.073,2018
10.1016/j.poly.2018.09.002,2018
10.1016/j.poly.2018.09.012,2018
10.1016/j.poly.2018.09.013,2018
10.1016/j.poly.2018.09.022,2018
10.1016/j.poly.2018.09.028,2018
10.1016/j.poly.2018.09.029,2018
10.1016/j.poly.2018.09.033,2018
10.1016/j.poly.2018.09.054,2019
10.1016/j.poly.2018.09.064,2019
10.1016/j.poly.2018.10.001,2019
10.1016/j.poly.2018.10.004,2019
10.1016/j.poly.2018.10.037,2019
10.1016/j.poly.2018.10.050,2019
10.1016/j.poly.2018.10.051,2019
10.1016/j.poly.2018.10.067,2019
10.1016/j.poly.2018.11.010,2019
10.1016/j.poly.2018.11.018,2019
10.1016/j.poly.2018.11.029,2019
10.1016/j.poly.2018.11.036,2019
10.1016/j.poly.2018.11.039,2019
10.1016/j.poly.2018.11.041,2019
10.1016/j.poly.2018.11.043,2019
10.1016/j.poly.2018.11.051,2019
10.1016/j.poly.2018.11.062,2019
10.1016/j.poly.2018.12.002,2019
10.1016/j.poly.2018.12.029,2019
10.1016/j.poly.2018.12.030,2019
10.1016/j.poly.2018.12.051,2019
10.1016/j.poly.2019.01.024,2019
10.1016/j.poly.2019.01.026,2019
10.1016/j.poly.2019.01.039,2019
10.1016/j.poly.2019.01.045,2019
10.1016/j.poly.2019.01.064,2019
10.1016/j.poly.2019.01.066,2019
10.1016/j.poly.2019.01.067,2019
10.1016/j.poly.2019.02.006,2019
10.1016/j.poly.2019.02.021,2019
10.1016/j.poly.2019.02.036,2019
10.1016/j.poly.2019.02.048,2019
10.1016/j.poly.2019.03.009,2019
10.1016/j.poly.2019.03.012,2019
10.1016/j.poly.2019.03.018,2019
10.1016/j.poly.2019.03.027,2019
10.1016/j.poly.2019.03.031,2019
10.1016/j.poly.2019.03.032,2019
10.1016/j.poly.2019.03.038,2019
10.1016/j.poly.2019.03.039,2019
10.1016/j.poly.2019.04.002,2019
10.1016/j.poly.2019.04.007,2019
10.1016/j.poly.2019.04.011,2019
10.1016/j.poly.2019.04.020,2019
10.1016/j.poly.2019.05.016,2019
10.1016/j.poly.2019.05.053,2019
10.1016/j.poly.2019.06.004,2019
10.1016/j.poly.2019.06.017,2019
10.1016/j.poly.2019.06.022,2019
10.1016/j.poly.2019.06.024,2019
10.1016/j.poly.2019.06.040,2019
10.1016/j.poly.2019.06.056,2019
10.1016/j.poly.2019.07.013,2019
10.1016/j.poly.2019.114142,2019
10.1016/j.poly.2019.114163,2019
10.1016/j.poly.2019.114216,2020
10.1016/j.poly.2019.114296,2020
10.1016/j.poly.2019.114339,2020
10.1016/j.poly.2020.114349,2020
10.1016/j.poly.2020.114350,2020
10.1016/j.poly.2020.114370,2020
10.1016/j.poly.2020.114431,2020
10.1016/j.poly.2020.114437,2020
10.1016/j.poly.2020.114463,2020
10.1016/j.poly.2020.114466,2020
10.1016/j.poly.2020.114534,2020
10.1016/j.poly.2020.114565,2020
10.1016/j.poly.2020.114584,2020
10.1016/j.poly.2020.114594,2020
10.1016/j.poly.2020.114611,2020
10.1016/j.poly.2020.114613,2020
10.1016/j.poly.2020.114629,2020
10.1016/j.poly.2020.114639,2020
10.1016/j.poly.2020.114702,2020
10.1016/j.poly.2020.114732,2020
10.1016/j.poly.2020.114734,2020
10.1016/j.poly.2020.114749,2020
10.1016/j.poly.2020.114819,2020
10.1016/j.poly.2020.114929,2021
10.1016/j.poly.2020.114934,2021
10.1016/j.poly.2020.114966,2021
10.1016/j.poly.2020.115016,2021
10.1016/j.poly.2021.115039,2021
10.1016/j.poly.2021.115052,2021
10.1016/j.poly.2021.115132,2021
10.1016/j.poly.2021.115182,2021
10.1016/j.poly.2021.115261,2021
10.1016/j.poly.2021.115283,2021
10.1016/j.poly.2021.115299,2021
10.1016/j.poly.2021.115314,2021
10.1016/j.poly.2021.115411,2021
10.1016/j.poly.2021.115444,2021
10.1016/j.poly.2021.115517,2021
10.1016/j.poly.2021.115519,2021
10.1016/j.poly.2021.115571,2022
10.1016/j.poly.2021.115588,2022
10.1016/j.poly.2022.115653,2022
10.1016/j.poly.2022.115694,2022
10.1016/j.poly.2022.115789,2022
10.1016/j.poly.2022.115793,2022
10.1016/j.poly.2022.115863,2022
10.1016/j.poly.2022.115874,2022
10.1016/j.poly.2022.115880,2022
10.1016/j.poly.2022.115892,2022
10.1016/j.poly.2022.115901,2022
10.1016/j.poly.2022.115974,2022
10.1016/j.poly.2022.116038,2022
10.1016/j.poly.2022.116052,2022
10.1016/j.poly.2022.116125,2022
10.1016/j.poly.2022.116192,2023
10.1016/j.poly.2022.116210,2023
10.1016/j.poly.2022.116220,2023
10.1016/j.poly.2022.116242,2023
10.1016/j.poly.2023.116298,2023
10.1016/j.poly.2023.116386,2023
10.1016/j.poly.2023.116388,2023
10.1016/j.poly.2023.116392,2023
10.1016/j.poly.2023.116483,2023
10.1016/j.poly.2023.116493,2023
10.1016/j.poly.2023.116497,2023
10.1016/j.poly.2023.116573,2023
10.1016/j.poly.2023.116579,2023
10.1016/j.poly.2023.116605,2023
10.1016/j.poly.2023.116672,2023
10.1016/j.poly.2023.116693,2023
10.1016/j.poly.2023.116750,2024
10.1016/j.poly.2024.116884,2024
10.1016/j.poly.2024.117057,2024
10.1016/j.poly.2024.117078,2024
10.1016/j.poly.2024.117081,2024
10.1016/j.poly.2024.117082,2024
10.1016/j.poly.2024.117096,2024
10.1016/j.poly.2024.117116,2024
10.1016/j.poly.2024.117173,2024
10.1016/j.poly.2024.117300,2025
10.1016/j.poly.2024.117360,2025
10.1016/j.poly.2024.117361,2025
10.1016/j.poly.2024.117362,2025
10.1016/j.poly.2024.117382,2025
10.1016/j.poly.2025.117570,2025
10.1016/j.polymertesting.2024.108659,2025
10.1016/j.porgcoat.2017.11.013,2018
10.1016/j.progsolidstchem.2005.11.033,2005
10.1016/j.progsolidstchem.2005.11.047,2005
10.1016/j.radphyschem.2024.111580,2024
10.1016/j.radphyschem.2025.112645,2025
10.1016/j.reactfunctpolym.2023.105765,2023
10.1016/j.rinp.2019.102564,2019
10.1016/j.scp.2021.100385,2021
10.1016/j.scp.2022.100786,2022
10.1016/j.scp.2023.101265,2023
10.1016/j.scp.2023.101389,2024
10.1016/j.scriptamat.2007.09.024,2008
10.1016/j.snb.2015.05.129,2015
10.1016/j.snb.2016.02.008,2016
10.1016/j.snb.2016.12.130,2017
10.1016/j.snb.2017.05.087,2017
10.1016/j.snb.2017.12.060,2018
10.1016/j.snb.2018.02.138,2018
10.1016/j.snb.2018.05.113,2018
10.1016/j.snb.2018.05.118,2018
10.1016/j.snb.2019.127187,2020
10.1016/j.snb.2020.127819,2020
10.1016/j.snb.2020.128455,2020
10.1016/j.snb.2020.128757,2020
10.1016/j.snb.2020.129133,2021
10.1016/j.snb.2021.129610,2021
10.1016/j.snb.2021.130402,2021
10.1016/j.snb.2021.130641,2021
10.1016/j.snb.2021.130760,2022
10.1016/j.snb.2021.131008,2022
10.1016/j.snb.2022.132008,2022
10.1016/j.snb.2022.132094,2022
10.1016/j.snb.2022.132120,2022
10.1016/j.snb.2022.132783,2023
10.1016/j.snb.2023.133960,2023
10.1016/j.snb.2023.134205,2023
10.1016/j.snb.2024.136159,2024
10.1016/j.snb.2024.136564,2025
10.1016/j.snb.2025.137277,2025
10.1016/j.solidstatesciences.2003.11.002,2004
10.1016/j.solidstatesciences.2004.03.032,2004
10.1016/j.solidstatesciences.2004.04.009,2004
10.1016/j.solidstatesciences.2004.07.019,2004
10.1016/j.solidstatesciences.2004.11.005,2005
10.1016/j.solidstatesciences.2005.01.014,2005
10.1016/j.solidstatesciences.2005.03.007,2005
10.1016/j.solidstatesciences.2006.02.025,2006
10.1016/j.solidstatesciences.2006.12.003,2007
10.1016/j.solidstatesciences.2007.04.003,2007
10.1016/j.solidstatesciences.2007.12.003,2008
10.1016/j.solidstatesciences.2008.05.012,2009
10.1016/j.solidstatesciences.2008.07.007,2009
10.1016/j.solidstatesciences.2008.10.007,2009
10.1016/j.solidstatesciences.2009.02.009,2009
10.1016/j.solidstatesciences.2009.05.017,2009
10.1016/j.solidstatesciences.2009.07.016,2009
10.1016/j.solidstatesciences.2009.08.017,2009
10.1016/j.solidstatesciences.2009.11.013,2010
10.1016/j.solidstatesciences.2010.02.031,2010
10.1016/j.solidstatesciences.2010.05.018,2010
10.1016/j.solidstatesciences.2010.07.002,2010
10.1016/j.solidstatesciences.2010.07.004,2010
10.1016/j.solidstatesciences.2010.07.032,2010
10.1016/j.solidstatesciences.2011.01.014,2011
10.1016/j.solidstatesciences.2011.03.018,2011
10.1016/j.solidstatesciences.2011.05.006,2011
10.1016/j.solidstatesciences.2011.05.017,2011
10.1016/j.solidstatesciences.2011.08.006,2011
10.1016/j.solidstatesciences.2011.10.017,2012
10.1016/j.solidstatesciences.2011.12.002,2012
10.1016/j.solidstatesciences.2011.12.014,2012
10.1016/j.solidstatesciences.2012.05.006,2012
10.1016/j.solidstatesciences.2012.05.031,2012
10.1016/j.solidstatesciences.2012.07.011,2012
10.1016/j.solidstatesciences.2012.10.012,2013
10.1016/j.solidstatesciences.2012.11.018,2013
10.1016/j.solidstatesciences.2012.12.018,2013
10.1016/j.solidstatesciences.2013.05.009,2013
10.1016/j.solidstatesciences.2013.09.010,2013
10.1016/j.solidstatesciences.2013.12.006,2014
10.1016/j.solidstatesciences.2014.04.004,2014
10.1016/j.solidstatesciences.2014.07.015,2014
10.1016/j.solidstatesciences.2015.08.017,2015
10.1016/j.solidstatesciences.2015.11.010,2016
10.1016/j.solidstatesciences.2017.05.002,2017
10.1016/j.solidstatesciences.2017.06.015,2017
10.1016/j.solidstatesciences.2017.09.003,2017
10.1016/j.solidstatesciences.2017.09.005,2017
10.1016/j.solidstatesciences.2018.03.013,2018
10.1016/j.solidstatesciences.2018.04.009,2018
10.1016/j.solidstatesciences.2019.03.022,2019
10.1016/j.solidstatesciences.2020.106115,2020
10.1016/j.solidstatesciences.2020.106292,2020
10.1016/j.solidstatesciences.2021.106629,2021
10.1016/j.solidstatesciences.2021.106646,2021
10.1016/j.solidstatesciences.2021.106782,2022
10.1016/j.solidstatesciences.2021.106792,2022
10.1016/j.solidstatesciences.2021.106798,2022
10.1016/j.solidstatesciences.2022.106842,2022
10.1016/j.solidstatesciences.2024.107572,2024
10.1016/j.solidstatesciences.2024.107755,2024
10.1016/j.solidstatesciences.2025.107855,2025
10.1016/j.solmat.2015.11.042,2016
10.1016/j.ssi.2017.01.022,2017
10.1016/j.surfin.2017.06.001,2017
10.1016/j.surfin.2020.100587,2020
10.1016/j.surfin.2020.100845,2021
10.1016/j.surfin.2021.101469,2021
10.1016/j.surfin.2022.101843,2022
10.1016/j.surfin.2022.101904,2022
10.1016/j.surfin.2022.102095,2022
10.1016/j.surfin.2022.102471,2022
10.1016/j.surfin.2022.102587,2023
10.1016/j.surfin.2024.105272,2024
10.1016/j.surfin.2025.105851,2025
10.1016/j.surfin.2025.106559,2025
10.1016/j.susc.2021.121952,2022
10.1016/j.susmat.2017.10.002,2017
10.1016/j.susmat.2021.e00354,2021
10.1016/j.susmat.2023.e00689,2023
10.1016/j.synthmet.2009.04.007,2009
10.1016/j.synthmet.2011.04.016,2011
10.1016/j.synthmet.2011.08.023,2011
10.1016/j.synthmet.2011.09.033,2011
10.1016/j.synthmet.2011.11.035,2012
10.1016/j.synthmet.2012.05.016,2012
10.1016/j.synthmet.2012.07.014,2012
10.1016/j.synthmet.2012.07.025,2012
10.1016/j.synthmet.2012.09.022,2012
10.1016/j.synthmet.2012.09.023,2012
10.1016/j.synthmet.2013.09.004,2013
10.1016/j.synthmet.2014.09.028,2014
10.1016/j.synthmet.2014.12.016,2015
10.1016/j.synthmet.2016.07.003,2016
10.1016/j.synthmet.2017.07.009,2017
10.1016/j.synthmet.2020.116348,2020
10.1016/j.synthmet.2020.116600,2020
10.1016/j.synthmet.2023.117357,2023
10.1016/j.talanta.2016.03.089,2016
10.1016/j.talanta.2016.12.046,2017
10.1016/j.talanta.2017.02.038,2017
10.1016/j.talanta.2018.01.024,2018
10.1016/j.talanta.2019.01.037,2019
10.1016/j.talanta.2019.01.086,2019
10.1016/j.talanta.2019.120363,2020
10.1016/j.talanta.2019.120514,2020
10.1016/j.talanta.2020.121010,2020
10.1016/j.talanta.2021.123030,2022
10.1016/j.talanta.2021.123143,2022
10.1016/j.talanta.2022.123710,2022
10.1016/j.talanta.2023.124326,2023
10.1016/j.talanta.2023.124778,2023
10.1016/j.talanta.2023.124944,2024
10.1016/j.talanta.2024.126097,2024
10.1016/j.talanta.2024.126456,2024
10.1016/j.talanta.2025.127771,2025
10.1016/j.talanta.2025.127890,2025
10.1016/j.tca.2009.11.004,2010
10.1016/j.tca.2010.06.010,2010
10.1016/j.tca.2016.11.001,2016
10.1016/j.tca.2016.11.013,2017
10.1016/j.tet.2008.06.036,2008
10.1016/j.tet.2013.08.059,2013
10.1016/j.tet.2014.02.061,2014
10.1016/j.tet.2014.06.127,2014
10.1016/j.tet.2016.11.026,2016
10.1016/j.tet.2017.08.040,2017
10.1016/j.tet.2018.03.006,2018
10.1016/j.tet.2018.04.059,2018
10.1016/j.tet.2018.10.075,2018
10.1016/j.tet.2019.130540,2019
10.1016/j.tet.2023.133751,2024
10.1016/j.tet.2024.133979,2024
10.1016/j.tetasy.2010.05.018,2010
10.1016/j.tetlet.2009.11.098,2010
10.1016/j.tetlet.2011.09.099,2011
10.1016/j.tetlet.2012.04.124,2012
10.1016/j.tetlet.2012.06.139,2012
10.1016/j.tetlet.2015.05.052,2015
10.1016/j.tetlet.2015.09.072,2015
10.1016/j.tetlet.2015.09.090,2015
10.1016/j.tetlet.2015.11.004,2015
10.1016/j.tetlet.2016.01.043,2016
10.1016/j.tetlet.2016.07.085,2016
10.1016/j.tetlet.2016.11.070,2016
10.1016/j.tetlet.2017.11.004,2017
10.1016/j.tetlet.2018.05.071,2018
10.1016/j.tetlet.2018.10.032,2018
10.1016/j.tetlet.2019.01.014,2019
10.1016/j.tetlet.2020.151629,2020
10.1016/j.tetlet.2020.152153,2020
10.1016/j.tetlet.2020.152629,2020
10.1016/j.tetlet.2023.154504,2023
10.1016/j.trechm.2023.02.009,2023
10.1016/j.tsf.2024.140515,2024
10.1016/j.ultsonch.2013.01.014,2013
10.1016/j.ultsonch.2013.05.015,2014
10.1016/j.ultsonch.2013.09.017,2014
10.1016/j.ultsonch.2014.01.011,2014
10.1016/j.ultsonch.2014.04.017,2015
10.1016/j.ultsonch.2014.06.005,2015
10.1016/j.ultsonch.2014.09.005,2015
10.1016/j.ultsonch.2014.10.011,2015
10.1016/j.ultsonch.2014.10.022,2015
10.1016/j.ultsonch.2015.02.003,2015
10.1016/j.ultsonch.2015.04.004,2015
10.1016/j.ultsonch.2015.05.034,2015
10.1016/j.ultsonch.2015.06.020,2015
10.1016/j.ultsonch.2015.07.017,2016
10.1016/j.ultsonch.2015.08.023,2016
10.1016/j.ultsonch.2015.11.014,2016
10.1016/j.ultsonch.2015.12.007,2016
10.1016/j.ultsonch.2015.12.014,2016
10.1016/j.ultsonch.2015.12.020,2016
10.1016/j.ultsonch.2016.02.022,2016
10.1016/j.ultsonch.2016.04.013,2016
10.1016/j.ultsonch.2016.06.011,2017
10.1016/j.ultsonch.2016.06.024,2017
10.1016/j.ultsonch.2016.06.032,2017
10.1016/j.ultsonch.2016.09.022,2017
10.1016/j.ultsonch.2016.10.001,2017
10.1016/j.ultsonch.2016.12.031,2017
10.1016/j.ultsonch.2017.01.007,2017
10.1016/j.ultsonch.2017.01.018,2017
10.1016/j.ultsonch.2017.01.021,2017
10.1016/j.ultsonch.2017.01.027,2017
10.1016/j.ultsonch.2017.02.011,2017
10.1016/j.ultsonch.2017.02.023,2017
10.1016/j.ultsonch.2017.04.008,2017
10.1016/j.ultsonch.2017.04.039,2017
10.1016/j.ultsonch.2017.06.009,2017
10.1016/j.ultsonch.2017.06.013,2017
10.1016/j.ultsonch.2017.06.028,2018
10.1016/j.ultsonch.2017.07.038,2018
10.1016/j.ultsonch.2017.07.041,2018
10.1016/j.ultsonch.2017.08.009,2018
10.1016/j.ultsonch.2017.09.001,2018
10.1016/j.ultsonch.2017.09.004,2018
10.1016/j.ultsonch.2017.09.009,2018
10.1016/j.ultsonch.2017.09.014,2018
10.1016/j.ultsonch.2017.09.030,2018
10.1016/j.ultsonch.2017.09.046,2018
10.1016/j.ultsonch.2017.11.009,2018
10.1016/j.ultsonch.2017.11.018,2018
10.1016/j.ultsonch.2017.11.033,2018
10.1016/j.ultsonch.2017.11.035,2018
10.1016/j.ultsonch.2017.12.027,2018
10.1016/j.ultsonch.2017.12.032,2018
10.1016/j.ultsonch.2017.12.036,2018
10.1016/j.ultsonch.2018.02.031,2018
10.1016/j.ultsonch.2018.02.048,2018
10.1016/j.ultsonch.2018.02.050,2018
10.1016/j.ultsonch.2018.03.001,2018
10.1016/j.ultsonch.2018.03.012,2018
10.1016/j.ultsonch.2018.03.014,2018
10.1016/j.ultsonch.2018.04.001,2018
10.1016/j.ultsonch.2018.05.016,2018
10.1016/j.ultsonch.2018.08.004,2018
10.1016/j.ultsonch.2018.08.027,2019
10.1016/j.ultsonch.2018.11.002,2019
10.1016/j.ultsonch.2019.04.015,2019
10.1016/j.ultsonch.2019.104653,2019
10.1016/j.ultsonch.2019.104729,2019
10.1016/j.ultsonch.2019.104746,2020
10.1016/j.ultsonch.2019.104862,2020
10.1016/j.ultsonch.2020.105110,2020
10.1016/j.ultsonch.2020.105246,2020
10.1016/j.ultsonch.2020.105275,2020
10.1016/j.ultsonch.2020.105292,2021
10.1016/j.ultsonch.2021.105616,2021
10.1016/j.ultsonch.2022.106003,2022
10.1016/j.ultsonch.2023.106377,2023
10.1016/j.ultsonch.2023.106443,2023
10.1016/j.ultsonch.2025.107264,2025
10.1016/j.vacuum.2018.09.019,2018
10.1016/j.vacuum.2019.01.011,2019
10.1016/j.vacuum.2019.03.038,2019
10.1016/j.vibspec.2016.03.015,2016
10.1016/j.xcrp.2021.100421,2021
10.1016/j.xcrp.2022.100875,2022
10.1016/j.xcrp.2022.101004,2022
10.1016/j.xcrp.2022.101063,2022
10.1016/j.xcrp.2023.101383,2023
10.1016/j.xcrp.2023.101412,2023
10.1016/j.xcrp.2024.102318,2024
10.1016/S0010-8545(03)00033-X,2003
10.1016/S0020-1693(02)00875-7,2002
10.1016/S0020-1693(02)00905-2,2002
10.1016/S0020-1693(97)05661-2,1997
10.1016/S0022-2860(03)00149-2,2003
10.1016/S0022-2860(03)00349-1,2004
10.1016/S0022-2860(03)00405-8,2003
10.1016/S0022-2860(03)00416-2,2003
10.1016/S0022-2860(03)00498-8,2003
10.1016/S0277-5387(01)00975-5,2002
10.1016/S0277-5387(02)01302-5,2003
10.1016/S1002-0721(08)60250-1,2009
10.1016/S1002-0721(10)60489-9,2011
10.1016/S1002-0721(14)60050-8,2014
10.1016/S1003-9953(11)60419-2,2012
10.1016/S1293-2558(02)01275-X,2002
10.1016/S1387-1811(02)00609-1,2003
10.1016/S1387-1811(03)00393-7,2003
10.1016/S1387-7003(00)00102-7,2000
10.1016/S1387-7003(01)00238-6,2001
10.1016/S1387-7003(02)00340-4,2002
10.1016/S1387-7003(02)00385-4,2002
10.1016/S1387-7003(02)00515-4,2002
10.1016/S1387-7003(02)00705-0,2003
10.1016/S1387-7003(03)00242-9,2003
10.1016/S1872-2067(23)64562-0,2024
10.1016/S1872-2067(24)60020-3,2024
10.1016/S1872-5805(12)60013-4,2012
10.1016/S2095-4956(13)60017-0,2013
10.1021/ac200646w,2011
10.1021/ac402254u,2013
10.1021/ac402651y,2013
10.1021/ac502146c,2015
10.1021/acs.analchem.2c00019,2022
10.1021/acs.analchem.2c04765,2023
10.1021/acs.analchem.2c05511,2023
10.1021/acs.analchem.4c01425,2024
10.1021/acs.analchem.4c06080,2025
10.1021/acs.analchem.5b00391,2015
10.1021/acs.analchem.7b03723,2017
10.1021/acs.analchem.8b01670,2018
10.1021/acs.analchem.9b03143,2019
10.1021/acs.analchem.9b04598,2020
10.1021/acs.cgd.0c00088,2020
10.1021/acs.cgd.0c00129,2020
10.1021/acs.cgd.0c00234,2020
10.1021/acs.cgd.0c00258,2020
10.1021/acs.cgd.0c00269,2020
10.1021/acs.cgd.0c00275,2020
10.1021/acs.cgd.0c00408,2020
10.1021/acs.cgd.0c00478,2020
10.1021/acs.cgd.0c00608,2020
10.1021/acs.cgd.0c00611,2020
10.1021/acs.cgd.0c00690,2020
10.1021/acs.cgd.0c00710,2020
10.1021/acs.cgd.0c00713,2020
10.1021/acs.cgd.0c00739,2020
10.1021/acs.cgd.0c00740,2020
10.1021/acs.cgd.0c00747,2020
10.1021/acs.cgd.0c00817,2020
10.1021/acs.cgd.0c00827,2020
10.1021/acs.cgd.0c00846,2020
10.1021/acs.cgd.0c00857,2020
10.1021/acs.cgd.0c00895,2020
10.1021/acs.cgd.0c01028,2020
10.1021/acs.cgd.0c01108,2020
10.1021/acs.cgd.0c01118,2021
10.1021/acs.cgd.0c01221,2021
10.1021/acs.cgd.0c01390,2021
10.1021/acs.cgd.0c01394,2021
10.1021/acs.cgd.0c01661,2021
10.1021/acs.cgd.0c01666,2021
10.1021/acs.cgd.0c01703,2021
10.1021/acs.cgd.0c01724,2021
10.1021/acs.cgd.1c00077,2021
10.1021/acs.cgd.1c00122,2021
10.1021/acs.cgd.1c00213,2021
10.1021/acs.cgd.1c00237,2021
10.1021/acs.cgd.1c00385,2021
10.1021/acs.cgd.1c00411,2021
10.1021/acs.cgd.1c00491,2021
10.1021/acs.cgd.1c00587,2021
10.1021/acs.cgd.1c00606,2021
10.1021/acs.cgd.1c00637,2021
10.1021/acs.cgd.1c00648,2021
10.1021/acs.cgd.1c00766,2021
10.1021/acs.cgd.1c00847,2022
10.1021/acs.cgd.1c00861,2021
10.1021/acs.cgd.1c00877,2022
10.1021/acs.cgd.1c00968,2021
10.1021/acs.cgd.1c00979,2021
10.1021/acs.cgd.1c01008,2022
10.1021/acs.cgd.1c01091,2021
10.1021/acs.cgd.1c01145,2022
10.1021/acs.cgd.1c01151,2021
10.1021/acs.cgd.1c01183,2022
10.1021/acs.cgd.1c01245,2022
10.1021/acs.cgd.1c01302,2022
10.1021/acs.cgd.1c01369,2022
10.1021/acs.cgd.1c01380,2022
10.1021/acs.cgd.1c01412,2022
10.1021/acs.cgd.2c00021,2022
10.1021/acs.cgd.2c00073,2022
10.1021/acs.cgd.2c00140,2022
10.1021/acs.cgd.2c00174,2022
10.1021/acs.cgd.2c00178,2022
10.1021/acs.cgd.2c00229,2022
10.1021/acs.cgd.2c00265,2022
10.1021/acs.cgd.2c00331,2022
10.1021/acs.cgd.2c00338,2022
10.1021/acs.cgd.2c00398,2022
10.1021/acs.cgd.2c00635,2022
10.1021/acs.cgd.2c00664,2022
10.1021/acs.cgd.2c00737,2022
10.1021/acs.cgd.2c00762,2022
10.1021/acs.cgd.2c00890,2022
10.1021/acs.cgd.2c01003,2022
10.1021/acs.cgd.2c01053,2023
10.1021/acs.cgd.2c01060,2022
10.1021/acs.cgd.2c01090,2022
10.1021/acs.cgd.2c01311,2023
10.1021/acs.cgd.2c01552,2023
10.1021/acs.cgd.3c00151,2023
10.1021/acs.cgd.3c00266,2023
10.1021/acs.cgd.3c00478,2023
10.1021/acs.cgd.3c01172,2023
10.1021/acs.cgd.3c01187,2024
10.1021/acs.cgd.3c01222,2023
10.1021/acs.cgd.3c01329,2024
10.1021/acs.cgd.4c00161,2024
10.1021/acs.cgd.4c00224,2024
10.1021/acs.cgd.4c00282,2024
10.1021/acs.cgd.4c00354,2024
10.1021/acs.cgd.4c00415,2024
10.1021/acs.cgd.4c00508,2024
10.1021/acs.cgd.4c00594,2024
10.1021/acs.cgd.4c00806,2024
10.1021/acs.cgd.4c00818,2024
10.1021/acs.cgd.4c00913,2024
10.1021/acs.cgd.4c00935,2024
10.1021/acs.cgd.4c01038,2024
10.1021/acs.cgd.4c01056,2024
10.1021/acs.cgd.4c01106,2024
10.1021/acs.cgd.4c01394,2024
10.1021/acs.cgd.4c01476,2024
10.1021/acs.cgd.4c01575,2025
10.1021/acs.cgd.4c01606,2024
10.1021/acs.cgd.5b00003,2015
10.1021/acs.cgd.5b00016,2015
10.1021/acs.cgd.5b00018,2015
10.1021/acs.cgd.5b00056,2015
10.1021/acs.cgd.5b00117,2015
10.1021/acs.cgd.5b00164,2015
10.1021/acs.cgd.5b00218,2015
10.1021/acs.cgd.5b00304,2015
10.1021/acs.cgd.5b00327,2015
10.1021/acs.cgd.5b00384,2015
10.1021/acs.cgd.5b00411,2015
10.1021/acs.cgd.5b00426,2015
10.1021/acs.cgd.5b00428,2015
10.1021/acs.cgd.5b00450,2015
10.1021/acs.cgd.5b00504,2015
10.1021/acs.cgd.5b00530,2015
10.1021/acs.cgd.5b00625,2015
10.1021/acs.cgd.5b00661,2015
10.1021/acs.cgd.5b00681,2016
10.1021/acs.cgd.5b00697,2015
10.1021/acs.cgd.5b00741,2015
10.1021/acs.cgd.5b00755,2015
10.1021/acs.cgd.5b00757,2015
10.1021/acs.cgd.5b00791,2015
10.1021/acs.cgd.5b00861,2015
10.1021/acs.cgd.5b00996,2016
10.1021/acs.cgd.5b01133,2016
10.1021/acs.cgd.5b01178,2016
10.1021/acs.cgd.5b01213,2015
10.1021/acs.cgd.5b01257,2016
10.1021/acs.cgd.5b01319,2015
10.1021/acs.cgd.5b01365,2015
10.1021/acs.cgd.5b01392,2015
10.1021/acs.cgd.5b01412,2015
10.1021/acs.cgd.5b01457,2016
10.1021/acs.cgd.5b01481,2016
10.1021/acs.cgd.5b01509,2016
10.1021/acs.cgd.5b01559,2016
10.1021/acs.cgd.5b01594,2016
10.1021/acs.cgd.5b01680,2016
10.1021/acs.cgd.5b01684,2016
10.1021/acs.cgd.5b01696,2016
10.1021/acs.cgd.5b01716,2016
10.1021/acs.cgd.5b01772,2016
10.1021/acs.cgd.5b01785,2016
10.1021/acs.cgd.5b01843,2016
10.1021/acs.cgd.5c00021,2025
10.1021/acs.cgd.5c00040,2025
10.1021/acs.cgd.5c00081,2025
10.1021/acs.cgd.5c00500,2025
10.1021/acs.cgd.5c00874,2025
10.1021/acs.cgd.6b00007,2016
10.1021/acs.cgd.6b00028,2016
10.1021/acs.cgd.6b00038,2016
10.1021/acs.cgd.6b00051,2016
10.1021/acs.cgd.6b00060,2016
10.1021/acs.cgd.6b00065,2016
10.1021/acs.cgd.6b00076,2016
10.1021/acs.cgd.6b00103,2016
10.1021/acs.cgd.6b00151,2016
10.1021/acs.cgd.6b00176,2016
10.1021/acs.cgd.6b00197,2016
10.1021/acs.cgd.6b00258,2016
10.1021/acs.cgd.6b00274,2016
10.1021/acs.cgd.6b00313,2016
10.1021/acs.cgd.6b00463,2016
10.1021/acs.cgd.6b00502,2016
10.1021/acs.cgd.6b00527,2016
10.1021/acs.cgd.6b00593,2016
10.1021/acs.cgd.6b00610,2016
10.1021/acs.cgd.6b00622,2016
10.1021/acs.cgd.6b00735,2016
10.1021/acs.cgd.6b00776,2016
10.1021/acs.cgd.6b00780,2016
10.1021/acs.cgd.6b00795,2016
10.1021/acs.cgd.6b00813,2016
10.1021/acs.cgd.6b00903,2016
10.1021/acs.cgd.6b00926,2016
10.1021/acs.cgd.6b00991,2016
10.1021/acs.cgd.6b01054,2016
10.1021/acs.cgd.6b01097,2016
10.1021/acs.cgd.6b01161,2016
10.1021/acs.cgd.6b01352,2016
10.1021/acs.cgd.6b01392,2017
10.1021/acs.cgd.6b01398,2017
10.1021/acs.cgd.6b01431,2016
10.1021/acs.cgd.6b01512,2017
10.1021/acs.cgd.6b01533,2017
10.1021/acs.cgd.6b01538,2017
10.1021/acs.cgd.6b01591,2017
10.1021/acs.cgd.6b01597,2017
10.1021/acs.cgd.6b01658,2017
10.1021/acs.cgd.6b01732,2017
10.1021/acs.cgd.6b01755,2017
10.1021/acs.cgd.6b01763,2017
10.1021/acs.cgd.6b01768,2017
10.1021/acs.cgd.6b01776,2017
10.1021/acs.cgd.6b01808,2017
10.1021/acs.cgd.7b00001,2017
10.1021/acs.cgd.7b00007,2017
10.1021/acs.cgd.7b00030,2017
10.1021/acs.cgd.7b00077,2017
10.1021/acs.cgd.7b00118,2017
10.1021/acs.cgd.7b00119,2017
10.1021/acs.cgd.7b00141,2017
10.1021/acs.cgd.7b00153,2017
10.1021/acs.cgd.7b00166,2017
10.1021/acs.cgd.7b00171,2017
10.1021/acs.cgd.7b00174,2017
10.1021/acs.cgd.7b00188,2017
10.1021/acs.cgd.7b00274,2017
10.1021/acs.cgd.7b00373,2017
10.1021/acs.cgd.7b00400,2017
10.1021/acs.cgd.7b00450,2017
10.1021/acs.cgd.7b00504,2017
10.1021/acs.cgd.7b00575,2017
10.1021/acs.cgd.7b00598,2017
10.1021/acs.cgd.7b00784,2017
10.1021/acs.cgd.7b00795,2017
10.1021/acs.cgd.7b00825,2017
10.1021/acs.cgd.7b00830,2018
10.1021/acs.cgd.7b00848,2017
10.1021/acs.cgd.7b00877,2017
10.1021/acs.cgd.7b00892,2017
10.1021/acs.cgd.7b00898,2017
10.1021/acs.cgd.7b00967,2017
10.1021/acs.cgd.7b01061,2017
10.1021/acs.cgd.7b01070,2017
10.1021/acs.cgd.7b01082,2017
10.1021/acs.cgd.7b01085,2018
10.1021/acs.cgd.7b01133,2017
10.1021/acs.cgd.7b01171,2018
10.1021/acs.cgd.7b01190,2017
10.1021/acs.cgd.7b01211,2018
10.1021/acs.cgd.7b01250,2017
10.1021/acs.cgd.7b01256,2017
10.1021/acs.cgd.7b01319,2018
10.1021/acs.cgd.7b01402,2018
10.1021/acs.cgd.7b01574,2018
10.1021/acs.cgd.7b01581,2018
10.1021/acs.cgd.7b01616,2018
10.1021/acs.cgd.7b01689,2018
10.1021/acs.cgd.7b01749,2018
10.1021/acs.cgd.8b00002,2018
10.1021/acs.cgd.8b00016,2018
10.1021/acs.cgd.8b00045,2018
10.1021/acs.cgd.8b00174,2018
10.1021/acs.cgd.8b00196,2018
10.1021/acs.cgd.8b00225,2018
10.1021/acs.cgd.8b00349,2018
10.1021/acs.cgd.8b00385,2018
10.1021/acs.cgd.8b00439,2018
10.1021/acs.cgd.8b00442,2018
10.1021/acs.cgd.8b00528,2018
10.1021/acs.cgd.8b00575,2018
10.1021/acs.cgd.8b00590,2018
10.1021/acs.cgd.8b00664,2018
10.1021/acs.cgd.8b00819,2018
10.1021/acs.cgd.8b00854,2018
10.1021/acs.cgd.8b00898,2018
10.1021/acs.cgd.8b00960,2018
10.1021/acs.cgd.8b01077,2019
10.1021/acs.cgd.8b01113,2018
10.1021/acs.cgd.8b01145,2018
10.1021/acs.cgd.8b01199,2019
10.1021/acs.cgd.8b01212,2018
10.1021/acs.cgd.8b01258,2018
10.1021/acs.cgd.8b01311,2019
10.1021/acs.cgd.8b01347,2019
10.1021/acs.cgd.8b01373,2019
10.1021/acs.cgd.8b01433,2018
10.1021/acs.cgd.8b01442,2019
10.1021/acs.cgd.8b01462,2019
10.1021/acs.cgd.8b01527,2019
10.1021/acs.cgd.8b01547,2019
10.1021/acs.cgd.8b01564,2019
10.1021/acs.cgd.8b01566,2019
10.1021/acs.cgd.8b01588,2018
10.1021/acs.cgd.8b01589,2019
10.1021/acs.cgd.8b01606,2019
10.1021/acs.cgd.8b01657,2019
10.1021/acs.cgd.8b01695,2019
10.1021/acs.cgd.8b01724,2019
10.1021/acs.cgd.8b01725,2019
10.1021/acs.cgd.8b01779,2019
10.1021/acs.cgd.8b01810,2019
10.1021/acs.cgd.8b01848,2019
10.1021/acs.cgd.9b00010,2019
10.1021/acs.cgd.9b00038,2019
10.1021/acs.cgd.9b00054,2019
10.1021/acs.cgd.9b00170,2019
10.1021/acs.cgd.9b00192,2019
10.1021/acs.cgd.9b00233,2019
10.1021/acs.cgd.9b00235,2019
10.1021/acs.cgd.9b00237,2019
10.1021/acs.cgd.9b00241,2019
10.1021/acs.cgd.9b00293,2019
10.1021/acs.cgd.9b00306,2019
10.1021/acs.cgd.9b00319,2019
10.1021/acs.cgd.9b00426,2019
10.1021/acs.cgd.9b00452,2019
10.1021/acs.cgd.9b00477,2019
10.1021/acs.cgd.9b00508,2019
10.1021/acs.cgd.9b00602,2019
10.1021/acs.cgd.9b00611,2019
10.1021/acs.cgd.9b00734,2019
10.1021/acs.cgd.9b00759,2019
10.1021/acs.cgd.9b00800,2019
10.1021/acs.cgd.9b00816,2019
10.1021/acs.cgd.9b00824,2019
10.1021/acs.cgd.9b00838,2019
10.1021/acs.cgd.9b00840,2019
10.1021/acs.cgd.9b00891,2019
10.1021/acs.cgd.9b00894,2019
10.1021/acs.cgd.9b00916,2019
10.1021/acs.cgd.9b01014,2019
10.1021/acs.cgd.9b01098,2019
10.1021/acs.cgd.9b01192,2020
10.1021/acs.cgd.9b01301,2019
10.1021/acs.cgd.9b01340,2020
10.1021/acs.cgd.9b01369,2020
10.1021/acs.cgd.9b01384,2020
10.1021/acs.cgd.9b01442,2020
10.1021/acs.cgd.9b01471,2020
10.1021/acs.cgd.9b01477,2020
10.1021/acs.cgd.9b01545,2020
10.1021/acs.cgd.9b01590,2020
10.1021/acs.cgd.9b01697,2020
10.1021/acs.chemmater.0c00183,2020
10.1021/acs.chemmater.0c00634,2020
10.1021/acs.chemmater.0c00851,2020
10.1021/acs.chemmater.0c00894,2020
10.1021/acs.chemmater.0c01065,2020
10.1021/acs.chemmater.0c01267,2020
10.1021/acs.chemmater.0c01726,2020
10.1021/acs.chemmater.0c01737,2020
10.1021/acs.chemmater.0c02123,2020
10.1021/acs.chemmater.0c02535,2020
10.1021/acs.chemmater.0c02871,2020
10.1021/acs.chemmater.0c02889,2020
10.1021/acs.chemmater.0c03132,2020
10.1021/acs.chemmater.0c03212,2020
10.1021/acs.chemmater.0c03539,2020
10.1021/acs.chemmater.0c03718,2020
10.1021/acs.chemmater.0c04675,2021
10.1021/acs.chemmater.1c00455,2021
10.1021/acs.chemmater.1c00743,2021
10.1021/acs.chemmater.1c00917,2021
10.1021/acs.chemmater.1c01139,2021
10.1021/acs.chemmater.1c01521,2021
10.1021/acs.chemmater.1c02174,2021
10.1021/acs.chemmater.1c02411,2021
10.1021/acs.chemmater.1c02451,2021
10.1021/acs.chemmater.1c02476,2021
10.1021/acs.chemmater.1c04132,2022
10.1021/acs.chemmater.2c00111,2022
10.1021/acs.chemmater.2c00241,2022
10.1021/acs.chemmater.2c00242,2022
10.1021/acs.chemmater.2c00654,2022
10.1021/acs.chemmater.2c00780,2022
10.1021/acs.chemmater.2c00846,2022
10.1021/acs.chemmater.2c00846,2022
10.1021/acs.chemmater.2c01073,2022
10.1021/acs.chemmater.2c01481,2022
10.1021/acs.chemmater.2c01525,2022
10.1021/acs.chemmater.2c01736,2022
10.1021/acs.chemmater.2c02946,2023
10.1021/acs.chemmater.2c03018,2023
10.1021/acs.chemmater.2c03252,2023
10.1021/acs.chemmater.2c03744,2023
10.1021/acs.chemmater.3c00215,2023
10.1021/acs.chemmater.3c00350,2023
10.1021/acs.chemmater.3c00694,2023
10.1021/acs.chemmater.3c00741,2023
10.1021/acs.chemmater.3c00788,2023
10.1021/acs.chemmater.3c00829,2023
10.1021/acs.chemmater.3c01112,2023
10.1021/acs.chemmater.3c01389,2023
10.1021/acs.chemmater.3c01495,2023
10.1021/acs.chemmater.3c01840,2023
10.1021/acs.chemmater.3c02049,2023
10.1021/acs.chemmater.3c02121,2023
10.1021/acs.chemmater.3c02460,2024
10.1021/acs.chemmater.3c02546,2024
10.1021/acs.chemmater.3c02775,2023
10.1021/acs.chemmater.3c03026,2024
10.1021/acs.chemmater.3c03058,2024
10.1021/acs.chemmater.3c03065,2024
10.1021/acs.chemmater.3c03180,2024
10.1021/acs.chemmater.3c03269,2024
10.1021/acs.chemmater.4c00500,2024
10.1021/acs.chemmater.4c00769,2024
10.1021/acs.chemmater.4c00879,2024
10.1021/acs.chemmater.4c00963,2024
10.1021/acs.chemmater.4c01069,2024
10.1021/acs.chemmater.4c01794,2024
10.1021/acs.chemmater.4c01795,2024
10.1021/acs.chemmater.4c02040,2024
10.1021/acs.chemmater.4c02796,2025
10.1021/acs.chemmater.4c02816,2024
10.1021/acs.chemmater.4c03221,2025
10.1021/acs.chemmater.5b00246,2015
10.1021/acs.chemmater.5b00614,2015
10.1021/acs.chemmater.5b01140,2015
10.1021/acs.chemmater.5b03458,2016
10.1021/acs.chemmater.5b03723,2016
10.1021/acs.chemmater.5b04306,2016
10.1021/acs.chemmater.5b04575,2016
10.1021/acs.chemmater.6b00139,2016
10.1021/acs.chemmater.6b00249,2016
10.1021/acs.chemmater.6b00494,2016
10.1021/acs.chemmater.6b00602,2016
10.1021/acs.chemmater.6b01087,2016
10.1021/acs.chemmater.6b02239,2016
10.1021/acs.chemmater.6b02499,2016
10.1021/acs.chemmater.6b02511,2016
10.1021/acs.chemmater.6b02817,2016
10.1021/acs.chemmater.6b03880,2017
10.1021/acs.chemmater.6b05115,2017
10.1021/acs.chemmater.7b00949,2017
10.1021/acs.chemmater.7b01636,2017
10.1021/acs.chemmater.7b01677,2017
10.1021/acs.chemmater.7b01850,2017
10.1021/acs.chemmater.7b02042,2017
10.1021/acs.chemmater.7b03096,2017
10.1021/acs.chemmater.7b03203,2017
10.1021/acs.chemmater.7b04713,2018
10.1021/acs.chemmater.8b00614,2018
10.1021/acs.chemmater.8b00765,2018
10.1021/acs.chemmater.8b00843,2018
10.1021/acs.chemmater.8b01073,2018
10.1021/acs.chemmater.8b01164,2018
10.1021/acs.chemmater.8b01394,2018
10.1021/acs.chemmater.8b01891,2018
10.1021/acs.chemmater.8b02257,2018
10.1021/acs.chemmater.8b02884,2018
10.1021/acs.chemmater.8b03341,2018
10.1021/acs.chemmater.8b03881,2018
10.1021/acs.chemmater.8b04734,2019
10.1021/acs.chemmater.8b05365,2019
10.1021/acs.chemmater.9b00617,2019
10.1021/acs.chemmater.9b01068,2019
10.1021/acs.chemmater.9b01383,2019
10.1021/acs.chemmater.9b01908,2019
10.1021/acs.chemmater.9b02322,2019
10.1021/acs.chemmater.9b02375,2019
10.1021/acs.chemmater.9b02462,2020
10.1021/acs.chemmater.9b02868,2019
10.1021/acs.chemmater.9b03453,2020
10.1021/acs.chemmater.9b03662,2020
10.1021/acs.chemmater.9b03807,2020
10.1021/acs.chemmater.9b04177,2020
10.1021/acs.chemmater.9b04414,2020
10.1021/acs.inorgchem.0c00225,2020
10.1021/acs.inorgchem.0c00389,2020
10.1021/acs.inorgchem.0c00580,2020
10.1021/acs.inorgchem.0c00596,2020
10.1021/acs.inorgchem.0c00627,2020
10.1021/acs.inorgchem.0c00678,2020
10.1021/acs.inorgchem.0c00752,2020
10.1021/acs.inorgchem.0c00875,2020
10.1021/acs.inorgchem.0c00915,2020
10.1021/acs.inorgchem.0c00987,2020
10.1021/acs.inorgchem.0c00991,2020
10.1021/acs.inorgchem.0c01051,2020
10.1021/acs.inorgchem.0c01124,2020
10.1021/acs.inorgchem.0c01178,2020
10.1021/acs.inorgchem.0c01427,2020
10.1021/acs.inorgchem.0c01533,2020
10.1021/acs.inorgchem.0c01646,2020
10.1021/acs.inorgchem.0c01710,2020
10.1021/acs.inorgchem.0c01912,2020
10.1021/acs.inorgchem.0c02050,2020
10.1021/acs.inorgchem.0c02105,2020
10.1021/acs.inorgchem.0c02221,2020
10.1021/acs.inorgchem.0c02297,2020
10.1021/acs.inorgchem.0c02358,2020
10.1021/acs.inorgchem.0c02669,2020
10.1021/acs.inorgchem.0c02674,2020
10.1021/acs.inorgchem.0c02877,2020
10.1021/acs.inorgchem.0c02959,2020
10.1021/acs.inorgchem.0c03156,2021
10.1021/acs.inorgchem.0c03206,2021
10.1021/acs.inorgchem.0c03296,2021
10.1021/acs.inorgchem.0c03301,2021
10.1021/acs.inorgchem.0c03364,2021
10.1021/acs.inorgchem.0c03417,2021
10.1021/acs.inorgchem.0c03575,2021
10.1021/acs.inorgchem.0c03586,2021
10.1021/acs.inorgchem.0c03598,2021
10.1021/acs.inorgchem.0c03688,2021
10.1021/acs.inorgchem.0c03738,2021
10.1021/acs.inorgchem.0c03742,2021
10.1021/acs.inorgchem.0c03751,2021
10.1021/acs.inorgchem.1c00017,2021
10.1021/acs.inorgchem.1c00053,2021
10.1021/acs.inorgchem.1c00084,2021
10.1021/acs.inorgchem.1c00162,2021
10.1021/acs.inorgchem.1c00408,2021
10.1021/acs.inorgchem.1c00497,2021
10.1021/acs.inorgchem.1c00504,2021
10.1021/acs.inorgchem.1c00589,2021
10.1021/acs.inorgchem.1c00636,2021
10.1021/acs.inorgchem.1c00642,2021
10.1021/acs.inorgchem.1c00862,2021
10.1021/acs.inorgchem.1c00941,2021
10.1021/acs.inorgchem.1c00981,2021
10.1021/acs.inorgchem.1c01026,2021
10.1021/acs.inorgchem.1c01226,2021
10.1021/acs.inorgchem.1c01229,2021
10.1021/acs.inorgchem.1c01240,2021
10.1021/acs.inorgchem.1c01310,2021
10.1021/acs.inorgchem.1c01466,2021
10.1021/acs.inorgchem.1c01540,2021
10.1021/acs.inorgchem.1c01738,2021
10.1021/acs.inorgchem.1c01826,2021
10.1021/acs.inorgchem.1c01839,2021
10.1021/acs.inorgchem.1c02017,2021
10.1021/acs.inorgchem.1c02070,2021
10.1021/acs.inorgchem.1c02078,2021
10.1021/acs.inorgchem.1c02082,2021
10.1021/acs.inorgchem.1c02100,2021
10.1021/acs.inorgchem.1c02277,2021
10.1021/acs.inorgchem.1c02455,2021
10.1021/acs.inorgchem.1c02468,2021
10.1021/acs.inorgchem.1c02704,2021
10.1021/acs.inorgchem.1c02850,2021
10.1021/acs.inorgchem.1c02910,2021
10.1021/acs.inorgchem.1c03040,2022
10.1021/acs.inorgchem.1c03044,2021
10.1021/acs.inorgchem.1c03148,2021
10.1021/acs.inorgchem.1c03199,2022
10.1021/acs.inorgchem.1c03231,2022
10.1021/acs.inorgchem.1c03246,2022
10.1021/acs.inorgchem.1c03284,2022
10.1021/acs.inorgchem.1c03340,2022
10.1021/acs.inorgchem.1c03359,2022
10.1021/acs.inorgchem.1c03412,2022
10.1021/acs.inorgchem.1c03414,2022
10.1021/acs.inorgchem.1c03466,2022
10.1021/acs.inorgchem.1c03654,2022
10.1021/acs.inorgchem.1c03679,2022
10.1021/acs.inorgchem.1c03818,2022
10.1021/acs.inorgchem.1c03935,2022
10.1021/acs.inorgchem.1c03988,2022
10.1021/acs.inorgchem.1c04027,2022
10.1021/acs.inorgchem.1c04033,2022
10.1021/acs.inorgchem.2c00014,2022
10.1021/acs.inorgchem.2c00036,2022
10.1021/acs.inorgchem.2c00139,2022
10.1021/acs.inorgchem.2c00223,2022
10.1021/acs.inorgchem.2c00270,2022
10.1021/acs.inorgchem.2c00287,2022
10.1021/acs.inorgchem.2c00308,2022
10.1021/acs.inorgchem.2c00342,2022
10.1021/acs.inorgchem.2c00367,2022
10.1021/acs.inorgchem.2c00427,2022
10.1021/acs.inorgchem.2c00452,2022
10.1021/acs.inorgchem.2c00497,2022
10.1021/acs.inorgchem.2c00608,2022
10.1021/acs.inorgchem.2c00628,2022
10.1021/acs.inorgchem.2c00650,2022
10.1021/acs.inorgchem.2c00660,2022
10.1021/acs.inorgchem.2c00756,2022
10.1021/acs.inorgchem.2c00819,2022
10.1021/acs.inorgchem.2c00825,2022
10.1021/acs.inorgchem.2c00853,2022
10.1021/acs.inorgchem.2c00858,2022
10.1021/acs.inorgchem.2c00941,2022
10.1021/acs.inorgchem.2c01023,2022
10.1021/acs.inorgchem.2c01128,2022
10.1021/acs.inorgchem.2c01171,2022
10.1021/acs.inorgchem.2c01294,2022
10.1021/acs.inorgchem.2c01323,2022
10.1021/acs.inorgchem.2c01398,2022
10.1021/acs.inorgchem.2c01488,2022
10.1021/acs.inorgchem.2c01517,2022
10.1021/acs.inorgchem.2c01579,2022
10.1021/acs.inorgchem.2c01594,2022
10.1021/acs.inorgchem.2c01619,2022
10.1021/acs.inorgchem.2c01643,2022
10.1021/acs.inorgchem.2c01793,2022
10.1021/acs.inorgchem.2c01846,2022
10.1021/acs.inorgchem.2c01893,2022
10.1021/acs.inorgchem.2c01936,2022
10.1021/acs.inorgchem.2c01988,2022
10.1021/acs.inorgchem.2c02023,2022
10.1021/acs.inorgchem.2c02072,2022
10.1021/acs.inorgchem.2c02215,2022
10.1021/acs.inorgchem.2c02345,2022
10.1021/acs.inorgchem.2c02363,2022
10.1021/acs.inorgchem.2c02454,2022
10.1021/acs.inorgchem.2c02490,2022
10.1021/acs.inorgchem.2c02542,2022
10.1021/acs.inorgchem.2c02547,2022
10.1021/acs.inorgchem.2c02615,2022
10.1021/acs.inorgchem.2c02661,2022
10.1021/acs.inorgchem.2c02733,2022
10.1021/acs.inorgchem.2c02842,2022
10.1021/acs.inorgchem.2c03027,2023
10.1021/acs.inorgchem.2c03078,2022
10.1021/acs.inorgchem.2c03110,2022
10.1021/acs.inorgchem.2c03138,2022
10.1021/acs.inorgchem.2c03152,2022
10.1021/acs.inorgchem.2c03336,2022
10.1021/acs.inorgchem.2c03369,2023
10.1021/acs.inorgchem.2c03436,2022
10.1021/acs.inorgchem.2c03472,2022
10.1021/acs.inorgchem.2c03679,2022
10.1021/acs.inorgchem.2c03681,2023
10.1021/acs.inorgchem.2c03872,2023
10.1021/acs.inorgchem.2c04053,2023
10.1021/acs.inorgchem.2c04060,2023
10.1021/acs.inorgchem.2c04136,2023
10.1021/acs.inorgchem.2c04158,2023
10.1021/acs.inorgchem.2c04233,2023
10.1021/acs.inorgchem.2c04233,2023
10.1021/acs.inorgchem.2c04313,2023
10.1021/acs.inorgchem.2c04334,2023
10.1021/acs.inorgchem.2c04364,2023
10.1021/acs.inorgchem.2c04400,2023
10.1021/acs.inorgchem.2c04422,2023
10.1021/acs.inorgchem.2c04443,2023
10.1021/acs.inorgchem.2c04447,2023
10.1021/acs.inorgchem.2c04470,2023
10.1021/acs.inorgchem.2c04483,2023
10.1021/acs.inorgchem.3c00049,2023
10.1021/acs.inorgchem.3c00055,2023
10.1021/acs.inorgchem.3c00148,2023
10.1021/acs.inorgchem.3c00365,2023
10.1021/acs.inorgchem.3c00540,2023
10.1021/acs.inorgchem.3c00560,2023
10.1021/acs.inorgchem.3c00821,2023
10.1021/acs.inorgchem.3c01016,2023
10.1021/acs.inorgchem.3c01079,2023
10.1021/acs.inorgchem.3c01131,2023
10.1021/acs.inorgchem.3c01230,2023
10.1021/acs.inorgchem.3c01243,2023
10.1021/acs.inorgchem.3c01245,2023
10.1021/acs.inorgchem.3c01258,2023
10.1021/acs.inorgchem.3c01308,2023
10.1021/acs.inorgchem.3c01393,2023
10.1021/acs.inorgchem.3c01862,2023
10.1021/acs.inorgchem.3c01923,2023
10.1021/acs.inorgchem.3c02202,2023
10.1021/acs.inorgchem.3c02225,2023
10.1021/acs.inorgchem.3c02328,2024
10.1021/acs.inorgchem.3c02400,2023
10.1021/acs.inorgchem.3c02507,2023
10.1021/acs.inorgchem.3c02553,2023
10.1021/acs.inorgchem.3c02597,2023
10.1021/acs.inorgchem.3c02620,2023
10.1021/acs.inorgchem.3c02670,2023
10.1021/acs.inorgchem.3c02754,2023
10.1021/acs.inorgchem.3c02765,2023
10.1021/acs.inorgchem.3c02875,2023
10.1021/acs.inorgchem.3c02877,2023
10.1021/acs.inorgchem.3c03056,2023
10.1021/acs.inorgchem.3c03064,2023
10.1021/acs.inorgchem.3c03086,2024
10.1021/acs.inorgchem.3c03128,2023
10.1021/acs.inorgchem.3c03142,2023
10.1021/acs.inorgchem.3c03472,2023
10.1021/acs.inorgchem.3c03703,2023
10.1021/acs.inorgchem.3c03704,2024
10.1021/acs.inorgchem.3c03712,2023
10.1021/acs.inorgchem.3c03742,2024
10.1021/acs.inorgchem.3c03750,2024
10.1021/acs.inorgchem.3c03838,2024
10.1021/acs.inorgchem.3c03901,2024
10.1021/acs.inorgchem.3c03988,2024
10.1021/acs.inorgchem.3c04060,2024
10.1021/acs.inorgchem.3c04117,2024
10.1021/acs.inorgchem.3c04306,2024
10.1021/acs.inorgchem.3c04363,2024
10.1021/acs.inorgchem.3c04478,2024
10.1021/acs.inorgchem.3c04526,2024
10.1021/acs.inorgchem.3c04550,2024
10.1021/acs.inorgchem.3c04559,2024
10.1021/acs.inorgchem.4c00114,2024
10.1021/acs.inorgchem.4c00202,2024
10.1021/acs.inorgchem.4c00217,2024
10.1021/acs.inorgchem.4c00245,2024
10.1021/acs.inorgchem.4c00350,2024
10.1021/acs.inorgchem.4c00372,2024
10.1021/acs.inorgchem.4c00468,2024
10.1021/acs.inorgchem.4c00507,2024
10.1021/acs.inorgchem.4c00545,2024
10.1021/acs.inorgchem.4c00559,2024
10.1021/acs.inorgchem.4c00627,2024
10.1021/acs.inorgchem.4c00695,2024
10.1021/acs.inorgchem.4c00713,2024
10.1021/acs.inorgchem.4c01061,2024
10.1021/acs.inorgchem.4c01253,2024
10.1021/acs.inorgchem.4c01453,2024
10.1021/acs.inorgchem.4c01508,2024
10.1021/acs.inorgchem.4c01535,2024
10.1021/acs.inorgchem.4c01565,2024
10.1021/acs.inorgchem.4c01579,2024
10.1021/acs.inorgchem.4c01589,2024
10.1021/acs.inorgchem.4c01658,2024
10.1021/acs.inorgchem.4c01791,2024
10.1021/acs.inorgchem.4c01792,2024
10.1021/acs.inorgchem.4c01825,2024
10.1021/acs.inorgchem.4c02082,2024
10.1021/acs.inorgchem.4c02464,2024
10.1021/acs.inorgchem.4c02528,2024
10.1021/acs.inorgchem.4c02730,2024
10.1021/acs.inorgchem.4c02795,2024
10.1021/acs.inorgchem.4c02876,2024
10.1021/acs.inorgchem.4c02969,2024
10.1021/acs.inorgchem.4c03064,2024
10.1021/acs.inorgchem.4c03067,2024
10.1021/acs.inorgchem.4c03193,2024
10.1021/acs.inorgchem.4c03228,2024
10.1021/acs.inorgchem.4c03337,2024
10.1021/acs.inorgchem.4c03846,2024
10.1021/acs.inorgchem.4c03887,2024
10.1021/acs.inorgchem.4c03990,2024
10.1021/acs.inorgchem.4c04161,2024
10.1021/acs.inorgchem.4c04375,2025
10.1021/acs.inorgchem.4c04447,2024
10.1021/acs.inorgchem.4c04464,2024
10.1021/acs.inorgchem.4c04616,2025
10.1021/acs.inorgchem.4c04646,2024
10.1021/acs.inorgchem.4c04727,2025
10.1021/acs.inorgchem.4c04891,2025
10.1021/acs.inorgchem.4c04984,2025
10.1021/acs.inorgchem.4c05275,2025
10.1021/acs.inorgchem.4c05544,2025
10.1021/acs.inorgchem.4c05574,2025
10.1021/acs.inorgchem.4c05575,2025
10.1021/acs.inorgchem.5b00074,2015
10.1021/acs.inorgchem.5b00180,2015
10.1021/acs.inorgchem.5b00435,2015
10.1021/acs.inorgchem.5b00478,2015
10.1021/acs.inorgchem.5b00535,2015
10.1021/acs.inorgchem.5b01053,2015
10.1021/acs.inorgchem.5b01231,2015
10.1021/acs.inorgchem.5b01326,2015
10.1021/acs.inorgchem.5b01562,2015
10.1021/acs.inorgchem.5b01611,2015
10.1021/acs.inorgchem.5b01623,2015
10.1021/acs.inorgchem.5b01854,2015
10.1021/acs.inorgchem.5b01900,2015
10.1021/acs.inorgchem.5b02003,2015
10.1021/acs.inorgchem.5b02046,2015
10.1021/acs.inorgchem.5b02108,2016
10.1021/acs.inorgchem.5b02188,2016
10.1021/acs.inorgchem.5b02234,2016
10.1021/acs.inorgchem.5b02242,2016
10.1021/acs.inorgchem.5b02257,2016
10.1021/acs.inorgchem.5b02312,2016
10.1021/acs.inorgchem.5b02375,2016
10.1021/acs.inorgchem.5b02786,2016
10.1021/acs.inorgchem.5b02921,2016
10.1021/acs.inorgchem.5b02961,2016
10.1021/acs.inorgchem.5c00158,2025
10.1021/acs.inorgchem.5c00221,2025
10.1021/acs.inorgchem.5c00341,2025
10.1021/acs.inorgchem.5c00352,2025
10.1021/acs.inorgchem.5c00353,2025
10.1021/acs.inorgchem.5c00486,2025
10.1021/acs.inorgchem.5c00612,2025
10.1021/acs.inorgchem.5c00841,2025
10.1021/acs.inorgchem.5c01033,2025
10.1021/acs.inorgchem.5c01117,2025
10.1021/acs.inorgchem.5c01269,2025
10.1021/acs.inorgchem.5c01354,2025
10.1021/acs.inorgchem.5c01724,2025
10.1021/acs.inorgchem.5c01769,2025
10.1021/acs.inorgchem.5c01963,2025
10.1021/acs.inorgchem.5c02137,2025
10.1021/acs.inorgchem.5c02360,2025
10.1021/acs.inorgchem.6b00019,2016
10.1021/acs.inorgchem.6b00045,2016
10.1021/acs.inorgchem.6b00105,2016
10.1021/acs.inorgchem.6b00111,2016
10.1021/acs.inorgchem.6b00158,2016
10.1021/acs.inorgchem.6b00186,2016
10.1021/acs.inorgchem.6b00221,2016
10.1021/acs.inorgchem.6b00276,2016
10.1021/acs.inorgchem.6b00296,2016
10.1021/acs.inorgchem.6b00522,2016
10.1021/acs.inorgchem.6b00530,2016
10.1021/acs.inorgchem.6b00570,2016
10.1021/acs.inorgchem.6b00661,2016
10.1021/acs.inorgchem.6b00865,2016
10.1021/acs.inorgchem.6b00933,2016
10.1021/acs.inorgchem.6b00971,2016
10.1021/acs.inorgchem.6b01060,2016
10.1021/acs.inorgchem.6b01328,2016
10.1021/acs.inorgchem.6b01419,2016
10.1021/acs.inorgchem.6b01592,2016
10.1021/acs.inorgchem.6b01600,2016
10.1021/acs.inorgchem.6b01809,2016
10.1021/acs.inorgchem.6b01852,2017
10.1021/acs.inorgchem.6b01882,2016
10.1021/acs.inorgchem.6b01901,2016
10.1021/acs.inorgchem.6b01928,2016
10.1021/acs.inorgchem.6b02091,2016
10.1021/acs.inorgchem.6b02137,2016
10.1021/acs.inorgchem.6b02199,2017
10.1021/acs.inorgchem.6b02308,2016
10.1021/acs.inorgchem.6b02332,2016
10.1021/acs.inorgchem.6b02514,2016
10.1021/acs.inorgchem.6b02584,2017
10.1021/acs.inorgchem.6b02674,2017
10.1021/acs.inorgchem.6b02713,2017
10.1021/acs.inorgchem.6b02774,2017
10.1021/acs.inorgchem.6b02810,2017
10.1021/acs.inorgchem.6b02883,2017
10.1021/acs.inorgchem.6b02969,2017
10.1021/acs.inorgchem.6b03014,2017
10.1021/acs.inorgchem.6b03084,2017
10.1021/acs.inorgchem.6b03140,2017
10.1021/acs.inorgchem.7b00012,2017
10.1021/acs.inorgchem.7b00074,2017
10.1021/acs.inorgchem.7b00198,2017
10.1021/acs.inorgchem.7b00202,2017
10.1021/acs.inorgchem.7b00325,2017
10.1021/acs.inorgchem.7b00342,2017
10.1021/acs.inorgchem.7b00429,2017
10.1021/acs.inorgchem.7b00436,2017
10.1021/acs.inorgchem.7b00598,2017
10.1021/acs.inorgchem.7b00639,2017
10.1021/acs.inorgchem.7b00681,2017
10.1021/acs.inorgchem.7b00707,2017
10.1021/acs.inorgchem.7b00744,2017
10.1021/acs.inorgchem.7b00939,2017
10.1021/acs.inorgchem.7b01025,2017
10.1021/acs.inorgchem.7b01057,2017
10.1021/acs.inorgchem.7b01100,2017
10.1021/acs.inorgchem.7b01103,2017
10.1021/acs.inorgchem.7b01191,2017
10.1021/acs.inorgchem.7b01197,2017
10.1021/acs.inorgchem.7b01271,2017
10.1021/acs.inorgchem.7b01286,2017
10.1021/acs.inorgchem.7b01322,2017
10.1021/acs.inorgchem.7b01522,2017
10.1021/acs.inorgchem.7b01657,2017
10.1021/acs.inorgchem.7b01781,2017
10.1021/acs.inorgchem.7b01801,2017
10.1021/acs.inorgchem.7b01818,2017
10.1021/acs.inorgchem.7b01915,2017
10.1021/acs.inorgchem.7b01965,2017
10.1021/acs.inorgchem.7b02022,2017
10.1021/acs.inorgchem.7b02123,2017
10.1021/acs.inorgchem.7b02136,2017
10.1021/acs.inorgchem.7b02163,2017
10.1021/acs.inorgchem.7b02235,2017
10.1021/acs.inorgchem.7b02324,2018
10.1021/acs.inorgchem.7b02327,2017
10.1021/acs.inorgchem.7b02391,2018
10.1021/acs.inorgchem.7b02411,2018
10.1021/acs.inorgchem.7b02435,2018
10.1021/acs.inorgchem.7b02443,2017
10.1021/acs.inorgchem.7b02452,2017
10.1021/acs.inorgchem.7b02595,2018
10.1021/acs.inorgchem.7b02754,2018
10.1021/acs.inorgchem.7b02761,2018
10.1021/acs.inorgchem.7b02899,2018
10.1021/acs.inorgchem.7b02983,2018
10.1021/acs.inorgchem.7b03053,2018
10.1021/acs.inorgchem.7b03063,2018
10.1021/acs.inorgchem.7b03174,2018
10.1021/acs.inorgchem.7b03204,2018
10.1021/acs.inorgchem.7b03214,2018
10.1021/acs.inorgchem.7b03278,2018
10.1021/acs.inorgchem.8b00080,2018
10.1021/acs.inorgchem.8b00126,2018
10.1021/acs.inorgchem.8b00169,2018
10.1021/acs.inorgchem.8b00395,2018
10.1021/acs.inorgchem.8b00425,2018
10.1021/acs.inorgchem.8b00465,2018
10.1021/acs.inorgchem.8b00541,2018
10.1021/acs.inorgchem.8b00657,2018
10.1021/acs.inorgchem.8b00671,2018
10.1021/acs.inorgchem.8b00683,2018
10.1021/acs.inorgchem.8b00720,2018
10.1021/acs.inorgchem.8b00748,2018
10.1021/acs.inorgchem.8b00910,2018
10.1021/acs.inorgchem.8b01130,2018
10.1021/acs.inorgchem.8b01137,2018
10.1021/acs.inorgchem.8b01211,2018
10.1021/acs.inorgchem.8b01241,2018
10.1021/acs.inorgchem.8b01315,2018
10.1021/acs.inorgchem.8b01319,2018
10.1021/acs.inorgchem.8b01563,2018
10.1021/acs.inorgchem.8b01612,2018
10.1021/acs.inorgchem.8b01631,2018
10.1021/acs.inorgchem.8b01842,2018
10.1021/acs.inorgchem.8b01955,2018
10.1021/acs.inorgchem.8b02019,2018
10.1021/acs.inorgchem.8b02026,2018
10.1021/acs.inorgchem.8b02133,2019
10.1021/acs.inorgchem.8b02206,2018
10.1021/acs.inorgchem.8b02277,2019
10.1021/acs.inorgchem.8b02293,2018
10.1021/acs.inorgchem.8b02360,2018
10.1021/acs.inorgchem.8b02434,2018
10.1021/acs.inorgchem.8b02507,2019
10.1021/acs.inorgchem.8b02545,2018
10.1021/acs.inorgchem.8b02549,2019
10.1021/acs.inorgchem.8b03001,2019
10.1021/acs.inorgchem.8b03021,2019
10.1021/acs.inorgchem.8b03025,2019
10.1021/acs.inorgchem.8b03087,2019
10.1021/acs.inorgchem.8b03148,2019
10.1021/acs.inorgchem.8b03202,2019
10.1021/acs.inorgchem.8b03210,2019
10.1021/acs.inorgchem.8b03271,2019
10.1021/acs.inorgchem.8b03307,2019
10.1021/acs.inorgchem.8b03318,2019
10.1021/acs.inorgchem.8b03505,2019
10.1021/acs.inorgchem.8b03612,2019
10.1021/acs.inorgchem.9b00077,2019
10.1021/acs.inorgchem.9b00084,2019
10.1021/acs.inorgchem.9b00123,2019
10.1021/acs.inorgchem.9b00157,2019
10.1021/acs.inorgchem.9b00200,2019
10.1021/acs.inorgchem.9b00215,2019
10.1021/acs.inorgchem.9b00219,2019
10.1021/acs.inorgchem.9b00261,2019
10.1021/acs.inorgchem.9b00293,2019
10.1021/acs.inorgchem.9b00362,2019
10.1021/acs.inorgchem.9b00388,2019
10.1021/acs.inorgchem.9b00396,2019
10.1021/acs.inorgchem.9b00701,2019
10.1021/acs.inorgchem.9b00745,2019
10.1021/acs.inorgchem.9b00768,2019
10.1021/acs.inorgchem.9b00903,2019
10.1021/acs.inorgchem.9b00925,2019
10.1021/acs.inorgchem.9b00940,2019
10.1021/acs.inorgchem.9b01128,2019
10.1021/acs.inorgchem.9b01234,2019
10.1021/acs.inorgchem.9b01258,2019
10.1021/acs.inorgchem.9b01387,2019
10.1021/acs.inorgchem.9b01408,2019
10.1021/acs.inorgchem.9b01666,2019
10.1021/acs.inorgchem.9b01819,2019
10.1021/acs.inorgchem.9b01935,2019
10.1021/acs.inorgchem.9b01947,2019
10.1021/acs.inorgchem.9b02056,2019
10.1021/acs.inorgchem.9b02068,2019
10.1021/acs.inorgchem.9b02177,2020
10.1021/acs.inorgchem.9b02397,2019
10.1021/acs.inorgchem.9b02473,2019
10.1021/acs.inorgchem.9b02517,2020
10.1021/acs.inorgchem.9b02593,2019
10.1021/acs.inorgchem.9b02658,2019
10.1021/acs.inorgchem.9b02742,2020
10.1021/acs.inorgchem.9b02841,2020
10.1021/acs.inorgchem.9b02952,2020
10.1021/acs.inorgchem.9b02997,2020
10.1021/acs.inorgchem.9b02999,2020
10.1021/acs.inorgchem.9b03316,2020
10.1021/acs.inorgchem.9b03350,2020
10.1021/acs.inorgchem.9b03422,2020
10.1021/acs.inorgchem.9b03493,2020
10.1021/acs.inorgchem.9b03639,2020
10.1021/acs.inorgchem.9b03648,2020
10.1021/acs.inorgchem.9b03654,2020
10.1021/acs.inorgchem.9b03667,2020
10.1021/acs.inorgchem.9b03719,2020
10.1021/acs.inorgchem.9b03773,2020
10.1021/acs.jafc.2c05780,2022
10.1021/acs.jafc.8b00400,2018
10.1021/acs.jafc.8b03144,2018
10.1021/acs.jced.7b00049,2017
10.1021/acs.jced.9b00489,2019
10.1021/acs.jced.9b01146,2020
10.1021/acs.jchemed.0c00311,2020
10.1021/acs.jchemed.0c00905,2020
10.1021/acs.jchemed.1c00583,2021
10.1021/acs.jchemed.1c00673,2021
10.1021/acs.jchemed.2c00115,2022
10.1021/acs.jchemed.2c00849,2023
10.1021/acs.jchemed.2c00910,2023
10.1021/acs.jchemed.2c00922,2023
10.1021/acs.jchemed.2c01226,2023
10.1021/acs.jchemed.3c00949,2024
10.1021/acs.jchemed.4c00297,2024
10.1021/acs.jchemed.6b00258,2016
10.1021/acs.jchemed.7b00028,2017
10.1021/acs.jchemed.8b00265,2018
10.1021/acs.jchemed.8b00357,2018
10.1021/acs.jchemed.9b00075,2019
10.1021/acs.jchemed.9b00267,2019
10.1021/acs.jchemed.9b00337,2020
10.1021/acs.jchemed.9b01166,2020
10.1021/acs.jcim.1c01297,2022
10.1021/acs.jcim.3c02083,2024
10.1021/acs.jcim.4c00997,2025
10.1021/acs.jcim.4c01298,2024
10.1021/acs.joc.3c01540,2023
10.1021/acs.joc.6b00768,2016
10.1021/acs.jpca.0c01577,2020
10.1021/acs.jpca.2c05400,2022
10.1021/acs.jpca.3c02508,2023
10.1021/acs.jpcb.6b04784,2016
10.1021/acs.jpcc.0c01878,2020
10.1021/acs.jpcc.0c02280,2020
10.1021/acs.jpcc.0c02743,2020
10.1021/acs.jpcc.0c09600,2021
10.1021/acs.jpcc.0c11551,2021
10.1021/acs.jpcc.1c02623,2021
10.1021/acs.jpcc.1c06699,2021
10.1021/acs.jpcc.1c08474,2021
10.1021/acs.jpcc.2c02315,2022
10.1021/acs.jpcc.2c03403,2022
10.1021/acs.jpcc.2c05594,2022
10.1021/acs.jpcc.2c08424,2023
10.1021/acs.jpcc.3c01821,2023
10.1021/acs.jpcc.3c02877,2023
10.1021/acs.jpcc.3c03953,2023
10.1021/acs.jpcc.3c04890,2023
10.1021/acs.jpcc.3c06115,2023
10.1021/acs.jpcc.3c06499,2023
10.1021/acs.jpcc.3c06826,2024
10.1021/acs.jpcc.3c07257,2024
10.1021/acs.jpcc.3c07690,2024
10.1021/acs.jpcc.4c02651,2024
10.1021/acs.jpcc.4c03277,2024
10.1021/acs.jpcc.5b01519,2015
10.1021/acs.jpcc.5b03138,2015
10.1021/acs.jpcc.5b08053,2015
10.1021/acs.jpcc.5b09520,2015
10.1021/acs.jpcc.5b10552,2015
10.1021/acs.jpcc.6b01378,2016
10.1021/acs.jpcc.6b04347,2016
10.1021/acs.jpcc.6b08610,2017
10.1021/acs.jpcc.6b08643,2016
10.1021/acs.jpcc.6b09416,2016
10.1021/acs.jpcc.6b10363,2017
10.1021/acs.jpcc.7b00070,2017
10.1021/acs.jpcc.7b00483,2017
10.1021/acs.jpcc.7b02685,2017
10.1021/acs.jpcc.7b06773,2017
10.1021/acs.jpcc.7b07079,2017
10.1021/acs.jpcc.7b07772,2017
10.1021/acs.jpcc.7b07807,2017
10.1021/acs.jpcc.7b09105,2018
10.1021/acs.jpcc.7b09190,2017
10.1021/acs.jpcc.7b11012,2018
10.1021/acs.jpcc.8b01725,2018
10.1021/acs.jpcc.8b02484,2018
10.1021/acs.jpcc.8b03112,2018
10.1021/acs.jpcc.8b05882,2018
10.1021/acs.jpcc.8b08639,2018
10.1021/acs.jpcc.8b08972,2018
10.1021/acs.jpcc.8b09904,2018
10.1021/acs.jpcc.8b10448,2019
10.1021/acs.jpcc.8b11377,2019
10.1021/acs.jpcc.8b12392,2019
10.1021/acs.jpcc.9b04312,2019
10.1021/acs.jpcc.9b05574,2019
10.1021/acs.jpcc.9b08434,2019
10.1021/acs.jpcc.9b09880,2019
10.1021/acs.jpcc.9b10124,2020
10.1021/acs.jpclett.1c01892,2021
10.1021/acs.jpclett.1c03209,2021
10.1021/acs.jpclett.3c00941,2023
10.1021/acs.jpclett.3c02003,2023
10.1021/acs.jpclett.5b00440,2015
10.1021/acs.jpclett.5b01135,2015
10.1021/acs.jpclett.5b01602,2015
10.1021/acs.jpclett.5b01926,2015
10.1021/acs.jpclett.6b00297,2016
10.1021/acs.jpclett.7b02003,2017
10.1021/acs.jpclett.8b00203,2018
10.1021/acs.jpclett.8b01707,2018
10.1021/acs.langmuir.0c01128,2020
10.1021/acs.langmuir.0c02496,2020
10.1021/acs.langmuir.0c02549,2020
10.1021/acs.langmuir.0c03378,2021
10.1021/acs.langmuir.1c01399,2021
10.1021/acs.langmuir.1c01664,2021
10.1021/acs.langmuir.1c03015,2022
10.1021/acs.langmuir.2c00165,2022
10.1021/acs.langmuir.2c00176,2022
10.1021/acs.langmuir.2c00816,2022
10.1021/acs.langmuir.2c01317,2022
10.1021/acs.langmuir.2c01967,2022
10.1021/acs.langmuir.2c02070,2022
10.1021/acs.langmuir.2c02412,2023
10.1021/acs.langmuir.2c02947,2023
10.1021/acs.langmuir.3c00018,2023
10.1021/acs.langmuir.3c00632,2023
10.1021/acs.langmuir.3c00879,2023
10.1021/acs.langmuir.3c01964,2023
10.1021/acs.langmuir.3c02006,2023
10.1021/acs.langmuir.3c02384,2023
10.1021/acs.langmuir.3c02731,2023
10.1021/acs.langmuir.3c03193,2024
10.1021/acs.langmuir.4c01368,2024
10.1021/acs.langmuir.5b02390,2015
10.1021/acs.langmuir.6b01251,2016
10.1021/acs.langmuir.6b01687,2016
10.1021/acs.langmuir.7b02365,2017
10.1021/acs.langmuir.7b03083,2018
10.1021/acs.langmuir.7b03926,2018
10.1021/acs.langmuir.7b04399,2018
10.1021/acs.langmuir.8b00823,2018
10.1021/acs.langmuir.8b00889,2018
10.1021/acs.langmuir.8b00948,2018
10.1021/acs.langmuir.8b01037,2018
10.1021/acs.langmuir.8b02205,2018
10.1021/acs.langmuir.8b02592,2018
10.1021/acs.langmuir.8b03153,2019
10.1021/acs.langmuir.8b03938,2018
10.1021/acs.langmuir.9b02582,2020
10.1021/acs.langmuir.9b03731,2020
10.1021/acs.nanolett.0c04053,2021
10.1021/acs.nanolett.1c04574,2022
10.1021/acs.nanolett.3c04369,2024
10.1021/acs.nanolett.9b04997,2020
10.1021/acs.oprd.2c00032,2022
10.1021/acs.organomet.6b00365,2016
10.1021/acs.organomet.7b00544,2017
10.1021/acs.organomet.9b00319,2019
10.1021/acs.organomet.9b00482,2019
10.1021/acs.organomet.9b00657,2020
10.1021/acs.orglett.2c03368,2022
10.1021/acs.orglett.7b02887,2017
10.1021/acsaelm.0c01045,2021
10.1021/acsaelm.9b00007,2019
10.1021/acsaem.0c01603,2020
10.1021/acsaem.1c00923,2021
10.1021/acsaem.1c03316,2021
10.1021/acsaem.2c02460,2022
10.1021/acsaem.2c03518,2023
10.1021/acsaem.3c02018,2023
10.1021/acsaem.4c00160,2024
10.1021/acsaem.4c02257,2024
10.1021/acsaem.4c03267,2025
10.1021/acsaem.8b01021,2018
10.1021/acsaem.9b00840,2019
10.1021/acsaem.9b01664,2019
10.1021/acsami.0c01023,2020
10.1021/acsami.0c01927,2020
10.1021/acsami.0c02789,2020
10.1021/acsami.0c02829,2020
10.1021/acsami.0c03756,2020
10.1021/acsami.0c04101,2020
10.1021/acsami.0c04228,2020
10.1021/acsami.0c04378,2020
10.1021/acsami.0c04538,2020
10.1021/acsami.0c05344,2020
10.1021/acsami.0c05912,2020
10.1021/acsami.0c06080,2020
10.1021/acsami.0c06434,2020
10.1021/acsami.0c06672,2020
10.1021/acsami.0c06964,2020
10.1021/acsami.0c07364,2020
10.1021/acsami.0c07890,2020
10.1021/acsami.0c08001,2020
10.1021/acsami.0c08417,2020
10.1021/acsami.0c08803,2020
10.1021/acsami.0c09816,2020
10.1021/acsami.0c09912,2020
10.1021/acsami.0c10721,2020
10.1021/acsami.0c10818,2020
10.1021/acsami.0c14312,2020
10.1021/acsami.0c14316,2020
10.1021/acsami.0c15267,2020
10.1021/acsami.0c15344,2020
10.1021/acsami.0c15901,2021
10.1021/acsami.0c16559,2020
10.1021/acsami.0c17165,2020
10.1021/acsami.0c18422,2020
10.1021/acsami.0c18720,2020
10.1021/acsami.0c19044,2021
10.1021/acsami.0c19446,2021
10.1021/acsami.0c19621,2021
10.1021/acsami.0c19957,2021
10.1021/acsami.0c20369,2021
10.1021/acsami.0c20437,2021
10.1021/acsami.0c21007,2021
10.1021/acsami.0c21265,2021
10.1021/acsami.0c21486,2021
10.1021/acsami.0c21488,2021
10.1021/acsami.0c21508,2021
10.1021/acsami.0c21509,2021
10.1021/acsami.0c22307,2021
10.1021/acsami.0c22453,2021
10.1021/acsami.0c22729,2021
10.1021/acsami.1c00152,2021
10.1021/acsami.1c01134,2021
10.1021/acsami.1c01621,2021
10.1021/acsami.1c02038,2021
10.1021/acsami.1c02045,2021
10.1021/acsami.1c02213,2021
10.1021/acsami.1c02558,2021
10.1021/acsami.1c02812,2021
10.1021/acsami.1c04130,2021
10.1021/acsami.1c04620,2021
10.1021/acsami.1c04680,2021
10.1021/acsami.1c04785,2021
10.1021/acsami.1c04920,2021
10.1021/acsami.1c05657,2021
10.1021/acsami.1c05972,2021
10.1021/acsami.1c05998,2021
10.1021/acsami.1c06152,2021
10.1021/acsami.1c06346,2021
10.1021/acsami.1c07304,2021
10.1021/acsami.1c07366,2021
10.1021/acsami.1c08365,2021
10.1021/acsami.1c08678,2021
10.1021/acsami.1c08833,2021
10.1021/acsami.1c09052,2021
10.1021/acsami.1c09074,2021
10.1021/acsami.1c10481,2021
10.1021/acsami.1c11330,2021
10.1021/acsami.1c11541,2021
10.1021/acsami.1c11606,2021
10.1021/acsami.1c11815,2021
10.1021/acsami.1c12000,2021
10.1021/acsami.1c12095,2021
10.1021/acsami.1c12209,2021
10.1021/acsami.1c12403,2021
10.1021/acsami.1c13134,2021
10.1021/acsami.1c13757,2021
10.1021/acsami.1c14359,2021
10.1021/acsami.1c14453,2021
10.1021/acsami.1c15506,2021
10.1021/acsami.1c16173,2021
10.1021/acsami.1c16180,2021
10.1021/acsami.1c16280,2021
10.1021/acsami.1c16322,2021
10.1021/acsami.1c17925,2021
10.1021/acsami.1c18885,2021
10.1021/acsami.1c18889,2022
10.1021/acsami.1c20432,2022
10.1021/acsami.1c20878,2021
10.1021/acsami.1c21077,2022
10.1021/acsami.1c22033,2022
10.1021/acsami.1c22153,2022
10.1021/acsami.1c22781,2022
10.1021/acsami.1c22986,2022
10.1021/acsami.1c23297,2022
10.1021/acsami.1c23458,2022
10.1021/acsami.1c24299,2022
10.1021/acsami.2c00089,2022
10.1021/acsami.2c00311,2022
10.1021/acsami.2c02690,2022
10.1021/acsami.2c03247,2022
10.1021/acsami.2c03607,2022
10.1021/acsami.2c04293,2022
10.1021/acsami.2c04331,2022
10.1021/acsami.2c04603,2022
10.1021/acsami.2c04644,2022
10.1021/acsami.2c05296,2022
10.1021/acsami.2c07130,2022
10.1021/acsami.2c10346,2022
10.1021/acsami.2c12908,2022
10.1021/acsami.2c13945,2022
10.1021/acsami.2c14462,2022
10.1021/acsami.2c15079,2022
10.1021/acsami.2c15811,2022
10.1021/acsami.2c16323,2022
10.1021/acsami.2c16711,2022
10.1021/acsami.2c16726,2022
10.1021/acsami.2c17007,2022
10.1021/acsami.2c17829,2023
10.1021/acsami.2c18510,2023
10.1021/acsami.2c18907,2023
10.1021/acsami.2c19469,2022
10.1021/acsami.2c19614,2023
10.1021/acsami.2c19873,2023
10.1021/acsami.2c20240,2023
10.1021/acsami.2c22094,2023
10.1021/acsami.2c22955,2023
10.1021/acsami.2c23019,2023
10.1021/acsami.3c00268,2023
10.1021/acsami.3c01172,2023
10.1021/acsami.3c01529,2023
10.1021/acsami.3c02052,2023
10.1021/acsami.3c02130,2023
10.1021/acsami.3c02208,2023
10.1021/acsami.3c02298,2023
10.1021/acsami.3c02414,2023
10.1021/acsami.3c02713,2023
10.1021/acsami.3c02888,2023
10.1021/acsami.3c03870,2023
10.1021/acsami.3c04506,2023
10.1021/acsami.3c04849,2023
10.1021/acsami.3c04955,2023
10.1021/acsami.3c05397,2023
10.1021/acsami.3c05495,2023
10.1021/acsami.3c06326,2023
10.1021/acsami.3c06502,2023
10.1021/acsami.3c06530,2023
10.1021/acsami.3c06864,2023
10.1021/acsami.3c07032,2023
10.1021/acsami.3c08344,2023
10.1021/acsami.3c08458,2023
10.1021/acsami.3c08470,2023
10.1021/acsami.3c09985,2023
10.1021/acsami.3c10408,2023
10.1021/acsami.3c10874,2023
10.1021/acsami.3c11244,2023
10.1021/acsami.3c11698,2023
10.1021/acsami.3c13054,2023
10.1021/acsami.3c14781,2023
10.1021/acsami.3c15398,2024
10.1021/acsami.3c15549,2024
10.1021/acsami.3c15612,2024
10.1021/acsami.3c15669,2024
10.1021/acsami.3c15958,2024
10.1021/acsami.3c16634,2024
10.1021/acsami.3c17622,2024
10.1021/acsami.3c18549,2024
10.1021/acsami.3c18885,2024
10.1021/acsami.3c19536,2024
10.1021/acsami.4c00779,2024
10.1021/acsami.4c00988,2024
10.1021/acsami.4c02215,2024
10.1021/acsami.4c02396,2024
10.1021/acsami.4c03106,2024
10.1021/acsami.4c07877,2024
10.1021/acsami.4c09484,2024
10.1021/acsami.4c09747,2024
10.1021/acsami.4c10459,2024
10.1021/acsami.4c10578,2024
10.1021/acsami.4c10730,2024
10.1021/acsami.4c11396,2024
10.1021/acsami.4c11541,2024
10.1021/acsami.4c12329,2024
10.1021/acsami.4c14424,2024
10.1021/acsami.4c15743,2024
10.1021/acsami.4c16625,2024
10.1021/acsami.4c16851,2024
10.1021/acsami.4c17664,2025
10.1021/acsami.4c17699,2024
10.1021/acsami.4c18062,2025
10.1021/acsami.4c18478,2025
10.1021/acsami.4c18621,2025
10.1021/acsami.4c20744,2025
10.1021/acsami.4c21500,2025
10.1021/acsami.4c21721,2025
10.1021/acsami.4c22681,2025
10.1021/acsami.5b04109,2015
10.1021/acsami.5b04217,2015
10.1021/acsami.5b04315,2015
10.1021/acsami.5b10078,2016
10.1021/acsami.5b11760,2016
10.1021/acsami.5b12684,2016
10.1021/acsami.5c00105,2025
10.1021/acsami.5c00582,2025
10.1021/acsami.5c01476,2025
10.1021/acsami.5c01647,2025
10.1021/acsami.5c04998,2025
10.1021/acsami.6b01195,2016
10.1021/acsami.6b01299,2016
10.1021/acsami.6b03841,2016
10.1021/acsami.6b03988,2016
10.1021/acsami.6b05289,2016
10.1021/acsami.6b05901,2016
10.1021/acsami.6b05927,2016
10.1021/acsami.6b06209,2016
10.1021/acsami.6b06225,2016
10.1021/acsami.6b06569,2016
10.1021/acsami.6b10098,2016
10.1021/acsami.6b11116,2016
10.1021/acsami.6b11775,2016
10.1021/acsami.6b12458,2016
10.1021/acsami.6b12755,2016
10.1021/acsami.6b14563,2017
10.1021/acsami.6b14795,2017
10.1021/acsami.6b15936,2017
10.1021/acsami.6b16297,2017
10.1021/acsami.6b16817,2017
10.1021/acsami.6b16821,2017
10.1021/acsami.6b16834,2017
10.1021/acsami.7b01040,2017
10.1021/acsami.7b01758,2017
10.1021/acsami.7b02035,2017
10.1021/acsami.7b02603,2017
10.1021/acsami.7b02887,2017
10.1021/acsami.7b04810,2017
10.1021/acsami.7b06041,2017
10.1021/acsami.7b06274,2017
10.1021/acsami.7b06482,2017
10.1021/acsami.7b06491,2017
10.1021/acsami.7b06809,2017
10.1021/acsami.7b07055,2017
10.1021/acsami.7b07920,2017
10.1021/acsami.7b08117,2017
10.1021/acsami.7b08322,2017
10.1021/acsami.7b09339,2017
10.1021/acsami.7b09608,2017
10.1021/acsami.7b09914,2017
10.1021/acsami.7b10228,2017
10.1021/acsami.7b10337,2017
10.1021/acsami.7b10591,2017
10.1021/acsami.7b11348,2017
10.1021/acsami.7b14135,2017
10.1021/acsami.7b14179,2017
10.1021/acsami.7b14418,2018
10.1021/acsami.7b16163,2018
10.1021/acsami.7b16380,2017
10.1021/acsami.7b16522,2018
10.1021/acsami.7b16937,2018
10.1021/acsami.7b17389,2018
10.1021/acsami.7b17568,2018
10.1021/acsami.7b17662,2018
10.1021/acsami.7b17756,2018
10.1021/acsami.7b17954,2018
10.1021/acsami.7b18506,2018
10.1021/acsami.7b18620,2018
10.1021/acsami.7b18836,2018
10.1021/acsami.8b02015,2018
10.1021/acsami.8b02825,2018
10.1021/acsami.8b03111,2018
10.1021/acsami.8b03358,2018
10.1021/acsami.8b03561,2018
10.1021/acsami.8b05098,2018
10.1021/acsami.8b05148,2018
10.1021/acsami.8b05192,2018
10.1021/acsami.8b06340,2018
10.1021/acsami.8b08167,2018
10.1021/acsami.8b08562,2018
10.1021/acsami.8b08983,2018
10.1021/acsami.8b09812,2018
10.1021/acsami.8b10447,2018
10.1021/acsami.8b10494,2018
10.1021/acsami.8b11037,2018
10.1021/acsami.8b11367,2018
10.1021/acsami.8b11652,2018
10.1021/acsami.8b11972,2018
10.1021/acsami.8b11999,2018
10.1021/acsami.8b12380,2018
10.1021/acsami.8b12404,2018
10.1021/acsami.8b12812,2018
10.1021/acsami.8b12908,2018
10.1021/acsami.8b13356,2018
10.1021/acsami.8b13362,2018
10.1021/acsami.8b14420,2018
10.1021/acsami.8b15946,2019
10.1021/acsami.8b16837,2019
10.1021/acsami.8b17477,2018
10.1021/acsami.8b17660,2018
10.1021/acsami.8b18370,2019
10.1021/acsami.8b18584,2019
10.1021/acsami.8b19048,2019
10.1021/acsami.8b19211,2019
10.1021/acsami.8b19815,2019
10.1021/acsami.8b20222,2019
10.1021/acsami.8b20422,2019
10.1021/acsami.8b20450,2019
10.1021/acsami.8b20504,2019
10.1021/acsami.8b20951,2019
10.1021/acsami.8b21698,2019
10.1021/acsami.8b22385,2019
10.1021/acsami.9b00740,2019
10.1021/acsami.9b00908,2019
10.1021/acsami.9b01286,2019
10.1021/acsami.9b02286,2019
10.1021/acsami.9b02325,2019
10.1021/acsami.9b04449,2019
10.1021/acsami.9b04780,2019
10.1021/acsami.9b06151,2019
10.1021/acsami.9b08592,2019
10.1021/acsami.9b09311,2019
10.1021/acsami.9b11578,2019
10.1021/acsami.9b11872,2019
10.1021/acsami.9b13730,2019
10.1021/acsami.9b13814,2019
10.1021/acsami.9b13864,2019
10.1021/acsami.9b13965,2019
10.1021/acsami.9b14439,2019
10.1021/acsami.9b14927,2019
10.1021/acsami.9b14928,2019
10.1021/acsami.9b15421,2019
10.1021/acsami.9b15646,2019
10.1021/acsami.9b15667,2020
10.1021/acsami.9b16473,2019
10.1021/acsami.9b16834,2019
10.1021/acsami.9b17314,2020
10.1021/acsami.9b17520,2020
10.1021/acsami.9b19216,2020
10.1021/acsami.9b19722,2020
10.1021/acsami.9b19964,2020
10.1021/acsami.9b19991,2020
10.1021/acsami.9b20833,2020
10.1021/acsami.9b20910,2020
10.1021/acsami.9b21122,2020
10.1021/acsami.9b22257,2020
10.1021/acsami.9b23098,2020
10.1021/acsanm.0c00405,2020
10.1021/acsanm.0c00503,2020
10.1021/acsanm.0c00570,2020
10.1021/acsanm.0c00857,2020
10.1021/acsanm.0c01513,2020
10.1021/acsanm.0c01566,2020
10.1021/acsanm.0c01696,2020
10.1021/acsanm.0c01780,2020
10.1021/acsanm.0c01953,2020
10.1021/acsanm.0c02376,2020
10.1021/acsanm.0c02401,2020
10.1021/acsanm.0c03322,2021
10.1021/acsanm.0c03462,2021
10.1021/acsanm.1c01499,2021
10.1021/acsanm.1c02156,2021
10.1021/acsanm.1c02204,2021
10.1021/acsanm.1c02655,2021
10.1021/acsanm.1c02862,2021
10.1021/acsanm.1c03301,2021
10.1021/acsanm.1c03313,2022
10.1021/acsanm.1c03736,2022
10.1021/acsanm.1c03751,2022
10.1021/acsanm.1c04438,2022
10.1021/acsanm.2c00012,2022
10.1021/acsanm.2c00024,2022
10.1021/acsanm.2c00844,2022
10.1021/acsanm.2c00860,2022
10.1021/acsanm.2c01269,2022
10.1021/acsanm.2c03688,2022
10.1021/acsanm.2c03906,2022
10.1021/acsanm.2c04934,2023
10.1021/acsanm.2c05389,2023
10.1021/acsanm.2c05555,2023
10.1021/acsanm.3c02692,2023
10.1021/acsanm.3c03829,2023
10.1021/acsanm.3c03913,2023
10.1021/acsanm.3c04035,2023
10.1021/acsanm.3c05230,2023
10.1021/acsanm.3c05533,2024
10.1021/acsanm.4c00250,2024
10.1021/acsanm.4c02393,2024
10.1021/acsanm.4c02625,2024
10.1021/acsanm.4c03041,2024
10.1021/acsanm.4c03887,2024
10.1021/acsanm.4c04072,2024
10.1021/acsanm.4c07020,2025
10.1021/acsanm.5c00594,2025
10.1021/acsanm.8b00957,2018
10.1021/acsanm.8b01027,2018
10.1021/acsanm.8b01045,2018
10.1021/acsanm.8b01083,2018
10.1021/acsanm.8b01151,2018
10.1021/acsanm.8b01283,2018
10.1021/acsanm.8b01428,2018
10.1021/acsanm.8b02005,2019
10.1021/acsanm.9b00188,2019
10.1021/acsanm.9b00409,2019
10.1021/acsanm.9b01263,2019
10.1021/acsanm.9b01264,2019
10.1021/acsanm.9b01403,2019
10.1021/acsanm.9b02176,2020
10.1021/acsanm.9b02297,2020
10.1021/acsanm.9b02464,2020
10.1021/acsapm.0c00052,2020
10.1021/acsapm.0c00224,2020
10.1021/acsapm.0c00225,2020
10.1021/acsapm.1c00096,2021
10.1021/acsapm.1c00589,2021
10.1021/acsapm.2c01029,2022
10.1021/acsapm.3c00411,2023
10.1021/acsapm.3c00477,2023
10.1021/acsapm.3c02440,2023
10.1021/acsapm.4c00111,2024
10.1021/acsapm.9b00747,2020
10.1021/acsapm.9b00808,2019
10.1021/acsbiomaterials.0c01600,2022
10.1021/acsbiomaterials.2c00068,2022
10.1021/acsbiomaterials.7b00435,2017
10.1021/acsbiomaterials.9b01070,2019
10.1021/acscatal.0c00591,2020
10.1021/acscatal.0c00592,2020
10.1021/acscatal.0c00801,2020
10.1021/acscatal.0c00899,2020
10.1021/acscatal.0c04379,2021
10.1021/acscatal.1c01782,2021
10.1021/acscatal.1c03329,2021
10.1021/acscatal.1c03866,2021
10.1021/acscatal.1c05922,2022
10.1021/acscatal.2c01756,2022
10.1021/acscatal.2c02823,2022
10.1021/acscatal.2c04364,2022
10.1021/acscatal.3c00053,2023
10.1021/acscatal.3c00246,2023
10.1021/acscatal.3c00284,2023
10.1021/acscatal.3c01161,2023
10.1021/acscatal.3c03500,2023
10.1021/acscatal.3c05742,2024
10.1021/acscatal.4c01591,2024
10.1021/acscatal.5b00941,2015
10.1021/acscatal.5b01191,2015
10.1021/acscatal.5b01411,2015
10.1021/acscatal.5b02243,2016
10.1021/acscatal.5c00755,2025
10.1021/acscatal.5c03009,2025
10.1021/acscatal.6b01386,2016
10.1021/acscatal.6b02327,2017
10.1021/acscatal.6b02359,2016
10.1021/acscatal.6b02614,2017
10.1021/acscatal.6b03404,2017
10.1021/acscatal.7b04189,2018
10.1021/acscatal.8b00012,2018
10.1021/acscatal.8b00505,2018
10.1021/acscatal.8b01366,2018
10.1021/acscatal.8b02151,2018
10.1021/acscatal.8b03228,2018
10.1021/acscatal.8b03444,2018
10.1021/acscatal.8b03908,2019
10.1021/acscatal.8b04055,2019
10.1021/acscatal.8b04813,2019
10.1021/acscatal.8b04962,2019
10.1021/acscatal.9b01226,2019
10.1021/acscatal.9b01783,2019
10.1021/acscatal.9b03439,2019
10.1021/acscatal.9b04260,2020
10.1021/acscatal.9b04905,2020
10.1021/acscentsci.0c00158,2020
10.1021/acscentsci.0c00690,2020
10.1021/acscentsci.0c00803,2020
10.1021/acscentsci.0c01488,2021
10.1021/acscentsci.1c00686,2021
10.1021/acscentsci.1c01563,2022
10.1021/acscentsci.3c00078,2023
10.1021/acscentsci.3c01087,2023
10.1021/acscentsci.3c01432,2024
10.1021/acscentsci.5b00247,2015
10.1021/acscentsci.7b00500,2018
10.1021/acscentsci.8b00073,2018
10.1021/acscentsci.8b00722,2018
10.1021/acscentsci.8b00805,2019
10.1021/acsenergylett.2c02893,2023
10.1021/acsenergylett.9b01970,2019
10.1021/acsmaterialslett.0c00012,2020
10.1021/acsmaterialslett.0c00026,2020
10.1021/acsmaterialslett.0c00042,2020
10.1021/acsmaterialslett.0c00068,2020
10.1021/acsmaterialslett.0c00233,2020
10.1021/acsmaterialslett.0c00264,2020
10.1021/acsmaterialslett.0c00398,2021
10.1021/acsmaterialslett.0c00456,2021
10.1021/acsmaterialslett.0c00522,2021
10.1021/acsmaterialslett.1c00070,2021
10.1021/acsmaterialslett.1c00420,2021
10.1021/acsmaterialslett.1c00754,2022
10.1021/acsmaterialslett.2c00160,2022
10.1021/acsmaterialslett.2c00258,2022
10.1021/acsmaterialslett.2c00820,2023
10.1021/acsmaterialslett.2c01107,2023
10.1021/acsmaterialslett.3c00069,2023
10.1021/acsmaterialslett.3c00326,2023
10.1021/acsmaterialslett.3c00861,2023
10.1021/acsmaterialslett.3c00934,2023
10.1021/acsmaterialslett.4c00629,2024
10.1021/acsmaterialslett.4c00923,2024
10.1021/acsmaterialslett.4c01406,2024
10.1021/acsmaterialslett.4c01440,2024
10.1021/acsmaterialslett.4c01720,2024
10.1021/acsmaterialslett.4c02504,2025
10.1021/acsmaterialslett.5c00333,2025
10.1021/acsmaterialslett.5c00370,2025
10.1021/acsmaterialslett.9b00021,2019
10.1021/acsnano.1c06259,2021
10.1021/acsnano.1c09301,2022
10.1021/acsnano.1c10942,2022
10.1021/acsnano.2c00007,2022
10.1021/acsnano.2c08604,2022
10.1021/acsnano.3c01558,2023
10.1021/acsnano.3c05265,2023
10.1021/acsnano.3c07635,2023
10.1021/acsnano.3c09118,2023
10.1021/acsnano.4c07276,2024
10.1021/acsnano.4c18266,2025
10.1021/acsnano.4c18992,2025
10.1021/acsnano.5b00483,2015
10.1021/acsnano.5b03429,2015
10.1021/acsnano.5b05071,2016
10.1021/acsnano.5c04880,2025
10.1021/acsnano.6b04996,2016
10.1021/acsnano.6b05444,2017
10.1021/acsnano.7b08056,2018
10.1021/acsnano.8b03417,2018
10.1021/acsnano.9b01137,2019
10.1021/acsomega.0c01759,2020
10.1021/acsomega.0c01773,2020
10.1021/acsomega.0c02171,2020
10.1021/acsomega.0c02810,2020
10.1021/acsomega.0c03981,2020
10.1021/acsomega.0c04249,2020
10.1021/acsomega.0c05225,2021
10.1021/acsomega.1c00143,2021
10.1021/acsomega.1c01148,2021
10.1021/acsomega.1c01155,2021
10.1021/acsomega.1c01272,2021
10.1021/acsomega.1c02492,2021
10.1021/acsomega.1c03327,2021
10.1021/acsomega.1c04037,2021
10.1021/acsomega.1c07077,2022
10.1021/acsomega.1c07351,2022
10.1021/acsomega.2c00416,2022
10.1021/acsomega.2c00939,2022
10.1021/acsomega.2c00980,2022
10.1021/acsomega.2c01068,2022
10.1021/acsomega.2c01717,2022
10.1021/acsomega.2c01856,2022
10.1021/acsomega.2c01914,2022
10.1021/acsomega.2c02873,2022
10.1021/acsomega.2c03973,2023
10.1021/acsomega.2c04517,2022
10.1021/acsomega.2c04669,2022
10.1021/acsomega.2c05072,2022
10.1021/acsomega.2c05093,2022
10.1021/acsomega.2c05179,2022
10.1021/acsomega.2c06651,2023
10.1021/acsomega.2c06705,2023
10.1021/acsomega.2c07415,2023
10.1021/acsomega.2c08231,2023
10.1021/acsomega.3c00114,2023
10.1021/acsomega.3c01179,2023
10.1021/acsomega.3c01793,2023
10.1021/acsomega.3c02911,2023
10.1021/acsomega.3c03073,2023
10.1021/acsomega.3c03212,2024
10.1021/acsomega.3c04177,2023
10.1021/acsomega.3c04863,2023
10.1021/acsomega.3c06439,2023
10.1021/acsomega.3c06624,2023
10.1021/acsomega.3c06745,2024
10.1021/acsomega.3c07606,2023
10.1021/acsomega.3c07906,2023
10.1021/acsomega.3c08506,2024
10.1021/acsomega.3c09135,2024
10.1021/acsomega.3c09169,2024
10.1021/acsomega.3c09256,2024
10.1021/acsomega.3c09293,2024
10.1021/acsomega.3c09895,2024
10.1021/acsomega.4c00658,2024
10.1021/acsomega.4c01117,2024
10.1021/acsomega.4c01852,2024
10.1021/acsomega.4c01993,2024
10.1021/acsomega.4c03109,2024
10.1021/acsomega.4c04259,2024
10.1021/acsomega.4c05125,2024
10.1021/acsomega.4c05760,2024
10.1021/acsomega.4c06270,2024
10.1021/acsomega.4c10594,2025
10.1021/acsomega.5c01493,2025
10.1021/acsomega.5c02296,2025
10.1021/acsomega.6b00385,2017
10.1021/acsomega.7b01325,2017
10.1021/acsomega.7b01693,2018
10.1021/acsomega.7b01792,2018
10.1021/acsomega.7b01964,2018
10.1021/acsomega.8b00903,2018
10.1021/acsomega.8b01371,2018
10.1021/acsomega.8b02212,2018
10.1021/acsomega.8b02309,2018
10.1021/acsomega.8b02595,2019
10.1021/acsomega.8b02932,2019
10.1021/acsomega.8b03047,2018
10.1021/acsomega.8b03468,2019
10.1021/acsomega.8b03623,2019
10.1021/acsomega.9b00178,2019
10.1021/acsomega.9b00236,2019
10.1021/acsomega.9b00330,2019
10.1021/acsomega.9b00358,2019
10.1021/acsomega.9b01108,2019
10.1021/acsomega.9b01139,2019
10.1021/acsomega.9b02035,2019
10.1021/acsomega.9b02133,2020
10.1021/acsomega.9b02268,2019
10.1021/acsomega.9b02779,2019
10.1021/acsomega.9b03727,2020
10.1021/acsomega.9b03834,2020
10.1021/acssensors.3c02330,2024
10.1021/acssensors.4c00745,2024
10.1021/acssensors.7b00762,2018
10.1021/acssensors.9b01954,2020
10.1021/acssuschemeng.0c00885,2020
10.1021/acssuschemeng.0c01429,2020
10.1021/acssuschemeng.0c01471,2020
10.1021/acssuschemeng.0c02749,2020
10.1021/acssuschemeng.0c04486,2020
10.1021/acssuschemeng.0c05155,2020
10.1021/acssuschemeng.0c05434,2020
10.1021/acssuschemeng.0c05587,2020
10.1021/acssuschemeng.0c07055,2021
10.1021/acssuschemeng.1c01138,2021
10.1021/acssuschemeng.1c02851,2021
10.1021/acssuschemeng.1c04389,2021
10.1021/acssuschemeng.1c04903,2021
10.1021/acssuschemeng.1c06032,2021
10.1021/acssuschemeng.1c06207,2021
10.1021/acssuschemeng.1c06433,2021
10.1021/acssuschemeng.1c07512,2022
10.1021/acssuschemeng.1c07977,2022
10.1021/acssuschemeng.2c00351,2022
10.1021/acssuschemeng.2c00536,2022
10.1021/acssuschemeng.2c01529,2022
10.1021/acssuschemeng.2c01720,2022
10.1021/acssuschemeng.2c01725,2022
10.1021/acssuschemeng.2c02722,2022
10.1021/acssuschemeng.2c05388,2022
10.1021/acssuschemeng.2c07276,2023
10.1021/acssuschemeng.2c07509,2023
10.1021/acssuschemeng.3c02199,2023
10.1021/acssuschemeng.3c02876,2023
10.1021/acssuschemeng.3c05161,2024
10.1021/acssuschemeng.3c05222,2023
10.1021/acssuschemeng.3c08150,2024
10.1021/acssuschemeng.4c00730,2024
10.1021/acssuschemeng.4c00853,2024
10.1021/acssuschemeng.4c03427,2024
10.1021/acssuschemeng.4c06002,2024
10.1021/acssuschemeng.4c06676,2024
10.1021/acssuschemeng.4c08623,2025
10.1021/acssuschemeng.4c10283,2025
10.1021/acssuschemeng.5b00544,2015
10.1021/acssuschemeng.6b00473,2016
10.1021/acssuschemeng.6b02023,2016
10.1021/acssuschemeng.6b02115,2016
10.1021/acssuschemeng.7b01429,2017
10.1021/acssuschemeng.7b03613,2017
10.1021/acssuschemeng.8b00768,2018
10.1021/acssuschemeng.8b01548,2018
10.1021/acssuschemeng.8b01646,2018
10.1021/acssuschemeng.8b03180,2018
10.1021/acssuschemeng.8b03468,2018
10.1021/acssuschemeng.8b03765,2019
10.1021/acssuschemeng.8b04429,2019
10.1021/acssuschemeng.8b04458,2018
10.1021/acssuschemeng.8b04637,2019
10.1021/acssuschemeng.8b05306,2019
10.1021/acssuschemeng.8b05321,2019
10.1021/acssuschemeng.8b05409,2019
10.1021/acssuschemeng.8b05413,2019
10.1021/acssuschemeng.8b05436,2019
10.1021/acssuschemeng.8b05463,2019
10.1021/acssuschemeng.8b05552,2019
10.1021/acssuschemeng.8b05764,2019
10.1021/acssuschemeng.8b06472,2019
10.1021/acssuschemeng.8b06500,2019
10.1021/acssuschemeng.8b06560,2019
10.1021/acssuschemeng.8b06736,2019
10.1021/acssuschemeng.9b01022,2019
10.1021/acssuschemeng.9b01729,2019
10.1021/acssuschemeng.9b02323,2019
10.1021/acssuschemeng.9b02348,2019
10.1021/acssuschemeng.9b04552,2019
10.1021/acssuschemeng.9b04754,2020
10.1021/acssuschemeng.9b05395,2020
10.1021/acssuschemeng.9b05617,2020
10.1021/am200075q,2011
10.1021/am200974t,2011
10.1021/am301365h,2012
10.1021/am301772k,2012
10.1021/am303089g,2013
10.1021/am4029872,2013
10.1021/am404102f,2014
10.1021/am500233m,2014
10.1021/am5028346,2014
10.1021/am505145d,2014
10.1021/am505851u,2014
10.1021/am508079j,2015
10.1021/cg034156x,2004
10.1021/cg049701o,2005
10.1021/cg049884e,2005
10.1021/cg049932v,2005
10.1021/cg0501128,2005
10.1021/cg050286p,2006
10.1021/cg050336q,2006
10.1021/cg050433j,2006
10.1021/cg0504399,2006
10.1021/cg050458i,2006
10.1021/cg0505822,2006
10.1021/cg050671e,2006
10.1021/cg0600905,2006
10.1021/cg0602111,2006
10.1021/cg060287x,2007
10.1021/cg060304i,2006
10.1021/cg060310e,2006
10.1021/cg060343u,2006
10.1021/cg060369l,2007
10.1021/cg0604982,2007
10.1021/cg060501h,2007
10.1021/cg0605032,2007
10.1021/cg060677j,2007
10.1021/cg060741x,2007
10.1021/cg060833m,2007
10.1021/cg0700216,2007
10.1021/cg0700317,2007
10.1021/cg0701022,2008
10.1021/cg070144q,2007
10.1021/cg070189r,2007
10.1021/cg0702333,2007
10.1021/cg070276j,2008
10.1021/cg070295t,2007
10.1021/cg070356n,2007
10.1021/cg070407g,2007
10.1021/cg070458d,2007
10.1021/cg070511y,2007
10.1021/cg0705456,2007
10.1021/cg070593q,2007
10.1021/cg070599f,2007
10.1021/cg1000045,2010
10.1021/cg1000107,2010
10.1021/cg100032n,2010
10.1021/cg100046j,2010
10.1021/cg100060p,2010
10.1021/cg100069g,2010
10.1021/cg100078b,2010
10.1021/cg100082f,2010
10.1021/cg100104t,2010
10.1021/cg100127w,2010
10.1021/cg1001368,2010
10.1021/cg100139p,2010
10.1021/cg100144p,2010
10.1021/cg100145e,2010
10.1021/cg1001557,2010
10.1021/cg1001573,2010
10.1021/cg1003726,2010
10.1021/cg100449z,2010
10.1021/cg100463j,2010
10.1021/cg100467p,2010
10.1021/cg100535q,2010
10.1021/cg100554u,2010
10.1021/cg100599z,2010
10.1021/cg100645p,2010
10.1021/cg100736x,2010
10.1021/cg100817s,2011
10.1021/cg1008208,2010
10.1021/cg1008472,2010
10.1021/cg100865v,2010
10.1021/cg100870v,2010
10.1021/cg1009175,2011
10.1021/cg100972s,2011
10.1021/cg1010105,2010
10.1021/cg101114h,2011
10.1021/cg101130m,2011
10.1021/cg101224r,2011
10.1021/cg101251a,2011
10.1021/cg101343k,2011
10.1021/cg101351b,2011
10.1021/cg101365v,2011
10.1021/cg101414x,2011
10.1021/cg101433t,2011
10.1021/cg101435b,2011
10.1021/cg101453m,2011
10.1021/cg101494t,2011
10.1021/cg1015109,2011
10.1021/cg101569a,2011
10.1021/cg101587h,2011
10.1021/cg1015934,2011
10.1021/cg101610k,2011
10.1021/cg101634w,2011
10.1021/cg101652e,2011
10.1021/cg1017278,2011
10.1021/cg200005q,2011
10.1021/cg2000427,2011
10.1021/cg2000552,2011
10.1021/cg200095c,2011
10.1021/cg200142f,2011
10.1021/cg200229h,2011
10.1021/cg2002749,2011
10.1021/cg200300x,2011
10.1021/cg200308k,2011
10.1021/cg200327y,2011
10.1021/cg200416y,2011
10.1021/cg200443p,2011
10.1021/cg2004672,2011
10.1021/cg200571y,2011
10.1021/cg200581w,2011
10.1021/cg200594e,2011
10.1021/cg200606r,2011
10.1021/cg200639b,2011
10.1021/cg200717a,2011
10.1021/cg200728b,2011
10.1021/cg200730k,2011
10.1021/cg200788f,2011
10.1021/cg200856e,2012
10.1021/cg2008655,2012
10.1021/cg200926z,2012
10.1021/cg200961a,2011
10.1021/cg201025u,2012
10.1021/cg201028e,2011
10.1021/cg201030u,2012
10.1021/cg201059d,2012
10.1021/cg201111r,2012
10.1021/cg201118x,2011
10.1021/cg201136k,2011
10.1021/cg201159z,2012
10.1021/cg2011666,2012
10.1021/cg201226t,2011
10.1021/cg201287t,2012
10.1021/cg201342z,2012
10.1021/cg201362x,2012
10.1021/cg2013683,2012
10.1021/cg2013717,2012
10.1021/cg2013733,2012
10.1021/cg201411b,2012
10.1021/cg201447c,2012
10.1021/cg2014573,2012
10.1021/cg201459k,2012
10.1021/cg201478y,2012
10.1021/cg2014896,2012
10.1021/cg201552g,2012
10.1021/cg2015644,2012
10.1021/cg201572y,2012
10.1021/cg201587u,2012
10.1021/cg201619x,2012
10.1021/cg2016275,2012
10.1021/cg201706p,2012
10.1021/cg201708x,2012
10.1021/cg3000526,2012
10.1021/cg3000729,2012
10.1021/cg300075a,2012
10.1021/cg3000813,2012
10.1021/cg300174f,2012
10.1021/cg300196w,2012
10.1021/cg300199j,2012
10.1021/cg300218z,2012
10.1021/cg300237e,2012
10.1021/cg300256k,2012
10.1021/cg300261k,2012
10.1021/cg300297p,2012
10.1021/cg3003349,2012
10.1021/cg3004323,2012
10.1021/cg300440t,2012
10.1021/cg300461v,2012
10.1021/cg300476e,2012
10.1021/cg300540d,2012
10.1021/cg300541n,2012
10.1021/cg300552w,2012
10.1021/cg300678h,2012
10.1021/cg3006794,2012
10.1021/cg300692y,2012
10.1021/cg300770b,2012
10.1021/cg300800h,2012
10.1021/cg300829c,2012
10.1021/cg3008602,2012
10.1021/cg300900m,2012
10.1021/cg3009249,2013
10.1021/cg300932a,2012
10.1021/cg300979c,2012
10.1021/cg301041n,2012
10.1021/cg301047w,2012
10.1021/cg301096d,2012
10.1021/cg301146u,2013
10.1021/cg301148p,2012
10.1021/cg301161c,2013
10.1021/cg3011844,2012
10.1021/cg301224z,2013
10.1021/cg301256g,2012
10.1021/cg301312v,2013
10.1021/cg301321r,2013
10.1021/cg3013393,2013
10.1021/cg301347t,2013
10.1021/cg301405r,2013
10.1021/cg3014317,2012
10.1021/cg3014464,2013
10.1021/cg301480s,2013
10.1021/cg301502u,2013
10.1021/cg3015354,2013
10.1021/cg301573c,2013
10.1021/cg301577a,2013
10.1021/cg301600x,2013
10.1021/cg301668g,2013
10.1021/cg301691d,2013
10.1021/cg301725z,2013
10.1021/cg3017358,2013
10.1021/cg301738p,2013
10.1021/cg3018387,2013
10.1021/cg301875z,2013
10.1021/cg400015v,2013
10.1021/cg4000654,2013
10.1021/cg400180j,2013
10.1021/cg400183s,2013
10.1021/cg400191x,2013
10.1021/cg4002362,2013
10.1021/cg400369a,2013
10.1021/cg4003803,2013
10.1021/cg400394d,2013
10.1021/cg400399v,2013
10.1021/cg400426m,2013
10.1021/cg400454c,2013
10.1021/cg400490y,2013
10.1021/cg400500t,2013
10.1021/cg400579w,2013
10.1021/cg400680r,2013
10.1021/cg4007789,2013
10.1021/cg400801s,2013
10.1021/cg4008679,2013
10.1021/cg400929z,2013
10.1021/cg400934z,2013
10.1021/cg4009625,2013
10.1021/cg4009703,2013
10.1021/cg401006d,2013
10.1021/cg401022z,2013
10.1021/cg401036e,2013
10.1021/cg401062f,2013
10.1021/cg401106z,2013
10.1021/cg4011289,2013
10.1021/cg4012058,2013
10.1021/cg401286a,2013
10.1021/cg4013944,2014
10.1021/cg4014416,2014
10.1021/cg401459a,2014
10.1021/cg4014619,2013
10.1021/cg4014625,2014
10.1021/cg401469f,2013
10.1021/cg401519w,2014
10.1021/cg401540s,2014
10.1021/cg401587r,2014
10.1021/cg401601d,2014
10.1021/cg401692e,2014
10.1021/cg4016977,2014
10.1021/cg401768u,2014
10.1021/cg401802s,2014
10.1021/cg401804e,2014
10.1021/cg401825f,2014
10.1021/cg4018536,2014
10.1021/cg4019053,2014
10.1021/cg500003u,2014
10.1021/cg500149s,2014
10.1021/cg500158c,2014
10.1021/cg500162x,2014
10.1021/cg500197v,2014
10.1021/cg500350a,2014
10.1021/cg500477s,2014
10.1021/cg5005352,2014
10.1021/cg500557r,2014
10.1021/cg500632d,2014
10.1021/cg500675g,2014
10.1021/cg500677t,2014
10.1021/cg500716d,2014
10.1021/cg5007346,2014
10.1021/cg5007499,2014
10.1021/cg500815v,2014
10.1021/cg500882z,2014
10.1021/cg500898c,2014
10.1021/cg500978s,2014
10.1021/cg501004u,2014
10.1021/cg501066s,2014
10.1021/cg501073e,2014
10.1021/cg501089f,2014
10.1021/cg501141m,2015
10.1021/cg501142v,2014
10.1021/cg501143z,2014
10.1021/cg5012617,2014
10.1021/cg501273b,2015
10.1021/cg501284y,2014
10.1021/cg501285q,2014
10.1021/cg501355t,2014
10.1021/cg5013796,2015
10.1021/cg501386j,2014
10.1021/cg501398c,2014
10.1021/cg501425x,2014
10.1021/cg501430x,2015
10.1021/cg501502r,2014
10.1021/cg501551y,2015
10.1021/cg501604c,2015
10.1021/cg501644z,2015
10.1021/cg501706t,2015
10.1021/cg501708b,2015
10.1021/cg501741r,2015
10.1021/cg501768f,2015
10.1021/cg501787m,2015
10.1021/cg5018054,2015
10.1021/cg501828u,2015
10.1021/cg501855k,2015
10.1021/cg5018592,2015
10.1021/cg700731d,2008
10.1021/cg700741v,2007
10.1021/cg700758c,2008
10.1021/cg700822y,2008
10.1021/cg700979r,2008
10.1021/cg701041k,2008
10.1021/cg701164u,2009
10.1021/cg8000398,2008
10.1021/cg800181q,2008
10.1021/cg8001898,2008
10.1021/cg800248b,2008
10.1021/cg800289c,2008
10.1021/cg800424t,2008
10.1021/cg800531y,2009
10.1021/cg8005597,2008
10.1021/cg800640u,2008
10.1021/cg800661g,2009
10.1021/cg800732e,2009
10.1021/cg8007393,2009
10.1021/cg800747t,2009
10.1021/cg800769z,2009
10.1021/cg8009157,2009
10.1021/cg8009546,2009
10.1021/cg801120y,2009
10.1021/cg8011266,2009
10.1021/cg801157k,2009
10.1021/cg801193r,2009
10.1021/cg801243a,2009
10.1021/cg801321e,2009
10.1021/cg801348n,2009
10.1021/cg801381p,2009
10.1021/cg8014157,2009
10.1021/cg900059m,2009
10.1021/cg900078s,2009
10.1021/cg900079p,2009
10.1021/cg9001175,2009
10.1021/cg900195f,2009
10.1021/cg900220g,2009
10.1021/cg900276g,2009
10.1021/cg900299v,2010
10.1021/cg900349c,2009
10.1021/cg900352e,2009
10.1021/cg900397r,2009
10.1021/cg900400t,2009
10.1021/cg900552b,2009
10.1021/cg900579s,2010
10.1021/cg900613p,2009
10.1021/cg9006229,2010
10.1021/cg9006372,2009
10.1021/cg900659r,2009
10.1021/cg900676x,2009
10.1021/cg900694k,2010
10.1021/cg900705c,2009
10.1021/cg9007119,2009
10.1021/cg900734d,2009
10.1021/cg9007476,2010
10.1021/cg900788h,2009
10.1021/cg900811k,2009
10.1021/cg900828v,2009
10.1021/cg9008366,2010
10.1021/cg9008834,2009
10.1021/cg900896w,2010
10.1021/cg900937e,2010
10.1021/cg900943x,2010
10.1021/cg900980y,2010
10.1021/cg900990w,2010
10.1021/cg9010482,2010
10.1021/cg901075r,2010
10.1021/cg9011247,2010
10.1021/cg901128k,2010
10.1021/cg901170j,2010
10.1021/cg901182c,2010
10.1021/cg9011857,2010
10.1021/cg9012262,2010
10.1021/cg901259e,2010
10.1021/cg901264e,2010
10.1021/cg9012735,2010
10.1021/cg9012763,2010
10.1021/cg9012894,2010
10.1021/cg901332m,2010
10.1021/cg9013366,2009
10.1021/cg9013398,2010
10.1021/cg901347p,2010
10.1021/cg9013812,2010
10.1021/cg901403b,2010
10.1021/cg9014064,2010
10.1021/cg901480y,2010
10.1021/cg9014948,2010
10.1021/cg901545k,2010
10.1021/cg901562d,2010
10.1021/cg901571m,2010
10.1021/cg901605j,2010
10.1021/cm0202714,2002
10.1021/cm051829l,2006
10.1021/cm0616432,2007
10.1021/cm0623918,2007
10.1021/cm071689a,2007
10.1021/cm1012119,2010
10.1021/cm101519s,2011
10.1021/cm101778g,2010
10.1021/cm101943e,2010
10.1021/cm1021068,2010
10.1021/cm102601v,2010
10.1021/cm103571y,2011
10.1021/cm103644b,2011
10.1021/cm2004352,2011
10.1021/cm2008889,2012
10.1021/cm2021092,2011
10.1021/cm2034382,2012
10.1021/cm300407h,2012
10.1021/cm300439e,2012
10.1021/cm300450x,2012
10.1021/cm3006953,2012
10.1021/cm301726k,2012
10.1021/cm3025445,2013
10.1021/cm302585r,2013
10.1021/cm302995w,2013
10.1021/cm400116h,2013
10.1021/cm4025843,2013
10.1021/cm404155s,2014
10.1021/cm500269e,2014
10.1021/cm501922h,2014
10.1021/cm5027859,2014
10.1021/cm502882a,2015
10.1021/cm502920f,2014
10.1021/cm503924h,2014
10.1021/cm504362j,2015
10.1021/cm504623r,2015
10.1021/cm504806p,2015
10.1021/cm703339h,2008
10.1021/cm802157r,2008
10.1021/cm8029517,2009
10.1021/cm8032324,2009
10.1021/cm803502y,2009
10.1021/cm9014749,2009
10.1021/cm9023106,2009
10.1021/cm9032308,2010
10.1021/cm990612m,2000
10.1021/cs200351p,2011
10.1021/cs200530e,2012
10.1021/cs200638h,2012
10.1021/cs400959k,2014
10.1021/cs401189a,2014
10.1021/cs500259b,2014
10.1021/cs5006635,2014
10.1021/cs501822r,2015
10.1021/ed3000099,2013
10.1021/ic000209d,2000
10.1021/ic010528k,2001
10.1021/ic011192h,2002
10.1021/ic015631o,2002
10.1021/ic026306j,2003
10.1021/ic035422z,2004
10.1021/ic048755k,2005
10.1021/ic048816e,2005
10.1021/ic049030j,2005
10.1021/ic049498m,2005
10.1021/ic049794z,2004
10.1021/ic050024c,2005
10.1021/ic0504137,2005
10.1021/ic050644d,2005
10.1021/ic050999x,2006
10.1021/ic051143v,2005
10.1021/ic051457i,2006
10.1021/ic051690g,2006
10.1021/ic0518881,2006
10.1021/ic051900p,2006
10.1021/ic051925o,2006
10.1021/ic051992i,2006
10.1021/ic0520418,2006
10.1021/ic060001d,2006
10.1021/ic060004q,2006
10.1021/ic060030o,2006
10.1021/ic060074x,2006
10.1021/ic060221r,2006
10.1021/ic060241t,2006
10.1021/ic060297n,2006
10.1021/ic0604462,2006
10.1021/ic060543v,2006
10.1021/ic060550j,2006
10.1021/ic060771p,2006
10.1021/ic060787f,2006
10.1021/ic0615271,2007
10.1021/ic061620p,2007
10.1021/ic061664y,2006
10.1021/ic061666i,2007
10.1021/ic0617644,2007
10.1021/ic0617689,2007
10.1021/ic062019u,2007
10.1021/ic062098+,2007
10.1021/ic062236v,2007
10.1021/ic070036t,2007
10.1021/ic070132u,2007
10.1021/ic070291d,2007
10.1021/ic1001495,2010
10.1021/ic100179q,2010
10.1021/ic100181d,2010
10.1021/ic100188w,2010
10.1021/ic100205n,2010
10.1021/ic100610t,2010
10.1021/ic100694w,2010
10.1021/ic1007445,2010
10.1021/ic100749k,2010
10.1021/ic1008494,2010
10.1021/ic100880j,2010
10.1021/ic100928t,2010
10.1021/ic1009829,2010
10.1021/ic101089n,2010
10.1021/ic101112b,2011
10.1021/ic101125m,2010
10.1021/ic101128w,2010
10.1021/ic101213q,2010
10.1021/ic1017246,2011
10.1021/ic1017467,2010
10.1021/ic101783z,2011
10.1021/ic101786r,2010
10.1021/ic1019636,2011
10.1021/ic102181h,2011
10.1021/ic102207n,2011
10.1021/ic102472u,2011
10.1021/ic200054b,2011
10.1021/ic2002546,2011
10.1021/ic200381f,2011
10.1021/ic2004485,2011
10.1021/ic200463k,2011
10.1021/ic200592s,2011
10.1021/ic2008842,2011
10.1021/ic2011666,2011
10.1021/ic201219g,2011
10.1021/ic201238n,2011
10.1021/ic201376t,2011
10.1021/ic201571n,2011
10.1021/ic201779a,2012
10.1021/ic201814g,2011
10.1021/ic201883f,2011
10.1021/ic2019346,2012
10.1021/ic201982d,2012
10.1021/ic201986m,2012
10.1021/ic202063h,2012
10.1021/ic202082w,2012
10.1021/ic2020989,2012
10.1021/ic2020995,2012
10.1021/ic2023105,2012
10.1021/ic2023727,2012
10.1021/ic2024296,2012
10.1021/ic202589s,2012
10.1021/ic202624e,2012
10.1021/ic202635a,2012
10.1021/ic300083k,2012
10.1021/ic300134z,2012
10.1021/ic300546z,2012
10.1021/ic300629v,2012
10.1021/ic300825s,2012
10.1021/ic300854b,2012
10.1021/ic3009392,2012
10.1021/ic301187y,2012
10.1021/ic301257k,2013
10.1021/ic301423c,2013
10.1021/ic301482e,2012
10.1021/ic3016673,2012
10.1021/ic301857h,2013
10.1021/ic3018858,2013
10.1021/ic301976s,2012
10.1021/ic302006x,2013
10.1021/ic302010e,2013
10.1021/ic302011x,2012
10.1021/ic3020223,2013
10.1021/ic3022485,2013
10.1021/ic302318j,2013
10.1021/ic302411r,2013
10.1021/ic302528b,2013
10.1021/ic3026304,2013
10.1021/ic302662x,2013
10.1021/ic302716n,2013
10.1021/ic302725v,2013
10.1021/ic3027804,2013
10.1021/ic400536e,2013
10.1021/ic4007718,2013
10.1021/ic400825b,2013
10.1021/ic4008334,2013
10.1021/ic400853r,2013
10.1021/ic400857s,2013
10.1021/ic401092j,2013
10.1021/ic401305c,2013
10.1021/ic401409b,2013
10.1021/ic401657d,2013
10.1021/ic4017189,2013
10.1021/ic401765r,2013
10.1021/ic4019597,2013
10.1021/ic402012d,2013
10.1021/ic402198a,2014
10.1021/ic4022596,2014
10.1021/ic402280p,2014
10.1021/ic402338q,2014
10.1021/ic4024234,2013
10.1021/ic402467g,2014
10.1021/ic402514n,2014
10.1021/ic402598p,2014
10.1021/ic402803s,2014
10.1021/ic402858u,2014
10.1021/ic402867x,2014
10.1021/ic403148f,2014
10.1021/ic5001232,2014
10.1021/ic500234r,2014
10.1021/ic500434a,2014
10.1021/ic5005769,2014
10.1021/ic500607a,2014
10.1021/ic5006659,2014
10.1021/ic5008457,2014
10.1021/ic501013x,2014
10.1021/ic5010769,2014
10.1021/ic501253c,2014
10.1021/ic501395p,2014
10.1021/ic501459m,2014
10.1021/ic501467w,2014
10.1021/ic501492c,2014
10.1021/ic5016803,2014
10.1021/ic5017092,2014
10.1021/ic501801f,2014
10.1021/ic501849g,2014
10.1021/ic5018517,2015
10.1021/ic501978u,2014
10.1021/ic5021302,2015
10.1021/ic502207f,2015
10.1021/ic502242j,2015
10.1021/ic502316v,2015
10.1021/ic5023467,2014
10.1021/ic502369y,2015
10.1021/ic502380q,2015
10.1021/ic502643m,2015
10.1021/ic502697y,2015
10.1021/ic502725y,2015
10.1021/ic502772k,2015
10.1021/ic502921j,2015
10.1021/ic7004979,2007
10.1021/ic700597k,2007
10.1021/ic700790h,2007
10.1021/ic700893w,2007
10.1021/ic701104s,2007
10.1021/ic701346x,2008
10.1021/ic701393w,2007
10.1021/ic701440x,2007
10.1021/ic7016159,2007
10.1021/ic701721t,2008
10.1021/ic701828w,2008
10.1021/ic701865k,2008
10.1021/ic701917w,2008
10.1021/ic7023082,2008
10.1021/ic800071g,2008
10.1021/ic8001042,2008
10.1021/ic800131r,2008
10.1021/ic8005184,2008
10.1021/ic800538r,2008
10.1021/ic800632r,2009
10.1021/ic800635u,2008
10.1021/ic800702d,2008
10.1021/ic800761h,2008
10.1021/ic800777r,2008
10.1021/ic8007798,2008
10.1021/ic801026y,2008
10.1021/ic8010458,2009
10.1021/ic801053p,2008
10.1021/ic801221r,2008
10.1021/ic801329g,2008
10.1021/ic801624v,2008
10.1021/ic801631w,2009
10.1021/ic801734x,2009
10.1021/ic801779j,2009
10.1021/ic801906e,2009
10.1021/ic801948z,2009
10.1021/ic8020518,2009
10.1021/ic802160a,2009
10.1021/ic802294e,2009
10.1021/ic8023265,2009
10.1021/ic802457j,2009
10.1021/ic9000945,2009
10.1021/ic900217t,2009
10.1021/ic900331m,2009
10.1021/ic900372t,2009
10.1021/ic9004533,2009
10.1021/ic900478z,2009
10.1021/ic900483z,2009
10.1021/ic900611u,2009
10.1021/ic900796n,2009
10.1021/ic900919w,2009
10.1021/ic9010778,2009
10.1021/ic901133k,2009
10.1021/ic901145d,2009
10.1021/ic901530p,2009
10.1021/ic901807k,2009
10.1021/ic9019553,2010
10.1021/ic902057d,2010
10.1021/ic9021118,2010
10.1021/ic9021257,2010
10.1021/ic9021992,2010
10.1021/ic902459f,2010
10.1021/ic9024603,2010
10.1021/ic902483m,2010
10.1021/ic902548f,2010
10.1021/ic961158g,1997
10.1021/ic981123b,1999
10.1021/ic991360u,2000
10.1021/ja010825o,2001
10.1021/ja042802q,2005
10.1021/ja045123o,2005
10.1021/ja0507408s,2014
10.1021/ja051233z,2005
10.1021/ja060946u,2006
10.1021/ja0621086,2006
10.1021/ja064343u,2006
10.1021/ja0645483,2006
10.1021/ja0675447,2007
10.1021/ja0701917,2007
10.1021/ja072599+,2007
10.1021/ja0734952,2007
10.1021/ja073506r,2007
10.1021/ja073568h,2007
10.1021/ja0752336,2007
10.1021/ja0752540,2007
10.1021/ja076167a,2007
10.1021/ja076210u,2007
10.1021/ja076877g,2007
10.1021/ja102134c,2010
10.1021/ja104083y,2010
10.1021/ja104926h,2010
10.1021/ja105089w,2010
10.1021/ja1080794,2010
10.1021/ja109317e,2011
10.1021/ja1097995,2011
10.1021/ja109980c,2010
10.1021/ja111042f,2011
10.1021/ja201911v,2011
10.1021/ja202223d,2011
10.1021/ja2037996,2011
10.1021/ja2041546,2011
10.1021/ja204820d,2011
10.1021/ja205243w,2011
10.1021/ja205658j,2011
10.1021/ja208256u,2012
10.1021/ja209643b,2012
10.1021/ja2118255,2012
10.1021/ja302089w,2012
10.1021/ja302991b,2012
10.1021/ja305181y,2012
10.1021/ja308229p,2013
10.1021/ja3085884,2012
10.1021/ja308786r,2012
10.1021/ja310173e,2013
10.1021/ja312567v,2013
10.1021/ja402694f,2013
10.1021/ja4032049,2013
10.1021/ja403849c,2013
10.1021/ja4039642,2013
10.1021/ja403994u,2013
10.1021/ja404514r,2013
10.1021/ja405078u,2013
10.1021/ja4050828,2013
10.1021/ja405350u,2013
10.1021/ja4054948,2013
10.1021/ja4064475,2013
10.1021/ja407176p,2013
10.1021/ja4078705,2013
10.1021/ja407896m,2013
10.1021/ja4080562,2013
10.1021/ja4083254,2013
10.1021/ja408959g,2013
10.1021/ja409569q,2013
10.1021/ja4102979,2014
10.1021/ja410368j,2014
10.1021/ja411887c,2014
10.1021/ja412886e,2014
10.1021/ja500005k,2014
10.1021/ja500191r,2014
10.1021/ja500330a,2014
10.1021/ja500356z,2014
10.1021/ja500362w,2014
10.1021/ja501606h,2014
10.1021/ja5023283,2014
10.1021/ja503218j,2014
10.1021/ja503296c,2014
10.1021/ja5037868,2014
10.1021/ja5042226,2014
10.1021/ja5048522,2014
10.1021/ja5069855,2014
10.1021/ja507947d,2014
10.1021/ja508626n,2014
10.1021/ja509019k,2014
10.1021/ja509428a,2015
10.1021/ja5094309,2014
10.1021/ja5111317,2015
10.1021/ja511403t,2015
10.1021/ja5123528,2015
10.1021/ja512478y,2015
10.1021/ja710123s,2008
10.1021/ja8007215,2008
10.1021/ja803021v,2008
10.1021/ja803783c,2008
10.1021/ja804944r,2008
10.1021/ja8057953,2008
10.1021/ja8098867,2009
10.1021/ja809954r,2009
10.1021/ja901440g,2009
10.1021/ja901725v,2009
10.1021/ja901869m,2009
10.1021/ja905009e,2009
10.1021/ja905101s,2009
10.1021/ja905690t,2009
10.1021/ja906474z,2009
10.1021/ja906911q,2009
10.1021/ja9072707,2009
10.1021/ja907359t,2009
10.1021/ja907885m,2009
10.1021/ja9084995,2010
10.1021/ja909169x,2010
10.1021/ja9092715,2010
10.1021/ja909519e,2010
10.1021/ja910818a,2010
10.1021/jacs.0c00285,2020
10.1021/jacs.0c00637,2020
10.1021/jacs.0c00679,2020
10.1021/jacs.0c01626,2020
10.1021/jacs.0c01895,2020
10.1021/jacs.0c02007,2020
10.1021/jacs.0c02389,2020
10.1021/jacs.0c02425,2020
10.1021/jacs.0c02772,2020
10.1021/jacs.0c02806,2020
10.1021/jacs.0c02966,2020
10.1021/jacs.0c03906,2020
10.1021/jacs.0c04442,2020
10.1021/jacs.0c04458,2020
10.1021/jacs.0c05074,2020
10.1021/jacs.0c06582,2020
10.1021/jacs.0c06605,2020
10.1021/jacs.0c06925,2020
10.1021/jacs.0c07481,2020
10.1021/jacs.0c07525,2020
10.1021/jacs.0c07862,2020
10.1021/jacs.0c09015,2021
10.1021/jacs.0c10224,2020
10.1021/jacs.0c10285,2021
10.1021/jacs.0c10367,2020
10.1021/jacs.0c10400,2020
10.1021/jacs.0c11530,2021
10.1021/jacs.0c12125,2021
10.1021/jacs.0c12367,2021
10.1021/jacs.0c13005,2021
10.1021/jacs.1c00136,2021
10.1021/jacs.1c01408,2021
10.1021/jacs.1c01673,2021
10.1021/jacs.1c02108,2021
10.1021/jacs.1c02272,2021
10.1021/jacs.1c02379,2021
10.1021/jacs.1c04030,2021
10.1021/jacs.1c04269,2021
10.1021/jacs.1c04946,2021
10.1021/jacs.1c05051,2021
10.1021/jacs.1c05363,2021
10.1021/jacs.1c05613,2021
10.1021/jacs.1c06990,2021
10.1021/jacs.1c07033,2021
10.1021/jacs.1c07482,2021
10.1021/jacs.1c07963,2021
10.1021/jacs.1c08227,2021
10.1021/jacs.1c08354,2021
10.1021/jacs.1c08404,2021
10.1021/jacs.1c10008,2021
10.1021/jacs.1c10192,2021
10.1021/jacs.1c10291,2021
10.1021/jacs.1c10493,2021
10.1021/jacs.1c10800,2022
10.1021/jacs.1c10973,2022
10.1021/jacs.1c11836,2022
10.1021/jacs.1c12117,2022
10.1021/jacs.1c12596,2022
10.1021/jacs.1c13508,2022
10.1021/jacs.2c00011,2022
10.1021/jacs.2c01058,2022
10.1021/jacs.2c03062,2022
10.1021/jacs.2c03114,2022
10.1021/jacs.2c04608,2022
10.1021/jacs.2c06142,2022
10.1021/jacs.2c06312,2022
10.1021/jacs.2c07135,2022
10.1021/jacs.2c07283,2022
10.1021/jacs.2c09007,2023
10.1021/jacs.2c09487,2022
10.1021/jacs.2c09756,2022
10.1021/jacs.2c10471,2023
10.1021/jacs.2c10672,2023
10.1021/jacs.2c10717,2022
10.1021/jacs.2c12042,2023
10.1021/jacs.2c12095,2023
10.1021/jacs.2c12192,2023
10.1021/jacs.2c12374,2023
10.1021/jacs.2c12599,2023
10.1021/jacs.2c13171,2023
10.1021/jacs.2c13731,2023
10.1021/jacs.2c13835,2023
10.1021/jacs.3c01219,2023
10.1021/jacs.3c01455,2023
10.1021/jacs.3c02128,2023
10.1021/jacs.3c02155,2023
10.1021/jacs.3c02252,2023
10.1021/jacs.3c02378,2023
10.1021/jacs.3c02379,2023
10.1021/jacs.3c02703,2023
10.1021/jacs.3c02787,2023
10.1021/jacs.3c04641,2023
10.1021/jacs.3c05425,2024
10.1021/jacs.3c05488,2023
10.1021/jacs.3c05606,2023
10.1021/jacs.3c05819,2023
10.1021/jacs.3c06393,2023
10.1021/jacs.3c06396,2023
10.1021/jacs.3c07047,2023
10.1021/jacs.3c07198,2023
10.1021/jacs.3c07237,2023
10.1021/jacs.3c07790,2023
10.1021/jacs.3c07995,2023
10.1021/jacs.3c10326,2023
10.1021/jacs.3c10753,2024
10.1021/jacs.3c11947,2024
10.1021/jacs.3c12086,2023
10.1021/jacs.3c12866,2024
10.1021/jacs.3c13985,2024
10.1021/jacs.3c14739,2024
10.1021/jacs.4c00407,2024
10.1021/jacs.4c00885,2024
10.1021/jacs.4c01040,2024
10.1021/jacs.4c02321,2024
10.1021/jacs.4c03038,2024
10.1021/jacs.4c03476,2024
10.1021/jacs.4c03756,2024
10.1021/jacs.4c05318,2024
10.1021/jacs.4c05879,2024
10.1021/jacs.4c06046,2024
10.1021/jacs.4c07432,2024
10.1021/jacs.4c09431,2024
10.1021/jacs.4c09553,2024
10.1021/jacs.4c10421,2024
10.1021/jacs.4c10444,2024
10.1021/jacs.4c11085,2025
10.1021/jacs.4c11243,2024
10.1021/jacs.4c12385,2024
10.1021/jacs.4c13196,2024
10.1021/jacs.4c15936,2024
10.1021/jacs.4c18251,2025
10.1021/jacs.5b00365,2015
10.1021/jacs.5b00817,2015
10.1021/jacs.5b02276,2015
10.1021/jacs.5b02872,2015
10.1021/jacs.5b05434,2015
10.1021/jacs.5b06266,2015
10.1021/jacs.5b06730,2015
10.1021/jacs.5b06929,2015
10.1021/jacs.5b07373,2015
10.1021/jacs.5b08752,2015
10.1021/jacs.5b09225,2015
10.1021/jacs.5b10385,2015
10.1021/jacs.5b11079,2016
10.1021/jacs.5b11150,2015
10.1021/jacs.5b11720,2016
10.1021/jacs.5b12312,2016
10.1021/jacs.5c00460,2025
10.1021/jacs.5c00603,2025
10.1021/jacs.5c00736,2025
10.1021/jacs.5c01434,2025
10.1021/jacs.5c01881,2025
10.1021/jacs.5c02064,2025
10.1021/jacs.5c02767,2025
10.1021/jacs.5c03677,2025
10.1021/jacs.5c03704,2025
10.1021/jacs.5c03798,2025
10.1021/jacs.5c04078,2025
10.1021/jacs.5c04515,2025
10.1021/jacs.5c04567,2025
10.1021/jacs.5c04897,2025
10.1021/jacs.5c05028,2025
10.1021/jacs.5c05068,2025
10.1021/jacs.5c06012,2025
10.1021/jacs.5c07158,2025
10.1021/jacs.5c08920,2025
10.1021/jacs.6b01093,2016
10.1021/jacs.6b01414,2016
10.1021/jacs.6b03263,2016
10.1021/jacs.6b03689,2016
10.1021/jacs.6b04608,2016
10.1021/jacs.6b05261,2016
10.1021/jacs.6b05456,2016
10.1021/jacs.6b06759,2016
10.1021/jacs.6b06859,2016
10.1021/jacs.6b09463,2017
10.1021/jacs.6b10055,2016
10.1021/jacs.6b10768,2017
10.1021/jacs.6b11197,2016
10.1021/jacs.6b11934,2017
10.1021/jacs.6b12564,2017
10.1021/jacs.6b12847,2017
10.1021/jacs.6b13176,2017
10.1021/jacs.7b00106,2017
10.1021/jacs.7b00219,2017
10.1021/jacs.7b01229,2017
10.1021/jacs.7b01593,2017
10.1021/jacs.7b01660,2017
10.1021/jacs.7b01807,2017
10.1021/jacs.7b02184,2017
10.1021/jacs.7b02272,2017
10.1021/jacs.7b02394,2017
10.1021/jacs.7b03144,2017
10.1021/jacs.7b03578,2017
10.1021/jacs.7b04420,2017
10.1021/jacs.7b04532,2017
10.1021/jacs.7b06459,2017
10.1021/jacs.7b06798,2017
10.1021/jacs.7b07699,2017
10.1021/jacs.7b07856,2017
10.1021/jacs.7b08174,2018
10.1021/jacs.7b09093,2017
10.1021/jacs.7b09983,2017
10.1021/jacs.7b10112,2017
10.1021/jacs.7b12529,2018
10.1021/jacs.7b12633,2018
10.1021/jacs.7b13330,2018
10.1021/jacs.8b01775,2018
10.1021/jacs.8b02089,2018
10.1021/jacs.8b02192,2018
10.1021/jacs.8b02710,2018
10.1021/jacs.8b02896,2018
10.1021/jacs.8b04369,2018
10.1021/jacs.8b04457,2018
10.1021/jacs.8b05107,2018
10.1021/jacs.8b05471,2018
10.1021/jacs.8b05765,2018
10.1021/jacs.8b05780,2018
10.1021/jacs.8b05948,2018
10.1021/jacs.8b06666,2018
10.1021/jacs.8b06774,2018
10.1021/jacs.8b07411,2018
10.1021/jacs.8b07589,2018
10.1021/jacs.8b08032,2018
10.1021/jacs.8b08267,2019
10.1021/jacs.8b09322,2018
10.1021/jacs.8b09606,2018
10.1021/jacs.8b09682,2018
10.1021/jacs.8b09987,2019
10.1021/jacs.8b10343,2018
10.1021/jacs.8b11042,2019
10.1021/jacs.8b11230,2019
10.1021/jacs.8b11300,2019
10.1021/jacs.8b11525,2018
10.1021/jacs.8b13397,2019
10.1021/jacs.8b13639,2019
10.1021/jacs.8b13667,2019
10.1021/jacs.9b00355,2019
10.1021/jacs.9b01270,2019
10.1021/jacs.9b01789,2019
10.1021/jacs.9b01829,2019
10.1021/jacs.9b02114,2019
10.1021/jacs.9b02294,2019
10.1021/jacs.9b02686,2019
10.1021/jacs.9b03269,2019
10.1021/jacs.9b03643,2019
10.1021/jacs.9b03707,2019
10.1021/jacs.9b03914,2019
10.1021/jacs.9b04822,2019
10.1021/jacs.9b04915,2019
10.1021/jacs.9b05035,2019
10.1021/jacs.9b05580,2019
10.1021/jacs.9b06179,2019
10.1021/jacs.9b07301,2019
10.1021/jacs.9b07422,2019
10.1021/jacs.9b07557,2019
10.1021/jacs.9b07633,2019
10.1021/jacs.9b07658,2019
10.1021/jacs.9b07732,2019
10.1021/jacs.9b07891,2019
10.1021/jacs.9b08322,2019
10.1021/jacs.9b08601,2019
10.1021/jacs.9b10034,2020
10.1021/jacs.9b10251,2019
10.1021/jacs.9b10261,2020
10.1021/jacs.9b10639,2019
10.1021/jacs.9b11446,2019
10.1021/jacs.9b11639,2020
10.1021/jacs.9b11952,2020
10.1021/jacs.9b12408,2020
10.1021/jacs.9b12527,2020
10.1021/jo401399y,2013
10.1021/jp0130416,2002
10.1021/jp063074r,2006
10.1021/jp0708291,2007
10.1021/jp075047m,2008
10.1021/jp102409a,2010
10.1021/jp1058963,2010
10.1021/jp1071617,2010
10.1021/jp206981d,2012
10.1021/jp209804x,2012
10.1021/jp210671t,2012
10.1021/jp2117856,2012
10.1021/jp302356q,2012
10.1021/jp308657x,2012
10.1021/jp312179e,2013
10.1021/jp312590r,2013
10.1021/jp402154q,2013
10.1021/jp405774e,2013
10.1021/jp406835n,2013
10.1021/jp502336a,2014
10.1021/jp505893s,2014
10.1021/jp507643v,2014
10.1021/jp508734z,2014
10.1021/jp512629c,2015
10.1021/jp7100094,2008
10.1021/jp7110633,2008
10.1021/jp803620v,2008
10.1021/jp907180e,2009
10.1021/jp9095612,2010
10.1021/jp911477a,2010
10.1021/jz200424h,2011
10.1021/jz5012065,2014
10.1021/la102409e,2010
10.1021/la103590t,2010
10.1021/la201769x,2011
10.1021/la203570h,2011
10.1021/la204991n,2012
10.1021/la302050m,2012
10.1021/la302223m,2012
10.1021/la304147j,2013
10.1021/la304151r,2012
10.1021/la400109j,2013
10.1021/la401323t,2013
10.1021/la4014637,2013
10.1021/la402882a,2013
10.1021/la403864u,2013
10.1021/la503269f,2014
10.1021/la900004v,2009
10.1021/nl5026419,2014
10.1021/nn204054k,2012
10.1021/nn4054864,2014
10.1021/nn5072446,2015
10.1021/om100703c,2010
10.1021/om2000162,2011
10.1021/om400518f,2013
10.1021/om801143q,2009
10.1021/om900768w,2010
10.1021/sc300036p,2013
10.1023/A:1025096207371,2003
10.1023/B:TOCA.0000003079.39312.99,2003
10.1038/NCHEM.1003,2011
10.1038/NCHEM.1026,2011
10.1038/NCHEM.1569,2013
10.1038/NCHEM.1576,2013
10.1038/NCHEM.1982,2014
10.1038/NCHEM.2430,2016
10.1038/NCHEM.2469,2016
10.1038/NCHEM.254,2009
10.1038/NCHEM.2663,2017
10.1038/NCHEM.738,2010
10.1038/NCHEM.834,2010
10.1038/NCHEM.873,2010
10.1038/nmat1927,2007
10.1038/NMAT4113,2015
10.1038/NMAT4815,2017
10.1038/NMAT4910,2017
10.1038/NMAT5050,2018
10.1038/s41557-018-0107-7,2018
10.1038/s41557-019-0238-5,2019
10.1038/s41560-018-0261-6,2018
10.1038/s41563-018-0098-1,2018
10.1038/s41563-019-0317-4,2019
10.1038/s41699-018-0071-5,2018
10.1038/s42004-019-0135-2,2019
10.1038/s42004-021-00522-1,2021
10.1039/a708520f,1998
10.1039/a905332h,1999
10.1039/b000566p,2000
10.1039/b005438k,2000
10.1039/b009129o,2001
10.1039/b009542g,2001
10.1039/b009706n,2001
10.1039/b100921o,2001
10.1039/b105687p,2002
10.1039/b109298g,2002
10.1039/b111353d,2002
10.1039/b202220f,2002
10.1039/b203193k,2002
10.1039/b206702a,2002
10.1039/b207559h,2002
10.1039/b209491f,2003
10.1039/b210462h,2003
10.1039/b212314m,2003
10.1039/b302692b,2003
10.1039/b304826h,2003
10.1039/b306872b,2003
10.1039/b310778g,2003
10.1039/b311988b,2004
10.1039/b315483a,2004
10.1039/b315842j,2004
10.1039/b317043h,2004
10.1039/b402715a,2004
10.1039/b404483p,2004
10.1039/b404485a,2004
10.1039/b408961h,2004
10.1039/b417013j,2005
10.1039/b417520d,2005
10.1039/b419418g,2005
10.1039/b502512e,2005
10.1039/b502651b,2005
10.1039/b504862a,2005
10.1039/b506786c,2005
10.1039/b508930a,2005
10.1039/b509460g,2005
10.1039/b509746k,2006
10.1039/b511962f,2006
10.1039/b512098e,2005
10.1039/b513750k,2006
10.1039/b515151a,2006
10.1039/b600357e,2006
10.1039/b600709k,2006
10.1039/b600814c,2006
10.1039/b601009a,2006
10.1039/b601811d,2006
10.1039/b603014a,2006
10.1039/b603274e,2006
10.1039/b606434e,2006
10.1039/b609733b,2007
10.1039/b609740e,2006
10.1039/b610012k,2006
10.1039/b611300a,2006
10.1039/b615006c,2007
10.1039/b615675d,2007
10.1039/b618613k,2007
10.1039/b618762e,2007
10.1039/b618981d,2007
10.1039/b701384a,2007
10.1039/b701551h,2007
10.1039/b702106b,2007
10.1039/b703730a,2007
10.1039/b704294a,2007
10.1039/b704325b,2007
10.1039/b705882a,2007
10.1039/b706071h,2008
10.1039/b706177c,2007
10.1039/b706432b,2007
10.1039/b706823a,2007
10.1039/b707159k,2007
10.1039/b708104a,2007
10.1039/b708389k,2007
10.1039/b708921j,2008
10.1039/b709810c,2008
10.1039/b710209g,2008
10.1039/b712015j,2008
10.1039/b712118k,2007
10.1039/b713705b,2008
10.1039/b715481j,2008
10.1039/b716398c,2008
10.1039/b717376h,2008
10.1039/b718928a,2008
10.1039/b718947h,2008
10.1039/b719646f,2008
10.1039/b719766g,2008
10.1039/b800017d,2008
10.1039/b800022k,2008
10.1039/b800255j,2008
10.1039/b800709h,2008
10.1039/b800820e,2008
10.1039/b800908b,2008
10.1039/b800938d,2008
10.1039/b801070f,2008
10.1039/b801177j,2008
10.1039/b801280f,2008
10.1039/b801985a,2008
10.1039/b803168a,2008
10.1039/b803410a,2008
10.1039/b804126a,2008
10.1039/b804490b,2008
10.1039/b804944k,2008
10.1039/b804956d,2009
10.1039/b805025b,2008
10.1039/b805101a,2008
10.1039/b805263h,2008
10.1039/b805379k,2008
10.1039/b805727c,2008
10.1039/b806297h,2009
10.1039/b806360e,2008
10.1039/b806765a,2008
10.1039/b806899b,2009
10.1039/b807063f,2008
10.1039/b807165a,2008
10.1039/b807676f,2008
10.1039/b808350a,2008
10.1039/b808385a,2009
10.1039/b808394k,2008
10.1039/b808464e,2008
10.1039/b809557d,2009
10.1039/b810287b,2009
10.1039/b810414j,2009
10.1039/b810773d,2008
10.1039/b811132d,2009
10.1039/b811498f,2008
10.1039/b811725j,2009
10.1039/b811883n,2008
10.1039/b812097h,2009
10.1039/b812366g,2008
10.1039/b812645c,2008
10.1039/b813024h,2009
10.1039/b813226g,2009
10.1039/b814180k,2008
10.1039/b814740j,2008
10.1039/b815840a,2009
10.1039/b815935a,2009
10.1039/b815977g,2009
10.1039/b817563b,2009
10.1039/b817972g,2009
10.1039/b818915c,2009
10.1039/b819302a,2009
10.1039/b819707p,2009
10.1039/b819756c,2009
10.1039/b819800d,2009
10.1039/b819935c,2009
10.1039/b820474h,2009
10.1039/b821491c,2009
10.1039/b822248g,2009
10.1039/b822394g,2009
10.1039/b823392f,2009
10.1039/b900390h,2009
10.1039/b900522f,2009
10.1039/b900841a,2009
10.1039/b901042d,2009
10.1039/b901121h,2009
10.1039/b901404g,2009
10.1039/b902223f,2009
10.1039/b902550b,2009
10.1039/b902611h,2009
10.1039/b902954k,2009
10.1039/b903932e,2009
10.1039/b903972d,2009
10.1039/b904000e,2009
10.1039/b904622d,2009
10.1039/b905663g,2009
10.1039/b905707b,2009
10.1039/b905736f,2010
10.1039/b905794c,2009
10.1039/b905924p,2009
10.1039/b906105n,2009
10.1039/b907142c,2009
10.1039/b907149k,2009
10.1039/b907453h,2009
10.1039/b908446k,2010
10.1039/b908812a,2009
10.1039/b908862h,2009
10.1039/b909015k,2009
10.1039/b909590j,2010
10.1039/b909643b,2010
10.1039/b909683c,2009
10.1039/b909717a,2009
10.1039/b909754f,2010
10.1039/b910588c,2009
10.1039/b911137a,2009
10.1039/b911460b,2010
10.1039/b911606k,2009
10.1039/b912012b,2009
10.1039/b912158g,2010
10.1039/b912415b,2010
10.1039/b912972n,2010
10.1039/b912997a,2009
10.1039/b913147g,2010
10.1039/b913861g,2010
10.1039/b913942g,2010
10.1039/b914145f,2010
10.1039/b914623g,2010
10.1039/b914879e,2010
10.1039/b915459k,2009
10.1039/b915539b,2010
10.1039/b915584h,2010
10.1039/b915889h,2010
10.1039/b916127a,2010
10.1039/b916206b,2010
10.1039/b916222d,2010
10.1039/b916584c,2010
10.1039/b916878h,2009
10.1039/b916984a,2010
10.1039/b917256d,2010
10.1039/b917338m,2010
10.1039/b917348j,2010
10.1039/b917483d,2010
10.1039/b917987a,2010
10.1039/b919161e,2010
10.1039/b919675g,2010
10.1039/b919676p,2010
10.1039/b919813j,2010
10.1039/b920308g,2010
10.1039/b920318b,2010
10.1039/b921558a,2010
10.1039/b921850e,2010
10.1039/b922039a,2010
10.1039/b922061e,2010
10.1039/b922528e,2010
10.1039/b922750d,2010
10.1039/b922767a,2010
10.1039/b924536g,2010
10.1039/b924633a,2010
10.1039/b924657f,2010
10.1039/b924937k,2010
10.1039/b925088c,2010
10.1039/b925239h,2010
10.1039/b925714d,2010
10.1039/b925769a,2010
10.1039/b925903a,2010
10.1039/b926156g,2010
10.1039/b926324a,2010
10.1039/b9nj00691e,2010
10.1039/c000373e,2010
10.1039/c000723d,2010
10.1039/c000734j,2010
10.1039/c000940g,2010
10.1039/c001590c,2010
10.1039/c001655a,2010
10.1039/c002030n,2010
10.1039/c002088e,2010
10.1039/c002090g,2010
10.1039/c002214d,2010
10.1039/c002658a,2010
10.1039/c003764h,2010
10.1039/c003835k,2010
10.1039/c003986a,2011
10.1039/c004234j,2010
10.1039/c005207h,2010
10.1039/c0cc00012d,2010
10.1039/c0cc01141j,2010
10.1039/c0cc01447h,2010
10.1039/c0cc01578d,2010
10.1039/c0cc02990d,2010
10.1039/c0cc04734a,2011
10.1039/c0cc04890a,2011
10.1039/c0cc05002d,2011
10.1039/c0ce00013b,2011
10.1039/c0ce00047g,2011
10.1039/c0ce00098a,2011
10.1039/c0ce00110d,2010
10.1039/c0ce00111b,2011
10.1039/c0ce00135j,2010
10.1039/c0ce00181c,2010
10.1039/c0ce00190b,2011
10.1039/c0ce00211a,2011
10.1039/c0ce00216j,2010
10.1039/c0ce00219d,2011
10.1039/c0ce00259c,2011
10.1039/c0ce00281j,2011
10.1039/c0ce00297f,2011
10.1039/c0ce00315h,2011
10.1039/c0ce00365d,2011
10.1039/c0ce00393j,2011
10.1039/c0ce00400f,2011
10.1039/c0ce00426j,2011
10.1039/c0ce00486c,2010
10.1039/c0ce00488j,2011
10.1039/c0ce00490a,2011
10.1039/c0ce00527d,2011
10.1039/c0ce00530d,2011
10.1039/c0ce00535e,2011
10.1039/c0ce00542h,2011
10.1039/c0ce00568a,2011
10.1039/c0ce00581a,2011
10.1039/c0ce00621a,2011
10.1039/c0ce00633e,2011
10.1039/c0ce00644k,2011
10.1039/c0ce00651c,2011
10.1039/c0ce00683a,2011
10.1039/c0ce00687d,2011
10.1039/c0ce00703j,2011
10.1039/c0ce00715c,2011
10.1039/c0ce00750a,2011
10.1039/c0ce00762e,2011
10.1039/c0ce00764a,2011
10.1039/c0ce00789g,2011
10.1039/c0ce00792g,2011
10.1039/c0ce00834f,2011
10.1039/c0ce00839g,2011
10.1039/c0ce00848f,2011
10.1039/c0ce00873g,2011
10.1039/c0ce00878h,2011
10.1039/c0ce00908c,2011
10.1039/c0ce00919a,2011
10.1039/c0ce00921k,2011
10.1039/c0ce00937g,2011
10.1039/c0ce00950d,2011
10.1039/c0ce00963f,2011
10.1039/c0ce00990c,2011
10.1039/c0dt00352b,2010
10.1039/c0dt00374c,2010
10.1039/c0dt00390e,2010
10.1039/c0dt00579g,2010
10.1039/c0dt00600a,2010
10.1039/c0dt00708k,2011
10.1039/c0dt00894j,2011
10.1039/c0dt00903b,2011
10.1039/c0dt00949k,2011
10.1039/c0dt01011a,2011
10.1039/c0dt01024c,2011
10.1039/c0dt01079k,2011
10.1039/c0dt01206h,2011
10.1039/c0dt01474e,2011
10.1039/c0dt01483d,2011
10.1039/c0dt01584a,2011
10.1039/c0dt01687j,2011
10.1039/c0dt01701a,2011
10.1039/c0dt01722a,2011
10.1039/c0dt01750g,2011
10.1039/c0dt01787f,2011
10.1039/c0jm00515k,2010
10.1039/c0jm01867h,2010
10.1039/c0jm02381g,2011
10.1039/c0jm03318a,2011
10.1039/c0jm03563g,2011
10.1039/c0jm04526h,2011
10.1039/c0nj00092b,2010
10.1039/c0nj00196a,2010
10.1039/c0nj00436g,2010
10.1039/c0nj00542h,2011
10.1039/c0nj00667j,2011
10.1039/c0nj00845a,2011
10.1039/c0nj00869a,2011
10.1039/c0nj00904k,2011
10.1039/c0sc00377h,2011
10.1039/c0sc00582g,2011
10.1039/c0sm00039f,2010
10.1039/c1cc10935a,2011
10.1039/c1cc11618e,2011
10.1039/c1cc11837d,2011
10.1039/c1cc11932j,2011
10.1039/c1cc12213d,2011
10.1039/c1cc12479j,2011
10.1039/c1cc12543e,2011
10.1039/c1cc12908b,2011
10.1039/c1cc13418c,2011
10.1039/c1cc13877d,2011
10.1039/c1cc14384k,2011
10.1039/c1cc14702a,2011
10.1039/c1cc14893a,2011
10.1039/c1cc15541e,2011
10.1039/c1cc15589j,2012
10.1039/c1cc15962c,2012
10.1039/c1cc16147d,2012
10.1039/c1ce05020f,2011
10.1039/c1ce05023k,2011
10.1039/c1ce05053b,2011
10.1039/c1ce05059a,2011
10.1039/c1ce05110e,2011
10.1039/c1ce05129f,2011
10.1039/c1ce05140g,2011
10.1039/c1ce05154g,2011
10.1039/c1ce05156c,2011
10.1039/c1ce05177f,2011
10.1039/c1ce05196b,2011
10.1039/c1ce05208j,2011
10.1039/c1ce05230f,2011
10.1039/c1ce05235g,2011
10.1039/c1ce05254c,2011
10.1039/c1ce05287j,2011
10.1039/c1ce05299c,2011
10.1039/c1ce05308f,2011
10.1039/c1ce05316g,2012
10.1039/c1ce05369h,2012
10.1039/c1ce05396e,2011
10.1039/c1ce05422h,2011
10.1039/c1ce05463e,2011
10.1039/c1ce05520h,2011
10.1039/c1ce05549f,2011
10.1039/c1ce05561e,2011
10.1039/c1ce05592e,2011
10.1039/c1ce05639e,2012
10.1039/c1ce05649b,2011
10.1039/c1ce05683b,2011
10.1039/c1ce05698k,2012
10.1039/c1ce05705g,2011
10.1039/c1ce05718a,2011
10.1039/c1ce05749a,2011
10.1039/c1ce05751k,2011
10.1039/c1ce05780d,2011
10.1039/c1ce05817g,2011
10.1039/c1ce05829k,2012
10.1039/c1ce05877k,2012
10.1039/c1ce05889d,2011
10.1039/c1ce05896g,2011
10.1039/c1ce05919j,2012
10.1039/c1ce05956d,2012
10.1039/c1ce05959a,2012
10.1039/c1ce06002c,2012
10.1039/c1ce06015e,2012
10.1039/c1ce06019h,2012
10.1039/c1ce06044a,2012
10.1039/c1ce06050c,2012
10.1039/c1ce06052j,2012
10.1039/c1ce06089a,2012
10.1039/c1ce06111a,2012
10.1039/c1ce06138k,2012
10.1039/c1ce06178j,2012
10.1039/c1ce06213a,2012
10.1039/c1ce06215h,2012
10.1039/c1ce06268a,2012
10.1039/c1ce06274c,2011
10.1039/c1cp21301f,2011
10.1039/c1cp22855b,2012
10.1039/c1dt10158g,2011
10.1039/c1dt10241a,2011
10.1039/c1dt10282f,2011
10.1039/c1dt10602c,2011
10.1039/c1dt10776c,2011
10.1039/c1dt10826c,2011
10.1039/c1dt10893j,2011
10.1039/c1dt10901d,2011
10.1039/c1dt10931f,2012
10.1039/c1dt10958h,2011
10.1039/c1dt10985e,2012
10.1039/c1dt11099c,2011
10.1039/c1dt11130b,2011
10.1039/c1dt11237f,2011
10.1039/c1dt11431j,2012
10.1039/c1dt11568e,2012
10.1039/c1dt11654a,2012
10.1039/c1dt11692d,2012
10.1039/c1dt11700a,2011
10.1039/c1gc15340d,2011
10.1039/c1gc15726d,2012
10.1039/c1jm10451a,2011
10.1039/c1jm10787a,2011
10.1039/c1jm10947b,2011
10.1039/c1jm11075f,2011
10.1039/c1jm11102g,2011
10.1039/c1jm12789f,2011
10.1039/c1jm12859k,2011
10.1039/c1jm14677g,2012
10.1039/c1jm14791a,2012
10.1039/c1nj20350a,2011
10.1039/c1nr10944h,2012
10.1039/c1ra00155h,2011
10.1039/c1ra00164g,2011
10.1039/c1sc00100k,2011
10.1039/c1sc00269d,2011
10.1039/c2cc00046f,2012
10.1039/c2cc16779d,2012
10.1039/c2cc16808a,2012
10.1039/c2cc17190b,2012
10.1039/c2cc17256a,2012
10.1039/c2cc30877k,2012
10.1039/c2cc31079a,2012
10.1039/c2cc31667f,2012
10.1039/c2cc33964a,2013
10.1039/c2cc34196d,2012
10.1039/c2cc34380k,2012
10.1039/c2cc34416e,2012
10.1039/c2cc34493a,2012
10.1039/c2cc34689c,2012
10.1039/c2cc34782b,2012
10.1039/c2cc34787c,2012
10.1039/c2cc35348b,2012
10.1039/c2cc35366k,2012
10.1039/c2cc35418g,2012
10.1039/c2cc36003a,2012
10.1039/c2cc36325a,2013
10.1039/c2cc36344e,2012
10.1039/c2cc37453f,2012
10.1039/c2cc37621k,2013
10.1039/c2cc38092g,2013
10.1039/c2cc38512k,2013
10.1039/c2ce00025c,2012
10.1039/c2ce05586d,2012
10.1039/c2ce05785a,2012
10.1039/c2ce05828f,2012
10.1039/c2ce05875h,2012
10.1039/c2ce05948g,2012
10.1039/c2ce06133c,2012
10.1039/c2ce06176g,2012
10.1039/c2ce06290a,2012
10.1039/c2ce06312c,2012
10.1039/c2ce06327a,2012
10.1039/c2ce06329h,2012
10.1039/c2ce06345j,2012
10.1039/c2ce06382d,2012
10.1039/c2ce06386g,2012
10.1039/c2ce06415d,2012
10.1039/c2ce06418a,2012
10.1039/c2ce06428f,2012
10.1039/c2ce06451k,2012
10.1039/c2ce06491j,2012
10.1039/c2ce06496k,2012
10.1039/c2ce06508h,2012
10.1039/c2ce06511h,2012
10.1039/c2ce06540a,2012
10.1039/c2ce06546k,2012
10.1039/c2ce06563k,2012
10.1039/c2ce06572j,2012
10.1039/c2ce06580k,2012
10.1039/c2ce06581a,2012
10.1039/c2ce06584c,2012
10.1039/c2ce06608d,2012
10.1039/c2ce06632g,2012
10.1039/c2ce06666a,2012
10.1039/c2ce06694g,2012
10.1039/c2ce06720j,2012
10.1039/c2ce06730g,2012
10.1039/c2ce25040c,2012
10.1039/c2ce25075f,2012
10.1039/c2ce25076d,2012
10.1039/c2ce25081k,2012
10.1039/c2ce25160d,2012
10.1039/c2ce25169h,2012
10.1039/c2ce25194a,2012
10.1039/c2ce25202c,2012
10.1039/c2ce25264c,2012
10.1039/c2ce25292a,2012
10.1039/c2ce25317h,2012
10.1039/c2ce25328c,2012
10.1039/c2ce25358e,2012
10.1039/c2ce25388g,2012
10.1039/c2ce25409c,2013
10.1039/c2ce25422k,2012
10.1039/c2ce25430a,2012
10.1039/c2ce25439e,2012
10.1039/c2ce25442e,2012
10.1039/c2ce25456e,2012
10.1039/c2ce25482d,2012
10.1039/c2ce25529d,2012
10.1039/c2ce25588j,2012
10.1039/c2ce25589h,2012
10.1039/c2ce25602a,2012
10.1039/c2ce25607j,2012
10.1039/c2ce25618e,2012
10.1039/c2ce25673h,2012
10.1039/c2ce25677k,2012
10.1039/c2ce25755f,2012
10.1039/c2ce25760b,2012
10.1039/c2ce25780g,2012
10.1039/c2ce25807b,2012
10.1039/c2ce25856k,2012
10.1039/c2ce25906k,2012
10.1039/c2ce25911g,2012
10.1039/c2ce25912e,2012
10.1039/c2ce26063h,2013
10.1039/c2ce26068a,2013
10.1039/c2ce26086g,2012
10.1039/c2ce26120k,2013
10.1039/c2ce26129d,2012
10.1039/c2ce26138c,2012
10.1039/c2ce26170g,2012
10.1039/c2ce26171e,2013
10.1039/c2ce26198g,2012
10.1039/c2ce26274f,2012
10.1039/c2ce26279g,2013
10.1039/c2ce26290h,2012
10.1039/c2ce26302e,2013
10.1039/c2ce26312b,2012
10.1039/c2ce26323h,2013
10.1039/c2ce26338f,2012
10.1039/c2ce26390d,2013
10.1039/c2ce26395e,2013
10.1039/c2ce26436f,2013
10.1039/c2ce26515j,2013
10.1039/c2ce26521d,2013
10.1039/c2ce26532j,2013
10.1039/c2ce26533h,2012
10.1039/c2ce26559a,2013
10.1039/c2ce26586a,2013
10.1039/c2ce26606g,2013
10.1039/c2ce26636a,2013
10.1039/c2ce26695d,2013
10.1039/c2ce26701b,2013
10.1039/c2ce26720a,2013
10.1039/c2ce26793d,2013
10.1039/c2ce26836a,2013
10.1039/c2ce26847g,2013
10.1039/c2ce26892b,2013
10.1039/c2ce26940f,2013
10.1039/c2ce26958a,2013
10.1039/c2cp42137b,2012
10.1039/c2cy20577g,2013
10.1039/c2dt00001f,2012
10.1039/c2dt00057a,2012
10.1039/c2dt11473a,2012
10.1039/c2dt11966h,2012
10.1039/c2dt11978a,2012
10.1039/c2dt11989g,2012
10.1039/c2dt11993e,2012
10.1039/c2dt12012g,2012
10.1039/c2dt12017h,2012
10.1039/c2dt12032a,2012
10.1039/c2dt12047j,2012
10.1039/c2dt12059c,2012
10.1039/c2dt12088g,2012
10.1039/c2dt12170k,2012
10.1039/c2dt12192a,2012
10.1039/c2dt12208a,2012
10.1039/c2dt12281b,2012
10.1039/c2dt12346k,2012
10.1039/c2dt12427k,2012
10.1039/c2dt12480g,2012
10.1039/c2dt30174a,2012
10.1039/c2dt30175j,2012
10.1039/c2dt30184a,2012
10.1039/c2dt30277b,2012
10.1039/c2dt30284e,2012
10.1039/c2dt30297g,2012
10.1039/c2dt30362k,2012
10.1039/c2dt30372h,2012
10.1039/c2dt30537b,2012
10.1039/c2dt30649b,2012
10.1039/c2dt30708a,2012
10.1039/c2dt30826f,2012
10.1039/c2dt30944k,2012
10.1039/c2dt31090b,2012
10.1039/c2dt31135f,2012
10.1039/c2dt31329d,2012
10.1039/c2dt31361h,2012
10.1039/c2dt31378b,2012
10.1039/c2dt31457f,2012
10.1039/c2dt31518a,2012
10.1039/c2dt31731a,2013
10.1039/c2dt31779f,2012
10.1039/c2dt31867a,2013
10.1039/c2dt31879b,2012
10.1039/c2dt31917a,2012
10.1039/c2dt31935g,2013
10.1039/c2dt31964k,2013
10.1039/c2dt31977b,2012
10.1039/c2dt32057f,2013
10.1039/c2dt32073h,2013
10.1039/c2dt32138f,2013
10.1039/c2dt32424e,2013
10.1039/c2dt32431h,2013
10.1039/c2dt32641h,2013
10.1039/c2dt32674d,2013
10.1039/c2ee21100a,2012
10.1039/c2ee23201d,2012
10.1039/c2gc35284b,2012
10.1039/c2jm15523k,2012
10.1039/c2jm15601f,2012
10.1039/c2jm15675j,2012
10.1039/c2jm15685g,2012
10.1039/c2jm15966j,2012
10.1039/c2jm16236a,2012
10.1039/c2jm16371c,2012
10.1039/c2jm30389b,2012
10.1039/c2jm30718a,2012
10.1039/c2jm30866e,2012
10.1039/c2jm31441j,2012
10.1039/c2jm31536j,2012
10.1039/c2jm31879b,2012
10.1039/c2jm32066e,2012
10.1039/c2jm32501b,2012
10.1039/c2jm32990e,2012
10.1039/c2jm34102f,2012
10.1039/c2jm34661c,2012
10.1039/c2nj20587d,2012
10.1039/c2nj40447h,2012
10.1039/c2nj40752c,2013
10.1039/c2nr30244f,2012
10.1039/c2ra20093g,2012
10.1039/c2ra20641b,2012
10.1039/c2ra20642k,2012
10.1039/c2ra20730c,2012
10.1039/c2ra21533k,2012
10.1039/c2ra21930a,2012
10.1039/c2ra22550f,2013
10.1039/c2sc20187a,2012
10.1039/c2sc20344h,2012
10.1039/c2sc20344h,2012
10.1039/c2sc20407j,2012
10.1039/c2sc20558k,2012
10.1039/c2ta00030j,2013
10.1039/c2ta00616b,2013
10.1039/c2ta01125e,2013
10.1039/c2tc00428c,2013
10.1039/c2tc00591c,2013
10.1039/c3an00598d,2013
10.1039/c3cc38474h,2013
10.1039/c3cc39190f,2013
10.1039/c3cc39191d,2013
10.1039/c3cc40368h,2013
10.1039/c3cc40635k,2013
10.1039/c3cc41039k,2013
10.1039/c3cc42287a,2013
10.1039/c3cc42601g,2013
10.1039/c3cc42632g,2013
10.1039/c3cc43028f,2013
10.1039/c3cc43277g,2013
10.1039/c3cc43383h,2013
10.1039/c3cc44119a,2013
10.1039/c3cc44193h,2013
10.1039/c3cc44559c,2013
10.1039/c3cc45066j,2013
10.1039/c3cc45310c,2013
10.1039/c3cc46049e,2013
10.1039/c3cc46063k,2013
10.1039/c3cc46105j,2013
10.1039/c3cc46503a,2013
10.1039/c3cc49307e,2014
10.1039/c3cc49666j,2014
10.1039/c3cc49815h,2014
10.1039/c3cc49829h,2014
10.1039/c3ce00009e,2013
10.1039/c3ce00017f,2013
10.1039/c3ce00048f,2013
10.1039/c3ce00049d,2013
10.1039/c3ce00057e,2013
10.1039/c3ce00068k,2013
10.1039/c3ce26435a,2013
10.1039/c3ce26781d,2013
10.1039/c3ce26854c,2013
10.1039/c3ce26864k,2013
10.1039/c3ce26905a,2013
10.1039/c3ce26917e,2013
10.1039/c3ce26998a,2013
10.1039/c3ce27006h,2013
10.1039/c3ce27023h,2013
10.1039/c3ce27049a,2013
10.1039/c3ce27056d,2013
10.1039/c3ce27082c,2013
10.1039/c3ce27108k,2013
10.1039/c3ce27111k,2013
10.1039/c3ce40099a,2013
10.1039/c3ce40109j,2013
10.1039/c3ce40117k,2013
10.1039/c3ce40174j,2013
10.1039/c3ce40179k,2013
10.1039/c3ce40210j,2013
10.1039/c3ce40315g,2013
10.1039/c3ce40416a,2013
10.1039/c3ce40433a,2013
10.1039/c3ce40442k,2013
10.1039/c3ce40445e,2013
10.1039/c3ce40456k,2013
10.1039/c3ce40484f,2013
10.1039/c3ce40528a,2013
10.1039/c3ce40594j,2013
10.1039/c3ce40596f,2013
10.1039/c3ce40599k,2013
10.1039/c3ce40754c,2013
10.1039/c3ce40761f,2013
10.1039/c3ce40782a,2013
10.1039/c3ce40825f,2013
10.1039/c3ce40828k,2013
10.1039/c3ce40847g,2013
10.1039/c3ce40850g,2013
10.1039/c3ce40858b,2013
10.1039/c3ce40864g,2013
10.1039/c3ce40869h,2013
10.1039/c3ce40904j,2013
10.1039/c3ce40910d,2013
10.1039/c3ce40913a,2013
10.1039/c3ce40943k,2013
10.1039/c3ce40946e,2013
10.1039/c3ce40957k,2014
10.1039/c3ce41000e,2013
10.1039/c3ce41008k,2013
10.1039/c3ce41021h,2013
10.1039/c3ce41025k,2013
10.1039/c3ce41033a,2013
10.1039/c3ce41035h,2013
10.1039/c3ce41037d,2013
10.1039/c3ce41056k,2013
10.1039/c3ce41060a,2013
10.1039/c3ce41073k,2013
10.1039/c3ce41080c,2013
10.1039/c3ce41087k,2013
10.1039/c3ce41095a,2013
10.1039/c3ce41103f,2013
10.1039/c3ce41123k,2013
10.1039/c3ce41124a,2013
10.1039/c3ce41143e,2013
10.1039/c3ce41152d,2013
10.1039/c3ce41186a,2013
10.1039/c3ce41213j,2013
10.1039/c3ce41238e,2013
10.1039/c3ce41253a,2013
10.1039/c3ce41260a,2013
10.1039/c3ce41268g,2013
10.1039/c3ce41298a,2013
10.1039/c3ce41332b,2013
10.1039/c3ce41364k,2013
10.1039/c3ce41366g,2013
10.1039/c3ce41370e,2013
10.1039/c3ce41428k,2014
10.1039/c3ce41457d,2013
10.1039/c3ce41462k,2013
10.1039/c3ce41557k,2014
10.1039/c3ce41575a,2013
10.1039/c3ce41612g,2014
10.1039/c3ce41623b,2013
10.1039/c3ce41624k,2014
10.1039/c3ce41632a,2013
10.1039/c3ce41641k,2014
10.1039/c3ce41679h,2013
10.1039/c3ce41706a,2014
10.1039/c3ce41728j,2014
10.1039/c3ce41740a,2013
10.1039/c3ce41764f,2014
10.1039/c3ce41801d,2013
10.1039/c3ce41805g,2014
10.1039/c3ce41821a,2014
10.1039/c3ce41841c,2014
10.1039/c3ce41966e,2014
10.1039/c3ce41996g,2014
10.1039/c3ce42021c,2014
10.1039/c3ce42028k,2014
10.1039/c3ce42040j,2014
10.1039/c3ce42045k,2014
10.1039/c3ce42048e,2014
10.1039/c3ce42127a,2014
10.1039/c3ce42147c,2014
10.1039/c3ce42152j,2014
10.1039/c3ce42189a,2014
10.1039/c3ce42195c,2014
10.1039/c3ce42203h,2014
10.1039/c3ce42208a,2014
10.1039/c3ce42209g,2014
10.1039/c3ce42216j,2014
10.1039/c3ce42260g,2014
10.1039/c3ce42272k,2014
10.1039/c3ce42311e,2014
10.1039/c3ce42339e,2014
10.1039/c3ce42390e,2014
10.1039/c3ce42400f,2014
10.1039/c3ce42426j,2014
10.1039/c3ce42441c,2014
10.1039/c3ce42451k,2014
10.1039/c3ce42477d,2014
10.1039/c3ce42485e,2014
10.1039/c3ce42565g,2014
10.1039/c3ce42625d,2014
10.1039/c3ce42633e,2014
10.1039/c3ce42637h,2014
10.1039/c3ce42648c,2014
10.1039/c3cp50622c,2013
10.1039/c3cy00044c,2013
10.1039/c3cy00503h,2014
10.1039/c3cy01053h,2014
10.1039/c3dt32302a,2013
10.1039/c3dt32355b,2013
10.1039/c3dt32588a,2013
10.1039/c3dt32714k,2013
10.1039/c3dt32846e,2013
10.1039/c3dt33066d,2013
10.1039/c3dt50315a,2013
10.1039/c3dt50532d,2013
10.1039/c3dt50620g,2013
10.1039/c3dt50641j,2013
10.1039/c3dt50664a,2013
10.1039/c3dt50687h,2013
10.1039/c3dt50747e,2013
10.1039/c3dt50782c,2013
10.1039/c3dt50787d,2013
10.1039/c3dt50845e,2013
10.1039/c3dt51104a,2013
10.1039/c3dt51114f,2013
10.1039/c3dt51241j,2013
10.1039/c3dt51326b,2013
10.1039/c3dt51509e,2013
10.1039/c3dt51574e,2013
10.1039/c3dt51610e,2013
10.1039/c3dt51736e,2014
10.1039/c3dt51747k,2013
10.1039/c3dt51905h,2013
10.1039/c3dt52001c,2013
10.1039/c3dt52103f,2013
10.1039/c3dt52159a,2014
10.1039/c3dt52178h,2013
10.1039/c3dt52190g,2013
10.1039/c3dt52266k,2014
10.1039/c3dt52330f,2013
10.1039/c3dt52384e,2014
10.1039/c3dt52430b,2014
10.1039/c3dt52500g,2014
10.1039/c3dt52546e,2014
10.1039/c3dt52579a,2014
10.1039/c3dt52796d,2014
10.1039/c3dt52830h,2014
10.1039/c3dt52839a,2014
10.1039/c3dt52888j,2014
10.1039/c3dt52910j,2014
10.1039/c3dt52977k,2014
10.1039/c3dt52992d,2014
10.1039/c3dt53109k,2014
10.1039/c3dt53112k,2014
10.1039/c3dt53167h,2014
10.1039/c3dt53191k,2014
10.1039/c3dt53379d,2014
10.1039/c3dt53415d,2014
10.1039/c3dt53424c,2014
10.1039/c3dt53504e,2014
10.1039/c3dt53543f,2014
10.1039/c3ee24506c,2013
10.1039/c3ee40876k,2013
10.1039/c3ee41548a,2013
10.1039/c3ee41906a,2013
10.1039/c3ee42548g,2013
10.1039/c3ee42918k,2014
10.1039/c3gc40520f,2013
10.1039/c3gc41370e,2014
10.1039/c3gc41833b,2014
10.1039/c3gc41988f,2014
10.1039/c3nj00023k,2013
10.1039/c3nj00090g,2013
10.1039/c3nj00669g,2013
10.1039/c3nj00700f,2013
10.1039/c3nj00738c,2013
10.1039/c3nj01198d,2014
10.1039/c3nj01218b,2014
10.1039/c3nj01371e,2014
10.1039/c3nj41064a,2013
10.1039/c3nr04390h,2014
10.1039/c3nr05289c,2014
10.1039/c3ob42548g,2014
10.1039/c3pp50346a,2014
10.1039/c3qi00042g,2014
10.1039/c3qi00045a,2014
10.1039/c3qi00083d,2014
10.1039/c3qi00093a,2014
10.1039/c3ra23443f,2013
10.1039/c3ra40741a,2013
10.1039/c3ra41219a,2013
10.1039/c3ra42033g,2013
10.1039/c3ra42519c,2013
10.1039/c3ra43118e,2013
10.1039/c3ra43188f,2013
10.1039/c3ra43405b,2013
10.1039/c3ra45082a,2014
10.1039/c3ra45411h,2014
10.1039/c3ra46706f,2014
10.1039/c3ra46709k,2014
10.1039/c3ra47303a,2014
10.1039/c3sc00033h,2013
10.1039/c3sc21659d,2013
10.1039/c3sc50155h,2013
10.1039/c3sc51336j,2013
10.1039/c3sc51379c,2013
10.1039/c3sc51815a,2014
10.1039/c3sc52061g,2013
10.1039/c3sc52633j,2014
10.1039/c3sc52666f,2014
10.1039/c3ta10419b,2013
10.1039/c3ta10438a,2013
10.1039/c3ta10766c,2013
10.1039/c3ta11483j,2013
10.1039/c3ta11517h,2013
10.1039/c3ta11548h,2013
10.1039/c3ta11604b,2013
10.1039/c3ta11925d,2013
10.1039/c3ta12324c,2013
10.1039/c3ta12476b,2013
10.1039/c3ta13114a,2013
10.1039/c3ta13242k,2013
10.1039/c3ta14017b,2014
10.1039/c3ta14058j,2014
10.1039/c3ta14267a,2014
10.1039/c3ta14409g,2013
10.1039/c3ta14489e,2014
10.1039/c3ta15058e,2014
10.1039/c3ta15065h,2014
10.1039/c3ta15071b,2014
10.1039/c3tb00257h,2013
10.1039/c3tb20814a,2013
10.1039/c3tb20832j,2014
10.1039/c3tb21592j,2014
10.1039/c3tb21707h,2014
10.1039/c3tc32114b,2014
10.1039/c4an01773k,2015
10.1039/c4cc00408f,2014
10.1039/c4cc00524d,2014
10.1039/c4cc00771a,2014
10.1039/c4cc00900b,2014
10.1039/c4cc01253d,2014
10.1039/c4cc01914h,2014
10.1039/c4cc01978d,2014
10.1039/c4cc02818j,2014
10.1039/c4cc02909g,2014
10.1039/c4cc03588g,2014
10.1039/c4cc03764b,2014
10.1039/c4cc03810j,2014
10.1039/c4cc04387a,2014
10.1039/c4cc05222f,2014
10.1039/c4cc05727a,2015
10.1039/c4cc05742b,2014
10.1039/c4cc05941g,2014
10.1039/c4cc06491g,2014
10.1039/c4cc06568a,2014
10.1039/c4cc06699e,2015
10.1039/c4cc06967f,2014
10.1039/c4cc09041a,2015
10.1039/c4cc09410g,2015
10.1039/c4cc09479d,2015
10.1039/c4cc09694k,2015
10.1039/c4cc09872b,2015
10.1039/c4cc09917f,2015
10.1039/c4cc09955a,2015
10.1039/c4cc09986a,2015
10.1039/c4cc09988e,2015
10.1039/c4cc10035b,2015
10.1039/c4ce00093e,2014
10.1039/c4ce00098f,2014
10.1039/c4ce00105b,2014
10.1039/c4ce00147h,2014
10.1039/c4ce00158c,2014
10.1039/c4ce00181h,2014
10.1039/c4ce00212a,2014
10.1039/c4ce00219a,2014
10.1039/c4ce00224e,2014
10.1039/c4ce00300d,2014
10.1039/c4ce00321g,2014
10.1039/c4ce00355a,2014
10.1039/c4ce00408f,2015
10.1039/c4ce00417e,2014
10.1039/c4ce00461b,2014
10.1039/c4ce00465e,2014
10.1039/c4ce00480a,2014
10.1039/c4ce00526k,2014
10.1039/c4ce00532e,2014
10.1039/c4ce00573b,2014
10.1039/c4ce00597j,2014
10.1039/c4ce00662c,2014
10.1039/c4ce00664j,2014
10.1039/c4ce00760c,2014
10.1039/c4ce00835a,2014
10.1039/c4ce00858h,2014
10.1039/c4ce00885e,2015
10.1039/c4ce00923a,2014
10.1039/c4ce00927d,2014
10.1039/c4ce00947a,2014
10.1039/c4ce01059k,2014
10.1039/c4ce01095g,2014
10.1039/c4ce01184h,2014
10.1039/c4ce01201a,2014
10.1039/c4ce01225a,2014
10.1039/c4ce01243g,2014
10.1039/c4ce01270d,2014
10.1039/c4ce01356e,2014
10.1039/c4ce01390e,2014
10.1039/c4ce01402b,2015
10.1039/c4ce01414f,2014
10.1039/c4ce01457j,2015
10.1039/c4ce01503g,2014
10.1039/c4ce01505c,2014
10.1039/c4ce01512f,2015
10.1039/c4ce01545b,2014
10.1039/c4ce01581a,2014
10.1039/c4ce01583e,2015
10.1039/c4ce01635a,2014
10.1039/c4ce01672f,2015
10.1039/c4ce01722f,2014
10.1039/c4ce01734j,2014
10.1039/c4ce01779j,2015
10.1039/c4ce01783h,2015
10.1039/c4ce01802h,2015
10.1039/c4ce01837k,2015
10.1039/c4ce01856g,2015
10.1039/c4ce01929f,2015
10.1039/c4ce01959h,2014
10.1039/c4ce02064b,2015
10.1039/c4ce02121e,2015
10.1039/c4ce02141j,2015
10.1039/c4ce02148g,2015
10.1039/c4ce02150a,2015
10.1039/c4ce02163k,2015
10.1039/c4ce02204a,2015
10.1039/c4ce02248c,2015
10.1039/c4ce02322f,2015
10.1039/c4ce02324b,2015
10.1039/c4ce02333a,2015
10.1039/c4ce02347a,2015
10.1039/c4ce02415j,2015
10.1039/c4ce02419b,2015
10.1039/c4ce02457e,2015
10.1039/c4ce02465f,2015
10.1039/c4ce02531h,2015
10.1039/c4ce02551b,2015
10.1039/c4ce02555e,2015
10.1039/c4cp02428a,2015
10.1039/c4cp05328a,2015
10.1039/c4cy00152d,2014
10.1039/c4cy00488d,2014
10.1039/c4dt00228h,2014
10.1039/c4dt00456f,2014
10.1039/c4dt00531g,2014
10.1039/c4dt00575a,2014
10.1039/c4dt00659c,2014
10.1039/c4dt00908h,2014
10.1039/c4dt00987h,2014
10.1039/c4dt00996g,2014
10.1039/c4dt01022a,2014
10.1039/c4dt01080a,2014
10.1039/c4dt01431f,2014
10.1039/c4dt01535e,2014
10.1039/c4dt01575d,2014
10.1039/c4dt01678e,2015
10.1039/c4dt01722f,2014
10.1039/c4dt01793e,2014
10.1039/c4dt01877j,2014
10.1039/c4dt01880j,2014
10.1039/c4dt02042a,2014
10.1039/c4dt02045f,2014
10.1039/c4dt02047b,2015
10.1039/c4dt02316a,2015
10.1039/c4dt02338b,2014
10.1039/c4dt02342k,2014
10.1039/c4dt02428a,2014
10.1039/c4dt02440k,2015
10.1039/c4dt02486a,2015
10.1039/c4dt02491e,2015
10.1039/c4dt02516d,2014
10.1039/c4dt02517b,2014
10.1039/c4dt02590c,2014
10.1039/c4dt02606c,2015
10.1039/c4dt02661f,2015
10.1039/c4dt02714k,2015
10.1039/c4dt02722a,2014
10.1039/c4dt02821j,2015
10.1039/c4dt02999b,2015
10.1039/c4dt03087g,2015
10.1039/c4dt03172e,2015
10.1039/c4dt03183k,2015
10.1039/c4dt03379e,2015
10.1039/c4dt03468f,2015
10.1039/c4dt03518f,2015
10.1039/c4dt03625e,2015
10.1039/c4dt03643c,2015
10.1039/c4dt03794d,2015
10.1039/c4dt03868a,2015
10.1039/c4dt03927k,2015
10.1039/c4dt03950e,2015
10.1039/c4dt04013a,2015
10.1039/c4ee00143e,2014
10.1039/c4ee01009d,2014
10.1039/c4ee03515a,2015
10.1039/c4gc00313f,2014
10.1039/c4gc01861c,2015
10.1039/c4nj00349g,2014
10.1039/c4nj00411f,2014
10.1039/c4nj00878b,2014
10.1039/c4nj01312c,2015
10.1039/c4nj01499e,2015
10.1039/c4nj01506a,2015
10.1039/c4nj02356k,2015
10.1039/c4nj02371d,2015
10.1039/c4nr03424d,2014
10.1039/c4nr06567k,2015
10.1039/c4nr06640e,2015
10.1039/c4qi00032c,2014
10.1039/c4qi00043a,2014
10.1039/c4qi00077c,2014
10.1039/c4qi00100a,2014
10.1039/c4qi00116h,2014
10.1039/c4qi00129j,2015
10.1039/c4qi00148f,2015
10.1039/c4qi00149d,2015
10.1039/c4qi00208c,2015
10.1039/c4qi00209a,2015
10.1039/c4qi00215f,2015
10.1039/c4qi00220b,2015
10.1039/c4ra00180j,2014
10.1039/c4ra00531g,2014
10.1039/c4ra01269k,2014
10.1039/c4ra01886a,2014
10.1039/c4ra02147a,2014
10.1039/c4ra02291b,2014
10.1039/c4ra02609h,2014
10.1039/c4ra02610a,2014
10.1039/c4ra02683g,2014
10.1039/c4ra02872d,2014
10.1039/c4ra03077j,2014
10.1039/c4ra03129f,2014
10.1039/c4ra03593c,2014
10.1039/c4ra03928a,2014
10.1039/c4ra03976a,2014
10.1039/c4ra04257c,2014
10.1039/c4ra04707a,2014
10.1039/c4ra05182c,2014
10.1039/c4ra05192k,2014
10.1039/c4ra05402d,2014
10.1039/c4ra05407e,2014
10.1039/c4ra05515b,2014
10.1039/c4ra05704j,2014
10.1039/c4ra06522k,2014
10.1039/c4ra06629d,2014
10.1039/c4ra07133f,2014
10.1039/c4ra07542k,2014
10.1039/c4ra07566h,2014
10.1039/c4ra07598f,2015
10.1039/c4ra08138b,2014
10.1039/c4ra08856e,2014
10.1039/c4ra09033k,2015
10.1039/c4ra09186h,2014
10.1039/c4ra09263e,2015
10.1039/c4ra09387a,2014
10.1039/c4ra09505g,2014
10.1039/c4ra09626f,2014
10.1039/c4ra09743b,2014
10.1039/c4ra09883h,2015
10.1039/c4ra10039e,2014
10.1039/c4ra10260f,2015
10.1039/c4ra11652f,2014
10.1039/c4ra12263a,2015
10.1039/c4ra12714e,2015
10.1039/c4ra12783h,2015
10.1039/c4ra13501f,2015
10.1039/c4ra13533d,2015
10.1039/c4ra13924k,2015
10.1039/c4ra14658a,2015
10.1039/c4ra14728f,2015
10.1039/c4ra14853c,2015
10.1039/c4ra15161e,2015
10.1039/c4ra15257c,2015
10.1039/c4ra16168h,2015
10.1039/c4ra16180g,2015
10.1039/c4ra16237d,2015
10.1039/c4ra16441e,2015
10.1039/c4ra16800c,2015
10.1039/c4sc01847h,2014
10.1039/c4sc03217a,2015
10.1039/c4ta01231c,2014
10.1039/c4ta01749h,2014
10.1039/c4ta02568g,2014
10.1039/c4ta02984d,2014
10.1039/c4ta03154g,2014
10.1039/c4ta03992k,2015
10.1039/c4ta04235b,2015
10.1039/c4ta04311a,2014
10.1039/c4ta04393f,2014
10.1039/c4ta04622f,2015
10.1039/c4ta04907a,2015
10.1039/c4ta05501b,2015
10.1039/c4ta05638h,2015
10.1039/c4ta06039c,2015
10.1039/c4ta06671e,2015
10.1039/c4ta06763k,2015
10.1039/c4ta06820c,2015
10.1039/c4ta07197b,2015
10.1039/c4tc00902a,2014
10.1039/c4tc01136h,2014
10.1039/c4tc01551g,2014
10.1039/c4tc02512a,2015
10.1039/c4tc02559h,2015
10.1039/c4tc02893g,2015
10.1039/c5an00079c,2015
10.1039/c5ay02188j,2015
10.1039/c5cc00250h,2015
10.1039/c5cc00366k,2015
10.1039/c5cc00733j,2015
10.1039/c5cc01072a,2015
10.1039/c5cc01701g,2015
10.1039/c5cc01789k,2015
10.1039/c5cc01908g,2015
10.1039/c5cc02539g,2015
10.1039/c5cc02606g,2015
10.1039/c5cc03027g,2015
10.1039/c5cc03357h,2015
10.1039/c5cc03398e,2015
10.1039/c5cc03469h,2015
10.1039/c5cc03670d,2015
10.1039/c5cc03934g,2015
10.1039/c5cc04009d,2015
10.1039/c5cc04487a,2015
10.1039/c5cc04636j,2015
10.1039/c5cc04808g,2015
10.1039/c5cc04928h,2015
10.1039/c5cc05136c,2015
10.1039/c5cc05181a,2015
10.1039/c5cc05985b,2015
10.1039/c5cc06311f,2015
10.1039/c5cc06694h,2015
10.1039/c5cc06767g,2015
10.1039/c5cc07042b,2016
10.1039/c5cc07577g,2016
10.1039/c5cc07781h,2016
10.1039/c5cc08374e,2016
10.1039/c5cc08450d,2016
10.1039/c5cc08972g,2016
10.1039/c5cc09308b,2016
10.1039/c5cc09459c,2016
10.1039/c5ce00004a,2015
10.1039/c5ce00009b,2015
10.1039/c5ce00015g,2015
10.1039/c5ce00078e,2015
10.1039/c5ce00126a,2015
10.1039/c5ce00181a,2015
10.1039/c5ce00211g,2015
10.1039/c5ce00237k,2015
10.1039/c5ce00324e,2015
10.1039/c5ce00326a,2015
10.1039/c5ce00341e,2015
10.1039/c5ce00378d,2015
10.1039/c5ce00411j,2015
10.1039/c5ce00430f,2015
10.1039/c5ce00461f,2015
10.1039/c5ce00462d,2015
10.1039/c5ce00522a,2015
10.1039/c5ce00539f,2015
10.1039/c5ce00590f,2015
10.1039/c5ce00618j,2015
10.1039/c5ce00674k,2015
10.1039/c5ce00710k,2015
10.1039/c5ce00713e,2015
10.1039/c5ce00729a,2015
10.1039/c5ce00767d,2015
10.1039/c5ce00776c,2015
10.1039/c5ce00807g,2015
10.1039/c5ce00833f,2015
10.1039/c5ce00848d,2015
10.1039/c5ce00862j,2015
10.1039/c5ce00886g,2015
10.1039/c5ce00887e,2015
10.1039/c5ce00903k,2015
10.1039/c5ce01094b,2015
10.1039/c5ce01123j,2015
10.1039/c5ce01157d,2015
10.1039/c5ce01192b,2015
10.1039/c5ce01248a,2015
10.1039/c5ce01302j,2015
10.1039/c5ce01375e,2015
10.1039/c5ce01423a,2015
10.1039/c5ce01452b,2015
10.1039/c5ce01454a,2015
10.1039/c5ce01533b,2015
10.1039/c5ce01658d,2016
10.1039/c5ce01718a,2015
10.1039/c5ce01725d,2015
10.1039/c5ce01740h,2015
10.1039/c5ce01815c,2016
10.1039/c5ce01843a,2015
10.1039/c5ce01857a,2015
10.1039/c5ce01864a,2016
10.1039/c5ce01948f,2016
10.1039/c5ce01952d,2016
10.1039/c5ce01995h,2016
10.1039/c5ce02036k,2016
10.1039/c5ce02091c,2016
10.1039/c5ce02094h,2016
10.1039/c5ce02141c,2016
10.1039/c5ce02228b,2016
10.1039/c5ce02254a,2016
10.1039/c5ce02277k,2016
10.1039/c5ce02297e,2016
10.1039/c5ce02413g,2016
10.1039/c5ce02462e,2016
10.1039/c5ce02473k,2016
10.1039/c5ce02492g,2016
10.1039/c5ce02520f,2016
10.1039/c5ce02526e,2016
10.1039/c5ce02540k,2016
10.1039/c5ce02549d,2016
10.1039/c5cp00002e,2015
10.1039/c5cp05426e,2016
10.1039/c5cy01099c,2016
10.1039/c5cy01145k,2016
10.1039/c5cy01448d,2016
10.1039/c5cy01847a,2016
10.1039/c5cy02191j,2016
10.1039/c5dt00011d,2015
10.1039/c5dt00167f,2015
10.1039/c5dt00281h,2015
10.1039/c5dt00412h,2015
10.1039/c5dt00420a,2015
10.1039/c5dt00421g,2015
10.1039/c5dt00430f,2015
10.1039/c5dt00521c,2015
10.1039/c5dt00577a,2015
10.1039/c5dt00578g,2015
10.1039/c5dt00606f,2015
10.1039/c5dt00903k,2015
10.1039/c5dt00909j,2015
10.1039/c5dt00996k,2015
10.1039/c5dt01100k,2015
10.1039/c5dt01137j,2015
10.1039/c5dt01151e,2015
10.1039/c5dt01183c,2015
10.1039/c5dt01206f,2015
10.1039/c5dt01233c,2015
10.1039/c5dt01454a,2015
10.1039/c5dt01569c,2015
10.1039/c5dt01595b,2015
10.1039/c5dt01598g,2015
10.1039/c5dt01673h,2015
10.1039/c5dt01682g,2015
10.1039/c5dt01769f,2015
10.1039/c5dt01770j,2015
10.1039/c5dt01838b,2015
10.1039/c5dt01894c,2015
10.1039/c5dt01928a,2015
10.1039/c5dt02054a,2015
10.1039/c5dt02147b,2015
10.1039/c5dt02170g,2015
10.1039/c5dt02176f,2015
10.1039/c5dt02276b,2015
10.1039/c5dt02280k,2015
10.1039/c5dt02323h,2015
10.1039/c5dt02354h,2015
10.1039/c5dt02379c,2015
10.1039/c5dt02437d,2016
10.1039/c5dt02458g,2015
10.1039/c5dt02541a,2016
10.1039/c5dt02624e,2015
10.1039/c5dt02625c,2015
10.1039/c5dt02627j,2015
10.1039/c5dt02636a,2015
10.1039/c5dt02672e,2015
10.1039/c5dt02774h,2015
10.1039/c5dt03026a,2015
10.1039/c5dt03091a,2016
10.1039/c5dt03094c,2015
10.1039/c5dt03111g,2015
10.1039/c5dt03137k,2015
10.1039/c5dt03195h,2015
10.1039/c5dt03228h,2016
10.1039/c5dt03286e,2016
10.1039/c5dt03344f,2015
10.1039/c5dt03359d,2015
10.1039/c5dt03375f,2016
10.1039/c5dt03397g,2015
10.1039/c5dt03476k,2016
10.1039/c5dt03498a,2016
10.1039/c5dt03504j,2016
10.1039/c5dt03658e,2016
10.1039/c5dt03705k,2015
10.1039/c5dt03738g,2015
10.1039/c5dt03856a,2016
10.1039/c5dt03955j,2016
10.1039/c5dt04033g,2016
10.1039/c5dt04122h,2016
10.1039/c5dt04586j,2016
10.1039/c5dt04759e,2016
10.1039/c5dt04773k,2016
10.1039/c5dt04805b,2016
10.1039/c5dt04953a,2016
10.1039/c5dt05002b,2016
10.1039/c5dt05023e,2016
10.1039/c5dt05060j,2016
10.1039/c5gc00378d,2015
10.1039/c5gc01763g,2016
10.1039/c5gc02153g,2016
10.1039/c5nj00153f,2015
10.1039/c5nj00173k,2015
10.1039/c5nj00330j,2015
10.1039/c5nj00632e,2015
10.1039/c5nj00706b,2015
10.1039/c5nj00736d,2015
10.1039/c5nj01223f,2015
10.1039/c5nj01417d,2015
10.1039/c5nj01930c,2015
10.1039/c5nj02411k,2016
10.1039/c5nj02630j,2016
10.1039/c5nj02634b,2016
10.1039/c5nj03001c,2016
10.1039/c5nj03257a,2016
10.1039/c5nr00257e,2015
10.1039/c5nr00299k,2015
10.1039/c5qi00016e,2015
10.1039/c5qi00135h,2015
10.1039/c5qi00157a,2015
10.1039/c5qi00241a,2016
10.1039/c5qi00272a,2016
10.1039/c5ra00147a,2015
10.1039/c5ra00728c,2015
10.1039/c5ra01172h,2015
10.1039/c5ra01183c,2015
10.1039/c5ra01890k,2015
10.1039/c5ra02004b,2015
10.1039/c5ra02882e,2015
10.1039/c5ra03286e,2015
10.1039/c5ra03710g,2015
10.1039/c5ra03986j,2015
10.1039/c5ra04033g,2015
10.1039/c5ra04381f,2015
10.1039/c5ra04446d,2015
10.1039/c5ra04559b,2015
10.1039/c5ra05546f,2015
10.1039/c5ra05950j,2015
10.1039/c5ra06308f,2015
10.1039/c5ra07371e,2015
10.1039/c5ra07972a,2015
10.1039/c5ra08350h,2015
10.1039/c5ra08996d,2015
10.1039/c5ra09339b,2015
10.1039/c5ra09529h,2015
10.1039/c5ra09792d,2015
10.1039/c5ra10459a,2015
10.1039/c5ra10799g,2015
10.1039/c5ra10805e,2015
10.1039/c5ra11418g,2015
10.1039/c5ra11686d,2015
10.1039/c5ra13102b,2015
10.1039/c5ra13149a,2015
10.1039/c5ra13582f,2015
10.1039/c5ra14267a,2015
10.1039/c5ra14948g,2015
10.1039/c5ra15397b,2015
10.1039/c5ra15576b,2015
10.1039/c5ra15663g,2015
10.1039/c5ra16112f,2015
10.1039/c5ra16879a,2015
10.1039/c5ra16908a,2015
10.1039/c5ra17615h,2015
10.1039/c5ra18557b,2016
10.1039/c5ra19013d,2016
10.1039/c5ra19086j,2016
10.1039/c5ra19376a,2015
10.1039/c5ra19936k,2015
10.1039/c5ra20443g,2016
10.1039/c5ra21069k,2015
10.1039/c5ra21557a,2015
10.1039/c5ra21828d,2015
10.1039/c5ra22175g,2015
10.1039/c5ra22184f,2015
10.1039/c5ra23132a,2016
10.1039/c5ra23134e,2016
10.1039/c5ra23147g,2016
10.1039/c5ra23754h,2016
10.1039/c5ra23830g,2016
10.1039/c5ra24357b,2016
10.1039/c5ra24596f,2016
10.1039/c5ra24915e,2016
10.1039/c5ra25238e,2016
10.1039/c5ra25465e,2016
10.1039/c5ra25689e,2016
10.1039/c5ra26097c,2016
10.1039/c5ra26283f,2016
10.1039/c5ra26357c,2016
10.1039/c5ra27368d,2016
10.1039/c5ra27826k,2016
10.1039/c5ra28135k,2016
10.1039/c5sc00614g,2015
10.1039/c5sc02214b,2016
10.1039/c5ta00030k,2015
10.1039/c5ta00280j,2015
10.1039/c5ta00302d,2015
10.1039/c5ta00322a,2015
10.1039/c5ta01178g,2015
10.1039/c5ta01484k,2015
10.1039/c5ta02092a,2015
10.1039/c5ta02320c,2015
10.1039/c5ta02860d,2015
10.1039/c5ta04241k,2015
10.1039/c5ta04923g,2015
10.1039/c5ta05481h,2015
10.1039/c5ta05688h,2015
10.1039/c5ta06702b,2015
10.1039/c5ta06838j,2015
10.1039/c5ta07026k,2015
10.1039/c5ta09349j,2016
10.1039/c5ta09979j,2016
10.1039/c5ta10401g,2016
10.1039/c5tb01814e,2015
10.1039/c5tc04002g,2016
10.1039/c6an02344d,2017
10.1039/c6cc00056h,2016
10.1039/c6cc00534a,2016
10.1039/c6cc00576d,2016
10.1039/c6cc00659k,2016
10.1039/c6cc00862c,2016
10.1039/c6cc01048b,2016
10.1039/c6cc01357k,2016
10.1039/c6cc01407k,2016
10.1039/c6cc01597b,2016
10.1039/c6cc02517j,2016
10.1039/c6cc02931k,2016
10.1039/c6cc03190k,2016
10.1039/c6cc03198f,2016
10.1039/c6cc03264h,2016
10.1039/c6cc04525a,2016
10.1039/c6cc04583a,2016
10.1039/c6cc05154e,2016
10.1039/c6cc05433a,2016
10.1039/c6cc05699g,2016
10.1039/c6cc06287c,2016
10.1039/c6cc06589a,2016
10.1039/c6cc06943f,2016
10.1039/c6cc07094a,2017
10.1039/c6cc07321b,2016
10.1039/c6cc08746a,2017
10.1039/c6cc09680h,2017
10.1039/c6cc10225e,2017
10.1039/c6ce00006a,2016
10.1039/c6ce00023a,2016
10.1039/c6ce00087h,2016
10.1039/c6ce00101g,2016
10.1039/c6ce00169f,2016
10.1039/c6ce00198j,2016
10.1039/c6ce00244g,2016
10.1039/c6ce00273k,2016
10.1039/c6ce00299d,2016
10.1039/c6ce00308g,2016
10.1039/c6ce00312e,2016
10.1039/c6ce00321d,2016
10.1039/c6ce00358c,2016
10.1039/c6ce00465b,2016
10.1039/c6ce00483k,2016
10.1039/c6ce00497k,2016
10.1039/c6ce00587j,2016
10.1039/c6ce00600k,2016
10.1039/c6ce00612d,2016
10.1039/c6ce00625f,2016
10.1039/c6ce00637j,2016
10.1039/c6ce00658b,2016
10.1039/c6ce00674d,2016
10.1039/c6ce00681g,2016
10.1039/c6ce00818f,2016
10.1039/c6ce00885b,2016
10.1039/c6ce00960c,2016
10.1039/c6ce01027j,2016
10.1039/c6ce01076h,2016
10.1039/c6ce01164k,2016
10.1039/c6ce01166g,2016
10.1039/c6ce01258b,2016
10.1039/c6ce01270a,2016
10.1039/c6ce01273f,2016
10.1039/c6ce01275b,2016
10.1039/c6ce01287f,2016
10.1039/c6ce01457g,2016
10.1039/c6ce01513a,2016
10.1039/c6ce01522k,2016
10.1039/c6ce01549b,2016
10.1039/c6ce01580h,2016
10.1039/c6ce01585a,2016
10.1039/c6ce01594h,2016
10.1039/c6ce01709f,2016
10.1039/c6ce01790h,2016
10.1039/c6ce01842d,2016
10.1039/c6ce01869f,2016
10.1039/c6ce02115h,2017
10.1039/c6ce02246d,2017
10.1039/c6ce02353c,2017
10.1039/c6ce02384c,2017
10.1039/c6ce02436j,2017
10.1039/c6ce02476a,2017
10.1039/c6ce02493a,2017
10.1039/c6ce02621d,2017
10.1039/c6ce02664h,2017
10.1039/c6cp02001a,2016
10.1039/c6cp07801j,2017
10.1039/c6cy00054a,2016
10.1039/c6cy00915h,2016
10.1039/c6dt00189k,2016
10.1039/c6dt00325g,2016
10.1039/c6dt00349d,2016
10.1039/c6dt00568c,2016
10.1039/c6dt00641h,2016
10.1039/c6dt00860g,2016
10.1039/c6dt01121g,2016
10.1039/c6dt01157h,2016
10.1039/c6dt01179a,2016
10.1039/c6dt01211f,2016
10.1039/c6dt01282e,2016
10.1039/c6dt01288d,2016
10.1039/c6dt01355d,2016
10.1039/c6dt01378c,2016
10.1039/c6dt01690a,2016
10.1039/c6dt01696k,2016
10.1039/c6dt01852a,2016
10.1039/c6dt02139e,2016
10.1039/c6dt02195f,2016
10.1039/c6dt02216b,2016
10.1039/c6dt02264b,2016
10.1039/c6dt02312f,2016
10.1039/c6dt02320g,2016
10.1039/c6dt02640k,2016
10.1039/c6dt02646j,2016
10.1039/c6dt02764d,2016
10.1039/c6dt02893d,2016
10.1039/c6dt02895k,2016
10.1039/c6dt03094g,2016
10.1039/c6dt03139k,2016
10.1039/c6dt03237k,2016
10.1039/c6dt03270b,2016
10.1039/c6dt03358j,2016
10.1039/c6dt03632e,2016
10.1039/c6dt03755k,2017
10.1039/c6dt03852b,2016
10.1039/c6dt03930h,2016
10.1039/c6dt03969c,2017
10.1039/c6dt04059d,2017
10.1039/c6dt04270h,2017
10.1039/c6dt04675d,2017
10.1039/c6dt04745a,2017
10.1039/c6dt04778e,2017
10.1039/c6dt04884f,2017
10.1039/c6dt04900a,2017
10.1039/c6gc00413j,2016
10.1039/c6gc01648k,2016
10.1039/c6nj00065g,2016
10.1039/c6nj00480f,2016
10.1039/c6nj00822d,2016
10.1039/c6nj00868b,2016
10.1039/c6nj01015f,2016
10.1039/c6nj01989g,2016
10.1039/c6nj02863b,2017
10.1039/c6nj03672d,2017
10.1039/c6nj03912j,2017
10.1039/c6nj03943j,2017
10.1039/c6nr05463c,2016
10.1039/c6nr05639c,2016
10.1039/c6nr06330f,2016
10.1039/c6qi00137h,2016
10.1039/c6qi00381h,2017
10.1039/c6qi00441e,2017
10.1039/c6qi00506c,2017
10.1039/c6qm00364h,2017
10.1039/c6ra00378h,2016
10.1039/c6ra00463f,2016
10.1039/c6ra00852f,2016
10.1039/c6ra00909c,2016
10.1039/c6ra01617k,2016
10.1039/c6ra01971d,2016
10.1039/c6ra02575g,2016
10.1039/c6ra04465d,2016
10.1039/c6ra07567c,2016
10.1039/c6ra07769b,2016
10.1039/c6ra08419b,2016
10.1039/c6ra09438d,2016
10.1039/c6ra09733b,2016
10.1039/c6ra11917d,2016
10.1039/c6ra12410k,2016
10.1039/c6ra13014c,2016
10.1039/c6ra13242a,2016
10.1039/c6ra13646j,2016
10.1039/c6ra14268k,2016
10.1039/c6ra14365b,2016
10.1039/c6ra14896d,2016
10.1039/c6ra16549d,2016
10.1039/c6ra16784e,2016
10.1039/c6ra17518j,2016
10.1039/c6ra17756e,2016
10.1039/c6ra17824c,2016
10.1039/c6ra17898g,2016
10.1039/c6ra18428f,2016
10.1039/c6ra18480d,2016
10.1039/c6ra19170c,2016
10.1039/c6ra19403f,2016
10.1039/c6ra19437k,2016
10.1039/c6ra20434a,2016
10.1039/c6ra20767g,2016
10.1039/c6ra21185b,2016
10.1039/c6ra21320k,2016
10.1039/c6ra21382k,2016
10.1039/c6ra22001k,2016
10.1039/c6ra22738d,2016
10.1039/c6ra22761a,2016
10.1039/c6ra22836d,2016
10.1039/c6ra22875e,2016
10.1039/c6ra22971a,2016
10.1039/c6ra23143h,2016
10.1039/c6ra23947a,2016
10.1039/c6ra24429g,2016
10.1039/c6ra24574a,2016
10.1039/c6ra25156k,2017
10.1039/c6ra25396b,2017
10.1039/c6ra25481k,2017
10.1039/c6ra25820d,2017
10.1039/c6ra26642h,2017
10.1039/c6ra26646k,2017
10.1039/c6ra26855b,2017
10.1039/c6ra26966d,2017
10.1039/c6ra26997d,2017
10.1039/c6ra27069g,2017
10.1039/c6ra27509e,2017
10.1039/c6ra28124a,2017
10.1039/c6ra28153b,2017
10.1039/c6ra28361f,2017
10.1039/c6ra28833b,2017
10.1039/c6re00065g,2016
10.1039/c6sc01412g,2017
10.1039/c6sc01477a,2016
10.1039/c6sc02272c,2016
10.1039/c6sc04357g,2017
10.1039/c6sc04478f,2017
10.1039/c6sc05079d,2017
10.1039/c6sc05341f,2017
10.1039/c6sc05602d,2017
10.1039/c6ta00343e,2016
10.1039/c6ta01899h,2016
10.1039/c6ta03314h,2016
10.1039/c6ta03675a,2016
10.1039/c6ta04160d,2016
10.1039/c6ta04342a,2016
10.1039/c6ta04623a,2016
10.1039/c6ta04917f,2016
10.1039/c6ta04927c,2016
10.1039/c6ta06176a,2016
10.1039/c6ta06403e,2016
10.1039/c6ta06792a,2016
10.1039/c6ta07076k,2017
10.1039/c6ta07330a,2016
10.1039/c6ta10019h,2017
10.1039/c6ta10152f,2017
10.1039/c6ta11242k,2017
10.1039/c6tb03230c,2017
10.1039/c6tb03321k,2017
10.1039/c6tc01297c,2016
10.1039/c6tc01511e,2016
10.1039/c6tc02401g,2016
10.1039/c6tc03496a,2016
10.1039/c6tc04099c,2017
10.1039/c6tc04851j,2017
10.1039/c6tc05314a,2017
10.1039/c6tc05349a,2017
10.1039/c7cc00189d,2017
10.1039/c7cc00702g,2017
10.1039/c7cc00726d,2017
10.1039/c7cc02130e,2017
10.1039/c7cc02243c,2017
10.1039/c7cc03105j,2017
10.1039/c7cc03333h,2017
10.1039/c7cc03345a,2017
10.1039/c7cc03428h,2017
10.1039/c7cc04222a,2017
10.1039/c7cc04277a,2017
10.1039/c7cc04313a,2017
10.1039/c7cc05221a,2017
10.1039/c7cc05741e,2017
10.1039/c7cc06054h,2017
10.1039/c7cc06535c,2018
10.1039/c7cc07698c,2018
10.1039/c7cc08200b,2018
10.1039/c7cc08630j,2018
10.1039/c7cc09602j,2018
10.1039/c7ce00071e,2017
10.1039/c7ce00108h,2017
10.1039/c7ce00149e,2017
10.1039/c7ce00212b,2017
10.1039/c7ce00219j,2017
10.1039/c7ce00234c,2017
10.1039/c7ce00332c,2017
10.1039/c7ce00349h,2017
10.1039/c7ce00361g,2017
10.1039/c7ce00368d,2017
10.1039/c7ce00390k,2017
10.1039/c7ce00394c,2017
10.1039/c7ce00400a,2017
10.1039/c7ce00405b,2017
10.1039/c7ce00410a,2017
10.1039/c7ce00481h,2017
10.1039/c7ce00535k,2017
10.1039/c7ce00589j,2017
10.1039/c7ce00640c,2017
10.1039/c7ce00753a,2017
10.1039/c7ce00803a,2017
10.1039/c7ce00867h,2017
10.1039/c7ce00971b,2017
10.1039/c7ce01042g,2017
10.1039/c7ce01067b,2017
10.1039/c7ce01092c,2018
10.1039/c7ce01133d,2017
10.1039/c7ce01215b,2017
10.1039/c7ce01216k,2017
10.1039/c7ce01229b,2017
10.1039/c7ce01295k,2017
10.1039/c7ce01438d,2017
10.1039/c7ce01453h,2017
10.1039/c7ce01510k,2017
10.1039/c7ce01618b,2017
10.1039/c7ce01734k,2017
10.1039/c7ce01773a,2018
10.1039/c7ce01843f,2018
10.1039/c7ce01906h,2018
10.1039/c7ce01919j,2018
10.1039/c7ce02017a,2018
10.1039/c7ce02053h,2018
10.1039/c7ce02192e,2018
10.1039/c7cp05185a,2017
10.1039/c7cy00467b,2017
10.1039/c7cy00882a,2017
10.1039/c7cy01668a,2017
10.1039/c7cy02063e,2018
10.1039/c7cy02610b,2018
10.1039/c7cy02622f,2018
10.1039/c7dt00015d,2017
10.1039/c7dt00042a,2017
10.1039/c7dt00082k,2017
10.1039/c7dt00218a,2017
10.1039/c7dt00292k,2017
10.1039/c7dt00452d,2017
10.1039/c7dt00582b,2017
10.1039/c7dt00734e,2017
10.1039/c7dt01048f,2017
10.1039/c7dt01056g,2017
10.1039/c7dt01071k,2017
10.1039/c7dt01084b,2017
10.1039/c7dt01116d,2017
10.1039/c7dt01223c,2017
10.1039/c7dt01306j,2017
10.1039/c7dt01405h,2017
10.1039/c7dt01595j,2017
10.1039/c7dt01666b,2017
10.1039/c7dt01717k,2017
10.1039/c7dt01744h,2017
10.1039/c7dt01790a,2017
10.1039/c7dt02040f,2017
10.1039/c7dt02119d,2017
10.1039/c7dt02175e,2017
10.1039/c7dt02231j,2017
10.1039/c7dt02334k,2017
10.1039/c7dt02356a,2017
10.1039/c7dt02376f,2017
10.1039/c7dt02436c,2017
10.1039/c7dt02564e,2017
10.1039/c7dt02697h,2017
10.1039/c7dt02752d,2017
10.1039/c7dt02800h,2017
10.1039/c7dt03254d,2017
10.1039/c7dt03304d,2017
10.1039/c7dt03364h,2017
10.1039/c7dt03411c,2017
10.1039/c7dt03433d,2017
10.1039/c7dt03474a,2017
10.1039/c7dt03518g,2017
10.1039/c7dt03568c,2017
10.1039/c7dt03574h,2017
10.1039/c7dt03616g,2017
10.1039/c7dt03641h,2018
10.1039/c7dt03667a,2018
10.1039/c7dt03754f,2018
10.1039/c7dt03758a,2018
10.1039/c7dt03761a,2018
10.1039/c7dt03775a,2018
10.1039/c7dt03874g,2017
10.1039/c7dt03890a,2017
10.1039/c7dt04057a,2018
10.1039/c7dt04087c,2018
10.1039/c7dt04116k,2018
10.1039/c7dt04130f,2018
10.1039/c7dt04162d,2018
10.1039/c7dt04221c,2018
10.1039/c7dt04566b,2018
10.1039/c7dt04583b,2018
10.1039/c7dt04701k,2018
10.1039/c7dt04819j,2018
10.1039/c7en00639j,2017
10.1039/c7fd00017k,2017
10.1039/c7fd00030h,2017
10.1039/c7fd00119c,2017
10.1039/c7fd00224f,2018
10.1039/c7gc01114h,2017
10.1039/c7gc02935g,2017
10.1039/c7gc03132g,2018
10.1039/c7gc03805d,2018
10.1039/c7nj00188f,2017
10.1039/c7nj00606c,2017
10.1039/c7nj00672a,2017
10.1039/c7nj01055a,2017
10.1039/c7nj01237c,2017
10.1039/c7nj01258f,2017
10.1039/c7nj01509g,2017
10.1039/c7nj01557g,2017
10.1039/c7nj01592e,2017
10.1039/c7nj01650f,2017
10.1039/c7nj01697b,2017
10.1039/c7nj02114c,2017
10.1039/c7nj02398g,2017
10.1039/c7nj02475d,2017
10.1039/c7nj02492d,2017
10.1039/c7nj02975f,2017
10.1039/c7nj03192k,2017
10.1039/c7nj03269b,2017
10.1039/c7nj03530f,2018
10.1039/c7nj03562d,2018
10.1039/c7nj03690f,2018
10.1039/c7nj03720a,2017
10.1039/c7nj03851h,2018
10.1039/c7nj04048b,2018
10.1039/c7nj04373b,2018
10.1039/c7nj04625a,2018
10.1039/c7nj04698g,2018
10.1039/c7nj04727d,2018
10.1039/c7nj04823h,2018
10.1039/c7nj04854h,2018
10.1039/c7nj05032a,2018
10.1039/c7nr03739b,2017
10.1039/c7nr05977a,2017
10.1039/c7nr06274e,2017
10.1039/c7nr07949d,2018
10.1039/c7nr08892b,2018
10.1039/c7qi00212b,2017
10.1039/c7qi00289k,2017
10.1039/c7qi00437k,2017
10.1039/c7qi00658f,2018
10.1039/c7qi00693d,2018
10.1039/c7qi00765e,2018
10.1039/c7qm00263g,2017
10.1039/c7qm00302a,2017
10.1039/c7qm00485k,2018
10.1039/c7ra00115k,2017
10.1039/c7ra00337d,2017
10.1039/c7ra00738h,2017
10.1039/c7ra01091e,2017
10.1039/c7ra01125c,2017
10.1039/c7ra01647f,2017
10.1039/c7ra02063e,2017
10.1039/c7ra02306e,2017
10.1039/c7ra02802d,2017
10.1039/c7ra03162a,2017
10.1039/c7ra04771a,2017
10.1039/c7ra04820c,2017
10.1039/c7ra05049f,2017
10.1039/c7ra05863b,2017
10.1039/c7ra07089f,2017
10.1039/c7ra08354h,2017
10.1039/c7ra08433a,2017
10.1039/c7ra08798e,2017
10.1039/c7ra09243a,2017
10.1039/c7ra09429a,2017
10.1039/c7ra09772g,2017
10.1039/c7ra10034e,2017
10.1039/c7ra10507j,2017
10.1039/c7ra10541j,2017
10.1039/c7ra10682c,2017
10.1039/c7ra10855a,2018
10.1039/c7ra12010a,2018
10.1039/c7ra12136a,2018
10.1039/c7ra12150d,2018
10.1039/c7ra12969f,2018
10.1039/c7ra13245j,2018
10.1039/c7re00067g,2017
10.1039/c7re00214a,2018
10.1039/c7sc00713b,2017
10.1039/c7sc01765k,2017
10.1039/c7sc02886e,2017
10.1039/c7sc03537c,2018
10.1039/c7sc04192f,2018
10.1039/c7sc04269h,2018
10.1039/c7sc04815g,2018
10.1039/c7sc04829g,2018
10.1039/c7sc05020h,2018
10.1039/c7sc05175a,2018
10.1039/c7sc05372j,2018
10.1039/c7se00223h,2017
10.1039/c7ta00169j,2017
10.1039/c7ta00413c,2017
10.1039/c7ta01070b,2017
10.1039/c7ta01278k,2017
10.1039/c7ta01493g,2017
10.1039/c7ta02069d,2017
10.1039/c7ta02896b,2017
10.1039/c7ta03069j,2017
10.1039/c7ta03773b,2017
10.1039/c7ta04496h,2017
10.1039/c7ta05523d,2017
10.1039/c7ta05896a,2017
10.1039/c7ta06060b,2017
10.1039/c7ta06969c,2017
10.1039/c7ta07803j,2017
10.1039/c7ta07911g,2018
10.1039/c7ta07934f,2017
10.1039/c7ta07978h,2018
10.1039/c7ta08281a,2018
10.1039/c7ta08399h,2018
10.1039/c7ta08778k,2017
10.1039/c7ta09699b,2018
10.1039/c7ta09807c,2018
10.1039/c7ta11155j,2018
10.1039/c7tb01966a,2017
10.1039/c7tc03150e,2017
10.1039/c7tc04006g,2017
10.1039/c7tc05395a,2018
10.1039/c8bm00830b,2018
10.1039/c8c1t00902c,2018
10.1039/c8cc02708k,2018
10.1039/c8cc03189d,2018
10.1039/c8cc03216e,2018
10.1039/c8cc03511c,2018
10.1039/c8cc04147d,2018
10.1039/c8cc04172e,2018
10.1039/c8cc04326d,2018
10.1039/c8cc04562c,2018
10.1039/c8cc04824j,2018
10.1039/c8cc04988b,2018
10.1039/c8cc05404e,2018
10.1039/c8cc05895d,2018
10.1039/c8cc05930f,2018
10.1039/c8cc06593d,2018
10.1039/c8cc06727a,2018
10.1039/c8cc07064d,2018
10.1039/c8cc07098a,2018
10.1039/c8cc07120a,2019
10.1039/c8cc07709f,2019
10.1039/c8cc08559e,2019
10.1039/c8cc09152h,2019
10.1039/c8cc09491h,2019
10.1039/c8cc10195g,2019
10.1039/c8cc10298h,2019
10.1039/c8ce00050f,2018
10.1039/c8ce00058a,2018
10.1039/c8ce00064f,2018
10.1039/c8ce00150b,2018
10.1039/c8ce00201k,2018
10.1039/c8ce00204e,2018
10.1039/c8ce00213d,2018
10.1039/c8ce00238j,2018
10.1039/c8ce00333e,2018
10.1039/c8ce00392k,2018
10.1039/c8ce00403j,2018
10.1039/c8ce00427g,2018
10.1039/c8ce00455b,2018
10.1039/c8ce00537k,2018
10.1039/c8ce00564h,2018
10.1039/c8ce00574e,2018
10.1039/c8ce00795k,2018
10.1039/c8ce00837j,2018
10.1039/c8ce00848e,2018
10.1039/c8ce00868j,2018
10.1039/c8ce00891d,2018
10.1039/c8ce00899j,2018
10.1039/c8ce00913a,2018
10.1039/c8ce00947c,2018
10.1039/c8ce00949j,2018
10.1039/c8ce00954f,2018
10.1039/c8ce01051j,2018
10.1039/c8ce01066h,2018
10.1039/c8ce01144c,2018
10.1039/c8ce01198b,2018
10.1039/c8ce01203b,2019
10.1039/c8ce01209a,2018
10.1039/c8ce01211c,2018
10.1039/c8ce01261j,2018
10.1039/c8ce01264d,2018
10.1039/c8ce01266k,2018
10.1039/c8ce01302k,2018
10.1039/c8ce01348a,2019
10.1039/c8ce01424h,2019
10.1039/c8ce01430b,2018
10.1039/c8ce01447g,2018
10.1039/c8ce01448e,2018
10.1039/c8ce01454j,2018
10.1039/c8ce01489b,2019
10.1039/c8ce01524d,2019
10.1039/c8ce01637b,2019
10.1039/c8ce01722k,2019
10.1039/c8ce01740a,2019
10.1039/c8ce01756e,2019
10.1039/c8ce01769g,2019
10.1039/c8ce01791c,2019
10.1039/c8ce01971a,2019
10.1039/c8ce02151a,2019
10.1039/c8ce02153h,2019
10.1039/c8cp01608a,2018
10.1039/c8cy00579f,2018
10.1039/c8cy00662h,2018
10.1039/c8cy00941d,2018
10.1039/c8cy02235f,2019
10.1039/c8cy02595a,2019
10.1039/c8dt00143j,2018
10.1039/c8dt00156a,2018
10.1039/c8dt00217g,2018
10.1039/c8dt00339d,2018
10.1039/c8dt00371h,2018
10.1039/c8dt00394g,2018
10.1039/c8dt00572a,2018
10.1039/c8dt00624e,2018
10.1039/c8dt00631h,2018
10.1039/c8dt00642c,2018
10.1039/c8dt00695d,2018
10.1039/c8dt00708j,2018
10.1039/c8dt00997j,2018
10.1039/c8dt01017j,2018
10.1039/c8dt01103f,2018
10.1039/c8dt01117f,2018
10.1039/c8dt01185k,2018
10.1039/c8dt01256c,2018
10.1039/c8dt01288a,2018
10.1039/c8dt01297k,2018
10.1039/c8dt01299g,2018
10.1039/c8dt01508b,2018
10.1039/c8dt01712c,2018
10.1039/c8dt01789a,2018
10.1039/c8dt01839a,2018
10.1039/c8dt01923a,2018
10.1039/c8dt02029a,2018
10.1039/c8dt02429d,2018
10.1039/c8dt02436g,2018
10.1039/c8dt02467g,2018
10.1039/c8dt02592d,2018
10.1039/c8dt02676a,2019
10.1039/c8dt02686f,2018
10.1039/c8dt02816h,2018
10.1039/c8dt02841a,2018
10.1039/c8dt02920b,2018
10.1039/c8dt02983k,2018
10.1039/c8dt02986e,2018
10.1039/c8dt02999g,2018
10.1039/c8dt03030h,2018
10.1039/c8dt03093f,2018
10.1039/c8dt03196g,2018
10.1039/c8dt03202e,2018
10.1039/c8dt03310b,2018
10.1039/c8dt03512a,2019
10.1039/c8dt03659d,2018
10.1039/c8dt03812k,2019
10.1039/c8dt03826k,2019
10.1039/c8dt03836h,2018
10.1039/c8dt03964j,2019
10.1039/c8dt04067b,2018
10.1039/c8dt04106g,2019
10.1039/c8dt04170a,2019
10.1039/c8dt04186e,2019
10.1039/c8dt04474k,2019
10.1039/c8dt04583f,2018
10.1039/c8dt04688c,2019
10.1039/c8dt04698k,2019
10.1039/c8dt04879g,2019
10.1039/c8dt05060k,2019
10.1039/c8dt05136d,2019
10.1039/c8dt05153d,2019
10.1039/c8fd00194d,2019
10.1039/c8gc02312c,2018
10.1039/c8gc02645a,2018
10.1039/c8na00262b,2019
10.1039/c8nj00109j,2018
10.1039/c8nj00525g,2018
10.1039/c8nj00714d,2018
10.1039/c8nj00734a,2018
10.1039/c8nj01390j,2018
10.1039/c8nj01784k,2018
10.1039/c8nj01965g,2018
10.1039/c8nj02078g,2018
10.1039/c8nj02110d,2018
10.1039/c8nj03781g,2018
10.1039/c8nj04247k,2018
10.1039/c8nj04260h,2018
10.1039/c8nj04315a,2018
10.1039/c8nj04715d,2019
10.1039/c8nj04853c,2019
10.1039/c8nj04937h,2019
10.1039/c8nj05179h,2019
10.1039/c8nj05193c,2019
10.1039/c8nj05246h,2019
10.1039/c8nj05616a,2019
10.1039/c8nj05647a,2019
10.1039/c8nj05701j,2019
10.1039/c8nj05782f,2019
10.1039/c8nj05953e,2019
10.1039/c8nj06362a,2019
10.1039/c8nj06420b,2019
10.1039/c8nr00798e,2018
10.1039/c8nr01219a,2018
10.1039/c8nr02896f,2018
10.1039/c8nr04992k,2018
10.1039/c8nr08734b,2019
10.1039/c8ob01501e,2018
10.1039/c8pp00493e,2019
10.1039/c8qi00268a,2018
10.1039/c8qi00530c,2018
10.1039/c8qi00648b,2018
10.1039/c8qi00662h,2018
10.1039/c8qi00696b,2018
10.1039/c8qi00744f,2018
10.1039/c8qi00773j,2018
10.1039/c8qi00782a,2018
10.1039/c8qi01150h,2019
10.1039/c8qi01396a,2019
10.1039/c8qi01406j,2019
10.1039/c8qm00002f,2018
10.1039/c8qm00527c,2019
10.1039/c8qm00671g,2019
10.1039/c8ra00152a,2018
10.1039/c8ra01119b,2018
10.1039/c8ra01900b,2018
10.1039/c8ra02389a,2018
10.1039/c8ra02941e,2018
10.1039/c8ra03349h,2018
10.1039/c8ra03459a,2018
10.1039/c8ra03659d,2018
10.1039/c8ra03870h,2018
10.1039/c8ra03878c,2018
10.1039/c8ra04573a,2018
10.1039/c8ra05459b,2018
10.1039/c8ra05969a,2018
10.1039/c8ra06043f,2018
10.1039/c8ra06576d,2018
10.1039/c8ra06819d,2018
10.1039/c8ra07774f,2018
10.1039/c8ra08486f,2018
10.1039/c8ra08522f,2019
10.1039/c8ra09207a,2019
10.1039/c8ra09600g,2019
10.1039/c8ra10366f,2019
10.1039/c8ra10475a,2019
10.1039/c8sc01439f,2018
10.1039/c8sc01533c,2018
10.1039/c8sc01959b,2019
10.1039/c8sc02210k,2018
10.1039/c8sc02807a,2018
10.1039/c8sc03735c,2019
10.1039/c8sc04372h,2019
10.1039/c8sc05218b,2019
10.1039/c8sc05441j,2019
10.1039/c8se00098k,2018
10.1039/c8sm01143e,2018
10.1039/c8sm01214h,2018
10.1039/c8ta00598b,2018
10.1039/c8ta01060a,2018
10.1039/c8ta01093e,2018
10.1039/c8ta01805g,2018
10.1039/c8ta02036a,2018
10.1039/c8ta02797h,2018
10.1039/c8ta02845a,2018
10.1039/c8ta03509a,2018
10.1039/c8ta04020f,2018
10.1039/c8ta04316g,2018
10.1039/c8ta04667k,2018
10.1039/c8ta06213g,2018
10.1039/c8ta06804f,2018
10.1039/c8ta06809g,2018
10.1039/c8ta07080f,2018
10.1039/c8ta07234e,2019
10.1039/c8ta07349j,2018
10.1039/c8ta07700b,2018
10.1039/c8ta07839d,2018
10.1039/c8ta08185a,2019
10.1039/c8ta08514e,2018
10.1039/c8ta08603f,2018
10.1039/c8ta08702d,2019
10.1039/c8ta09080g,2019
10.1039/c8ta09227c,2018
10.1039/c8ta10610j,2019
10.1039/c8ta10682g,2019
10.1039/c8ta11296g,2019
10.1039/c8ta11722e,2019
10.1039/c8ta11748a,2019
10.1039/c8ta12122b,2019
10.1039/c8tb00072g,2018
10.1039/c8tb02308e,2018
10.1039/c8tb02815j,2019
10.1039/c8tb03331e,2019
10.1039/c8tc00832a,2018
10.1039/c8tc01018h,2018
10.1039/c8tc01062e,2018
10.1039/c8tc01703d,2018
10.1039/c8tc04442b,2018
10.1039/c9an01362h,2019
10.1039/c9an02231g,2020
10.1039/c9an02481f,2020
10.1039/c9cc01468c,2019
10.1039/c9cc02038a,2019
10.1039/c9cc02861g,2019
10.1039/c9cc04374h,2019
10.1039/c9cc04999a,2019
10.1039/c9cc05002g,2019
10.1039/c9cc05708k,2019
10.1039/c9cc05990c,2019
10.1039/c9cc06258k,2020
10.1039/c9cc06272f,2019
10.1039/c9cc06795g,2019
10.1039/c9cc08236k,2019
10.1039/c9cc08724a,2020
10.1039/c9cc09144k,2020
10.1039/c9ce00015a,2019
10.1039/c9ce00021f,2019
10.1039/c9ce00033j,2019
10.1039/c9ce00067d,2019
10.1039/c9ce00098d,2019
10.1039/c9ce00129h,2019
10.1039/c9ce00213h,2019
10.1039/c9ce00218a,2019
10.1039/c9ce00238c,2019
10.1039/c9ce00259f,2019
10.1039/c9ce00371a,2019
10.1039/c9ce00427k,2019
10.1039/c9ce00433e,2019
10.1039/c9ce00440h,2019
10.1039/c9ce00542k,2019
10.1039/c9ce00545e,2019
10.1039/c9ce00757a,2019
10.1039/c9ce00769e,2019
10.1039/c9ce00833k,2019
10.1039/c9ce00969h,2019
10.1039/c9ce00972h,2019
10.1039/c9ce01026b,2019
10.1039/c9ce01035a,2019
10.1039/c9ce01041f,2019
10.1039/c9ce01054h,2019
10.1039/c9ce01186b,2019
10.1039/c9ce01245a,2020
10.1039/c9ce01273g,2019
10.1039/c9ce01307e,2019
10.1039/c9ce01337g,2019
10.1039/c9ce01357a,2019
10.1039/c9ce01394f,2019
10.1039/c9ce01456j,2020
10.1039/c9ce01529a,2020
10.1039/c9ce01592b,2020
10.1039/c9ce01626k,2020
10.1039/c9ce01644a,2020
10.1039/c9ce01669d,2019
10.1039/c9ce01674k,2020
10.1039/c9ce01676g,2020
10.1039/c9ce01764j,2020
10.1039/c9ce01779h,2020
10.1039/c9ce01915d,2020
10.1039/c9ce01932d,2020
10.1039/c9ce01940e,2020
10.1039/c9ce02006c,2020
10.1039/c9cp00754g,2019
10.1039/c9cy01303b,2020
10.1039/c9cy01329f,2019
10.1039/c9cy01431d,2019
10.1039/c9cy01642b,2019
10.1039/c9cy01940e,2020
10.1039/c9cy02404b,2020
10.1039/c9dt00081j,2019
10.1039/c9dt00499h,2019
10.1039/c9dt00510b,2019
10.1039/c9dt00941h,2019
10.1039/c9dt01050e,2019
10.1039/c9dt01125k,2019
10.1039/c9dt01253b,2019
10.1039/c9dt01278h,2019
10.1039/c9dt01406c,2019
10.1039/c9dt01457h,2019
10.1039/c9dt01542f,2019
10.1039/c9dt01572h,2019
10.1039/c9dt01677e,2019
10.1039/c9dt01846h,2019
10.1039/c9dt01859j,2019
10.1039/c9dt02133g,2019
10.1039/c9dt02269d,2019
10.1039/c9dt02278c,2019
10.1039/c9dt02394a,2019
10.1039/c9dt02459j,2019
10.1039/c9dt02463h,2020
10.1039/c9dt02703c,2019
10.1039/c9dt02733e,2019
10.1039/c9dt02866h,2019
10.1039/c9dt03181b,2019
10.1039/c9dt03350e,2019
10.1039/c9dt03489g,2019
10.1039/c9dt03518d,2019
10.1039/c9dt03531a,2020
10.1039/c9dt03540k,2019
10.1039/c9dt03727f,2019
10.1039/c9dt03929e,2019
10.1039/c9dt03933c,2019
10.1039/c9dt03947c,2020
10.1039/c9dt04051j,2020
10.1039/c9dt04068d,2020
10.1039/c9dt04172a,2020
10.1039/c9dt04210e,2020
10.1039/c9dt04211c,2020
10.1039/c9dt04571f,2020
10.1039/c9dt04747f,2020
10.1039/c9dt04836g,2020
10.1039/c9en00018f,2019
10.1039/c9fd00137a,2021
10.1039/c9gc00783k,2019
10.1039/c9gc01641d,2019
10.1039/c9gc01893j,2019
10.1039/c9gc02181g,2019
10.1039/c9gc02375e,2019
10.1039/c9gc03140e,2020
10.1039/c9gc03561c,2020
10.1039/c9gc04040d,2020
10.1039/c9me00062c,2019
10.1039/c9me00176j,2020
10.1039/c9na00254e,2019
10.1039/c9na00350a,2019
10.1039/c9na00353c,2019
10.1039/c9nh00769e,2020
10.1039/c9nj00021f,2019
10.1039/c9nj00499h,2019
10.1039/c9nj00900k,2019
10.1039/c9nj00990f,2019
10.1039/c9nj02004g,2019
10.1039/c9nj02064k,2019
10.1039/c9nj02213a,2019
10.1039/c9nj02607j,2019
10.1039/c9nj02679g,2019
10.1039/c9nj02829c,2019
10.1039/c9nj03400e,2019
10.1039/c9nj04031e,2019
10.1039/c9nj04371c,2019
10.1039/c9nj04382a,2019
10.1039/c9nj04431k,2020
10.1039/c9nj04432a,2019
10.1039/c9nj04536h,2019
10.1039/c9nj04589a,2020
10.1039/c9nj04977k,2020
10.1039/c9nj05735h,2020
10.1039/c9nj05821d,2020
10.1039/c9nj05997k,2020
10.1039/c9nj06075h,2020
10.1039/c9nj06358g,2020
10.1039/c9nj06394c,2020
10.1039/c9nr01284b,2019
10.1039/c9nr06470b,2020
10.1039/c9nr07494e,2019
10.1039/c9nr10049k,2020
10.1039/c9ob00224c,2019
10.1039/c9qi00037b,2019
10.1039/c9qi00172g,2019
10.1039/c9qi00340a,2019
10.1039/c9qi00543a,2019
10.1039/c9qi01045a,2020
10.1039/c9qi01058k,2020
10.1039/c9qi01163c,2019
10.1039/c9qi01204d,2020
10.1039/c9qi01218d,2020
10.1039/c9qi01396b,2020
10.1039/c9qi01542f,2020
10.1039/c9qi01647c,2020
10.1039/c9qi01684h,2020
10.1039/c9qm00527g,2020
10.1039/c9ra00206e,2019
10.1039/c9ra01012b,2019
10.1039/c9ra01071h,2019
10.1039/c9ra01408j,2019
10.1039/c9ra01504c,2019
10.1039/c9ra02163a,2019
10.1039/c9ra03082d,2019
10.1039/c9ra03310f,2019
10.1039/c9ra03572a,2019
10.1039/c9ra04216d,2019
10.1039/c9ra05167h,2019
10.1039/c9ra06591a,2019
10.1039/c9ra06984d,2020
10.1039/c9ra07031a,2019
10.1039/c9ra07046j,2019
10.1039/c9ra07737e,2019
10.1039/c9ra08097j,2019
10.1039/c9ra08559a,2019
10.1039/c9ra08659e,2019
10.1039/c9ra09968a,2020
10.1039/c9ra10111j,2020
10.1039/c9ra10548d,2020
10.1039/c9ra10848c,2020
10.1039/c9sc00178f,2019
10.1039/c9sc01144g,2019
10.1039/c9sc01301f,2019
10.1039/c9sc01447k,2019
10.1039/c9sc02576f,2019
10.1039/c9sc03080h,2019
10.1039/c9sc03348c,2019
10.1039/c9sc03802g,2019
10.1039/c9sc03816g,2019
10.1039/c9sc04141a,2020
10.1039/c9sc04961d,2020
10.1039/c9sc05403k,2020
10.1039/c9sc05433b,2020
10.1039/c9sc06064b,2020
10.1039/c9sc06500h,2020
10.1039/c9ta00311h,2019
10.1039/c9ta00825j,2019
10.1039/c9ta00837c,2019
10.1039/c9ta02455g,2019
10.1039/c9ta03403j,2019
10.1039/c9ta03578h,2019
10.1039/c9ta04842a,2019
10.1039/c9ta05216j,2019
10.1039/c9ta05444h,2019
10.1039/c9ta06781g,2019
10.1039/c9ta06913e,2020
10.1039/c9ta09303f,2020
10.1039/c9ta10409g,2020
10.1039/c9ta10723a,2019
10.1039/c9ta12027k,2020
10.1039/c9ta13506e,2020
10.1039/c9tb01651a,2019
10.1039/c9tb01743g,2019
10.1039/c9tb02315a,2020
10.1039/c9tc00067d,2019
10.1039/c9tc03698a,2019
10.1039/c9tc07078h,2020
10.1039/d0an01566k,2020
10.1039/d0ay01457e,2020
10.1039/d0bm01328e,2021
10.1039/d0cc02741c,2020
10.1039/d0cc02841j,2020
10.1039/d0cc03196h,2020
10.1039/d0cc03266b,2020
10.1039/d0cc03734f,2020
10.1039/d0cc03772a,2020
10.1039/d0cc03910a,2020
10.1039/d0cc04283h,2020
10.1039/d0cc04543h,2020
10.1039/d0cc05339b,2020
10.1039/d0cc05451h,2020
10.1039/d0cc05637e,2020
10.1039/d0cc06277d,2020
10.1039/d0cc07091b,2021
10.1039/d0cc07631g,2021
10.1039/d0cc07974j,2021
10.1039/d0cc08234a,2021
10.1039/d0ce00077a,2020
10.1039/d0ce00140f,2020
10.1039/d0ce00155d,2020
10.1039/d0ce00175a,2020
10.1039/d0ce00177e,2020
10.1039/d0ce00262c,2020
10.1039/d0ce00370k,2020
10.1039/d0ce00490a,2020
10.1039/d0ce00700e,2020
10.1039/d0ce00895h,2020
10.1039/d0ce00930j,2020
10.1039/d0ce00947d,2021
10.1039/d0ce00950d,2020
10.1039/d0ce01054e,2020
10.1039/d0ce01061h,2020
10.1039/d0ce01178a,2020
10.1039/d0ce01197e,2020
10.1039/d0ce01223h,2020
10.1039/d0ce01239d,2020
10.1039/d0ce01240h,2020
10.1039/d0ce01245a,2021
10.1039/d0ce01363c,2021
10.1039/d0ce01375g,2020
10.1039/d0ce01383h,2020
10.1039/d0ce01395a,2021
10.1039/d0ce01448f,2021
10.1039/d0ce01507e,2021
10.1039/d0ce01581d,2021
10.1039/d0ce01619e,2021
10.1039/d0ce01620a,2021
10.1039/d0ce01630f,2021
10.1039/d0ce01649g,2021
10.1039/d0ce01651a,2021
10.1039/d0ce01666g,2021
10.1039/d0ce01751e,2021
10.1039/d0ce01840f,2021
10.1039/d0cp00287a,2020
10.1039/d0cp00629g,2020
10.1039/d0cp02731f,2020
10.1039/d0cp03900d,2021
10.1039/d0cp04068a,2020
10.1039/d0cy00235f,2020
10.1039/d0cy00823k,2020
10.1039/d0cy00974a,2020
10.1039/d0cy01061h,2020
10.1039/d0cy01946a,2021
10.1039/d0cy02275f,2021
10.1039/d0dt00145g,2020
10.1039/d0dt00211a,2020
10.1039/d0dt00387e,2020
10.1039/d0dt00546k,2020
10.1039/d0dt00870b,2020
10.1039/d0dt00933d,2020
10.1039/d0dt01044h,2020
10.1039/d0dt01149e,2020
10.1039/d0dt01175d,2020
10.1039/d0dt01222j,2020
10.1039/d0dt01240h,2020
10.1039/d0dt01312a,2020
10.1039/d0dt01470b,2020
10.1039/d0dt01558j,2020
10.1039/d0dt01648a,2020
10.1039/d0dt01730b,2020
10.1039/d0dt01890b,2020
10.1039/d0dt01939a,2020
10.1039/d0dt01955k,2020
10.1039/d0dt01996h,2020
10.1039/d0dt02041a,2020
10.1039/d0dt02233k,2020
10.1039/d0dt02270e,2020
10.1039/d0dt02411b,2020
10.1039/d0dt02437f,2020
10.1039/d0dt02450c,2020
10.1039/d0dt02455d,2020
10.1039/d0dt02576c,2020
10.1039/d0dt02642e,2020
10.1039/d0dt02802a,2020
10.1039/d0dt02856h,2020
10.1039/d0dt02949a,2020
10.1039/d0dt03012k,2020
10.1039/d0dt03031g,2020
10.1039/d0dt03069d,2020
10.1039/d0dt03259j,2020
10.1039/d0dt03325a,2020
10.1039/d0dt03353g,2021
10.1039/d0dt03707a,2021
10.1039/d0dt03747h,2021
10.1039/d0dt03817b,2021
10.1039/d0dt03824e,2021
10.1039/d0dt04190d,2021
10.1039/d0dt04341a,2021
10.1039/d0dt04361c,2021
10.1039/d0dt04382f,2021
10.1039/d0ee01340d,2020
10.1039/d0en01061h,2021
10.1039/d0fd00009d,2021
10.1039/d0fd00103a,2021
10.1039/d0gc00353k,2020
10.1039/d0gc00458h,2020
10.1039/d0gc00546k,2020
10.1039/d0gc00619j,2020
10.1039/d0gc02812f,2020
10.1039/d0gc02956d,2020
10.1039/d0gc03292a,2021
10.1039/d0gc03725g,2021
10.1039/d0nh00171f,2020
10.1039/d0nj00103a,2020
10.1039/d0nj00207k,2020
10.1039/d0nj00257g,2020
10.1039/d0nj00476f,2020
10.1039/d0nj00515k,2020
10.1039/d0nj01018a,2020
10.1039/d0nj01301c,2020
10.1039/d0nj01408g,2020
10.1039/d0nj01410a,2020
10.1039/d0nj01750g,2020
10.1039/d0nj01891k,2020
10.1039/d0nj02162h,2020
10.1039/d0nj02265a,2020
10.1039/d0nj02388d,2020
10.1039/d0nj02416c,2020
10.1039/d0nj02672g,2020
10.1039/d0nj02972f,2020
10.1039/d0nj03136d,2020
10.1039/d0nj03269g,2020
10.1039/d0nj03628e,2020
10.1039/d0nj03714a,2020
10.1039/d0nj04120c,2020
10.1039/d0nj04303f,2020
10.1039/d0nj05279e,2021
10.1039/d0nj05711h,2021
10.1039/d0nr02206c,2020
10.1039/d0nr02230f,2020
10.1039/d0nr04480f,2020
10.1039/d0nr04860g,2020
10.1039/d0nr07834d,2021
10.1039/d0qi00068j,2020
10.1039/d0qi00496k,2020
10.1039/d0qi00590h,2020
10.1039/d0qi00840k,2020
10.1039/d0qi01230k,2021
10.1039/d0qm00611d,2021
10.1039/d0qo01234c,2021
10.1039/d0ra01294g,2020
10.1039/d0ra01887b,2020
10.1039/d0ra01904f,2020
10.1039/d0ra02212h,2020
10.1039/d0ra03591b,2020
10.1039/d0ra04812g,2020
10.1039/d0ra05131d,2020
10.1039/d0ra05926a,2020
10.1039/d0ra06106a,2020
10.1039/d0ra06432g,2020
10.1039/d0ra06529c,2020
10.1039/d0ra06578a,2020
10.1039/d0ra06674e,2021
10.1039/d0ra06972h,2020
10.1039/d0ra07042d,2020
10.1039/d0ra07159e,2020
10.1039/d0ra07237k,2020
10.1039/d0ra09054a,2021
10.1039/d0ra09132d,2020
10.1039/d0ra09292d,2021
10.1039/d0ra09305j,2020
10.1039/d0ra09915e,2021
10.1039/d0ra09973b,2021
10.1039/d0ra10500g,2021
10.1039/d0ra10539b,2021
10.1039/d0sc00485e,2020
10.1039/d0sc01176b,2020
10.1039/d0sc01356k,2020
10.1039/d0sc01408g,2020
10.1039/d0sc01432j,2020
10.1039/d0sc01833c,2020
10.1039/d0sc01994a,2020
10.1039/d0sc02515a,2020
10.1039/d0sc03318a,2020
10.1039/d0sc03940c,2021
10.1039/d0sc04892e,2021
10.1039/d0sc04941g,2020
10.1039/d0sc05337f,2021
10.1039/d0sc06747d,2021
10.1039/d0ta00417k,2020
10.1039/d0ta01677b,2020
10.1039/d0ta02033h,2020
10.1039/d0ta04778c,2020
10.1039/d0ta04898d,2021
10.1039/d0ta04939e,2020
10.1039/d0ta07959f,2021
10.1039/d0ta08085c,2020
10.1039/d0ta10613e,2021
10.1039/d0ta11229a,2021
10.1039/d0ta12220c,2021
10.1039/d0tb00357c,2020
10.1039/d0tc00475h,2020
10.1039/d0tc00736f,2020
10.1039/d0tc00762e,2020
10.1039/d0tc02637a,2020
10.1039/d0tc04154h,2020
10.1039/d0tc05573e,2021
10.1039/d0tc06013e,2021
10.1039/d1ay00824b,2021
10.1039/d1bm00669j,2021
10.1039/d1bm01247a,2021
10.1039/d1bm01519b,2022
10.1039/d1cc00548k,2021
10.1039/d1cc00671a,2021
10.1039/d1cc00864a,2021
10.1039/d1cc01552d,2021
10.1039/d1cc01740c,2021
10.1039/d1cc01989a,2021
10.1039/d1cc02104d,2021
10.1039/d1cc02154k,2021
10.1039/d1cc02828f,2021
10.1039/d1cc03482k,2021
10.1039/d1cc03547a,2021
10.1039/d1cc04032d,2021
10.1039/d1cc04465f,2021
10.1039/d1cc05157a,2021
10.1039/d1cc05306j,2021
10.1039/d1cc06250f,2022
10.1039/d1cc06443f,2022
10.1039/d1ce00112d,2021
10.1039/d1ce00128k,2021
10.1039/d1ce00172h,2021
10.1039/d1ce00185j,2021
10.1039/d1ce00228g,2021
10.1039/d1ce00287b,2021
10.1039/d1ce00331c,2021
10.1039/d1ce00394a,2021
10.1039/d1ce00438g,2021
10.1039/d1ce00461a,2021
10.1039/d1ce00498k,2021
10.1039/d1ce00621e,2021
10.1039/d1ce00647a,2021
10.1039/d1ce00659b,2021
10.1039/d1ce00668a,2021
10.1039/d1ce00780g,2021
10.1039/d1ce00783a,2021
10.1039/d1ce00810b,2021
10.1039/d1ce00815c,2021
10.1039/d1ce00888a,2021
10.1039/d1ce00931a,2021
10.1039/d1ce01048d,2021
10.1039/d1ce01169c,2021
10.1039/d1ce01192h,2021
10.1039/d1ce01206a,2021
10.1039/d1ce01282g,2021
10.1039/d1ce01284c,2022
10.1039/d1ce01308d,2021
10.1039/d1ce01411k,2022
10.1039/d1ce01418h,2022
10.1039/d1ce01471d,2022
10.1039/d1ce01497h,2022
10.1039/d1ce01538a,2022
10.1039/d1ce01584b,2022
10.1039/d1ce01593a,2022
10.1039/d1ce01689j,2022
10.1039/d1cp03242a,2021
10.1039/d1cp04438a,2022
10.1039/d1cy00418b,2021
10.1039/d1cy00567g,2021
10.1039/d1cy01056e,2021
10.1039/d1cy01128f,2021
10.1039/d1cy01351c,2022
10.1039/d1cy01777b,2022
10.1039/d1cy01827b,2022
10.1039/d1dt00118c,2021
10.1039/d1dt00176k,2021
10.1039/d1dt00400j,2021
10.1039/d1dt00491c,2021
10.1039/d1dt00612f,2021
10.1039/d1dt00733e,2021
10.1039/d1dt00927c,2021
10.1039/d1dt00940k,2021
10.1039/d1dt01204e,2021
10.1039/d1dt01336j,2021
10.1039/d1dt01404h,2021
10.1039/d1dt01413g,2021
10.1039/d1dt01945g,2021
10.1039/d1dt01953h,2021
10.1039/d1dt02140k,2021
10.1039/d1dt02249k,2021
10.1039/d1dt02687a,2021
10.1039/d1dt02899e,2021
10.1039/d1dt03045k,2021
10.1039/d1dt03131g,2021
10.1039/d1dt03404a,2022
10.1039/d1dt03514b,2021
10.1039/d1dt03821d,2022
10.1039/d1dt04190h,2022
10.1039/d1dt04222j,2022
10.1039/d1dt04278e,2022
10.1039/d1dt04348j,2022
10.1039/d1en00032b,2021
10.1039/d1fd00014d,2021
10.1039/d1fd00016k,2021
10.1039/d1fd00033k,2021
10.1039/d1fd00037c,2021
10.1039/d1gc00775k,2021
10.1039/d1gc01047f,2021
10.1039/d1gc01312b,2021
10.1039/d1gc01677f,2021
10.1039/d1gc02824c,2021
10.1039/d1gc03061b,2021
10.1039/d1gc03715c,2022
10.1039/d1gc04778g,2022
10.1039/d1lc01086g,2022
10.1039/d1me00080b,2022
10.1039/d1me00093d,2021
10.1039/d1mh01663f,2021
10.1039/d1nj00544h,2021
10.1039/d1nj00601k,2021
10.1039/d1nj00808k,2021
10.1039/d1nj00861g,2021
10.1039/d1nj01059j,2021
10.1039/d1nj01363g,2021
10.1039/d1nj01540k,2021
10.1039/d1nj01913a,2021
10.1039/d1nj02140k,2021
10.1039/d1nj02416g,2021
10.1039/d1nj02590b,2021
10.1039/d1nj02827h,2022
10.1039/d1nj02841c,2021
10.1039/d1nj03002g,2021
10.1039/d1nj03105h,2021
10.1039/d1nj03176g,2021
10.1039/d1nj03703j,2021
10.1039/d1nj03738b,2021
10.1039/d1nj04435d,2022
10.1039/d1nj04601b,2021
10.1039/d1nj04828g,2022
10.1039/d1nj04982h,2022
10.1039/d1nj05048f,2022
10.1039/d1nj05135k,2022
10.1039/d1nj05284e,2022
10.1039/d1nj05333g,2022
10.1039/d1nj05358b,2022
10.1039/d1nj05561e,2022
10.1039/d1nj06090b,2022
10.1039/d1nr02108g,2021
10.1039/d1nr02164h,2021
10.1039/d1nr08305h,2022
10.1039/d1qi00104c,2021
10.1039/d1qi00198a,2021
10.1039/d1qi00759a,2021
10.1039/d1qi00795e,2021
10.1039/d1qi00997d,2021
10.1039/d1qi01014j,2022
10.1039/d1qi01333e,2022
10.1039/d1qi01451j,2022
10.1039/d1qi01538a,2022
10.1039/d1qi01562a,2022
10.1039/d1qi01600h,2022
10.1039/d1qi01610e,2022
10.1039/d1qm00024a,2021
10.1039/d1qm00211b,2021
10.1039/d1qm00904d,2021
10.1039/d1qm01512e,2022
10.1039/d1ra00181g,2021
10.1039/d1ra00734c,2021
10.1039/d1ra00942g,2021
10.1039/d1ra01027a,2021
10.1039/d1ra01151k,2021
10.1039/d1ra01703a,2021
10.1039/d1ra01742j,2021
10.1039/d1ra02025k,2021
10.1039/d1ra02357h,2021
10.1039/d1ra02903g,2021
10.1039/d1ra02938j,2021
10.1039/d1ra03346h,2021
10.1039/d1ra03943a,2021
10.1039/d1ra04591a,2021
10.1039/d1ra04801e,2021
10.1039/d1ra05349c,2021
10.1039/d1ra06509b,2021
10.1039/d1ra06592k,2021
10.1039/d1ra07363j,2022
10.1039/d1ra07848h,2022
10.1039/d1ra08088a,2022
10.1039/d1ra08407k,2021
10.1039/d1ra08523a,2022
10.1039/d1ra08710j,2022
10.1039/d1ra08950a,2022
10.1039/d1sc00607j,2021
10.1039/d1sc01827b,2021
10.1039/d1sc02833b,2021
10.1039/d1sc03665c,2021
10.1039/d1sc03962h,2021
10.1039/d1sc04779e,2022
10.1039/d1se01000j,2021
10.1039/d1se01513c,2022
10.1039/d1ta00149c,2022
10.1039/d1ta00159k,2021
10.1039/d1ta01278a,2021
10.1039/d1ta02251b,2021
10.1039/d1ta02275j,2021
10.1039/d1ta02814f,2021
10.1039/d1ta04009j,2021
10.1039/d1ta08705c,2022
10.1039/d1ta09463g,2022
10.1039/d1ta09467j,2022
10.1039/d1ta10385g,2022
10.1039/d1ta10522a,2022
10.1039/d1tb01120k,2021
10.1039/d1tb02176a,2022
10.1039/d1tb02339j,2022
10.1039/d1tb02596a,2022
10.1039/d1tc00407g,2021
10.1039/d1tc01104a,2021
10.1039/d1tc02190g,2021
10.1039/d1tc03683a,2021
10.1039/d1tc04239d,2021
10.1039/d1tc04867h,2022
10.1039/d2ay00934j,2022
10.1039/d2bm00752e,2022
10.1039/d2bm01295b,2023
10.1039/d2cc00177b,2022
10.1039/d2cc00213b,2022
10.1039/d2cc00846g,2022
10.1039/d2cc01139e,2022
10.1039/d2cc01914k,2022
10.1039/d2cc02314h,2022
10.1039/d2cc02639b,2022
10.1039/d2cc03285f,2022
10.1039/d2cc03575h,2022
10.1039/d2cc03661d,2022
10.1039/d2cc04054a,2022
10.1039/d2cc04985f,2022
10.1039/d2cc05149d,2022
10.1039/d2cc06945h,2023
10.1039/d2ce00026a,2022
10.1039/d2ce00047d,2022
10.1039/d2ce00061j,2022
10.1039/d2ce00088a,2022
10.1039/d2ce00133k,2022
10.1039/d2ce00139j,2022
10.1039/d2ce00163b,2022
10.1039/d2ce00268j,2022
10.1039/d2ce00468b,2022
10.1039/d2ce00553k,2022
10.1039/d2ce00590e,2022
10.1039/d2ce00626j,2022
10.1039/d2ce00711h,2022
10.1039/d2ce00722c,2022
10.1039/d2ce00745b,2022
10.1039/d2ce00803c,2022
10.1039/d2ce00884j,2022
10.1039/d2ce00897a,2022
10.1039/d2ce00921h,2022
10.1039/d2ce01085b,2022
10.1039/d2ce01105k,2022
10.1039/d2ce01146h,2022
10.1039/d2ce01327d,2022
10.1039/d2ce01496c,2023
10.1039/d2ce01529c,2023
10.1039/d2ce01652d,2023
10.1039/d2ce01684b,2023
10.1039/d2ce01686a,2023
10.1039/d2cp03746g,2023
10.1039/d2cp04375k,2022
10.1039/d2cy01126c,2022
10.1039/d2cy01147f,2022
10.1039/d2cy01231f,2022
10.1039/d2cy01778d,2023
10.1039/d2dt00067a,2022
10.1039/d2dt00089j,2022
10.1039/d2dt00389a,2022
10.1039/d2dt00616b,2022
10.1039/d2dt00714b,2022
10.1039/d2dt00816e,2022
10.1039/d2dt00976e,2022
10.1039/d2dt01032a,2022
10.1039/d2dt01035f,2022
10.1039/d2dt01117d,2022
10.1039/d2dt01239a,2022
10.1039/d2dt01283a,2022
10.1039/d2dt01695h,2022
10.1039/d2dt01790c,2022
10.1039/d2dt01924h,2022
10.1039/d2dt01976k,2022
10.1039/d2dt02098j,2022
10.1039/d2dt02155b,2022
10.1039/d2dt02260e,2022
10.1039/d2dt02290g,2022
10.1039/d2dt02340g,2022
10.1039/d2dt02421g,2022
10.1039/d2dt02792e,2022
10.1039/d2dt03006c,2022
10.1039/d2dt03216c,2022
10.1039/d2dt03230a,2023
10.1039/d2dt03401h,2023
10.1039/d2dt03446h,2023
10.1039/d2dt03462j,2022
10.1039/d2dt03644d,2023
10.1039/d2dt04106e,2023
10.1039/d2dt04168e,2023
10.1039/d2ee02322a,2022
10.1039/d2en00809b,2022
10.1039/d2fd00093h,2023
10.1039/d2gc00208f,2022
10.1039/d2gc02306g,2022
10.1039/d2gc04285a,2023
10.1039/d2me00163b,2022
10.1039/d2me00280a,2023
10.1039/d2mh00914e,2023
10.1039/d2na00510g,2022
10.1039/d2na00767c,2023
10.1039/d2nj00134a,2022
10.1039/d2nj00225f,2022
10.1039/d2nj00251e,2022
10.1039/d2nj00308b,2022
10.1039/d2nj00358a,2022
10.1039/d2nj00416j,2022
10.1039/d2nj00457g,2022
10.1039/d2nj00674j,2022
10.1039/d2nj00945e,2022
10.1039/d2nj01490d,2022
10.1039/d2nj01981g,2022
10.1039/d2nj02746a,2022
10.1039/d2nj02981b,2022
10.1039/d2nj03340b,2022
10.1039/d2nj03472g,2022
10.1039/d2nj03640a,2022
10.1039/d2nj03746g,2022
10.1039/d2nj03889g,2022
10.1039/d2nj04116b,2023
10.1039/d2nj04415c,2023
10.1039/d2nj04518d,2022
10.1039/d2nj05100a,2023
10.1039/d2nj05689e,2023
10.1039/d2nj05751d,2023
10.1039/d2nj05826j,2023
10.1039/d2nj06032a,2023
10.1039/d2nr00040g,2022
10.1039/d2nr01827f,2022
10.1039/d2nr02501a,2022
10.1039/d2nr03602a,2022
10.1039/d2nr05229f,2022
10.1039/d2nr06521e,2023
10.1039/d2nr06729c,2023
10.1039/d2qi00093h,2022
10.1039/d2qi00206j,2022
10.1039/d2qi00214k,2022
10.1039/d2qi00404f,2022
10.1039/d2qi00799a,2022
10.1039/d2qi00835a,2022
10.1039/d2qi00853j,2022
10.1039/d2qi01108e,2022
10.1039/d2qi01152b,2022
10.1039/d2qi01180h,2022
10.1039/d2qi01198k,2022
10.1039/d2qi01337a,2022
10.1039/d2qi01459a,2023
10.1039/d2qi01738e,2022
10.1039/d2qi01763f,2022
10.1039/d2qi01894b,2022
10.1039/d2qi01922a,2022
10.1039/d2qi01949c,2022
10.1039/d2qi02599j,2023
10.1039/d2qi02639b,2023
10.1039/d2qm00839d,2022
10.1039/d2qm01039a,2023
10.1039/d2qo01257j,2022
10.1039/d2ra00746k,2022
10.1039/d2ra01159j,2022
10.1039/d2ra01759h,2022
10.1039/d2ra02680e,2022
10.1039/d2ra02773a,2022
10.1039/d2ra03131k,2022
10.1039/d2ra03747e,2022
10.1039/d2ra04031j,2022
10.1039/d2ra05655k,2022
10.1039/d2ra05878b,2022
10.1039/d2ra06034e,2022
10.1039/d2ra07077d,2022
10.1039/d2ra08016h,2023
10.1039/d2ra08040k,2023
10.1039/d2ra08312d,2023
10.1039/d2ra08347g,2023
10.1039/d2re00290f,2022
10.1039/d2sc00526c,2022
10.1039/d2sc01254e,2022
10.1039/d2sc01596j,2022
10.1039/d2sc02267b,2022
10.1039/d2sc03489a,2022
10.1039/d2sc03793a,2023
10.1039/d2sc04783g,2022
10.1039/d2sc05161c,2023
10.1039/d2sc06085j,2023
10.1039/d2sc06869a,2023
10.1039/d2se00374k,2022
10.1039/d2se00408a,2022
10.1039/d2se01152b,2022
10.1039/d2sm00749e,2022
10.1039/d2ta00226d,2022
10.1039/d2ta00503d,2022
10.1039/d2ta00603k,2022
10.1039/d2ta01925f,2022
10.1039/d2ta02070j,2022
10.1039/d2ta02074b,2022
10.1039/d2ta02708a,2022
10.1039/d2ta02948k,2022
10.1039/d2ta02962f,2022
10.1039/d2ta03216c,2022
10.1039/d2ta03524c,2022
10.1039/d2ta04164b,2022
10.1039/d2ta06652a,2022
10.1039/d2ta06741b,2022
10.1039/d2ta07042a,2022
10.1039/d2ta07219j,2022
10.1039/d2ta08092c,2023
10.1039/d2ta08921a,2023
10.1039/d2ta08934c,2023
10.1039/d2ta09376f,2023
10.1039/d2ta09932b,2023
10.1039/d2ta09963b,2023
10.1039/d2tc00022a,2022
10.1039/d2tc00475e,2022
10.1039/d2tc00920j,2022
10.1039/d2tc01587k,2022
10.1039/d2tc02494b,2022
10.1039/d2tc02947b,2022
10.1039/d2tc03020a,2022
10.1039/d2tc03819f,2022
10.1039/d2tc04460a,2022
10.1039/d2tc04879e,2023
10.1039/d3cc01685d,2023
10.1039/d3cc01831h,2023
10.1039/d3cc05087d,2024
10.1039/d3ce00022b,2023
10.1039/d3ce00039g,2023
10.1039/d3ce00068k,2023
10.1039/d3ce00106g,2023
10.1039/d3ce00138e,2023
10.1039/d3ce00166k,2023
10.1039/d3ce00179b,2023
10.1039/d3ce00228d,2023
10.1039/d3ce00358b,2023
10.1039/d3ce00678f,2023
10.1039/d3ce00778b,2023
10.1039/d3ce00784g,2023
10.1039/d3ce00865g,2023
10.1039/d3ce00878a,2023
10.1039/d3ce00881a,2023
10.1039/d3ce01001e,2023
10.1039/d3ce01034a,2024
10.1039/d3ce01058a,2023
10.1039/d3ce01060k,2023
10.1039/d3ce01096a,2024
10.1039/d3ce01097j,2023
10.1039/d3ce01146a,2024
10.1039/d3ce01174g,2024
10.1039/d3ce01285a,2024
10.1039/d3cp01004j,2023
10.1039/d3cp01063e,2023
10.1039/d3cp01593a,2023
10.1039/d3cp02601a,2023
10.1039/d3cp02970k,2023
10.1039/d3cy01105d,2023
10.1039/d3cy01244a,2023
10.1039/d3cy01396k,2024
10.1039/d3cy01709e,2024
10.1039/d3dt00058c,2023
10.1039/d3dt00367a,2023
10.1039/d3dt00380a,2023
10.1039/d3dt00389b,2023
10.1039/d3dt00422h,2023
10.1039/d3dt00660c,2023
10.1039/d3dt00812f,2023
10.1039/d3dt00890h,2023
10.1039/d3dt00915g,2023
10.1039/d3dt01087b,2023
10.1039/d3dt01109g,2023
10.1039/d3dt01785k,2023
10.1039/d3dt01846f,2023
10.1039/d3dt01975f,2023
10.1039/d3dt01984e,2023
10.1039/d3dt02236f,2023
10.1039/d3dt02423g,2023
10.1039/d3dt02620e,2023
10.1039/d3dt02681g,2023
10.1039/d3dt02768f,2023
10.1039/d3dt02822d,2024
10.1039/d3dt03058j,2024
10.1039/d3dt03096b,2024
10.1039/d3dt03218c,2023
10.1039/d3dt03654e,2024
10.1039/d3dt03867j,2024
10.1039/d3dt03939k,2024
10.1039/d3dt04338j,2024
10.1039/d3gc02521g,2023
10.1039/d3gc02774k,2023
10.1039/d3gc04697d,2024
10.1039/d3me00047h,2023
10.1039/d3me00145h,2024
10.1039/d3mh01396k,2023
10.1039/d3mh01921g,2024
10.1039/d3na00805c,2023
10.1039/d3nj00066d,2023
10.1039/d3nj00160a,2023
10.1039/d3nj00610g,2023
10.1039/d3nj01358h,2023
10.1039/d3nj01395b,2023
10.1039/d3nj02728g,2023
10.1039/d3nj02770h,2023
10.1039/d3nj03410k,2023
10.1039/d3nj03643j,2023
10.1039/d3nj03663d,2023
10.1039/d3nj03772j,2023
10.1039/d3nj03914e,2023
10.1039/d3nj04256a,2024
10.1039/d3nj04302a,2023
10.1039/d3nj04569b,2024
10.1039/d3nj04709a,2024
10.1039/d3nj05008d,2024
10.1039/d3nj05251f,2024
10.1039/d3nj05260e,2024
10.1039/d3nj05262a,2024
10.1039/d3nj05650c,2024
10.1039/d3nr01994b,2023
10.1039/d3qi00018d,2023
10.1039/d3qi00102d,2023
10.1039/d3qi00217a,2023
10.1039/d3qi00251a,2023
10.1039/d3qi00391d,2023
10.1039/d3qi00731f,2023
10.1039/d3qi01120h,2023
10.1039/d3qi01567j,2023
10.1039/d3qi01941a,2023
10.1039/d3qi02482b,2024
10.1039/d3qi02527f,2024
10.1039/d3qo01690k,2024
10.1039/d3ra00004d,2023
10.1039/d3ra01020a,2023
10.1039/d3ra01164j,2023
10.1039/d3ra01175e,2023
10.1039/d3ra01571h,2023
10.1039/d3ra01788e,2023
10.1039/d3ra03438k,2023
10.1039/d3ra06749a,2023
10.1039/d3ra07120k,2024
10.1039/d3ra08873a,2024
10.1039/d3re00387f,2023
10.1039/d3re00492a,2024
10.1039/d3sc01550e,2023
10.1039/d3sc02257a,2023
10.1039/d3sc02622a,2023
10.1039/d3sc03089j,2023
10.1039/d3sc03659f,2023
10.1039/d3sc04171a,2024
10.1039/d3sc04218a,2023
10.1039/d3sc06140j,2024
10.1039/d3sc06734c,2024
10.1039/d3se00277b,2023
10.1039/d3sm01100c,2023
10.1039/d3sm01658g,2024
10.1039/d3ta00044c,2023
10.1039/d3ta01233f,2023
10.1039/d3ta01574b,2023
10.1039/d3ta01927f,2023
10.1039/d3ta01930f,2023
10.1039/d3ta02229c,2023
10.1039/d3ta03852a,2023
10.1039/d3ta04490d,2023
10.1039/d3ta04553f,2023
10.1039/d3ta04647h,2023
10.1039/d3ta05219b,2023
10.1039/d3ta05228a,2023
10.1039/d3ta05235d,2023
10.1039/d3ta05299k,2023
10.1039/d3ta05397k,2024
10.1039/d3ta06529d,2024
10.1039/d3ta06704a,2024
10.1039/d3ta06719j,2024
10.1039/d3ta07024g,2024
10.1039/d3ta07163d,2024
10.1039/d3ta07616d,2024
10.1039/d3ta07946e,2024
10.1039/d3tb00126a,2023
10.1039/d3tb01819a,2023
10.1039/d3tc01879b,2023
10.1039/d3tc02088f,2023
10.1039/d3tc02778c,2023
10.1039/d3tc03775d,2024
10.1039/d3tc04175a,2024
10.1039/d3tc04365g,2024
10.1039/d3tc04492k,2024
10.1039/d4cc00775a,2024
10.1039/d4cc01629g,2024
10.1039/d4cc01706d,2024
10.1039/d4cc01985g,2024
10.1039/d4cc02063d,2024
10.1039/d4cc02088j,2024
10.1039/d4cc02433h,2024
10.1039/d4cc03138e,2024
10.1039/d4cc03453h,2024
10.1039/d4cc03456b,2024
10.1039/d4cc05516k,2025
10.1039/d4cc06570k,2025
10.1039/d4cc06812b,2025
10.1039/d4ce00008k,2024
10.1039/d4ce00041b,2024
10.1039/d4ce00096j,2024
10.1039/d4ce00168k,2024
10.1039/d4ce00332b,2024
10.1039/d4ce00399c,2024
10.1039/d4ce00455h,2024
10.1039/d4ce00466c,2024
10.1039/d4ce00592a,2024
10.1039/d4ce00621f,2024
10.1039/d4ce00691g,2024
10.1039/d4ce00723a,2024
10.1039/d4ce00905c,2024
10.1039/d4ce00935e,2024
10.1039/d4ce01006j,2024
10.1039/d4ce01050g,2024
10.1039/d4ce01187b,2025
10.1039/d4cp01979b,2024
10.1039/d4cp02422b,2024
10.1039/d4cy00218k,2024
10.1039/d4cy00618f,2024
10.1039/d4cy00892h,2024
10.1039/d4cy00969j,2024
10.1039/d4dt00209a,2024
10.1039/d4dt00372a,2024
10.1039/d4dt00626g,2024
10.1039/d4dt00880d,2024
10.1039/d4dt00894d,2024
10.1039/d4dt00986j,2024
10.1039/d4dt01100g,2024
10.1039/d4dt01150c,2024
10.1039/d4dt01251h,2024
10.1039/d4dt01554a,2024
10.1039/d4dt01667j,2024
10.1039/d4dt01671h,2024
10.1039/d4dt01701c,2024
10.1039/d4dt01729c,2024
10.1039/d4dt02143f,2024
10.1039/d4dt02609h,2024
10.1039/d4dt02645d,2024
10.1039/d4dt02943g,2025
10.1039/d4dt03382e,2025
10.1039/d4en00066h,2024
10.1039/d4gc00569d,2024
10.1039/d4gc00865k,2024
10.1039/d4gc01350f,2024
10.1039/d4gc02189d,2024
10.1039/d4gc03302g,2024
10.1039/d4gc06360k,2025
10.1039/d4na00151f,2024
10.1039/d4na00643g,2025
10.1039/d4na00907j,2025
10.1039/d4na01055h,2025
10.1039/d4nj00076e,2024
10.1039/d4nj00285g,2024
10.1039/d4nj01197j,2024
10.1039/d4nj01335b,2024
10.1039/d4nj01567c,2024
10.1039/d4nj01657b,2024
10.1039/d4nj02641a,2024
10.1039/d4nj03197k,2024
10.1039/d4nj04487h,2025
10.1039/d4nj04561k,2025
10.1039/d4nj04856c,2025
10.1039/d4nj05056h,2025
10.1039/d4nj05061d,2025
10.1039/d4nj05286b,2025
10.1039/d4nr02857k,2024
10.1039/d4nr03070b,2024
10.1039/d4ob00744a,2024
10.1039/d4qi00113c,2024
10.1039/d4qi00436a,2024
10.1039/d4qi00692e,2024
10.1039/d4qi00968a,2024
10.1039/d4qi00975d,2024
10.1039/d4qi01043d,2024
10.1039/d4qi01105h,2024
10.1039/d4qi01273a,2024
10.1039/d4qi01366b,2024
10.1039/d4qi01368a,2024
10.1039/d4qi01463d,2024
10.1039/d4qi02324b,2024
10.1039/d4qi03110e,2025
10.1039/d4ra00493k,2024
10.1039/d4ra00500g,2024
10.1039/d4ra00914b,2024
10.1039/d4ra01163e,2024
10.1039/d4ra01846j,2024
10.1039/d4ra02099e,2024
10.1039/d4ra03468f,2024
10.1039/d4ra03539a,2024
10.1039/d4ra03830d,2024
10.1039/d4ra04637d,2024
10.1039/d4ra07458k,2025
10.1039/d4ra07521h,2025
10.1039/d4ra08614g,2025
10.1039/d4sc01918k,2024
10.1039/d4sc03524k,2024
10.1039/d4sc03973d,2024
10.1039/d4sc04105d,2024
10.1039/d4sc04589k,2024
10.1039/d4sc04619f,2024
10.1039/d4sc05558f,2025
10.1039/d4sc06528j,2025
10.1039/d4sc07025a,2025
10.1039/d4sc07959k,2025
10.1039/d4sc07985j,2025
10.1039/d4ta00491d,2024
10.1039/d4ta00507d,2024
10.1039/d4ta01298d,2024
10.1039/d4ta01716a,2024
10.1039/d4ta02068e,2024
10.1039/d4ta03126a,2024
10.1039/d4ta03374d,2024
10.1039/d4ta05318d,2024
10.1039/d4ta05554c,2024
10.1039/d4ta06814a,2024
10.1039/d4ta06869f,2025
10.1039/d4ta07509a,2025
10.1039/d4ta07808j,2025
10.1039/d4ta08472a,2025
10.1039/d4tb00329b,2024
10.1039/d4tb01206b,2024
10.1039/d4tb01303d,2025
10.1039/d4tb01944j,2024
10.1039/d4tc00862f,2024
10.1039/d4tc01957a,2024
10.1039/d4tc02806f,2024
10.1039/d4tc03221g,2025
10.1039/d4tc03444a,2025
10.1039/d4tc04758c,2025
10.1039/d5ce00161g,2025
10.1039/d5ce00247h,2025
10.1039/d5ce00304k,2025
10.1039/d5dt00284b,2025
10.1039/d5dt00459d,2025
10.1039/d5dt00801h,2025
10.1039/d5dt00825e,2025
10.1039/d5gc01029b,2025
10.1039/d5gc01697e,2025
10.1039/d5na00087d,2025
10.1039/d5nj00024f,2025
10.1039/d5nj02067k,2025
10.1039/d5qi00261c,2025
10.1039/d5ra00355e,2025
10.1039/d5ra00392j,2025
10.1039/d5ra00509d,2025
10.1039/d5ra01942g,2025
10.1039/d5ra02661j,2025
10.1039/d5ra02959g,2025
10.1039/d5re00061k,2025
10.1039/d5sc02585k,2025
10.1039/d5ta00974j,2025
10.1039/d5ta01362c,2025
10.1107/S1600536809030177,2009
10.1107/S160053680904269X,2009
10.1107/S2053229614022256,2014
10.1107/S2053229615012115,2015
10.1107/S2053273314019573,2015
10.1111/j.1551-2916.2010.03824.x,2010
10.1111/jace.18672,2022
10.1134/S0020168515020181,2015
10.1134/S0036023609080208,2009
10.1134/S0036023611100159,2011
10.1134/S0036023612070133,2012
10.1134/S0036023613130032,2013
10.1134/S0036023622602872,2023
10.1134/S0036023622700097,2022
10.1134/S0036023623600946,2023
10.1134/S0036023624600060,2024
10.1134/S0036023624601119,2024
10.1134/S0036024415110084,2015
10.1134/S0036024417070160,2017
10.1134/S0965544110030011,2010
10.1134/S0965544123060257,2023
10.1134/S1063774516050072,2016
10.1134/S1063774517070161,2017
10.1134/S1068162023020036,2023
10.1134/S1070328409120100,2009
10.1134/S1070328410060059,2010
10.1134/S1070328411020035,2011
10.1134/S1070328411020047,2011
10.1134/S1070328411030031,2011
10.1134/S1070328411060121,2011
10.1134/S1070328411120116,2012
10.1134/S107032841202008X,2012
10.1134/S107032841206005X,2012
10.1134/S1070328413030056,2013
10.1134/S107032841306002X,2013
10.1134/S1070328414110086,2014
10.1134/S1070328414120082,2014
10.1134/S1070328415050036,2015
10.1134/S1070328415060068,2015
10.1134/S1070328415060081,2015
10.1134/S107032841510005X,2015
10.1134/S1070328416020020,2016
10.1134/S1070328416080054,2016
10.1134/S1070328416110051,2016
10.1134/S1070328417040091,2017
10.1134/S1070328417050013,2017
10.1134/S1070328417060033,2017
10.1134/S1070328417070065,2017
10.1134/S1070328417100086,2017
10.1134/S1070328417110100,2017
10.1134/S1070363207040354,2007
10.1134/S1070363215070075,2015
10.1134/S1070428016120022,2016
10.1155/2021/3138436,2021
10.1186/s11671-016-1529-z,2016
10.1186/s11671-016-1798-6,2017
10.1186/s11671-017-2376-2,2017
10.1186/s11671-023-03883-9,2023
10.1186/s11671-024-04152-z,2024
10.1186/s13065-018-0446-x,2018
10.1186/s13065-022-00821-1,2022
10.1186/s13065-022-00886-y,2022
10.14102/j.cnki.0254-5861.2011-1030,2016
10.14102/j.cnki.0254-5861.2011-1379,2017
10.14102/j.cnki.0254-5861.2011-1513,2017
10.14102/j.cnki.0254-5861.2011-1518,2017
10.14102/j.cnki.0254-5861.2011-1689,2018
10.14102/j.cnki.0254-5861.2011-1735,2017
10.14102/j.cnki.0254-5861.2011-1786,2018
10.14102/j.cnki.0254-5861.2011-2103,2019
10.14102/j.cnki.0254-5861.2011-2220,2019
10.14102/j.cnki.0254-5861.2011-2763,2021
10.14102/j.cnki.0254-5861.2011-2793,2021
10.14102/j.cnki.0254-5861.2011-2794,2021
10.14102/j.cnki.0254-5861.2011-2796,2021
10.14102/j.cnki.0254-5861.2011-2852,2021
10.14102/j.cnki.0254-5861.2011-2857,2021
10.14102/j.cnki.0254-5861.2011-2877,2021
10.14102/j.cnki.0254-5861.2011-3022,2020
10.14102/j.cnki.0254-5861.2011-3052,2021
10.14102/j.cnki.0254-5861.2011-3303,2022
10.14102/j.cnki.0254-5861.2021-0013,2022
10.14102/j.cnki.0254-5861.2022-0127,2022
10.1557/mrs.2020.271,2020
10.1557/s43577-022-00320-7,2022
10.1557/S43578-021-00466-1,2022
10.1557/s43578-022-00644-9,2022
10.1557/s43578-022-00772-2,2023
10.1557/s43578-024-01315-7,2024
10.1557/s43579-022-00170-z,2022
10.1557/s43579-023-00456-w,2023
10.5012/bkcs.2009.30.12.2921,2009
10.5012/bkcs.2010.31.6.1489,2010
10.5012/bkcs.2011.32.3.1017,2011
10.5012/bkcs.2011.32.8.2544,2011
10.5012/bkcs.2012.33.11.3777,2012
10.5012/bkcs.2012.33.11.3793,2012
10.5012/bkcs.2012.33.4.1259,2012
10.5012/bkcs.2012.33.5.1581,2012
10.5012/bkcs.2012.33.6.1929,2012
10.5012/bkcs.2012.33.8.2603,2012
10.5012/bkcs.2012.33.9.2917,2012
10.5012/bkcs.2013.34.6.1625,2013
10.5012/bkcs.2013.34.7.2138,2013
10.5012/bkcs.2013.34.8.2375,2013
10.5012/bkcs.2014.35.4.1177,2014
10.5012/bkcs.2014.35.5.1495,2014
10.5012/bkcs.2014.35.6.1659,2014
