rank,label,count
1,terephthalic acid,1891
2,"benzene-1,3,5-tricarboxylic acid",1141
3,2-methylimidazole,527
4,2-aminoterephthalic acid,499
5,"2,5-dihydroxyterephthalic acid",316
6,"biphenyl-4,4'-dicarboxylic acid",293
7,fumaric acid,227
8,isophthalic acid,175
9,"2,6-naphthalenedicarboxylic acid",140
10,tetrakis(4-carboxyphenyl)porphyrin,120
11,"2,5-thiophenedicarboxylic acid",116
12,"1,2,4,5-benzenetetracarboxylic acid",104
13,"4,4'-(hexafluoroisopropylidene)bis(benzoic acid)",94
14,"pyridine-3,5-dicarboxylic acid",91
15,"4,4'-bipyridine",83
16,"4,4'-oxybis(benzoic acid)",82
17,"1,3,5-tris(4-carboxyphenyl)benzene",81
18,"1,2,4-triazole",74
19,"2,5-furandicarboxylic acid",71
20,"1,4-naphthalenedicarboxylic acid",70
21,imidazole,70
22,"2,5-pyridinedicarboxylic acid",69
23,"4,4'-sulfonyldibenzoic acid",65
24,benzimidazole,65
25,"1,3,5-tris(1-imidazolyl)benzene",61
26,2-nitroterephthalic acid,61
27,isonicotinic acid,52
28,5-nitroisophthalic acid,51
29,"pyridine-2,6-dicarboxylic acid",43
30,5-(4-carboxy-2-nitrophenoxy)isophthalic acid,39
31,"bis-(3,5-dicarboxyphenyl)terephthalamide",39
32,"1,2,4-benzenetricarboxylic acid",38
33,2-bromoterephthalic acid,38
34,"2,2'-bipyridine-5,5'-dicarboxylic acid",36
35,"pyrazine-2,3-dicarboxylic acid",36
36,"3,3',5,5'-azobenzenetetracarboxylic acid",34
37,D-camphoric acid,33
38,"imidazole-4,5-dicarboxylic acid",33
39,tetrafluoroterephthalic acid,31
40,5-aminoisophthalic acid,29
41,"biphenyl-3,4',5-tricarboxylic acid",28
42,disodium isophthalate,28
43,succinic acid,26
44,"2,3-dimethylsuccinic acid",24
45,2-nitroimidazole,24
46,L-tartaric acid,24
47,"1,3-adamantanediacetic acid",23
48,"2,5-bis(carboxymethylmercapto)-1,3,4-thiadiazole acid",23
49,4-aminobenzoic acid,23
50,"5,5'-(ethane-1,2-diyl)-bis(oxy)diisophthalic acid",23
51,5-bromoisophthalic acid,23
52,"pyridine-2,3-dicarboxylic acid",23
53,"2,2'-bipyridine-3,3'-dicarboxylic acid",22
54,"3-amino-1,2,4-triazole",22
55,"5-(3,5-dicarboxybenzyloxy)isophthalic acid",22
56,5-(4-pyridyl)-isophthalic acid,22
57,5-(isonicotinamido)isophthalic acid,22
58,"1,3,6,8-tetrakis(p-benzoic acid)pyrene",21
59,"1H,5H-benzo(1,2-d:4,5-d')bistriazole",21
60,"1H-benzimidazole-5,6-dicarboxylic acid",21
61,4-methyl-5-imidazolecarboxaldehyde,21
62,HOOCC6H4CH2PO(OH)(OC2H5),21
63,2-hydroxyterephthalic acid,20
64,"4,4'-(phenylazanediyl)dibenzoic acid",20
65,"4-aminonaphthalene-2,6-dicarboxylic acid",20
66,5-methoxyisophthalic acid,20
67,D-(+)-camphoric acid,19
68,nicotinic acid,19
69,"1H-1,2,3-triazole",18
70,"4,4',4″,4‴-(Porphine-5,10,15,20-tetrayl)tetrakis(benzoic acid)",18
71,"4,4'-azobenzenedicarboxylic acid",18
72,"bicyclo[1.1.1]pentane-1,3-dicarboxylic acid",18
73,oxalic acid,18
74,"1,1'-ferrocenedicarboxylic acid",17
75,L-malic acid,17
76,"[1,1':4',1″]terphenyl-3,3″,5,5″-tetracarboxylic acid",17
77,"biphenyl-4,4'-diacetic acid",17
78,"1,4-bis(3-pyridyl)-2,3-diaza-1,3-butadiene",16
79,"1,4-dibromo-2,3,5,6-tetrakis(4-carboxyphenyl)benzene",16
80,"2,2-dimethylsuccinic acid",16
81,"4'-(2-carboxyphenyl)-4,2':6',4″-terpyridine",16
82,"4,4'-oxybisbenzoic acid",16
83,5-sulfoisophthalic acid monosodium salt,16
84,"1,10-phenanthroline",15
85,"1,3-bis(4-pyridyl)propane",15
86,"1,4-di(1H-imidazol-4-yl)benzene",15
87,"4,4',4″-s-triazine-2,4,6-triyl-tribenzoic acid",15
88,"5,5'-(1,4-phenylenebis(methylene))bis(oxy)diisophthalic acid",15
89,formic acid,15
90,imidazole-2-carboxaldehyde,15
91,"methylenebis(3,5-dimethylpyrazole)",15
92,sodium oxalate,15
93,"1,1':4',1″-terphenyl-3,3″,5,5″-tetracarboxylic acid",14
94,"3,5-di(imidazol-1-yl)benzoic acid",14
95,"4,4'-stilbenedicarboxylic acid",14
96,"4,8-disulfonyl-2,6-naphthalenedicarboxylic acid",14
97,5-(3-pyridylmethoxy)isophthalic acid,14
98,"Bicyclo[2.2.2]octane-1,4-dicarboxylic acid",14
99,pamoic acid,14
100,pyrazine,14
101,tetrakis(4-pyridyloxymethylene)methane,14
102,"1,4-phenylenediacetate",13
103,"1,5-naphthalenedisulfonate",13
104,"2,2'-bipyridine-4,4'-dicarboxylic acid",13
105,"2,5-dibromoterephthalic acid",13
106,"3,3',5,5'-biphenyltetracarboxylic acid",13
107,"3,3',5,5'-tetra(1H-imidazol-1-yl)-1,1'-biphenyl",13
108,"3,3',5,5'-tetramethyl-4,4'-bipyrazole",13
109,"3,3'-((5-carboxy-1,3-phenylene)bis(oxy))dibenzoic acid",13
110,"4,4',4″,4'''-benzene-2,3,5,6-tetrayl-tetrabenzoate",13
111,"4,4',4″,4'''-pyrazine-2,3,5,6-tetrayl-tetrabenzoate",13
112,"4,4'-((5-carboxy-1,3-phenylene)bis(oxy))dibenzoic acid",13
113,"4-carboxy-1-(3,5-dicarboxy-benzyl)-pyridinium chloride",13
114,4-pyrazolecarboxylic acid,13
115,benzoic acid,13
116,benzotriazole,13
117,benzotriazole-5-carboxylic acid,13
118,diphenic acid,13
119,disodium terephthalate,13
120,pyromellitic acid,13
121,"1,2,3-triazole",12
122,"1,3,5-tris(4'-phosphonophenyl)-2,4,6-trimethylbenzene",12
123,1-(1H-imidazol-4-yl)-4-(4H-tetrazol-5-yl)benzene,12
124,"2,2'-bipyrimidine",12
125,"2,5-dimethylterephthalic acid",12
126,"2-(pyridin-4-yl)-1H-imidazole-4,5-dicarboxylic acid",12
127,2-ethylimidazole,12
128,"3,3',4,4'-diphenylsulfonetetracarboxylic acid",12
129,"4-(3-(4-(carboxyphenyl)-5-methyl-4H-1,2,4-triazol-4-yl)benzoic acid",12
130,"[1,1':4',1″-terphenyl]-2',4,4″,5'-tetracarboxylic acid",12
131,adenine,12
132,adipamide,12
133,benzene tribenzoate,12
134,"biphenylethene-4,4'-dicarboxylic acid",12
135,"lithium 1-(4-pyridinylmethyl)-1H-1,2,4-triazole-3-carboxylate",12
136,oxalic acid dihydrate,12
137,"1,2,4,5-tetrakis(4-carboxyphenyl)benzene",11
138,"1,3,5-tris(triazol-1-ylmethyl)-2,4,6-trimethylbenzene",11
139,"1,4-bis(1H-pyrazol-4-yl)benzene",11
140,"1,4-cyclohexanedicarboxylic acid",11
141,"1,4-phenylenediacetic acid",11
142,"1H-1,2,3-triazole-4,5-dicarboxylic acid",11
143,"2,2'-biphenic acid",11
144,"2,4,6-tris(4-pyridyl)-1,3,5-triazine",11
145,"2-(3,4-dimethylphenyl)-1H-imidazole-4,5-dicarboxylic acid",11
146,2-(carboxylmethoxy)terephthalic acid,11
147,"2-(pyridin-2-yl)-1H-imidazole-4,5-dicarboxylic acid",11
148,2-methylterephthalic acid,11
149,"3,5-disulfobenzoic acid, disodium salt",11
150,"4,4'-oxydibenzoic acid",11
151,"4,5-dichloroimidazole",11
152,5-(4-carboxybenzyloxy)isophthalic acid,11
153,5-(benzonic-4-ylmethoxy)isophthalic acid,11
154,5-methylisophthalic acid,11
155,"9,9-dimethylfluorene-2,7-dicarboxylic acid",11
156,"biphenyl-3,3',5,5'-tetracarboxylic acid",11
157,carboxylate-functionalized naphthalene diimide linker,11
158,phthalic acid,11
159,potassium hexacyanoferrate(III),11
160,squaric acid,11
161,tetrakis(4-carboxyphenyl)ethylene,11
162,tetrakis(imidazol-1-ylmethyl)methane,11
163,(3-carboxyl-phenyl)-(4-(2'-carboxyl-phenyl)-benzyl) ether,10
164,"(S)-(-)-1,10-binaphtho-2,2'-diacetic acid",10
165,"1,2,3,4,5,6-cyclohexanehexacarboxylic acid hydrate",10
166,"1,2-bis(4-pyridyl)ethylene",10
167,"1,3,5-benzenetrisbenzoic acid",10
168,"1,3-bis(1-imidazolyl)-5-(imidazol-1-ylmethyl)benzene",10
169,"1,4,8,11-tetrazacyclododecane-N,N',N″,N‴-tetra-methylene-isophthalic acid",10
170,"1,4-benzene dicarboxylic acid",10
171,"1,4-benzenedicarboxylate",10
172,"2-(5-bromo-pyridin-3-yl)-1H-imidazole-4,5-dicarboxylic acid",10
173,"2-(pyridine-3-yl)-1H-4,5-imidazoledicarboxylic acid",10
174,2-dihydroxymalonic acid,10
175,"2-ethyl-1H-imidazole-4,5-dicarboxylic acid",10
176,"3,5-bi(4-carboxy-phenoxy)-benzoic acid",10
177,3-(2'3'-dicarboxylphenoxy)benzoic acid,10
178,"4,4',4″-((1,3,5-triazine-2,4,6-triyl)tris(azanediyl)) tribenzoic acid",10
179,"4-(3,5-dimethyl-1H-pyrazol-4-yl)benzoic acid",10
180,"4-hydroxypyridine-2,6-dicarboxylic acid",10
181,"5-(2,6-bis(4-carboxyphenyl)pyridin-4-yl)isophthalic acid",10
182,5-methyl-2-pyrazinecarboxylic acid,10
183,5-oxyacetate isophthalic acid,10
184,H2(Me-prz-trz-ia),10
185,"N,N'-bis(pyridin-3-ylmethyl)ethane-1,2-diamine",10
186,adipic acid,10
187,"anthracene-9,10-dicarboxylic acid",10
188,"pyridine-3,4-dicarboxylic acid",10
189,"sodium 1,3,5-benzenetricarboxylate",10
190,"1,1'-ethynebenzene-3,3',5,5'-tetracarboxylate",9
191,"1,2,3,4-benzenetetracarboxylic acid",9
192,"1,2-phenylenediacetic acid",9
193,"1,3,5-triazine-2,4,6-triamine hexaacetic acid",9
194,"1,4-bis(2-methylimidazol-1-yl)butane",9
195,1-(2-methylbenzimidazol-1-ylmethyl)benzotriazole,9
196,"2',3',5',6'-tetramethylterphenyl-4,4″-dicarboxylic acid",9
197,"2,20:40,400:200,2000-quarterpyridyl-60,600-di-2-pyridine",9
198,"2,4'-biphenyldicarboxylic acid",9
199,2-(pyridyl-N-oxide)methylphosphonic acid,9
200,"3,3',4,4'-oxydiphthalic acid",9
201,"3,3'-azodibenzoic acid",9
202,"3,4-pyridinedicarboxylic acid",9
203,"3-amino-1,2,4-triazole-5-carboxylic acid",9
204,"4,4'-bipyridyl",9
205,"4,8-diaminonaphthalene-2,6-dicarboxylic acid",9
206,"4-(3-(3-(carboxyphenyl)-5-methyl-4H-1,2,4-triazol-4-yl)benzoic acid",9
207,4-(4'-phosphonophenoxy)phenyl phosphonic acid,9
208,5-(2'-carboxylphenyl) nicotinic acid,9
209,5-hydroxyisophthalic acid,9
210,5-tert-butyl isophthalic acid,9
211,"9,10-anthracenedicarboxylic acid",9
212,H2(Me-2pym-trz-ia),9
213,"N,N-bis(glycinyl)-pyromellitic diimide",9
214,[Co(Hdcbpy)3]·6H2O,9
215,"biphenyl-2,4,4'-tricarboxylic acid",9
216,"biphenyl-3,2',5'-tricarboxylic acid",9
217,"nickel(II) 5,10,15,20-tetrakis(3,4-dihydroxyphenyl)porphyrin",9
218,"potassium perylene-3,4,9,10-tetracarboxylate",9
219,"trans, trans-muconic acid",9
220,"trans-1,4-cyclohexanedicarboxylic acid",9
221,tris(2-carboxyethyl) isocyanurate,9
222,"tris(4-(1H-1,2,4-triazol-1-yl)phenyl)amine",9
223,"(3,5-dicarboxylphenyl)-(4-(2'-carboxylphenyl)benzyl) ether",8
224,"1,1'-(Anthracene-9,10-diylbis(methylene))bis(pyridin-1-ium-4-olate)",8
225,"1,1':3,1''-terphenyl-4,4'',5'-tricarboxylic acid",8
226,"1,2-bis(4-pyridyl)ethane",8
227,"1,3,5-tris(carboxymethoxy)benzene",8
228,"1,4-bis(1,2,4-triazol-1-ylmethyl)-2,3,5,6-tetramethylbenzene",8
229,"1-((1H-1,2,4-triazol-1-yl)methyl)-3,5-bis(4-pyridyl)-1,2,4-triazole",8
230,"2'-amino-[1,1':4',1″-terphenyl]-4,4″-dicarboxylic acid",8
231,"2,2'-azodibenzoic acid",8
232,"2,2'-oxydiacetic acid",8
233,"2-(3,5-dicarboxybenzyloxy) benzoic acid",8
234,2-fluoroterephthalic acid,8
235,"3,5-bis((4'-carboxylbenzyl)oxy)benzoic acid",8
236,"3,5-bis(imidazole-1-yl)pyridine",8
237,3-carboxy-1-(4'-carboxy-benzyl)-2-oxidopyridinium,8
238,"4',4'',4''',4''''-methanetetrayltetrabiphenyl-4-carboxylic acid",8
239,"4,4'-dicarboxybiphenyl sulfone",8
240,4-(4-carboxy-phenyl)-pyridine-2-carboxylic acid,8
241,4-carboxycinnamic acid,8
242,"5,5',5″-(1,3,5-triazine-2,4,6-triyl)tris(azanediyl)triisophthalate",8
243,5-(3-(1H-imidazol-1-yl)phenyl)-1H-tetrazole,8
244,"5-[(1H-1,2,4-triazol-1-yl)methoxy] isophthalic acid",8
245,5-acetamidoisophthalic acid,8
246,5-aminotetrazole monohydrate,8
247,"9,10-di(1H-imidazol-1-yl)anthracene",8
248,"[1,1':3',1″-terphenyl]-3,3″,5,5″-tetracarboxylic acid",8
249,azelaic acid,8
250,"azoxybenzene-3,3',5,5'-tetracarboxylic acid",8
251,"benzophenone-4,4'-dicarboxylic acid",8
252,"bis(4-(1,2,4-triazol-4-yl)phenyl)methane",8
253,"cyclobutane-1,2,3,4-tetracarboxylic dianhydride",8
254,gallic acid monohydrate,8
255,glutaric acid,8
256,"pyridazine-3,6-dicarboxylic acid",8
257,"terphenyl-3,3″,5,5″-tetracarboxylic acid",8
258,"1',2',3',4',5',6'-hexakis(4-carboxyphenyl)benzene",7
259,"1,1'-(oxybis(1,4-phenylene))bis(1H-1,2,4-triazole)",7
260,"1,1'-oxybis[3,5-dipyridine-benzene]",7
261,"1,2,4,5-tetrakis(imidazol-1-ylmethyl)benzene",7
262,"1,3-di-(1,2,4-triazol-4-yl)benzene",7
263,"1,7-di(4-carboxyphenyl)-1,7-dicarba-closo-dodecaborane",7
264,"1-bromo-3,5-bis(imidazol-1-ylmethyl)benzene",7
265,"2',5'-dimethyl-[1,1':4',1''-terphenyl]-4,4''-dicarboxylic acid",7
266,"2,2',3,3'-benzophenone tetracarboxylic dianhydride",7
267,"2,2'-bipyridine",7
268,"2,3,5,6-tetrafluoroterephthalic acid",7
269,"2,3-naphthalenedicarboxylic acid",7
270,"2,4,6-pyridinetricarboxylic acid",7
271,"2,5-dichloroterephthalic acid",7
272,"2,5-dihydroxybenzene-1,4-dicarboxylic acid",7
273,"2,6-naphthalene dicarboxylic acid",7
274,"2,7-bis(4-benzoic acid)-N-(4-benzoic acid)carbazole",7
275,"2-(p-methylphenyl)-1H-imidazole-4,5-dicarboxylic acid",7
276,"2-aminobenzene-1,4-dicarboxylate",7
277,2-azidobenzoic acid,7
278,2-chloroterephthalic acid,7
279,"2-p-methoxyphenyl-1H-imidazole-4,5-dicarboxylic acid",7
280,"3,5-bi(4-carboxy-phenoxy)benzoic acid",7
281,"3,5-bis(4-carboxyphenyl)pyridine",7
282,"3,5-bis(4-carboxyphenylmethyloxy) benzoic acid",7
283,"3,5-di(1H-imidazol-1-yl)benzoic acid",7
284,"3,5-di(1H-imidazol-1-yl)benzonitrile",7
285,"3-(pyridin-3-yloxy)benzene-1,2-dicarboxylic acid",7
286,"3-ammonium-1-hydroxypropylidene-1,1-diphosphonic acid",7
287,"4'-(2,4-disulfophenyl)-4,2':6',4″-terpyridine",7
288,"4,4''-dihydroxy-[1,1':4',1'']-terphenyl-3,3''-dicarboxylic acid",7
289,"4,4',4''-benzene-1,3,5-triyl-tribenzoic acid",7
290,"4,4',4″-nitrilotribenzoic acid",7
291,"4,4'-azobenzoic acid",7
292,"4,4'-bis(imidazol-1-yl)diphenyl ether",7
293,"4,4'-bis[(1,2,4-triazol-1-yl)methyl]biphenyl",7
294,"4,4'-hexafluoroisopropylidenebisbenzoic acid",7
295,"4,4,4,4-(Porphine-5,10,15,20-tetrayl) tetrakis",7
296,"4,5-dicyanoimidazole",7
297,"5,5'-(hexane-1,6-diyl)-bis(oxy)diisophthalic acid",7
298,"5,5'-bis(1H-imidazol-1-yl)-2,2'-bithiophene",7
299,"5,5'-methylenediisophthalic acid",7
300,"5,5'-oxydiisophthalic acid",7
301,5-((carboxymethyl)amino)isophthalic acid,7
302,5-(2-carboxybenzyloxy) isophthalic acid,7
303,5-(3'4'-dicarboxylphenoxy)isophthalic acid,7
304,5-amino-tetrazole,7
305,5-methyl-1H-tetrazole,7
306,"5-nitro-1,2,3-benzenetricarboxylic acid",7
307,"6,6',6'',6'''-(7-(tert-butyl)pyrene-1,3,5,9-tetrayl)tetrakis(2-naphthoic acid)",7
308,"N,N'-diacetic acid imidazolium",7
309,"N,N'-piperazinebis(methylenephosphonic acid) hydrochloride",7
310,[PR63]2+·2[NO3]−,7
311,"benzene-1,4-dioxydiacetic acid",7
312,"biphenyl-2,4,6,3',5'-pentacarboxylic acid",7
313,"cis,cis-1,3,5-cyclohexanetricarboxylic acid",7
314,"cyclohexane-1,2,4,5-tetracarboxylic acid",7
315,"difluoro-substituted 4,4'-[1,4-phenylene-bis(ethyne-2,1-diyl)]-dibenzoic acid",7
316,isonicotinic acid N-oxide,7
317,meso-tartaric acid monohydrate,7
318,monosodium salt of 2-sulfonyl terephthalic acid,7
319,sebacic acid,7
320,tetrakis(4-(2-(pyridin-4-yl)ethyl)phenyl)methane,7
321,triptycenedicarboxylic acid,7
322,tris(4'-carboxybiphenyl)amine,7
323,(1S)-1-(5-tetrazolyl)ethylamine,6
324,"1,3,5,7-adamantane tetracarboxylic acid",6
325,"1,3,5-benzenetriphosphonic acid",6
326,"1,3,5-tri(1H-imidazol-4-yl)benzene",6
327,"1,3,5-tris(pyridin-4-ylethynyl)benzene",6
328,"1,3,6,8-tetrakis(4-carboxyphenyl)pyrene",6
329,"1,3-bis(1,2,4-triazol-1-yl)propane",6
330,"1,3-bis(benzimidazolyl)benzene",6
331,"1,3-phenylenediacetic acid",6
332,"1,4-bis(1,2,4-triazol-1-yl)butane",6
333,"1,4-bis(1-imidazolyl)benzene",6
334,"1,4-bis(2-(4-thiazolyl)benzimidazol-1-ylmethyl)benzene",6
335,"1,4-bis(imidazol-1-yl)benzene",6
336,"1,4-naphthalenedicarboxylate",6
337,"1-(2-carboxyethyl)-1H-1,2,4-triazole-3-carboxylic acid",6
338,1-(4-(1H-imidazole-1-yl)butyl)-1H-imidazole,6
339,"1H-2-methyl-4,5-imidazole-dicarboxylic acid",6
340,1H-pyrazole-4-carboxylic acid,6
341,"2,2',4,4'-biphenyltetracarboxylic acid",6
342,"2,2'-Bipyridine-5,5'-dicarboxylic acid",6
343,"2,2'-bipyridine-3,3',6,6'-tetracarboxylic acid",6
344,"2,2'-bithiophene-5,5'-dicarboxylic acid",6
345,"2,2'-oxybis(benzoic acid)",6
346,2-(4-carboxylphenoxy)terephthalic acid,6
347,"2-amino-1,4-benzenedisulfonate",6
348,2-amino-5-nitroterephthalic acid,6
349,"2-aminobenzene-1,4-dicarboxylic acid",6
350,"2-methyl-1H-imidazole-4,5-dicarboxylic acid",6
351,"2-phenyl-1H-imidazole-4,5-dicarboxylic acid",6
352,2-phenylazoimidazole,6
353,"3,3'-dichloro-4,4'-azobenzenedicarboxylic acid",6
354,"3,5,3',5'-oxytetrabenzoic acid",6
355,"3,5-bis(3,5-dicarboxylphenyl)-1-H-1,2,4-triazole",6
356,3-pyridin-4-ylbenzoic acid,6
357,"3-quinolinecarbonitrile (in situ to 5-(quinolyl)tetrazolate, QTZ)",6
358,"4'-(4-(benzimidazol-1-yl)phenyl)-4,2':6',4''-terpyridine",6
359,"4'-(4-pyridyl)-2,2':6',2″-terpyridine",6
360,"4,4',4''-(2,4,6-trimethylbenzene-1,3,5-triyl)tribenzoic acid",6
361,"4,4',4″,4‴-(pyrazine-2,3,5,6-tetrayl)tetrabenzoic acid",6
362,"4,4',4″-(nitrilotris(methylene))tribenzoic acid",6
363,"4,4',4″-benzene-1,3,5-triyl-tribenzoic acid",6
364,"4,4'-(ethyne-1,2-diyl)dibenzoic acid",6
365,"4,4'-(hexafluoroisopropylidene)diphthalic acid",6
366,"4,4'-biphenyl dicarboxylic acid",6
367,"4,4'-bis(1,2,4-triazol-1-ylmethyl)biphenyl",6
368,"4,4'-dicarboxydiphenylamine",6
369,"4,4'-dihydroxy-(1,1'-biphenyl)-3,3'-dicarboxylic acid",6
370,"4,4'-dipyridylamine",6
371,"4-(4H-1,2,4-triazol-4-yl)benzoic acid",6
372,4-(5-carboxypyridin-2-yl)isophthalic acid,6
373,"4-amino-3,5-bis(4-pyridyl)-1,2,4-triazole",6
374,"5,5'-(2,2-bis((3,5-dicarboxyphenoxy)methyl)propane-1,3-diyl)bis(oxy)diisophthalic acid",6
375,"5,5'-bis(4-pyridyl)-2,2'-bithiophene",6
376,5-(3-Pyridylmethoxy)isophthalic acid,6
377,5-(3-carboxy-phenyl)-pyridine-2-carboxylic acid,6
378,5-(4-carboxyphenoxy)isophthalic acid,6
379,5-(4-pyridyl)-methoxyl isophthalic acid,6
380,5-(4-pyridyl)tetrazole,6
381,5-(bis(4-carboxybenzyl)amino)isophthalic acid,6
382,5-(pyrazinyl)tetrazole,6
383,5-(pyridin-4-yl)isophthalic acid,6
384,5-amino-1H-tetrazole,6
385,"6,6'-dithiodinicotinic acid",6
386,"Bis(4-(4H-1,2,4-triazol-4-yl)phenyl)methane",6
387,"D,L-tartaric acid",6
388,N-(phosphonomethyl)iminodiacetic acid,6
389,"[1,1'-biphenyl]-3,3',5,5'-tetracarboxylic acid",6
390,acetylenedicarboxylic acid,6
391,"benzene-1,2,4-tricarboxylic acid",6
392,glutarate,6
393,"meso-2,3-dimethylsuccinic acid",6
394,"p-terphenyl-2,2'',2''',5,4'',4'''-hexcarboxylic acid",6
395,purine,6
396,"trans,trans-muconic acid",6
397,tri(2-carboxyethyl)isocyanurate,6
398,"trimethyl 1,3,5-benzenetricarboxylate",6
399,tris(4-imidazolylphenyl)amine,6
400,tris(pyrazin-2-ylmethyl)phosphine,6
401,γ-cyclodextrin,6
402,"(3,5-dicarboxyl-phenyl)-(4-(2'-carboxyl-phenyl)-benzyl)ether",5
403,(E)-2-[2-(4-Carboxy)ethenyl]-8-hydroxyquinoline,5
404,(R)-4-(4-(1-carboxyethoxy)phenoxy)-3-fluorobenzoic acid,5
405,(R)-malic acid,5
406,(ethylenedithio)diacetic acid,5
407,(pyridin-3-yl)methyl 4-(2-(4-((pyridin-3-yl)methoxy)phenyl)diazenyl)benzoate,5
408,"1,1'-oxybis[3,5-di-4-pyridine]-benzene",5
409,"1,2,3-benzenetricarboxylic acid",5
410,"1,2-bis(4-pyridyl)ethene",5
411,"1,3,5-benzene-tri-p-phenylphosphonic acid",5
412,"1,3-bis(2-methylimidazolyl)propane",5
413,"1,3-bis(3-carboxyphenyl)-1H-imidazol-3-ium bromide",5
414,"1,4-bis(1H-imidazol-1-yl)benzene",5
415,"1,4-bis(2-[4-carboxyphenyl]ethynyl)benzene",5
416,"1,4-bis(2-methylbenzimidazol-1-ylmethyl)benzene",5
417,"1,4-bis(imidazol-1-ylmethyl)benzene",5
418,"1,4-bis[2-(4-pyridyl)ethenyl]-2,3,5,6-tetramethylbenzene",5
419,"1,4-phenylenedipropionic acid",5
420,"1-(4-(1H-imidazol-5-yl)phenyl)-1H-1,2,4-triazole",5
421,"1-(9-(1H-1,2,4-triazol-1-yl)anthracen-10-yl)-1H-1,2,4-triazole",5
422,"1H-1,2,4-triazole",5
423,"1H-3,5-bis(pyrazinyl)-1,2,4-triazole",5
424,"1H-pyrazole-3,5-dicarboxylic acid",5
425,"2,1,3-benzothiadiazole-4,7-dicarboxylic acid",5
426,"2,2'-biphenyldicarboxylic acid",5
427,"2,2'-bipyridine-6,6'-dicarboxylic acid",5
428,"2,3',4,4'-diphenyl ether tetracarboxylic acid",5
429,"2,3',5,5'-biphenyl tetracarboxylic acid",5
430,"2,3',5,5'-biphenyltetracarboxylic acid",5
431,"2,4,6-trimethylbenzene-1,3,5-tricarboxylic acid",5
432,"2,4,6-tris(3,5-dicarboxylphenylamino)-1,3,5-triazine",5
433,"2,4,6-tris(4-carboxyphenoxy)-1,3,5-triazine",5
434,"2,4,6-tris(4-carboxyphenyl)-1,3,5-triazine",5
435,"2,4-bis(4-carboxyphenylamino)-6-bis(carboxymethyl)amino-1,3,5-triazine",5
436,"2,4-dihydroxypyrimidine-5-carboxylic acid",5
437,"2,5-bis(4-pyridyl)-1,3,4-oxadiazole",5
438,"2,5-bis(prop-2-yn-1-yloxy)terephthalic acid",5
439,"2,5-pyrazinedicarboxylic acid",5
440,"2,6-bis(3,5-dicarboxyphenyl)pyridine",5
441,"2,7-bis(4-benzoic acid)-N-(4-benzoic acid) carbazole",5
442,"2,7-dihydroxybenzo[lmn][3,8]phenanthroline-1,3,6,8(2H,7H)-tetraone",5
443,"2,7-naphthalenedisulfonate",5
444,"2,8-di(1H-imidazol-1-yl)dibenzofuran",5
445,"2-(2-carboxyphenyl)imidazo(4,5-f)-(1,10)phenanthroline",5
446,2-(Dimethylamino)terephthalic acid,5
447,2-(benzimidazol-1-yl)terephthalic acid,5
448,"2-[4-(1H-imidazole-1-ylmethyl)-1H-1,2,3-triazol-1-yl] acetic acid",5
449,2-hydroxyisophthalic acid,5
450,2-mercaptonicotinic acid,5
451,2-methoxyterephthalic acid,5
452,2-methylsuccinic acid,5
453,"2-propyl-1H-imidazole-4,5-dicarboxylic acid",5
454,2-pyrimidinecarbonitrile,5
455,"3,3',4,4'-biphenyltetracarboxylic acid",5
456,"3,3',5,5'-azoxybenzenetetracarboxylic acid",5
457,"3,5-bis-oxyacetate-benzoic acid",5
458,"3,5-diamino-1,2,4-triazole",5
459,"3,5-pyrazoledicarboxylic acid",5
460,"3-(3,5-dicarboxylphenyl)-5-(pyrid-4-yl)-1-H-1,2,4-triazole",5
461,3-aminopyrazine-2-carboxylic acid,5
462,"3-carboxy-1-(3,5-dicarboxybenzyl)pyridinium bromide",5
463,3-cyanobenzoic acid (in situ precursor to 3-(1H-tetrazol-5-yl)benzoate),5
464,3-phenyl-1H-pyrazole-4-carboxylic acid,5
465,"4,4',4''-nitrilotribenzoic acid",5
466,"4,4',6,6'-tetracarboxy-2,2'-bipyridine",5
467,"4,4'-(hydroxymethanediyl) dibenzoic acid",5
468,"4,4'-[1,4-phenylenebis(ethyne-2,1-diyl)]-dibenzoic acid",5
469,"4,4'-azodibenzoic acid",5
470,"4,4'-carbonyldibenzoic acid",5
471,"4,4'-dicarboxydiphenyl sulfone",5
472,"4,4'-dithiodibenzoic acid",5
473,4-(1H-tetrazol-5-yl)phenol,5
474,"4-(3',5'-dicarboxylphenoxy)phthalic acid",5
475,4-(4-carboxyphenoxy)-isophthalic acid,5
476,"4-(4-carboxyphenyl)-4,2':6',4''-terpyridine",5
477,"4-(4-carboxyphenylamino)-3,5-dinitrobenzoic acid",5
478,4-(6-carboxy-pyridin-3-yl)-isophthalic acid,5
479,4-[(1H-imidazol-4-yl)methylamino]benzoic acid,5
480,4-phosphonato-4'-biphenylcarboxylic acid,5
481,4-pyr-poly-2-ene,5
482,4-pyridylacetic acid hydrochloride,5
483,4-pyridyltetrazole,5
484,"5,5'-(1,2-phenylenebis(methoxy))diisophthalic acid",5
485,"5,5'-(2,3,6,7-tetramethoxyanthracene-9,10-diyl)diisophthalic acid",5
486,"5,5'-(p-xylylenediamino)-1,1',3,3'-(benzenetetracarboxylic acid)",5
487,5-(1H-tetrazol-5-yl)isophthalic acid,5
488,"5-(3,5-dicarboxybenzyloxy)-3-pyridine carboxylic acid",5
489,5-(6-Carboxypyridin-3-yl)isophthalic acid,5
490,5-(pyridine-3-yl)pyrazole-3-carboxylic acid,5
491,"5-[(3,5-Dicarboxybenzyl)oxy]isophthalic acid",5
492,"5-[2-{2,4,6-trioxotetrahydropyrimidin-5(2H)-ylidene}hydrazinyl]isophthalic acid",5
493,5-bromonicotinic acid,5
494,5-tert-butylisophthalic acid,5
495,"6,6'-dinitrobiphenyl-2,2',4,4'-tetracarboxylic acid",5
496,6-(4-carboxyphenyl)nicotinic acid,5
497,"Benzene-1,3,5-tris(4-benzoic acid)",5
498,"Biphenyl-3,4',5-tricarboxylic acid",5
499,D-tartaric acid,5
500,K(H2dF-BTC),5
501,L-tyrosine,5
502,"N,N'-bis(5-isophthalic acid)naphthalenediimide",5
503,"N,N-di-(phenyl-2-hydroxy-4-carboxylate)-naphthalene-1,4,5,8-tetracarboxylic acid diimide",5
504,"[1,1':3',1''-terphenyl]-3,3'',5,5''-tetracarboxylic acid",5
505,"[1,1';4',1″]terphenyl-3,5,2',5',3″,5″-hexacarboxylic acid",5
506,amino-terephthalic acid,5
507,"benzene-1,3,5-tri-β-acrylic acid",5
508,"benzene-1,3,5-tribenzoic acid",5
509,"benzene-1,3,5-triphosphonic acid",5
510,"benzene-2,5-dihydroxy-1,4-dicarboxylic acid",5
511,"benzophenone-2,4'-dicarboxylic acid",5
512,biphenyldicarboxylic acid,5
513,bis(4-(pyridine-4-yl)phenyl)amine,5
514,"cis,cis-1,3,5-cyclohexanetricarboxylate",5
515,"cyclohex-1-ene-1,2-dicarboxylic acid",5
516,disodium 2-hydroxyterephthalate monohydrate,5
517,fluconazole,5
518,"hexakis(1,2,4-triazol-ylmethyl)benzene",5
519,hexakis(4-carboxyphenoxy)cyclotriphosphazene,5
520,homoterephthalic acid,5
521,meso-tartaric acid hydrate,5
522,methylmalonic acid,5
523,"naphthalene-2,3-dicarboxylic acid",5
524,nitro terephthalic acid,5
525,polyethylene terephthalate,5
526,polyethylene terephthalate (PET) waste,5
527,"pyrazole-3,5-dicarboxylic acid monohydrate",5
528,pyrimidin-2-ol,5
529,"tetrahydrofuran-2,3,4,5-tetracarboxylic acid",5
530,tetrakis(3-carboxyphenyl)silicon,5
531,tetrakis(4-carboxyphenyl)silane,5
532,tetrathiafulvalene tetrabenzoic acid,5
533,tris(p-carboxyphenyl)methane,5
534,trisodium 5-sulfoisophthalate,5
535,"(1,1'-biphenyl)-2,4,6-tricarboxylic acid",4
536,"(2S,3S,4R,5R)-tetrahydrofurantetracarboxylic acid",4
537,"(3,5-dicarboxyl-phenyl)-(4-(2'-carboxyl-phenyl)-benzyl) ether",4
538,(E)-5-(2-carboxyvinyl)thiophene-3-carboxylic acid,4
539,"(R,R)-2,2'-((5-(methoxycarbonyl)-1,3-phenylene)bis(oxy))dipropanoic acid",4
540,(S)-5-(((1-carboxyethyl)amino)methyl)isophthalic acid,4
541,"(S,S)-2,2'-((5-(methoxycarbonyl)-1,3-phenylene)bis(oxy))dipropanoic acid",4
542,"1,1'-biphenyl-2,2'-dicarboxylate acid",4
543,"1,1'-biscarboxymethyl-4,4'-bipyridium",4
544,"1,1':4',1″:4″,1‴-quaterphenyl-2,4,2‴,4‴-tetracarboxylic acid",4
545,"1,1-(1,4-butanediyl)bis-1H-benzimidazole",4
546,"1,2,3,4,5,6-hexakis[4,4″-dicarboxy-(1,1':3',1″-terphenyl)]benzene",4
547,"1,2,3,4,5-benzenepentacarboxylic acid",4
548,"1,2,3,4-tetra-(4-pyridyl)-butane",4
549,"1,2,4,5-tetrakis[(4-carboxy)phenoxymethyl]benzene",4
550,"1,2-benzenedicarboxylic acid",4
551,"1,2-bis(pyridin-3-yloxy)ethane",4
552,"1,2-bis[4-(4H-1,2,4-triazol-4-yl)phenoxy]ethane",4
553,"1,2-bis[4-amino-5-carboxylmethylthio-(1,2,4-triazol-3-yl)]ethane",4
554,"1,3,5,7-tetrakis(tetrazol-5-yl)adamantane trihydrate",4
555,"1,3,5-tri(1H-imidazol-1-yl)benzene",4
556,"1,3,5-tricarboxybenzene",4
557,"1,3,5-trimethylimidazole-2,4,6-triethylbenzene",4
558,"1,3-bis((S)-1-carboxyethyl)-1H-imidazol-3-ium chloride",4
559,"1,3-bis(3'-carboxypyridine)adamantane",4
560,"1,3-bis(3,5-dicarboxyphenyl) imidazolium chloride",4
561,"1,3-bis(4-pyridyl-3-cyano)propane",4
562,"1,3-bis(carboxymethyl)imidazolium chloride",4
563,"1,3-bis(imidazole)propane",4
564,"1,3-di(2',4'-dicarboxylphenyl)benzene",4
565,"1,3-di(2',4'-dicarboxyphenyl)benzene",4
566,"1,4-bis(imidazol-1-ylmethyl)-benzene",4
567,"1,4-bis-(1,2,4-triazol-1-ylmethyl)benzene",4
568,"1,4-bis[(2-(4-(1H-imidazol-1-yl)-phenyl)-1H-imidazol-1-yl)-methyl]benzene",4
569,"1,4-di-(1,2,4-triazole-4-yl)benzene",4
570,"1,4-phenylenebis(methylidyne)tetrakis(phosphonic acid)",4
571,"1,5-bi(imidazolyl)anthracene",4
572,"1,5-bis(5-tetrazolo)-3-oxapentane",4
573,"1-(1-imidazolyl)-3,5-bis(imidazol-1-ylmethyl)benzene",4
574,1-(1-imidazolyl)-4-(imidazol-1-ylmethyl)benzene,4
575,"1-(3,5-dicarboxyphenyl)-4-carboxy-1H-1,2,3-triazole",4
576,"1-(triazol-1-yl)-2,4,6-benzenetricarboxylic acid",4
577,1H-tetrazole,4
578,"2',5'-dimethoxy-[1,1':4',1''-terphenyl]-4,4''-dicarboxylic acid",4
579,2'-carboxybiphenyl-4-ylmethylaminodiacetic acid,4
580,"2,2'-biselenophene-5,5'-dicarboxylic acid",4
581,"2,2-bis(4-carboxyphenyl)hexafluoropropane",4
582,"2,3',4,5'-biphenyltetracarboxylic acid",4
583,"2,3,6,7,10,11-hexaaminotriphenylene hexahydrochloride",4
584,"2,3,6,7,10,11-hexahydroxytriphenylene",4
585,"2,3,6,7,10,11-hexahydroxytriphenylene hydrate",4
586,"2,4,6-trimethyl benzene-1,3,5-triyl-triisophthalate",4
587,"2,4,6-tris(3-pyridyl)-1,3,5-triazine",4
588,"2,5-bis(2-methoxyethoxy)-1,4-benzenedicarboxylate",4
589,"2,5-diaminoterephthalic acid",4
590,"2,5-dimethoxy-1,4-benzoquinone",4
591,"2,5-piperazinedione-1,4-diacetic acid",4
592,"2,6-bis(2',4'-dicarboxylphenyl)pyridine",4
593,"2,8,14,20-tetra-methyl-4,6,10,12,16,18,22,24-octa-carboxymethoxy-calix[4]arene",4
594,"2-((1H-1,2,4-triazol-1-yl)methyl)-1H-imidazole-4,5-dicarboxylic acid",4
595,2-((pyridin-4-ylmethyl)amino)terephthalic acid,4
596,2-(2-pyridyl)benzimidazole,4
597,"2-(2-sulfophenyl)imidazo(4,5-f)(1,10)-phenanthroline",4
598,2-(4-carboxyphenoxy)terephthalic acid,4
599,"2-(4-carboxyphenyl)imidazo[4,5-f]-1,10-phenanthroline",4
600,2-(imidazole-1-yl)terephthalic acid,4
601,"2-(pyridin-4-yl)-4,6-pyrimidine dicarboxylic acid",4
602,2-imidazolecarboxaldehyde,4
603,2-iodoterephthalic acid,4
604,2-sulfoterephthalic acid monosodium salt,4
605,"3,3',4,4'-diphenylsulfonetetracarboxylic dianhydride",4
606,"3,3',5,5'-Tetramethyl-4,4'-bi-1H-pyrazole",4
607,"3,3',5,5'-azobenzene-tetracarboxylic acid",4
608,"3,3',5,5'-tetraphenyl-1H,1'H-4,4'-bipyrazole",4
609,"3,3'-bipyridine",4
610,"3,5-bis(3,5-dicarboxylphenoxy)benzoic acid",4
611,"3,5-bis(3-pyridyl-3-(3'-methylphenyl)-1,3,4-oxadiazole",4
612,"3,5-di(1H-benzimidazol-1-yl)pyridine",4
613,3-((6-carboxynaphthalen-2-yl)oxy)phthalic acid,4
614,3-(3-pyridyl)acrylic acid,4
615,"3-(5-(pyridin-4-yl)-4H-1,2,4-triazol-3-yl)benzoic acid",4
616,3-[4-(carboxymethoxy)phenyl]propanoic acid,4
617,"3-amino-1,2,4-triazole-5-carboxylic acid hydrate",4
618,3-amino-4-hydroxybenzoic acid,4
619,3-fluoro-4-pyridinecarboxylic acid,4
620,"3-methyl-1,2,4-triazole",4
621,3-pyridylmethyl phosphonic acid,4
622,"4'-(4-(3,5-dicarboxylphenoxy)phenyl)-4,2':6',4″-terpyridine",4
623,"4'-(4-methoxyphenyl)-4,2':6',4″-terpyridine",4
624,"4'-carboxy-4,2':6',4″-terpyridine",4
625,"4'-nitro-[1,1'-biphenyl]-3,5-dicarboxylic acid",4
626,"4,4',4''-Tricarboxytriphenylamine",4
627,"4,4',4″,4‴-((9,10-dioxo-9,10-dihydroanthracene-2,6-diyl)bis(azanetriyl))tetrabenzoic acid",4
628,"4,4',4″,4‴-benzene-1,2,4,5-tetrayltetrabenzoic acid",4
629,"4,4',4″-benzene-1,3,5-triyltribenzoic acid",4
630,"4,4',4″-{[(2,4,6-trimethylbenzene-1,3,5-triyl)tris(methylene)]tris(oxy)}tribenzoic acid",4
631,"4,4'-((4-(pyridin-4-yl)phenyl)azanediyl)dibenzoic acid",4
632,"4,4'-(1,2-dihydroxyethane-1,2-diyl)dibenzoic acid",4
633,"4,4'-(1,4-(xylene)diyl)bis(1,2,4-triazole)",4
634,"4,4'-(1E,1'E)-2,2'-(2,5-dimethoxy-1,4-phenylene)bis(ethene-2,1-diyl)dibenzoic acid",4
635,"4,4'-(1H-1,2,4-triazol-1-yl)methylenebis(benzoic acid)",4
636,"4,4'-(2,2-bis((4-carboxyphenoxy)methyl)propane-1,3-diyl)bis(oxy)dibenzoic acid",4
637,"4,4'-(4-(3-carboxyphenyl)pyridine-2,6-diyl)dibenzoic acid",4
638,"4,4'-(4H-1,2,4-triazole-3,5-diyl)dibenzoic acid",4
639,"4,4'-(diazene-1,2-diyl)dibenzoic acid",4
640,"4,4'-azobispyridine",4
641,"4,4'-azodisalicylic acid",4
642,"4,4'-benzophenonedicarboxylic acid",4
643,"4,4'-dicarboxy-2,2'-bipyridine",4
644,"4,4'-dioxidobiphenyl-3,3'-dicarboxylic acid",4
645,"4,5-di(4'-carboxylphenyl)phthalic acid",4
646,"4-(2,4-dicarboxylphenyl) picolinic acid",4
647,"4-(3,5-dicarboxylatobenzyloxy)benzoic acid",4
648,"4-(3,5-dicarboxylphenyl) picolinic acid",4
649,"4-(4'-carboxyphenyl)-1,2,4-triazole",4
650,"4-(4-carboxyphenyl)-1,2,4-triazole",4
651,4-(imidazol-1-yl)-benzoic acid,4
652,4-(trifluoromethyl)phthalic acid,4
653,"4-amino-1,2,4-triazole",4
654,4-phosphonoethanesulfonic acid,4
655,"40-(4-pyridyl)-4,20:60,400-terpyridine",4
656,"5'-(4,5-Bis(4-carboxyphenyl)-1H-imidazol-2-yl)-[1,1':3',1''-terphenyl]-4,4''-dicarboxylic acid",4
657,"5'-nitro-[1,1':3',1''-terphenyl]-4,4''-dicarboxylic acid",4
658,"5,10,15,20-tetra(4-pyridyl)porphyrin",4
659,"5,10,15,20-tetrakis(3,4,5-trihydroxyphenyl)porphyrin",4
660,"5,5'-(1,4-phenylenebis(methoxy))diisophthalic acid",4
661,"5,5'-(1,4/1,3-phenylenebis(methoxy))diisophthalic acid",4
662,"5,5'-(biphenyl-4,4'-diylbis(methylene))bis(oxy)diisophthalic acid",4
663,"5,5'-(ethene-1,2-diyl)diisophthalic acid",4
664,"5,5'-(pentane-1,2-diyl)-bis(oxy)diisophthalic acid",4
665,"5,5'-(pentane-1,4-diylbis(oxy))diisophthalic acid",4
666,"5,5'-(pyridine-2,5-diyl)diisophthalic acid",4
667,5-(((1H-imidazol-2-yl)methyl)amino)isophthalic acid,4
668,5-(2-carboxylphenoxy)isophthalic acid,4
669,"5-(3,5)-(dicarboxybenzyloxy)isophthalic acid",4
670,5-(4-carboxy-phenoxy)-isophthalic acid,4
671,5-(benzimidazole-1-yl)isophthalic acid,4
672,5-(imidazol-1-yl)-N'-(pyridin-4-ylmethylene) nicotinohydrazide,4
673,5-(phosphonomethyl)isophthalic acid,4
674,5-(tert-butyl)isophthalic acid,4
675,5-azidoisophthalic acid,4
676,5-bromosalicylic acid,4
677,5-hydroxynicotinic acid,4
678,6-(4-pyridyl)-terephthalic acid,4
679,BenzeneDiSulfonic Acid,4
680,"Bicyclo[1.1.1]pentane-1,3-dicarboxylic acid",4
681,"H3L1 (4,4',4″-((benzene-1,3,5-tricarbonyl)tris(azanediyl))tribenzoic acid)",4
682,KHClCNAn,4
683,L-(+)-tartaric acid,4
684,L-glutamic acid,4
685,"N',N'-bis[1-(pyridin-3-yl)methylidene]benzil dihydrazone",4
686,"N',N'-bis[1-(pyridin-4-yl)methylidene]benzil dihydrazone",4
687,"N,N'-bis(3-pyridinecarboxamide)-1,6-hexane",4
688,"N,N'-bis(4-carboxyphenyl)urea",4
689,"N,N,N',N'-tetra(2-pyridyl)biphenyl-4,4'-diamine",4
690,"N-(pyridin-4-yl)-4-(pyridin-4-yl)-1,8-naphthalimide",4
691,"Poly-2,5-bis(pent-4-en-1-yloxy)terephthalic acid",4
692,"R,S-hydroxyphosphonoacetic acid",4
693,SinMe2n-(C6H4CO2H)2,4
694,alkane dioic acid,4
695,aminoterephthalic acid,4
696,"benzo[d][1,3]dioxole-4,7-dicarboxylic acid",4
697,"benzothiadiazolyl-substituted 4,4'-[1,4-phenylene-bis(ethyne-2,1-diyl)]-dibenzoic acid",4
698,"biphenyl-3,3',5-tricarboxylic acid",4
699,bis(2-hydroxyethyl) terephthalate,4
700,bis(4-pyridyl)acetylene,4
701,chelidamic acid,4
702,"diisopropyl 3,5-dicarboxylphenylphosphonate",4
703,"disodium 2,5-dihydroxyterephthalate",4
704,disodium succinate,4
705,gamma-cyclodextrin,4
706,homophthalic acid,4
707,iminodiacetic acid,4
708,mellitic acid,4
709,monosodium 2-sulfoterephthalate,4
710,"naphthalene-2,6-diylbis(phosphonic acid)",4
711,phosphoserine,4
712,piperazine,4
713,potassium oxalate monohydrate,4
714,"pyrazine-2,5-dicarboxylic acid",4
715,"pyrazine-2,6-dicarboxylic acid",4
716,"pyridine-2,4,6-tricarboxylic acid",4
717,"pyridine-2-yl-1H-imidazole-4,5-dicarboxylic acid",4
718,"pyridyl-2,5-dicarboxylic acid N-oxide",4
719,sodium (S)-2-(1H-imidazole1-yl) propionate,4
720,"terphenyl-2,5,2',5'-tetracarboxylic acid",4
721,tetrabromoterephthalic acid,4
722,tetrakis[4-(1-imidazolyl)phenyl]methane,4
723,thiobis(4-methylene-benzoic acid),4
724,"trans-2,2'-[cyclohexane-1,4-diylbis(azanediyl)]bis(2-oxoacetic acid)",4
725,triphosphaazatriangulene,4
726,tris(2-carboxyethyl)isocyanurate,4
727,tris(p-carboxyl-biphenyl)phosphine oxide,4
728,"α,α'-p-xylylenebis(1-(4-pyridylmethylene)-piper-4-azine)",4
729,"(2,5-dimethyl-1,4-phenylene)bis(phosphonic acid)",3
730,"(4,4'-anthracene-9,10-diylbis(ethyne-2,1-diyl))dibenzoic acid",3
731,(4-pyridyl)tetrazole,3
732,"(R,R)-(−)-1,2-cyclohexanediamino-N,N'-bis(3-tert-butyl-5-(4-pyridyl)salicylidene)zinc(II)",3
733,"(S)-2-(1,8-naphthalimido)-3-(4-imidazole)propanoate",3
734,"(S,S)-H4L",3
735,"1,1',1″-(1,3,5-triazine-2,4,6-triyl)-tripiperidine-4-carboxylic acid",3
736,"1,1'-(1,5-pentanediyl)bis-1H-benzimidazole",3
737,"1,1'-biphenyl-2,2',6,6'-tetracarboxylic acid",3
738,"1,1'-methylenebis(1H-pyrazole-4-carboxylic acid)",3
739,"1,1,2,2-Tetrakis[4-(4-carboxyphenyl)-1H-pyrazol-1-yl]ethane",3
740,"1,1,2,2-tetrakis(4-(1H-imidazol-1-yl)phenyl)ethane",3
741,"1,1,2,2-tetrakis(4-pyridylphenyl)ethylene",3
742,"1,10,100-(2,4,6-trimethylbenzene-1,3,5-triyl(methylene))-tris(pyridine-4-carboxylic acid)",3
743,"1,2,3,4-butanetetracarboxylic acid",3
744,"1,2,3,5-benzenetetracarboxylic acid",3
745,"1,2,4-benzene tricarboxylic acid",3
746,"1,2,5-thiadiazole-3,4-dicarboxylic acid",3
747,"1,2-bis(1,2,4-triazol-4-yl)ethane",3
748,"1,2-bis(imidazol-10-yl)ethane",3
749,"1,2-bis[(pyridin-4-ylthio)methyl]benzene",3
750,"1,2-bis[3-(4H-1,2,4-triazol-4-yl)phenoxy]ethane",3
751,"1,2-di(4-pyridyl)ethane",3
752,"1,2-ethylenediphosphonic acid",3
753,"1,3,5-(triscarboxyphenyl)benzene",3
754,"1,3,5-triamino-2,4,6-benzenetriol",3
755,"1,3,5-triaza-7-phosphaadamantane",3
756,"1,3,5-trifluoro-2,4,6-tris(4-carboxy-phenyl)benzene",3
757,"1,3,5-tris(1H-imidazol-1-yl)benzene",3
758,"1,3,5-tris(2H-tetrazol-5-yl)benzene hydrochloride",3
759,"1,3,5-tris(4-phosphonophenyl)benzene",3
760,"1,3,5-tris[2,6-dimethyl-4-(α-carboxy)methoxyphenyl]benzene",3
761,"1,3-adamantanedicarboxylic acid",3
762,"1,3-bis(carboxymethyl)imidazole",3
763,"1,3-bis(carboxymethyl)imidazolium bromide",3
764,"1,3-bis(pyridin-4-ylmethyl)urea",3
765,"1,3-bis[2-(4-pyridyl)ethenyl]benzene",3
766,"1,3-di(4'-carboxyl-phenyl)benzene acid",3
767,"1,3-di-(1,2,4-triazole-4-yl)benzene",3
768,"1,4,5,8-naphthalenetetracarboxylic acid",3
769,"1,4-benzene dicarboxylate acid",3
770,"1,4-benzenebis(thioacetic acid)",3
771,"1,4-bis((1H-1,2,4-triazol-1-yl)methyl)benzene",3
772,"1,4-bis(1,2,4-triazol-1-ylmethyl)benzene",3
773,"1,4-bis(1,2,4-triazol-4-yl)benzene",3
774,"1,4-bis(3,5-bis(trifluoromethyl)-1H-pyrazole-4-yl)benzene",3
775,"1,4-bis(imidazol-1-yl)terephthalic acid",3
776,"1,4-bis(pyridinil-3-carboxylato)-1,4-dimethyl-benzene",3
777,"1,4-butylenediphosphonic acid",3
778,"1,4-di(4H-1,2,4-triazol-4-yl)benzene",3
779,"1,4-di(imidazol-1-yl)naphthalene",3
780,"1,4-naphthalene dicarboxylic acid",3
781,"1,5-naphthalenedisulfonic acid tetrahydrate",3
782,"1-((1H-1,2,4-triazol-1-yl)methyl)-3,5-bis(3-pyridyl)-1,2,4-triazole",3
783,1-(4-Cyano-phenyl)-piperidine-4-carboxylic acid ethyl ester,3
784,"1-(4-aminobenzyl)-1,2,4-triazole",3
785,"1-(pyridin-4-ylthio)benzene-2,4-dioic acid",3
786,"1-hydroxyethane 1,1-diphosphonic acid",3
787,"1-imidazol-1-yl-3-(1,2,4-triazol-4-yl)propane",3
788,1-oxidopyridin-1-ium-4ylaminocarbonyl,3
789,1H-tetrazolate-5-ethyl acetate,3
790,1H-tetrazole-5-acetic acid,3
791,"2',5'-dimethylterphenyl-4,4″-dicarboxylic acid",3
792,"2,2',2″-[1,3,5-triazine-2,4,6-triyltris(thio)]tris-acetic acid",3
793,"2,2',3,3'-thiodiphthalic dianhydride",3
794,"2,2'-(pyridine-2,6-diyl)diterephthalic acid",3
795,"2,2'-bis(4-pyridylmethyleneoxy)-1,1'-biphenylene",3
796,"2,2'-dihydroxyl-[1,1']-binaphthalene-3,3'-dicarboxylic acid",3
797,"2,2'-dinitro-4,4'-biphenyldicarboxyl acid",3
798,"2,2″-dimethyl-[1,1':4',1″-terphenyl]-4,4″-dicarboxylic acid",3
799,"2,3,5,6-tetramethylterephthalic acid",3
800,"2,3,6,7,10,11-hexaaminotriphenylene",3
801,"2,3-Pyrazinedicarboxylic acid",3
802,"2,3-pyrazinedicarboxylic acid",3
803,"2,4,6-tri(4-pyridyl)-1,3,5-triazine",3
804,"2,4-dibenzoylisophthalic acid",3
805,"2,5-bis(1-imidazoly)pyridine",3
806,"2,5-bis(1H-1,2,4-triazol-1-yl) terephthalic acid",3
807,"2,5-dicarboxyterephthalic acid",3
808,"2,5-difluorobenzene-1,4-dicarboxylic acid",3
809,"2,5-dihydroxy-1,4-benzenediacetic acid",3
810,"2,5-dihydroxy-terephthalic acid",3
811,"2,5-dimercaptoterephthalic acid",3
812,"2,5-pyridine-dicarboxylic acid",3
813,"2,6-bis(4'-carboxyl-phenyl)pyridine",3
814,"2,6-bis(imidazol-1-yl)pyridine",3
815,"2,6-naphthalenedisulfonate",3
816,2-((benzyl)amino)terephthalic acid,3
817,"2-((methylthio)methyl)-[1,1'-biphenyl]-4,4'-dicarboxylic acid",3
818,2-(1-hydroxy-ethyl)-3H-benzimidazole-5-carboxylic acid,3
819,"2-(1-imidazole)-1-hydroxyl-1,1'-ethylidenediphosphonic acid",3
820,"2-(3-pyridine)-1H-1,3,4-thiadiazole-5-thioketone",3
821,2-(4-Chlorobenzoyl)benzoic acid,3
822,2-(4-pyridyl)-terephthalic acid,3
823,2-(Methylamino)terephthalic acid,3
824,2-(carboxymethoxy)benzoic acid,3
825,"2-(hydroxymethyl)-2-(pyridin-4-yl)-1,3-propanediol",3
826,"2-(p-hydroxylphenyl)-1H-imidazole-4,5-dicarboxylic acid",3
827,2-amino-terephthalic acid,3
828,2-hydroxyimino-N-[1-(2-pyrazinyl)ethylidene]-propanohydrazone,3
829,"2-iodobenzene-1,4-dicarboxylic acid",3
830,2-methylisonicotinic acid,3
831,"2-nitro-[1,1'-biphenyl]-4,4'-dicarboxylic acid",3
832,"2-nitrobenzene-1,4-dicarboxylic acid",3
833,2-pyrazinecarboxylic acid,3
834,"3,3'',5,5''-tetrakis(4-carboxyphenyl)-p-terphenyl",3
835,"3,3''-dipropoxy-[1,1':4',1''-terphenyl]-4,4''-dicarboxylic acid",3
836,"3,3',3''-(1,3,5-phenylenetri(oxy))triphthalic acid",3
837,"3,3',4',4″-diphenyl-sulfonetetracarboxylic acid",3
838,"3,3',4,4'-benzophenone-tetracarboxylate",3
839,"3,3',4,4'-benzophenonetetracarboxylic dianhydride",3
840,"3,3',5,5'-Tetramethyl-4,4'-bipyrazole",3
841,"3,3'-(4,4'-(2,2-bis((4-(2-carboxyvinyl)phenoxy)methyl)propane-1,3-diyl)bis(oxy)bis(4,1-phenylene))diacrylic acid",3
842,"3,3'-dihexyl-2,2'-bithiophene-5,5'-dicarboxylic acid",3
843,"3,3'-dihydroxy-(1,1'-biphenyl)-4,4'-dicarboxylic acid",3
844,"3,3'-dimethoxy-2,2'-bipyridine-6,6'-dicarboxylic acid",3
845,"3,3'-diphenyl-2,2'-bithiophene-5,5'-dicarboxylic acid",3
846,"3,5,4'-azobenzenetricarboxylic acid",3
847,"3,5-bis(2',4'-dicarboxyphenyl) benzoic acid",3
848,"3,5-bis(3,5-dicarboxylphenxoy)benoic acid",3
849,"3,5-bis(4-carboxylphenyl)-pyridine N-oxide",3
850,"3,5-bis(4-pyridyl)-pyridine",3
851,"3,5-di(1H-imidazol-1-yl)pyridine",3
852,"3,5-di(3,5-dicarboxylphenyl)nitrobenzene",3
853,"3,5-di(4H-1,2,4-triazol-4-yl)pyridine",3
854,"3,5-di(pyridine-4-yl)benzoic acid",3
855,"3,5-diamine-1,2,4-triazole",3
856,"3,5-pyrazole dicarboxylic acid",3
857,"3,6-dibromobenzene-1,2,4,5-tetracarboxylic acid",3
858,"3-(2,5-dicarboxyphenoxy)phthalic acid",3
859,"3-(3,5-dicarboxylphenoxy)-6-carboxylpyridine",3
860,"3-(4H-1,2,4-triazol-4-yl)benzoic acid",3
861,"3-amine-1H-1,2,4-triazole",3
862,"3-amino-1H-1,2,4-triazole",3
863,3-aminopropylphosphonic acid,3
864,"3-cyanopyridine (in situ to 5-(3-pyridyl)tetrazolate, 3-pttz)",3
865,"3-ethyl-1,2,4-triazole",3
866,3-fluorophthalic acid,3
867,"4'',6'-diamino-5',5''-bis(4-carboxyphenyl)-[1,1':3',1'':3'',1'''-quaterphenyl]-4,4'''-dicarboxylic acid",3
868,"4',4''-(2,2-bis((4'-carboxybiphenyl-4-yl)oxy)methyl)propane-1,3-diyl)bis(oxy)dibiphenyl-4-carboxylic acid",3
869,"4'-(1H-imidazo[4,5-f][1,10]phenanthrolin-2-yl)-[1,1'-biphenyl]-3-carboxylic acid",3
870,"4'-(3,5-dicarboxyphenyl)-2,2':6',2'''-terpyridine",3
871,"4'-carboxy-4,2':6',4''-terpyridine",3
872,"4,4',4'',4'''-([9,9'-bicarbazole]-3,3',6,6'-tetrayl)tetrabenzoic acid",3
873,"4,4',4'',4'''-methanetetrayltetrabenzoic acid",3
874,"4,4',4''-(((2,4,6-trimethylbenzene-1,3,5-triyl)tris(methylene))tris(oxy))tribenzoic acid",3
875,"4,4',4″,4‴-(5,10,15,20-porphyrintetrayl)-tetrabenzoic acid",3
876,"4,4',4″,4‴-(9,9'-Spirobi[fluorene]-2,2',7,7'-tetrayl)tetrabenzoic acid",3
877,"4,4',4″,4‴-(porphyrin-5,10,15,20-tetrayl)tetrakis(benzenesulfonic) acid",3
878,"4,4',4″,4‴-tetrakiscarboxyphenylsilane",3
879,"4,4',4″-(2,4,6-trimethylbenzene-1,3,5-triyl)tribenzoate",3
880,"4,4',4″-s-triazine-1,3,5-triyl-tri-p-aminobenzoic acid",3
881,"4,4',4″-s-triazine-2,4,6-tribenzoic acid",3
882,"4,4',4″-s-triazine-2,4,6-triyltribenzoic acid",3
883,"4,4'-(1H,1'H-[2,2'-biimidazole]-1,1'-diyl) dibenzoic acid",3
884,"4,4'-(1H-1,2,4-triazol-1-yl)methylene-bis(benzonic acid)",3
885,"4,4'-(2,2-bis((4-carboxy-2-methoxyphenoxy)methyl)propane-1,3-diyl)bis(oxy)bis(3-methoxybenzoic acid)",3
886,"4,4'-(4,4'-bitolyl)bis(1,2,4-triazole)",3
887,"4,4'-(benzo[c][1,2,5]thiadiazole-4,7-diyl)dibenzoic acid",3
888,"4,4'-(trans-cyclohexane-1,2-diyl)bis(azanediyl)bis(carbonyl)dibenzoic acid",3
889,"4,4'-azobipyridine",3
890,"4,4'-biphenyl-dicarboxylic acid",3
891,"4,4'-bis(1-imidazolyl)biphenyl",3
892,"4,4'-disulfo-[1,1'-diphenyl]-2,2'-dicarboxylic acid",3
893,"4,4'-oxybisbenzoyl-bis(L-alanine)",3
894,"4,4-azobenzenedicarboxylic acid",3
895,"4,5-di(3'-carboxylphenyl)-phthalic acid",3
896,"4,7-di(4-pyridyl)-2,1,3-benzothiadiazole",3
897,4-((4-carboxybenzylidene)amino)benzoic acid,3
898,"4-(1,2,4-triazol-4-yl)phenylacetic acid",3
899,4-(1-carboxy-ethoxy)-benzoic acid,3
900,"4-(3,5-dicarboxylphenyl)-2-methylpyridine",3
901,4-(4-carboxylphenylmethylthio)benzoic acid,3
902,"4-(4-carboxyphenyl)-2,2':4',4″-terpyridine",3
903,4-(pyridin-4-yl)acrylic acid,3
904,4-(pyridin-4-yl)benzoic acid,3
905,4-Carboxycinnamic acid,3
906,4-HOOC–C6H4–CH2N(CH2PO3H2)2,3
907,"4-[2,2':6',2''-terpyridine]-4'-ylbenzoic acid",3
908,4-[2-(4-pyridyl)ethenyl]benzoic acid,3
909,"4-amino-benzene-1,2,4-triazole",3
910,4-aminophenyl-1H-tetrazole,3
911,4-chloroisophthalic acid,3
912,"4-chloropyridine-2,6-dicarboxylic acid",3
913,4-ethylbenzoic acid,3
914,4-mercaptobenzoic acid,3
915,"4-phenyl-2,6-bis(4'-carboxyphenyl)pyridine",3
916,4-pyridinecarboxaldehyde,3
917,4-pyridylaminocarbonyl,3
918,"5'-(4-carboxy-2-methylphenyl)-2″-methyl-[1,1':3',1″-terphenyl]-3,4″,5-tricarboxylic acid",3
919,"5,10,15,20-tetrakis(3,4-dihydroxyphenyl)porphyrin",3
920,"5,10,15,20-tetrakis(p-phenylphosphonic acid)porphyrin",3
921,"5,5'-((6-chloro-1,3,5-triazine-2,4-diyl)bis(azanediyl))diisophthalic acid",3
922,"5,5'-((thiophene-2,5-dicarbonyl)bis(azanediyl))diisophthalic acid",3
923,"5,5'-(1,3-phenylenebis(methylene))bis(oxy)diisophthalic acid",3
924,"5,5'-(2,3,5,6-tetramethyl-1,4-phenylene)bis(methylene)bis(azanediyl)diisophthalic acid",3
925,"5,5'-(pyridine-3,5-diylbis(ethyne-2,1-diyl))diisophthalic acid",3
926,"5,5'-naphthalene-1,4-diyl-diisophthalic acid",3
927,"5-((2-methyl-1H-imidazol-1-yl)methyl)benzene-1,3-dioic acid",3
928,"5-(3,5-dimethyl-4H-1,2,4-triazol-4-yl)isophthalic acid",3
929,5-(3-pyridyl)-1H-tetrazole,3
930,5-(4-(2H-tetrazol-5-yl)phenoxy)isophthalic acid,3
931,5-(4-(tetrazol-5-yl)phenyl)isophthalic acid,3
932,5-(4-carboxybenzoylamino)-isophthalic acid,3
933,5-(4-imidazol-1-ylphenyl)-2H-tetrazole,3
934,5-(4-pyridin-3-yl-benzoylamino)isophthalic acid,3
935,5-(4-pyridin-4-yl-benzoylamino)isophthalic acid,3
936,5-(pyridin-2-ylmethyl)aminoisophthalic acid,3
937,"5-boronobenzene-1,3-dicarboxylic acid",3
938,5-chloronicotinic acid,3
939,"5-ethyl-pyridine-2,3-dicarboxylic acid",3
940,5-fluoronicotinic acid,3
941,5-hydroxylisophthalic acid,3
942,5-mercapto-isophthalic acid,3
943,5-methyl isophthalic acid,3
944,5-methyltetrazole,3
945,"5-nitrobenzene-1,2,3-tricarboxylic acid",3
946,"5-phosphonobenzene-1,3-dicarboxylic acid",3
947,5-sulfoisophthalic acid sodium salt,3
948,5-{(pyridin-4-ylmethyl)amino}isophthalic acid,3
949,"6,7-dimethyldibenzo[e,g][1,4]diazocine-3,10-dicarboxylic acid",3
950,"6-(3,5-dicarboxyl phenyl) nicotinic acid",3
951,"6-(3,5-dicarboxylphenyl)nicotinic acid",3
952,6-(pyridin-4-yl)nicotinic acid,3
953,6-aminonicotinic acid,3
954,"9,10-di(pyridine-4-yl)anthracene",3
955,"9,9'-(1,4-phenylenebis(methylene))bis(9H-carbazole-3,6-dicarboxylic acid)",3
956,Benzimidazole,3
957,Bi(4-pyridyl)3,3
958,DL-camphoric acid,3
959,H(Me-4py-pba),3
960,H2(H-2py-trz-ia),3
961,HIBA·HCl·H2O,3
962,HMIBA·HCl·H2O,3
963,HOOC–C6H4–CH2PO–OH(OC2H5),3
964,L-Glutamic acid,3
965,L-H2 = Ir(ppy)2(H2dcbpy)PF6,3
966,MeSi(3Qy)3,3
967,"N,N'-bis(2-pyrazinyl)piperazine",3
968,"N,N'-bis(5-isophthalic acid) naphthalenediimide",3
969,"N,N'-bis(5-isophthalic acid)-1,4,5,8-naphthalenediimide",3
970,"N,N'-bis(pyridylcarbonyl)-4,4'-diaminodiphenyl ether",3
971,"N,N'-sulfuryldiimidazole",3
972,"N,N,N',N'-tetra(4-carboxybenzyl)-1,3-diaminopropane dihydrochloride trihydrate",3
973,"N,N-(2-pyridyl)-(4-pyridylmethyl)amine",3
974,"N-phenyl-N'-phenylbicyclo[2.2.2]oct-7-ene-2,3,5,6-tetracarboxdiimide dicarboxylic acid",3
975,"N2,N6-di(pyridin-4-yl)naphthalene-2,6-dicarboxamide",3
976,"[1,1':4',1″:4″,1‴-quaterphenyl]-3,3‴,5,5‴-tetracarboxylic acid",3
977,"[5,10,15,20-tetrakis(4-carboxy-phenyl)porphyrinato]-Zn(II)",3
978,"adamantane-1,3,5,7-tetracarboxylic acid",3
979,"azobenzene-4,4-dicarboxylic acid",3
980,benzenetricarboxylic acid,3
981,benzobisimidazole,3
982,"bicyclo[2.2.2]octane-1,4-dicarboxylic acid",3
983,"biphenyl-2,2',4,4'-tetracarboxylic dianhydride",3
984,"biphenyl-2,2',6,6'-tetracarboxylic acid",3
985,"biphenyl-2,2'-dimethoxy-4,4'-dicarboxylic acid",3
986,"biphenyl-3'-nitro-3,4',5-tricarboxylic acid",3
987,"bis(4-(4H-1,2,4-triazol-4-yl)phenyl)methane",3
988,bis(pyridylmethyl)piperazine,3
989,bis-(4-carboxypyrazolyl)methane,3
990,"cubane-1,4-dicarboxylic acid",3
991,curcumin,3
992,dia nitrate salt (diaH2(NO3)2),3
993,"dimethyl-substituted 4,4'-[1,4-phenylene-bis(ethyne-2,1-diyl)]-dibenzoic acid",3
994,"dipotassium 2,6-naphthalenedicarboxylate",3
995,"dipyrido[3,2-d:2',3'-f]quinoxaline",3
996,disodium fumarate,3
997,"disodium salt of [1,2,3]triazolo[4,5-f]benzotriazole-4,8(2H,6H)-dione [Na2(C6N6O2)·4H2O]",3
998,dpmh,3
999,ethyl tetrazolate-5-carboxylate,3
1000,glyphosate,3
1001,iminodiacetate acid,3
1002,maleic acid,3
1003,maleic hydrazide,3
1004,malonic acid,3
1005,mesaconic acid,3
1006,meso-tetra(4-carboxyphenyl)porphine,3
1007,methanetetrabenzoic acid,3
1008,methyl formate,3
1009,methylene-bispyrazole based dicarboxylic acid,3
1010,"mono-nitro substituted 4,4',4″-(1,3,5-triazine-2,4,6-triyl)tribenzoic acid",3
1011,"naphthyl-substituted 4,4'-[1,4-phenylene-bis(ethyne-2,1-diyl)]-dibenzoic acid",3
1012,ortho-phenylenediacetic acid,3
1013,p-benzenediacrylic acid,3
1014,p-biphenyldicarboxylic acid,3
1015,palladated linker trans-[PdCl2(PDC)2],3
1016,pentiptycene proligand 22H,3
1017,phenylpropynoic acid,3
1018,pimelic acid,3
1019,"pip-(2,2'-OH)-diCO2H",3
1020,"potassium pyridine-2,3,5,6-tetracarboxylate",3
1021,"pyrazine-2,5-dicarboxylic acid dihydrate",3
1022,pyrazinyl tetrazolate,3
1023,"pyridine-2,6-dimethanol",3
1024,"pyridine-3,5-bis(phenyl-4-carboxylic acid)",3
1025,"quaterphenyl-2,5,2',5'-tetracarboxylic acid",3
1026,quinoxaline,3
1027,sodium isophthalate,3
1028,"sodium monomethyl benzene-1,3,5-tricarboxylate",3
1029,sodium p-phenylenediacrylate,3
1030,"terphenyl-4,2'',5'',4'-tetracarboxylic acid",3
1031,tetra-2-pyridinylpyrazine,3
1032,tetra-2-pyridylpyrazine,3
1033,tetrafluorosuccinic acid,3
1034,"tetrakis(4-(4-pyridine ethynyl)-2,3,5,6-tetrafluorophenyl)borate",3
1035,tetrakis(4-carboxyphenyl)porphyrin stock solution in DMF,3
1036,tetrakis(4-oxycarbonylphenyl)silane,3
1037,"trans-stilbene-4,4'-dicarboxylic acid",3
1038,tri(4-imidazolylphenyl)amine,3
1039,triethanolamine,3
1040,triphenyldicarboxylic acid,3
1041,tris(2-carboxyethyl)isocyanuric acid,3
1042,"(1R,2R,4R,5R)-2,5-bis(((R)-1-phenylethyl)amino)bicyclo[2.2.2]octane-1,4-dicarboxylic acid",2
1043,"(3,5-dicarboxyphenyl)pyridine",2
1044,(4-carboxypiperidyl)-N-methylenephosphonic acid,2
1045,"(E)-4,4'-(1,4-bis(methylthio)but-2-ene-2,3-diyl)dibenzoic acid",2
1046,"(E)-4,4'-(ethene-1,2-diyl)dibenzoic acid",2
1047,(E)-5-(2-carboxyvinyl)-1H-pyrazole-3-carboxylic acid,2
1048,(R)-1-(4-carboxybenzoyl)pyrrolidine-2-carboxylic acid,2
1049,"(R)-2,2'-diethyoxy-1,1'-binaphthyl-4,4',6,6'-tetrakis(4-benzoic acid)",2
1050,(R)-2-(1-hydroxyethyl)benzimidazole,2
1051,(S)-(+)-2-methylpiperazine,2
1052,(S)-1-(4-carboxybenzoyl)pyrrolidine-2-carboxylic acid,2
1053,(S)-2-(1-hydroxyethyl)benzimidazole,2
1054,(S)-4-((1-carboxy-2-hydroxyethylamino)methyl)benzoic acid,2
1055,(S)-5-(((1-carboxy-3-methylbutyl)amino)methyl)isophthalic acid,2
1056,"1,1',1″-(1,3,5-triazine-2,4,6-triyl)tripiperidine-4-carboxylic acid",2
1057,"1,1'-(1,3-propane)bis-(2-methylbenzimidazole)",2
1058,"1,1'-(ethane-1,2-diyl)bis(1H-imidazole-4,5-dicarboxylic acid)",2
1059,"1,1'-[1,4-phenylenebis(methylene)]bis(4,4'-bipyridinium) dichloride",2
1060,"1,1'-[1,4-phenylenebis-(methylene)]bis(4,4'-bipyridinium) dichloride",2
1061,"1,1'-bis(4-carboxyphenyl)-4,4'-bipyridium",2
1062,"1,1,2,2-tetrakis(4-(1H-imidazole-1-yl)phenyl)ethene",2
1063,"1,1,2,2-tetrakis(4-(1H-pyrazol-4-yl)phenyl)ethene",2
1064,"1,12-dicarboxylic-1,12-dicarba-closo-dodecaborane",2
1065,"1,2,3,4-cyclobutanetetracarboxylic acid",2
1066,"1,2,3-triazole-4,5-dicarboxylic acid",2
1067,"1,2,3-tricarboxyl-(1',2',3'-tricarboxylazophenyl)benzene",2
1068,"1,2,4,5-benzene tetracarboxylic dianhydride",2
1069,"1,2,4,5-benzenetetracarboxylate",2
1070,"1,2,4,5-benzenetetracarboxylate acid",2
1071,"1,2,4,5-tetra(4-pyridyl)benzene",2
1072,"1,2,4-Benzenetricarboxylic acid",2
1073,"1,2-bis((5H-imidazol-4-yl)methylene)hydrazine",2
1074,"1,2-bis(4'-pyridylmethylamino)-ethane",2
1075,"1,2-bis(4-carboxy-phenoxy)ethane",2
1076,"1,2-bis(diphenylphosphino)ethane",2
1077,"1,2-bis(imidazol-1'-yl)ethane",2
1078,"1,2-bis[2-(4H-1,2,4-triazol-4-yl)phenoxy]ethane",2
1079,"1,2-cyclohexanediamine-N,N'-bis-(3-carboxylsalicylide)",2
1080,"1,2-phenylenedioxydiacetic acid",2
1081,"1,3,5,7-tetra(4-carboxyphenyl)adamantane",2
1082,"1,3,5-benzene-tris-ethynylbenzoic acid",2
1083,"1,3,5-tri(1,2,4-triazol-1-ylmethyl)-2,4,6-trimethylbenzene",2
1084,"1,3,5-tri(4-carboxyphenoxy)benzene",2
1085,"1,3,5-triaza-7-phosphaadamantane-7-sulfide",2
1086,"1,3,5-tricarboxyphenyl-2-(triethylenediaminemethyl)benzene",2
1087,"1,3,5-trimesic acid",2
1088,"1,3,5-tris(1,2,4-triazol-4-yl)adamantane",2
1089,"1,3,5-tris(3-pyridylmethoxyl)benzene",2
1090,"1,3,5-tris(imidazol-1-ylmethyl)benzene",2
1091,"1,3,5-tris[2-(4-carboxyphenyl)-1-ethynyl]-2,4,6-trimethylbenzene",2
1092,"1,3-H2bdc",2
1093,"1,3-benzenedisulfonic acid, disodium salt",2
1094,"1,3-bis(1-dicarboxylatoethyl) imidazolium bromide",2
1095,"1,3-bis(2-methylimidazol-1-ylmethyl)benzene",2
1096,"1,3-bis(4-carboxy-2,6-dimethylphenyl)-1H-imidazolium chloride",2
1097,"1,3-bis(N-pyridyl-benzimidazol-4-yl)-2-oxopropane",2
1098,"1,3-bis(pyridin-3-ylmethyl)urea",2
1099,"1,3-di(4-carboxyphenyl)benzene",2
1100,"1,3-di(4-pyridyl)propane",2
1101,"1,3-ditetrazolylbenzene",2
1102,"1,3-propanediamine-N,N,N',N'-tetraacetic acid",2
1103,"1,4-Ditetrazol-5-yl-2-methylbenzene",2
1104,"1,4-benzenedipyrazole",2
1105,"1,4-bis(1,2,4-triazol-1-ylmethyl)-2,3,4,5-tetramethylbenzene",2
1106,"1,4-bis(1,2,4-triazol-4-ylmethyl)benzene",2
1107,"1,4-bis(2-methyl-imidazol-1-yl)butane",2
1108,"1,4-bis(2-methyl-imidazol-1-ylmethyl)benzene",2
1109,"1,4-bis(2-methylimidazol-1-ylmethyl)benzene",2
1110,"1,4-bis(4-phenoxy)benzenedicarboxylic acid",2
1111,"1,4-bis(4-pyridyl)-2,3-diaza-1,3-butadiene",2
1112,"1,4-bis(5,6-dimethylbenzimidazol-1-ylmethyl)benzene",2
1113,"1,4-di(1H-1,2,3-triazol-5-yl)benzene",2
1114,"1,4-di(1H-imidazol-1-yl)butane",2
1115,"1,4-di(1H-pyrazol-4-yl)benzene",2
1116,"1,4-di(pyridine-2-yl)benzene",2
1117,"1,4-naphthalenediphosphonic acid",2
1118,"1,4-phenylenediacrylic acid",2
1119,"1,4-terephthalic acid",2
1120,"1,6-bis(2-methyl-imidazole-1-yl)-hexane",2
1121,"1,7-Di(4-carboxyphenyl)-1,7-dicarba-closo-dodecaborane",2
1122,"1,7-dihydrobenzo[1,2-d:4,5-d']bis([1,2,3]triazole)",2
1123,"1-((1H-1,2,4-triazol-1-yl)methyl)-3-(4-pyridyl)-5-(3-pyridyl)-1,2,4-triazole",2
1124,"1-(3,5-dicarboxy)-benzyl-1,2-di(pyridine-4-yl)ethylene chloride",2
1125,"1-(3,5-dicarboxyphenyl)-1H-1,2,3-triazole",2
1126,1-(3-aminopropyl)imidazole,2
1127,"1-H-imidazo[4,5-f][1,10]-phenanthroline",2
1128,1-hydroxyethylidene diphosphonic acid,2
1129,"1-imidazol-1-yl-2,4,6-benzene-tricarboxylic acid",2
1130,"1H,1'H-[2,4'-biimidazole]-4,5-dicarboxylic acid",2
1131,"1H-[1,2,3]-triazole-4,5-dicarboxylic acid",2
1132,1H-benzotriazole,2
1133,"2',5'-dimethyl-1,1':4',1″-terphenyl-4,4″-dicarboxylic acid",2
1134,"2',5'-dimethyl-[1,1':4',1″-terphenyl]-4,4″-dicarboxylic acid",2
1135,"2'-amino-1,1':4',1''-terphenyl-3,3'',5,5''-tetracarboxylic acid",2
1136,"2,2',3,3'-oxydiphthalic dianhydride",2
1137,"2,2'-(1,3-propanediyl)bis(1H-benzimidazole)",2
1138,"2,2'-(naphthalene-2,7-diylbis(oxy))diacetic acid",2
1139,"2,2'-(pyridine-2,6-diyl) diterephthalic acid",2
1140,"2,2'-Biphenol-3,3',5,5'-tetrakis(4-benzoic acid)",2
1141,"2,2'-Penta(ethylene glycol)biphenyl-3,3',5,5'-tetrakis(4-benzoic acid)",2
1142,"2,2'-biquinoline-4,4'-dicarboxylic acid",2
1143,"2,2'-diamino-trans-4,4'-stilbenedicarboxylic acid",2
1144,"2,2'-dinitro-[1,1'-biphenyl]-4,4'-dicarboxylic acid",2
1145,"2,2'-diphenyldicarboxylic acid",2
1146,"2,2'-dithiodibenzoic acid",2
1147,"2,2':5',2″-terthiophene-5,5″-dicarboxylic acid",2
1148,"2,2-dimethylglutaric acid",2
1149,"2,20-(naphthalene-1,5-diylbis(oxy))diacetic acid",2
1150,"2,3-dihydroxyterephthalic acid",2
1151,"2,3-dimethylpyrazine",2
1152,"2,4,5-tri(4-pyridyl)imidazole",2
1153,"2,4,6-tri(1-imidazolyl)-1,3,5-triazine",2
1154,"2,4,6-tri(2,4-dicarboxyphenyl)pyridine",2
1155,"2,4,6-tris(4-(1H-pyrazol-4-yl)phenyl)-1,3,5-triazine",2
1156,"2,4,6-tris[1-(3-carboxylphenoxy)ylmethyl]mesitylene",2
1157,"2,5-bis(3-(3-cyanobenzyloxy)phenyl)-1,3,4-oxadiazole",2
1158,"2,5-bis(3-methoxypropoxy)-1,4-benzenedicarboxylate",2
1159,"2,5-bis(3-pyridyl)-3,4-diaza-2,4-hexadiene",2
1160,"2,5-bis(4-methylbenzoyl)terephthalic acid",2
1161,"2,5-bis(methylthio)terephthalic acid",2
1162,"2,5-bis-(3-pyridyl)-3,4-diaza-2,4-hexadiene",2
1163,"2,5-di(2',4'-dicarboxylphenyl)pyridine",2
1164,"2,5-di(pyridin-4-yl)terephthalic acid",2
1165,"2,5-diamino-1,4-hydroquinone dihydrochloride",2
1166,"2,5-dibromobenzene-1,4-dicarboxylic acid",2
1167,"2,5-dichlorobenzene-1,4-dicarboxylic acid",2
1168,"2,5-diiodobenzene-1,4-dicarboxylic acid",2
1169,"2,5-dimethylbenzene-1,4-dicarboxylic acid",2
1170,"2,6-bis((E)-4-(pyridine-3-yl)benzylidene)cyclohexanone",2
1171,"2,6-bis(1-imidazolyl) naphthalene",2
1172,"2,6-di(1H-imidazol-1-yl)pyridine",2
1173,"2,6-di(1H-tetrazol-5-yl)naphthalene",2
1174,"2,6-di-(1,2,4-triazole-4-yl)pyridine",2
1175,"2,6-diaminopurine",2
1176,"2,6-diphenyl-1,4-dibenzoic acid",2
1177,"2,6-pyridine dicarboxylic acid",2
1178,"2,7-bis(3,5-dimethyl) dipyrazol-1,4,5,8-naphthalene tetracarboxydiimide",2
1179,"2-(1,3,4-thiadiazol-2-ylthio)acetic acid",2
1180,"2-(1H-imidzol-2-yl)-3H-imidazo[4,5-c]pyridine",2
1181,2-(1H-tetrazol-5-yl)phenol,2
1182,2-(1H-tetrazol-5-yl)pyrimidine,2
1183,2-(2-carboxyphenoxy)terephthalic acid,2
1184,2-(2-pyridinyl-benzimidazolyl) acetic anion,2
1185,"2-(3,5-dicarboxylatobenzyloxy)benzoic acid",2
1186,"2-(4-(tetrazol-5-yl)phenyl)imidazo(4,5-f)(1,10)phenanthroline",2
1187,"2-(4-Methoxyphenyl)-1H-imidazole-4,5-dicarboxylic acid",2
1188,"2-(4-carboxyphenyl)-4,5-imidazole dicarboxylic acid",2
1189,"2-(4-carboxyphenyl)imidazo(4,5-f)-(1,10)phenanthroline",2
1190,"2-(4-pyridyl)-1H-4,5-imidazoledicarboxylic acid",2
1191,"2-(trifluoromethyl)benzene-1,4-dicarboxylic acid",2
1192,2-amino terephthalic acid,2
1193,2-aminobenzenedicarboxylic acid,2
1194,2-aminobenzimidazole,2
1195,"2-bromoimidazole-4,5-dicarbonitrile",2
1196,2-ethynylimidazole,2
1197,2-hydroxyl(phosphono)acetic acid,2
1198,2-methyl-1-hydroxyimidazole-3-oxide,2
1199,"2-methylbenzene-1,4-dicarboxylic acid",2
1200,2-methylimidazole-d5,2
1201,"2-phenylbenzene-1,4-dicarboxylic acid",2
1202,2-sulfoterephthalic acid,2
1203,2-vinylimidazole,2
1204,"3'-nitro-biphenyl-2,4,4'-tricarboxylic acid",2
1205,"3,3',3'-nitrilotripropionic acid",2
1206,"3,3',4,4'-benzophenone-tetracarboxylic dianhydride",2
1207,"3,3',4,4'-diphenylsulfone tetracarboxylate acid",2
1208,"3,3',4,4'-diphenylsulfone tetracarboxylic dianhydride",2
1209,"3,3',5,5'-diphenyl ether tetracarboxylic acid",2
1210,"3,3',5,5'-terphenyl tetracarboxylic acid",2
1211,"3,3',5,5'-tetracarboxydiphenylmethane",2
1212,"3,3'-(1,2,4,5-tetrazine-3,6-diyl)dibenzoic acid",2
1213,"3,3'-dichloro-4,4'-azodibenzoic acid",2
1214,"3,3-dimethylglutaric acid",2
1215,"3,4-bi(4-carboxyphenyl)benzoic acid",2
1216,"3,4-di(3,5-dicarboxyphenyl) phthalic acid",2
1217,"3,5-bis(1',2',4'-triazol-1'-yl)pyridine",2
1218,"3,5-bis(4-carboxy-phenoxy) benzoic acid",2
1219,"3,5-bis(triazol-1-yl)benzoic acid",2
1220,"3,5-bis(triazol-1-yl)pyridine",2
1221,"3,5-dimethyl-(1,2,4-triazol-4-yl)-acetic acid",2
1222,"3,5-dimethyl-1,2,4-triazolate",2
1223,"3,5-dimethyl-4-carboxypyrazole",2
1224,"3,5-diphenyl-1,2,4-triazole",2
1225,"3,5-dipropyl-1,2,4-triazole",2
1226,"3,5-dipyridyl-1,2,4-triazole",2
1227,"3-(1H-imidazo[4,5-f][1,10]phenanthrolin-2-yl)benzoic acid",2
1228,"3-(2',5'-dicarboxylphenyl)pyridine acid",2
1229,"3-(2'-pyridyl)-5-(4''-pyridyl)-1,2,4-triazole",2
1230,3-(2-pyridyl)pyrazole-5-carboxylic acid,2
1231,"3-(20,40-dicarboxylphenoxy)phthalic acid",2
1232,"3-(3,5-dicarboxylphenoxy)-5-carboxylpyridine",2
1233,"3-(3,5-dicarboxylphenoxy)pyridine",2
1234,3-(3-carboxyphenoxy)phthalic acid,2
1235,3-(4-pyridyl)benzoic acid,2
1236,3-(tetrazol-5-yl)triazole,2
1237,3-amino-4-cyano-1H-pyrazole,2
1238,3-cyanopyridine,2
1239,3-fluoro-4-(1H-pyrazol-4-yl)benzoic acid,2
1240,"3-fluoro-5-(4H-1,2,4-triazol-4-yl)pyridine",2
1241,3-fluorobenzoic acid,2
1242,3-fluoroisonicotinic acid,2
1243,"3-hydroxinaftalene-2,7-disulfonic acid",2
1244,3-hydroxyisonicotine hydroxamic acid,2
1245,3-methyl-5-(pyridin-4-yl)benzoic acid,2
1246,"4 b2,4 b3,4 b4,4 b5-(anthracene-9,10-diylidenebis(methan-1,1-diyl-1-ylidene))tetrabiphenyl-4-carboxylic acid",2
1247,"4',4″,4‴,4⁗-(ethene-1,1,2,2-tetrayl)tetrakis([1,1'-biphenyl]-4-carboxylic acid)",2
1248,"4',4‴,4″‴,4″″‴-(ethene-1,1,2,2-tetrayl)tetrakis(([1,1'-biphenyl]-4-carboxylic acid))",2
1249,"4'-(1H-tetrazol-5-yl)-[1,1'-biphenyl]-3,5-dicarboxylic acid",2
1250,"4'-(4-(4-carboxylphenoxy)-2,2':6',2''-terpyridine)",2
1251,"4'-(4H-1,2,4-triazol-4-yl)biphenyl-4-carboxylic acid",2
1252,"4,4',4'',4'''-(1,4-phenylenebis(2H-1,2,3-triazole-2,4,5-triyl))tetrabenzoic acid",2
1253,"4,4',4'',4'''-{2,2',2'',2'''-[ethane-1,2-diylbis(azanetriyl)]tetrakis(methylene)]tetrakis-(1H-benzimidazole-2,1-diyl)}tetrakis(methylene)tetrabenzoic acid",2
1254,"4,4',4''-(1H-imidazole-2,4,5-triyl) tribenzoic acid",2
1255,"4,4',4″,4″'-(pyrene-1,3,6,8-tetrayl)tetrabenzoic acid",2
1256,"4,4',4″,4‴-Methanetetrayltetrabenzoic acid",2
1257,"4,4',4″-(((2,4,6-trimethylbenzene-1,3,5-triyl)tris(methylene))tris(azanediyl))tribenzoic acid",2
1258,"4,4',4″-(1,3,5-triazine-2,4,6-triyl)tribenzoic acid",2
1259,"4,4',4″-benzene-1,3,5-triyltris(ethyne-2,1-diyl)tribenzoic acid",2
1260,"4,4',4″-s-triazine-2,4,6-triyl-tribenzoate",2
1261,"4,4'-((1E,1'E)-anthracene-9,10-diylbis(ethene-2,1-diyl)) dibenzoic acid",2
1262,"4,4'-(1,2,4,5-tetrazine-3,6-diyl)dibenzoic acid",2
1263,"4,4'-(1E,1'E)-2,2'-(benzo[c][1,2,5]thiadiazole-4,7-diyl)bis(ethene-2,1-diyl)dibenzoic acid",2
1264,"4,4'-(1E,1'E)-2,2'-(naphtho[2,3-c][1,2,5]thiadiazole-4,9-diyl)bis(ethene-2,1-diyl)dibenzoic acid",2
1265,"4,4'-(1H-benzo[d]imidazole-4,7-diyl)dibenzoic acid",2
1266,"4,4'-(Pyridine-3,5-diyl)bis(3-fluorobenzoic acid)",2
1267,"4,4'-(benzo[c][1,2,5]thiadiazole-4,7-diyl)bis(3-(trifluoromethyl)benzoic acid)",2
1268,"4,4'-(buta-1,3-diyne-1,4-diyl)-dibenzoic acid",2
1269,"4,4'-(buta-1,3-diyne-1,4-diyl)dibenzoic acid",2
1270,"4,4'-(hexafluoroisopropylidene) diphthalic anhydride",2
1271,"4,4'-(hexafluoroisopropylidene)diphthalic anhydride",2
1272,"4,4'-(quinolone-5,8-diyl)benzoate",2
1273,"4,4'-Bipyrazole",2
1274,"4,4'-[isopropylidenebis(p-phenyleneoxy)]diacetic acid",2
1275,"4,4'-[naphthalene-2,6-diylbis(methylene)]bis(1,2,4-triazole)",2
1276,"4,4'-azobenzene dicarboxylic acid",2
1277,"4,4'-azobis(pyridine)",2
1278,"4,4'-azopyridine",2
1279,"4,4'-bis(1,2,4-triazole)",2
1280,"4,4'-bis(benzimidazole-1-ylmethyl)biphenyl",2
1281,"4,4'-bistriazole-3,3'-biphenyldicarboxylic acid",2
1282,"4,4'-di(4H-1,2,4-triazol-4-yl)-1,10-biphenyl",2
1283,"4,4'-dibenzoic acid-2,2'-sulfone",2
1284,"4,4'-dipyridylnitride",2
1285,"4,4'-ethynylenedibenzoic acid",2
1286,"4,4'-oxidiphtalic acid",2
1287,"4,4'-oxybenzoic acid",2
1288,"4,4'-oxybisbenzoyl-bis(L-proline)",2
1289,"4,4'-trimethylenedipyridine",2
1290,"4,4,4″-s-triazine-1,3,5-triyltri-m-aminobenzoate",2
1291,"4,40-(Benzo[c][1,2,5]thiadiazole-4,7-diyl)bis(3-methoxybenzoic acid)",2
1292,"4,5,9,10-tetrahydropyrene-2,7-dicarboxylic acid",2
1293,"4,5-dicarboxyimidazole",2
1294,"4,5-dicyano-2-ethoxy-imidazole",2
1295,"4,6-dihydroxyisophthalic acid",2
1296,"4,7-di(1H-pyrazol-4-yl)benzo[c][1,2,5]thiadiazole",2
1297,"4,7-di(pyridin-4-yl)benzo[c][1,2,5]thiadiazole",2
1298,"4,8-dihydroxynaphthalene-2,6-dicarboxylic acid",2
1299,4-((2-(pyridine-2-yl)-1H-imidazol-1-yl)methyl)benzoic acid,2
1300,"4-(1,2,4-triazol-4-yl)phenylphosphonic acid",2
1301,"4-(1,2,4-triazole)benzoic acid",2
1302,4-(1H-imidazol-1-yl)benzonitrile,2
1303,4-(1H-pyrazol-4-yl)benzoic acid,2
1304,4-(1H-pyrazol-4-yl)pyridine,2
1305,4-(1H-tetrazol-5-yl)-benzoic acid,2
1306,4-(1H-tetrazole-5-yl)benzoic acid,2
1307,4-(2-carboxyvinyl)benzoic acid,2
1308,4-(2-ethyl-1H-imidazol-1-yl)benzoic acid,2
1309,4-(4-carboxy-3-hydroxy-phenyl)-2-hydroxy-benzoic acid,2
1310,"4-(4-carboxyphenyl)-2,2':6',2″-terpyridine",2
1311,"4-(4-carboxyphenyl)-3,2':6',3''-terpyridine",2
1312,4-(4-pyridyl)benzoic acid,2
1313,4-(4-pyridyl)benzoic acid N-oxide,2
1314,"4-(4H-1,2,4-triazol-4-yl)phenylarsonic acid",2
1315,"4-(5-(1H-pyrazol-4-yl)-1H-1,2,4-triazol-3-yl)pyridine",2
1316,"4-([4,2':6',4''-terpyridin]-4'-yl)benzoic acid",2
1317,"4-(p-carboxyphenyl)-1,2,4-triazole",2
1318,"4-Hydroxypyridine-2,6-dicarboxylate",2
1319,4-Pyrazolecarboxylic acid,2
1320,"4-[N,N-bis(4-methylbenzoic acid)amino]benzoic acid",2
1321,4-boronobenzoic acid,2
1322,"4-carboxy-1-(3,5-dicarboxybenzyl)pyridinium bromide",2
1323,4-chlorosalicylic acid,2
1324,4-cyanobenzoic acid,2
1325,4-dodecylbenzoic acid,2
1326,4-heptylbenzoic acid,2
1327,4-methoxyisophthalic acid,2
1328,4-pyrid-4-ylbenzoic acid,2
1329,4-sulfobenzoic acid,2
1330,4-sulfophthalic acid,2
1331,"5'-(pyrazin-2-yl)-2H,4'H-3,3'-bi(1,2,4-triazole)",2
1332,"5'-carboxyl-[1,1':3',1″-terphenyl]-4,4″-dicarboxylic acid",2
1333,"5,10-dihydroanthracene-2,7-dicarboxylic acid",2
1334,"5,5',5''-((Oxo-λ5-phosphanetriyl)tris(azanediyl))triisophthalic acid",2
1335,"5,5',5''-(pyridine-2,4,6-triyl)triisophthalic acid",2
1336,"5,5'-(([1,1'-biphenyl]-4,4'-dicarbonyl)bis(azanediyl))diisophthalic acid",2
1337,"5,5'-(1,4-phenylenebis(methyleneoxy))diisophthalic acid",2
1338,"5,5'-(4',5'-bis(4-(1H-tetrazol-5-yl)phenyl)-[1,1':2',1''-terphenyl]-4,4''-diyl)bis(1H-tetrazole)",2
1339,"5,5'-(anthracene-9,10-diyl)diisophthalic acid",2
1340,"5,5'-(benzo[c][1,2,5]thiadiazole-4,7-diyl)diisophthalic acid",2
1341,"5,5'-(carbonylbis(azanediyl))-diisophthalic acid",2
1342,"5,5'-(oxalylbis(azanediyl))diisophthalic acid",2
1343,"5,5'-dithiobis(2-nitrobenzoic acid)",2
1344,"5,5'-thiodiisophthalic acid",2
1345,"5,5,7,12,12,14-hexamethyl-1,4,8,11-tetraazacyclotetradecane-1,8-N,N'-dimethylene-isophthalic acid",2
1346,"5-((3-carboxyphenoxy)methyl)benzene-1,3-dioic acid",2
1347,5-((6H-purin-6-yl)amino)isophthalic acid,2
1348,5-(1-carboxy-ethoxy)-isophthalic acid,2
1349,"5-(1-oxo-1,3-dihydro-isoindol-2-yl)-isophthalic acid",2
1350,5-(1H-imidazol-1-yl)isophthalic acid,2
1351,5-(2'-carboxy-biphenyl-4-ylmethoxy)-isophthalic acid,2
1352,"5-(2,5-dicarboxyphenoxy)isophthalic acid",2
1353,5-(2-carboxypyrrolidine-1-carbonyl)isophthalic acid,2
1354,5-(2-pyrazinyl)tetrazole,2
1355,"5-(3,5-dicarboxybenzamido)isophthalic acid",2
1356,5-(3-carboxybenzyloxy)isophthalic acid,2
1357,"5-(3-ethyl-5-methyl-4H-1,2,4-triazol-4-yl)isophthalic acid",2
1358,"5-(3-methyl-4H-1,2,4-triazol-4-yl)isophthalic acid",2
1359,5-(3-pyridyl)tetrazole,2
1360,5-(4'-carboxylphenyl)nicotinic acid,2
1361,"5-(4-bromophenyl)-10,15,20-tris(4-carboxyphenyl)porphyrin",2
1362,5-(4-carboxypyridin-3-yl)isophthalic acid,2
1363,5-(4-pyridyl)isophthalic acid,2
1364,5-(4-pyridyl)tetrazole sodium salt,2
1365,5-(6-Carboxypyridin-2-yl)isophthalic acid,2
1366,5-(bis(4-carboxybenzyl)amino)isophthalic acid monohydrate,2
1367,5-(carboxyformamido)isophthalic acid,2
1368,5-(pyridin-3-yl) isophthalic acid,2
1369,5-Aminoisophthalic acid,2
1370,5-[bis(4-carboxybenzyl)amino] isophthalic acid,2
1371,5-boronoisophthalic acid,2
1372,5-chlorosalicylic acid,2
1373,5-iodoisophthalic acid,2
1374,5-methylnicotinic acid,2
1375,5-methylthio-2H-tetrazole,2
1376,5-methylthioisophthalic acid,2
1377,5-nitrosalicylic acid,2
1378,5-phenyl-1H-tetrazole,2
1379,"5-phosphonatophenyl-1,2,4-tricarboxylic acid",2
1380,"5-sulfonyl-1,2,4-benzenetricarboxylic acid",2
1381,"6,6'-(2,2-bis((6-carboxynaphthalen-2-yloxy)methyl)propane-1,3-diyl)bis(oxy)di-2-naphthoic acid",2
1382,"6,6,14,14-tetramethyl-6,14-dihydroquinoxalino[2,3-b]phenazinebistriazole",2
1383,"6-(4H-1,2,4-triazol-4-yl)-2-naphthoic acid",2
1384,"9,9'-(propane-1,3-diyl)bis(9H-carbazole-3,6-dicarboxylic acid)",2
1385,"9,9-dibutyl-9H-fluorene-2,7-dicarboxylic acid",2
1386,"9H-Carbazole-2,7-dicarboxylic acid",2
1387,D-(-)-tartaric acid,2
1388,D-(−)-tartaric acid,2
1389,DHP-diCO2H,2
1390,E-ethylenedihydroxamic acid,2
1391,Fe(Br-TCPP)Cl,2
1392,Fe(III) meso-tetra(4-carboxyphenyl)porphyrin chloride,2
1393,H(Me-3py-pba),2
1394,H2BDC-OCH3,2
1395,H2tpdc-TEMPO,2
1396,H3L (5-(4-Carboxy-benzoylamino)-isophthalic acid),2
1397,H4BTDB ligand,2
1398,IL-Ti(salen)-derived dicarboxylic linker,2
1399,Ir(TCPP)Cl,2
1400,K(H2mF-BTC),2
1401,K2bqdc,2
1402,KBH(2-mim)3,2
1403,"KH3L1 (3-(3',5'-dicarboxylphenoxy)phthalic acid)",2
1404,L-aspartic acid,2
1405,L-cysteic acid,2
1406,L-thioproline,2
1407,"N,N',N''-tris(3-pyridyl)-1,3,5-benzenetricarboxamide",2
1408,"N,N',N″-tris(isophthalyl)-1,3,5-benzenetricarboxamide",2
1409,"N,N'-(1,4-phenylenebis(methan-1-yl-1-ylidene))bis(4-(1H-imidazol-1-yl)aniline)",2
1410,"N,N'-4,4'-bipiperidinebis(methylenephosphonic acid) hydrobromide adduct",2
1411,"N,N'-bis(3-pyridinecarboxamide)-1,2-ethane",2
1412,"N,N'-bis(3-pyridinecarboxamide)-piperazine",2
1413,"N,N'-bis(4-pyridinecarboxamide)-1,2-ethane",2
1414,"N,N'-bis(4-pyridylmethyl)-1,4,5,8-naphthalenediimide",2
1415,"N,N'-bis(pyridin-3-ylmethyl)-(1,1'-biphenyl)-4,4'-dicarboxamide",2
1416,"N,N'-bis(pyridine-3-yl)pyridine-2,6-dicarboxamide",2
1417,"N,N'-bis-pyridin-4-ylmethylene-naphthalene-1,5-diamine",2
1418,"N,N'-di(3-pyridyl)octanediamide",2
1419,"N,N'-di(4-pyridyl)adipoamide",2
1420,"N,N'-oxamidobis(benzoic acid)",2
1421,"N,N,N',N'-tetra(2-pyridyl)-1,4-phenylenediamine",2
1422,"N,N,N',N'-tetrakis(4-carboxyphenyl)biphenyl-4,4'-diamine",2
1423,"N,N,N',N'-tetrakis(4-carboxyphenyl)−1,4-phenylenediamine",2
1424,"N,N-bis[1(2)H-tetrazol-5-yl]amine",2
1425,"N-(4-carboxyphenylmethylene)-4-(4-carboxyphenoxy)-1,8-naphthalimide",2
1426,N-(4-pyridylmethyl)iminodiacetic acid,2
1427,Na(pmtz)·H2O (sodium 5-(pyrimidyl)tetrazolate monohydrate),2
1428,"Na2(2,5-pyrdc)",2
1429,Na2bqdc,2
1430,Na3TATAB,2
1431,Ni-tetra(4-phosphonophenyl)porphyrin tetraphosphonic acid,2
1432,Tetrakis[4-(carboxyphenyl)oxamethyl]methane acid,2
1433,TiL(OBu)2 (Ti(salan) metalloligand),2
1434,Tipe,2
1435,"[1,1'-biphenyl]-3,4',5-tricarboxylic acid",2
1436,"[1,1':4',1''-terphenyl]-2,2'',4,4''-tetracarboxylic acid",2
1437,"[1,1':4',1''-terphenyl]-3,4'',5-tricarboxylic acid",2
1438,"[1,1':4',1″]terphenyl-3,3″,5,5″-tetrahydroxamic acid",2
1439,"[1,10:30,100-terphenyl]-4,400,50-tricarboxylic acid",2
1440,[Ir(ppy)2(H2dcbpy)]Cl,2
1441,[Ru(H2dcbpy)3]Cl2,2
1442,"anthraquinone-1,4,5,8-tetracarboxylic acid",2
1443,"anthraquinone-1,5-disulfonic acid disodium salt",2
1444,azino-quinoline ligand,2
1445,"azobenzene-4,4'-dicarboxylic acid",2
1446,"benzene-1,2,3-tricarboxylic acid",2
1447,"benzene-1,3,5-triacetic acid",2
1448,"benzene-1,3,5-tricarboxylate triethylammonium salt",2
1449,"benzene-1,3,5-tris(m-benzoic acid)",2
1450,"benzo[b]thiophene-2,6-dicarboxylic acid",2
1451,"benzophenone 4,4'-dicarboxylic acid",2
1452,beta-cyclodextrin,2
1453,biphenyl tetrahydroxamic acid,2
1454,"biphenyl-2,4'-dicarboxylic acid",2
1455,"biphenyl-2,5,3'-tricarboxylic acid",2
1456,"biphenyl-3,3',4,4'-tetracarboxylic dianhydride",2
1457,"biphenyl-3,4,5-tricarboxylic acid",2
1458,"bis(1,2,4-triazol-1-yl)ethane",2
1459,"bis(1H-1,2,3-triazolo[4,5-b],[4',5'-i])dibenzo-[1,4]-dioxin",2
1460,bis(4-carboxy-benzyl)amine,2
1461,bis(4-pyridylthio)methane,2
1462,bis(N-imidazolyl)methane,2
1463,bis(amidoquinoline) ligand,2
1464,"bis(pyridin-3-ylmethylene)biphenyl-2,2'-dicarbohydrazide",2
1465,"bis-[4-(4-carboxyphenyl)-3,5-dimethylpyrazolyl]methane",2
1466,bis-tris propane,2
1467,chelidamic acid hydrate,2
1468,chloranilic acid,2
1469,"cis-1,4-cyclohexanedicarboxylic acid",2
1470,citric acid,2
1471,"cyclohexane-1,2,3,4,5,6-hexacarboxylic acid",2
1472,"dibenzo[e,g][1,4]diazocine-3,10-dicarboxylic acid, 4,4'-dibromo derivative",2
1473,dicarboxylate-functionalized salen ligand,2
1474,"dimepip-(3,3'-NO2)-diCO2H",2
1475,"diphenylmethane-4,4'-dicarboxylic acid",2
1476,"disodium 1,4-phenylenediacrylate",2
1477,"disodium 1,5-naphthalenedisulfonate",2
1478,disodium 2-aminoterephthalate,2
1479,"disodium 4,4'-oxy-bis(benzoate)",2
1480,ellagic acid,2
1481,ethyl 2-(2-pyridin-imidazolyl) acetate,2
1482,ferrocenyl cyclodiphosphazane [Fe(η5-C5H4)2(PNtBu)2],2
1483,ferulic acid,2
1484,glyphosine,2
1485,guanazole,2
1486,hexahydroxybenzene,2
1487,hexamethylenetetramine,2
1488,"hydroquinone-O,O'-diacetic acid",2
1489,isoniazid,2
1490,"lithium 1-(2-pyridinylmethyl)-pyrazole-3,5-dicarboxylate",2
1491,"lithium 1-(4-pyridinylmethyl)-pyrazole-3,5-dicarboxylate",2
1492,melamine,2
1493,melem,2
1494,meso-tetrakis(4-carboxyphenyl)porphyrinato iron(III) chloride (L1-Fe(Cl)),2
1495,"methanetetrayl(biphenyl-3,5-dicarboxylic acid)",2
1496,methanetriacetic acid,2
1497,monosodium 2-sulfoterephthalic acid,2
1498,muconic acid,2
1499,neutral N-donor ligand,2
1500,nicotinic acid N-oxide,2
1501,nitrilotriacetic acid,2
1502,nitroterephthalic acid,2
1503,octahydroxyl tetraphenylbenzene,2
1504,oxalate,2
1505,oxonic acid potassium salt,2
1506,oxydiacetic acid,2
1507,"p-carborane-1,12-dicarboxylic acid",2
1508,p-carboxycinnamic acid,2
1509,"p-terphenyl-3,3″,5,5″-tetracarboxylic acid",2
1510,p-tert-butylsulfonyl calix[4]arene,2
1511,"pamoic acid (H2pam) = 4,4'-methylenebis[3-hydroxy-2-naphthalenecarboxylic acid]",2
1512,"pbpdc-8a-u (poly-[1,1'-biphenyl]-3,3'-bis(pent-4-en-1-yloxy)-4,4'-dicarboxylic acid)",2
1513,phenylphosphonic acid,2
1514,phenylsuccinic acid,2
1515,piperazine dicarbamate (as [HDBU]2[PZ(CO2)2]·2MeCN),2
1516,piperazine hexahydrate,2
1517,"piperazine-1,4-diylbis(pyridine-4-ylmethanone)",2
1518,"potassium 1,3,5-benzenetricarboxylate",2
1519,"ptpdc-10a-u (poly-[1,1':4',1'']-terphenyl-2',5'-bis(hex-5-en-1-yloxy)-4,4''-dicarboxylic acid)",2
1520,"ptpdc-8a-u (poly-[1,1':4',1'']-terphenyl-2',5'-bis(pent-4-en-1-yloxy)-4,4''-dicarboxylic acid)",2
1521,pyrazole,2
1522,"pyridine-2,4-dicarboxylic acid",2
1523,"pyridine-2,4-dicarboxylic acid hydrate",2
1524,"pyridine-2,4-dicarboxylic acid monohydrate",2
1525,"pyridine-3,5-dicarboxylate",2
1526,pyridine-functionalized boron dipyrromethene,2
1527,pyridyl-4-phosphonic acid,2
1528,pyrimidyl-5-carboxylic acid,2
1529,"quaterphenyl-3,3‴,5,5‴-tetracarboxylic acid",2
1530,"rac-2,2'-diethyoxy-1,1'-binaphthyl-4,4',6,6'-tetrakis(4-benzoic acid)",2
1531,salicylic acid,2
1532,sarafloxacin hydrochloride,2
1533,"sodium 1,2,4-triazolylacetate",2
1534,"sodium 2,5-dihydroxyterephthalate dihydrate",2
1535,"sodium 4,4'-(1,3,4-oxadiazole-2,5-diyl)dibenzoate",2
1536,"sodium salt of 1,1'-ferrocenedicarboxylic acid",2
1537,sodium salt of 5-sulfoisophthalic acid,2
1538,"spiro-4-py (2,2',7,7'-tetra(pyridin-4-yl)-9,9'-spirobi[fluorene])",2
1539,succinylsalicylic acid,2
1540,sulfosuccinic acid,2
1541,terephthalaldehyde di-isonicotinoylhydrazone,2
1542,"terphenyl-3,4″,5-tricarboxylic acid",2
1543,tetra(4-sulfonatophenyl)porphyrin,2
1544,tetra-4-(4-pyridyl)phenylmethane,2
1545,tetrabromobenzoic acid,2
1546,"tetrafluoro-substituted 4,4'-[1,4-phenylene-bis(ethyne-2,1-diyl)]-dibenzoic acid",2
1547,"tetrakis 3,5-bis[4-carboxyphenyl]phenyl porphine",2
1548,tetrakis(3-pyridyloxymethyl)methane,2
1549,"tetrakis(4-(4-pyridyl)-2,3,5,6-tetrafluorophenyl)borate",2
1550,tetrakis(4-carboxyphenyl)phosphonium,2
1551,tetrakis(4-pyridyloxymethyl)methane,2
1552,tetrakis[4-(carboxyphenyl)-oxamethyl]methane acid,2
1553,tetrazole,2
1554,thiadiazole dicarboxylate (tdz2−) as Na2tdz,2
1555,"trans,trans-1,3-butadiene-1,4-dicarboxylic acid",2
1556,triethyl phosphonoacetate,2
1557,triformylphloroglucinol,2
1558,trimellitic acid,2
1559,"trimethyl-1,3,5-benzenetricarboxylate",2
1560,tris((4-carboxyl)phenylduryl)amine,2
1561,tris(4-(1H-imidazol-1-yl)phenyl)amine,2
1562,tris(4-(1H-pyrazol-4-yl)phenyl)amine,2
1563,"tris(4-(4H-1,2,4-triazol-4-yl)phenyl)amine",2
1564,tris(4-(pyridin-4-yl)phenyl)amine,2
1565,tris(4-carboxylphenyl)phosphine oxide,2
1566,tris(p-carboxylato)triphenylphosphine,2
1567,tris(p-carboxylic acid)tridurylborane,2
1568,tris[4-(2'-methylimidazol-yl)phenyl]phosphine oxide,2
1569,urocanic acid,2
1570,vitamin B3,2
1571,β-cyclodextrin,2
1572,(1H-pyrazole-4-carbonyl)-D-alanine,1
1573,(1H-pyrazole-4-carbonyl)-L-alanine,1
1574,(1H-pyrazole-4-carbonyl)glycine,1
1575,"(1R,3R)-(-)-camphoric acid",1
1576,"(1R,3S)-(+)-camphoric acid",1
1577,"(1R,3S)-1,2,2-trimethyl-3-(pyridin-3-ylmethylcarbamoyl)cyclopentanecarboxylate (3-MPCA−) from 3-MPCAH sodium salt",1
1578,(1S)-1-(5-tetrazolyl)isobutylamine,1
1579,"(1S,3R)-(-)-camphoric acid",1
1580,"(1S,3S)-(+)-camphoric acid",1
1581,"(2,4,6-trimethylbenzene-1,3,5-triyl)tris(methylene)triphosphonic acid",1
1582,(2-furan-2-yl)-1H-benzo[d]imidazole,1
1583,"(2E,2'E)-3,3'-(anthracene-9,10-diyl) diacrylic acid",1
1584,"(2S,2'S,2″S)-2,2',2″-(benzenetricarbonyltris(azanediyl))tripropanoic acid",1
1585,(4-carboxylphenyl)(4-(2'-carboxylphenyl)benzyl) ether,1
1586,(Br-)Etim-H2BDC (2-(3-ethyl-imidazol-1-yl)-terephthalic acid),1
1587,(E)-2-((2-hydroxy-5-iodobenzylidene)amino)acetic acid,1
1588,(E)-2-((2-hydroxy-5-methylbenzylidene)amino)acetic acid,1
1589,(E)-2-((5-bromo-2-hydroxybenzylidene)amino)acetic acid,1
1590,(E)-2-((5-cyano-2-hydroxybenzylidene)amino)acetic acid,1
1591,(E)-2-((5-fluoro-2-hydroxybenzylidene)amino)acetic acid,1
1592,"(E)-2-(2-carboxyvinyl)-1,3-thiazole-4-carboxylic acid",1
1593,(E)-5-(2-carboxyvinyl)-2-furancarboxylic acid,1
1594,(E)-5-(2-carboxyvinyl)furan-3-carboxylic acid,1
1595,(E)-5-(2-carboxyvinyl)thiophene-2-carboxylic acid,1
1596,"(E,E)-3,3'-(2,5-furandiyl)bis-2-propenoic acid",1
1597,(R)-(−)-2-methylpiperazine,1
1598,"(R)-2,2'-dihydroxy-1,1'-binaphthalene-5,5'-dicarboxylic acid",1
1599,"(R)-3,3'-bis(6-carboxy-2-naphthyl)-2,2'-dihydroxy-1,1'-binaphthyl",1
1600,(R)-H3CIA,1
1601,(R)-H3PIA,1
1602,"(R,R)-N,N'-bis(3-tert-butyl-5-(4-pyridyl)salicylidene)-1,2-diphenylethylenediamine nickel(II)",1
1603,"(R,R)-thiazolidine-2,4-dicarboxylic acid",1
1604,"(S)-1,4-diallyl-2-methylpiperazine",1
1605,"(S)-2,2'-dihydroxy-6,6'-dimethyl(1,1'-biphenyl)-4,4'-dicarboxylic acid",1
1606,(S)-2-[(4-carboxybenzyl)amino]pentanedioic acid,1
1607,(S)-4-((1-carboxy-2-methylpropylamino)methyl)benzoic acid,1
1608,"(S)-5,5'-Bis(4-carboxyphenyl)-2,2'-bis(diphenylphosphinoyl)-1,1'-binaphthyl",1
1609,(S)-5-(((1-carboxy-2-phenylethyl)amino)methyl)isophthalic acid,1
1610,(S)-mepip-diCO2H ((S)-2-methylpiperazine-based dicarboxylic acid),1
1611,(TBA)3[MnMo6O18{(OCH2)3CNH2}2],1
1612,"(benzene-1,3,5-triyltris(methylene))tris(phosphonic acid)",1
1613,"(d)-2-(1,2,4-triazol-4-yl)propionic acid",1
1614,"(ethene-1,1,2,2-tetrayltetrakis(benzene-4,1-diyl))tetraphosphonic acid",1
1615,"1,1'-(1,3-propanediyl)bis[2-(4-pyridyl)benzimidazole]",1
1616,"1,1'-(1,4-butanediyl)bis[2-(3-pyridyl)benzimidazole]",1
1617,"1,1'-(1,4-phenylenebis(methylene))bis(1H-imidazole-4,5-dicarboxylic acid)",1
1618,"1,1'-(2-(trifluoromethyl)-1,4-phenylene)bis(1H-imidazole)",1
1619,"1,1'-(2-chloro-1,4-phenylene)bis(1H-imidazole)",1
1620,"1,1'-(2-methoxy-1,4-phenylene)bis(1H-imidazole)",1
1621,"1,1'-(2-methyl-1,4-phenylene)bis(1H-imidazole)",1
1622,"1,1'-binaphthyl-4,4'-dicarboxylic acid",1
1623,"1,1'-biphenyl-3,3',5,5'-tetracarboxylate acid",1
1624,"1,1'-biphenylene-4,4'-bis(methylene)-bis(phosphonic acid)",1
1625,"1,1'-bis(3,5-dicarboxyphenyl)-4,4'-bipyridinium dichloride",1
1626,"1,1'-di(p-carboxybenzyl)-2,2'-diimidazole",1
1627,"1,1'-ethynebenzene-3,3',5,5'-tetracarboxylic acid",1
1628,"1,1':4',1''-terphenyl-3,4'',5-tricarboxylic acid",1
1629,"1,1,2,2-tetrakis(4'-(pyridin-4-yl)-[1,1'-biphenyl]-4-yl) ethene",1
1630,"1,1,2,2-tetrakis(4-carboxypyrazolyl)ethane",1
1631,"1,1,2,2-tetrakis(4-phosphonophenyl)ethylene",1
1632,"1,1,2,2-tetrakis[4-(4-carboxyphenyl)pyrazolyl]ethane",1
1633,"1,1-cyclopentanediacetic acid",1
1634,"1,1-methylenebis(3,5-dimethyl-1H-pyrazole-4-carboxylic acid)",1
1635,"1,10-(1,4-butanediyl)bis(imidazole)",1
1636,"1,10-bis(5,6-dimethylbenzimidazole)methane",1
1637,"1,10-phenanthroline monohydrate",1
1638,"1,12-dihydroxycarbonyl-1,12-dicarba-closo-dodecaborane",1
1639,"1,2,3,4-tetra(4-pyridyl)thiophene",1
1640,"1,2,3-1H-triazole",1
1641,"1,2,4,5-Benzenetetracarboxylic acid",1
1642,"1,2,4,5-Tetrakis(4-carboxypenyl)benzene",1
1643,"1,2,4,5-Tetrakis[(1E)-2'-(4''-benzoic acid)vinyl)]benzene",1
1644,"1,2,4,5-benzenetetracarboxylic anhydride",1
1645,"1,2,4,5-tetrakis(pyridin-4-ylethynyl)benzene",1
1646,"1,2,4,5-tetrakis[3,5-bis(4-carboxyphenyl)phenoxymethyl]benzene",1
1647,"1,2,4-benzenetricarboxylic anhydride",1
1648,"1,2,4-triazol-4-amine",1
1649,"1,2,4-triazol-4-yl-acetic acid",1
1650,"1,2,4-triazole-3-thiol",1
1651,"1,2-bis(1,2,4-triazol-1-yl)ethane",1
1652,"1,2-bis-[3,5-bis(carboxy)phenoxy]ethane",1
1653,"1,2-cyclohexanedicarboxylic acid",1
1654,"1,2-di(4-pyridyl)ethene",1
1655,"1,2-di(pyridin-4-yl)ethene",1
1656,"1,3,4-benzenetricarboxylic acid",1
1657,"1,3,5 benzenetricarboxylic acid",1
1658,"1,3,5,7-tetrakis(1,2,4-triazol-4-yl)adamantane",1
1659,"1,3,5-Tri(6-hydroxycarbonylnaphthalen-2-yl)benzene",1
1660,"1,3,5-Tris(4-carbon(phenoxy)benzene)",1
1661,"1,3,5-Tris(4-pyridylsulfanylmethyl)-2,4,6-trimethylbenzene",1
1662,"1,3,5-Tris(imidazol-1-ylmethyl)-2,4,6-trimethylbenzene",1
1663,"1,3,5-benzene(tris)benzoic acid",1
1664,"1,3,5-benzene-trisethynylbenzoic acid",1
1665,"1,3,5-benzenetrisulfonic acid",1
1666,"1,3,5-cyclohexanetricarboxylic acid",1
1667,"1,3,5-tri(1H-benzo[d]imidazol-1-yl)benzene",1
1668,"1,3,5-tri(1H-pyrazol-3-yl)benzene",1
1669,"1,3,5-tri(4-carboxylphenyl)benzene",1
1670,"1,3,5-tri(4-carboxyphenyl)adamantane",1
1671,"1,3,5-tris((1H-imidazol-1-yl)methyl)benzene",1
1672,"1,3,5-tris((1H-pyrazol-4-yl)phenyl)benzene",1
1673,"1,3,5-tris(1H-1,2,3-triazol-5-yl)benzene",1
1674,"1,3,5-tris(1H-pyrazol-4-yl)benzene",1
1675,"1,3,5-tris(2H-tetrazol-5-yl)benzene dihydrochloride",1
1676,"1,3,5-tris(3,5-bis(4-carboxyphenyl)phenyl)-benzene",1
1677,"1,3,5-tris(3-carboxy-triazole-methylene)-2,4,6-tritoluene",1
1678,"1,3,5-tris(4'-carboxy[1,1'-biphenyl]-4-yl)benzene",1
1679,"1,3,5-tris(4-carboxyphenyl)benzene acid",1
1680,"1,3,5-tris(imidazol-1-ylmethyl)-2,4,6-trimethylbenzene",1
1681,"1,3,5-tris[(1,3-carboxylic acid-5-(4-(ethynyl)phenyl))ethynyl]benzene",1
1682,"1,3,5-triscarboxyphenylethynylbenzene",1
1683,"1,3,6,8-pyrene tetracarboxylic acid",1
1684,"1,3,6,8-tetrakis(3-carboxyphenyl) pyrene",1
1685,"1,3-Bis(1,2,4-triazol-1-yl)propane",1
1686,"1,3-alt-25,26,27,28-tetrakis[(carboxy)methoxy]calixarene",1
1687,"1,3-beib [1,3-bis(2-ethylimidazol-1-ylethyl)benzene]",1
1688,"1,3-benzenedicarboxylate acid",1
1689,"1,3-bis(1,2,4-triazol-4-yl)adamantane",1
1690,"1,3-bis(1-(pyridin-4-ylmethyl)-1H-benzo[d]imidazol-2-yl)propane",1
1691,"1,3-bis(2-benzimidazol)benzene",1
1692,"1,3-bis(3,5-dicarboxylphenyl-ethynyl)benzene",1
1693,"1,3-bis(3,5-dimethyl-1H-pyrazol-4-yl)benzene",1
1694,"1,3-bis(3-carboxyphenyl)imidazolium chloride, 6(Cl)",1
1695,"1,3-bis(4-carboxyphenyl)imidazolium chloride",1
1696,"1,3-bis(4-piperidyl)propane",1
1697,"1,3-bis(5,6-dimethylbenzimidazol-1-ylmethyl)benzene",1
1698,"1,3-bis(5-methoxy-1,3-benzene dicarboxylic acid)benzene",1
1699,"1,3-bis(imidazol-1-yl)propane",1
1700,"1,3-bis(imidazol-1-ylmethyl)benzene",1
1701,"1,3-bis-(3,5-dicarboxyphenyl) imidazolium chloride",1
1702,"1,3-bis-[3,5-bis(carboxy)phenoxy]isopropanol",1
1703,"1,3-bis-[3,5-bis(carboxy)phenoxy]propane",1
1704,"1,3-cyclohexanedicarboxylic acid",1
1705,"1,3-di(4-carboxyphenyl)adamantane",1
1706,"1,3-propylenediphosphonic acid",1
1707,"1,4,5-triazanaphthalene",1
1708,"1,4-H2BDC",1
1709,"1,4-NDCH2",1
1710,"1,4-benzenecarboxylic acid",1
1711,"1,4-benzenediacrylic acid",1
1712,"1,4-benzenediphosphonic acid",1
1713,"1,4-benzenedisulfonic acid",1
1714,"1,4-benzeneditetrazolate",1
1715,"1,4-bis(1-(pyridin-4-ylmethyl)-1H-benzo[d]imidazol-2-yl)butane",1
1716,"1,4-bis(1-imidazolyl)-2,5-dimethylbenzene",1
1717,"1,4-bis(1H-1,2,4-triazol-1-yl) butane",1
1718,"1,4-bis(1H-imidazoly-1-yl)benzene",1
1719,"1,4-bis(1H-pyrazol-4-yl)-2-aminobenzene",1
1720,"1,4-bis(1H-pyrazol-4-yl)-2-hydroxybenzene",1
1721,"1,4-bis(1H-pyrazol-4-yl)-2-nitrobenzene",1
1722,"1,4-bis(2,3,6,7-tetrahydroxy-9H-carbazol-9-yl)benzene",1
1723,"1,4-bis(3-phenoxymethylene-(3-pyridyl))-2,3-diaza-1,3-butadiene",1
1724,"1,4-bis(4-carboxyphenyl)benzene",1
1725,"1,4-bis(4-pyridyl)benzene",1
1726,"1,4-bis(4-pyridyl)butane",1
1727,"1,4-bis(5,6-dimethylbenzimidazole)butane",1
1728,"1,4-bis(5-(3-pyridyl)tetrazolyl)hexane",1
1729,"1,4-bis(5-(4-pyridyl)tetrazolyl)hexane",1
1730,"1,4-bis(pyridinil-3-carboxylato)-1,4-dimethylbenzene",1
1731,"1,4-bis(triazol-1-ylmethyl)benzene",1
1732,"1,4-bis-(4-pyridyl)-2,3-diaza-1,3-butadiene",1
1733,"1,4-bis-(4-pyridyl)-benzene",1
1734,"1,4-bis-p-carboxyphenylbuta-1,3-diene",1
1735,"1,4-cubanedicarboxylic acid",1
1736,"1,4-di(1H-benzo[d]imidazol-2-yl)butane",1
1737,"1,4-di(1H-imidazol-1-yl)benzene",1
1738,"1,4-di(4-carboxyphenyl)benzene",1
1739,"1,4-diazacycloheptane",1
1740,"1,4-naphthalenedicarboxylate acid",1
1741,"1,4-naphthalic acid",1
1742,"1,4-phenyldiacetic acid",1
1743,"1,4-phenyldiacrylic acid",1
1744,"1,4-phenylene diisonicotinate",1
1745,"1,4-phthalic acid",1
1746,"1,5-di(1H-benzo[d]imidazol-2-yl)pentane",1
1747,"1,5-dihydrobenzo[1,2-d:4,5-d']bis([1,2,3]triazole)",1
1748,"1,5-dihydroxynaphthalene-2,6-dicarboxylic acid",1
1749,"1,5-pentylenediphosphonic acid",1
1750,"1,6-bis(1,2,4-triazol-1-yl) hexane",1
1751,"1,6-bis(1,2,4-triazol-1-yl)hexane",1
1752,"1,6-bis(1-(pyridin-4-ylmethyl)-1H-benzo[d]imidazol-2-yl)hexane",1
1753,"1,7-bis(4-pyridyl)heptane",1
1754,"1,7-dihydroxycarbonyl-1,7-dicarba-closo-dodecaborane",1
1755,"1-((1H-1,2,4-triazol-1-yl)methyl)-3-(3-pyridyl)-5-(2-pyridyl)-1,2,4-triazole",1
1756,"1-((1H-1,2,4-triazol-1-yl)methyl)-3-(4-pyridyl)-5-(2-pyridyl)-1,2,4-triazole",1
1757,1-(2-pyridylmethyl)-1H-benzotriazole,1
1758,1-(3-pyridylmethyl)-1H-benzotriazole,1
1759,"1-(4-carboxybenzyl)-1H-imidazole-4,5-dicarboxylic acid",1
1760,1-(4-carboxyphenyl)-1H-pyrazole-3-carboxylic acid,1
1761,"1-(4-carboxyphenyl)-4,4'-bipyridinium",1
1762,"1-(4-carboxyphenyl)-4,4'-bipyridinium chloride",1
1763,1-(4-carboxyphenyl)-5-mercapto-1H-tetrazole,1
1764,1-(4-pyridyl)-2-(4-pyrimidyl)ethene,1
1765,1-(4-pyridylmethyl)-1H-benzotriazole,1
1766,1-(carboxylatomethyl)-3-(5-tetrazolato)pyridinium,1
1767,1-(carboxymethyl)-1H-indole-5-carboxylic acid,1
1768,1-ethyl-3-methylimidazolium hydrogen terephthalate,1
1769,"1-hydroxy-2-(3-pyridyl)ethylidene-1,1-diphosphonate acid",1
1770,"1-imidazole-1-yl-2,4,6-benzene-tricarboxylic acid",1
1771,"1H,1'H-5,5'-bibenzo[d][1,2,3]triazole",1
1772,"1H-1,2,4-triazole-3-carboxylic acid",1
1773,"1H-Pyrazole-3,5-dicarboxylic acid monohydrate",1
1774,"1H-[1,2,3]triazole",1
1775,"1H-pyrazole-3,5-dicarboxylic acid monohydrate",1
1776,1H-pyrazole-3-carboxylic acid,1
1777,1H-tetrazole-5-carboxylic acid ethyl ester sodium salt,1
1778,"1a,4a-dihydroxy-1e,2e,4e,5e-tetra(4-pyridyl)cyclohexane",1
1779,"2''-(azidomethyl)-[1,1':4',1'':4'',1'''-quaterphenyl]-4,4'''-dicarboxylic acid",1
1780,"2'-TEMPO-[1,1',4,1″-terphenyl]-4,4'-dicarboxylic acid",1
1781,"2'-amino-1,1':4',1''-terphenyl-4,4''-dicarboxylic acid",1
1782,"2'-amino-1,1':4',1″-terphenyl-3,5,3',5'-tetracarboxylic acid",1
1783,"2'-amino-5'-(4-carboxyphenyl)-[1,1':3',1''-terphenyl]-4,4''-dicarboxylic acid",1
1784,"2'-amino-[1,1':3',1''-terphenyl]-3,3'',5,5''-tetracarboxylic acid",1
1785,"2'-amino-[1,1':4',1″-terphenyl]-3,3″,5,5″-tetracarboxylic acid",1
1786,"2'-fluoro-[1,1':4',1″-terphenyl]-3,3″,5,5″-tetracarboxylic acid",1
1787,"2,2',3,3'-oxydiphthalic acid",1
1788,"2,2',4,4',6,6'-hexamethyl-3,3',5,5'-tetra(3,5-dicarboxyphenyl)-biphenyl",1
1789,"2,2',6,6'-Tetrakis[3,5-bis-3,5-benzenedicarboxylate] benzidine",1
1790,"2,2',6,6'-tetranitro-4,4'-biphenyl dicarboxylate",1
1791,"2,2'-(2,5-dibromo-1,4-phenylene)bis(1H-imidazole-4,5-dicarboxylic acid)",1
1792,"2,2'-(Adipoylbis(azanediyl))diterephthalic acid",1
1793,"2,2'-(Azelaoylbis(azanediyl))diterephthalic acid",1
1794,"2,2'-(Glutaroylbis(azanediyl))diterephthalic acid",1
1795,"2,2'-(Pimeloylbis(azanediyl))diterephthalic acid",1
1796,"2,2'-(Suberoylbis(azanediyl))diterephthalic acid",1
1797,"2,2'-(biphenyl-4,4'-diylbis(oxy))diacetic acid",1
1798,"2,2'-(ethanediyl)bis(1H-benzimidazole)",1
1799,"2,2'-(naphthalene-1,5-diylbis(oxy))diacetic acid",1
1800,"2,2'-biimidazole",1
1801,"2,2'-biisonicotinic acid",1
1802,"2,2'-bipyridine dicarboxylic acid",1
1803,"2,2'-bipyridine-5,5'-dicarboxylate",1
1804,"2,2'-bipyridyl-3,3'-dicarboxylic acid",1
1805,"2,2'-bipyridyl-4,4'-dicarboxylatic acid",1
1806,"2,2'-bipyridyl-4,4'-dicarboxylic acid",1
1807,"2,2'-bis(pyridin-3-ylmethyl)-[5,5'-biisoindoline]-1,1',3,3'-tetraone",1
1808,"2,2'-diamino-[1,1'-Biphenyl]-4,4'-dicarboxylic acid",1
1809,"2,2'-diamino-[1,1'-biphenyl]-4,4'-dicarboxylic acid",1
1810,"2,2'-diethoxy-1,1'-binaphthyl-4,4',6,6'-tetracarboxylic acid",1
1811,"2,2'-dipyridylamine",1
1812,"2,2-oxydiacetic acid",1
1813,"2,3,10,11,18,19-hexahydroxy-cata-hexabenzocoronene",1
1814,"2,3,5,6-Tetrafluoro-1,4-benzeneditriazolate",1
1815,"2,3,5,6-tetrafluorobenzene-1,4-dicarboxylic acid",1
1816,"2,3,5,6-tetrakis(4-carboxyphenyl)pyrazine",1
1817,"2,3,6,7,10,11,14,15,18,19,22,23-dodecahydroxy-cata-hexabenzocoronene",1
1818,"2,3,6,7,10,11-hexahydrotriphenylene",1
1819,"2,3,6,7,10,11-hexakis(butyrylthio)triphenylene",1
1820,"2,3,6,7,10,11-triphenylenehexathiol",1
1821,"2,3,6,7,14,15,18,19-octahydroxy-cata-hexabenzocoronene",1
1822,"2,3-Bis(benzimidazol-1-ylmethyl)quinoxaline",1
1823,"2,3-Pyrazindicarboxylic acid",1
1824,"2,3-bis(2-methoxyethoxy)-1,4-benzenedicarboxylate",1
1825,"2,3-di-(4-carboxyphenyl)-quinoline-6-carboxylic acid",1
1826,"2,3-dichloroterephthalic acid",1
1827,"2,3-dimethoxyterephthalic acid",1
1828,"2,3-dinitroterephthalic acid",1
1829,"2,3-pyrazine dicarboxylic acid",1
1830,"2,3-pyridinedicarboxylic acid",1
1831,"2,4,5,6-tetrafluoroisophthalic acid",1
1832,"2,4,6-Tri(pyridin-4-yl)-1,3,5-triazine",1
1833,"2,4,6-Tris[(p-carboxyphenyl)amino]-1,3,5-triazine",1
1834,"2,4,6-pyridine tricarboxylic acid",1
1835,"2,4,6-trimethylbenzene-1,3,5-tris(methylenephosphonic acid)",1
1836,"2,4,6-tris(3,5-dicarboxyaniline)-1,3,5-triazine",1
1837,"2,4,6-tris(4-carboxylphenylamino)-1,3,5-triazine",1
1838,"2,4,6-tris-(4-carboxyphenoxy)-1,3,5-triazine",1
1839,"2,4,6-tris[3-(phosphonomethyl)phenyl]-1,3,5-triazine",1
1840,"2,4,6-tris[4-(imidazol-1-ylmethyl)phenyl]-1,3,5-triazine",1
1841,"2,4-bis(4'-carboxy-biphenyl-4-yl)-6-(4'-carboxy-2-methoxy-biphenyl-4-yl)-1,3,5-triazine",1
1842,"2,4-di(2-amino-4,6-dicarboxylphenyl)-6-(2,4-dicarboxylphenyl)pyridine",1
1843,"2,5,8-tris(3,5-dicarboxyphenylamino)-1,3,4,6,7,9,9b-heptaazaphenalene",1
1844,"2,5-Bis(allyloxy)terephthalic acid",1
1845,"2,5-Dioxido-1,4-benzenedicar-boxylic acid",1
1846,"2,5-bis(3-pyridyl)-1,3,4-oxadiazole",1
1847,"2,5-bis(4-pyridyl)-1,3,4-thiadiazole",1
1848,"2,5-bis(4-pyridyl)-3,4-diaza-2,4-hexadiene",1
1849,"2,5-bis(allyloxy)-1,4-benzenedicarboxylate",1
1850,"2,5-bis(methylamino)terephthalic acid",1
1851,"2,5-bis(methylsulfinyl)terephthalic acid",1
1852,"2,5-bis(prop-2-ynyloxy)-1,4-benzenedicarboxylate",1
1853,"2,5-bis(pyrid-4-yl)pyridine",1
1854,"2,5-bis(pyridinium-4-yl)thiazolo[5,4-d]thiazole propionate",1
1855,"2,5-bis(trifluoromethyl)benzene-1,4-dicarboxylic acid",1
1856,"2,5-bis-(4-pyridyl)-3,4-diaza-2,4-hexadiene",1
1857,"2,5-bis-benzoimidazol-1-yl-terephthalic acid",1
1858,"2,5-di(1H-imidazol-1-yl)benzoic acid",1
1859,"2,5-di(2',4'-dicarboxylphenyl)pyridine acid",1
1860,"2,5-di(4-carboxy-phenylthio) terephthalic acid",1
1861,"2,5-di(pyridine-4-yl)thiazolo[5,4-d]thiazole",1
1862,"2,5-di-iso-propoxy-1,4-benzenedicarboxylate",1
1863,"2,5-diacetamidoterephthalic acid",1
1864,"2,5-diaminobenzenedicarboxylic acid",1
1865,"2,5-diaminobenzoquinone",1
1866,"2,5-dibutoxy-1,4-benzenedicarboxylate",1
1867,"2,5-dicarboxypyridine acid",1
1868,"2,5-dichloro-3,6-dihydroxy-p-benzoquinone",1
1869,"2,5-dichloro-3,6-dihydroxybenzoquinone",1
1870,"2,5-dichloro-terephthalic acid",1
1871,"2,5-diethoxy-1,4-benzenedicarboxylate",1
1872,"2,5-diethyloxyterephthalic acid",1
1873,"2,5-diethynylterephthalic acid",1
1874,"2,5-dihydroxy-p-benzoquinone",1
1875,"2,5-dihydroxyterephthalic acid (H2BDC-(OH)2)",1
1876,"2,5-dimethoxy-3-nitroterephthalic acid",1
1877,"2,5-dimethoxyterephthalic acid",1
1878,"2,5-dimethyl-benzenedicarboxylic acid",1
1879,"2,5-dimethylpyrazine",1
1880,"2,5-dinitroterephthalic acid",1
1881,"2,5-dipentoxy-1,4-benzenedicarboxylate",1
1882,"2,5-dipropoxy-1,4-benzenedicarboxylate",1
1883,"2,5-pyrazinedicarboxylic acid dihydrate",1
1884,"2,5-thiophene dicarboxylic acid",1
1885,"2,6-bis(1,2,3-triazol-4-yl)pyridine tricarboxylic acid",1
1886,"2,6-bis(1-imidazolyl)naphthalene",1
1887,"2,6-bis(2',5'-dicarboxyphenyl)-4-(4-carboxyphenyl) pyridine",1
1888,"2,6-bis(2,4-dicarboxylphenyl)-4-(4-carboxylphenyl)pyridine",1
1889,"2,6-bis(3,5-dicarboxylphenoxy)pyridine",1
1890,"2,6-bis(3,5-dimethyl) dipyrazol-1,3,5,7-pyromellitic diimide",1
1891,"2,6-di(1H-imidazol-1-yl) naphthalene",1
1892,"2,6-di(2',5'-dicarboxylphenyl)pyridine",1
1893,"2,6-di-iso-propylphenyl phosphate",1
1894,"2,6-dimethylpyridine-3,5-dicarboxylic acid",1
1895,"2,6-naphthalene-dicarboxylic acid",1
1896,"2,6-naphthalenediphosphonic acid",1
1897,"2,7-dihydroxynaphthalene-3,6-disulfonate, disodium",1
1898,"2,8-dicarboxy-6H,12H-5,11-methano-dibenzo[b,f][1,5]diazocine",1
1899,"2,8-pyrazaboledicarboxylic acid",1
1900,"2,9-dimethyl-1,10-phenanthroline",1
1901,"2-((1H-1,2,4-triazol-1-yl)methylamino)terephthalic acid",1
1902,2-((4-(methylthio)benzyl)amino)terephthalic acid,1
1903,2-((cyclohex-3-en-1-ylmethyl)amino)terephthalic acid,1
1904,2-((ferrocenylmethyl)amino)terephthalic acid,1
1905,"2-((propylsulfonyl)methyl)-[1,1'-biphenyl]-4,4'-dicarboxylic acid",1
1906,2-((pyridin-2-ylmethyl)amino)-terephthalic acid,1
1907,"2-(1,3-dioxoisoindolin-2-yl)benzene-1,4-dioic acid",1
1908,2-(1H-benzimidazol-2-ylthio)acetic acid,1
1909,2-(1H-imidazol-4-yl)methylaminoterephthalic acid,1
1910,2-(1H-triazol-1-ylmethyl)-1H-benzoimidazole,1
1911,2-(2-Acetoxy-propionylamino)-terephthalic acid,1
1912,"2-(2-carboxyphenyl)-4,5-imidazole dicarboxylic acid",1
1913,2-(2-carboxypyridin-4-yl)terephthalic acid,1
1914,"2-(3,5-di(1H-pyrazol-4-yl)phenyl)-4,7-di(1H-pyrazol-4-yl)-1H-benzo[d]imidazole",1
1915,"2-(3,5-dimethyl-1H-pyrazol-4-yl)-1,3-dioxoisoindoline-5,6-dicarboxylic acid",1
1916,"2-(3-Methoxyphenyl)-1H-imidazole-4,5-dicarboxylic acid",1
1917,2-(4-carboxylatophenoxy)propionic acid,1
1918,"2-(4-carboxyphenyl)-1,3-dioxoisoindoline-5-carboxylic acid",1
1919,2-(5-(pyridin-2-yl)-2H-tetrazol-2-yl)acetic acid,1
1920,2-(5-(pyridin-2-yl)-2H-tetrazol-2-yl)acetonitrile,1
1921,2-(5-carboxypyridin-2-yl)terephthalic acid,1
1922,"2-(Pyridin-4-yl)-1H-imidazole-4,5-dicarboxylic acid",1
1923,2-(chloromethyl)terephthalic acid,1
1924,"2-(p-isopropylphenyl)-1H-imidazole-4,5-dicarboxylic acid",1
1925,2-(thiophene-2-carboxamido)terephthalic acid,1
1926,2-Bromoterephthalic acid,1
1927,2-Hydroxybenzoic acid appended NDI linker,1
1928,2-[bis(phosphonomethyl)amino]ethanesulfonate ((NH4)3H2SP),1
1929,2-amino benzene dicarboxylic acid,1
1930,"2-amino-4,6-dimethylpyrimidine",1
1931,2-aminoethylphosphonic acid,1
1932,2-aminoterephthalate triethylammonium salt,1
1933,2-azidoterephthalic acid,1
1934,"2-bromobenzene-1,4-dicarboxylic acid",1
1935,2-bromoimidazolate-4-amide-5-imidate,1
1936,2-bromoterephtalic acid,1
1937,2-carboxyethylphosphonic acid,1
1938,2-carboxyterephthalic acid,1
1939,"2-chloro-[1,1'-biphenyl]-4,4'-dicarboxylic acid",1
1940,"2-chlorobenzene-1,4-dicarboxylic acid",1
1941,"2-cyan-1,4-benzenedipyrazole",1
1942,2-ethylimidazolate-4-amide-5-imidate,1
1943,2-ethynylterephthalic acid,1
1944,2-fluoro-4-(1H-tetrazole-5-yl)benzoic acid,1
1945,"2-fluorobenzene-1,4-dicarboxylic acid",1
1946,2-fluorobenzoic acid,1
1947,"2-formyl-1,4-benzenedipyrazole",1
1948,2-furoic acid,1
1949,"2-hydroxybenzene-1,4-dicarboxylic acid",1
1950,2-hydroxyphosphonoacetic acid,1
1951,2-hydroxyquinoline-4-carboxylic acid,1
1952,"2-iodo-[1,1'-biphenyl]-4,4'-dicarboxylic acid",1
1953,2-isobutyl-1H-imidazoledicarboxylate,1
1954,2-methoxy-4-(1H-pyrazol-4-yl)benzoic acid,1
1955,"2-methyl-[1,1'-biphenyl]-4,4'-dicarboxylic acid",1
1956,2-methyl-benzenedicarboxylic acid,1
1957,2-methyl-imidazole,1
1958,2-methylbenzimidazole,1
1959,2-methylglutaric acid,1
1960,2-methylimidazolate,1
1961,"2-methylimidazole-4,5-dicarbonitrile",1
1962,2-methylpyrazine,1
1963,2-methylpyridine-4-carboxylic acid,1
1964,2-oxynicotinic acid,1
1965,"2-pyrimidinecarbonitrile (pymCN) (in situ to 5-(2'-pyrimidyl)tetrazolate, pymtz)",1
1966,"2-sulfonatobenzene-1,4-dicarboxylic acid sodium salt",1
1967,2-tetrazole 5-yl pyrazine,1
1968,2-tetrazole pyrimidine,1
1969,2-thiosalicylic acid,1
1970,2-vinylterephthalic acid,1
1971,"20,50-dimethyl-p-terphenyl-4,400-dicarboxylate",1
1972,"20-(1H-tetrazol-5-yl)-[1,10-biphenyl]-4-carboxylic acid",1
1973,"2H-imidazole-4,5-dicarboxylic acid",1
1974,"3',3'',5',5''-tetrakis(4-carboxyphenyl)-1,4-diphenylnaphthalene",1
1975,"3',3'',5',5''-tetrakis(4-carboxyphenyl)-9,10-diphenylanthracene",1
1976,"3',4'-diphenyl-2,2':5',2″-terthiophene-5,5″-dicarboxylic acid",1
1977,"3'-5'-di(1H-1,2,4-triazol-1-yl)-[1,1'-biphenyl]-3,5-dicarboxylic acid",1
1978,"3'-[(E)-{[(1S,2S)-2-aminocyclohexyl]imino}methyl]-4'-hydroxy-4-biphenylcarboxlic acid",1
1979,"3'-nitro-biphenyl-3,5,4'-tricarboxylic acid",1
1980,"3,3'',5,5''-tetrakis[2-(4-carboxyphenyl)ethynyl]-p-terphenyl",1
1981,"3,3''-diamino-[1,1':3',1'']-terphenyl-4,4''-dicarboxylic acid",1
1982,"3,3''-dihydroxy-2',5'-dimethyl-[1,1':4',1'']-terphenyl]-4,4''-dicarboxylic acid",1
1983,"3,3',3'',5,5',5''-pyridyl-1,3,5-triylhexabenzoic acid",1
1984,"3,3',3″,3‴-((9H-carbazole-1,3,6,8-tetrayl)tetrakis(benzene-4,1-diyl))tetraacrylic acid",1
1985,"3,3',3″,3‴-(pyrene-1,3,6,8-tetrayltetrakis(benzene-4,1-diyl))tetraacrylic acid",1
1986,"3,3',4,4',5,5'-azobenzenehexacarboxylic acid",1
1987,"3,3',4,4'-benzophenonetetracarboxylic acid dianhydride",1
1988,"3,3',4,4'-diphenylsulfonetetracarboxylate acid",1
1989,"3,3',4,5'-diphenyl ether tetracarboxylic acid",1
1990,"3,3',5,5'-tetra(1H-imidazol-1-yl)biphenyl",1
1991,"3,3',5,5'-tetrakis(3,5-dicarboxyphenyl)-2,2',4,4',6,6'-hexamethylbiphenyl",1
1992,"3,3',6,6'-tetrakis(pyridin-4-ylethynyl)-9,9'-bicarbazole",1
1993,"3,3'-((5-nitroisophthaloyl)bis(azanediyl))-dibenzoic acid",1
1994,"3,3'-(1,3-phenylenebis(oxy))diphthalic acid",1
1995,"3,3'-(4,4'-(2,2-bis((4-(2-carboxyvinyl)-2-methoxyphenoxy)methyl)propane-1,3-diyl)bis(oxy)bis(3-methoxy-4,1-phenylene))diacrylic acid",1
1996,"3,3'-(5,5'-(thiophene-2,5-diyl)bis(3-methyl-4H-1,2,4-triazole-5,4-diyl))dibenzoic acid",1
1997,"3,3'-(9,9-bis(S)-2-methylbutyl)-9H-fluorene-2,7-diyl)dibenzoic acid",1
1998,"3,3'-PDBA (3,3'-(pyrazine-2,5-diyl)dibenzoic acid)",1
1999,"3,3'-di(1H-imidazol-1-yl)-1,1'-biphenyl",1
2000,"3,3'-diamino-[1,1'-biphenyl]-4,4'-dicarboxylic acid",1
2001,"3,3'-dihydroxy-[1,1'-biphenyl]-4,4'-dicarboxylic acid",1
2002,"3,3'-dinitro-[1,1'-biphenyl]-4,4'-dicarboxylic acid",1
2003,"3,3'-{(pyridine-2,6-dicarbonyl)bis(azanediyl)}dibenzoic acid",1
2004,"3,4',5-azobenzenetricarboxylic acid",1
2005,"3,4,9,10-perylenetetracarboxylic acid",1
2006,"3,4-bi(4-carboxyphenyl)-benzoic acid",1
2007,"3,4-bis(pyridin-4-ylmethoxy)benzoic acid",1
2008,"3,5,7-tris(1,2,4-triazol-4-yl)-1-azaadamantane",1
2009,"3,5-Bis-[2-(4-carboxy-phenoxy)-ethoxy]-benzoic acid",1
2010,"3,5-Bis{[(4-carboxyphenyl)amino]carbonyl}-benzoic acid",1
2011,"3,5-bis((5'-carboxylbenzyl)oxy)benzoic acid",1
2012,"3,5-bis(2',5'-dicarboxyphenyl) pyridine",1
2013,"3,5-bis(3',5'-dicarboxyphenyl)-1H-1,2,4-triazole",1
2014,"3,5-bis(3-carboxyphenyl)pyridine",1
2015,"3,5-bis(4'-carboxy-phenyl)-1,2,4-triazole",1
2016,"3,5-bis(4-pyridylmethylenoxyl)benzoate",1
2017,"3,5-bis(imidazol-1-ylmethyl)benzoic acid hydrochloride",1
2018,"3,5-bis(pyrid-4-yl)pyridine",1
2019,"3,5-bis(pyridin-3-ylmethoxy)benzoic acid",1
2020,"3,5-bis(pyridin-4-ylmethoxy)benzoic acid",1
2021,"3,5-bis(triazolium) pyridine",1
2022,"3,5-di(2',4'-dicarboxylphenyl)benzoic acid",1
2023,"3,5-di(4'-carboxylphenyl)benozoic acid",1
2024,"3,5-di(4-pyridyl)-1,2,4-triazole",1
2025,"3,5-dicarboxyphenoxyacetic acid",1
2026,"3,5-diethyl-1,2,4-triazole",1
2027,"3,5-diethyl-4-(4-pyridyl)pyrazole",1
2028,"3,5-diisopropyl-1,2,4-triazole",1
2029,"3,5-dimethyl-1H-1,2,4-triazole",1
2030,"3,5-dimethyl-4-amino-4H-1,2,4-triazole",1
2031,"3,5-diphosphonobenzoic acid",1
2032,"3,5-pyrazole dicarboxylic acid monohydrate",1
2033,"3,5-pyrazoledicarboxylic acid monohydrate",1
2034,"3,6-di(4-pyridyl)-1,2,4,5-tetrazine",1
2035,"3,6-di(4H-imidazol-4-yl)benzene-1,2-diamine",1
2036,"3,6-dithioglycolic-1,2,4,5-tetrazine dicarboxylic acid",1
2037,"3,9-diazatetraasterane-1,5,7,11-tetracarboxylic acid-3,6,9,12-tetraphenyl",1
2038,3-(1H-tetrazol-5-yl)phenol,1
2039,"3-(2',5'-dicarboxyphenyl)benzoic acid",1
2040,"3-(2,4-dicarboxyphenoxy)phthalic acid",1
2041,3-(2-Amino-9H-purin-9-yl)propanoic acid,1
2042,3-(2-carboxy-phenoxy)-phthalic acid,1
2043,"3-(3,5-dicarboxylphenyl)-4-carboxylpyridine",1
2044,"3-(3,5-dicarboxylphenyl)-5-(pyrid-2-yl)-1H-1,2,4-triazole",1
2045,"3-(3,5-dicarboxylphenyl)-5-(pyrid-4-yl)-1H-1,2,4-triazole",1
2046,3-(4-carboxy-phenoxy)-phthalic acid,1
2047,3-(4-hydroxypyridinium-1-yl)phthalic acid,1
2048,"3-(5-(pyridin-4-yl)-1H-1,2,4-triazol-3-yl)pyridine",1
2049,"3-(pyrazin-2-yl)-5-[4-(pyrid-4-yl)phenyl]-1,2,4-triazole",1
2050,"3-(pyrid-2'-yl)-5-(4″-carboxylphenyl)-1,2,4-triazolyl",1
2051,3-(pyridin-4-yl)benzoic acid,1
2052,"3-(pyridin-4-ylthio)pentane-2,4-dione·HCl·H2O",1
2053,"3-(tetrazol-5-yl)-5-(pyrid-2-yl)-1,2,4-triazole",1
2054,3-Carboxyphenoxyacetic acid,1
2055,"3-amino-2,5-dimethoxyterephthalic acid",1
2056,3-amino-4-(2-carboxyvinyl)benzoic acid,1
2057,3-aminoisonicotinic acid,1
2058,3-aminophthalhydrazidate,1
2059,3-bpmp,1
2060,3-bromo-5-(4-carboxyphenyl)pyridine,1
2061,3-chloroisonicotinic acid,1
2062,3-cyanophenyl acetic acid,1
2063,"3-ethyl, 3-methylglutaric acid",1
2064,3-fluoro-4-(1H-tetrazole-5-yl)benzoic acid,1
2065,3-methoxybenzoic acid,1
2066,"3-methyl-1H-1,2,4-triazole",1
2067,3-methyladipic acid,1
2068,3-methylbenzoic acid,1
2069,3-methylpyridine,1
2070,3-methylsalicylic acid,1
2071,3-nitrophthalic acid,1
2072,"3-propyl-1,2,4-triazole",1
2073,3-pyrid-4-ylbenzoic acid,1
2074,3-pyridinyl acrylic acid,1
2075,3-pyridyl-tetrazolate,1
2076,3-pyridyltetrazole,1
2077,"4',4''',4''''',4'''''''-methanetetrayltetrakis([1,1'-biphenyl]-4-carboxylic acid)",1
2078,"4',4'''-((pyridine-3,5-dicarbonyl)bis(azanediyl))bis(([1,1'-biphenyl]-3,5-dicarboxylic acid))",1
2079,"4',4″,4‴,4‴'-(anthracene-9,10-diylidenebis(methan-1,1-diyl-1-ylidene))tetrabiphenyl-4-carboxylic acid",1
2080,"4',4‴,4″‴,4'‴‴-(pyrazine-2,3,5,6-tetrayl) tetrakis(([1,1'-biphenyl]-4-carboxylic acid))",1
2081,"4',4‴,4⁗',4⁗‴-(ethene-1,1,2,2-tetrayl)tetrakis([1,1'-biphenyl]-4-carboxylic acid)",1
2082,"4'-((hydroxy(methoxy)phosphoryl)methyl)-[1,1'-biphenyl]-2-carboxylic acid",1
2083,"4'-(1H-tetrazole-5)-biphenyl-3,5-dicarboxylic acid",1
2084,"4'-(3,5-dicarboxyphenyl)-4,2':6',4''-terpyridine",1
2085,"4'-(4-carboxyphenyl)-[2,2':6',2''-terpyridine]-5,5''-dicarboxylic acid",1
2086,"4'-(pyridin-4-yl)-[1,1'-biphenyl]-3,5-dicarboxylic acid",1
2087,"4'-pyridyl-2,2':6',2''-terpyridine",1
2088,"4,4 b2,4 b3,4 b4-(anthracene-9,10-diylidenebis(methan-1,1-diyl-1-ylidene))tetrabenzoic acid",1
2089,"4,4',4'',4'''-((2,7-di-tert-butylpyrene-4,5,9,10-tetrayl)tetrakis(ethyne-2,1-diyl))-tetrabenzoic acid",1
2090,"4,4',4'',4'''-((4,4',4'',4'''-(porphyrin-5,10,15,20-tetrayl)tetrakis(benzoyl))tetrakis(azanediyl))tetrabenzoic acid",1
2091,"4,4',4'',4'''-((methanetetrayltetrakis(benzene-4,1-diyl))tetrakis(ethyne-2,1-diyl))tetrabenzoic acid",1
2092,"4,4',4'',4'''-(1,4-phenylenebis(pyridine-4,2,6-triyl))-tetrabenzoic acid",1
2093,"4,4',4'',4'''-(9,9'-spirobi[fluorene]-2,2',7,7'-tetrayl)tetrabenzoic acid",1
2094,"4,4',4'',4'''-(9H-carbazole-1,3,6,8-tetrayl)tetrabenzoic acid",1
2095,"4,4',4'',4'''-(anthracene-9,10-diylidenebis(methanediylylidene))tetrabenzoic acid",1
2096,"4,4',4'',4'''-(pyrene-1,3,6,8-tetrayl)tetrakis(2,6-dimercaptobenzoic acid)",1
2097,"4,4',4'',4'''-{2,2',2'',2'''-[ethane-1,2-diylbis(azanetriyl)]tetrakis(methylene)tetrakis-(1H-benzimidazole-2,1-diyl)}tetrakis(methylene)tetrabenzoic acid",1
2098,"4,4',4''-(Benzene-1,3,5-triyl-tris(benzene-4,1-diyl))tribenzoic acid",1
2099,"4,4',4''-(Triazine-2,4,6-triyl-tris(benzene-4,1-diyl))tribenzoic acid",1
2100,"4,4',4''-Benzene-1,3,5-triyl-tribenzoic acid",1
2101,"4,4',4''-phosphoryltribenzoic acid",1
2102,"4,4',4''-s-Triazine-2,4,6-triyl-tribenzoic acid",1
2103,"4,4',4''-s-triazine-1,3,5-triyltri-p-aminobenzoic acid",1
2104,"4,4',4''-s-triazine-2,4,6-tribenzoic acid",1
2105,"4,4',4'-[benzene-1,3,5-triyltris(carbonylimino)]trisbenzoic acid",1
2106,"4,4',4″,4‴-(1,4-phenylenbis(pyridine-4,2,6-triyl))‑tetrabenzoic acid",1
2107,"4,4',4″,4‴-(2,2',2″,2‴-(ethane-1,2-diylbis(azanetriyl))tetrakis(methylene)tetrakis(1H-benzo[d]imidazole-2,1-diyl))tetrakis(methylene)tetrabenzoic acid",1
2108,"4,4',4″,4‴-(9,9'-spirobifluorene-2,2',7,7'-tetrayl)tetrabenzoic acid",1
2109,"4,4',4″,4‴-(porphyrin-5,10,15,20-tetrayl)tetrabenzoic acid",1
2110,"4,4',4″,4‴-benzene-2,3,5,6-tetrayl-tetrabenzoate",1
2111,"4,4',4″,4‴-pyrazine-2,3,5,6-tetrayl-tetrabenzoate",1
2112,"4,4',4″-((1,3,5-triazine-2,4,6-triyl)tris(azanediyl))tribenzoic acid",1
2113,"4,4',4″-((benzene-1,3,5-triyltris(methylene))tris(oxy))tribenzoic acid",1
2114,"4,4',4″-(1,3,5-triazine-2,4,6-triazinediyl) triazinic acid",1
2115,"4,4',4″-(2,4,6-trimethylbenzene-1,3,5-triyl)tribenzoic acid",1
2116,"4,4',4″-(benzene-1,3,5-triyltris-(ethyne-2,1-diyl))tribenzoic acid",1
2117,"4,4',4″-(pyridine-2,4,6-triyl)tribenzoic acid",1
2118,"4,4',4″-[1,3,5-benzenetriyltris(carbonylimino)]trisbenzoic acid",1
2119,"4,4',4″-[1,3,5-benzenetriyltris(carbonylimino)]tris‑benzoate",1
2120,"4,4',4″-benzene-1,3,5-triyl-tribenzoate",1
2121,"4,4',4″-benzene-1,3,5-triyl-tris(benzoic acid)",1
2122,"4,4',4″-s-triazine-1,3,5-triyl-p-aminobenzoic acid",1
2123,"4,4',4″-s-triazine-1,3,5-triyltri-p-aminobenzoic acid",1
2124,"4,4',4″-tricarboxytriphenylamine",1
2125,"4,4'-((1H-imidazole-1-yl)methylene)dibenzoic acid",1
2126,"4,4'-((1S,2S)-1,2-Dimethoxyethane-1,2-diyl)dibenzoic acid",1
2127,"4,4'-((2-((4-carboxyphenoxy)methyl)-2-methylpropane-1,3-diyl)bis(oxy))dibenzoic acid",1
2128,"4,4'-(1,1,1,3,3,3-hexamethyltrisilane-2,2-diyl)dibenzoic acid",1
2129,"4,4'-(1,10-phenanthroline-3,8-diyl)dibenzoic acid",1
2130,"4,4'-(1,3-(xylene)diyl)bis(1,2,4-triazole)",1
2131,"4,4'-(1,3-phenylenedioxy)dibenzoic acid",1
2132,"4,4'-(1,4-(trans-2-butene)diyl)bis(1,2,4-triazole)",1
2133,"4,4'-(1-methyl-1H-imidazole-4,5-diyl)dibenzoic acid",1
2134,"4,4'-(10-(4'-carboxy-[1,1'-biphenyl]-4-yl)-9-oxo-9,10-dihydroacridine-2,7-diyl)dibenzoic acid",1
2135,"4,4'-(1H-benzo[d]imidazole-4,7-diyl)bis(3-methoxybenzoic acid)",1
2136,"4,4'-(2,2'-oxybis(ethane-2,1-diyl)bis(oxy))dibenzoic acid",1
2137,"4,4'-(2-(pyridin-4-yl)-1H-benzo[d]imidazole-4,7-diyl)dibenzoic acid",1
2138,"4,4'-(2H-1,2,4-triazole-3,5-diyl) dibenzoic acid",1
2139,"4,4'-(4-(4-carboxyphenyl)pyridine-2,6-diyl)diisophthalic acid",1
2140,"4,4'-(4H-1,2,4-triazole-3,5-diyl) dibenzoic acid",1
2141,"4,4'-(5,5'-(1,3-phenylene)bis(3-methyl-4H-1,2,4-triazole-5,4-diyl))dibenzoic acid hydrate, H2{(Metrz-pba)2mPh}·H2O",1
2142,"4,4'-(5,6-dimethylbenzo[c][1,2,5]thiadiazole-4,7-diyl)dibenzoic acid",1
2143,"4,4'-(6-(pyren-2-yl)-5H-imidazo[4',5':4,5]benzo[1,2-c][1,2,5]thiadiazole-4,8-diyl)dibenzoic acid",1
2144,"4,4'-(6-phenyl-5H-imidazo[4',5':4,5]benzo[1,2-c][1,2,5]thiadiazole-4,8-diyl)dibenzoic acid",1
2145,"4,4'-(9,9-bis(S)-2-methylbutyl)-9H-fluorene-2,7-diyl)dibenzoic acid",1
2146,"4,4'-(anthracene-9,10-diyl)dibenzoic acid",1
2147,"4,4'-(anthracene-9,10-diylbis(ethyne-2,1-diyl))dibenzoic acid",1
2148,"4,4'-(benzene-1,3-diyl)dibenzoic acid",1
2149,"4,4'-(benzo[c][1,2,5]oxadiazole-4,7-diyl)bis(3-methoxybenzoic acid)",1
2150,"4,4'-(benzo[c][1,2,5]selenadiazole-4,7-diyl)bis(3-methoxybenzoic acid)",1
2151,"4,4'-(benzo[c][1,2,5]thiadiazole-4,7-diyl)bis(3-aminobenzoic acid)",1
2152,"4,4'-(benzo[c][1,2,5]thiadiazole-4,7-diyl)bis(3-hydroxybenzoic acid)",1
2153,"4,4'-(benzo[c][1,2,5]thiadiazole-4,7-diyl)bis(3-methoxybenzoic acid)",1
2154,"4,4'-(benzo[c][1,2,5]thiadiazole-4,7-diyl)diphenyl dicarboxylic acid",1
2155,"4,4'-(carbonylbis(azanediyl))dibenzoic acid",1
2156,"4,4'-(dimethylsilanediyl)bis-benzoic acid",1
2157,"4,4'-(dimethylsilanediyl)dibenzoic acid",1
2158,"4,4'-(naphtho[2,3-c][1,2,5]selenadiazole-4,9-diyl)bis(3-methoxybenzoic acid)",1
2159,"4,4'-(oxalylbis(azanediyl))bis(2-hydroxybenzoic acid)",1
2160,"4,4'-(pyrazine-2,6-diyl)dibenzoic acid",1
2161,"4,4'-(pyridine-2,6-diyl)-dibenzoic acid",1
2162,"4,4'-(quinoxaline-2,3-diyl)dibenzoic acid",1
2163,"4,4'-Ditetrazol-5-yl-biphenyl",1
2164,"4,4'-[(5-carboxy-1,3-phenylene)bis(oxy)]dibenzoic acid",1
2165,"4,4'-[(pyridine-2,6-dicarbonyl)bis(azanediyl)]dibenzoic acid",1
2166,"4,4'-azoxydibenzoic acid",1
2167,"4,4'-biphenyldicarboxylate ligand",1
2168,"4,4'-bipyrazole",1
2169,"4,4'-bis(1-imidazolyl-1-ylmethyl)biphenyl",1
2170,"4,4'-bis(1H-benzotriazoloxymethyl)biphenyl",1
2171,"4,4'-bis(3,3'-dicyano)pyridine",1
2172,"4,4'-bis(benzoimidazol-1-yl)biphenyl",1
2173,"4,4'-bis(imidazol-1-yl)-biphenyl",1
2174,"4,4'-bis(imidazolyl)biphenyl",1
2175,"4,4'-bis(pyridyl)acetylene",1
2176,"4,4'-dicarboxybiphenylsulfone",1
2177,"4,4'-dihydroxy-1,1'-biphenyl-3,3'-dicarboxylic acid",1
2178,"4,4'-dimethoxybiphenyl-3,3',5,5'-tetra(phenyl-4-carboxylic acid)",1
2179,"4,4'-dimethyl-2,2'-bipyridine",1
2180,"4,4'-methylenebis-(oxy)dibenzoic acid",1
2181,"4,4'-methylenedibenzoic acid",1
2182,"4,4'-oxidibenzoic acid",1
2183,"4,4'-oxy-3,3'-dichlorosulfo-dibenzoic acid",1
2184,"4,4'-oxy-bis(benzoic acid)",1
2185,"4,4'-oxybis(benzoic) acid",1
2186,"4,4'-oxydiphthalic acid",1
2187,"4,4'-{[3,5-bis(trifluoromethyl)phenyl]azanediyl}dibenzoic acid",1
2188,"4,4,8,8-tetraethyl-2,8-pyrazaboledicarboxylic acid",1
2189,"4,4-dicarboxy-2,2'-bipyridine",1
2190,"4,5,6-trihydroxyisophthalic acid",1
2191,"4,5-di(1H-tetrazol-5-yl)-2H-imidazole",1
2192,"4,5-dimethyl-1-hydroxyimidazole-3-oxide",1
2193,"4,5-imidazoledicarboxylic acid",1
2194,"4,7-bis(1H-imidazole-1-yl)-2,1,3-benzothiadiazole",1
2195,"4,7-bis(2,3,6,7-tetrahydroxy-9H-carbazol-9-yl)benzo[1,2-c:4,5-c']bis([1,2,5]thiadiazole)",1
2196,"4,7-bis(2,3,6,7-tetrahydroxy-9H-carbazol-9-yl)benzo[c][1,2,5]thiadiazole",1
2197,"4,7-bis(imidazolyl) benzothiazole",1
2198,"4,7-di(1H-pyrazol-4-yl)benzo[c][1,2,5]selenadiazole",1
2199,4-(((1 H-imidazol-2-yl)methylene)amino)benzoic acid,1
2200,4-((4-(1H-imidazol-1-yl)phenylimino)methyl)benzoic acid,1
2201,"4-((4-([2,2':6',2″-terpyridin]-4'-yl)benzyl)oxy)benzoic acid",1
2202,"4-(2,2':6',2''-terpyridine)-3,5-benzenedicarboxylic acid",1
2203,"4-(2,6-bis(4'-carboxy-[1,1'-biphenyl]-4-yl)pyridin-4-yl)isophthalic acid",1
2204,4-(2-Carboxyvinyl benzoic acid),1
2205,4-(2-carboxy-phenoxy)-phthalic acid,1
2206,4-(2-imidazolylvinyl)benzonitrile,1
2207,"4-(3,5-dicarboxylphenyl)picolinic acid",1
2208,"4-(3,5-dicarboxyphenoxy)phthalic acid",1
2209,"4-(3,5-dimethyl-1H-pyrazol-4-yl)-benzoic acid",1
2210,"4-(3,5-dimethyl-1H-pyrazol-4-yl)pyridine",1
2211,4-(3-carboxyphenyl)picolinic acid,1
2212,4-(4-carboxy-phenoxy)-phthalic acid,1
2213,4-(4-cyanostyryl)pyridine,1
2214,"4-(pyrid-4-yl)-1,2,4-triazole",1
2215,4-(pyridin-3-yl)benzoic acid,1
2216,4-(pyridine-4-yl)phthalic acid,1
2217,"4-(tetrazol-5-yl)phenyl-4,2':6',4″-terpyridine",1
2218,4-[(2-(pyridine-2-yl)-1H-imidazol-1-yl)methyl]benzoic acid,1
2219,"4-[3,5-bis(4-carboxy-3-fluorophenyl)phenyl]-2-fluorobenzoic acid",1
2220,"4-[N,N-bis(4-methylbenzoic acid)amino] benzoic acid",1
2221,"4-[N,N-bis(4-methylbenzoic acid)amino]-2-chlorobenzoic acid",1
2222,"4-[N,N-bis(4-methylbenzoic acid)amino]-2-methylbenzoic acid",1
2223,"4-amino-3,5-bis(3-pyridyl)-1,2,4-triazole",1
2224,4-aminobutylphosphonic acid,1
2225,4-aminophenyl tetrazole,1
2226,4-aminophthalhydrazidate,1
2227,4-bromobenzoic acid,1
2228,4-bromoisophthalic acid,1
2229,4-carboxyphenyl-1H-tetrazole,1
2230,4-chlorobenzoic acid,1
2231,4-cyano-1-(cyanomethyl)pyridinium bromide,1
2232,4-cyanophenyl acetic acid,1
2233,4-cyanopyridine,1
2234,"4-cyclohexene-1,2-dicarboxylate",1
2235,4-fluorobenzoic acid,1
2236,4-formyl-3-hydroxybenzoic acid,1
2237,4-formylbenzoic acid,1
2238,4-hydroxybenzoic acid,1
2239,4-methylbenzoic acid,1
2240,4-methylsalicylic acid,1
2241,4-nitrobenzoic acid,1
2242,4-nitroimidazole,1
2243,4-phosphonobenzoic acid,1
2244,4-pyridinecarbonitrile,1
2245,4-pyridyltetrazolate,1
2246,"4-sulfonaphthalene-2,6-dicarboxylic acid",1
2247,4-tetracarboxyphenylporphyrin,1
2248,"4H-4-amino-1,2,4-triazole",1
2249,"5',5'''-bis(4-carboxyphenyl)-4''',6'-dimethoxy-2'',5''-bis(trifluoromethyl)-[1,1':3',1'':4'',1''':3''',1''''-quinquephenyl]-4,4''''-dicarboxylic acid",1
2250,"5',5″″,5‴‴'-((1,3,5-triazine-2,4,6-triyl)tris(azanediyl))tris-(([1,1':3',1″-terphenyl]-4,4″ dicarboxylic acid))",1
2251,"5'-(4-carboxy-2-fluorophenyl)-2,2''-difluoro-[1,1':3',1''-terphenyl]-4,4''-dicarboxylic acid",1
2252,"5,10,15,20-tetra(4-carboxyphenyl)porphyrin",1
2253,"5,10,15,20-tetrakis(3,4,5-trihydroxybiphenyl)porphyrin",1
2254,"5,10,15,20-tetrakis(3,4,5-trihydroxyphenyl)porphyrin-Co(II)",1
2255,"5,10,15,20-tetrakis(3,4,5-trihydroxyphenyl)porphyrin-Cu(II)",1
2256,"5,10,15,20-tetrakis(3,4,5-trihydroxyphenyl)porphyrin-Fe(II)",1
2257,"5,10,15,20-tetrakis(3,4,5-trihydroxyphenyl)porphyrin-Zn(II)",1
2258,"5,10,15,20-tetrakis(4-pyridyl)porphyrin",1
2259,"5,15-bis(3,4,5-trifluorophenyl)-10,20-di(4-imidazol-1-yl-phenyl)porphyrin",1
2260,"5,15-bis(4-tert-butylphenyl)-10,20-di(4-imidazol-1-yl-phenyl)porphyrin",1
2261,"5,15-bis(pentafluorophenyl)-10,20-di(4-imidazol-1-yl-phenyl)porphyrin",1
2262,"5,5',10,10',15,15'-hexabutyltruxene-2,7,12-tricarboxylic acid",1
2263,"5,5',10,10',15,15'-hexadecyltruxene-2,7,12-tricarboxylic acid",1
2264,"5,5',10,10',15,15'-hexaethyltruxene-2,7,12-tricarboxylic acid",1
2265,"5,5',10,10',15,15'-hexahexyltruxene-2,7,12-tricarboxylic acid",1
2266,"5,5',10,10',15,15'-hexamethyltruxene-2,7,12-tricarboxylic acid",1
2267,"5,5',10,10',15,15'-hexaoctyltruxene-2,7,12-tricarboxylic acid",1
2268,"5,5',5''-(1,3,5-triazine-2,4,6-triyltriimino)triisophthalate hexasodium",1
2269,"5,5'-((1E,1'E)-((4,5-dihydroxy-1,2-phenylene)bis(azaneylylidene))bis(methaneylylidene))bis(benzene-1,2,4-triol)",1
2270,"5,5'-((4,4'-((4,4'-((pyridine-3,5-dicarbonyl)bis(azanediyl))bis(benzoyl))bis(azanediyl))bis(benzoyl))bis(azanediyl))diisophthalic acid",1
2271,"5,5'-((4,4'-((pyridine-3,5-dicarbonyl)bis(azanediyl))bis(benzoyl))bis(azanediyl))diisophthalic acid",1
2272,"5,5'-(([2,2'-bipyridine]-5,5'-dicarbonyl)bis(azanediyl))diisophthalic acid",1
2273,"5,5'-((pyridine-3,5-dicarbonyl)bis(azanediyl))diisophthalic acid",1
2274,"5,5'-(1,3,6,8-tetraoxybenzo [3,8] phenanthroline 2–7-substituent)bis-1,3-benzoic acid",1
2275,"5,5'-(1,3-xylylenediamino) diisophthalic acid",1
2276,"5,5'-(1,4-(2-butene)bis(oxy)diisophthalic acid",1
2277,"5,5'-(1,4-phenylene)bis(1H-tetrazole)",1
2278,"5,5'-(1,4-xylylenediamino) diisophthalic acid",1
2279,"5,5'-(9,9-bis(S)-2-methylbutyl)-9H-fluorene-2,7-diyl)diisophthalic acid",1
2280,"5,5'-(anthracene-9,10-diylbis(ethyne-2,1-diyl))diisophthalic acid",1
2281,"5,5'-(benzothiadiazole-4,7-diyl)diisophthalic acid",1
2282,"5,5'-(buta-diyne-1,4-diyl)diisophthalic acid",1
2283,"5,5'-(dimethylgermanediyl)diisophthalic acid",1
2284,"5,5'-(p-xylylenediamino)-1,1',3,3'-(benzene-tetra-carboxylic acid)",1
2285,"5,5'-(propane-2,2-diyl)diisophthalic acid",1
2286,"5,5'-(pyridine-3,5-dicarbonyl)bis(azanediyl)diisophthalic acid",1
2287,"5,5'-(triazole-2,5-diyl)diisophthalic acid",1
2288,"5,5'-[(S)-(+)-2-methylpiperazine-1,4-diyl]diisophthalic acid",1
2289,"5,5'-[4,4'-(dimethylsilanediyl)bis(1,4-phenyl)bis(ethyne-1,2-diyl)]diisophthalic acid",1
2290,"5,5'-carbonylbis(2-(pyridin-3-ylmethyl)isoindoline-1,3-dione)",1
2291,"5,5'-dicarboxy-2,2'-bipyridine",1
2292,"5,5-dioxo-5H-dibenzo[b,d]thiophene-3,7-dicarboxylic acid",1
2293,"5,6-dimethyl-4,7-di(1H-pyrazol-4-yl)benzo[c][1,2,5]thiadiazole",1
2294,"5-((2-carboxyphenoxy)methyl)benzene-1,3-dioic acid",1
2295,"5-((4-carboxyphenoxy)methyl)benzene-1,3-dioic acid",1
2296,"5-(1,2,4-triazol-1-yl) isophthalic acid",1
2297,"5-(1,2,4-triazol-4-yl)isophthalic acid",1
2298,"5-(1,2,4-triazoleyl)isophthalic acid",1
2299,"5-(1H-1,2,4-triazol-1-yl) isophthalic acid",1
2300,"5-(1H-1,2,4-triazol-1-yl)isophthalic acid",1
2301,"5-(1H-1,2,4-triazol-1-yl)nicotinic acid",1
2302,5-(1H-imidazol-4-yl)methylaminoisophthalic acid·2HCl,1
2303,5-(1H-tetrazol-1-yl)isophthalic acid,1
2304,5-(2-acetoxy-propionylamino)-isophthalic acid,1
2305,5-(2-methylpyridin-4-yl)isophthalic acid,1
2306,5-(2-pyridyl)tetrazole,1
2307,"5-(3',4'-Dicarboxylphenoxy)-isophthalic acid",1
2308,"5-(3',5'-dicarboxylphenyl) nicotinic acid",1
2309,"5-(3,5-diethyl-4H-1,2,4-triazol-4-yl)isophthalic acid",1
2310,"5-(3-(n-propyl)-4H-1,2,4-triazol-4-yl)isophthalic acid",1
2311,5-(3-amino-tetrazole-5-phenoxy)-isophthalic acid,1
2312,"5-(3-ethyl-4H-1,2,4-triazol-4-yl)isophthalic acid",1
2313,5-(4-carboxybenzoylamino)isophthalic acid,1
2314,"5-(4-carboxyphenyl)-2,6-pyridinedicarboxylic acid",1
2315,5-(4-carboxyphenyl)pyridine-2-carboxylic acid,1
2316,"5-(4-chlorophenyl)-10,15,20-tris(4-carboxyphenyl)porphyrin",1
2317,"5-(4-fluorophenyl)-10,15,20-tris(4-carboxyphenyl)porphyrin",1
2318,5-(4-imidazol-1-yl-phenyl)-2H-tetrazole,1
2319,5-(Ethylthio)-1H-tetrazole,1
2320,5-(benzonic-4-ylmethoxy)-isophthalic acid,1
2321,5-(dihydroxyphosphoryl)isophthalic acid,1
2322,5-(pyridin-4-yl) isophthalic acid,1
2323,5-(pyridin-4-ylmethoxy) isophthalic acid,1
2324,5-[(4-carboxyphenyl)ethynyl]isophthalic acid,1
2325,5-[(anthracen-9-yl methyl)-amino]-isophthalic acid,1
2326,5-[bis(4-carboxybenzyl)-amino]isophthalic acid,1
2327,5-aminisophthalic acid,1
2328,"5-cyan-1,3-benzenedipyrazole",1
2329,5-dimethylamino isophthalic acid,1
2330,5-ethoxyisophthalic acid,1
2331,5-hydroxy-2-pyrazinecarboxylic acid,1
2332,5-hydroxy-pyridine-2-carboxylic acid,1
2333,5-mercapto-1-methyltetrazole,1
2334,5-mercaptoisophthalic acid,1
2335,5-methoxy isophthalic acid,1
2336,5-methylbenzimidazole,1
2337,5-methylpyrazine-2-carboxylic acid,1
2338,5-methyltetrazolate,1
2339,5-phenyl-1H-pyrazole-3-carboxylic acid,1
2340,5-sulfoisophthalic acid,1
2341,5-sulfosalicylic acid,1
2342,5-tert-Butyl isophthalic acid,1
2343,5-tetrazolylisophthalic acid,1
2344,"5-trifluoromethyl-1,3-benzenedipyrazole",1
2345,"6,6',6'',6'''-((5'-(4-(bis(6-carboxynaphthalen-2-yl)amino)phenyl)-[1,1':3',1''-terphenyl]-4,4''-diyl)bis(azanetriyl))tetrakis(2-naphthoic acid)",1
2346,"6,6',6''-(1,3,5-Benzenetriyl)tris[2-naphthalenecarboxylic acid]",1
2347,"6,6',6″,6‴-(pyrene-1,3,6,8-tetrayl)tetrakis(2-naphthoic acid)",1
2348,"6-(pyridin-4-yl)-5,6-dihydrobenzo[4,5]imidazo[1,2-c]quinazoline",1
2349,6-mercaptonicotinic acid,1
2350,6OH-Cu-Salphen ligand,1
2351,6OH-Salphen ligand,1
2352,"9,10-anthracene dicarboxylic acid",1
2353,"9,10-bis(N-benzimidazolyl)-anthracene",1
2354,"9,10-di(1H-imidazol-1-yl)-anthracene",1
2355,"9,10-ditetrazolateanthracene",1
2356,"9,9'-methylenebis(9H-carbazole-3,6-dicarboxylic acid)",1
2357,"9,9-bis(S)-2-methylbutyl-9H-fluorene-2,7-dicarboxylic acid",1
2358,"9-(4-carboxyphenyl)-9H-carbazole-3,6-dicarboxylic acid",1
2359,"9-(carboxymethyl)carbazole-3,6-dicarboxylic acid",1
2360,"9-H-carbazole-3,6-dicarboxylic acid",1
2361,"9-fluorenone-2,7-dicarboxylic acid",1
2362,"9-phenylcarbazole-3,6-dicarboxylic acid",1
2363,Acid 1,1
2364,Adipic acid,1
2365,Ala-Boc-ta,1
2366,AzTPDC,1
2367,BPEA ligand,1
2368,BPYDC,1
2369,Benzene dicarboxylic acid,1
2370,"Benzimidazole-5,6-dicarboxylic acid",1
2371,"Co-TCPP (5,10,15,20-tetrakis(4-carboxyphenyl)porphyrin)",1
2372,"Co–TCPP (5,10,15,20-tetrakis(4-carboxyphenyl)porphyrinato) cobalt(II)",1
2373,CuTCPP,1
2374,"Cu–TCPP (5,10,15,20-tetrakis(4-carboxyphenyl)porphyrinato) copper(II)",1
2375,D-3-(4-Pyridyl)-alanine,1
2376,D-aspartic acid,1
2377,DHP-diCO2H-R,1
2378,"DHP-tetra(3,5,3',5'-Me)-diCO2H",1
2379,DL-malic acid,1
2380,DL-tartaric acid,1
2381,Et4N[Co(L3COOH)2] (2) metalloligand,1
2382,Et4N[Co(L4COOH)2] (1) metalloligand,1
2383,Et4N[Co(Lp‑COOH)2],1
2384,Fe(III) meso-tetra(4-carboxyphenyl)porphyrin,1
2385,"Fe–TCPP (5,10,15,20-tetrakis(4-carboxyphenyl)porphyrinato) iron(III) chloride",1
2386,"Gallic acid (3,4,5-trihydroxybenzoic acid) monohydrate",1
2387,H2-pydcao·H2O,1
2388,H2BDC-(OCH3)2,1
2389,H2BDC-(OH)2,1
2390,H2BDC-N2H3,1
2391,H2BPDC-MIMS,1
2392,H2INAIP (5-(isonicotinamido)isophthalic acid),1
2393,"H2Me2-(S,S)-Mecysmox",1
2394,H2NDI–H,1
2395,H2bpdc-NHProBoc,1
2396,H2tpdc-NHProBoc,1
2397,"H3BBC (4,4',4″-(benzene-1,3,5-triyl-tris(benzene-4,1-diyl))tribenzoic acid)",1
2398,"H3BTFc (benzene-1,3,5-(2-furan-5-carboxylate))",1
2399,"H3ChirBTB-1 (1,3,5-tri{4-[2-(4-isopropyl-2-oxooxazolidin-3-yl)]benzoate}benzene)",1
2400,"H3ChirBTB-2 (1,3,5-tri{4-[2-(4-benzyl-2-oxooxazolidin-3-yl)]benzoate}benzene)",1
2401,H3L1 (4-[3-(4-carboxyphenoxy)-2-[(4-carboxyphenoxy)methyl]-2-methyl-propoxy]benzoic acid),1
2402,H3LRu (Ru(phen)3-based metalloligand),1
2403,"H3tcpb-NHPro (1-L-pyrrolidine-2-carboxamide-2,4,6-tris(4-carboxyphenyl)benzene)",1
2404,"H4L1: enantiopure 4,4',6,6'-tetrabenzoate SPINOL phosphoric acid linker",1
2405,"H4L2 (4-(3',5'-dicarboxylphenoxy)phthalic acid)",1
2406,"H4L2: enantiopure 4,4',6,6'-tetra(2-naphthoate) SPINOL phosphoric acid linker",1
2407,"H4tcbpe (4',4''',4''''',4'''''''-(ethene-1,1,2,2-tetrayl)tetrakis([1,1'-biphenyl]-4-carboxylic acid))",1
2408,"H5L1 (chiral phosphono-carboxylate ligand; 1,1'-biphenol-derived, 3,5-bis(trifluoromethyl)phenyl substituted)",1
2409,HL,1
2410,"HO2C[PE-P(Dodec,Dodec)-EP]CO2H",1
2411,"HO2C[PE-P(H,NH2)-EP]CO2H",1
2412,"HO2C[PE-P(OCH2CH2OCH2CH2OMe,OCH2CH2OCH2CH2OMe)-EP]CO2H",1
2413,"HO2C[PE-P(OMe,OCH2CH2CH2-furan)-EP]CO2H",1
2414,"HO2C[PE-P(OMe,OCH2C≡CH)-EP]CO2H",1
2415,"HO2C[PE-P(OMe,OCH2C≡C–Si(iPr)3)-EP]CO2H",1
2416,"HO2C[PE-P(OMe,OMe)-EP]CO2H",1
2417,"HO2C[PE-P(OPent,OPent)-EP]CO2H",1
2418,K(3-TPHAP),1
2419,KH2TDA,1
2420,L-OBAla methyl ester,1
2421,L-OBVal methyl ester,1
2422,L-glutamic acid hydrochloride,1
2423,L1 (bis(4-pyridyl) hydrazone derivative),1
2424,"LBTX = 4,4'-bis(1H-1,2,4-triazole-1-yl)methyl)-1,1'-biphenyl",1
2425,MeSi(3Py)3,1
2426,"Methyl hydrogen ((2'-cyano-[1,1'-biphenyl]-4-yl)methyl)phosphonate",1
2427,"N,N',N″-Tris(isophthalyl)-1,3,5-benzenetricarboxamide",1
2428,"N,N'-(4,5-dihydroxy-1,2-phenylene)bis(2,4,5-trihydroxybenzamide)",1
2429,"N,N'-4,4'-bipiperidinebis(methylenephosphonic acid) hydrochloride adduct",1
2430,"N,N'-Di(4-pyridyl)-1,4,5,8-naphthalenetetracarboxydiimide",1
2431,"N,N'-bicyclo[2.2.2]oct-7-ene-2,3,5,6-tetracarboxdiimide bi(1,2,4-triazole)",1
2432,"N,N'-bis(3-pyridinecarboxamide)-1,4-butane",1
2433,"N,N'-bis(3-pyridyl) urea",1
2434,"N,N'-bis(3-pyridylmethyl)adipoamide",1
2435,"N,N'-bis(3-pyridylmethyl)sebacoamide",1
2436,"N,N'-bis(4-picolinoyl)hydrazine",1
2437,"N,N'-bis(pyridin-4-ylmethylene)cyclohexane-1,4-diamine",1
2438,"N,N'-bis(pyridine-3-yl)pyridine-3,5-dicarboxamide",1
2439,"N,N'-di(3',3'',5',5''-tetrakis(4-carboxyphenyl))-1,2,6,7-tetrachloroperylene-3,4,9,10-tetracarboxylic acid diimide",1
2440,"N,N'-di(3-pyridyl)adipoamide",1
2441,"N,N'-di(4-pyridyl)dodecanamide",1
2442,"N,N,N',N'-tetra(2-pyridyl)-2,6-pyridinediamine",1
2443,"N,N-bis(1(2)H-tetrazol-5-yl)amine",1
2444,"N-(3-carboxyphenyl)-4,4'-bipyridinium chloride",1
2445,N-(3-carboxyphenyl)iminodiacetic acid,1
2446,"N-(4-carboxybenzyl)-(3,5-dicarboxyl)pyridinium bromide",1
2447,N-(4-carboxyphenyl)iminodiacetic acid,1
2448,"N-(4-cyanophenylmethylene)-4-(4-cyanophenoxy)-1,8-naphthalimide",1
2449,"N-(tetrazolmethyl)-4,4'-bipyridinium",1
2450,N-methyldiethanolamine,1
2451,"N1,N4-bis(3,5-dicarboxyphenyl)fumaramide",1
2452,"N1,N4-bis(pyridin-4-ylmethylene)-benzene-1,4-diamine",1
2453,"N1,N4-di(pyridin-4-yl)naphthalene-1,4-dicarboxamide",1
2454,Na3BTC,1
2455,"Na3BTCMT (sodium salt of 4,4',4''-[1,3,5-benzenetriyltris(carbonylimino)]-trisbenzoic acid)",1
2456,"Na4(1,2,4,5-btc)",1
2457,Ni-(4-tetraphosphonophenylporphyrin),1
2458,Ni–H2L (Ni(salphen) dicarboxylate metalloligand),1
2459,Ni–H2L (dicarboxyl-functionalized Ni(saldpen) metalloligand),1
2460,"Ni–TCPP (5,10,15,20-tetrakis(4-carboxyphenyl)porphyrinato) nickel(II)",1
2461,OxP tetracarboxylic acid 1,1
2462,OxP tetracarboxylic acid 2,1
2463,OxP tetracarboxylic acid 3,1
2464,OxP tetracarboxylic acid 4,1
2465,PEPEP-type dicarboxylic acid,1
2466,"PEPEP-type dicarboxylic acid (diacid 4a; R1 = OCH2C≡CH, R2 = O(CH2CH2O)3Me)",1
2467,Pd(TCPP),1
2468,PdTCPP (palladium metallated tetrakis(4-carboxyphenyl)porphyrin),1
2469,PhSn(4-pyridyl)3,1
2470,"Poly-2,5-bis(but-3-en-1-yloxy)terephthalic acid",1
2471,"Poly-2,5-bis(heptan-1-yloxy)terephthalic acid",1
2472,"Poly-2,5-bis(octan-1-yloxy)terephthalic acid",1
2473,Pt(II) meso-tetra(4-carboxyphenyl)porphyrin chloride,1
2474,Pt(TCPP),1
2475,PyDC-PA ion pair linker,1
2476,Rh(TCPP)Cl,1
2477,Ru(TCPP)(CO),1
2478,Sb(4-pyridyl)3,1
2479,TATHB×3HCl,1
2480,TCPP (tetrakis(4-carboxyphenyl)porphyrin),1
2481,TDP-conjugated terphenyldicarboxylate,1
2482,Ti(salen)-derived dicarboxylic linker,1
2483,"Tris(2',3',5',6'-tetramethylbiphenyl-4-carboxylic acid)borane",1
2484,VOL2 (oxovanadium(IV) salen dipyridine ligand),1
2485,"[1,1':2',1″-terphenyl]-4,4',4″,5-tetracarboxylic acid",1
2486,"[1,1':3',1'']terphenyl-3,4',6'',3'''-tetracarboxylic acid",1
2487,"[1,1':3',1″-terphenyl]-4,4″,5'-tricarboxylic acid",1
2488,"[1,1':4',1''-terphenyl]-4,4''-dicarboxylic acid",1
2489,"[1,1':4',1″-ternaphthalene]-4,4″-dicarboxylic acid",1
2490,"[1,1':4',1″-terphenyl]-3,3″,5,5″-tetracarboxylic acid",1
2491,"[1,1';3',1″-terphenyl]-3,5',3″-tricarboxylic acid",1
2492,"[1,1';3',1″-terphenyl]-4,5',4″-tricarboxylic acid",1
2493,"[2,2'-bipyridine]-5,5'-dicarboxylic acid",1
2494,"[5,10,15,20-tetrakis(3-(phosphonatophenyl)porphyrinato(2-)]palladium(II)",1
2495,"[5,10,15,20-tetrakis(4-(phosphonatophenyl))porphyrinato(2-)]palladium(II)",1
2496,"[Cu(2,4-HPdc)2(H2O)2] metalloligand",1
2497,"[Fe(HL)2]·(BF4)2 (HL = 4-([2,2':6',2″-terpyridin]-4'-yl)benzoic acid)",1
2498,[H4L-Ru(TFA)(CO)(PPh3)]TFA,1
2499,[H4L-RuCl(CO)2]TFA,1
2500,[Ir(pqc)2(bpy)]Cl,1
2501,[Ir(pqc)2(bpyOMe)]Cl,1
2502,[Ir(pqc)2(phen)]Cl,1
2503,[Mn(HL1)]·[Na(H2O)6]·4H2O,1
2504,[PR43]2+·2[NO3]−,1
2505,[Ru(bpy)2(H2dcbpy)]Cl2,1
2506,[Ru(bpy)3]2+-derived dicarboxylate ligand,1
2507,"[p-terphenyl]-4,4″-dicarboxylic acid",1
2508,aH-PTMHC,1
2509,acridone-based triacid H3AcTA,1
2510,"adamantane-1,3,5,7-tetrabenzoic acid",1
2511,ammelide,1
2512,anthracene-9-carboxylic acid,1
2513,"anthraquinone-2,6-disulfonic acid disodium salt",1
2514,ascorbic acid,1
2515,aspartic acid,1
2516,aurin tricarboxylic acid,1
2517,azobenzene dicarboxylic acid,1
2518,azobenzene-functionalized terphenyl dicarboxylic acid,1
2519,benzene dicarboxylate,1
2520,"benzene-1,2,3,4,5,6-hexacarboxylic acid",1
2521,"benzene-1,2,4,5-tetracarboxylic acid",1
2522,"benzene-1,2-dicarboxylic acid",1
2523,"benzene-1,3,5-triyltriisonicotinate",1
2524,benzenetribenzoic acid,1
2525,"benzimidazole-5,6-dicarboxylic acid",1
2526,"benzo[c][1,2,5]thiadiazole-4,7-diylbis(ethyne-2,1-diyl)dibenzoic acid",1
2527,benzotriazol-1-yl-acetonitrile,1
2528,"biphenyl-2,2',4,4'-tetracarboxylic acid",1
2529,"biphenyl-2,3,3',5'-tetracarboxylic acid",1
2530,"biphenyl-2,5,2',5'-tetracarboxylic acid",1
2531,"biphenyl-3,3 ,5,5 -tetracarboxylic acid",1
2532,"biphenyl-3,3',4,4'-tetracarboxylic acid",1
2533,"biphenyl-3,5-dicarboxylic acid",1
2534,"biphenyl-4,4-dicarboxylic acid",1
2535,biphenyl-dicarboxylic acid,1
2536,biphenylenebis(phosphonic) acid,1
2537,bis(2-carboxyethyl) isocyanurate,1
2538,"bis(3,5-bis((1H-imidazol-1-yl)methyl)-2,4,6-trimethylphenyl)methane",1
2539,"bis(4-(4'-carboxyphenyl)-3,5-dimethylpyrazolyl)methane",1
2540,bis(4-(4-carboxyphenyl)-1H-pyrazolyl)methane,1
2541,bis(4-carboxyphenyl)-2-dimethylaminophosphine,1
2542,bis(pyrazin-2-ylmethyl)phenylphosphine,1
2543,bis(pyrazol-1-yl)butane,1
2544,bis(pyrazol-1-yl)ethane,1
2545,bis(pyrazol-1-yl)methane,1
2546,bis(pyrazol-1-yl)propane,1
2547,bis-[4-(4-carboxyphenyl)pyrazolyl]methane,1
2548,"bis[4-(3,5-dicarboxyphenyl)-1H-3,5-dimethylpyrazolyl]methane",1
2549,bisbenzimidazole,1
2550,bromo-terephthalic acid,1
2551,bromoterephthalic acid,1
2552,"butane-1,4-dicarboxylic acid",1
2553,chloroterephthalic acid,1
2554,"cis,cis,cis,cis,cis-1,2,3,4,5,6-cyclohexanehexacarboxylic acid",1
2555,"cis,cis,cis-cyclopentanetetracarboxylic acid",1
2556,cis-/trans-H4L-RuCl2(CO),1
2557,citraconic acid,1
2558,clathrochelate linker GU-1,1
2559,cobalt(II) tetrakis(4-carboxyphenyl)porphyrin,1
2560,compound 1,1
2561,copper(II) tetrakis(4-carboxyphenyl)porphyrin,1
2562,croconic acid,1
2563,cyclic triimidazole,1
2564,cyclohexane-functionalized iron(II)-clathrochelate-based meta-benzenedicarboxylate linker,1
2565,"cyclopentane-1,1-diacetic acid",1
2566,di(4-pyridyl)amine,1
2567,di-2-pyridyl ketone,1
2568,diethanolamine,1
2569,"diethyl (R,S)-4,4'-biquinoline-3,3'-dicarboxylate",1
2570,"diethyl 2,2'-(1H,1'H-2,2'-biimidazole-1,1'-diyl)diacetate",1
2571,diglycolic acid,1
2572,"dimepip-(2,2'-F)-diCO2H",1
2573,dimepip-diCO2H,1
2574,dipicolinic acid,1
2575,dipyridin-4-ylsulfane,1
2576,"disodium 2,5-thiophenedicarboxylate",1
2577,"disodium 2,6-naphthalenedisulfonate",1
2578,"disodium 3,4-pyridinedicarboxylate",1
2579,"disodium 4,4'-bis(2-sulfonatostyryl)biphenyl",1
2580,disodium D-tartrate,1
2581,disodium DL-tartrate,1
2582,disodium L-tartrate,1
2583,disodium croconate,1
2584,"disodium salt of 2,5-pyridine dicarboxylic acid",1
2585,dodecarboxylic acid substituted resorcin[4]arene ligand L,1
2586,ethanediamine,1
2587,ethyl 2-(hydroxymethyl)isonicotinate,1
2588,ethylenediamine,1
2589,ethylenediammonium bis(hydrogen oxalate) monohydrate,1
2590,"etidronic acid (1-hydroxyethylidene-1,1-diphosphonic acid), 60% aqueous",1
2591,"fluorenone-2,7-dicarboxylic acid",1
2592,fluorine-functionalized imidazole-2-formaldehyde,1
2593,glycolic acid,1
2594,hexa(4-(carboxyphenyl)oxamethyl)-3-oxapentane acid,1
2595,hexa-carboxylate ligand,1
2596,hexa-carboxylic acid linker,1
2597,hexacarboxylic polychlorotriphenylmethyl radical,1
2598,hexakis(4-carboxyl-3-methoxyphenoxy)cyclotriphosphazene,1
2599,hexakis(4-carboxylatophenoxy)-cyclotriphosphazene,1
2600,hydroxyl-functionalized terphenyl dicarboxylic acid,1
2601,imidazolate-2-carboxyaldehyde,1
2602,imidazole-2-carbaldehyde,1
2603,"imidazolium dicarboxylic acid (H2LBr), [(CH2COOH)2im]Br",1
2604,isoT12H6,1
2605,m-phenylenediacrylic acid,1
2606,maleimide-attached H2L ligand,1
2607,meso-Tetra(4-carboxyphenyl)porphine,1
2608,meso-tartaric acid,1
2609,meso-tetra(3-carboxyphenyl)porphine,1
2610,meso-tetrakis(4-carboxyphenyl)porphyrinato aluminum(III) hydroxide (L1-Al(OH)),1
2611,meso-tetrakis(4-carboxyphenyl)porphyrinato palladium(II),1
2612,methane tetra-p-phenylphosphonic acid,1
2613,methoxyterephthalic acid,1
2614,methyl ester form of terephthalic acid,1
2615,methyl-3-{3-(2-pyridin-4-yl-vinyl)-phenyl}-propenate,1
2616,methylterephthalic acid,1
2617,n-pentadecyl-attached imidazolium decorated dicarboxylic acid,1
2618,"naphthalene-1,4,5,8-tetracarboxylic acid",1
2619,neocuproine,1
2620,o-phenylenedicarboxylic acid,1
2621,o-phthalic acid,1
2622,octafluoroadipic acid,1
2623,p-carboxyphenylarsonic acid,1
2624,p-cyanophenoxyacetic acid,1
2625,p-phenylenediamine,1
2626,"p-terphenyl-3,4″,5-tricarboxylic acid",1
2627,"p-terphenyl-3,5,3',5'-tetracarboxylic acid",1
2628,p-xylene diphosphonic acid,1
2629,p-xylylenediphosphonic acid,1
2630,para-azobipyridine,1
2631,"perylene-3,4,9,10-tetracarboxylic dianhydride",1
2632,phytic acid,1
2633,picolinic acid,1
2634,"pip-(2,2'-CF3)-diCO2H",1
2635,"pip-(3,3'-F)-diCO2H",1
2636,"pip-(3,3'-Me)-diCO2H",1
2637,"pip-tetra(3,5,3',5'-F)-diCO2H",1
2638,piperidinium salt of trimellitic acid,1
2639,polyethylene terephthalate (PET) flakes,1
2640,"potassium 4'-furyl-2,2':6',2″-terpyridine-4,4″-dicarboxylate",1
2641,"potassium 4,4'-(hexafluoroisopropylidene)bisbenzoate",1
2642,potassium hydrogen phthalate,1
2643,potassium salt of 4-sulfobenzoic acid,1
2644,"pyrene-2,7-dicarboxylic acid",1
2645,"pyrene-3,4,9,10-tetracarboxylic acid",1
2646,"pyridine-2,3,5,6-tetracarboxylic acid",1
2647,rctt-tetrakis(4-pyridyl)cyclobutane,1
2648,resorcin[4]arene-functionalized dodecacarboxylic acid,1
2649,"sodium 1,4-benzenedicarboxylate",1
2650,"sodium 3,3-bis(1H-1,2,4-triazol-1-yl)propionate",1
2651,"sodium 3,5-dicarboxybenzenesulfonate",1
2652,sodium 3-sulfobenzoate,1
2653,"sodium 4-amino-1,5-naphthalenedisulfonate",1
2654,sodium 5-sulfoisophthalate,1
2655,sodium croconate,1
2656,sodium dihydrogen 2-sulfoterephthalate,1
2657,sodium dihydrogen 5-sulfoisophthalate,1
2658,sodium isophthalate-5-sulphonate,1
2659,sodium salicylate,1
2660,sodium terephthalate,1
2661,syringic acid,1
2662,"t,t-muconic acid",1
2663,terepthalic acid,1
2664,tetra(3-imidazoylphenyl)ethylene,1
2665,tetra(4-carboxyphenyl)porphine,1
2666,tetra(4-carboxyphenyl)porphyrin,1
2667,"tetrabutylammonium 4',4'',4'''-(((λ4-boranetetrayl)tetrakis(2,3,5,6-tetrafluorobenzene-4,1-diyl))tetrakis(ethyne-2,1-diyl))tetrabenzoate",1
2668,"tetrabutylammonium tetrakis(pyridine-4-ethynyl-2,3,5,6-tetrafluorophenyl)borate",1
2669,tetracarboxylic meta-substituted four-wall aryl-extended calix[4]pyrrole,1
2670,tetracarboxylic porphyrin ligand,1
2671,"tetraethylammonium 4,5-dicyano-2-methylimidazolate",1
2672,tetrafluoroterephthalatic acid,1
2673,"tetrahydroxy-1,4-benzoquinone",1
2674,tetrahydroxyquinone,1
2675,"tetrakis 3,5-bis[(4-carboxy)phenyl]phenyl porphine",1
2676,tetrakis(3-pyridyl)ethylsilane,1
2677,tetrakis(3-pyridyl)vinylsilane,1
2678,tetrakis(4-carboxybiphenyl)porphyrin,1
2679,tetrakis(4-carboxyphenyl) silane,1
2680,tetrakis(4carboxyphenyl)-porphyrin,1
2681,tetramethylterephthalic acid,1
2682,tetrapyridylpyrazine,1
2683,tetrathiafulvalene tetrabenzoate acid,1
2684,tetrazol-1-ylacetic acid,1
2685,tetrazole-1-acetic acid,1
2686,"thiophene-2,5-diphosphonic acid",1
2687,thiophene-2-carboxylic acid,1
2688,thiophene-3-carboxylic acid,1
2689,"tin(IV) tetrakis 3,5-bis[4-carboxyphenyl]phenyl porphine chloride",1
2690,"tin(IV) tetrakis 3,5-bis[4-carboxyphenyl]phenyl porphine tetrafluoroborate",1
2691,"trans-2,5-dimethylpiperazine",1
2692,"trans-4,4'-stilbenedicarboxylic acid",1
2693,tri(β-diketone) ligand L1,1
2694,"tricarboxylic acid Schiff base ligand from 2,4,6-trihydrazino-1,3,5-triazine (THDT) and 4-formylbenzoic acid",1
2695,"triethyl-1,3,5-benzenetricarboxylate",1
2696,triethylenediamine,1
2697,trimesoyltri(D-alanine),1
2698,trimesoyltri(L-alanine),1
2699,triptycene proligand 12H,1
2700,"tris(4-(1,2,4-triazol-1-yl)phenyl)amine",1
2701,tris(4-(2H-tetrazol-5-yl)phenyl)amine,1
2702,"tris(4-carboxyl-2,3,5,6-tetrachlorophenyl)methane",1
2703,tris(4-pyridyl)triazine,1
2704,tris(hydroxymethyl)aminomethane,1
2705,"tris-[4-(2,2'-dipyridylamino)-phenyl]amine",1
2706,tris-{2-(4-carboxyphenoxy)ethyl}amine,1
2707,tris[(4-carboxyl)-phenylduryl]amine,1
2708,"trisodium salt of 6-(3,5-dicarboxyl phenyl) nicotinic acid",1
2709,voriconazole,1
2710,zinc porphyrin ligand,1
2711,zinc tetra(4-carboxyphenyl)porphyrin,1
2712,"zinc(II) tetrakis 3,5-bis[(4-methoxycarbonyl)phenyl]phenyl porphine",1
