rank,label,count
1,terephthalic acid,578
2,"benzene-1,3,5-tricarboxylic acid",370
3,2-methylimidazole,221
4,2-aminoterephthalic acid,203
5,"biphenyl-4,4'-dicarboxylic acid",126
6,"2,5-dihydroxyterephthalic acid",89
7,isophthalic acid,73
8,"2,6-naphthalenedicarboxylic acid",64
9,fumaric acid,62
10,"1,2,4,5-benzenetetracarboxylic acid",47
11,"4,4'-bipyridine",43
12,tetrakis(4-carboxyphenyl)porphyrin,42
13,"2,5-thiophenedicarboxylic acid",39
14,"1,4-naphthalenedicarboxylic acid",34
15,"1,2,4-triazole",31
16,isonicotinic acid,29
17,2-nitroterephthalic acid,28
18,"pyridine-3,5-dicarboxylic acid",24
19,"4,4'-sulfonyldibenzoic acid",23
20,benzimidazole,23
21,"2,5-pyridinedicarboxylic acid",22
22,"4,4'-oxybis(benzoic acid)",22
23,"1,3,5-tris(4-carboxyphenyl)benzene",21
24,imidazole,21
25,"2,2'-bipyridine-5,5'-dicarboxylic acid",19
26,5-nitroisophthalic acid,19
27,"1,2,4-benzenetricarboxylic acid",18
28,2-bromoterephthalic acid,18
29,5-aminoisophthalic acid,18
30,"1,3,5-tris(1-imidazolyl)benzene",16
31,"pyridine-2,6-dicarboxylic acid",16
32,tetrafluoroterephthalic acid,15
33,"2,5-furandicarboxylic acid",13
34,2-hydroxyterephthalic acid,13
35,"4,4'-(hexafluoroisopropylidene)bis(benzoic acid)",13
36,pyrazine,12
37,"3,3',5,5'-azobenzenetetracarboxylic acid",11
38,5-bromoisophthalic acid,11
39,"imidazole-4,5-dicarboxylic acid",11
40,pyromellitic acid,10
41,succinic acid,10
42,"1,4-phenylenediacetic acid",9
43,"3-amino-1,2,4-triazole",9
44,adenine,9
45,imidazole-2-carboxaldehyde,9
46,"1,3,6,8-tetrakis(p-benzoic acid)pyrene",8
47,2-methylterephthalic acid,8
48,"4,4'-stilbenedicarboxylic acid",8
49,"biphenyl-3,3',5,5'-tetracarboxylic acid",8
50,"biphenyl-3,4',5-tricarboxylic acid",8
51,formic acid,8
52,oxalic acid,8
53,oxalic acid dihydrate,8
54,"pyridine-2,3-dicarboxylic acid",8
55,squaric acid,8
56,"1,2,4,5-tetrakis(4-carboxyphenyl)benzene",7
57,"1,3-bis(4-pyridyl)propane",7
58,"1,4-cyclohexanedicarboxylic acid",7
59,2-ethylimidazole,7
60,"4,5-dichloroimidazole",7
61,5-hydroxyisophthalic acid,7
62,5-methoxyisophthalic acid,7
63,D-camphoric acid,7
64,nicotinic acid,7
65,"pyrazine-2,3-dicarboxylic acid",7
66,"1,2-bis(4-pyridyl)ethane",6
67,"1,4-benzene dicarboxylic acid",6
68,"2,2'-bipyridine-4,4'-dicarboxylic acid",6
69,"2-ethyl-1H-imidazole-4,5-dicarboxylic acid",6
70,"4,4'-oxybisbenzoic acid",6
71,"4,4'-oxydibenzoic acid",6
72,4-aminobenzoic acid,6
73,4-methyl-5-imidazolecarboxaldehyde,6
74,4-pyrazolecarboxylic acid,6
75,5-(isonicotinamido)isophthalic acid,6
76,5-methylisophthalic acid,6
77,"9,10-anthracenedicarboxylic acid",6
78,adipic acid,6
79,glutaric acid,6
80,phthalic acid,6
81,"1,10-phenanthroline",5
82,"1,2-phenylenediacetic acid",5
83,"1,3-adamantanediacetic acid",5
84,"1,3-phenylenediacetic acid",5
85,"2,2'-biphenyldicarboxylic acid",5
86,"2,4,6-tris(4-pyridyl)-1,3,5-triazine",5
87,"2-(pyridin-4-yl)-1H-imidazole-4,5-dicarboxylic acid",5
88,"2-aminobenzene-1,4-dicarboxylic acid",5
89,2-nitroimidazole,5
90,"3,5-pyrazoledicarboxylic acid",5
91,"4,4',4″-nitrilotribenzoic acid",5
92,"4,4'-bipyridyl",5
93,4-carboxycinnamic acid,5
94,5-sulfoisophthalic acid monosodium salt,5
95,D-(+)-camphoric acid,5
96,benzotriazole-5-carboxylic acid,5
97,diphenic acid,5
98,tetrakis(4-pyridyloxymethylene)methane,5
99,"trans-1,4-cyclohexanedicarboxylic acid",5
100,"1,1'-ferrocenedicarboxylic acid",4
101,"1,2,3-benzenetricarboxylic acid",4
102,"1,2-bis(4-pyridyl)ethylene",4
103,"1,3,5-benzenetrisbenzoic acid",4
104,"1,4-benzenedicarboxylate",4
105,"1,4-bis(1,2,4-triazol-1-yl)butane",4
106,"1,4-bis(3-pyridyl)-2,3-diaza-1,3-butadiene",4
107,"1,4-bis(imidazol-1-ylmethyl)benzene",4
108,"1,4-dibromo-2,3,5,6-tetrakis(4-carboxyphenyl)benzene",4
109,"1H-1,2,3-triazole",4
110,"1H-1,2,3-triazole-4,5-dicarboxylic acid",4
111,"1H-1,2,4-triazole",4
112,"1H-benzimidazole-5,6-dicarboxylic acid",4
113,"1H-pyrazole-3,5-dicarboxylic acid",4
114,"2,2'-bipyridine-3,3'-dicarboxylic acid",4
115,"2,3,6,7,10,11-hexaaminotriphenylene hexahydrochloride",4
116,"2,4,6-tris(4-carboxyphenoxy)-1,3,5-triazine",4
117,"2,5-diaminoterephthalic acid",4
118,"2,5-dibromoterephthalic acid",4
119,"2,5-dimethylterephthalic acid",4
120,2-chloroterephthalic acid,4
121,2-fluoroterephthalic acid,4
122,"2-phenyl-1H-imidazole-4,5-dicarboxylic acid",4
123,"3,3',5,5'-tetra(1H-imidazol-1-yl)-1,1'-biphenyl",4
124,"3,5-bis(imidazole-1-yl)pyridine",4
125,"3,5-diamino-1,2,4-triazole",4
126,"4,4',4''-nitrilotribenzoic acid",4
127,"4,4'-(phenylazanediyl)dibenzoic acid",4
128,"4,4'-carbonyldibenzoic acid",4
129,"4,4'-dicarboxybiphenyl sulfone",4
130,"4-amino-3,5-bis(4-pyridyl)-1,2,4-triazole",4
131,5-(4-carboxybenzyloxy)isophthalic acid,4
132,5-amino-1H-tetrazole,4
133,5-oxyacetate isophthalic acid,4
134,L-malic acid,4
135,L-tartaric acid,4
136,acetylenedicarboxylic acid,4
137,"anthracene-9,10-dicarboxylic acid",4
138,azelaic acid,4
139,"benzophenone-4,4'-dicarboxylic acid",4
140,"bicyclo[1.1.1]pentane-1,3-dicarboxylic acid",4
141,"cis,cis-1,3,5-cyclohexanetricarboxylic acid",4
142,disodium terephthalate,4
143,isonicotinic acid N-oxide,4
144,pamoic acid,4
145,"pyridine-3,4-dicarboxylic acid",4
146,tetrakis(4-carboxyphenyl)ethylene,4
147,"trimethyl 1,3,5-benzenetricarboxylate",4
148,tris(4'-carboxybiphenyl)amine,4
149,(1S)-1-(5-tetrazolyl)ethylamine,3
150,"1,2-bis(4-pyridyl)ethene",3
151,"1,3-bis(1,2,4-triazol-1-yl)propane",3
152,"1,3-bis(1-imidazolyl)-5-(imidazol-1-ylmethyl)benzene",3
153,"1,3-bis(carboxymethyl)imidazole",3
154,"1,3-bis(carboxymethyl)imidazolium chloride",3
155,"1-(1-imidazolyl)-3,5-bis(imidazol-1-ylmethyl)benzene",3
156,1H-pyrazole-4-carboxylic acid,3
157,"2,1,3-benzothiadiazole-4,7-dicarboxylic acid",3
158,"2,2',4,4'-biphenyltetracarboxylic acid",3
159,"2,2'-bipyridine",3
160,"2,2'-bithiophene-5,5'-dicarboxylic acid",3
161,"2,2-bis(4-carboxyphenyl)hexafluoropropane",3
162,"2,3,5,6-tetrafluoroterephthalic acid",3
163,"2,3,5,6-tetramethylterephthalic acid",3
164,"2,3,6,7,10,11-hexahydroxytriphenylene",3
165,"2,3-dimethylsuccinic acid",3
166,"2,4,6-tri(4-pyridyl)-1,3,5-triazine",3
167,"2,4,6-tris(3,5-dicarboxylphenylamino)-1,3,5-triazine",3
168,"2,4,6-tris(3-pyridyl)-1,3,5-triazine",3
169,"2,5-bis(4-pyridyl)-1,3,4-oxadiazole",3
170,"2,5-dihydroxybenzene-1,4-dicarboxylic acid",3
171,"2,6-naphthalene dicarboxylic acid",3
172,"2-aminobenzene-1,4-dicarboxylate",3
173,"2-methyl-1H-imidazole-4,5-dicarboxylic acid",3
174,"2-nitrobenzene-1,4-dicarboxylic acid",3
175,"2-propyl-1H-imidazole-4,5-dicarboxylic acid",3
176,2-sulfoterephthalic acid monosodium salt,3
177,"3,3',4,4'-benzophenonetetracarboxylic dianhydride",3
178,"3,3',4,4'-biphenyltetracarboxylic acid",3
179,"3,3',5,5'-biphenyltetracarboxylic acid",3
180,"3,3',5,5'-tetramethyl-4,4'-bipyrazole",3
181,"3,3'-azodibenzoic acid",3
182,"3,4-pyridinedicarboxylic acid",3
183,"3,5-di(imidazol-1-yl)benzoic acid",3
184,"3-amino-1,2,4-triazole-5-carboxylic acid",3
185,3-aminopyrazine-2-carboxylic acid,3
186,"3-methyl-1,2,4-triazole",3
187,"4,4',4″-benzene-1,3,5-triyl-tribenzoic acid",3
188,"4,4',4″-s-triazine-2,4,6-triyl-tribenzoic acid",3
189,"4,4'-(benzo[c][1,2,5]thiadiazole-4,7-diyl)dibenzoic acid",3
190,"4,4'-(ethyne-1,2-diyl)dibenzoic acid",3
191,"4,4'-(hexafluoroisopropylidene)diphthalic acid",3
192,"4,4'-azobenzenedicarboxylic acid",3
193,"4,4'-azodibenzoic acid",3
194,"4,5-dicyanoimidazole",3
195,"4-(3,5-dimethyl-1H-pyrazol-4-yl)benzoic acid",3
196,"4-(4-carboxyphenyl)-1,2,4-triazole",3
197,4-(pyridin-4-yl)benzoic acid,3
198,"4-aminonaphthalene-2,6-dicarboxylic acid",3
199,"5,5'-(1,4-phenylenebis(methylene))bis(oxy)diisophthalic acid",3
200,"5-(2,6-bis(4-carboxyphenyl)pyridin-4-yl)isophthalic acid",3
201,"5-(3,5-dicarboxybenzyloxy)isophthalic acid",3
202,5-(4-carboxy-2-nitrophenoxy)isophthalic acid,3
203,5-(4-pyridyl)tetrazole,3
204,5-(bis(4-carboxybenzyl)amino)isophthalic acid,3
205,5-(pyridin-4-yl)isophthalic acid,3
206,5-amino-tetrazole,3
207,5-azidoisophthalic acid,3
208,5-bromonicotinic acid,3
209,5-methyl-1H-tetrazole,3
210,"5-nitro-1,2,3-benzenetricarboxylic acid",3
211,"5-nitrobenzene-1,2,3-tricarboxylic acid",3
212,5-tert-butyl isophthalic acid,3
213,5-tert-butylisophthalic acid,3
214,"9,9-dimethylfluorene-2,7-dicarboxylic acid",3
215,L-glutamic acid,3
216,[PR63]2+·2[NO3]−,3
217,"benzene-1,3,5-tribenzoic acid",3
218,benzotriazole,3
219,"biphenyl-2,4,6,3',5'-pentacarboxylic acid",3
220,chelidamic acid,3
221,"cubane-1,4-dicarboxylic acid",3
222,"cyclohexane-1,2,4,5-tetracarboxylic acid",3
223,gamma-cyclodextrin,3
224,hexakis(4-carboxyphenoxy)cyclotriphosphazene,3
225,maleic acid,3
226,malonic acid,3
227,methanetetrabenzoic acid,3
228,"methylenebis(3,5-dimethylpyrazole)",3
229,pimelic acid,3
230,"pyridazine-3,6-dicarboxylic acid",3
231,"pyridine-2,4,6-tricarboxylic acid",3
232,tetrathiafulvalene tetrabenzoic acid,3
233,"trans,trans-muconic acid",3
234,tri(2-carboxyethyl)isocyanurate,3
235,tris(2-carboxyethyl) isocyanurate,3
236,tris(2-carboxyethyl)isocyanurate,3
237,"tris(4-(1H-1,2,4-triazol-1-yl)phenyl)amine",3
238,"(2S,3S,4R,5R)-tetrahydrofurantetracarboxylic acid",2
239,"(3,5-dicarboxyl-phenyl)-(4-(2'-carboxyl-phenyl)-benzyl)ether",2
240,(S)-5-(((1-carboxyethyl)amino)methyl)isophthalic acid,2
241,"1',2',3',4',5',6'-hexakis(4-carboxyphenyl)benzene",2
242,"1,1'-oxybis[3,5-dipyridine-benzene]",2
243,"1,1':4',1″:4″,1‴-quaterphenyl-2,4,2‴,4‴-tetracarboxylic acid",2
244,"1,1,2,2-tetrakis(4-(1H-imidazol-1-yl)phenyl)ethane",2
245,"1,2,3,4-butanetetracarboxylic acid",2
246,"1,2,3,4-cyclobutanetetracarboxylic acid",2
247,"1,2,3,4-tetra-(4-pyridyl)-butane",2
248,"1,2,3-triazole",2
249,"1,2,3-triazole-4,5-dicarboxylic acid",2
250,"1,2,4,5-tetrakis(imidazol-1-ylmethyl)benzene",2
251,"1,2,4,5-tetrakis[(4-carboxy)phenoxymethyl]benzene",2
252,"1,2,4-Benzenetricarboxylic acid",2
253,"1,2,5-thiadiazole-3,4-dicarboxylic acid",2
254,"1,2-benzenedicarboxylic acid",2
255,"1,2-di(4-pyridyl)ethane",2
256,"1,2-ethylenediphosphonic acid",2
257,"1,3,5-benzenetriphosphonic acid",2
258,"1,3,5-tri(1,2,4-triazol-1-ylmethyl)-2,4,6-trimethylbenzene",2
259,"1,3,5-tri(1H-imidazol-1-yl)benzene",2
260,"1,3,5-triazine-2,4,6-triamine hexaacetic acid",2
261,"1,3,5-trimesic acid",2
262,"1,3,5-tris(4-phosphonophenyl)benzene",2
263,"1,3,5-tris(imidazol-1-ylmethyl)benzene",2
264,"1,3,5-tris(triazol-1-ylmethyl)-2,4,6-trimethylbenzene",2
265,"1,3,6,8-tetrakis(4-carboxyphenyl)pyrene",2
266,"1,3-adamantanedicarboxylic acid",2
267,"1,3-bis(2-methylimidazolyl)propane",2
268,"1,3-bis(carboxymethyl)imidazolium bromide",2
269,"1,3-di(4-carboxyphenyl)benzene",2
270,"1,3-di-(1,2,4-triazol-4-yl)benzene",2
271,"1,4-bis(1,2,4-triazol-1-ylmethyl)-2,3,4,5-tetramethylbenzene",2
272,"1,4-bis(1,2,4-triazol-1-ylmethyl)-2,3,5,6-tetramethylbenzene",2
273,"1,4-bis(1,2,4-triazol-1-ylmethyl)benzene",2
274,"1,4-bis(1,2,4-triazol-4-yl)benzene",2
275,"1,4-bis(1-imidazolyl)benzene",2
276,"1,4-bis(1H-pyrazol-4-yl)benzene",2
277,"1,4-bis(3,5-bis(trifluoromethyl)-1H-pyrazole-4-yl)benzene",2
278,"1,4-bis(4-pyridyl)-2,3-diaza-1,3-butadiene",2
279,"1,4-butylenediphosphonic acid",2
280,"1,4-di(1H-imidazol-4-yl)benzene",2
281,"1,4-naphthalene dicarboxylic acid",2
282,"1,4-phenylenedipropionic acid",2
283,"1,4-terephthalic acid",2
284,"1,5-naphthalenedisulfonate",2
285,"1-((1H-1,2,4-triazol-1-yl)methyl)-3,5-bis(3-pyridyl)-1,2,4-triazole",2
286,1-(1H-imidazol-4-yl)-4-(4H-tetrazol-5-yl)benzene,2
287,1-(2-methylbenzimidazol-1-ylmethyl)benzotriazole,2
288,"2',3',5',6'-tetramethylterphenyl-4,4″-dicarboxylic acid",2
289,"2,2'-Bipyridine-5,5'-dicarboxylic acid",2
290,"2,2'-azodibenzoic acid",2
291,"2,2'-bipyridine-3,3',6,6'-tetracarboxylic acid",2
292,"2,2'-bipyrimidine",2
293,"2,2'-biquinoline-4,4'-dicarboxylic acid",2
294,"2,2'-dinitro-[1,1'-biphenyl]-4,4'-dicarboxylic acid",2
295,"2,2'-dithiodibenzoic acid",2
296,"2,2'-oxybis(benzoic acid)",2
297,"2,2-dimethylglutaric acid",2
298,"2,2-dimethylsuccinic acid",2
299,"2,3',4,5'-biphenyltetracarboxylic acid",2
300,"2,3',5,5'-biphenyl tetracarboxylic acid",2
301,"2,3-naphthalenedicarboxylic acid",2
302,"2,3-pyrazinedicarboxylic acid",2
303,"2,4'-biphenyldicarboxylic acid",2
304,"2,4,6-tris(4-carboxyphenyl)-1,3,5-triazine",2
305,"2,5-bis(carboxymethylmercapto)-1,3,4-thiadiazole acid",2
306,"2,5-bis(methylthio)terephthalic acid",2
307,"2,5-dichloroterephthalic acid",2
308,"2,5-difluorobenzene-1,4-dicarboxylic acid",2
309,"2,5-dimercaptoterephthalic acid",2
310,"2,5-dimethylbenzene-1,4-dicarboxylic acid",2
311,"2-(3,4-dimethylphenyl)-1H-imidazole-4,5-dicarboxylic acid",2
312,"2-(4-carboxyphenyl)imidazo[4,5-f]-1,10-phenanthroline",2
313,"2-(5-bromo-pyridin-3-yl)-1H-imidazole-4,5-dicarboxylic acid",2
314,"2-(p-methylphenyl)-1H-imidazole-4,5-dicarboxylic acid",2
315,2-amino terephthalic acid,2
316,2-amino-5-nitroterephthalic acid,2
317,2-amino-terephthalic acid,2
318,2-aminobenzimidazole,2
319,2-imidazolecarboxaldehyde,2
320,"2-iodobenzene-1,4-dicarboxylic acid",2
321,2-mercaptonicotinic acid,2
322,2-methoxyterephthalic acid,2
323,"2-methylbenzene-1,4-dicarboxylic acid",2
324,2-methylisonicotinic acid,2
325,"2-nitro-[1,1'-biphenyl]-4,4'-dicarboxylic acid",2
326,"2-p-methoxyphenyl-1H-imidazole-4,5-dicarboxylic acid",2
327,"2-phenylbenzene-1,4-dicarboxylic acid",2
328,2-pyrazinecarboxylic acid,2
329,2-sulfoterephthalic acid,2
330,"3,3',4,4'-benzophenone-tetracarboxylic dianhydride",2
331,"3,3',4,4'-oxydiphthalic acid",2
332,"3,3',5,5'-azobenzene-tetracarboxylic acid",2
333,"3,3',5,5'-tetraphenyl-1H,1'H-4,4'-bipyrazole",2
334,"3,3'-dihexyl-2,2'-bithiophene-5,5'-dicarboxylic acid",2
335,"3,3'-dimethoxy-2,2'-bipyridine-6,6'-dicarboxylic acid",2
336,"3,3'-diphenyl-2,2'-bithiophene-5,5'-dicarboxylic acid",2
337,"3,5-bi(4-carboxy-phenoxy)-benzoic acid",2
338,"3,5-bis((4'-carboxylbenzyl)oxy)benzoic acid",2
339,"3,5-bis(4-carboxyphenyl)pyridine",2
340,"3,5-bis-oxyacetate-benzoic acid",2
341,"3,5-di(3,5-dicarboxylphenyl)nitrobenzene",2
342,"3,6-dibromobenzene-1,2,4,5-tetracarboxylic acid",2
343,"3-(2',5'-dicarboxylphenyl)pyridine acid",2
344,3-amino-4-hydroxybenzoic acid,2
345,"3-ethyl-1,2,4-triazole",2
346,"4',4'',4''',4''''-methanetetrayltetrabiphenyl-4-carboxylic acid",2
347,"4'-(4-(3,5-dicarboxylphenoxy)phenyl)-4,2':6',4″-terpyridine",2
348,"4,4',4''-(2,4,6-trimethylbenzene-1,3,5-triyl)tribenzoic acid",2
349,"4,4',4''-benzene-1,3,5-triyl-tribenzoic acid",2
350,"4,4',4″,4‴-(pyrazine-2,3,5,6-tetrayl)tetrabenzoic acid",2
351,"4,4',4″,4‴-benzene-1,2,4,5-tetrayltetrabenzoic acid",2
352,"4,4',4″-s-triazine-1,3,5-triyl-tri-p-aminobenzoic acid",2
353,"4,4'-((5-carboxy-1,3-phenylene)bis(oxy))dibenzoic acid",2
354,"4,4'-(1,4-(xylene)diyl)bis(1,2,4-triazole)",2
355,"4,4'-(1E,1'E)-2,2'-(benzo[c][1,2,5]thiadiazole-4,7-diyl)bis(ethene-2,1-diyl)dibenzoic acid",2
356,"4,4'-(1E,1'E)-2,2'-(naphtho[2,3-c][1,2,5]thiadiazole-4,9-diyl)bis(ethene-2,1-diyl)dibenzoic acid",2
357,"4,4'-(benzo[c][1,2,5]thiadiazole-4,7-diyl)bis(3-(trifluoromethyl)benzoic acid)",2
358,"4,4'-(hexafluoroisopropylidene)diphthalic anhydride",2
359,"4,4'-[1,4-phenylenebis(ethyne-2,1-diyl)]-dibenzoic acid",2
360,"4,4'-[naphthalene-2,6-diylbis(methylene)]bis(1,2,4-triazole)",2
361,"4,4'-azobispyridine",2
362,"4,4'-azopyridine",2
363,"4,4'-benzophenonedicarboxylic acid",2
364,"4,4'-biphenyl dicarboxylic acid",2
365,"4,4'-biphenyl-dicarboxylic acid",2
366,"4,4'-bis(1,2,4-triazol-1-ylmethyl)biphenyl",2
367,"4,4'-bis(imidazol-1-yl)diphenyl ether",2
368,"4,4'-dicarboxydiphenyl sulfone",2
369,"4,4'-dicarboxydiphenylamine",2
370,"4,4'-dipyridylamine",2
371,"4,4,4″-s-triazine-1,3,5-triyltri-m-aminobenzoate",2
372,"4,7-di(1H-pyrazol-4-yl)benzo[c][1,2,5]thiadiazole",2
373,"4,8-diaminonaphthalene-2,6-dicarboxylic acid",2
374,"4,8-disulfonyl-2,6-naphthalenedicarboxylic acid",2
375,"4-(1,2,4-triazol-4-yl)phenylacetic acid",2
376,4-(1H-imidazol-1-yl)benzonitrile,2
377,4-(1H-tetrazol-5-yl)-benzoic acid,2
378,"4-(4'-carboxyphenyl)-1,2,4-triazole",2
379,4-(4-pyridyl)benzoic acid,2
380,4-(imidazol-1-yl)-benzoic acid,2
381,4-[(1H-imidazol-4-yl)methylamino]benzoic acid,2
382,"4-[N,N-bis(4-methylbenzoic acid)amino]benzoic acid",2
383,"4-amino-1,2,4-triazole",2
384,4-ethylbenzoic acid,2
385,"4-hydroxypyridine-2,6-dicarboxylic acid",2
386,4-mercaptobenzoic acid,2
387,4-pyrid-4-ylbenzoic acid,2
388,4-pyridyltetrazole,2
389,"5,10,15,20-tetrakis(3,4,5-trihydroxyphenyl)porphyrin",2
390,"5,5',5″-(1,3,5-triazine-2,4,6-triyl)tris(azanediyl)triisophthalate",2
391,"5,5'-((thiophene-2,5-dicarbonyl)bis(azanediyl))diisophthalic acid",2
392,"5,5'-(1,3-phenylenebis(methylene))bis(oxy)diisophthalic acid",2
393,"5,5'-(anthracene-9,10-diyl)diisophthalic acid",2
394,"5,5'-(carbonylbis(azanediyl))-diisophthalic acid",2
395,"5,5'-(ethane-1,2-diyl)-bis(oxy)diisophthalic acid",2
396,"5,5'-(ethene-1,2-diyl)diisophthalic acid",2
397,"5,5'-(pyridine-3,5-diylbis(ethyne-2,1-diyl))diisophthalic acid",2
398,"5,5'-methylenediisophthalic acid",2
399,"5,5'-oxydiisophthalic acid",2
400,5-(2-carboxylphenoxy)isophthalic acid,2
401,5-(3'4'-dicarboxylphenoxy)isophthalic acid,2
402,"5-(3,5-dicarboxybenzamido)isophthalic acid",2
403,5-(3-carboxy-phenyl)-pyridine-2-carboxylic acid,2
404,5-(3-pyridyl)tetrazole,2
405,5-(3-pyridylmethoxy)isophthalic acid,2
406,5-(4-(tetrazol-5-yl)phenyl)isophthalic acid,2
407,"5-(4-bromophenyl)-10,15,20-tris(4-carboxyphenyl)porphyrin",2
408,5-(4-carboxy-phenoxy)-isophthalic acid,2
409,5-(4-pyridyl)-isophthalic acid,2
410,5-(benzonic-4-ylmethoxy)isophthalic acid,2
411,5-(phosphonomethyl)isophthalic acid,2
412,5-Aminoisophthalic acid,2
413,5-acetamidoisophthalic acid,2
414,5-aminotetrazole monohydrate,2
415,5-boronoisophthalic acid,2
416,5-bromosalicylic acid,2
417,5-hydroxynicotinic acid,2
418,5-methyl isophthalic acid,2
419,5-methyl-2-pyrazinecarboxylic acid,2
420,5-methyltetrazole,2
421,5-phenyl-1H-tetrazole,2
422,5-sulfoisophthalic acid sodium salt,2
423,"6,6'-dithiodinicotinic acid",2
424,6-(4-carboxyphenyl)nicotinic acid,2
425,H2BDC-OCH3,2
426,Ir(TCPP)Cl,2
427,K(H2dF-BTC),2
428,L-(+)-tartaric acid,2
429,L-aspartic acid,2
430,"N,N'-bis(3-pyridinecarboxamide)-1,6-hexane",2
431,"N,N'-bis(5-isophthalic acid)naphthalenediimide",2
432,"N,N-bis(glycinyl)-pyromellitic diimide",2
433,N-(phosphonomethyl)iminodiacetic acid,2
434,"N2,N6-di(pyridin-4-yl)naphthalene-2,6-dicarboxamide",2
435,Na2bqdc,2
436,"[1,1'-biphenyl]-3,4',5-tricarboxylic acid",2
437,"[1,1':4',1″-terphenyl]-2',4,4″,5'-tetracarboxylic acid",2
438,[Ir(ppy)2(H2dcbpy)]Cl,2
439,amino-terephthalic acid,2
440,aminoterephthalic acid,2
441,"azobenzene-4,4-dicarboxylic acid",2
442,"azoxybenzene-3,3',5,5'-tetracarboxylic acid",2
443,"benzene-1,2,4-tricarboxylic acid",2
444,"benzene-1,3,5-triphosphonic acid",2
445,benzenetricarboxylic acid,2
446,benzoic acid,2
447,"bicyclo[2.2.2]octane-1,4-dicarboxylic acid",2
448,"biphenyl-2,4,4'-tricarboxylic acid",2
449,"biphenyl-3,2',5'-tricarboxylic acid",2
450,"biphenyl-3,4,5-tricarboxylic acid",2
451,biphenyldicarboxylic acid,2
452,"biphenylethene-4,4'-dicarboxylic acid",2
453,"cis-1,4-cyclohexanedicarboxylic acid",2
454,citric acid,2
455,disodium fumarate,2
456,gallic acid monohydrate,2
457,glyphosate,2
458,hexamethylenetetramine,2
459,iminodiacetate acid,2
460,melamine,2
461,mellitic acid,2
462,mesaconic acid,2
463,"meso-2,3-dimethylsuccinic acid",2
464,monosodium 2-sulfoterephthalate,2
465,muconic acid,2
466,oxydiacetic acid,2
467,phenylphosphonic acid,2
468,piperazine,2
469,potassium hexacyanoferrate(III),2
470,potassium oxalate monohydrate,2
471,"potassium perylene-3,4,9,10-tetracarboxylate",2
472,"pyrazine-2,5-dicarboxylic acid",2
473,"pyrazine-2,6-dicarboxylic acid",2
474,"pyrazole-3,5-dicarboxylic acid monohydrate",2
475,"pyridine-2,4-dicarboxylic acid monohydrate",2
476,sebacic acid,2
477,"sodium 1,3,5-benzenetricarboxylate",2
478,sodium isophthalate,2
479,sodium oxalate,2
480,"terphenyl-3,3″,5,5″-tetracarboxylic acid",2
481,tetra(4-sulfonatophenyl)porphyrin,2
482,tetrafluorosuccinic acid,2
483,tetrakis(4-carboxyphenyl)silane,2
484,tetrakis(imidazol-1-ylmethyl)methane,2
485,tetrazole,2
486,tri(4-imidazolylphenyl)amine,2
487,triethanolamine,2
488,trimellitic acid,2
489,"trimethyl-1,3,5-benzenetricarboxylate",2
490,triphenyldicarboxylic acid,2
491,urocanic acid,2
492,vitamin B3,2
493,β-cyclodextrin,2
494,"(1,1'-biphenyl)-2,4,6-tricarboxylic acid",1
495,(1H-pyrazole-4-carbonyl)-D-alanine,1
496,(1H-pyrazole-4-carbonyl)-L-alanine,1
497,(1H-pyrazole-4-carbonyl)glycine,1
498,"(1R,2R,4R,5R)-2,5-bis(((R)-1-phenylethyl)amino)bicyclo[2.2.2]octane-1,4-dicarboxylic acid",1
499,"(1R,3R)-(-)-camphoric acid",1
500,"(1R,3S)-(+)-camphoric acid",1
501,"(1R,3S)-1,2,2-trimethyl-3-(pyridin-3-ylmethylcarbamoyl)cyclopentanecarboxylate (3-MPCA−) from 3-MPCAH sodium salt",1
502,(1S)-1-(5-tetrazolyl)isobutylamine,1
503,"(1S,3R)-(-)-camphoric acid",1
504,"(1S,3S)-(+)-camphoric acid",1
505,"(2,4,6-trimethylbenzene-1,3,5-triyl)tris(methylene)triphosphonic acid",1
506,"(2,5-dimethyl-1,4-phenylene)bis(phosphonic acid)",1
507,(2-furan-2-yl)-1H-benzo[d]imidazole,1
508,"(2E,2'E)-3,3'-(anthracene-9,10-diyl) diacrylic acid",1
509,"(2S,2'S,2″S)-2,2',2″-(benzenetricarbonyltris(azanediyl))tripropanoic acid",1
510,"(3,5-dicarboxyl-phenyl)-(4-(2'-carboxyl-phenyl)-benzyl) ether",1
511,"(3,5-dicarboxylphenyl)-(4-(2'-carboxylphenyl)benzyl) ether",1
512,"(3,5-dicarboxyphenyl)pyridine",1
513,(3-carboxyl-phenyl)-(4-(2'-carboxyl-phenyl)-benzyl) ether,1
514,"(4,4'-anthracene-9,10-diylbis(ethyne-2,1-diyl))dibenzoic acid",1
515,(4-carboxylphenyl)(4-(2'-carboxylphenyl)benzyl) ether,1
516,(4-carboxypiperidyl)-N-methylenephosphonic acid,1
517,(4-pyridyl)tetrazole,1
518,(Br-)Etim-H2BDC (2-(3-ethyl-imidazol-1-yl)-terephthalic acid),1
519,(E)-2-((2-hydroxy-5-iodobenzylidene)amino)acetic acid,1
520,(E)-2-((2-hydroxy-5-methylbenzylidene)amino)acetic acid,1
521,(E)-2-((5-bromo-2-hydroxybenzylidene)amino)acetic acid,1
522,(E)-2-((5-cyano-2-hydroxybenzylidene)amino)acetic acid,1
523,(E)-2-((5-fluoro-2-hydroxybenzylidene)amino)acetic acid,1
524,"(E)-2-(2-carboxyvinyl)-1,3-thiazole-4-carboxylic acid",1
525,(E)-2-[2-(4-Carboxy)ethenyl]-8-hydroxyquinoline,1
526,"(E)-4,4'-(1,4-bis(methylthio)but-2-ene-2,3-diyl)dibenzoic acid",1
527,"(E)-4,4'-(ethene-1,2-diyl)dibenzoic acid",1
528,(E)-5-(2-carboxyvinyl)-1H-pyrazole-3-carboxylic acid,1
529,(E)-5-(2-carboxyvinyl)-2-furancarboxylic acid,1
530,(E)-5-(2-carboxyvinyl)furan-3-carboxylic acid,1
531,(E)-5-(2-carboxyvinyl)thiophene-2-carboxylic acid,1
532,(E)-5-(2-carboxyvinyl)thiophene-3-carboxylic acid,1
533,"(E,E)-3,3'-(2,5-furandiyl)bis-2-propenoic acid",1
534,(R)-(−)-2-methylpiperazine,1
535,(R)-1-(4-carboxybenzoyl)pyrrolidine-2-carboxylic acid,1
536,"(R)-2,2'-diethyoxy-1,1'-binaphthyl-4,4',6,6'-tetrakis(4-benzoic acid)",1
537,"(R)-2,2'-dihydroxy-1,1'-binaphthalene-5,5'-dicarboxylic acid",1
538,(R)-2-(1-hydroxyethyl)benzimidazole,1
539,"(R)-3,3'-bis(6-carboxy-2-naphthyl)-2,2'-dihydroxy-1,1'-binaphthyl",1
540,(R)-4-(4-(1-carboxyethoxy)phenoxy)-3-fluorobenzoic acid,1
541,(R)-H3CIA,1
542,(R)-H3PIA,1
543,(R)-malic acid,1
544,"(R,R)-(−)-1,2-cyclohexanediamino-N,N'-bis(3-tert-butyl-5-(4-pyridyl)salicylidene)zinc(II)",1
545,"(R,R)-2,2'-((5-(methoxycarbonyl)-1,3-phenylene)bis(oxy))dipropanoic acid",1
546,"(R,R)-N,N'-bis(3-tert-butyl-5-(4-pyridyl)salicylidene)-1,2-diphenylethylenediamine nickel(II)",1
547,"(R,R)-thiazolidine-2,4-dicarboxylic acid",1
548,(S)-(+)-2-methylpiperazine,1
549,"(S)-(-)-1,10-binaphtho-2,2'-diacetic acid",1
550,"(S)-1,4-diallyl-2-methylpiperazine",1
551,(S)-1-(4-carboxybenzoyl)pyrrolidine-2-carboxylic acid,1
552,"(S)-2,2'-dihydroxy-6,6'-dimethyl(1,1'-biphenyl)-4,4'-dicarboxylic acid",1
553,"(S)-2-(1,8-naphthalimido)-3-(4-imidazole)propanoate",1
554,(S)-2-(1-hydroxyethyl)benzimidazole,1
555,(S)-2-[(4-carboxybenzyl)amino]pentanedioic acid,1
556,(S)-4-((1-carboxy-2-hydroxyethylamino)methyl)benzoic acid,1
557,(S)-4-((1-carboxy-2-methylpropylamino)methyl)benzoic acid,1
558,"(S)-5,5'-Bis(4-carboxyphenyl)-2,2'-bis(diphenylphosphinoyl)-1,1'-binaphthyl",1
559,(S)-5-(((1-carboxy-2-phenylethyl)amino)methyl)isophthalic acid,1
560,(S)-5-(((1-carboxy-3-methylbutyl)amino)methyl)isophthalic acid,1
561,(S)-mepip-diCO2H ((S)-2-methylpiperazine-based dicarboxylic acid),1
562,"(S,S)-2,2'-((5-(methoxycarbonyl)-1,3-phenylene)bis(oxy))dipropanoic acid",1
563,"(S,S)-H4L",1
564,(TBA)3[MnMo6O18{(OCH2)3CNH2}2],1
565,"(benzene-1,3,5-triyltris(methylene))tris(phosphonic acid)",1
566,"(d)-2-(1,2,4-triazol-4-yl)propionic acid",1
567,"(ethene-1,1,2,2-tetrayltetrakis(benzene-4,1-diyl))tetraphosphonic acid",1
568,(ethylenedithio)diacetic acid,1
569,(pyridin-3-yl)methyl 4-(2-(4-((pyridin-3-yl)methoxy)phenyl)diazenyl)benzoate,1
570,"1,1',1″-(1,3,5-triazine-2,4,6-triyl)-tripiperidine-4-carboxylic acid",1
571,"1,1',1″-(1,3,5-triazine-2,4,6-triyl)tripiperidine-4-carboxylic acid",1
572,"1,1'-(1,3-propane)bis-(2-methylbenzimidazole)",1
573,"1,1'-(1,3-propanediyl)bis[2-(4-pyridyl)benzimidazole]",1
574,"1,1'-(1,4-butanediyl)bis[2-(3-pyridyl)benzimidazole]",1
575,"1,1'-(1,4-phenylenebis(methylene))bis(1H-imidazole-4,5-dicarboxylic acid)",1
576,"1,1'-(1,5-pentanediyl)bis-1H-benzimidazole",1
577,"1,1'-(2-(trifluoromethyl)-1,4-phenylene)bis(1H-imidazole)",1
578,"1,1'-(2-chloro-1,4-phenylene)bis(1H-imidazole)",1
579,"1,1'-(2-methoxy-1,4-phenylene)bis(1H-imidazole)",1
580,"1,1'-(2-methyl-1,4-phenylene)bis(1H-imidazole)",1
581,"1,1'-(Anthracene-9,10-diylbis(methylene))bis(pyridin-1-ium-4-olate)",1
582,"1,1'-(ethane-1,2-diyl)bis(1H-imidazole-4,5-dicarboxylic acid)",1
583,"1,1'-(oxybis(1,4-phenylene))bis(1H-1,2,4-triazole)",1
584,"1,1'-[1,4-phenylenebis(methylene)]bis(4,4'-bipyridinium) dichloride",1
585,"1,1'-[1,4-phenylenebis-(methylene)]bis(4,4'-bipyridinium) dichloride",1
586,"1,1'-binaphthyl-4,4'-dicarboxylic acid",1
587,"1,1'-biphenyl-2,2',6,6'-tetracarboxylic acid",1
588,"1,1'-biphenyl-2,2'-dicarboxylate acid",1
589,"1,1'-biphenyl-3,3',5,5'-tetracarboxylate acid",1
590,"1,1'-biphenylene-4,4'-bis(methylene)-bis(phosphonic acid)",1
591,"1,1'-bis(3,5-dicarboxyphenyl)-4,4'-bipyridinium dichloride",1
592,"1,1'-bis(4-carboxyphenyl)-4,4'-bipyridium",1
593,"1,1'-biscarboxymethyl-4,4'-bipyridium",1
594,"1,1'-di(p-carboxybenzyl)-2,2'-diimidazole",1
595,"1,1'-ethynebenzene-3,3',5,5'-tetracarboxylate",1
596,"1,1'-ethynebenzene-3,3',5,5'-tetracarboxylic acid",1
597,"1,1'-methylenebis(1H-pyrazole-4-carboxylic acid)",1
598,"1,1'-oxybis[3,5-di-4-pyridine]-benzene",1
599,"1,1':3,1''-terphenyl-4,4'',5'-tricarboxylic acid",1
600,"1,1':4',1''-terphenyl-3,4'',5-tricarboxylic acid",1
601,"1,1':4',1″-terphenyl-3,3″,5,5″-tetracarboxylic acid",1
602,"1,1,2,2-Tetrakis[4-(4-carboxyphenyl)-1H-pyrazol-1-yl]ethane",1
603,"1,1,2,2-tetrakis(4'-(pyridin-4-yl)-[1,1'-biphenyl]-4-yl) ethene",1
604,"1,1,2,2-tetrakis(4-(1H-imidazole-1-yl)phenyl)ethene",1
605,"1,1,2,2-tetrakis(4-(1H-pyrazol-4-yl)phenyl)ethene",1
606,"1,1,2,2-tetrakis(4-carboxypyrazolyl)ethane",1
607,"1,1,2,2-tetrakis(4-phosphonophenyl)ethylene",1
608,"1,1,2,2-tetrakis(4-pyridylphenyl)ethylene",1
609,"1,1,2,2-tetrakis[4-(4-carboxyphenyl)pyrazolyl]ethane",1
610,"1,1-(1,4-butanediyl)bis-1H-benzimidazole",1
611,"1,1-cyclopentanediacetic acid",1
612,"1,1-methylenebis(3,5-dimethyl-1H-pyrazole-4-carboxylic acid)",1
613,"1,10,100-(2,4,6-trimethylbenzene-1,3,5-triyl(methylene))-tris(pyridine-4-carboxylic acid)",1
614,"1,10-(1,4-butanediyl)bis(imidazole)",1
615,"1,10-bis(5,6-dimethylbenzimidazole)methane",1
616,"1,10-phenanthroline monohydrate",1
617,"1,12-dicarboxylic-1,12-dicarba-closo-dodecaborane",1
618,"1,12-dihydroxycarbonyl-1,12-dicarba-closo-dodecaborane",1
619,"1,2,3,4,5,6-cyclohexanehexacarboxylic acid hydrate",1
620,"1,2,3,4,5,6-hexakis[4,4″-dicarboxy-(1,1':3',1″-terphenyl)]benzene",1
621,"1,2,3,4,5-benzenepentacarboxylic acid",1
622,"1,2,3,4-benzenetetracarboxylic acid",1
623,"1,2,3,4-tetra(4-pyridyl)thiophene",1
624,"1,2,3,5-benzenetetracarboxylic acid",1
625,"1,2,3-1H-triazole",1
626,"1,2,3-tricarboxyl-(1',2',3'-tricarboxylazophenyl)benzene",1
627,"1,2,4,5-Benzenetetracarboxylic acid",1
628,"1,2,4,5-Tetrakis(4-carboxypenyl)benzene",1
629,"1,2,4,5-Tetrakis[(1E)-2'-(4''-benzoic acid)vinyl)]benzene",1
630,"1,2,4,5-benzene tetracarboxylic dianhydride",1
631,"1,2,4,5-benzenetetracarboxylate",1
632,"1,2,4,5-benzenetetracarboxylate acid",1
633,"1,2,4,5-benzenetetracarboxylic anhydride",1
634,"1,2,4,5-tetra(4-pyridyl)benzene",1
635,"1,2,4,5-tetrakis(pyridin-4-ylethynyl)benzene",1
636,"1,2,4,5-tetrakis[3,5-bis(4-carboxyphenyl)phenoxymethyl]benzene",1
637,"1,2,4-benzene tricarboxylic acid",1
638,"1,2,4-benzenetricarboxylic anhydride",1
639,"1,2,4-triazol-4-amine",1
640,"1,2,4-triazol-4-yl-acetic acid",1
641,"1,2,4-triazole-3-thiol",1
642,"1,2-bis((5H-imidazol-4-yl)methylene)hydrazine",1
643,"1,2-bis(1,2,4-triazol-1-yl)ethane",1
644,"1,2-bis(1,2,4-triazol-4-yl)ethane",1
645,"1,2-bis(4'-pyridylmethylamino)-ethane",1
646,"1,2-bis(4-carboxy-phenoxy)ethane",1
647,"1,2-bis(diphenylphosphino)ethane",1
648,"1,2-bis(imidazol-1'-yl)ethane",1
649,"1,2-bis(imidazol-10-yl)ethane",1
650,"1,2-bis(pyridin-3-yloxy)ethane",1
651,"1,2-bis-[3,5-bis(carboxy)phenoxy]ethane",1
652,"1,2-bis[(pyridin-4-ylthio)methyl]benzene",1
653,"1,2-bis[2-(4H-1,2,4-triazol-4-yl)phenoxy]ethane",1
654,"1,2-bis[3-(4H-1,2,4-triazol-4-yl)phenoxy]ethane",1
655,"1,2-bis[4-(4H-1,2,4-triazol-4-yl)phenoxy]ethane",1
656,"1,2-bis[4-amino-5-carboxylmethylthio-(1,2,4-triazol-3-yl)]ethane",1
657,"1,2-cyclohexanediamine-N,N'-bis-(3-carboxylsalicylide)",1
658,"1,2-cyclohexanedicarboxylic acid",1
659,"1,2-di(4-pyridyl)ethene",1
660,"1,2-di(pyridin-4-yl)ethene",1
661,"1,2-phenylenedioxydiacetic acid",1
662,"1,3,4-benzenetricarboxylic acid",1
663,"1,3,5 benzenetricarboxylic acid",1
664,"1,3,5,7-adamantane tetracarboxylic acid",1
665,"1,3,5,7-tetra(4-carboxyphenyl)adamantane",1
666,"1,3,5,7-tetrakis(1,2,4-triazol-4-yl)adamantane",1
667,"1,3,5,7-tetrakis(tetrazol-5-yl)adamantane trihydrate",1
668,"1,3,5-(triscarboxyphenyl)benzene",1
669,"1,3,5-Tri(6-hydroxycarbonylnaphthalen-2-yl)benzene",1
670,"1,3,5-Tris(4-carbon(phenoxy)benzene)",1
671,"1,3,5-Tris(4-pyridylsulfanylmethyl)-2,4,6-trimethylbenzene",1
672,"1,3,5-Tris(imidazol-1-ylmethyl)-2,4,6-trimethylbenzene",1
673,"1,3,5-benzene(tris)benzoic acid",1
674,"1,3,5-benzene-tri-p-phenylphosphonic acid",1
675,"1,3,5-benzene-tris-ethynylbenzoic acid",1
676,"1,3,5-benzene-trisethynylbenzoic acid",1
677,"1,3,5-benzenetrisulfonic acid",1
678,"1,3,5-cyclohexanetricarboxylic acid",1
679,"1,3,5-tri(1H-benzo[d]imidazol-1-yl)benzene",1
680,"1,3,5-tri(1H-imidazol-4-yl)benzene",1
681,"1,3,5-tri(1H-pyrazol-3-yl)benzene",1
682,"1,3,5-tri(4-carboxylphenyl)benzene",1
683,"1,3,5-tri(4-carboxyphenoxy)benzene",1
684,"1,3,5-tri(4-carboxyphenyl)adamantane",1
685,"1,3,5-triamino-2,4,6-benzenetriol",1
686,"1,3,5-triaza-7-phosphaadamantane",1
687,"1,3,5-triaza-7-phosphaadamantane-7-sulfide",1
688,"1,3,5-tricarboxybenzene",1
689,"1,3,5-tricarboxyphenyl-2-(triethylenediaminemethyl)benzene",1
690,"1,3,5-trifluoro-2,4,6-tris(4-carboxy-phenyl)benzene",1
691,"1,3,5-trimethylimidazole-2,4,6-triethylbenzene",1
692,"1,3,5-tris((1H-imidazol-1-yl)methyl)benzene",1
693,"1,3,5-tris((1H-pyrazol-4-yl)phenyl)benzene",1
694,"1,3,5-tris(1,2,4-triazol-4-yl)adamantane",1
695,"1,3,5-tris(1H-1,2,3-triazol-5-yl)benzene",1
696,"1,3,5-tris(1H-imidazol-1-yl)benzene",1
697,"1,3,5-tris(1H-pyrazol-4-yl)benzene",1
698,"1,3,5-tris(2H-tetrazol-5-yl)benzene dihydrochloride",1
699,"1,3,5-tris(2H-tetrazol-5-yl)benzene hydrochloride",1
700,"1,3,5-tris(3,5-bis(4-carboxyphenyl)phenyl)-benzene",1
701,"1,3,5-tris(3-carboxy-triazole-methylene)-2,4,6-tritoluene",1
702,"1,3,5-tris(3-pyridylmethoxyl)benzene",1
703,"1,3,5-tris(4'-carboxy[1,1'-biphenyl]-4-yl)benzene",1
704,"1,3,5-tris(4'-phosphonophenyl)-2,4,6-trimethylbenzene",1
705,"1,3,5-tris(4-carboxyphenyl)benzene acid",1
706,"1,3,5-tris(carboxymethoxy)benzene",1
707,"1,3,5-tris(imidazol-1-ylmethyl)-2,4,6-trimethylbenzene",1
708,"1,3,5-tris(pyridin-4-ylethynyl)benzene",1
709,"1,3,5-tris[(1,3-carboxylic acid-5-(4-(ethynyl)phenyl))ethynyl]benzene",1
710,"1,3,5-tris[2,6-dimethyl-4-(α-carboxy)methoxyphenyl]benzene",1
711,"1,3,5-tris[2-(4-carboxyphenyl)-1-ethynyl]-2,4,6-trimethylbenzene",1
712,"1,3,5-triscarboxyphenylethynylbenzene",1
713,"1,3,6,8-pyrene tetracarboxylic acid",1
714,"1,3,6,8-tetrakis(3-carboxyphenyl) pyrene",1
715,"1,3-Bis(1,2,4-triazol-1-yl)propane",1
716,"1,3-H2bdc",1
717,"1,3-alt-25,26,27,28-tetrakis[(carboxy)methoxy]calixarene",1
718,"1,3-beib [1,3-bis(2-ethylimidazol-1-ylethyl)benzene]",1
719,"1,3-benzenedicarboxylate acid",1
720,"1,3-benzenedisulfonic acid, disodium salt",1
721,"1,3-bis((S)-1-carboxyethyl)-1H-imidazol-3-ium chloride",1
722,"1,3-bis(1,2,4-triazol-4-yl)adamantane",1
723,"1,3-bis(1-(pyridin-4-ylmethyl)-1H-benzo[d]imidazol-2-yl)propane",1
724,"1,3-bis(1-dicarboxylatoethyl) imidazolium bromide",1
725,"1,3-bis(2-benzimidazol)benzene",1
726,"1,3-bis(2-methylimidazol-1-ylmethyl)benzene",1
727,"1,3-bis(3'-carboxypyridine)adamantane",1
728,"1,3-bis(3,5-dicarboxylphenyl-ethynyl)benzene",1
729,"1,3-bis(3,5-dicarboxyphenyl) imidazolium chloride",1
730,"1,3-bis(3,5-dimethyl-1H-pyrazol-4-yl)benzene",1
731,"1,3-bis(3-carboxyphenyl)-1H-imidazol-3-ium bromide",1
732,"1,3-bis(3-carboxyphenyl)imidazolium chloride, 6(Cl)",1
733,"1,3-bis(4-carboxy-2,6-dimethylphenyl)-1H-imidazolium chloride",1
734,"1,3-bis(4-carboxyphenyl)imidazolium chloride",1
735,"1,3-bis(4-piperidyl)propane",1
736,"1,3-bis(4-pyridyl-3-cyano)propane",1
737,"1,3-bis(5,6-dimethylbenzimidazol-1-ylmethyl)benzene",1
738,"1,3-bis(5-methoxy-1,3-benzene dicarboxylic acid)benzene",1
739,"1,3-bis(N-pyridyl-benzimidazol-4-yl)-2-oxopropane",1
740,"1,3-bis(benzimidazolyl)benzene",1
741,"1,3-bis(imidazol-1-yl)propane",1
742,"1,3-bis(imidazol-1-ylmethyl)benzene",1
743,"1,3-bis(imidazole)propane",1
744,"1,3-bis(pyridin-3-ylmethyl)urea",1
745,"1,3-bis(pyridin-4-ylmethyl)urea",1
746,"1,3-bis-(3,5-dicarboxyphenyl) imidazolium chloride",1
747,"1,3-bis-[3,5-bis(carboxy)phenoxy]isopropanol",1
748,"1,3-bis-[3,5-bis(carboxy)phenoxy]propane",1
749,"1,3-bis[2-(4-pyridyl)ethenyl]benzene",1
750,"1,3-cyclohexanedicarboxylic acid",1
751,"1,3-di(2',4'-dicarboxylphenyl)benzene",1
752,"1,3-di(2',4'-dicarboxyphenyl)benzene",1
753,"1,3-di(4'-carboxyl-phenyl)benzene acid",1
754,"1,3-di(4-carboxyphenyl)adamantane",1
755,"1,3-di(4-pyridyl)propane",1
756,"1,3-di-(1,2,4-triazole-4-yl)benzene",1
757,"1,3-ditetrazolylbenzene",1
758,"1,3-propanediamine-N,N,N',N'-tetraacetic acid",1
759,"1,3-propylenediphosphonic acid",1
760,"1,4,5,8-naphthalenetetracarboxylic acid",1
761,"1,4,5-triazanaphthalene",1
762,"1,4,8,11-tetrazacyclododecane-N,N',N″,N‴-tetra-methylene-isophthalic acid",1
763,"1,4-Ditetrazol-5-yl-2-methylbenzene",1
764,"1,4-H2BDC",1
765,"1,4-NDCH2",1
766,"1,4-benzene dicarboxylate acid",1
767,"1,4-benzenebis(thioacetic acid)",1
768,"1,4-benzenecarboxylic acid",1
769,"1,4-benzenediacrylic acid",1
770,"1,4-benzenediphosphonic acid",1
771,"1,4-benzenedipyrazole",1
772,"1,4-benzenedisulfonic acid",1
773,"1,4-benzeneditetrazolate",1
774,"1,4-bis((1H-1,2,4-triazol-1-yl)methyl)benzene",1
775,"1,4-bis(1,2,4-triazol-4-ylmethyl)benzene",1
776,"1,4-bis(1-(pyridin-4-ylmethyl)-1H-benzo[d]imidazol-2-yl)butane",1
777,"1,4-bis(1-imidazolyl)-2,5-dimethylbenzene",1
778,"1,4-bis(1H-1,2,4-triazol-1-yl) butane",1
779,"1,4-bis(1H-imidazol-1-yl)benzene",1
780,"1,4-bis(1H-imidazoly-1-yl)benzene",1
781,"1,4-bis(1H-pyrazol-4-yl)-2-aminobenzene",1
782,"1,4-bis(1H-pyrazol-4-yl)-2-hydroxybenzene",1
783,"1,4-bis(1H-pyrazol-4-yl)-2-nitrobenzene",1
784,"1,4-bis(2,3,6,7-tetrahydroxy-9H-carbazol-9-yl)benzene",1
785,"1,4-bis(2-(4-thiazolyl)benzimidazol-1-ylmethyl)benzene",1
786,"1,4-bis(2-[4-carboxyphenyl]ethynyl)benzene",1
787,"1,4-bis(2-methyl-imidazol-1-yl)butane",1
788,"1,4-bis(2-methyl-imidazol-1-ylmethyl)benzene",1
789,"1,4-bis(2-methylbenzimidazol-1-ylmethyl)benzene",1
790,"1,4-bis(2-methylimidazol-1-yl)butane",1
791,"1,4-bis(2-methylimidazol-1-ylmethyl)benzene",1
792,"1,4-bis(3-phenoxymethylene-(3-pyridyl))-2,3-diaza-1,3-butadiene",1
793,"1,4-bis(4-carboxyphenyl)benzene",1
794,"1,4-bis(4-phenoxy)benzenedicarboxylic acid",1
795,"1,4-bis(4-pyridyl)benzene",1
796,"1,4-bis(4-pyridyl)butane",1
797,"1,4-bis(5,6-dimethylbenzimidazol-1-ylmethyl)benzene",1
798,"1,4-bis(5,6-dimethylbenzimidazole)butane",1
799,"1,4-bis(5-(3-pyridyl)tetrazolyl)hexane",1
800,"1,4-bis(5-(4-pyridyl)tetrazolyl)hexane",1
801,"1,4-bis(imidazol-1-yl)benzene",1
802,"1,4-bis(imidazol-1-yl)terephthalic acid",1
803,"1,4-bis(imidazol-1-ylmethyl)-benzene",1
804,"1,4-bis(pyridinil-3-carboxylato)-1,4-dimethyl-benzene",1
805,"1,4-bis(pyridinil-3-carboxylato)-1,4-dimethylbenzene",1
806,"1,4-bis(triazol-1-ylmethyl)benzene",1
807,"1,4-bis-(1,2,4-triazol-1-ylmethyl)benzene",1
808,"1,4-bis-(4-pyridyl)-2,3-diaza-1,3-butadiene",1
809,"1,4-bis-(4-pyridyl)-benzene",1
810,"1,4-bis-p-carboxyphenylbuta-1,3-diene",1
811,"1,4-bis[(2-(4-(1H-imidazol-1-yl)-phenyl)-1H-imidazol-1-yl)-methyl]benzene",1
812,"1,4-bis[2-(4-pyridyl)ethenyl]-2,3,5,6-tetramethylbenzene",1
813,"1,4-cubanedicarboxylic acid",1
814,"1,4-di(1H-1,2,3-triazol-5-yl)benzene",1
815,"1,4-di(1H-benzo[d]imidazol-2-yl)butane",1
816,"1,4-di(1H-imidazol-1-yl)benzene",1
817,"1,4-di(1H-imidazol-1-yl)butane",1
818,"1,4-di(1H-pyrazol-4-yl)benzene",1
819,"1,4-di(4-carboxyphenyl)benzene",1
820,"1,4-di(4H-1,2,4-triazol-4-yl)benzene",1
821,"1,4-di(imidazol-1-yl)naphthalene",1
822,"1,4-di(pyridine-2-yl)benzene",1
823,"1,4-di-(1,2,4-triazole-4-yl)benzene",1
824,"1,4-diazacycloheptane",1
825,"1,4-naphthalenedicarboxylate",1
826,"1,4-naphthalenedicarboxylate acid",1
827,"1,4-naphthalenediphosphonic acid",1
828,"1,4-naphthalic acid",1
829,"1,4-phenyldiacetic acid",1
830,"1,4-phenyldiacrylic acid",1
831,"1,4-phenylene diisonicotinate",1
832,"1,4-phenylenebis(methylidyne)tetrakis(phosphonic acid)",1
833,"1,4-phenylenediacetate",1
834,"1,4-phenylenediacrylic acid",1
835,"1,4-phthalic acid",1
836,"1,5-bi(imidazolyl)anthracene",1
837,"1,5-bis(5-tetrazolo)-3-oxapentane",1
838,"1,5-di(1H-benzo[d]imidazol-2-yl)pentane",1
839,"1,5-dihydrobenzo[1,2-d:4,5-d']bis([1,2,3]triazole)",1
840,"1,5-dihydroxynaphthalene-2,6-dicarboxylic acid",1
841,"1,5-naphthalenedisulfonic acid tetrahydrate",1
842,"1,5-pentylenediphosphonic acid",1
843,"1,6-bis(1,2,4-triazol-1-yl) hexane",1
844,"1,6-bis(1,2,4-triazol-1-yl)hexane",1
845,"1,6-bis(1-(pyridin-4-ylmethyl)-1H-benzo[d]imidazol-2-yl)hexane",1
846,"1,6-bis(2-methyl-imidazole-1-yl)-hexane",1
847,"1,7-Di(4-carboxyphenyl)-1,7-dicarba-closo-dodecaborane",1
848,"1,7-bis(4-pyridyl)heptane",1
849,"1,7-di(4-carboxyphenyl)-1,7-dicarba-closo-dodecaborane",1
850,"1,7-dihydrobenzo[1,2-d:4,5-d']bis([1,2,3]triazole)",1
851,"1,7-dihydroxycarbonyl-1,7-dicarba-closo-dodecaborane",1
852,"1-((1H-1,2,4-triazol-1-yl)methyl)-3,5-bis(4-pyridyl)-1,2,4-triazole",1
853,"1-((1H-1,2,4-triazol-1-yl)methyl)-3-(3-pyridyl)-5-(2-pyridyl)-1,2,4-triazole",1
854,"1-((1H-1,2,4-triazol-1-yl)methyl)-3-(4-pyridyl)-5-(2-pyridyl)-1,2,4-triazole",1
855,"1-((1H-1,2,4-triazol-1-yl)methyl)-3-(4-pyridyl)-5-(3-pyridyl)-1,2,4-triazole",1
856,1-(1-imidazolyl)-4-(imidazol-1-ylmethyl)benzene,1
857,"1-(2-carboxyethyl)-1H-1,2,4-triazole-3-carboxylic acid",1
858,1-(2-pyridylmethyl)-1H-benzotriazole,1
859,"1-(3,5-dicarboxy)-benzyl-1,2-di(pyridine-4-yl)ethylene chloride",1
860,"1-(3,5-dicarboxyphenyl)-1H-1,2,3-triazole",1
861,"1-(3,5-dicarboxyphenyl)-4-carboxy-1H-1,2,3-triazole",1
862,1-(3-aminopropyl)imidazole,1
863,1-(3-pyridylmethyl)-1H-benzotriazole,1
864,"1-(4-(1H-imidazol-5-yl)phenyl)-1H-1,2,4-triazole",1
865,1-(4-(1H-imidazole-1-yl)butyl)-1H-imidazole,1
866,1-(4-Cyano-phenyl)-piperidine-4-carboxylic acid ethyl ester,1
867,"1-(4-aminobenzyl)-1,2,4-triazole",1
868,"1-(4-carboxybenzyl)-1H-imidazole-4,5-dicarboxylic acid",1
869,1-(4-carboxyphenyl)-1H-pyrazole-3-carboxylic acid,1
870,"1-(4-carboxyphenyl)-4,4'-bipyridinium",1
871,"1-(4-carboxyphenyl)-4,4'-bipyridinium chloride",1
872,1-(4-carboxyphenyl)-5-mercapto-1H-tetrazole,1
873,1-(4-pyridyl)-2-(4-pyrimidyl)ethene,1
874,1-(4-pyridylmethyl)-1H-benzotriazole,1
875,"1-(9-(1H-1,2,4-triazol-1-yl)anthracen-10-yl)-1H-1,2,4-triazole",1
876,1-(carboxylatomethyl)-3-(5-tetrazolato)pyridinium,1
877,1-(carboxymethyl)-1H-indole-5-carboxylic acid,1
878,"1-(pyridin-4-ylthio)benzene-2,4-dioic acid",1
879,"1-(triazol-1-yl)-2,4,6-benzenetricarboxylic acid",1
880,"1-H-imidazo[4,5-f][1,10]-phenanthroline",1
881,"1-bromo-3,5-bis(imidazol-1-ylmethyl)benzene",1
882,1-ethyl-3-methylimidazolium hydrogen terephthalate,1
883,"1-hydroxy-2-(3-pyridyl)ethylidene-1,1-diphosphonate acid",1
884,"1-hydroxyethane 1,1-diphosphonic acid",1
885,1-hydroxyethylidene diphosphonic acid,1
886,"1-imidazol-1-yl-2,4,6-benzene-tricarboxylic acid",1
887,"1-imidazol-1-yl-3-(1,2,4-triazol-4-yl)propane",1
888,"1-imidazole-1-yl-2,4,6-benzene-tricarboxylic acid",1
889,1-oxidopyridin-1-ium-4ylaminocarbonyl,1
890,"1H,1'H-5,5'-bibenzo[d][1,2,3]triazole",1
891,"1H,1'H-[2,4'-biimidazole]-4,5-dicarboxylic acid",1
892,"1H,5H-benzo(1,2-d:4,5-d')bistriazole",1
893,"1H-1,2,4-triazole-3-carboxylic acid",1
894,"1H-2-methyl-4,5-imidazole-dicarboxylic acid",1
895,"1H-3,5-bis(pyrazinyl)-1,2,4-triazole",1
896,"1H-Pyrazole-3,5-dicarboxylic acid monohydrate",1
897,"1H-[1,2,3]-triazole-4,5-dicarboxylic acid",1
898,"1H-[1,2,3]triazole",1
899,1H-benzotriazole,1
900,"1H-pyrazole-3,5-dicarboxylic acid monohydrate",1
901,1H-pyrazole-3-carboxylic acid,1
902,1H-tetrazolate-5-ethyl acetate,1
903,1H-tetrazole,1
904,1H-tetrazole-5-acetic acid,1
905,1H-tetrazole-5-carboxylic acid ethyl ester sodium salt,1
906,"1a,4a-dihydroxy-1e,2e,4e,5e-tetra(4-pyridyl)cyclohexane",1
907,"2''-(azidomethyl)-[1,1':4',1'':4'',1'''-quaterphenyl]-4,4'''-dicarboxylic acid",1
908,"2',5'-dimethoxy-[1,1':4',1''-terphenyl]-4,4''-dicarboxylic acid",1
909,"2',5'-dimethyl-1,1':4',1″-terphenyl-4,4″-dicarboxylic acid",1
910,"2',5'-dimethyl-[1,1':4',1''-terphenyl]-4,4''-dicarboxylic acid",1
911,"2',5'-dimethyl-[1,1':4',1″-terphenyl]-4,4″-dicarboxylic acid",1
912,"2',5'-dimethylterphenyl-4,4″-dicarboxylic acid",1
913,"2'-TEMPO-[1,1',4,1″-terphenyl]-4,4'-dicarboxylic acid",1
914,"2'-amino-1,1':4',1''-terphenyl-3,3'',5,5''-tetracarboxylic acid",1
915,"2'-amino-1,1':4',1''-terphenyl-4,4''-dicarboxylic acid",1
916,"2'-amino-1,1':4',1″-terphenyl-3,5,3',5'-tetracarboxylic acid",1
917,"2'-amino-5'-(4-carboxyphenyl)-[1,1':3',1''-terphenyl]-4,4''-dicarboxylic acid",1
918,"2'-amino-[1,1':3',1''-terphenyl]-3,3'',5,5''-tetracarboxylic acid",1
919,"2'-amino-[1,1':4',1″-terphenyl]-3,3″,5,5″-tetracarboxylic acid",1
920,"2'-amino-[1,1':4',1″-terphenyl]-4,4″-dicarboxylic acid",1
921,2'-carboxybiphenyl-4-ylmethylaminodiacetic acid,1
922,"2'-fluoro-[1,1':4',1″-terphenyl]-3,3″,5,5″-tetracarboxylic acid",1
923,"2,2',2″-[1,3,5-triazine-2,4,6-triyltris(thio)]tris-acetic acid",1
924,"2,2',3,3'-benzophenone tetracarboxylic dianhydride",1
925,"2,2',3,3'-oxydiphthalic acid",1
926,"2,2',3,3'-oxydiphthalic dianhydride",1
927,"2,2',3,3'-thiodiphthalic dianhydride",1
928,"2,2',4,4',6,6'-hexamethyl-3,3',5,5'-tetra(3,5-dicarboxyphenyl)-biphenyl",1
929,"2,2',6,6'-Tetrakis[3,5-bis-3,5-benzenedicarboxylate] benzidine",1
930,"2,2',6,6'-tetranitro-4,4'-biphenyl dicarboxylate",1
931,"2,2'-(1,3-propanediyl)bis(1H-benzimidazole)",1
932,"2,2'-(2,5-dibromo-1,4-phenylene)bis(1H-imidazole-4,5-dicarboxylic acid)",1
933,"2,2'-(Adipoylbis(azanediyl))diterephthalic acid",1
934,"2,2'-(Azelaoylbis(azanediyl))diterephthalic acid",1
935,"2,2'-(Glutaroylbis(azanediyl))diterephthalic acid",1
936,"2,2'-(Pimeloylbis(azanediyl))diterephthalic acid",1
937,"2,2'-(Suberoylbis(azanediyl))diterephthalic acid",1
938,"2,2'-(biphenyl-4,4'-diylbis(oxy))diacetic acid",1
939,"2,2'-(ethanediyl)bis(1H-benzimidazole)",1
940,"2,2'-(naphthalene-1,5-diylbis(oxy))diacetic acid",1
941,"2,2'-(naphthalene-2,7-diylbis(oxy))diacetic acid",1
942,"2,2'-(pyridine-2,6-diyl) diterephthalic acid",1
943,"2,2'-(pyridine-2,6-diyl)diterephthalic acid",1
944,"2,2'-Biphenol-3,3',5,5'-tetrakis(4-benzoic acid)",1
945,"2,2'-Penta(ethylene glycol)biphenyl-3,3',5,5'-tetrakis(4-benzoic acid)",1
946,"2,2'-biimidazole",1
947,"2,2'-biisonicotinic acid",1
948,"2,2'-biphenic acid",1
949,"2,2'-bipyridine dicarboxylic acid",1
950,"2,2'-bipyridine-5,5'-dicarboxylate",1
951,"2,2'-bipyridine-6,6'-dicarboxylic acid",1
952,"2,2'-bipyridyl-3,3'-dicarboxylic acid",1
953,"2,2'-bipyridyl-4,4'-dicarboxylatic acid",1
954,"2,2'-bipyridyl-4,4'-dicarboxylic acid",1
955,"2,2'-bis(4-pyridylmethyleneoxy)-1,1'-biphenylene",1
956,"2,2'-bis(pyridin-3-ylmethyl)-[5,5'-biisoindoline]-1,1',3,3'-tetraone",1
957,"2,2'-biselenophene-5,5'-dicarboxylic acid",1
958,"2,2'-diamino-[1,1'-Biphenyl]-4,4'-dicarboxylic acid",1
959,"2,2'-diamino-[1,1'-biphenyl]-4,4'-dicarboxylic acid",1
960,"2,2'-diamino-trans-4,4'-stilbenedicarboxylic acid",1
961,"2,2'-diethoxy-1,1'-binaphthyl-4,4',6,6'-tetracarboxylic acid",1
962,"2,2'-dihydroxyl-[1,1']-binaphthalene-3,3'-dicarboxylic acid",1
963,"2,2'-dinitro-4,4'-biphenyldicarboxyl acid",1
964,"2,2'-diphenyldicarboxylic acid",1
965,"2,2'-dipyridylamine",1
966,"2,2'-oxydiacetic acid",1
967,"2,2':5',2″-terthiophene-5,5″-dicarboxylic acid",1
968,"2,2-oxydiacetic acid",1
969,"2,20-(naphthalene-1,5-diylbis(oxy))diacetic acid",1
970,"2,20:40,400:200,2000-quarterpyridyl-60,600-di-2-pyridine",1
971,"2,2″-dimethyl-[1,1':4',1″-terphenyl]-4,4″-dicarboxylic acid",1
972,"2,3',4,4'-diphenyl ether tetracarboxylic acid",1
973,"2,3',5,5'-biphenyltetracarboxylic acid",1
974,"2,3,10,11,18,19-hexahydroxy-cata-hexabenzocoronene",1
975,"2,3,5,6-Tetrafluoro-1,4-benzeneditriazolate",1
976,"2,3,5,6-tetrafluorobenzene-1,4-dicarboxylic acid",1
977,"2,3,5,6-tetrakis(4-carboxyphenyl)pyrazine",1
978,"2,3,6,7,10,11,14,15,18,19,22,23-dodecahydroxy-cata-hexabenzocoronene",1
979,"2,3,6,7,10,11-hexaaminotriphenylene",1
980,"2,3,6,7,10,11-hexahydrotriphenylene",1
981,"2,3,6,7,10,11-hexahydroxytriphenylene hydrate",1
982,"2,3,6,7,10,11-hexakis(butyrylthio)triphenylene",1
983,"2,3,6,7,10,11-triphenylenehexathiol",1
984,"2,3,6,7,14,15,18,19-octahydroxy-cata-hexabenzocoronene",1
985,"2,3-Bis(benzimidazol-1-ylmethyl)quinoxaline",1
986,"2,3-Pyrazindicarboxylic acid",1
987,"2,3-Pyrazinedicarboxylic acid",1
988,"2,3-bis(2-methoxyethoxy)-1,4-benzenedicarboxylate",1
989,"2,3-di-(4-carboxyphenyl)-quinoline-6-carboxylic acid",1
990,"2,3-dichloroterephthalic acid",1
991,"2,3-dihydroxyterephthalic acid",1
992,"2,3-dimethoxyterephthalic acid",1
993,"2,3-dimethylpyrazine",1
994,"2,3-dinitroterephthalic acid",1
995,"2,3-pyrazine dicarboxylic acid",1
996,"2,3-pyridinedicarboxylic acid",1
997,"2,4,5,6-tetrafluoroisophthalic acid",1
998,"2,4,5-tri(4-pyridyl)imidazole",1
999,"2,4,6-Tri(pyridin-4-yl)-1,3,5-triazine",1
1000,"2,4,6-Tris[(p-carboxyphenyl)amino]-1,3,5-triazine",1
1001,"2,4,6-pyridine tricarboxylic acid",1
1002,"2,4,6-pyridinetricarboxylic acid",1
1003,"2,4,6-tri(1-imidazolyl)-1,3,5-triazine",1
1004,"2,4,6-tri(2,4-dicarboxyphenyl)pyridine",1
1005,"2,4,6-trimethyl benzene-1,3,5-triyl-triisophthalate",1
1006,"2,4,6-trimethylbenzene-1,3,5-tricarboxylic acid",1
1007,"2,4,6-trimethylbenzene-1,3,5-tris(methylenephosphonic acid)",1
1008,"2,4,6-tris(3,5-dicarboxyaniline)-1,3,5-triazine",1
1009,"2,4,6-tris(4-(1H-pyrazol-4-yl)phenyl)-1,3,5-triazine",1
1010,"2,4,6-tris(4-carboxylphenylamino)-1,3,5-triazine",1
1011,"2,4,6-tris-(4-carboxyphenoxy)-1,3,5-triazine",1
1012,"2,4,6-tris[1-(3-carboxylphenoxy)ylmethyl]mesitylene",1
1013,"2,4,6-tris[3-(phosphonomethyl)phenyl]-1,3,5-triazine",1
1014,"2,4,6-tris[4-(imidazol-1-ylmethyl)phenyl]-1,3,5-triazine",1
1015,"2,4-bis(4'-carboxy-biphenyl-4-yl)-6-(4'-carboxy-2-methoxy-biphenyl-4-yl)-1,3,5-triazine",1
1016,"2,4-bis(4-carboxyphenylamino)-6-bis(carboxymethyl)amino-1,3,5-triazine",1
1017,"2,4-di(2-amino-4,6-dicarboxylphenyl)-6-(2,4-dicarboxylphenyl)pyridine",1
1018,"2,4-dibenzoylisophthalic acid",1
1019,"2,4-dihydroxypyrimidine-5-carboxylic acid",1
1020,"2,5,8-tris(3,5-dicarboxyphenylamino)-1,3,4,6,7,9,9b-heptaazaphenalene",1
1021,"2,5-Bis(allyloxy)terephthalic acid",1
1022,"2,5-Dioxido-1,4-benzenedicar-boxylic acid",1
1023,"2,5-bis(1-imidazoly)pyridine",1
1024,"2,5-bis(1H-1,2,4-triazol-1-yl) terephthalic acid",1
1025,"2,5-bis(2-methoxyethoxy)-1,4-benzenedicarboxylate",1
1026,"2,5-bis(3-(3-cyanobenzyloxy)phenyl)-1,3,4-oxadiazole",1
1027,"2,5-bis(3-methoxypropoxy)-1,4-benzenedicarboxylate",1
1028,"2,5-bis(3-pyridyl)-1,3,4-oxadiazole",1
1029,"2,5-bis(3-pyridyl)-3,4-diaza-2,4-hexadiene",1
1030,"2,5-bis(4-methylbenzoyl)terephthalic acid",1
1031,"2,5-bis(4-pyridyl)-1,3,4-thiadiazole",1
1032,"2,5-bis(4-pyridyl)-3,4-diaza-2,4-hexadiene",1
1033,"2,5-bis(allyloxy)-1,4-benzenedicarboxylate",1
1034,"2,5-bis(methylamino)terephthalic acid",1
1035,"2,5-bis(methylsulfinyl)terephthalic acid",1
1036,"2,5-bis(prop-2-yn-1-yloxy)terephthalic acid",1
1037,"2,5-bis(prop-2-ynyloxy)-1,4-benzenedicarboxylate",1
1038,"2,5-bis(pyrid-4-yl)pyridine",1
1039,"2,5-bis(pyridinium-4-yl)thiazolo[5,4-d]thiazole propionate",1
1040,"2,5-bis(trifluoromethyl)benzene-1,4-dicarboxylic acid",1
1041,"2,5-bis-(3-pyridyl)-3,4-diaza-2,4-hexadiene",1
1042,"2,5-bis-(4-pyridyl)-3,4-diaza-2,4-hexadiene",1
1043,"2,5-bis-benzoimidazol-1-yl-terephthalic acid",1
1044,"2,5-di(1H-imidazol-1-yl)benzoic acid",1
1045,"2,5-di(2',4'-dicarboxylphenyl)pyridine",1
1046,"2,5-di(2',4'-dicarboxylphenyl)pyridine acid",1
1047,"2,5-di(4-carboxy-phenylthio) terephthalic acid",1
1048,"2,5-di(pyridin-4-yl)terephthalic acid",1
1049,"2,5-di(pyridine-4-yl)thiazolo[5,4-d]thiazole",1
1050,"2,5-di-iso-propoxy-1,4-benzenedicarboxylate",1
1051,"2,5-diacetamidoterephthalic acid",1
1052,"2,5-diamino-1,4-hydroquinone dihydrochloride",1
1053,"2,5-diaminobenzenedicarboxylic acid",1
1054,"2,5-diaminobenzoquinone",1
1055,"2,5-dibromobenzene-1,4-dicarboxylic acid",1
1056,"2,5-dibutoxy-1,4-benzenedicarboxylate",1
1057,"2,5-dicarboxypyridine acid",1
1058,"2,5-dicarboxyterephthalic acid",1
1059,"2,5-dichloro-3,6-dihydroxy-p-benzoquinone",1
1060,"2,5-dichloro-3,6-dihydroxybenzoquinone",1
1061,"2,5-dichloro-terephthalic acid",1
1062,"2,5-dichlorobenzene-1,4-dicarboxylic acid",1
1063,"2,5-diethoxy-1,4-benzenedicarboxylate",1
1064,"2,5-diethyloxyterephthalic acid",1
1065,"2,5-diethynylterephthalic acid",1
1066,"2,5-dihydroxy-1,4-benzenediacetic acid",1
1067,"2,5-dihydroxy-p-benzoquinone",1
1068,"2,5-dihydroxy-terephthalic acid",1
1069,"2,5-dihydroxyterephthalic acid (H2BDC-(OH)2)",1
1070,"2,5-diiodobenzene-1,4-dicarboxylic acid",1
1071,"2,5-dimethoxy-1,4-benzoquinone",1
1072,"2,5-dimethoxy-3-nitroterephthalic acid",1
1073,"2,5-dimethoxyterephthalic acid",1
1074,"2,5-dimethyl-benzenedicarboxylic acid",1
1075,"2,5-dimethylpyrazine",1
1076,"2,5-dinitroterephthalic acid",1
1077,"2,5-dipentoxy-1,4-benzenedicarboxylate",1
1078,"2,5-dipropoxy-1,4-benzenedicarboxylate",1
1079,"2,5-piperazinedione-1,4-diacetic acid",1
1080,"2,5-pyrazinedicarboxylic acid",1
1081,"2,5-pyrazinedicarboxylic acid dihydrate",1
1082,"2,5-pyridine-dicarboxylic acid",1
1083,"2,5-thiophene dicarboxylic acid",1
1084,"2,6-bis((E)-4-(pyridine-3-yl)benzylidene)cyclohexanone",1
1085,"2,6-bis(1,2,3-triazol-4-yl)pyridine tricarboxylic acid",1
1086,"2,6-bis(1-imidazolyl) naphthalene",1
1087,"2,6-bis(1-imidazolyl)naphthalene",1
1088,"2,6-bis(2',4'-dicarboxylphenyl)pyridine",1
1089,"2,6-bis(2',5'-dicarboxyphenyl)-4-(4-carboxyphenyl) pyridine",1
1090,"2,6-bis(2,4-dicarboxylphenyl)-4-(4-carboxylphenyl)pyridine",1
1091,"2,6-bis(3,5-dicarboxylphenoxy)pyridine",1
1092,"2,6-bis(3,5-dicarboxyphenyl)pyridine",1
1093,"2,6-bis(3,5-dimethyl) dipyrazol-1,3,5,7-pyromellitic diimide",1
1094,"2,6-bis(4'-carboxyl-phenyl)pyridine",1
1095,"2,6-bis(imidazol-1-yl)pyridine",1
1096,"2,6-di(1H-imidazol-1-yl) naphthalene",1
1097,"2,6-di(1H-imidazol-1-yl)pyridine",1
1098,"2,6-di(1H-tetrazol-5-yl)naphthalene",1
1099,"2,6-di(2',5'-dicarboxylphenyl)pyridine",1
1100,"2,6-di-(1,2,4-triazole-4-yl)pyridine",1
1101,"2,6-di-iso-propylphenyl phosphate",1
1102,"2,6-diaminopurine",1
1103,"2,6-dimethylpyridine-3,5-dicarboxylic acid",1
1104,"2,6-diphenyl-1,4-dibenzoic acid",1
1105,"2,6-naphthalene-dicarboxylic acid",1
1106,"2,6-naphthalenediphosphonic acid",1
1107,"2,6-naphthalenedisulfonate",1
1108,"2,6-pyridine dicarboxylic acid",1
1109,"2,7-bis(3,5-dimethyl) dipyrazol-1,4,5,8-naphthalene tetracarboxydiimide",1
1110,"2,7-bis(4-benzoic acid)-N-(4-benzoic acid) carbazole",1
1111,"2,7-bis(4-benzoic acid)-N-(4-benzoic acid)carbazole",1
1112,"2,7-dihydroxybenzo[lmn][3,8]phenanthroline-1,3,6,8(2H,7H)-tetraone",1
1113,"2,7-dihydroxynaphthalene-3,6-disulfonate, disodium",1
1114,"2,7-naphthalenedisulfonate",1
1115,"2,8,14,20-tetra-methyl-4,6,10,12,16,18,22,24-octa-carboxymethoxy-calix[4]arene",1
1116,"2,8-di(1H-imidazol-1-yl)dibenzofuran",1
1117,"2,8-dicarboxy-6H,12H-5,11-methano-dibenzo[b,f][1,5]diazocine",1
1118,"2,8-pyrazaboledicarboxylic acid",1
1119,"2,9-dimethyl-1,10-phenanthroline",1
1120,"2-((1H-1,2,4-triazol-1-yl)methyl)-1H-imidazole-4,5-dicarboxylic acid",1
1121,"2-((1H-1,2,4-triazol-1-yl)methylamino)terephthalic acid",1
1122,2-((4-(methylthio)benzyl)amino)terephthalic acid,1
1123,2-((benzyl)amino)terephthalic acid,1
1124,2-((cyclohex-3-en-1-ylmethyl)amino)terephthalic acid,1
1125,2-((ferrocenylmethyl)amino)terephthalic acid,1
1126,"2-((methylthio)methyl)-[1,1'-biphenyl]-4,4'-dicarboxylic acid",1
1127,"2-((propylsulfonyl)methyl)-[1,1'-biphenyl]-4,4'-dicarboxylic acid",1
1128,2-((pyridin-2-ylmethyl)amino)-terephthalic acid,1
1129,2-((pyridin-4-ylmethyl)amino)terephthalic acid,1
1130,"2-(1,3,4-thiadiazol-2-ylthio)acetic acid",1
1131,"2-(1,3-dioxoisoindolin-2-yl)benzene-1,4-dioic acid",1
1132,2-(1-hydroxy-ethyl)-3H-benzimidazole-5-carboxylic acid,1
1133,"2-(1-imidazole)-1-hydroxyl-1,1'-ethylidenediphosphonic acid",1
1134,2-(1H-benzimidazol-2-ylthio)acetic acid,1
1135,2-(1H-imidazol-4-yl)methylaminoterephthalic acid,1
1136,"2-(1H-imidzol-2-yl)-3H-imidazo[4,5-c]pyridine",1
1137,2-(1H-tetrazol-5-yl)phenol,1
1138,2-(1H-tetrazol-5-yl)pyrimidine,1
1139,2-(1H-triazol-1-ylmethyl)-1H-benzoimidazole,1
1140,2-(2-Acetoxy-propionylamino)-terephthalic acid,1
1141,2-(2-carboxyphenoxy)terephthalic acid,1
1142,"2-(2-carboxyphenyl)-4,5-imidazole dicarboxylic acid",1
1143,"2-(2-carboxyphenyl)imidazo(4,5-f)-(1,10)phenanthroline",1
1144,2-(2-carboxypyridin-4-yl)terephthalic acid,1
1145,2-(2-pyridinyl-benzimidazolyl) acetic anion,1
1146,2-(2-pyridyl)benzimidazole,1
1147,"2-(2-sulfophenyl)imidazo(4,5-f)(1,10)-phenanthroline",1
1148,"2-(3,5-di(1H-pyrazol-4-yl)phenyl)-4,7-di(1H-pyrazol-4-yl)-1H-benzo[d]imidazole",1
1149,"2-(3,5-dicarboxybenzyloxy) benzoic acid",1
1150,"2-(3,5-dicarboxylatobenzyloxy)benzoic acid",1
1151,"2-(3,5-dimethyl-1H-pyrazol-4-yl)-1,3-dioxoisoindoline-5,6-dicarboxylic acid",1
1152,"2-(3-Methoxyphenyl)-1H-imidazole-4,5-dicarboxylic acid",1
1153,"2-(3-pyridine)-1H-1,3,4-thiadiazole-5-thioketone",1
1154,"2-(4-(tetrazol-5-yl)phenyl)imidazo(4,5-f)(1,10)phenanthroline",1
1155,2-(4-Chlorobenzoyl)benzoic acid,1
1156,"2-(4-Methoxyphenyl)-1H-imidazole-4,5-dicarboxylic acid",1
1157,2-(4-carboxylatophenoxy)propionic acid,1
1158,2-(4-carboxylphenoxy)terephthalic acid,1
1159,2-(4-carboxyphenoxy)terephthalic acid,1
1160,"2-(4-carboxyphenyl)-1,3-dioxoisoindoline-5-carboxylic acid",1
1161,"2-(4-carboxyphenyl)-4,5-imidazole dicarboxylic acid",1
1162,"2-(4-carboxyphenyl)imidazo(4,5-f)-(1,10)phenanthroline",1
1163,"2-(4-pyridyl)-1H-4,5-imidazoledicarboxylic acid",1
1164,2-(4-pyridyl)-terephthalic acid,1
1165,2-(5-(pyridin-2-yl)-2H-tetrazol-2-yl)acetic acid,1
1166,2-(5-(pyridin-2-yl)-2H-tetrazol-2-yl)acetonitrile,1
1167,2-(5-carboxypyridin-2-yl)terephthalic acid,1
1168,2-(Dimethylamino)terephthalic acid,1
1169,2-(Methylamino)terephthalic acid,1
1170,"2-(Pyridin-4-yl)-1H-imidazole-4,5-dicarboxylic acid",1
1171,2-(benzimidazol-1-yl)terephthalic acid,1
1172,2-(carboxylmethoxy)terephthalic acid,1
1173,2-(carboxymethoxy)benzoic acid,1
1174,2-(chloromethyl)terephthalic acid,1
1175,"2-(hydroxymethyl)-2-(pyridin-4-yl)-1,3-propanediol",1
1176,2-(imidazole-1-yl)terephthalic acid,1
1177,"2-(p-hydroxylphenyl)-1H-imidazole-4,5-dicarboxylic acid",1
1178,"2-(p-isopropylphenyl)-1H-imidazole-4,5-dicarboxylic acid",1
1179,"2-(pyridin-2-yl)-1H-imidazole-4,5-dicarboxylic acid",1
1180,"2-(pyridin-4-yl)-4,6-pyrimidine dicarboxylic acid",1
1181,"2-(pyridine-3-yl)-1H-4,5-imidazoledicarboxylic acid",1
1182,2-(pyridyl-N-oxide)methylphosphonic acid,1
1183,2-(thiophene-2-carboxamido)terephthalic acid,1
1184,"2-(trifluoromethyl)benzene-1,4-dicarboxylic acid",1
1185,2-Bromoterephthalic acid,1
1186,2-Hydroxybenzoic acid appended NDI linker,1
1187,"2-[4-(1H-imidazole-1-ylmethyl)-1H-1,2,3-triazol-1-yl] acetic acid",1
1188,2-[bis(phosphonomethyl)amino]ethanesulfonate ((NH4)3H2SP),1
1189,2-amino benzene dicarboxylic acid,1
1190,"2-amino-1,4-benzenedisulfonate",1
1191,"2-amino-4,6-dimethylpyrimidine",1
1192,2-aminobenzenedicarboxylic acid,1
1193,2-aminoethylphosphonic acid,1
1194,2-aminoterephthalate triethylammonium salt,1
1195,2-azidobenzoic acid,1
1196,2-azidoterephthalic acid,1
1197,"2-bromobenzene-1,4-dicarboxylic acid",1
1198,2-bromoimidazolate-4-amide-5-imidate,1
1199,"2-bromoimidazole-4,5-dicarbonitrile",1
1200,2-bromoterephtalic acid,1
1201,2-carboxyethylphosphonic acid,1
1202,2-carboxyterephthalic acid,1
1203,"2-chloro-[1,1'-biphenyl]-4,4'-dicarboxylic acid",1
1204,"2-chlorobenzene-1,4-dicarboxylic acid",1
1205,"2-cyan-1,4-benzenedipyrazole",1
1206,2-dihydroxymalonic acid,1
1207,2-ethylimidazolate-4-amide-5-imidate,1
1208,2-ethynylimidazole,1
1209,2-ethynylterephthalic acid,1
1210,2-fluoro-4-(1H-tetrazole-5-yl)benzoic acid,1
1211,"2-fluorobenzene-1,4-dicarboxylic acid",1
1212,2-fluorobenzoic acid,1
1213,"2-formyl-1,4-benzenedipyrazole",1
1214,2-furoic acid,1
1215,"2-hydroxybenzene-1,4-dicarboxylic acid",1
1216,2-hydroxyimino-N-[1-(2-pyrazinyl)ethylidene]-propanohydrazone,1
1217,2-hydroxyisophthalic acid,1
1218,2-hydroxyl(phosphono)acetic acid,1
1219,2-hydroxyphosphonoacetic acid,1
1220,2-hydroxyquinoline-4-carboxylic acid,1
1221,"2-iodo-[1,1'-biphenyl]-4,4'-dicarboxylic acid",1
1222,2-iodoterephthalic acid,1
1223,2-isobutyl-1H-imidazoledicarboxylate,1
1224,2-methoxy-4-(1H-pyrazol-4-yl)benzoic acid,1
1225,2-methyl-1-hydroxyimidazole-3-oxide,1
1226,"2-methyl-[1,1'-biphenyl]-4,4'-dicarboxylic acid",1
1227,2-methyl-benzenedicarboxylic acid,1
1228,2-methyl-imidazole,1
1229,2-methylbenzimidazole,1
1230,2-methylglutaric acid,1
1231,2-methylimidazolate,1
1232,"2-methylimidazole-4,5-dicarbonitrile",1
1233,2-methylimidazole-d5,1
1234,2-methylpyrazine,1
1235,2-methylpyridine-4-carboxylic acid,1
1236,2-methylsuccinic acid,1
1237,2-oxynicotinic acid,1
1238,2-phenylazoimidazole,1
1239,2-pyrimidinecarbonitrile,1
1240,"2-pyrimidinecarbonitrile (pymCN) (in situ to 5-(2'-pyrimidyl)tetrazolate, pymtz)",1
1241,"2-sulfonatobenzene-1,4-dicarboxylic acid sodium salt",1
1242,2-tetrazole 5-yl pyrazine,1
1243,2-tetrazole pyrimidine,1
1244,2-thiosalicylic acid,1
1245,2-vinylimidazole,1
1246,2-vinylterephthalic acid,1
1247,"20,50-dimethyl-p-terphenyl-4,400-dicarboxylate",1
1248,"20-(1H-tetrazol-5-yl)-[1,10-biphenyl]-4-carboxylic acid",1
1249,"2H-imidazole-4,5-dicarboxylic acid",1
1250,"3',3'',5',5''-tetrakis(4-carboxyphenyl)-1,4-diphenylnaphthalene",1
1251,"3',3'',5',5''-tetrakis(4-carboxyphenyl)-9,10-diphenylanthracene",1
1252,"3',4'-diphenyl-2,2':5',2″-terthiophene-5,5″-dicarboxylic acid",1
1253,"3'-5'-di(1H-1,2,4-triazol-1-yl)-[1,1'-biphenyl]-3,5-dicarboxylic acid",1
1254,"3'-[(E)-{[(1S,2S)-2-aminocyclohexyl]imino}methyl]-4'-hydroxy-4-biphenylcarboxlic acid",1
1255,"3'-nitro-biphenyl-2,4,4'-tricarboxylic acid",1
1256,"3'-nitro-biphenyl-3,5,4'-tricarboxylic acid",1
1257,"3,3'',5,5''-tetrakis(4-carboxyphenyl)-p-terphenyl",1
1258,"3,3'',5,5''-tetrakis[2-(4-carboxyphenyl)ethynyl]-p-terphenyl",1
1259,"3,3''-diamino-[1,1':3',1'']-terphenyl-4,4''-dicarboxylic acid",1
1260,"3,3''-dihydroxy-2',5'-dimethyl-[1,1':4',1'']-terphenyl]-4,4''-dicarboxylic acid",1
1261,"3,3''-dipropoxy-[1,1':4',1''-terphenyl]-4,4''-dicarboxylic acid",1
1262,"3,3',3'',5,5',5''-pyridyl-1,3,5-triylhexabenzoic acid",1
1263,"3,3',3''-(1,3,5-phenylenetri(oxy))triphthalic acid",1
1264,"3,3',3'-nitrilotripropionic acid",1
1265,"3,3',3″,3‴-((9H-carbazole-1,3,6,8-tetrayl)tetrakis(benzene-4,1-diyl))tetraacrylic acid",1
1266,"3,3',3″,3‴-(pyrene-1,3,6,8-tetrayltetrakis(benzene-4,1-diyl))tetraacrylic acid",1
1267,"3,3',4',4″-diphenyl-sulfonetetracarboxylic acid",1
1268,"3,3',4,4',5,5'-azobenzenehexacarboxylic acid",1
1269,"3,3',4,4'-benzophenone-tetracarboxylate",1
1270,"3,3',4,4'-benzophenonetetracarboxylic acid dianhydride",1
1271,"3,3',4,4'-diphenylsulfone tetracarboxylate acid",1
1272,"3,3',4,4'-diphenylsulfone tetracarboxylic dianhydride",1
1273,"3,3',4,4'-diphenylsulfonetetracarboxylate acid",1
1274,"3,3',4,4'-diphenylsulfonetetracarboxylic acid",1
1275,"3,3',4,4'-diphenylsulfonetetracarboxylic dianhydride",1
1276,"3,3',4,5'-diphenyl ether tetracarboxylic acid",1
1277,"3,3',5,5'-Tetramethyl-4,4'-bi-1H-pyrazole",1
1278,"3,3',5,5'-Tetramethyl-4,4'-bipyrazole",1
1279,"3,3',5,5'-azoxybenzenetetracarboxylic acid",1
1280,"3,3',5,5'-diphenyl ether tetracarboxylic acid",1
1281,"3,3',5,5'-terphenyl tetracarboxylic acid",1
1282,"3,3',5,5'-tetra(1H-imidazol-1-yl)biphenyl",1
1283,"3,3',5,5'-tetracarboxydiphenylmethane",1
1284,"3,3',5,5'-tetrakis(3,5-dicarboxyphenyl)-2,2',4,4',6,6'-hexamethylbiphenyl",1
1285,"3,3',6,6'-tetrakis(pyridin-4-ylethynyl)-9,9'-bicarbazole",1
1286,"3,3'-((5-carboxy-1,3-phenylene)bis(oxy))dibenzoic acid",1
1287,"3,3'-((5-nitroisophthaloyl)bis(azanediyl))-dibenzoic acid",1
1288,"3,3'-(1,2,4,5-tetrazine-3,6-diyl)dibenzoic acid",1
1289,"3,3'-(1,3-phenylenebis(oxy))diphthalic acid",1
1290,"3,3'-(4,4'-(2,2-bis((4-(2-carboxyvinyl)-2-methoxyphenoxy)methyl)propane-1,3-diyl)bis(oxy)bis(3-methoxy-4,1-phenylene))diacrylic acid",1
1291,"3,3'-(4,4'-(2,2-bis((4-(2-carboxyvinyl)phenoxy)methyl)propane-1,3-diyl)bis(oxy)bis(4,1-phenylene))diacrylic acid",1
1292,"3,3'-(5,5'-(thiophene-2,5-diyl)bis(3-methyl-4H-1,2,4-triazole-5,4-diyl))dibenzoic acid",1
1293,"3,3'-(9,9-bis(S)-2-methylbutyl)-9H-fluorene-2,7-diyl)dibenzoic acid",1
1294,"3,3'-PDBA (3,3'-(pyrazine-2,5-diyl)dibenzoic acid)",1
1295,"3,3'-bipyridine",1
1296,"3,3'-di(1H-imidazol-1-yl)-1,1'-biphenyl",1
1297,"3,3'-diamino-[1,1'-biphenyl]-4,4'-dicarboxylic acid",1
1298,"3,3'-dichloro-4,4'-azobenzenedicarboxylic acid",1
1299,"3,3'-dichloro-4,4'-azodibenzoic acid",1
1300,"3,3'-dihydroxy-(1,1'-biphenyl)-4,4'-dicarboxylic acid",1
1301,"3,3'-dihydroxy-[1,1'-biphenyl]-4,4'-dicarboxylic acid",1
1302,"3,3'-dinitro-[1,1'-biphenyl]-4,4'-dicarboxylic acid",1
1303,"3,3'-{(pyridine-2,6-dicarbonyl)bis(azanediyl)}dibenzoic acid",1
1304,"3,3-dimethylglutaric acid",1
1305,"3,4',5-azobenzenetricarboxylic acid",1
1306,"3,4,9,10-perylenetetracarboxylic acid",1
1307,"3,4-bi(4-carboxyphenyl)-benzoic acid",1
1308,"3,4-bi(4-carboxyphenyl)benzoic acid",1
1309,"3,4-bis(pyridin-4-ylmethoxy)benzoic acid",1
1310,"3,4-di(3,5-dicarboxyphenyl) phthalic acid",1
1311,"3,5,3',5'-oxytetrabenzoic acid",1
1312,"3,5,4'-azobenzenetricarboxylic acid",1
1313,"3,5,7-tris(1,2,4-triazol-4-yl)-1-azaadamantane",1
1314,"3,5-Bis-[2-(4-carboxy-phenoxy)-ethoxy]-benzoic acid",1
1315,"3,5-Bis{[(4-carboxyphenyl)amino]carbonyl}-benzoic acid",1
1316,"3,5-bi(4-carboxy-phenoxy)benzoic acid",1
1317,"3,5-bis((5'-carboxylbenzyl)oxy)benzoic acid",1
1318,"3,5-bis(1',2',4'-triazol-1'-yl)pyridine",1
1319,"3,5-bis(2',4'-dicarboxyphenyl) benzoic acid",1
1320,"3,5-bis(2',5'-dicarboxyphenyl) pyridine",1
1321,"3,5-bis(3',5'-dicarboxyphenyl)-1H-1,2,4-triazole",1
1322,"3,5-bis(3,5-dicarboxylphenoxy)benzoic acid",1
1323,"3,5-bis(3,5-dicarboxylphenxoy)benoic acid",1
1324,"3,5-bis(3,5-dicarboxylphenyl)-1-H-1,2,4-triazole",1
1325,"3,5-bis(3-carboxyphenyl)pyridine",1
1326,"3,5-bis(3-pyridyl-3-(3'-methylphenyl)-1,3,4-oxadiazole",1
1327,"3,5-bis(4'-carboxy-phenyl)-1,2,4-triazole",1
1328,"3,5-bis(4-carboxy-phenoxy) benzoic acid",1
1329,"3,5-bis(4-carboxylphenyl)-pyridine N-oxide",1
1330,"3,5-bis(4-carboxyphenylmethyloxy) benzoic acid",1
1331,"3,5-bis(4-pyridyl)-pyridine",1
1332,"3,5-bis(4-pyridylmethylenoxyl)benzoate",1
1333,"3,5-bis(imidazol-1-ylmethyl)benzoic acid hydrochloride",1
1334,"3,5-bis(pyrid-4-yl)pyridine",1
1335,"3,5-bis(pyridin-3-ylmethoxy)benzoic acid",1
1336,"3,5-bis(pyridin-4-ylmethoxy)benzoic acid",1
1337,"3,5-bis(triazol-1-yl)benzoic acid",1
1338,"3,5-bis(triazol-1-yl)pyridine",1
1339,"3,5-bis(triazolium) pyridine",1
1340,"3,5-di(1H-benzimidazol-1-yl)pyridine",1
1341,"3,5-di(1H-imidazol-1-yl)benzoic acid",1
1342,"3,5-di(1H-imidazol-1-yl)benzonitrile",1
1343,"3,5-di(1H-imidazol-1-yl)pyridine",1
1344,"3,5-di(2',4'-dicarboxylphenyl)benzoic acid",1
1345,"3,5-di(4'-carboxylphenyl)benozoic acid",1
1346,"3,5-di(4-pyridyl)-1,2,4-triazole",1
1347,"3,5-di(4H-1,2,4-triazol-4-yl)pyridine",1
1348,"3,5-di(pyridine-4-yl)benzoic acid",1
1349,"3,5-diamine-1,2,4-triazole",1
1350,"3,5-dicarboxyphenoxyacetic acid",1
1351,"3,5-diethyl-1,2,4-triazole",1
1352,"3,5-diethyl-4-(4-pyridyl)pyrazole",1
1353,"3,5-diisopropyl-1,2,4-triazole",1
1354,"3,5-dimethyl-(1,2,4-triazol-4-yl)-acetic acid",1
1355,"3,5-dimethyl-1,2,4-triazolate",1
1356,"3,5-dimethyl-1H-1,2,4-triazole",1
1357,"3,5-dimethyl-4-amino-4H-1,2,4-triazole",1
1358,"3,5-dimethyl-4-carboxypyrazole",1
1359,"3,5-diphenyl-1,2,4-triazole",1
1360,"3,5-diphosphonobenzoic acid",1
1361,"3,5-dipropyl-1,2,4-triazole",1
1362,"3,5-dipyridyl-1,2,4-triazole",1
1363,"3,5-disulfobenzoic acid, disodium salt",1
1364,"3,5-pyrazole dicarboxylic acid",1
1365,"3,5-pyrazole dicarboxylic acid monohydrate",1
1366,"3,5-pyrazoledicarboxylic acid monohydrate",1
1367,"3,6-di(4-pyridyl)-1,2,4,5-tetrazine",1
1368,"3,6-di(4H-imidazol-4-yl)benzene-1,2-diamine",1
1369,"3,6-dithioglycolic-1,2,4,5-tetrazine dicarboxylic acid",1
1370,"3,9-diazatetraasterane-1,5,7,11-tetracarboxylic acid-3,6,9,12-tetraphenyl",1
1371,3-((6-carboxynaphthalen-2-yl)oxy)phthalic acid,1
1372,"3-(1H-imidazo[4,5-f][1,10]phenanthrolin-2-yl)benzoic acid",1
1373,3-(1H-tetrazol-5-yl)phenol,1
1374,"3-(2',5'-dicarboxyphenyl)benzoic acid",1
1375,"3-(2'-pyridyl)-5-(4''-pyridyl)-1,2,4-triazole",1
1376,3-(2'3'-dicarboxylphenoxy)benzoic acid,1
1377,"3-(2,4-dicarboxyphenoxy)phthalic acid",1
1378,"3-(2,5-dicarboxyphenoxy)phthalic acid",1
1379,3-(2-Amino-9H-purin-9-yl)propanoic acid,1
1380,3-(2-carboxy-phenoxy)-phthalic acid,1
1381,3-(2-pyridyl)pyrazole-5-carboxylic acid,1
1382,"3-(20,40-dicarboxylphenoxy)phthalic acid",1
1383,"3-(3,5-dicarboxylphenoxy)-5-carboxylpyridine",1
1384,"3-(3,5-dicarboxylphenoxy)-6-carboxylpyridine",1
1385,"3-(3,5-dicarboxylphenoxy)pyridine",1
1386,"3-(3,5-dicarboxylphenyl)-4-carboxylpyridine",1
1387,"3-(3,5-dicarboxylphenyl)-5-(pyrid-2-yl)-1H-1,2,4-triazole",1
1388,"3-(3,5-dicarboxylphenyl)-5-(pyrid-4-yl)-1-H-1,2,4-triazole",1
1389,"3-(3,5-dicarboxylphenyl)-5-(pyrid-4-yl)-1H-1,2,4-triazole",1
1390,3-(3-carboxyphenoxy)phthalic acid,1
1391,3-(3-pyridyl)acrylic acid,1
1392,3-(4-carboxy-phenoxy)-phthalic acid,1
1393,3-(4-hydroxypyridinium-1-yl)phthalic acid,1
1394,3-(4-pyridyl)benzoic acid,1
1395,"3-(4H-1,2,4-triazol-4-yl)benzoic acid",1
1396,"3-(5-(pyridin-4-yl)-1H-1,2,4-triazol-3-yl)pyridine",1
1397,"3-(5-(pyridin-4-yl)-4H-1,2,4-triazol-3-yl)benzoic acid",1
1398,"3-(pyrazin-2-yl)-5-[4-(pyrid-4-yl)phenyl]-1,2,4-triazole",1
1399,"3-(pyrid-2'-yl)-5-(4″-carboxylphenyl)-1,2,4-triazolyl",1
1400,"3-(pyridin-3-yloxy)benzene-1,2-dicarboxylic acid",1
1401,3-(pyridin-4-yl)benzoic acid,1
1402,"3-(pyridin-4-ylthio)pentane-2,4-dione·HCl·H2O",1
1403,"3-(tetrazol-5-yl)-5-(pyrid-2-yl)-1,2,4-triazole",1
1404,3-(tetrazol-5-yl)triazole,1
1405,3-Carboxyphenoxyacetic acid,1
1406,3-[4-(carboxymethoxy)phenyl]propanoic acid,1
1407,"3-amine-1H-1,2,4-triazole",1
1408,"3-amino-1,2,4-triazole-5-carboxylic acid hydrate",1
1409,"3-amino-1H-1,2,4-triazole",1
1410,"3-amino-2,5-dimethoxyterephthalic acid",1
1411,3-amino-4-(2-carboxyvinyl)benzoic acid,1
1412,3-amino-4-cyano-1H-pyrazole,1
1413,3-aminoisonicotinic acid,1
1414,3-aminophthalhydrazidate,1
1415,3-aminopropylphosphonic acid,1
1416,"3-ammonium-1-hydroxypropylidene-1,1-diphosphonic acid",1
1417,3-bpmp,1
1418,3-bromo-5-(4-carboxyphenyl)pyridine,1
1419,"3-carboxy-1-(3,5-dicarboxybenzyl)pyridinium bromide",1
1420,3-carboxy-1-(4'-carboxy-benzyl)-2-oxidopyridinium,1
1421,3-chloroisonicotinic acid,1
1422,3-cyanobenzoic acid (in situ precursor to 3-(1H-tetrazol-5-yl)benzoate),1
1423,3-cyanophenyl acetic acid,1
1424,3-cyanopyridine,1
1425,"3-cyanopyridine (in situ to 5-(3-pyridyl)tetrazolate, 3-pttz)",1
1426,"3-ethyl, 3-methylglutaric acid",1
1427,3-fluoro-4-(1H-pyrazol-4-yl)benzoic acid,1
1428,3-fluoro-4-(1H-tetrazole-5-yl)benzoic acid,1
1429,3-fluoro-4-pyridinecarboxylic acid,1
1430,"3-fluoro-5-(4H-1,2,4-triazol-4-yl)pyridine",1
1431,3-fluorobenzoic acid,1
1432,3-fluoroisonicotinic acid,1
1433,3-fluorophthalic acid,1
1434,"3-hydroxinaftalene-2,7-disulfonic acid",1
1435,3-hydroxyisonicotine hydroxamic acid,1
1436,3-methoxybenzoic acid,1
1437,"3-methyl-1H-1,2,4-triazole",1
1438,3-methyl-5-(pyridin-4-yl)benzoic acid,1
1439,3-methyladipic acid,1
1440,3-methylbenzoic acid,1
1441,3-methylpyridine,1
1442,3-methylsalicylic acid,1
1443,3-nitrophthalic acid,1
1444,3-phenyl-1H-pyrazole-4-carboxylic acid,1
1445,"3-propyl-1,2,4-triazole",1
1446,3-pyrid-4-ylbenzoic acid,1
1447,3-pyridin-4-ylbenzoic acid,1
1448,3-pyridinyl acrylic acid,1
1449,3-pyridyl-tetrazolate,1
1450,3-pyridylmethyl phosphonic acid,1
1451,3-pyridyltetrazole,1
1452,"3-quinolinecarbonitrile (in situ to 5-(quinolyl)tetrazolate, QTZ)",1
1453,"4 b2,4 b3,4 b4,4 b5-(anthracene-9,10-diylidenebis(methan-1,1-diyl-1-ylidene))tetrabiphenyl-4-carboxylic acid",1
1454,"4'',6'-diamino-5',5''-bis(4-carboxyphenyl)-[1,1':3',1'':3'',1'''-quaterphenyl]-4,4'''-dicarboxylic acid",1
1455,"4',4''',4''''',4'''''''-methanetetrayltetrakis([1,1'-biphenyl]-4-carboxylic acid)",1
1456,"4',4'''-((pyridine-3,5-dicarbonyl)bis(azanediyl))bis(([1,1'-biphenyl]-3,5-dicarboxylic acid))",1
1457,"4',4''-(2,2-bis((4'-carboxybiphenyl-4-yl)oxy)methyl)propane-1,3-diyl)bis(oxy)dibiphenyl-4-carboxylic acid",1
1458,"4',4″,4‴,4‴'-(anthracene-9,10-diylidenebis(methan-1,1-diyl-1-ylidene))tetrabiphenyl-4-carboxylic acid",1
1459,"4',4″,4‴,4⁗-(ethene-1,1,2,2-tetrayl)tetrakis([1,1'-biphenyl]-4-carboxylic acid)",1
1460,"4',4‴,4″‴,4'‴‴-(pyrazine-2,3,5,6-tetrayl) tetrakis(([1,1'-biphenyl]-4-carboxylic acid))",1
1461,"4',4‴,4″‴,4″″‴-(ethene-1,1,2,2-tetrayl)tetrakis(([1,1'-biphenyl]-4-carboxylic acid))",1
1462,"4',4‴,4⁗',4⁗‴-(ethene-1,1,2,2-tetrayl)tetrakis([1,1'-biphenyl]-4-carboxylic acid)",1
1463,"4'-((hydroxy(methoxy)phosphoryl)methyl)-[1,1'-biphenyl]-2-carboxylic acid",1
1464,"4'-(1H-imidazo[4,5-f][1,10]phenanthrolin-2-yl)-[1,1'-biphenyl]-3-carboxylic acid",1
1465,"4'-(1H-tetrazol-5-yl)-[1,1'-biphenyl]-3,5-dicarboxylic acid",1
1466,"4'-(1H-tetrazole-5)-biphenyl-3,5-dicarboxylic acid",1
1467,"4'-(2,4-disulfophenyl)-4,2':6',4″-terpyridine",1
1468,"4'-(2-carboxyphenyl)-4,2':6',4″-terpyridine",1
1469,"4'-(3,5-dicarboxyphenyl)-2,2':6',2'''-terpyridine",1
1470,"4'-(3,5-dicarboxyphenyl)-4,2':6',4''-terpyridine",1
1471,"4'-(4-(4-carboxylphenoxy)-2,2':6',2''-terpyridine)",1
1472,"4'-(4-(benzimidazol-1-yl)phenyl)-4,2':6',4''-terpyridine",1
1473,"4'-(4-carboxyphenyl)-[2,2':6',2''-terpyridine]-5,5''-dicarboxylic acid",1
1474,"4'-(4-methoxyphenyl)-4,2':6',4″-terpyridine",1
1475,"4'-(4-pyridyl)-2,2':6',2″-terpyridine",1
1476,"4'-(4H-1,2,4-triazol-4-yl)biphenyl-4-carboxylic acid",1
1477,"4'-(pyridin-4-yl)-[1,1'-biphenyl]-3,5-dicarboxylic acid",1
1478,"4'-carboxy-4,2':6',4''-terpyridine",1
1479,"4'-carboxy-4,2':6',4″-terpyridine",1
1480,"4'-nitro-[1,1'-biphenyl]-3,5-dicarboxylic acid",1
1481,"4'-pyridyl-2,2':6',2''-terpyridine",1
1482,"4,4 b2,4 b3,4 b4-(anthracene-9,10-diylidenebis(methan-1,1-diyl-1-ylidene))tetrabenzoic acid",1
1483,"4,4''-dihydroxy-[1,1':4',1'']-terphenyl-3,3''-dicarboxylic acid",1
1484,"4,4',4'',4'''-((2,7-di-tert-butylpyrene-4,5,9,10-tetrayl)tetrakis(ethyne-2,1-diyl))-tetrabenzoic acid",1
1485,"4,4',4'',4'''-((4,4',4'',4'''-(porphyrin-5,10,15,20-tetrayl)tetrakis(benzoyl))tetrakis(azanediyl))tetrabenzoic acid",1
1486,"4,4',4'',4'''-((methanetetrayltetrakis(benzene-4,1-diyl))tetrakis(ethyne-2,1-diyl))tetrabenzoic acid",1
1487,"4,4',4'',4'''-(1,4-phenylenebis(2H-1,2,3-triazole-2,4,5-triyl))tetrabenzoic acid",1
1488,"4,4',4'',4'''-(1,4-phenylenebis(pyridine-4,2,6-triyl))-tetrabenzoic acid",1
1489,"4,4',4'',4'''-(9,9'-spirobi[fluorene]-2,2',7,7'-tetrayl)tetrabenzoic acid",1
1490,"4,4',4'',4'''-(9H-carbazole-1,3,6,8-tetrayl)tetrabenzoic acid",1
1491,"4,4',4'',4'''-([9,9'-bicarbazole]-3,3',6,6'-tetrayl)tetrabenzoic acid",1
1492,"4,4',4'',4'''-(anthracene-9,10-diylidenebis(methanediylylidene))tetrabenzoic acid",1
1493,"4,4',4'',4'''-(pyrene-1,3,6,8-tetrayl)tetrakis(2,6-dimercaptobenzoic acid)",1
1494,"4,4',4'',4'''-methanetetrayltetrabenzoic acid",1
1495,"4,4',4'',4'''-{2,2',2'',2'''-[ethane-1,2-diylbis(azanetriyl)]tetrakis(methylene)]tetrakis-(1H-benzimidazole-2,1-diyl)}tetrakis(methylene)tetrabenzoic acid",1
1496,"4,4',4'',4'''-{2,2',2'',2'''-[ethane-1,2-diylbis(azanetriyl)]tetrakis(methylene)tetrakis-(1H-benzimidazole-2,1-diyl)}tetrakis(methylene)tetrabenzoic acid",1
1497,"4,4',4''-(((2,4,6-trimethylbenzene-1,3,5-triyl)tris(methylene))tris(oxy))tribenzoic acid",1
1498,"4,4',4''-(1H-imidazole-2,4,5-triyl) tribenzoic acid",1
1499,"4,4',4''-(Benzene-1,3,5-triyl-tris(benzene-4,1-diyl))tribenzoic acid",1
1500,"4,4',4''-(Triazine-2,4,6-triyl-tris(benzene-4,1-diyl))tribenzoic acid",1
1501,"4,4',4''-Benzene-1,3,5-triyl-tribenzoic acid",1
1502,"4,4',4''-Tricarboxytriphenylamine",1
1503,"4,4',4''-phosphoryltribenzoic acid",1
1504,"4,4',4''-s-Triazine-2,4,6-triyl-tribenzoic acid",1
1505,"4,4',4''-s-triazine-1,3,5-triyltri-p-aminobenzoic acid",1
1506,"4,4',4''-s-triazine-2,4,6-tribenzoic acid",1
1507,"4,4',4'-[benzene-1,3,5-triyltris(carbonylimino)]trisbenzoic acid",1
1508,"4,4',4″,4'''-benzene-2,3,5,6-tetrayl-tetrabenzoate",1
1509,"4,4',4″,4'''-pyrazine-2,3,5,6-tetrayl-tetrabenzoate",1
1510,"4,4',4″,4″'-(pyrene-1,3,6,8-tetrayl)tetrabenzoic acid",1
1511,"4,4',4″,4‴-((9,10-dioxo-9,10-dihydroanthracene-2,6-diyl)bis(azanetriyl))tetrabenzoic acid",1
1512,"4,4',4″,4‴-(1,4-phenylenbis(pyridine-4,2,6-triyl))‑tetrabenzoic acid",1
1513,"4,4',4″,4‴-(2,2',2″,2‴-(ethane-1,2-diylbis(azanetriyl))tetrakis(methylene)tetrakis(1H-benzo[d]imidazole-2,1-diyl))tetrakis(methylene)tetrabenzoic acid",1
1514,"4,4',4″,4‴-(5,10,15,20-porphyrintetrayl)-tetrabenzoic acid",1
1515,"4,4',4″,4‴-(9,9'-Spirobi[fluorene]-2,2',7,7'-tetrayl)tetrabenzoic acid",1
1516,"4,4',4″,4‴-(9,9'-spirobifluorene-2,2',7,7'-tetrayl)tetrabenzoic acid",1
1517,"4,4',4″,4‴-(Porphine-5,10,15,20-tetrayl)tetrakis(benzoic acid)",1
1518,"4,4',4″,4‴-(porphyrin-5,10,15,20-tetrayl)tetrabenzoic acid",1
1519,"4,4',4″,4‴-(porphyrin-5,10,15,20-tetrayl)tetrakis(benzenesulfonic) acid",1
1520,"4,4',4″,4‴-Methanetetrayltetrabenzoic acid",1
1521,"4,4',4″,4‴-benzene-2,3,5,6-tetrayl-tetrabenzoate",1
1522,"4,4',4″,4‴-pyrazine-2,3,5,6-tetrayl-tetrabenzoate",1
1523,"4,4',4″,4‴-tetrakiscarboxyphenylsilane",1
1524,"4,4',4″-(((2,4,6-trimethylbenzene-1,3,5-triyl)tris(methylene))tris(azanediyl))tribenzoic acid",1
1525,"4,4',4″-((1,3,5-triazine-2,4,6-triyl)tris(azanediyl)) tribenzoic acid",1
1526,"4,4',4″-((1,3,5-triazine-2,4,6-triyl)tris(azanediyl))tribenzoic acid",1
1527,"4,4',4″-((benzene-1,3,5-triyltris(methylene))tris(oxy))tribenzoic acid",1
1528,"4,4',4″-(1,3,5-triazine-2,4,6-triazinediyl) triazinic acid",1
1529,"4,4',4″-(1,3,5-triazine-2,4,6-triyl)tribenzoic acid",1
1530,"4,4',4″-(2,4,6-trimethylbenzene-1,3,5-triyl)tribenzoate",1
1531,"4,4',4″-(2,4,6-trimethylbenzene-1,3,5-triyl)tribenzoic acid",1
1532,"4,4',4″-(benzene-1,3,5-triyltris-(ethyne-2,1-diyl))tribenzoic acid",1
1533,"4,4',4″-(nitrilotris(methylene))tribenzoic acid",1
1534,"4,4',4″-(pyridine-2,4,6-triyl)tribenzoic acid",1
1535,"4,4',4″-[1,3,5-benzenetriyltris(carbonylimino)]trisbenzoic acid",1
1536,"4,4',4″-[1,3,5-benzenetriyltris(carbonylimino)]tris‑benzoate",1
1537,"4,4',4″-benzene-1,3,5-triyl-tribenzoate",1
1538,"4,4',4″-benzene-1,3,5-triyl-tris(benzoic acid)",1
1539,"4,4',4″-benzene-1,3,5-triyltribenzoic acid",1
1540,"4,4',4″-benzene-1,3,5-triyltris(ethyne-2,1-diyl)tribenzoic acid",1
1541,"4,4',4″-s-triazine-1,3,5-triyl-p-aminobenzoic acid",1
1542,"4,4',4″-s-triazine-1,3,5-triyltri-p-aminobenzoic acid",1
1543,"4,4',4″-s-triazine-2,4,6-tribenzoic acid",1
1544,"4,4',4″-s-triazine-2,4,6-triyl-tribenzoate",1
1545,"4,4',4″-s-triazine-2,4,6-triyltribenzoic acid",1
1546,"4,4',4″-tricarboxytriphenylamine",1
1547,"4,4',4″-{[(2,4,6-trimethylbenzene-1,3,5-triyl)tris(methylene)]tris(oxy)}tribenzoic acid",1
1548,"4,4',6,6'-tetracarboxy-2,2'-bipyridine",1
1549,"4,4'-((1E,1'E)-anthracene-9,10-diylbis(ethene-2,1-diyl)) dibenzoic acid",1
1550,"4,4'-((1H-imidazole-1-yl)methylene)dibenzoic acid",1
1551,"4,4'-((1S,2S)-1,2-Dimethoxyethane-1,2-diyl)dibenzoic acid",1
1552,"4,4'-((2-((4-carboxyphenoxy)methyl)-2-methylpropane-1,3-diyl)bis(oxy))dibenzoic acid",1
1553,"4,4'-((4-(pyridin-4-yl)phenyl)azanediyl)dibenzoic acid",1
1554,"4,4'-(1,1,1,3,3,3-hexamethyltrisilane-2,2-diyl)dibenzoic acid",1
1555,"4,4'-(1,10-phenanthroline-3,8-diyl)dibenzoic acid",1
1556,"4,4'-(1,2,4,5-tetrazine-3,6-diyl)dibenzoic acid",1
1557,"4,4'-(1,2-dihydroxyethane-1,2-diyl)dibenzoic acid",1
1558,"4,4'-(1,3-(xylene)diyl)bis(1,2,4-triazole)",1
1559,"4,4'-(1,3-phenylenedioxy)dibenzoic acid",1
1560,"4,4'-(1,4-(trans-2-butene)diyl)bis(1,2,4-triazole)",1
1561,"4,4'-(1-methyl-1H-imidazole-4,5-diyl)dibenzoic acid",1
1562,"4,4'-(10-(4'-carboxy-[1,1'-biphenyl]-4-yl)-9-oxo-9,10-dihydroacridine-2,7-diyl)dibenzoic acid",1
1563,"4,4'-(1E,1'E)-2,2'-(2,5-dimethoxy-1,4-phenylene)bis(ethene-2,1-diyl)dibenzoic acid",1
1564,"4,4'-(1H,1'H-[2,2'-biimidazole]-1,1'-diyl) dibenzoic acid",1
1565,"4,4'-(1H-1,2,4-triazol-1-yl)methylene-bis(benzonic acid)",1
1566,"4,4'-(1H-1,2,4-triazol-1-yl)methylenebis(benzoic acid)",1
1567,"4,4'-(1H-benzo[d]imidazole-4,7-diyl)bis(3-methoxybenzoic acid)",1
1568,"4,4'-(1H-benzo[d]imidazole-4,7-diyl)dibenzoic acid",1
1569,"4,4'-(2,2'-oxybis(ethane-2,1-diyl)bis(oxy))dibenzoic acid",1
1570,"4,4'-(2,2-bis((4-carboxy-2-methoxyphenoxy)methyl)propane-1,3-diyl)bis(oxy)bis(3-methoxybenzoic acid)",1
1571,"4,4'-(2,2-bis((4-carboxyphenoxy)methyl)propane-1,3-diyl)bis(oxy)dibenzoic acid",1
1572,"4,4'-(2-(pyridin-4-yl)-1H-benzo[d]imidazole-4,7-diyl)dibenzoic acid",1
1573,"4,4'-(2H-1,2,4-triazole-3,5-diyl) dibenzoic acid",1
1574,"4,4'-(4,4'-bitolyl)bis(1,2,4-triazole)",1
1575,"4,4'-(4-(3-carboxyphenyl)pyridine-2,6-diyl)dibenzoic acid",1
1576,"4,4'-(4-(4-carboxyphenyl)pyridine-2,6-diyl)diisophthalic acid",1
1577,"4,4'-(4H-1,2,4-triazole-3,5-diyl) dibenzoic acid",1
1578,"4,4'-(4H-1,2,4-triazole-3,5-diyl)dibenzoic acid",1
1579,"4,4'-(5,5'-(1,3-phenylene)bis(3-methyl-4H-1,2,4-triazole-5,4-diyl))dibenzoic acid hydrate, H2{(Metrz-pba)2mPh}·H2O",1
1580,"4,4'-(5,6-dimethylbenzo[c][1,2,5]thiadiazole-4,7-diyl)dibenzoic acid",1
1581,"4,4'-(6-(pyren-2-yl)-5H-imidazo[4',5':4,5]benzo[1,2-c][1,2,5]thiadiazole-4,8-diyl)dibenzoic acid",1
1582,"4,4'-(6-phenyl-5H-imidazo[4',5':4,5]benzo[1,2-c][1,2,5]thiadiazole-4,8-diyl)dibenzoic acid",1
1583,"4,4'-(9,9-bis(S)-2-methylbutyl)-9H-fluorene-2,7-diyl)dibenzoic acid",1
1584,"4,4'-(Pyridine-3,5-diyl)bis(3-fluorobenzoic acid)",1
1585,"4,4'-(anthracene-9,10-diyl)dibenzoic acid",1
1586,"4,4'-(anthracene-9,10-diylbis(ethyne-2,1-diyl))dibenzoic acid",1
1587,"4,4'-(benzene-1,3-diyl)dibenzoic acid",1
1588,"4,4'-(benzo[c][1,2,5]oxadiazole-4,7-diyl)bis(3-methoxybenzoic acid)",1
1589,"4,4'-(benzo[c][1,2,5]selenadiazole-4,7-diyl)bis(3-methoxybenzoic acid)",1
1590,"4,4'-(benzo[c][1,2,5]thiadiazole-4,7-diyl)bis(3-aminobenzoic acid)",1
1591,"4,4'-(benzo[c][1,2,5]thiadiazole-4,7-diyl)bis(3-hydroxybenzoic acid)",1
1592,"4,4'-(benzo[c][1,2,5]thiadiazole-4,7-diyl)bis(3-methoxybenzoic acid)",1
1593,"4,4'-(benzo[c][1,2,5]thiadiazole-4,7-diyl)diphenyl dicarboxylic acid",1
1594,"4,4'-(buta-1,3-diyne-1,4-diyl)-dibenzoic acid",1
1595,"4,4'-(buta-1,3-diyne-1,4-diyl)dibenzoic acid",1
1596,"4,4'-(carbonylbis(azanediyl))dibenzoic acid",1
1597,"4,4'-(diazene-1,2-diyl)dibenzoic acid",1
1598,"4,4'-(dimethylsilanediyl)bis-benzoic acid",1
1599,"4,4'-(dimethylsilanediyl)dibenzoic acid",1
1600,"4,4'-(hexafluoroisopropylidene) diphthalic anhydride",1
1601,"4,4'-(hydroxymethanediyl) dibenzoic acid",1
1602,"4,4'-(naphtho[2,3-c][1,2,5]selenadiazole-4,9-diyl)bis(3-methoxybenzoic acid)",1
1603,"4,4'-(oxalylbis(azanediyl))bis(2-hydroxybenzoic acid)",1
1604,"4,4'-(pyrazine-2,6-diyl)dibenzoic acid",1
1605,"4,4'-(pyridine-2,6-diyl)-dibenzoic acid",1
1606,"4,4'-(quinolone-5,8-diyl)benzoate",1
1607,"4,4'-(quinoxaline-2,3-diyl)dibenzoic acid",1
1608,"4,4'-(trans-cyclohexane-1,2-diyl)bis(azanediyl)bis(carbonyl)dibenzoic acid",1
1609,"4,4'-Bipyrazole",1
1610,"4,4'-Ditetrazol-5-yl-biphenyl",1
1611,"4,4'-[(5-carboxy-1,3-phenylene)bis(oxy)]dibenzoic acid",1
1612,"4,4'-[(pyridine-2,6-dicarbonyl)bis(azanediyl)]dibenzoic acid",1
1613,"4,4'-[isopropylidenebis(p-phenyleneoxy)]diacetic acid",1
1614,"4,4'-azobenzene dicarboxylic acid",1
1615,"4,4'-azobenzoic acid",1
1616,"4,4'-azobipyridine",1
1617,"4,4'-azobis(pyridine)",1
1618,"4,4'-azodisalicylic acid",1
1619,"4,4'-azoxydibenzoic acid",1
1620,"4,4'-biphenyldicarboxylate ligand",1
1621,"4,4'-bipyrazole",1
1622,"4,4'-bis(1,2,4-triazole)",1
1623,"4,4'-bis(1-imidazolyl)biphenyl",1
1624,"4,4'-bis(1-imidazolyl-1-ylmethyl)biphenyl",1
1625,"4,4'-bis(1H-benzotriazoloxymethyl)biphenyl",1
1626,"4,4'-bis(3,3'-dicyano)pyridine",1
1627,"4,4'-bis(benzimidazole-1-ylmethyl)biphenyl",1
1628,"4,4'-bis(benzoimidazol-1-yl)biphenyl",1
1629,"4,4'-bis(imidazol-1-yl)-biphenyl",1
1630,"4,4'-bis(imidazolyl)biphenyl",1
1631,"4,4'-bis(pyridyl)acetylene",1
1632,"4,4'-bis[(1,2,4-triazol-1-yl)methyl]biphenyl",1
1633,"4,4'-bistriazole-3,3'-biphenyldicarboxylic acid",1
1634,"4,4'-di(4H-1,2,4-triazol-4-yl)-1,10-biphenyl",1
1635,"4,4'-dibenzoic acid-2,2'-sulfone",1
1636,"4,4'-dicarboxy-2,2'-bipyridine",1
1637,"4,4'-dicarboxybiphenylsulfone",1
1638,"4,4'-dihydroxy-(1,1'-biphenyl)-3,3'-dicarboxylic acid",1
1639,"4,4'-dihydroxy-1,1'-biphenyl-3,3'-dicarboxylic acid",1
1640,"4,4'-dimethoxybiphenyl-3,3',5,5'-tetra(phenyl-4-carboxylic acid)",1
1641,"4,4'-dimethyl-2,2'-bipyridine",1
1642,"4,4'-dioxidobiphenyl-3,3'-dicarboxylic acid",1
1643,"4,4'-dipyridylnitride",1
1644,"4,4'-disulfo-[1,1'-diphenyl]-2,2'-dicarboxylic acid",1
1645,"4,4'-dithiodibenzoic acid",1
1646,"4,4'-ethynylenedibenzoic acid",1
1647,"4,4'-hexafluoroisopropylidenebisbenzoic acid",1
1648,"4,4'-methylenebis-(oxy)dibenzoic acid",1
1649,"4,4'-methylenedibenzoic acid",1
1650,"4,4'-oxidibenzoic acid",1
1651,"4,4'-oxidiphtalic acid",1
1652,"4,4'-oxy-3,3'-dichlorosulfo-dibenzoic acid",1
1653,"4,4'-oxy-bis(benzoic acid)",1
1654,"4,4'-oxybenzoic acid",1
1655,"4,4'-oxybis(benzoic) acid",1
1656,"4,4'-oxybisbenzoyl-bis(L-alanine)",1
1657,"4,4'-oxybisbenzoyl-bis(L-proline)",1
1658,"4,4'-oxydiphthalic acid",1
1659,"4,4'-trimethylenedipyridine",1
1660,"4,4'-{[3,5-bis(trifluoromethyl)phenyl]azanediyl}dibenzoic acid",1
1661,"4,4,4,4-(Porphine-5,10,15,20-tetrayl) tetrakis",1
1662,"4,4,8,8-tetraethyl-2,8-pyrazaboledicarboxylic acid",1
1663,"4,4-azobenzenedicarboxylic acid",1
1664,"4,4-dicarboxy-2,2'-bipyridine",1
1665,"4,40-(Benzo[c][1,2,5]thiadiazole-4,7-diyl)bis(3-methoxybenzoic acid)",1
1666,"4,5,6-trihydroxyisophthalic acid",1
1667,"4,5,9,10-tetrahydropyrene-2,7-dicarboxylic acid",1
1668,"4,5-di(1H-tetrazol-5-yl)-2H-imidazole",1
1669,"4,5-di(3'-carboxylphenyl)-phthalic acid",1
1670,"4,5-di(4'-carboxylphenyl)phthalic acid",1
1671,"4,5-dicarboxyimidazole",1
1672,"4,5-dicyano-2-ethoxy-imidazole",1
1673,"4,5-dimethyl-1-hydroxyimidazole-3-oxide",1
1674,"4,5-imidazoledicarboxylic acid",1
1675,"4,6-dihydroxyisophthalic acid",1
1676,"4,7-bis(1H-imidazole-1-yl)-2,1,3-benzothiadiazole",1
1677,"4,7-bis(2,3,6,7-tetrahydroxy-9H-carbazol-9-yl)benzo[1,2-c:4,5-c']bis([1,2,5]thiadiazole)",1
1678,"4,7-bis(2,3,6,7-tetrahydroxy-9H-carbazol-9-yl)benzo[c][1,2,5]thiadiazole",1
1679,"4,7-bis(imidazolyl) benzothiazole",1
1680,"4,7-di(1H-pyrazol-4-yl)benzo[c][1,2,5]selenadiazole",1
1681,"4,7-di(4-pyridyl)-2,1,3-benzothiadiazole",1
1682,"4,7-di(pyridin-4-yl)benzo[c][1,2,5]thiadiazole",1
1683,"4,8-dihydroxynaphthalene-2,6-dicarboxylic acid",1
1684,4-(((1 H-imidazol-2-yl)methylene)amino)benzoic acid,1
1685,4-((2-(pyridine-2-yl)-1H-imidazol-1-yl)methyl)benzoic acid,1
1686,4-((4-(1H-imidazol-1-yl)phenylimino)methyl)benzoic acid,1
1687,"4-((4-([2,2':6',2″-terpyridin]-4'-yl)benzyl)oxy)benzoic acid",1
1688,4-((4-carboxybenzylidene)amino)benzoic acid,1
1689,"4-(1,2,4-triazol-4-yl)phenylphosphonic acid",1
1690,"4-(1,2,4-triazole)benzoic acid",1
1691,4-(1-carboxy-ethoxy)-benzoic acid,1
1692,4-(1H-pyrazol-4-yl)benzoic acid,1
1693,4-(1H-pyrazol-4-yl)pyridine,1
1694,4-(1H-tetrazol-5-yl)phenol,1
1695,4-(1H-tetrazole-5-yl)benzoic acid,1
1696,"4-(2,2':6',2''-terpyridine)-3,5-benzenedicarboxylic acid",1
1697,"4-(2,4-dicarboxylphenyl) picolinic acid",1
1698,"4-(2,6-bis(4'-carboxy-[1,1'-biphenyl]-4-yl)pyridin-4-yl)isophthalic acid",1
1699,4-(2-Carboxyvinyl benzoic acid),1
1700,4-(2-carboxy-phenoxy)-phthalic acid,1
1701,4-(2-carboxyvinyl)benzoic acid,1
1702,4-(2-ethyl-1H-imidazol-1-yl)benzoic acid,1
1703,4-(2-imidazolylvinyl)benzonitrile,1
1704,"4-(3',5'-dicarboxylphenoxy)phthalic acid",1
1705,"4-(3,5-dicarboxylatobenzyloxy)benzoic acid",1
1706,"4-(3,5-dicarboxylphenyl) picolinic acid",1
1707,"4-(3,5-dicarboxylphenyl)-2-methylpyridine",1
1708,"4-(3,5-dicarboxylphenyl)picolinic acid",1
1709,"4-(3,5-dicarboxyphenoxy)phthalic acid",1
1710,"4-(3,5-dimethyl-1H-pyrazol-4-yl)-benzoic acid",1
1711,"4-(3,5-dimethyl-1H-pyrazol-4-yl)pyridine",1
1712,"4-(3-(3-(carboxyphenyl)-5-methyl-4H-1,2,4-triazol-4-yl)benzoic acid",1
1713,"4-(3-(4-(carboxyphenyl)-5-methyl-4H-1,2,4-triazol-4-yl)benzoic acid",1
1714,4-(3-carboxyphenyl)picolinic acid,1
1715,4-(4'-phosphonophenoxy)phenyl phosphonic acid,1
1716,4-(4-carboxy-3-hydroxy-phenyl)-2-hydroxy-benzoic acid,1
1717,4-(4-carboxy-phenoxy)-phthalic acid,1
1718,4-(4-carboxy-phenyl)-pyridine-2-carboxylic acid,1
1719,4-(4-carboxylphenylmethylthio)benzoic acid,1
1720,4-(4-carboxyphenoxy)-isophthalic acid,1
1721,"4-(4-carboxyphenyl)-2,2':4',4″-terpyridine",1
1722,"4-(4-carboxyphenyl)-2,2':6',2″-terpyridine",1
1723,"4-(4-carboxyphenyl)-3,2':6',3''-terpyridine",1
1724,"4-(4-carboxyphenyl)-4,2':6',4''-terpyridine",1
1725,"4-(4-carboxyphenylamino)-3,5-dinitrobenzoic acid",1
1726,4-(4-cyanostyryl)pyridine,1
1727,4-(4-pyridyl)benzoic acid N-oxide,1
1728,"4-(4H-1,2,4-triazol-4-yl)benzoic acid",1
1729,"4-(4H-1,2,4-triazol-4-yl)phenylarsonic acid",1
1730,"4-(5-(1H-pyrazol-4-yl)-1H-1,2,4-triazol-3-yl)pyridine",1
1731,4-(5-carboxypyridin-2-yl)isophthalic acid,1
1732,4-(6-carboxy-pyridin-3-yl)-isophthalic acid,1
1733,"4-([4,2':6',4''-terpyridin]-4'-yl)benzoic acid",1
1734,"4-(p-carboxyphenyl)-1,2,4-triazole",1
1735,"4-(pyrid-4-yl)-1,2,4-triazole",1
1736,4-(pyridin-3-yl)benzoic acid,1
1737,4-(pyridin-4-yl)acrylic acid,1
1738,4-(pyridine-4-yl)phthalic acid,1
1739,"4-(tetrazol-5-yl)phenyl-4,2':6',4″-terpyridine",1
1740,4-(trifluoromethyl)phthalic acid,1
1741,4-Carboxycinnamic acid,1
1742,4-HOOC–C6H4–CH2N(CH2PO3H2)2,1
1743,"4-Hydroxypyridine-2,6-dicarboxylate",1
1744,4-Pyrazolecarboxylic acid,1
1745,4-[(2-(pyridine-2-yl)-1H-imidazol-1-yl)methyl]benzoic acid,1
1746,"4-[2,2':6',2''-terpyridine]-4'-ylbenzoic acid",1
1747,4-[2-(4-pyridyl)ethenyl]benzoic acid,1
1748,"4-[3,5-bis(4-carboxy-3-fluorophenyl)phenyl]-2-fluorobenzoic acid",1
1749,"4-[N,N-bis(4-methylbenzoic acid)amino] benzoic acid",1
1750,"4-[N,N-bis(4-methylbenzoic acid)amino]-2-chlorobenzoic acid",1
1751,"4-[N,N-bis(4-methylbenzoic acid)amino]-2-methylbenzoic acid",1
1752,"4-amino-3,5-bis(3-pyridyl)-1,2,4-triazole",1
1753,"4-amino-benzene-1,2,4-triazole",1
1754,4-aminobutylphosphonic acid,1
1755,4-aminophenyl tetrazole,1
1756,4-aminophenyl-1H-tetrazole,1
1757,4-aminophthalhydrazidate,1
1758,4-boronobenzoic acid,1
1759,4-bromobenzoic acid,1
1760,4-bromoisophthalic acid,1
1761,"4-carboxy-1-(3,5-dicarboxy-benzyl)-pyridinium chloride",1
1762,"4-carboxy-1-(3,5-dicarboxybenzyl)pyridinium bromide",1
1763,4-carboxyphenyl-1H-tetrazole,1
1764,4-chlorobenzoic acid,1
1765,4-chloroisophthalic acid,1
1766,"4-chloropyridine-2,6-dicarboxylic acid",1
1767,4-chlorosalicylic acid,1
1768,4-cyano-1-(cyanomethyl)pyridinium bromide,1
1769,4-cyanobenzoic acid,1
1770,4-cyanophenyl acetic acid,1
1771,4-cyanopyridine,1
1772,"4-cyclohexene-1,2-dicarboxylate",1
1773,4-dodecylbenzoic acid,1
1774,4-fluorobenzoic acid,1
1775,4-formyl-3-hydroxybenzoic acid,1
1776,4-formylbenzoic acid,1
1777,4-heptylbenzoic acid,1
1778,4-hydroxybenzoic acid,1
1779,4-methoxyisophthalic acid,1
1780,4-methylbenzoic acid,1
1781,4-methylsalicylic acid,1
1782,4-nitrobenzoic acid,1
1783,4-nitroimidazole,1
1784,"4-phenyl-2,6-bis(4'-carboxyphenyl)pyridine",1
1785,4-phosphonato-4'-biphenylcarboxylic acid,1
1786,4-phosphonobenzoic acid,1
1787,4-phosphonoethanesulfonic acid,1
1788,4-pyr-poly-2-ene,1
1789,4-pyridinecarbonitrile,1
1790,4-pyridinecarboxaldehyde,1
1791,4-pyridylacetic acid hydrochloride,1
1792,4-pyridylaminocarbonyl,1
1793,4-pyridyltetrazolate,1
1794,4-sulfobenzoic acid,1
1795,"4-sulfonaphthalene-2,6-dicarboxylic acid",1
1796,4-sulfophthalic acid,1
1797,4-tetracarboxyphenylporphyrin,1
1798,"40-(4-pyridyl)-4,20:60,400-terpyridine",1
1799,"4H-4-amino-1,2,4-triazole",1
1800,"5',5'''-bis(4-carboxyphenyl)-4''',6'-dimethoxy-2'',5''-bis(trifluoromethyl)-[1,1':3',1'':4'',1''':3''',1''''-quinquephenyl]-4,4''''-dicarboxylic acid",1
1801,"5',5″″,5‴‴'-((1,3,5-triazine-2,4,6-triyl)tris(azanediyl))tris-(([1,1':3',1″-terphenyl]-4,4″ dicarboxylic acid))",1
1802,"5'-(4,5-Bis(4-carboxyphenyl)-1H-imidazol-2-yl)-[1,1':3',1''-terphenyl]-4,4''-dicarboxylic acid",1
1803,"5'-(4-carboxy-2-fluorophenyl)-2,2''-difluoro-[1,1':3',1''-terphenyl]-4,4''-dicarboxylic acid",1
1804,"5'-(4-carboxy-2-methylphenyl)-2″-methyl-[1,1':3',1″-terphenyl]-3,4″,5-tricarboxylic acid",1
1805,"5'-(pyrazin-2-yl)-2H,4'H-3,3'-bi(1,2,4-triazole)",1
1806,"5'-carboxyl-[1,1':3',1″-terphenyl]-4,4″-dicarboxylic acid",1
1807,"5'-nitro-[1,1':3',1''-terphenyl]-4,4''-dicarboxylic acid",1
1808,"5,10,15,20-tetra(4-carboxyphenyl)porphyrin",1
1809,"5,10,15,20-tetra(4-pyridyl)porphyrin",1
1810,"5,10,15,20-tetrakis(3,4,5-trihydroxybiphenyl)porphyrin",1
1811,"5,10,15,20-tetrakis(3,4,5-trihydroxyphenyl)porphyrin-Co(II)",1
1812,"5,10,15,20-tetrakis(3,4,5-trihydroxyphenyl)porphyrin-Cu(II)",1
1813,"5,10,15,20-tetrakis(3,4,5-trihydroxyphenyl)porphyrin-Fe(II)",1
1814,"5,10,15,20-tetrakis(3,4,5-trihydroxyphenyl)porphyrin-Zn(II)",1
1815,"5,10,15,20-tetrakis(3,4-dihydroxyphenyl)porphyrin",1
1816,"5,10,15,20-tetrakis(4-pyridyl)porphyrin",1
1817,"5,10,15,20-tetrakis(p-phenylphosphonic acid)porphyrin",1
1818,"5,10-dihydroanthracene-2,7-dicarboxylic acid",1
1819,"5,15-bis(3,4,5-trifluorophenyl)-10,20-di(4-imidazol-1-yl-phenyl)porphyrin",1
1820,"5,15-bis(4-tert-butylphenyl)-10,20-di(4-imidazol-1-yl-phenyl)porphyrin",1
1821,"5,15-bis(pentafluorophenyl)-10,20-di(4-imidazol-1-yl-phenyl)porphyrin",1
1822,"5,5',10,10',15,15'-hexabutyltruxene-2,7,12-tricarboxylic acid",1
1823,"5,5',10,10',15,15'-hexadecyltruxene-2,7,12-tricarboxylic acid",1
1824,"5,5',10,10',15,15'-hexaethyltruxene-2,7,12-tricarboxylic acid",1
1825,"5,5',10,10',15,15'-hexahexyltruxene-2,7,12-tricarboxylic acid",1
1826,"5,5',10,10',15,15'-hexamethyltruxene-2,7,12-tricarboxylic acid",1
1827,"5,5',10,10',15,15'-hexaoctyltruxene-2,7,12-tricarboxylic acid",1
1828,"5,5',5''-((Oxo-λ5-phosphanetriyl)tris(azanediyl))triisophthalic acid",1
1829,"5,5',5''-(1,3,5-triazine-2,4,6-triyltriimino)triisophthalate hexasodium",1
1830,"5,5',5''-(pyridine-2,4,6-triyl)triisophthalic acid",1
1831,"5,5'-((1E,1'E)-((4,5-dihydroxy-1,2-phenylene)bis(azaneylylidene))bis(methaneylylidene))bis(benzene-1,2,4-triol)",1
1832,"5,5'-((4,4'-((4,4'-((pyridine-3,5-dicarbonyl)bis(azanediyl))bis(benzoyl))bis(azanediyl))bis(benzoyl))bis(azanediyl))diisophthalic acid",1
1833,"5,5'-((4,4'-((pyridine-3,5-dicarbonyl)bis(azanediyl))bis(benzoyl))bis(azanediyl))diisophthalic acid",1
1834,"5,5'-((6-chloro-1,3,5-triazine-2,4-diyl)bis(azanediyl))diisophthalic acid",1
1835,"5,5'-(([1,1'-biphenyl]-4,4'-dicarbonyl)bis(azanediyl))diisophthalic acid",1
1836,"5,5'-(([2,2'-bipyridine]-5,5'-dicarbonyl)bis(azanediyl))diisophthalic acid",1
1837,"5,5'-((pyridine-3,5-dicarbonyl)bis(azanediyl))diisophthalic acid",1
1838,"5,5'-(1,2-phenylenebis(methoxy))diisophthalic acid",1
1839,"5,5'-(1,3,6,8-tetraoxybenzo [3,8] phenanthroline 2–7-substituent)bis-1,3-benzoic acid",1
1840,"5,5'-(1,3-xylylenediamino) diisophthalic acid",1
1841,"5,5'-(1,4-(2-butene)bis(oxy)diisophthalic acid",1
1842,"5,5'-(1,4-phenylene)bis(1H-tetrazole)",1
1843,"5,5'-(1,4-phenylenebis(methoxy))diisophthalic acid",1
1844,"5,5'-(1,4-phenylenebis(methyleneoxy))diisophthalic acid",1
1845,"5,5'-(1,4-xylylenediamino) diisophthalic acid",1
1846,"5,5'-(1,4/1,3-phenylenebis(methoxy))diisophthalic acid",1
1847,"5,5'-(2,2-bis((3,5-dicarboxyphenoxy)methyl)propane-1,3-diyl)bis(oxy)diisophthalic acid",1
1848,"5,5'-(2,3,5,6-tetramethyl-1,4-phenylene)bis(methylene)bis(azanediyl)diisophthalic acid",1
1849,"5,5'-(2,3,6,7-tetramethoxyanthracene-9,10-diyl)diisophthalic acid",1
1850,"5,5'-(4',5'-bis(4-(1H-tetrazol-5-yl)phenyl)-[1,1':2',1''-terphenyl]-4,4''-diyl)bis(1H-tetrazole)",1
1851,"5,5'-(9,9-bis(S)-2-methylbutyl)-9H-fluorene-2,7-diyl)diisophthalic acid",1
1852,"5,5'-(anthracene-9,10-diylbis(ethyne-2,1-diyl))diisophthalic acid",1
1853,"5,5'-(benzo[c][1,2,5]thiadiazole-4,7-diyl)diisophthalic acid",1
1854,"5,5'-(benzothiadiazole-4,7-diyl)diisophthalic acid",1
1855,"5,5'-(biphenyl-4,4'-diylbis(methylene))bis(oxy)diisophthalic acid",1
1856,"5,5'-(buta-diyne-1,4-diyl)diisophthalic acid",1
1857,"5,5'-(dimethylgermanediyl)diisophthalic acid",1
1858,"5,5'-(hexane-1,6-diyl)-bis(oxy)diisophthalic acid",1
1859,"5,5'-(oxalylbis(azanediyl))diisophthalic acid",1
1860,"5,5'-(p-xylylenediamino)-1,1',3,3'-(benzene-tetra-carboxylic acid)",1
1861,"5,5'-(p-xylylenediamino)-1,1',3,3'-(benzenetetracarboxylic acid)",1
1862,"5,5'-(pentane-1,2-diyl)-bis(oxy)diisophthalic acid",1
1863,"5,5'-(pentane-1,4-diylbis(oxy))diisophthalic acid",1
1864,"5,5'-(propane-2,2-diyl)diisophthalic acid",1
1865,"5,5'-(pyridine-2,5-diyl)diisophthalic acid",1
1866,"5,5'-(pyridine-3,5-dicarbonyl)bis(azanediyl)diisophthalic acid",1
1867,"5,5'-(triazole-2,5-diyl)diisophthalic acid",1
1868,"5,5'-[(S)-(+)-2-methylpiperazine-1,4-diyl]diisophthalic acid",1
1869,"5,5'-[4,4'-(dimethylsilanediyl)bis(1,4-phenyl)bis(ethyne-1,2-diyl)]diisophthalic acid",1
1870,"5,5'-bis(1H-imidazol-1-yl)-2,2'-bithiophene",1
1871,"5,5'-bis(4-pyridyl)-2,2'-bithiophene",1
1872,"5,5'-carbonylbis(2-(pyridin-3-ylmethyl)isoindoline-1,3-dione)",1
1873,"5,5'-dicarboxy-2,2'-bipyridine",1
1874,"5,5'-dithiobis(2-nitrobenzoic acid)",1
1875,"5,5'-naphthalene-1,4-diyl-diisophthalic acid",1
1876,"5,5'-thiodiisophthalic acid",1
1877,"5,5,7,12,12,14-hexamethyl-1,4,8,11-tetraazacyclotetradecane-1,8-N,N'-dimethylene-isophthalic acid",1
1878,"5,5-dioxo-5H-dibenzo[b,d]thiophene-3,7-dicarboxylic acid",1
1879,"5,6-dimethyl-4,7-di(1H-pyrazol-4-yl)benzo[c][1,2,5]thiadiazole",1
1880,5-(((1H-imidazol-2-yl)methyl)amino)isophthalic acid,1
1881,"5-((2-carboxyphenoxy)methyl)benzene-1,3-dioic acid",1
1882,"5-((2-methyl-1H-imidazol-1-yl)methyl)benzene-1,3-dioic acid",1
1883,"5-((3-carboxyphenoxy)methyl)benzene-1,3-dioic acid",1
1884,"5-((4-carboxyphenoxy)methyl)benzene-1,3-dioic acid",1
1885,5-((6H-purin-6-yl)amino)isophthalic acid,1
1886,5-((carboxymethyl)amino)isophthalic acid,1
1887,"5-(1,2,4-triazol-1-yl) isophthalic acid",1
1888,"5-(1,2,4-triazol-4-yl)isophthalic acid",1
1889,"5-(1,2,4-triazoleyl)isophthalic acid",1
1890,5-(1-carboxy-ethoxy)-isophthalic acid,1
1891,"5-(1-oxo-1,3-dihydro-isoindol-2-yl)-isophthalic acid",1
1892,"5-(1H-1,2,4-triazol-1-yl) isophthalic acid",1
1893,"5-(1H-1,2,4-triazol-1-yl)isophthalic acid",1
1894,"5-(1H-1,2,4-triazol-1-yl)nicotinic acid",1
1895,5-(1H-imidazol-1-yl)isophthalic acid,1
1896,5-(1H-imidazol-4-yl)methylaminoisophthalic acid·2HCl,1
1897,5-(1H-tetrazol-1-yl)isophthalic acid,1
1898,5-(1H-tetrazol-5-yl)isophthalic acid,1
1899,5-(2'-carboxy-biphenyl-4-ylmethoxy)-isophthalic acid,1
1900,5-(2'-carboxylphenyl) nicotinic acid,1
1901,"5-(2,5-dicarboxyphenoxy)isophthalic acid",1
1902,5-(2-acetoxy-propionylamino)-isophthalic acid,1
1903,5-(2-carboxybenzyloxy) isophthalic acid,1
1904,5-(2-carboxypyrrolidine-1-carbonyl)isophthalic acid,1
1905,5-(2-methylpyridin-4-yl)isophthalic acid,1
1906,5-(2-pyrazinyl)tetrazole,1
1907,5-(2-pyridyl)tetrazole,1
1908,"5-(3',4'-Dicarboxylphenoxy)-isophthalic acid",1
1909,"5-(3',5'-dicarboxylphenyl) nicotinic acid",1
1910,"5-(3,5)-(dicarboxybenzyloxy)isophthalic acid",1
1911,"5-(3,5-dicarboxybenzyloxy)-3-pyridine carboxylic acid",1
1912,"5-(3,5-diethyl-4H-1,2,4-triazol-4-yl)isophthalic acid",1
1913,"5-(3,5-dimethyl-4H-1,2,4-triazol-4-yl)isophthalic acid",1
1914,5-(3-(1H-imidazol-1-yl)phenyl)-1H-tetrazole,1
1915,"5-(3-(n-propyl)-4H-1,2,4-triazol-4-yl)isophthalic acid",1
1916,5-(3-Pyridylmethoxy)isophthalic acid,1
1917,5-(3-amino-tetrazole-5-phenoxy)-isophthalic acid,1
1918,5-(3-carboxybenzyloxy)isophthalic acid,1
1919,"5-(3-ethyl-4H-1,2,4-triazol-4-yl)isophthalic acid",1
1920,"5-(3-ethyl-5-methyl-4H-1,2,4-triazol-4-yl)isophthalic acid",1
1921,"5-(3-methyl-4H-1,2,4-triazol-4-yl)isophthalic acid",1
1922,5-(3-pyridyl)-1H-tetrazole,1
1923,5-(4'-carboxylphenyl)nicotinic acid,1
1924,5-(4-(2H-tetrazol-5-yl)phenoxy)isophthalic acid,1
1925,5-(4-carboxybenzoylamino)-isophthalic acid,1
1926,5-(4-carboxybenzoylamino)isophthalic acid,1
1927,5-(4-carboxyphenoxy)isophthalic acid,1
1928,"5-(4-carboxyphenyl)-2,6-pyridinedicarboxylic acid",1
1929,5-(4-carboxyphenyl)pyridine-2-carboxylic acid,1
1930,5-(4-carboxypyridin-3-yl)isophthalic acid,1
1931,"5-(4-chlorophenyl)-10,15,20-tris(4-carboxyphenyl)porphyrin",1
1932,"5-(4-fluorophenyl)-10,15,20-tris(4-carboxyphenyl)porphyrin",1
1933,5-(4-imidazol-1-yl-phenyl)-2H-tetrazole,1
1934,5-(4-imidazol-1-ylphenyl)-2H-tetrazole,1
1935,5-(4-pyridin-3-yl-benzoylamino)isophthalic acid,1
1936,5-(4-pyridin-4-yl-benzoylamino)isophthalic acid,1
1937,5-(4-pyridyl)-methoxyl isophthalic acid,1
1938,5-(4-pyridyl)isophthalic acid,1
1939,5-(4-pyridyl)tetrazole sodium salt,1
1940,5-(6-Carboxypyridin-2-yl)isophthalic acid,1
1941,5-(6-Carboxypyridin-3-yl)isophthalic acid,1
1942,5-(Ethylthio)-1H-tetrazole,1
1943,5-(benzimidazole-1-yl)isophthalic acid,1
1944,5-(benzonic-4-ylmethoxy)-isophthalic acid,1
1945,5-(bis(4-carboxybenzyl)amino)isophthalic acid monohydrate,1
1946,5-(carboxyformamido)isophthalic acid,1
1947,5-(dihydroxyphosphoryl)isophthalic acid,1
1948,5-(imidazol-1-yl)-N'-(pyridin-4-ylmethylene) nicotinohydrazide,1
1949,5-(pyrazinyl)tetrazole,1
1950,5-(pyridin-2-ylmethyl)aminoisophthalic acid,1
1951,5-(pyridin-3-yl) isophthalic acid,1
1952,5-(pyridin-4-yl) isophthalic acid,1
1953,5-(pyridin-4-ylmethoxy) isophthalic acid,1
1954,5-(pyridine-3-yl)pyrazole-3-carboxylic acid,1
1955,5-(tert-butyl)isophthalic acid,1
1956,"5-[(1H-1,2,4-triazol-1-yl)methoxy] isophthalic acid",1
1957,"5-[(3,5-Dicarboxybenzyl)oxy]isophthalic acid",1
1958,5-[(4-carboxyphenyl)ethynyl]isophthalic acid,1
1959,5-[(anthracen-9-yl methyl)-amino]-isophthalic acid,1
1960,"5-[2-{2,4,6-trioxotetrahydropyrimidin-5(2H)-ylidene}hydrazinyl]isophthalic acid",1
1961,5-[bis(4-carboxybenzyl)-amino]isophthalic acid,1
1962,5-[bis(4-carboxybenzyl)amino] isophthalic acid,1
1963,5-aminisophthalic acid,1
1964,"5-boronobenzene-1,3-dicarboxylic acid",1
1965,5-chloronicotinic acid,1
1966,5-chlorosalicylic acid,1
1967,"5-cyan-1,3-benzenedipyrazole",1
1968,5-dimethylamino isophthalic acid,1
1969,5-ethoxyisophthalic acid,1
1970,"5-ethyl-pyridine-2,3-dicarboxylic acid",1
1971,5-fluoronicotinic acid,1
1972,5-hydroxy-2-pyrazinecarboxylic acid,1
1973,5-hydroxy-pyridine-2-carboxylic acid,1
1974,5-hydroxylisophthalic acid,1
1975,5-iodoisophthalic acid,1
1976,5-mercapto-1-methyltetrazole,1
1977,5-mercapto-isophthalic acid,1
1978,5-mercaptoisophthalic acid,1
1979,5-methoxy isophthalic acid,1
1980,5-methylbenzimidazole,1
1981,5-methylnicotinic acid,1
1982,5-methylpyrazine-2-carboxylic acid,1
1983,5-methyltetrazolate,1
1984,5-methylthio-2H-tetrazole,1
1985,5-methylthioisophthalic acid,1
1986,5-nitrosalicylic acid,1
1987,5-phenyl-1H-pyrazole-3-carboxylic acid,1
1988,"5-phosphonatophenyl-1,2,4-tricarboxylic acid",1
1989,"5-phosphonobenzene-1,3-dicarboxylic acid",1
1990,5-sulfoisophthalic acid,1
1991,"5-sulfonyl-1,2,4-benzenetricarboxylic acid",1
1992,5-sulfosalicylic acid,1
1993,5-tert-Butyl isophthalic acid,1
1994,5-tetrazolylisophthalic acid,1
1995,"5-trifluoromethyl-1,3-benzenedipyrazole",1
1996,5-{(pyridin-4-ylmethyl)amino}isophthalic acid,1
1997,"6,6',6'',6'''-((5'-(4-(bis(6-carboxynaphthalen-2-yl)amino)phenyl)-[1,1':3',1''-terphenyl]-4,4''-diyl)bis(azanetriyl))tetrakis(2-naphthoic acid)",1
1998,"6,6',6'',6'''-(7-(tert-butyl)pyrene-1,3,5,9-tetrayl)tetrakis(2-naphthoic acid)",1
1999,"6,6',6''-(1,3,5-Benzenetriyl)tris[2-naphthalenecarboxylic acid]",1
2000,"6,6',6″,6‴-(pyrene-1,3,6,8-tetrayl)tetrakis(2-naphthoic acid)",1
2001,"6,6'-(2,2-bis((6-carboxynaphthalen-2-yloxy)methyl)propane-1,3-diyl)bis(oxy)di-2-naphthoic acid",1
2002,"6,6'-dinitrobiphenyl-2,2',4,4'-tetracarboxylic acid",1
2003,"6,6,14,14-tetramethyl-6,14-dihydroquinoxalino[2,3-b]phenazinebistriazole",1
2004,"6,7-dimethyldibenzo[e,g][1,4]diazocine-3,10-dicarboxylic acid",1
2005,"6-(3,5-dicarboxyl phenyl) nicotinic acid",1
2006,"6-(3,5-dicarboxylphenyl)nicotinic acid",1
2007,6-(4-pyridyl)-terephthalic acid,1
2008,"6-(4H-1,2,4-triazol-4-yl)-2-naphthoic acid",1
2009,"6-(pyridin-4-yl)-5,6-dihydrobenzo[4,5]imidazo[1,2-c]quinazoline",1
2010,6-(pyridin-4-yl)nicotinic acid,1
2011,6-aminonicotinic acid,1
2012,6-mercaptonicotinic acid,1
2013,6OH-Cu-Salphen ligand,1
2014,6OH-Salphen ligand,1
2015,"9,10-anthracene dicarboxylic acid",1
2016,"9,10-bis(N-benzimidazolyl)-anthracene",1
2017,"9,10-di(1H-imidazol-1-yl)-anthracene",1
2018,"9,10-di(1H-imidazol-1-yl)anthracene",1
2019,"9,10-di(pyridine-4-yl)anthracene",1
2020,"9,10-ditetrazolateanthracene",1
2021,"9,9'-(1,4-phenylenebis(methylene))bis(9H-carbazole-3,6-dicarboxylic acid)",1
2022,"9,9'-(propane-1,3-diyl)bis(9H-carbazole-3,6-dicarboxylic acid)",1
2023,"9,9'-methylenebis(9H-carbazole-3,6-dicarboxylic acid)",1
2024,"9,9-bis(S)-2-methylbutyl-9H-fluorene-2,7-dicarboxylic acid",1
2025,"9,9-dibutyl-9H-fluorene-2,7-dicarboxylic acid",1
2026,"9-(4-carboxyphenyl)-9H-carbazole-3,6-dicarboxylic acid",1
2027,"9-(carboxymethyl)carbazole-3,6-dicarboxylic acid",1
2028,"9-H-carbazole-3,6-dicarboxylic acid",1
2029,"9-fluorenone-2,7-dicarboxylic acid",1
2030,"9-phenylcarbazole-3,6-dicarboxylic acid",1
2031,"9H-Carbazole-2,7-dicarboxylic acid",1
2032,Acid 1,1
2033,Adipic acid,1
2034,Ala-Boc-ta,1
2035,AzTPDC,1
2036,BPEA ligand,1
2037,BPYDC,1
2038,Benzene dicarboxylic acid,1
2039,"Benzene-1,3,5-tris(4-benzoic acid)",1
2040,BenzeneDiSulfonic Acid,1
2041,Benzimidazole,1
2042,"Benzimidazole-5,6-dicarboxylic acid",1
2043,Bi(4-pyridyl)3,1
2044,"Bicyclo[1.1.1]pentane-1,3-dicarboxylic acid",1
2045,"Bicyclo[2.2.2]octane-1,4-dicarboxylic acid",1
2046,"Biphenyl-3,4',5-tricarboxylic acid",1
2047,"Bis(4-(4H-1,2,4-triazol-4-yl)phenyl)methane",1
2048,"Co-TCPP (5,10,15,20-tetrakis(4-carboxyphenyl)porphyrin)",1
2049,"Co–TCPP (5,10,15,20-tetrakis(4-carboxyphenyl)porphyrinato) cobalt(II)",1
2050,CuTCPP,1
2051,"Cu–TCPP (5,10,15,20-tetrakis(4-carboxyphenyl)porphyrinato) copper(II)",1
2052,"D,L-tartaric acid",1
2053,D-(-)-tartaric acid,1
2054,D-(−)-tartaric acid,1
2055,D-3-(4-Pyridyl)-alanine,1
2056,D-aspartic acid,1
2057,D-tartaric acid,1
2058,DHP-diCO2H,1
2059,DHP-diCO2H-R,1
2060,"DHP-tetra(3,5,3',5'-Me)-diCO2H",1
2061,DL-camphoric acid,1
2062,DL-malic acid,1
2063,DL-tartaric acid,1
2064,E-ethylenedihydroxamic acid,1
2065,Et4N[Co(L3COOH)2] (2) metalloligand,1
2066,Et4N[Co(L4COOH)2] (1) metalloligand,1
2067,Et4N[Co(Lp‑COOH)2],1
2068,Fe(Br-TCPP)Cl,1
2069,Fe(III) meso-tetra(4-carboxyphenyl)porphyrin,1
2070,Fe(III) meso-tetra(4-carboxyphenyl)porphyrin chloride,1
2071,"Fe–TCPP (5,10,15,20-tetrakis(4-carboxyphenyl)porphyrinato) iron(III) chloride",1
2072,"Gallic acid (3,4,5-trihydroxybenzoic acid) monohydrate",1
2073,H(Me-3py-pba),1
2074,H(Me-4py-pba),1
2075,H2(H-2py-trz-ia),1
2076,H2(Me-2pym-trz-ia),1
2077,H2(Me-prz-trz-ia),1
2078,H2-pydcao·H2O,1
2079,H2BDC-(OCH3)2,1
2080,H2BDC-(OH)2,1
2081,H2BDC-N2H3,1
2082,H2BPDC-MIMS,1
2083,H2INAIP (5-(isonicotinamido)isophthalic acid),1
2084,"H2Me2-(S,S)-Mecysmox",1
2085,H2NDI–H,1
2086,H2bpdc-NHProBoc,1
2087,H2tpdc-NHProBoc,1
2088,H2tpdc-TEMPO,1
2089,"H3BBC (4,4',4″-(benzene-1,3,5-triyl-tris(benzene-4,1-diyl))tribenzoic acid)",1
2090,"H3BTFc (benzene-1,3,5-(2-furan-5-carboxylate))",1
2091,"H3ChirBTB-1 (1,3,5-tri{4-[2-(4-isopropyl-2-oxooxazolidin-3-yl)]benzoate}benzene)",1
2092,"H3ChirBTB-2 (1,3,5-tri{4-[2-(4-benzyl-2-oxooxazolidin-3-yl)]benzoate}benzene)",1
2093,H3L (5-(4-Carboxy-benzoylamino)-isophthalic acid),1
2094,"H3L1 (4,4',4″-((benzene-1,3,5-tricarbonyl)tris(azanediyl))tribenzoic acid)",1
2095,H3L1 (4-[3-(4-carboxyphenoxy)-2-[(4-carboxyphenoxy)methyl]-2-methyl-propoxy]benzoic acid),1
2096,H3LRu (Ru(phen)3-based metalloligand),1
2097,"H3tcpb-NHPro (1-L-pyrrolidine-2-carboxamide-2,4,6-tris(4-carboxyphenyl)benzene)",1
2098,H4BTDB ligand,1
2099,"H4L1: enantiopure 4,4',6,6'-tetrabenzoate SPINOL phosphoric acid linker",1
2100,"H4L2 (4-(3',5'-dicarboxylphenoxy)phthalic acid)",1
2101,"H4L2: enantiopure 4,4',6,6'-tetra(2-naphthoate) SPINOL phosphoric acid linker",1
2102,"H4tcbpe (4',4''',4''''',4'''''''-(ethene-1,1,2,2-tetrayl)tetrakis([1,1'-biphenyl]-4-carboxylic acid))",1
2103,"H5L1 (chiral phosphono-carboxylate ligand; 1,1'-biphenol-derived, 3,5-bis(trifluoromethyl)phenyl substituted)",1
2104,HIBA·HCl·H2O,1
2105,HL,1
2106,HMIBA·HCl·H2O,1
2107,"HO2C[PE-P(Dodec,Dodec)-EP]CO2H",1
2108,"HO2C[PE-P(H,NH2)-EP]CO2H",1
2109,"HO2C[PE-P(OCH2CH2OCH2CH2OMe,OCH2CH2OCH2CH2OMe)-EP]CO2H",1
2110,"HO2C[PE-P(OMe,OCH2CH2CH2-furan)-EP]CO2H",1
2111,"HO2C[PE-P(OMe,OCH2C≡CH)-EP]CO2H",1
2112,"HO2C[PE-P(OMe,OCH2C≡C–Si(iPr)3)-EP]CO2H",1
2113,"HO2C[PE-P(OMe,OMe)-EP]CO2H",1
2114,"HO2C[PE-P(OPent,OPent)-EP]CO2H",1
2115,HOOCC6H4CH2PO(OH)(OC2H5),1
2116,HOOC–C6H4–CH2PO–OH(OC2H5),1
2117,IL-Ti(salen)-derived dicarboxylic linker,1
2118,K(3-TPHAP),1
2119,K(H2mF-BTC),1
2120,K2bqdc,1
2121,KBH(2-mim)3,1
2122,KH2TDA,1
2123,"KH3L1 (3-(3',5'-dicarboxylphenoxy)phthalic acid)",1
2124,KHClCNAn,1
2125,L-Glutamic acid,1
2126,L-H2 = Ir(ppy)2(H2dcbpy)PF6,1
2127,L-OBAla methyl ester,1
2128,L-OBVal methyl ester,1
2129,L-cysteic acid,1
2130,L-glutamic acid hydrochloride,1
2131,L-thioproline,1
2132,L-tyrosine,1
2133,L1 (bis(4-pyridyl) hydrazone derivative),1
2134,"LBTX = 4,4'-bis(1H-1,2,4-triazole-1-yl)methyl)-1,1'-biphenyl",1
2135,MeSi(3Py)3,1
2136,MeSi(3Qy)3,1
2137,"Methyl hydrogen ((2'-cyano-[1,1'-biphenyl]-4-yl)methyl)phosphonate",1
2138,"N',N'-bis[1-(pyridin-3-yl)methylidene]benzil dihydrazone",1
2139,"N',N'-bis[1-(pyridin-4-yl)methylidene]benzil dihydrazone",1
2140,"N,N',N''-tris(3-pyridyl)-1,3,5-benzenetricarboxamide",1
2141,"N,N',N″-Tris(isophthalyl)-1,3,5-benzenetricarboxamide",1
2142,"N,N',N″-tris(isophthalyl)-1,3,5-benzenetricarboxamide",1
2143,"N,N'-(1,4-phenylenebis(methan-1-yl-1-ylidene))bis(4-(1H-imidazol-1-yl)aniline)",1
2144,"N,N'-(4,5-dihydroxy-1,2-phenylene)bis(2,4,5-trihydroxybenzamide)",1
2145,"N,N'-4,4'-bipiperidinebis(methylenephosphonic acid) hydrobromide adduct",1
2146,"N,N'-4,4'-bipiperidinebis(methylenephosphonic acid) hydrochloride adduct",1
2147,"N,N'-Di(4-pyridyl)-1,4,5,8-naphthalenetetracarboxydiimide",1
2148,"N,N'-bicyclo[2.2.2]oct-7-ene-2,3,5,6-tetracarboxdiimide bi(1,2,4-triazole)",1
2149,"N,N'-bis(2-pyrazinyl)piperazine",1
2150,"N,N'-bis(3-pyridinecarboxamide)-1,2-ethane",1
2151,"N,N'-bis(3-pyridinecarboxamide)-1,4-butane",1
2152,"N,N'-bis(3-pyridinecarboxamide)-piperazine",1
2153,"N,N'-bis(3-pyridyl) urea",1
2154,"N,N'-bis(3-pyridylmethyl)adipoamide",1
2155,"N,N'-bis(3-pyridylmethyl)sebacoamide",1
2156,"N,N'-bis(4-carboxyphenyl)urea",1
2157,"N,N'-bis(4-picolinoyl)hydrazine",1
2158,"N,N'-bis(4-pyridinecarboxamide)-1,2-ethane",1
2159,"N,N'-bis(4-pyridylmethyl)-1,4,5,8-naphthalenediimide",1
2160,"N,N'-bis(5-isophthalic acid) naphthalenediimide",1
2161,"N,N'-bis(5-isophthalic acid)-1,4,5,8-naphthalenediimide",1
2162,"N,N'-bis(pyridin-3-ylmethyl)-(1,1'-biphenyl)-4,4'-dicarboxamide",1
2163,"N,N'-bis(pyridin-3-ylmethyl)ethane-1,2-diamine",1
2164,"N,N'-bis(pyridin-4-ylmethylene)cyclohexane-1,4-diamine",1
2165,"N,N'-bis(pyridine-3-yl)pyridine-2,6-dicarboxamide",1
2166,"N,N'-bis(pyridine-3-yl)pyridine-3,5-dicarboxamide",1
2167,"N,N'-bis(pyridylcarbonyl)-4,4'-diaminodiphenyl ether",1
2168,"N,N'-bis-pyridin-4-ylmethylene-naphthalene-1,5-diamine",1
2169,"N,N'-di(3',3'',5',5''-tetrakis(4-carboxyphenyl))-1,2,6,7-tetrachloroperylene-3,4,9,10-tetracarboxylic acid diimide",1
2170,"N,N'-di(3-pyridyl)adipoamide",1
2171,"N,N'-di(3-pyridyl)octanediamide",1
2172,"N,N'-di(4-pyridyl)adipoamide",1
2173,"N,N'-di(4-pyridyl)dodecanamide",1
2174,"N,N'-diacetic acid imidazolium",1
2175,"N,N'-oxamidobis(benzoic acid)",1
2176,"N,N'-piperazinebis(methylenephosphonic acid) hydrochloride",1
2177,"N,N'-sulfuryldiimidazole",1
2178,"N,N,N',N'-tetra(2-pyridyl)-1,4-phenylenediamine",1
2179,"N,N,N',N'-tetra(2-pyridyl)-2,6-pyridinediamine",1
2180,"N,N,N',N'-tetra(2-pyridyl)biphenyl-4,4'-diamine",1
2181,"N,N,N',N'-tetra(4-carboxybenzyl)-1,3-diaminopropane dihydrochloride trihydrate",1
2182,"N,N,N',N'-tetrakis(4-carboxyphenyl)biphenyl-4,4'-diamine",1
2183,"N,N,N',N'-tetrakis(4-carboxyphenyl)−1,4-phenylenediamine",1
2184,"N,N-(2-pyridyl)-(4-pyridylmethyl)amine",1
2185,"N,N-bis(1(2)H-tetrazol-5-yl)amine",1
2186,"N,N-bis[1(2)H-tetrazol-5-yl]amine",1
2187,"N,N-di-(phenyl-2-hydroxy-4-carboxylate)-naphthalene-1,4,5,8-tetracarboxylic acid diimide",1
2188,"N-(3-carboxyphenyl)-4,4'-bipyridinium chloride",1
2189,N-(3-carboxyphenyl)iminodiacetic acid,1
2190,"N-(4-carboxybenzyl)-(3,5-dicarboxyl)pyridinium bromide",1
2191,N-(4-carboxyphenyl)iminodiacetic acid,1
2192,"N-(4-carboxyphenylmethylene)-4-(4-carboxyphenoxy)-1,8-naphthalimide",1
2193,"N-(4-cyanophenylmethylene)-4-(4-cyanophenoxy)-1,8-naphthalimide",1
2194,N-(4-pyridylmethyl)iminodiacetic acid,1
2195,"N-(pyridin-4-yl)-4-(pyridin-4-yl)-1,8-naphthalimide",1
2196,"N-(tetrazolmethyl)-4,4'-bipyridinium",1
2197,N-methyldiethanolamine,1
2198,"N-phenyl-N'-phenylbicyclo[2.2.2]oct-7-ene-2,3,5,6-tetracarboxdiimide dicarboxylic acid",1
2199,"N1,N4-bis(3,5-dicarboxyphenyl)fumaramide",1
2200,"N1,N4-bis(pyridin-4-ylmethylene)-benzene-1,4-diamine",1
2201,"N1,N4-di(pyridin-4-yl)naphthalene-1,4-dicarboxamide",1
2202,Na(pmtz)·H2O (sodium 5-(pyrimidyl)tetrazolate monohydrate),1
2203,"Na2(2,5-pyrdc)",1
2204,Na3BTC,1
2205,"Na3BTCMT (sodium salt of 4,4',4''-[1,3,5-benzenetriyltris(carbonylimino)]-trisbenzoic acid)",1
2206,Na3TATAB,1
2207,"Na4(1,2,4,5-btc)",1
2208,Ni-(4-tetraphosphonophenylporphyrin),1
2209,Ni-tetra(4-phosphonophenyl)porphyrin tetraphosphonic acid,1
2210,Ni–H2L (Ni(salphen) dicarboxylate metalloligand),1
2211,Ni–H2L (dicarboxyl-functionalized Ni(saldpen) metalloligand),1
2212,"Ni–TCPP (5,10,15,20-tetrakis(4-carboxyphenyl)porphyrinato) nickel(II)",1
2213,OxP tetracarboxylic acid 1,1
2214,OxP tetracarboxylic acid 2,1
2215,OxP tetracarboxylic acid 3,1
2216,OxP tetracarboxylic acid 4,1
2217,PEPEP-type dicarboxylic acid,1
2218,"PEPEP-type dicarboxylic acid (diacid 4a; R1 = OCH2C≡CH, R2 = O(CH2CH2O)3Me)",1
2219,Pd(TCPP),1
2220,PdTCPP (palladium metallated tetrakis(4-carboxyphenyl)porphyrin),1
2221,PhSn(4-pyridyl)3,1
2222,"Poly-2,5-bis(but-3-en-1-yloxy)terephthalic acid",1
2223,"Poly-2,5-bis(heptan-1-yloxy)terephthalic acid",1
2224,"Poly-2,5-bis(octan-1-yloxy)terephthalic acid",1
2225,"Poly-2,5-bis(pent-4-en-1-yloxy)terephthalic acid",1
2226,Pt(II) meso-tetra(4-carboxyphenyl)porphyrin chloride,1
2227,Pt(TCPP),1
2228,PyDC-PA ion pair linker,1
2229,"R,S-hydroxyphosphonoacetic acid",1
2230,Rh(TCPP)Cl,1
2231,Ru(TCPP)(CO),1
2232,Sb(4-pyridyl)3,1
2233,SinMe2n-(C6H4CO2H)2,1
2234,TATHB×3HCl,1
2235,TCPP (tetrakis(4-carboxyphenyl)porphyrin),1
2236,TDP-conjugated terphenyldicarboxylate,1
2237,Tetrakis[4-(carboxyphenyl)oxamethyl]methane acid,1
2238,Ti(salen)-derived dicarboxylic linker,1
2239,TiL(OBu)2 (Ti(salan) metalloligand),1
2240,Tipe,1
2241,"Tris(2',3',5',6'-tetramethylbiphenyl-4-carboxylic acid)borane",1
2242,VOL2 (oxovanadium(IV) salen dipyridine ligand),1
2243,"[1,1'-biphenyl]-3,3',5,5'-tetracarboxylic acid",1
2244,"[1,1':2',1″-terphenyl]-4,4',4″,5-tetracarboxylic acid",1
2245,"[1,1':3',1''-terphenyl]-3,3'',5,5''-tetracarboxylic acid",1
2246,"[1,1':3',1'']terphenyl-3,4',6'',3'''-tetracarboxylic acid",1
2247,"[1,1':3',1″-terphenyl]-3,3″,5,5″-tetracarboxylic acid",1
2248,"[1,1':3',1″-terphenyl]-4,4″,5'-tricarboxylic acid",1
2249,"[1,1':4',1''-terphenyl]-2,2'',4,4''-tetracarboxylic acid",1
2250,"[1,1':4',1''-terphenyl]-3,4'',5-tricarboxylic acid",1
2251,"[1,1':4',1''-terphenyl]-4,4''-dicarboxylic acid",1
2252,"[1,1':4',1″-ternaphthalene]-4,4″-dicarboxylic acid",1
2253,"[1,1':4',1″-terphenyl]-3,3″,5,5″-tetracarboxylic acid",1
2254,"[1,1':4',1″:4″,1‴-quaterphenyl]-3,3‴,5,5‴-tetracarboxylic acid",1
2255,"[1,1':4',1″]terphenyl-3,3″,5,5″-tetracarboxylic acid",1
2256,"[1,1':4',1″]terphenyl-3,3″,5,5″-tetrahydroxamic acid",1
2257,"[1,1';3',1″-terphenyl]-3,5',3″-tricarboxylic acid",1
2258,"[1,1';3',1″-terphenyl]-4,5',4″-tricarboxylic acid",1
2259,"[1,1';4',1″]terphenyl-3,5,2',5',3″,5″-hexacarboxylic acid",1
2260,"[1,10:30,100-terphenyl]-4,400,50-tricarboxylic acid",1
2261,"[2,2'-bipyridine]-5,5'-dicarboxylic acid",1
2262,"[5,10,15,20-tetrakis(3-(phosphonatophenyl)porphyrinato(2-)]palladium(II)",1
2263,"[5,10,15,20-tetrakis(4-(phosphonatophenyl))porphyrinato(2-)]palladium(II)",1
2264,"[5,10,15,20-tetrakis(4-carboxy-phenyl)porphyrinato]-Zn(II)",1
2265,[Co(Hdcbpy)3]·6H2O,1
2266,"[Cu(2,4-HPdc)2(H2O)2] metalloligand",1
2267,"[Fe(HL)2]·(BF4)2 (HL = 4-([2,2':6',2″-terpyridin]-4'-yl)benzoic acid)",1
2268,[H4L-Ru(TFA)(CO)(PPh3)]TFA,1
2269,[H4L-RuCl(CO)2]TFA,1
2270,[Ir(pqc)2(bpy)]Cl,1
2271,[Ir(pqc)2(bpyOMe)]Cl,1
2272,[Ir(pqc)2(phen)]Cl,1
2273,[Mn(HL1)]·[Na(H2O)6]·4H2O,1
2274,[PR43]2+·2[NO3]−,1
2275,[Ru(H2dcbpy)3]Cl2,1
2276,[Ru(bpy)2(H2dcbpy)]Cl2,1
2277,[Ru(bpy)3]2+-derived dicarboxylate ligand,1
2278,"[p-terphenyl]-4,4″-dicarboxylic acid",1
2279,aH-PTMHC,1
2280,acridone-based triacid H3AcTA,1
2281,"adamantane-1,3,5,7-tetrabenzoic acid",1
2282,"adamantane-1,3,5,7-tetracarboxylic acid",1
2283,adipamide,1
2284,alkane dioic acid,1
2285,ammelide,1
2286,anthracene-9-carboxylic acid,1
2287,"anthraquinone-1,4,5,8-tetracarboxylic acid",1
2288,"anthraquinone-1,5-disulfonic acid disodium salt",1
2289,"anthraquinone-2,6-disulfonic acid disodium salt",1
2290,ascorbic acid,1
2291,aspartic acid,1
2292,aurin tricarboxylic acid,1
2293,azino-quinoline ligand,1
2294,azobenzene dicarboxylic acid,1
2295,"azobenzene-4,4'-dicarboxylic acid",1
2296,azobenzene-functionalized terphenyl dicarboxylic acid,1
2297,benzene dicarboxylate,1
2298,benzene tribenzoate,1
2299,"benzene-1,2,3,4,5,6-hexacarboxylic acid",1
2300,"benzene-1,2,3-tricarboxylic acid",1
2301,"benzene-1,2,4,5-tetracarboxylic acid",1
2302,"benzene-1,2-dicarboxylic acid",1
2303,"benzene-1,3,5-tri-β-acrylic acid",1
2304,"benzene-1,3,5-triacetic acid",1
2305,"benzene-1,3,5-tricarboxylate triethylammonium salt",1
2306,"benzene-1,3,5-tris(m-benzoic acid)",1
2307,"benzene-1,3,5-triyltriisonicotinate",1
2308,"benzene-1,4-dioxydiacetic acid",1
2309,"benzene-2,5-dihydroxy-1,4-dicarboxylic acid",1
2310,benzenetribenzoic acid,1
2311,"benzimidazole-5,6-dicarboxylic acid",1
2312,"benzo[b]thiophene-2,6-dicarboxylic acid",1
2313,"benzo[c][1,2,5]thiadiazole-4,7-diylbis(ethyne-2,1-diyl)dibenzoic acid",1
2314,"benzo[d][1,3]dioxole-4,7-dicarboxylic acid",1
2315,benzobisimidazole,1
2316,"benzophenone 4,4'-dicarboxylic acid",1
2317,"benzophenone-2,4'-dicarboxylic acid",1
2318,"benzothiadiazolyl-substituted 4,4'-[1,4-phenylene-bis(ethyne-2,1-diyl)]-dibenzoic acid",1
2319,benzotriazol-1-yl-acetonitrile,1
2320,beta-cyclodextrin,1
2321,biphenyl tetrahydroxamic acid,1
2322,"biphenyl-2,2',4,4'-tetracarboxylic acid",1
2323,"biphenyl-2,2',4,4'-tetracarboxylic dianhydride",1
2324,"biphenyl-2,2',6,6'-tetracarboxylic acid",1
2325,"biphenyl-2,2'-dimethoxy-4,4'-dicarboxylic acid",1
2326,"biphenyl-2,3,3',5'-tetracarboxylic acid",1
2327,"biphenyl-2,4'-dicarboxylic acid",1
2328,"biphenyl-2,5,2',5'-tetracarboxylic acid",1
2329,"biphenyl-2,5,3'-tricarboxylic acid",1
2330,"biphenyl-3'-nitro-3,4',5-tricarboxylic acid",1
2331,"biphenyl-3,3 ,5,5 -tetracarboxylic acid",1
2332,"biphenyl-3,3',4,4'-tetracarboxylic acid",1
2333,"biphenyl-3,3',4,4'-tetracarboxylic dianhydride",1
2334,"biphenyl-3,3',5-tricarboxylic acid",1
2335,"biphenyl-3,5-dicarboxylic acid",1
2336,"biphenyl-4,4'-diacetic acid",1
2337,"biphenyl-4,4-dicarboxylic acid",1
2338,biphenyl-dicarboxylic acid,1
2339,biphenylenebis(phosphonic) acid,1
2340,"bis(1,2,4-triazol-1-yl)ethane",1
2341,"bis(1H-1,2,3-triazolo[4,5-b],[4',5'-i])dibenzo-[1,4]-dioxin",1
2342,bis(2-carboxyethyl) isocyanurate,1
2343,bis(2-hydroxyethyl) terephthalate,1
2344,"bis(3,5-bis((1H-imidazol-1-yl)methyl)-2,4,6-trimethylphenyl)methane",1
2345,"bis(4-(1,2,4-triazol-4-yl)phenyl)methane",1
2346,"bis(4-(4'-carboxyphenyl)-3,5-dimethylpyrazolyl)methane",1
2347,bis(4-(4-carboxyphenyl)-1H-pyrazolyl)methane,1
2348,"bis(4-(4H-1,2,4-triazol-4-yl)phenyl)methane",1
2349,bis(4-(pyridine-4-yl)phenyl)amine,1
2350,bis(4-carboxy-benzyl)amine,1
2351,bis(4-carboxyphenyl)-2-dimethylaminophosphine,1
2352,bis(4-pyridyl)acetylene,1
2353,bis(4-pyridylthio)methane,1
2354,bis(N-imidazolyl)methane,1
2355,bis(amidoquinoline) ligand,1
2356,bis(pyrazin-2-ylmethyl)phenylphosphine,1
2357,bis(pyrazol-1-yl)butane,1
2358,bis(pyrazol-1-yl)ethane,1
2359,bis(pyrazol-1-yl)methane,1
2360,bis(pyrazol-1-yl)propane,1
2361,"bis(pyridin-3-ylmethylene)biphenyl-2,2'-dicarbohydrazide",1
2362,bis(pyridylmethyl)piperazine,1
2363,"bis-(3,5-dicarboxyphenyl)terephthalamide",1
2364,bis-(4-carboxypyrazolyl)methane,1
2365,"bis-[4-(4-carboxyphenyl)-3,5-dimethylpyrazolyl]methane",1
2366,bis-[4-(4-carboxyphenyl)pyrazolyl]methane,1
2367,bis-tris propane,1
2368,"bis[4-(3,5-dicarboxyphenyl)-1H-3,5-dimethylpyrazolyl]methane",1
2369,bisbenzimidazole,1
2370,bromo-terephthalic acid,1
2371,bromoterephthalic acid,1
2372,"butane-1,4-dicarboxylic acid",1
2373,carboxylate-functionalized naphthalene diimide linker,1
2374,chelidamic acid hydrate,1
2375,chloranilic acid,1
2376,chloroterephthalic acid,1
2377,"cis,cis,cis,cis,cis-1,2,3,4,5,6-cyclohexanehexacarboxylic acid",1
2378,"cis,cis,cis-cyclopentanetetracarboxylic acid",1
2379,"cis,cis-1,3,5-cyclohexanetricarboxylate",1
2380,cis-/trans-H4L-RuCl2(CO),1
2381,citraconic acid,1
2382,clathrochelate linker GU-1,1
2383,cobalt(II) tetrakis(4-carboxyphenyl)porphyrin,1
2384,compound 1,1
2385,copper(II) tetrakis(4-carboxyphenyl)porphyrin,1
2386,croconic acid,1
2387,curcumin,1
2388,cyclic triimidazole,1
2389,"cyclobutane-1,2,3,4-tetracarboxylic dianhydride",1
2390,"cyclohex-1-ene-1,2-dicarboxylic acid",1
2391,"cyclohexane-1,2,3,4,5,6-hexacarboxylic acid",1
2392,cyclohexane-functionalized iron(II)-clathrochelate-based meta-benzenedicarboxylate linker,1
2393,"cyclopentane-1,1-diacetic acid",1
2394,di(4-pyridyl)amine,1
2395,di-2-pyridyl ketone,1
2396,dia nitrate salt (diaH2(NO3)2),1
2397,"dibenzo[e,g][1,4]diazocine-3,10-dicarboxylic acid, 4,4'-dibromo derivative",1
2398,dicarboxylate-functionalized salen ligand,1
2399,diethanolamine,1
2400,"diethyl (R,S)-4,4'-biquinoline-3,3'-dicarboxylate",1
2401,"diethyl 2,2'-(1H,1'H-2,2'-biimidazole-1,1'-diyl)diacetate",1
2402,"difluoro-substituted 4,4'-[1,4-phenylene-bis(ethyne-2,1-diyl)]-dibenzoic acid",1
2403,diglycolic acid,1
2404,"diisopropyl 3,5-dicarboxylphenylphosphonate",1
2405,"dimepip-(2,2'-F)-diCO2H",1
2406,"dimepip-(3,3'-NO2)-diCO2H",1
2407,dimepip-diCO2H,1
2408,"dimethyl-substituted 4,4'-[1,4-phenylene-bis(ethyne-2,1-diyl)]-dibenzoic acid",1
2409,"diphenylmethane-4,4'-dicarboxylic acid",1
2410,dipicolinic acid,1
2411,"dipotassium 2,6-naphthalenedicarboxylate",1
2412,dipyridin-4-ylsulfane,1
2413,"dipyrido[3,2-d:2',3'-f]quinoxaline",1
2414,"disodium 1,4-phenylenediacrylate",1
2415,"disodium 1,5-naphthalenedisulfonate",1
2416,"disodium 2,5-dihydroxyterephthalate",1
2417,"disodium 2,5-thiophenedicarboxylate",1
2418,"disodium 2,6-naphthalenedisulfonate",1
2419,disodium 2-aminoterephthalate,1
2420,disodium 2-hydroxyterephthalate monohydrate,1
2421,"disodium 3,4-pyridinedicarboxylate",1
2422,"disodium 4,4'-bis(2-sulfonatostyryl)biphenyl",1
2423,"disodium 4,4'-oxy-bis(benzoate)",1
2424,disodium D-tartrate,1
2425,disodium DL-tartrate,1
2426,disodium L-tartrate,1
2427,disodium croconate,1
2428,disodium isophthalate,1
2429,"disodium salt of 2,5-pyridine dicarboxylic acid",1
2430,"disodium salt of [1,2,3]triazolo[4,5-f]benzotriazole-4,8(2H,6H)-dione [Na2(C6N6O2)·4H2O]",1
2431,disodium succinate,1
2432,dodecarboxylic acid substituted resorcin[4]arene ligand L,1
2433,dpmh,1
2434,ellagic acid,1
2435,ethanediamine,1
2436,ethyl 2-(2-pyridin-imidazolyl) acetate,1
2437,ethyl 2-(hydroxymethyl)isonicotinate,1
2438,ethyl tetrazolate-5-carboxylate,1
2439,ethylenediamine,1
2440,ethylenediammonium bis(hydrogen oxalate) monohydrate,1
2441,"etidronic acid (1-hydroxyethylidene-1,1-diphosphonic acid), 60% aqueous",1
2442,ferrocenyl cyclodiphosphazane [Fe(η5-C5H4)2(PNtBu)2],1
2443,ferulic acid,1
2444,fluconazole,1
2445,"fluorenone-2,7-dicarboxylic acid",1
2446,fluorine-functionalized imidazole-2-formaldehyde,1
2447,glutarate,1
2448,glycolic acid,1
2449,glyphosine,1
2450,guanazole,1
2451,hexa(4-(carboxyphenyl)oxamethyl)-3-oxapentane acid,1
2452,hexa-carboxylate ligand,1
2453,hexa-carboxylic acid linker,1
2454,hexacarboxylic polychlorotriphenylmethyl radical,1
2455,hexahydroxybenzene,1
2456,"hexakis(1,2,4-triazol-ylmethyl)benzene",1
2457,hexakis(4-carboxyl-3-methoxyphenoxy)cyclotriphosphazene,1
2458,hexakis(4-carboxylatophenoxy)-cyclotriphosphazene,1
2459,homophthalic acid,1
2460,homoterephthalic acid,1
2461,"hydroquinone-O,O'-diacetic acid",1
2462,hydroxyl-functionalized terphenyl dicarboxylic acid,1
2463,imidazolate-2-carboxyaldehyde,1
2464,imidazole-2-carbaldehyde,1
2465,"imidazolium dicarboxylic acid (H2LBr), [(CH2COOH)2im]Br",1
2466,iminodiacetic acid,1
2467,isoT12H6,1
2468,isoniazid,1
2469,"lithium 1-(2-pyridinylmethyl)-pyrazole-3,5-dicarboxylate",1
2470,"lithium 1-(4-pyridinylmethyl)-1H-1,2,4-triazole-3-carboxylate",1
2471,"lithium 1-(4-pyridinylmethyl)-pyrazole-3,5-dicarboxylate",1
2472,m-phenylenediacrylic acid,1
2473,maleic hydrazide,1
2474,maleimide-attached H2L ligand,1
2475,melem,1
2476,meso-Tetra(4-carboxyphenyl)porphine,1
2477,meso-tartaric acid,1
2478,meso-tartaric acid hydrate,1
2479,meso-tartaric acid monohydrate,1
2480,meso-tetra(3-carboxyphenyl)porphine,1
2481,meso-tetra(4-carboxyphenyl)porphine,1
2482,meso-tetrakis(4-carboxyphenyl)porphyrinato aluminum(III) hydroxide (L1-Al(OH)),1
2483,meso-tetrakis(4-carboxyphenyl)porphyrinato iron(III) chloride (L1-Fe(Cl)),1
2484,meso-tetrakis(4-carboxyphenyl)porphyrinato palladium(II),1
2485,methane tetra-p-phenylphosphonic acid,1
2486,"methanetetrayl(biphenyl-3,5-dicarboxylic acid)",1
2487,methanetriacetic acid,1
2488,methoxyterephthalic acid,1
2489,methyl ester form of terephthalic acid,1
2490,methyl formate,1
2491,methyl-3-{3-(2-pyridin-4-yl-vinyl)-phenyl}-propenate,1
2492,methylene-bispyrazole based dicarboxylic acid,1
2493,methylmalonic acid,1
2494,methylterephthalic acid,1
2495,"mono-nitro substituted 4,4',4″-(1,3,5-triazine-2,4,6-triyl)tribenzoic acid",1
2496,monosodium 2-sulfoterephthalic acid,1
2497,monosodium salt of 2-sulfonyl terephthalic acid,1
2498,n-pentadecyl-attached imidazolium decorated dicarboxylic acid,1
2499,"naphthalene-1,4,5,8-tetracarboxylic acid",1
2500,"naphthalene-2,3-dicarboxylic acid",1
2501,"naphthalene-2,6-diylbis(phosphonic acid)",1
2502,"naphthyl-substituted 4,4'-[1,4-phenylene-bis(ethyne-2,1-diyl)]-dibenzoic acid",1
2503,neocuproine,1
2504,neutral N-donor ligand,1
2505,"nickel(II) 5,10,15,20-tetrakis(3,4-dihydroxyphenyl)porphyrin",1
2506,nicotinic acid N-oxide,1
2507,nitrilotriacetic acid,1
2508,nitro terephthalic acid,1
2509,nitroterephthalic acid,1
2510,o-phenylenedicarboxylic acid,1
2511,o-phthalic acid,1
2512,octafluoroadipic acid,1
2513,octahydroxyl tetraphenylbenzene,1
2514,ortho-phenylenediacetic acid,1
2515,oxalate,1
2516,oxonic acid potassium salt,1
2517,p-benzenediacrylic acid,1
2518,p-biphenyldicarboxylic acid,1
2519,"p-carborane-1,12-dicarboxylic acid",1
2520,p-carboxycinnamic acid,1
2521,p-carboxyphenylarsonic acid,1
2522,p-cyanophenoxyacetic acid,1
2523,p-phenylenediamine,1
2524,"p-terphenyl-2,2'',2''',5,4'',4'''-hexcarboxylic acid",1
2525,"p-terphenyl-3,3″,5,5″-tetracarboxylic acid",1
2526,"p-terphenyl-3,4″,5-tricarboxylic acid",1
2527,"p-terphenyl-3,5,3',5'-tetracarboxylic acid",1
2528,p-tert-butylsulfonyl calix[4]arene,1
2529,p-xylene diphosphonic acid,1
2530,p-xylylenediphosphonic acid,1
2531,palladated linker trans-[PdCl2(PDC)2],1
2532,"pamoic acid (H2pam) = 4,4'-methylenebis[3-hydroxy-2-naphthalenecarboxylic acid]",1
2533,para-azobipyridine,1
2534,"pbpdc-8a-u (poly-[1,1'-biphenyl]-3,3'-bis(pent-4-en-1-yloxy)-4,4'-dicarboxylic acid)",1
2535,pentiptycene proligand 22H,1
2536,"perylene-3,4,9,10-tetracarboxylic dianhydride",1
2537,phenylpropynoic acid,1
2538,phenylsuccinic acid,1
2539,phosphoserine,1
2540,phytic acid,1
2541,picolinic acid,1
2542,"pip-(2,2'-CF3)-diCO2H",1
2543,"pip-(2,2'-OH)-diCO2H",1
2544,"pip-(3,3'-F)-diCO2H",1
2545,"pip-(3,3'-Me)-diCO2H",1
2546,"pip-tetra(3,5,3',5'-F)-diCO2H",1
2547,piperazine dicarbamate (as [HDBU]2[PZ(CO2)2]·2MeCN),1
2548,piperazine hexahydrate,1
2549,"piperazine-1,4-diylbis(pyridine-4-ylmethanone)",1
2550,piperidinium salt of trimellitic acid,1
2551,polyethylene terephthalate,1
2552,polyethylene terephthalate (PET) flakes,1
2553,polyethylene terephthalate (PET) waste,1
2554,"potassium 1,3,5-benzenetricarboxylate",1
2555,"potassium 4'-furyl-2,2':6',2″-terpyridine-4,4″-dicarboxylate",1
2556,"potassium 4,4'-(hexafluoroisopropylidene)bisbenzoate",1
2557,potassium hydrogen phthalate,1
2558,"potassium pyridine-2,3,5,6-tetracarboxylate",1
2559,potassium salt of 4-sulfobenzoic acid,1
2560,"ptpdc-10a-u (poly-[1,1':4',1'']-terphenyl-2',5'-bis(hex-5-en-1-yloxy)-4,4''-dicarboxylic acid)",1
2561,"ptpdc-8a-u (poly-[1,1':4',1'']-terphenyl-2',5'-bis(pent-4-en-1-yloxy)-4,4''-dicarboxylic acid)",1
2562,purine,1
2563,"pyrazine-2,5-dicarboxylic acid dihydrate",1
2564,pyrazinyl tetrazolate,1
2565,pyrazole,1
2566,"pyrene-2,7-dicarboxylic acid",1
2567,"pyrene-3,4,9,10-tetracarboxylic acid",1
2568,"pyridine-2,3,5,6-tetracarboxylic acid",1
2569,"pyridine-2,4-dicarboxylic acid",1
2570,"pyridine-2,4-dicarboxylic acid hydrate",1
2571,"pyridine-2,6-dimethanol",1
2572,"pyridine-2-yl-1H-imidazole-4,5-dicarboxylic acid",1
2573,"pyridine-3,5-bis(phenyl-4-carboxylic acid)",1
2574,"pyridine-3,5-dicarboxylate",1
2575,pyridine-functionalized boron dipyrromethene,1
2576,"pyridyl-2,5-dicarboxylic acid N-oxide",1
2577,pyridyl-4-phosphonic acid,1
2578,pyrimidin-2-ol,1
2579,pyrimidyl-5-carboxylic acid,1
2580,"quaterphenyl-2,5,2',5'-tetracarboxylic acid",1
2581,"quaterphenyl-3,3‴,5,5‴-tetracarboxylic acid",1
2582,quinoxaline,1
2583,"rac-2,2'-diethyoxy-1,1'-binaphthyl-4,4',6,6'-tetrakis(4-benzoic acid)",1
2584,rctt-tetrakis(4-pyridyl)cyclobutane,1
2585,resorcin[4]arene-functionalized dodecacarboxylic acid,1
2586,salicylic acid,1
2587,sarafloxacin hydrochloride,1
2588,sodium (S)-2-(1H-imidazole1-yl) propionate,1
2589,"sodium 1,2,4-triazolylacetate",1
2590,"sodium 1,4-benzenedicarboxylate",1
2591,"sodium 2,5-dihydroxyterephthalate dihydrate",1
2592,"sodium 3,3-bis(1H-1,2,4-triazol-1-yl)propionate",1
2593,"sodium 3,5-dicarboxybenzenesulfonate",1
2594,sodium 3-sulfobenzoate,1
2595,"sodium 4,4'-(1,3,4-oxadiazole-2,5-diyl)dibenzoate",1
2596,"sodium 4-amino-1,5-naphthalenedisulfonate",1
2597,sodium 5-sulfoisophthalate,1
2598,sodium croconate,1
2599,sodium dihydrogen 2-sulfoterephthalate,1
2600,sodium dihydrogen 5-sulfoisophthalate,1
2601,sodium isophthalate-5-sulphonate,1
2602,"sodium monomethyl benzene-1,3,5-tricarboxylate",1
2603,sodium p-phenylenediacrylate,1
2604,sodium salicylate,1
2605,"sodium salt of 1,1'-ferrocenedicarboxylic acid",1
2606,sodium salt of 5-sulfoisophthalic acid,1
2607,sodium terephthalate,1
2608,"spiro-4-py (2,2',7,7'-tetra(pyridin-4-yl)-9,9'-spirobi[fluorene])",1
2609,succinylsalicylic acid,1
2610,sulfosuccinic acid,1
2611,syringic acid,1
2612,"t,t-muconic acid",1
2613,terephthalaldehyde di-isonicotinoylhydrazone,1
2614,terepthalic acid,1
2615,"terphenyl-2,5,2',5'-tetracarboxylic acid",1
2616,"terphenyl-3,4″,5-tricarboxylic acid",1
2617,"terphenyl-4,2'',5'',4'-tetracarboxylic acid",1
2618,tetra(3-imidazoylphenyl)ethylene,1
2619,tetra(4-carboxyphenyl)porphine,1
2620,tetra(4-carboxyphenyl)porphyrin,1
2621,tetra-2-pyridinylpyrazine,1
2622,tetra-2-pyridylpyrazine,1
2623,tetra-4-(4-pyridyl)phenylmethane,1
2624,tetrabromobenzoic acid,1
2625,tetrabromoterephthalic acid,1
2626,"tetrabutylammonium 4',4'',4'''-(((λ4-boranetetrayl)tetrakis(2,3,5,6-tetrafluorobenzene-4,1-diyl))tetrakis(ethyne-2,1-diyl))tetrabenzoate",1
2627,"tetrabutylammonium tetrakis(pyridine-4-ethynyl-2,3,5,6-tetrafluorophenyl)borate",1
2628,tetracarboxylic meta-substituted four-wall aryl-extended calix[4]pyrrole,1
2629,tetracarboxylic porphyrin ligand,1
2630,"tetraethylammonium 4,5-dicyano-2-methylimidazolate",1
2631,"tetrafluoro-substituted 4,4'-[1,4-phenylene-bis(ethyne-2,1-diyl)]-dibenzoic acid",1
2632,tetrafluoroterephthalatic acid,1
2633,"tetrahydrofuran-2,3,4,5-tetracarboxylic acid",1
2634,"tetrahydroxy-1,4-benzoquinone",1
2635,tetrahydroxyquinone,1
2636,"tetrakis 3,5-bis[(4-carboxy)phenyl]phenyl porphine",1
2637,"tetrakis 3,5-bis[4-carboxyphenyl]phenyl porphine",1
2638,tetrakis(3-carboxyphenyl)silicon,1
2639,tetrakis(3-pyridyl)ethylsilane,1
2640,tetrakis(3-pyridyl)vinylsilane,1
2641,tetrakis(3-pyridyloxymethyl)methane,1
2642,tetrakis(4-(2-(pyridin-4-yl)ethyl)phenyl)methane,1
2643,"tetrakis(4-(4-pyridine ethynyl)-2,3,5,6-tetrafluorophenyl)borate",1
2644,"tetrakis(4-(4-pyridyl)-2,3,5,6-tetrafluorophenyl)borate",1
2645,tetrakis(4-carboxybiphenyl)porphyrin,1
2646,tetrakis(4-carboxyphenyl) silane,1
2647,tetrakis(4-carboxyphenyl)phosphonium,1
2648,tetrakis(4-carboxyphenyl)porphyrin stock solution in DMF,1
2649,tetrakis(4-oxycarbonylphenyl)silane,1
2650,tetrakis(4-pyridyloxymethyl)methane,1
2651,tetrakis(4carboxyphenyl)-porphyrin,1
2652,tetrakis[4-(1-imidazolyl)phenyl]methane,1
2653,tetrakis[4-(carboxyphenyl)-oxamethyl]methane acid,1
2654,tetramethylterephthalic acid,1
2655,tetrapyridylpyrazine,1
2656,tetrathiafulvalene tetrabenzoate acid,1
2657,tetrazol-1-ylacetic acid,1
2658,tetrazole-1-acetic acid,1
2659,thiadiazole dicarboxylate (tdz2−) as Na2tdz,1
2660,thiobis(4-methylene-benzoic acid),1
2661,"thiophene-2,5-diphosphonic acid",1
2662,thiophene-2-carboxylic acid,1
2663,thiophene-3-carboxylic acid,1
2664,"tin(IV) tetrakis 3,5-bis[4-carboxyphenyl]phenyl porphine chloride",1
2665,"tin(IV) tetrakis 3,5-bis[4-carboxyphenyl]phenyl porphine tetrafluoroborate",1
2666,"trans, trans-muconic acid",1
2667,"trans,trans-1,3-butadiene-1,4-dicarboxylic acid",1
2668,"trans-2,2'-[cyclohexane-1,4-diylbis(azanediyl)]bis(2-oxoacetic acid)",1
2669,"trans-2,5-dimethylpiperazine",1
2670,"trans-4,4'-stilbenedicarboxylic acid",1
2671,"trans-stilbene-4,4'-dicarboxylic acid",1
2672,tri(β-diketone) ligand L1,1
2673,"tricarboxylic acid Schiff base ligand from 2,4,6-trihydrazino-1,3,5-triazine (THDT) and 4-formylbenzoic acid",1
2674,triethyl phosphonoacetate,1
2675,"triethyl-1,3,5-benzenetricarboxylate",1
2676,triethylenediamine,1
2677,triformylphloroglucinol,1
2678,trimesoyltri(D-alanine),1
2679,trimesoyltri(L-alanine),1
2680,triphosphaazatriangulene,1
2681,triptycene proligand 12H,1
2682,triptycenedicarboxylic acid,1
2683,tris((4-carboxyl)phenylduryl)amine,1
2684,tris(2-carboxyethyl)isocyanuric acid,1
2685,"tris(4-(1,2,4-triazol-1-yl)phenyl)amine",1
2686,tris(4-(1H-imidazol-1-yl)phenyl)amine,1
2687,tris(4-(1H-pyrazol-4-yl)phenyl)amine,1
2688,tris(4-(2H-tetrazol-5-yl)phenyl)amine,1
2689,"tris(4-(4H-1,2,4-triazol-4-yl)phenyl)amine",1
2690,tris(4-(pyridin-4-yl)phenyl)amine,1
2691,"tris(4-carboxyl-2,3,5,6-tetrachlorophenyl)methane",1
2692,tris(4-carboxylphenyl)phosphine oxide,1
2693,tris(4-imidazolylphenyl)amine,1
2694,tris(4-pyridyl)triazine,1
2695,tris(hydroxymethyl)aminomethane,1
2696,tris(p-carboxyl-biphenyl)phosphine oxide,1
2697,tris(p-carboxylato)triphenylphosphine,1
2698,tris(p-carboxylic acid)tridurylborane,1
2699,tris(p-carboxyphenyl)methane,1
2700,tris(pyrazin-2-ylmethyl)phosphine,1
2701,"tris-[4-(2,2'-dipyridylamino)-phenyl]amine",1
2702,tris-{2-(4-carboxyphenoxy)ethyl}amine,1
2703,tris[(4-carboxyl)-phenylduryl]amine,1
2704,tris[4-(2'-methylimidazol-yl)phenyl]phosphine oxide,1
2705,trisodium 5-sulfoisophthalate,1
2706,"trisodium salt of 6-(3,5-dicarboxyl phenyl) nicotinic acid",1
2707,voriconazole,1
2708,zinc porphyrin ligand,1
2709,zinc tetra(4-carboxyphenyl)porphyrin,1
2710,"zinc(II) tetrakis 3,5-bis[(4-methoxycarbonyl)phenyl]phenyl porphine",1
2711,"α,α'-p-xylylenebis(1-(4-pyridylmethylene)-piper-4-azine)",1
2712,γ-cyclodextrin,1
