source_excel_row,DOI,Publisher,Publication Year
2,10.1002/adem.201400565,WILEY-V C H VERLAG GMBH,2015
3,10.1002/adem.202201335,WILEY-V C H VERLAG GMBH,2023
4,10.1002/adem.202400825,WILEY-V C H VERLAG GMBH,2024
5,10.1002/adfm.200600944,WILEY-V C H VERLAG GMBH,2007
6,10.1002/adfm.200901461,WILEY-V C H VERLAG GMBH,2009
7,10.1002/adfm.201002517,WILEY-V C H VERLAG GMBH,2011
8,10.1002/adfm.201002529,WILEY-V C H VERLAG GMBH,2011
9,10.1002/adfm.201101479,WILEY-V C H VERLAG GMBH,2011
10,10.1002/adfm.201400116,WILEY-V C H VERLAG GMBH,2014
11,10.1002/adfm.201402972,WILEY-V C H VERLAG GMBH,2015
12,10.1002/adfm.201503154,WILEY-V C H VERLAG GMBH,2015
13,10.1002/adfm.201505380,WILEY-V C H VERLAG GMBH,2016
14,10.1002/adfm.201600650,WILEY-V C H VERLAG GMBH,2016
15,10.1002/adfm.201600827,WILEY-V C H VERLAG GMBH,2016
16,10.1002/adfm.201601193,WILEY-V C H VERLAG GMBH,2016
17,10.1002/adfm.201601550,WILEY-V C H VERLAG GMBH,2016
18,10.1002/adfm.201604311,WILEY-V C H VERLAG GMBH,2017
19,10.1002/adfm.201705137,WILEY-V C H VERLAG GMBH,2018
20,10.1002/adfm.201705588,WILEY-V C H VERLAG GMBH,2018
21,10.1002/adfm.201805372,WILEY-V C H VERLAG GMBH,2019
22,10.1002/adfm.201806720,WILEY-V C H VERLAG GMBH,2019
23,10.1002/adfm.201808466,WILEY-V C H VERLAG GMBH,2019
24,10.1002/adfm.201903341,WILEY-V C H VERLAG GMBH,2019
25,10.1002/adfm.201907089,WILEY-V C H VERLAG GMBH,2020
26,10.1002/adfm.202001648,WILEY-V C H VERLAG GMBH,2020
27,10.1002/adfm.202005517,WILEY-V C H VERLAG GMBH,2020
28,10.1002/adfm.202008357,WILEY-V C H VERLAG GMBH,2021
29,10.1002/adfm.202011146,WILEY-V C H VERLAG GMBH,2021
30,10.1002/adfm.202102582,WILEY-V C H VERLAG GMBH,2021
31,10.1002/adfm.202102868,WILEY-V C H VERLAG GMBH,2021
32,10.1002/adfm.202105267,WILEY-V C H VERLAG GMBH,2022
33,10.1002/adfm.202105395,WILEY-V C H VERLAG GMBH,2021
34,10.1002/adfm.202105577,WILEY-V C H VERLAG GMBH,2021
35,10.1002/adfm.202112517,WILEY-V C H VERLAG GMBH,2022
36,10.1002/adfm.202204065,WILEY-V C H VERLAG GMBH,2022
37,10.1002/adfm.202208148,WILEY-V C H VERLAG GMBH,2022
38,10.1002/adfm.202212283,WILEY-V C H VERLAG GMBH,2023
39,10.1002/adfm.202213039,WILEY-V C H VERLAG GMBH,2023
40,10.1002/adfm.202214262,WILEY-V C H VERLAG GMBH,2023
41,10.1002/adfm.202214307,WILEY-V C H VERLAG GMBH,2023
42,10.1002/adfm.202302630,WILEY-V C H VERLAG GMBH,2024
43,10.1002/adfm.202303644,WILEY-V C H VERLAG GMBH,2023
44,10.1002/adfm.202307369,WILEY-V C H VERLAG GMBH,2023
45,10.1002/adfm.202308847,WILEY-V C H VERLAG GMBH,2024
46,10.1002/adfm.202403644,WILEY-V C H VERLAG GMBH,2024
47,10.1002/adfm.202404631,WILEY-V C H VERLAG GMBH,2024
48,10.1002/adfm.202404680,WILEY-V C H VERLAG GMBH,2024
49,10.1002/adfm.202410751,WILEY-V C H VERLAG GMBH,2024
50,10.1002/adfm.202410931,WILEY-V C H VERLAG GMBH,2024
51,10.1002/adfm.202416717,WILEY-V C H VERLAG GMBH,2025
52,10.1002/adfm.202500210,WILEY-V C H VERLAG GMBH,2025
53,10.1002/adfm.202501344,WILEY-V C H VERLAG GMBH,2025
54,10.1002/adfm.202504117,WILEY-V C H VERLAG GMBH,2025
55,10.1002/adfm.202504916,WILEY-V C H VERLAG GMBH,2025
56,10.1002/adfm.202509095,WILEY-V C H VERLAG GMBH,2025
57,10.1002/adhm.201600818,WILEY,2017
58,10.1002/adhm.201800950,WILEY,2018
59,10.1002/adma.200601604,WILEY-V C H VERLAG GMBH,2007
60,10.1002/adma.200903765,WILEY-V C H VERLAG GMBH,2010
61,10.1002/adma.200903867,WILEY-V C H VERLAG GMBH,2010
62,10.1002/adma.201000844,WILEY-V C H VERLAG GMBH,2010
63,10.1002/adma.201000857,WILEY-V C H VERLAG GMBH,2010
64,10.1002/adma.201004208,WILEY-BLACKWELL,2011
65,10.1002/adma.201101852,WILEY-V C H VERLAG GMBH,2011
66,10.1002/adma.201101952,WILEY-V C H VERLAG GMBH,2011
67,10.1002/adma.201104922,WILEY-V C H VERLAG GMBH,2012
68,10.1002/adma.201202447,WILEY-V C H VERLAG GMBH,2012
69,10.1002/adma.201403827,WILEY-V C H VERLAG GMBH,2015
70,10.1002/adma.201500789,WILEY-V C H VERLAG GMBH,2015
71,10.1002/adma.201602782,WILEY-V C H VERLAG GMBH,2017
72,10.1002/adma.201606134,WILEY-V C H VERLAG GMBH,2017
73,10.1002/adma.201606290,WILEY-V C H VERLAG GMBH,2017
74,10.1002/adma.201606949,WILEY-V C H VERLAG GMBH,2017
75,10.1002/adma.201701804,WILEY-V C H VERLAG GMBH,2017
76,10.1002/adma.201702953,WILEY-V C H VERLAG GMBH,2017
77,10.1002/adma.201704388,WILEY-V C H VERLAG GMBH,2018
78,10.1002/adma.201704944,WILEY-V C H VERLAG GMBH,2018
79,10.1002/adma.201705869,WILEY-V C H VERLAG GMBH,2018
80,10.1002/adma.201707234,WILEY-V C H VERLAG GMBH,2018
81,10.1002/adma.201800202,WILEY-V C H VERLAG GMBH,2018
82,10.1002/adma.201802497,WILEY-V C H VERLAG GMBH,2018
83,10.1002/adma.201804169,WILEY-V C H VERLAG GMBH,2018
84,10.1002/adma.201805871,WILEY-V C H VERLAG GMBH,2020
85,10.1002/adma.201806163,WILEY-V C H VERLAG GMBH,2020
86,10.1002/adma.201806334,WILEY-V C H VERLAG GMBH,2019
87,10.1002/adma.201807553,WILEY-V C H VERLAG GMBH,2019
88,10.1002/adma.201900104,WILEY-V C H VERLAG GMBH,2019
89,10.1002/adma.201901570,WILEY-V C H VERLAG GMBH,2019
90,10.1002/adma.201907063,WILEY-V C H VERLAG GMBH,2020
91,10.1002/adma.201907601,WILEY-V C H VERLAG GMBH,2020
92,10.1002/adma.202005745,WILEY-V C H VERLAG GMBH,2021
93,10.1002/adma.202101216,WILEY-V C H VERLAG GMBH,2021
94,10.1002/adma.202101257,WILEY-V C H VERLAG GMBH,2021
95,10.1002/adma.202101777,WILEY-V C H VERLAG GMBH,2021
96,10.1002/adma.202103316,WILEY-V C H VERLAG GMBH,2021
97,10.1002/adma.202105002,WILEY-V C H VERLAG GMBH,2021
98,10.1002/adma.202106400,WILEY-V C H VERLAG GMBH,2022
99,10.1002/adma.202106607,WILEY-V C H VERLAG GMBH,2022
100,10.1002/adma.202107696,WILEY-V C H VERLAG GMBH,2022
101,10.1002/adma.202109203,WILEY-V C H VERLAG GMBH,2022
102,10.1002/adma.202202504,WILEY-V C H VERLAG GMBH,2022
103,10.1002/adma.202204553,WILEY-V C H VERLAG GMBH,2023
104,10.1002/adma.202206706,WILEY-V C H VERLAG GMBH,2022
105,10.1002/adma.202210613,WILEY-V C H VERLAG GMBH,2024
106,10.1002/adma.202211302,WILEY-V C H VERLAG GMBH,2024
107,10.1002/adma.202211729,WILEY-V C H VERLAG GMBH,2023
108,10.1002/adma.202300951,WILEY-V C H VERLAG GMBH,2024
109,10.1002/adma.202304832,WILEY-V C H VERLAG GMBH,2024
110,10.1002/adma.202306275,WILEY-V C H VERLAG GMBH,2024
111,10.1002/adma.202308427,WILEY-V C H VERLAG GMBH,2024
112,10.1002/adma.202310061,WILEY-V C H VERLAG GMBH,2024
113,10.1002/adma.202312325,WILEY-V C H VERLAG GMBH,2024
114,10.1002/adma.202401739,WILEY-V C H VERLAG GMBH,2024
115,10.1002/adma.202403328,WILEY-V C H VERLAG GMBH,2024
116,10.1002/adma.202403834,WILEY-V C H VERLAG GMBH,2024
117,10.1002/adma.202407154,WILEY-V C H VERLAG GMBH,2025
118,10.1002/adma.202412071,WILEY-V C H VERLAG GMBH,2025
119,10.1002/adma.202414151,WILEY-V C H VERLAG GMBH,2025
120,10.1002/adma.202414362,WILEY-V C H VERLAG GMBH,2025
121,10.1002/adma.202418344,WILEY-V C H VERLAG GMBH,2025
122,10.1002/adma.202500370,WILEY-V C H VERLAG GMBH,2025
123,10.1002/admi.201400040,WILEY,2014
124,10.1002/admi.201800032,WILEY,2018
125,10.1002/admi.201800287,WILEY,2018
126,10.1002/admi.201801062,WILEY,2018
127,10.1002/admi.201801895,WILEY,2019
128,10.1002/admi.201902098,WILEY,2020
129,10.1002/admi.202100586,WILEY,2021
130,10.1002/admi.202100730,WILEY,2021
131,10.1002/admi.202101678,WILEY,2022
132,10.1002/admi.202101908,WILEY,2022
133,10.1002/admi.202102086,WILEY,2022
134,10.1002/admi.202201099,WILEY,2022
135,10.1002/admi.202201532,WILEY,2023
136,10.1002/admi.202201753,WILEY,2023
137,10.1002/admi.202201771,WILEY,2023
138,10.1002/admi.202202031,WILEY,2023
139,10.1002/admi.202300075,WILEY,2023
140,10.1002/admt.201800413,WILEY,2019
141,10.1002/admt.201800666,WILEY,2019
142,10.1002/admt.202001184,WILEY,2021
143,10.1002/admt.202301456,WILEY,2024
144,10.1002/adom.201900336,WILEY-V C H VERLAG GMBH,2019
145,10.1002/adom.202001421,WILEY-V C H VERLAG GMBH,2021
146,10.1002/adom.202200058,WILEY-V C H VERLAG GMBH,2022
147,10.1002/adom.202200213,WILEY-V C H VERLAG GMBH,2022
148,10.1002/adom.202200484,WILEY-V C H VERLAG GMBH,2022
149,10.1002/adom.202201856,WILEY-V C H VERLAG GMBH,2023
150,10.1002/adom.202300142,WILEY-V C H VERLAG GMBH,2023
151,10.1002/adom.202300856,WILEY-V C H VERLAG GMBH,2023
152,10.1002/adom.202302309,WILEY-V C H VERLAG GMBH,2024
153,10.1002/adom.202302405,WILEY-V C H VERLAG GMBH,2024
154,10.1002/adom.202401081,WILEY-V C H VERLAG GMBH,2024
155,10.1002/adom.202402127,WILEY-V C H VERLAG GMBH,2025
156,10.1002/adsc.201000808,WILEY-V C H VERLAG GMBH,2011
157,10.1002/adsc.201300554,WILEY-V C H VERLAG GMBH,2013
158,10.1002/adsc.201300611,WILEY-V C H VERLAG GMBH,2013
159,10.1002/adsc.201600364,WILEY-V C H VERLAG GMBH,2016
160,10.1002/adsc.201601072,WILEY-V C H VERLAG GMBH,2017
161,10.1002/adsc.201800486,WILEY-V C H VERLAG GMBH,2018
162,10.1002/adsc.201800817,WILEY-V C H VERLAG GMBH,2018
163,10.1002/adsc.201800875,WILEY-V C H VERLAG GMBH,2018
164,10.1002/adsc.201801223,WILEY-V C H VERLAG GMBH,2019
165,10.1002/adsc.202000499,WILEY-V C H VERLAG GMBH,2020
166,10.1002/adsc.202401414,WILEY-V C H VERLAG GMBH,2025
167,10.1002/adsc.202401540,WILEY-V C H VERLAG GMBH,2025
168,10.1002/adsu.201600028,WILEY-V C H VERLAG GMBH,2017
169,10.1002/adsu.201700092,WILEY-V C H VERLAG GMBH,2017
170,10.1002/adsu.201800053,WILEY-V C H VERLAG GMBH,2018
171,10.1002/adsu.202000059,WILEY-V C H VERLAG GMBH,2020
172,10.1002/adsu.202100317,WILEY-V C H VERLAG GMBH,2022
173,10.1002/adsu.202300269,WILEY-V C H VERLAG GMBH,2023
174,10.1002/advs.201600048,WILEY,2016
175,10.1002/advs.201801526,WILEY,2019
176,10.1002/advs.201802056,WILEY,2019
177,10.1002/advs.201802059,WILEY,2019
178,10.1002/advs.201802365,WILEY,2019
179,10.1002/advs.201900250,WILEY,2019
180,10.1002/advs.201902897,WILEY,2020
181,10.1002/advs.202004456,WILEY,2021
182,10.1002/advs.202206748,WILEY,2023
183,10.1002/advs.202305786,WILEY,2024
184,10.1002/advs.202305833,WILEY,2024
185,10.1002/advs.202310189,WILEY,2024
186,10.1002/advs.202401070,WILEY,2024
187,10.1002/advs.202407984,WILEY,2024
188,10.1002/advs.202412592,WILEY,2025
189,10.1002/advs.202416540,WILEY,2025
190,10.1002/advs.202501824,WILEY,2025
191,10.1002/advs.202504713,WILEY,2025
192,10.1002/aelm.202100871,WILEY,2022
193,10.1002/aelm.202400773,WILEY,2025
194,10.1002/aenm.201500107,WILEY-V C H VERLAG GMBH,2015
195,10.1002/aenm.201500867,WILEY-V C H VERLAG GMBH,2015
196,10.1002/aenm.201701416,WILEY-V C H VERLAG GMBH,2018
197,10.1002/aenm.202401887,WILEY-V C H VERLAG GMBH,2024
198,10.1002/aenm.202500211,WILEY-V C H VERLAG GMBH,2025
199,10.1002/ajoc.201402019,WILEY-V C H VERLAG GMBH,2014
200,10.1002/ajoc.201900556,WILEY-V C H VERLAG GMBH,2019
201,10.1002/ajoc.201900569,WILEY-V C H VERLAG GMBH,2019
202,10.1002/ajoc.201900708,WILEY-V C H VERLAG GMBH,2020
203,10.1002/ajoc.202000726,WILEY-V C H VERLAG GMBH,2021
204,10.1002/ajoc.202100535,WILEY-V C H VERLAG GMBH,2021
205,10.1002/ajoc.202100811,WILEY-V C H VERLAG GMBH,2022
206,10.1002/ajoc.202300085,WILEY-V C H VERLAG GMBH,2023
207,10.1002/ajoc.202300642,WILEY-V C H VERLAG GMBH,2024
208,10.1002/anie.201307340,WILEY-V C H VERLAG GMBH,2014
209,10.1002/anie.201307681,WILEY-V C H VERLAG GMBH,2014
210,10.1002/anie.201308589,WILEY-V C H VERLAG GMBH,2014
211,10.1002/anie.201310443,WILEY-V C H VERLAG GMBH,2014
212,10.1002/anie.201400581,WILEY-V C H VERLAG GMBH,2014
213,10.1002/anie.201402950,WILEY-V C H VERLAG GMBH,2014
214,10.1002/anie.201402951,WILEY-V C H VERLAG GMBH,2014
215,10.1002/anie.201406484,WILEY-V C H VERLAG GMBH,2014
216,10.1002/anie.201406501,WILEY-V C H VERLAG GMBH,2015
217,10.1002/anie.201407026,WILEY-V C H VERLAG GMBH,2014
218,10.1002/anie.201408101,WILEY-V C H VERLAG GMBH,2015
219,10.1002/anie.201410459,WILEY-V C H VERLAG GMBH,2015
220,10.1002/anie.201411735,WILEY-V C H VERLAG GMBH,2015
221,10.1002/anie.201411854,WILEY-V C H VERLAG GMBH,2015
222,10.1002/anie.201411862,WILEY-V C H VERLAG GMBH,2015
223,10.1002/anie.201500220,WILEY-V C H VERLAG GMBH,2015
224,10.1002/anie.201503362,WILEY-V C H VERLAG GMBH,2015
225,10.1002/anie.201504786,WILEY-V C H VERLAG GMBH,2015
226,10.1002/anie.201505461,WILEY-V C H VERLAG GMBH,2015
227,10.1002/anie.201505508,WILEY-V C H VERLAG GMBH,2015
228,10.1002/anie.201505512,WILEY-V C H VERLAG GMBH,2015
229,10.1002/anie.201506391,WILEY-V C H VERLAG GMBH,2015
230,10.1002/anie.201506888,WILEY-V C H VERLAG GMBH,2015
231,10.1002/anie.201508107,WILEY-V C H VERLAG GMBH,2016
232,10.1002/anie.201508763,WILEY-V C H VERLAG GMBH,2016
233,10.1002/anie.201509213,WILEY-V C H VERLAG GMBH,2016
234,10.1002/anie.201509352,WILEY-V C H VERLAG GMBH,2016
235,10.1002/anie.201511009,WILEY-V C H VERLAG GMBH,2016
236,10.1002/anie.201511063,WILEY-V C H VERLAG GMBH,2016
237,10.1002/anie.201512054,WILEY-V C H VERLAG GMBH,2016
238,10.1002/anie.201600896,WILEY-V C H VERLAG GMBH,2016
239,10.1002/anie.201601754,WILEY-V C H VERLAG GMBH,2016
240,10.1002/anie.201602274,WILEY-V C H VERLAG GMBH,2016
241,10.1002/anie.201602667,WILEY-V C H VERLAG GMBH,2016
242,10.1002/anie.201603320,WILEY-V C H VERLAG GMBH,2016
243,10.1002/anie.201603687,WILEY-V C H VERLAG GMBH,2016
244,10.1002/anie.201604730,WILEY-V C H VERLAG GMBH,2016
245,10.1002/anie.201604879,WILEY-V C H VERLAG GMBH,2016
246,10.1002/anie.201605547,WILEY-V C H VERLAG GMBH,2016
247,10.1002/anie.201608463,WILEY-V C H VERLAG GMBH,2016
248,10.1002/anie.201610914,WILEY-V C H VERLAG GMBH,2017
249,10.1002/anie.201611785,WILEY-V C H VERLAG GMBH,2017
250,10.1002/anie.201612587,WILEY-V C H VERLAG GMBH,2017
251,10.1002/anie.201701217,WILEY-V C H VERLAG GMBH,2017
252,10.1002/anie.201701604,WILEY-V C H VERLAG GMBH,2017
253,10.1002/anie.201702162,WILEY-V C H VERLAG GMBH,2017
254,10.1002/anie.201706721,WILEY-V C H VERLAG GMBH,2017
255,10.1002/anie.201707238,WILEY-V C H VERLAG GMBH,2017
256,10.1002/anie.201707367,WILEY-V C H VERLAG GMBH,2017
257,10.1002/anie.201708092,WILEY-V C H VERLAG GMBH,2018
258,10.1002/anie.201708843,WILEY-V C H VERLAG GMBH,2017
259,10.1002/anie.201708924,WILEY-V C H VERLAG GMBH,2018
260,10.1002/anie.201709738,WILEY-V C H VERLAG GMBH,2017
261,10.1002/anie.201710019,WILEY-V C H VERLAG GMBH,2018
262,10.1002/anie.201710164,WILEY-V C H VERLAG GMBH,2017
263,10.1002/anie.201800423,WILEY-V C H VERLAG GMBH,2018
264,10.1002/anie.201800619,WILEY-V C H VERLAG GMBH,2018
265,10.1002/anie.201801116,WILEY-V C H VERLAG GMBH,2018
266,10.1002/anie.201801122,WILEY-V C H VERLAG GMBH,2018
267,10.1002/anie.201801957,WILEY-V C H VERLAG GMBH,2018
268,10.1002/anie.201802694,WILEY-V C H VERLAG GMBH,2018
269,10.1002/anie.201802911,WILEY-V C H VERLAG GMBH,2018
270,10.1002/anie.201803081,WILEY-V C H VERLAG GMBH,2018
271,10.1002/anie.201803766,WILEY-V C H VERLAG GMBH,2018
272,10.1002/anie.201804383,WILEY-V C H VERLAG GMBH,2018
273,10.1002/anie.201804792,WILEY-V C H VERLAG GMBH,2018
274,10.1002/anie.201805355,WILEY-V C H VERLAG GMBH,2018
275,10.1002/anie.201806076,WILEY-V C H VERLAG GMBH,2018
276,10.1002/anie.201806910,WILEY-V C H VERLAG GMBH,2018
277,10.1002/anie.201807935,WILEY-V C H VERLAG GMBH,2018
278,10.1002/anie.201808240,WILEY-V C H VERLAG GMBH,2018
279,10.1002/anie.201808568,WILEY-V C H VERLAG GMBH,2018
280,10.1002/anie.201808885,WILEY-V C H VERLAG GMBH,2018
281,10.1002/anie.201810095,WILEY-V C H VERLAG GMBH,2018
282,10.1002/anie.201810251,WILEY-V C H VERLAG GMBH,2018
283,10.1002/anie.201811037,WILEY-V C H VERLAG GMBH,2019
284,10.1002/anie.201811638,WILEY-V C H VERLAG GMBH,2019
285,10.1002/anie.201812827,WILEY-V C H VERLAG GMBH,2019
286,10.1002/anie.201813598,WILEY-V C H VERLAG GMBH,2019
287,10.1002/anie.201900519,WILEY-V C H VERLAG GMBH,2019
288,10.1002/anie.201900787,WILEY-V C H VERLAG GMBH,2019
289,10.1002/anie.201900863,WILEY-V C H VERLAG GMBH,2019
290,10.1002/anie.201901343,WILEY-V C H VERLAG GMBH,2019
291,10.1002/anie.201901707,WILEY-V C H VERLAG GMBH,2019
292,10.1002/anie.201901760,WILEY-V C H VERLAG GMBH,2019
293,10.1002/anie.201905006,WILEY-V C H VERLAG GMBH,2019
294,10.1002/anie.201905456,WILEY-V C H VERLAG GMBH,2019
295,10.1002/anie.201905869,WILEY-V C H VERLAG GMBH,2019
296,10.1002/anie.201906606,WILEY-V C H VERLAG GMBH,2019
297,10.1002/anie.201907074,WILEY-V C H VERLAG GMBH,2019
298,10.1002/anie.201907389,WILEY-V C H VERLAG GMBH,2019
299,10.1002/anie.201908959,WILEY-V C H VERLAG GMBH,2019
300,10.1002/anie.201909046,WILEY-V C H VERLAG GMBH,2019
301,10.1002/anie.201909912,WILEY-V C H VERLAG GMBH,2019
302,10.1002/anie.201909988,WILEY-V C H VERLAG GMBH,2019
303,10.1002/anie.201910141,WILEY-V C H VERLAG GMBH,2020
304,10.1002/anie.201910542,WILEY-V C H VERLAG GMBH,2019
305,10.1002/anie.201912195,WILEY-V C H VERLAG GMBH,2020
306,10.1002/anie.201912911,WILEY-V C H VERLAG GMBH,2020
307,10.1002/anie.201913698,WILEY-V C H VERLAG GMBH,2020
308,10.1002/anie.201913748,WILEY-V C H VERLAG GMBH,2020
309,10.1002/anie.201914089,WILEY-V C H VERLAG GMBH,2020
310,10.1002/anie.201915279,WILEY-V C H VERLAG GMBH,2020
311,10.1002/anie.201915848,WILEY-V C H VERLAG GMBH,2020
312,10.1002/anie.202000158,WILEY-V C H VERLAG GMBH,2020
313,10.1002/anie.202000299,WILEY-V C H VERLAG GMBH,2020
314,10.1002/anie.202000670,WILEY-V C H VERLAG GMBH,2020
315,10.1002/anie.202000678,WILEY-V C H VERLAG GMBH,2020
316,10.1002/anie.202000702,WILEY-V C H VERLAG GMBH,2020
317,10.1002/anie.202000795,WILEY-V C H VERLAG GMBH,2020
318,10.1002/anie.202002638,WILEY-V C H VERLAG GMBH,2020
319,10.1002/anie.202002705,WILEY-V C H VERLAG GMBH,2020
320,10.1002/anie.202003287,WILEY-V C H VERLAG GMBH,2020
321,10.1002/anie.202004205,WILEY-V C H VERLAG GMBH,2020
322,10.1002/anie.202005529,WILEY-V C H VERLAG GMBH,2020
323,10.1002/anie.202006124,WILEY-V C H VERLAG GMBH,2020
324,10.1002/anie.202006600,WILEY-V C H VERLAG GMBH,2020
325,10.1002/anie.202007146,WILEY-V C H VERLAG GMBH,2020
326,10.1002/anie.202007193,WILEY-V C H VERLAG GMBH,2020
327,10.1002/anie.202008260,WILEY-V C H VERLAG GMBH,2020
328,10.1002/anie.202008408,WILEY-V C H VERLAG GMBH,2020
329,10.1002/anie.202008943,WILEY-V C H VERLAG GMBH,2020
330,10.1002/anie.202009630,WILEY-V C H VERLAG GMBH,2020
331,10.1002/anie.202010783,WILEY-V C H VERLAG GMBH,2021
332,10.1002/anie.202011653,WILEY-V C H VERLAG GMBH,2021
333,10.1002/anie.202012019,WILEY-V C H VERLAG GMBH,2020
334,10.1002/anie.202012947,WILEY-V C H VERLAG GMBH,2021
335,10.1002/anie.202012971,WILEY-V C H VERLAG GMBH,2021
336,10.1002/anie.202013839,WILEY-V C H VERLAG GMBH,2021
337,10.1002/anie.202013885,WILEY-V C H VERLAG GMBH,2021
338,10.1002/anie.202014184,WILEY-V C H VERLAG GMBH,2021
339,10.1002/anie.202014791,WILEY-V C H VERLAG GMBH,2021
340,10.1002/anie.202015635,WILEY-V C H VERLAG GMBH,2021
341,10.1002/anie.202016522,WILEY-V C H VERLAG GMBH,2021
342,10.1002/anie.202016642,WILEY-V C H VERLAG GMBH,2021
343,10.1002/anie.202017042,WILEY-V C H VERLAG GMBH,2021
344,10.1002/anie.202100456,WILEY-V C H VERLAG GMBH,2021
345,10.1002/anie.202100675,WILEY-V C H VERLAG GMBH,2021
346,10.1002/anie.202102585,WILEY-V C H VERLAG GMBH,2021
347,10.1002/anie.202102670,WILEY-V C H VERLAG GMBH,2021
348,10.1002/anie.202105491,WILEY-V C H VERLAG GMBH,2021
349,10.1002/anie.202108150,WILEY-V C H VERLAG GMBH,2021
350,10.1002/anie.202110585,WILEY-V C H VERLAG GMBH,2021
351,10.1002/anie.202110629,WILEY-V C H VERLAG GMBH,2021
352,10.1002/anie.202111228,WILEY-V C H VERLAG GMBH,2022
353,10.1002/anie.202111893,WILEY-V C H VERLAG GMBH,2021
354,10.1002/anie.202112250,WILEY-V C H VERLAG GMBH,2021
355,10.1002/anie.202112880,WILEY-V C H VERLAG GMBH,2022
356,10.1002/anie.202114573,WILEY-V C H VERLAG GMBH,2022
357,10.1002/anie.202116145,WILEY-V C H VERLAG GMBH,2022
358,10.1002/anie.202117240,WILEY-V C H VERLAG GMBH,2022
359,10.1002/anie.202117345,WILEY-V C H VERLAG GMBH,2022
360,10.1002/anie.202200123,WILEY-V C H VERLAG GMBH,2022
361,10.1002/anie.202200242,WILEY-V C H VERLAG GMBH,2022
362,10.1002/anie.202201211,WILEY-V C H VERLAG GMBH,2022
363,10.1002/anie.202202207,WILEY-V C H VERLAG GMBH,2022
364,10.1002/anie.202203115,WILEY-V C H VERLAG GMBH,2022
365,10.1002/anie.202203250,WILEY-V C H VERLAG GMBH,2022
366,10.1002/anie.202204528,WILEY-V C H VERLAG GMBH,2022
367,10.1002/anie.202204568,WILEY-V C H VERLAG GMBH,2022
368,10.1002/anie.202204851,WILEY-V C H VERLAG GMBH,2022
369,10.1002/anie.202207467,WILEY-V C H VERLAG GMBH,2022
370,10.1002/anie.202207786,WILEY-V C H VERLAG GMBH,2022
371,10.1002/anie.202208139,WILEY-V C H VERLAG GMBH,2022
372,10.1002/anie.202209335,WILEY-V C H VERLAG GMBH,2022
373,10.1002/anie.202212532,WILEY-V C H VERLAG GMBH,2022
374,10.1002/anie.202213399,WILEY-V C H VERLAG GMBH,2023
375,10.1002/anie.202214748,WILEY-V C H VERLAG GMBH,2023
376,10.1002/anie.202215595,WILEY-V C H VERLAG GMBH,2023
377,10.1002/anie.202216699,WILEY-V C H VERLAG GMBH,2023
378,10.1002/anie.202217864,WILEY-V C H VERLAG GMBH,2023
379,10.1002/anie.202218027,WILEY-V C H VERLAG GMBH,2023
380,10.1002/anie.202218252,WILEY-V C H VERLAG GMBH,2023
381,10.1002/anie.202218590,WILEY-V C H VERLAG GMBH,2023
382,10.1002/anie.202219053,WILEY-V C H VERLAG GMBH,2023
383,10.1002/anie.202300721,WILEY-V C H VERLAG GMBH,2023
384,10.1002/anie.202301021,WILEY-V C H VERLAG GMBH,2023
385,10.1002/anie.202302436,WILEY-V C H VERLAG GMBH,2023
386,10.1002/anie.202302645,WILEY-V C H VERLAG GMBH,2023
387,10.1002/anie.202303102,WILEY-V C H VERLAG GMBH,2023
388,10.1002/anie.202303561,WILEY-V C H VERLAG GMBH,2023
389,10.1002/anie.202303753,WILEY-V C H VERLAG GMBH,2023
390,10.1002/anie.202303819,WILEY-V C H VERLAG GMBH,2023
391,10.1002/anie.202303903,WILEY-V C H VERLAG GMBH,2023
392,10.1002/anie.202305144,WILEY-V C H VERLAG GMBH,2023
393,10.1002/anie.202305646,WILEY-V C H VERLAG GMBH,2023
394,10.1002/anie.202306497,WILEY-V C H VERLAG GMBH,2023
395,10.1002/anie.202306905,WILEY-V C H VERLAG GMBH,2023
396,10.1002/anie.202307086,WILEY-V C H VERLAG GMBH,2023
397,10.1002/anie.202308506,WILEY-V C H VERLAG GMBH,2023
398,10.1002/anie.202308651,WILEY-V C H VERLAG GMBH,2023
399,10.1002/anie.202309108,WILEY-V C H VERLAG GMBH,2023
400,10.1002/anie.202310741,WILEY-V C H VERLAG GMBH,2023
401,10.1002/anie.202311983,WILEY-V C H VERLAG GMBH,2023
402,10.1002/anie.202312697,WILEY-V C H VERLAG GMBH,2023
403,10.1002/anie.202313591,WILEY-V C H VERLAG GMBH,2024
404,10.1002/anie.202316792,WILEY-V C H VERLAG GMBH,2023
405,10.1002/anie.202318475,WILEY-V C H VERLAG GMBH,2024
406,10.1002/anie.202319978,WILEY-V C H VERLAG GMBH,2024
407,10.1002/anie.202320008,WILEY-V C H VERLAG GMBH,2024
408,10.1002/anie.202320091,WILEY-V C H VERLAG GMBH,2024
409,10.1002/anie.202400162,WILEY-V C H VERLAG GMBH,2024
410,10.1002/anie.202401375,WILEY-V C H VERLAG GMBH,2024
411,10.1002/anie.202401817,WILEY-V C H VERLAG GMBH,2024
412,10.1002/anie.202405213,WILEY-V C H VERLAG GMBH,2024
413,10.1002/anie.202405333,WILEY-V C H VERLAG GMBH,2024
414,10.1002/anie.202408918,WILEY-V C H VERLAG GMBH,2024
415,10.1002/anie.202409211,WILEY-V C H VERLAG GMBH,2024
416,10.1002/anie.202409588,WILEY-V C H VERLAG GMBH,2024
417,10.1002/anie.202410043,WILEY-V C H VERLAG GMBH,2024
418,10.1002/anie.202411086,WILEY-V C H VERLAG GMBH,2024
419,10.1002/anie.202411440,WILEY-V C H VERLAG GMBH,2024
420,10.1002/anie.202411744,WILEY-V C H VERLAG GMBH,2024
421,10.1002/anie.202411960,WILEY-V C H VERLAG GMBH,2024
422,10.1002/anie.202412494,WILEY-V C H VERLAG GMBH,2024
423,10.1002/anie.202414026,WILEY-V C H VERLAG GMBH,2025
424,10.1002/anie.202414215,WILEY-V C H VERLAG GMBH,2025
425,10.1002/anie.202414271,WILEY-V C H VERLAG GMBH,2025
426,10.1002/anie.202414823,WILEY-V C H VERLAG GMBH,2025
427,10.1002/anie.202415576,WILEY-V C H VERLAG GMBH,2025
428,10.1002/anie.202415896,WILEY-V C H VERLAG GMBH,2025
429,10.1002/anie.202415919,WILEY-V C H VERLAG GMBH,2025
430,10.1002/anie.202417513,WILEY-V C H VERLAG GMBH,2025
431,10.1002/anie.202417658,WILEY-V C H VERLAG GMBH,2025
432,10.1002/anie.202417664,WILEY-V C H VERLAG GMBH,2025
433,10.1002/anie.202418901,WILEY-V C H VERLAG GMBH,2025
434,10.1002/anie.202419946,WILEY-V C H VERLAG GMBH,2025
435,10.1002/anie.202421132,WILEY-V C H VERLAG GMBH,2025
436,10.1002/anie.202421248,WILEY-V C H VERLAG GMBH,2025
437,10.1002/anie.202421822,WILEY-V C H VERLAG GMBH,2025
438,10.1002/anie.202421942,WILEY-V C H VERLAG GMBH,2025
439,10.1002/anie.202422517,WILEY-V C H VERLAG GMBH,2025
440,10.1002/anie.202422635,WILEY-V C H VERLAG GMBH,2025
441,10.1002/anie.202423341,WILEY-V C H VERLAG GMBH,2025
442,10.1002/anie.202423741,WILEY-V C H VERLAG GMBH,2025
443,10.1002/anie.202423939,WILEY-V C H VERLAG GMBH,2025
444,10.1002/anie.202500266,WILEY-V C H VERLAG GMBH,2025
445,10.1002/anie.202501053,WILEY-V C H VERLAG GMBH,2025
446,10.1002/anie.202502862,WILEY-V C H VERLAG GMBH,2025
447,10.1002/anie.202503855,WILEY-V C H VERLAG GMBH,2025
448,10.1002/anie.202505405,WILEY-V C H VERLAG GMBH,2025
449,10.1002/anie.202509741,WILEY-V C H VERLAG GMBH,2025
450,10.1002/anie.202510669,WILEY-V C H VERLAG GMBH,2025
451,10.1002/anie.202513208,WILEY-V C H VERLAG GMBH,2025
452,10.1002/aoc.1073,JOHN WILEY & SONS LTD,2006
453,10.1002/aoc.1325,WILEY,2007
454,10.1002/aoc.3109,WILEY,2014
455,10.1002/aoc.3313,WILEY,2015
456,10.1002/aoc.3493,WILEY,2016
457,10.1002/aoc.3528,WILEY-BLACKWELL,2016
458,10.1002/aoc.3656,WILEY,2017
459,10.1002/aoc.3715,WILEY,2017
460,10.1002/aoc.3729,WILEY,2017
461,10.1002/aoc.3746,WILEY,2017
462,10.1002/aoc.3747,WILEY,2017
463,10.1002/aoc.3798,WILEY,2017
464,10.1002/aoc.3862,WILEY,2017
465,10.1002/aoc.3866,WILEY,2017
466,10.1002/aoc.3957,WILEY,2018
467,10.1002/aoc.3995,WILEY,2018
468,10.1002/aoc.4062,WILEY,2018
469,10.1002/aoc.4065,WILEY,2018
470,10.1002/aoc.4066,WILEY,2018
471,10.1002/aoc.4307,WILEY,2018
472,10.1002/aoc.4360,WILEY,2018
473,10.1002/aoc.4370,WILEY,2018
474,10.1002/aoc.4447,WILEY,2018
475,10.1002/aoc.4469,WILEY,2018
476,10.1002/aoc.4529,WILEY,2018
477,10.1002/aoc.4629,WILEY,2019
478,10.1002/aoc.4632,WILEY,2019
479,10.1002/aoc.4679,WILEY,2019
480,10.1002/aoc.4747,WILEY,2019
481,10.1002/aoc.4801,WILEY,2019
482,10.1002/aoc.4816,WILEY,2019
483,10.1002/aoc.4819,WILEY,2019
484,10.1002/aoc.4841,WILEY,2019
485,10.1002/aoc.4843,WILEY,2019
486,10.1002/aoc.4958,WILEY,2019
487,10.1002/aoc.5027,WILEY,2019
488,10.1002/aoc.5056,WILEY,2019
489,10.1002/aoc.5176,WILEY,2019
490,10.1002/aoc.5269,WILEY,2020
491,10.1002/aoc.5281,WILEY,2020
492,10.1002/aoc.5313,WILEY,2020
493,10.1002/aoc.5317,WILEY,2020
494,10.1002/aoc.5362,WILEY,2020
495,10.1002/aoc.5470,WILEY,2020
496,10.1002/aoc.5477,WILEY,2020
497,10.1002/aoc.5521,WILEY,2020
498,10.1002/aoc.5566,WILEY,2020
499,10.1002/aoc.5575,WILEY,2020
500,10.1002/aoc.5580,WILEY,2020
501,10.1002/aoc.5603,WILEY,2020
502,10.1002/aoc.5639,WILEY,2020
503,10.1002/aoc.5654,WILEY,2020
504,10.1002/aoc.5701,WILEY,2020
505,10.1002/aoc.5712,WILEY,2020
506,10.1002/aoc.5717,WILEY,2020
507,10.1002/aoc.5782,WILEY,2020
508,10.1002/aoc.5783,WILEY,2020
509,10.1002/aoc.5905,WILEY,2020
510,10.1002/aoc.5951,WILEY,2020
511,10.1002/aoc.5965,WILEY,2020
512,10.1002/aoc.5977,WILEY,2020
513,10.1002/aoc.6039,WILEY,2021
514,10.1002/aoc.6064,WILEY,2021
515,10.1002/aoc.6190,WILEY,2021
516,10.1002/aoc.6288,WILEY,2021
517,10.1002/aoc.6319,WILEY,2021
518,10.1002/aoc.6350,WILEY,2021
519,10.1002/aoc.6360,WILEY,2021
520,10.1002/aoc.6414,WILEY,2021
521,10.1002/aoc.6434,WILEY,2021
522,10.1002/aoc.6477,WILEY,2022
523,10.1002/aoc.6566,WILEY,2022
524,10.1002/aoc.6602,WILEY,2022
525,10.1002/aoc.6634,WILEY,2022
526,10.1002/aoc.6648,WILEY,2022
527,10.1002/aoc.6653,WILEY,2022
528,10.1002/aoc.6656,WILEY,2022
529,10.1002/aoc.6676,WILEY,2022
530,10.1002/aoc.6749,WILEY,2022
531,10.1002/aoc.6769,WILEY,2022
532,10.1002/aoc.6777,WILEY,2022
533,10.1002/aoc.6800,WILEY,2022
534,10.1002/aoc.6815,WILEY,2022
535,10.1002/aoc.6866,WILEY,2022
536,10.1002/aoc.6912,WILEY,2023
537,10.1002/aoc.6955,WILEY,2023
538,10.1002/aoc.70031,WILEY,2025
539,10.1002/aoc.70035,WILEY,2025
540,10.1002/aoc.70084,WILEY,2025
541,10.1002/aoc.7011,WILEY,2023
542,10.1002/aoc.70236,WILEY,2025
543,10.1002/aoc.7078,WILEY,2023
544,10.1002/aoc.7211,WILEY,2023
545,10.1002/aoc.7224,WILEY,2023
546,10.1002/aoc.7229,WILEY,2023
547,10.1002/aoc.7326,WILEY,2024
548,10.1002/aoc.7402,WILEY,2024
549,10.1002/aoc.7409,WILEY,2024
550,10.1002/aoc.7426,WILEY,2024
551,10.1002/aoc.7429,WILEY,2024
552,10.1002/aoc.7487,WILEY,2024
553,10.1002/aoc.7498,WILEY,2024
554,10.1002/aoc.7524,WILEY,2024
555,10.1002/aoc.7590,WILEY,2024
556,10.1002/aoc.7644,WILEY,2024
557,10.1002/aoc.7663,WILEY,2024
558,10.1002/aoc.7673,WILEY,2024
559,10.1002/aoc.7754,WILEY,2025
560,10.1002/aoc.7815,WILEY,2025
561,10.1002/aoc.8004,WILEY,2025
562,10.1002/aoc.848,WILEY,2005
563,10.1002/asia.200600069,WILEY-V C H VERLAG GMBH,2006
564,10.1002/asia.200700209,WILEY-V C H VERLAG GMBH,2007
565,10.1002/asia.200800458,WILEY-V C H VERLAG GMBH,2009
566,10.1002/asia.200900078,WILEY-V C H VERLAG GMBH,2009
567,10.1002/asia.200900751,WILEY-V C H VERLAG GMBH,2010
568,10.1002/asia.201100918,WILEY-V C H VERLAG GMBH,2012
569,10.1002/asia.201300135,WILEY-V C H VERLAG GMBH,2013
570,10.1002/asia.201300147,WILEY-V C H VERLAG GMBH,2013
571,10.1002/asia.201300544,WILEY-V C H VERLAG GMBH,2013
572,10.1002/asia.201300548,WILEY-V C H VERLAG GMBH,2013
573,10.1002/asia.201300640,WILEY-V C H VERLAG GMBH,2013
574,10.1002/asia.201301244,WILEY-V C H VERLAG GMBH,2014
575,10.1002/asia.201301673,WILEY-V C H VERLAG GMBH,2014
576,10.1002/asia.201400097,WILEY-V C H VERLAG GMBH,2014
577,10.1002/asia.201403025,WILEY-V C H VERLAG GMBH,2015
578,10.1002/asia.201403123,WILEY-V C H VERLAG GMBH,2015
579,10.1002/asia.201403392,WILEY-V C H VERLAG GMBH,2015
580,10.1002/asia.201500509,WILEY-V C H VERLAG GMBH,2015
581,10.1002/asia.201500652,WILEY-V C H VERLAG GMBH,2015
582,10.1002/asia.201501422,WILEY-V C H VERLAG GMBH,2016
583,10.1002/asia.201600323,WILEY-V C H VERLAG GMBH,2016
584,10.1002/asia.201600434,WILEY-V C H VERLAG GMBH,2016
585,10.1002/asia.201600469,WILEY-V C H VERLAG GMBH,2016
586,10.1002/asia.201601134,WILEY-V C H VERLAG GMBH,2016
587,10.1002/asia.201700011,WILEY-V C H VERLAG GMBH,2017
588,10.1002/asia.201700018,WILEY-V C H VERLAG GMBH,2017
589,10.1002/asia.201701189,WILEY-V C H VERLAG GMBH,2017
590,10.1002/asia.201701415,WILEY-V C H VERLAG GMBH,2017
591,10.1002/asia.201701706,WILEY-V C H VERLAG GMBH,2018
592,10.1002/asia.201800758,WILEY-V C H VERLAG GMBH,2018
593,10.1002/asia.201800799,WILEY-V C H VERLAG GMBH,2018
594,10.1002/asia.201800837,WILEY-V C H VERLAG GMBH,2018
595,10.1002/asia.201801255,WILEY-V C H VERLAG GMBH,2018
596,10.1002/asia.201801336,WILEY-V C H VERLAG GMBH,2018
597,10.1002/asia.201801748,WILEY-V C H VERLAG GMBH,2019
598,10.1002/asia.201801785,WILEY-V C H VERLAG GMBH,2019
599,10.1002/asia.201900021,WILEY-V C H VERLAG GMBH,2019
600,10.1002/asia.201900152,WILEY-V C H VERLAG GMBH,2019
601,10.1002/asia.201900391,WILEY-V C H VERLAG GMBH,2019
602,10.1002/asia.201900536,WILEY-V C H VERLAG GMBH,2019
603,10.1002/asia.201900608,WILEY-V C H VERLAG GMBH,2019
604,10.1002/asia.201900640,WILEY-V C H VERLAG GMBH,2019
605,10.1002/asia.201900853,WILEY-V C H VERLAG GMBH,2019
606,10.1002/asia.201901143,WILEY-V C H VERLAG GMBH,2019
607,10.1002/asia.201901246,WILEY-V C H VERLAG GMBH,2019
608,10.1002/asia.202000001,WILEY-V C H VERLAG GMBH,2020
609,10.1002/asia.202000143,WILEY-V C H VERLAG GMBH,2020
610,10.1002/asia.202001344,WILEY-V C H VERLAG GMBH,2021
611,10.1002/asia.202100145,WILEY-V C H VERLAG GMBH,2021
612,10.1002/asia.202100169,WILEY-V C H VERLAG GMBH,2021
613,10.1002/asia.202100270,WILEY-V C H VERLAG GMBH,2021
614,10.1002/asia.202100588,WILEY-V C H VERLAG GMBH,2021
615,10.1002/asia.202100883,WILEY-V C H VERLAG GMBH,2021
616,10.1002/asia.202101204,WILEY-V C H VERLAG GMBH,2022
617,10.1002/asia.202200129,WILEY-V C H VERLAG GMBH,2022
618,10.1002/asia.202200913,WILEY-V C H VERLAG GMBH,2022
619,10.1002/asia.202200949,WILEY-V C H VERLAG GMBH,2022
620,10.1002/asia.202300699,WILEY-V C H VERLAG GMBH,2023
621,10.1002/asia.202400237,WILEY-V C H VERLAG GMBH,2024
622,10.1002/asia.202400306,WILEY-V C H VERLAG GMBH,2024
623,10.1002/asia.202400346,WILEY-V C H VERLAG GMBH,2024
624,10.1002/asia.202400501,WILEY-V C H VERLAG GMBH,2024
625,10.1002/asia.202401035,WILEY-V C H VERLAG GMBH,2024
626,10.1002/asia.202401046,WILEY-V C H VERLAG GMBH,2025
627,10.1002/asia.202401205,WILEY-V C H VERLAG GMBH,2025
628,10.1002/asia.202401213,WILEY-V C H VERLAG GMBH,2025
629,10.1002/asia.202401519,WILEY-V C H VERLAG GMBH,2025
630,10.1002/asia.202500446,WILEY-V C H VERLAG GMBH,2025
631,10.1002/bio.2938,WILEY-BLACKWELL,2016
632,10.1002/bio.2944,WILEY,2016
633,10.1002/bio.3323,WILEY,2017
634,10.1002/bio.3506,WILEY,2018
635,10.1002/bio.3925,WILEY,2021
636,10.1002/bio.4390,WILEY,2022
637,10.1002/bio.4507,WILEY,2023
638,10.1002/bkcs.10120,WILEY-V C H VERLAG GMBH,2015
639,10.1002/bkcs.10267,WILEY-V C H VERLAG GMBH,2015
640,10.1002/bkcs.10538,WILEY-V C H VERLAG GMBH,2015
641,10.1002/bkcs.11059,WILEY-V C H VERLAG GMBH,2017
642,10.1002/bkcs.11650,WILEY-V C H VERLAG GMBH,2019
643,10.1002/bkcs.12076,WILEY-V C H VERLAG GMBH,2020
644,10.1002/bkcs.12187,WILEY-V C H VERLAG GMBH,2021
645,10.1002/bkcs.12217,WILEY-V C H VERLAG GMBH,2021
646,10.1002/bkcs.12269,WILEY-V C H VERLAG GMBH,2021
647,10.1002/bkcs.12592,WILEY-V C H VERLAG GMBH,2022
648,10.1002/bkcs.12707,WILEY-V C H VERLAG GMBH,2023
649,10.1002/bkcs.70019,WILEY-V C H VERLAG GMBH,2025
650,10.1002/cbdv.202201246,WILEY-V C H VERLAG GMBH,2023
651,10.1002/cctc.201200232,WILEY-V C H VERLAG GMBH,2013
652,10.1002/cctc.201200792,WILEY-V C H VERLAG GMBH,2013
653,10.1002/cctc.201200878,WILEY-V C H VERLAG GMBH,2013
654,10.1002/cctc.201300032,WILEY-V C H VERLAG GMBH,2013
655,10.1002/cctc.201300241,WILEY-V C H VERLAG GMBH,2013
656,10.1002/cctc.201300371,WILEY-V C H VERLAG GMBH,2013
657,10.1002/cctc.201300529,WILEY-V C H VERLAG GMBH,2013
658,10.1002/cctc.201300756,WILEY-V C H VERLAG GMBH,2014
659,10.1002/cctc.201400056,WILEY-V C H VERLAG GMBH,2014
660,10.1002/cctc.201402101,WILEY-V C H VERLAG GMBH,2014
661,10.1002/cctc.201402546,WILEY-V C H VERLAG GMBH,2014
662,10.1002/cctc.201402867,WILEY-V C H VERLAG GMBH,2015
663,10.1002/cctc.201500113,WILEY-V C H VERLAG GMBH,2015
664,10.1002/cctc.201500747,WILEY-V C H VERLAG GMBH,2015
665,10.1002/cctc.201501020,WILEY-V C H VERLAG GMBH,2016
666,10.1002/cctc.201501340,WILEY-V C H VERLAG GMBH,2016
667,10.1002/cctc.201600294,WILEY-V C H VERLAG GMBH,2016
668,10.1002/cctc.201600480,WILEY-V C H VERLAG GMBH,2016
669,10.1002/cctc.201600774,WILEY-V C H VERLAG GMBH,2016
670,10.1002/cctc.201600808,WILEY-V C H VERLAG GMBH,2017
671,10.1002/cctc.201600952,WILEY-V C H VERLAG GMBH,2016
672,10.1002/cctc.201600985,WILEY-V C H VERLAG GMBH,2016
673,10.1002/cctc.201601407,WILEY-V C H VERLAG GMBH,2017
674,10.1002/cctc.201601578,WILEY-V C H VERLAG GMBH,2017
675,10.1002/cctc.201601606,WILEY-V C H VERLAG GMBH,2017
676,10.1002/cctc.201700169,WILEY-V C H VERLAG GMBH,2017
677,10.1002/cctc.201700656,WILEY-V C H VERLAG GMBH,2017
678,10.1002/cctc.201700784,WILEY-V C H VERLAG GMBH,2017
679,10.1002/cctc.201701439,WILEY-V C H VERLAG GMBH,2018
680,10.1002/cctc.201701984,WILEY-V C H VERLAG GMBH,2018
681,10.1002/cctc.201702014,WILEY-V C H VERLAG GMBH,2018
682,10.1002/cctc.201800023,WILEY-V C H VERLAG GMBH,2018
683,10.1002/cctc.201800137,WILEY-V C H VERLAG GMBH,2018
684,10.1002/cctc.201800148,WILEY-V C H VERLAG GMBH,2018
685,10.1002/cctc.201800187,WILEY-V C H VERLAG GMBH,2018
686,10.1002/cctc.201800908,WILEY-V C H VERLAG GMBH,2019
687,10.1002/cctc.201801111,WILEY-V C H VERLAG GMBH,2018
688,10.1002/cctc.201801127,WILEY-V C H VERLAG GMBH,2018
689,10.1002/cctc.201801293,WILEY-V C H VERLAG GMBH,2018
690,10.1002/cctc.201801311,WILEY-V C H VERLAG GMBH,2018
691,10.1002/cctc.201801525,WILEY-V C H VERLAG GMBH,2018
692,10.1002/cctc.201900124,WILEY-V C H VERLAG GMBH,2019
693,10.1002/cctc.201900735,WILEY-V C H VERLAG GMBH,2019
694,10.1002/cctc.202000467,WILEY-V C H VERLAG GMBH,2020
695,10.1002/cctc.202001622,WILEY-V C H VERLAG GMBH,2021
696,10.1002/cctc.202100245,WILEY-V C H VERLAG GMBH,2021
697,10.1002/cctc.202100425,WILEY-V C H VERLAG GMBH,2021
698,10.1002/cctc.202100977,WILEY-V C H VERLAG GMBH,2021
699,10.1002/cctc.202200235,WILEY-V C H VERLAG GMBH,2022
700,10.1002/cctc.202200994,WILEY-V C H VERLAG GMBH,2022
701,10.1002/cctc.202201040,WILEY-V C H VERLAG GMBH,2022
702,10.1002/cctc.202301123,WILEY-V C H VERLAG GMBH,2024
703,10.1002/cctc.202400112,WILEY-V C H VERLAG GMBH,2024
704,10.1002/cctc.202400119,WILEY-V C H VERLAG GMBH,2024
705,10.1002/cctc.202400429,WILEY-V C H VERLAG GMBH,2024
706,10.1002/cctc.202400840,WILEY-V C H VERLAG GMBH,2024
707,10.1002/cctc.202400906,WILEY-V C H VERLAG GMBH,2024
708,10.1002/cctc.202401636,WILEY-V C H VERLAG GMBH,2025
709,10.1002/cctc.202401797,WILEY-V C H VERLAG GMBH,2025
710,10.1002/cctc.202401849,WILEY-V C H VERLAG GMBH,2025
711,10.1002/cey2.445,WILEY,2024
712,10.1002/chem.200400178,WILEY-V C H VERLAG GMBH,2004
713,10.1002/chem.200400762,WILEY-V C H VERLAG GMBH,2005
714,10.1002/chem.200401201,WILEY-V C H VERLAG GMBH,2005
715,10.1002/chem.200600270,WILEY-V C H VERLAG GMBH,2006
716,10.1002/chem.200601246,WILEY-V C H VERLAG GMBH,2007
717,10.1002/chem.200700181,WILEY-V C H VERLAG GMBH,2007
718,10.1002/chem.200800240,WILEY-V C H VERLAG GMBH,2008
719,10.1002/chem.200800430,WILEY-V C H VERLAG GMBH,2008
720,10.1002/chem.200801064,WILEY-V C H VERLAG GMBH,2008
721,10.1002/chem.200801856,WILEY-V C H VERLAG GMBH,2009
722,10.1002/chem.200801948,WILEY-V C H VERLAG GMBH,2009
723,10.1002/chem.200802691,WILEY-V C H VERLAG GMBH,2009
724,10.1002/chem.200901391,WILEY-V C H VERLAG GMBH,2009
725,10.1002/chem.200902346,WILEY-V C H VERLAG GMBH,2010
726,10.1002/chem.200903053,WILEY-V C H VERLAG GMBH,2010
727,10.1002/chem.200903239,WILEY-V C H VERLAG GMBH,2010
728,10.1002/chem.201000580,WILEY-V C H VERLAG GMBH,2010
729,10.1002/chem.201001256,WILEY-V C H VERLAG GMBH,2010
730,10.1002/chem.201001549,WILEY-V C H VERLAG GMBH,2010
731,10.1002/chem.201002568,WILEY-V C H VERLAG GMBH,2011
732,10.1002/chem.201002993,WILEY-V C H VERLAG GMBH,2011
733,10.1002/chem.201003211,WILEY-V C H VERLAG GMBH,2011
734,10.1002/chem.201003634,WILEY-V C H VERLAG GMBH,2011
735,10.1002/chem.201003708,WILEY-BLACKWELL,2011
736,10.1002/chem.201100176,WILEY-V C H VERLAG GMBH,2011
737,10.1002/chem.201100185,WILEY-V C H VERLAG GMBH,2011
738,10.1002/chem.201100226,WILEY-V C H VERLAG GMBH,2011
739,10.1002/chem.201101015,WILEY-V C H VERLAG GMBH,2011
740,10.1002/chem.201101183,WILEY-V C H VERLAG GMBH,2012
741,10.1002/chem.201101239,WILEY-BLACKWELL,2011
742,10.1002/chem.201101383,WILEY-V C H VERLAG GMBH,2011
743,10.1002/chem.201101477,WILEY-V C H VERLAG GMBH,2011
744,10.1002/chem.201101520,WILEY-V C H VERLAG GMBH,2012
745,10.1002/chem.201101530,WILEY-V C H VERLAG GMBH,2012
746,10.1002/chem.201101595,WILEY-V C H VERLAG GMBH,2011
747,10.1002/chem.201101963,WILEY-V C H VERLAG GMBH,2012
748,10.1002/chem.201102295,WILEY-V C H VERLAG GMBH,2012
749,10.1002/chem.201102357,WILEY-V C H VERLAG GMBH,2012
750,10.1002/chem.201102953,WILEY-V C H VERLAG GMBH,2012
751,10.1002/chem.201103524,WILEY-V C H VERLAG GMBH,2012
752,10.1002/chem.201104001,WILEY-V C H VERLAG GMBH,2012
753,10.1002/chem.201200696,WILEY-V C H VERLAG GMBH,2012
754,10.1002/chem.201200889,WILEY-V C H VERLAG GMBH,2012
755,10.1002/chem.201200957,WILEY-V C H VERLAG GMBH,2012
756,10.1002/chem.201200980,WILEY-V C H VERLAG GMBH,2012
757,10.1002/chem.201201743,WILEY-V C H VERLAG GMBH,2013
758,10.1002/chem.201201820,WILEY-V C H VERLAG GMBH,2012
759,10.1002/chem.201203093,WILEY-V C H VERLAG GMBH,2012
760,10.1002/chem.201203145,WILEY-V C H VERLAG GMBH,2013
761,10.1002/chem.201203154,WILEY-V C H VERLAG GMBH,2013
762,10.1002/chem.201203636,WILEY-V C H VERLAG GMBH,2013
763,10.1002/chem.201300144,WILEY-V C H VERLAG GMBH,2013
764,10.1002/chem.201300477,WILEY-V C H VERLAG GMBH,2013
765,10.1002/chem.201301041,WILEY-V C H VERLAG GMBH,2013
766,10.1002/chem.201301139,WILEY-V C H VERLAG GMBH,2013
767,10.1002/chem.201301536,WILEY-V C H VERLAG GMBH,2013
768,10.1002/chem.201302541,WILEY-V C H VERLAG GMBH,2014
769,10.1002/chem.201303610,WILEY-V C H VERLAG GMBH,2014
770,10.1002/chem.201303627,WILEY-V C H VERLAG GMBH,2014
771,10.1002/chem.201304246,WILEY-V C H VERLAG GMBH,2014
772,10.1002/chem.201304529,WILEY-V C H VERLAG GMBH,2014
773,10.1002/chem.201304784,WILEY-V C H VERLAG GMBH,2014
774,10.1002/chem.201400285,WILEY-V C H VERLAG GMBH,2014
775,10.1002/chem.201400371,WILEY-V C H VERLAG GMBH,2014
776,10.1002/chem.201402006,WILEY-V C H VERLAG GMBH,2014
777,10.1002/chem.201402292,WILEY-V C H VERLAG GMBH,2014
778,10.1002/chem.201402365,WILEY-V C H VERLAG GMBH,2014
779,10.1002/chem.201402923,WILEY-V C H VERLAG GMBH,2014
780,10.1002/chem.201403115,WILEY-V C H VERLAG GMBH,2014
781,10.1002/chem.201403162,WILEY-V C H VERLAG GMBH,2014
782,10.1002/chem.201403382,WILEY-V C H VERLAG GMBH,2014
783,10.1002/chem.201403909,WILEY-V C H VERLAG GMBH,2015
784,10.1002/chem.201404803,WILEY-V C H VERLAG GMBH,2015
785,10.1002/chem.201404829,WILEY-V C H VERLAG GMBH,2014
786,10.1002/chem.201405178,WILEY-V C H VERLAG GMBH,2015
787,10.1002/chem.201405252,WILEY-V C H VERLAG GMBH,2015
788,10.1002/chem.201405380,WILEY-V C H VERLAG GMBH,2015
789,10.1002/chem.201405859,WILEY-V C H VERLAG GMBH,2015
790,10.1002/chem.201405921,WILEY-V C H VERLAG GMBH,2015
791,10.1002/chem.201405984,WILEY-V C H VERLAG GMBH,2015
792,10.1002/chem.201406119,WILEY-V C H VERLAG GMBH,2015
793,10.1002/chem.201406157,WILEY-V C H VERLAG GMBH,2015
794,10.1002/chem.201406531,WILEY-V C H VERLAG GMBH,2015
795,10.1002/chem.201500007,WILEY-V C H VERLAG GMBH,2015
796,10.1002/chem.201500615,WILEY-V C H VERLAG GMBH,2015
797,10.1002/chem.201500815,WILEY-V C H VERLAG GMBH,2015
798,10.1002/chem.201501029,WILEY-V C H VERLAG GMBH,2015
799,10.1002/chem.201501193,WILEY-V C H VERLAG GMBH,2015
800,10.1002/chem.201501337,WILEY-V C H VERLAG GMBH,2015
801,10.1002/chem.201501486,WILEY-V C H VERLAG GMBH,2015
802,10.1002/chem.201501649,WILEY-V C H VERLAG GMBH,2015
803,10.1002/chem.201501816,WILEY-V C H VERLAG GMBH,2015
804,10.1002/chem.201501976,WILEY-V C H VERLAG GMBH,2015
805,10.1002/chem.201501988,WILEY-V C H VERLAG GMBH,2015
806,10.1002/chem.201502203,WILEY-V C H VERLAG GMBH,2015
807,10.1002/chem.201502515,WILEY-V C H VERLAG GMBH,2015
808,10.1002/chem.201502758,WILEY-V C H VERLAG GMBH,2015
809,10.1002/chem.201502918,WILEY-V C H VERLAG GMBH,2016
810,10.1002/chem.201503078,WILEY-V C H VERLAG GMBH,2015
811,10.1002/chem.201503725,WILEY-V C H VERLAG GMBH,2016
812,10.1002/chem.201504576,WILEY-V C H VERLAG GMBH,2016
813,10.1002/chem.201504666,WILEY-V C H VERLAG GMBH,2016
814,10.1002/chem.201504747,WILEY-V C H VERLAG GMBH,2016
815,10.1002/chem.201504757,WILEY-V C H VERLAG GMBH,2016
816,10.1002/chem.201504907,WILEY-V C H VERLAG GMBH,2016
817,10.1002/chem.201504941,WILEY-V C H VERLAG GMBH,2016
818,10.1002/chem.201505139,WILEY-V C H VERLAG GMBH,2016
819,10.1002/chem.201505185,WILEY-V C H VERLAG GMBH,2016
820,10.1002/chem.201505215,WILEY-V C H VERLAG GMBH,2016
821,10.1002/chem.201600143,WILEY-V C H VERLAG GMBH,2016
822,10.1002/chem.201600189,WILEY-V C H VERLAG GMBH,2016
823,10.1002/chem.201600447,WILEY-V C H VERLAG GMBH,2016
824,10.1002/chem.201600526,WILEY-V C H VERLAG GMBH,2016
825,10.1002/chem.201600562,WILEY-V C H VERLAG GMBH,2016
826,10.1002/chem.201600843,WILEY-V C H VERLAG GMBH,2016
827,10.1002/chem.201600898,WILEY-V C H VERLAG GMBH,2016
828,10.1002/chem.201601250,WILEY-V C H VERLAG GMBH,2016
829,10.1002/chem.201601724,WILEY-V C H VERLAG GMBH,2016
830,10.1002/chem.201601870,WILEY-V C H VERLAG GMBH,2016
831,10.1002/chem.201601921,WILEY-V C H VERLAG GMBH,2016
832,10.1002/chem.201602127,WILEY-V C H VERLAG GMBH,2016
833,10.1002/chem.201602157,WILEY-V C H VERLAG GMBH,2016
834,10.1002/chem.201602318,WILEY-V C H VERLAG GMBH,2016
835,10.1002/chem.201602641,WILEY-V C H VERLAG GMBH,2016
836,10.1002/chem.201602924,WILEY-V C H VERLAG GMBH,2016
837,10.1002/chem.201603299,WILEY-V C H VERLAG GMBH,2016
838,10.1002/chem.201605473,WILEY-V C H VERLAG GMBH,2017
839,10.1002/chem.201605507,WILEY-V C H VERLAG GMBH,2017
840,10.1002/chem.201605903,WILEY-V C H VERLAG GMBH,2017
841,10.1002/chem.201606056,WILEY-V C H VERLAG GMBH,2017
842,10.1002/chem.201700985,WILEY-V C H VERLAG GMBH,2017
843,10.1002/chem.201701103,WILEY-V C H VERLAG GMBH,2017
844,10.1002/chem.201701460,WILEY-V C H VERLAG GMBH,2017
845,10.1002/chem.201702130,WILEY-V C H VERLAG GMBH,2017
846,10.1002/chem.201702430,WILEY-V C H VERLAG GMBH,2017
847,10.1002/chem.201702533,WILEY-V C H VERLAG GMBH,2017
848,10.1002/chem.201703126,WILEY-V C H VERLAG GMBH,2017
849,10.1002/chem.201703280,WILEY-V C H VERLAG GMBH,2017
850,10.1002/chem.201703510,WILEY-V C H VERLAG GMBH,2017
851,10.1002/chem.201703682,WILEY-V C H VERLAG GMBH,2017
852,10.1002/chem.201703827,WILEY-V C H VERLAG GMBH,2017
853,10.1002/chem.201704190,WILEY-V C H VERLAG GMBH,2018
854,10.1002/chem.201704341,WILEY-V C H VERLAG GMBH,2018
855,10.1002/chem.201704749,WILEY-V C H VERLAG GMBH,2018
856,10.1002/chem.201704771,WILEY-V C H VERLAG GMBH,2018
857,10.1002/chem.201704823,WILEY-V C H VERLAG GMBH,2018
858,10.1002/chem.201704901,WILEY-V C H VERLAG GMBH,2018
859,10.1002/chem.201705013,WILEY-V C H VERLAG GMBH,2018
860,10.1002/chem.201705023,WILEY-V C H VERLAG GMBH,2018
861,10.1002/chem.201705136,WILEY-V C H VERLAG GMBH,2018
862,10.1002/chem.201705530,WILEY-V C H VERLAG GMBH,2018
863,10.1002/chem.201705562,WILEY-V C H VERLAG GMBH,2018
864,10.1002/chem.201800149,WILEY-V C H VERLAG GMBH,2018
865,10.1002/chem.201800404,WILEY-V C H VERLAG GMBH,2018
866,10.1002/chem.201800612,WILEY-V C H VERLAG GMBH,2018
867,10.1002/chem.201800694,WILEY-V C H VERLAG GMBH,2018
868,10.1002/chem.201801267,WILEY-V C H VERLAG GMBH,2018
869,10.1002/chem.201801648,WILEY-V C H VERLAG GMBH,2018
870,10.1002/chem.201801821,WILEY-V C H VERLAG GMBH,2018
871,10.1002/chem.201802041,WILEY-V C H VERLAG GMBH,2018
872,10.1002/chem.201802124,WILEY-V C H VERLAG GMBH,2018
873,10.1002/chem.201802189,WILEY-V C H VERLAG GMBH,2018
874,10.1002/chem.201802387,WILEY-V C H VERLAG GMBH,2018
875,10.1002/chem.201802455,WILEY-V C H VERLAG GMBH,2018
876,10.1002/chem.201802804,WILEY-V C H VERLAG GMBH,2018
877,10.1002/chem.201802829,WILEY-V C H VERLAG GMBH,2018
878,10.1002/chem.201802838,WILEY-V C H VERLAG GMBH,2018
879,10.1002/chem.201803200,WILEY-V C H VERLAG GMBH,2018
880,10.1002/chem.201803221,WILEY-V C H VERLAG GMBH,2018
881,10.1002/chem.201803635,WILEY-V C H VERLAG GMBH,2018
882,10.1002/chem.201803842,WILEY-V C H VERLAG GMBH,2018
883,10.1002/chem.201803900,WILEY-V C H VERLAG GMBH,2018
884,10.1002/chem.201804133,WILEY-V C H VERLAG GMBH,2018
885,10.1002/chem.201804673,WILEY-V C H VERLAG GMBH,2019
886,10.1002/chem.201805024,WILEY-V C H VERLAG GMBH,2019
887,10.1002/chem.201805137,WILEY-V C H VERLAG GMBH,2018
888,10.1002/chem.201805697,WILEY-V C H VERLAG GMBH,2019
889,10.1002/chem.201806041,WILEY-V C H VERLAG GMBH,2019
890,10.1002/chem.201806146,WILEY-V C H VERLAG GMBH,2019
891,10.1002/chem.201806414,WILEY-V C H VERLAG GMBH,2019
892,10.1002/chem.201806417,WILEY-V C H VERLAG GMBH,2019
893,10.1002/chem.201900231,WILEY-V C H VERLAG GMBH,2019
894,10.1002/chem.201900329,WILEY-V C H VERLAG GMBH,2019
895,10.1002/chem.201900607,WILEY-V C H VERLAG GMBH,2019
896,10.1002/chem.201901118,WILEY-V C H VERLAG GMBH,2019
897,10.1002/chem.201901554,WILEY-V C H VERLAG GMBH,2019
898,10.1002/chem.201901939,WILEY-V C H VERLAG GMBH,2019
899,10.1002/chem.201902105,WILEY-V C H VERLAG GMBH,2019
900,10.1002/chem.201902274,WILEY-V C H VERLAG GMBH,2019
901,10.1002/chem.201902560,WILEY-V C H VERLAG GMBH,2019
902,10.1002/chem.201902874,WILEY-V C H VERLAG GMBH,2019
903,10.1002/chem.201902981,WILEY-V C H VERLAG GMBH,2019
904,10.1002/chem.201903630,WILEY-V C H VERLAG GMBH,2020
905,10.1002/chem.201903888,WILEY-V C H VERLAG GMBH,2019
906,10.1002/chem.201904798,WILEY-V C H VERLAG GMBH,2020
907,10.1002/chem.201905260,WILEY-V C H VERLAG GMBH,2020
908,10.1002/chem.201905280,WILEY-V C H VERLAG GMBH,2020
909,10.1002/chem.201905376,WILEY-V C H VERLAG GMBH,2020
910,10.1002/chem.201905596,WILEY-V C H VERLAG GMBH,2020
911,10.1002/chem.201905650,WILEY-V C H VERLAG GMBH,2020
912,10.1002/chem.202000085,WILEY-V C H VERLAG GMBH,2020
913,10.1002/chem.202000475,WILEY-V C H VERLAG GMBH,2020
914,10.1002/chem.202000505,WILEY-V C H VERLAG GMBH,2020
915,10.1002/chem.202000993,WILEY-V C H VERLAG GMBH,2020
916,10.1002/chem.202001052,WILEY-V C H VERLAG GMBH,2020
917,10.1002/chem.202001438,WILEY-V C H VERLAG GMBH,2020
918,10.1002/chem.202001468,WILEY-V C H VERLAG GMBH,2020
919,10.1002/chem.202001661,WILEY-V C H VERLAG GMBH,2020
920,10.1002/chem.202002293,WILEY-V C H VERLAG GMBH,2020
921,10.1002/chem.202002493,WILEY-V C H VERLAG GMBH,2020
922,10.1002/chem.202002541,WILEY-V C H VERLAG GMBH,2020
923,10.1002/chem.202003206,WILEY-V C H VERLAG GMBH,2020
924,10.1002/chem.202003716,WILEY-V C H VERLAG GMBH,2021
925,10.1002/chem.202004345,WILEY-V C H VERLAG GMBH,2021
926,10.1002/chem.202005217,WILEY-V C H VERLAG GMBH,2021
927,10.1002/chem.202100528,WILEY-V C H VERLAG GMBH,2021
928,10.1002/chem.202100733,WILEY-V C H VERLAG GMBH,2021
929,10.1002/chem.202101291,WILEY-V C H VERLAG GMBH,2021
930,10.1002/chem.202101692,WILEY-V C H VERLAG GMBH,2021
931,10.1002/chem.202102405,WILEY-V C H VERLAG GMBH,2021
932,10.1002/chem.202103102,WILEY-V C H VERLAG GMBH,2021
933,10.1002/chem.202103480,WILEY-V C H VERLAG GMBH,2022
934,10.1002/chem.202103781,WILEY-V C H VERLAG GMBH,2022
935,10.1002/chem.202104041,WILEY-V C H VERLAG GMBH,2022
936,10.1002/chem.202200555,WILEY-V C H VERLAG GMBH,2022
937,10.1002/chem.202200835,WILEY-V C H VERLAG GMBH,2022
938,10.1002/chem.202200874,WILEY-V C H VERLAG GMBH,2022
939,10.1002/chem.202202810,WILEY-V C H VERLAG GMBH,2023
940,10.1002/chem.202203792,WILEY-V C H VERLAG GMBH,2023
941,10.1002/chem.202203988,WILEY-V C H VERLAG GMBH,2023
942,10.1002/chem.202300263,WILEY-V C H VERLAG GMBH,2023
943,10.1002/chem.202300939,WILEY-V C H VERLAG GMBH,2023
944,10.1002/chem.202301113,WILEY-V C H VERLAG GMBH,2023
945,10.1002/chem.202301892,WILEY-V C H VERLAG GMBH,2023
946,10.1002/chem.202302144,WILEY-V C H VERLAG GMBH,2023
947,10.1002/chem.202302338,WILEY-V C H VERLAG GMBH,2023
948,10.1002/chem.202302709,WILEY-V C H VERLAG GMBH,2024
949,10.1002/chem.202302835,WILEY-V C H VERLAG GMBH,2024
950,10.1002/chem.202303289,WILEY-V C H VERLAG GMBH,2024
951,10.1002/chem.202303382,WILEY-V C H VERLAG GMBH,2024
952,10.1002/chem.202303401,WILEY-V C H VERLAG GMBH,2024
953,10.1002/chem.202303725,WILEY-V C H VERLAG GMBH,2024
954,10.1002/chem.202303886,WILEY-V C H VERLAG GMBH,2024
955,10.1002/chem.202304256,WILEY-V C H VERLAG GMBH,2024
956,10.1002/chem.202400360,WILEY-V C H VERLAG GMBH,2024
957,10.1002/chem.202400433,WILEY-V C H VERLAG GMBH,2024
958,10.1002/chem.202400442,WILEY-V C H VERLAG GMBH,2024
959,10.1002/chem.202400603,WILEY-V C H VERLAG GMBH,2024
960,10.1002/chem.202400685,WILEY-V C H VERLAG GMBH,2024
961,10.1002/chem.202400962,WILEY-V C H VERLAG GMBH,2024
962,10.1002/chem.202401188,WILEY-V C H VERLAG GMBH,2024
963,10.1002/chem.202401540,WILEY-V C H VERLAG GMBH,2024
964,10.1002/chem.202402168,WILEY-V C H VERLAG GMBH,2024
965,10.1002/chem.202402363,WILEY-V C H VERLAG GMBH,2024
966,10.1002/chem.202402437,WILEY-V C H VERLAG GMBH,2024
967,10.1002/chem.202402509,WILEY-V C H VERLAG GMBH,2025
968,10.1002/chem.202403082,WILEY-V C H VERLAG GMBH,2025
969,10.1002/chem.202403296,WILEY-V C H VERLAG GMBH,2025
970,10.1002/chem.202403577,WILEY-V C H VERLAG GMBH,2024
971,10.1002/chem.202403709,WILEY-V C H VERLAG GMBH,2025
972,10.1002/chem.202404219,WILEY-V C H VERLAG GMBH,2025
973,10.1002/chem.202500130,WILEY-V C H VERLAG GMBH,2025
974,10.1002/chem.202500255,WILEY-V C H VERLAG GMBH,2025
975,10.1002/chem.202501845,WILEY-V C H VERLAG GMBH,2025
976,10.1002/cjoc.200690141,WILEY-V C H VERLAG GMBH,2006
977,10.1002/cjoc.200890175,WILEY-V C H VERLAG GMBH,2008
978,10.1002/cjoc.200890290,WILEY-V C H VERLAG GMBH,2008
979,10.1002/cjoc.200890291,WILEY-V C H VERLAG GMBH,2008
980,10.1002/cjoc.200890329,WILEY-V C H VERLAG GMBH,2008
981,10.1002/cjoc.200890364,WILEY-V C H VERLAG GMBH,2008
982,10.1002/cjoc.200890387,WILEY-V C H VERLAG GMBH,2008
983,10.1002/cjoc.200990078,WILEY-BLACKWELL,2009
984,10.1002/cjoc.201100442,WILEY-V C H VERLAG GMBH,2012
985,10.1002/cjoc.201100520,WILEY-V C H VERLAG GMBH,2012
986,10.1002/cjoc.201100595,WILEY-V C H VERLAG GMBH,2012
987,10.1002/cjoc.201100671,WILEY-V C H VERLAG GMBH,2012
988,10.1002/cjoc.201180288,WILEY-BLACKWELL,2011
989,10.1002/cjoc.201180353,WILEY-V C H VERLAG GMBH,2011
990,10.1002/cjoc.201200125,WILEY-V C H VERLAG GMBH,2012
991,10.1002/cjoc.201200575,WILEY-V C H VERLAG GMBH,2012
992,10.1002/cjoc.201200715,WILEY-V C H VERLAG GMBH,2012
993,10.1002/cjoc.201400263,WILEY-V C H VERLAG GMBH,2014
994,10.1002/cjoc.201400569,WILEY-V C H VERLAG GMBH,2014
995,10.1002/cjoc.201500622,WILEY-V C H VERLAG GMBH,2016
996,10.1002/cjoc.201500627,WILEY-V C H VERLAG GMBH,2016
997,10.1002/cjoc.201500636,WILEY-V C H VERLAG GMBH,2016
998,10.1002/cjoc.201500640,WILEY-V C H VERLAG GMBH,2016
999,10.1002/cjoc.201600302,WILEY-V C H VERLAG GMBH,2016
1000,10.1002/cjoc.201600466,WILEY-V C H VERLAG GMBH,2016
1001,10.1002/cjoc.201600685,WILEY-V C H VERLAG GMBH,2017
1002,10.1002/cjoc.201600909,WILEY-V C H VERLAG GMBH,2017
1003,10.1002/cjoc.201700117,WILEY-V C H VERLAG GMBH,2017
1004,10.1002/cjoc.201700310,WILEY-V C H VERLAG GMBH,2017
1005,10.1002/cjoc.201800427,WILEY-V C H VERLAG GMBH,2018
1006,10.1002/cjoc.201900511,WILEY-V C H VERLAG GMBH,2020
1007,10.1002/cjoc.202000357,WILEY-V C H VERLAG GMBH,2021
1008,10.1002/cjoc.202100361,WILEY-V C H VERLAG GMBH,2021
1009,10.1002/cjoc.202100534,WILEY-V C H VERLAG GMBH,2021
1010,10.1002/cjoc.202200397,WILEY-V C H VERLAG GMBH,2023
1011,10.1002/cjoc.202200804,WILEY-V C H VERLAG GMBH,2023
1012,10.1002/cjoc.202300677,WILEY-V C H VERLAG GMBH,2024
1013,10.1002/cjoc.70068,WILEY-V C H VERLAG GMBH,2025
1014,10.1002/cnma.201500031,WILEY-V C H VERLAG GMBH,2015
1015,10.1002/cnma.201600121,WILEY-V C H VERLAG GMBH,2016
1016,10.1002/cnma.201700196,WILEY-V C H VERLAG GMBH,2017
1017,10.1002/cnma.201700233,WILEY-V C H VERLAG GMBH,2017
1018,10.1002/cnma.201700256,WILEY-V C H VERLAG GMBH,2018
1019,10.1002/cnma.201700309,WILEY-V C H VERLAG GMBH,2018
1020,10.1002/cnma.201700311,WILEY-V C H VERLAG GMBH,2018
1021,10.1002/cnma.201900110,WILEY-V C H VERLAG GMBH,2019
1022,10.1002/cnma.201900348,WILEY-V C H VERLAG GMBH,2019
1023,10.1002/cnma.201900665,WILEY-V C H VERLAG GMBH,2020
1024,10.1002/cnma.202000654,WILEY-V C H VERLAG GMBH,2021
1025,10.1002/cnma.202100337,WILEY-V C H VERLAG GMBH,2021
1026,10.1002/cnma.202200397,WILEY-V C H VERLAG GMBH,2023
1027,10.1002/cnma.202400302,WILEY-V C H VERLAG GMBH,2024
1028,10.1002/cnma.202400312,WILEY-V C H VERLAG GMBH,2024
1029,10.1002/cphc.200900459,WILEY-V C H VERLAG GMBH,2009
1030,10.1002/cphc.201200262,WILEY-V C H VERLAG GMBH,2012
1031,10.1002/cphc.201300215,WILEY-V C H VERLAG GMBH,2013
1032,10.1002/cphc.201300564,WILEY-V C H VERLAG GMBH,2013
1033,10.1002/cphc.201500209,WILEY-V C H VERLAG GMBH,2015
1034,10.1002/cphc.201501012,WILEY-V C H VERLAG GMBH,2016
1035,10.1002/cphc.201501086,WILEY-V C H VERLAG GMBH,2016
1036,10.1002/cphc.201800439,WILEY-V C H VERLAG GMBH,2018
1037,10.1002/cphc.201800526,WILEY-V C H VERLAG GMBH,2018
1038,10.1002/cphc.201801037,WILEY-V C H VERLAG GMBH,2019
1039,10.1002/cphc.202100673,WILEY-V C H VERLAG GMBH,2022
1040,10.1002/cphc.202300721,WILEY-V C H VERLAG GMBH,2024
1041,10.1002/cphc.202400154,WILEY-V C H VERLAG GMBH,2024
1042,10.1002/cplu.201200188,WILEY-V C H VERLAG GMBH,2012
1043,10.1002/cplu.201200270,WILEY-V C H VERLAG GMBH,2013
1044,10.1002/cplu.201300249,WILEY-V C H VERLAG GMBH,2013
1045,10.1002/cplu.201402027,WILEY-V C H VERLAG GMBH,2014
1046,10.1002/cplu.201402030,WILEY-V C H VERLAG GMBH,2014
1047,10.1002/cplu.201402052,WILEY-V C H VERLAG GMBH,2014
1048,10.1002/cplu.201402123,WILEY-V C H VERLAG GMBH,2015
1049,10.1002/cplu.201402340,WILEY-V C H VERLAG GMBH,2015
1050,10.1002/cplu.201402395,WILEY-V C H VERLAG GMBH,2015
1051,10.1002/cplu.201402453,WILEY-V C H VERLAG GMBH,2015
1052,10.1002/cplu.201500104,WILEY-V C H VERLAG GMBH,2015
1053,10.1002/cplu.201500134,WILEY-V C H VERLAG GMBH,2015
1054,10.1002/cplu.201500308,WILEY-V C H VERLAG GMBH,2015
1055,10.1002/cplu.201500564,WILEY-V C H VERLAG GMBH,2016
1056,10.1002/cplu.201600009,WILEY-V C H VERLAG GMBH,2016
1057,10.1002/cplu.201600025,WILEY-V C H VERLAG GMBH,2016
1058,10.1002/cplu.201600075,WILEY-V C H VERLAG GMBH,2016
1059,10.1002/cplu.201600092,WILEY-V C H VERLAG GMBH,2016
1060,10.1002/cplu.201600129,WILEY-V C H VERLAG GMBH,2016
1061,10.1002/cplu.201600146,WILEY-V C H VERLAG GMBH,2016
1062,10.1002/cplu.201600158,WILEY-V C H VERLAG GMBH,2016
1063,10.1002/cplu.201600163,WILEY-V C H VERLAG GMBH,2016
1064,10.1002/cplu.201600168,WILEY-V C H VERLAG GMBH,2016
1065,10.1002/cplu.201600199,WILEY-V C H VERLAG GMBH,2016
1066,10.1002/cplu.201600456,WILEY-V C H VERLAG GMBH,2017
1067,10.1002/cplu.201700277,WILEY-V C H VERLAG GMBH,2017
1068,10.1002/cplu.201800214,WILEY-V C H VERLAG GMBH,2018
1069,10.1002/cplu.201800377,WILEY-V C H VERLAG GMBH,2018
1070,10.1002/cplu.201800546,WILEY-V C H VERLAG GMBH,2019
1071,10.1002/cplu.201800569,WILEY-V C H VERLAG GMBH,2019
1072,10.1002/cplu.201900109,WILEY-V C H VERLAG GMBH,2019
1073,10.1002/cplu.201900349,WILEY-V C H VERLAG GMBH,2020
1074,10.1002/cplu.201900492,WILEY-V C H VERLAG GMBH,2020
1075,10.1002/cplu.201900635,WILEY-V C H VERLAG GMBH,2019
1076,10.1002/cplu.202000175,WILEY-V C H VERLAG GMBH,2020
1077,10.1002/cplu.202200395,WILEY-V C H VERLAG GMBH,2023
1078,10.1002/cplu.202300072,WILEY-V C H VERLAG GMBH,2023
1079,10.1002/cplu.202300378,WILEY-V C H VERLAG GMBH,2024
1080,10.1002/cplu.202400169,WILEY-V C H VERLAG GMBH,2024
1081,10.1002/cptc.202300031,WILEY-V C H VERLAG GMBH,2023
1082,10.1002/crat.200800001,WILEY-V C H VERLAG GMBH,2008
1083,10.1002/crat.200811112,WILEY-BLACKWELL,2008
1084,10.1002/crat.201300439,WILEY-V C H VERLAG GMBH,2014
1085,10.1002/crat.201400095,WILEY-V C H VERLAG GMBH,2014
1086,10.1002/crat.201700017,WILEY-V C H VERLAG GMBH,2017
1087,10.1002/crat.201700105,WILEY-V C H VERLAG GMBH,2017
1088,10.1002/crat.202000124,WILEY-V C H VERLAG GMBH,2021
1089,10.1002/cssc.201000458,WILEY-V C H VERLAG GMBH,2011
1090,10.1002/cssc.201100716,WILEY-V C H VERLAG GMBH,2012
1091,10.1002/cssc.201300836,WILEY-V C H VERLAG GMBH,2014
1092,10.1002/cssc.201402622,WILEY-V C H VERLAG GMBH,2015
1093,10.1002/cssc.201402858,WILEY-V C H VERLAG GMBH,2015
1094,10.1002/cssc.201403230,WILEY-V C H VERLAG GMBH,2015
1095,10.1002/cssc.201403345,WILEY-V C H VERLAG GMBH,2015
1096,10.1002/cssc.201403402,WILEY-V C H VERLAG GMBH,2015
1097,10.1002/cssc.201500695,WILEY-V C H VERLAG GMBH,2015
1098,10.1002/cssc.201500780,WILEY-V C H VERLAG GMBH,2015
1099,10.1002/cssc.201601181,WILEY-V C H VERLAG GMBH,2017
1100,10.1002/cssc.201700164,WILEY-V C H VERLAG GMBH,2017
1101,10.1002/cssc.201700536,WILEY-V C H VERLAG GMBH,2017
1102,10.1002/cssc.201700788,WILEY-V C H VERLAG GMBH,2017
1103,10.1002/cssc.201702122,WILEY-V C H VERLAG GMBH,2018
1104,10.1002/cssc.201702193,WILEY-V C H VERLAG GMBH,2018
1105,10.1002/cssc.201800740,WILEY-V C H VERLAG GMBH,2018
1106,10.1002/cssc.201802446,WILEY-V C H VERLAG GMBH,2019
1107,10.1002/cssc.201902272,WILEY-V C H VERLAG GMBH,2020
1108,10.1002/cssc.202000378,WILEY-V C H VERLAG GMBH,2020
1109,10.1002/cssc.202000434,WILEY-V C H VERLAG GMBH,2020
1110,10.1002/cssc.202000465,WILEY-V C H VERLAG GMBH,2020
1111,10.1002/cssc.202100342,WILEY-V C H VERLAG GMBH,2021
1112,10.1002/cssc.202102368,WILEY-V C H VERLAG GMBH,2022
1113,10.1002/cssc.202200702,WILEY-V C H VERLAG GMBH,2022
1114,10.1002/cssc.202201386,WILEY-V C H VERLAG GMBH,2022
1115,10.1002/cssc.202201535,WILEY-V C H VERLAG GMBH,2022
1116,10.1002/cssc.202201744,WILEY-V C H VERLAG GMBH,2023
1117,10.1002/cssc.202300215,WILEY-V C H VERLAG GMBH,2023
1118,10.1002/cssc.202400885,WILEY-V C H VERLAG GMBH,2024
1119,10.1002/cssc.202400936,WILEY-V C H VERLAG GMBH,2024
1120,10.1002/cssc.202401248,WILEY-V C H VERLAG GMBH,2025
1121,10.1002/cssc.202401968,WILEY-V C H VERLAG GMBH,2025
1122,10.1002/ejic.2003.00594,WILEY-V C H VERLAG GMBH,2004
1123,10.1002/ejic.200300021,WILEY-V C H VERLAG GMBH,2003
1124,10.1002/ejic.200300221,WILEY-V C H VERLAG GMBH,2003
1125,10.1002/ejic.200300390,WILEY-V C H VERLAG GMBH,2004
1126,10.1002/ejic.200300876,WILEY-V C H VERLAG GMBH,2004
1127,10.1002/ejic.200400170,WILEY-V C H VERLAG GMBH,2004
1128,10.1002/ejic.200400173,WILEY-V C H VERLAG GMBH,2004
1129,10.1002/ejic.200400199,WILEY-V C H VERLAG GMBH,2004
1130,10.1002/ejic.200400321,WILEY-V C H VERLAG GMBH,2004
1131,10.1002/ejic.200400648,WILEY-V C H VERLAG GMBH,2005
1132,10.1002/ejic.200500217,WILEY-V C H VERLAG GMBH,2005
1133,10.1002/ejic.200500490,WILEY-V C H VERLAG GMBH,2005
1134,10.1002/ejic.200500735,WILEY-V C H VERLAG GMBH,2005
1135,10.1002/ejic.200500822,WILEY-V C H VERLAG GMBH,2006
1136,10.1002/ejic.200500877,WILEY-V C H VERLAG GMBH,2006
1137,10.1002/ejic.200501146,WILEY-V C H VERLAG GMBH,2006
1138,10.1002/ejic.200501155,WILEY-V C H VERLAG GMBH,2006
1139,10.1002/ejic.200600039,WILEY-V C H VERLAG GMBH,2006
1140,10.1002/ejic.200600169,WILEY-V C H VERLAG GMBH,2006
1141,10.1002/ejic.200600445,WILEY-V C H VERLAG GMBH,2006
1142,10.1002/ejic.200600698,WILEY-V C H VERLAG GMBH,2007
1143,10.1002/ejic.200600712,WILEY-V C H VERLAG GMBH,2007
1144,10.1002/ejic.200600867,WILEY-V C H VERLAG GMBH,2007
1145,10.1002/ejic.200600887,WILEY-V C H VERLAG GMBH,2007
1146,10.1002/ejic.200601014,WILEY-V C H VERLAG GMBH,2007
1147,10.1002/ejic.20060539,WILEY-V C H VERLAG GMBH,2006
1148,10.1002/ejic.200700651,WILEY-V C H VERLAG GMBH,2008
1149,10.1002/ejic.200700701,WILEY-V C H VERLAG GMBH,2007
1150,10.1002/ejic.200700728,WILEY-V C H VERLAG GMBH,2007
1151,10.1002/ejic.200700924,WILEY-V C H VERLAG GMBH,2008
1152,10.1002/ejic.200701060,WILEY-V C H VERLAG GMBH,2008
1153,10.1002/ejic.200701147,WILEY-V C H VERLAG GMBH,2008
1154,10.1002/ejic.200701208,WILEY-V C H VERLAG GMBH,2008
1155,10.1002/ejic.200701284,WILEY-V C H VERLAG GMBH,2008
1156,10.1002/ejic.200800002,WILEY-V C H VERLAG GMBH,2008
1157,10.1002/ejic.200800152,WILEY-V C H VERLAG GMBH,2008
1158,10.1002/ejic.200800222,WILEY-V C H VERLAG GMBH,2008
1159,10.1002/ejic.200800434,WILEY-V C H VERLAG GMBH,2008
1160,10.1002/ejic.200801224,WILEY-V C H VERLAG GMBH,2009
1161,10.1002/ejic.200900144,WILEY-V C H VERLAG GMBH,2009
1162,10.1002/ejic.200900242,WILEY-V C H VERLAG GMBH,2009
1163,10.1002/ejic.200900283,WILEY-V C H VERLAG GMBH,2009
1164,10.1002/ejic.200900375,WILEY-V C H VERLAG GMBH,2009
1165,10.1002/ejic.200900509,WILEY-BLACKWELL,2009
1166,10.1002/ejic.200900558,WILEY-V C H VERLAG GMBH,2009
1167,10.1002/ejic.200900596,WILEY-V C H VERLAG GMBH,2009
1168,10.1002/ejic.200900685,WILEY-V C H VERLAG GMBH,2010
1169,10.1002/ejic.200900819,WILEY-V C H VERLAG GMBH,2010
1170,10.1002/ejic.200900902,WILEY-BLACKWELL,2010
1171,10.1002/ejic.200900914,WILEY-V C H VERLAG GMBH,2009
1172,10.1002/ejic.200900962,WILEY-V C H VERLAG GMBH,2010
1173,10.1002/ejic.200901064,WILEY-V C H VERLAG GMBH,2010
1174,10.1002/ejic.200901163,WILEY-V C H VERLAG GMBH,2010
1175,10.1002/ejic.200901254,WILEY-V C H VERLAG GMBH,2010
1176,10.1002/ejic.201000146,WILEY-V C H VERLAG GMBH,2010
1177,10.1002/ejic.201000225,WILEY-V C H VERLAG GMBH,2010
1178,10.1002/ejic.201000291,WILEY-V C H VERLAG GMBH,2010
1179,10.1002/ejic.201000353,WILEY-V C H VERLAG GMBH,2010
1180,10.1002/ejic.201000364,WILEY-V C H VERLAG GMBH,2010
1181,10.1002/ejic.201000391,WILEY-BLACKWELL,2010
1182,10.1002/ejic.201000402,WILEY-V C H VERLAG GMBH,2010
1183,10.1002/ejic.201000486,WILEY-V C H VERLAG GMBH,2010
1184,10.1002/ejic.201000490,WILEY-V C H VERLAG GMBH,2010
1185,10.1002/ejic.201000491,WILEY-V C H VERLAG GMBH,2010
1186,10.1002/ejic.201000494,WILEY-V C H VERLAG GMBH,2010
1187,10.1002/ejic.201000535,WILEY-V C H VERLAG GMBH,2010
1188,10.1002/ejic.201000541,WILEY-V C H VERLAG GMBH,2010
1189,10.1002/ejic.201000547,WILEY-V C H VERLAG GMBH,2010
1190,10.1002/ejic.201000555,WILEY-V C H VERLAG GMBH,2010
1191,10.1002/ejic.201000578,WILEY-V C H VERLAG GMBH,2010
1192,10.1002/ejic.201000651,WILEY-V C H VERLAG GMBH,2010
1193,10.1002/ejic.201000664,WILEY-V C H VERLAG GMBH,2010
1194,10.1002/ejic.201000731,WILEY-V C H VERLAG GMBH,2010
1195,10.1002/ejic.201000807,WILEY-V C H VERLAG GMBH,2010
1196,10.1002/ejic.201000832,WILEY-V C H VERLAG GMBH,2010
1197,10.1002/ejic.201000928,WILEY-V C H VERLAG GMBH,2011
1198,10.1002/ejic.201000937,WILEY-V C H VERLAG GMBH,2011
1199,10.1002/ejic.201001001,WILEY-V C H VERLAG GMBH,2011
1200,10.1002/ejic.201001125,WILEY-V C H VERLAG GMBH,2011
1201,10.1002/ejic.201001145,WILEY-V C H VERLAG GMBH,2011
1202,10.1002/ejic.201100072,WILEY-V C H VERLAG GMBH,2011
1203,10.1002/ejic.201100213,WILEY-V C H VERLAG GMBH,2011
1204,10.1002/ejic.201100227,WILEY-V C H VERLAG GMBH,2011
1205,10.1002/ejic.201100437,WILEY-V C H VERLAG GMBH,2011
1206,10.1002/ejic.201100450,WILEY-V C H VERLAG GMBH,2011
1207,10.1002/ejic.201100523,WILEY-V C H VERLAG GMBH,2011
1208,10.1002/ejic.201100789,WILEY-V C H VERLAG GMBH,2011
1209,10.1002/ejic.201100913,WILEY-V C H VERLAG GMBH,2012
1210,10.1002/ejic.201100944,WILEY-V C H VERLAG GMBH,2011
1211,10.1002/ejic.201100948,WILEY-V C H VERLAG GMBH,2012
1212,10.1002/ejic.201101099,WILEY-V C H VERLAG GMBH,2012
1213,10.1002/ejic.201101119,WILEY-V C H VERLAG GMBH,2012
1214,10.1002/ejic.201101151,WILEY-V C H VERLAG GMBH,2012
1215,10.1002/ejic.201101295,WILEY-V C H VERLAG GMBH,2012
1216,10.1002/ejic.201200033,WILEY-V C H VERLAG GMBH,2012
1217,10.1002/ejic.201200106,WILEY-V C H VERLAG GMBH,2012
1218,10.1002/ejic.201200127,WILEY-V C H VERLAG GMBH,2012
1219,10.1002/ejic.201200169,WILEY-V C H VERLAG GMBH,2012
1220,10.1002/ejic.201200345,WILEY-V C H VERLAG GMBH,2012
1221,10.1002/ejic.201200417,WILEY-V C H VERLAG GMBH,2012
1222,10.1002/ejic.201200642,WILEY-V C H VERLAG GMBH,2012
1223,10.1002/ejic.201200710,WILEY-V C H VERLAG GMBH,2012
1224,10.1002/ejic.201200888,WILEY-V C H VERLAG GMBH,2012
1225,10.1002/ejic.201200949,WILEY-V C H VERLAG GMBH,2013
1226,10.1002/ejic.201201009,WILEY-V C H VERLAG GMBH,2013
1227,10.1002/ejic.201201092,WILEY-V C H VERLAG GMBH,2013
1228,10.1002/ejic.201201228,WILEY-V C H VERLAG GMBH,2013
1229,10.1002/ejic.201201374,WILEY-V C H VERLAG GMBH,2013
1230,10.1002/ejic.201201461,WILEY-V C H VERLAG GMBH,2013
1231,10.1002/ejic.201201466,WILEY-V C H VERLAG GMBH,2013
1232,10.1002/ejic.201201508,WILEY-V C H VERLAG GMBH,2013
1233,10.1002/ejic.201300112,WILEY-V C H VERLAG GMBH,2013
1234,10.1002/ejic.201300123,WILEY-V C H VERLAG GMBH,2013
1235,10.1002/ejic.201300185,WILEY-V C H VERLAG GMBH,2013
1236,10.1002/ejic.201300495,WILEY-V C H VERLAG GMBH,2013
1237,10.1002/ejic.201300533,WILEY-V C H VERLAG GMBH,2013
1238,10.1002/ejic.201300560,WILEY-V C H VERLAG GMBH,2013
1239,10.1002/ejic.201300637,WILEY-V C H VERLAG GMBH,2013
1240,10.1002/ejic.201300639,WILEY-V C H VERLAG GMBH,2013
1241,10.1002/ejic.201300696,WILEY-V C H VERLAG GMBH,2013
1242,10.1002/ejic.201301010,WILEY-V C H VERLAG GMBH,2013
1243,10.1002/ejic.201301039,WILEY-V C H VERLAG GMBH,2014
1244,10.1002/ejic.201301126,WILEY-V C H VERLAG GMBH,2014
1245,10.1002/ejic.201301312,WILEY-V C H VERLAG GMBH,2014
1246,10.1002/ejic.201301536,WILEY-V C H VERLAG GMBH,2014
1247,10.1002/ejic.201301543,WILEY-V C H VERLAG GMBH,2014
1248,10.1002/ejic.201400085,WILEY-V C H VERLAG GMBH,2014
1249,10.1002/ejic.201402019,WILEY-V C H VERLAG GMBH,2014
1250,10.1002/ejic.201402094,WILEY-V C H VERLAG GMBH,2014
1251,10.1002/ejic.201402099,WILEY-V C H VERLAG GMBH,2014
1252,10.1002/ejic.201402128,WILEY-V C H VERLAG GMBH,2014
1253,10.1002/ejic.201402375,WILEY-V C H VERLAG GMBH,2014
1254,10.1002/ejic.201402419,WILEY-V C H VERLAG GMBH,2014
1255,10.1002/ejic.201402475,WILEY-V C H VERLAG GMBH,2014
1256,10.1002/ejic.201402552,WILEY-V C H VERLAG GMBH,2014
1257,10.1002/ejic.201402737,WILEY-V C H VERLAG GMBH,2014
1258,10.1002/ejic.201402789,WILEY-V C H VERLAG GMBH,2014
1259,10.1002/ejic.201402891,WILEY-V C H VERLAG GMBH,2014
1260,10.1002/ejic.201402938,WILEY-V C H VERLAG GMBH,2015
1261,10.1002/ejic.201403026,WILEY-V C H VERLAG GMBH,2015
1262,10.1002/ejic.201403077,WILEY-V C H VERLAG GMBH,2015
1263,10.1002/ejic.201403149,WILEY-V C H VERLAG GMBH,2015
1264,10.1002/ejic.201403243,WILEY-V C H VERLAG GMBH,2015
1265,10.1002/ejic.201500069,WILEY-V C H VERLAG GMBH,2015
1266,10.1002/ejic.201500133,WILEY-V C H VERLAG GMBH,2015
1267,10.1002/ejic.201500281,WILEY-V C H VERLAG GMBH,2015
1268,10.1002/ejic.201500374,WILEY-V C H VERLAG GMBH,2015
1269,10.1002/ejic.201500431,WILEY-V C H VERLAG GMBH,2015
1270,10.1002/ejic.201500478,WILEY-V C H VERLAG GMBH,2015
1271,10.1002/ejic.201500484,WILEY-V C H VERLAG GMBH,2015
1272,10.1002/ejic.201500678,WILEY-V C H VERLAG GMBH,2015
1273,10.1002/ejic.201500741,WILEY-V C H VERLAG GMBH,2015
1274,10.1002/ejic.201500808,WILEY-V C H VERLAG GMBH,2015
1275,10.1002/ejic.201500975,WILEY-V C H VERLAG GMBH,2015
1276,10.1002/ejic.201501194,WILEY-V C H VERLAG GMBH,2016
1277,10.1002/ejic.201501350,WILEY-V C H VERLAG GMBH,2016
1278,10.1002/ejic.201600069,WILEY-V C H VERLAG GMBH,2016
1279,10.1002/ejic.201600111,WILEY-V C H VERLAG GMBH,2016
1280,10.1002/ejic.201600120,WILEY-V C H VERLAG GMBH,2016
1281,10.1002/ejic.201600134,WILEY-V C H VERLAG GMBH,2016
1282,10.1002/ejic.201600141,WILEY-V C H VERLAG GMBH,2016
1283,10.1002/ejic.201600192,WILEY-V C H VERLAG GMBH,2016
1284,10.1002/ejic.201600211,WILEY-V C H VERLAG GMBH,2016
1285,10.1002/ejic.201600231,WILEY-V C H VERLAG GMBH,2016
1286,10.1002/ejic.201600249,WILEY-V C H VERLAG GMBH,2016
1287,10.1002/ejic.201600295,WILEY-V C H VERLAG GMBH,2016
1288,10.1002/ejic.201600309,WILEY-V C H VERLAG GMBH,2016
1289,10.1002/ejic.201600338,WILEY-V C H VERLAG GMBH,2016
1290,10.1002/ejic.201600359,WILEY-V C H VERLAG GMBH,2016
1291,10.1002/ejic.201600372,WILEY-V C H VERLAG GMBH,2016
1292,10.1002/ejic.201600576,WILEY-V C H VERLAG GMBH,2016
1293,10.1002/ejic.201600613,WILEY-V C H VERLAG GMBH,2016
1294,10.1002/ejic.201600681,WILEY-V C H VERLAG GMBH,2016
1295,10.1002/ejic.201600683,WILEY-V C H VERLAG GMBH,2016
1296,10.1002/ejic.201600809,WILEY-V C H VERLAG GMBH,2016
1297,10.1002/ejic.201600851,WILEY-V C H VERLAG GMBH,2016
1298,10.1002/ejic.201600902,WILEY-V C H VERLAG GMBH,2016
1299,10.1002/ejic.201601100,WILEY-V C H VERLAG GMBH,2017
1300,10.1002/ejic.201601239,WILEY-V C H VERLAG GMBH,2017
1301,10.1002/ejic.201601242,WILEY-V C H VERLAG GMBH,2017
1302,10.1002/ejic.201601320,WILEY-V C H VERLAG GMBH,2017
1303,10.1002/ejic.201601541,WILEY-V C H VERLAG GMBH,2017
1304,10.1002/ejic.201700099,WILEY-V C H VERLAG GMBH,2017
1305,10.1002/ejic.201700157,WILEY-V C H VERLAG GMBH,2017
1306,10.1002/ejic.201700294,WILEY-V C H VERLAG GMBH,2017
1307,10.1002/ejic.201700446,WILEY-V C H VERLAG GMBH,2017
1308,10.1002/ejic.201700662,WILEY-V C H VERLAG GMBH,2017
1309,10.1002/ejic.201700673,WILEY-V C H VERLAG GMBH,2017
1310,10.1002/ejic.201700871,WILEY-V C H VERLAG GMBH,2017
1311,10.1002/ejic.201701161,WILEY-V C H VERLAG GMBH,2018
1312,10.1002/ejic.201701393,WILEY-V C H VERLAG GMBH,2018
1313,10.1002/ejic.201701394,WILEY-V C H VERLAG GMBH,2018
1314,10.1002/ejic.201701474,WILEY-V C H VERLAG GMBH,2018
1315,10.1002/ejic.201800042,WILEY-V C H VERLAG GMBH,2018
1316,10.1002/ejic.201800154,WILEY-V C H VERLAG GMBH,2018
1317,10.1002/ejic.201800197,WILEY-V C H VERLAG GMBH,2018
1318,10.1002/ejic.201800321,WILEY-V C H VERLAG GMBH,2018
1319,10.1002/ejic.201800369,WILEY-V C H VERLAG GMBH,2018
1320,10.1002/ejic.201801278,WILEY-V C H VERLAG GMBH,2019
1321,10.1002/ejic.201801291,WILEY-V C H VERLAG GMBH,2019
1322,10.1002/ejic.201900163,WILEY-V C H VERLAG GMBH,2019
1323,10.1002/ejic.201900285,WILEY-V C H VERLAG GMBH,2019
1324,10.1002/ejic.201900398,WILEY-V C H VERLAG GMBH,2019
1325,10.1002/ejic.201900584,WILEY-V C H VERLAG GMBH,2019
1326,10.1002/ejic.201900643,WILEY-V C H VERLAG GMBH,2019
1327,10.1002/ejic.201900764,WILEY-V C H VERLAG GMBH,2019
1328,10.1002/ejic.201900796,WILEY-V C H VERLAG GMBH,2019
1329,10.1002/ejic.201900876,WILEY-V C H VERLAG GMBH,2019
1330,10.1002/ejic.201900930,WILEY-V C H VERLAG GMBH,2019
1331,10.1002/ejic.201901194,WILEY-V C H VERLAG GMBH,2020
1332,10.1002/ejic.201901230,WILEY-V C H VERLAG GMBH,2020
1333,10.1002/ejic.201901347,WILEY-V C H VERLAG GMBH,2020
1334,10.1002/ejic.202000004,WILEY-V C H VERLAG GMBH,2020
1335,10.1002/ejic.202000011,WILEY-V C H VERLAG GMBH,2020
1336,10.1002/ejic.202000031,WILEY-V C H VERLAG GMBH,2020
1337,10.1002/ejic.202000399,WILEY-V C H VERLAG GMBH,2020
1338,10.1002/ejic.202000435,WILEY-V C H VERLAG GMBH,2020
1339,10.1002/ejic.202000726,WILEY-V C H VERLAG GMBH,2020
1340,10.1002/ejic.202001094,WILEY-V C H VERLAG GMBH,2021
1341,10.1002/ejic.202001163,WILEY-V C H VERLAG GMBH,2021
1342,10.1002/ejic.202100090,WILEY-V C H VERLAG GMBH,2021
1343,10.1002/ejic.202100119,WILEY-V C H VERLAG GMBH,2021
1344,10.1002/ejic.202100126,WILEY-V C H VERLAG GMBH,2021
1345,10.1002/ejic.202100227,WILEY-V C H VERLAG GMBH,2021
1346,10.1002/ejic.202100231,WILEY-V C H VERLAG GMBH,2021
1347,10.1002/ejic.202100279,WILEY-V C H VERLAG GMBH,2021
1348,10.1002/ejic.202100466,WILEY-V C H VERLAG GMBH,2021
1349,10.1002/ejic.202100896,WILEY-V C H VERLAG GMBH,2022
1350,10.1002/ejic.202101082,WILEY-V C H VERLAG GMBH,2022
1351,10.1002/ejic.202200049,WILEY-V C H VERLAG GMBH,2022
1352,10.1002/ejic.202200097,WILEY-V C H VERLAG GMBH,2022
1353,10.1002/ejic.202200110,WILEY-V C H VERLAG GMBH,2022
1354,10.1002/ejic.202200140,WILEY-V C H VERLAG GMBH,2022
1355,10.1002/ejic.202200274,WILEY-V C H VERLAG GMBH,2022
1356,10.1002/ejic.202200278,WILEY-V C H VERLAG GMBH,2022
1357,10.1002/ejic.202200410,WILEY-V C H VERLAG GMBH,2022
1358,10.1002/ejic.202200562,WILEY-V C H VERLAG GMBH,2022
1359,10.1002/ejic.202200646,WILEY-V C H VERLAG GMBH,2023
1360,10.1002/ejic.202300215,WILEY-V C H VERLAG GMBH,2023
1361,10.1002/ejic.202300216,WILEY-V C H VERLAG GMBH,2023
1362,10.1002/ejic.202300559,WILEY-V C H VERLAG GMBH,2024
1363,10.1002/ejic.202400101,WILEY-V C H VERLAG GMBH,2024
1364,10.1002/ejic.202400308,WILEY-V C H VERLAG GMBH,2024
1365,10.1002/ejic.202400459,WILEY-V C H VERLAG GMBH,2024
1366,10.1002/ejic.202400504,WILEY-V C H VERLAG GMBH,2024
1367,10.1002/ejic.202400757,WILEY-V C H VERLAG GMBH,2025
1368,10.1002/ejic.202400785,WILEY-V C H VERLAG GMBH,2025
1369,10.1002/ejic.202400809,WILEY-V C H VERLAG GMBH,2025
1370,10.1002/ejic.202500032,WILEY-V C H VERLAG GMBH,2025
1371,10.1002/ejic201000436,WILEY-V C H VERLAG GMBH,2010
1372,10.1002/ejoc.201001436,WILEY-V C H VERLAG GMBH,2011
1373,10.1002/ejoc.201201162,WILEY-V C H VERLAG GMBH,2013
1374,10.1002/ejoc.201600991,WILEY-V C H VERLAG GMBH,2016
1375,10.1002/ejoc.201700990,WILEY-V C H VERLAG GMBH,2017
1376,10.1002/ejoc.201800882,WILEY-V C H VERLAG GMBH,2018
1377,10.1002/ejoc.201801184,WILEY-V C H VERLAG GMBH,2018
1378,10.1002/ejoc.201801232,WILEY-V C H VERLAG GMBH,2019
1379,10.1002/ejoc.201900094,WILEY-V C H VERLAG GMBH,2019
1380,10.1002/ejoc.201900354,WILEY-V C H VERLAG GMBH,2019
1381,10.1002/ejoc.201900635,WILEY-V C H VERLAG GMBH,2019
1382,10.1002/ejoc.201900970,WILEY-V C H VERLAG GMBH,2019
1383,10.1002/ejoc.201901048,WILEY-V C H VERLAG GMBH,2019
1384,10.1002/ejoc.202000599,WILEY-V C H VERLAG GMBH,2020
1385,10.1002/elan.202100423,WILEY-V C H VERLAG GMBH,2023
1386,10.1002/elan.202200284,WILEY-V C H VERLAG GMBH,2023
1387,10.1002/elps.201600121,WILEY,2016
1388,10.1002/elps.202200020,WILEY,2022
1389,10.1002/hlca.201200466,WILEY-V C H VERLAG GMBH,2012
1390,10.1002/ijch.201700116,WILEY-V C H VERLAG GMBH,2018
1391,10.1002/ijch.201800120,WILEY-V C H VERLAG GMBH,2018
1392,10.1002/ijch.201800138,WILEY-V C H VERLAG GMBH,2019
1393,10.1002/ijch.201800155,WILEY-V C H VERLAG GMBH,2019
1394,10.1002/jcc.27270,WILEY,2024
1395,10.1002/jccs.200900106,WILEY-V C H VERLAG GMBH,2009
1396,10.1002/jccs.201000138,WILEY-V C H VERLAG GMBH,2010
1397,10.1002/jccs.201200041,WILEY-V C H VERLAG GMBH,2012
1398,10.1002/jccs.201200612,WILEY-V C H VERLAG GMBH,2013
1399,10.1002/jccs.201200645,WILEY-V C H VERLAG GMBH,2013
1400,10.1002/jccs.201400116,WILEY-V C H VERLAG GMBH,2014
1401,10.1002/jccs.201400496,WILEY-V C H VERLAG GMBH,2015
1402,10.1002/jccs.201600722,WILEY-V C H VERLAG GMBH,2016
1403,10.1002/jccs.201700266,WILEY-V C H VERLAG GMBH,2018
1404,10.1002/jccs.201800061,WILEY-V C H VERLAG GMBH,2018
1405,10.1002/jccs.201900170,WILEY-V C H VERLAG GMBH,2019
1406,10.1002/jccs.201900257,WILEY-V C H VERLAG GMBH,2020
1407,10.1002/jccs.202000303,WILEY-V C H VERLAG GMBH,2021
1408,10.1002/jccs.202000458,WILEY-V C H VERLAG GMBH,2021
1409,10.1002/jccs.202100096,WILEY-V C H VERLAG GMBH,2021
1410,10.1002/jccs.202100377,WILEY-V C H VERLAG GMBH,2022
1411,10.1002/jccs.202200172,WILEY-V C H VERLAG GMBH,2022
1412,10.1002/jctb.4213,WILEY-BLACKWELL,2014
1413,10.1002/jctb.5021,WILEY,2017
1414,10.1002/jctb.5274,WILEY,2017
1415,10.1002/jctb.5419,WILEY,2018
1416,10.1002/jctb.7071,WILEY,2022
1417,10.1002/jctb.7376,WILEY,2023
1418,10.1002/jctb.7817,WILEY,2025
1419,10.1002/jhet.3519,WILEY,2019
1420,10.1002/jhet.3675,WILEY,2019
1421,10.1002/jhet.3787,WILEY,2020
1422,10.1002/jhet.3869,WILEY,2020
1423,10.1002/jhet.3982,WILEY,2020
1424,10.1002/jssc.201400100,WILEY-V C H VERLAG GMBH,2014
1425,10.1002/jssc.201800121,WILEY-V C H VERLAG GMBH,2018
1426,10.1002/mame.201400251,WILEY-V C H VERLAG GMBH,2015
1427,10.1002/mame.202100591,WILEY-V C H VERLAG GMBH,2021
1428,10.1002/mame.202300048,WILEY-V C H VERLAG GMBH,2023
1429,10.1002/mawe.202100332,WILEY-V C H VERLAG GMBH,2022
1430,10.1002/open.201800170,WILEY-V C H VERLAG GMBH,2018
1431,10.1002/open.201800243,WILEY-V C H VERLAG GMBH,2019
1432,10.1002/open.201900032,WILEY-V C H VERLAG GMBH,2019
1433,10.1002/open.201900146,WILEY-V C H VERLAG GMBH,2019
1434,10.1002/open.202000291,WILEY-V C H VERLAG GMBH,2021
1435,10.1002/open.202300249,WILEY-V C H VERLAG GMBH,2024
1436,10.1002/open.202400110,WILEY-V C H VERLAG GMBH,2024
1437,10.1002/poc.4150,WILEY,2021
1438,10.1002/ppsc.202000101,WILEY-V C H VERLAG GMBH,2020
1439,10.1002/ppsc.202000147,WILEY-V C H VERLAG GMBH,2020
1440,10.1002/ppsc.202000185,WILEY-V C H VERLAG GMBH,2020
1441,10.1002/ppsc.202000209,WILEY-V C H VERLAG GMBH,2020
1442,10.1002/ppsc.202100221,WILEY-V C H VERLAG GMBH,2022
1443,10.1002/pssa.202000437,WILEY-V C H VERLAG GMBH,2020
1444,10.1002/qua.25057,WILEY,2016
1445,10.1002/slct.201500010,WILEY-V C H VERLAG GMBH,2016
1446,10.1002/slct.201600150,WILEY-V C H VERLAG GMBH,2016
1447,10.1002/slct.201600331,WILEY-V C H VERLAG GMBH,2016
1448,10.1002/slct.201600397,WILEY-V C H VERLAG GMBH,2016
1449,10.1002/slct.201600474,WILEY-V C H VERLAG GMBH,2016
1450,10.1002/slct.201600526,WILEY-V C H VERLAG GMBH,2016
1451,10.1002/slct.201600637,WILEY-V C H VERLAG GMBH,2016
1452,10.1002/slct.201600752,WILEY-V C H VERLAG GMBH,2016
1453,10.1002/slct.201600774,WILEY-V C H VERLAG GMBH,2016
1454,10.1002/slct.201600844,WILEY-V C H VERLAG GMBH,2016
1455,10.1002/slct.201601134,WILEY-V C H VERLAG GMBH,2016
1456,10.1002/slct.201601236,WILEY-V C H VERLAG GMBH,2016
1457,10.1002/slct.201601400,WILEY-V C H VERLAG GMBH,2017
1458,10.1002/slct.201601440,WILEY-V C H VERLAG GMBH,2017
1459,10.1002/slct.201601513,WILEY-V C H VERLAG GMBH,2016
1460,10.1002/slct.201700237,WILEY-V C H VERLAG GMBH,2017
1461,10.1002/slct.201700730,WILEY-V C H VERLAG GMBH,2017
1462,10.1002/slct.201700739,WILEY-V C H VERLAG GMBH,2017
1463,10.1002/slct.201701232,WILEY-V C H VERLAG GMBH,2017
1464,10.1002/slct.201701289,WILEY-V C H VERLAG GMBH,2017
1465,10.1002/slct.201701411,WILEY-V C H VERLAG GMBH,2017
1466,10.1002/slct.201701731,WILEY-V C H VERLAG GMBH,2017
1467,10.1002/slct.201701944,WILEY-V C H VERLAG GMBH,2017
1468,10.1002/slct.201702410,WILEY-V C H VERLAG GMBH,2017
1469,10.1002/slct.201702689,WILEY-V C H VERLAG GMBH,2018
1470,10.1002/slct.201702692,WILEY-V C H VERLAG GMBH,2018
1471,10.1002/slct.201702852,WILEY-V C H VERLAG GMBH,2018
1472,10.1002/slct.201800475,WILEY-V C H VERLAG GMBH,2018
1473,10.1002/slct.201800571,WILEY-V C H VERLAG GMBH,2018
1474,10.1002/slct.201800580,WILEY-V C H VERLAG GMBH,2018
1475,10.1002/slct.201800642,WILEY-V C H VERLAG GMBH,2018
1476,10.1002/slct.201800697,WILEY-V C H VERLAG GMBH,2018
1477,10.1002/slct.201800953,WILEY-V C H VERLAG GMBH,2018
1478,10.1002/slct.201801068,WILEY-V C H VERLAG GMBH,2018
1479,10.1002/slct.201801392,WILEY-V C H VERLAG GMBH,2018
1480,10.1002/slct.201801610,WILEY-V C H VERLAG GMBH,2018
1481,10.1002/slct.201801720,WILEY-V C H VERLAG GMBH,2018
1482,10.1002/slct.201801815,WILEY-V C H VERLAG GMBH,2018
1483,10.1002/slct.201802067,WILEY-V C H VERLAG GMBH,2018
1484,10.1002/slct.201802739,WILEY-V C H VERLAG GMBH,2018
1485,10.1002/slct.201802797,WILEY-V C H VERLAG GMBH,2018
1486,10.1002/slct.201802940,WILEY-V C H VERLAG GMBH,2018
1487,10.1002/slct.201803124,WILEY-V C H VERLAG GMBH,2019
1488,10.1002/slct.201803260,WILEY-V C H VERLAG GMBH,2019
1489,10.1002/slct.201803542,WILEY-V C H VERLAG GMBH,2019
1490,10.1002/slct.201803944,WILEY-V C H VERLAG GMBH,2019
1491,10.1002/slct.201803971,WILEY-V C H VERLAG GMBH,2019
1492,10.1002/slct.201900096,WILEY-V C H VERLAG GMBH,2019
1493,10.1002/slct.201900363,WILEY-V C H VERLAG GMBH,2019
1494,10.1002/slct.201901070,WILEY-V C H VERLAG GMBH,2019
1495,10.1002/slct.201901078,WILEY-V C H VERLAG GMBH,2019
1496,10.1002/slct.201901440,WILEY-V C H VERLAG GMBH,2019
1497,10.1002/slct.201901690,WILEY-V C H VERLAG GMBH,2019
1498,10.1002/slct.201902379,WILEY-V C H VERLAG GMBH,2019
1499,10.1002/slct.201902713,WILEY-V C H VERLAG GMBH,2019
1500,10.1002/slct.201902849,WILEY-V C H VERLAG GMBH,2020
1501,10.1002/slct.201902890,WILEY-V C H VERLAG GMBH,2019
1502,10.1002/slct.201902901,WILEY-V C H VERLAG GMBH,2019
1503,10.1002/slct.201903131,WILEY-V C H VERLAG GMBH,2019
1504,10.1002/slct.201903494,WILEY-V C H VERLAG GMBH,2019
1505,10.1002/slct.201903642,WILEY-V C H VERLAG GMBH,2019
1506,10.1002/slct.201904119,WILEY-V C H VERLAG GMBH,2020
1507,10.1002/slct.201904131,WILEY-V C H VERLAG GMBH,2020
1508,10.1002/slct.201904225,WILEY-V C H VERLAG GMBH,2020
1509,10.1002/slct.201904284,WILEY-V C H VERLAG GMBH,2019
1510,10.1002/slct.201904585,WILEY-V C H VERLAG GMBH,2019
1511,10.1002/slct.201904637,WILEY-V C H VERLAG GMBH,2020
1512,10.1002/slct.202000004,WILEY-V C H VERLAG GMBH,2020
1513,10.1002/slct.202000455,WILEY-V C H VERLAG GMBH,2020
1514,10.1002/slct.202000813,WILEY-V C H VERLAG GMBH,2020
1515,10.1002/slct.202001583,WILEY-V C H VERLAG GMBH,2020
1516,10.1002/slct.202001730,WILEY-V C H VERLAG GMBH,2020
1517,10.1002/slct.202001789,WILEY-V C H VERLAG GMBH,2020
1518,10.1002/slct.202002224,WILEY-V C H VERLAG GMBH,2020
1519,10.1002/slct.202002457,WILEY-V C H VERLAG GMBH,2020
1520,10.1002/slct.202002555,WILEY-V C H VERLAG GMBH,2022
1521,10.1002/slct.202002661,WILEY-V C H VERLAG GMBH,2020
1522,10.1002/slct.202002897,WILEY-V C H VERLAG GMBH,2020
1523,10.1002/slct.202003213,WILEY-V C H VERLAG GMBH,2020
1524,10.1002/slct.202003485,WILEY-V C H VERLAG GMBH,2020
1525,10.1002/slct.202003575,WILEY-V C H VERLAG GMBH,2020
1526,10.1002/slct.202003607,WILEY-V C H VERLAG GMBH,2020
1527,10.1002/slct.202003716,WILEY-V C H VERLAG GMBH,2020
1528,10.1002/slct.202003939,WILEY-V C H VERLAG GMBH,2020
1529,10.1002/slct.202004107,WILEY-V C H VERLAG GMBH,2020
1530,10.1002/slct.202004834,WILEY-V C H VERLAG GMBH,2021
1531,10.1002/slct.202100438,WILEY-V C H VERLAG GMBH,2021
1532,10.1002/slct.202100589,WILEY-V C H VERLAG GMBH,2021
1533,10.1002/slct.202101268,WILEY-V C H VERLAG GMBH,2021
1534,10.1002/slct.202101471,WILEY-V C H VERLAG GMBH,2021
1535,10.1002/slct.202101591,WILEY-V C H VERLAG GMBH,2021
1536,10.1002/slct.202102721,WILEY-V C H VERLAG GMBH,2021
1537,10.1002/slct.202103520,WILEY-V C H VERLAG GMBH,2022
1538,10.1002/slct.202103536,WILEY-V C H VERLAG GMBH,2021
1539,10.1002/slct.202103792,WILEY-V C H VERLAG GMBH,2021
1540,10.1002/slct.202103927,WILEY-V C H VERLAG GMBH,2022
1541,10.1002/slct.202104471,WILEY-V C H VERLAG GMBH,2022
1542,10.1002/slct.202200096,WILEY-V C H VERLAG GMBH,2022
1543,10.1002/slct.202200592,WILEY-V C H VERLAG GMBH,2022
1544,10.1002/slct.202201566,WILEY-V C H VERLAG GMBH,2022
1545,10.1002/slct.202201588,WILEY-V C H VERLAG GMBH,2022
1546,10.1002/slct.202202253,WILEY-V C H VERLAG GMBH,2022
1547,10.1002/slct.202202894,WILEY-V C H VERLAG GMBH,2022
1548,10.1002/slct.202203667,WILEY-V C H VERLAG GMBH,2022
1549,10.1002/slct.202203766,WILEY-V C H VERLAG GMBH,2022
1550,10.1002/slct.202204367,WILEY-V C H VERLAG GMBH,2023
1551,10.1002/slct.202204538,WILEY-V C H VERLAG GMBH,2023
1552,10.1002/slct.202204549,WILEY-V C H VERLAG GMBH,2023
1553,10.1002/slct.202204937,WILEY-V C H VERLAG GMBH,2023
1554,10.1002/slct.202300745,WILEY-V C H VERLAG GMBH,2023
1555,10.1002/slct.202300926,WILEY-V C H VERLAG GMBH,2023
1556,10.1002/slct.202301543,WILEY-V C H VERLAG GMBH,2023
1557,10.1002/slct.202302011,WILEY-V C H VERLAG GMBH,2023
1558,10.1002/slct.202303765,WILEY-V C H VERLAG GMBH,2024
1559,10.1002/slct.202303940,WILEY-V C H VERLAG GMBH,2024
1560,10.1002/slct.202304217,WILEY-V C H VERLAG GMBH,2024
1561,10.1002/slct.202304617,WILEY-V C H VERLAG GMBH,2024
1562,10.1002/slct.202304855,WILEY-V C H VERLAG GMBH,2024
1563,10.1002/slct.202304882,WILEY-V C H VERLAG GMBH,2024
1564,10.1002/slct.202304908,WILEY-V C H VERLAG GMBH,2024
1565,10.1002/slct.202304913,WILEY-V C H VERLAG GMBH,2024
1566,10.1002/slct.202400487,WILEY-V C H VERLAG GMBH,2024
1567,10.1002/slct.202400978,WILEY-V C H VERLAG GMBH,2024
1568,10.1002/slct.202401877,WILEY-V C H VERLAG GMBH,2024
1569,10.1002/slct.202402046,WILEY-V C H VERLAG GMBH,2024
1570,10.1002/slct.202402556,WILEY-V C H VERLAG GMBH,2024
1571,10.1002/slct.202402571,WILEY-V C H VERLAG GMBH,2024
1572,10.1002/slct.202402669,WILEY-V C H VERLAG GMBH,2024
1573,10.1002/slct.202404433,WILEY-V C H VERLAG GMBH,2024
1574,10.1002/slct.202404797,WILEY-V C H VERLAG GMBH,2024
1575,10.1002/slct.202405888,WILEY-V C H VERLAG GMBH,2025
1576,10.1002/slct.202501812,WILEY-V C H VERLAG GMBH,2025
1577,10.1002/smll.201100098,WILEY-V C H VERLAG GMBH,2011
1578,10.1002/smll.201200558,WILEY-V C H VERLAG GMBH,2013
1579,10.1002/smll.201303564,WILEY-V C H VERLAG GMBH,2014
1580,10.1002/smll.201600356,WILEY-V C H VERLAG GMBH,2016
1581,10.1002/smll.201601873,WILEY-V C H VERLAG GMBH,2016
1582,10.1002/smll.201700632,WILEY-V C H VERLAG GMBH,2017
1583,10.1002/smll.201702958,WILEY-V C H VERLAG GMBH,2018
1584,10.1002/smll.201704440,WILEY-V C H VERLAG GMBH,2018
1585,10.1002/smll.201804874,WILEY-V C H VERLAG GMBH,2019
1586,10.1002/smll.201805133,WILEY-V C H VERLAG GMBH,2019
1587,10.1002/smll.201805478,WILEY-V C H VERLAG GMBH,2019
1588,10.1002/smll.201901065,WILEY-V C H VERLAG GMBH,2019
1589,10.1002/smll.201902990,WILEY-V C H VERLAG GMBH,2020
1590,10.1002/smll.202005111,WILEY-V C H VERLAG GMBH,2020
1591,10.1002/smll.202005357,WILEY-V C H VERLAG GMBH,2021
1592,10.1002/smll.202006351,WILEY-V C H VERLAG GMBH,2021
1593,10.1002/smll.202101455,WILEY-V C H VERLAG GMBH,2021
1594,10.1002/smll.202101475,WILEY-V C H VERLAG GMBH,2021
1595,10.1002/smll.202200407,WILEY-V C H VERLAG GMBH,2022
1596,10.1002/smll.202203356,WILEY-V C H VERLAG GMBH,2022
1597,10.1002/smll.202205542,WILEY-V C H VERLAG GMBH,2023
1598,10.1002/smll.202206116,WILEY-V C H VERLAG GMBH,2023
1599,10.1002/smll.202206988,WILEY-V C H VERLAG GMBH,2023
1600,10.1002/smll.202301894,WILEY-V C H VERLAG GMBH,2023
1601,10.1002/smll.202301933,WILEY-V C H VERLAG GMBH,2023
1602,10.1002/smll.202301966,WILEY-V C H VERLAG GMBH,2023
1603,10.1002/smll.202302173,WILEY-V C H VERLAG GMBH,2023
1604,10.1002/smll.202302776,WILEY-V C H VERLAG GMBH,2023
1605,10.1002/smll.202302913,WILEY-V C H VERLAG GMBH,2023
1606,10.1002/smll.202303235,WILEY-V C H VERLAG GMBH,2023
1607,10.1002/smll.202304057,WILEY-V C H VERLAG GMBH,2023
1608,10.1002/smll.202304096,WILEY-V C H VERLAG GMBH,2023
1609,10.1002/smll.202304771,WILEY-V C H VERLAG GMBH,2023
1610,10.1002/smll.202305258,WILEY-V C H VERLAG GMBH,2024
1611,10.1002/smll.202305308,WILEY-V C H VERLAG GMBH,2023
1612,10.1002/smll.202305771,WILEY-V C H VERLAG GMBH,2023
1613,10.1002/smll.202305881,WILEY-V C H VERLAG GMBH,2024
1614,10.1002/smll.202305999,WILEY-V C H VERLAG GMBH,2024
1615,10.1002/smll.202306794,WILEY-V C H VERLAG GMBH,2024
1616,10.1002/smll.202307236,WILEY-V C H VERLAG GMBH,2024
1617,10.1002/smll.202307484,WILEY-V C H VERLAG GMBH,2024
1618,10.1002/smll.202308393,WILEY-V C H VERLAG GMBH,2024
1619,10.1002/smll.202309281,WILEY-V C H VERLAG GMBH,2024
1620,10.1002/smll.202311083,WILEY-V C H VERLAG GMBH,2024
1621,10.1002/smll.202311448,WILEY-V C H VERLAG GMBH,2024
1622,10.1002/smll.202400399,WILEY-V C H VERLAG GMBH,2024
1623,10.1002/smll.202400410,WILEY-V C H VERLAG GMBH,2024
1624,10.1002/smll.202401024,WILEY-V C H VERLAG GMBH,2024
1625,10.1002/smll.202402255,WILEY-V C H VERLAG GMBH,2024
1626,10.1002/smll.202404554,WILEY-V C H VERLAG GMBH,2024
1627,10.1002/smll.202405540,WILEY-V C H VERLAG GMBH,2024
1628,10.1002/smll.202405636,WILEY-V C H VERLAG GMBH,2024
1629,10.1002/smll.202405831,WILEY-V C H VERLAG GMBH,2024
1630,10.1002/smll.202407051,WILEY-V C H VERLAG GMBH,2025
1631,10.1002/smll.202408466,WILEY-V C H VERLAG GMBH,2025
1632,10.1002/smll.202408966,WILEY-V C H VERLAG GMBH,2024
1633,10.1002/smll.202409061,WILEY-V C H VERLAG GMBH,2025
1634,10.1002/smll.202410680,WILEY-V C H VERLAG GMBH,2025
1635,10.1002/smll.202411300,WILEY-V C H VERLAG GMBH,2025
1636,10.1002/smll.202412121,WILEY-V C H VERLAG GMBH,2025
1637,10.1002/smll.202500324,WILEY-V C H VERLAG GMBH,2025
1638,10.1002/smll.202501767,WILEY-V C H VERLAG GMBH,2025
1639,10.1002/smll.202501823,WILEY-V C H VERLAG GMBH,2025
1640,10.1002/smll.202504242,WILEY-V C H VERLAG GMBH,2025
1641,10.1002/smtd.202000085,WILEY-V C H VERLAG GMBH,2020
1642,10.1002/smtd.202200208,WILEY-V C H VERLAG GMBH,2022
1643,10.1002/smtd.202300752,WILEY-V C H VERLAG GMBH,2023
1644,10.1002/smtd.202301435,WILEY-V C H VERLAG GMBH,2024
1645,10.1002/smtd.202400363,WILEY-V C H VERLAG GMBH,2024
1646,10.1002/smtd.202400596,WILEY-V C H VERLAG GMBH,2024
1647,10.1002/solr.202300493,WILEY-V C H VERLAG GMBH,2023
1648,10.1002/solr.202300710,WILEY-V C H VERLAG GMBH,2024
1649,10.1002/sstr.202100115,WILEY,2022
1650,10.1002/sstr.202300055,WILEY,2023
1651,10.1002/sstr.202300293,WILEY,2024
1652,10.1002/sstr.202300346,WILEY,2024
1653,10.1002/tcr.201500273,WILEY-V C H VERLAG GMBH,2016
1654,10.1002/tcr.201500304,WILEY-V C H VERLAG GMBH,2016
1655,10.1002/tcr.201600038,WILEY-V C H VERLAG GMBH,2016
1656,10.1002/tcr.201700056,WILEY-V C H VERLAG GMBH,2018
1657,10.1002/tcr.202000067,WILEY-V C H VERLAG GMBH,2020
1658,10.1002/zaac.200400144,WILEY-V C H VERLAG GMBH,2004
1659,10.1002/zaac.200400414,WILEY-V C H VERLAG GMBH,2005
1660,10.1002/zaac.200600208,WILEY-V C H VERLAG GMBH,2006
1661,10.1002/zaac.200600260,WILEY-V C H VERLAG GMBH,2007
1662,10.1002/zaac.200600272,WILEY-V C H VERLAG GMBH,2007
1663,10.1002/zaac.200600273,WILEY-V C H VERLAG GMBH,2007
1664,10.1002/zaac.200700073,WILEY-V C H VERLAG GMBH,2007
1665,10.1002/zaac.200700235,WILEY-V C H VERLAG GMBH,2007
1666,10.1002/zaac.200700295,WILEY-V C H VERLAG GMBH,2007
1667,10.1002/zaac.200700298,WILEY-V C H VERLAG GMBH,2007
1668,10.1002/zaac.200700327,WILEY-V C H VERLAG GMBH,2008
1669,10.1002/zaac.200700374,WILEY-V C H VERLAG GMBH,2008
1670,10.1002/zaac.200800008,WILEY-V C H VERLAG GMBH,2008
1671,10.1002/zaac.200800047,WILEY-V C H VERLAG GMBH,2008
1672,10.1002/zaac.200800103,WILEY-V C H VERLAG GMBH,2008
1673,10.1002/zaac.200800143,WILEY-V C H VERLAG GMBH,2008
1674,10.1002/zaac.200800259,WILEY-V C H VERLAG GMBH,2008
1675,10.1002/zaac.200800323,WILEY-V C H VERLAG GMBH,2008
1676,10.1002/zaac.200800354,WILEY-V C H VERLAG GMBH,2009
1677,10.1002/zaac.200800363,WILEY-V C H VERLAG GMBH,2009
1678,10.1002/zaac.200800406,WILEY-V C H VERLAG GMBH,2009
1679,10.1002/zaac.200801301,WILEY-V C H VERLAG GMBH,2009
1680,10.1002/zaac.200801303,WILEY-V C H VERLAG GMBH,2009
1681,10.1002/zaac.200801363,WILEY-V C H VERLAG GMBH,2009
1682,10.1002/zaac.200801377,WILEY-V C H VERLAG GMBH,2009
1683,10.1002/zaac.200801403,WILEY-V C H VERLAG GMBH,2009
1684,10.1002/zaac.200900138,WILEY-V C H VERLAG GMBH,2009
1685,10.1002/zaac.200900143,WILEY-V C H VERLAG GMBH,2009
1686,10.1002/zaac.200900145,WILEY-BLACKWELL,2009
1687,10.1002/zaac.200900170,WILEY-V C H VERLAG GMBH,2009
1688,10.1002/zaac.200900223,WILEY-V C H VERLAG GMBH,2009
1689,10.1002/zaac.200900243,WILEY-V C H VERLAG GMBH,2009
1690,10.1002/zaac.200900278,WILEY-BLACKWELL,2010
1691,10.1002/zaac.200900302,WILEY-V C H VERLAG GMBH,2010
1692,10.1002/zaac.200900307,WILEY-V C H VERLAG GMBH,2010
1693,10.1002/zaac.200900329,WILEY-V C H VERLAG GMBH,2010
1694,10.1002/zaac.200900359,WILEY-V C H VERLAG GMBH,2010
1695,10.1002/zaac.200900374,WILEY-V C H VERLAG GMBH,2010
1696,10.1002/zaac.200900389,WILEY-V C H VERLAG GMBH,2010
1697,10.1002/zaac.200900436,WILEY-V C H VERLAG GMBH,2010
1698,10.1002/zaac.200900440,WILEY-V C H VERLAG GMBH,2010
1699,10.1002/zaac.200900442,WILEY-V C H VERLAG GMBH,2010
1700,10.1002/zaac.200900451,WILEY-V C H VERLAG GMBH,2010
1701,10.1002/zaac.200900452,WILEY-V C H VERLAG GMBH,2010
1702,10.1002/zaac.200900462,WILEY-V C H VERLAG GMBH,2010
1703,10.1002/zaac.200900516,WILEY-V C H VERLAG GMBH,2010
1704,10.1002/zaac.200900554,WILEY-V C H VERLAG GMBH,2010
1705,10.1002/zaac.200900556,WILEY-V C H VERLAG GMBH,2010
1706,10.1002/zaac.201000042,WILEY-V C H VERLAG GMBH,2010
1707,10.1002/zaac.201000053,WILEY-V C H VERLAG GMBH,2010
1708,10.1002/zaac.201000056,WILEY-BLACKWELL,2010
1709,10.1002/zaac.201000077,WILEY-V C H VERLAG GMBH,2010
1710,10.1002/zaac.201000115,WILEY-V C H VERLAG GMBH,2010
1711,10.1002/zaac.201000181,WILEY-V C H VERLAG GMBH,2010
1712,10.1002/zaac.201000251,WILEY-V C H VERLAG GMBH,2010
1713,10.1002/zaac.201000256,WILEY-V C H VERLAG GMBH,2011
1714,10.1002/zaac.201000270,WILEY-V C H VERLAG GMBH,2011
1715,10.1002/zaac.201000274,WILEY-V C H VERLAG GMBH,2011
1716,10.1002/zaac.201000307,WILEY-V C H VERLAG GMBH,2011
1717,10.1002/zaac.201000314,WILEY-V C H VERLAG GMBH,2011
1718,10.1002/zaac.201000315,WILEY-BLACKWELL,2011
1719,10.1002/zaac.201000326,WILEY-V C H VERLAG GMBH,2011
1720,10.1002/zaac.201000352,WILEY-V C H VERLAG GMBH,2011
1721,10.1002/zaac.201000354,WILEY-V C H VERLAG GMBH,2011
1722,10.1002/zaac.201000367,WILEY-V C H VERLAG GMBH,2011
1723,10.1002/zaac.201000369,WILEY-V C H VERLAG GMBH,2011
1724,10.1002/zaac.201000371,WILEY-BLACKWELL,2011
1725,10.1002/zaac.201000372,WILEY-V C H VERLAG GMBH,2011
1726,10.1002/zaac.201000386,WILEY-V C H VERLAG GMBH,2011
1727,10.1002/zaac.201000424,WILEY-V C H VERLAG GMBH,2011
1728,10.1002/zaac.201000437,WILEY-V C H VERLAG GMBH,2011
1729,10.1002/zaac.201100010,WILEY-V C H VERLAG GMBH,2011
1730,10.1002/zaac.201100019,WILEY-V C H VERLAG GMBH,2011
1731,10.1002/zaac.201100062,WILEY-V C H VERLAG GMBH,2011
1732,10.1002/zaac.201100082,WILEY-V C H VERLAG GMBH,2011
1733,10.1002/zaac.201100104,WILEY-V C H VERLAG GMBH,2011
1734,10.1002/zaac.201100136,WILEY-V C H VERLAG GMBH,2011
1735,10.1002/zaac.201100155,WILEY-V C H VERLAG GMBH,2011
1736,10.1002/zaac.201100160,WILEY-V C H VERLAG GMBH,2011
1737,10.1002/zaac.201100229,WILEY-V C H VERLAG GMBH,2011
1738,10.1002/zaac.201100272,WILEY-V C H VERLAG GMBH,2011
1739,10.1002/zaac.201100308,WILEY-V C H VERLAG GMBH,2011
1740,10.1002/zaac.201100311,WILEY-V C H VERLAG GMBH,2011
1741,10.1002/zaac.201100382,WILEY-V C H VERLAG GMBH,2012
1742,10.1002/zaac.201100390,WILEY-V C H VERLAG GMBH,2012
1743,10.1002/zaac.201100403,WILEY-V C H VERLAG GMBH,2012
1744,10.1002/zaac.201100407,WILEY-V C H VERLAG GMBH,2012
1745,10.1002/zaac.201100421,WILEY-V C H VERLAG GMBH,2012
1746,10.1002/zaac.201100429,WILEY-V C H VERLAG GMBH,2012
1747,10.1002/zaac.201100433,WILEY-V C H VERLAG GMBH,2012
1748,10.1002/zaac.201100460,WILEY-V C H VERLAG GMBH,2012
1749,10.1002/zaac.201100462,WILEY-V C H VERLAG GMBH,2012
1750,10.1002/zaac.201100519,WILEY-V C H VERLAG GMBH,2012
1751,10.1002/zaac.201200003,WILEY-V C H VERLAG GMBH,2012
1752,10.1002/zaac.201200017,WILEY-V C H VERLAG GMBH,2012
1753,10.1002/zaac.201200043,WILEY-V C H VERLAG GMBH,2012
1754,10.1002/zaac.201200099,WILEY-V C H VERLAG GMBH,2012
1755,10.1002/zaac.201200140,WILEY-V C H VERLAG GMBH,2012
1756,10.1002/zaac.201200151,WILEY-V C H VERLAG GMBH,2012
1757,10.1002/zaac.201200210,WILEY-V C H VERLAG GMBH,2012
1758,10.1002/zaac.201200222,WILEY-V C H VERLAG GMBH,2012
1759,10.1002/zaac.201200253,WILEY-V C H VERLAG GMBH,2012
1760,10.1002/zaac.201200325,WILEY-V C H VERLAG GMBH,2013
1761,10.1002/zaac.201200341,WILEY-V C H VERLAG GMBH,2013
1762,10.1002/zaac.201200373,WILEY-V C H VERLAG GMBH,2013
1763,10.1002/zaac.201200394,WILEY-V C H VERLAG GMBH,2013
1764,10.1002/zaac.201200400,WILEY-V C H VERLAG GMBH,2013
1765,10.1002/zaac.201200411,WILEY-V C H VERLAG GMBH,2013
1766,10.1002/zaac.201200413,WILEY-V C H VERLAG GMBH,2013
1767,10.1002/zaac.201200414,WILEY-V C H VERLAG GMBH,2013
1768,10.1002/zaac.201200422,WILEY-V C H VERLAG GMBH,2013
1769,10.1002/zaac.201200427,WILEY-V C H VERLAG GMBH,2013
1770,10.1002/zaac.201200428,WILEY-V C H VERLAG GMBH,2013
1771,10.1002/zaac.201200473,WILEY-V C H VERLAG GMBH,2013
1772,10.1002/zaac.201200474,WILEY-V C H VERLAG GMBH,2013
1773,10.1002/zaac.201200537,WILEY-V C H VERLAG GMBH,2013
1774,10.1002/zaac.201300011,WILEY-V C H VERLAG GMBH,2013
1775,10.1002/zaac.201300050,WILEY-V C H VERLAG GMBH,2013
1776,10.1002/zaac.201300117,WILEY-V C H VERLAG GMBH,2013
1777,10.1002/zaac.201300140,WILEY-V C H VERLAG GMBH,2013
1778,10.1002/zaac.201300185,WILEY-V C H VERLAG GMBH,2013
1779,10.1002/zaac.201300197,WILEY-V C H VERLAG GMBH,2014
1780,10.1002/zaac.201300206,WILEY-V C H VERLAG GMBH,2013
1781,10.1002/zaac.201300211,WILEY-V C H VERLAG GMBH,2013
1782,10.1002/zaac.201300215,WILEY-V C H VERLAG GMBH,2013
1783,10.1002/zaac.201300240,WILEY-V C H VERLAG GMBH,2013
1784,10.1002/zaac.201300253,WILEY-V C H VERLAG GMBH,2013
1785,10.1002/zaac.201300276,WILEY-V C H VERLAG GMBH,2014
1786,10.1002/zaac.201300280,WILEY-V C H VERLAG GMBH,2013
1787,10.1002/zaac.201300345,WILEY-V C H VERLAG GMBH,2014
1788,10.1002/zaac.201300347,WILEY-V C H VERLAG GMBH,2013
1789,10.1002/zaac.201300357,WILEY-V C H VERLAG GMBH,2013
1790,10.1002/zaac.201300375,WILEY-V C H VERLAG GMBH,2014
1791,10.1002/zaac.201300401,WILEY-V C H VERLAG GMBH,2013
1792,10.1002/zaac.201300480,WILEY-V C H VERLAG GMBH,2013
1793,10.1002/zaac.201300488,WILEY-V C H VERLAG GMBH,2014
1794,10.1002/zaac.201300500,WILEY-V C H VERLAG GMBH,2014
1795,10.1002/zaac.201300550,WILEY-V C H VERLAG GMBH,2014
1796,10.1002/zaac.201300619,WILEY-V C H VERLAG GMBH,2014
1797,10.1002/zaac.201300623,WILEY-V C H VERLAG GMBH,2014
1798,10.1002/zaac.201300641,WILEY-V C H VERLAG GMBH,2014
1799,10.1002/zaac.201300681,WILEY-V C H VERLAG GMBH,2014
1800,10.1002/zaac.201300682,WILEY-V C H VERLAG GMBH,2014
1801,10.1002/zaac.201300686,WILEY-V C H VERLAG GMBH,2014
1802,10.1002/zaac.201400016,WILEY-V C H VERLAG GMBH,2014
1803,10.1002/zaac.201400024,WILEY-V C H VERLAG GMBH,2014
1804,10.1002/zaac.201400037,WILEY-V C H VERLAG GMBH,2014
1805,10.1002/zaac.201400073,WILEY-V C H VERLAG GMBH,2014
1806,10.1002/zaac.201400102,WILEY-V C H VERLAG GMBH,2014
1807,10.1002/zaac.201400110,WILEY-V C H VERLAG GMBH,2014
1808,10.1002/zaac.201400139,WILEY-V C H VERLAG GMBH,2014
1809,10.1002/zaac.201400162,WILEY-V C H VERLAG GMBH,2014
1810,10.1002/zaac.201400177,WILEY-V C H VERLAG GMBH,2014
1811,10.1002/zaac.201400188,WILEY-V C H VERLAG GMBH,2014
1812,10.1002/zaac.201400197,WILEY-V C H VERLAG GMBH,2014
1813,10.1002/zaac.201400206,WILEY-V C H VERLAG GMBH,2014
1814,10.1002/zaac.201400214,WILEY-V C H VERLAG GMBH,2014
1815,10.1002/zaac.201400217,WILEY-V C H VERLAG GMBH,2014
1816,10.1002/zaac.201400231,WILEY-V C H VERLAG GMBH,2014
1817,10.1002/zaac.201400254,WILEY-V C H VERLAG GMBH,2014
1818,10.1002/zaac.201400256,WILEY-V C H VERLAG GMBH,2014
1819,10.1002/zaac.201400263,WILEY-V C H VERLAG GMBH,2014
1820,10.1002/zaac.201400294,WILEY-V C H VERLAG GMBH,2014
1821,10.1002/zaac.201400297,WILEY-V C H VERLAG GMBH,2015
1822,10.1002/zaac.201400303,WILEY-V C H VERLAG GMBH,2014
1823,10.1002/zaac.201400375,WILEY-V C H VERLAG GMBH,2014
1824,10.1002/zaac.201400387,WILEY-V C H VERLAG GMBH,2015
1825,10.1002/zaac.201400388,WILEY-V C H VERLAG GMBH,2014
1826,10.1002/zaac.201400398,WILEY-V C H VERLAG GMBH,2015
1827,10.1002/zaac.201400419,WILEY-V C H VERLAG GMBH,2014
1828,10.1002/zaac.201400424,WILEY-V C H VERLAG GMBH,2015
1829,10.1002/zaac.201400459,WILEY-V C H VERLAG GMBH,2015
1830,10.1002/zaac.201400474,WILEY-V C H VERLAG GMBH,2015
1831,10.1002/zaac.201400483,WILEY-V C H VERLAG GMBH,2015
1832,10.1002/zaac.201400484,WILEY-V C H VERLAG GMBH,2015
1833,10.1002/zaac.201400513,WILEY-V C H VERLAG GMBH,2015
1834,10.1002/zaac.201400550,WILEY-V C H VERLAG GMBH,2015
1835,10.1002/zaac.201400574,WILEY-V C H VERLAG GMBH,2015
1836,10.1002/zaac.201400595,WILEY-V C H VERLAG GMBH,2015
1837,10.1002/zaac.201400612,WILEY-V C H VERLAG GMBH,2015
1838,10.1002/zaac.201500028,WILEY-V C H VERLAG GMBH,2015
1839,10.1002/zaac.201500053,WILEY-V C H VERLAG GMBH,2015
1840,10.1002/zaac.201500061,WILEY-V C H VERLAG GMBH,2015
1841,10.1002/zaac.201500091,WILEY-V C H VERLAG GMBH,2015
1842,10.1002/zaac.201500132,WILEY-V C H VERLAG GMBH,2015
1843,10.1002/zaac.201500152,WILEY-V C H VERLAG GMBH,2015
1844,10.1002/zaac.201500183,WILEY-V C H VERLAG GMBH,2015
1845,10.1002/zaac.201500216,WILEY-V C H VERLAG GMBH,2015
1846,10.1002/zaac.201500232,WILEY-V C H VERLAG GMBH,2015
1847,10.1002/zaac.201500260,WILEY-V C H VERLAG GMBH,2015
1848,10.1002/zaac.201500268,WILEY-V C H VERLAG GMBH,2015
1849,10.1002/zaac.201500281,WILEY-V C H VERLAG GMBH,2015
1850,10.1002/zaac.201500288,WILEY-V C H VERLAG GMBH,2015
1851,10.1002/zaac.201500526,WILEY-V C H VERLAG GMBH,2015
1852,10.1002/zaac.201500536,WILEY-V C H VERLAG GMBH,2015
1853,10.1002/zaac.201500549,WILEY-V C H VERLAG GMBH,2015
1854,10.1002/zaac.201500567,WILEY-V C H VERLAG GMBH,2015
1855,10.1002/zaac.201500605,WILEY-V C H VERLAG GMBH,2015
1856,10.1002/zaac.201500613,WILEY-V C H VERLAG GMBH,2015
1857,10.1002/zaac.201500656,WILEY-V C H VERLAG GMBH,2015
1858,10.1002/zaac.201500665,WILEY-V C H VERLAG GMBH,2016
1859,10.1002/zaac.201500686,WILEY-V C H VERLAG GMBH,2016
1860,10.1002/zaac.201500696,WILEY-V C H VERLAG GMBH,2016
1861,10.1002/zaac.201500705,WILEY-V C H VERLAG GMBH,2016
1862,10.1002/zaac.201500728,WILEY-V C H VERLAG GMBH,2016
1863,10.1002/zaac.201500768,WILEY-V C H VERLAG GMBH,2016
1864,10.1002/zaac.201500818,WILEY-V C H VERLAG GMBH,2016
1865,10.1002/zaac.201600025,WILEY-V C H VERLAG GMBH,2016
1866,10.1002/zaac.201600067,WILEY-V C H VERLAG GMBH,2016
1867,10.1002/zaac.201600094,WILEY-V C H VERLAG GMBH,2016
1868,10.1002/zaac.201600120,WILEY-V C H VERLAG GMBH,2016
1869,10.1002/zaac.201600135,WILEY-V C H VERLAG GMBH,2016
1870,10.1002/zaac.201600166,WILEY-V C H VERLAG GMBH,2016
1871,10.1002/zaac.201600195,WILEY-V C H VERLAG GMBH,2016
1872,10.1002/zaac.201600210,WILEY-V C H VERLAG GMBH,2016
1873,10.1002/zaac.201600235,WILEY-V C H VERLAG GMBH,2016
1874,10.1002/zaac.201600291,WILEY-V C H VERLAG GMBH,2016
1875,10.1002/zaac.201600306,WILEY-V C H VERLAG GMBH,2017
1876,10.1002/zaac.201600344,WILEY-V C H VERLAG GMBH,2017
1877,10.1002/zaac.201600356,WILEY-V C H VERLAG GMBH,2017
1878,10.1002/zaac.201600366,WILEY-V C H VERLAG GMBH,2016
1879,10.1002/zaac.201600372,WILEY-V C H VERLAG GMBH,2017
1880,10.1002/zaac.201600395,WILEY-V C H VERLAG GMBH,2017
1881,10.1002/zaac.201600448,WILEY-V C H VERLAG GMBH,2017
1882,10.1002/zaac.201600460,WILEY-V C H VERLAG GMBH,2017
1883,10.1002/zaac.201700003,WILEY-V C H VERLAG GMBH,2017
1884,10.1002/zaac.201700032,WILEY-V C H VERLAG GMBH,2017
1885,10.1002/zaac.201700053,WILEY-V C H VERLAG GMBH,2017
1886,10.1002/zaac.201700108,WILEY-V C H VERLAG GMBH,2017
1887,10.1002/zaac.201700128,WILEY-V C H VERLAG GMBH,2017
1888,10.1002/zaac.201700151,WILEY-V C H VERLAG GMBH,2017
1889,10.1002/zaac.201700250,WILEY-V C H VERLAG GMBH,2017
1890,10.1002/zaac.201700260,WILEY-V C H VERLAG GMBH,2017
1891,10.1002/zaac.201700343,WILEY-V C H VERLAG GMBH,2018
1892,10.1002/zaac.201700344,WILEY-V C H VERLAG GMBH,2017
1893,10.1002/zaac.201700362,WILEY-V C H VERLAG GMBH,2018
1894,10.1002/zaac.201800002,WILEY-V C H VERLAG GMBH,2018
1895,10.1002/zaac.201800087,WILEY-V C H VERLAG GMBH,2018
1896,10.1002/zaac.201800197,WILEY-V C H VERLAG GMBH,2018
1897,10.1002/zaac.201800199,WILEY-V C H VERLAG GMBH,2018
1898,10.1002/zaac.201800222,WILEY-V C H VERLAG GMBH,2018
1899,10.1002/zaac.201800229,WILEY-V C H VERLAG GMBH,2018
1900,10.1002/zaac.201800280,WILEY-V C H VERLAG GMBH,2019
1901,10.1002/zaac.201800306,WILEY-V C H VERLAG GMBH,2018
1902,10.1002/zaac.201800330,WILEY-V C H VERLAG GMBH,2018
1903,10.1002/zaac.201800338,WILEY-V C H VERLAG GMBH,2018
1904,10.1002/zaac.201800353,WILEY-V C H VERLAG GMBH,2018
1905,10.1002/zaac.201800354,WILEY-V C H VERLAG GMBH,2018
1906,10.1002/zaac.201800384,WILEY-V C H VERLAG GMBH,2019
1907,10.1002/zaac.201800428,WILEY-V C H VERLAG GMBH,2019
1908,10.1002/zaac.201800455,WILEY-V C H VERLAG GMBH,2019
1909,10.1002/zaac.201800472,WILEY-V C H VERLAG GMBH,2019
1910,10.1002/zaac.201800513,WILEY-V C H VERLAG GMBH,2019
1911,10.1002/zaac.201900009,WILEY-V C H VERLAG GMBH,2019
1912,10.1002/zaac.201900029,WILEY-V C H VERLAG GMBH,2019
1913,10.1002/zaac.201900066,WILEY-V C H VERLAG GMBH,2019
1914,10.1002/zaac.201900089,WILEY-V C H VERLAG GMBH,2019
1915,10.1002/zaac.201900133,WILEY-V C H VERLAG GMBH,2019
1916,10.1002/zaac.201900225,WILEY-V C H VERLAG GMBH,2019
1917,10.1002/zaac.201900241,WILEY-V C H VERLAG GMBH,2019
1918,10.1002/zaac.201900257,WILEY-V C H VERLAG GMBH,2020
1919,10.1002/zaac.201900299,WILEY-V C H VERLAG GMBH,2020
1920,10.1002/zaac.201900334,WILEY-V C H VERLAG GMBH,2020
1921,10.1002/zaac.202000063,WILEY-V C H VERLAG GMBH,2020
1922,10.1002/zaac.202000093,WILEY-V C H VERLAG GMBH,2020
1923,10.1002/zaac.202000100,WILEY-V C H VERLAG GMBH,2020
1924,10.1002/zaac.202000112,WILEY-V C H VERLAG GMBH,2020
1925,10.1002/zaac.202000129,WILEY-V C H VERLAG GMBH,2020
1926,10.1002/zaac.202000137,WILEY-V C H VERLAG GMBH,2020
1927,10.1002/zaac.202000142,WILEY-V C H VERLAG GMBH,2020
1928,10.1002/zaac.202000201,WILEY-V C H VERLAG GMBH,2020
1929,10.1002/zaac.202000265,WILEY-V C H VERLAG GMBH,2020
1930,10.1002/zaac.202000303,WILEY-V C H VERLAG GMBH,2020
1931,10.1002/zaac.202000324,WILEY-V C H VERLAG GMBH,2020
1932,10.1002/zaac.202000332,WILEY-V C H VERLAG GMBH,2021
1933,10.1002/zaac.202000357,WILEY-V C H VERLAG GMBH,2020
1934,10.1002/zaac.202000418,WILEY-V C H VERLAG GMBH,2022
1935,10.1002/zaac.202000425,WILEY-V C H VERLAG GMBH,2021
1936,10.1002/zaac.202000447,WILEY-V C H VERLAG GMBH,2021
1937,10.1002/zaac.202100058,WILEY-V C H VERLAG GMBH,2022
1938,10.1002/zaac.202100184,WILEY-V C H VERLAG GMBH,2021
1939,10.1002/zaac.202100208,WILEY-V C H VERLAG GMBH,2022
1940,10.1002/zaac.202100213,WILEY-V C H VERLAG GMBH,2021
1941,10.1002/zaac.202100225,WILEY-V C H VERLAG GMBH,2021
1942,10.1002/zaac.202100236,WILEY-V C H VERLAG GMBH,2021
1943,10.1002/zaac.202100252,WILEY-V C H VERLAG GMBH,2022
1944,10.1002/zaac.202100297,WILEY-V C H VERLAG GMBH,2022
1945,10.1002/zaac.202100323,WILEY-V C H VERLAG GMBH,2022
1946,10.1002/zaac.202100328,WILEY-V C H VERLAG GMBH,2022
1947,10.1002/zaac.202100337,WILEY-V C H VERLAG GMBH,2022
1948,10.1002/zaac.202100345,WILEY-V C H VERLAG GMBH,2022
1949,10.1002/zaac.202100352,WILEY-V C H VERLAG GMBH,2022
1950,10.1002/zaac.202100380,WILEY-V C H VERLAG GMBH,2022
1951,10.1002/zaac.202100384,WILEY-V C H VERLAG GMBH,2022
1952,10.1002/zaac.202200109,WILEY-V C H VERLAG GMBH,2022
1953,10.1002/zaac.202200153,WILEY-V C H VERLAG GMBH,2022
1954,10.1002/zaac.202200171,WILEY-V C H VERLAG GMBH,2022
1955,10.1002/zaac.202200273,WILEY-V C H VERLAG GMBH,2023
1956,10.1002/zaac.202300106,WILEY-V C H VERLAG GMBH,2023
1957,10.1006/jssc.2000.8677,ACADEMIC PRESS INC ELSEVIER SCIENCE,2000
1958,10.1006/jssc.2000.9070,ACADEMIC PRESS INC ELSEVIER SCIENCE,2001
1959,10.1006/jssc.2001.9118,ACADEMIC PRESS INC,2001
1960,10.1007/BF03214948,SPRINGER HEIDELBERG,2009
1961,10.1007/BF03246026,SPRINGER,2010
1962,10.1007/BF03246038,SPRINGER,2010
1963,10.1007/BF03246547,SPRINGER,2011
1964,10.1007/s00216-019-01875-2,SPRINGER HEIDELBERG,2019
1965,10.1007/s00216-019-02004-9,SPRINGER HEIDELBERG,2019
1966,10.1007/s00339-019-2716-4,SPRINGER HEIDELBERG,2019
1967,10.1007/s00396-020-04625-4,SPRINGER,2020
1968,10.1007/s00396-020-04788-0,SPRINGER,2021
1969,10.1007/s00604-017-2439-1,SPRINGER WIEN,2017
1970,10.1007/s00604-020-04664-2,SPRINGER WIEN,2021
1971,10.1007/s00604-021-04899-7,SPRINGER WIEN,2021
1972,10.1007/s00604-021-05023-5,SPRINGER WIEN,2021
1973,10.1007/s00604-023-06112-3,SPRINGER WIEN,2024
1974,10.1007/s00604-024-06243-1,SPRINGER WIEN,2024
1975,10.1007/s00604-024-06519-6,SPRINGER WIEN,2024
1976,10.1007/s00706-013-0922-x,SPRINGER WIEN,2013
1977,10.1007/s00706-013-1037-0,SPRINGER WIEN,2013
1978,10.1007/s00706-014-1377-4,SPRINGER WIEN,2015
1979,10.1007/s00706-016-1776-9,SPRINGER WIEN,2017
1980,10.1007/s00706-017-1935-7,SPRINGER WIEN,2017
1981,10.1007/s00706-024-03269-2,SPRINGER WIEN,2024
1982,10.1007/s00775-012-0937-5,SPRINGER,2012
1983,10.1007/s00775-021-01887-3,SPRINGER,2021
1984,10.1007/s10311-018-00833-1,SPRINGER HEIDELBERG,2019
1985,10.1007/s10311-018-0775-y,SPRINGER HEIDELBERG,2019
1986,10.1007/s10337-015-2872-4,SPRINGER HEIDELBERG,2015
1987,10.1007/s10450-010-9316-0,SPRINGER,2011
1988,10.1007/s10450-012-9438-7,SPRINGER,2012
1989,10.1007/s10450-015-9651-2,SPRINGER,2015
1990,10.1007/s10450-016-9838-1,SPRINGER,2016
1991,10.1007/s10450-017-9892-3,SPRINGER,2017
1992,10.1007/s10450-018-9978-6,SPRINGER,2018
1993,10.1007/s10450-019-00024-6,SPRINGER,2019
1994,10.1007/s10450-019-00073-x,SPRINGER,2019
1995,10.1007/s10450-020-00219-2,SPRINGER,2020
1996,10.1007/s10450-020-00282-9,SPRINGER,2021
1997,10.1007/s10450-024-00504-4,SPRINGER,2024
1998,10.1007/s10450-024-00553-9,SPRINGER,2025
1999,10.1007/s10450-024-00587-z,SPRINGER,2025
2000,10.1007/s10562-012-0943-9,SPRINGER,2013
2001,10.1007/s10562-014-1242-4,SPRINGER,2014
2002,10.1007/s10562-015-1497-4,SPRINGER,2015
2003,10.1007/s10562-015-1571-y,SPRINGER,2015
2004,10.1007/s10562-016-1768-8,SPRINGER,2016
2005,10.1007/s10562-016-1805-7,SPRINGER,2016
2006,10.1007/s10562-016-1826-2,SPRINGER,2016
2007,10.1007/s10562-016-1913-4,SPRINGER,2017
2008,10.1007/s10562-018-2358-8,SPRINGER,2018
2009,10.1007/s10562-018-2490-5,SPRINGER,2018
2010,10.1007/s10562-019-02837-0,SPRINGER,2019
2011,10.1007/s10562-019-02874-9,SPRINGER,2019
2012,10.1007/s10562-019-02963-9,SPRINGER,2020
2013,10.1007/s10562-019-03070-5,SPRINGER,2020
2014,10.1007/s10562-019-03072-3,SPRINGER,2020
2015,10.1007/s10562-019-03079-w,SPRINGER,2020
2016,10.1007/s10562-019-03090-1,SPRINGER,2020
2017,10.1007/s10562-020-03135-w,SPRINGER,2020
2018,10.1007/s10562-020-03151-w,SPRINGER,2020
2019,10.1007/s10562-020-03291-z,SPRINGER,2021
2020,10.1007/s10562-021-03616-6,SPRINGER,2022
2021,10.1007/s10562-021-03731-4,SPRINGER,2022
2022,10.1007/s10562-021-03734-1,SPRINGER,2022
2023,10.1007/s10562-022-03995-4,SPRINGER,2023
2024,10.1007/s10562-022-04028-w,SPRINGER,2023
2025,10.1007/s10562-022-04074-4,SPRINGER,2023
2026,10.1007/s10562-022-04131-y,SPRINGER,2023
2027,10.1007/s10562-022-04135-8,SPRINGER,2023
2028,10.1007/s10562-022-04140-x,SPRINGER,2023
2029,10.1007/s10562-022-04213-x,SPRINGER,2023
2030,10.1007/s10562-022-04225-7,SPRINGER,2023
2031,10.1007/s10562-022-04250-6,SPRINGER,2023
2032,10.1007/s10562-022-04261-3,SPRINGER,2024
2033,10.1007/s10562-023-04422-y,SPRINGER,2024
2034,10.1007/s10562-023-04433-9,SPRINGER,2024
2035,10.1007/s10562-024-04624-y,SPRINGER,2024
2036,10.1007/s10562-024-04881-x,SPRINGER,2025
2037,10.1007/s10562-024-04885-7,SPRINGER,2025
2038,10.1007/s10563-012-9135-2,SPRINGER/PLENUM PUBLISHERS,2012
2039,10.1007/s10563-014-9169-8,SPRINGER/PLENUM PUBLISHERS,2014
2040,10.1007/s10563-015-9195-1,SPRINGER/PLENUM PUBLISHERS,2015
2041,10.1007/s10563-015-9196-0,SPRINGER/PLENUM PUBLISHERS,2015
2042,10.1007/s10563-017-9231-4,SPRINGER/PLENUM PUBLISHERS,2017
2043,10.1007/s10563-018-9242-9,SPRINGER/PLENUM PUBLISHERS,2018
2044,10.1007/s10570-012-9752-y,SPRINGER,2012
2045,10.1007/s10570-017-1331-9,SPRINGER,2017
2046,10.1007/s10570-019-02839-6,SPRINGER,2020
2047,10.1007/s10570-020-03216-4,SPRINGER,2020
2048,10.1007/s10570-020-03282-8,SPRINGER,2020
2049,10.1007/s10570-020-03483-1,SPRINGER,2020
2050,10.1007/s10570-021-04265-z,SPRINGER,2021
2051,10.1007/s10570-022-04668-6,SPRINGER,2022
2052,10.1007/s10570-023-05530-z,SPRINGER,2023
2053,10.1007/s10570-023-05627-5,SPRINGER,2024
2054,10.1007/s10593-019-02614-2,SPRINGER,2019
2055,10.1007/s10847-011-0007-6,SPRINGER,2011
2056,10.1007/s10847-020-01039-1,SPRINGER,2021
2057,10.1007/s10847-024-01266-w,SPRINGER,2025
2058,10.1007/s10853-014-8277-1,SPRINGER,2014
2059,10.1007/s10853-014-8678-1,SPRINGER,2015
2060,10.1007/s10853-017-1658-5,SPRINGER,2018
2061,10.1007/s10853-018-03287-6,SPRINGER,2019
2062,10.1007/s10853-018-2305-5,SPRINGER,2018
2063,10.1007/s10853-018-2331-3,SPRINGER,2018
2064,10.1007/s10853-018-2476-0,SPRINGER,2018
2065,10.1007/s10853-018-2793-3,SPRINGER,2018
2066,10.1007/s10853-018-2835-x,SPRINGER,2019
2067,10.1007/s10853-019-03367-1,SPRINGER,2019
2068,10.1007/s10853-019-03644-z,SPRINGER,2019
2069,10.1007/s10853-019-03786-0,SPRINGER,2019
2070,10.1007/s10853-020-04699-z,SPRINGER,2020
2071,10.1007/s10853-020-04937-4,SPRINGER,2020
2072,10.1007/s10853-020-05043-1,SPRINGER,2020
2073,10.1007/s10853-020-05210-4,SPRINGER,2020
2074,10.1007/s10853-020-05473-x,SPRINGER,2021
2075,10.1007/s10853-020-05491-9,SPRINGER,2021
2076,10.1007/s10853-021-05850-0,SPRINGER,2021
2077,10.1007/s10853-022-07676-w,SPRINGER,2022
2078,10.1007/s10853-022-07773-w,SPRINGER,2022
2079,10.1007/s10853-023-08181-4,SPRINGER,2023
2080,10.1007/s10853-023-08342-5,SPRINGER,2023
2081,10.1007/s10853-024-09744-9,SPRINGER,2024
2082,10.1007/s10853-024-10058-z,SPRINGER,2024
2083,10.1007/s10854-015-3910-6,SPRINGER,2016
2084,10.1007/s10854-017-7118-9,SPRINGER,2017
2085,10.1007/s10854-017-8271-x,SPRINGER,2018
2086,10.1007/s10854-018-0370-9,SPRINGER,2019
2087,10.1007/s10854-018-9978-z,SPRINGER,2018
2088,10.1007/s10854-020-03248-3,SPRINGER,2020
2089,10.1007/s10854-020-05060-5,SPRINGER,2021
2090,10.1007/s10854-020-05126-4,SPRINGER,2021
2091,10.1007/s10854-021-05648-5,SPRINGER,2021
2092,10.1007/s10854-022-08351-1,SPRINGER,2022
2093,10.1007/s10856-021-06574-y,SPRINGER,2022
2094,10.1007/s10870-005-2216-6,SPRINGER/PLENUM PUBLISHERS,2005
2095,10.1007/s10870-008-9336-8,SPRINGER/PLENUM PUBLISHERS,2008
2096,10.1007/s10870-008-9401-3,SPRINGER/PLENUM PUBLISHERS,2008
2097,10.1007/s10870-008-9496-6,SPRINGER/PLENUM PUBLISHERS,2009
2098,10.1007/s10870-009-9558-4,SPRINGER/PLENUM PUBLISHERS,2009
2099,10.1007/s10870-009-9580-6,SPRINGER/PLENUM PUBLISHERS,2009
2100,10.1007/s10870-009-9638-5,SPRINGER/PLENUM PUBLISHERS,2010
2101,10.1007/s10870-010-9700-3,SPRINGER/PLENUM PUBLISHERS,2010
2102,10.1007/s10870-010-9750-6,SPRINGER/PLENUM PUBLISHERS,2010
2103,10.1007/s10870-010-9800-0,SPRINGER/PLENUM PUBLISHERS,2010
2104,10.1007/s10870-010-9900-x,SPRINGER/PLENUM PUBLISHERS,2011
2105,10.1007/s10870-010-9945-x,SPRINGER/PLENUM PUBLISHERS,2011
2106,10.1007/s10870-010-9962-9,SPRINGER/PLENUM PUBLISHERS,2011
2107,10.1007/s10870-011-0001-2,SPRINGER/PLENUM PUBLISHERS,2011
2108,10.1007/s10870-011-0111-x,SPRINGER/PLENUM PUBLISHERS,2011
2109,10.1007/s10870-011-0179-3,SPRINGER/PLENUM PUBLISHERS,2011
2110,10.1007/s10870-011-0181-9,SPRINGER/PLENUM PUBLISHERS,2011
2111,10.1007/s10870-011-0219-z,SPRINGER/PLENUM PUBLISHERS,2012
2112,10.1007/s10870-011-0225-1,SPRINGER/PLENUM PUBLISHERS,2012
2113,10.1007/s10870-012-0317-6,SPRINGER/PLENUM PUBLISHERS,2012
2114,10.1007/s10870-012-0349-y,SPRINGER/PLENUM PUBLISHERS,2012
2115,10.1007/s10870-012-0388-4,SPRINGER/PLENUM PUBLISHERS,2013
2116,10.1007/s10870-013-0414-1,SPRINGER/PLENUM PUBLISHERS,2013
2117,10.1007/s10870-013-0417-y,SPRINGER/PLENUM PUBLISHERS,2013
2118,10.1007/s10870-013-0462-6,SPRINGER/PLENUM PUBLISHERS,2013
2119,10.1007/s10870-014-0535-1,SPRINGER/PLENUM PUBLISHERS,2014
2120,10.1007/s10870-014-0546-y,SPRINGER/PLENUM PUBLISHERS,2014
2121,10.1007/s10870-015-0568-0,SPRINGER/PLENUM PUBLISHERS,2015
2122,10.1007/s10870-015-0570-6,SPRINGER/PLENUM PUBLISHERS,2015
2123,10.1007/s10870-015-0578-y,SPRINGER/PLENUM PUBLISHERS,2015
2124,10.1007/s10870-016-0641-3,SPRINGER/PLENUM PUBLISHERS,2016
2125,10.1007/s10870-016-0648-9,SPRINGER/PLENUM PUBLISHERS,2016
2126,10.1007/s10870-016-0651-1,SPRINGER/PLENUM PUBLISHERS,2016
2127,10.1007/s10870-016-0652-0,SPRINGER/PLENUM PUBLISHERS,2016
2128,10.1007/s10870-017-0690-2,SPRINGER/PLENUM PUBLISHERS,2017
2129,10.1007/s10870-017-0691-1,SPRINGER/PLENUM PUBLISHERS,2017
2130,10.1007/s10870-018-0708-4,SPRINGER/PLENUM PUBLISHERS,2018
2131,10.1007/s10870-018-0711-9,SPRINGER/PLENUM PUBLISHERS,2018
2132,10.1007/s10870-018-0761-z,SPRINGER/PLENUM PUBLISHERS,2019
2133,10.1007/s10870-019-00785-6,SPRINGER/PLENUM PUBLISHERS,2020
2134,10.1007/s10870-019-00791-8,SPRINGER/PLENUM PUBLISHERS,2020
2135,10.1007/s10870-019-00807-3,SPRINGER/PLENUM PUBLISHERS,2020
2136,10.1007/s10870-019-00818-0,SPRINGER/PLENUM PUBLISHERS,2020
2137,10.1007/s10870-020-00825-6,SPRINGER/PLENUM PUBLISHERS,2021
2138,10.1007/s10870-020-00828-3,SPRINGER/PLENUM PUBLISHERS,2021
2139,10.1007/s10870-021-00895-0,SPRINGER/PLENUM PUBLISHERS,2022
2140,10.1007/s10870-022-00923-7,SPRINGER/PLENUM PUBLISHERS,2022
2141,10.1007/s10876-010-0308-8,SPRINGER/PLENUM PUBLISHERS,2010
2142,10.1007/s10876-010-0309-7,SPRINGER/PLENUM PUBLISHERS,2010
2143,10.1007/s10876-012-0484-9,SPRINGER/PLENUM PUBLISHERS,2012
2144,10.1007/s10876-012-0527-2,SPRINGER/PLENUM PUBLISHERS,2013
2145,10.1007/s10876-013-0591-2,SPRINGER/PLENUM PUBLISHERS,2013
2146,10.1007/s10876-013-0613-0,SPRINGER/PLENUM PUBLISHERS,2014
2147,10.1007/s10876-013-0624-x,SPRINGER/PLENUM PUBLISHERS,2014
2148,10.1007/s10876-014-0695-3,SPRINGER/PLENUM PUBLISHERS,2014
2149,10.1007/s10876-014-0770-9,SPRINGER/PLENUM PUBLISHERS,2015
2150,10.1007/s10876-014-0778-1,SPRINGER/PLENUM PUBLISHERS,2015
2151,10.1007/s10876-014-0799-9,SPRINGER/PLENUM PUBLISHERS,2015
2152,10.1007/s10876-014-0816-z,SPRINGER/PLENUM PUBLISHERS,2015
2153,10.1007/s10876-014-0821-2,SPRINGER/PLENUM PUBLISHERS,2015
2154,10.1007/s10876-015-0935-1,SPRINGER/PLENUM PUBLISHERS,2016
2155,10.1007/s10876-015-0957-8,SPRINGER/PLENUM PUBLISHERS,2016
2156,10.1007/s10876-015-0965-8,SPRINGER/PLENUM PUBLISHERS,2016
2157,10.1007/s10876-016-0990-2,SPRINGER/PLENUM PUBLISHERS,2016
2158,10.1007/s10876-016-0994-y,SPRINGER/PLENUM PUBLISHERS,2016
2159,10.1007/s10876-016-1000-4,SPRINGER/PLENUM PUBLISHERS,2016
2160,10.1007/s10876-016-1021-z,SPRINGER/PLENUM PUBLISHERS,2016
2161,10.1007/s10876-016-1027-6,SPRINGER/PLENUM PUBLISHERS,2016
2162,10.1007/s10876-016-1066-z,SPRINGER/PLENUM PUBLISHERS,2016
2163,10.1007/s10876-016-1108-6,SPRINGER/PLENUM PUBLISHERS,2017
2164,10.1007/s10876-016-1112-x,SPRINGER/PLENUM PUBLISHERS,2017
2165,10.1007/s10876-016-1144-2,SPRINGER/PLENUM PUBLISHERS,2017
2166,10.1007/s10876-017-1193-1,SPRINGER/PLENUM PUBLISHERS,2017
2167,10.1007/s10876-017-1248-3,SPRINGER/PLENUM PUBLISHERS,2017
2168,10.1007/s10876-017-1316-8,SPRINGER/PLENUM PUBLISHERS,2018
2169,10.1007/s10876-018-1344-z,SPRINGER/PLENUM PUBLISHERS,2018
2170,10.1007/s10876-018-1377-3,SPRINGER/PLENUM PUBLISHERS,2018
2171,10.1007/s10876-018-1410-6,SPRINGER/PLENUM PUBLISHERS,2018
2172,10.1007/s10876-018-1415-1,SPRINGER/PLENUM PUBLISHERS,2018
2173,10.1007/s10876-018-1444-9,SPRINGER/PLENUM PUBLISHERS,2018
2174,10.1007/s10876-019-01534-7,SPRINGER/PLENUM PUBLISHERS,2019
2175,10.1007/s10876-019-01539-2,SPRINGER/PLENUM PUBLISHERS,2019
2176,10.1007/s10876-019-01623-7,SPRINGER/PLENUM PUBLISHERS,2020
2177,10.1007/s10876-019-01636-2,SPRINGER/PLENUM PUBLISHERS,2020
2178,10.1007/s10876-019-01637-1,SPRINGER/PLENUM PUBLISHERS,2020
2179,10.1007/s10876-019-01648-y,SPRINGER/PLENUM PUBLISHERS,2020
2180,10.1007/s10876-019-01683-9,SPRINGER/PLENUM PUBLISHERS,2020
2181,10.1007/s10876-019-01703-8,SPRINGER/PLENUM PUBLISHERS,2020
2182,10.1007/s10876-019-01749-8,SPRINGER/PLENUM PUBLISHERS,2020
2183,10.1007/s10876-020-01760-4,SPRINGER/PLENUM PUBLISHERS,2020
2184,10.1007/s10876-020-01809-4,SPRINGER/PLENUM PUBLISHERS,2021
2185,10.1007/s10876-020-01817-4,SPRINGER/PLENUM PUBLISHERS,2021
2186,10.1007/s10876-020-01875-8,SPRINGER/PLENUM PUBLISHERS,2021
2187,10.1007/s10876-020-01931-3,SPRINGER/PLENUM PUBLISHERS,2021
2188,10.1007/s10876-020-01954-w,SPRINGER/PLENUM PUBLISHERS,2022
2189,10.1007/s10876-020-01966-6,SPRINGER/PLENUM PUBLISHERS,2022
2190,10.1007/s10876-021-02042-3,SPRINGER/PLENUM PUBLISHERS,2022
2191,10.1007/s10876-021-02082-9,SPRINGER/PLENUM PUBLISHERS,2022
2192,10.1007/s10876-021-02088-3,SPRINGER/PLENUM PUBLISHERS,2022
2193,10.1007/s10876-021-02112-6,SPRINGER/PLENUM PUBLISHERS,2022
2194,10.1007/s10876-021-02129-x,SPRINGER/PLENUM PUBLISHERS,2022
2195,10.1007/s10876-021-02148-8,SPRINGER/PLENUM PUBLISHERS,2022
2196,10.1007/s10876-021-02160-y,SPRINGER/PLENUM PUBLISHERS,2022
2197,10.1007/s10876-021-02185-3,SPRINGER/PLENUM PUBLISHERS,2022
2198,10.1007/s10876-022-02242-5,SPRINGER/PLENUM PUBLISHERS,2023
2199,10.1007/s10876-022-02349-9,SPRINGER/PLENUM PUBLISHERS,2023
2200,10.1007/s10876-023-02419-6,SPRINGER/PLENUM PUBLISHERS,2023
2201,10.1007/s10876-023-02424-9,SPRINGER/PLENUM PUBLISHERS,2023
2202,10.1007/s10876-023-02478-9,SPRINGER/PLENUM PUBLISHERS,2024
2203,10.1007/s10876-024-02650-9,SPRINGER/PLENUM PUBLISHERS,2024
2204,10.1007/s10876-024-02655-4,SPRINGER/PLENUM PUBLISHERS,2024
2205,10.1007/s10876-025-02768-4,SPRINGER/PLENUM PUBLISHERS,2025
2206,10.1007/s10895-021-02763-8,SPRINGER/PLENUM PUBLISHERS,2021
2207,10.1007/s10895-021-02823-z,SPRINGER/PLENUM PUBLISHERS,2021
2208,10.1007/s10895-021-02826-w,SPRINGER/PLENUM PUBLISHERS,2021
2209,10.1007/s10895-022-02902-9,SPRINGER/PLENUM PUBLISHERS,2022
2210,10.1007/s10895-022-02957-8,SPRINGER/PLENUM PUBLISHERS,2022
2211,10.1007/s10895-022-03048-4,SPRINGER/PLENUM PUBLISHERS,2023
2212,10.1007/s10895-022-03055-5,SPRINGER/PLENUM PUBLISHERS,2023
2213,10.1007/s10895-023-03579-4,SPRINGER/PLENUM PUBLISHERS,2025
2214,10.1007/s10895-024-03677-x,SPRINGER/PLENUM PUBLISHERS,2025
2215,10.1007/s10895-024-03682-0,SPRINGER/PLENUM PUBLISHERS,2025
2216,10.1007/s10895-024-03698-6,SPRINGER/PLENUM PUBLISHERS,2025
2217,10.1007/s10934-007-9178-3,SPRINGER,2009
2218,10.1007/s10934-009-9268-5,SPRINGER,2010
2219,10.1007/s10934-012-9574-1,SPRINGER,2013
2220,10.1007/s10934-013-9768-1,SPRINGER,2014
2221,10.1007/s10934-014-9816-5,SPRINGER,2014
2222,10.1007/s10934-014-9823-6,SPRINGER,2014
2223,10.1007/s10934-014-9840-5,SPRINGER,2014
2224,10.1007/s10934-014-9883-7,SPRINGER,2015
2225,10.1007/s10934-014-9891-7,SPRINGER,2015
2226,10.1007/s10934-015-0043-5,SPRINGER,2015
2227,10.1007/s10934-015-0090-y,SPRINGER,2016
2228,10.1007/s10934-015-9910-3,SPRINGER,2015
2229,10.1007/s10934-015-9928-6,SPRINGER,2015
2230,10.1007/s10934-015-9960-6,SPRINGER,2015
2231,10.1007/s10934-015-9992-y,SPRINGER,2015
2232,10.1007/s10934-015-9997-6,SPRINGER,2015
2233,10.1007/s10934-016-0142-y,SPRINGER,2016
2234,10.1007/s10934-016-0186-z,SPRINGER,2016
2235,10.1007/s10934-016-0229-5,SPRINGER,2016
2236,10.1007/s10934-016-0301-1,SPRINGER,2017
2237,10.1007/s10934-016-0324-7,SPRINGER,2017
2238,10.1007/s10934-017-0374-5,SPRINGER,2017
2239,10.1007/s10934-017-0498-7,SPRINGER,2018
2240,10.1007/s10934-018-0586-3,SPRINGER,2018
2241,10.1007/s10934-018-0591-6,SPRINGER,2018
2242,10.1007/s10934-018-0660-x,SPRINGER,2019
2243,10.1007/s10934-018-0682-4,SPRINGER,2019
2244,10.1007/s10934-018-0710-4,SPRINGER,2019
2245,10.1007/s10934-019-00755-5,SPRINGER,2019
2246,10.1007/s10934-019-00761-7,SPRINGER,2019
2247,10.1007/s10934-019-00773-3,SPRINGER,2019
2248,10.1007/s10934-020-00941-w,SPRINGER,2020
2249,10.1007/s10934-020-00945-6,SPRINGER,2020
2250,10.1007/s10934-020-00965-2,SPRINGER,2021
2251,10.1007/s10934-020-00984-z,SPRINGER,2021
2252,10.1007/s10934-020-01002-y,SPRINGER,2021
2253,10.1007/s10934-021-01033-z,SPRINGER,2021
2254,10.1007/s10934-022-01268-4,SPRINGER,2022
2255,10.1007/s10934-022-01275-5,SPRINGER,2022
2256,10.1007/s10934-022-01351-w,SPRINGER,2023
2257,10.1007/s10934-022-01412-0,SPRINGER,2023
2258,10.1007/s10934-023-01488-2,SPRINGER,2023
2259,10.1007/s10934-023-01494-4,SPRINGER,2023
2260,10.1007/s10934-023-01513-4,SPRINGER,2024
2261,10.1007/s10934-024-01559-y,SPRINGER,2024
2262,10.1007/s10934-024-01695-5,SPRINGER,2025
2263,10.1007/s10967-020-07135-3,SPRINGER,2020
2264,10.1007/s10967-024-09430-9,SPRINGER,2024
2265,10.1007/s10971-016-4138-5,SPRINGER,2016
2266,10.1007/s10971-016-4187-9,SPRINGER,2017
2267,10.1007/s10971-018-4805-9,SPRINGER,2019
2268,10.1007/s10971-021-05576-0,SPRINGER,2021
2269,10.1007/s10971-023-06242-3,SPRINGER,2024
2270,10.1007/s10973-006-8120-2,SPRINGER,2007
2271,10.1007/s10973-007-8471-3,SPRINGER,2008
2272,10.1007/s10973-011-1987-6,SPRINGER,2012
2273,10.1007/s10973-012-2590-1,SPRINGER,2013
2274,10.1007/s10973-015-4721-y,SPRINGER,2015
2275,10.1007/s10973-016-5521-8,SPRINGER,2016
2276,10.1007/s10973-017-6643-3,SPRINGER,2018
2277,10.1007/s10973-017-6672-y,SPRINGER,2018
2278,10.1007/s10973-019-08173-0,SPRINGER,2019
2279,10.1007/s10973-021-10899-9,SPRINGER,2022
2280,10.1007/s10973-022-11769-8,SPRINGER,2023
2281,10.1007/s11051-012-1368-5,SPRINGER,2013
2282,10.1007/s11051-016-3566-z,SPRINGER,2016
2283,10.1007/s11051-016-3593-9,SPRINGER,2016
2284,10.1007/s11051-019-4526-1,SPRINGER,2019
2285,10.1007/s11051-023-05707-4,SPRINGER,2023
2286,10.1007/s11051-024-05991-8,SPRINGER,2024
2287,10.1007/s11051-024-06138-5,SPRINGER,2024
2288,10.1007/s11095-017-2253-9,SPRINGER/PLENUM PUBLISHERS,2017
2289,10.1007/s11144-015-0877-5,SPRINGER,2015
2290,10.1007/s11144-016-1034-5,SPRINGER,2016
2291,10.1007/s11144-018-1356-6,SPRINGER,2018
2292,10.1007/s11144-019-01709-3,SPRINGER,2020
2293,10.1007/s11144-020-01897-3,SPRINGER,2020
2294,10.1007/s11144-020-01912-7,SPRINGER,2021
2295,10.1007/s11144-021-01991-0,SPRINGER,2021
2296,10.1007/s11144-021-02139-w,SPRINGER,2022
2297,10.1007/s11144-023-02422-y,SPRINGER,2023
2298,10.1007/s11144-024-02777-w,SPRINGER,2025
2299,10.1007/s11144-024-02787-8,SPRINGER,2025
2300,10.1007/s11164-015-2338-1,SPRINGER,2016
2301,10.1007/s11164-015-2361-2,SPRINGER,2016
2302,10.1007/s11164-016-2676-7,SPRINGER,2017
2303,10.1007/s11164-018-3611-x,SPRINGER,2019
2304,10.1007/s11164-019-03784-6,SPRINGER,2019
2305,10.1007/s11164-019-03834-z,SPRINGER,2019
2306,10.1007/s11164-019-03964-4,SPRINGER,2020
2307,10.1007/s11164-019-03997-9,SPRINGER,2020
2308,10.1007/s11164-019-04052-3,SPRINGER,2020
2309,10.1007/s11164-021-04439-1,SPRINGER,2021
2310,10.1007/s11164-021-04473-z,SPRINGER,2021
2311,10.1007/s11164-021-04507-6,SPRINGER,2021
2312,10.1007/s11164-021-04565-w,SPRINGER,2022
2313,10.1007/s11164-022-04678-w,SPRINGER,2022
2314,10.1007/s11164-023-04969-w,SPRINGER,2023
2315,10.1007/s11164-023-05065-9,SPRINGER,2023
2316,10.1007/s11164-023-05093-5,SPRINGER,2023
2317,10.1007/s11164-023-05104-5,SPRINGER,2023
2318,10.1007/s11164-023-05161-w,SPRINGER,2024
2319,10.1007/s11164-023-05220-2,SPRINGER,2024
2320,10.1007/s11164-024-05240-6,SPRINGER,2024
2321,10.1007/s11164-024-05257-x,SPRINGER,2024
2322,10.1007/s11164-024-05361-y,SPRINGER,2024
2323,10.1007/s11164-024-05384-5,SPRINGER,2024
2324,10.1007/s11172-007-0037-9,SPRINGER,2007
2325,10.1007/s11172-013-0023-3,SPRINGER,2013
2326,10.1007/s11172-013-0098-x,SPRINGER,2013
2327,10.1007/s11172-014-0522-x,SPRINGER,2014
2328,10.1007/s11172-014-0640-5,SPRINGER,2014
2329,10.1007/s11172-015-0907-5,SPRINGER,2015
2330,10.1007/s11172-015-0910-x,SPRINGER,2015
2331,10.1007/s11172-015-1227-5,SPRINGER,2015
2332,10.1007/s11172-015-1245-3,SPRINGER,2015
2333,10.1007/s11172-015-1246-2,SPRINGER,2015
2334,10.1007/s11172-016-1624-4,SPRINGER,2016
2335,10.1007/s11172-016-1661-z,SPRINGER,2016
2336,10.1007/s11172-017-1910-9,SPRINGER,2017
2337,10.1007/s11172-020-2768-9,SPRINGER,2020
2338,10.1007/s11172-020-2785-8,SPRINGER,2020
2339,10.1007/s11172-020-2877-5,SPRINGER,2020
2340,10.1007/s11172-020-2930-4,SPRINGER,2020
2341,10.1007/s11172-022-3380-y,SPRINGER,2022
2342,10.1007/s11172-022-3403-8,SPRINGER,2022
2343,10.1007/s11172-022-3498-y,SPRINGER,2022
2344,10.1007/s11172-022-3499-x,SPRINGER,2022
2345,10.1007/s11172-023-3722-4,SPRINGER,2023
2346,10.1007/s11172-023-4069-6,SPRINGER,2023
2347,10.1007/s11172-024-4402-8,SPRINGER,2024
2348,10.1007/s11224-006-9069-2,SPRINGER/PLENUM PUBLISHERS,2007
2349,10.1007/s11224-007-9205-7,SPRINGER/PLENUM PUBLISHERS,2007
2350,10.1007/s11224-008-9284-0,SPRINGER/PLENUM PUBLISHERS,2008
2351,10.1007/s11224-008-9314-y,SPRINGER/PLENUM PUBLISHERS,2008
2352,10.1007/s11224-009-9525-x,SPRINGER/PLENUM PUBLISHERS,2010
2353,10.1007/s11224-010-9600-3,SPRINGER/PLENUM PUBLISHERS,2010
2354,10.1007/s11224-010-9649-z,SPRINGER/PLENUM PUBLISHERS,2010
2355,10.1007/s11224-010-9659-x,SPRINGER/PLENUM PUBLISHERS,2010
2356,10.1007/s11224-010-9684-9,SPRINGER/PLENUM PUBLISHERS,2011
2357,10.1007/s11224-011-9788-x,SPRINGER/PLENUM PUBLISHERS,2012
2358,10.1007/s11224-011-9790-3,SPRINGER/PLENUM PUBLISHERS,2012
2359,10.1007/s11224-011-9870-4,SPRINGER/PLENUM PUBLISHERS,2012
2360,10.1007/s11224-014-0549-5,SPRINGER/PLENUM PUBLISHERS,2016
2361,10.1007/s11224-019-01367-0,SPRINGER/PLENUM PUBLISHERS,2019
2362,10.1007/s11224-022-01935-x,SPRINGER/PLENUM PUBLISHERS,2022
2363,10.1007/s11237-013-9306-x,SPRINGER,2013
2364,10.1007/s11237-016-9439-9,SPRINGER,2016
2365,10.1007/s11243-006-0153-7,SPRINGER,2007
2366,10.1007/s11243-007-9047-6,SPRINGER,2008
2367,10.1007/s11243-008-9095-6,SPRINGER,2008
2368,10.1007/s11243-008-9147-y,SPRINGER,2008
2369,10.1007/s11243-008-9176-6,SPRINGER,2009
2370,10.1007/s11243-009-9187-y,SPRINGER,2009
2371,10.1007/s11243-009-9268-y,SPRINGER,2009
2372,10.1007/s11243-009-9270-4,SPRINGER,2009
2373,10.1007/s11243-010-9385-7,SPRINGER,2010
2374,10.1007/s11243-010-9393-7,SPRINGER,2010
2375,10.1007/s11243-010-9444-0,SPRINGER,2011
2376,10.1007/s11243-011-9466-2,SPRINGER,2011
2377,10.1007/s11243-011-9471-5,SPRINGER,2011
2378,10.1007/s11243-011-9500-4,SPRINGER,2011
2379,10.1007/s11243-011-9505-z,SPRINGER,2011
2380,10.1007/s11243-012-9610-7,SPRINGER,2012
2381,10.1007/s11243-012-9624-1,SPRINGER,2012
2382,10.1007/s11243-012-9630-3,SPRINGER,2012
2383,10.1007/s11243-012-9638-8,SPRINGER,2012
2384,10.1007/s11243-012-9642-z,SPRINGER,2012
2385,10.1007/s11243-012-9666-4,SPRINGER,2013
2386,10.1007/s11243-012-9671-7,SPRINGER,2013
2387,10.1007/s11243-013-9697-5,SPRINGER,2013
2388,10.1007/s11243-013-9710-z,SPRINGER,2013
2389,10.1007/s11243-013-9717-5,SPRINGER,2013
2390,10.1007/s11243-013-9730-8,SPRINGER,2013
2391,10.1007/s11243-013-9743-3,SPRINGER,2013
2392,10.1007/s11243-013-9744-2,SPRINGER,2013
2393,10.1007/s11243-013-9760-2,SPRINGER,2014
2394,10.1007/s11243-014-9822-0,SPRINGER,2014
2395,10.1007/s11243-014-9870-5,SPRINGER,2014
2396,10.1007/s11243-014-9884-z,SPRINGER,2015
2397,10.1007/s11243-014-9885-y,SPRINGER,2015
2398,10.1007/s11243-014-9891-0,SPRINGER,2015
2399,10.1007/s11243-015-0007-2,SPRINGER,2016
2400,10.1007/s11243-015-9921-6,SPRINGER,2015
2401,10.1007/s11243-015-9948-8,SPRINGER,2015
2402,10.1007/s11243-015-9952-z,SPRINGER,2015
2403,10.1007/s11243-015-9964-8,SPRINGER,2015
2404,10.1007/s11243-015-9992-4,SPRINGER,2016
2405,10.1007/s11243-016-0033-8,SPRINGER,2016
2406,10.1007/s11243-016-0057-0,SPRINGER,2016
2407,10.1007/s11243-016-0063-2,SPRINGER,2016
2408,10.1007/s11243-016-0071-2,SPRINGER,2016
2409,10.1007/s11243-016-0081-0,SPRINGER,2017
2410,10.1007/s11243-017-0123-2,SPRINGER,2017
2411,10.1007/s11243-017-0131-2,SPRINGER,2017
2412,10.1007/s11243-017-0144-x,SPRINGER,2017
2413,10.1007/s11243-017-0155-7,SPRINGER,2017
2414,10.1007/s11243-017-0156-6,SPRINGER,2017
2415,10.1007/s11243-017-0157-5,SPRINGER,2017
2416,10.1007/s11243-017-0165-5,SPRINGER,2017
2417,10.1007/s11243-017-0187-z,SPRINGER,2018
2418,10.1007/s11243-017-0188-y,SPRINGER,2018
2419,10.1007/s11243-017-0193-1,SPRINGER,2018
2420,10.1007/s11243-018-0206-8,SPRINGER,2018
2421,10.1007/s11243-018-0231-7,SPRINGER,2018
2422,10.1007/s11243-018-0235-3,SPRINGER,2018
2423,10.1007/s11243-018-0239-z,SPRINGER,2018
2424,10.1007/s11243-018-0242-4,SPRINGER,2018
2425,10.1007/s11243-018-0247-z,SPRINGER,2018
2426,10.1007/s11243-018-0266-9,SPRINGER,2019
2427,10.1007/s11243-018-0272-y,SPRINGER,2019
2428,10.1007/s11243-019-00323-5,SPRINGER,2019
2429,10.1007/s11243-019-00328-0,SPRINGER,2019
2430,10.1007/s11243-019-00352-0,SPRINGER,2020
2431,10.1007/s11243-019-00364-w,SPRINGER,2020
2432,10.1007/s11243-019-00369-5,SPRINGER,2020
2433,10.1007/s11243-020-00387-8,SPRINGER,2020
2434,10.1007/s11243-020-00408-6,SPRINGER,2020
2435,10.1007/s11243-020-00432-6,SPRINGER,2021
2436,10.1007/s11243-020-00433-5,SPRINGER,2021
2437,10.1007/s11243-020-00438-0,SPRINGER,2021
2438,10.1007/s11243-021-00472-6,SPRINGER,2021
2439,10.1007/s11243-022-00513-8,SPRINGER,2022
2440,10.1007/s11243-023-00521-2,SPRINGER,2023
2441,10.1007/s11243-023-00522-1,SPRINGER,2023
2442,10.1007/s11243-023-00530-1,SPRINGER,2023
2443,10.1007/s11243-024-00585-8,SPRINGER,2024
2444,10.1007/s11243-024-00586-7,SPRINGER,2024
2445,10.1007/s11243-024-00611-9,SPRINGER,2025
2446,10.1007/s11244-010-9519-3,SPRINGER/PLENUM PUBLISHERS,2010
2447,10.1007/s11244-013-0027-0,SPRINGER/PLENUM PUBLISHERS,2013
2448,10.1007/s11244-020-01271-6,SPRINGER/PLENUM PUBLISHERS,2020
2449,10.1007/s11244-020-01289-w,SPRINGER/PLENUM PUBLISHERS,2020
2450,10.1007/s11244-022-01694-3,SPRINGER/PLENUM PUBLISHERS,2022
2451,10.1007/s11244-022-01732-0,SPRINGER/PLENUM PUBLISHERS,2023
2452,10.1007/s11244-025-02120-0,SPRINGER/PLENUM PUBLISHERS,2025
2453,10.1007/s11581-021-03987-1,SPRINGER HEIDELBERG,2021
2454,10.1007/s11581-024-05414-7,SPRINGER HEIDELBERG,2024
2455,10.1007/s11581-024-05601-6,SPRINGER HEIDELBERG,2024
2456,10.1007/s11664-016-4969-4,SPRINGER,2017
2457,10.1007/s11664-017-5559-9,SPRINGER,2017
2458,10.1007/s11664-018-6622-x,SPRINGER,2018
2459,10.1007/s11664-018-6773-9,SPRINGER,2019
2460,10.1007/s11696-017-0297-2,SPRINGER INTERNATIONAL PUBLISHING AG,2018
2461,10.1007/s11696-019-00692-2,SPRINGER INTERNATIONAL PUBLISHING AG,2019
2462,10.1007/s11696-019-01040-0,SPRINGER INTERNATIONAL PUBLISHING AG,2020
2463,10.1007/s11696-020-01068-7,SPRINGER INTERNATIONAL PUBLISHING AG,2020
2464,10.1007/s11696-020-01114-4,SPRINGER INTERNATIONAL PUBLISHING AG,2020
2465,10.1007/s13738-013-0290-9,SPRINGER,2014
2466,10.1007/s13738-013-0401-7,SPRINGER,2014
2467,10.1007/s13738-014-0437-3,SPRINGER,2014
2468,10.1007/s13738-014-0482-y,SPRINGER,2015
2469,10.1007/s13738-015-0692-y,SPRINGER,2015
2470,10.1007/s13738-015-0764-z,SPRINGER,2016
2471,10.1007/s13738-015-0792-8,SPRINGER,2016
2472,10.1007/s13738-017-1101-5,SPRINGER,2017
2473,10.1007/s13738-018-1367-2,SPRINGER,2018
2474,10.1007/s13738-018-1400-5,SPRINGER,2018
2475,10.1007/s13738-018-1420-1,SPRINGER,2018
2476,10.1007/s13738-018-1515-8,SPRINGER,2019
2477,10.1007/s13738-018-1517-6,SPRINGER,2019
2478,10.1007/s13738-018-1519-4,SPRINGER,2019
2479,10.1007/s13738-019-01672-9,SPRINGER,2019
2480,10.1007/s13738-019-01746-8,SPRINGER,2020
2481,10.1007/s13738-020-01860-y,SPRINGER,2020
2482,10.1007/s13738-020-01931-0,SPRINGER,2020
2483,10.1007/s13738-020-01975-2,SPRINGER,2020
2484,10.1007/s13738-020-02015-9,SPRINGER,2021
2485,10.1007/s13738-020-02032-8,SPRINGER,2021
2486,10.1007/s13738-020-02109-4,SPRINGER,2021
2487,10.1007/s13738-020-02143-2,SPRINGER,2021
2488,10.1007/s13738-021-02297-7,SPRINGER,2022
2489,10.1007/s41779-019-00435-2,SPRINGER,2020
2490,10.1007/s42114-024-01021-2,SPRINGERNATURE,2025
2491,10.1007/s42823-022-00370-6,SPRINGER JAPAN KK,2022
2492,10.1007/s43207-025-00521-1,SPRINGER HEIDELBERG,2025
2493,10.1016/j.aca.2013.03.071,ELSEVIER,2013
2494,10.1016/j.aca.2013.09.058,ELSEVIER,2013
2495,10.1016/j.aca.2017.08.048,ELSEVIER SCIENCE BV,2017
2496,10.1016/j.aca.2019.10.002,ELSEVIER,2020
2497,10.1016/j.aca.2020.11.053,ELSEVIER,2021
2498,10.1016/j.aca.2021.339247,ELSEVIER,2022
2499,10.1016/j.aca.2022.339806,ELSEVIER,2022
2500,10.1016/j.aca.2024.342211,ELSEVIER,2024
2501,10.1016/j.aca.2024.342242,ELSEVIER,2024
2502,10.1016/j.aca.2024.342865,ELSEVIER,2024
2503,10.1016/j.aca.2024.342961,ELSEVIER,2024
2504,10.1016/j.aca.2025.343708,ELSEVIER,2025
2505,10.1016/j.aca.2025.343915,ELSEVIER,2025
2506,10.1016/j.actbio.2017.01.039,ELSEVIER SCI LTD,2017
2507,10.1016/j.actbio.2019.08.011,ELSEVIER SCI LTD,2019
2508,10.1016/j.addma.2020.101774,ELSEVIER,2021
2509,10.1016/j.apcata.2010.05.019,ELSEVIER SCIENCE BV,2011
2510,10.1016/j.apcata.2013.05.034,ELSEVIER,2013
2511,10.1016/j.apcata.2013.09.011,ELSEVIER,2013
2512,10.1016/j.apcata.2013.10.017,ELSEVIER SCIENCE BV,2014
2513,10.1016/j.apcata.2014.11.009,ELSEVIER,2015
2514,10.1016/j.apcata.2015.05.021,ELSEVIER SCIENCE BV,2015
2515,10.1016/j.apcata.2015.08.028,ELSEVIER,2015
2516,10.1016/j.apcata.2016.11.006,ELSEVIER,2017
2517,10.1016/j.apcata.2017.05.030,ELSEVIER SCIENCE BV,2017
2518,10.1016/j.apcata.2017.07.018,ELSEVIER SCIENCE BV,2017
2519,10.1016/j.apcata.2018.02.007,ELSEVIER SCIENCE BV,2018
2520,10.1016/j.apcata.2018.04.020,ELSEVIER SCIENCE BV,2018
2521,10.1016/j.apcata.2018.04.038,ELSEVIER,2018
2522,10.1016/j.apcata.2018.07.030,ELSEVIER SCIENCE BV,2018
2523,10.1016/j.apcata.2018.11.035,ELSEVIER,2019
2524,10.1016/j.apcata.2019.117190,ELSEVIER,2019
2525,10.1016/j.apcata.2019.117214,ELSEVIER,2019
2526,10.1016/j.apcata.2019.117225,ELSEVIER,2019
2527,10.1016/j.apcata.2019.117384,ELSEVIER,2020
2528,10.1016/j.apcata.2020.117668,ELSEVIER,2020
2529,10.1016/j.apcata.2020.117965,ELSEVIER,2021
2530,10.1016/j.apcata.2021.118212,ELSEVIER,2021
2531,10.1016/j.apcata.2021.118307,ELSEVIER,2021
2532,10.1016/j.apcata.2021.118381,ELSEVIER,2021
2533,10.1016/j.apcata.2021.118404,ELSEVIER,2021
2534,10.1016/j.apcata.2022.118910,ELSEVIER,2022
2535,10.1016/j.apcata.2022.118976,ELSEVIER,2023
2536,10.1016/j.apcata.2023.119262,ELSEVIER,2023
2537,10.1016/j.apcata.2023.119463,ELSEVIER,2023
2538,10.1016/j.apcata.2024.119773,ELSEVIER,2024
2539,10.1016/j.apcata.2024.119878,ELSEVIER,2024
2540,10.1016/j.apcata.2024.119902,ELSEVIER,2024
2541,10.1016/j.apcata.2025.120397,ELSEVIER,2025
2542,10.1016/j.apcatb.2014.09.054,ELSEVIER SCIENCE BV,2015
2543,10.1016/j.apcatb.2016.01.038,ELSEVIER SCIENCE BV,2016
2544,10.1016/j.apcatb.2017.01.040,ELSEVIER SCIENCE BV,2017
2545,10.1016/j.apcatb.2018.01.022,ELSEVIER SCIENCE BV,2018
2546,10.1016/j.apcatb.2018.01.048,ELSEVIER,2018
2547,10.1016/j.apcatb.2018.10.043,ELSEVIER SCIENCE BV,2019
2548,10.1016/j.apcatb.2019.01.012,ELSEVIER SCIENCE BV,2019
2549,10.1016/j.apcatb.2019.01.033,ELSEVIER SCIENCE BV,2019
2550,10.1016/j.apcatb.2019.117746,ELSEVIER,2019
2551,10.1016/j.apcatb.2019.117979,ELSEVIER,2019
2552,10.1016/j.apcatb.2019.118047,ELSEVIER,2019
2553,10.1016/j.apcatb.2020.119059,ELSEVIER,2020
2554,10.1016/j.apcatb.2020.119087,ELSEVIER,2020
2555,10.1016/j.apcatb.2021.119941,ELSEVIER,2021
2556,10.1016/j.apcatb.2021.120815,ELSEVIER,2022
2557,10.1016/j.apcatb.2021.120885,ELSEVIER,2022
2558,10.1016/j.apcatb.2021.120888,ELSEVIER,2022
2559,10.1016/j.apcatb.2021.121031,ELSEVIER,2022
2560,10.1016/j.apcatb.2022.121163,ELSEVIER,2022
2561,10.1016/j.apcatb.2022.121278,ELSEVIER,2022
2562,10.1016/j.apcatb.2022.121708,ELSEVIER,2022
2563,10.1016/j.apcatb.2022.121751,ELSEVIER,2022
2564,10.1016/j.apcatb.2022.121904,ELSEVIER,2022
2565,10.1016/j.apcatb.2022.122134,ELSEVIER,2023
2566,10.1016/j.apcatb.2022.122346,ELSEVIER,2023
2567,10.1016/j.apcatb.2023.122418,ELSEVIER,2023
2568,10.1016/j.apcatb.2023.123094,ELSEVIER,2023
2569,10.1016/j.apcatb.2023.123199,ELSEVIER,2024
2570,10.1016/j.apcatb.2023.123317,ELSEVIER,2024
2571,10.1016/j.apcatb.2024.123924,ELSEVIER,2024
2572,10.1016/j.apcatb.2024.124097,ELSEVIER,2024
2573,10.1016/j.apcatb.2024.124687,ELSEVIER,2025
2574,10.1016/j.apmt.2020.100564,ELSEVIER,2020
2575,10.1016/j.apmt.2020.100604,ELSEVIER,2020
2576,10.1016/j.apmt.2020.100613,ELSEVIER,2020
2577,10.1016/j.apmt.2020.100745,ELSEVIER,2020
2578,10.1016/j.apmt.2020.100817,ELSEVIER,2020
2579,10.1016/j.apmt.2020.100925,ELSEVIER,2021
2580,10.1016/j.apmt.2021.100982,ELSEVIER,2021
2581,10.1016/j.apmt.2021.100995,ELSEVIER,2021
2582,10.1016/j.apmt.2021.101208,ELSEVIER,2021
2583,10.1016/j.apmt.2021.101283,ELSEVIER,2022
2584,10.1016/j.apmt.2022.101517,ELSEVIER,2022
2585,10.1016/j.apmt.2022.101646,ELSEVIER,2022
2586,10.1016/j.apmt.2023.101971,ELSEVIER,2023
2587,10.1016/j.apmt.2024.102208,ELSEVIER,2024
2588,10.1016/j.apmt.2024.102266,ELSEVIER,2024
2589,10.1016/j.apmt.2024.102358,ELSEVIER,2024
2590,10.1016/j.apmt.2024.102407,ELSEVIER,2024
2591,10.1016/j.apmt.2024.102443,ELSEVIER,2024
2592,10.1016/j.apmt.2025.102676,ELSEVIER,2025
2593,10.1016/j.apmt.2025.102782,ELSEVIER,2025
2594,10.1016/j.apsusc.2010.11.032,ELSEVIER SCIENCE BV,2011
2595,10.1016/j.apsusc.2013.07.068,ELSEVIER SCIENCE BV,2013
2596,10.1016/j.apsusc.2014.07.023,ELSEVIER,2014
2597,10.1016/j.apsusc.2016.08.111,ELSEVIER,2016
2598,10.1016/j.apsusc.2016.10.071,ELSEVIER SCIENCE BV,2017
2599,10.1016/j.apsusc.2017.01.075,ELSEVIER SCIENCE BV,2017
2600,10.1016/j.apsusc.2017.01.271,ELSEVIER,2017
2601,10.1016/j.apsusc.2017.03.247,ELSEVIER SCIENCE BV,2017
2602,10.1016/j.apsusc.2017.08.060,ELSEVIER SCIENCE BV,2018
2603,10.1016/j.apsusc.2017.09.040,ELSEVIER,2018
2604,10.1016/j.apsusc.2017.10.047,ELSEVIER,2018
2605,10.1016/j.apsusc.2017.11.096,ELSEVIER SCIENCE BV,2018
2606,10.1016/j.apsusc.2018.01.258,ELSEVIER,2018
2607,10.1016/j.apsusc.2018.12.060,ELSEVIER SCIENCE BV,2019
2608,10.1016/j.apsusc.2019.03.162,ELSEVIER SCIENCE BV,2019
2609,10.1016/j.apsusc.2019.144504,ELSEVIER,2020
2610,10.1016/j.apsusc.2020.146511,ELSEVIER,2020
2611,10.1016/j.apsusc.2020.147714,ELSEVIER,2021
2612,10.1016/j.apsusc.2020.148731,ELSEVIER,2021
2613,10.1016/j.apsusc.2021.149674,ELSEVIER,2021
2614,10.1016/j.apsusc.2021.151351,ELSEVIER,2022
2615,10.1016/j.apsusc.2021.151408,ELSEVIER,2022
2616,10.1016/j.apsusc.2021.151558,ELSEVIER,2022
2617,10.1016/j.apsusc.2021.151996,ELSEVIER,2022
2618,10.1016/j.apsusc.2021.152376,ELSEVIER,2022
2619,10.1016/j.apsusc.2022.155123,ELSEVIER,2023
2620,10.1016/j.apsusc.2022.155772,ELSEVIER,2023
2621,10.1016/j.apsusc.2022.156250,ELSEVIER,2023
2622,10.1016/j.apsusc.2023.157699,ELSEVIER,2023
2623,10.1016/j.apsusc.2024.159348,ELSEVIER,2024
2624,10.1016/j.apsusc.2024.161991,ELSEVIER,2025
2625,10.1016/j.apsusc.2024.162171,ELSEVIER,2025
2626,10.1016/j.arabjc.2013.12.010,ELSEVIER SCIENCE BV,2017
2627,10.1016/j.arabjc.2017.01.012,ELSEVIER SCIENCE BV,2018
2628,10.1016/j.arabjc.2017.11.009,ELSEVIER,2020
2629,10.1016/j.arabjc.2018.07.004,ELSEVIER,2020
2630,10.1016/j.arabjc.2018.07.012,ELSEVIER,2018
2631,10.1016/j.arabjc.2020.02.020,ELSEVIER,2020
2632,10.1016/j.arabjc.2021.103297,ELSEVIER,2021
2633,10.1016/j.arabjc.2021.103672,ELSEVIER,2022
2634,10.1016/j.arabjc.2022.104141,ELSEVIER,2022
2635,10.1016/j.arabjc.2023.104666,ELSEVIER,2023
2636,10.1016/j.arabjc.2023.104975,ELSEVIER,2023
2637,10.1016/j.arabjc.2024.105635,ELSEVIER,2024
2638,10.1016/j.arabjc.2024.105722,ELSEVIER,2024
2639,10.1016/j.bioadv.2022.213070,ELSEVIER,2022
2640,10.1016/j.biomaterials.2019.119365,ELSEVIER SCI LTD,2019
2641,10.1016/j.biomaterials.2021.121322,ELSEVIER SCI LTD,2022
2642,10.1016/j.biomaterials.2024.122755,ELSEVIER SCI LTD,2025
2643,10.1016/j.bios.2021.112999,ELSEVIER ADVANCED TECHNOLOGY,2021
2644,10.1016/j.bios.2024.116008,ELSEVIER ADVANCED TECHNOLOGY,2024
2645,10.1016/j.bmcl.2018.12.009,PERGAMON-ELSEVIER SCIENCE LTD,2019
2646,10.1016/j.cap.2017.11.014,ELSEVIER SCIENCE BV,2018
2647,10.1016/j.carbon.2010.03.029,PERGAMON-ELSEVIER SCIENCE LTD,2010
2648,10.1016/j.carbon.2010.09.059,PERGAMON-ELSEVIER SCIENCE LTD,2011
2649,10.1016/j.carbon.2014.07.062,PERGAMON-ELSEVIER SCIENCE LTD,2014
2650,10.1016/j.carbon.2014.09.079,PERGAMON-ELSEVIER SCIENCE LTD,2015
2651,10.1016/j.carbon.2014.11.014,PERGAMON-ELSEVIER SCIENCE LTD,2015
2652,10.1016/j.carbon.2015.11.074,PERGAMON-ELSEVIER SCIENCE LTD,2016
2653,10.1016/j.carbon.2016.07.057,PERGAMON-ELSEVIER SCIENCE LTD,2016
2654,10.1016/j.carbon.2018.09.045,PERGAMON-ELSEVIER SCIENCE LTD,2019
2655,10.1016/j.carbon.2019.02.013,PERGAMON-ELSEVIER SCIENCE LTD,2019
2656,10.1016/j.carbon.2019.03.043,PERGAMON-ELSEVIER SCIENCE LTD,2019
2657,10.1016/j.carbon.2022.02.040,PERGAMON-ELSEVIER SCIENCE LTD,2022
2658,10.1016/j.carbon.2022.09.015,PERGAMON-ELSEVIER SCIENCE LTD,2023
2659,10.1016/j.carbon.2025.120263,PERGAMON-ELSEVIER SCIENCE LTD,2025
2660,10.1016/j.carbpol.2018.03.089,ELSEVIER SCI LTD,2018
2661,10.1016/j.carbpol.2018.12.066,ELSEVIER SCI LTD,2019
2662,10.1016/j.carbpol.2019.02.044,ELSEVIER SCI LTD,2019
2663,10.1016/j.carbpol.2019.03.011,ELSEVIER SCI LTD,2019
2664,10.1016/j.carbpol.2019.115085,ELSEVIER SCI LTD,2019
2665,10.1016/j.carbpol.2019.115642,ELSEVIER SCI LTD,2020
2666,10.1016/j.carbpol.2020.115848,ELSEVIER SCI LTD,2020
2667,10.1016/j.carbpol.2020.116030,ELSEVIER SCI LTD,2020
2668,10.1016/j.carbpol.2020.116955,ELSEVIER SCI LTD,2020
2669,10.1016/j.carbpol.2020.117558,ELSEVIER SCI LTD,2021
2670,10.1016/j.carbpol.2022.120516,ELSEVIER SCI LTD,2023
2671,10.1016/j.carbpol.2023.121424,ELSEVIER SCI LTD,2024
2672,10.1016/j.carbpol.2023.121750,ELSEVIER SCI LTD,2024
2673,10.1016/j.carbpol.2024.122418,ELSEVIER SCI LTD,2024
2674,10.1016/j.carbpol.2025.123250,ELSEVIER SCI LTD,2025
2675,10.1016/j.catcom.2010.12.010,ELSEVIER,2011
2676,10.1016/j.catcom.2011.02.001,ELSEVIER SCIENCE BV,2011
2677,10.1016/j.catcom.2012.09.032,ELSEVIER SCIENCE BV,2012
2678,10.1016/j.catcom.2013.02.013,ELSEVIER SCIENCE BV,2013
2679,10.1016/j.catcom.2013.10.016,ELSEVIER SCIENCE BV,2014
2680,10.1016/j.catcom.2013.12.029,ELSEVIER SCIENCE BV,2014
2681,10.1016/j.catcom.2014.12.004,ELSEVIER,2015
2682,10.1016/j.catcom.2015.03.031,ELSEVIER,2015
2683,10.1016/j.catcom.2015.07.019,ELSEVIER SCIENCE BV,2015
2684,10.1016/j.catcom.2016.10.030,ELSEVIER SCIENCE BV,2017
2685,10.1016/j.catcom.2017.04.041,ELSEVIER SCIENCE BV,2017
2686,10.1016/j.catcom.2017.06.001,ELSEVIER SCIENCE BV,2017
2687,10.1016/j.catcom.2017.06.026,ELSEVIER SCIENCE BV,2017
2688,10.1016/j.catcom.2017.07.012,ELSEVIER SCIENCE BV,2017
2689,10.1016/j.catcom.2017.08.015,ELSEVIER,2017
2690,10.1016/j.catcom.2018.03.021,ELSEVIER SCIENCE BV,2018
2691,10.1016/j.catcom.2018.08.020,ELSEVIER SCIENCE BV,2018
2692,10.1016/j.catcom.2018.11.009,ELSEVIER SCIENCE BV,2019
2693,10.1016/j.catcom.2020.106002,ELSEVIER,2020
2694,10.1016/j.catcom.2020.106032,ELSEVIER,2020
2695,10.1016/j.catcom.2021.106367,ELSEVIER,2021
2696,10.1016/j.catcom.2022.106420,ELSEVIER,2022
2697,10.1016/j.catcom.2022.106446,ELSEVIER,2022
2698,10.1016/j.catcom.2022.106472,ELSEVIER,2022
2699,10.1016/j.cattod.2006.09.003,ELSEVIER,2007
2700,10.1016/j.cattod.2011.03.017,ELSEVIER SCIENCE BV,2011
2701,10.1016/j.cattod.2012.03.034,ELSEVIER SCIENCE BV,2012
2702,10.1016/j.cattod.2012.08.014,ELSEVIER,2013
2703,10.1016/j.cattod.2012.08.044,ELSEVIER,2013
2704,10.1016/j.cattod.2013.09.064,ELSEVIER SCIENCE BV,2014
2705,10.1016/j.cattod.2014.02.046,ELSEVIER,2014
2706,10.1016/j.cattod.2014.05.022,ELSEVIER,2015
2707,10.1016/j.cattod.2014.05.041,ELSEVIER,2015
2708,10.1016/j.cattod.2014.08.015,ELSEVIER,2015
2709,10.1016/j.cattod.2015.04.017,ELSEVIER SCIENCE BV,2015
2710,10.1016/j.cattod.2015.08.030,ELSEVIER,2016
2711,10.1016/j.cattod.2015.10.022,ELSEVIER SCIENCE BV,2016
2712,10.1016/j.cattod.2016.02.039,ELSEVIER SCIENCE BV,2017
2713,10.1016/j.cattod.2017.10.022,ELSEVIER,2018
2714,10.1016/j.cattod.2018.09.034,ELSEVIER,2020
2715,10.1016/j.cattod.2018.11.063,ELSEVIER SCIENCE BV,2019
2716,10.1016/j.cattod.2019.01.050,ELSEVIER,2020
2717,10.1016/j.cattod.2019.06.076,ELSEVIER,2021
2718,10.1016/j.cattod.2019.08.002,ELSEVIER,2020
2719,10.1016/j.cattod.2019.08.053,ELSEVIER,2020
2720,10.1016/j.cattod.2019.09.033,ELSEVIER,2020
2721,10.1016/j.cattod.2019.12.036,ELSEVIER,2020
2722,10.1016/j.cattod.2019.12.038,ELSEVIER,2020
2723,10.1016/j.cattod.2021.08.025,ELSEVIER,2022
2724,10.1016/j.cattod.2021.09.028,ELSEVIER,2022
2725,10.1016/j.cattod.2021.10.007,ELSEVIER,2022
2726,10.1016/j.cattod.2021.10.019,ELSEVIER,2022
2727,10.1016/j.cattod.2021.11.004,ELSEVIER,2022
2728,10.1016/j.cattod.2021.11.037,ELSEVIER,2022
2729,10.1016/j.cattod.2022.05.001,ELSEVIER,2023
2730,10.1016/j.cattod.2022.07.003,ELSEVIER,2022
2731,10.1016/j.cattod.2024.114705,ELSEVIER,2024
2732,10.1016/j.cattod.2024.114786,ELSEVIER,2024
2733,10.1016/j.cattod.2024.114988,ELSEVIER,2025
2734,10.1016/j.cclet.2013.03.010,ELSEVIER SCIENCE INC,2013
2735,10.1016/j.cclet.2013.05.001,ELSEVIER SCIENCE INC,2013
2736,10.1016/j.cclet.2013.06.025,ELSEVIER SCIENCE INC,2013
2737,10.1016/j.cclet.2013.11.031,ELSEVIER SCIENCE INC,2014
2738,10.1016/j.cclet.2014.05.026,ELSEVIER SCIENCE INC,2014
2739,10.1016/j.cclet.2014.10.022,ELSEVIER SCIENCE INC,2015
2740,10.1016/j.cclet.2015.05.025,ELSEVIER SCIENCE INC,2015
2741,10.1016/j.cclet.2015.12.034,ELSEVIER SCIENCE INC,2016
2742,10.1016/j.cclet.2017.01.020,ELSEVIER SCIENCE INC,2017
2743,10.1016/j.cclet.2017.09.043,ELSEVIER SCIENCE INC,2018
2744,10.1016/j.cclet.2017.09.057,ELSEVIER SCIENCE INC,2018
2745,10.1016/j.cclet.2017.10.003,ELSEVIER SCIENCE INC,2018
2746,10.1016/j.cclet.2017.12.026,ELSEVIER SCIENCE INC,2018
2747,10.1016/j.cclet.2019.01.030,ELSEVIER SCIENCE INC,2019
2748,10.1016/j.cclet.2019.04.030,ELSEVIER SCIENCE INC,2019
2749,10.1016/j.cclet.2019.05.005,ELSEVIER SCIENCE INC,2020
2750,10.1016/j.cclet.2019.06.017,ELSEVIER SCIENCE INC,2020
2751,10.1016/j.cclet.2020.02.044,ELSEVIER SCIENCE INC,2020
2752,10.1016/j.cclet.2020.04.019,ELSEVIER SCIENCE INC,2021
2753,10.1016/j.cclet.2020.04.044,ELSEVIER SCIENCE INC,2020
2754,10.1016/j.cclet.2020.09.059,ELSEVIER SCIENCE INC,2021
2755,10.1016/j.cclet.2021.06.048,ELSEVIER SCIENCE INC,2022
2756,10.1016/j.cclet.2021.06.080,ELSEVIER SCIENCE INC,2022
2757,10.1016/j.cclet.2021.07.007,ELSEVIER SCIENCE INC,2022
2758,10.1016/j.cclet.2021.07.013,ELSEVIER SCIENCE INC,2022
2759,10.1016/j.cclet.2021.09.042,ELSEVIER SCIENCE INC,2022
2760,10.1016/j.cclet.2021.10.048,ELSEVIER SCIENCE INC,2022
2761,10.1016/j.cclet.2022.02.060,ELSEVIER SCIENCE INC,2023
2762,10.1016/j.cclet.2022.107814,ELSEVIER SCIENCE INC,2023
2763,10.1016/j.cclet.2022.107986,ELSEVIER SCIENCE INC,2023
2764,10.1016/j.cclet.2022.107999,ELSEVIER SCIENCE INC,2023
2765,10.1016/j.cclet.2023.108269,ELSEVIER SCIENCE INC,2023
2766,10.1016/j.cclet.2023.108474,ELSEVIER SCIENCE INC,2024
2767,10.1016/j.cclet.2023.108587,ELSEVIER SCIENCE INC,2024
2768,10.1016/j.cclet.2023.109120,ELSEVIER SCIENCE INC,2024
2769,10.1016/j.cclet.2024.109787,ELSEVIER SCIENCE INC,2024
2770,10.1016/j.cclet.2024.109985,ELSEVIER SCIENCE INC,2025
2771,10.1016/j.cclet.2024.110503,ELSEVIER SCIENCE INC,2025
2772,10.1016/j.cclet.2024.110571,ELSEVIER SCIENCE INC,2025
2773,10.1016/j.ccr.2019.05.009,ELSEVIER SCIENCE SA,2019
2774,10.1016/j.ccr.2019.07.004,ELSEVIER SCIENCE SA,2019
2775,10.1016/j.ccr.2019.213016,ELSEVIER SCIENCE SA,2019
2776,10.1016/j.ceramint.2022.01.021,ELSEVIER SCI LTD,2022
2777,10.1016/j.ceramint.2022.08.076,ELSEVIER SCI LTD,2022
2778,10.1016/j.ceramint.2023.01.204,ELSEVIER SCI LTD,2023
2779,10.1016/j.ceramint.2024.02.355,ELSEVIER SCI LTD,2024
2780,10.1016/j.ceramint.2024.04.159,ELSEVIER SCI LTD,2024
2781,10.1016/j.ceramint.2024.12.458,ELSEVIER SCI LTD,2025
2782,10.1016/j.chemphys.2018.06.003,ELSEVIER,2018
2783,10.1016/j.chemphys.2019.110655,ELSEVIER,2020
2784,10.1016/j.chempr.2016.08.003,CELL PRESS,2016
2785,10.1016/j.chempr.2017.09.002,CELL PRESS,2017
2786,10.1016/j.chempr.2018.03.013,CELL PRESS,2018
2787,10.1016/j.chempr.2019.10.002,CELL PRESS,2019
2788,10.1016/j.chempr.2021.07.003,CELL PRESS,2021
2789,10.1016/j.chempr.2021.10.027,CELL PRESS,2022
2790,10.1016/j.chempr.2022.02.004,CELL PRESS,2022
2791,10.1016/j.chempr.2022.03.006,CELL PRESS,2022
2792,10.1016/j.chempr.2022.03.023,CELL PRESS,2022
2793,10.1016/j.chempr.2023.02.002,CELL PRESS,2023
2794,10.1016/j.chempr.2024.02.021,CELL PRESS,2024
2795,10.1016/j.chempr.2024.03.030,CELL PRESS,2024
2796,10.1016/j.chroma.2015.02.034,ELSEVIER SCIENCE BV,2015
2797,10.1016/j.chroma.2015.12.020,ELSEVIER SCIENCE BV,2016
2798,10.1016/j.chroma.2016.03.085,ELSEVIER,2016
2799,10.1016/j.chroma.2016.09.057,ELSEVIER,2016
2800,10.1016/j.chroma.2017.01.017,ELSEVIER,2017
2801,10.1016/j.chroma.2017.04.037,ELSEVIER SCIENCE BV,2017
2802,10.1016/j.chroma.2017.05.031,ELSEVIER SCIENCE BV,2017
2803,10.1016/j.chroma.2020.461539,ELSEVIER,2020
2804,10.1016/j.chroma.2020.461580,ELSEVIER,2020
2805,10.1016/j.chroma.2020.461857,ELSEVIER,2021
2806,10.1016/j.chroma.2022.463373,ELSEVIER,2022
2807,10.1016/j.chroma.2023.463849,ELSEVIER,2023
2808,10.1016/j.chroma.2023.464164,ELSEVIER,2023
2809,10.1016/j.chroma.2023.464377,ELSEVIER,2023
2810,10.1016/j.cis.2020.102108,ELSEVIER,2020
2811,10.1016/j.cis.2022.102686,ELSEVIER,2022
2812,10.1016/j.cis.2023.102864,ELSEVIER,2023
2813,10.1016/j.cis.2023.102967,ELSEVIER,2023
2814,10.1016/j.cis.2023.103007,ELSEVIER,2023
2815,10.1016/j.cis.2023.103050,ELSEVIER,2024
2816,10.1016/j.cis.2024.103153,ELSEVIER,2024
2817,10.1016/j.cis.2024.103162,ELSEVIER,2024
2818,10.1016/j.cis.2024.103184,ELSEVIER,2024
2819,10.1016/j.cis.2025.103509,ELSEVIER,2025
2820,10.1016/j.cis.2025.103592,ELSEVIER,2025
2821,10.1016/j.cjsc.2023.100125,ELSEVIER,2023
2822,10.1016/j.clay.2021.106371,ELSEVIER,2022
2823,10.1016/j.coco.2019.12.008,ELSEVIER SCI LTD,2020
2824,10.1016/j.coco.2024.101933,ELSEVIER SCI LTD,2024
2825,10.1016/j.cogsc.2024.100948,ELSEVIER,2024
2826,10.1016/j.colcom.2021.100511,ELSEVIER,2022
2827,10.1016/j.colcom.2021.100529,ELSEVIER,2021
2828,10.1016/j.colsurfa.2012.11.067,ELSEVIER SCIENCE BV,2013
2829,10.1016/j.colsurfa.2015.09.020,ELSEVIER,2015
2830,10.1016/j.colsurfa.2016.02.038,ELSEVIER,2016
2831,10.1016/j.colsurfa.2017.01.058,ELSEVIER SCIENCE BV,2017
2832,10.1016/j.colsurfa.2018.05.014,ELSEVIER SCIENCE BV,2018
2833,10.1016/j.colsurfa.2019.02.025,ELSEVIER SCIENCE BV,2019
2834,10.1016/j.colsurfa.2019.123645,ELSEVIER,2019
2835,10.1016/j.colsurfa.2020.124781,ELSEVIER,2020
2836,10.1016/j.colsurfa.2020.125157,ELSEVIER,2020
2837,10.1016/j.colsurfa.2020.125236,ELSEVIER,2020
2838,10.1016/j.colsurfa.2020.125330,ELSEVIER,2020
2839,10.1016/j.colsurfa.2020.125477,ELSEVIER,2020
2840,10.1016/j.colsurfa.2021.126242,ELSEVIER,2021
2841,10.1016/j.colsurfa.2021.127089,ELSEVIER,2021
2842,10.1016/j.colsurfa.2021.127704,ELSEVIER,2021
2843,10.1016/j.colsurfa.2021.128034,ELSEVIER,2022
2844,10.1016/j.colsurfa.2021.128076,ELSEVIER,2022
2845,10.1016/j.colsurfa.2022.128421,ELSEVIER,2022
2846,10.1016/j.colsurfa.2022.129477,ELSEVIER,2022
2847,10.1016/j.colsurfa.2022.129749,ELSEVIER,2022
2848,10.1016/j.colsurfa.2022.130751,ELSEVIER,2023
2849,10.1016/j.colsurfa.2022.130847,ELSEVIER,2023
2850,10.1016/j.colsurfa.2023.132472,ELSEVIER,2023
2851,10.1016/j.colsurfa.2023.133032,ELSEVIER,2024
2852,10.1016/j.colsurfa.2024.133596,ELSEVIER,2024
2853,10.1016/j.colsurfa.2024.134323,ELSEVIER,2024
2854,10.1016/j.colsurfa.2024.135058,ELSEVIER,2024
2855,10.1016/j.colsurfa.2024.135179,ELSEVIER,2024
2856,10.1016/j.colsurfa.2024.135418,ELSEVIER,2024
2857,10.1016/j.colsurfa.2024.135492,ELSEVIER,2025
2858,10.1016/j.colsurfa.2024.135616,ELSEVIER,2025
2859,10.1016/j.colsurfa.2024.135642,ELSEVIER,2025
2860,10.1016/j.colsurfa.2024.135977,ELSEVIER,2025
2861,10.1016/j.colsurfa.2025.136320,ELSEVIER,2025
2862,10.1016/j.colsurfa.2025.136754,ELSEVIER,2025
2863,10.1016/j.colsurfb.2019.03.032,ELSEVIER,2019
2864,10.1016/j.colsurfb.2020.110837,ELSEVIER,2020
2865,10.1016/j.colsurfb.2021.112147,ELSEVIER,2021
2866,10.1016/j.colsurfb.2023.113246,ELSEVIER,2023
2867,10.1016/j.colsurfb.2023.113266,ELSEVIER,2023
2868,10.1016/j.colsurfb.2025.114935,ELSEVIER,2025
2869,10.1016/j.commatsci.2022.111388,ELSEVIER,2022
2870,10.1016/j.commatsci.2022.111872,ELSEVIER,2023
2871,10.1016/j.compositesb.2021.109532,ELSEVIER SCI LTD,2022
2872,10.1016/j.cplett.2009.03.083,ELSEVIER SCIENCE BV,2009
2873,10.1016/j.cplett.2020.137283,ELSEVIER,2020
2874,10.1016/j.cplett.2021.138469,ELSEVIER,2021
2875,10.1016/j.cplett.2021.138690,ELSEVIER,2021
2876,10.1016/j.cplett.2021.138906,ELSEVIER,2021
2877,10.1016/j.cplett.2022.139859,ELSEVIER,2022
2878,10.1016/j.cplett.2024.141089,ELSEVIER,2024
2879,10.1016/j.cplett.2024.141790,ELSEVIER,2025
2880,10.1016/j.crci.2012.11.011,ELSEVIER FRANCE-EDITIONS SCIENTIFIQUES MEDICALES ELSEVIER,2013
2881,10.1016/j.crci.2014.10.002,ELSEVIER FRANCE-EDITIONS SCIENTIFIQUES MEDICALES ELSEVIER,2015
2882,10.1016/j.crci.2019.05.006,ELSEVIER FRANCE-EDITIONS SCIENTIFIQUES MEDICALES ELSEVIER,2019
2883,10.1016/j.cscm.2024.e03586,ELSEVIER,2024
2884,10.1016/j.diamond.2024.111313,ELSEVIER SCIENCE SA,2024
2885,10.1016/j.dyepig.2013.05.004,ELSEVIER SCI LTD,2013
2886,10.1016/j.dyepig.2013.09.041,ELSEVIER SCI LTD,2014
2887,10.1016/j.dyepig.2014.01.032,ELSEVIER SCI LTD,2014
2888,10.1016/j.dyepig.2014.06.010,ELSEVIER SCI LTD,2014
2889,10.1016/j.dyepig.2015.03.037,ELSEVIER SCI LTD,2015
2890,10.1016/j.dyepig.2015.06.035,ELSEVIER SCI LTD,2015
2891,10.1016/j.dyepig.2015.09.024,ELSEVIER SCI LTD,2016
2892,10.1016/j.dyepig.2016.02.022,ELSEVIER SCI LTD,2016
2893,10.1016/j.dyepig.2016.03.005,ELSEVIER SCI LTD,2016
2894,10.1016/j.dyepig.2016.03.027,ELSEVIER SCI LTD,2016
2895,10.1016/j.dyepig.2016.09.021,ELSEVIER SCI LTD,2017
2896,10.1016/j.dyepig.2016.12.039,ELSEVIER SCI LTD,2017
2897,10.1016/j.dyepig.2018.05.064,ELSEVIER SCI LTD,2018
2898,10.1016/j.dyepig.2019.03.055,ELSEVIER SCI LTD,2019
2899,10.1016/j.dyepig.2019.04.008,ELSEVIER SCI LTD,2019
2900,10.1016/j.dyepig.2019.107565,ELSEVIER SCI LTD,2019
2901,10.1016/j.dyepig.2019.107604,ELSEVIER SCI LTD,2019
2902,10.1016/j.dyepig.2019.107798,ELSEVIER SCI LTD,2020
2903,10.1016/j.dyepig.2019.108035,ELSEVIER SCI LTD,2020
2904,10.1016/j.dyepig.2019.108159,ELSEVIER SCI LTD,2020
2905,10.1016/j.dyepig.2020.108638,ELSEVIER SCI LTD,2020
2906,10.1016/j.dyepig.2020.108834,ELSEVIER SCI LTD,2021
2907,10.1016/j.dyepig.2020.109068,ELSEVIER SCI LTD,2021
2908,10.1016/j.dyepig.2021.109809,ELSEVIER SCI LTD,2021
2909,10.1016/j.dyepig.2021.109812,ELSEVIER SCI LTD,2022
2910,10.1016/j.dyepig.2021.110000,ELSEVIER SCI LTD,2022
2911,10.1016/j.dyepig.2022.110182,ELSEVIER SCI LTD,2022
2912,10.1016/j.dyepig.2022.110253,ELSEVIER SCI LTD,2022
2913,10.1016/j.dyepig.2022.110438,ELSEVIER SCI LTD,2022
2914,10.1016/j.dyepig.2022.110587,ELSEVIER SCI LTD,2022
2915,10.1016/j.dyepig.2022.110648,ELSEVIER SCI LTD,2022
2916,10.1016/j.dyepig.2023.111499,ELSEVIER SCI LTD,2023
2917,10.1016/j.dyepig.2023.111673,ELSEVIER SCI LTD,2023
2918,10.1016/j.dyepig.2024.112600,ELSEVIER SCI LTD,2025
2919,10.1016/j.dyepig.2025.112953,ELSEVIER SCI LTD,2025
2920,10.1016/j.flatc.2021.100287,ELSEVIER,2021
2921,10.1016/j.fluid.2019.05.007,ELSEVIER SCIENCE BV,2019
2922,10.1016/j.foodchem.2021.131760,ELSEVIER SCI LTD,2022
2923,10.1016/j.foodchem.2022.133056,ELSEVIER SCI LTD,2022
2924,10.1016/j.foodchem.2022.134134,ELSEVIER SCI LTD,2023
2925,10.1016/j.foodchem.2022.134248,ELSEVIER SCI LTD,2023
2926,10.1016/j.foodchem.2023.136000,ELSEVIER SCI LTD,2023
2927,10.1016/j.foodchem.2024.139167,ELSEVIER SCI LTD,2024
2928,10.1016/j.foodchem.2024.139272,ELSEVIER SCI LTD,2024
2929,10.1016/j.foodchem.2024.139533,ELSEVIER SCI LTD,2024
2930,10.1016/j.foodhyd.2022.108294,ELSEVIER SCI LTD,2023
2931,10.1016/j.foodhyd.2023.109318,ELSEVIER SCI LTD,2024
2932,10.1016/j.fuproc.2022.107250,ELSEVIER,2022
2933,10.1016/j.fuproc.2023.107700,ELSEVIER,2023
2934,10.1016/j.ica.2004.01.003,ELSEVIER SCIENCE SA,2004
2935,10.1016/j.ica.2004.03.019,ELSEVIER SCIENCE SA,2004
2936,10.1016/j.ica.2004.05.016,ELSEVIER SCIENCE SA,2004
2937,10.1016/j.ica.2004.05.037,ELSEVIER SCIENCE SA,2004
2938,10.1016/j.ica.2004.07.004,ELSEVIER SCIENCE SA,2005
2939,10.1016/j.ica.2004.07.020,ELSEVIER SCIENCE SA,2004
2940,10.1016/j.ica.2004.07.029,ELSEVIER SCIENCE SA,2005
2941,10.1016/j.ica.2004.10.033,ELSEVIER SCIENCE SA,2005
2942,10.1016/j.ica.2005.03.015,ELSEVIER SCIENCE SA,2005
2943,10.1016/j.ica.2005.05.004,ELSEVIER SCIENCE SA,2005
2944,10.1016/j.ica.2005.07.040,ELSEVIER SCIENCE SA,2006
2945,10.1016/j.ica.2005.09.041,ELSEVIER SCIENCE SA,2006
2946,10.1016/j.ica.2005.09.051,ELSEVIER SCIENCE SA,2006
2947,10.1016/j.ica.2005.09.059,ELSEVIER SCIENCE SA,2006
2948,10.1016/j.ica.2005.12.077,ELSEVIER SCIENCE SA,2006
2949,10.1016/j.ica.2006.04.022,ELSEVIER SCIENCE SA,2006
2950,10.1016/j.ica.2006.08.006,ELSEVIER SCIENCE SA,2007
2951,10.1016/j.ica.2006.09.025,ELSEVIER SCIENCE SA,2007
2952,10.1016/j.ica.2006.10.023,ELSEVIER SCIENCE SA,2007
2953,10.1016/j.ica.2006.10.044,ELSEVIER SCIENCE SA,2007
2954,10.1016/j.ica.2006.12.038,ELSEVIER SCIENCE SA,2007
2955,10.1016/j.ica.2007.02.038,ELSEVIER SCIENCE SA,2007
2956,10.1016/j.ica.2007.03.005,ELSEVIER SCIENCE SA,2007
2957,10.1016/j.ica.2007.03.038,ELSEVIER SCIENCE SA,2007
2958,10.1016/j.ica.2007.03.048,ELSEVIER SCIENCE SA,2007
2959,10.1016/j.ica.2007.04.007,ELSEVIER SCIENCE SA,2007
2960,10.1016/j.ica.2007.04.035,ELSEVIER SCIENCE SA,2007
2961,10.1016/j.ica.2007.05.014,ELSEVIER SCIENCE SA,2007
2962,10.1016/j.ica.2007.05.049,ELSEVIER SCIENCE SA,2007
2963,10.1016/j.ica.2007.06.005,ELSEVIER SCIENCE SA,2008
2964,10.1016/j.ica.2007.08.006,ELSEVIER SCIENCE SA,2008
2965,10.1016/j.ica.2007.09.034,ELSEVIER SCIENCE SA,2008
2966,10.1016/j.ica.2007.10.043,ELSEVIER SCIENCE SA,2008
2967,10.1016/j.ica.2008.02.038,ELSEVIER SCIENCE SA,2009
2968,10.1016/j.ica.2008.02.040,ELSEVIER SCIENCE SA,2008
2969,10.1016/j.ica.2008.03.103,ELSEVIER SCIENCE SA,2009
2970,10.1016/j.ica.2008.03.108,ELSEVIER SCIENCE SA,2008
2971,10.1016/j.ica.2008.04.044,ELSEVIER SCIENCE SA,2009
2972,10.1016/j.ica.2008.06.013,ELSEVIER SCIENCE SA,2009
2973,10.1016/j.ica.2008.07.026,ELSEVIER SCIENCE SA,2009
2974,10.1016/j.ica.2008.08.025,ELSEVIER SCIENCE SA,2009
2975,10.1016/j.ica.2008.08.032,ELSEVIER SCIENCE SA,2009
2976,10.1016/j.ica.2008.09.008,ELSEVIER SCIENCE SA,2009
2977,10.1016/j.ica.2008.09.052,ELSEVIER SCIENCE SA,2009
2978,10.1016/j.ica.2008.09.053,ELSEVIER SCIENCE SA,2009
2979,10.1016/j.ica.2008.10.008,ELSEVIER SCIENCE SA,2009
2980,10.1016/j.ica.2008.10.015,ELSEVIER SCIENCE SA,2009
2981,10.1016/j.ica.2008.10.038,ELSEVIER SCIENCE SA,2009
2982,10.1016/j.ica.2008.11.019,ELSEVIER SCIENCE SA,2009
2983,10.1016/j.ica.2008.11.031,ELSEVIER SCIENCE SA,2009
2984,10.1016/j.ica.2008.12.008,ELSEVIER SCIENCE SA,2009
2985,10.1016/j.ica.2008.12.011,ELSEVIER SCIENCE SA,2009
2986,10.1016/j.ica.2009.01.004,ELSEVIER SCIENCE SA,2009
2987,10.1016/j.ica.2009.01.010,ELSEVIER SCIENCE SA,2009
2988,10.1016/j.ica.2009.01.036,ELSEVIER SCIENCE SA,2009
2989,10.1016/j.ica.2009.01.042,ELSEVIER SCIENCE SA,2009
2990,10.1016/j.ica.2009.02.029,ELSEVIER SCIENCE SA,2009
2991,10.1016/j.ica.2009.02.040,ELSEVIER SCIENCE SA,2009
2992,10.1016/j.ica.2009.03.017,ELSEVIER SCIENCE SA,2009
2993,10.1016/j.ica.2009.03.023,ELSEVIER SCIENCE SA,2009
2994,10.1016/j.ica.2009.03.033,ELSEVIER SCIENCE SA,2009
2995,10.1016/j.ica.2009.04.004,ELSEVIER SCIENCE SA,2009
2996,10.1016/j.ica.2009.04.033,ELSEVIER SCIENCE SA,2009
2997,10.1016/j.ica.2009.04.036,ELSEVIER SCIENCE SA,2009
2998,10.1016/j.ica.2009.04.037,ELSEVIER SCIENCE SA,2009
2999,10.1016/j.ica.2009.05.059,ELSEVIER SCIENCE SA,2009
3000,10.1016/j.ica.2009.06.040,ELSEVIER SCIENCE SA,2009
3001,10.1016/j.ica.2009.06.048,ELSEVIER SCIENCE SA,2009
3002,10.1016/j.ica.2009.06.053,ELSEVIER SCIENCE SA,2009
3003,10.1016/j.ica.2009.08.031,ELSEVIER SCIENCE SA,2010
3004,10.1016/j.ica.2009.09.014,ELSEVIER SCIENCE SA,2009
3005,10.1016/j.ica.2009.09.017,ELSEVIER SCIENCE SA,2009
3006,10.1016/j.ica.2009.09.022,ELSEVIER SCIENCE SA,2009
3007,10.1016/j.ica.2009.09.031,ELSEVIER SCIENCE SA,2009
3008,10.1016/j.ica.2009.09.043,ELSEVIER SCIENCE SA,2010
3009,10.1016/j.ica.2009.10.001,ELSEVIER SCIENCE SA,2009
3010,10.1016/j.ica.2009.10.011,ELSEVIER SCIENCE SA,2010
3011,10.1016/j.ica.2009.10.024,ELSEVIER SCIENCE SA,2010
3012,10.1016/j.ica.2009.11.001,ELSEVIER SCIENCE SA,2010
3013,10.1016/j.ica.2009.11.019,ELSEVIER SCIENCE SA,2010
3014,10.1016/j.ica.2009.12.016,ELSEVIER SCIENCE SA,2010
3015,10.1016/j.ica.2009.12.022,ELSEVIER SCIENCE SA,2010
3016,10.1016/j.ica.2009.12.023,ELSEVIER SCIENCE SA,2010
3017,10.1016/j.ica.2009.12.044,ELSEVIER SCIENCE SA,2010
3018,10.1016/j.ica.2009.12.056,ELSEVIER SCIENCE SA,2010
3019,10.1016/j.ica.2010.01.043,ELSEVIER SCIENCE SA,2010
3020,10.1016/j.ica.2010.02.012,ELSEVIER SCIENCE SA,2010
3021,10.1016/j.ica.2010.03.047,ELSEVIER SCIENCE SA,2010
3022,10.1016/j.ica.2010.04.011,ELSEVIER SCIENCE SA,2010
3023,10.1016/j.ica.2010.04.021,ELSEVIER SCIENCE SA,2010
3024,10.1016/j.ica.2010.04.034,ELSEVIER SCIENCE SA,2010
3025,10.1016/j.ica.2010.05.013,ELSEVIER SCIENCE SA,2010
3026,10.1016/j.ica.2010.05.024,ELSEVIER SCIENCE SA,2010
3027,10.1016/j.ica.2010.05.026,ELSEVIER SCIENCE SA,2010
3028,10.1016/j.ica.2010.05.037,ELSEVIER SCIENCE SA,2010
3029,10.1016/j.ica.2010.05.038,ELSEVIER SCIENCE SA,2010
3030,10.1016/j.ica.2010.05.039,ELSEVIER SCIENCE SA,2010
3031,10.1016/j.ica.2010.05.054,ELSEVIER SCIENCE SA,2010
3032,10.1016/j.ica.2010.05.055,ELSEVIER SCIENCE SA,2010
3033,10.1016/j.ica.2010.07.023,ELSEVIER SCIENCE SA,2010
3034,10.1016/j.ica.2010.07.043,ELSEVIER SCIENCE SA,2010
3035,10.1016/j.ica.2010.07.047,ELSEVIER SCIENCE SA,2010
3036,10.1016/j.ica.2010.08.004,ELSEVIER SCIENCE SA,2010
3037,10.1016/j.ica.2010.08.007,ELSEVIER SCIENCE SA,2010
3038,10.1016/j.ica.2010.08.026,ELSEVIER SCIENCE SA,2011
3039,10.1016/j.ica.2010.09.001,ELSEVIER SCIENCE SA,2011
3040,10.1016/j.ica.2010.09.013,ELSEVIER SCIENCE SA,2011
3041,10.1016/j.ica.2010.09.034,ELSEVIER SCIENCE SA,2011
3042,10.1016/j.ica.2010.10.011,ELSEVIER SCIENCE SA,2011
3043,10.1016/j.ica.2010.10.015,ELSEVIER SCIENCE SA,2011
3044,10.1016/j.ica.2010.10.020,ELSEVIER SCIENCE SA,2011
3045,10.1016/j.ica.2010.12.017,ELSEVIER SCIENCE SA,2011
3046,10.1016/j.ica.2010.12.026,ELSEVIER SCIENCE SA,2011
3047,10.1016/j.ica.2010.12.053,ELSEVIER SCIENCE SA,2011
3048,10.1016/j.ica.2010.12.067,ELSEVIER SCIENCE SA,2011
3049,10.1016/j.ica.2011.01.005,ELSEVIER SCIENCE SA,2011
3050,10.1016/j.ica.2011.01.019,ELSEVIER SCIENCE SA,2011
3051,10.1016/j.ica.2011.01.037,ELSEVIER SCIENCE SA,2011
3052,10.1016/j.ica.2011.02.014,ELSEVIER SCIENCE SA,2011
3053,10.1016/j.ica.2011.02.016,ELSEVIER SCIENCE SA,2011
3054,10.1016/j.ica.2011.02.019,ELSEVIER SCIENCE SA,2011
3055,10.1016/j.ica.2011.02.083,ELSEVIER SCIENCE SA,2011
3056,10.1016/j.ica.2011.02.092,ELSEVIER SCIENCE SA,2011
3057,10.1016/j.ica.2011.03.049,ELSEVIER SCIENCE SA,2011
3058,10.1016/j.ica.2011.03.053,ELSEVIER SCIENCE SA,2011
3059,10.1016/j.ica.2011.03.072,ELSEVIER SCIENCE SA,2011
3060,10.1016/j.ica.2011.04.006,ELSEVIER SCIENCE SA,2011
3061,10.1016/j.ica.2011.04.023,ELSEVIER SCIENCE SA,2011
3062,10.1016/j.ica.2011.04.029,ELSEVIER SCIENCE SA,2011
3063,10.1016/j.ica.2011.05.029,ELSEVIER SCIENCE SA,2011
3064,10.1016/j.ica.2011.06.016,ELSEVIER SCIENCE SA,2011
3065,10.1016/j.ica.2011.06.020,ELSEVIER SCIENCE SA,2011
3066,10.1016/j.ica.2011.06.038,ELSEVIER SCIENCE SA,2011
3067,10.1016/j.ica.2011.06.040,ELSEVIER SCIENCE SA,2011
3068,10.1016/j.ica.2011.07.017,ELSEVIER SCIENCE SA,2011
3069,10.1016/j.ica.2011.08.009,ELSEVIER SCIENCE SA,2011
3070,10.1016/j.ica.2011.08.028,ELSEVIER SCIENCE SA,2011
3071,10.1016/j.ica.2011.08.069,ELSEVIER SCIENCE SA,2011
3072,10.1016/j.ica.2011.09.001,ELSEVIER SCIENCE SA,2011
3073,10.1016/j.ica.2011.09.008,ELSEVIER SCIENCE SA,2011
3074,10.1016/j.ica.2011.09.016,ELSEVIER SCIENCE SA,2011
3075,10.1016/j.ica.2011.09.049,ELSEVIER SCIENCE SA,2012
3076,10.1016/j.ica.2011.11.020,ELSEVIER SCIENCE SA,2012
3077,10.1016/j.ica.2011.11.028,ELSEVIER SCIENCE SA,2012
3078,10.1016/j.ica.2011.11.029,ELSEVIER SCIENCE SA,2012
3079,10.1016/j.ica.2011.11.044,ELSEVIER SCIENCE SA,2012
3080,10.1016/j.ica.2011.11.057,ELSEVIER SCIENCE SA,2012
3081,10.1016/j.ica.2011.11.061,ELSEVIER SCIENCE SA,2012
3082,10.1016/j.ica.2011.12.006,ELSEVIER SCIENCE SA,2012
3083,10.1016/j.ica.2011.12.017,ELSEVIER SCIENCE SA,2012
3084,10.1016/j.ica.2011.12.018,ELSEVIER SCIENCE SA,2012
3085,10.1016/j.ica.2011.12.027,ELSEVIER SCIENCE SA,2012
3086,10.1016/j.ica.2011.12.030,ELSEVIER SCIENCE SA,2012
3087,10.1016/j.ica.2011.12.037,ELSEVIER SCIENCE SA,2012
3088,10.1016/j.ica.2011.12.051,ELSEVIER SCIENCE SA,2012
3089,10.1016/j.ica.2012.01.011,ELSEVIER SCIENCE SA,2012
3090,10.1016/j.ica.2012.01.037,ELSEVIER SCIENCE SA,2012
3091,10.1016/j.ica.2012.01.041,ELSEVIER SCIENCE SA,2012
3092,10.1016/j.ica.2012.01.046,ELSEVIER SCIENCE SA,2012
3093,10.1016/j.ica.2012.01.056,ELSEVIER SCIENCE SA,2012
3094,10.1016/j.ica.2012.02.010,ELSEVIER SCIENCE SA,2012
3095,10.1016/j.ica.2012.02.014,ELSEVIER SCIENCE SA,2012
3096,10.1016/j.ica.2012.02.017,ELSEVIER SCIENCE SA,2012
3097,10.1016/j.ica.2012.02.029,ELSEVIER SCIENCE SA,2012
3098,10.1016/j.ica.2012.03.011,ELSEVIER SCIENCE SA,2012
3099,10.1016/j.ica.2012.03.035,ELSEVIER SCIENCE SA,2012
3100,10.1016/j.ica.2012.04.009,ELSEVIER SCIENCE SA,2012
3101,10.1016/j.ica.2012.04.039,ELSEVIER SCIENCE SA,2012
3102,10.1016/j.ica.2012.04.043,ELSEVIER SCIENCE SA,2012
3103,10.1016/j.ica.2012.04.044,ELSEVIER SCIENCE SA,2012
3104,10.1016/j.ica.2012.05.019,ELSEVIER SCIENCE SA,2012
3105,10.1016/j.ica.2012.05.031,ELSEVIER SCIENCE SA,2012
3106,10.1016/j.ica.2012.05.037,ELSEVIER SCIENCE SA,2012
3107,10.1016/j.ica.2012.05.039,ELSEVIER SCIENCE SA,2012
3108,10.1016/j.ica.2012.06.034,ELSEVIER SCIENCE SA,2012
3109,10.1016/j.ica.2012.06.035,ELSEVIER SCIENCE SA,2012
3110,10.1016/j.ica.2012.07.008,ELSEVIER SCIENCE SA,2013
3111,10.1016/j.ica.2012.07.010,ELSEVIER SCIENCE SA,2013
3112,10.1016/j.ica.2012.07.031,ELSEVIER SCIENCE SA,2013
3113,10.1016/j.ica.2012.07.033,ELSEVIER SCIENCE SA,2013
3114,10.1016/j.ica.2012.08.006,ELSEVIER SCIENCE SA,2013
3115,10.1016/j.ica.2012.08.011,ELSEVIER SCIENCE SA,2013
3116,10.1016/j.ica.2012.08.012,ELSEVIER SCIENCE SA,2013
3117,10.1016/j.ica.2012.08.027,ELSEVIER SCIENCE SA,2013
3118,10.1016/j.ica.2012.09.007,ELSEVIER SCIENCE SA,2013
3119,10.1016/j.ica.2012.10.022,ELSEVIER SCIENCE SA,2013
3120,10.1016/j.ica.2012.10.023,ELSEVIER SCIENCE SA,2013
3121,10.1016/j.ica.2012.10.034,ELSEVIER SCIENCE SA,2013
3122,10.1016/j.ica.2012.11.018,ELSEVIER SCIENCE SA,2013
3123,10.1016/j.ica.2012.11.019,ELSEVIER SCIENCE SA,2013
3124,10.1016/j.ica.2012.11.021,ELSEVIER SCIENCE SA,2013
3125,10.1016/j.ica.2012.12.033,ELSEVIER SCIENCE SA,2013
3126,10.1016/j.ica.2013.01.006,ELSEVIER SCIENCE SA,2013
3127,10.1016/j.ica.2013.01.029,ELSEVIER SCIENCE SA,2013
3128,10.1016/j.ica.2013.02.004,ELSEVIER SCIENCE SA,2013
3129,10.1016/j.ica.2013.02.016,ELSEVIER SCIENCE SA,2013
3130,10.1016/j.ica.2013.02.026,ELSEVIER SCIENCE SA,2013
3131,10.1016/j.ica.2013.02.031,ELSEVIER SCIENCE SA,2013
3132,10.1016/j.ica.2013.02.032,ELSEVIER SCIENCE SA,2013
3133,10.1016/j.ica.2013.03.003,ELSEVIER SCIENCE SA,2013
3134,10.1016/j.ica.2013.03.012,ELSEVIER SCIENCE SA,2013
3135,10.1016/j.ica.2013.03.029,ELSEVIER SCIENCE SA,2013
3136,10.1016/j.ica.2013.03.033,ELSEVIER SCIENCE SA,2013
3137,10.1016/j.ica.2013.03.041,ELSEVIER SCIENCE SA,2013
3138,10.1016/j.ica.2013.04.010,ELSEVIER SCIENCE SA,2013
3139,10.1016/j.ica.2013.04.012,ELSEVIER SCIENCE SA,2013
3140,10.1016/j.ica.2013.04.039,ELSEVIER SCIENCE SA,2013
3141,10.1016/j.ica.2013.05.004,ELSEVIER SCIENCE SA,2013
3142,10.1016/j.ica.2013.05.007,ELSEVIER SCIENCE SA,2013
3143,10.1016/j.ica.2013.05.010,ELSEVIER SCIENCE SA,2013
3144,10.1016/j.ica.2013.05.015,ELSEVIER SCIENCE SA,2013
3145,10.1016/j.ica.2013.05.016,ELSEVIER SCIENCE SA,2013
3146,10.1016/j.ica.2013.05.019,ELSEVIER SCIENCE SA,2013
3147,10.1016/j.ica.2013.05.037,ELSEVIER SCIENCE SA,2013
3148,10.1016/j.ica.2013.06.005,ELSEVIER SCIENCE SA,2013
3149,10.1016/j.ica.2013.06.013,ELSEVIER SCIENCE SA,2013
3150,10.1016/j.ica.2013.06.014,ELSEVIER SCIENCE SA,2013
3151,10.1016/j.ica.2013.06.024,ELSEVIER SCIENCE SA,2013
3152,10.1016/j.ica.2013.07.013,ELSEVIER SCIENCE SA,2013
3153,10.1016/j.ica.2013.07.050,ELSEVIER SCIENCE SA,2013
3154,10.1016/j.ica.2013.07.059,ELSEVIER SCIENCE SA,2013
3155,10.1016/j.ica.2013.09.007,ELSEVIER SCIENCE SA,2013
3156,10.1016/j.ica.2013.09.041,ELSEVIER SCIENCE SA,2014
3157,10.1016/j.ica.2013.10.018,ELSEVIER SCIENCE SA,2014
3158,10.1016/j.ica.2013.10.034,ELSEVIER SCIENCE SA,2014
3159,10.1016/j.ica.2013.11.007,ELSEVIER SCIENCE SA,2014
3160,10.1016/j.ica.2013.11.014,ELSEVIER SCIENCE SA,2014
3161,10.1016/j.ica.2013.11.016,ELSEVIER SCIENCE SA,2014
3162,10.1016/j.ica.2013.12.002,ELSEVIER SCIENCE SA,2014
3163,10.1016/j.ica.2013.12.016,ELSEVIER SCIENCE SA,2014
3164,10.1016/j.ica.2013.12.035,ELSEVIER SCIENCE SA,2014
3165,10.1016/j.ica.2013.12.037,ELSEVIER SCIENCE SA,2014
3166,10.1016/j.ica.2014.01.014,ELSEVIER SCIENCE SA,2014
3167,10.1016/j.ica.2014.01.037,ELSEVIER SCIENCE SA,2014
3168,10.1016/j.ica.2014.02.001,ELSEVIER SCIENCE SA,2014
3169,10.1016/j.ica.2014.02.014,ELSEVIER SCIENCE SA,2014
3170,10.1016/j.ica.2014.03.019,ELSEVIER SCIENCE SA,2014
3171,10.1016/j.ica.2014.03.022,ELSEVIER SCIENCE SA,2014
3172,10.1016/j.ica.2014.04.009,ELSEVIER SCIENCE SA,2014
3173,10.1016/j.ica.2014.04.038,ELSEVIER SCIENCE SA,2014
3174,10.1016/j.ica.2014.05.028,ELSEVIER SCIENCE SA,2014
3175,10.1016/j.ica.2014.05.032,ELSEVIER SCIENCE SA,2014
3176,10.1016/j.ica.2014.06.006,ELSEVIER SCIENCE SA,2014
3177,10.1016/j.ica.2014.07.041,ELSEVIER SCIENCE SA,2014
3178,10.1016/j.ica.2014.07.051,ELSEVIER SCIENCE SA,2014
3179,10.1016/j.ica.2014.07.063,ELSEVIER SCIENCE SA,2015
3180,10.1016/j.ica.2014.07.075,ELSEVIER SCIENCE SA,2014
3181,10.1016/j.ica.2014.07.077,ELSEVIER SCIENCE SA,2014
3182,10.1016/j.ica.2014.08.009,ELSEVIER SCIENCE SA,2014
3183,10.1016/j.ica.2014.08.043,ELSEVIER SCIENCE SA,2015
3184,10.1016/j.ica.2014.08.053,ELSEVIER SCIENCE SA,2015
3185,10.1016/j.ica.2014.09.025,ELSEVIER SCIENCE SA,2015
3186,10.1016/j.ica.2014.10.008,ELSEVIER SCIENCE SA,2015
3187,10.1016/j.ica.2014.11.013,ELSEVIER SCIENCE SA,2015
3188,10.1016/j.ica.2014.11.039,ELSEVIER SCIENCE SA,2015
3189,10.1016/j.ica.2014.12.002,ELSEVIER SCIENCE SA,2015
3190,10.1016/j.ica.2014.12.007,ELSEVIER SCIENCE SA,2015
3191,10.1016/j.ica.2014.12.010,ELSEVIER SCIENCE SA,2015
3192,10.1016/j.ica.2014.12.036,ELSEVIER SCIENCE SA,2015
3193,10.1016/j.ica.2015.01.004,ELSEVIER SCIENCE SA,2015
3194,10.1016/j.ica.2015.01.015,ELSEVIER SCIENCE SA,2015
3195,10.1016/j.ica.2015.01.018,ELSEVIER SCIENCE SA,2015
3196,10.1016/j.ica.2015.01.024,ELSEVIER SCIENCE SA,2015
3197,10.1016/j.ica.2015.01.035,ELSEVIER SCIENCE SA,2015
3198,10.1016/j.ica.2015.02.010,ELSEVIER SCIENCE SA,2015
3199,10.1016/j.ica.2015.02.017,ELSEVIER SCIENCE SA,2015
3200,10.1016/j.ica.2015.03.011,ELSEVIER SCIENCE SA,2015
3201,10.1016/j.ica.2015.03.025,ELSEVIER SCIENCE SA,2015
3202,10.1016/j.ica.2015.03.035,ELSEVIER SCIENCE SA,2015
3203,10.1016/j.ica.2015.03.043,ELSEVIER SCIENCE SA,2015
3204,10.1016/j.ica.2015.04.022,ELSEVIER SCIENCE SA,2015
3205,10.1016/j.ica.2015.04.030,ELSEVIER SCIENCE SA,2015
3206,10.1016/j.ica.2015.05.018,ELSEVIER SCIENCE SA,2015
3207,10.1016/j.ica.2015.05.021,ELSEVIER SCIENCE SA,2015
3208,10.1016/j.ica.2015.06.006,ELSEVIER SCIENCE SA,2015
3209,10.1016/j.ica.2015.06.016,ELSEVIER SCIENCE SA,2015
3210,10.1016/j.ica.2015.07.006,ELSEVIER SCIENCE SA,2015
3211,10.1016/j.ica.2015.07.045,ELSEVIER SCIENCE SA,2015
3212,10.1016/j.ica.2015.08.015,ELSEVIER SCIENCE SA,2015
3213,10.1016/j.ica.2015.08.033,ELSEVIER SCIENCE SA,2015
3214,10.1016/j.ica.2015.10.016,ELSEVIER SCIENCE SA,2016
3215,10.1016/j.ica.2015.10.025,ELSEVIER SCIENCE SA,2016
3216,10.1016/j.ica.2015.10.036,ELSEVIER SCIENCE SA,2016
3217,10.1016/j.ica.2015.11.007,ELSEVIER SCIENCE SA,2016
3218,10.1016/j.ica.2015.12.010,ELSEVIER SCIENCE SA,2016
3219,10.1016/j.ica.2016.01.001,ELSEVIER SCIENCE SA,2016
3220,10.1016/j.ica.2016.01.032,ELSEVIER SCIENCE SA,2016
3221,10.1016/j.ica.2016.02.001,ELSEVIER SCIENCE SA,2016
3222,10.1016/j.ica.2016.03.009,ELSEVIER SCIENCE SA,2016
3223,10.1016/j.ica.2016.03.010,ELSEVIER SCIENCE SA,2016
3224,10.1016/j.ica.2016.03.015,ELSEVIER SCIENCE SA,2016
3225,10.1016/j.ica.2016.03.029,ELSEVIER SCIENCE SA,2016
3226,10.1016/j.ica.2016.03.045,ELSEVIER SCIENCE SA,2016
3227,10.1016/j.ica.2016.03.048,ELSEVIER SCIENCE SA,2016
3228,10.1016/j.ica.2016.04.049,ELSEVIER SCIENCE SA,2016
3229,10.1016/j.ica.2016.05.002,ELSEVIER SCIENCE SA,2016
3230,10.1016/j.ica.2016.05.024,ELSEVIER SCIENCE SA,2016
3231,10.1016/j.ica.2016.05.029,ELSEVIER SCIENCE SA,2017
3232,10.1016/j.ica.2016.05.042,ELSEVIER SCIENCE SA,2016
3233,10.1016/j.ica.2016.05.051,ELSEVIER SCIENCE SA,2016
3234,10.1016/j.ica.2016.06.009,ELSEVIER SCIENCE SA,2016
3235,10.1016/j.ica.2016.06.011,ELSEVIER SCIENCE SA,2016
3236,10.1016/j.ica.2016.06.042,ELSEVIER SCIENCE SA,2016
3237,10.1016/j.ica.2016.07.001,ELSEVIER SCIENCE SA,2016
3238,10.1016/j.ica.2016.07.008,ELSEVIER SCIENCE SA,2016
3239,10.1016/j.ica.2016.07.022,ELSEVIER SCIENCE SA,2017
3240,10.1016/j.ica.2016.07.049,ELSEVIER SCIENCE SA,2016
3241,10.1016/j.ica.2016.07.051,ELSEVIER SCIENCE SA,2016
3242,10.1016/j.ica.2016.08.001,ELSEVIER SCIENCE SA,2016
3243,10.1016/j.ica.2016.08.005,ELSEVIER SCIENCE SA,2016
3244,10.1016/j.ica.2016.09.016,ELSEVIER SCIENCE SA,2016
3245,10.1016/j.ica.2016.09.037,ELSEVIER SCIENCE SA,2017
3246,10.1016/j.ica.2016.09.044,ELSEVIER SCIENCE SA,2016
3247,10.1016/j.ica.2016.09.046,ELSEVIER SCIENCE SA,2017
3248,10.1016/j.ica.2016.10.012,ELSEVIER SCIENCE SA,2017
3249,10.1016/j.ica.2016.10.016,ELSEVIER SCIENCE SA,2017
3250,10.1016/j.ica.2016.10.021,ELSEVIER SCIENCE SA,2017
3251,10.1016/j.ica.2016.12.021,ELSEVIER SCIENCE SA,2017
3252,10.1016/j.ica.2017.01.004,ELSEVIER SCIENCE SA,2017
3253,10.1016/j.ica.2017.01.026,ELSEVIER SCIENCE SA,2017
3254,10.1016/j.ica.2017.02.012,ELSEVIER SCIENCE SA,2017
3255,10.1016/j.ica.2017.02.021,ELSEVIER SCIENCE SA,2017
3256,10.1016/j.ica.2017.02.033,ELSEVIER SCIENCE SA,2017
3257,10.1016/j.ica.2017.03.023,ELSEVIER SCIENCE SA,2017
3258,10.1016/j.ica.2017.03.039,ELSEVIER SCIENCE SA,2017
3259,10.1016/j.ica.2017.03.042,ELSEVIER SCIENCE SA,2017
3260,10.1016/j.ica.2017.04.056,ELSEVIER SCIENCE SA,2017
3261,10.1016/j.ica.2017.05.062,ELSEVIER SCIENCE SA,2017
3262,10.1016/j.ica.2017.05.066,ELSEVIER SCIENCE SA,2017
3263,10.1016/j.ica.2017.06.029,ELSEVIER SCIENCE SA,2018
3264,10.1016/j.ica.2017.06.048,ELSEVIER SCIENCE SA,2018
3265,10.1016/j.ica.2017.07.025,ELSEVIER SCIENCE SA,2018
3266,10.1016/j.ica.2017.07.038,ELSEVIER SCIENCE SA,2017
3267,10.1016/j.ica.2017.07.057,ELSEVIER SCIENCE SA,2017
3268,10.1016/j.ica.2017.08.013,ELSEVIER SCIENCE SA,2018
3269,10.1016/j.ica.2017.08.019,ELSEVIER SCIENCE SA,2017
3270,10.1016/j.ica.2017.08.030,ELSEVIER SCIENCE SA,2017
3271,10.1016/j.ica.2017.08.054,ELSEVIER SCIENCE SA,2018
3272,10.1016/j.ica.2017.08.055,ELSEVIER SCIENCE SA,2018
3273,10.1016/j.ica.2017.08.063,ELSEVIER SCIENCE SA,2018
3274,10.1016/j.ica.2017.09.012,ELSEVIER SCIENCE SA,2018
3275,10.1016/j.ica.2017.09.019,ELSEVIER SCIENCE SA,2018
3276,10.1016/j.ica.2017.09.026,ELSEVIER SCIENCE SA,2018
3277,10.1016/j.ica.2017.09.047,ELSEVIER SCIENCE SA,2018
3278,10.1016/j.ica.2017.10.001,ELSEVIER SCIENCE SA,2018
3279,10.1016/j.ica.2017.10.015,ELSEVIER SCIENCE SA,2018
3280,10.1016/j.ica.2017.10.029,ELSEVIER SCIENCE SA,2018
3281,10.1016/j.ica.2017.10.034,ELSEVIER SCIENCE SA,2018
3282,10.1016/j.ica.2017.11.008,ELSEVIER SCIENCE SA,2018
3283,10.1016/j.ica.2017.11.030,ELSEVIER SCIENCE SA,2018
3284,10.1016/j.ica.2017.11.032,ELSEVIER SCIENCE SA,2018
3285,10.1016/j.ica.2017.11.033,ELSEVIER SCIENCE SA,2018
3286,10.1016/j.ica.2017.11.045,ELSEVIER SCIENCE SA,2018
3287,10.1016/j.ica.2017.11.046,ELSEVIER SCIENCE SA,2018
3288,10.1016/j.ica.2017.11.048,ELSEVIER SCIENCE SA,2018
3289,10.1016/j.ica.2017.11.053,ELSEVIER SCIENCE SA,2018
3290,10.1016/j.ica.2017.12.036,ELSEVIER SCIENCE SA,2018
3291,10.1016/j.ica.2018.01.025,ELSEVIER SCIENCE SA,2018
3292,10.1016/j.ica.2018.03.014,ELSEVIER SCIENCE SA,2018
3293,10.1016/j.ica.2018.03.021,ELSEVIER SCIENCE SA,2018
3294,10.1016/j.ica.2018.04.005,ELSEVIER SCIENCE SA,2018
3295,10.1016/j.ica.2018.04.014,ELSEVIER SCIENCE SA,2018
3296,10.1016/j.ica.2018.04.049,ELSEVIER SCIENCE SA,2018
3297,10.1016/j.ica.2018.05.002,ELSEVIER SCIENCE SA,2018
3298,10.1016/j.ica.2018.05.008,ELSEVIER SCIENCE SA,2018
3299,10.1016/j.ica.2018.05.011,ELSEVIER SCIENCE SA,2018
3300,10.1016/j.ica.2018.05.023,ELSEVIER SCIENCE SA,2018
3301,10.1016/j.ica.2018.05.024,ELSEVIER SCIENCE SA,2018
3302,10.1016/j.ica.2018.05.028,ELSEVIER SCIENCE SA,2018
3303,10.1016/j.ica.2018.05.029,ELSEVIER SCIENCE SA,2018
3304,10.1016/j.ica.2018.06.027,ELSEVIER SCIENCE SA,2018
3305,10.1016/j.ica.2018.06.034,ELSEVIER SCIENCE SA,2018
3306,10.1016/j.ica.2018.06.038,ELSEVIER SCIENCE SA,2018
3307,10.1016/j.ica.2018.06.044,ELSEVIER SCIENCE SA,2018
3308,10.1016/j.ica.2018.07.016,ELSEVIER SCIENCE SA,2018
3309,10.1016/j.ica.2018.07.017,ELSEVIER SCIENCE SA,2018
3310,10.1016/j.ica.2018.07.030,ELSEVIER SCIENCE SA,2018
3311,10.1016/j.ica.2018.07.031,ELSEVIER SCIENCE SA,2018
3312,10.1016/j.ica.2018.07.047,ELSEVIER SCIENCE SA,2018
3313,10.1016/j.ica.2018.07.054,ELSEVIER SCIENCE SA,2018
3314,10.1016/j.ica.2018.08.018,ELSEVIER SCIENCE SA,2018
3315,10.1016/j.ica.2018.08.019,ELSEVIER SCIENCE SA,2018
3316,10.1016/j.ica.2018.09.025,ELSEVIER SCIENCE SA,2019
3317,10.1016/j.ica.2018.09.076,ELSEVIER SCIENCE SA,2019
3318,10.1016/j.ica.2018.09.083,ELSEVIER SCIENCE SA,2019
3319,10.1016/j.ica.2018.10.002,ELSEVIER SCIENCE SA,2019
3320,10.1016/j.ica.2018.10.014,ELSEVIER SCIENCE SA,2019
3321,10.1016/j.ica.2018.10.029,ELSEVIER SCIENCE SA,2019
3322,10.1016/j.ica.2018.10.042,ELSEVIER SCIENCE SA,2019
3323,10.1016/j.ica.2018.10.052,ELSEVIER SCIENCE SA,2019
3324,10.1016/j.ica.2018.10.055,ELSEVIER SCIENCE SA,2019
3325,10.1016/j.ica.2018.11.028,ELSEVIER SCIENCE SA,2019
3326,10.1016/j.ica.2018.12.037,ELSEVIER SCIENCE SA,2019
3327,10.1016/j.ica.2018.12.039,ELSEVIER SCIENCE SA,2019
3328,10.1016/j.ica.2018.12.054,ELSEVIER SCIENCE SA,2019
3329,10.1016/j.ica.2019.01.004,ELSEVIER SCIENCE SA,2019
3330,10.1016/j.ica.2019.01.031,ELSEVIER SCIENCE SA,2019
3331,10.1016/j.ica.2019.03.012,ELSEVIER SCIENCE SA,2019
3332,10.1016/j.ica.2019.03.033,ELSEVIER SCIENCE SA,2019
3333,10.1016/j.ica.2019.03.034,ELSEVIER SCIENCE SA,2019
3334,10.1016/j.ica.2019.04.020,ELSEVIER SCIENCE SA,2019
3335,10.1016/j.ica.2019.04.026,ELSEVIER SCIENCE SA,2019
3336,10.1016/j.ica.2019.04.042,ELSEVIER SCIENCE SA,2019
3337,10.1016/j.ica.2019.04.047,ELSEVIER SCIENCE SA,2019
3338,10.1016/j.ica.2019.05.002,ELSEVIER SCIENCE SA,2019
3339,10.1016/j.ica.2019.05.005,ELSEVIER SCIENCE SA,2019
3340,10.1016/j.ica.2019.118967,ELSEVIER SCIENCE SA,2019
3341,10.1016/j.ica.2019.119024,ELSEVIER SCIENCE SA,2019
3342,10.1016/j.ica.2019.119032,ELSEVIER SCIENCE SA,2019
3343,10.1016/j.ica.2019.119034,ELSEVIER SCIENCE SA,2019
3344,10.1016/j.ica.2019.119035,ELSEVIER SCIENCE SA,2019
3345,10.1016/j.ica.2019.119036,ELSEVIER SCIENCE SA,2019
3346,10.1016/j.ica.2019.119042,ELSEVIER SCIENCE SA,2019
3347,10.1016/j.ica.2019.119076,ELSEVIER SCIENCE SA,2019
3348,10.1016/j.ica.2019.119083,ELSEVIER SCIENCE SA,2019
3349,10.1016/j.ica.2019.119096,ELSEVIER SCIENCE SA,2019
3350,10.1016/j.ica.2019.119134,ELSEVIER SCIENCE SA,2019
3351,10.1016/j.ica.2019.119166,ELSEVIER SCIENCE SA,2019
3352,10.1016/j.ica.2019.119219,ELSEVIER SCIENCE SA,2020
3353,10.1016/j.ica.2019.119229,ELSEVIER SCIENCE SA,2020
3354,10.1016/j.ica.2019.119236,ELSEVIER SCIENCE SA,2020
3355,10.1016/j.ica.2019.119240,ELSEVIER SCIENCE SA,2020
3356,10.1016/j.ica.2019.119296,ELSEVIER SCIENCE SA,2020
3357,10.1016/j.ica.2019.119304,ELSEVIER SCIENCE SA,2020
3358,10.1016/j.ica.2019.119334,ELSEVIER SCIENCE SA,2020
3359,10.1016/j.ica.2019.119343,ELSEVIER SCIENCE SA,2020
3360,10.1016/j.ica.2019.119351,ELSEVIER SCIENCE SA,2020
3361,10.1016/j.ica.2019.119352,ELSEVIER SCIENCE SA,2020
3362,10.1016/j.ica.2019.119376,ELSEVIER SCIENCE SA,2020
3363,10.1016/j.ica.2019.119406,ELSEVIER SCIENCE SA,2020
3364,10.1016/j.ica.2020.119412,ELSEVIER SCIENCE SA,2020
3365,10.1016/j.ica.2020.119500,ELSEVIER SCIENCE SA,2020
3366,10.1016/j.ica.2020.119517,ELSEVIER SCIENCE SA,2020
3367,10.1016/j.ica.2020.119540,ELSEVIER SCIENCE SA,2020
3368,10.1016/j.ica.2020.119556,ELSEVIER SCIENCE SA,2020
3369,10.1016/j.ica.2020.119563,ELSEVIER SCIENCE SA,2020
3370,10.1016/j.ica.2020.119591,ELSEVIER SCIENCE SA,2020
3371,10.1016/j.ica.2020.119593,ELSEVIER SCIENCE SA,2020
3372,10.1016/j.ica.2020.119597,ELSEVIER SCIENCE SA,2020
3373,10.1016/j.ica.2020.119600,ELSEVIER SCIENCE SA,2020
3374,10.1016/j.ica.2020.119636,ELSEVIER SCIENCE SA,2020
3375,10.1016/j.ica.2020.119739,ELSEVIER SCIENCE SA,2020
3376,10.1016/j.ica.2020.119791,ELSEVIER SCIENCE SA,2020
3377,10.1016/j.ica.2020.119802,ELSEVIER SCIENCE SA,2020
3378,10.1016/j.ica.2020.119846,ELSEVIER SCIENCE SA,2020
3379,10.1016/j.ica.2020.119852,ELSEVIER SCIENCE SA,2020
3380,10.1016/j.ica.2020.119872,ELSEVIER SCIENCE SA,2020
3381,10.1016/j.ica.2020.119877,ELSEVIER SCIENCE SA,2020
3382,10.1016/j.ica.2020.119891,ELSEVIER SCIENCE SA,2020
3383,10.1016/j.ica.2020.119930,ELSEVIER SCIENCE SA,2020
3384,10.1016/j.ica.2020.119931,ELSEVIER SCIENCE SA,2020
3385,10.1016/j.ica.2020.119987,ELSEVIER SCIENCE SA,2021
3386,10.1016/j.ica.2020.119995,ELSEVIER SCIENCE SA,2021
3387,10.1016/j.ica.2020.120011,ELSEVIER SCIENCE SA,2021
3388,10.1016/j.ica.2020.120025,ELSEVIER SCIENCE SA,2021
3389,10.1016/j.ica.2020.120035,ELSEVIER SCIENCE SA,2021
3390,10.1016/j.ica.2020.120048,ELSEVIER SCIENCE SA,2021
3391,10.1016/j.ica.2020.120063,ELSEVIER SCIENCE SA,2021
3392,10.1016/j.ica.2020.120064,ELSEVIER SCIENCE SA,2021
3393,10.1016/j.ica.2020.120132,ELSEVIER SCIENCE SA,2021
3394,10.1016/j.ica.2020.120182,ELSEVIER SCIENCE SA,2021
3395,10.1016/j.ica.2020.120193,ELSEVIER SCIENCE SA,2021
3396,10.1016/j.ica.2020.120216,ELSEVIER SCIENCE SA,2021
3397,10.1016/j.ica.2020.120235,ELSEVIER SCIENCE SA,2021
3398,10.1016/j.ica.2021.120320,ELSEVIER SCIENCE SA,2021
3399,10.1016/j.ica.2021.120346,ELSEVIER SCIENCE SA,2021
3400,10.1016/j.ica.2021.120384,ELSEVIER SCIENCE SA,2021
3401,10.1016/j.ica.2021.120462,ELSEVIER SCIENCE SA,2021
3402,10.1016/j.ica.2021.120494,ELSEVIER SCIENCE SA,2021
3403,10.1016/j.ica.2021.120505,ELSEVIER SCIENCE SA,2021
3404,10.1016/j.ica.2021.120512,ELSEVIER SCIENCE SA,2021
3405,10.1016/j.ica.2021.120540,ELSEVIER SCIENCE SA,2021
3406,10.1016/j.ica.2021.120561,ELSEVIER SCIENCE SA,2021
3407,10.1016/j.ica.2021.120596,ELSEVIER SCIENCE SA,2021
3408,10.1016/j.ica.2021.120703,ELSEVIER SCIENCE SA,2022
3409,10.1016/j.ica.2021.120712,ELSEVIER SCIENCE SA,2022
3410,10.1016/j.ica.2021.120774,ELSEVIER SCIENCE SA,2022
3411,10.1016/j.ica.2021.120784,ELSEVIER SCIENCE SA,2022
3412,10.1016/j.ica.2021.120788,ELSEVIER SCIENCE SA,2022
3413,10.1016/j.ica.2022.120853,ELSEVIER SCIENCE SA,2022
3414,10.1016/j.ica.2022.120894,ELSEVIER SCIENCE SA,2022
3415,10.1016/j.ica.2022.120923,ELSEVIER SCIENCE SA,2022
3416,10.1016/j.ica.2022.120930,ELSEVIER SCIENCE SA,2022
3417,10.1016/j.ica.2022.120979,ELSEVIER SCIENCE SA,2022
3418,10.1016/j.ica.2022.120993,ELSEVIER SCIENCE SA,2022
3419,10.1016/j.ica.2022.121026,ELSEVIER SCIENCE SA,2022
3420,10.1016/j.ica.2022.121063,ELSEVIER SCIENCE SA,2022
3421,10.1016/j.ica.2022.121064,ELSEVIER SCIENCE SA,2022
3422,10.1016/j.ica.2022.121101,ELSEVIER SCIENCE SA,2022
3423,10.1016/j.ica.2022.121102,ELSEVIER SCIENCE SA,2022
3424,10.1016/j.ica.2022.121112,ELSEVIER SCIENCE SA,2022
3425,10.1016/j.ica.2022.121125,ELSEVIER SCIENCE SA,2022
3426,10.1016/j.ica.2022.121181,ELSEVIER SCIENCE SA,2022
3427,10.1016/j.ica.2022.121204,ELSEVIER SCIENCE SA,2022
3428,10.1016/j.ica.2022.121208,ELSEVIER SCIENCE SA,2023
3429,10.1016/j.ica.2022.121227,ELSEVIER SCIENCE SA,2023
3430,10.1016/j.ica.2022.121248,ELSEVIER SCIENCE SA,2023
3431,10.1016/j.ica.2022.121297,ELSEVIER SCIENCE SA,2023
3432,10.1016/j.ica.2022.121299,ELSEVIER SCIENCE SA,2023
3433,10.1016/j.ica.2022.121317,ELSEVIER SCIENCE SA,2023
3434,10.1016/j.ica.2023.121525,ELSEVIER SCIENCE SA,2023
3435,10.1016/j.ica.2023.121546,ELSEVIER SCIENCE SA,2023
3436,10.1016/j.ica.2023.121641,ELSEVIER SCIENCE SA,2023
3437,10.1016/j.ica.2023.121710,ELSEVIER SCIENCE SA,2023
3438,10.1016/j.ica.2023.121759,ELSEVIER SCIENCE SA,2023
3439,10.1016/j.ica.2023.121801,ELSEVIER SCIENCE SA,2024
3440,10.1016/j.ica.2023.121836,ELSEVIER SCIENCE SA,2024
3441,10.1016/j.ica.2024.121964,ELSEVIER SCIENCE SA,2024
3442,10.1016/j.ica.2024.121974,ELSEVIER SCIENCE SA,2024
3443,10.1016/j.ica.2024.121978,ELSEVIER SCIENCE SA,2024
3444,10.1016/j.ica.2024.121989,ELSEVIER SCIENCE SA,2024
3445,10.1016/j.ica.2024.121993,ELSEVIER SCIENCE SA,2024
3446,10.1016/j.ica.2024.121994,ELSEVIER SCIENCE SA,2024
3447,10.1016/j.ica.2024.122002,ELSEVIER SCIENCE SA,2024
3448,10.1016/j.ica.2024.122072,ELSEVIER SCIENCE SA,2024
3449,10.1016/j.ica.2024.122073,ELSEVIER SCIENCE SA,2024
3450,10.1016/j.ica.2024.122075,ELSEVIER SCIENCE SA,2024
3451,10.1016/j.ica.2024.122132,ELSEVIER SCIENCE SA,2024
3452,10.1016/j.ica.2024.122188,ELSEVIER SCIENCE SA,2024
3453,10.1016/j.ica.2024.122224,ELSEVIER SCIENCE SA,2024
3454,10.1016/j.ica.2024.122282,ELSEVIER SCIENCE SA,2024
3455,10.1016/j.ica.2024.122288,ELSEVIER SCIENCE SA,2024
3456,10.1016/j.ica.2024.122290,ELSEVIER SCIENCE SA,2024
3457,10.1016/j.ica.2024.122297,ELSEVIER SCIENCE SA,2024
3458,10.1016/j.ica.2024.122435,ELSEVIER SCIENCE SA,2025
3459,10.1016/j.ica.2025.122592,ELSEVIER SCIENCE SA,2025
3460,10.1016/j.ica.2025.122654,ELSEVIER SCIENCE SA,2025
3461,10.1016/j.ica.2025.122695,ELSEVIER SCIENCE SA,2025
3462,10.1016/j.ica.2025.122746,ELSEVIER SCIENCE SA,2025
3463,10.1016/j.ica.2025.122799,ELSEVIER SCIENCE SA,2025
3464,10.1016/j.ijbiomac.2021.04.092,ELSEVIER,2021
3465,10.1016/j.ijbiomac.2021.09.033,ELSEVIER,2021
3466,10.1016/j.ijbiomac.2023.123665,ELSEVIER,2023
3467,10.1016/j.ijbiomac.2023.124426,ELSEVIER,2023
3468,10.1016/j.ijbiomac.2023.124627,ELSEVIER,2023
3469,10.1016/j.ijbiomac.2023.124806,ELSEVIER,2023
3470,10.1016/j.ijbiomac.2023.126363,ELSEVIER,2023
3471,10.1016/j.ijbiomac.2023.128187,ELSEVIER,2024
3472,10.1016/j.ijbiomac.2023.128424,ELSEVIER,2024
3473,10.1016/j.ijbiomac.2024.129854,ELSEVIER,2024
3474,10.1016/j.ijbiomac.2024.130021,ELSEVIER,2024
3475,10.1016/j.ijbiomac.2024.131584,ELSEVIER,2024
3476,10.1016/j.ijbiomac.2024.134767,ELSEVIER,2024
3477,10.1016/j.ijbiomac.2024.136526,ELSEVIER,2024
3478,10.1016/j.ijbiomac.2024.136648,ELSEVIER,2024
3479,10.1016/j.ijbiomac.2024.137689,ELSEVIER,2024
3480,10.1016/j.ijbiomac.2024.137715,ELSEVIER,2024
3481,10.1016/j.ijbiomac.2025.140027,ELSEVIER,2025
3482,10.1016/j.ijhydene.2008.09.053,PERGAMON-ELSEVIER SCIENCE LTD,2008
3483,10.1016/j.ijhydene.2008.11.048,PERGAMON-ELSEVIER SCIENCE LTD,2009
3484,10.1016/j.ijhydene.2009.01.082,PERGAMON-ELSEVIER SCIENCE LTD,2009
3485,10.1016/j.ijhydene.2010.04.066,PERGAMON-ELSEVIER SCIENCE LTD,2010
3486,10.1016/j.ijhydene.2010.12.043,PERGAMON-ELSEVIER SCIENCE LTD,2011
3487,10.1016/j.ijhydene.2011.03.109,PERGAMON-ELSEVIER SCIENCE LTD,2011
3488,10.1016/j.ijhydene.2011.12.072,PERGAMON-ELSEVIER SCIENCE LTD,2012
3489,10.1016/j.ijhydene.2012.04.105,PERGAMON-ELSEVIER SCIENCE LTD,2012
3490,10.1016/j.ijhydene.2013.01.163,PERGAMON-ELSEVIER SCIENCE LTD,2013
3491,10.1016/j.ijhydene.2013.02.040,PERGAMON-ELSEVIER SCIENCE LTD,2013
3492,10.1016/j.ijhydene.2013.03.044,PERGAMON-ELSEVIER SCIENCE LTD,2013
3493,10.1016/j.ijhydene.2013.10.087,PERGAMON-ELSEVIER SCIENCE LTD,2014
3494,10.1016/j.ijhydene.2013.11.052,PERGAMON-ELSEVIER SCIENCE LTD,2014
3495,10.1016/j.ijhydene.2014.06.019,PERGAMON-ELSEVIER SCIENCE LTD,2014
3496,10.1016/j.ijhydene.2015.05.088,PERGAMON-ELSEVIER SCIENCE LTD,2015
3497,10.1016/j.ijhydene.2015.06.109,PERGAMON-ELSEVIER SCIENCE LTD,2015
3498,10.1016/j.ijhydene.2016.08.040,PERGAMON-ELSEVIER SCIENCE LTD,2016
3499,10.1016/j.ijhydene.2016.08.153,PERGAMON-ELSEVIER SCIENCE LTD,2017
3500,10.1016/j.ijhydene.2017.01.195,PERGAMON-ELSEVIER SCIENCE LTD,2017
3501,10.1016/j.ijhydene.2017.02.192,PERGAMON-ELSEVIER SCIENCE LTD,2017
3502,10.1016/j.ijhydene.2017.04.059,PERGAMON-ELSEVIER SCIENCE LTD,2017
3503,10.1016/j.ijhydene.2017.09.081,PERGAMON-ELSEVIER SCIENCE LTD,2017
3504,10.1016/j.ijhydene.2017.12.070,PERGAMON-ELSEVIER SCIENCE LTD,2018
3505,10.1016/j.ijhydene.2018.02.089,PERGAMON-ELSEVIER SCIENCE LTD,2018
3506,10.1016/j.ijhydene.2018.03.151,PERGAMON-ELSEVIER SCIENCE LTD,2019
3507,10.1016/j.ijhydene.2018.06.106,PERGAMON-ELSEVIER SCIENCE LTD,2018
3508,10.1016/j.ijhydene.2019.01.224,PERGAMON-ELSEVIER SCIENCE LTD,2019
3509,10.1016/j.ijhydene.2019.05.083,PERGAMON-ELSEVIER SCIENCE LTD,2019
3510,10.1016/j.ijhydene.2019.08.116,PERGAMON-ELSEVIER SCIENCE LTD,2019
3511,10.1016/j.ijhydene.2019.10.230,PERGAMON-ELSEVIER SCIENCE LTD,2020
3512,10.1016/j.ijhydene.2020.02.202,PERGAMON-ELSEVIER SCIENCE LTD,2020
3513,10.1016/j.ijhydene.2020.05.223,PERGAMON-ELSEVIER SCIENCE LTD,2020
3514,10.1016/j.ijhydene.2020.08.100,PERGAMON-ELSEVIER SCIENCE LTD,2020
3515,10.1016/j.ijhydene.2020.10.014,PERGAMON-ELSEVIER SCIENCE LTD,2021
3516,10.1016/j.ijhydene.2020.12.181,PERGAMON-ELSEVIER SCIENCE LTD,2021
3517,10.1016/j.ijhydene.2021.01.114,PERGAMON-ELSEVIER SCIENCE LTD,2021
3518,10.1016/j.ijhydene.2021.06.026,PERGAMON-ELSEVIER SCIENCE LTD,2021
3519,10.1016/j.ijhydene.2021.09.191,PERGAMON-ELSEVIER SCIENCE LTD,2021
3520,10.1016/j.ijhydene.2021.10.109,PERGAMON-ELSEVIER SCIENCE LTD,2022
3521,10.1016/j.ijhydene.2022.04.120,PERGAMON-ELSEVIER SCIENCE LTD,2022
3522,10.1016/j.ijhydene.2022.09.128,PERGAMON-ELSEVIER SCIENCE LTD,2022
3523,10.1016/j.ijhydene.2022.09.166,PERGAMON-ELSEVIER SCIENCE LTD,2022
3524,10.1016/j.ijhydene.2022.11.026,PERGAMON-ELSEVIER SCIENCE LTD,2023
3525,10.1016/j.ijhydene.2022.12.254,PERGAMON-ELSEVIER SCIENCE LTD,2023
3526,10.1016/j.ijhydene.2023.05.357,PERGAMON-ELSEVIER SCIENCE LTD,2023
3527,10.1016/j.ijhydene.2023.06.298,PERGAMON-ELSEVIER SCIENCE LTD,2024
3528,10.1016/j.ijhydene.2023.09.289,PERGAMON-ELSEVIER SCIENCE LTD,2024
3529,10.1016/j.ijhydene.2024.06.126,PERGAMON-ELSEVIER SCIENCE LTD,2024
3530,10.1016/j.ijhydene.2024.06.163,PERGAMON-ELSEVIER SCIENCE LTD,2024
3531,10.1016/j.ijhydene.2024.06.416,PERGAMON-ELSEVIER SCIENCE LTD,2024
3532,10.1016/j.ijhydene.2024.07.031,PERGAMON-ELSEVIER SCIENCE LTD,2024
3533,10.1016/j.ijhydene.2024.07.248,PERGAMON-ELSEVIER SCIENCE LTD,2024
3534,10.1016/j.ijhydene.2024.08.111,PERGAMON-ELSEVIER SCIENCE LTD,2024
3535,10.1016/j.ijhydene.2024.08.163,PERGAMON-ELSEVIER SCIENCE LTD,2024
3536,10.1016/j.ijhydene.2024.11.003,PERGAMON-ELSEVIER SCIENCE LTD,2024
3537,10.1016/j.ijhydene.2025.03.326,PERGAMON-ELSEVIER SCIENCE LTD,2025
3538,10.1016/j.ijhydene.2025.05.002,PERGAMON-ELSEVIER SCIENCE LTD,2025
3539,10.1016/j.inoche.2003.10.022,ELSEVIER,2004
3540,10.1016/j.inoche.2003.12.023,ELSEVIER,2004
3541,10.1016/j.inoche.2004.02.006,ELSEVIER,2004
3542,10.1016/j.inoche.2004.07.018,ELSEVIER,2004
3543,10.1016/j.inoche.2004.11.005,ELSEVIER,2005
3544,10.1016/j.inoche.2005.04.005,ELSEVIER,2005
3545,10.1016/j.inoche.2005.08.013,ELSEVIER,2005
3546,10.1016/j.inoche.2005.09.033,ELSEVIER,2006
3547,10.1016/j.inoche.2005.10.032,ELSEVIER,2006
3548,10.1016/j.inoche.2006.01.004,ELSEVIER,2006
3549,10.1016/j.inoche.2006.01.022,ELSEVIER SCIENCE BV,2006
3550,10.1016/j.inoche.2006.02.029,ELSEVIER SCIENCE BV,2006
3551,10.1016/j.inoche.2006.03.014,ELSEVIER,2006
3552,10.1016/j.inoche.2006.04.017,ELSEVIER,2006
3553,10.1016/j.inoche.2006.07.021,ELSEVIER SCIENCE BV,2006
3554,10.1016/j.inoche.2006.07.040,ELSEVIER,2006
3555,10.1016/j.inoche.2006.07.041,ELSEVIER,2006
3556,10.1016/j.inoche.2006.08.023,ELSEVIER SCIENCE BV,2007
3557,10.1016/j.inoche.2006.09.009,ELSEVIER,2007
3558,10.1016/j.inoche.2006.09.010,ELSEVIER,2007
3559,10.1016/j.inoche.2006.09.011,ELSEVIER,2007
3560,10.1016/j.inoche.2006.09.013,ELSEVIER,2007
3561,10.1016/j.inoche.2006.10.010,ELSEVIER,2007
3562,10.1016/j.inoche.2006.11.011,ELSEVIER SCIENCE BV,2007
3563,10.1016/j.inoche.2006.11.021,ELSEVIER,2007
3564,10.1016/j.inoche.2006.12.003,ELSEVIER SCIENCE BV,2007
3565,10.1016/j.inoche.2006.12.020,ELSEVIER,2007
3566,10.1016/j.inoche.2007.01.001,ELSEVIER,2007
3567,10.1016/j.inoche.2007.02.010,ELSEVIER SCIENCE BV,2007
3568,10.1016/j.inoche.2007.02.024,ELSEVIER,2007
3569,10.1016/j.inoche.2007.02.025,ELSEVIER SCIENCE BV,2007
3570,10.1016/j.inoche.2007.03.004,ELSEVIER,2007
3571,10.1016/j.inoche.2007.04.017,ELSEVIER SCIENCE BV,2007
3572,10.1016/j.inoche.2007.04.024,ELSEVIER,2007
3573,10.1016/j.inoche.2007.05.025,ELSEVIER,2007
3574,10.1016/j.inoche.2007.08.006,ELSEVIER,2007
3575,10.1016/j.inoche.2007.08.016,ELSEVIER,2007
3576,10.1016/j.inoche.2007.10.004,ELSEVIER,2007
3577,10.1016/j.inoche.2007.11.008,ELSEVIER,2008
3578,10.1016/j.inoche.2007.11.010,ELSEVIER SCIENCE BV,2008
3579,10.1016/j.inoche.2007.11.021,ELSEVIER SCIENCE BV,2008
3580,10.1016/j.inoche.2007.12.024,ELSEVIER,2008
3581,10.1016/j.inoche.2007.12.028,ELSEVIER,2008
3582,10.1016/j.inoche.2007.12.030,ELSEVIER,2008
3583,10.1016/j.inoche.2007.12.031,ELSEVIER,2008
3584,10.1016/j.inoche.2007.12.036,ELSEVIER SCIENCE BV,2008
3585,10.1016/j.inoche.2008.02.018,ELSEVIER SCIENCE BV,2008
3586,10.1016/j.inoche.2008.03.025,ELSEVIER,2008
3587,10.1016/j.inoche.2008.03.026,ELSEVIER SCIENCE BV,2008
3588,10.1016/j.inoche.2008.03.031,ELSEVIER,2008
3589,10.1016/j.inoche.2008.04.002,ELSEVIER,2008
3590,10.1016/j.inoche.2008.04.016,ELSEVIER SCIENCE BV,2008
3591,10.1016/j.inoche.2008.04.019,ELSEVIER,2008
3592,10.1016/j.inoche.2008.04.021,ELSEVIER,2008
3593,10.1016/j.inoche.2008.04.028,ELSEVIER,2008
3594,10.1016/j.inoche.2008.04.040,ELSEVIER SCIENCE BV,2008
3595,10.1016/j.inoche.2008.04.043,ELSEVIER SCIENCE BV,2008
3596,10.1016/j.inoche.2008.05.009,ELSEVIER SCIENCE BV,2008
3597,10.1016/j.inoche.2008.05.010,ELSEVIER SCIENCE BV,2008
3598,10.1016/j.inoche.2008.05.029,ELSEVIER,2008
3599,10.1016/j.inoche.2008.05.031,ELSEVIER,2008
3600,10.1016/j.inoche.2008.06.001,ELSEVIER SCIENCE BV,2008
3601,10.1016/j.inoche.2008.06.019,ELSEVIER SCIENCE BV,2008
3602,10.1016/j.inoche.2008.06.022,ELSEVIER,2008
3603,10.1016/j.inoche.2008.06.023,ELSEVIER,2008
3604,10.1016/j.inoche.2008.06.027,ELSEVIER,2008
3605,10.1016/j.inoche.2008.07.001,ELSEVIER,2008
3606,10.1016/j.inoche.2008.07.014,ELSEVIER SCIENCE BV,2008
3607,10.1016/j.inoche.2008.07.018,ELSEVIER SCIENCE BV,2008
3608,10.1016/j.inoche.2008.07.019,ELSEVIER,2008
3609,10.1016/j.inoche.2008.07.020,ELSEVIER,2008
3610,10.1016/j.inoche.2008.07.026,ELSEVIER SCIENCE BV,2008
3611,10.1016/j.inoche.2008.09.010,ELSEVIER,2008
3612,10.1016/j.inoche.2008.09.012,ELSEVIER,2008
3613,10.1016/j.inoche.2008.09.013,ELSEVIER SCIENCE BV,2008
3614,10.1016/j.inoche.2008.09.018,ELSEVIER SCIENCE BV,2008
3615,10.1016/j.inoche.2008.10.005,ELSEVIER,2008
3616,10.1016/j.inoche.2008.10.008,ELSEVIER SCIENCE BV,2008
3617,10.1016/j.inoche.2008.11.006,ELSEVIER,2009
3618,10.1016/j.inoche.2008.11.008,ELSEVIER,2009
3619,10.1016/j.inoche.2008.11.017,ELSEVIER,2009
3620,10.1016/j.inoche.2008.11.033,ELSEVIER,2009
3621,10.1016/j.inoche.2008.12.002,ELSEVIER SCIENCE BV,2009
3622,10.1016/j.inoche.2008.12.012,ELSEVIER SCIENCE BV,2009
3623,10.1016/j.inoche.2009.02.002,ELSEVIER,2009
3624,10.1016/j.inoche.2009.02.004,ELSEVIER,2009
3625,10.1016/j.inoche.2009.02.027,ELSEVIER,2009
3626,10.1016/j.inoche.2009.03.002,ELSEVIER SCIENCE BV,2009
3627,10.1016/j.inoche.2009.04.010,ELSEVIER SCIENCE BV,2009
3628,10.1016/j.inoche.2009.04.020,ELSEVIER,2009
3629,10.1016/j.inoche.2009.04.028,ELSEVIER SCIENCE BV,2009
3630,10.1016/j.inoche.2009.06.026,ELSEVIER,2009
3631,10.1016/j.inoche.2009.06.029,ELSEVIER SCIENCE BV,2009
3632,10.1016/j.inoche.2009.07.013,ELSEVIER SCIENCE BV,2009
3633,10.1016/j.inoche.2009.07.020,ELSEVIER,2009
3634,10.1016/j.inoche.2009.07.024,ELSEVIER,2009
3635,10.1016/j.inoche.2009.07.025,ELSEVIER SCIENCE BV,2009
3636,10.1016/j.inoche.2009.07.027,ELSEVIER,2009
3637,10.1016/j.inoche.2009.07.028,ELSEVIER SCIENCE BV,2009
3638,10.1016/j.inoche.2009.08.002,ELSEVIER SCIENCE BV,2009
3639,10.1016/j.inoche.2009.08.009,ELSEVIER,2009
3640,10.1016/j.inoche.2009.08.015,ELSEVIER SCIENCE BV,2009
3641,10.1016/j.inoche.2009.08.030,ELSEVIER SCIENCE BV,2009
3642,10.1016/j.inoche.2009.09.020,ELSEVIER,2009
3643,10.1016/j.inoche.2009.09.026,ELSEVIER,2009
3644,10.1016/j.inoche.2009.09.031,ELSEVIER SCIENCE BV,2009
3645,10.1016/j.inoche.2009.09.033,ELSEVIER SCIENCE BV,2009
3646,10.1016/j.inoche.2009.10.004,ELSEVIER,2010
3647,10.1016/j.inoche.2009.10.007,ELSEVIER SCIENCE BV,2010
3648,10.1016/j.inoche.2009.11.003,ELSEVIER,2010
3649,10.1016/j.inoche.2009.11.008,ELSEVIER,2010
3650,10.1016/j.inoche.2009.11.024,ELSEVIER,2010
3651,10.1016/j.inoche.2009.12.003,ELSEVIER SCIENCE BV,2010
3652,10.1016/j.inoche.2009.12.004,ELSEVIER,2010
3653,10.1016/j.inoche.2009.12.008,ELSEVIER,2010
3654,10.1016/j.inoche.2009.12.029,ELSEVIER SCIENCE BV,2010
3655,10.1016/j.inoche.2009.12.030,ELSEVIER SCIENCE BV,2010
3656,10.1016/j.inoche.2010.01.001,ELSEVIER SCIENCE BV,2010
3657,10.1016/j.inoche.2010.01.013,ELSEVIER,2010
3658,10.1016/j.inoche.2010.01.014,ELSEVIER SCIENCE BV,2010
3659,10.1016/j.inoche.2010.01.016,ELSEVIER SCIENCE BV,2010
3660,10.1016/j.inoche.2010.03.010,ELSEVIER,2010
3661,10.1016/j.inoche.2010.03.013,ELSEVIER,2010
3662,10.1016/j.inoche.2010.03.024,ELSEVIER,2010
3663,10.1016/j.inoche.2010.03.037,ELSEVIER SCIENCE BV,2010
3664,10.1016/j.inoche.2010.03.038,ELSEVIER SCIENCE BV,2010
3665,10.1016/j.inoche.2010.03.041,ELSEVIER SCIENCE BV,2010
3666,10.1016/j.inoche.2010.04.002,ELSEVIER,2010
3667,10.1016/j.inoche.2010.04.026,ELSEVIER,2010
3668,10.1016/j.inoche.2010.05.007,ELSEVIER,2010
3669,10.1016/j.inoche.2010.06.006,ELSEVIER SCIENCE BV,2010
3670,10.1016/j.inoche.2010.06.043,ELSEVIER SCIENCE BV,2010
3671,10.1016/j.inoche.2010.06.046,ELSEVIER SCIENCE BV,2010
3672,10.1016/j.inoche.2010.06.049,ELSEVIER,2010
3673,10.1016/j.inoche.2010.07.010,ELSEVIER SCIENCE BV,2010
3674,10.1016/j.inoche.2010.07.033,ELSEVIER,2010
3675,10.1016/j.inoche.2010.07.034,ELSEVIER,2010
3676,10.1016/j.inoche.2010.07.040,ELSEVIER SCIENCE BV,2010
3677,10.1016/j.inoche.2010.07.041,ELSEVIER SCIENCE BV,2010
3678,10.1016/j.inoche.2010.08.004,ELSEVIER SCIENCE BV,2010
3679,10.1016/j.inoche.2010.08.021,ELSEVIER SCIENCE BV,2010
3680,10.1016/j.inoche.2010.08.026,ELSEVIER SCIENCE BV,2010
3681,10.1016/j.inoche.2010.09.023,ELSEVIER,2010
3682,10.1016/j.inoche.2010.09.024,ELSEVIER SCIENCE BV,2011
3683,10.1016/j.inoche.2010.09.046,ELSEVIER,2011
3684,10.1016/j.inoche.2010.10.007,ELSEVIER,2011
3685,10.1016/j.inoche.2010.10.012,ELSEVIER SCIENCE BV,2011
3686,10.1016/j.inoche.2010.10.026,ELSEVIER,2011
3687,10.1016/j.inoche.2010.11.016,ELSEVIER SCIENCE BV,2011
3688,10.1016/j.inoche.2010.11.020,ELSEVIER SCIENCE BV,2011
3689,10.1016/j.inoche.2010.11.027,ELSEVIER,2011
3690,10.1016/j.inoche.2010.11.031,ELSEVIER SCIENCE BV,2011
3691,10.1016/j.inoche.2010.12.001,ELSEVIER,2011
3692,10.1016/j.inoche.2010.12.004,ELSEVIER,2011
3693,10.1016/j.inoche.2010.12.006,ELSEVIER SCIENCE BV,2011
3694,10.1016/j.inoche.2010.12.021,ELSEVIER SCIENCE BV,2011
3695,10.1016/j.inoche.2010.12.028,ELSEVIER,2011
3696,10.1016/j.inoche.2011.01.037,ELSEVIER SCIENCE BV,2011
3697,10.1016/j.inoche.2011.01.040,ELSEVIER,2011
3698,10.1016/j.inoche.2011.02.011,ELSEVIER,2011
3699,10.1016/j.inoche.2011.02.020,ELSEVIER SCIENCE BV,2011
3700,10.1016/j.inoche.2011.03.004,ELSEVIER,2011
3701,10.1016/j.inoche.2011.03.005,ELSEVIER SCIENCE BV,2011
3702,10.1016/j.inoche.2011.03.013,ELSEVIER,2011
3703,10.1016/j.inoche.2011.03.018,ELSEVIER,2011
3704,10.1016/j.inoche.2011.03.020,ELSEVIER,2011
3705,10.1016/j.inoche.2011.03.032,ELSEVIER,2011
3706,10.1016/j.inoche.2011.03.038,ELSEVIER SCIENCE BV,2011
3707,10.1016/j.inoche.2011.03.040,ELSEVIER SCIENCE BV,2011
3708,10.1016/j.inoche.2011.03.047,ELSEVIER SCIENCE BV,2011
3709,10.1016/j.inoche.2011.03.050,ELSEVIER SCIENCE BV,2011
3710,10.1016/j.inoche.2011.03.053,ELSEVIER,2011
3711,10.1016/j.inoche.2011.03.055,ELSEVIER,2011
3712,10.1016/j.inoche.2011.03.061,ELSEVIER SCIENCE BV,2011
3713,10.1016/j.inoche.2011.03.072,ELSEVIER,2011
3714,10.1016/j.inoche.2011.04.001,ELSEVIER,2011
3715,10.1016/j.inoche.2011.04.003,ELSEVIER,2011
3716,10.1016/j.inoche.2011.04.006,ELSEVIER,2011
3717,10.1016/j.inoche.2011.04.012,ELSEVIER,2011
3718,10.1016/j.inoche.2011.05.016,ELSEVIER SCIENCE BV,2011
3719,10.1016/j.inoche.2011.05.031,ELSEVIER SCIENCE BV,2011
3720,10.1016/j.inoche.2011.05.032,ELSEVIER,2011
3721,10.1016/j.inoche.2011.05.043,ELSEVIER,2011
3722,10.1016/j.inoche.2011.05.052,ELSEVIER,2011
3723,10.1016/j.inoche.2011.06.008,ELSEVIER SCIENCE BV,2011
3724,10.1016/j.inoche.2011.06.009,ELSEVIER SCIENCE BV,2011
3725,10.1016/j.inoche.2011.06.019,ELSEVIER,2011
3726,10.1016/j.inoche.2011.06.030,ELSEVIER SCIENCE BV,2011
3727,10.1016/j.inoche.2011.07.009,ELSEVIER SCIENCE BV,2011
3728,10.1016/j.inoche.2011.07.020,ELSEVIER,2011
3729,10.1016/j.inoche.2011.08.011,ELSEVIER SCIENCE BV,2011
3730,10.1016/j.inoche.2011.08.016,ELSEVIER SCIENCE BV,2011
3731,10.1016/j.inoche.2011.08.027,ELSEVIER SCIENCE BV,2011
3732,10.1016/j.inoche.2011.08.030,ELSEVIER SCIENCE BV,2011
3733,10.1016/j.inoche.2011.09.004,ELSEVIER,2011
3734,10.1016/j.inoche.2011.09.009,ELSEVIER,2011
3735,10.1016/j.inoche.2011.09.010,ELSEVIER,2011
3736,10.1016/j.inoche.2011.09.012,ELSEVIER,2011
3737,10.1016/j.inoche.2011.09.019,ELSEVIER,2011
3738,10.1016/j.inoche.2011.09.024,ELSEVIER SCIENCE BV,2011
3739,10.1016/j.inoche.2011.09.029,ELSEVIER SCIENCE BV,2012
3740,10.1016/j.inoche.2011.09.043,ELSEVIER SCIENCE BV,2012
3741,10.1016/j.inoche.2011.10.008,ELSEVIER,2012
3742,10.1016/j.inoche.2011.10.014,ELSEVIER,2012
3743,10.1016/j.inoche.2011.10.038,ELSEVIER SCIENCE BV,2012
3744,10.1016/j.inoche.2011.10.040,ELSEVIER SCIENCE BV,2012
3745,10.1016/j.inoche.2011.11.004,ELSEVIER SCIENCE BV,2012
3746,10.1016/j.inoche.2011.11.008,ELSEVIER SCIENCE BV,2012
3747,10.1016/j.inoche.2011.11.015,ELSEVIER SCIENCE BV,2012
3748,10.1016/j.inoche.2011.11.018,ELSEVIER,2012
3749,10.1016/j.inoche.2011.11.030,ELSEVIER,2012
3750,10.1016/j.inoche.2011.11.034,ELSEVIER,2012
3751,10.1016/j.inoche.2011.12.002,ELSEVIER SCIENCE BV,2012
3752,10.1016/j.inoche.2011.12.003,ELSEVIER SCIENCE BV,2012
3753,10.1016/j.inoche.2011.12.004,ELSEVIER SCIENCE BV,2012
3754,10.1016/j.inoche.2011.12.017,ELSEVIER,2012
3755,10.1016/j.inoche.2011.12.037,ELSEVIER SCIENCE BV,2012
3756,10.1016/j.inoche.2011.12.041,ELSEVIER,2012
3757,10.1016/j.inoche.2011.12.045,ELSEVIER SCIENCE BV,2012
3758,10.1016/j.inoche.2011.12.046,ELSEVIER SCIENCE BV,2012
3759,10.1016/j.inoche.2011.12.048,ELSEVIER,2012
3760,10.1016/j.inoche.2012.01.001,ELSEVIER,2012
3761,10.1016/j.inoche.2012.01.019,ELSEVIER,2012
3762,10.1016/j.inoche.2012.01.022,ELSEVIER SCIENCE BV,2012
3763,10.1016/j.inoche.2012.01.032,ELSEVIER,2012
3764,10.1016/j.inoche.2012.02.014,ELSEVIER SCIENCE BV,2012
3765,10.1016/j.inoche.2012.02.031,ELSEVIER SCIENCE BV,2012
3766,10.1016/j.inoche.2012.02.034,ELSEVIER SCIENCE BV,2012
3767,10.1016/j.inoche.2012.03.017,ELSEVIER SCIENCE BV,2012
3768,10.1016/j.inoche.2012.03.018,ELSEVIER,2012
3769,10.1016/j.inoche.2012.03.021,ELSEVIER SCIENCE BV,2012
3770,10.1016/j.inoche.2012.03.024,ELSEVIER SCIENCE BV,2012
3771,10.1016/j.inoche.2012.03.025,ELSEVIER SCIENCE BV,2012
3772,10.1016/j.inoche.2012.03.027,ELSEVIER SCIENCE BV,2012
3773,10.1016/j.inoche.2012.03.032,ELSEVIER SCIENCE BV,2012
3774,10.1016/j.inoche.2012.03.038,ELSEVIER,2012
3775,10.1016/j.inoche.2012.04.012,ELSEVIER SCIENCE BV,2012
3776,10.1016/j.inoche.2012.04.014,ELSEVIER SCIENCE BV,2012
3777,10.1016/j.inoche.2012.04.026,ELSEVIER,2012
3778,10.1016/j.inoche.2012.04.027,ELSEVIER SCIENCE BV,2012
3779,10.1016/j.inoche.2012.04.032,ELSEVIER SCIENCE BV,2012
3780,10.1016/j.inoche.2012.04.036,ELSEVIER,2012
3781,10.1016/j.inoche.2012.04.037,ELSEVIER SCIENCE BV,2012
3782,10.1016/j.inoche.2012.05.003,ELSEVIER,2012
3783,10.1016/j.inoche.2012.05.009,ELSEVIER SCIENCE BV,2012
3784,10.1016/j.inoche.2012.05.014,ELSEVIER SCIENCE BV,2012
3785,10.1016/j.inoche.2012.05.026,ELSEVIER SCIENCE BV,2012
3786,10.1016/j.inoche.2012.05.029,ELSEVIER SCIENCE BV,2012
3787,10.1016/j.inoche.2012.05.033,ELSEVIER SCIENCE BV,2012
3788,10.1016/j.inoche.2012.05.038,ELSEVIER SCIENCE BV,2012
3789,10.1016/j.inoche.2012.05.042,ELSEVIER,2012
3790,10.1016/j.inoche.2012.05.046,ELSEVIER,2012
3791,10.1016/j.inoche.2012.06.004,ELSEVIER SCIENCE BV,2012
3792,10.1016/j.inoche.2012.06.022,ELSEVIER SCIENCE BV,2012
3793,10.1016/j.inoche.2012.06.024,ELSEVIER SCIENCE BV,2012
3794,10.1016/j.inoche.2012.06.025,ELSEVIER SCIENCE BV,2012
3795,10.1016/j.inoche.2012.07.005,ELSEVIER SCIENCE BV,2012
3796,10.1016/j.inoche.2012.07.006,ELSEVIER,2012
3797,10.1016/j.inoche.2012.07.010,ELSEVIER,2012
3798,10.1016/j.inoche.2012.07.012,ELSEVIER,2012
3799,10.1016/j.inoche.2012.07.013,ELSEVIER,2012
3800,10.1016/j.inoche.2012.07.014,ELSEVIER SCIENCE BV,2012
3801,10.1016/j.inoche.2012.07.016,ELSEVIER SCIENCE BV,2012
3802,10.1016/j.inoche.2012.07.029,ELSEVIER SCIENCE BV,2012
3803,10.1016/j.inoche.2012.07.043,ELSEVIER SCIENCE BV,2012
3804,10.1016/j.inoche.2012.08.013,ELSEVIER SCIENCE BV,2012
3805,10.1016/j.inoche.2012.08.015,ELSEVIER,2012
3806,10.1016/j.inoche.2012.08.018,ELSEVIER SCIENCE BV,2012
3807,10.1016/j.inoche.2012.08.020,ELSEVIER SCIENCE BV,2012
3808,10.1016/j.inoche.2012.08.023,ELSEVIER,2012
3809,10.1016/j.inoche.2012.09.003,ELSEVIER SCIENCE BV,2012
3810,10.1016/j.inoche.2012.09.004,ELSEVIER SCIENCE BV,2012
3811,10.1016/j.inoche.2012.09.005,ELSEVIER,2012
3812,10.1016/j.inoche.2012.09.023,ELSEVIER,2012
3813,10.1016/j.inoche.2012.10.005,ELSEVIER,2013
3814,10.1016/j.inoche.2012.10.012,ELSEVIER,2013
3815,10.1016/j.inoche.2012.10.031,ELSEVIER SCIENCE BV,2013
3816,10.1016/j.inoche.2012.10.040,ELSEVIER SCIENCE BV,2013
3817,10.1016/j.inoche.2012.11.006,ELSEVIER,2013
3818,10.1016/j.inoche.2012.11.011,ELSEVIER,2013
3819,10.1016/j.inoche.2012.11.012,ELSEVIER,2013
3820,10.1016/j.inoche.2012.11.031,ELSEVIER,2013
3821,10.1016/j.inoche.2012.11.035,ELSEVIER,2013
3822,10.1016/j.inoche.2012.11.038,ELSEVIER,2013
3823,10.1016/j.inoche.2012.12.015,ELSEVIER,2013
3824,10.1016/j.inoche.2012.12.017,ELSEVIER,2013
3825,10.1016/j.inoche.2012.12.019,ELSEVIER SCIENCE BV,2013
3826,10.1016/j.inoche.2012.12.022,ELSEVIER SCIENCE BV,2013
3827,10.1016/j.inoche.2012.12.027,ELSEVIER SCIENCE BV,2013
3828,10.1016/j.inoche.2012.12.036,ELSEVIER SCIENCE BV,2013
3829,10.1016/j.inoche.2012.12.037,ELSEVIER SCIENCE BV,2013
3830,10.1016/j.inoche.2013.01.005,ELSEVIER SCIENCE BV,2013
3831,10.1016/j.inoche.2013.01.023,ELSEVIER SCIENCE BV,2013
3832,10.1016/j.inoche.2013.01.030,ELSEVIER,2013
3833,10.1016/j.inoche.2013.02.001,ELSEVIER,2013
3834,10.1016/j.inoche.2013.02.011,ELSEVIER SCIENCE BV,2013
3835,10.1016/j.inoche.2013.03.003,ELSEVIER SCIENCE BV,2013
3836,10.1016/j.inoche.2013.03.005,ELSEVIER SCIENCE BV,2013
3837,10.1016/j.inoche.2013.03.016,ELSEVIER SCIENCE BV,2013
3838,10.1016/j.inoche.2013.03.021,ELSEVIER SCIENCE BV,2013
3839,10.1016/j.inoche.2013.03.034,ELSEVIER,2013
3840,10.1016/j.inoche.2013.04.013,ELSEVIER SCIENCE BV,2013
3841,10.1016/j.inoche.2013.04.019,ELSEVIER,2013
3842,10.1016/j.inoche.2013.04.020,ELSEVIER SCIENCE BV,2013
3843,10.1016/j.inoche.2013.04.033,ELSEVIER,2013
3844,10.1016/j.inoche.2013.04.039,ELSEVIER SCIENCE BV,2013
3845,10.1016/j.inoche.2013.05.003,ELSEVIER,2013
3846,10.1016/j.inoche.2013.05.006,ELSEVIER,2013
3847,10.1016/j.inoche.2013.05.014,ELSEVIER,2013
3848,10.1016/j.inoche.2013.06.006,ELSEVIER,2013
3849,10.1016/j.inoche.2013.06.022,ELSEVIER,2013
3850,10.1016/j.inoche.2013.06.023,ELSEVIER,2013
3851,10.1016/j.inoche.2013.06.026,ELSEVIER,2013
3852,10.1016/j.inoche.2013.06.030,ELSEVIER,2013
3853,10.1016/j.inoche.2013.06.034,ELSEVIER,2013
3854,10.1016/j.inoche.2013.06.035,ELSEVIER,2013
3855,10.1016/j.inoche.2013.06.042,ELSEVIER,2013
3856,10.1016/j.inoche.2013.07.001,ELSEVIER SCIENCE BV,2013
3857,10.1016/j.inoche.2013.07.008,ELSEVIER,2013
3858,10.1016/j.inoche.2013.08.005,ELSEVIER SCIENCE BV,2013
3859,10.1016/j.inoche.2013.08.012,ELSEVIER SCIENCE BV,2013
3860,10.1016/j.inoche.2013.08.013,ELSEVIER,2013
3861,10.1016/j.inoche.2013.08.018,ELSEVIER SCIENCE BV,2013
3862,10.1016/j.inoche.2013.08.027,ELSEVIER SCIENCE BV,2013
3863,10.1016/j.inoche.2013.08.031,ELSEVIER SCIENCE BV,2013
3864,10.1016/j.inoche.2013.08.037,ELSEVIER,2013
3865,10.1016/j.inoche.2013.09.005,ELSEVIER,2013
3866,10.1016/j.inoche.2013.09.011,ELSEVIER,2013
3867,10.1016/j.inoche.2013.09.014,ELSEVIER SCIENCE BV,2013
3868,10.1016/j.inoche.2013.09.021,ELSEVIER,2013
3869,10.1016/j.inoche.2013.09.030,ELSEVIER,2013
3870,10.1016/j.inoche.2013.09.033,ELSEVIER SCIENCE BV,2013
3871,10.1016/j.inoche.2013.09.047,ELSEVIER,2013
3872,10.1016/j.inoche.2013.09.048,ELSEVIER,2013
3873,10.1016/j.inoche.2013.09.058,ELSEVIER,2013
3874,10.1016/j.inoche.2013.09.061,ELSEVIER SCIENCE BV,2013
3875,10.1016/j.inoche.2013.09.076,ELSEVIER SCIENCE BV,2013
3876,10.1016/j.inoche.2013.10.018,ELSEVIER SCIENCE BV,2013
3877,10.1016/j.inoche.2013.10.020,ELSEVIER SCIENCE BV,2013
3878,10.1016/j.inoche.2013.10.021,ELSEVIER SCIENCE BV,2013
3879,10.1016/j.inoche.2013.11.005,ELSEVIER,2014
3880,10.1016/j.inoche.2013.11.008,ELSEVIER SCIENCE BV,2014
3881,10.1016/j.inoche.2013.11.011,ELSEVIER,2014
3882,10.1016/j.inoche.2013.11.012,ELSEVIER SCIENCE BV,2014
3883,10.1016/j.inoche.2013.11.016,ELSEVIER SCIENCE BV,2014
3884,10.1016/j.inoche.2013.11.032,ELSEVIER SCIENCE BV,2014
3885,10.1016/j.inoche.2013.11.035,ELSEVIER SCIENCE BV,2014
3886,10.1016/j.inoche.2013.11.039,ELSEVIER,2014
3887,10.1016/j.inoche.2013.11.043,ELSEVIER SCIENCE BV,2014
3888,10.1016/j.inoche.2013.11.045,ELSEVIER,2014
3889,10.1016/j.inoche.2014.01.004,ELSEVIER SCIENCE BV,2014
3890,10.1016/j.inoche.2014.01.012,ELSEVIER SCIENCE BV,2014
3891,10.1016/j.inoche.2014.01.017,ELSEVIER SCIENCE BV,2014
3892,10.1016/j.inoche.2014.02.004,ELSEVIER,2014
3893,10.1016/j.inoche.2014.02.015,ELSEVIER SCIENCE BV,2014
3894,10.1016/j.inoche.2014.02.025,ELSEVIER,2014
3895,10.1016/j.inoche.2014.02.043,ELSEVIER SCIENCE BV,2014
3896,10.1016/j.inoche.2014.02.046,ELSEVIER SCIENCE BV,2014
3897,10.1016/j.inoche.2014.02.051,ELSEVIER,2014
3898,10.1016/j.inoche.2014.03.018,ELSEVIER SCIENCE BV,2014
3899,10.1016/j.inoche.2014.03.026,ELSEVIER SCIENCE BV,2014
3900,10.1016/j.inoche.2014.03.044,ELSEVIER,2014
3901,10.1016/j.inoche.2014.04.025,ELSEVIER,2014
3902,10.1016/j.inoche.2014.04.029,ELSEVIER SCIENCE BV,2014
3903,10.1016/j.inoche.2014.04.037,ELSEVIER,2014
3904,10.1016/j.inoche.2014.05.011,ELSEVIER SCIENCE BV,2014
3905,10.1016/j.inoche.2014.05.014,ELSEVIER SCIENCE BV,2014
3906,10.1016/j.inoche.2014.05.016,ELSEVIER SCIENCE BV,2014
3907,10.1016/j.inoche.2014.05.019,ELSEVIER SCIENCE BV,2014
3908,10.1016/j.inoche.2014.05.026,ELSEVIER SCIENCE BV,2014
3909,10.1016/j.inoche.2014.05.039,ELSEVIER,2014
3910,10.1016/j.inoche.2014.06.004,ELSEVIER SCIENCE BV,2014
3911,10.1016/j.inoche.2014.06.010,ELSEVIER SCIENCE BV,2014
3912,10.1016/j.inoche.2014.06.015,ELSEVIER,2014
3913,10.1016/j.inoche.2014.06.016,ELSEVIER,2014
3914,10.1016/j.inoche.2014.06.023,ELSEVIER,2014
3915,10.1016/j.inoche.2014.07.014,ELSEVIER SCIENCE BV,2014
3916,10.1016/j.inoche.2014.07.018,ELSEVIER SCIENCE BV,2014
3917,10.1016/j.inoche.2014.07.025,ELSEVIER,2014
3918,10.1016/j.inoche.2014.07.032,ELSEVIER,2014
3919,10.1016/j.inoche.2014.07.036,ELSEVIER SCIENCE BV,2014
3920,10.1016/j.inoche.2014.08.005,ELSEVIER SCIENCE BV,2014
3921,10.1016/j.inoche.2014.08.007,ELSEVIER,2014
3922,10.1016/j.inoche.2014.08.011,ELSEVIER SCIENCE BV,2014
3923,10.1016/j.inoche.2014.08.012,ELSEVIER,2014
3924,10.1016/j.inoche.2014.08.013,ELSEVIER SCIENCE BV,2014
3925,10.1016/j.inoche.2014.08.015,ELSEVIER,2014
3926,10.1016/j.inoche.2014.08.017,ELSEVIER SCIENCE BV,2014
3927,10.1016/j.inoche.2014.08.022,ELSEVIER SCIENCE BV,2014
3928,10.1016/j.inoche.2014.08.027,ELSEVIER SCIENCE BV,2014
3929,10.1016/j.inoche.2014.08.034,ELSEVIER,2014
3930,10.1016/j.inoche.2014.09.012,ELSEVIER,2014
3931,10.1016/j.inoche.2014.09.029,ELSEVIER,2014
3932,10.1016/j.inoche.2014.09.031,ELSEVIER SCIENCE BV,2014
3933,10.1016/j.inoche.2014.09.036,ELSEVIER SCIENCE BV,2014
3934,10.1016/j.inoche.2014.11.002,ELSEVIER,2015
3935,10.1016/j.inoche.2014.11.017,ELSEVIER SCIENCE BV,2015
3936,10.1016/j.inoche.2014.12.001,ELSEVIER,2015
3937,10.1016/j.inoche.2014.12.007,ELSEVIER,2015
3938,10.1016/j.inoche.2014.12.010,ELSEVIER,2015
3939,10.1016/j.inoche.2015.01.006,ELSEVIER,2015
3940,10.1016/j.inoche.2015.01.020,ELSEVIER SCIENCE BV,2015
3941,10.1016/j.inoche.2015.01.022,ELSEVIER SCIENCE BV,2015
3942,10.1016/j.inoche.2015.01.030,ELSEVIER SCIENCE BV,2015
3943,10.1016/j.inoche.2015.02.005,ELSEVIER,2015
3944,10.1016/j.inoche.2015.02.015,ELSEVIER SCIENCE BV,2015
3945,10.1016/j.inoche.2015.02.021,ELSEVIER SCIENCE BV,2015
3946,10.1016/j.inoche.2015.02.022,ELSEVIER SCIENCE BV,2015
3947,10.1016/j.inoche.2015.03.005,ELSEVIER,2015
3948,10.1016/j.inoche.2015.03.015,ELSEVIER SCIENCE BV,2015
3949,10.1016/j.inoche.2015.03.019,ELSEVIER,2015
3950,10.1016/j.inoche.2015.03.023,ELSEVIER SCIENCE BV,2015
3951,10.1016/j.inoche.2015.03.024,ELSEVIER SCIENCE BV,2015
3952,10.1016/j.inoche.2015.03.026,ELSEVIER SCIENCE BV,2015
3953,10.1016/j.inoche.2015.03.028,ELSEVIER SCIENCE BV,2015
3954,10.1016/j.inoche.2015.03.031,ELSEVIER SCIENCE BV,2015
3955,10.1016/j.inoche.2015.04.002,ELSEVIER,2015
3956,10.1016/j.inoche.2015.04.008,ELSEVIER,2015
3957,10.1016/j.inoche.2015.04.011,ELSEVIER SCIENCE BV,2015
3958,10.1016/j.inoche.2015.04.019,ELSEVIER SCIENCE BV,2015
3959,10.1016/j.inoche.2015.05.003,ELSEVIER SCIENCE BV,2015
3960,10.1016/j.inoche.2015.05.009,ELSEVIER,2015
3961,10.1016/j.inoche.2015.05.012,ELSEVIER,2015
3962,10.1016/j.inoche.2015.05.013,ELSEVIER SCIENCE BV,2015
3963,10.1016/j.inoche.2015.05.016,ELSEVIER SCIENCE BV,2015
3964,10.1016/j.inoche.2015.06.004,ELSEVIER SCIENCE BV,2015
3965,10.1016/j.inoche.2015.06.013,ELSEVIER SCIENCE BV,2015
3966,10.1016/j.inoche.2015.06.023,ELSEVIER,2015
3967,10.1016/j.inoche.2015.06.028,ELSEVIER SCIENCE BV,2015
3968,10.1016/j.inoche.2015.06.034,ELSEVIER SCIENCE BV,2015
3969,10.1016/j.inoche.2015.06.036,ELSEVIER SCIENCE BV,2015
3970,10.1016/j.inoche.2015.07.014,ELSEVIER,2015
3971,10.1016/j.inoche.2015.07.018,ELSEVIER SCIENCE BV,2015
3972,10.1016/j.inoche.2015.07.027,ELSEVIER SCIENCE BV,2015
3973,10.1016/j.inoche.2015.08.002,ELSEVIER SCIENCE BV,2015
3974,10.1016/j.inoche.2015.08.014,ELSEVIER,2015
3975,10.1016/j.inoche.2015.08.015,ELSEVIER,2015
3976,10.1016/j.inoche.2015.08.019,ELSEVIER SCIENCE BV,2015
3977,10.1016/j.inoche.2015.08.021,ELSEVIER,2015
3978,10.1016/j.inoche.2015.08.026,ELSEVIER SCIENCE BV,2015
3979,10.1016/j.inoche.2015.09.002,ELSEVIER,2015
3980,10.1016/j.inoche.2015.09.004,ELSEVIER,2015
3981,10.1016/j.inoche.2015.09.018,ELSEVIER SCIENCE BV,2015
3982,10.1016/j.inoche.2015.10.016,ELSEVIER SCIENCE BV,2015
3983,10.1016/j.inoche.2015.10.023,ELSEVIER,2015
3984,10.1016/j.inoche.2015.10.024,ELSEVIER,2015
3985,10.1016/j.inoche.2015.10.035,ELSEVIER,2015
3986,10.1016/j.inoche.2015.11.001,ELSEVIER,2015
3987,10.1016/j.inoche.2015.11.007,ELSEVIER SCIENCE BV,2016
3988,10.1016/j.inoche.2015.11.018,ELSEVIER SCIENCE BV,2016
3989,10.1016/j.inoche.2015.12.009,ELSEVIER,2016
3990,10.1016/j.inoche.2015.12.020,ELSEVIER,2016
3991,10.1016/j.inoche.2016.01.007,ELSEVIER SCIENCE BV,2016
3992,10.1016/j.inoche.2016.01.019,ELSEVIER,2016
3993,10.1016/j.inoche.2016.02.007,ELSEVIER,2016
3994,10.1016/j.inoche.2016.03.002,ELSEVIER SCIENCE BV,2016
3995,10.1016/j.inoche.2016.03.006,ELSEVIER,2016
3996,10.1016/j.inoche.2016.03.010,ELSEVIER,2016
3997,10.1016/j.inoche.2016.04.001,ELSEVIER SCIENCE BV,2016
3998,10.1016/j.inoche.2016.04.009,ELSEVIER SCIENCE BV,2016
3999,10.1016/j.inoche.2016.04.022,ELSEVIER SCIENCE BV,2016
4000,10.1016/j.inoche.2016.04.028,ELSEVIER,2016
4001,10.1016/j.inoche.2016.04.029,ELSEVIER SCIENCE BV,2016
4002,10.1016/j.inoche.2016.05.005,ELSEVIER,2016
4003,10.1016/j.inoche.2016.05.010,ELSEVIER,2016
4004,10.1016/j.inoche.2016.05.025,ELSEVIER SCIENCE BV,2016
4005,10.1016/j.inoche.2016.06.016,ELSEVIER SCIENCE BV,2016
4006,10.1016/j.inoche.2016.06.032,ELSEVIER SCIENCE BV,2016
4007,10.1016/j.inoche.2016.07.006,ELSEVIER SCIENCE BV,2016
4008,10.1016/j.inoche.2016.08.021,ELSEVIER,2016
4009,10.1016/j.inoche.2016.09.003,ELSEVIER SCIENCE BV,2016
4010,10.1016/j.inoche.2016.09.013,ELSEVIER SCIENCE BV,2016
4011,10.1016/j.inoche.2016.10.003,ELSEVIER,2016
4012,10.1016/j.inoche.2016.10.014,ELSEVIER SCIENCE BV,2016
4013,10.1016/j.inoche.2016.10.015,ELSEVIER SCIENCE BV,2016
4014,10.1016/j.inoche.2016.10.021,ELSEVIER SCIENCE BV,2016
4015,10.1016/j.inoche.2016.10.031,ELSEVIER SCIENCE BV,2016
4016,10.1016/j.inoche.2016.11.009,ELSEVIER SCIENCE BV,2017
4017,10.1016/j.inoche.2017.01.003,ELSEVIER SCIENCE BV,2017
4018,10.1016/j.inoche.2017.01.022,ELSEVIER SCIENCE BV,2017
4019,10.1016/j.inoche.2017.01.027,ELSEVIER SCIENCE BV,2017
4020,10.1016/j.inoche.2017.02.007,ELSEVIER SCIENCE BV,2017
4021,10.1016/j.inoche.2017.03.001,ELSEVIER SCIENCE BV,2017
4022,10.1016/j.inoche.2017.03.009,ELSEVIER SCIENCE BV,2017
4023,10.1016/j.inoche.2017.03.014,ELSEVIER SCIENCE BV,2017
4024,10.1016/j.inoche.2017.03.017,ELSEVIER SCIENCE BV,2017
4025,10.1016/j.inoche.2017.03.019,ELSEVIER SCIENCE BV,2017
4026,10.1016/j.inoche.2017.03.022,ELSEVIER SCIENCE BV,2017
4027,10.1016/j.inoche.2017.03.036,ELSEVIER SCIENCE BV,2017
4028,10.1016/j.inoche.2017.04.003,ELSEVIER SCIENCE BV,2017
4029,10.1016/j.inoche.2017.04.007,ELSEVIER SCIENCE BV,2017
4030,10.1016/j.inoche.2017.04.011,ELSEVIER SCIENCE BV,2017
4031,10.1016/j.inoche.2017.04.015,ELSEVIER SCIENCE BV,2017
4032,10.1016/j.inoche.2017.04.017,ELSEVIER SCIENCE BV,2017
4033,10.1016/j.inoche.2017.05.003,ELSEVIER SCIENCE BV,2017
4034,10.1016/j.inoche.2017.05.011,ELSEVIER SCIENCE BV,2017
4035,10.1016/j.inoche.2017.05.015,ELSEVIER SCIENCE BV,2017
4036,10.1016/j.inoche.2017.05.021,ELSEVIER SCIENCE BV,2017
4037,10.1016/j.inoche.2017.05.022,ELSEVIER SCIENCE BV,2017
4038,10.1016/j.inoche.2017.05.027,ELSEVIER SCIENCE BV,2017
4039,10.1016/j.inoche.2017.05.030,ELSEVIER,2017
4040,10.1016/j.inoche.2017.06.013,ELSEVIER,2017
4041,10.1016/j.inoche.2017.06.018,ELSEVIER SCIENCE BV,2017
4042,10.1016/j.inoche.2017.06.020,ELSEVIER SCIENCE BV,2017
4043,10.1016/j.inoche.2017.06.022,ELSEVIER SCIENCE BV,2017
4044,10.1016/j.inoche.2017.07.003,ELSEVIER SCIENCE BV,2017
4045,10.1016/j.inoche.2017.07.009,ELSEVIER SCIENCE BV,2017
4046,10.1016/j.inoche.2017.07.011,ELSEVIER SCIENCE BV,2017
4047,10.1016/j.inoche.2017.08.008,ELSEVIER SCIENCE BV,2017
4048,10.1016/j.inoche.2017.08.012,ELSEVIER,2017
4049,10.1016/j.inoche.2017.08.015,ELSEVIER,2017
4050,10.1016/j.inoche.2017.08.020,ELSEVIER SCIENCE BV,2017
4051,10.1016/j.inoche.2017.09.003,ELSEVIER SCIENCE BV,2017
4052,10.1016/j.inoche.2017.09.013,ELSEVIER SCIENCE BV,2017
4053,10.1016/j.inoche.2017.09.026,ELSEVIER SCIENCE BV,2017
4054,10.1016/j.inoche.2017.10.001,ELSEVIER SCIENCE BV,2017
4055,10.1016/j.inoche.2017.10.003,ELSEVIER,2017
4056,10.1016/j.inoche.2017.10.024,ELSEVIER,2017
4057,10.1016/j.inoche.2017.10.029,ELSEVIER SCIENCE BV,2017
4058,10.1016/j.inoche.2017.10.031,ELSEVIER SCIENCE BV,2017
4059,10.1016/j.inoche.2017.11.002,ELSEVIER,2018
4060,10.1016/j.inoche.2017.11.007,ELSEVIER SCIENCE BV,2017
4061,10.1016/j.inoche.2017.11.010,ELSEVIER SCIENCE BV,2018
4062,10.1016/j.inoche.2017.11.016,ELSEVIER SCIENCE BV,2018
4063,10.1016/j.inoche.2017.12.015,ELSEVIER SCIENCE BV,2018
4064,10.1016/j.inoche.2018.01.010,ELSEVIER SCIENCE BV,2018
4065,10.1016/j.inoche.2018.01.012,ELSEVIER SCIENCE BV,2018
4066,10.1016/j.inoche.2018.01.015,ELSEVIER,2018
4067,10.1016/j.inoche.2018.02.003,ELSEVIER SCIENCE BV,2018
4068,10.1016/j.inoche.2018.02.006,ELSEVIER SCIENCE BV,2018
4069,10.1016/j.inoche.2018.02.010,ELSEVIER,2018
4070,10.1016/j.inoche.2018.03.024,ELSEVIER SCIENCE BV,2018
4071,10.1016/j.inoche.2018.04.009,ELSEVIER SCIENCE BV,2018
4072,10.1016/j.inoche.2018.04.011,ELSEVIER,2018
4073,10.1016/j.inoche.2018.04.012,ELSEVIER SCIENCE BV,2018
4074,10.1016/j.inoche.2018.04.013,ELSEVIER SCIENCE BV,2018
4075,10.1016/j.inoche.2018.04.019,ELSEVIER SCIENCE BV,2018
4076,10.1016/j.inoche.2018.04.029,ELSEVIER SCIENCE BV,2018
4077,10.1016/j.inoche.2018.04.031,ELSEVIER SCIENCE BV,2018
4078,10.1016/j.inoche.2018.05.001,ELSEVIER SCIENCE BV,2018
4079,10.1016/j.inoche.2018.05.010,ELSEVIER SCIENCE BV,2018
4080,10.1016/j.inoche.2018.05.012,ELSEVIER SCIENCE BV,2018
4081,10.1016/j.inoche.2018.05.016,ELSEVIER,2018
4082,10.1016/j.inoche.2018.05.020,ELSEVIER SCIENCE BV,2018
4083,10.1016/j.inoche.2018.06.002,ELSEVIER SCIENCE BV,2018
4084,10.1016/j.inoche.2018.06.003,ELSEVIER SCIENCE BV,2018
4085,10.1016/j.inoche.2018.06.007,ELSEVIER SCIENCE BV,2018
4086,10.1016/j.inoche.2018.06.012,ELSEVIER SCIENCE BV,2018
4087,10.1016/j.inoche.2018.07.005,ELSEVIER SCIENCE BV,2018
4088,10.1016/j.inoche.2018.07.016,ELSEVIER,2018
4089,10.1016/j.inoche.2018.07.017,ELSEVIER SCIENCE BV,2018
4090,10.1016/j.inoche.2018.07.018,ELSEVIER SCIENCE BV,2018
4091,10.1016/j.inoche.2018.07.020,ELSEVIER SCIENCE BV,2018
4092,10.1016/j.inoche.2018.07.029,ELSEVIER SCIENCE BV,2018
4093,10.1016/j.inoche.2018.07.031,ELSEVIER SCIENCE BV,2018
4094,10.1016/j.inoche.2018.07.035,ELSEVIER SCIENCE BV,2018
4095,10.1016/j.inoche.2018.07.036,ELSEVIER SCIENCE BV,2018
4096,10.1016/j.inoche.2018.07.039,ELSEVIER,2018
4097,10.1016/j.inoche.2018.08.006,ELSEVIER SCIENCE BV,2018
4098,10.1016/j.inoche.2018.08.014,ELSEVIER SCIENCE BV,2018
4099,10.1016/j.inoche.2018.08.017,ELSEVIER SCIENCE BV,2018
4100,10.1016/j.inoche.2018.09.003,ELSEVIER SCIENCE BV,2018
4101,10.1016/j.inoche.2018.09.021,ELSEVIER SCIENCE BV,2018
4102,10.1016/j.inoche.2018.09.029,ELSEVIER,2018
4103,10.1016/j.inoche.2018.10.005,ELSEVIER SCIENCE BV,2018
4104,10.1016/j.inoche.2018.11.017,ELSEVIER SCIENCE BV,2019
4105,10.1016/j.inoche.2018.11.019,ELSEVIER SCIENCE BV,2019
4106,10.1016/j.inoche.2018.12.018,ELSEVIER SCIENCE BV,2019
4107,10.1016/j.inoche.2018.12.024,ELSEVIER SCIENCE BV,2019
4108,10.1016/j.inoche.2019.01.009,ELSEVIER SCIENCE BV,2019
4109,10.1016/j.inoche.2019.01.025,ELSEVIER SCIENCE BV,2019
4110,10.1016/j.inoche.2019.01.034,ELSEVIER SCIENCE BV,2019
4111,10.1016/j.inoche.2019.02.024,ELSEVIER SCIENCE BV,2019
4112,10.1016/j.inoche.2019.02.027,ELSEVIER SCIENCE BV,2019
4113,10.1016/j.inoche.2019.02.033,ELSEVIER SCIENCE BV,2019
4114,10.1016/j.inoche.2019.02.037,ELSEVIER SCIENCE BV,2019
4115,10.1016/j.inoche.2019.03.036,ELSEVIER,2019
4116,10.1016/j.inoche.2019.04.021,ELSEVIER,2019
4117,10.1016/j.inoche.2019.05.008,ELSEVIER,2019
4118,10.1016/j.inoche.2019.05.013,ELSEVIER,2019
4119,10.1016/j.inoche.2019.05.038,ELSEVIER,2019
4120,10.1016/j.inoche.2019.06.003,ELSEVIER,2019
4121,10.1016/j.inoche.2019.107448,ELSEVIER,2019
4122,10.1016/j.inoche.2019.107474,ELSEVIER,2019
4123,10.1016/j.inoche.2019.107488,ELSEVIER,2019
4124,10.1016/j.inoche.2019.107512,ELSEVIER,2019
4125,10.1016/j.inoche.2019.107536,ELSEVIER,2019
4126,10.1016/j.inoche.2019.107543,ELSEVIER,2019
4127,10.1016/j.inoche.2019.107566,ELSEVIER,2019
4128,10.1016/j.inoche.2019.107575,ELSEVIER,2019
4129,10.1016/j.inoche.2019.107597,ELSEVIER,2020
4130,10.1016/j.inoche.2019.107624,ELSEVIER,2020
4131,10.1016/j.inoche.2019.107627,ELSEVIER,2020
4132,10.1016/j.inoche.2019.107641,ELSEVIER,2020
4133,10.1016/j.inoche.2019.107667,ELSEVIER,2020
4134,10.1016/j.inoche.2019.107671,ELSEVIER,2020
4135,10.1016/j.inoche.2019.107713,ELSEVIER,2020
4136,10.1016/j.inoche.2019.107726,ELSEVIER,2020
4137,10.1016/j.inoche.2019.107734,ELSEVIER,2020
4138,10.1016/j.inoche.2020.107766,ELSEVIER,2020
4139,10.1016/j.inoche.2020.107773,ELSEVIER,2020
4140,10.1016/j.inoche.2020.107797,ELSEVIER,2020
4141,10.1016/j.inoche.2020.107805,ELSEVIER,2020
4142,10.1016/j.inoche.2020.107812,ELSEVIER,2020
4143,10.1016/j.inoche.2020.107813,ELSEVIER,2020
4144,10.1016/j.inoche.2020.107864,ELSEVIER,2020
4145,10.1016/j.inoche.2020.107887,ELSEVIER,2020
4146,10.1016/j.inoche.2020.107912,ELSEVIER,2020
4147,10.1016/j.inoche.2020.107949,ELSEVIER,2020
4148,10.1016/j.inoche.2020.107975,ELSEVIER,2020
4149,10.1016/j.inoche.2020.108011,ELSEVIER,2020
4150,10.1016/j.inoche.2020.108030,ELSEVIER,2020
4151,10.1016/j.inoche.2020.108032,ELSEVIER,2020
4152,10.1016/j.inoche.2020.108076,ELSEVIER,2020
4153,10.1016/j.inoche.2020.108084,ELSEVIER,2020
4154,10.1016/j.inoche.2020.108123,ELSEVIER,2020
4155,10.1016/j.inoche.2020.108197,ELSEVIER,2020
4156,10.1016/j.inoche.2020.108233,ELSEVIER,2020
4157,10.1016/j.inoche.2020.108235,ELSEVIER,2020
4158,10.1016/j.inoche.2020.108279,ELSEVIER,2020
4159,10.1016/j.inoche.2020.108293,ELSEVIER,2020
4160,10.1016/j.inoche.2020.108368,ELSEVIER,2021
4161,10.1016/j.inoche.2021.108449,ELSEVIER,2021
4162,10.1016/j.inoche.2021.108458,ELSEVIER,2021
4163,10.1016/j.inoche.2021.108502,ELSEVIER,2021
4164,10.1016/j.inoche.2021.108550,ELSEVIER,2021
4165,10.1016/j.inoche.2021.108584,ELSEVIER,2021
4166,10.1016/j.inoche.2021.108604,ELSEVIER,2021
4167,10.1016/j.inoche.2021.108605,ELSEVIER,2021
4168,10.1016/j.inoche.2021.108609,ELSEVIER,2021
4169,10.1016/j.inoche.2021.108613,ELSEVIER,2021
4170,10.1016/j.inoche.2021.108644,ELSEVIER,2021
4171,10.1016/j.inoche.2021.108657,ELSEVIER,2021
4172,10.1016/j.inoche.2021.108682,ELSEVIER,2021
4173,10.1016/j.inoche.2021.108693,ELSEVIER,2021
4174,10.1016/j.inoche.2021.108782,ELSEVIER,2021
4175,10.1016/j.inoche.2021.108794,ELSEVIER,2021
4176,10.1016/j.inoche.2021.108819,ELSEVIER,2021
4177,10.1016/j.inoche.2021.108828,ELSEVIER,2021
4178,10.1016/j.inoche.2021.108870,ELSEVIER,2021
4179,10.1016/j.inoche.2021.108896,ELSEVIER,2021
4180,10.1016/j.inoche.2021.108928,ELSEVIER,2021
4181,10.1016/j.inoche.2021.108944,ELSEVIER,2021
4182,10.1016/j.inoche.2021.108997,ELSEVIER,2021
4183,10.1016/j.inoche.2021.109017,ELSEVIER,2021
4184,10.1016/j.inoche.2021.109078,ELSEVIER,2022
4185,10.1016/j.inoche.2021.109126,ELSEVIER,2022
4186,10.1016/j.inoche.2021.109141,ELSEVIER,2022
4187,10.1016/j.inoche.2022.109251,ELSEVIER,2022
4188,10.1016/j.inoche.2022.109405,ELSEVIER,2022
4189,10.1016/j.inoche.2022.109431,ELSEVIER,2022
4190,10.1016/j.inoche.2022.109534,ELSEVIER,2022
4191,10.1016/j.inoche.2022.109696,ELSEVIER,2022
4192,10.1016/j.inoche.2022.110070,ELSEVIER,2022
4193,10.1016/j.inoche.2022.110078,ELSEVIER,2022
4194,10.1016/j.inoche.2022.110109,ELSEVIER,2022
4195,10.1016/j.inoche.2022.110137,ELSEVIER,2022
4196,10.1016/j.inoche.2022.110145,ELSEVIER,2023
4197,10.1016/j.inoche.2022.110196,ELSEVIER,2022
4198,10.1016/j.inoche.2022.110280,ELSEVIER,2023
4199,10.1016/j.inoche.2022.110348,ELSEVIER,2023
4200,10.1016/j.inoche.2023.110455,ELSEVIER,2023
4201,10.1016/j.inoche.2023.110477,ELSEVIER,2023
4202,10.1016/j.inoche.2023.110542,ELSEVIER,2023
4203,10.1016/j.inoche.2023.110748,ELSEVIER,2023
4204,10.1016/j.inoche.2023.110783,ELSEVIER,2023
4205,10.1016/j.inoche.2023.110920,ELSEVIER,2023
4206,10.1016/j.inoche.2023.111056,ELSEVIER,2023
4207,10.1016/j.inoche.2023.111095,ELSEVIER,2023
4208,10.1016/j.inoche.2023.111108,ELSEVIER,2023
4209,10.1016/j.inoche.2023.111252,ELSEVIER,2023
4210,10.1016/j.inoche.2023.111258,ELSEVIER,2023
4211,10.1016/j.inoche.2023.111290,ELSEVIER,2023
4212,10.1016/j.inoche.2023.111340,ELSEVIER,2023
4213,10.1016/j.inoche.2023.111394,ELSEVIER,2023
4214,10.1016/j.inoche.2023.111403,ELSEVIER,2023
4215,10.1016/j.inoche.2023.111436,ELSEVIER,2023
4216,10.1016/j.inoche.2023.111476,ELSEVIER,2023
4217,10.1016/j.inoche.2023.111561,ELSEVIER,2023
4218,10.1016/j.inoche.2023.111612,ELSEVIER,2023
4219,10.1016/j.inoche.2023.111634,ELSEVIER,2023
4220,10.1016/j.inoche.2023.111679,ELSEVIER,2023
4221,10.1016/j.inoche.2023.111819,ELSEVIER,2024
4222,10.1016/j.inoche.2023.111897,ELSEVIER,2024
4223,10.1016/j.inoche.2023.111982,ELSEVIER,2024
4224,10.1016/j.inoche.2024.112172,ELSEVIER,2024
4225,10.1016/j.inoche.2024.112574,ELSEVIER,2024
4226,10.1016/j.inoche.2024.112581,ELSEVIER,2024
4227,10.1016/j.inoche.2024.112741,ELSEVIER,2024
4228,10.1016/j.inoche.2024.112757,ELSEVIER,2024
4229,10.1016/j.inoche.2024.112781,ELSEVIER,2024
4230,10.1016/j.inoche.2024.112813,ELSEVIER,2024
4231,10.1016/j.inoche.2024.112915,ELSEVIER,2024
4232,10.1016/j.inoche.2024.112927,ELSEVIER,2024
4233,10.1016/j.inoche.2024.112951,ELSEVIER,2024
4234,10.1016/j.inoche.2024.113150,ELSEVIER,2024
4235,10.1016/j.inoche.2024.113174,ELSEVIER,2024
4236,10.1016/j.inoche.2024.113262,ELSEVIER,2024
4237,10.1016/j.inoche.2024.113297,ELSEVIER,2024
4238,10.1016/j.inoche.2024.113333,ELSEVIER,2024
4239,10.1016/j.inoche.2024.113351,ELSEVIER,2024
4240,10.1016/j.inoche.2024.113475,ELSEVIER,2025
4241,10.1016/j.inoche.2024.113582,ELSEVIER,2025
4242,10.1016/j.inoche.2024.113589,ELSEVIER,2025
4243,10.1016/j.inoche.2024.113590,ELSEVIER,2025
4244,10.1016/j.inoche.2024.113686,ELSEVIER,2025
4245,10.1016/j.inoche.2024.113833,ELSEVIER,2025
4246,10.1016/j.inoche.2025.113978,ELSEVIER,2025
4247,10.1016/j.inoche.2025.114003,ELSEVIER,2025
4248,10.1016/j.inoche.2025.114026,ELSEVIER,2025
4249,10.1016/j.inoche.2025.114105,ELSEVIER,2025
4250,10.1016/j.inoche.2025.114194,ELSEVIER,2025
4251,10.1016/j.inoche.2025.114321,ELSEVIER,2025
4252,10.1016/j.inoche.2025.114429,ELSEVIER,2025
4253,10.1016/j.inoche.2025.114444,ELSEVIER,2025
4254,10.1016/j.inoche.2025.114661,ELSEVIER,2025
4255,10.1016/j.inoche2014.09.033,ELSEVIER SCIENCE BV,2014
4256,10.1016/j.jaap.2015.08.018,ELSEVIER,2015
4257,10.1016/j.jallcom.2007.04.198,ELSEVIER SCIENCE SA,2008
4258,10.1016/j.jallcom.2007.04.199,ELSEVIER SCIENCE SA,2008
4259,10.1016/j.jallcom.2009.11.203,ELSEVIER SCIENCE SA,2010
4260,10.1016/j.jallcom.2012.06.030,ELSEVIER SCIENCE SA,2012
4261,10.1016/j.jallcom.2013.09.195,ELSEVIER SCIENCE SA,2014
4262,10.1016/j.jallcom.2016.11.220,ELSEVIER SCIENCE SA,2017
4263,10.1016/j.jallcom.2017.01.260,ELSEVIER SCIENCE SA,2017
4264,10.1016/j.jallcom.2017.07.095,ELSEVIER SCIENCE SA,2017
4265,10.1016/j.jallcom.2018.12.157,ELSEVIER SCIENCE SA,2019
4266,10.1016/j.jallcom.2019.03.186,ELSEVIER SCIENCE SA,2019
4267,10.1016/j.jallcom.2020.156578,ELSEVIER SCIENCE SA,2021
4268,10.1016/j.jallcom.2021.160353,ELSEVIER SCIENCE SA,2021
4269,10.1016/j.jallcom.2021.161494,ELSEVIER SCIENCE SA,2021
4270,10.1016/j.jallcom.2021.161860,ELSEVIER SCIENCE SA,2022
4271,10.1016/j.jallcom.2021.163178,ELSEVIER SCIENCE SA,2022
4272,10.1016/j.jallcom.2022.165900,ELSEVIER SCIENCE SA,2022
4273,10.1016/j.jallcom.2022.165939,ELSEVIER SCIENCE SA,2022
4274,10.1016/j.jallcom.2022.167647,ELSEVIER SCIENCE SA,2023
4275,10.1016/j.jallcom.2023.169138,ELSEVIER SCIENCE SA,2023
4276,10.1016/j.jallcom.2023.169747,ELSEVIER SCIENCE SA,2023
4277,10.1016/j.jallcom.2023.170289,ELSEVIER SCIENCE SA,2023
4278,10.1016/j.jallcom.2023.170309,ELSEVIER SCIENCE SA,2023
4279,10.1016/j.jallcom.2023.171811,ELSEVIER SCIENCE SA,2023
4280,10.1016/j.jallcom.2023.172897,ELSEVIER SCIENCE SA,2024
4281,10.1016/j.jallcom.2025.178701,ELSEVIER SCIENCE SA,2025
4282,10.1016/j.jallcom.2025.181123,ELSEVIER SCIENCE SA,2025
4283,10.1016/j.jcat.2008.05.021,ACADEMIC PRESS INC ELSEVIER SCIENCE,2008
4284,10.1016/j.jcat.2009.04.021,ACADEMIC PRESS INC ELSEVIER SCIENCE,2009
4285,10.1016/j.jcat.2009.11.011,ACADEMIC PRESS INC ELSEVIER SCIENCE,2010
4286,10.1016/j.jcat.2011.04.004,ACADEMIC PRESS INC ELSEVIER SCIENCE,2011
4287,10.1016/j.jcat.2011.10.001,ACADEMIC PRESS INC ELSEVIER SCIENCE,2012
4288,10.1016/j.jcat.2012.01.013,ACADEMIC PRESS INC ELSEVIER SCIENCE,2012
4289,10.1016/j.jcat.2012.05.003,ACADEMIC PRESS INC ELSEVIER SCIENCE,2012
4290,10.1016/j.jcat.2012.11.029,ACADEMIC PRESS INC ELSEVIER SCIENCE,2013
4291,10.1016/j.jcat.2012.12.004,ACADEMIC PRESS INC ELSEVIER SCIENCE,2013
4292,10.1016/j.jcat.2013.08.001,ACADEMIC PRESS INC ELSEVIER SCIENCE,2013
4293,10.1016/j.jcat.2014.05.019,ACADEMIC PRESS INC ELSEVIER SCIENCE,2014
4294,10.1016/j.jcat.2014.09.010,ACADEMIC PRESS INC ELSEVIER SCIENCE,2014
4295,10.1016/j.jcat.2015.10.026,ACADEMIC PRESS INC ELSEVIER SCIENCE,2016
4296,10.1016/j.jcat.2015.11.012,ACADEMIC PRESS INC ELSEVIER SCIENCE,2016
4297,10.1016/j.jcat.2016.01.030,ACADEMIC PRESS INC ELSEVIER SCIENCE,2016
4298,10.1016/j.jcat.2016.02.013,ACADEMIC PRESS INC ELSEVIER SCIENCE,2016
4299,10.1016/j.jcat.2016.07.021,ACADEMIC PRESS INC ELSEVIER SCIENCE,2016
4300,10.1016/j.jcat.2017.02.013,ACADEMIC PRESS INC ELSEVIER SCIENCE,2017
4301,10.1016/j.jcat.2017.08.009,ACADEMIC PRESS INC ELSEVIER SCIENCE,2017
4302,10.1016/j.jcat.2017.08.012,ACADEMIC PRESS INC ELSEVIER SCIENCE,2017
4303,10.1016/j.jcat.2018.02.033,ACADEMIC PRESS INC ELSEVIER SCIENCE,2018
4304,10.1016/j.jcat.2018.06.013,ACADEMIC PRESS INC ELSEVIER SCIENCE,2018
4305,10.1016/j.jcat.2018.08.009,ACADEMIC PRESS INC ELSEVIER SCIENCE,2018
4306,10.1016/j.jcat.2018.10.035,ACADEMIC PRESS INC ELSEVIER SCIENCE,2019
4307,10.1016/j.jcat.2018.11.031,ACADEMIC PRESS INC ELSEVIER SCIENCE,2019
4308,10.1016/j.jcat.2019.02.011,ACADEMIC PRESS INC ELSEVIER SCIENCE,2019
4309,10.1016/j.jcat.2019.03.008,ACADEMIC PRESS INC ELSEVIER SCIENCE,2019
4310,10.1016/j.jcat.2019.04.023,ACADEMIC PRESS INC ELSEVIER SCIENCE,2019
4311,10.1016/j.jcat.2019.06.024,ACADEMIC PRESS INC ELSEVIER SCIENCE,2019
4312,10.1016/j.jcat.2019.08.038,ACADEMIC PRESS INC ELSEVIER SCIENCE,2019
4313,10.1016/j.jcat.2019.11.031,ACADEMIC PRESS INC ELSEVIER SCIENCE,2020
4314,10.1016/j.jcat.2020.04.013,ACADEMIC PRESS INC ELSEVIER SCIENCE,2020
4315,10.1016/j.jcat.2020.05.010,ACADEMIC PRESS INC ELSEVIER SCIENCE,2020
4316,10.1016/j.jcat.2020.05.033,ACADEMIC PRESS INC ELSEVIER SCIENCE,2020
4317,10.1016/j.jcat.2020.09.024,ACADEMIC PRESS INC ELSEVIER SCIENCE,2020
4318,10.1016/j.jcat.2020.09.037,ACADEMIC PRESS INC ELSEVIER SCIENCE,2020
4319,10.1016/j.jcat.2021.08.008,ACADEMIC PRESS INC ELSEVIER SCIENCE,2021
4320,10.1016/j.jcat.2022.01.010,ACADEMIC PRESS INC ELSEVIER SCIENCE,2022
4321,10.1016/j.jcat.2022.01.031,ACADEMIC PRESS INC ELSEVIER SCIENCE,2022
4322,10.1016/j.jcat.2022.03.009,ACADEMIC PRESS INC ELSEVIER SCIENCE,2022
4323,10.1016/j.jcat.2022.09.021,ACADEMIC PRESS INC ELSEVIER SCIENCE,2022
4324,10.1016/j.jcat.2022.10.021,ACADEMIC PRESS INC ELSEVIER SCIENCE,2022
4325,10.1016/j.jcat.2023.03.002,ACADEMIC PRESS INC ELSEVIER SCIENCE,2023
4326,10.1016/j.jcat.2023.115181,ACADEMIC PRESS INC ELSEVIER SCIENCE,2023
4327,10.1016/j.jcat.2023.115249,ACADEMIC PRESS INC ELSEVIER SCIENCE,2024
4328,10.1016/j.jcat.2024.115308,ACADEMIC PRESS INC ELSEVIER SCIENCE,2024
4329,10.1016/j.jcat.2024.115395,ACADEMIC PRESS INC ELSEVIER SCIENCE,2024
4330,10.1016/j.jcat.2024.115516,ACADEMIC PRESS INC ELSEVIER SCIENCE,2024
4331,10.1016/j.jcat.2024.115571,ACADEMIC PRESS INC ELSEVIER SCIENCE,2024
4332,10.1016/j.jcat.2024.115589,ACADEMIC PRESS INC ELSEVIER SCIENCE,2024
4333,10.1016/j.jcat.2024.115641,ACADEMIC PRESS INC ELSEVIER SCIENCE,2024
4334,10.1016/j.jcat.2025.116309,ACADEMIC PRESS INC ELSEVIER SCIENCE,2025
4335,10.1016/j.jcis.2011.09.060,ACADEMIC PRESS INC ELSEVIER SCIENCE,2012
4336,10.1016/j.jcis.2014.03.014,ACADEMIC PRESS INC ELSEVIER SCIENCE,2014
4337,10.1016/j.jcis.2014.03.066,ACADEMIC PRESS INC ELSEVIER SCIENCE,2014
4338,10.1016/j.jcis.2014.05.021,ACADEMIC PRESS INC ELSEVIER SCIENCE,2014
4339,10.1016/j.jcis.2015.01.027,ACADEMIC PRESS INC ELSEVIER SCIENCE,2015
4340,10.1016/j.jcis.2015.05.005,ACADEMIC PRESS INC ELSEVIER SCIENCE,2015
4341,10.1016/j.jcis.2015.09.015,ACADEMIC PRESS INC ELSEVIER SCIENCE,2016
4342,10.1016/j.jcis.2015.11.036,ACADEMIC PRESS INC ELSEVIER SCIENCE,2016
4343,10.1016/j.jcis.2016.05.057,ACADEMIC PRESS INC ELSEVIER SCIENCE,2016
4344,10.1016/j.jcis.2016.09.068,ACADEMIC PRESS INC ELSEVIER SCIENCE,2017
4345,10.1016/j.jcis.2016.11.081,ACADEMIC PRESS INC ELSEVIER SCIENCE,2017
4346,10.1016/j.jcis.2016.11.100,ACADEMIC PRESS INC ELSEVIER SCIENCE,2017
4347,10.1016/j.jcis.2017.01.060,ACADEMIC PRESS INC ELSEVIER SCIENCE,2017
4348,10.1016/j.jcis.2017.01.091,ACADEMIC PRESS INC ELSEVIER SCIENCE,2017
4349,10.1016/j.jcis.2017.03.101,ACADEMIC PRESS INC ELSEVIER SCIENCE,2017
4350,10.1016/j.jcis.2017.07.022,ACADEMIC PRESS INC ELSEVIER SCIENCE,2017
4351,10.1016/j.jcis.2017.11.034,ACADEMIC PRESS INC ELSEVIER SCIENCE,2018
4352,10.1016/j.jcis.2017.12.014,ACADEMIC PRESS INC ELSEVIER SCIENCE,2018
4353,10.1016/j.jcis.2018.01.070,ACADEMIC PRESS INC ELSEVIER SCIENCE,2018
4354,10.1016/j.jcis.2018.01.112,ACADEMIC PRESS INC ELSEVIER SCIENCE,2018
4355,10.1016/j.jcis.2018.02.003,ACADEMIC PRESS INC ELSEVIER SCIENCE,2018
4356,10.1016/j.jcis.2018.04.063,ACADEMIC PRESS INC ELSEVIER SCIENCE,2018
4357,10.1016/j.jcis.2018.04.095,ACADEMIC PRESS INC ELSEVIER SCIENCE,2018
4358,10.1016/j.jcis.2018.05.008,ACADEMIC PRESS INC ELSEVIER SCIENCE,2018
4359,10.1016/j.jcis.2018.07.140,ACADEMIC PRESS INC ELSEVIER SCIENCE,2018
4360,10.1016/j.jcis.2018.08.029,ACADEMIC PRESS INC ELSEVIER SCIENCE,2018
4361,10.1016/j.jcis.2018.09.086,ACADEMIC PRESS INC ELSEVIER SCIENCE,2019
4362,10.1016/j.jcis.2019.06.064,ACADEMIC PRESS INC ELSEVIER SCIENCE,2019
4363,10.1016/j.jcis.2019.08.051,ACADEMIC PRESS INC ELSEVIER SCIENCE,2019
4364,10.1016/j.jcis.2019.09.019,ACADEMIC PRESS INC ELSEVIER SCIENCE,2019
4365,10.1016/j.jcis.2019.10.093,ACADEMIC PRESS INC ELSEVIER SCIENCE,2020
4366,10.1016/j.jcis.2019.11.056,ACADEMIC PRESS INC ELSEVIER SCIENCE,2020
4367,10.1016/j.jcis.2020.03.076,ACADEMIC PRESS INC ELSEVIER SCIENCE,2020
4368,10.1016/j.jcis.2020.05.080,ACADEMIC PRESS INC ELSEVIER SCIENCE,2020
4369,10.1016/j.jcis.2020.12.070,ACADEMIC PRESS INC ELSEVIER SCIENCE,2021
4370,10.1016/j.jcis.2021.04.134,ACADEMIC PRESS INC ELSEVIER SCIENCE,2021
4371,10.1016/j.jcis.2021.05.136,ACADEMIC PRESS INC ELSEVIER SCIENCE,2021
4372,10.1016/j.jcis.2021.05.169,ACADEMIC PRESS INC ELSEVIER SCIENCE,2021
4373,10.1016/j.jcis.2021.09.031,ACADEMIC PRESS INC ELSEVIER SCIENCE,2022
4374,10.1016/j.jcis.2021.10.145,ACADEMIC PRESS INC ELSEVIER SCIENCE,2022
4375,10.1016/j.jcis.2021.12.163,ACADEMIC PRESS INC ELSEVIER SCIENCE,2022
4376,10.1016/j.jcis.2022.03.038,ACADEMIC PRESS INC ELSEVIER SCIENCE,2022
4377,10.1016/j.jcis.2022.03.066,ACADEMIC PRESS INC ELSEVIER SCIENCE,2022
4378,10.1016/j.jcis.2022.04.078,ACADEMIC PRESS INC ELSEVIER SCIENCE,2022
4379,10.1016/j.jcis.2022.04.095,ACADEMIC PRESS INC ELSEVIER SCIENCE,2022
4380,10.1016/j.jcis.2022.05.026,ACADEMIC PRESS INC ELSEVIER SCIENCE,2022
4381,10.1016/j.jcis.2022.05.082,ACADEMIC PRESS INC ELSEVIER SCIENCE,2022
4382,10.1016/j.jcis.2022.07.059,ACADEMIC PRESS INC ELSEVIER SCIENCE,2022
4383,10.1016/j.jcis.2022.07.185,ACADEMIC PRESS INC ELSEVIER SCIENCE,2022
4384,10.1016/j.jcis.2022.08.073,ACADEMIC PRESS INC ELSEVIER SCIENCE,2022
4385,10.1016/j.jcis.2022.08.133,ACADEMIC PRESS INC ELSEVIER SCIENCE,2023
4386,10.1016/j.jcis.2022.09.004,ACADEMIC PRESS INC ELSEVIER SCIENCE,2023
4387,10.1016/j.jcis.2023.01.143,ACADEMIC PRESS INC ELSEVIER SCIENCE,2023
4388,10.1016/j.jcis.2023.02.035,ACADEMIC PRESS INC ELSEVIER SCIENCE,2023
4389,10.1016/j.jcis.2023.05.039,ACADEMIC PRESS INC ELSEVIER SCIENCE,2023
4390,10.1016/j.jcis.2023.05.069,ACADEMIC PRESS INC ELSEVIER SCIENCE,2023
4391,10.1016/j.jcis.2023.06.136,ACADEMIC PRESS INC ELSEVIER SCIENCE,2023
4392,10.1016/j.jcis.2023.08.006,ACADEMIC PRESS INC ELSEVIER SCIENCE,2023
4393,10.1016/j.jcis.2023.09.010,ACADEMIC PRESS INC ELSEVIER SCIENCE,2023
4394,10.1016/j.jcis.2023.12.110,ACADEMIC PRESS INC ELSEVIER SCIENCE,2024
4395,10.1016/j.jcis.2024.01.012,ACADEMIC PRESS INC ELSEVIER SCIENCE,2024
4396,10.1016/j.jcis.2024.02.048,ACADEMIC PRESS INC ELSEVIER SCIENCE,2024
4397,10.1016/j.jcis.2024.02.067,ACADEMIC PRESS INC ELSEVIER SCIENCE,2024
4398,10.1016/j.jcis.2024.03.031,ACADEMIC PRESS INC ELSEVIER SCIENCE,2024
4399,10.1016/j.jcis.2024.03.181,ACADEMIC PRESS INC ELSEVIER SCIENCE,2024
4400,10.1016/j.jcis.2024.05.104,ACADEMIC PRESS INC ELSEVIER SCIENCE,2024
4401,10.1016/j.jcis.2024.05.125,ACADEMIC PRESS INC ELSEVIER SCIENCE,2024
4402,10.1016/j.jcis.2024.05.211,ACADEMIC PRESS INC ELSEVIER SCIENCE,2024
4403,10.1016/j.jcis.2024.06.125,ACADEMIC PRESS INC ELSEVIER SCIENCE,2024
4404,10.1016/j.jcis.2024.06.165,ACADEMIC PRESS INC ELSEVIER SCIENCE,2024
4405,10.1016/j.jcis.2024.10.169,ACADEMIC PRESS INC ELSEVIER SCIENCE,2025
4406,10.1016/j.jcis.2024.11.019,ACADEMIC PRESS INC ELSEVIER SCIENCE,2025
4407,10.1016/j.jcis.2025.02.088,ACADEMIC PRESS INC ELSEVIER SCIENCE,2025
4408,10.1016/j.jcis.2025.02.096,ACADEMIC PRESS INC ELSEVIER SCIENCE,2025
4409,10.1016/j.jcou.2015.01.003,ELSEVIER SCI LTD,2015
4410,10.1016/j.jcou.2016.04.008,ELSEVIER SCI LTD,2016
4411,10.1016/j.jcou.2016.10.004,ELSEVIER SCI LTD,2016
4412,10.1016/j.jcou.2016.11.005,ELSEVIER SCI LTD,2017
4413,10.1016/j.jcou.2016.12.001,ELSEVIER SCI LTD,2017
4414,10.1016/j.jcou.2017.01.019,ELSEVIER SCI LTD,2017
4415,10.1016/j.jcou.2017.03.004,ELSEVIER SCI LTD,2017
4416,10.1016/j.jcou.2017.05.026,ELSEVIER SCI LTD,2017
4417,10.1016/j.jcou.2017.09.007,ELSEVIER SCI LTD,2017
4418,10.1016/j.jcou.2017.10.015,ELSEVIER SCI LTD,2017
4419,10.1016/j.jcou.2017.11.004,ELSEVIER SCI LTD,2018
4420,10.1016/j.jcou.2018.02.004,ELSEVIER SCI LTD,2018
4421,10.1016/j.jcou.2018.03.006,ELSEVIER SCI LTD,2018
4422,10.1016/j.jcou.2018.08.002,ELSEVIER SCI LTD,2018
4423,10.1016/j.jcou.2018.10.015,ELSEVIER SCI LTD,2018
4424,10.1016/j.jcou.2019.09.001,ELSEVIER SCI LTD,2020
4425,10.1016/j.jcou.2019.09.005,ELSEVIER SCI LTD,2019
4426,10.1016/j.jcou.2019.10.021,ELSEVIER SCI LTD,2020
4427,10.1016/j.jcou.2019.12.008,ELSEVIER SCI LTD,2020
4428,10.1016/j.jcou.2020.01.004,ELSEVIER SCI LTD,2020
4429,10.1016/j.jcou.2020.101173,ELSEVIER SCI LTD,2020
4430,10.1016/j.jcou.2020.101177,ELSEVIER SCI LTD,2020
4431,10.1016/j.jcou.2020.101253,ELSEVIER SCI LTD,2020
4432,10.1016/j.jcou.2020.101297,ELSEVIER SCI LTD,2020
4433,10.1016/j.jcou.2020.101301,ELSEVIER SCI LTD,2020
4434,10.1016/j.jcou.2020.101324,ELSEVIER SCI LTD,2020
4435,10.1016/j.jcou.2021.101076,ELSEVIER SCI LTD,2021
4436,10.1016/j.jcou.2021.101575,ELSEVIER SCI LTD,2021
4437,10.1016/j.jcou.2021.101603,ELSEVIER SCI LTD,2021
4438,10.1016/j.jcou.2021.101718,ELSEVIER SCI LTD,2021
4439,10.1016/j.jcou.2022.101884,ELSEVIER SCI LTD,2022
4440,10.1016/j.jcou.2022.101905,ELSEVIER SCI LTD,2022
4441,10.1016/j.jcou.2022.101936,ELSEVIER SCI LTD,2022
4442,10.1016/j.jcou.2022.101951,ELSEVIER SCI LTD,2022
4443,10.1016/j.jcou.2022.101960,ELSEVIER SCI LTD,2022
4444,10.1016/j.jcou.2022.101961,ELSEVIER SCI LTD,2022
4445,10.1016/j.jcou.2022.102061,ELSEVIER SCI LTD,2022
4446,10.1016/j.jcou.2022.102166,ELSEVIER SCI LTD,2022
4447,10.1016/j.jcou.2022.102235,ELSEVIER SCI LTD,2022
4448,10.1016/j.jcou.2022.102262,ELSEVIER SCI LTD,2022
4449,10.1016/j.jcou.2022.102304,ELSEVIER SCI LTD,2023
4450,10.1016/j.jcou.2022.102352,ELSEVIER SCI LTD,2023
4451,10.1016/j.jcou.2023.102633,ELSEVIER SCI LTD,2023
4452,10.1016/j.jcou.2023.102636,ELSEVIER SCI LTD,2023
4453,10.1016/j.jcou.2023.102664,ELSEVIER SCI LTD,2024
4454,10.1016/j.jcou.2024.102933,ELSEVIER SCI LTD,2024
4455,10.1016/j.jcou.2025.103025,ELSEVIER SCI LTD,2025
4456,10.1016/j.jcou.2025.103035,ELSEVIER SCI LTD,2025
4457,10.1016/j.jcrysgro.2004.11.264,ELSEVIER,2005
4458,10.1016/j.jcrysgro.2016.07.004,ELSEVIER,2016
4459,10.1016/j.jcrysgro.2023.127348,ELSEVIER,2023
4460,10.1016/j.jct.2012.06.029,ACADEMIC PRESS LTD- ELSEVIER SCIENCE LTD,2012
4461,10.1016/j.jechem.2016.06.003,ELSEVIER SCIENCE BV,2016
4462,10.1016/j.jechem.2017.07.022,ELSEVIER SCIENCE BV,2017
4463,10.1016/j.jechem.2018.02.017,ELSEVIER,2019
4464,10.1016/j.jechem.2019.07.014,ELSEVIER,2020
4465,10.1016/j.jelechem.2017.11.001,ELSEVIER SCIENCE SA,2018
4466,10.1016/j.jelechem.2018.04.015,ELSEVIER SCIENCE SA,2018
4467,10.1016/j.jelechem.2018.06.006,ELSEVIER SCIENCE SA,2018
4468,10.1016/j.jelechem.2020.113939,ELSEVIER SCIENCE SA,2020
4469,10.1016/j.jelechem.2022.116124,ELSEVIER SCIENCE SA,2022
4470,10.1016/j.jelechem.2022.116306,ELSEVIER SCIENCE SA,2022
4471,10.1016/j.jelechem.2024.118445,ELSEVIER SCIENCE SA,2024
4472,10.1016/j.jfca.2019.103352,ACADEMIC PRESS INC ELSEVIER SCIENCE,2020
4473,10.1016/j.jfluchem.2013.02.016,ELSEVIER SCIENCE SA,2013
4474,10.1016/j.jfluchem.2014.08.002,ELSEVIER SCIENCE SA,2014
4475,10.1016/j.jfluchem.2016.01.006,ELSEVIER SCIENCE SA,2016
4476,10.1016/j.jfluchem.2016.07.003,ELSEVIER SCIENCE SA,2016
4477,10.1016/j.jfluchem.2017.12.005,ELSEVIER SCIENCE SA,2018
4478,10.1016/j.jics.2024.101125,ELSEVIER,2024
4479,10.1016/j.jics.2024.101166,ELSEVIER,2024
4480,10.1016/j.jics.2024.101335,ELSEVIER,2024
4481,10.1016/j.jics.2025.101756,ELSEVIER,2025
4482,10.1016/j.jiec.2013.01.026,ELSEVIER SCIENCE INC,2013
4483,10.1016/j.jiec.2016.04.014,ELSEVIER SCIENCE INC,2016
4484,10.1016/j.jiec.2016.08.025,ELSEVIER SCIENCE INC,2016
4485,10.1016/j.jiec.2017.04.022,ELSEVIER SCIENCE INC,2017
4486,10.1016/j.jiec.2017.05.020,ELSEVIER SCIENCE INC,2017
4487,10.1016/j.jiec.2017.05.028,ELSEVIER SCIENCE INC,2017
4488,10.1016/j.jiec.2018.03.006,ELSEVIER SCIENCE INC,2018
4489,10.1016/j.jiec.2018.07.003,ELSEVIER SCIENCE INC,2018
4490,10.1016/j.jiec.2018.11.040,ELSEVIER SCIENCE INC,2019
4491,10.1016/j.jiec.2019.07.038,ELSEVIER SCIENCE INC,2019
4492,10.1016/j.jiec.2019.08.013,ELSEVIER SCIENCE INC,2019
4493,10.1016/j.jiec.2020.03.001,ELSEVIER SCIENCE INC,2020
4494,10.1016/j.jiec.2020.04.015,ELSEVIER SCIENCE INC,2020
4495,10.1016/j.jiec.2020.04.031,ELSEVIER SCIENCE INC,2020
4496,10.1016/j.jiec.2020.05.013,ELSEVIER SCIENCE INC,2020
4497,10.1016/j.jiec.2020.05.016,ELSEVIER SCIENCE INC,2020
4498,10.1016/j.jiec.2020.07.009,ELSEVIER SCIENCE INC,2020
4499,10.1016/j.jiec.2021.08.004,ELSEVIER SCIENCE INC,2021
4500,10.1016/j.jiec.2021.12.036,ELSEVIER SCIENCE INC,2022
4501,10.1016/j.jiec.2022.04.016,ELSEVIER SCIENCE INC,2022
4502,10.1016/j.jiec.2022.05.021,ELSEVIER SCIENCE INC,2022
4503,10.1016/j.jiec.2023.03.027,ELSEVIER SCIENCE INC,2023
4504,10.1016/j.jiec.2023.06.032,ELSEVIER SCIENCE INC,2023
4505,10.1016/j.jiec.2023.08.037,ELSEVIER SCIENCE INC,2024
4506,10.1016/j.jiec.2023.09.013,ELSEVIER SCIENCE INC,2024
4507,10.1016/j.jiec.2023.12.021,ELSEVIER SCIENCE INC,2024
4508,10.1016/j.jiec.2024.03.037,ELSEVIER SCIENCE INC,2024
4509,10.1016/j.jiec.2024.04.031,ELSEVIER SCIENCE INC,2024
4510,10.1016/j.jiec.2024.05.019,ELSEVIER SCIENCE INC,2024
4511,10.1016/j.jiec.2025.01.020,ELSEVIER SCIENCE INC,2025
4512,10.1016/j.jinorgbio.2019.02.014,ELSEVIER SCIENCE INC,2019
4513,10.1016/j.jinorgbio.2019.110818,ELSEVIER SCIENCE INC,2019
4514,10.1016/j.jinorgbio.2019.110977,ELSEVIER SCIENCE INC,2020
4515,10.1016/j.jmat.2020.10.008,ELSEVIER,2021
4516,10.1016/j.jmgm.2022.108275,ELSEVIER SCIENCE INC,2022
4517,10.1016/j.jmmm.2017.08.013,ELSEVIER SCIENCE BV,2017
4518,10.1016/j.jmrt.2020.05.015,ELSEVIER,2020
4519,10.1016/j.jmrt.2022.03.028,ELSEVIER,2022
4520,10.1016/j.jmst.2024.03.066,ELSEVIER,2025
4521,10.1016/j.jmst.2024.11.036,ELSEVIER,2025
4522,10.1016/j.jnoncrysol.2019.119665,ELSEVIER,2019
4523,10.1016/j.jorganchem.2006.07.048,ELSEVIER SCIENCE SA,2007
4524,10.1016/j.jorganchem.2007.06.060,ELSEVIER SCIENCE SA,2007
4525,10.1016/j.jorganchem.2007.07.001,ELSEVIER SCIENCE SA,2007
4526,10.1016/j.jorganchem.2008.05.031,ELSEVIER SCIENCE SA,2008
4527,10.1016/j.jorganchem.2008.10.008,ELSEVIER SCIENCE SA,2009
4528,10.1016/j.jorganchem.2009.01.037,ELSEVIER SCIENCE SA,2009
4529,10.1016/j.jorganchem.2009.02.034,ELSEVIER SCIENCE SA,2009
4530,10.1016/j.jorganchem.2009.03.008,ELSEVIER SCIENCE SA,2009
4531,10.1016/j.jorganchem.2010.07.010,ELSEVIER SCIENCE SA,2010
4532,10.1016/j.jorganchem.2010.12.009,ELSEVIER SCIENCE SA,2011
4533,10.1016/j.jorganchem.2011.12.017,ELSEVIER SCIENCE SA,2012
4534,10.1016/j.jorganchem.2012.02.029,ELSEVIER SCIENCE SA,2012
4535,10.1016/j.jorganchem.2012.08.008,ELSEVIER SCIENCE SA,2012
4536,10.1016/j.jorganchem.2013.04.040,ELSEVIER SCIENCE SA,2013
4537,10.1016/j.jorganchem.2014.10.006,ELSEVIER SCIENCE SA,2014
4538,10.1016/j.jorganchem.2017.07.030,ELSEVIER SCIENCE SA,2017
4539,10.1016/j.jorganchem.2017.08.013,ELSEVIER SCIENCE SA,2018
4540,10.1016/j.jorganchem.2017.10.011,ELSEVIER SCIENCE SA,2017
4541,10.1016/j.jorganchem.2017.11.027,ELSEVIER SCIENCE SA,2018
4542,10.1016/j.jorganchem.2018.01.029,ELSEVIER SCIENCE SA,2018
4543,10.1016/j.jorganchem.2018.04.032,ELSEVIER SCIENCE SA,2018
4544,10.1016/j.jorganchem.2018.11.003,ELSEVIER SCIENCE SA,2019
4545,10.1016/j.jorganchem.2019.07.018,ELSEVIER SCIENCE SA,2019
4546,10.1016/j.jorganchem.2019.120935,ELSEVIER SCIENCE SA,2019
4547,10.1016/j.jorganchem.2020.121171,ELSEVIER SCIENCE SA,2020
4548,10.1016/j.jorganchem.2021.122156,ELSEVIER SCIENCE SA,2022
4549,10.1016/j.jorganchem.2021.122158,ELSEVIER SCIENCE SA,2022
4550,10.1016/j.jorganchem.2021.122221,ELSEVIER SCIENCE SA,2022
4551,10.1016/j.jorganchem.2022.122497,ELSEVIER SCIENCE SA,2022
4552,10.1016/j.jorganchem.2023.122646,ELSEVIER SCIENCE SA,2023
4553,10.1016/j.jorganchem.2023.122712,ELSEVIER SCIENCE SA,2023
4554,10.1016/j.jorganchem.2023.122778,ELSEVIER SCIENCE SA,2023
4555,10.1016/j.jorganchem.2023.122873,ELSEVIER SCIENCE SA,2023
4556,10.1016/j.jorganchem.2023.122903,ELSEVIER SCIENCE SA,2023
4557,10.1016/j.jorganchem.2023.122922,ELSEVIER SCIENCE SA,2024
4558,10.1016/j.jorganchem.2024.123074,ELSEVIER SCIENCE SA,2024
4559,10.1016/j.jorganchem.2024.123169,ELSEVIER SCIENCE SA,2024
4560,10.1016/j.jorganchem.2024.123403,ELSEVIER SCIENCE SA,2024
4561,10.1016/j.jorganchem.2025.123542,ELSEVIER SCIENCE SA,2025
4562,10.1016/j.jorganchem.2025.123563,ELSEVIER SCIENCE SA,2025
4563,10.1016/j.joule.2017.07.018,CELL PRESS,2017
4564,10.1016/j.jpba.2022.115026,ELSEVIER,2022
4565,10.1016/j.jpcs.2006.11.001,PERGAMON-ELSEVIER SCIENCE LTD,2007
4566,10.1016/j.jpcs.2017.07.006,PERGAMON-ELSEVIER SCIENCE LTD,2017
4567,10.1016/j.jpcs.2020.109817,PERGAMON-ELSEVIER SCIENCE LTD,2021
4568,10.1016/j.jpcs.2023.111699,PERGAMON-ELSEVIER SCIENCE LTD,2024
4569,10.1016/j.jpcs.2024.112452,PERGAMON-ELSEVIER SCIENCE LTD,2025
4570,10.1016/j.jphotochem.2015.10.023,ELSEVIER SCIENCE SA,2016
4571,10.1016/j.jphotochem.2017.04.025,ELSEVIER SCIENCE SA,2017
4572,10.1016/j.jphotochem.2017.09.069,ELSEVIER SCIENCE SA,2018
4573,10.1016/j.jphotochem.2017.10.041,ELSEVIER SCIENCE SA,2018
4574,10.1016/j.jphotochem.2018.06.032,ELSEVIER SCIENCE SA,2018
4575,10.1016/j.jphotochem.2018.06.044,ELSEVIER SCIENCE SA,2018
4576,10.1016/j.jphotochem.2018.10.042,ELSEVIER SCIENCE SA,2019
4577,10.1016/j.jphotochem.2019.111986,ELSEVIER SCIENCE SA,2019
4578,10.1016/j.jphotochem.2019.112240,ELSEVIER SCIENCE SA,2020
4579,10.1016/j.jphotochem.2021.113572,ELSEVIER SCIENCE SA,2022
4580,10.1016/j.jphotochem.2022.113960,ELSEVIER SCIENCE SA,2022
4581,10.1016/j.jphotochem.2023.114776,ELSEVIER SCIENCE SA,2023
4582,10.1016/j.jphotochem.2023.115263,ELSEVIER SCIENCE SA,2024
4583,10.1016/j.jphotochem.2023.115306,ELSEVIER SCIENCE SA,2024
4584,10.1016/j.jphotochem.2023.115333,ELSEVIER SCIENCE SA,2024
4585,10.1016/j.jphotochem.2024.115827,ELSEVIER SCIENCE SA,2024
4586,10.1016/j.jphotochem.2024.115842,ELSEVIER SCIENCE SA,2024
4587,10.1016/j.jpowsour.2017.11.089,ELSEVIER,2018
4588,10.1016/j.jre.2019.09.001,ELSEVIER,2020
4589,10.1016/j.jre.2020.01.012,ELSEVIER,2020
4590,10.1016/j.jre.2021.01.019,ELSEVIER,2021
4591,10.1016/j.jre.2022.01.012,ELSEVIER,2023
4592,10.1016/j.jre.2022.02.019,ELSEVIER,2023
4593,10.1016/j.jre.2023.02.016,ELSEVIER,2024
4594,10.1016/j.jscs.2017.06.002,ELSEVIER SCIENCE BV,2018
4595,10.1016/j.jscs.2020.09.006,ELSEVIER,2020
4596,10.1016/j.jscs.2024.101817,ELSEVIER,2024
4597,10.1016/j.jscs.2024.101856,ELSEVIER,2024
4598,10.1016/j.jssc.2003.09.005,ACADEMIC PRESS INC ELSEVIER SCIENCE,2004
4599,10.1016/j.jssc.2004.05.001,ACADEMIC PRESS INC ELSEVIER SCIENCE,2004
4600,10.1016/j.jssc.2004.05.022,ACADEMIC PRESS INC ELSEVIER SCIENCE,2004
4601,10.1016/j.jssc.2004.12.004,ACADEMIC PRESS INC ELSEVIER SCIENCE,2005
4602,10.1016/j.jssc.2005.02.025,ACADEMIC PRESS INC ELSEVIER SCIENCE,2005
4603,10.1016/j.jssc.2005.06.013,ACADEMIC PRESS INC ELSEVIER SCIENCE,2005
4604,10.1016/j.jssc.2005.07.003,ACADEMIC PRESS INC ELSEVIER SCIENCE,2005
4605,10.1016/j.jssc.2005.08.013,ACADEMIC PRESS INC ELSEVIER SCIENCE,2005
4606,10.1016/j.jssc.2005.08.014,ACADEMIC PRESS INC ELSEVIER SCIENCE,2005
4607,10.1016/j.jssc.2005.12.012,ACADEMIC PRESS INC ELSEVIER SCIENCE,2006
4608,10.1016/j.jssc.2006.04.048,ACADEMIC PRESS INC ELSEVIER SCIENCE,2006
4609,10.1016/j.jssc.2006.07.040,ACADEMIC PRESS INC ELSEVIER SCIENCE,2006
4610,10.1016/j.jssc.2006.08.001,ACADEMIC PRESS INC ELSEVIER SCIENCE,2006
4611,10.1016/j.jssc.2007.03.019,ACADEMIC PRESS INC ELSEVIER SCIENCE,2007
4612,10.1016/j.jssc.2007.04.010,ACADEMIC PRESS INC ELSEVIER SCIENCE,2007
4613,10.1016/j.jssc.2007.12.039,ACADEMIC PRESS INC ELSEVIER SCIENCE,2008
4614,10.1016/j.jssc.2008.03.036,ACADEMIC PRESS INC ELSEVIER SCIENCE,2008
4615,10.1016/j.jssc.2008.04.045,ACADEMIC PRESS INC ELSEVIER SCIENCE,2008
4616,10.1016/j.jssc.2008.05.007,ACADEMIC PRESS INC ELSEVIER SCIENCE,2008
4617,10.1016/j.jssc.2008.05.011,ACADEMIC PRESS INC ELSEVIER SCIENCE,2008
4618,10.1016/j.jssc.2008.05.039,ACADEMIC PRESS INC ELSEVIER SCIENCE,2008
4619,10.1016/j.jssc.2008.05.045,ACADEMIC PRESS INC ELSEVIER SCIENCE,2008
4620,10.1016/j.jssc.2008.08.006,ACADEMIC PRESS INC ELSEVIER SCIENCE,2008
4621,10.1016/j.jssc.2008.09.018,ACADEMIC PRESS INC ELSEVIER SCIENCE,2009
4622,10.1016/j.jssc.2008.11.016,ACADEMIC PRESS INC ELSEVIER SCIENCE,2009
4623,10.1016/j.jssc.2008.11.018,ACADEMIC PRESS INC ELSEVIER SCIENCE,2009
4624,10.1016/j.jssc.2008.11.019,ACADEMIC PRESS INC ELSEVIER SCIENCE,2009
4625,10.1016/j.jssc.2008.11.031,ACADEMIC PRESS INC ELSEVIER SCIENCE,2009
4626,10.1016/j.jssc.2008.12.022,ACADEMIC PRESS INC ELSEVIER SCIENCE,2009
4627,10.1016/j.jssc.2009.03.010,ACADEMIC PRESS INC ELSEVIER SCIENCE,2009
4628,10.1016/j.jssc.2009.03.012,ACADEMIC PRESS INC ELSEVIER SCIENCE,2009
4629,10.1016/j.jssc.2009.03.019,ACADEMIC PRESS INC ELSEVIER SCIENCE,2009
4630,10.1016/j.jssc.2009.04.034,ACADEMIC PRESS INC ELSEVIER SCIENCE,2009
4631,10.1016/j.jssc.2009.06.007,ACADEMIC PRESS INC ELSEVIER SCIENCE,2009
4632,10.1016/j.jssc.2009.06.041,ACADEMIC PRESS INC ELSEVIER SCIENCE,2009
4633,10.1016/j.jssc.2009.06.042,ACADEMIC PRESS INC ELSEVIER SCIENCE,2009
4634,10.1016/j.jssc.2009.07.019,ACADEMIC PRESS INC ELSEVIER SCIENCE,2009
4635,10.1016/j.jssc.2009.07.048,ACADEMIC PRESS INC ELSEVIER SCIENCE,2009
4636,10.1016/j.jssc.2009.07.059,ACADEMIC PRESS INC ELSEVIER SCIENCE,2009
4637,10.1016/j.jssc.2009.07.062,ACADEMIC PRESS INC ELSEVIER SCIENCE,2010
4638,10.1016/j.jssc.2009.08.018,ACADEMIC PRESS INC ELSEVIER SCIENCE,2009
4639,10.1016/j.jssc.2009.08.024,ACADEMIC PRESS INC ELSEVIER SCIENCE,2009
4640,10.1016/j.jssc.2009.09.027,ACADEMIC PRESS INC ELSEVIER SCIENCE,2009
4641,10.1016/j.jssc.2009.10.026,ACADEMIC PRESS INC ELSEVIER SCIENCE,2010
4642,10.1016/j.jssc.2009.11.003,ACADEMIC PRESS INC ELSEVIER SCIENCE,2010
4643,10.1016/j.jssc.2010.01.027,ACADEMIC PRESS INC ELSEVIER SCIENCE,2010
4644,10.1016/j.jssc.2010.03.006,ACADEMIC PRESS INC ELSEVIER SCIENCE,2010
4645,10.1016/j.jssc.2010.03.034,ACADEMIC PRESS INC ELSEVIER SCIENCE,2010
4646,10.1016/j.jssc.2010.07.036,ACADEMIC PRESS INC ELSEVIER SCIENCE,2010
4647,10.1016/j.jssc.2010.09.034,ACADEMIC PRESS INC ELSEVIER SCIENCE,2010
4648,10.1016/j.jssc.2010.09.038,ACADEMIC PRESS INC ELSEVIER SCIENCE,2010
4649,10.1016/j.jssc.2010.10.006,ACADEMIC PRESS INC ELSEVIER SCIENCE,2010
4650,10.1016/j.jssc.2010.10.011,ACADEMIC PRESS INC ELSEVIER SCIENCE,2010
4651,10.1016/j.jssc.2010.11.012,ACADEMIC PRESS INC ELSEVIER SCIENCE,2011
4652,10.1016/j.jssc.2011.01.030,ACADEMIC PRESS INC ELSEVIER SCIENCE,2011
4653,10.1016/j.jssc.2011.03.047,ACADEMIC PRESS INC ELSEVIER SCIENCE,2011
4654,10.1016/j.jssc.2011.03.050,ACADEMIC PRESS INC ELSEVIER SCIENCE,2011
4655,10.1016/j.jssc.2011.04.002,ACADEMIC PRESS INC ELSEVIER SCIENCE,2011
4656,10.1016/j.jssc.2011.06.023,ACADEMIC PRESS INC ELSEVIER SCIENCE,2011
4657,10.1016/j.jssc.2011.09.009,ACADEMIC PRESS INC ELSEVIER SCIENCE,2011
4658,10.1016/j.jssc.2011.11.032,ACADEMIC PRESS INC ELSEVIER SCIENCE,2012
4659,10.1016/j.jssc.2011.12.007,ACADEMIC PRESS INC ELSEVIER SCIENCE,2012
4660,10.1016/j.jssc.2012.01.038,ACADEMIC PRESS INC ELSEVIER SCIENCE,2012
4661,10.1016/j.jssc.2012.02.049,ACADEMIC PRESS INC ELSEVIER SCIENCE,2012
4662,10.1016/j.jssc.2012.03.002,ACADEMIC PRESS INC ELSEVIER SCIENCE,2012
4663,10.1016/j.jssc.2012.03.009,ACADEMIC PRESS INC ELSEVIER SCIENCE,2012
4664,10.1016/j.jssc.2012.04.031,ACADEMIC PRESS INC ELSEVIER SCIENCE,2012
4665,10.1016/j.jssc.2012.06.011,ACADEMIC PRESS INC ELSEVIER SCIENCE,2012
4666,10.1016/j.jssc.2012.06.016,ACADEMIC PRESS INC ELSEVIER SCIENCE,2012
4667,10.1016/j.jssc.2012.06.018,ACADEMIC PRESS INC ELSEVIER SCIENCE,2012
4668,10.1016/j.jssc.2012.07.050,ACADEMIC PRESS INC ELSEVIER SCIENCE,2012
4669,10.1016/j.jssc.2012.08.036,ACADEMIC PRESS INC ELSEVIER SCIENCE,2013
4670,10.1016/j.jssc.2012.08.044,ACADEMIC PRESS INC ELSEVIER SCIENCE,2013
4671,10.1016/j.jssc.2012.08.055,ACADEMIC PRESS INC ELSEVIER SCIENCE,2013
4672,10.1016/j.jssc.2012.10.003,ACADEMIC PRESS INC ELSEVIER SCIENCE,2013
4673,10.1016/j.jssc.2012.10.028,ACADEMIC PRESS INC ELSEVIER SCIENCE,2013
4674,10.1016/j.jssc.2012.12.030,ACADEMIC PRESS INC ELSEVIER SCIENCE,2013
4675,10.1016/j.jssc.2013.01.029,ACADEMIC PRESS INC ELSEVIER SCIENCE,2013
4676,10.1016/j.jssc.2013.02.009,ACADEMIC PRESS INC ELSEVIER SCIENCE,2013
4677,10.1016/j.jssc.2013.02.020,ACADEMIC PRESS INC ELSEVIER SCIENCE,2013
4678,10.1016/j.jssc.2013.02.033,ACADEMIC PRESS INC ELSEVIER SCIENCE,2013
4679,10.1016/j.jssc.2013.03.043,ACADEMIC PRESS INC ELSEVIER SCIENCE,2013
4680,10.1016/j.jssc.2013.03.055,ACADEMIC PRESS INC ELSEVIER SCIENCE,2013
4681,10.1016/j.jssc.2013.05.034,ACADEMIC PRESS INC ELSEVIER SCIENCE,2013
4682,10.1016/j.jssc.2013.06.008,ACADEMIC PRESS INC ELSEVIER SCIENCE,2013
4683,10.1016/j.jssc.2013.06.018,ACADEMIC PRESS INC ELSEVIER SCIENCE,2013
4684,10.1016/j.jssc.2013.06.021,ACADEMIC PRESS INC ELSEVIER SCIENCE,2013
4685,10.1016/j.jssc.2013.07.013,ACADEMIC PRESS INC ELSEVIER SCIENCE,2013
4686,10.1016/j.jssc.2013.07.034,ACADEMIC PRESS INC ELSEVIER SCIENCE,2013
4687,10.1016/j.jssc.2013.08.024,ACADEMIC PRESS INC ELSEVIER SCIENCE,2013
4688,10.1016/j.jssc.2013.08.026,ACADEMIC PRESS INC ELSEVIER SCIENCE,2013
4689,10.1016/j.jssc.2013.08.029,ACADEMIC PRESS INC ELSEVIER SCIENCE,2013
4690,10.1016/j.jssc.2013.09.004,ACADEMIC PRESS INC ELSEVIER SCIENCE,2013
4691,10.1016/j.jssc.2013.10.004,ACADEMIC PRESS INC ELSEVIER SCIENCE,2013
4692,10.1016/j.jssc.2013.10.005,ACADEMIC PRESS INC ELSEVIER SCIENCE,2014
4693,10.1016/j.jssc.2013.10.022,ACADEMIC PRESS INC ELSEVIER SCIENCE,2014
4694,10.1016/j.jssc.2013.11.008,ACADEMIC PRESS INC ELSEVIER SCIENCE,2014
4695,10.1016/j.jssc.2013.11.027,ACADEMIC PRESS INC ELSEVIER SCIENCE,2014
4696,10.1016/j.jssc.2013.12.001,ACADEMIC PRESS INC ELSEVIER SCIENCE,2014
4697,10.1016/j.jssc.2013.12.005,ACADEMIC PRESS INC ELSEVIER SCIENCE,2014
4698,10.1016/j.jssc.2014.01.018,ACADEMIC PRESS INC ELSEVIER SCIENCE,2014
4699,10.1016/j.jssc.2014.01.026,ACADEMIC PRESS INC ELSEVIER SCIENCE,2014
4700,10.1016/j.jssc.2014.01.028,ACADEMIC PRESS INC ELSEVIER SCIENCE,2014
4701,10.1016/j.jssc.2014.03.005,ACADEMIC PRESS INC ELSEVIER SCIENCE,2014
4702,10.1016/j.jssc.2014.03.022,ACADEMIC PRESS INC ELSEVIER SCIENCE,2015
4703,10.1016/j.jssc.2014.04.016,ACADEMIC PRESS INC ELSEVIER SCIENCE,2014
4704,10.1016/j.jssc.2014.04.017,ACADEMIC PRESS INC ELSEVIER SCIENCE,2014
4705,10.1016/j.jssc.2014.04.026,ACADEMIC PRESS INC ELSEVIER SCIENCE,2014
4706,10.1016/j.jssc.2014.05.010,ACADEMIC PRESS INC ELSEVIER SCIENCE,2014
4707,10.1016/j.jssc.2014.05.011,ACADEMIC PRESS INC ELSEVIER SCIENCE,2015
4708,10.1016/j.jssc.2014.05.022,ACADEMIC PRESS INC ELSEVIER SCIENCE,2015
4709,10.1016/j.jssc.2014.06.003,ACADEMIC PRESS INC ELSEVIER SCIENCE,2014
4710,10.1016/j.jssc.2014.06.015,ACADEMIC PRESS INC ELSEVIER SCIENCE,2015
4711,10.1016/j.jssc.2014.06.017,ACADEMIC PRESS INC ELSEVIER SCIENCE,2015
4712,10.1016/j.jssc.2014.06.025,ACADEMIC PRESS INC ELSEVIER SCIENCE,2014
4713,10.1016/j.jssc.2014.06.029,ACADEMIC PRESS INC ELSEVIER SCIENCE,2015
4714,10.1016/j.jssc.2014.07.005,ACADEMIC PRESS INC ELSEVIER SCIENCE,2014
4715,10.1016/j.jssc.2014.07.029,ACADEMIC PRESS INC ELSEVIER SCIENCE,2014
4716,10.1016/j.jssc.2014.08.007,ACADEMIC PRESS INC ELSEVIER SCIENCE,2014
4717,10.1016/j.jssc.2014.09.006,ACADEMIC PRESS INC ELSEVIER SCIENCE,2015
4718,10.1016/j.jssc.2014.10.002,ACADEMIC PRESS INC ELSEVIER SCIENCE,2015
4719,10.1016/j.jssc.2014.10.023,ACADEMIC PRESS INC ELSEVIER SCIENCE,2015
4720,10.1016/j.jssc.2014.11.014,ACADEMIC PRESS INC ELSEVIER SCIENCE,2015
4721,10.1016/j.jssc.2014.11.015,ACADEMIC PRESS INC ELSEVIER SCIENCE,2015
4722,10.1016/j.jssc.2014.11.020,ACADEMIC PRESS INC ELSEVIER SCIENCE,2015
4723,10.1016/j.jssc.2014.11.022,ACADEMIC PRESS INC ELSEVIER SCIENCE,2015
4724,10.1016/j.jssc.2014.11.027,ACADEMIC PRESS INC ELSEVIER SCIENCE,2015
4725,10.1016/j.jssc.2014.11.028,ACADEMIC PRESS INC ELSEVIER SCIENCE,2015
4726,10.1016/j.jssc.2014.12.022,ACADEMIC PRESS INC ELSEVIER SCIENCE,2015
4727,10.1016/j.jssc.2015.01.001,ACADEMIC PRESS INC ELSEVIER SCIENCE,2015
4728,10.1016/j.jssc.2015.01.002,ACADEMIC PRESS INC ELSEVIER SCIENCE,2015
4729,10.1016/j.jssc.2015.01.032,ACADEMIC PRESS INC ELSEVIER SCIENCE,2015
4730,10.1016/j.jssc.2015.02.024,ACADEMIC PRESS INC ELSEVIER SCIENCE,2015
4731,10.1016/j.jssc.2015.03.020,ACADEMIC PRESS INC ELSEVIER SCIENCE,2015
4732,10.1016/j.jssc.2015.03.035,ACADEMIC PRESS INC ELSEVIER SCIENCE,2015
4733,10.1016/j.jssc.2015.03.036,ACADEMIC PRESS INC ELSEVIER SCIENCE,2015
4734,10.1016/j.jssc.2015.04.001,ACADEMIC PRESS INC ELSEVIER SCIENCE,2015
4735,10.1016/j.jssc.2015.04.021,ACADEMIC PRESS INC ELSEVIER SCIENCE,2015
4736,10.1016/j.jssc.2015.04.026,ACADEMIC PRESS INC ELSEVIER SCIENCE,2015
4737,10.1016/j.jssc.2015.04.041,ACADEMIC PRESS INC ELSEVIER SCIENCE,2015
4738,10.1016/j.jssc.2015.05.008,ACADEMIC PRESS INC ELSEVIER SCIENCE,2015
4739,10.1016/j.jssc.2015.05.018,ACADEMIC PRESS INC ELSEVIER SCIENCE,2015
4740,10.1016/j.jssc.2015.06.034,ACADEMIC PRESS INC ELSEVIER SCIENCE,2015
4741,10.1016/j.jssc.2015.07.008,ACADEMIC PRESS INC ELSEVIER SCIENCE,2015
4742,10.1016/j.jssc.2015.07.017,ACADEMIC PRESS INC ELSEVIER SCIENCE,2015
4743,10.1016/j.jssc.2015.07.035,ACADEMIC PRESS INC ELSEVIER SCIENCE,2016
4744,10.1016/j.jssc.2015.08.006,ACADEMIC PRESS INC ELSEVIER SCIENCE,2015
4745,10.1016/j.jssc.2015.08.021,ACADEMIC PRESS INC ELSEVIER SCIENCE,2015
4746,10.1016/j.jssc.2015.08.022,ACADEMIC PRESS INC ELSEVIER SCIENCE,2015
4747,10.1016/j.jssc.2015.08.025,ACADEMIC PRESS INC ELSEVIER SCIENCE,2015
4748,10.1016/j.jssc.2015.08.030,ACADEMIC PRESS INC ELSEVIER SCIENCE,2015
4749,10.1016/j.jssc.2015.08.036,ACADEMIC PRESS INC ELSEVIER SCIENCE,2015
4750,10.1016/j.jssc.2015.08.037,ACADEMIC PRESS INC ELSEVIER SCIENCE,2015
4751,10.1016/j.jssc.2015.08.049,ACADEMIC PRESS INC ELSEVIER SCIENCE,2015
4752,10.1016/j.jssc.2015.09.027,ACADEMIC PRESS INC ELSEVIER SCIENCE,2015
4753,10.1016/j.jssc.2015.09.034,ACADEMIC PRESS INC ELSEVIER SCIENCE,2015
4754,10.1016/j.jssc.2015.09.036,ACADEMIC PRESS INC ELSEVIER SCIENCE,2016
4755,10.1016/j.jssc.2015.10.033,ACADEMIC PRESS INC ELSEVIER SCIENCE,2016
4756,10.1016/j.jssc.2015.10.034,ACADEMIC PRESS INC ELSEVIER SCIENCE,2016
4757,10.1016/j.jssc.2015.11.002,ACADEMIC PRESS INC ELSEVIER SCIENCE,2016
4758,10.1016/j.jssc.2015.11.019,ACADEMIC PRESS INC ELSEVIER SCIENCE,2016
4759,10.1016/j.jssc.2015.11.020,ACADEMIC PRESS INC ELSEVIER SCIENCE,2016
4760,10.1016/j.jssc.2015.11.025,ACADEMIC PRESS INC ELSEVIER SCIENCE,2016
4761,10.1016/j.jssc.2015.11.034,ACADEMIC PRESS INC ELSEVIER SCIENCE,2016
4762,10.1016/j.jssc.2015.12.009,ACADEMIC PRESS INC ELSEVIER SCIENCE,2016
4763,10.1016/j.jssc.2016.02.018,ACADEMIC PRESS INC ELSEVIER SCIENCE,2016
4764,10.1016/j.jssc.2016.02.038,ACADEMIC PRESS INC ELSEVIER SCIENCE,2016
4765,10.1016/j.jssc.2016.03.028,ACADEMIC PRESS INC ELSEVIER SCIENCE,2016
4766,10.1016/j.jssc.2016.03.034,ACADEMIC PRESS INC ELSEVIER SCIENCE,2016
4767,10.1016/j.jssc.2016.03.043,ACADEMIC PRESS INC ELSEVIER SCIENCE,2016
4768,10.1016/j.jssc.2016.04.001,ACADEMIC PRESS INC ELSEVIER SCIENCE,2016
4769,10.1016/j.jssc.2016.05.005,ACADEMIC PRESS INC ELSEVIER SCIENCE,2016
4770,10.1016/j.jssc.2016.05.023,ACADEMIC PRESS INC ELSEVIER SCIENCE,2016
4771,10.1016/j.jssc.2016.05.034,ACADEMIC PRESS INC ELSEVIER SCIENCE,2016
4772,10.1016/j.jssc.2016.06.001,ACADEMIC PRESS INC ELSEVIER SCIENCE,2016
4773,10.1016/j.jssc.2016.06.017,ACADEMIC PRESS INC ELSEVIER SCIENCE,2016
4774,10.1016/j.jssc.2016.06.021,ACADEMIC PRESS INC ELSEVIER SCIENCE,2016
4775,10.1016/j.jssc.2016.07.031,ACADEMIC PRESS INC ELSEVIER SCIENCE,2016
4776,10.1016/j.jssc.2016.08.001,ACADEMIC PRESS INC ELSEVIER SCIENCE,2016
4777,10.1016/j.jssc.2016.09.008,ACADEMIC PRESS INC ELSEVIER SCIENCE,2016
4778,10.1016/j.jssc.2016.09.009,ACADEMIC PRESS INC ELSEVIER SCIENCE,2016
4779,10.1016/j.jssc.2016.09.018,ACADEMIC PRESS INC ELSEVIER SCIENCE,2016
4780,10.1016/j.jssc.2016.09.025,ACADEMIC PRESS INC ELSEVIER SCIENCE,2016
4781,10.1016/j.jssc.2016.09.033,ACADEMIC PRESS INC ELSEVIER SCIENCE,2017
4782,10.1016/j.jssc.2016.10.009,ACADEMIC PRESS INC ELSEVIER SCIENCE,2017
4783,10.1016/j.jssc.2016.10.015,ACADEMIC PRESS INC ELSEVIER SCIENCE,2017
4784,10.1016/j.jssc.2016.10.019,ACADEMIC PRESS INC ELSEVIER SCIENCE,2017
4785,10.1016/j.jssc.2016.10.023,ACADEMIC PRESS INC ELSEVIER SCIENCE,2017
4786,10.1016/j.jssc.2016.10.030,ACADEMIC PRESS INC ELSEVIER SCIENCE,2017
4787,10.1016/j.jssc.2016.11.005,ACADEMIC PRESS INC ELSEVIER SCIENCE,2017
4788,10.1016/j.jssc.2016.11.030,ACADEMIC PRESS INC ELSEVIER SCIENCE,2017
4789,10.1016/j.jssc.2016.12.006,ACADEMIC PRESS INC ELSEVIER SCIENCE,2017
4790,10.1016/j.jssc.2017.01.012,ACADEMIC PRESS INC ELSEVIER SCIENCE,2017
4791,10.1016/j.jssc.2017.01.020,ACADEMIC PRESS INC ELSEVIER SCIENCE,2017
4792,10.1016/j.jssc.2017.01.027,ACADEMIC PRESS INC ELSEVIER SCIENCE,2017
4793,10.1016/j.jssc.2017.02.018,ACADEMIC PRESS INC ELSEVIER SCIENCE,2017
4794,10.1016/j.jssc.2017.02.028,ACADEMIC PRESS INC ELSEVIER SCIENCE,2017
4795,10.1016/j.jssc.2017.03.010,ACADEMIC PRESS INC ELSEVIER SCIENCE,2017
4796,10.1016/j.jssc.2017.03.014,ACADEMIC PRESS INC ELSEVIER SCIENCE,2017
4797,10.1016/j.jssc.2017.04.018,ACADEMIC PRESS INC ELSEVIER SCIENCE,2017
4798,10.1016/j.jssc.2017.04.026,ACADEMIC PRESS INC ELSEVIER SCIENCE,2017
4799,10.1016/j.jssc.2017.04.033,ACADEMIC PRESS INC ELSEVIER SCIENCE,2017
4800,10.1016/j.jssc.2017.04.039,ACADEMIC PRESS INC ELSEVIER SCIENCE,2017
4801,10.1016/j.jssc.2017.05.009,ACADEMIC PRESS INC ELSEVIER SCIENCE,2017
4802,10.1016/j.jssc.2017.05.010,ACADEMIC PRESS INC ELSEVIER SCIENCE,2017
4803,10.1016/j.jssc.2017.05.011,ACADEMIC PRESS INC ELSEVIER SCIENCE,2017
4804,10.1016/j.jssc.2017.05.023,ACADEMIC PRESS INC ELSEVIER SCIENCE,2017
4805,10.1016/j.jssc.2017.05.041,ACADEMIC PRESS INC ELSEVIER SCIENCE,2017
4806,10.1016/j.jssc.2017.07.018,ACADEMIC PRESS INC ELSEVIER SCIENCE,2017
4807,10.1016/j.jssc.2017.07.019,ACADEMIC PRESS INC ELSEVIER SCIENCE,2017
4808,10.1016/j.jssc.2017.07.020,ACADEMIC PRESS INC ELSEVIER SCIENCE,2017
4809,10.1016/j.jssc.2017.07.027,ACADEMIC PRESS INC ELSEVIER SCIENCE,2017
4810,10.1016/j.jssc.2017.07.031,ACADEMIC PRESS INC ELSEVIER SCIENCE,2017
4811,10.1016/j.jssc.2017.07.032,ACADEMIC PRESS INC ELSEVIER SCIENCE,2017
4812,10.1016/j.jssc.2017.08.001,ACADEMIC PRESS INC ELSEVIER SCIENCE,2017
4813,10.1016/j.jssc.2017.08.002,ACADEMIC PRESS INC ELSEVIER SCIENCE,2017
4814,10.1016/j.jssc.2017.08.017,ACADEMIC PRESS INC ELSEVIER SCIENCE,2017
4815,10.1016/j.jssc.2017.08.024,ACADEMIC PRESS INC ELSEVIER SCIENCE,2017
4816,10.1016/j.jssc.2017.08.034,ACADEMIC PRESS INC ELSEVIER SCIENCE,2017
4817,10.1016/j.jssc.2017.08.035,ACADEMIC PRESS INC ELSEVIER SCIENCE,2017
4818,10.1016/j.jssc.2017.09.001,ACADEMIC PRESS INC ELSEVIER SCIENCE,2018
4819,10.1016/j.jssc.2017.09.002,ACADEMIC PRESS INC ELSEVIER SCIENCE,2017
4820,10.1016/j.jssc.2017.09.008,ACADEMIC PRESS INC ELSEVIER SCIENCE,2017
4821,10.1016/j.jssc.2017.09.022,ACADEMIC PRESS INC ELSEVIER SCIENCE,2018
4822,10.1016/j.jssc.2017.10.002,ACADEMIC PRESS INC ELSEVIER SCIENCE,2018
4823,10.1016/j.jssc.2017.10.013,ACADEMIC PRESS INC ELSEVIER SCIENCE,2018
4824,10.1016/j.jssc.2017.10.017,ACADEMIC PRESS INC ELSEVIER SCIENCE,2018
4825,10.1016/j.jssc.2017.10.020,ACADEMIC PRESS INC ELSEVIER SCIENCE,2018
4826,10.1016/j.jssc.2017.10.027,ACADEMIC PRESS INC ELSEVIER SCIENCE,2018
4827,10.1016/j.jssc.2017.10.035,ACADEMIC PRESS INC ELSEVIER SCIENCE,2018
4828,10.1016/j.jssc.2017.11.013,ACADEMIC PRESS INC ELSEVIER SCIENCE,2018
4829,10.1016/j.jssc.2017.11.023,ACADEMIC PRESS INC ELSEVIER SCIENCE,2018
4830,10.1016/j.jssc.2017.12.005,ACADEMIC PRESS INC ELSEVIER SCIENCE,2018
4831,10.1016/j.jssc.2017.12.007,ACADEMIC PRESS INC ELSEVIER SCIENCE,2018
4832,10.1016/j.jssc.2017.12.012,ACADEMIC PRESS INC ELSEVIER SCIENCE,2018
4833,10.1016/j.jssc.2017.12.028,ACADEMIC PRESS INC ELSEVIER SCIENCE,2018
4834,10.1016/j.jssc.2017.12.033,ACADEMIC PRESS INC ELSEVIER SCIENCE,2018
4835,10.1016/j.jssc.2017.12.034,ACADEMIC PRESS INC ELSEVIER SCIENCE,2018
4836,10.1016/j.jssc.2018.01.009,ACADEMIC PRESS INC ELSEVIER SCIENCE,2018
4837,10.1016/j.jssc.2018.01.024,ACADEMIC PRESS INC ELSEVIER SCIENCE,2018
4838,10.1016/j.jssc.2018.02.005,ACADEMIC PRESS INC ELSEVIER SCIENCE,2018
4839,10.1016/j.jssc.2018.02.007,ACADEMIC PRESS INC ELSEVIER SCIENCE,2018
4840,10.1016/j.jssc.2018.02.012,ACADEMIC PRESS INC ELSEVIER SCIENCE,2018
4841,10.1016/j.jssc.2018.03.018,ACADEMIC PRESS INC ELSEVIER SCIENCE,2018
4842,10.1016/j.jssc.2018.04.008,ACADEMIC PRESS INC ELSEVIER SCIENCE,2018
4843,10.1016/j.jssc.2018.04.016,ACADEMIC PRESS INC ELSEVIER SCIENCE,2018
4844,10.1016/j.jssc.2018.04.021,ACADEMIC PRESS INC ELSEVIER SCIENCE,2018
4845,10.1016/j.jssc.2018.04.030,ACADEMIC PRESS INC ELSEVIER SCIENCE,2018
4846,10.1016/j.jssc.2018.04.036,ACADEMIC PRESS INC ELSEVIER SCIENCE,2018
4847,10.1016/j.jssc.2018.05.010,ACADEMIC PRESS INC ELSEVIER SCIENCE,2018
4848,10.1016/j.jssc.2018.05.034,ACADEMIC PRESS INC ELSEVIER SCIENCE,2018
4849,10.1016/j.jssc.2018.06.008,ACADEMIC PRESS INC ELSEVIER SCIENCE,2018
4850,10.1016/j.jssc.2018.06.026,ACADEMIC PRESS INC ELSEVIER SCIENCE,2018
4851,10.1016/j.jssc.2018.07.030,ACADEMIC PRESS INC ELSEVIER SCIENCE,2019
4852,10.1016/j.jssc.2018.08.017,ACADEMIC PRESS INC ELSEVIER SCIENCE,2018
4853,10.1016/j.jssc.2018.09.003,ACADEMIC PRESS INC ELSEVIER SCIENCE,2018
4854,10.1016/j.jssc.2018.09.004,ACADEMIC PRESS INC ELSEVIER SCIENCE,2019
4855,10.1016/j.jssc.2018.09.007,ACADEMIC PRESS INC ELSEVIER SCIENCE,2019
4856,10.1016/j.jssc.2018.09.014,ACADEMIC PRESS INC ELSEVIER SCIENCE,2019
4857,10.1016/j.jssc.2018.09.019,ACADEMIC PRESS INC ELSEVIER SCIENCE,2019
4858,10.1016/j.jssc.2018.09.029,ACADEMIC PRESS INC ELSEVIER SCIENCE,2019
4859,10.1016/j.jssc.2018.09.031,ACADEMIC PRESS INC ELSEVIER SCIENCE,2019
4860,10.1016/j.jssc.2018.09.032,ACADEMIC PRESS INC ELSEVIER SCIENCE,2019
4861,10.1016/j.jssc.2018.09.040,ACADEMIC PRESS INC ELSEVIER SCIENCE,2019
4862,10.1016/j.jssc.2018.10.017,ACADEMIC PRESS INC ELSEVIER SCIENCE,2019
4863,10.1016/j.jssc.2018.10.044,ACADEMIC PRESS INC ELSEVIER SCIENCE,2019
4864,10.1016/j.jssc.2018.10.046,ACADEMIC PRESS INC ELSEVIER SCIENCE,2019
4865,10.1016/j.jssc.2018.11.027,ACADEMIC PRESS INC ELSEVIER SCIENCE,2019
4866,10.1016/j.jssc.2018.12.002,ACADEMIC PRESS INC ELSEVIER SCIENCE,2019
4867,10.1016/j.jssc.2018.12.009,ACADEMIC PRESS INC ELSEVIER SCIENCE,2019
4868,10.1016/j.jssc.2018.12.049,ACADEMIC PRESS INC ELSEVIER SCIENCE,2019
4869,10.1016/j.jssc.2019.01.007,ACADEMIC PRESS INC ELSEVIER SCIENCE,2019
4870,10.1016/j.jssc.2019.01.013,ACADEMIC PRESS INC ELSEVIER SCIENCE,2019
4871,10.1016/j.jssc.2019.02.011,ACADEMIC PRESS INC ELSEVIER SCIENCE,2019
4872,10.1016/j.jssc.2019.02.041,ACADEMIC PRESS INC ELSEVIER SCIENCE,2019
4873,10.1016/j.jssc.2019.02.043,ACADEMIC PRESS INC ELSEVIER SCIENCE,2019
4874,10.1016/j.jssc.2019.03.011,ACADEMIC PRESS INC ELSEVIER SCIENCE,2019
4875,10.1016/j.jssc.2019.03.038,ACADEMIC PRESS INC ELSEVIER SCIENCE,2019
4876,10.1016/j.jssc.2019.03.052,ACADEMIC PRESS INC ELSEVIER SCIENCE,2019
4877,10.1016/j.jssc.2019.04.016,ACADEMIC PRESS INC ELSEVIER SCIENCE,2019
4878,10.1016/j.jssc.2019.04.018,ACADEMIC PRESS INC ELSEVIER SCIENCE,2019
4879,10.1016/j.jssc.2019.04.021,ACADEMIC PRESS INC ELSEVIER SCIENCE,2019
4880,10.1016/j.jssc.2019.05.008,ACADEMIC PRESS INC ELSEVIER SCIENCE,2019
4881,10.1016/j.jssc.2019.05.025,ACADEMIC PRESS INC ELSEVIER SCIENCE,2019
4882,10.1016/j.jssc.2019.05.044,ACADEMIC PRESS INC ELSEVIER SCIENCE,2019
4883,10.1016/j.jssc.2019.06.001,ACADEMIC PRESS INC ELSEVIER SCIENCE,2019
4884,10.1016/j.jssc.2019.06.036,ACADEMIC PRESS INC ELSEVIER SCIENCE,2019
4885,10.1016/j.jssc.2019.07.003,ACADEMIC PRESS INC ELSEVIER SCIENCE,2019
4886,10.1016/j.jssc.2019.07.008,ACADEMIC PRESS INC ELSEVIER SCIENCE,2019
4887,10.1016/j.jssc.2019.07.012,ACADEMIC PRESS INC ELSEVIER SCIENCE,2019
4888,10.1016/j.jssc.2019.07.034,ACADEMIC PRESS INC ELSEVIER SCIENCE,2019
4889,10.1016/j.jssc.2019.07.046,ACADEMIC PRESS INC ELSEVIER SCIENCE,2019
4890,10.1016/j.jssc.2019.120896,ACADEMIC PRESS INC ELSEVIER SCIENCE,2019
4891,10.1016/j.jssc.2019.120900,ACADEMIC PRESS INC ELSEVIER SCIENCE,2019
4892,10.1016/j.jssc.2019.120904,ACADEMIC PRESS INC ELSEVIER SCIENCE,2019
4893,10.1016/j.jssc.2019.120908,ACADEMIC PRESS INC ELSEVIER SCIENCE,2019
4894,10.1016/j.jssc.2019.120909,ACADEMIC PRESS INC ELSEVIER SCIENCE,2019
4895,10.1016/j.jssc.2019.120913,ACADEMIC PRESS INC ELSEVIER SCIENCE,2019
4896,10.1016/j.jssc.2019.120927,ACADEMIC PRESS INC ELSEVIER SCIENCE,2019
4897,10.1016/j.jssc.2019.120929,ACADEMIC PRESS INC ELSEVIER SCIENCE,2019
4898,10.1016/j.jssc.2019.120931,ACADEMIC PRESS INC ELSEVIER SCIENCE,2019
4899,10.1016/j.jssc.2019.120950,ACADEMIC PRESS INC ELSEVIER SCIENCE,2019
4900,10.1016/j.jssc.2019.120958,ACADEMIC PRESS INC ELSEVIER SCIENCE,2019
4901,10.1016/j.jssc.2019.120967,ACADEMIC PRESS INC ELSEVIER SCIENCE,2019
4902,10.1016/j.jssc.2019.120976,ACADEMIC PRESS INC ELSEVIER SCIENCE,2019
4903,10.1016/j.jssc.2019.120987,ACADEMIC PRESS INC ELSEVIER SCIENCE,2019
4904,10.1016/j.jssc.2019.120993,ACADEMIC PRESS INC ELSEVIER SCIENCE,2019
4905,10.1016/j.jssc.2019.121026,ACADEMIC PRESS INC ELSEVIER SCIENCE,2020
4906,10.1016/j.jssc.2019.121029,ACADEMIC PRESS INC ELSEVIER SCIENCE,2020
4907,10.1016/j.jssc.2019.121030,ACADEMIC PRESS INC ELSEVIER SCIENCE,2020
4908,10.1016/j.jssc.2019.121086,ACADEMIC PRESS INC ELSEVIER SCIENCE,2020
4909,10.1016/j.jssc.2019.121123,ACADEMIC PRESS INC ELSEVIER SCIENCE,2020
4910,10.1016/j.jssc.2019.121127,ACADEMIC PRESS INC ELSEVIER SCIENCE,2020
4911,10.1016/j.jssc.2019.121133,ACADEMIC PRESS INC ELSEVIER SCIENCE,2020
4912,10.1016/j.jssc.2019.121137,ACADEMIC PRESS INC ELSEVIER SCIENCE,2020
4913,10.1016/j.jssc.2020.121179,ACADEMIC PRESS INC ELSEVIER SCIENCE,2020
4914,10.1016/j.jssc.2020.121180,ACADEMIC PRESS INC ELSEVIER SCIENCE,2020
4915,10.1016/j.jssc.2020.121183,ACADEMIC PRESS INC ELSEVIER SCIENCE,2020
4916,10.1016/j.jssc.2020.121218,ACADEMIC PRESS INC ELSEVIER SCIENCE,2020
4917,10.1016/j.jssc.2020.121236,ACADEMIC PRESS INC ELSEVIER SCIENCE,2020
4918,10.1016/j.jssc.2020.121251,ACADEMIC PRESS INC ELSEVIER SCIENCE,2020
4919,10.1016/j.jssc.2020.121252,ACADEMIC PRESS INC ELSEVIER SCIENCE,2020
4920,10.1016/j.jssc.2020.121257,ACADEMIC PRESS INC ELSEVIER SCIENCE,2020
4921,10.1016/j.jssc.2020.121258,ACADEMIC PRESS INC ELSEVIER SCIENCE,2020
4922,10.1016/j.jssc.2020.121321,ACADEMIC PRESS INC ELSEVIER SCIENCE,2020
4923,10.1016/j.jssc.2020.121322,ACADEMIC PRESS INC ELSEVIER SCIENCE,2020
4924,10.1016/j.jssc.2020.121334,ACADEMIC PRESS INC ELSEVIER SCIENCE,2020
4925,10.1016/j.jssc.2020.121336,ACADEMIC PRESS INC ELSEVIER SCIENCE,2020
4926,10.1016/j.jssc.2020.121340,ACADEMIC PRESS INC ELSEVIER SCIENCE,2020
4927,10.1016/j.jssc.2020.121342,ACADEMIC PRESS INC ELSEVIER SCIENCE,2020
4928,10.1016/j.jssc.2020.121343,ACADEMIC PRESS INC ELSEVIER SCIENCE,2020
4929,10.1016/j.jssc.2020.121404,ACADEMIC PRESS INC ELSEVIER SCIENCE,2020
4930,10.1016/j.jssc.2020.121445,ACADEMIC PRESS INC ELSEVIER SCIENCE,2020
4931,10.1016/j.jssc.2020.121493,ACADEMIC PRESS INC ELSEVIER SCIENCE,2020
4932,10.1016/j.jssc.2020.121494,ACADEMIC PRESS INC ELSEVIER SCIENCE,2020
4933,10.1016/j.jssc.2020.121497,ACADEMIC PRESS INC ELSEVIER SCIENCE,2020
4934,10.1016/j.jssc.2020.121524,ACADEMIC PRESS INC ELSEVIER SCIENCE,2020
4935,10.1016/j.jssc.2020.121532,ACADEMIC PRESS INC ELSEVIER SCIENCE,2020
4936,10.1016/j.jssc.2020.121549,ACADEMIC PRESS INC ELSEVIER SCIENCE,2020
4937,10.1016/j.jssc.2020.121560,ACADEMIC PRESS INC ELSEVIER SCIENCE,2020
4938,10.1016/j.jssc.2020.121573,ACADEMIC PRESS INC ELSEVIER SCIENCE,2020
4939,10.1016/j.jssc.2020.121622,ACADEMIC PRESS INC ELSEVIER SCIENCE,2020
4940,10.1016/j.jssc.2020.121639,ACADEMIC PRESS INC ELSEVIER SCIENCE,2020
4941,10.1016/j.jssc.2020.121654,ACADEMIC PRESS INC ELSEVIER SCIENCE,2020
4942,10.1016/j.jssc.2020.121670,ACADEMIC PRESS INC ELSEVIER SCIENCE,2020
4943,10.1016/j.jssc.2020.121673,ACADEMIC PRESS INC ELSEVIER SCIENCE,2020
4944,10.1016/j.jssc.2020.121694,ACADEMIC PRESS INC ELSEVIER SCIENCE,2020
4945,10.1016/j.jssc.2020.121702,ACADEMIC PRESS INC ELSEVIER SCIENCE,2020
4946,10.1016/j.jssc.2020.121706,ACADEMIC PRESS INC ELSEVIER SCIENCE,2021
4947,10.1016/j.jssc.2020.121708,ACADEMIC PRESS INC ELSEVIER SCIENCE,2020
4948,10.1016/j.jssc.2020.121721,ACADEMIC PRESS INC ELSEVIER SCIENCE,2020
4949,10.1016/j.jssc.2020.121742,ACADEMIC PRESS INC ELSEVIER SCIENCE,2020
4950,10.1016/j.jssc.2020.121771,ACADEMIC PRESS INC ELSEVIER SCIENCE,2021
4951,10.1016/j.jssc.2020.121853,ACADEMIC PRESS INC ELSEVIER SCIENCE,2021
4952,10.1016/j.jssc.2020.121860,ACADEMIC PRESS INC ELSEVIER SCIENCE,2021
4953,10.1016/j.jssc.2020.121874,ACADEMIC PRESS INC ELSEVIER SCIENCE,2021
4954,10.1016/j.jssc.2020.121890,ACADEMIC PRESS INC ELSEVIER SCIENCE,2021
4955,10.1016/j.jssc.2020.121896,ACADEMIC PRESS INC ELSEVIER SCIENCE,2021
4956,10.1016/j.jssc.2020.121916,ACADEMIC PRESS INC ELSEVIER SCIENCE,2021
4957,10.1016/j.jssc.2021.121979,ACADEMIC PRESS INC ELSEVIER SCIENCE,2021
4958,10.1016/j.jssc.2021.122100,ACADEMIC PRESS INC ELSEVIER SCIENCE,2021
4959,10.1016/j.jssc.2021.122148,ACADEMIC PRESS INC ELSEVIER SCIENCE,2021
4960,10.1016/j.jssc.2021.122151,ACADEMIC PRESS INC ELSEVIER SCIENCE,2021
4961,10.1016/j.jssc.2021.122177,ACADEMIC PRESS INC ELSEVIER SCIENCE,2021
4962,10.1016/j.jssc.2021.122278,ACADEMIC PRESS INC ELSEVIER SCIENCE,2021
4963,10.1016/j.jssc.2021.122368,ACADEMIC PRESS INC ELSEVIER SCIENCE,2021
4964,10.1016/j.jssc.2021.122374,ACADEMIC PRESS INC ELSEVIER SCIENCE,2021
4965,10.1016/j.jssc.2021.122375,ACADEMIC PRESS INC ELSEVIER SCIENCE,2021
4966,10.1016/j.jssc.2021.122379,ACADEMIC PRESS INC ELSEVIER SCIENCE,2021
4967,10.1016/j.jssc.2021.122390,ACADEMIC PRESS INC ELSEVIER SCIENCE,2021
4968,10.1016/j.jssc.2021.122437,ACADEMIC PRESS INC ELSEVIER SCIENCE,2021
4969,10.1016/j.jssc.2021.122458,ACADEMIC PRESS INC ELSEVIER SCIENCE,2021
4970,10.1016/j.jssc.2021.122476,ACADEMIC PRESS INC ELSEVIER SCIENCE,2021
4971,10.1016/j.jssc.2021.122482,ACADEMIC PRESS INC ELSEVIER SCIENCE,2021
4972,10.1016/j.jssc.2021.122525,ACADEMIC PRESS INC ELSEVIER SCIENCE,2021
4973,10.1016/j.jssc.2021.122540,ACADEMIC PRESS INC ELSEVIER SCIENCE,2021
4974,10.1016/j.jssc.2021.122541,ACADEMIC PRESS INC ELSEVIER SCIENCE,2021
4975,10.1016/j.jssc.2021.122547,ACADEMIC PRESS INC ELSEVIER SCIENCE,2021
4976,10.1016/j.jssc.2021.122554,ACADEMIC PRESS INC ELSEVIER SCIENCE,2021
4977,10.1016/j.jssc.2021.122562,ACADEMIC PRESS INC ELSEVIER SCIENCE,2021
4978,10.1016/j.jssc.2021.122636,ACADEMIC PRESS INC ELSEVIER SCIENCE,2022
4979,10.1016/j.jssc.2021.122651,ACADEMIC PRESS INC ELSEVIER SCIENCE,2022
4980,10.1016/j.jssc.2021.122654,ACADEMIC PRESS INC ELSEVIER SCIENCE,2022
4981,10.1016/j.jssc.2021.122660,ACADEMIC PRESS INC ELSEVIER SCIENCE,2022
4982,10.1016/j.jssc.2021.122672,ACADEMIC PRESS INC ELSEVIER SCIENCE,2022
4983,10.1016/j.jssc.2021.122691,ACADEMIC PRESS INC ELSEVIER SCIENCE,2022
4984,10.1016/j.jssc.2021.122702,ACADEMIC PRESS INC ELSEVIER SCIENCE,2022
4985,10.1016/j.jssc.2021.122747,ACADEMIC PRESS INC ELSEVIER SCIENCE,2022
4986,10.1016/j.jssc.2021.122800,ACADEMIC PRESS INC ELSEVIER SCIENCE,2022
4987,10.1016/j.jssc.2021.122811,ACADEMIC PRESS INC ELSEVIER SCIENCE,2022
4988,10.1016/j.jssc.2021.122863,ACADEMIC PRESS INC ELSEVIER SCIENCE,2022
4989,10.1016/j.jssc.2021.122864,ACADEMIC PRESS INC ELSEVIER SCIENCE,2022
4990,10.1016/j.jssc.2021.122868,ACADEMIC PRESS INC ELSEVIER SCIENCE,2022
4991,10.1016/j.jssc.2022.122907,ACADEMIC PRESS INC ELSEVIER SCIENCE,2022
4992,10.1016/j.jssc.2022.122911,ACADEMIC PRESS INC ELSEVIER SCIENCE,2022
4993,10.1016/j.jssc.2022.122946,ACADEMIC PRESS INC ELSEVIER SCIENCE,2022
4994,10.1016/j.jssc.2022.122970,ACADEMIC PRESS INC ELSEVIER SCIENCE,2022
4995,10.1016/j.jssc.2022.123001,ACADEMIC PRESS INC ELSEVIER SCIENCE,2022
4996,10.1016/j.jssc.2022.123017,ACADEMIC PRESS INC ELSEVIER SCIENCE,2022
4997,10.1016/j.jssc.2022.123079,ACADEMIC PRESS INC ELSEVIER SCIENCE,2022
4998,10.1016/j.jssc.2022.123111,ACADEMIC PRESS INC ELSEVIER SCIENCE,2022
4999,10.1016/j.jssc.2022.123144,ACADEMIC PRESS INC ELSEVIER SCIENCE,2022
5000,10.1016/j.jssc.2022.123148,ACADEMIC PRESS INC ELSEVIER SCIENCE,2022
5001,10.1016/j.jssc.2022.123154,ACADEMIC PRESS INC ELSEVIER SCIENCE,2022
5002,10.1016/j.jssc.2022.123169,ACADEMIC PRESS INC ELSEVIER SCIENCE,2022
5003,10.1016/j.jssc.2022.123183,ACADEMIC PRESS INC ELSEVIER SCIENCE,2022
5004,10.1016/j.jssc.2022.123201,ACADEMIC PRESS INC ELSEVIER SCIENCE,2022
5005,10.1016/j.jssc.2022.123211,ACADEMIC PRESS INC ELSEVIER SCIENCE,2022
5006,10.1016/j.jssc.2022.123229,ACADEMIC PRESS INC ELSEVIER SCIENCE,2022
5007,10.1016/j.jssc.2022.123243,ACADEMIC PRESS INC ELSEVIER SCIENCE,2022
5008,10.1016/j.jssc.2022.123260,ACADEMIC PRESS INC ELSEVIER SCIENCE,2022
5009,10.1016/j.jssc.2022.123270,ACADEMIC PRESS INC ELSEVIER SCIENCE,2022
5010,10.1016/j.jssc.2022.123306,ACADEMIC PRESS INC ELSEVIER SCIENCE,2022
5011,10.1016/j.jssc.2022.123344,ACADEMIC PRESS INC ELSEVIER SCIENCE,2022
5012,10.1016/j.jssc.2022.123348,ACADEMIC PRESS INC ELSEVIER SCIENCE,2022
5013,10.1016/j.jssc.2022.123358,ACADEMIC PRESS INC ELSEVIER SCIENCE,2022
5014,10.1016/j.jssc.2022.123400,ACADEMIC PRESS INC ELSEVIER SCIENCE,2022
5015,10.1016/j.jssc.2022.123492,ACADEMIC PRESS INC ELSEVIER SCIENCE,2022
5016,10.1016/j.jssc.2022.123520,ACADEMIC PRESS INC ELSEVIER SCIENCE,2022
5017,10.1016/j.jssc.2022.123558,ACADEMIC PRESS INC ELSEVIER SCIENCE,2022
5018,10.1016/j.jssc.2022.123601,ACADEMIC PRESS INC ELSEVIER SCIENCE,2022
5019,10.1016/j.jssc.2022.123602,ACADEMIC PRESS INC ELSEVIER SCIENCE,2022
5020,10.1016/j.jssc.2022.123610,ACADEMIC PRESS INC ELSEVIER SCIENCE,2022
5021,10.1016/j.jssc.2022.123651,ACADEMIC PRESS INC ELSEVIER SCIENCE,2023
5022,10.1016/j.jssc.2022.123713,ACADEMIC PRESS INC ELSEVIER SCIENCE,2023
5023,10.1016/j.jssc.2022.123740,ACADEMIC PRESS INC ELSEVIER SCIENCE,2023
5024,10.1016/j.jssc.2022.123797,ACADEMIC PRESS INC ELSEVIER SCIENCE,2023
5025,10.1016/j.jssc.2022.123833,ACADEMIC PRESS INC ELSEVIER SCIENCE,2023
5026,10.1016/j.jssc.2023.123849,ACADEMIC PRESS INC ELSEVIER SCIENCE,2023
5027,10.1016/j.jssc.2023.123935,ACADEMIC PRESS INC ELSEVIER SCIENCE,2023
5028,10.1016/j.jssc.2023.123942,ACADEMIC PRESS INC ELSEVIER SCIENCE,2023
5029,10.1016/j.jssc.2023.123950,ACADEMIC PRESS INC ELSEVIER SCIENCE,2023
5030,10.1016/j.jssc.2023.123970,ACADEMIC PRESS INC ELSEVIER SCIENCE,2023
5031,10.1016/j.jssc.2023.123979,ACADEMIC PRESS INC ELSEVIER SCIENCE,2023
5032,10.1016/j.jssc.2023.123984,ACADEMIC PRESS INC ELSEVIER SCIENCE,2023
5033,10.1016/j.jssc.2023.124010,ACADEMIC PRESS INC ELSEVIER SCIENCE,2023
5034,10.1016/j.jssc.2023.124050,ACADEMIC PRESS INC ELSEVIER SCIENCE,2023
5035,10.1016/j.jssc.2023.124066,ACADEMIC PRESS INC ELSEVIER SCIENCE,2023
5036,10.1016/j.jssc.2023.124080,ACADEMIC PRESS INC ELSEVIER SCIENCE,2023
5037,10.1016/j.jssc.2023.124173,ACADEMIC PRESS INC ELSEVIER SCIENCE,2023
5038,10.1016/j.jssc.2023.124186,ACADEMIC PRESS INC ELSEVIER SCIENCE,2023
5039,10.1016/j.jssc.2023.124270,ACADEMIC PRESS INC ELSEVIER SCIENCE,2023
5040,10.1016/j.jssc.2023.124337,ACADEMIC PRESS INC ELSEVIER SCIENCE,2023
5041,10.1016/j.jssc.2023.124438,ACADEMIC PRESS INC ELSEVIER SCIENCE,2024
5042,10.1016/j.jssc.2023.124485,ACADEMIC PRESS INC ELSEVIER SCIENCE,2024
5043,10.1016/j.jssc.2023.124491,ACADEMIC PRESS INC ELSEVIER SCIENCE,2024
5044,10.1016/j.jssc.2023.124509,ACADEMIC PRESS INC ELSEVIER SCIENCE,2024
5045,10.1016/j.jssc.2023.124534,ACADEMIC PRESS INC ELSEVIER SCIENCE,2024
5046,10.1016/j.jssc.2024.124582,ACADEMIC PRESS INC ELSEVIER SCIENCE,2024
5047,10.1016/j.jssc.2024.124631,ACADEMIC PRESS INC ELSEVIER SCIENCE,2024
5048,10.1016/j.jssc.2024.124648,ACADEMIC PRESS INC ELSEVIER SCIENCE,2024
5049,10.1016/j.jssc.2024.124677,ACADEMIC PRESS INC ELSEVIER SCIENCE,2024
5050,10.1016/j.jssc.2024.124726,ACADEMIC PRESS INC ELSEVIER SCIENCE,2024
5051,10.1016/j.jssc.2024.124773,ACADEMIC PRESS INC ELSEVIER SCIENCE,2024
5052,10.1016/j.jssc.2024.124819,ACADEMIC PRESS INC ELSEVIER SCIENCE,2024
5053,10.1016/j.jssc.2024.124863,ACADEMIC PRESS INC ELSEVIER SCIENCE,2024
5054,10.1016/j.jssc.2024.124956,ACADEMIC PRESS INC ELSEVIER SCIENCE,2024
5055,10.1016/j.jssc.2024.124964,ACADEMIC PRESS INC ELSEVIER SCIENCE,2024
5056,10.1016/j.jssc.2024.125028,ACADEMIC PRESS INC ELSEVIER SCIENCE,2024
5057,10.1016/j.jssc.2024.125090,ACADEMIC PRESS INC ELSEVIER SCIENCE,2025
5058,10.1016/j.jssc.2024.125098,ACADEMIC PRESS INC ELSEVIER SCIENCE,2025
5059,10.1016/j.jssc.2024.125100,ACADEMIC PRESS INC ELSEVIER SCIENCE,2025
5060,10.1016/j.jssc.2024.125174,ACADEMIC PRESS INC ELSEVIER SCIENCE,2025
5061,10.1016/j.jssc.2025.125211,ACADEMIC PRESS INC ELSEVIER SCIENCE,2025
5062,10.1016/j.jssc.2025.125329,ACADEMIC PRESS INC ELSEVIER SCIENCE,2025
5063,10.1016/j.matchar.2018.01.003,ELSEVIER SCIENCE INC,2018
5064,10.1016/j.matchemphys.2011.09.056,ELSEVIER SCIENCE SA,2011
5065,10.1016/j.matchemphys.2013.02.071,ELSEVIER SCIENCE SA,2013
5066,10.1016/j.matchemphys.2013.09.048,ELSEVIER SCIENCE SA,2014
5067,10.1016/j.matchemphys.2013.10.038,ELSEVIER SCIENCE SA,2014
5068,10.1016/j.matchemphys.2013.12.014,ELSEVIER SCIENCE SA,2014
5069,10.1016/j.matchemphys.2014.05.037,ELSEVIER SCIENCE SA,2014
5070,10.1016/j.matchemphys.2014.06.015,ELSEVIER SCIENCE SA,2014
5071,10.1016/j.matchemphys.2014.07.036,ELSEVIER SCIENCE SA,2014
5072,10.1016/j.matchemphys.2017.01.024,ELSEVIER SCIENCE SA,2017
5073,10.1016/j.matchemphys.2017.10.034,ELSEVIER SCIENCE SA,2018
5074,10.1016/j.matchemphys.2018.04.031,ELSEVIER SCIENCE SA,2018
5075,10.1016/j.matchemphys.2018.05.028,ELSEVIER SCIENCE SA,2018
5076,10.1016/j.matchemphys.2018.11.017,ELSEVIER SCIENCE SA,2019
5077,10.1016/j.matchemphys.2019.01.009,ELSEVIER SCIENCE SA,2019
5078,10.1016/j.matchemphys.2019.05.009,ELSEVIER SCIENCE SA,2019
5079,10.1016/j.matchemphys.2019.05.044,ELSEVIER SCIENCE SA,2019
5080,10.1016/j.matchemphys.2019.122563,ELSEVIER SCIENCE SA,2020
5081,10.1016/j.matchemphys.2019.122576,ELSEVIER SCIENCE SA,2020
5082,10.1016/j.matchemphys.2020.122869,ELSEVIER SCIENCE SA,2020
5083,10.1016/j.matchemphys.2020.123060,ELSEVIER SCIENCE SA,2020
5084,10.1016/j.matchemphys.2020.123278,ELSEVIER SCIENCE SA,2020
5085,10.1016/j.matchemphys.2020.123924,ELSEVIER SCIENCE SA,2021
5086,10.1016/j.matchemphys.2021.125040,ELSEVIER SCIENCE SA,2021
5087,10.1016/j.matchemphys.2021.125288,ELSEVIER SCIENCE SA,2022
5088,10.1016/j.matchemphys.2021.125420,ELSEVIER SCIENCE SA,2022
5089,10.1016/j.matchemphys.2021.125502,ELSEVIER SCIENCE SA,2022
5090,10.1016/j.matchemphys.2021.125536,ELSEVIER SCIENCE SA,2022
5091,10.1016/j.matchemphys.2022.126493,ELSEVIER SCIENCE SA,2022
5092,10.1016/j.matchemphys.2022.126629,ELSEVIER SCIENCE SA,2022
5093,10.1016/j.matchemphys.2022.126748,ELSEVIER SCIENCE SA,2022
5094,10.1016/j.matchemphys.2022.126933,ELSEVIER SCIENCE SA,2023
5095,10.1016/j.matchemphys.2022.127024,ELSEVIER SCIENCE SA,2023
5096,10.1016/j.matchemphys.2022.127039,ELSEVIER SCIENCE SA,2023
5097,10.1016/j.matchemphys.2023.128448,ELSEVIER SCIENCE SA,2023
5098,10.1016/j.matchemphys.2024.129245,ELSEVIER SCIENCE SA,2024
5099,10.1016/j.matchemphys.2024.129533,ELSEVIER SCIENCE SA,2024
5100,10.1016/j.matchemphys.2024.129804,ELSEVIER SCIENCE SA,2024
5101,10.1016/j.matchemphys.2024.130007,ELSEVIER SCIENCE SA,2024
5102,10.1016/j.matchemphys.2024.130283,ELSEVIER SCIENCE SA,2025
5103,10.1016/j.matchemphys.2024.130292,ELSEVIER SCIENCE SA,2025
5104,10.1016/j.matchemphys.2025.130363,ELSEVIER SCIENCE SA,2025
5105,10.1016/j.matchemphys.2025.130465,ELSEVIER SCIENCE SA,2025
5106,10.1016/j.matdes.2017.03.002,ELSEVIER SCI LTD,2017
5107,10.1016/j.matdes.2021.109741,ELSEVIER SCI LTD,2021
5108,10.1016/j.matdes.2023.112252,ELSEVIER SCI LTD,2023
5109,10.1016/j.materresbull.2006.01.022,PERGAMON-ELSEVIER SCIENCE LTD,2006
5110,10.1016/j.materresbull.2006.02.009,PERGAMON-ELSEVIER SCIENCE LTD,2006
5111,10.1016/j.materresbull.2016.06.022,PERGAMON-ELSEVIER SCIENCE LTD,2016
5112,10.1016/j.materresbull.2017.04.020,PERGAMON-ELSEVIER SCIENCE LTD,2017
5113,10.1016/j.materresbull.2017.10.038,PERGAMON-ELSEVIER SCIENCE LTD,2018
5114,10.1016/j.materresbull.2017.12.033,PERGAMON-ELSEVIER SCIENCE LTD,2018
5115,10.1016/j.materresbull.2018.07.025,PERGAMON-ELSEVIER SCIENCE LTD,2019
5116,10.1016/j.materresbull.2020.110806,PERGAMON-ELSEVIER SCIENCE LTD,2020
5117,10.1016/j.materresbull.2020.111058,PERGAMON-ELSEVIER SCIENCE LTD,2021
5118,10.1016/j.materresbull.2021.111243,PERGAMON-ELSEVIER SCIENCE LTD,2021
5119,10.1016/j.materresbull.2021.111388,PERGAMON-ELSEVIER SCIENCE LTD,2021
5120,10.1016/j.materresbull.2023.112462,PERGAMON-ELSEVIER SCIENCE LTD,2023
5121,10.1016/j.materresbull.2024.112927,PERGAMON-ELSEVIER SCIENCE LTD,2024
5122,10.1016/j.matlet.2008.09.010,ELSEVIER SCIENCE BV,2009
5123,10.1016/j.matlet.2009.05.040,ELSEVIER,2009
5124,10.1016/j.matlet.2010.10.059,ELSEVIER,2011
5125,10.1016/j.matlet.2011.02.009,ELSEVIER SCIENCE BV,2011
5126,10.1016/j.matlet.2011.06.081,ELSEVIER SCIENCE BV,2011
5127,10.1016/j.matlet.2013.03.053,ELSEVIER,2013
5128,10.1016/j.matlet.2013.05.058,ELSEVIER,2013
5129,10.1016/j.matlet.2013.11.096,ELSEVIER,2014
5130,10.1016/j.matlet.2014.04.024,ELSEVIER SCIENCE BV,2014
5131,10.1016/j.matlet.2014.06.025,ELSEVIER SCIENCE BV,2014
5132,10.1016/j.matlet.2014.06.059,ELSEVIER,2014
5133,10.1016/j.matlet.2014.08.058,ELSEVIER SCIENCE BV,2014
5134,10.1016/j.matlet.2014.11.113,ELSEVIER SCIENCE BV,2015
5135,10.1016/j.matlet.2014.11.115,ELSEVIER SCIENCE BV,2015
5136,10.1016/j.matlet.2014.11.127,ELSEVIER SCIENCE BV,2015
5137,10.1016/j.matlet.2015.01.159,ELSEVIER SCIENCE BV,2015
5138,10.1016/j.matlet.2015.03.091,ELSEVIER SCIENCE BV,2015
5139,10.1016/j.matlet.2015.04.142,ELSEVIER SCIENCE BV,2015
5140,10.1016/j.matlet.2015.08.004,ELSEVIER SCIENCE BV,2015
5141,10.1016/j.matlet.2015.09.044,ELSEVIER SCIENCE BV,2016
5142,10.1016/j.matlet.2015.09.061,ELSEVIER SCIENCE BV,2015
5143,10.1016/j.matlet.2016.05.057,ELSEVIER SCIENCE BV,2016
5144,10.1016/j.matlet.2016.06.015,ELSEVIER SCIENCE BV,2016
5145,10.1016/j.matlet.2016.08.018,ELSEVIER SCIENCE BV,2016
5146,10.1016/j.matlet.2016.09.099,ELSEVIER SCIENCE BV,2017
5147,10.1016/j.matlet.2016.12.025,ELSEVIER SCIENCE BV,2017
5148,10.1016/j.matlet.2016.12.111,ELSEVIER SCIENCE BV,2017
5149,10.1016/j.matlet.2017.01.120,ELSEVIER,2017
5150,10.1016/j.matlet.2017.02.091,ELSEVIER SCIENCE BV,2017
5151,10.1016/j.matlet.2017.03.034,ELSEVIER SCIENCE BV,2017
5152,10.1016/j.matlet.2017.03.077,ELSEVIER SCIENCE BV,2017
5153,10.1016/j.matlet.2017.03.140,ELSEVIER SCIENCE BV,2017
5154,10.1016/j.matlet.2017.03.162,ELSEVIER SCIENCE BV,2017
5155,10.1016/j.matlet.2017.04.099,ELSEVIER SCIENCE BV,2017
5156,10.1016/j.matlet.2018.03.006,ELSEVIER SCIENCE BV,2018
5157,10.1016/j.matlet.2018.03.099,ELSEVIER,2018
5158,10.1016/j.matlet.2018.04.014,ELSEVIER SCIENCE BV,2018
5159,10.1016/j.matlet.2018.04.084,ELSEVIER SCIENCE BV,2018
5160,10.1016/j.matlet.2018.04.130,ELSEVIER SCIENCE BV,2018
5161,10.1016/j.matlet.2018.10.082,ELSEVIER SCIENCE BV,2019
5162,10.1016/j.matlet.2019.02.124,ELSEVIER SCIENCE BV,2019
5163,10.1016/j.matlet.2019.05.038,ELSEVIER SCIENCE BV,2019
5164,10.1016/j.matlet.2019.06.003,ELSEVIER,2019
5165,10.1016/j.matlet.2019.126519,ELSEVIER,2019
5166,10.1016/j.matlet.2020.127402,ELSEVIER,2020
5167,10.1016/j.matlet.2020.128127,ELSEVIER,2020
5168,10.1016/j.matlet.2020.128387,ELSEVIER,2020
5169,10.1016/j.matlet.2020.128512,ELSEVIER,2020
5170,10.1016/j.matlet.2020.129025,ELSEVIER,2021
5171,10.1016/j.matlet.2020.129052,ELSEVIER,2021
5172,10.1016/j.matlet.2020.129261,ELSEVIER,2021
5173,10.1016/j.matlet.2021.130427,ELSEVIER,2021
5174,10.1016/j.matlet.2021.131078,ELSEVIER,2022
5175,10.1016/j.matlet.2022.132481,ELSEVIER,2022
5176,10.1016/j.matlet.2023.133829,ELSEVIER,2023
5177,10.1016/j.matlet.2023.134344,ELSEVIER,2023
5178,10.1016/j.matlet.2023.134699,ELSEVIER,2023
5179,10.1016/j.matlet.2024.136460,ELSEVIER,2024
5180,10.1016/j.matlet.2024.137738,ELSEVIER,2025
5181,10.1016/j.matlet.2025.138969,ELSEVIER,2025
5182,10.1016/j.matt.2019.06.022,CELL PRESS,2019
5183,10.1016/j.matt.2019.11.002,CELL PRESS,2020
5184,10.1016/j.matt.2019.11.005,CELL PRESS,2020
5185,10.1016/j.matt.2020.10.009,CELL PRESS,2021
5186,10.1016/j.matt.2023.10.019,CELL PRESS,2024
5187,10.1016/j.matt.2024.07.013,CELL PRESS,2024
5188,10.1016/j.mattod.2021.01.008,ELSEVIER SCI LTD,2021
5189,10.1016/j.mattod.2021.01.010,ELSEVIER SCI LTD,2021
5190,10.1016/j.mattod.2021.07.021,ELSEVIER SCI LTD,2021
5191,10.1016/j.mattod.2022.04.002,ELSEVIER SCI LTD,2022
5192,10.1016/j.mattod.2022.05.024,ELSEVIER SCI LTD,2022
5193,10.1016/j.mattod.2023.02.029,ELSEVIER SCI LTD,2023
5194,10.1016/j.mattod.2023.05.001,ELSEVIER SCI LTD,2024
5195,10.1016/j.mcat.2016.12.009,ELSEVIER,2017
5196,10.1016/j.mcat.2017.03.032,ELSEVIER SCIENCE BV,2017
5197,10.1016/j.mcat.2017.07.010,ELSEVIER SCIENCE BV,2017
5198,10.1016/j.mcat.2017.11.012,ELSEVIER SCIENCE BV,2018
5199,10.1016/j.mcat.2018.10.003,ELSEVIER SCIENCE BV,2018
5200,10.1016/j.mcat.2019.01.023,ELSEVIER,2020
5201,10.1016/j.mcat.2019.01.031,ELSEVIER SCIENCE BV,2019
5202,10.1016/j.mcat.2019.110637,ELSEVIER,2020
5203,10.1016/j.mcat.2020.110965,ELSEVIER,2020
5204,10.1016/j.mcat.2020.111071,ELSEVIER,2020
5205,10.1016/j.mcat.2020.111190,ELSEVIER,2020
5206,10.1016/j.mcat.2020.111291,ELSEVIER,2021
5207,10.1016/j.mcat.2020.111363,ELSEVIER,2021
5208,10.1016/j.mcat.2020.111367,ELSEVIER,2021
5209,10.1016/j.mcat.2021.111454,ELSEVIER,2021
5210,10.1016/j.mcat.2021.111542,ELSEVIER,2021
5211,10.1016/j.mcat.2021.111859,ELSEVIER,2021
5212,10.1016/j.mcat.2021.112007,ELSEVIER,2022
5213,10.1016/j.mcat.2022.112212,ELSEVIER,2022
5214,10.1016/j.mcat.2022.112372,ELSEVIER,2022
5215,10.1016/j.mcat.2022.112530,ELSEVIER,2022
5216,10.1016/j.mcat.2022.112748,ELSEVIER,2022
5217,10.1016/j.mcat.2022.112760,ELSEVIER,2022
5218,10.1016/j.mcat.2022.112891,ELSEVIER,2023
5219,10.1016/j.mcat.2022.112899,ELSEVIER,2023
5220,10.1016/j.mcat.2022.112903,ELSEVIER,2023
5221,10.1016/j.mcat.2023.112921,ELSEVIER,2023
5222,10.1016/j.mcat.2023.112973,ELSEVIER,2023
5223,10.1016/j.mcat.2023.113014,ELSEVIER,2023
5224,10.1016/j.mcat.2023.113107,ELSEVIER,2023
5225,10.1016/j.mcat.2023.113351,ELSEVIER,2023
5226,10.1016/j.mcat.2023.113418,ELSEVIER,2023
5227,10.1016/j.mcat.2023.113428,ELSEVIER,2023
5228,10.1016/j.mcat.2023.113470,ELSEVIER,2023
5229,10.1016/j.mcat.2023.113552,ELSEVIER,2023
5230,10.1016/j.mcat.2023.113608,ELSEVIER,2023
5231,10.1016/j.mcat.2023.113689,ELSEVIER,2024
5232,10.1016/j.mcat.2023.113786,ELSEVIER,2024
5233,10.1016/j.mcat.2024.113910,ELSEVIER,2024
5234,10.1016/j.mcat.2024.114042,ELSEVIER,2024
5235,10.1016/j.mcat.2024.114131,ELSEVIER,2024
5236,10.1016/j.mcat.2024.114162,ELSEVIER,2024
5237,10.1016/j.mcat.2024.114267,ELSEVIER,2024
5238,10.1016/j.mcat.2024.114450,ELSEVIER,2024
5239,10.1016/j.mcat.2024.114456,ELSEVIER,2024
5240,10.1016/j.mcat.2024.114462,ELSEVIER,2024
5241,10.1016/j.mcat.2024.114555,ELSEVIER,2024
5242,10.1016/j.mcat.2024.114628,ELSEVIER,2025
5243,10.1016/j.mcat.2024.114684,ELSEVIER,2025
5244,10.1016/j.mcat.2025.115029,ELSEVIER,2025
5245,10.1016/j.mcat.2025.115045,ELSEVIER,2025
5246,10.1016/j.mencom.2013.05.004,ELSEVIER,2013
5247,10.1016/j.mencom.2015.01.009,ELSEVIER,2015
5248,10.1016/j.mencom.2015.11.023,ELSEVIER SCIENCE BV,2015
5249,10.1016/j.mencom.2016.01.020,ELSEVIER SCIENCE BV,2016
5250,10.1016/j.mencom.2016.05.010,ELSEVIER SCIENCE BV,2016
5251,10.1016/j.mencom.2016.07.025,ELSEVIER SCIENCE BV,2016
5252,10.1016/j.mencom.2017.07.001,ELSEVIER SCIENCE BV,2017
5253,10.1016/j.mencom.2021.11.042,ELSEVIER,2021
5254,10.1016/j.mencom.2022.11.031,ELSEVIER,2022
5255,10.1016/j.mencom.2023.09.034,ELSEVIER,2023
5256,10.1016/j.mencom.2023.10.025,ELSEVIER,2023
5257,10.1016/j.microc.2013.08.013,ELSEVIER SCIENCE BV,2013
5258,10.1016/j.microc.2019.104498,ELSEVIER,2020
5259,10.1016/j.microc.2020.105059,ELSEVIER,2020
5260,10.1016/j.microc.2020.105417,ELSEVIER,2020
5261,10.1016/j.microc.2020.105579,ELSEVIER,2020
5262,10.1016/j.microc.2021.106242,ELSEVIER,2021
5263,10.1016/j.microc.2021.106294,ELSEVIER,2021
5264,10.1016/j.microc.2022.107618,ELSEVIER,2022
5265,10.1016/j.microc.2023.108464,ELSEVIER,2023
5266,10.1016/j.microc.2023.108557,ELSEVIER,2023
5267,10.1016/j.microc.2023.108684,ELSEVIER,2023
5268,10.1016/j.microc.2023.108925,ELSEVIER,2023
5269,10.1016/j.microc.2023.109014,ELSEVIER,2023
5270,10.1016/j.microc.2023.109182,ELSEVIER,2023
5271,10.1016/j.microc.2023.109660,ELSEVIER,2024
5272,10.1016/j.microc.2023.109684,ELSEVIER,2024
5273,10.1016/j.microc.2024.110035,ELSEVIER,2024
5274,10.1016/j.microc.2024.111136,ELSEVIER,2024
5275,10.1016/j.microc.2024.112127,ELSEVIER,2024
5276,10.1016/j.microc.2024.112300,ELSEVIER,2025
5277,10.1016/j.microc.2025.114088,ELSEVIER,2025
5278,10.1016/j.micromeso.2003.12.027,ELSEVIER,2004
5279,10.1016/j.micromeso.2003.12.029,ELSEVIER SCIENCE BV,2004
5280,10.1016/j.micromeso.2004.03.008,ELSEVIER,2004
5281,10.1016/j.micromeso.2004.10.030,ELSEVIER,2005
5282,10.1016/j.micromeso.2005.11.048,ELSEVIER,2006
5283,10.1016/j.micromeso.2005.11.049,ELSEVIER,2006
5284,10.1016/j.micromeso.2006.08.015,ELSEVIER SCIENCE BV,2007
5285,10.1016/j.micromeso.2006.12.041,ELSEVIER,2007
5286,10.1016/j.micromeso.2007.05.018,ELSEVIER SCIENCE BV,2007
5287,10.1016/j.micromeso.2007.08.024,ELSEVIER SCIENCE BV,2008
5288,10.1016/j.micromeso.2007.11.014,ELSEVIER SCIENCE BV,2008
5289,10.1016/j.micromeso.2008.04.033,ELSEVIER,2008
5290,10.1016/j.micromeso.2008.06.040,ELSEVIER,2009
5291,10.1016/j.micromeso.2008.07.029,ELSEVIER,2009
5292,10.1016/j.micromeso.2008.07.044,ELSEVIER,2009
5293,10.1016/j.micromeso.2008.08.054,ELSEVIER SCIENCE BV,2009
5294,10.1016/j.micromeso.2008.10.037,ELSEVIER,2009
5295,10.1016/j.micromeso.2008.11.019,ELSEVIER SCIENCE BV,2009
5296,10.1016/j.micromeso.2009.03.036,ELSEVIER SCIENCE BV,2009
5297,10.1016/j.micromeso.2009.06.009,ELSEVIER,2010
5298,10.1016/j.micromeso.2009.11.001,ELSEVIER,2010
5299,10.1016/j.micromeso.2010.02.008,ELSEVIER,2010
5300,10.1016/j.micromeso.2010.03.026,ELSEVIER SCIENCE BV,2010
5301,10.1016/j.micromeso.2010.07.024,ELSEVIER SCIENCE BV,2011
5302,10.1016/j.micromeso.2010.10.011,ELSEVIER SCIENCE BV,2011
5303,10.1016/j.micromeso.2010.10.022,ELSEVIER,2011
5304,10.1016/j.micromeso.2010.11.017,ELSEVIER SCIENCE BV,2011
5305,10.1016/j.micromeso.2010.12.001,ELSEVIER SCIENCE BV,2011
5306,10.1016/j.micromeso.2010.12.016,ELSEVIER SCIENCE BV,2011
5307,10.1016/j.micromeso.2010.12.036,ELSEVIER,2011
5308,10.1016/j.micromeso.2011.02.003,ELSEVIER SCIENCE BV,2011
5309,10.1016/j.micromeso.2011.04.028,ELSEVIER SCIENCE BV,2011
5310,10.1016/j.micromeso.2011.05.029,ELSEVIER SCIENCE BV,2012
5311,10.1016/j.micromeso.2011.08.016,ELSEVIER,2012
5312,10.1016/j.micromeso.2011.08.028,ELSEVIER,2012
5313,10.1016/j.micromeso.2011.09.006,ELSEVIER,2012
5314,10.1016/j.micromeso.2011.09.017,ELSEVIER,2012
5315,10.1016/j.micromeso.2011.11.025,ELSEVIER,2012
5316,10.1016/j.micromeso.2011.11.039,ELSEVIER,2012
5317,10.1016/j.micromeso.2011.11.043,ELSEVIER,2012
5318,10.1016/j.micromeso.2011.11.052,ELSEVIER,2012
5319,10.1016/j.micromeso.2011.11.058,ELSEVIER SCIENCE BV,2012
5320,10.1016/j.micromeso.2011.12.009,ELSEVIER SCIENCE BV,2012
5321,10.1016/j.micromeso.2011.12.010,ELSEVIER,2012
5322,10.1016/j.micromeso.2011.12.035,ELSEVIER SCIENCE BV,2012
5323,10.1016/j.micromeso.2011.12.036,ELSEVIER,2012
5324,10.1016/j.micromeso.2011.12.053,ELSEVIER SCIENCE BV,2012
5325,10.1016/j.micromeso.2012.01.010,ELSEVIER SCIENCE BV,2012
5326,10.1016/j.micromeso.2012.02.027,ELSEVIER,2012
5327,10.1016/j.micromeso.2012.02.042,ELSEVIER,2012
5328,10.1016/j.micromeso.2012.03.029,ELSEVIER SCIENCE BV,2012
5329,10.1016/j.micromeso.2012.03.039,ELSEVIER,2012
5330,10.1016/j.micromeso.2012.04.018,ELSEVIER,2012
5331,10.1016/j.micromeso.2012.05.021,ELSEVIER,2012
5332,10.1016/j.micromeso.2012.06.009,ELSEVIER SCIENCE BV,2012
5333,10.1016/j.micromeso.2012.07.008,ELSEVIER,2012
5334,10.1016/j.micromeso.2012.07.046,ELSEVIER SCIENCE BV,2013
5335,10.1016/j.micromeso.2012.09.016,ELSEVIER,2013
5336,10.1016/j.micromeso.2012.09.028,ELSEVIER,2013
5337,10.1016/j.micromeso.2012.09.029,ELSEVIER,2013
5338,10.1016/j.micromeso.2012.12.024,ELSEVIER,2013
5339,10.1016/j.micromeso.2012.12.035,ELSEVIER,2013
5340,10.1016/j.micromeso.2013.01.031,ELSEVIER,2013
5341,10.1016/j.micromeso.2013.02.023,ELSEVIER,2013
5342,10.1016/j.micromeso.2013.03.021,ELSEVIER,2013
5343,10.1016/j.micromeso.2013.03.025,ELSEVIER SCIENCE BV,2013
5344,10.1016/j.micromeso.2013.05.015,ELSEVIER SCIENCE BV,2013
5345,10.1016/j.micromeso.2013.06.008,ELSEVIER,2013
5346,10.1016/j.micromeso.2013.06.023,ELSEVIER,2013
5347,10.1016/j.micromeso.2013.06.039,ELSEVIER SCIENCE BV,2013
5348,10.1016/j.micromeso.2013.07.030,ELSEVIER SCIENCE BV,2013
5349,10.1016/j.micromeso.2013.07.035,ELSEVIER SCIENCE BV,2014
5350,10.1016/j.micromeso.2013.08.010,ELSEVIER,2014
5351,10.1016/j.micromeso.2013.08.048,ELSEVIER,2013
5352,10.1016/j.micromeso.2013.09.031,ELSEVIER,2014
5353,10.1016/j.micromeso.2013.09.035,ELSEVIER SCIENCE BV,2014
5354,10.1016/j.micromeso.2013.10.003,ELSEVIER,2014
5355,10.1016/j.micromeso.2013.11.036,ELSEVIER SCIENCE BV,2014
5356,10.1016/j.micromeso.2013.12.019,ELSEVIER SCIENCE BV,2014
5357,10.1016/j.micromeso.2014.02.016,ELSEVIER SCIENCE BV,2014
5358,10.1016/j.micromeso.2014.02.021,ELSEVIER,2014
5359,10.1016/j.micromeso.2014.03.006,ELSEVIER SCIENCE BV,2014
5360,10.1016/j.micromeso.2014.04.016,ELSEVIER,2014
5361,10.1016/j.micromeso.2014.04.023,ELSEVIER SCIENCE BV,2014
5362,10.1016/j.micromeso.2014.07.002,ELSEVIER,2014
5363,10.1016/j.micromeso.2014.07.037,ELSEVIER,2015
5364,10.1016/j.micromeso.2014.07.052,ELSEVIER SCIENCE BV,2014
5365,10.1016/j.micromeso.2014.09.038,ELSEVIER,2015
5366,10.1016/j.micromeso.2014.09.046,ELSEVIER,2015
5367,10.1016/j.micromeso.2014.10.003,ELSEVIER SCIENCE BV,2015
5368,10.1016/j.micromeso.2014.10.018,ELSEVIER SCIENCE BV,2015
5369,10.1016/j.micromeso.2014.10.034,ELSEVIER SCIENCE BV,2015
5370,10.1016/j.micromeso.2014.10.050,ELSEVIER,2015
5371,10.1016/j.micromeso.2014.11.008,ELSEVIER SCIENCE BV,2015
5372,10.1016/j.micromeso.2014.12.008,ELSEVIER SCIENCE BV,2015
5373,10.1016/j.micromeso.2015.01.032,ELSEVIER,2015
5374,10.1016/j.micromeso.2015.01.049,ELSEVIER SCIENCE BV,2015
5375,10.1016/j.micromeso.2015.02.023,ELSEVIER SCIENCE BV,2015
5376,10.1016/j.micromeso.2015.02.032,ELSEVIER,2015
5377,10.1016/j.micromeso.2015.02.035,ELSEVIER SCIENCE BV,2015
5378,10.1016/j.micromeso.2015.02.049,ELSEVIER,2015
5379,10.1016/j.micromeso.2015.02.055,ELSEVIER SCIENCE BV,2015
5380,10.1016/j.micromeso.2015.03.020,ELSEVIER SCIENCE BV,2015
5381,10.1016/j.micromeso.2015.04.005,ELSEVIER,2015
5382,10.1016/j.micromeso.2015.04.023,ELSEVIER SCIENCE BV,2015
5383,10.1016/j.micromeso.2015.04.035,ELSEVIER SCIENCE BV,2015
5384,10.1016/j.micromeso.2015.04.036,ELSEVIER,2015
5385,10.1016/j.micromeso.2015.05.017,ELSEVIER,2015
5386,10.1016/j.micromeso.2015.05.021,ELSEVIER,2015
5387,10.1016/j.micromeso.2015.05.029,ELSEVIER SCIENCE BV,2015
5388,10.1016/j.micromeso.2015.05.030,ELSEVIER SCIENCE BV,2015
5389,10.1016/j.micromeso.2015.06.007,ELSEVIER SCIENCE BV,2015
5390,10.1016/j.micromeso.2015.06.046,ELSEVIER SCIENCE BV,2016
5391,10.1016/j.micromeso.2015.07.001,ELSEVIER,2015
5392,10.1016/j.micromeso.2015.08.009,ELSEVIER SCIENCE BV,2016
5393,10.1016/j.micromeso.2015.08.013,ELSEVIER SCIENCE BV,2016
5394,10.1016/j.micromeso.2015.08.017,ELSEVIER,2016
5395,10.1016/j.micromeso.2015.08.023,ELSEVIER,2016
5396,10.1016/j.micromeso.2015.09.026,ELSEVIER,2016
5397,10.1016/j.micromeso.2015.09.043,ELSEVIER SCIENCE BV,2016
5398,10.1016/j.micromeso.2015.09.053,ELSEVIER,2016
5399,10.1016/j.micromeso.2015.10.033,ELSEVIER SCIENCE BV,2016
5400,10.1016/j.micromeso.2015.11.055,ELSEVIER SCIENCE BV,2016
5401,10.1016/j.micromeso.2015.11.060,ELSEVIER SCIENCE BV,2016
5402,10.1016/j.micromeso.2015.12.004,ELSEVIER SCIENCE BV,2016
5403,10.1016/j.micromeso.2015.12.010,ELSEVIER SCIENCE BV,2016
5404,10.1016/j.micromeso.2016.01.044,ELSEVIER SCIENCE BV,2016
5405,10.1016/j.micromeso.2016.02.029,ELSEVIER SCIENCE BV,2016
5406,10.1016/j.micromeso.2016.05.026,ELSEVIER,2016
5407,10.1016/j.micromeso.2016.05.027,ELSEVIER,2016
5408,10.1016/j.micromeso.2016.05.035,ELSEVIER,2016
5409,10.1016/j.micromeso.2016.06.014,ELSEVIER SCIENCE BV,2016
5410,10.1016/j.micromeso.2016.07.014,ELSEVIER SCIENCE BV,2016
5411,10.1016/j.micromeso.2016.07.039,ELSEVIER SCIENCE BV,2016
5412,10.1016/j.micromeso.2016.09.020,ELSEVIER,2017
5413,10.1016/j.micromeso.2016.09.032,ELSEVIER SCIENCE BV,2017
5414,10.1016/j.micromeso.2016.09.034,ELSEVIER,2017
5415,10.1016/j.micromeso.2016.09.036,ELSEVIER,2017
5416,10.1016/j.micromeso.2016.09.038,ELSEVIER SCIENCE BV,2017
5417,10.1016/j.micromeso.2016.10.043,ELSEVIER SCIENCE BV,2017
5418,10.1016/j.micromeso.2016.11.012,ELSEVIER SCIENCE BV,2017
5419,10.1016/j.micromeso.2016.12.015,ELSEVIER SCIENCE BV,2017
5420,10.1016/j.micromeso.2016.12.031,ELSEVIER SCIENCE BV,2017
5421,10.1016/j.micromeso.2017.02.007,ELSEVIER SCIENCE BV,2017
5422,10.1016/j.micromeso.2017.02.013,ELSEVIER SCIENCE BV,2017
5423,10.1016/j.micromeso.2017.02.020,ELSEVIER SCIENCE BV,2017
5424,10.1016/j.micromeso.2017.02.032,ELSEVIER,2017
5425,10.1016/j.micromeso.2017.03.007,ELSEVIER SCIENCE BV,2017
5426,10.1016/j.micromeso.2017.03.011,ELSEVIER SCIENCE BV,2017
5427,10.1016/j.micromeso.2017.04.058,ELSEVIER,2017
5428,10.1016/j.micromeso.2017.05.058,ELSEVIER SCIENCE BV,2017
5429,10.1016/j.micromeso.2017.05.059,ELSEVIER,2017
5430,10.1016/j.micromeso.2017.07.003,ELSEVIER,2017
5431,10.1016/j.micromeso.2017.07.038,ELSEVIER SCIENCE BV,2018
5432,10.1016/j.micromeso.2017.08.045,ELSEVIER SCIENCE BV,2018
5433,10.1016/j.micromeso.2017.08.054,ELSEVIER SCIENCE BV,2018
5434,10.1016/j.micromeso.2017.10.010,ELSEVIER SCIENCE BV,2018
5435,10.1016/j.micromeso.2017.10.014,ELSEVIER SCIENCE BV,2018
5436,10.1016/j.micromeso.2017.10.020,ELSEVIER SCIENCE BV,2018
5437,10.1016/j.micromeso.2017.10.028,ELSEVIER SCIENCE BV,2018
5438,10.1016/j.micromeso.2017.11.020,ELSEVIER,2018
5439,10.1016/j.micromeso.2017.11.022,ELSEVIER SCIENCE BV,2018
5440,10.1016/j.micromeso.2017.12.007,ELSEVIER SCIENCE BV,2018
5441,10.1016/j.micromeso.2017.12.016,ELSEVIER SCIENCE BV,2018
5442,10.1016/j.micromeso.2018.01.001,ELSEVIER,2018
5443,10.1016/j.micromeso.2018.01.018,ELSEVIER SCIENCE BV,2018
5444,10.1016/j.micromeso.2018.01.031,ELSEVIER SCIENCE BV,2018
5445,10.1016/j.micromeso.2018.01.038,ELSEVIER,2018
5446,10.1016/j.micromeso.2018.02.030,ELSEVIER SCIENCE BV,2018
5447,10.1016/j.micromeso.2018.03.011,ELSEVIER SCIENCE BV,2018
5448,10.1016/j.micromeso.2018.03.012,ELSEVIER,2018
5449,10.1016/j.micromeso.2018.03.020,ELSEVIER SCIENCE BV,2018
5450,10.1016/j.micromeso.2018.04.005,ELSEVIER SCIENCE BV,2018
5451,10.1016/j.micromeso.2018.04.019,ELSEVIER SCIENCE BV,2018
5452,10.1016/j.micromeso.2018.04.039,ELSEVIER SCIENCE BV,2018
5453,10.1016/j.micromeso.2018.05.004,ELSEVIER SCIENCE BV,2018
5454,10.1016/j.micromeso.2018.05.027,ELSEVIER,2018
5455,10.1016/j.micromeso.2018.06.021,ELSEVIER SCIENCE BV,2018
5456,10.1016/j.micromeso.2018.06.023,ELSEVIER SCIENCE BV,2018
5457,10.1016/j.micromeso.2018.06.051,ELSEVIER SCIENCE BV,2019
5458,10.1016/j.micromeso.2018.07.026,ELSEVIER SCIENCE BV,2019
5459,10.1016/j.micromeso.2018.08.019,ELSEVIER SCIENCE BV,2019
5460,10.1016/j.micromeso.2018.08.027,ELSEVIER SCIENCE BV,2019
5461,10.1016/j.micromeso.2018.09.017,ELSEVIER,2019
5462,10.1016/j.micromeso.2018.10.026,ELSEVIER SCIENCE BV,2019
5463,10.1016/j.micromeso.2018.10.029,ELSEVIER SCIENCE BV,2019
5464,10.1016/j.micromeso.2018.10.031,ELSEVIER SCIENCE BV,2019
5465,10.1016/j.micromeso.2018.11.005,ELSEVIER SCIENCE BV,2019
5466,10.1016/j.micromeso.2018.12.011,ELSEVIER,2019
5467,10.1016/j.micromeso.2018.12.039,ELSEVIER SCIENCE BV,2019
5468,10.1016/j.micromeso.2019.01.022,ELSEVIER SCIENCE BV,2019
5469,10.1016/j.micromeso.2019.02.028,ELSEVIER,2019
5470,10.1016/j.micromeso.2019.03.002,ELSEVIER,2019
5471,10.1016/j.micromeso.2019.03.010,ELSEVIER,2019
5472,10.1016/j.micromeso.2019.03.014,ELSEVIER,2019
5473,10.1016/j.micromeso.2019.04.012,ELSEVIER SCIENCE BV,2019
5474,10.1016/j.micromeso.2019.04.057,ELSEVIER SCIENCE BV,2019
5475,10.1016/j.micromeso.2019.05.044,ELSEVIER SCIENCE BV,2019
5476,10.1016/j.micromeso.2019.06.003,ELSEVIER SCIENCE BV,2019
5477,10.1016/j.micromeso.2019.109564,ELSEVIER,2019
5478,10.1016/j.micromeso.2019.109569,ELSEVIER,2019
5479,10.1016/j.micromeso.2019.109615,ELSEVIER,2019
5480,10.1016/j.micromeso.2019.109624,ELSEVIER,2019
5481,10.1016/j.micromeso.2019.109674,ELSEVIER,2019
5482,10.1016/j.micromeso.2019.109685,ELSEVIER,2020
5483,10.1016/j.micromeso.2019.109723,ELSEVIER,2020
5484,10.1016/j.micromeso.2019.109779,ELSEVIER,2020
5485,10.1016/j.micromeso.2019.109784,ELSEVIER,2020
5486,10.1016/j.micromeso.2019.109844,ELSEVIER,2020
5487,10.1016/j.micromeso.2019.109879,ELSEVIER,2020
5488,10.1016/j.micromeso.2019.109892,ELSEVIER,2020
5489,10.1016/j.micromeso.2019.109917,ELSEVIER,2020
5490,10.1016/j.micromeso.2020.109998,ELSEVIER,2020
5491,10.1016/j.micromeso.2020.110039,ELSEVIER,2020
5492,10.1016/j.micromeso.2020.110044,ELSEVIER,2020
5493,10.1016/j.micromeso.2020.110064,ELSEVIER,2020
5494,10.1016/j.micromeso.2020.110187,ELSEVIER,2020
5495,10.1016/j.micromeso.2020.110200,ELSEVIER,2020
5496,10.1016/j.micromeso.2020.110215,ELSEVIER,2020
5497,10.1016/j.micromeso.2020.110218,ELSEVIER,2020
5498,10.1016/j.micromeso.2020.110224,ELSEVIER,2020
5499,10.1016/j.micromeso.2020.110254,ELSEVIER,2020
5500,10.1016/j.micromeso.2020.110304,ELSEVIER,2020
5501,10.1016/j.micromeso.2020.110340,ELSEVIER,2020
5502,10.1016/j.micromeso.2020.110369,ELSEVIER,2020
5503,10.1016/j.micromeso.2020.110405,ELSEVIER,2020
5504,10.1016/j.micromeso.2020.110432,ELSEVIER,2020
5505,10.1016/j.micromeso.2020.110443,ELSEVIER,2020
5506,10.1016/j.micromeso.2020.110463,ELSEVIER,2020
5507,10.1016/j.micromeso.2020.110495,ELSEVIER,2020
5508,10.1016/j.micromeso.2020.110533,ELSEVIER,2020
5509,10.1016/j.micromeso.2020.110571,ELSEVIER,2020
5510,10.1016/j.micromeso.2020.110596,ELSEVIER,2021
5511,10.1016/j.micromeso.2020.110600,ELSEVIER,2021
5512,10.1016/j.micromeso.2020.110626,ELSEVIER,2021
5513,10.1016/j.micromeso.2020.110666,ELSEVIER,2021
5514,10.1016/j.micromeso.2020.110686,ELSEVIER,2021
5515,10.1016/j.micromeso.2020.110700,ELSEVIER,2021
5516,10.1016/j.micromeso.2020.110746,ELSEVIER,2021
5517,10.1016/j.micromeso.2020.110750,ELSEVIER,2021
5518,10.1016/j.micromeso.2020.110758,ELSEVIER,2021
5519,10.1016/j.micromeso.2020.110771,ELSEVIER,2021
5520,10.1016/j.micromeso.2020.110777,ELSEVIER,2021
5521,10.1016/j.micromeso.2020.110812,ELSEVIER,2021
5522,10.1016/j.micromeso.2020.110823,ELSEVIER,2021
5523,10.1016/j.micromeso.2020.110868,ELSEVIER,2021
5524,10.1016/j.micromeso.2021.110900,ELSEVIER,2021
5525,10.1016/j.micromeso.2021.110916,ELSEVIER,2021
5526,10.1016/j.micromeso.2021.110943,ELSEVIER,2021
5527,10.1016/j.micromeso.2021.110948,ELSEVIER,2021
5528,10.1016/j.micromeso.2021.110973,ELSEVIER,2021
5529,10.1016/j.micromeso.2021.110985,ELSEVIER,2021
5530,10.1016/j.micromeso.2021.111027,ELSEVIER,2021
5531,10.1016/j.micromeso.2021.111054,ELSEVIER,2021
5532,10.1016/j.micromeso.2021.111129,ELSEVIER,2021
5533,10.1016/j.micromeso.2021.111133,ELSEVIER,2021
5534,10.1016/j.micromeso.2021.111153,ELSEVIER,2021
5535,10.1016/j.micromeso.2021.111232,ELSEVIER,2021
5536,10.1016/j.micromeso.2021.111246,ELSEVIER,2021
5537,10.1016/j.micromeso.2021.111249,ELSEVIER,2021
5538,10.1016/j.micromeso.2021.111265,ELSEVIER,2021
5539,10.1016/j.micromeso.2021.111293,ELSEVIER,2021
5540,10.1016/j.micromeso.2021.111303,ELSEVIER,2021
5541,10.1016/j.micromeso.2021.111310,ELSEVIER,2021
5542,10.1016/j.micromeso.2021.111314,ELSEVIER,2021
5543,10.1016/j.micromeso.2021.111409,ELSEVIER,2021
5544,10.1016/j.micromeso.2021.111423,ELSEVIER,2021
5545,10.1016/j.micromeso.2021.111449,ELSEVIER,2021
5546,10.1016/j.micromeso.2021.111456,ELSEVIER,2021
5547,10.1016/j.micromeso.2021.111458,ELSEVIER,2021
5548,10.1016/j.micromeso.2021.111487,ELSEVIER,2021
5549,10.1016/j.micromeso.2021.111488,ELSEVIER,2021
5550,10.1016/j.micromeso.2021.111510,ELSEVIER,2021
5551,10.1016/j.micromeso.2021.111526,ELSEVIER,2022
5552,10.1016/j.micromeso.2021.111599,ELSEVIER,2022
5553,10.1016/j.micromeso.2021.111633,ELSEVIER,2022
5554,10.1016/j.micromeso.2021.111670,ELSEVIER,2022
5555,10.1016/j.micromeso.2022.111703,ELSEVIER,2022
5556,10.1016/j.micromeso.2022.111723,ELSEVIER,2022
5557,10.1016/j.micromeso.2022.111758,ELSEVIER,2022
5558,10.1016/j.micromeso.2022.111773,ELSEVIER,2022
5559,10.1016/j.micromeso.2022.111801,ELSEVIER,2022
5560,10.1016/j.micromeso.2022.111813,ELSEVIER,2022
5561,10.1016/j.micromeso.2022.111814,ELSEVIER,2022
5562,10.1016/j.micromeso.2022.111871,ELSEVIER,2022
5563,10.1016/j.micromeso.2022.111909,ELSEVIER,2022
5564,10.1016/j.micromeso.2022.111938,ELSEVIER,2022
5565,10.1016/j.micromeso.2022.111944,ELSEVIER,2022
5566,10.1016/j.micromeso.2022.111989,ELSEVIER,2022
5567,10.1016/j.micromeso.2022.112005,ELSEVIER,2022
5568,10.1016/j.micromeso.2022.112008,ELSEVIER,2022
5569,10.1016/j.micromeso.2022.112041,ELSEVIER,2022
5570,10.1016/j.micromeso.2022.112141,ELSEVIER,2022
5571,10.1016/j.micromeso.2022.112148,ELSEVIER,2022
5572,10.1016/j.micromeso.2022.112163,ELSEVIER,2022
5573,10.1016/j.micromeso.2022.112232,ELSEVIER,2022
5574,10.1016/j.micromeso.2022.112233,ELSEVIER,2022
5575,10.1016/j.micromeso.2022.112257,ELSEVIER,2022
5576,10.1016/j.micromeso.2022.112327,ELSEVIER,2023
5577,10.1016/j.micromeso.2022.112379,ELSEVIER,2023
5578,10.1016/j.micromeso.2022.112398,ELSEVIER,2023
5579,10.1016/j.micromeso.2023.112461,ELSEVIER,2023
5580,10.1016/j.micromeso.2023.112480,ELSEVIER,2023
5581,10.1016/j.micromeso.2023.112497,ELSEVIER,2023
5582,10.1016/j.micromeso.2023.112518,ELSEVIER,2023
5583,10.1016/j.micromeso.2023.112531,ELSEVIER,2023
5584,10.1016/j.micromeso.2023.112592,ELSEVIER,2023
5585,10.1016/j.micromeso.2023.112595,ELSEVIER,2023
5586,10.1016/j.micromeso.2023.112647,ELSEVIER,2023
5587,10.1016/j.micromeso.2023.112658,ELSEVIER,2023
5588,10.1016/j.micromeso.2023.112707,ELSEVIER,2023
5589,10.1016/j.micromeso.2023.112716,ELSEVIER,2023
5590,10.1016/j.micromeso.2023.112782,ELSEVIER,2023
5591,10.1016/j.micromeso.2023.112822,ELSEVIER,2024
5592,10.1016/j.micromeso.2023.112828,ELSEVIER,2024
5593,10.1016/j.micromeso.2023.112915,ELSEVIER,2024
5594,10.1016/j.micromeso.2023.112917,ELSEVIER,2024
5595,10.1016/j.micromeso.2023.112956,ELSEVIER,2024
5596,10.1016/j.micromeso.2023.112961,ELSEVIER,2024
5597,10.1016/j.micromeso.2023.112974,ELSEVIER,2024
5598,10.1016/j.micromeso.2024.112986,ELSEVIER,2024
5599,10.1016/j.micromeso.2024.113010,ELSEVIER,2024
5600,10.1016/j.micromeso.2024.113059,ELSEVIER,2024
5601,10.1016/j.micromeso.2024.113114,ELSEVIER,2024
5602,10.1016/j.micromeso.2024.113120,ELSEVIER,2024
5603,10.1016/j.micromeso.2024.113130,ELSEVIER,2024
5604,10.1016/j.micromeso.2024.113137,ELSEVIER,2024
5605,10.1016/j.micromeso.2024.113163,ELSEVIER,2024
5606,10.1016/j.micromeso.2024.113186,ELSEVIER,2024
5607,10.1016/j.micromeso.2024.113200,ELSEVIER,2024
5608,10.1016/j.micromeso.2024.113256,ELSEVIER,2024
5609,10.1016/j.micromeso.2024.113372,ELSEVIER,2025
5610,10.1016/j.micromeso.2024.113450,ELSEVIER,2025
5611,10.1016/j.micromeso.2024.113455,ELSEVIER,2025
5612,10.1016/j.micromeso.2025.113588,ELSEVIER,2025
5613,10.1016/j.micromeso.2025.113622,ELSEVIER,2025
5614,10.1016/j.micromeso.2025.113727,ELSEVIER,2025
5615,10.1016/j.molcata.2009.03.027,ELSEVIER SCIENCE BV,2009
5616,10.1016/j.molcata.2012.04.008,ELSEVIER,2012
5617,10.1016/j.molcata.2012.06.007,ELSEVIER,2012
5618,10.1016/j.molcata.2012.08.015,ELSEVIER,2012
5619,10.1016/j.molcata.2012.09.006,ELSEVIER,2013
5620,10.1016/j.molcata.2013.07.016,ELSEVIER,2013
5621,10.1016/j.molcata.2013.12.005,ELSEVIER SCIENCE BV,2014
5622,10.1016/j.molcata.2014.05.023,ELSEVIER,2014
5623,10.1016/j.molcata.2014.08.034,ELSEVIER,2014
5624,10.1016/j.molcata.2015.06.018,ELSEVIER,2015
5625,10.1016/j.molcata.2015.07.022,ELSEVIER,2015
5626,10.1016/j.molcata.2016.04.022,ELSEVIER,2016
5627,10.1016/j.molcata.2016.07.042,ELSEVIER SCIENCE BV,2016
5628,10.1016/j.molcata.2016.11.009,ELSEVIER,2017
5629,10.1016/j.molcata.2016.11.036,ELSEVIER,2017
5630,10.1016/j.molcata.2016.12.008,ELSEVIER SCIENCE BV,2017
5631,10.1016/j.molliq.2017.06.097,ELSEVIER SCIENCE BV,2017
5632,10.1016/j.molliq.2019.02.069,ELSEVIER SCIENCE BV,2019
5633,10.1016/j.molliq.2019.112427,ELSEVIER,2020
5634,10.1016/j.molliq.2020.112996,ELSEVIER,2020
5635,10.1016/j.molliq.2020.113812,ELSEVIER,2020
5636,10.1016/j.molliq.2020.114393,ELSEVIER,2020
5637,10.1016/j.molliq.2021.117290,ELSEVIER,2021
5638,10.1016/j.molliq.2021.117520,ELSEVIER,2021
5639,10.1016/j.molliq.2021.117765,ELSEVIER,2021
5640,10.1016/j.molliq.2021.118353,ELSEVIER,2022
5641,10.1016/j.molliq.2023.121665,ELSEVIER,2023
5642,10.1016/j.molliq.2023.122201,ELSEVIER,2023
5643,10.1016/j.molliq.2023.122646,ELSEVIER,2023
5644,10.1016/j.molliq.2024.123964,ELSEVIER,2024
5645,10.1016/j.molliq.2024.124365,ELSEVIER,2024
5646,10.1016/j.molliq.2024.125732,ELSEVIER,2024
5647,10.1016/j.molstruc.2003.09.024,ELSEVIER,2004
5648,10.1016/j.molstruc.2003.11.009,ELSEVIER,2004
5649,10.1016/j.molstruc.2004.03.012,ELSEVIER,2004
5650,10.1016/j.molstruc.2004.03.035,ELSEVIER,2005
5651,10.1016/j.molstruc.2004.03.042,ELSEVIER,2004
5652,10.1016/j.molstruc.2004.04.015,ELSEVIER,2004
5653,10.1016/j.molstruc.2004.04.020,ELSEVIER,2004
5654,10.1016/j.molstruc.2004.05.004,ELSEVIER,2004
5655,10.1016/j.molstruc.2004.10.063,ELSEVIER,2005
5656,10.1016/j.molstruc.2005.01.034,ELSEVIER,2005
5657,10.1016/j.molstruc.2005.05.041,ELSEVIER,2005
5658,10.1016/j.molstruc.2005.07.031,ELSEVIER,2006
5659,10.1016/j.molstruc.2005.11.011,ELSEVIER,2006
5660,10.1016/j.molstruc.2006.02.064,ELSEVIER SCIENCE BV,2006
5661,10.1016/j.molstruc.2006.03.050,ELSEVIER SCIENCE BV,2006
5662,10.1016/j.molstruc.2006.03.077,ELSEVIER,2006
5663,10.1016/j.molstruc.2006.03.078,ELSEVIER SCIENCE BV,2006
5664,10.1016/j.molstruc.2006.03.099,ELSEVIER SCIENCE BV,2006
5665,10.1016/j.molstruc.2006.04.015,ELSEVIER,2006
5666,10.1016/j.molstruc.2006.04.029,ELSEVIER,2006
5667,10.1016/j.molstruc.2006.08.025,ELSEVIER SCIENCE BV,2007
5668,10.1016/j.molstruc.2006.10.013,ELSEVIER,2007
5669,10.1016/j.molstruc.2006.10.054,ELSEVIER,2007
5670,10.1016/j.molstruc.2006.11.065,ELSEVIER,2007
5671,10.1016/j.molstruc.2006.12.020,ELSEVIER,2007
5672,10.1016/j.molstruc.2006.12.030,ELSEVIER,2007
5673,10.1016/j.molstruc.2006.12.053,ELSEVIER SCIENCE BV,2007
5674,10.1016/j.molstruc.2007.01.036,ELSEVIER SCIENCE BV,2007
5675,10.1016/j.molstruc.2007.01.048,ELSEVIER,2007
5676,10.1016/j.molstruc.2007.01.064,ELSEVIER SCIENCE BV,2007
5677,10.1016/j.molstruc.2007.05.007,ELSEVIER,2008
5678,10.1016/j.molstruc.2007.07.016,ELSEVIER,2008
5679,10.1016/j.molstruc.2007.07.023,ELSEVIER,2008
5680,10.1016/j.molstruc.2007.08.007,ELSEVIER,2008
5681,10.1016/j.molstruc.2007.08.032,ELSEVIER,2008
5682,10.1016/j.molstruc.2007.09.014,ELSEVIER,2008
5683,10.1016/j.molstruc.2007.12.040,ELSEVIER SCIENCE BV,2008
5684,10.1016/j.molstruc.2008.01.039,ELSEVIER SCIENCE BV,2008
5685,10.1016/j.molstruc.2008.02.010,ELSEVIER SCIENCE BV,2008
5686,10.1016/j.molstruc.2008.03.011,ELSEVIER,2008
5687,10.1016/j.molstruc.2008.03.034,ELSEVIER,2008
5688,10.1016/j.molstruc.2008.04.030,ELSEVIER,2008
5689,10.1016/j.molstruc.2008.04.038,ELSEVIER SCIENCE BV,2008
5690,10.1016/j.molstruc.2008.04.047,ELSEVIER,2008
5691,10.1016/j.molstruc.2008.05.039,ELSEVIER,2008
5692,10.1016/j.molstruc.2008.06.007,ELSEVIER,2008
5693,10.1016/j.molstruc.2008.07.033,ELSEVIER SCIENCE BV,2009
5694,10.1016/j.molstruc.2008.11.030,ELSEVIER,2009
5695,10.1016/j.molstruc.2008.12.003,ELSEVIER,2009
5696,10.1016/j.molstruc.2008.12.057,ELSEVIER,2009
5697,10.1016/j.molstruc.2009.04.012,ELSEVIER SCIENCE BV,2009
5698,10.1016/j.molstruc.2009.04.013,ELSEVIER,2009
5699,10.1016/j.molstruc.2009.04.035,ELSEVIER,2009
5700,10.1016/j.molstruc.2009.05.027,ELSEVIER,2009
5701,10.1016/j.molstruc.2009.05.030,ELSEVIER,2009
5702,10.1016/j.molstruc.2009.05.040,ELSEVIER,2009
5703,10.1016/j.molstruc.2009.05.054,ELSEVIER,2009
5704,10.1016/j.molstruc.2009.05.055,ELSEVIER,2009
5705,10.1016/j.molstruc.2009.06.002,ELSEVIER,2009
5706,10.1016/j.molstruc.2009.06.014,ELSEVIER,2009
5707,10.1016/j.molstruc.2009.09.010,ELSEVIER,2009
5708,10.1016/j.molstruc.2009.09.024,ELSEVIER,2009
5709,10.1016/j.molstruc.2009.09.030,ELSEVIER,2010
5710,10.1016/j.molstruc.2009.09.038,ELSEVIER SCIENCE BV,2010
5711,10.1016/j.molstruc.2009.10.009,ELSEVIER SCIENCE BV,2010
5712,10.1016/j.molstruc.2009.11.008,ELSEVIER SCIENCE BV,2010
5713,10.1016/j.molstruc.2009.11.013,ELSEVIER SCIENCE BV,2010
5714,10.1016/j.molstruc.2009.11.018,ELSEVIER,2010
5715,10.1016/j.molstruc.2009.12.052,ELSEVIER,2010
5716,10.1016/j.molstruc.2010.01.056,ELSEVIER SCIENCE BV,2010
5717,10.1016/j.molstruc.2010.02.019,ELSEVIER SCIENCE BV,2010
5718,10.1016/j.molstruc.2010.02.026,ELSEVIER,2010
5719,10.1016/j.molstruc.2010.02.044,ELSEVIER,2010
5720,10.1016/j.molstruc.2010.03.071,ELSEVIER,2010
5721,10.1016/j.molstruc.2010.03.074,ELSEVIER,2010
5722,10.1016/j.molstruc.2010.04.026,ELSEVIER,2010
5723,10.1016/j.molstruc.2010.06.009,ELSEVIER SCIENCE BV,2010
5724,10.1016/j.molstruc.2010.06.015,ELSEVIER,2010
5725,10.1016/j.molstruc.2010.06.019,ELSEVIER,2010
5726,10.1016/j.molstruc.2010.08.047,ELSEVIER,2010
5727,10.1016/j.molstruc.2010.10.030,ELSEVIER,2011
5728,10.1016/j.molstruc.2010.10.039,ELSEVIER,2011
5729,10.1016/j.molstruc.2010.11.022,ELSEVIER,2011
5730,10.1016/j.molstruc.2010.12.006,ELSEVIER,2011
5731,10.1016/j.molstruc.2011.01.018,ELSEVIER,2011
5732,10.1016/j.molstruc.2011.01.046,ELSEVIER,2011
5733,10.1016/j.molstruc.2011.02.054,ELSEVIER,2011
5734,10.1016/j.molstruc.2011.02.056,ELSEVIER,2011
5735,10.1016/j.molstruc.2011.03.046,ELSEVIER,2011
5736,10.1016/j.molstruc.2011.03.062,ELSEVIER,2011
5737,10.1016/j.molstruc.2011.04.040,ELSEVIER SCIENCE BV,2011
5738,10.1016/j.molstruc.2011.05.013,ELSEVIER,2011
5739,10.1016/j.molstruc.2011.07.014,ELSEVIER,2011
5740,10.1016/j.molstruc.2011.07.025,ELSEVIER,2011
5741,10.1016/j.molstruc.2011.07.032,ELSEVIER,2011
5742,10.1016/j.molstruc.2011.07.053,ELSEVIER,2011
5743,10.1016/j.molstruc.2011.08.012,ELSEVIER,2011
5744,10.1016/j.molstruc.2011.08.013,ELSEVIER,2011
5745,10.1016/j.molstruc.2011.10.010,ELSEVIER SCIENCE BV,2011
5746,10.1016/j.molstruc.2011.12.005,ELSEVIER SCIENCE BV,2012
5747,10.1016/j.molstruc.2011.12.008,ELSEVIER,2012
5748,10.1016/j.molstruc.2011.12.030,ELSEVIER SCIENCE BV,2012
5749,10.1016/j.molstruc.2012.03.002,ELSEVIER SCIENCE BV,2012
5750,10.1016/j.molstruc.2012.04.082,ELSEVIER,2012
5751,10.1016/j.molstruc.2012.06.043,ELSEVIER SCIENCE BV,2012
5752,10.1016/j.molstruc.2012.07.016,ELSEVIER SCIENCE BV,2013
5753,10.1016/j.molstruc.2012.07.039,ELSEVIER,2013
5754,10.1016/j.molstruc.2012.08.017,ELSEVIER,2013
5755,10.1016/j.molstruc.2012.11.069,ELSEVIER,2013
5756,10.1016/j.molstruc.2012.12.024,ELSEVIER,2013
5757,10.1016/j.molstruc.2012.12.043,ELSEVIER,2013
5758,10.1016/j.molstruc.2012.12.051,ELSEVIER,2013
5759,10.1016/j.molstruc.2013.01.016,ELSEVIER,2013
5760,10.1016/j.molstruc.2013.01.044,ELSEVIER SCIENCE BV,2013
5761,10.1016/j.molstruc.2013.01.074,ELSEVIER SCIENCE BV,2013
5762,10.1016/j.molstruc.2013.03.001,ELSEVIER,2013
5763,10.1016/j.molstruc.2013.03.039,ELSEVIER,2013
5764,10.1016/j.molstruc.2013.05.034,ELSEVIER,2013
5765,10.1016/j.molstruc.2013.06.065,ELSEVIER,2013
5766,10.1016/j.molstruc.2013.07.047,ELSEVIER,2013
5767,10.1016/j.molstruc.2013.08.013,ELSEVIER,2013
5768,10.1016/j.molstruc.2013.08.014,ELSEVIER,2013
5769,10.1016/j.molstruc.2013.08.016,ELSEVIER,2013
5770,10.1016/j.molstruc.2013.08.041,ELSEVIER,2013
5771,10.1016/j.molstruc.2013.08.059,ELSEVIER,2013
5772,10.1016/j.molstruc.2013.09.009,ELSEVIER,2013
5773,10.1016/j.molstruc.2013.10.029,ELSEVIER SCIENCE BV,2014
5774,10.1016/j.molstruc.2013.10.058,ELSEVIER,2014
5775,10.1016/j.molstruc.2013.11.041,ELSEVIER,2014
5776,10.1016/j.molstruc.2013.12.011,ELSEVIER,2014
5777,10.1016/j.molstruc.2013.12.033,ELSEVIER,2014
5778,10.1016/j.molstruc.2014.01.065,ELSEVIER,2014
5779,10.1016/j.molstruc.2014.01.090,ELSEVIER,2014
5780,10.1016/j.molstruc.2014.03.015,ELSEVIER,2014
5781,10.1016/j.molstruc.2014.03.027,ELSEVIER,2014
5782,10.1016/j.molstruc.2014.03.063,ELSEVIER,2014
5783,10.1016/j.molstruc.2014.04.047,ELSEVIER,2014
5784,10.1016/j.molstruc.2014.04.048,ELSEVIER,2014
5785,10.1016/j.molstruc.2014.05.021,ELSEVIER SCIENCE BV,2014
5786,10.1016/j.molstruc.2014.05.052,ELSEVIER SCIENCE BV,2014
5787,10.1016/j.molstruc.2014.06.001,ELSEVIER,2014
5788,10.1016/j.molstruc.2014.06.018,ELSEVIER,2014
5789,10.1016/j.molstruc.2014.06.029,ELSEVIER SCIENCE BV,2014
5790,10.1016/j.molstruc.2014.06.053,ELSEVIER SCIENCE BV,2014
5791,10.1016/j.molstruc.2014.06.075,ELSEVIER SCIENCE BV,2014
5792,10.1016/j.molstruc.2014.07.029,ELSEVIER,2014
5793,10.1016/j.molstruc.2014.07.067,ELSEVIER,2014
5794,10.1016/j.molstruc.2014.08.026,ELSEVIER,2014
5795,10.1016/j.molstruc.2014.09.019,ELSEVIER SCIENCE BV,2015
5796,10.1016/j.molstruc.2014.09.025,ELSEVIER,2015
5797,10.1016/j.molstruc.2014.09.056,ELSEVIER,2015
5798,10.1016/j.molstruc.2014.09.085,ELSEVIER,2015
5799,10.1016/j.molstruc.2014.10.069,ELSEVIER SCIENCE BV,2015
5800,10.1016/j.molstruc.2014.11.017,ELSEVIER SCIENCE BV,2015
5801,10.1016/j.molstruc.2014.12.040,ELSEVIER,2015
5802,10.1016/j.molstruc.2015.01.004,ELSEVIER SCIENCE BV,2015
5803,10.1016/j.molstruc.2015.01.013,ELSEVIER SCIENCE BV,2015
5804,10.1016/j.molstruc.2015.02.073,ELSEVIER SCIENCE BV,2015
5805,10.1016/j.molstruc.2015.02.074,ELSEVIER SCIENCE BV,2015
5806,10.1016/j.molstruc.2015.02.075,ELSEVIER,2015
5807,10.1016/j.molstruc.2015.03.019,ELSEVIER SCIENCE BV,2015
5808,10.1016/j.molstruc.2015.03.070,ELSEVIER,2015
5809,10.1016/j.molstruc.2015.05.030,ELSEVIER SCIENCE BV,2015
5810,10.1016/j.molstruc.2015.06.029,ELSEVIER SCIENCE BV,2015
5811,10.1016/j.molstruc.2015.07.048,ELSEVIER,2015
5812,10.1016/j.molstruc.2015.08.020,ELSEVIER SCIENCE BV,2015
5813,10.1016/j.molstruc.2015.08.068,ELSEVIER SCIENCE BV,2016
5814,10.1016/j.molstruc.2015.09.031,ELSEVIER,2016
5815,10.1016/j.molstruc.2015.10.046,ELSEVIER,2016
5816,10.1016/j.molstruc.2015.10.070,ELSEVIER SCIENCE BV,2016
5817,10.1016/j.molstruc.2015.11.021,ELSEVIER,2016
5818,10.1016/j.molstruc.2015.11.031,ELSEVIER,2016
5819,10.1016/j.molstruc.2015.11.045,ELSEVIER SCIENCE BV,2016
5820,10.1016/j.molstruc.2015.12.005,ELSEVIER,2016
5821,10.1016/j.molstruc.2015.12.017,ELSEVIER,2016
5822,10.1016/j.molstruc.2015.12.037,ELSEVIER,2016
5823,10.1016/j.molstruc.2016.01.003,ELSEVIER SCIENCE BV,2016
5824,10.1016/j.molstruc.2016.01.077,ELSEVIER,2016
5825,10.1016/j.molstruc.2016.02.010,ELSEVIER SCIENCE BV,2016
5826,10.1016/j.molstruc.2016.02.049,ELSEVIER SCIENCE BV,2016
5827,10.1016/j.molstruc.2016.03.075,ELSEVIER,2016
5828,10.1016/j.molstruc.2016.04.001,ELSEVIER,2016
5829,10.1016/j.molstruc.2016.04.009,ELSEVIER SCIENCE BV,2016
5830,10.1016/j.molstruc.2016.04.017,ELSEVIER SCIENCE BV,2016
5831,10.1016/j.molstruc.2016.04.019,ELSEVIER SCIENCE BV,2016
5832,10.1016/j.molstruc.2016.04.024,ELSEVIER SCIENCE BV,2016
5833,10.1016/j.molstruc.2016.04.034,ELSEVIER,2016
5834,10.1016/j.molstruc.2016.04.054,ELSEVIER SCIENCE BV,2016
5835,10.1016/j.molstruc.2016.04.074,ELSEVIER SCIENCE BV,2016
5836,10.1016/j.molstruc.2016.05.013,ELSEVIER,2016
5837,10.1016/j.molstruc.2016.06.037,ELSEVIER,2016
5838,10.1016/j.molstruc.2016.07.039,ELSEVIER,2016
5839,10.1016/j.molstruc.2016.07.099,ELSEVIER,2017
5840,10.1016/j.molstruc.2016.08.013,ELSEVIER SCIENCE BV,2017
5841,10.1016/j.molstruc.2016.08.019,ELSEVIER SCIENCE BV,2017
5842,10.1016/j.molstruc.2016.08.051,ELSEVIER SCIENCE BV,2017
5843,10.1016/j.molstruc.2016.08.053,ELSEVIER SCIENCE BV,2017
5844,10.1016/j.molstruc.2016.08.074,ELSEVIER SCIENCE BV,2017
5845,10.1016/j.molstruc.2016.09.074,ELSEVIER,2017
5846,10.1016/j.molstruc.2016.10.006,ELSEVIER,2017
5847,10.1016/j.molstruc.2016.10.008,ELSEVIER,2017
5848,10.1016/j.molstruc.2016.10.051,ELSEVIER,2017
5849,10.1016/j.molstruc.2016.11.034,ELSEVIER SCIENCE BV,2017
5850,10.1016/j.molstruc.2016.11.049,ELSEVIER,2017
5851,10.1016/j.molstruc.2016.11.073,ELSEVIER SCIENCE BV,2017
5852,10.1016/j.molstruc.2016.11.084,ELSEVIER,2017
5853,10.1016/j.molstruc.2016.11.086,ELSEVIER SCIENCE BV,2017
5854,10.1016/j.molstruc.2016.12.005,ELSEVIER SCIENCE BV,2017
5855,10.1016/j.molstruc.2016.12.033,ELSEVIER SCIENCE BV,2017
5856,10.1016/j.molstruc.2016.12.034,ELSEVIER SCIENCE BV,2017
5857,10.1016/j.molstruc.2016.12.053,ELSEVIER SCIENCE BV,2017
5858,10.1016/j.molstruc.2016.12.076,ELSEVIER,2017
5859,10.1016/j.molstruc.2017.01.023,ELSEVIER,2017
5860,10.1016/j.molstruc.2017.01.038,ELSEVIER SCIENCE BV,2017
5861,10.1016/j.molstruc.2017.01.051,ELSEVIER,2017
5862,10.1016/j.molstruc.2017.02.004,ELSEVIER SCIENCE BV,2017
5863,10.1016/j.molstruc.2017.02.005,ELSEVIER SCIENCE BV,2017
5864,10.1016/j.molstruc.2017.02.011,ELSEVIER,2017
5865,10.1016/j.molstruc.2017.02.030,ELSEVIER SCIENCE BV,2017
5866,10.1016/j.molstruc.2017.02.046,ELSEVIER,2017
5867,10.1016/j.molstruc.2017.03.120,ELSEVIER SCIENCE BV,2017
5868,10.1016/j.molstruc.2017.04.057,ELSEVIER SCIENCE BV,2017
5869,10.1016/j.molstruc.2017.04.068,ELSEVIER SCIENCE BV,2017
5870,10.1016/j.molstruc.2017.04.075,ELSEVIER,2017
5871,10.1016/j.molstruc.2017.04.083,ELSEVIER SCIENCE BV,2017
5872,10.1016/j.molstruc.2017.05.075,ELSEVIER,2017
5873,10.1016/j.molstruc.2017.05.114,ELSEVIER SCIENCE BV,2017
5874,10.1016/j.molstruc.2017.06.039,ELSEVIER,2017
5875,10.1016/j.molstruc.2017.06.045,ELSEVIER SCIENCE BV,2017
5876,10.1016/j.molstruc.2017.06.072,ELSEVIER SCIENCE BV,2017
5877,10.1016/j.molstruc.2017.06.089,ELSEVIER SCIENCE BV,2017
5878,10.1016/j.molstruc.2017.06.128,ELSEVIER SCIENCE BV,2017
5879,10.1016/j.molstruc.2017.07.039,ELSEVIER SCIENCE BV,2017
5880,10.1016/j.molstruc.2017.07.056,ELSEVIER,2017
5881,10.1016/j.molstruc.2017.08.023,ELSEVIER SCIENCE BV,2017
5882,10.1016/j.molstruc.2017.08.043,ELSEVIER,2017
5883,10.1016/j.molstruc.2017.08.064,ELSEVIER,2017
5884,10.1016/j.molstruc.2017.08.111,ELSEVIER SCIENCE BV,2017
5885,10.1016/j.molstruc.2017.09.006,ELSEVIER SCIENCE BV,2017
5886,10.1016/j.molstruc.2017.09.048,ELSEVIER SCIENCE BV,2018
5887,10.1016/j.molstruc.2017.10.100,ELSEVIER,2018
5888,10.1016/j.molstruc.2017.11.128,ELSEVIER SCIENCE BV,2018
5889,10.1016/j.molstruc.2017.12.027,ELSEVIER,2018
5890,10.1016/j.molstruc.2017.12.047,ELSEVIER,2018
5891,10.1016/j.molstruc.2017.12.058,ELSEVIER,2018
5892,10.1016/j.molstruc.2017.12.100,ELSEVIER,2018
5893,10.1016/j.molstruc.2018.01.077,ELSEVIER,2018
5894,10.1016/j.molstruc.2018.02.039,ELSEVIER SCIENCE BV,2018
5895,10.1016/j.molstruc.2018.03.048,ELSEVIER,2018
5896,10.1016/j.molstruc.2018.04.068,ELSEVIER SCIENCE BV,2018
5897,10.1016/j.molstruc.2018.05.054,ELSEVIER SCIENCE BV,2018
5898,10.1016/j.molstruc.2018.06.078,ELSEVIER SCIENCE BV,2018
5899,10.1016/j.molstruc.2018.06.086,ELSEVIER SCIENCE BV,2018
5900,10.1016/j.molstruc.2018.07.004,ELSEVIER SCIENCE BV,2018
5901,10.1016/j.molstruc.2018.07.025,ELSEVIER SCIENCE BV,2018
5902,10.1016/j.molstruc.2018.07.047,ELSEVIER SCIENCE BV,2018
5903,10.1016/j.molstruc.2018.07.106,ELSEVIER,2019
5904,10.1016/j.molstruc.2018.08.001,ELSEVIER SCIENCE BV,2019
5905,10.1016/j.molstruc.2018.08.043,ELSEVIER SCIENCE BV,2019
5906,10.1016/j.molstruc.2018.09.003,ELSEVIER,2019
5907,10.1016/j.molstruc.2018.09.069,ELSEVIER SCIENCE BV,2019
5908,10.1016/j.molstruc.2018.11.058,ELSEVIER SCIENCE BV,2019
5909,10.1016/j.molstruc.2018.12.026,ELSEVIER SCIENCE BV,2019
5910,10.1016/j.molstruc.2019.01.033,ELSEVIER,2019
5911,10.1016/j.molstruc.2019.01.072,ELSEVIER SCIENCE BV,2019
5912,10.1016/j.molstruc.2019.02.015,ELSEVIER,2019
5913,10.1016/j.molstruc.2019.02.046,ELSEVIER SCIENCE BV,2019
5914,10.1016/j.molstruc.2019.02.064,ELSEVIER,2019
5915,10.1016/j.molstruc.2019.02.092,ELSEVIER,2019
5916,10.1016/j.molstruc.2019.03.029,ELSEVIER,2019
5917,10.1016/j.molstruc.2019.03.086,ELSEVIER,2019
5918,10.1016/j.molstruc.2019.03.102,ELSEVIER SCIENCE BV,2019
5919,10.1016/j.molstruc.2019.04.057,ELSEVIER SCIENCE BV,2019
5920,10.1016/j.molstruc.2019.05.030,ELSEVIER SCIENCE BV,2019
5921,10.1016/j.molstruc.2019.05.031,ELSEVIER SCIENCE BV,2019
5922,10.1016/j.molstruc.2019.05.070,ELSEVIER SCIENCE BV,2019
5923,10.1016/j.molstruc.2019.05.079,ELSEVIER SCIENCE BV,2019
5924,10.1016/j.molstruc.2019.05.119,ELSEVIER SCIENCE BV,2019
5925,10.1016/j.molstruc.2019.05.132,ELSEVIER SCIENCE BV,2019
5926,10.1016/j.molstruc.2019.06.013,ELSEVIER SCIENCE BV,2019
5927,10.1016/j.molstruc.2019.06.060,ELSEVIER,2019
5928,10.1016/j.molstruc.2019.07.044,ELSEVIER,2020
5929,10.1016/j.molstruc.2019.07.065,ELSEVIER,2019
5930,10.1016/j.molstruc.2019.127005,ELSEVIER,2020
5931,10.1016/j.molstruc.2019.127020,ELSEVIER,2020
5932,10.1016/j.molstruc.2019.127038,ELSEVIER,2020
5933,10.1016/j.molstruc.2019.127081,ELSEVIER,2020
5934,10.1016/j.molstruc.2019.127117,ELSEVIER,2020
5935,10.1016/j.molstruc.2019.127189,ELSEVIER,2020
5936,10.1016/j.molstruc.2019.127191,ELSEVIER,2020
5937,10.1016/j.molstruc.2019.127212,ELSEVIER,2020
5938,10.1016/j.molstruc.2019.127243,ELSEVIER,2020
5939,10.1016/j.molstruc.2019.127345,ELSEVIER,2020
5940,10.1016/j.molstruc.2019.127427,ELSEVIER,2020
5941,10.1016/j.molstruc.2019.127530,ELSEVIER,2020
5942,10.1016/j.molstruc.2019.127560,ELSEVIER,2020
5943,10.1016/j.molstruc.2019.127621,ELSEVIER,2020
5944,10.1016/j.molstruc.2020.127688,ELSEVIER,2020
5945,10.1016/j.molstruc.2020.127716,ELSEVIER,2020
5946,10.1016/j.molstruc.2020.127770,ELSEVIER,2020
5947,10.1016/j.molstruc.2020.127801,ELSEVIER,2020
5948,10.1016/j.molstruc.2020.127818,ELSEVIER,2020
5949,10.1016/j.molstruc.2020.127826,ELSEVIER,2020
5950,10.1016/j.molstruc.2020.127829,ELSEVIER,2020
5951,10.1016/j.molstruc.2020.127923,ELSEVIER,2020
5952,10.1016/j.molstruc.2020.128151,ELSEVIER,2020
5953,10.1016/j.molstruc.2020.128233,ELSEVIER,2020
5954,10.1016/j.molstruc.2020.128373,ELSEVIER,2020
5955,10.1016/j.molstruc.2020.128608,ELSEVIER,2020
5956,10.1016/j.molstruc.2020.128613,ELSEVIER,2020
5957,10.1016/j.molstruc.2020.128642,ELSEVIER,2020
5958,10.1016/j.molstruc.2020.128871,ELSEVIER,2021
5959,10.1016/j.molstruc.2020.128943,ELSEVIER,2021
5960,10.1016/j.molstruc.2020.129031,ELSEVIER,2021
5961,10.1016/j.molstruc.2020.129041,ELSEVIER,2021
5962,10.1016/j.molstruc.2020.129074,ELSEVIER,2021
5963,10.1016/j.molstruc.2020.129161,ELSEVIER,2021
5964,10.1016/j.molstruc.2020.129217,ELSEVIER,2021
5965,10.1016/j.molstruc.2020.129301,ELSEVIER,2021
5966,10.1016/j.molstruc.2020.129327,ELSEVIER,2021
5967,10.1016/j.molstruc.2020.129453,ELSEVIER,2021
5968,10.1016/j.molstruc.2020.129754,ELSEVIER,2021
5969,10.1016/j.molstruc.2020.129797,ELSEVIER,2021
5970,10.1016/j.molstruc.2020.129800,ELSEVIER,2021
5971,10.1016/j.molstruc.2021.129950,ELSEVIER,2021
5972,10.1016/j.molstruc.2021.130045,ELSEVIER,2021
5973,10.1016/j.molstruc.2021.130099,ELSEVIER,2021
5974,10.1016/j.molstruc.2021.130109,ELSEVIER,2021
5975,10.1016/j.molstruc.2021.130167,ELSEVIER,2021
5976,10.1016/j.molstruc.2021.130220,ELSEVIER,2021
5977,10.1016/j.molstruc.2021.130275,ELSEVIER,2021
5978,10.1016/j.molstruc.2021.130298,ELSEVIER,2021
5979,10.1016/j.molstruc.2021.130347,ELSEVIER,2021
5980,10.1016/j.molstruc.2021.130388,ELSEVIER,2021
5981,10.1016/j.molstruc.2021.130422,ELSEVIER,2021
5982,10.1016/j.molstruc.2021.130760,ELSEVIER,2021
5983,10.1016/j.molstruc.2021.130849,ELSEVIER,2021
5984,10.1016/j.molstruc.2021.130912,ELSEVIER,2021
5985,10.1016/j.molstruc.2021.130975,ELSEVIER,2021
5986,10.1016/j.molstruc.2021.130984,ELSEVIER,2021
5987,10.1016/j.molstruc.2021.131028,ELSEVIER,2021
5988,10.1016/j.molstruc.2021.131039,ELSEVIER,2021
5989,10.1016/j.molstruc.2021.131129,ELSEVIER,2021
5990,10.1016/j.molstruc.2021.131274,ELSEVIER,2022
5991,10.1016/j.molstruc.2021.131315,ELSEVIER,2022
5992,10.1016/j.molstruc.2021.131317,ELSEVIER,2022
5993,10.1016/j.molstruc.2021.131323,ELSEVIER,2022
5994,10.1016/j.molstruc.2021.131353,ELSEVIER,2022
5995,10.1016/j.molstruc.2021.131456,ELSEVIER,2022
5996,10.1016/j.molstruc.2021.131466,ELSEVIER,2022
5997,10.1016/j.molstruc.2021.131712,ELSEVIER,2022
5998,10.1016/j.molstruc.2021.131723,ELSEVIER,2022
5999,10.1016/j.molstruc.2021.131829,ELSEVIER,2022
6000,10.1016/j.molstruc.2021.131867,ELSEVIER,2022
6001,10.1016/j.molstruc.2021.131874,ELSEVIER,2022
6002,10.1016/j.molstruc.2021.131876,ELSEVIER,2022
6003,10.1016/j.molstruc.2021.131902,ELSEVIER,2022
6004,10.1016/j.molstruc.2021.131918,ELSEVIER,2022
6005,10.1016/j.molstruc.2021.131940,ELSEVIER,2022
6006,10.1016/j.molstruc.2021.131957,ELSEVIER,2022
6007,10.1016/j.molstruc.2021.131961,ELSEVIER,2022
6008,10.1016/j.molstruc.2021.132248,ELSEVIER,2022
6009,10.1016/j.molstruc.2022.132329,ELSEVIER,2022
6010,10.1016/j.molstruc.2022.132477,ELSEVIER,2022
6011,10.1016/j.molstruc.2022.132480,ELSEVIER,2022
6012,10.1016/j.molstruc.2022.132757,ELSEVIER,2022
6013,10.1016/j.molstruc.2022.132820,ELSEVIER,2022
6014,10.1016/j.molstruc.2022.132843,ELSEVIER,2022
6015,10.1016/j.molstruc.2022.132927,ELSEVIER,2022
6016,10.1016/j.molstruc.2022.132994,ELSEVIER,2022
6017,10.1016/j.molstruc.2022.133022,ELSEVIER,2022
6018,10.1016/j.molstruc.2022.133087,ELSEVIER,2022
6019,10.1016/j.molstruc.2022.133121,ELSEVIER,2022
6020,10.1016/j.molstruc.2022.133132,ELSEVIER,2022
6021,10.1016/j.molstruc.2022.133154,ELSEVIER,2022
6022,10.1016/j.molstruc.2022.133162,ELSEVIER,2022
6023,10.1016/j.molstruc.2022.133233,ELSEVIER,2022
6024,10.1016/j.molstruc.2022.133239,ELSEVIER,2022
6025,10.1016/j.molstruc.2022.133257,ELSEVIER,2022
6026,10.1016/j.molstruc.2022.133314,ELSEVIER,2022
6027,10.1016/j.molstruc.2022.133332,ELSEVIER,2022
6028,10.1016/j.molstruc.2022.133365,ELSEVIER,2022
6029,10.1016/j.molstruc.2022.133399,ELSEVIER,2022
6030,10.1016/j.molstruc.2022.133439,ELSEVIER,2022
6031,10.1016/j.molstruc.2022.133554,ELSEVIER,2022
6032,10.1016/j.molstruc.2022.133606,ELSEVIER,2022
6033,10.1016/j.molstruc.2022.133611,ELSEVIER,2022
6034,10.1016/j.molstruc.2022.133799,ELSEVIER,2022
6035,10.1016/j.molstruc.2022.133895,ELSEVIER,2022
6036,10.1016/j.molstruc.2022.133913,ELSEVIER,2022
6037,10.1016/j.molstruc.2022.133949,ELSEVIER,2022
6038,10.1016/j.molstruc.2022.134044,ELSEVIER,2023
6039,10.1016/j.molstruc.2022.134104,ELSEVIER,2023
6040,10.1016/j.molstruc.2022.134127,ELSEVIER,2023
6041,10.1016/j.molstruc.2022.134315,ELSEVIER,2023
6042,10.1016/j.molstruc.2022.134389,ELSEVIER,2023
6043,10.1016/j.molstruc.2022.134540,ELSEVIER,2023
6044,10.1016/j.molstruc.2022.134594,ELSEVIER,2023
6045,10.1016/j.molstruc.2022.134598,ELSEVIER,2023
6046,10.1016/j.molstruc.2022.134777,ELSEVIER,2023
6047,10.1016/j.molstruc.2022.134824,ELSEVIER,2023
6048,10.1016/j.molstruc.2022.134825,ELSEVIER,2023
6049,10.1016/j.molstruc.2022.134873,ELSEVIER,2023
6050,10.1016/j.molstruc.2023.134974,ELSEVIER,2023
6051,10.1016/j.molstruc.2023.135224,ELSEVIER,2023
6052,10.1016/j.molstruc.2023.135278,ELSEVIER,2023
6053,10.1016/j.molstruc.2023.135328,ELSEVIER,2023
6054,10.1016/j.molstruc.2023.135389,ELSEVIER,2023
6055,10.1016/j.molstruc.2023.135454,ELSEVIER,2023
6056,10.1016/j.molstruc.2023.135489,ELSEVIER,2023
6057,10.1016/j.molstruc.2023.135496,ELSEVIER,2023
6058,10.1016/j.molstruc.2023.135607,ELSEVIER,2023
6059,10.1016/j.molstruc.2023.135631,ELSEVIER,2023
6060,10.1016/j.molstruc.2023.135653,ELSEVIER,2023
6061,10.1016/j.molstruc.2023.135718,ELSEVIER,2023
6062,10.1016/j.molstruc.2023.135796,ELSEVIER,2023
6063,10.1016/j.molstruc.2023.135874,ELSEVIER,2023
6064,10.1016/j.molstruc.2023.135880,ELSEVIER,2023
6065,10.1016/j.molstruc.2023.135886,ELSEVIER,2023
6066,10.1016/j.molstruc.2023.136072,ELSEVIER,2023
6067,10.1016/j.molstruc.2023.136074,ELSEVIER,2023
6068,10.1016/j.molstruc.2023.136145,ELSEVIER,2023
6069,10.1016/j.molstruc.2023.136163,ELSEVIER,2023
6070,10.1016/j.molstruc.2023.136226,ELSEVIER,2023
6071,10.1016/j.molstruc.2023.136256,ELSEVIER,2023
6072,10.1016/j.molstruc.2023.136324,ELSEVIER,2023
6073,10.1016/j.molstruc.2023.136338,ELSEVIER,2023
6074,10.1016/j.molstruc.2023.136438,ELSEVIER,2023
6075,10.1016/j.molstruc.2023.136444,ELSEVIER,2023
6076,10.1016/j.molstruc.2023.136561,ELSEVIER,2023
6077,10.1016/j.molstruc.2023.136581,ELSEVIER,2024
6078,10.1016/j.molstruc.2023.136753,ELSEVIER,2024
6079,10.1016/j.molstruc.2023.136894,ELSEVIER,2024
6080,10.1016/j.molstruc.2023.136955,ELSEVIER,2024
6081,10.1016/j.molstruc.2023.137051,ELSEVIER,2024
6082,10.1016/j.molstruc.2023.137147,ELSEVIER,2024
6083,10.1016/j.molstruc.2023.137156,ELSEVIER,2024
6084,10.1016/j.molstruc.2023.137172,ELSEVIER,2024
6085,10.1016/j.molstruc.2023.137229,ELSEVIER,2024
6086,10.1016/j.molstruc.2023.137235,ELSEVIER,2024
6087,10.1016/j.molstruc.2023.137280,ELSEVIER,2024
6088,10.1016/j.molstruc.2023.137311,ELSEVIER,2024
6089,10.1016/j.molstruc.2023.137380,ELSEVIER,2024
6090,10.1016/j.molstruc.2023.137384,ELSEVIER,2024
6091,10.1016/j.molstruc.2023.137416,ELSEVIER,2024
6092,10.1016/j.molstruc.2023.137450,ELSEVIER,2024
6093,10.1016/j.molstruc.2023.137468,ELSEVIER,2024
6094,10.1016/j.molstruc.2024.137483,ELSEVIER,2024
6095,10.1016/j.molstruc.2024.137504,ELSEVIER,2024
6096,10.1016/j.molstruc.2024.137566,ELSEVIER,2024
6097,10.1016/j.molstruc.2024.137630,ELSEVIER,2024
6098,10.1016/j.molstruc.2024.137699,ELSEVIER,2024
6099,10.1016/j.molstruc.2024.137703,ELSEVIER,2024
6100,10.1016/j.molstruc.2024.137741,ELSEVIER,2024
6101,10.1016/j.molstruc.2024.137823,ELSEVIER,2024
6102,10.1016/j.molstruc.2024.137937,ELSEVIER,2024
6103,10.1016/j.molstruc.2024.138112,ELSEVIER,2024
6104,10.1016/j.molstruc.2024.138196,ELSEVIER,2024
6105,10.1016/j.molstruc.2024.138229,ELSEVIER,2024
6106,10.1016/j.molstruc.2024.138265,ELSEVIER,2024
6107,10.1016/j.molstruc.2024.138427,ELSEVIER,2024
6108,10.1016/j.molstruc.2024.138452,ELSEVIER,2024
6109,10.1016/j.molstruc.2024.138462,ELSEVIER,2024
6110,10.1016/j.molstruc.2024.138475,ELSEVIER,2024
6111,10.1016/j.molstruc.2024.138482,ELSEVIER,2024
6112,10.1016/j.molstruc.2024.138511,ELSEVIER,2024
6113,10.1016/j.molstruc.2024.138575,ELSEVIER,2024
6114,10.1016/j.molstruc.2024.138590,ELSEVIER,2024
6115,10.1016/j.molstruc.2024.138651,ELSEVIER,2024
6116,10.1016/j.molstruc.2024.138675,ELSEVIER,2024
6117,10.1016/j.molstruc.2024.139120,ELSEVIER,2024
6118,10.1016/j.molstruc.2024.139329,ELSEVIER,2024
6119,10.1016/j.molstruc.2024.139503,ELSEVIER,2025
6120,10.1016/j.molstruc.2024.139530,ELSEVIER,2025
6121,10.1016/j.molstruc.2024.139538,ELSEVIER,2025
6122,10.1016/j.molstruc.2024.139576,ELSEVIER,2025
6123,10.1016/j.molstruc.2024.139598,ELSEVIER,2025
6124,10.1016/j.molstruc.2024.139676,ELSEVIER,2025
6125,10.1016/j.molstruc.2024.139724,ELSEVIER,2025
6126,10.1016/j.molstruc.2024.139742,ELSEVIER,2025
6127,10.1016/j.molstruc.2024.139780,ELSEVIER,2025
6128,10.1016/j.molstruc.2024.139889,ELSEVIER,2025
6129,10.1016/j.molstruc.2024.140036,ELSEVIER,2025
6130,10.1016/j.molstruc.2024.140061,ELSEVIER,2025
6131,10.1016/j.molstruc.2024.140088,ELSEVIER,2025
6132,10.1016/j.molstruc.2024.140208,ELSEVIER,2025
6133,10.1016/j.molstruc.2024.140323,ELSEVIER,2025
6134,10.1016/j.molstruc.2024.140348,ELSEVIER,2025
6135,10.1016/j.molstruc.2024.140422,ELSEVIER,2025
6136,10.1016/j.molstruc.2024.140530,ELSEVIER,2025
6137,10.1016/j.molstruc.2024.140539,ELSEVIER,2025
6138,10.1016/j.molstruc.2024.140813,ELSEVIER,2025
6139,10.1016/j.molstruc.2024.140898,ELSEVIER,2025
6140,10.1016/j.molstruc.2024.141056,ELSEVIER,2025
6141,10.1016/j.molstruc.2024.141058,ELSEVIER,2025
6142,10.1016/j.molstruc.2024.141094,ELSEVIER,2025
6143,10.1016/j.molstruc.2024.141194,ELSEVIER,2025
6144,10.1016/j.molstruc.2024.141238,ELSEVIER,2025
6145,10.1016/j.molstruc.2025.141361,ELSEVIER,2025
6146,10.1016/j.molstruc.2025.141370,ELSEVIER,2025
6147,10.1016/j.molstruc.2025.141379,ELSEVIER,2025
6148,10.1016/j.molstruc.2025.141426,ELSEVIER,2025
6149,10.1016/j.molstruc.2025.141443,ELSEVIER,2025
6150,10.1016/j.molstruc.2025.141522,ELSEVIER,2025
6151,10.1016/j.molstruc.2025.141914,ELSEVIER,2025
6152,10.1016/j.molstruc.2025.141945,ELSEVIER,2025
6153,10.1016/j.molstruc.2025.141984,ELSEVIER,2025
6154,10.1016/j.molstruc.2025.142298,ELSEVIER,2025
6155,10.1016/j.molstruc.2025.142502,ELSEVIER,2025
6156,10.1016/j.molstruc.2025.142686,ELSEVIER,2025
6157,10.1016/j.molstruc.2025.142815,ELSEVIER,2025
6158,10.1016/j.molstruc.2025.142906,ELSEVIER,2025
6159,10.1016/j.molstruc.2025.143433,ELSEVIER,2025
6160,10.1016/j.mseb.2020.114833,ELSEVIER,2021
6161,10.1016/j.mseb.2021.115495,ELSEVIER,2021
6162,10.1016/j.mseb.2023.116385,ELSEVIER,2023
6163,10.1016/j.mseb.2023.116530,ELSEVIER,2023
6164,10.1016/j.mseb.2023.117043,ELSEVIER,2024
6165,10.1016/j.mseb.2024.117765,ELSEVIER,2025
6166,10.1016/j.mseb.2024.117800,ELSEVIER,2025
6167,10.1016/j.mseb.2024.117909,ELSEVIER,2025
6168,10.1016/j.mseb.2025.118093,ELSEVIER,2025
6169,10.1016/j.msec.2007.12.002,ELSEVIER SCIENCE BV,2008
6170,10.1016/j.msec.2018.07.010,ELSEVIER,2018
6171,10.1016/j.msec.2018.08.041,ELSEVIER,2018
6172,10.1016/j.msec.2019.01.032,ELSEVIER,2019
6173,10.1016/j.msec.2019.110058,ELSEVIER,2019
6174,10.1016/j.msec.2019.110111,ELSEVIER,2019
6175,10.1016/j.msec.2021.112369,ELSEVIER,2021
6176,10.1016/j.mssp.2014.02.018,ELSEVIER SCI LTD,2014
6177,10.1016/j.mtadv.2021.100145,ELSEVIER,2021
6178,10.1016/j.mtadv.2023.100390,ELSEVIER,2023
6179,10.1016/j.mtadv.2023.100448,ELSEVIER,2023
6180,10.1016/j.mtadv.2025.100579,ELSEVIER,2025
6181,10.1016/j.mtbio.2021.100097,ELSEVIER,2021
6182,10.1016/j.mtbio.2022.100507,ELSEVIER,2023
6183,10.1016/j.mtbio.2024.101134,ELSEVIER,2024
6184,10.1016/j.mtchem.2018.02.002,ELSEVIER SCI LTD,2018
6185,10.1016/j.mtchem.2019.100222,ELSEVIER SCI LTD,2020
6186,10.1016/j.mtchem.2019.100231,ELSEVIER SCI LTD,2020
6187,10.1016/j.mtchem.2020.100343,ELSEVIER SCI LTD,2020
6188,10.1016/j.mtchem.2021.100534,ELSEVIER SCI LTD,2021
6189,10.1016/j.mtchem.2021.100582,ELSEVIER SCI LTD,2021
6190,10.1016/j.mtchem.2021.100647,ELSEVIER SCI LTD,2022
6191,10.1016/j.mtchem.2021.100670,ELSEVIER SCI LTD,2022
6192,10.1016/j.mtchem.2021.100767,ELSEVIER SCI LTD,2022
6193,10.1016/j.mtchem.2022.100882,ELSEVIER SCI LTD,2022
6194,10.1016/j.mtchem.2022.101001,ELSEVIER SCI LTD,2022
6195,10.1016/j.mtchem.2022.101064,ELSEVIER SCI LTD,2022
6196,10.1016/j.mtchem.2022.101277,ELSEVIER SCI LTD,2023
6197,10.1016/j.mtchem.2022.101292,ELSEVIER SCI LTD,2023
6198,10.1016/j.mtchem.2022.101324,ELSEVIER SCI LTD,2023
6199,10.1016/j.mtchem.2022.101337,ELSEVIER SCI LTD,2023
6200,10.1016/j.mtchem.2023.101392,ELSEVIER SCI LTD,2023
6201,10.1016/j.mtchem.2023.101618,ELSEVIER SCI LTD,2023
6202,10.1016/j.mtchem.2023.101693,ELSEVIER SCI LTD,2023
6203,10.1016/j.mtchem.2023.101694,ELSEVIER SCI LTD,2023
6204,10.1016/j.mtchem.2023.101777,ELSEVIER SCI LTD,2023
6205,10.1016/j.mtchem.2023.101781,ELSEVIER SCI LTD,2023
6206,10.1016/j.mtchem.2024.102085,ELSEVIER SCI LTD,2024
6207,10.1016/j.mtchem.2024.102197,ELSEVIER SCI LTD,2024
6208,10.1016/j.mtchem.2024.102256,ELSEVIER SCI LTD,2024
6209,10.1016/j.mtchem.2024.102296,ELSEVIER SCI LTD,2024
6210,10.1016/j.mtchem.2025.102548,ELSEVIER SCI LTD,2025
6211,10.1016/j.mtchem.2025.102582,ELSEVIER SCI LTD,2025
6212,10.1016/j.mtchem.2025.102664,ELSEVIER SCI LTD,2025
6213,10.1016/j.mtcomm.2017.08.001,ELSEVIER SCIENCE BV,2017
6214,10.1016/j.mtcomm.2020.101987,ELSEVIER,2021
6215,10.1016/j.mtcomm.2020.101993,ELSEVIER,2021
6216,10.1016/j.mtcomm.2021.102206,ELSEVIER,2021
6217,10.1016/j.mtcomm.2021.102433,ELSEVIER,2021
6218,10.1016/j.mtcomm.2022.103514,ELSEVIER,2022
6219,10.1016/j.mtcomm.2022.104117,ELSEVIER,2022
6220,10.1016/j.mtcomm.2022.104393,ELSEVIER,2022
6221,10.1016/j.mtcomm.2022.104602,ELSEVIER,2022
6222,10.1016/j.mtcomm.2022.104699,ELSEVIER,2022
6223,10.1016/j.mtcomm.2023.105398,ELSEVIER,2023
6224,10.1016/j.mtcomm.2023.105927,ELSEVIER,2023
6225,10.1016/j.mtcomm.2023.105990,ELSEVIER,2023
6226,10.1016/j.mtcomm.2023.107410,ELSEVIER,2023
6227,10.1016/j.mtcomm.2024.109783,ELSEVIER,2024
6228,10.1016/j.mtcomm.2024.111177,ELSEVIER,2025
6229,10.1016/j.mtcomm.2025.112123,ELSEVIER,2025
6230,10.1016/j.mtener.2023.101346,ELSEVIER SCI LTD,2023
6231,10.1016/j.mtener.2024.101542,ELSEVIER SCI LTD,2024
6232,10.1016/j.mtener.2024.101578,ELSEVIER SCI LTD,2024
6233,10.1016/j.mtener.2024.101652,ELSEVIER SCI LTD,2024
6234,10.1016/j.mtener.2024.101703,ELSEVIER SCI LTD,2024
6235,10.1016/j.mtener.2024.101740,ELSEVIER SCI LTD,2025
6236,10.1016/j.mtnano.2018.09.001,ELSEVIER,2018
6237,10.1016/j.mtnano.2021.100158,ELSEVIER,2022
6238,10.1016/j.mtnano.2021.100166,ELSEVIER,2022
6239,10.1016/j.mtnano.2022.100293,ELSEVIER,2023
6240,10.1016/j.mtnano.2023.100303,ELSEVIER,2023
6241,10.1016/j.mtnano.2024.100459,ELSEVIER,2024
6242,10.1016/j.mtnano.2025.100665,ELSEVIER,2025
6243,10.1016/j.mtsust.2021.100065,ELSEVIER,2021
6244,10.1016/j.mtsust.2021.100104,ELSEVIER,2022
6245,10.1016/j.mtsust.2022.100204,ELSEVIER,2022
6246,10.1016/j.mtsust.2022.100296,ELSEVIER,2023
6247,10.1016/j.mtsust.2023.100356,ELSEVIER,2023
6248,10.1016/j.mtsust.2023.100604,ELSEVIER,2023
6249,10.1016/j.mtsust.2024.100899,ELSEVIER,2024
6250,10.1016/j.mtsust.2024.100900,ELSEVIER,2024
6251,10.1016/j.nantod.2023.101802,ELSEVIER SCI LTD,2023
6252,10.1016/j.nantod.2024.102227,ELSEVIER SCI LTD,2024
6253,10.1016/j.nantod.2025.102634,ELSEVIER SCI LTD,2025
6254,10.1016/j.optmat.2016.11.023,ELSEVIER,2016
6255,10.1016/j.optmat.2016.11.047,ELSEVIER,2017
6256,10.1016/j.optmat.2017.02.015,ELSEVIER,2017
6257,10.1016/j.optmat.2017.05.037,ELSEVIER SCIENCE BV,2018
6258,10.1016/j.optmat.2017.05.038,ELSEVIER,2017
6259,10.1016/j.optmat.2018.05.014,ELSEVIER SCIENCE BV,2018
6260,10.1016/j.optmat.2020.109706,ELSEVIER,2020
6261,10.1016/j.optmat.2020.109802,ELSEVIER,2020
6262,10.1016/j.optmat.2022.112107,ELSEVIER,2022
6263,10.1016/j.optmat.2023.113459,ELSEVIER,2023
6264,10.1016/j.optmat.2023.113672,ELSEVIER,2023
6265,10.1016/j.optmat.2023.114396,ELSEVIER,2023
6266,10.1016/j.optmat.2024.116126,ELSEVIER,2024
6267,10.1016/j.optmat.2024.116158,ELSEVIER,2024
6268,10.1016/j.partic.2019.04.007,ELSEVIER SCIENCE INC,2020
6269,10.1016/j.partic.2022.05.004,ELSEVIER SCIENCE INC,2023
6270,10.1016/j.pnsc.2018.01.016,ELSEVIER SCIENCE INC,2018
6271,10.1016/j.pnsc.2018.08.002,ELSEVIER SCIENCE INC,2018
6272,10.1016/j.pnsc.2023.08.009,ELSEVIER SCIENCE INC,2023
6273,10.1016/j.pnsc.2024.01.013,ELSEVIER SCIENCE INC,2024
6274,10.1016/j.pnsc.2024.02.011,ELSEVIER SCIENCE INC,2024
6275,10.1016/j.poly.2002.08.001,PERGAMON-ELSEVIER SCIENCE LTD,2003
6276,10.1016/j.poly.2004.02.007,PERGAMON-ELSEVIER SCIENCE LTD,2004
6277,10.1016/j.poly.2005.02.022,PERGAMON-ELSEVIER SCIENCE LTD,2005
6278,10.1016/j.poly.2005.03.104,PERGAMON-ELSEVIER SCIENCE LTD,2005
6279,10.1016/j.poly.2006.07.034,PERGAMON-ELSEVIER SCIENCE LTD,2007
6280,10.1016/j.poly.2006.09.008,PERGAMON-ELSEVIER SCIENCE LTD,2007
6281,10.1016/j.poly.2006.10.007,PERGAMON-ELSEVIER SCIENCE LTD,2007
6282,10.1016/j.poly.2006.11.016,PERGAMON-ELSEVIER SCIENCE LTD,2007
6283,10.1016/j.poly.2006.11.038,PERGAMON-ELSEVIER SCIENCE LTD,2007
6284,10.1016/j.poly.2006.11.050,PERGAMON-ELSEVIER SCIENCE LTD,2007
6285,10.1016/j.poly.2006.12.033,PERGAMON-ELSEVIER SCIENCE LTD,2007
6286,10.1016/j.poly.2007.03.020,PERGAMON-ELSEVIER SCIENCE LTD,2007
6287,10.1016/j.poly.2007.04.028,PERGAMON-ELSEVIER SCIENCE LTD,2007
6288,10.1016/j.poly.2007.06.026,PERGAMON-ELSEVIER SCIENCE LTD,2007
6289,10.1016/j.poly.2007.07.045,PERGAMON-ELSEVIER SCIENCE LTD,2007
6290,10.1016/j.poly.2007.07.048,PERGAMON-ELSEVIER SCIENCE LTD,2007
6291,10.1016/j.poly.2007.08.017,PERGAMON-ELSEVIER SCIENCE LTD,2007
6292,10.1016/j.poly.2007.10.020,PERGAMON-ELSEVIER SCIENCE LTD,2008
6293,10.1016/j.poly.2007.11.006,PERGAMON-ELSEVIER SCIENCE LTD,2008
6294,10.1016/j.poly.2007.12.027,PERGAMON-ELSEVIER SCIENCE LTD,2008
6295,10.1016/j.poly.2008.04.035,PERGAMON-ELSEVIER SCIENCE LTD,2008
6296,10.1016/j.poly.2008.04.038,PERGAMON-ELSEVIER SCIENCE LTD,2008
6297,10.1016/j.poly.2008.04.051,PERGAMON-ELSEVIER SCIENCE LTD,2008
6298,10.1016/j.poly.2008.05.012,PERGAMON-ELSEVIER SCIENCE LTD,2008
6299,10.1016/j.poly.2008.06.010,PERGAMON-ELSEVIER SCIENCE LTD,2008
6300,10.1016/j.poly.2008.07.020,PERGAMON-ELSEVIER SCIENCE LTD,2008
6301,10.1016/j.poly.2008.07.035,PERGAMON-ELSEVIER SCIENCE LTD,2008
6302,10.1016/j.poly.2008.10.043,PERGAMON-ELSEVIER SCIENCE LTD,2009
6303,10.1016/j.poly.2008.10.074,PERGAMON-ELSEVIER SCIENCE LTD,2009
6304,10.1016/j.poly.2008.11.022,PERGAMON-ELSEVIER SCIENCE LTD,2009
6305,10.1016/j.poly.2008.11.042,PERGAMON-ELSEVIER SCIENCE LTD,2009
6306,10.1016/j.poly.2008.11.059,PERGAMON-ELSEVIER SCIENCE LTD,2009
6307,10.1016/j.poly.2008.12.003,PERGAMON-ELSEVIER SCIENCE LTD,2009
6308,10.1016/j.poly.2009.04.004,PERGAMON-ELSEVIER SCIENCE LTD,2009
6309,10.1016/j.poly.2009.04.008,PERGAMON-ELSEVIER SCIENCE LTD,2009
6310,10.1016/j.poly.2009.04.047,PERGAMON-ELSEVIER SCIENCE LTD,2009
6311,10.1016/j.poly.2009.05.009,PERGAMON-ELSEVIER SCIENCE LTD,2009
6312,10.1016/j.poly.2009.06.022,PERGAMON-ELSEVIER SCIENCE LTD,2009
6313,10.1016/j.poly.2009.06.068,PERGAMON-ELSEVIER SCIENCE LTD,2010
6314,10.1016/j.poly.2009.07.011,PERGAMON-ELSEVIER SCIENCE LTD,2009
6315,10.1016/j.poly.2009.07.013,PERGAMON-ELSEVIER SCIENCE LTD,2009
6316,10.1016/j.poly.2009.08.037,PERGAMON-ELSEVIER SCIENCE LTD,2010
6317,10.1016/j.poly.2009.11.011,PERGAMON-ELSEVIER SCIENCE LTD,2010
6318,10.1016/j.poly.2009.12.018,PERGAMON-ELSEVIER SCIENCE LTD,2010
6319,10.1016/j.poly.2009.12.038,PERGAMON-ELSEVIER SCIENCE LTD,2010
6320,10.1016/j.poly.2010.03.019,PERGAMON-ELSEVIER SCIENCE LTD,2010
6321,10.1016/j.poly.2010.04.025,PERGAMON-ELSEVIER SCIENCE LTD,2010
6322,10.1016/j.poly.2010.06.008,PERGAMON-ELSEVIER SCIENCE LTD,2010
6323,10.1016/j.poly.2010.07.013,PERGAMON-ELSEVIER SCIENCE LTD,2010
6324,10.1016/j.poly.2010.10.010,PERGAMON-ELSEVIER SCIENCE LTD,2011
6325,10.1016/j.poly.2010.12.027,PERGAMON-ELSEVIER SCIENCE LTD,2011
6326,10.1016/j.poly.2011.02.008,PERGAMON-ELSEVIER SCIENCE LTD,2011
6327,10.1016/j.poly.2011.03.035,PERGAMON-ELSEVIER SCIENCE LTD,2011
6328,10.1016/j.poly.2011.05.006,PERGAMON-ELSEVIER SCIENCE LTD,2011
6329,10.1016/j.poly.2011.05.020,PERGAMON-ELSEVIER SCIENCE LTD,2011
6330,10.1016/j.poly.2011.05.035,PERGAMON-ELSEVIER SCIENCE LTD,2011
6331,10.1016/j.poly.2011.10.010,PERGAMON-ELSEVIER SCIENCE LTD,2012
6332,10.1016/j.poly.2011.10.030,PERGAMON-ELSEVIER SCIENCE LTD,2012
6333,10.1016/j.poly.2011.11.015,PERGAMON-ELSEVIER SCIENCE LTD,2012
6334,10.1016/j.poly.2011.12.029,PERGAMON-ELSEVIER SCIENCE LTD,2012
6335,10.1016/j.poly.2012.01.012,PERGAMON-ELSEVIER SCIENCE LTD,2012
6336,10.1016/j.poly.2012.01.018,PERGAMON-ELSEVIER SCIENCE LTD,2012
6337,10.1016/j.poly.2012.02.006,PERGAMON-ELSEVIER SCIENCE LTD,2012
6338,10.1016/j.poly.2012.03.027,PERGAMON-ELSEVIER SCIENCE LTD,2012
6339,10.1016/j.poly.2012.04.001,PERGAMON-ELSEVIER SCIENCE LTD,2012
6340,10.1016/j.poly.2012.04.018,PERGAMON-ELSEVIER SCIENCE LTD,2012
6341,10.1016/j.poly.2012.05.028,PERGAMON-ELSEVIER SCIENCE LTD,2012
6342,10.1016/j.poly.2012.05.040,PERGAMON-ELSEVIER SCIENCE LTD,2012
6343,10.1016/j.poly.2012.05.043,PERGAMON-ELSEVIER SCIENCE LTD,2012
6344,10.1016/j.poly.2012.06.038,PERGAMON-ELSEVIER SCIENCE LTD,2013
6345,10.1016/j.poly.2012.06.051,PERGAMON-ELSEVIER SCIENCE LTD,2013
6346,10.1016/j.poly.2012.06.081,PERGAMON-ELSEVIER SCIENCE LTD,2013
6347,10.1016/j.poly.2012.06.092,PERGAMON-ELSEVIER SCIENCE LTD,2012
6348,10.1016/j.poly.2012.07.013,PERGAMON-ELSEVIER SCIENCE LTD,2012
6349,10.1016/j.poly.2012.07.038,PERGAMON-ELSEVIER SCIENCE LTD,2012
6350,10.1016/j.poly.2012.07.043,PERGAMON-ELSEVIER SCIENCE LTD,2013
6351,10.1016/j.poly.2012.07.060,PERGAMON-ELSEVIER SCIENCE LTD,2012
6352,10.1016/j.poly.2012.07.091,PERGAMON-ELSEVIER SCIENCE LTD,2013
6353,10.1016/j.poly.2012.08.052,PERGAMON-ELSEVIER SCIENCE LTD,2013
6354,10.1016/j.poly.2012.08.072,PERGAMON-ELSEVIER SCIENCE LTD,2012
6355,10.1016/j.poly.2012.09.018,PERGAMON-ELSEVIER SCIENCE LTD,2013
6356,10.1016/j.poly.2012.10.005,PERGAMON-ELSEVIER SCIENCE LTD,2013
6357,10.1016/j.poly.2012.10.009,PERGAMON-ELSEVIER SCIENCE LTD,2013
6358,10.1016/j.poly.2012.10.042,PERGAMON-ELSEVIER SCIENCE LTD,2013
6359,10.1016/j.poly.2012.10.052,PERGAMON-ELSEVIER SCIENCE LTD,2013
6360,10.1016/j.poly.2012.11.045,PERGAMON-ELSEVIER SCIENCE LTD,2013
6361,10.1016/j.poly.2013.01.027,PERGAMON-ELSEVIER SCIENCE LTD,2013
6362,10.1016/j.poly.2013.01.038,PERGAMON-ELSEVIER SCIENCE LTD,2013
6363,10.1016/j.poly.2013.02.035,PERGAMON-ELSEVIER SCIENCE LTD,2013
6364,10.1016/j.poly.2013.02.038,PERGAMON-ELSEVIER SCIENCE LTD,2013
6365,10.1016/j.poly.2013.02.041,PERGAMON-ELSEVIER SCIENCE LTD,2013
6366,10.1016/j.poly.2013.03.016,PERGAMON-ELSEVIER SCIENCE LTD,2013
6367,10.1016/j.poly.2013.03.029,PERGAMON-ELSEVIER SCIENCE LTD,2013
6368,10.1016/j.poly.2013.03.031,PERGAMON-ELSEVIER SCIENCE LTD,2013
6369,10.1016/j.poly.2013.04.054,PERGAMON-ELSEVIER SCIENCE LTD,2013
6370,10.1016/j.poly.2013.05.030,PERGAMON-ELSEVIER SCIENCE LTD,2013
6371,10.1016/j.poly.2013.05.056,PERGAMON-ELSEVIER SCIENCE LTD,2013
6372,10.1016/j.poly.2013.08.036,PERGAMON-ELSEVIER SCIENCE LTD,2013
6373,10.1016/j.poly.2013.08.045,PERGAMON-ELSEVIER SCIENCE LTD,2013
6374,10.1016/j.poly.2013.08.054,PERGAMON-ELSEVIER SCIENCE LTD,2014
6375,10.1016/j.poly.2013.08.063,PERGAMON-ELSEVIER SCIENCE LTD,2014
6376,10.1016/j.poly.2013.09.002,PERGAMON-ELSEVIER SCIENCE LTD,2014
6377,10.1016/j.poly.2013.09.010,PERGAMON-ELSEVIER SCIENCE LTD,2014
6378,10.1016/j.poly.2013.10.022,PERGAMON-ELSEVIER SCIENCE LTD,2014
6379,10.1016/j.poly.2013.10.036,PERGAMON-ELSEVIER SCIENCE LTD,2014
6380,10.1016/j.poly.2013.11.006,PERGAMON-ELSEVIER SCIENCE LTD,2014
6381,10.1016/j.poly.2013.11.008,PERGAMON-ELSEVIER SCIENCE LTD,2014
6382,10.1016/j.poly.2013.11.013,PERGAMON-ELSEVIER SCIENCE LTD,2014
6383,10.1016/j.poly.2013.11.038,PERGAMON-ELSEVIER SCIENCE LTD,2014
6384,10.1016/j.poly.2013.12.027,PERGAMON-ELSEVIER SCIENCE LTD,2014
6385,10.1016/j.poly.2013.12.039,PERGAMON-ELSEVIER SCIENCE LTD,2014
6386,10.1016/j.poly.2013.12.042,PERGAMON-ELSEVIER SCIENCE LTD,2014
6387,10.1016/j.poly.2014.02.012,PERGAMON-ELSEVIER SCIENCE LTD,2014
6388,10.1016/j.poly.2014.02.035,PERGAMON-ELSEVIER SCIENCE LTD,2014
6389,10.1016/j.poly.2014.03.027,PERGAMON-ELSEVIER SCIENCE LTD,2014
6390,10.1016/j.poly.2014.04.029,PERGAMON-ELSEVIER SCIENCE LTD,2014
6391,10.1016/j.poly.2014.04.036,PERGAMON-ELSEVIER SCIENCE LTD,2014
6392,10.1016/j.poly.2014.04.042,PERGAMON-ELSEVIER SCIENCE LTD,2014
6393,10.1016/j.poly.2014.04.057,PERGAMON-ELSEVIER SCIENCE LTD,2014
6394,10.1016/j.poly.2014.04.063,PERGAMON-ELSEVIER SCIENCE LTD,2014
6395,10.1016/j.poly.2014.05.020,PERGAMON-ELSEVIER SCIENCE LTD,2014
6396,10.1016/j.poly.2014.05.033,PERGAMON-ELSEVIER SCIENCE LTD,2014
6397,10.1016/j.poly.2014.05.044,PERGAMON-ELSEVIER SCIENCE LTD,2014
6398,10.1016/j.poly.2014.05.063,PERGAMON-ELSEVIER SCIENCE LTD,2014
6399,10.1016/j.poly.2014.06.018,PERGAMON-ELSEVIER SCIENCE LTD,2014
6400,10.1016/j.poly.2014.06.024,PERGAMON-ELSEVIER SCIENCE LTD,2014
6401,10.1016/j.poly.2014.07.004,PERGAMON-ELSEVIER SCIENCE LTD,2014
6402,10.1016/j.poly.2014.07.042,PERGAMON-ELSEVIER SCIENCE LTD,2014
6403,10.1016/j.poly.2014.08.020,PERGAMON-ELSEVIER SCIENCE LTD,2015
6404,10.1016/j.poly.2014.08.035,PERGAMON-ELSEVIER SCIENCE LTD,2015
6405,10.1016/j.poly.2014.08.053,PERGAMON-ELSEVIER SCIENCE LTD,2015
6406,10.1016/j.poly.2014.09.021,PERGAMON-ELSEVIER SCIENCE LTD,2015
6407,10.1016/j.poly.2014.10.025,PERGAMON-ELSEVIER SCIENCE LTD,2015
6408,10.1016/j.poly.2014.11.021,PERGAMON-ELSEVIER SCIENCE LTD,2015
6409,10.1016/j.poly.2014.12.001,PERGAMON-ELSEVIER SCIENCE LTD,2015
6410,10.1016/j.poly.2014.12.023,PERGAMON-ELSEVIER SCIENCE LTD,2015
6411,10.1016/j.poly.2014.12.029,PERGAMON-ELSEVIER SCIENCE LTD,2015
6412,10.1016/j.poly.2014.12.041,PERGAMON-ELSEVIER SCIENCE LTD,2015
6413,10.1016/j.poly.2014.12.043,PERGAMON-ELSEVIER SCIENCE LTD,2015
6414,10.1016/j.poly.2014.12.045,PERGAMON-ELSEVIER SCIENCE LTD,2015
6415,10.1016/j.poly.2015.01.002,PERGAMON-ELSEVIER SCIENCE LTD,2015
6416,10.1016/j.poly.2015.01.036,PERGAMON-ELSEVIER SCIENCE LTD,2015
6417,10.1016/j.poly.2015.01.039,PERGAMON-ELSEVIER SCIENCE LTD,2015
6418,10.1016/j.poly.2015.01.042,PERGAMON-ELSEVIER SCIENCE LTD,2015
6419,10.1016/j.poly.2015.02.021,PERGAMON-ELSEVIER SCIENCE LTD,2015
6420,10.1016/j.poly.2015.02.027,PERGAMON-ELSEVIER SCIENCE LTD,2015
6421,10.1016/j.poly.2015.03.021,PERGAMON-ELSEVIER SCIENCE LTD,2015
6422,10.1016/j.poly.2015.03.026,PERGAMON-ELSEVIER SCIENCE LTD,2015
6423,10.1016/j.poly.2015.03.033,PERGAMON-ELSEVIER SCIENCE LTD,2015
6424,10.1016/j.poly.2015.04.012,PERGAMON-ELSEVIER SCIENCE LTD,2015
6425,10.1016/j.poly.2015.04.017,PERGAMON-ELSEVIER SCIENCE LTD,2015
6426,10.1016/j.poly.2015.04.018,PERGAMON-ELSEVIER SCIENCE LTD,2015
6427,10.1016/j.poly.2015.04.024,PERGAMON-ELSEVIER SCIENCE LTD,2015
6428,10.1016/j.poly.2015.04.027,PERGAMON-ELSEVIER SCIENCE LTD,2015
6429,10.1016/j.poly.2015.04.035,PERGAMON-ELSEVIER SCIENCE LTD,2015
6430,10.1016/j.poly.2015.05.023,PERGAMON-ELSEVIER SCIENCE LTD,2015
6431,10.1016/j.poly.2015.06.001,PERGAMON-ELSEVIER SCIENCE LTD,2015
6432,10.1016/j.poly.2015.06.012,PERGAMON-ELSEVIER SCIENCE LTD,2015
6433,10.1016/j.poly.2015.06.034,PERGAMON-ELSEVIER SCIENCE LTD,2015
6434,10.1016/j.poly.2015.06.039,PERGAMON-ELSEVIER SCIENCE LTD,2015
6435,10.1016/j.poly.2015.07.017,PERGAMON-ELSEVIER SCIENCE LTD,2015
6436,10.1016/j.poly.2015.07.021,PERGAMON-ELSEVIER SCIENCE LTD,2015
6437,10.1016/j.poly.2015.07.047,PERGAMON-ELSEVIER SCIENCE LTD,2015
6438,10.1016/j.poly.2015.07.065,PERGAMON-ELSEVIER SCIENCE LTD,2015
6439,10.1016/j.poly.2015.08.006,PERGAMON-ELSEVIER SCIENCE LTD,2015
6440,10.1016/j.poly.2015.08.022,PERGAMON-ELSEVIER SCIENCE LTD,2016
6441,10.1016/j.poly.2015.08.030,PERGAMON-ELSEVIER SCIENCE LTD,2015
6442,10.1016/j.poly.2015.08.040,PERGAMON-ELSEVIER SCIENCE LTD,2015
6443,10.1016/j.poly.2015.09.032,PERGAMON-ELSEVIER SCIENCE LTD,2015
6444,10.1016/j.poly.2015.09.041,PERGAMON-ELSEVIER SCIENCE LTD,2015
6445,10.1016/j.poly.2015.10.002,PERGAMON-ELSEVIER SCIENCE LTD,2015
6446,10.1016/j.poly.2015.10.031,PERGAMON-ELSEVIER SCIENCE LTD,2015
6447,10.1016/j.poly.2015.11.011,PERGAMON-ELSEVIER SCIENCE LTD,2015
6448,10.1016/j.poly.2015.11.020,PERGAMON-ELSEVIER SCIENCE LTD,2016
6449,10.1016/j.poly.2015.11.043,PERGAMON-ELSEVIER SCIENCE LTD,2016
6450,10.1016/j.poly.2015.12.020,PERGAMON-ELSEVIER SCIENCE LTD,2016
6451,10.1016/j.poly.2015.12.043,PERGAMON-ELSEVIER SCIENCE LTD,2016
6452,10.1016/j.poly.2015.12.054,PERGAMON-ELSEVIER SCIENCE LTD,2016
6453,10.1016/j.poly.2015.12.061,PERGAMON-ELSEVIER SCIENCE LTD,2016
6454,10.1016/j.poly.2015.12.062,PERGAMON-ELSEVIER SCIENCE LTD,2016
6455,10.1016/j.poly.2016.02.004,PERGAMON-ELSEVIER SCIENCE LTD,2016
6456,10.1016/j.poly.2016.02.040,PERGAMON-ELSEVIER SCIENCE LTD,2016
6457,10.1016/j.poly.2016.03.020,PERGAMON-ELSEVIER SCIENCE LTD,2016
6458,10.1016/j.poly.2016.03.025,PERGAMON-ELSEVIER SCIENCE LTD,2016
6459,10.1016/j.poly.2016.03.027,PERGAMON-ELSEVIER SCIENCE LTD,2016
6460,10.1016/j.poly.2016.03.037,PERGAMON-ELSEVIER SCIENCE LTD,2016
6461,10.1016/j.poly.2016.03.041,PERGAMON-ELSEVIER SCIENCE LTD,2016
6462,10.1016/j.poly.2016.03.050,PERGAMON-ELSEVIER SCIENCE LTD,2016
6463,10.1016/j.poly.2016.03.056,PERGAMON-ELSEVIER SCIENCE LTD,2016
6464,10.1016/j.poly.2016.04.011,PERGAMON-ELSEVIER SCIENCE LTD,2016
6465,10.1016/j.poly.2016.04.015,PERGAMON-ELSEVIER SCIENCE LTD,2016
6466,10.1016/j.poly.2016.04.018,PERGAMON-ELSEVIER SCIENCE LTD,2016
6467,10.1016/j.poly.2016.04.019,PERGAMON-ELSEVIER SCIENCE LTD,2016
6468,10.1016/j.poly.2016.05.008,PERGAMON-ELSEVIER SCIENCE LTD,2016
6469,10.1016/j.poly.2016.05.019,PERGAMON-ELSEVIER SCIENCE LTD,2016
6470,10.1016/j.poly.2016.05.059,PERGAMON-ELSEVIER SCIENCE LTD,2016
6471,10.1016/j.poly.2016.06.005,PERGAMON-ELSEVIER SCIENCE LTD,2016
6472,10.1016/j.poly.2016.06.028,PERGAMON-ELSEVIER SCIENCE LTD,2016
6473,10.1016/j.poly.2016.06.029,PERGAMON-ELSEVIER SCIENCE LTD,2016
6474,10.1016/j.poly.2016.06.034,PERGAMON-ELSEVIER SCIENCE LTD,2016
6475,10.1016/j.poly.2016.06.039,PERGAMON-ELSEVIER SCIENCE LTD,2016
6476,10.1016/j.poly.2016.06.043,PERGAMON-ELSEVIER SCIENCE LTD,2016
6477,10.1016/j.poly.2016.06.046,PERGAMON-ELSEVIER SCIENCE LTD,2016
6478,10.1016/j.poly.2016.06.053,PERGAMON-ELSEVIER SCIENCE LTD,2016
6479,10.1016/j.poly.2016.07.006,PERGAMON-ELSEVIER SCIENCE LTD,2016
6480,10.1016/j.poly.2016.07.026,PERGAMON-ELSEVIER SCIENCE LTD,2016
6481,10.1016/j.poly.2016.07.034,PERGAMON-ELSEVIER SCIENCE LTD,2016
6482,10.1016/j.poly.2016.08.003,PERGAMON-ELSEVIER SCIENCE LTD,2017
6483,10.1016/j.poly.2016.08.005,PERGAMON-ELSEVIER SCIENCE LTD,2016
6484,10.1016/j.poly.2016.08.030,PERGAMON-ELSEVIER SCIENCE LTD,2016
6485,10.1016/j.poly.2016.08.039,PERGAMON-ELSEVIER SCIENCE LTD,2016
6486,10.1016/j.poly.2016.08.044,PERGAMON-ELSEVIER SCIENCE LTD,2016
6487,10.1016/j.poly.2016.09.004,PERGAMON-ELSEVIER SCIENCE LTD,2016
6488,10.1016/j.poly.2016.09.009,PERGAMON-ELSEVIER SCIENCE LTD,2016
6489,10.1016/j.poly.2016.09.053,PERGAMON-ELSEVIER SCIENCE LTD,2017
6490,10.1016/j.poly.2016.10.050,PERGAMON-ELSEVIER SCIENCE LTD,2017
6491,10.1016/j.poly.2016.11.025,PERGAMON-ELSEVIER SCIENCE LTD,2017
6492,10.1016/j.poly.2016.12.022,PERGAMON-ELSEVIER SCIENCE LTD,2017
6493,10.1016/j.poly.2016.12.027,PERGAMON-ELSEVIER SCIENCE LTD,2017
6494,10.1016/j.poly.2017.01.005,PERGAMON-ELSEVIER SCIENCE LTD,2017
6495,10.1016/j.poly.2017.01.010,PERGAMON-ELSEVIER SCIENCE LTD,2017
6496,10.1016/j.poly.2017.01.015,PERGAMON-ELSEVIER SCIENCE LTD,2017
6497,10.1016/j.poly.2017.01.017,PERGAMON-ELSEVIER SCIENCE LTD,2017
6498,10.1016/j.poly.2017.01.025,PERGAMON-ELSEVIER SCIENCE LTD,2017
6499,10.1016/j.poly.2017.01.027,PERGAMON-ELSEVIER SCIENCE LTD,2017
6500,10.1016/j.poly.2017.01.038,PERGAMON-ELSEVIER SCIENCE LTD,2017
6501,10.1016/j.poly.2017.01.045,PERGAMON-ELSEVIER SCIENCE LTD,2017
6502,10.1016/j.poly.2017.01.060,PERGAMON-ELSEVIER SCIENCE LTD,2017
6503,10.1016/j.poly.2017.03.013,PERGAMON-ELSEVIER SCIENCE LTD,2017
6504,10.1016/j.poly.2017.03.023,PERGAMON-ELSEVIER SCIENCE LTD,2017
6505,10.1016/j.poly.2017.03.041,PERGAMON-ELSEVIER SCIENCE LTD,2017
6506,10.1016/j.poly.2017.03.042,PERGAMON-ELSEVIER SCIENCE LTD,2017
6507,10.1016/j.poly.2017.03.063,PERGAMON-ELSEVIER SCIENCE LTD,2017
6508,10.1016/j.poly.2017.04.009,PERGAMON-ELSEVIER SCIENCE LTD,2017
6509,10.1016/j.poly.2017.04.011,PERGAMON-ELSEVIER SCIENCE LTD,2017
6510,10.1016/j.poly.2017.04.012,PERGAMON-ELSEVIER SCIENCE LTD,2017
6511,10.1016/j.poly.2017.04.017,PERGAMON-ELSEVIER SCIENCE LTD,2017
6512,10.1016/j.poly.2017.05.010,PERGAMON-ELSEVIER SCIENCE LTD,2017
6513,10.1016/j.poly.2017.05.014,PERGAMON-ELSEVIER SCIENCE LTD,2017
6514,10.1016/j.poly.2017.05.018,PERGAMON-ELSEVIER SCIENCE LTD,2017
6515,10.1016/j.poly.2017.05.022,PERGAMON-ELSEVIER SCIENCE LTD,2017
6516,10.1016/j.poly.2017.05.027,PERGAMON-ELSEVIER SCIENCE LTD,2017
6517,10.1016/j.poly.2017.05.041,PERGAMON-ELSEVIER SCIENCE LTD,2017
6518,10.1016/j.poly.2017.05.061,PERGAMON-ELSEVIER SCIENCE LTD,2017
6519,10.1016/j.poly.2017.06.042,PERGAMON-ELSEVIER SCIENCE LTD,2017
6520,10.1016/j.poly.2017.06.052,PERGAMON-ELSEVIER SCIENCE LTD,2017
6521,10.1016/j.poly.2017.07.002,PERGAMON-ELSEVIER SCIENCE LTD,2017
6522,10.1016/j.poly.2017.08.004,PERGAMON-ELSEVIER SCIENCE LTD,2017
6523,10.1016/j.poly.2017.08.028,PERGAMON-ELSEVIER SCIENCE LTD,2017
6524,10.1016/j.poly.2017.08.030,PERGAMON-ELSEVIER SCIENCE LTD,2017
6525,10.1016/j.poly.2017.08.035,PERGAMON-ELSEVIER SCIENCE LTD,2017
6526,10.1016/j.poly.2017.09.015,PERGAMON-ELSEVIER SCIENCE LTD,2017
6527,10.1016/j.poly.2017.09.049,PERGAMON-ELSEVIER SCIENCE LTD,2018
6528,10.1016/j.poly.2017.09.051,PERGAMON-ELSEVIER SCIENCE LTD,2018
6529,10.1016/j.poly.2017.09.052,PERGAMON-ELSEVIER SCIENCE LTD,2018
6530,10.1016/j.poly.2017.10.028,PERGAMON-ELSEVIER SCIENCE LTD,2018
6531,10.1016/j.poly.2017.11.006,PERGAMON-ELSEVIER SCIENCE LTD,2018
6532,10.1016/j.poly.2017.11.011,PERGAMON-ELSEVIER SCIENCE LTD,2018
6533,10.1016/j.poly.2017.11.023,PERGAMON-ELSEVIER SCIENCE LTD,2018
6534,10.1016/j.poly.2017.11.037,PERGAMON-ELSEVIER SCIENCE LTD,2018
6535,10.1016/j.poly.2017.12.020,PERGAMON-ELSEVIER SCIENCE LTD,2018
6536,10.1016/j.poly.2017.12.024,PERGAMON-ELSEVIER SCIENCE LTD,2018
6537,10.1016/j.poly.2017.12.028,PERGAMON-ELSEVIER SCIENCE LTD,2018
6538,10.1016/j.poly.2017.12.029,PERGAMON-ELSEVIER SCIENCE LTD,2018
6539,10.1016/j.poly.2017.12.032,PERGAMON-ELSEVIER SCIENCE LTD,2018
6540,10.1016/j.poly.2018.01.027,PERGAMON-ELSEVIER SCIENCE LTD,2018
6541,10.1016/j.poly.2018.01.030,PERGAMON-ELSEVIER SCIENCE LTD,2018
6542,10.1016/j.poly.2018.02.004,PERGAMON-ELSEVIER SCIENCE LTD,2018
6543,10.1016/j.poly.2018.02.007,PERGAMON-ELSEVIER SCIENCE LTD,2018
6544,10.1016/j.poly.2018.02.014,PERGAMON-ELSEVIER SCIENCE LTD,2018
6545,10.1016/j.poly.2018.02.021,PERGAMON-ELSEVIER SCIENCE LTD,2018
6546,10.1016/j.poly.2018.02.023,PERGAMON-ELSEVIER SCIENCE LTD,2018
6547,10.1016/j.poly.2018.02.031,PERGAMON-ELSEVIER SCIENCE LTD,2018
6548,10.1016/j.poly.2018.03.001,PERGAMON-ELSEVIER SCIENCE LTD,2018
6549,10.1016/j.poly.2018.04.016,PERGAMON-ELSEVIER SCIENCE LTD,2018
6550,10.1016/j.poly.2018.04.021,PERGAMON-ELSEVIER SCIENCE LTD,2018
6551,10.1016/j.poly.2018.04.031,PERGAMON-ELSEVIER SCIENCE LTD,2018
6552,10.1016/j.poly.2018.04.041,PERGAMON-ELSEVIER SCIENCE LTD,2018
6553,10.1016/j.poly.2018.05.009,PERGAMON-ELSEVIER SCIENCE LTD,2018
6554,10.1016/j.poly.2018.05.017,PERGAMON-ELSEVIER SCIENCE LTD,2018
6555,10.1016/j.poly.2018.05.018,PERGAMON-ELSEVIER SCIENCE LTD,2018
6556,10.1016/j.poly.2018.05.033,PERGAMON-ELSEVIER SCIENCE LTD,2018
6557,10.1016/j.poly.2018.05.046,PERGAMON-ELSEVIER SCIENCE LTD,2018
6558,10.1016/j.poly.2018.06.005,PERGAMON-ELSEVIER SCIENCE LTD,2018
6559,10.1016/j.poly.2018.06.007,PERGAMON-ELSEVIER SCIENCE LTD,2018
6560,10.1016/j.poly.2018.06.025,PERGAMON-ELSEVIER SCIENCE LTD,2018
6561,10.1016/j.poly.2018.06.028,PERGAMON-ELSEVIER SCIENCE LTD,2018
6562,10.1016/j.poly.2018.06.041,PERGAMON-ELSEVIER SCIENCE LTD,2018
6563,10.1016/j.poly.2018.06.045,PERGAMON-ELSEVIER SCIENCE LTD,2018
6564,10.1016/j.poly.2018.07.001,PERGAMON-ELSEVIER SCIENCE LTD,2018
6565,10.1016/j.poly.2018.07.021,PERGAMON-ELSEVIER SCIENCE LTD,2018
6566,10.1016/j.poly.2018.07.022,PERGAMON-ELSEVIER SCIENCE LTD,2018
6567,10.1016/j.poly.2018.07.026,PERGAMON-ELSEVIER SCIENCE LTD,2018
6568,10.1016/j.poly.2018.07.048,PERGAMON-ELSEVIER SCIENCE LTD,2018
6569,10.1016/j.poly.2018.08.002,PERGAMON-ELSEVIER SCIENCE LTD,2018
6570,10.1016/j.poly.2018.08.006,PERGAMON-ELSEVIER SCIENCE LTD,2018
6571,10.1016/j.poly.2018.08.025,PERGAMON-ELSEVIER SCIENCE LTD,2018
6572,10.1016/j.poly.2018.08.031,PERGAMON-ELSEVIER SCIENCE LTD,2018
6573,10.1016/j.poly.2018.08.038,PERGAMON-ELSEVIER SCIENCE LTD,2018
6574,10.1016/j.poly.2018.08.047,PERGAMON-ELSEVIER SCIENCE LTD,2018
6575,10.1016/j.poly.2018.08.065,PERGAMON-ELSEVIER SCIENCE LTD,2018
6576,10.1016/j.poly.2018.08.073,PERGAMON-ELSEVIER SCIENCE LTD,2018
6577,10.1016/j.poly.2018.09.002,PERGAMON-ELSEVIER SCIENCE LTD,2018
6578,10.1016/j.poly.2018.09.012,PERGAMON-ELSEVIER SCIENCE LTD,2018
6579,10.1016/j.poly.2018.09.013,PERGAMON-ELSEVIER SCIENCE LTD,2018
6580,10.1016/j.poly.2018.09.022,PERGAMON-ELSEVIER SCIENCE LTD,2018
6581,10.1016/j.poly.2018.09.028,PERGAMON-ELSEVIER SCIENCE LTD,2018
6582,10.1016/j.poly.2018.09.029,PERGAMON-ELSEVIER SCIENCE LTD,2018
6583,10.1016/j.poly.2018.09.033,PERGAMON-ELSEVIER SCIENCE LTD,2018
6584,10.1016/j.poly.2018.09.054,PERGAMON-ELSEVIER SCIENCE LTD,2019
6585,10.1016/j.poly.2018.09.064,PERGAMON-ELSEVIER SCIENCE LTD,2019
6586,10.1016/j.poly.2018.10.001,PERGAMON-ELSEVIER SCIENCE LTD,2019
6587,10.1016/j.poly.2018.10.004,PERGAMON-ELSEVIER SCIENCE LTD,2019
6588,10.1016/j.poly.2018.10.037,PERGAMON-ELSEVIER SCIENCE LTD,2019
6589,10.1016/j.poly.2018.10.050,PERGAMON-ELSEVIER SCIENCE LTD,2019
6590,10.1016/j.poly.2018.10.051,PERGAMON-ELSEVIER SCIENCE LTD,2019
6591,10.1016/j.poly.2018.10.067,PERGAMON-ELSEVIER SCIENCE LTD,2019
6592,10.1016/j.poly.2018.11.010,PERGAMON-ELSEVIER SCIENCE LTD,2019
6593,10.1016/j.poly.2018.11.018,PERGAMON-ELSEVIER SCIENCE LTD,2019
6594,10.1016/j.poly.2018.11.029,PERGAMON-ELSEVIER SCIENCE LTD,2019
6595,10.1016/j.poly.2018.11.036,PERGAMON-ELSEVIER SCIENCE LTD,2019
6596,10.1016/j.poly.2018.11.039,PERGAMON-ELSEVIER SCIENCE LTD,2019
6597,10.1016/j.poly.2018.11.041,PERGAMON-ELSEVIER SCIENCE LTD,2019
6598,10.1016/j.poly.2018.11.043,PERGAMON-ELSEVIER SCIENCE LTD,2019
6599,10.1016/j.poly.2018.11.051,PERGAMON-ELSEVIER SCIENCE LTD,2019
6600,10.1016/j.poly.2018.11.062,PERGAMON-ELSEVIER SCIENCE LTD,2019
6601,10.1016/j.poly.2018.12.002,PERGAMON-ELSEVIER SCIENCE LTD,2019
6602,10.1016/j.poly.2018.12.029,PERGAMON-ELSEVIER SCIENCE LTD,2019
6603,10.1016/j.poly.2018.12.030,PERGAMON-ELSEVIER SCIENCE LTD,2019
6604,10.1016/j.poly.2018.12.051,PERGAMON-ELSEVIER SCIENCE LTD,2019
6605,10.1016/j.poly.2019.01.024,PERGAMON-ELSEVIER SCIENCE LTD,2019
6606,10.1016/j.poly.2019.01.026,PERGAMON-ELSEVIER SCIENCE LTD,2019
6607,10.1016/j.poly.2019.01.039,PERGAMON-ELSEVIER SCIENCE LTD,2019
6608,10.1016/j.poly.2019.01.045,PERGAMON-ELSEVIER SCIENCE LTD,2019
6609,10.1016/j.poly.2019.01.064,PERGAMON-ELSEVIER SCIENCE LTD,2019
6610,10.1016/j.poly.2019.01.066,PERGAMON-ELSEVIER SCIENCE LTD,2019
6611,10.1016/j.poly.2019.01.067,PERGAMON-ELSEVIER SCIENCE LTD,2019
6612,10.1016/j.poly.2019.02.006,PERGAMON-ELSEVIER SCIENCE LTD,2019
6613,10.1016/j.poly.2019.02.021,PERGAMON-ELSEVIER SCIENCE LTD,2019
6614,10.1016/j.poly.2019.02.036,PERGAMON-ELSEVIER SCIENCE LTD,2019
6615,10.1016/j.poly.2019.02.048,PERGAMON-ELSEVIER SCIENCE LTD,2019
6616,10.1016/j.poly.2019.03.009,PERGAMON-ELSEVIER SCIENCE LTD,2019
6617,10.1016/j.poly.2019.03.012,PERGAMON-ELSEVIER SCIENCE LTD,2019
6618,10.1016/j.poly.2019.03.018,PERGAMON-ELSEVIER SCIENCE LTD,2019
6619,10.1016/j.poly.2019.03.027,PERGAMON-ELSEVIER SCIENCE LTD,2019
6620,10.1016/j.poly.2019.03.031,PERGAMON-ELSEVIER SCIENCE LTD,2019
6621,10.1016/j.poly.2019.03.032,PERGAMON-ELSEVIER SCIENCE LTD,2019
6622,10.1016/j.poly.2019.03.038,PERGAMON-ELSEVIER SCIENCE LTD,2019
6623,10.1016/j.poly.2019.03.039,PERGAMON-ELSEVIER SCIENCE LTD,2019
6624,10.1016/j.poly.2019.04.002,PERGAMON-ELSEVIER SCIENCE LTD,2019
6625,10.1016/j.poly.2019.04.007,PERGAMON-ELSEVIER SCIENCE LTD,2019
6626,10.1016/j.poly.2019.04.011,PERGAMON-ELSEVIER SCIENCE LTD,2019
6627,10.1016/j.poly.2019.04.020,PERGAMON-ELSEVIER SCIENCE LTD,2019
6628,10.1016/j.poly.2019.05.016,PERGAMON-ELSEVIER SCIENCE LTD,2019
6629,10.1016/j.poly.2019.05.053,PERGAMON-ELSEVIER SCIENCE LTD,2019
6630,10.1016/j.poly.2019.06.004,PERGAMON-ELSEVIER SCIENCE LTD,2019
6631,10.1016/j.poly.2019.06.017,PERGAMON-ELSEVIER SCIENCE LTD,2019
6632,10.1016/j.poly.2019.06.022,PERGAMON-ELSEVIER SCIENCE LTD,2019
6633,10.1016/j.poly.2019.06.024,PERGAMON-ELSEVIER SCIENCE LTD,2019
6634,10.1016/j.poly.2019.06.040,PERGAMON-ELSEVIER SCIENCE LTD,2019
6635,10.1016/j.poly.2019.06.056,PERGAMON-ELSEVIER SCIENCE LTD,2019
6636,10.1016/j.poly.2019.07.013,PERGAMON-ELSEVIER SCIENCE LTD,2019
6637,10.1016/j.poly.2019.114142,PERGAMON-ELSEVIER SCIENCE LTD,2019
6638,10.1016/j.poly.2019.114163,PERGAMON-ELSEVIER SCIENCE LTD,2019
6639,10.1016/j.poly.2019.114216,PERGAMON-ELSEVIER SCIENCE LTD,2020
6640,10.1016/j.poly.2019.114296,PERGAMON-ELSEVIER SCIENCE LTD,2020
6641,10.1016/j.poly.2019.114339,PERGAMON-ELSEVIER SCIENCE LTD,2020
6642,10.1016/j.poly.2020.114349,PERGAMON-ELSEVIER SCIENCE LTD,2020
6643,10.1016/j.poly.2020.114350,PERGAMON-ELSEVIER SCIENCE LTD,2020
6644,10.1016/j.poly.2020.114370,PERGAMON-ELSEVIER SCIENCE LTD,2020
6645,10.1016/j.poly.2020.114431,PERGAMON-ELSEVIER SCIENCE LTD,2020
6646,10.1016/j.poly.2020.114437,PERGAMON-ELSEVIER SCIENCE LTD,2020
6647,10.1016/j.poly.2020.114463,PERGAMON-ELSEVIER SCIENCE LTD,2020
6648,10.1016/j.poly.2020.114466,PERGAMON-ELSEVIER SCIENCE LTD,2020
6649,10.1016/j.poly.2020.114534,PERGAMON-ELSEVIER SCIENCE LTD,2020
6650,10.1016/j.poly.2020.114565,PERGAMON-ELSEVIER SCIENCE LTD,2020
6651,10.1016/j.poly.2020.114584,PERGAMON-ELSEVIER SCIENCE LTD,2020
6652,10.1016/j.poly.2020.114594,PERGAMON-ELSEVIER SCIENCE LTD,2020
6653,10.1016/j.poly.2020.114611,PERGAMON-ELSEVIER SCIENCE LTD,2020
6654,10.1016/j.poly.2020.114613,PERGAMON-ELSEVIER SCIENCE LTD,2020
6655,10.1016/j.poly.2020.114629,PERGAMON-ELSEVIER SCIENCE LTD,2020
6656,10.1016/j.poly.2020.114639,PERGAMON-ELSEVIER SCIENCE LTD,2020
6657,10.1016/j.poly.2020.114702,PERGAMON-ELSEVIER SCIENCE LTD,2020
6658,10.1016/j.poly.2020.114732,PERGAMON-ELSEVIER SCIENCE LTD,2020
6659,10.1016/j.poly.2020.114734,PERGAMON-ELSEVIER SCIENCE LTD,2020
6660,10.1016/j.poly.2020.114749,PERGAMON-ELSEVIER SCIENCE LTD,2020
6661,10.1016/j.poly.2020.114819,PERGAMON-ELSEVIER SCIENCE LTD,2020
6662,10.1016/j.poly.2020.114929,PERGAMON-ELSEVIER SCIENCE LTD,2021
6663,10.1016/j.poly.2020.114934,PERGAMON-ELSEVIER SCIENCE LTD,2021
6664,10.1016/j.poly.2020.114966,PERGAMON-ELSEVIER SCIENCE LTD,2021
6665,10.1016/j.poly.2020.115016,PERGAMON-ELSEVIER SCIENCE LTD,2021
6666,10.1016/j.poly.2021.115039,PERGAMON-ELSEVIER SCIENCE LTD,2021
6667,10.1016/j.poly.2021.115052,PERGAMON-ELSEVIER SCIENCE LTD,2021
6668,10.1016/j.poly.2021.115132,PERGAMON-ELSEVIER SCIENCE LTD,2021
6669,10.1016/j.poly.2021.115182,PERGAMON-ELSEVIER SCIENCE LTD,2021
6670,10.1016/j.poly.2021.115261,PERGAMON-ELSEVIER SCIENCE LTD,2021
6671,10.1016/j.poly.2021.115283,PERGAMON-ELSEVIER SCIENCE LTD,2021
6672,10.1016/j.poly.2021.115299,PERGAMON-ELSEVIER SCIENCE LTD,2021
6673,10.1016/j.poly.2021.115314,PERGAMON-ELSEVIER SCIENCE LTD,2021
6674,10.1016/j.poly.2021.115411,PERGAMON-ELSEVIER SCIENCE LTD,2021
6675,10.1016/j.poly.2021.115444,PERGAMON-ELSEVIER SCIENCE LTD,2021
6676,10.1016/j.poly.2021.115517,PERGAMON-ELSEVIER SCIENCE LTD,2021
6677,10.1016/j.poly.2021.115519,PERGAMON-ELSEVIER SCIENCE LTD,2021
6678,10.1016/j.poly.2021.115571,PERGAMON-ELSEVIER SCIENCE LTD,2022
6679,10.1016/j.poly.2021.115588,PERGAMON-ELSEVIER SCIENCE LTD,2022
6680,10.1016/j.poly.2022.115653,PERGAMON-ELSEVIER SCIENCE LTD,2022
6681,10.1016/j.poly.2022.115694,PERGAMON-ELSEVIER SCIENCE LTD,2022
6682,10.1016/j.poly.2022.115789,PERGAMON-ELSEVIER SCIENCE LTD,2022
6683,10.1016/j.poly.2022.115793,PERGAMON-ELSEVIER SCIENCE LTD,2022
6684,10.1016/j.poly.2022.115863,PERGAMON-ELSEVIER SCIENCE LTD,2022
6685,10.1016/j.poly.2022.115874,PERGAMON-ELSEVIER SCIENCE LTD,2022
6686,10.1016/j.poly.2022.115880,PERGAMON-ELSEVIER SCIENCE LTD,2022
6687,10.1016/j.poly.2022.115892,PERGAMON-ELSEVIER SCIENCE LTD,2022
6688,10.1016/j.poly.2022.115901,PERGAMON-ELSEVIER SCIENCE LTD,2022
6689,10.1016/j.poly.2022.115974,PERGAMON-ELSEVIER SCIENCE LTD,2022
6690,10.1016/j.poly.2022.116038,PERGAMON-ELSEVIER SCIENCE LTD,2022
6691,10.1016/j.poly.2022.116052,PERGAMON-ELSEVIER SCIENCE LTD,2022
6692,10.1016/j.poly.2022.116125,PERGAMON-ELSEVIER SCIENCE LTD,2022
6693,10.1016/j.poly.2022.116192,PERGAMON-ELSEVIER SCIENCE LTD,2023
6694,10.1016/j.poly.2022.116210,PERGAMON-ELSEVIER SCIENCE LTD,2023
6695,10.1016/j.poly.2022.116220,PERGAMON-ELSEVIER SCIENCE LTD,2023
6696,10.1016/j.poly.2022.116242,PERGAMON-ELSEVIER SCIENCE LTD,2023
6697,10.1016/j.poly.2023.116298,PERGAMON-ELSEVIER SCIENCE LTD,2023
6698,10.1016/j.poly.2023.116386,PERGAMON-ELSEVIER SCIENCE LTD,2023
6699,10.1016/j.poly.2023.116388,PERGAMON-ELSEVIER SCIENCE LTD,2023
6700,10.1016/j.poly.2023.116392,PERGAMON-ELSEVIER SCIENCE LTD,2023
6701,10.1016/j.poly.2023.116483,PERGAMON-ELSEVIER SCIENCE LTD,2023
6702,10.1016/j.poly.2023.116493,PERGAMON-ELSEVIER SCIENCE LTD,2023
6703,10.1016/j.poly.2023.116497,PERGAMON-ELSEVIER SCIENCE LTD,2023
6704,10.1016/j.poly.2023.116573,PERGAMON-ELSEVIER SCIENCE LTD,2023
6705,10.1016/j.poly.2023.116579,PERGAMON-ELSEVIER SCIENCE LTD,2023
6706,10.1016/j.poly.2023.116605,PERGAMON-ELSEVIER SCIENCE LTD,2023
6707,10.1016/j.poly.2023.116672,PERGAMON-ELSEVIER SCIENCE LTD,2023
6708,10.1016/j.poly.2023.116693,PERGAMON-ELSEVIER SCIENCE LTD,2023
6709,10.1016/j.poly.2023.116750,PERGAMON-ELSEVIER SCIENCE LTD,2024
6710,10.1016/j.poly.2024.116884,PERGAMON-ELSEVIER SCIENCE LTD,2024
6711,10.1016/j.poly.2024.117057,PERGAMON-ELSEVIER SCIENCE LTD,2024
6712,10.1016/j.poly.2024.117078,PERGAMON-ELSEVIER SCIENCE LTD,2024
6713,10.1016/j.poly.2024.117081,PERGAMON-ELSEVIER SCIENCE LTD,2024
6714,10.1016/j.poly.2024.117082,PERGAMON-ELSEVIER SCIENCE LTD,2024
6715,10.1016/j.poly.2024.117096,PERGAMON-ELSEVIER SCIENCE LTD,2024
6716,10.1016/j.poly.2024.117116,PERGAMON-ELSEVIER SCIENCE LTD,2024
6717,10.1016/j.poly.2024.117173,PERGAMON-ELSEVIER SCIENCE LTD,2024
6718,10.1016/j.poly.2024.117300,PERGAMON-ELSEVIER SCIENCE LTD,2025
6719,10.1016/j.poly.2024.117360,PERGAMON-ELSEVIER SCIENCE LTD,2025
6720,10.1016/j.poly.2024.117361,PERGAMON-ELSEVIER SCIENCE LTD,2025
6721,10.1016/j.poly.2024.117362,PERGAMON-ELSEVIER SCIENCE LTD,2025
6722,10.1016/j.poly.2024.117382,PERGAMON-ELSEVIER SCIENCE LTD,2025
6723,10.1016/j.poly.2025.117570,PERGAMON-ELSEVIER SCIENCE LTD,2025
6724,10.1016/j.polymertesting.2024.108659,ELSEVIER SCI LTD,2025
6725,10.1016/j.porgcoat.2017.11.013,ELSEVIER SCIENCE SA,2018
6726,10.1016/j.progsolidstchem.2005.11.033,PERGAMON-ELSEVIER SCIENCE LTD,2005
6727,10.1016/j.progsolidstchem.2005.11.047,PERGAMON-ELSEVIER SCIENCE LTD,2005
6728,10.1016/j.radphyschem.2024.111580,PERGAMON-ELSEVIER SCIENCE LTD,2024
6729,10.1016/j.radphyschem.2025.112645,PERGAMON-ELSEVIER SCIENCE LTD,2025
6730,10.1016/j.reactfunctpolym.2023.105765,ELSEVIER,2023
6731,10.1016/j.rinp.2019.102564,ELSEVIER,2019
6732,10.1016/j.scp.2021.100385,ELSEVIER,2021
6733,10.1016/j.scp.2022.100786,ELSEVIER,2022
6734,10.1016/j.scp.2023.101265,ELSEVIER,2023
6735,10.1016/j.scp.2023.101389,ELSEVIER,2024
6736,10.1016/j.scriptamat.2007.09.024,PERGAMON-ELSEVIER SCIENCE LTD,2008
6737,10.1016/j.snb.2015.05.129,ELSEVIER SCIENCE SA,2015
6738,10.1016/j.snb.2016.02.008,ELSEVIER SCIENCE SA,2016
6739,10.1016/j.snb.2016.12.130,ELSEVIER SCIENCE SA,2017
6740,10.1016/j.snb.2017.05.087,ELSEVIER SCIENCE SA,2017
6741,10.1016/j.snb.2017.12.060,ELSEVIER SCIENCE SA,2018
6742,10.1016/j.snb.2018.02.138,ELSEVIER SCIENCE SA,2018
6743,10.1016/j.snb.2018.05.113,ELSEVIER SCIENCE SA,2018
6744,10.1016/j.snb.2018.05.118,ELSEVIER SCIENCE SA,2018
6745,10.1016/j.snb.2019.127187,ELSEVIER SCIENCE SA,2020
6746,10.1016/j.snb.2020.127819,ELSEVIER SCIENCE SA,2020
6747,10.1016/j.snb.2020.128455,ELSEVIER SCIENCE SA,2020
6748,10.1016/j.snb.2020.128757,ELSEVIER SCIENCE SA,2020
6749,10.1016/j.snb.2020.129133,ELSEVIER SCIENCE SA,2021
6750,10.1016/j.snb.2021.129610,ELSEVIER SCIENCE SA,2021
6751,10.1016/j.snb.2021.130402,ELSEVIER SCIENCE SA,2021
6752,10.1016/j.snb.2021.130641,ELSEVIER SCIENCE SA,2021
6753,10.1016/j.snb.2021.130760,ELSEVIER SCIENCE SA,2022
6754,10.1016/j.snb.2021.131008,ELSEVIER SCIENCE SA,2022
6755,10.1016/j.snb.2022.132008,ELSEVIER SCIENCE SA,2022
6756,10.1016/j.snb.2022.132094,ELSEVIER SCIENCE SA,2022
6757,10.1016/j.snb.2022.132120,ELSEVIER SCIENCE SA,2022
6758,10.1016/j.snb.2022.132783,ELSEVIER SCIENCE SA,2023
6759,10.1016/j.snb.2023.133960,ELSEVIER SCIENCE SA,2023
6760,10.1016/j.snb.2023.134205,ELSEVIER SCIENCE SA,2023
6761,10.1016/j.snb.2024.136159,ELSEVIER SCIENCE SA,2024
6762,10.1016/j.snb.2024.136564,ELSEVIER SCIENCE SA,2025
6763,10.1016/j.snb.2025.137277,ELSEVIER SCIENCE SA,2025
6764,10.1016/j.solidstatesciences.2003.11.002,ELSEVIER,2004
6765,10.1016/j.solidstatesciences.2004.03.032,ELSEVIER,2004
6766,10.1016/j.solidstatesciences.2004.04.009,ELSEVIER,2004
6767,10.1016/j.solidstatesciences.2004.07.019,ELSEVIER,2004
6768,10.1016/j.solidstatesciences.2004.11.005,ELSEVIER SCIENCE BV,2005
6769,10.1016/j.solidstatesciences.2005.01.014,ELSEVIER,2005
6770,10.1016/j.solidstatesciences.2005.03.007,ELSEVIER,2005
6771,10.1016/j.solidstatesciences.2006.02.025,ELSEVIER,2006
6772,10.1016/j.solidstatesciences.2006.12.003,ELSEVIER,2007
6773,10.1016/j.solidstatesciences.2007.04.003,ELSEVIER,2007
6774,10.1016/j.solidstatesciences.2007.12.003,ELSEVIER,2008
6775,10.1016/j.solidstatesciences.2008.05.012,ELSEVIER SCIENCE BV,2009
6776,10.1016/j.solidstatesciences.2008.07.007,ELSEVIER SCIENCE BV,2009
6777,10.1016/j.solidstatesciences.2008.10.007,ELSEVIER SCIENCE BV,2009
6778,10.1016/j.solidstatesciences.2009.02.009,ELSEVIER,2009
6779,10.1016/j.solidstatesciences.2009.05.017,ELSEVIER SCIENCE BV,2009
6780,10.1016/j.solidstatesciences.2009.07.016,ELSEVIER,2009
6781,10.1016/j.solidstatesciences.2009.08.017,ELSEVIER SCIENCE BV,2009
6782,10.1016/j.solidstatesciences.2009.11.013,ELSEVIER SCIENCE BV,2010
6783,10.1016/j.solidstatesciences.2010.02.031,ELSEVIER SCIENCE BV,2010
6784,10.1016/j.solidstatesciences.2010.05.018,ELSEVIER SCIENCE BV,2010
6785,10.1016/j.solidstatesciences.2010.07.002,ELSEVIER SCIENCE BV,2010
6786,10.1016/j.solidstatesciences.2010.07.004,ELSEVIER,2010
6787,10.1016/j.solidstatesciences.2010.07.032,ELSEVIER,2010
6788,10.1016/j.solidstatesciences.2011.01.014,ELSEVIER,2011
6789,10.1016/j.solidstatesciences.2011.03.018,ELSEVIER,2011
6790,10.1016/j.solidstatesciences.2011.05.006,ELSEVIER,2011
6791,10.1016/j.solidstatesciences.2011.05.017,ELSEVIER,2011
6792,10.1016/j.solidstatesciences.2011.08.006,ELSEVIER,2011
6793,10.1016/j.solidstatesciences.2011.10.017,ELSEVIER SCIENCE BV,2012
6794,10.1016/j.solidstatesciences.2011.12.002,ELSEVIER,2012
6795,10.1016/j.solidstatesciences.2011.12.014,ELSEVIER,2012
6796,10.1016/j.solidstatesciences.2012.05.006,ELSEVIER SCIENCE BV,2012
6797,10.1016/j.solidstatesciences.2012.05.031,ELSEVIER SCIENCE BV,2012
6798,10.1016/j.solidstatesciences.2012.07.011,ELSEVIER,2012
6799,10.1016/j.solidstatesciences.2012.10.012,ELSEVIER SCIENCE BV,2013
6800,10.1016/j.solidstatesciences.2012.11.018,ELSEVIER SCIENCE BV,2013
6801,10.1016/j.solidstatesciences.2012.12.018,ELSEVIER,2013
6802,10.1016/j.solidstatesciences.2013.05.009,ELSEVIER,2013
6803,10.1016/j.solidstatesciences.2013.09.010,ELSEVIER,2013
6804,10.1016/j.solidstatesciences.2013.12.006,ELSEVIER SCIENCE BV,2014
6805,10.1016/j.solidstatesciences.2014.04.004,ELSEVIER,2014
6806,10.1016/j.solidstatesciences.2014.07.015,ELSEVIER,2014
6807,10.1016/j.solidstatesciences.2015.08.017,ELSEVIER,2015
6808,10.1016/j.solidstatesciences.2015.11.010,ELSEVIER SCIENCE BV,2016
6809,10.1016/j.solidstatesciences.2017.05.002,ELSEVIER SCIENCE BV,2017
6810,10.1016/j.solidstatesciences.2017.06.015,ELSEVIER SCIENCE BV,2017
6811,10.1016/j.solidstatesciences.2017.09.003,ELSEVIER,2017
6812,10.1016/j.solidstatesciences.2017.09.005,ELSEVIER SCIENCE BV,2017
6813,10.1016/j.solidstatesciences.2018.03.013,ELSEVIER SCIENCE BV,2018
6814,10.1016/j.solidstatesciences.2018.04.009,ELSEVIER SCIENCE BV,2018
6815,10.1016/j.solidstatesciences.2019.03.022,ELSEVIER SCIENCE BV,2019
6816,10.1016/j.solidstatesciences.2020.106115,ELSEVIER,2020
6817,10.1016/j.solidstatesciences.2020.106292,ELSEVIER,2020
6818,10.1016/j.solidstatesciences.2021.106629,ELSEVIER,2021
6819,10.1016/j.solidstatesciences.2021.106646,ELSEVIER,2021
6820,10.1016/j.solidstatesciences.2021.106782,ELSEVIER,2022
6821,10.1016/j.solidstatesciences.2021.106792,ELSEVIER,2022
6822,10.1016/j.solidstatesciences.2021.106798,ELSEVIER,2022
6823,10.1016/j.solidstatesciences.2022.106842,ELSEVIER,2022
6824,10.1016/j.solidstatesciences.2024.107572,ELSEVIER,2024
6825,10.1016/j.solidstatesciences.2024.107755,ELSEVIER,2024
6826,10.1016/j.solidstatesciences.2025.107855,ELSEVIER,2025
6827,10.1016/j.solmat.2015.11.042,ELSEVIER SCIENCE BV,2016
6828,10.1016/j.ssi.2017.01.022,ELSEVIER,2017
6829,10.1016/j.surfin.2017.06.001,ELSEVIER,2017
6830,10.1016/j.surfin.2020.100587,ELSEVIER,2020
6831,10.1016/j.surfin.2020.100845,ELSEVIER,2021
6832,10.1016/j.surfin.2021.101469,ELSEVIER,2021
6833,10.1016/j.surfin.2022.101843,ELSEVIER,2022
6834,10.1016/j.surfin.2022.101904,ELSEVIER,2022
6835,10.1016/j.surfin.2022.102095,ELSEVIER,2022
6836,10.1016/j.surfin.2022.102471,ELSEVIER,2022
6837,10.1016/j.surfin.2022.102587,ELSEVIER,2023
6838,10.1016/j.surfin.2024.105272,ELSEVIER,2024
6839,10.1016/j.surfin.2025.105851,ELSEVIER,2025
6840,10.1016/j.surfin.2025.106559,ELSEVIER,2025
6841,10.1016/j.susc.2021.121952,ELSEVIER,2022
6842,10.1016/j.susmat.2017.10.002,ELSEVIER,2017
6843,10.1016/j.susmat.2021.e00354,ELSEVIER,2021
6844,10.1016/j.susmat.2023.e00689,ELSEVIER,2023
6845,10.1016/j.synthmet.2009.04.007,ELSEVIER SCIENCE SA,2009
6846,10.1016/j.synthmet.2011.04.016,ELSEVIER SCIENCE SA,2011
6847,10.1016/j.synthmet.2011.08.023,ELSEVIER SCIENCE SA,2011
6848,10.1016/j.synthmet.2011.09.033,ELSEVIER SCIENCE SA,2011
6849,10.1016/j.synthmet.2011.11.035,ELSEVIER SCIENCE SA,2012
6850,10.1016/j.synthmet.2012.05.016,ELSEVIER SCIENCE SA,2012
6851,10.1016/j.synthmet.2012.07.014,ELSEVIER SCIENCE SA,2012
6852,10.1016/j.synthmet.2012.07.025,ELSEVIER SCIENCE SA,2012
6853,10.1016/j.synthmet.2012.09.022,ELSEVIER SCIENCE SA,2012
6854,10.1016/j.synthmet.2012.09.023,ELSEVIER SCIENCE SA,2012
6855,10.1016/j.synthmet.2013.09.004,ELSEVIER SCIENCE SA,2013
6856,10.1016/j.synthmet.2014.09.028,ELSEVIER SCIENCE SA,2014
6857,10.1016/j.synthmet.2014.12.016,ELSEVIER SCIENCE SA,2015
6858,10.1016/j.synthmet.2016.07.003,ELSEVIER SCIENCE SA,2016
6859,10.1016/j.synthmet.2017.07.009,ELSEVIER SCIENCE SA,2017
6860,10.1016/j.synthmet.2020.116348,ELSEVIER SCIENCE SA,2020
6861,10.1016/j.synthmet.2020.116600,ELSEVIER SCIENCE SA,2020
6862,10.1016/j.synthmet.2023.117357,ELSEVIER SCIENCE SA,2023
6863,10.1016/j.talanta.2016.03.089,ELSEVIER SCIENCE BV,2016
6864,10.1016/j.talanta.2016.12.046,ELSEVIER,2017
6865,10.1016/j.talanta.2017.02.038,ELSEVIER SCIENCE BV,2017
6866,10.1016/j.talanta.2018.01.024,ELSEVIER SCIENCE BV,2018
6867,10.1016/j.talanta.2019.01.037,ELSEVIER SCIENCE BV,2019
6868,10.1016/j.talanta.2019.01.086,ELSEVIER,2019
6869,10.1016/j.talanta.2019.120363,ELSEVIER,2020
6870,10.1016/j.talanta.2019.120514,ELSEVIER,2020
6871,10.1016/j.talanta.2020.121010,ELSEVIER,2020
6872,10.1016/j.talanta.2021.123030,ELSEVIER,2022
6873,10.1016/j.talanta.2021.123143,ELSEVIER,2022
6874,10.1016/j.talanta.2022.123710,ELSEVIER,2022
6875,10.1016/j.talanta.2023.124326,ELSEVIER,2023
6876,10.1016/j.talanta.2023.124778,ELSEVIER,2023
6877,10.1016/j.talanta.2023.124944,ELSEVIER,2024
6878,10.1016/j.talanta.2024.126097,ELSEVIER,2024
6879,10.1016/j.talanta.2024.126456,ELSEVIER,2024
6880,10.1016/j.talanta.2025.127771,ELSEVIER,2025
6881,10.1016/j.talanta.2025.127890,ELSEVIER,2025
6882,10.1016/j.tca.2009.11.004,ELSEVIER,2010
6883,10.1016/j.tca.2010.06.010,ELSEVIER,2010
6884,10.1016/j.tca.2016.11.001,ELSEVIER SCIENCE BV,2016
6885,10.1016/j.tca.2016.11.013,ELSEVIER SCIENCE BV,2017
6886,10.1016/j.tet.2008.06.036,PERGAMON-ELSEVIER SCIENCE LTD,2008
6887,10.1016/j.tet.2013.08.059,PERGAMON-ELSEVIER SCIENCE LTD,2013
6888,10.1016/j.tet.2014.02.061,PERGAMON-ELSEVIER SCIENCE LTD,2014
6889,10.1016/j.tet.2014.06.127,PERGAMON-ELSEVIER SCIENCE LTD,2014
6890,10.1016/j.tet.2016.11.026,PERGAMON-ELSEVIER SCIENCE LTD,2016
6891,10.1016/j.tet.2017.08.040,PERGAMON-ELSEVIER SCIENCE LTD,2017
6892,10.1016/j.tet.2018.03.006,PERGAMON-ELSEVIER SCIENCE LTD,2018
6893,10.1016/j.tet.2018.04.059,PERGAMON-ELSEVIER SCIENCE LTD,2018
6894,10.1016/j.tet.2018.10.075,PERGAMON-ELSEVIER SCIENCE LTD,2018
6895,10.1016/j.tet.2019.130540,PERGAMON-ELSEVIER SCIENCE LTD,2019
6896,10.1016/j.tet.2023.133751,PERGAMON-ELSEVIER SCIENCE LTD,2024
6897,10.1016/j.tet.2024.133979,PERGAMON-ELSEVIER SCIENCE LTD,2024
6898,10.1016/j.tetasy.2010.05.018,PERGAMON-ELSEVIER SCIENCE LTD,2010
6899,10.1016/j.tetlet.2009.11.098,PERGAMON-ELSEVIER SCIENCE LTD,2010
6900,10.1016/j.tetlet.2011.09.099,PERGAMON-ELSEVIER SCIENCE LTD,2011
6901,10.1016/j.tetlet.2012.04.124,PERGAMON-ELSEVIER SCIENCE LTD,2012
6902,10.1016/j.tetlet.2012.06.139,PERGAMON-ELSEVIER SCIENCE LTD,2012
6903,10.1016/j.tetlet.2015.05.052,PERGAMON-ELSEVIER SCIENCE LTD,2015
6904,10.1016/j.tetlet.2015.09.072,PERGAMON-ELSEVIER SCIENCE LTD,2015
6905,10.1016/j.tetlet.2015.09.090,PERGAMON-ELSEVIER SCIENCE LTD,2015
6906,10.1016/j.tetlet.2015.11.004,PERGAMON-ELSEVIER SCIENCE LTD,2015
6907,10.1016/j.tetlet.2016.01.043,PERGAMON-ELSEVIER SCIENCE LTD,2016
6908,10.1016/j.tetlet.2016.07.085,PERGAMON-ELSEVIER SCIENCE LTD,2016
6909,10.1016/j.tetlet.2016.11.070,PERGAMON-ELSEVIER SCIENCE LTD,2016
6910,10.1016/j.tetlet.2017.11.004,PERGAMON-ELSEVIER SCIENCE LTD,2017
6911,10.1016/j.tetlet.2018.05.071,PERGAMON-ELSEVIER SCIENCE LTD,2018
6912,10.1016/j.tetlet.2018.10.032,PERGAMON-ELSEVIER SCIENCE LTD,2018
6913,10.1016/j.tetlet.2019.01.014,PERGAMON-ELSEVIER SCIENCE LTD,2019
6914,10.1016/j.tetlet.2020.151629,PERGAMON-ELSEVIER SCIENCE LTD,2020
6915,10.1016/j.tetlet.2020.152153,PERGAMON-ELSEVIER SCIENCE LTD,2020
6916,10.1016/j.tetlet.2020.152629,PERGAMON-ELSEVIER SCIENCE LTD,2020
6917,10.1016/j.tetlet.2023.154504,PERGAMON-ELSEVIER SCIENCE LTD,2023
6918,10.1016/j.trechm.2023.02.009,CELL PRESS,2023
6919,10.1016/j.tsf.2024.140515,ELSEVIER SCIENCE SA,2024
6920,10.1016/j.ultsonch.2013.01.014,ELSEVIER SCIENCE BV,2013
6921,10.1016/j.ultsonch.2013.05.015,ELSEVIER SCIENCE BV,2014
6922,10.1016/j.ultsonch.2013.09.017,ELSEVIER SCIENCE BV,2014
6923,10.1016/j.ultsonch.2014.01.011,ELSEVIER,2014
6924,10.1016/j.ultsonch.2014.04.017,ELSEVIER SCIENCE BV,2015
6925,10.1016/j.ultsonch.2014.06.005,ELSEVIER,2015
6926,10.1016/j.ultsonch.2014.09.005,ELSEVIER SCIENCE BV,2015
6927,10.1016/j.ultsonch.2014.10.011,ELSEVIER SCIENCE BV,2015
6928,10.1016/j.ultsonch.2014.10.022,ELSEVIER SCIENCE BV,2015
6929,10.1016/j.ultsonch.2015.02.003,ELSEVIER SCIENCE BV,2015
6930,10.1016/j.ultsonch.2015.04.004,ELSEVIER SCIENCE BV,2015
6931,10.1016/j.ultsonch.2015.05.034,ELSEVIER,2015
6932,10.1016/j.ultsonch.2015.06.020,ELSEVIER SCIENCE BV,2015
6933,10.1016/j.ultsonch.2015.07.017,ELSEVIER,2016
6934,10.1016/j.ultsonch.2015.08.023,ELSEVIER,2016
6935,10.1016/j.ultsonch.2015.11.014,ELSEVIER,2016
6936,10.1016/j.ultsonch.2015.12.007,ELSEVIER,2016
6937,10.1016/j.ultsonch.2015.12.014,ELSEVIER,2016
6938,10.1016/j.ultsonch.2015.12.020,ELSEVIER,2016
6939,10.1016/j.ultsonch.2016.02.022,ELSEVIER,2016
6940,10.1016/j.ultsonch.2016.04.013,ELSEVIER,2016
6941,10.1016/j.ultsonch.2016.06.011,ELSEVIER SCIENCE BV,2017
6942,10.1016/j.ultsonch.2016.06.024,ELSEVIER SCIENCE BV,2017
6943,10.1016/j.ultsonch.2016.06.032,ELSEVIER SCIENCE BV,2017
6944,10.1016/j.ultsonch.2016.09.022,ELSEVIER,2017
6945,10.1016/j.ultsonch.2016.10.001,ELSEVIER,2017
6946,10.1016/j.ultsonch.2016.12.031,ELSEVIER SCIENCE BV,2017
6947,10.1016/j.ultsonch.2017.01.007,ELSEVIER SCIENCE BV,2017
6948,10.1016/j.ultsonch.2017.01.018,ELSEVIER SCIENCE BV,2017
6949,10.1016/j.ultsonch.2017.01.021,ELSEVIER SCIENCE BV,2017
6950,10.1016/j.ultsonch.2017.01.027,ELSEVIER SCIENCE BV,2017
6951,10.1016/j.ultsonch.2017.02.011,ELSEVIER SCIENCE BV,2017
6952,10.1016/j.ultsonch.2017.02.023,ELSEVIER,2017
6953,10.1016/j.ultsonch.2017.04.008,ELSEVIER SCIENCE BV,2017
6954,10.1016/j.ultsonch.2017.04.039,ELSEVIER SCIENCE BV,2017
6955,10.1016/j.ultsonch.2017.06.009,ELSEVIER SCIENCE BV,2017
6956,10.1016/j.ultsonch.2017.06.013,ELSEVIER SCIENCE BV,2017
6957,10.1016/j.ultsonch.2017.06.028,ELSEVIER,2018
6958,10.1016/j.ultsonch.2017.07.038,ELSEVIER,2018
6959,10.1016/j.ultsonch.2017.07.041,ELSEVIER,2018
6960,10.1016/j.ultsonch.2017.08.009,ELSEVIER,2018
6961,10.1016/j.ultsonch.2017.09.001,ELSEVIER,2018
6962,10.1016/j.ultsonch.2017.09.004,ELSEVIER,2018
6963,10.1016/j.ultsonch.2017.09.009,ELSEVIER,2018
6964,10.1016/j.ultsonch.2017.09.014,ELSEVIER,2018
6965,10.1016/j.ultsonch.2017.09.030,ELSEVIER SCIENCE BV,2018
6966,10.1016/j.ultsonch.2017.09.046,ELSEVIER,2018
6967,10.1016/j.ultsonch.2017.11.009,ELSEVIER SCIENCE BV,2018
6968,10.1016/j.ultsonch.2017.11.018,ELSEVIER,2018
6969,10.1016/j.ultsonch.2017.11.033,ELSEVIER SCIENCE BV,2018
6970,10.1016/j.ultsonch.2017.11.035,ELSEVIER SCIENCE BV,2018
6971,10.1016/j.ultsonch.2017.12.027,ELSEVIER SCIENCE BV,2018
6972,10.1016/j.ultsonch.2017.12.032,ELSEVIER SCIENCE BV,2018
6973,10.1016/j.ultsonch.2017.12.036,ELSEVIER SCIENCE BV,2018
6974,10.1016/j.ultsonch.2018.02.031,ELSEVIER SCIENCE BV,2018
6975,10.1016/j.ultsonch.2018.02.048,ELSEVIER SCIENCE BV,2018
6976,10.1016/j.ultsonch.2018.02.050,ELSEVIER SCIENCE BV,2018
6977,10.1016/j.ultsonch.2018.03.001,ELSEVIER SCIENCE BV,2018
6978,10.1016/j.ultsonch.2018.03.012,ELSEVIER,2018
6979,10.1016/j.ultsonch.2018.03.014,ELSEVIER SCIENCE BV,2018
6980,10.1016/j.ultsonch.2018.04.001,ELSEVIER SCIENCE BV,2018
6981,10.1016/j.ultsonch.2018.05.016,ELSEVIER SCIENCE BV,2018
6982,10.1016/j.ultsonch.2018.08.004,ELSEVIER SCIENCE BV,2018
6983,10.1016/j.ultsonch.2018.08.027,ELSEVIER,2019
6984,10.1016/j.ultsonch.2018.11.002,ELSEVIER SCIENCE BV,2019
6985,10.1016/j.ultsonch.2019.04.015,ELSEVIER SCIENCE BV,2019
6986,10.1016/j.ultsonch.2019.104653,ELSEVIER,2019
6987,10.1016/j.ultsonch.2019.104729,ELSEVIER,2019
6988,10.1016/j.ultsonch.2019.104746,ELSEVIER,2020
6989,10.1016/j.ultsonch.2019.104862,ELSEVIER,2020
6990,10.1016/j.ultsonch.2020.105110,ELSEVIER,2020
6991,10.1016/j.ultsonch.2020.105246,ELSEVIER,2020
6992,10.1016/j.ultsonch.2020.105275,ELSEVIER,2020
6993,10.1016/j.ultsonch.2020.105292,ELSEVIER,2021
6994,10.1016/j.ultsonch.2021.105616,ELSEVIER,2021
6995,10.1016/j.ultsonch.2022.106003,ELSEVIER,2022
6996,10.1016/j.ultsonch.2023.106377,ELSEVIER,2023
6997,10.1016/j.ultsonch.2023.106443,ELSEVIER,2023
6998,10.1016/j.ultsonch.2025.107264,ELSEVIER,2025
6999,10.1016/j.vacuum.2018.09.019,PERGAMON-ELSEVIER SCIENCE LTD,2018
7000,10.1016/j.vacuum.2019.01.011,PERGAMON-ELSEVIER SCIENCE LTD,2019
7001,10.1016/j.vacuum.2019.03.038,PERGAMON-ELSEVIER SCIENCE LTD,2019
7002,10.1016/j.vibspec.2016.03.015,ELSEVIER SCIENCE BV,2016
7003,10.1016/j.xcrp.2021.100421,CELL PRESS,2021
7004,10.1016/j.xcrp.2022.100875,CELL PRESS,2022
7005,10.1016/j.xcrp.2022.101004,CELL PRESS,2022
7006,10.1016/j.xcrp.2022.101063,CELL PRESS,2022
7007,10.1016/j.xcrp.2023.101383,CELL PRESS,2023
7008,10.1016/j.xcrp.2023.101412,CELL PRESS,2023
7009,10.1016/j.xcrp.2024.102318,CELL PRESS,2024
7010,10.1016/S0010-8545(03)00033-X,ELSEVIER SCIENCE SA,2003
7011,10.1016/S0020-1693(02)00875-7,ELSEVIER SCIENCE SA,2002
7012,10.1016/S0020-1693(02)00905-2,ELSEVIER SCIENCE SA,2002
7013,10.1016/S0020-1693(97)05661-2,ELSEVIER SCIENCE SA LAUSANNE,1997
7014,10.1016/S0022-2860(03)00149-2,ELSEVIER,2003
7015,10.1016/S0022-2860(03)00349-1,ELSEVIER,2004
7016,10.1016/S0022-2860(03)00405-8,ELSEVIER SCIENCE BV,2003
7017,10.1016/S0022-2860(03)00416-2,ELSEVIER SCIENCE BV,2003
7018,10.1016/S0022-2860(03)00498-8,ELSEVIER SCIENCE BV,2003
7019,10.1016/S0277-5387(01)00975-5,PERGAMON-ELSEVIER SCIENCE LTD,2002
7020,10.1016/S0277-5387(02)01302-5,PERGAMON-ELSEVIER SCIENCE LTD,2003
7021,10.1016/S1002-0721(08)60250-1,ELSEVIER,2009
7022,10.1016/S1002-0721(10)60489-9,ELSEVIER,2011
7023,10.1016/S1002-0721(14)60050-8,ELSEVIER,2014
7024,10.1016/S1003-9953(11)60419-2,ELSEVIER SCIENCE BV,2012
7025,10.1016/S1293-2558(02)01275-X,ELSEVIER,2002
7026,10.1016/S1387-1811(02)00609-1,ELSEVIER SCIENCE BV,2003
7027,10.1016/S1387-1811(03)00393-7,ELSEVIER,2003
7028,10.1016/S1387-7003(00)00102-7,ELSEVIER SCIENCE BV,2000
7029,10.1016/S1387-7003(01)00238-6,ELSEVIER SCIENCE BV,2001
7030,10.1016/S1387-7003(02)00340-4,ELSEVIER,2002
7031,10.1016/S1387-7003(02)00385-4,ELSEVIER SCIENCE BV,2002
7032,10.1016/S1387-7003(02)00515-4,ELSEVIER,2002
7033,10.1016/S1387-7003(02)00705-0,ELSEVIER,2003
7034,10.1016/S1387-7003(03)00242-9,ELSEVIER,2003
7035,10.1016/S1872-2067(23)64562-0,ELSEVIER,2024
7036,10.1016/S1872-2067(24)60020-3,ELSEVIER,2024
7037,10.1016/S1872-5805(12)60013-4,ELSEVIER,2012
7038,10.1016/S2095-4956(13)60017-0,ELSEVIER SCIENCE BV,2013
7039,10.1021/ac200646w,AMER CHEMICAL SOC,2011
7040,10.1021/ac402254u,AMER CHEMICAL SOC,2013
7041,10.1021/ac402651y,AMER CHEMICAL SOC,2013
7042,10.1021/ac502146c,AMER CHEMICAL SOC,2015
7043,10.1021/acs.analchem.2c00019,AMER CHEMICAL SOC,2022
7044,10.1021/acs.analchem.2c04765,AMER CHEMICAL SOC,2023
7045,10.1021/acs.analchem.2c05511,AMER CHEMICAL SOC,2023
7046,10.1021/acs.analchem.4c01425,AMER CHEMICAL SOC,2024
7047,10.1021/acs.analchem.4c06080,AMER CHEMICAL SOC,2025
7048,10.1021/acs.analchem.5b00391,AMER CHEMICAL SOC,2015
7049,10.1021/acs.analchem.7b03723,AMER CHEMICAL SOC,2017
7050,10.1021/acs.analchem.8b01670,AMER CHEMICAL SOC,2018
7051,10.1021/acs.analchem.9b03143,AMER CHEMICAL SOC,2019
7052,10.1021/acs.analchem.9b04598,AMER CHEMICAL SOC,2020
7053,10.1021/acs.cgd.0c00088,AMER CHEMICAL SOC,2020
7054,10.1021/acs.cgd.0c00129,AMER CHEMICAL SOC,2020
7055,10.1021/acs.cgd.0c00234,AMER CHEMICAL SOC,2020
7056,10.1021/acs.cgd.0c00258,AMER CHEMICAL SOC,2020
7057,10.1021/acs.cgd.0c00269,AMER CHEMICAL SOC,2020
7058,10.1021/acs.cgd.0c00275,AMER CHEMICAL SOC,2020
7059,10.1021/acs.cgd.0c00408,AMER CHEMICAL SOC,2020
7060,10.1021/acs.cgd.0c00478,AMER CHEMICAL SOC,2020
7061,10.1021/acs.cgd.0c00608,AMER CHEMICAL SOC,2020
7062,10.1021/acs.cgd.0c00611,AMER CHEMICAL SOC,2020
7063,10.1021/acs.cgd.0c00690,AMER CHEMICAL SOC,2020
7064,10.1021/acs.cgd.0c00710,AMER CHEMICAL SOC,2020
7065,10.1021/acs.cgd.0c00713,AMER CHEMICAL SOC,2020
7066,10.1021/acs.cgd.0c00739,AMER CHEMICAL SOC,2020
7067,10.1021/acs.cgd.0c00740,AMER CHEMICAL SOC,2020
7068,10.1021/acs.cgd.0c00747,AMER CHEMICAL SOC,2020
7069,10.1021/acs.cgd.0c00817,AMER CHEMICAL SOC,2020
7070,10.1021/acs.cgd.0c00827,AMER CHEMICAL SOC,2020
7071,10.1021/acs.cgd.0c00846,AMER CHEMICAL SOC,2020
7072,10.1021/acs.cgd.0c00857,AMER CHEMICAL SOC,2020
7073,10.1021/acs.cgd.0c00895,AMER CHEMICAL SOC,2020
7074,10.1021/acs.cgd.0c01028,AMER CHEMICAL SOC,2020
7075,10.1021/acs.cgd.0c01108,AMER CHEMICAL SOC,2020
7076,10.1021/acs.cgd.0c01118,AMER CHEMICAL SOC,2021
7077,10.1021/acs.cgd.0c01221,AMER CHEMICAL SOC,2021
7078,10.1021/acs.cgd.0c01390,AMER CHEMICAL SOC,2021
7079,10.1021/acs.cgd.0c01394,AMER CHEMICAL SOC,2021
7080,10.1021/acs.cgd.0c01661,AMER CHEMICAL SOC,2021
7081,10.1021/acs.cgd.0c01666,AMER CHEMICAL SOC,2021
7082,10.1021/acs.cgd.0c01703,AMER CHEMICAL SOC,2021
7083,10.1021/acs.cgd.0c01724,AMER CHEMICAL SOC,2021
7084,10.1021/acs.cgd.1c00077,AMER CHEMICAL SOC,2021
7085,10.1021/acs.cgd.1c00122,AMER CHEMICAL SOC,2021
7086,10.1021/acs.cgd.1c00213,AMER CHEMICAL SOC,2021
7087,10.1021/acs.cgd.1c00237,AMER CHEMICAL SOC,2021
7088,10.1021/acs.cgd.1c00385,AMER CHEMICAL SOC,2021
7089,10.1021/acs.cgd.1c00411,AMER CHEMICAL SOC,2021
7090,10.1021/acs.cgd.1c00491,AMER CHEMICAL SOC,2021
7091,10.1021/acs.cgd.1c00587,AMER CHEMICAL SOC,2021
7092,10.1021/acs.cgd.1c00606,AMER CHEMICAL SOC,2021
7093,10.1021/acs.cgd.1c00637,AMER CHEMICAL SOC,2021
7094,10.1021/acs.cgd.1c00648,AMER CHEMICAL SOC,2021
7095,10.1021/acs.cgd.1c00766,AMER CHEMICAL SOC,2021
7096,10.1021/acs.cgd.1c00847,AMER CHEMICAL SOC,2022
7097,10.1021/acs.cgd.1c00861,AMER CHEMICAL SOC,2021
7098,10.1021/acs.cgd.1c00877,AMER CHEMICAL SOC,2022
7099,10.1021/acs.cgd.1c00968,AMER CHEMICAL SOC,2021
7100,10.1021/acs.cgd.1c00979,AMER CHEMICAL SOC,2021
7101,10.1021/acs.cgd.1c01008,AMER CHEMICAL SOC,2022
7102,10.1021/acs.cgd.1c01091,AMER CHEMICAL SOC,2021
7103,10.1021/acs.cgd.1c01145,AMER CHEMICAL SOC,2022
7104,10.1021/acs.cgd.1c01151,AMER CHEMICAL SOC,2021
7105,10.1021/acs.cgd.1c01183,AMER CHEMICAL SOC,2022
7106,10.1021/acs.cgd.1c01245,AMER CHEMICAL SOC,2022
7107,10.1021/acs.cgd.1c01302,AMER CHEMICAL SOC,2022
7108,10.1021/acs.cgd.1c01369,AMER CHEMICAL SOC,2022
7109,10.1021/acs.cgd.1c01380,AMER CHEMICAL SOC,2022
7110,10.1021/acs.cgd.1c01412,AMER CHEMICAL SOC,2022
7111,10.1021/acs.cgd.2c00021,AMER CHEMICAL SOC,2022
7112,10.1021/acs.cgd.2c00073,AMER CHEMICAL SOC,2022
7113,10.1021/acs.cgd.2c00140,AMER CHEMICAL SOC,2022
7114,10.1021/acs.cgd.2c00174,AMER CHEMICAL SOC,2022
7115,10.1021/acs.cgd.2c00178,AMER CHEMICAL SOC,2022
7116,10.1021/acs.cgd.2c00229,AMER CHEMICAL SOC,2022
7117,10.1021/acs.cgd.2c00265,AMER CHEMICAL SOC,2022
7118,10.1021/acs.cgd.2c00331,AMER CHEMICAL SOC,2022
7119,10.1021/acs.cgd.2c00338,AMER CHEMICAL SOC,2022
7120,10.1021/acs.cgd.2c00398,AMER CHEMICAL SOC,2022
7121,10.1021/acs.cgd.2c00635,AMER CHEMICAL SOC,2022
7122,10.1021/acs.cgd.2c00664,AMER CHEMICAL SOC,2022
7123,10.1021/acs.cgd.2c00737,AMER CHEMICAL SOC,2022
7124,10.1021/acs.cgd.2c00762,AMER CHEMICAL SOC,2022
7125,10.1021/acs.cgd.2c00890,AMER CHEMICAL SOC,2022
7126,10.1021/acs.cgd.2c01003,AMER CHEMICAL SOC,2022
7127,10.1021/acs.cgd.2c01053,AMER CHEMICAL SOC,2023
7128,10.1021/acs.cgd.2c01060,AMER CHEMICAL SOC,2022
7129,10.1021/acs.cgd.2c01090,AMER CHEMICAL SOC,2022
7130,10.1021/acs.cgd.2c01311,AMER CHEMICAL SOC,2023
7131,10.1021/acs.cgd.2c01552,AMER CHEMICAL SOC,2023
7132,10.1021/acs.cgd.3c00151,AMER CHEMICAL SOC,2023
7133,10.1021/acs.cgd.3c00266,AMER CHEMICAL SOC,2023
7134,10.1021/acs.cgd.3c00478,AMER CHEMICAL SOC,2023
7135,10.1021/acs.cgd.3c01172,AMER CHEMICAL SOC,2023
7136,10.1021/acs.cgd.3c01187,AMER CHEMICAL SOC,2024
7137,10.1021/acs.cgd.3c01222,AMER CHEMICAL SOC,2023
7138,10.1021/acs.cgd.3c01329,AMER CHEMICAL SOC,2024
7139,10.1021/acs.cgd.4c00161,AMER CHEMICAL SOC,2024
7140,10.1021/acs.cgd.4c00224,AMER CHEMICAL SOC,2024
7141,10.1021/acs.cgd.4c00282,AMER CHEMICAL SOC,2024
7142,10.1021/acs.cgd.4c00354,AMER CHEMICAL SOC,2024
7143,10.1021/acs.cgd.4c00415,AMER CHEMICAL SOC,2024
7144,10.1021/acs.cgd.4c00508,AMER CHEMICAL SOC,2024
7145,10.1021/acs.cgd.4c00594,AMER CHEMICAL SOC,2024
7146,10.1021/acs.cgd.4c00806,AMER CHEMICAL SOC,2024
7147,10.1021/acs.cgd.4c00818,AMER CHEMICAL SOC,2024
7148,10.1021/acs.cgd.4c00913,AMER CHEMICAL SOC,2024
7149,10.1021/acs.cgd.4c00935,AMER CHEMICAL SOC,2024
7150,10.1021/acs.cgd.4c01038,AMER CHEMICAL SOC,2024
7151,10.1021/acs.cgd.4c01056,AMER CHEMICAL SOC,2024
7152,10.1021/acs.cgd.4c01106,AMER CHEMICAL SOC,2024
7153,10.1021/acs.cgd.4c01394,AMER CHEMICAL SOC,2024
7154,10.1021/acs.cgd.4c01476,AMER CHEMICAL SOC,2024
7155,10.1021/acs.cgd.4c01575,AMER CHEMICAL SOC,2025
7156,10.1021/acs.cgd.4c01606,AMER CHEMICAL SOC,2024
7157,10.1021/acs.cgd.5b00003,AMER CHEMICAL SOC,2015
7158,10.1021/acs.cgd.5b00016,AMER CHEMICAL SOC,2015
7159,10.1021/acs.cgd.5b00018,AMER CHEMICAL SOC,2015
7160,10.1021/acs.cgd.5b00056,AMER CHEMICAL SOC,2015
7161,10.1021/acs.cgd.5b00117,AMER CHEMICAL SOC,2015
7162,10.1021/acs.cgd.5b00164,AMER CHEMICAL SOC,2015
7163,10.1021/acs.cgd.5b00218,AMER CHEMICAL SOC,2015
7164,10.1021/acs.cgd.5b00304,AMER CHEMICAL SOC,2015
7165,10.1021/acs.cgd.5b00327,AMER CHEMICAL SOC,2015
7166,10.1021/acs.cgd.5b00384,AMER CHEMICAL SOC,2015
7167,10.1021/acs.cgd.5b00411,AMER CHEMICAL SOC,2015
7168,10.1021/acs.cgd.5b00426,AMER CHEMICAL SOC,2015
7169,10.1021/acs.cgd.5b00428,AMER CHEMICAL SOC,2015
7170,10.1021/acs.cgd.5b00450,AMER CHEMICAL SOC,2015
7171,10.1021/acs.cgd.5b00504,AMER CHEMICAL SOC,2015
7172,10.1021/acs.cgd.5b00530,AMER CHEMICAL SOC,2015
7173,10.1021/acs.cgd.5b00625,AMER CHEMICAL SOC,2015
7174,10.1021/acs.cgd.5b00661,AMER CHEMICAL SOC,2015
7175,10.1021/acs.cgd.5b00681,AMER CHEMICAL SOC,2016
7176,10.1021/acs.cgd.5b00697,AMER CHEMICAL SOC,2015
7177,10.1021/acs.cgd.5b00741,AMER CHEMICAL SOC,2015
7178,10.1021/acs.cgd.5b00755,AMER CHEMICAL SOC,2015
7179,10.1021/acs.cgd.5b00757,AMER CHEMICAL SOC,2015
7180,10.1021/acs.cgd.5b00791,AMER CHEMICAL SOC,2015
7181,10.1021/acs.cgd.5b00861,AMER CHEMICAL SOC,2015
7182,10.1021/acs.cgd.5b00996,AMER CHEMICAL SOC,2016
7183,10.1021/acs.cgd.5b01133,AMER CHEMICAL SOC,2016
7184,10.1021/acs.cgd.5b01178,AMER CHEMICAL SOC,2016
7185,10.1021/acs.cgd.5b01213,AMER CHEMICAL SOC,2015
7186,10.1021/acs.cgd.5b01257,AMER CHEMICAL SOC,2016
7187,10.1021/acs.cgd.5b01319,AMER CHEMICAL SOC,2015
7188,10.1021/acs.cgd.5b01365,AMER CHEMICAL SOC,2015
7189,10.1021/acs.cgd.5b01392,AMER CHEMICAL SOC,2015
7190,10.1021/acs.cgd.5b01412,AMER CHEMICAL SOC,2015
7191,10.1021/acs.cgd.5b01457,AMER CHEMICAL SOC,2016
7192,10.1021/acs.cgd.5b01481,AMER CHEMICAL SOC,2016
7193,10.1021/acs.cgd.5b01509,AMER CHEMICAL SOC,2016
7194,10.1021/acs.cgd.5b01559,AMER CHEMICAL SOC,2016
7195,10.1021/acs.cgd.5b01594,AMER CHEMICAL SOC,2016
7196,10.1021/acs.cgd.5b01680,AMER CHEMICAL SOC,2016
7197,10.1021/acs.cgd.5b01684,AMER CHEMICAL SOC,2016
7198,10.1021/acs.cgd.5b01696,AMER CHEMICAL SOC,2016
7199,10.1021/acs.cgd.5b01716,AMER CHEMICAL SOC,2016
7200,10.1021/acs.cgd.5b01772,AMER CHEMICAL SOC,2016
7201,10.1021/acs.cgd.5b01785,AMER CHEMICAL SOC,2016
7202,10.1021/acs.cgd.5b01843,AMER CHEMICAL SOC,2016
7203,10.1021/acs.cgd.5c00021,AMER CHEMICAL SOC,2025
7204,10.1021/acs.cgd.5c00040,AMER CHEMICAL SOC,2025
7205,10.1021/acs.cgd.5c00081,AMER CHEMICAL SOC,2025
7206,10.1021/acs.cgd.5c00500,AMER CHEMICAL SOC,2025
7207,10.1021/acs.cgd.5c00874,AMER CHEMICAL SOC,2025
7208,10.1021/acs.cgd.6b00007,AMER CHEMICAL SOC,2016
7209,10.1021/acs.cgd.6b00028,AMER CHEMICAL SOC,2016
7210,10.1021/acs.cgd.6b00038,AMER CHEMICAL SOC,2016
7211,10.1021/acs.cgd.6b00051,AMER CHEMICAL SOC,2016
7212,10.1021/acs.cgd.6b00060,AMER CHEMICAL SOC,2016
7213,10.1021/acs.cgd.6b00065,AMER CHEMICAL SOC,2016
7214,10.1021/acs.cgd.6b00076,AMER CHEMICAL SOC,2016
7215,10.1021/acs.cgd.6b00103,AMER CHEMICAL SOC,2016
7216,10.1021/acs.cgd.6b00151,AMER CHEMICAL SOC,2016
7217,10.1021/acs.cgd.6b00176,AMER CHEMICAL SOC,2016
7218,10.1021/acs.cgd.6b00197,AMER CHEMICAL SOC,2016
7219,10.1021/acs.cgd.6b00258,AMER CHEMICAL SOC,2016
7220,10.1021/acs.cgd.6b00274,AMER CHEMICAL SOC,2016
7221,10.1021/acs.cgd.6b00313,AMER CHEMICAL SOC,2016
7222,10.1021/acs.cgd.6b00463,AMER CHEMICAL SOC,2016
7223,10.1021/acs.cgd.6b00502,AMER CHEMICAL SOC,2016
7224,10.1021/acs.cgd.6b00527,AMER CHEMICAL SOC,2016
7225,10.1021/acs.cgd.6b00593,AMER CHEMICAL SOC,2016
7226,10.1021/acs.cgd.6b00610,AMER CHEMICAL SOC,2016
7227,10.1021/acs.cgd.6b00622,AMER CHEMICAL SOC,2016
7228,10.1021/acs.cgd.6b00735,AMER CHEMICAL SOC,2016
7229,10.1021/acs.cgd.6b00776,AMER CHEMICAL SOC,2016
7230,10.1021/acs.cgd.6b00780,AMER CHEMICAL SOC,2016
7231,10.1021/acs.cgd.6b00795,AMER CHEMICAL SOC,2016
7232,10.1021/acs.cgd.6b00813,AMER CHEMICAL SOC,2016
7233,10.1021/acs.cgd.6b00903,AMER CHEMICAL SOC,2016
7234,10.1021/acs.cgd.6b00926,AMER CHEMICAL SOC,2016
7235,10.1021/acs.cgd.6b00991,AMER CHEMICAL SOC,2016
7236,10.1021/acs.cgd.6b01054,AMER CHEMICAL SOC,2016
7237,10.1021/acs.cgd.6b01097,AMER CHEMICAL SOC,2016
7238,10.1021/acs.cgd.6b01161,AMER CHEMICAL SOC,2016
7239,10.1021/acs.cgd.6b01352,AMER CHEMICAL SOC,2016
7240,10.1021/acs.cgd.6b01392,AMER CHEMICAL SOC,2017
7241,10.1021/acs.cgd.6b01398,AMER CHEMICAL SOC,2017
7242,10.1021/acs.cgd.6b01431,AMER CHEMICAL SOC,2016
7243,10.1021/acs.cgd.6b01512,AMER CHEMICAL SOC,2017
7244,10.1021/acs.cgd.6b01533,AMER CHEMICAL SOC,2017
7245,10.1021/acs.cgd.6b01538,AMER CHEMICAL SOC,2017
7246,10.1021/acs.cgd.6b01591,AMER CHEMICAL SOC,2017
7247,10.1021/acs.cgd.6b01597,AMER CHEMICAL SOC,2017
7248,10.1021/acs.cgd.6b01658,AMER CHEMICAL SOC,2017
7249,10.1021/acs.cgd.6b01732,AMER CHEMICAL SOC,2017
7250,10.1021/acs.cgd.6b01755,AMER CHEMICAL SOC,2017
7251,10.1021/acs.cgd.6b01763,AMER CHEMICAL SOC,2017
7252,10.1021/acs.cgd.6b01768,AMER CHEMICAL SOC,2017
7253,10.1021/acs.cgd.6b01776,AMER CHEMICAL SOC,2017
7254,10.1021/acs.cgd.6b01808,AMER CHEMICAL SOC,2017
7255,10.1021/acs.cgd.7b00001,AMER CHEMICAL SOC,2017
7256,10.1021/acs.cgd.7b00007,AMER CHEMICAL SOC,2017
7257,10.1021/acs.cgd.7b00030,AMER CHEMICAL SOC,2017
7258,10.1021/acs.cgd.7b00077,AMER CHEMICAL SOC,2017
7259,10.1021/acs.cgd.7b00118,AMER CHEMICAL SOC,2017
7260,10.1021/acs.cgd.7b00119,AMER CHEMICAL SOC,2017
7261,10.1021/acs.cgd.7b00141,AMER CHEMICAL SOC,2017
7262,10.1021/acs.cgd.7b00153,AMER CHEMICAL SOC,2017
7263,10.1021/acs.cgd.7b00166,AMER CHEMICAL SOC,2017
7264,10.1021/acs.cgd.7b00171,AMER CHEMICAL SOC,2017
7265,10.1021/acs.cgd.7b00174,AMER CHEMICAL SOC,2017
7266,10.1021/acs.cgd.7b00188,AMER CHEMICAL SOC,2017
7267,10.1021/acs.cgd.7b00274,AMER CHEMICAL SOC,2017
7268,10.1021/acs.cgd.7b00373,AMER CHEMICAL SOC,2017
7269,10.1021/acs.cgd.7b00400,AMER CHEMICAL SOC,2017
7270,10.1021/acs.cgd.7b00450,AMER CHEMICAL SOC,2017
7271,10.1021/acs.cgd.7b00504,AMER CHEMICAL SOC,2017
7272,10.1021/acs.cgd.7b00575,AMER CHEMICAL SOC,2017
7273,10.1021/acs.cgd.7b00598,AMER CHEMICAL SOC,2017
7274,10.1021/acs.cgd.7b00784,AMER CHEMICAL SOC,2017
7275,10.1021/acs.cgd.7b00795,AMER CHEMICAL SOC,2017
7276,10.1021/acs.cgd.7b00825,AMER CHEMICAL SOC,2017
7277,10.1021/acs.cgd.7b00830,AMER CHEMICAL SOC,2018
7278,10.1021/acs.cgd.7b00848,AMER CHEMICAL SOC,2017
7279,10.1021/acs.cgd.7b00877,AMER CHEMICAL SOC,2017
7280,10.1021/acs.cgd.7b00892,AMER CHEMICAL SOC,2017
7281,10.1021/acs.cgd.7b00898,AMER CHEMICAL SOC,2017
7282,10.1021/acs.cgd.7b00967,AMER CHEMICAL SOC,2017
7283,10.1021/acs.cgd.7b01061,AMER CHEMICAL SOC,2017
7284,10.1021/acs.cgd.7b01070,AMER CHEMICAL SOC,2017
7285,10.1021/acs.cgd.7b01082,AMER CHEMICAL SOC,2017
7286,10.1021/acs.cgd.7b01085,AMER CHEMICAL SOC,2018
7287,10.1021/acs.cgd.7b01133,AMER CHEMICAL SOC,2017
7288,10.1021/acs.cgd.7b01171,AMER CHEMICAL SOC,2018
7289,10.1021/acs.cgd.7b01190,AMER CHEMICAL SOC,2017
7290,10.1021/acs.cgd.7b01211,AMER CHEMICAL SOC,2018
7291,10.1021/acs.cgd.7b01250,AMER CHEMICAL SOC,2017
7292,10.1021/acs.cgd.7b01256,AMER CHEMICAL SOC,2017
7293,10.1021/acs.cgd.7b01319,AMER CHEMICAL SOC,2018
7294,10.1021/acs.cgd.7b01402,AMER CHEMICAL SOC,2018
7295,10.1021/acs.cgd.7b01574,AMER CHEMICAL SOC,2018
7296,10.1021/acs.cgd.7b01581,AMER CHEMICAL SOC,2018
7297,10.1021/acs.cgd.7b01616,AMER CHEMICAL SOC,2018
7298,10.1021/acs.cgd.7b01689,AMER CHEMICAL SOC,2018
7299,10.1021/acs.cgd.7b01749,AMER CHEMICAL SOC,2018
7300,10.1021/acs.cgd.8b00002,AMER CHEMICAL SOC,2018
7301,10.1021/acs.cgd.8b00016,AMER CHEMICAL SOC,2018
7302,10.1021/acs.cgd.8b00045,AMER CHEMICAL SOC,2018
7303,10.1021/acs.cgd.8b00174,AMER CHEMICAL SOC,2018
7304,10.1021/acs.cgd.8b00196,AMER CHEMICAL SOC,2018
7305,10.1021/acs.cgd.8b00225,AMER CHEMICAL SOC,2018
7306,10.1021/acs.cgd.8b00349,AMER CHEMICAL SOC,2018
7307,10.1021/acs.cgd.8b00385,AMER CHEMICAL SOC,2018
7308,10.1021/acs.cgd.8b00439,AMER CHEMICAL SOC,2018
7309,10.1021/acs.cgd.8b00442,AMER CHEMICAL SOC,2018
7310,10.1021/acs.cgd.8b00528,AMER CHEMICAL SOC,2018
7311,10.1021/acs.cgd.8b00575,AMER CHEMICAL SOC,2018
7312,10.1021/acs.cgd.8b00590,AMER CHEMICAL SOC,2018
7313,10.1021/acs.cgd.8b00664,AMER CHEMICAL SOC,2018
7314,10.1021/acs.cgd.8b00819,AMER CHEMICAL SOC,2018
7315,10.1021/acs.cgd.8b00854,AMER CHEMICAL SOC,2018
7316,10.1021/acs.cgd.8b00898,AMER CHEMICAL SOC,2018
7317,10.1021/acs.cgd.8b00960,AMER CHEMICAL SOC,2018
7318,10.1021/acs.cgd.8b01077,AMER CHEMICAL SOC,2019
7319,10.1021/acs.cgd.8b01113,AMER CHEMICAL SOC,2018
7320,10.1021/acs.cgd.8b01145,AMER CHEMICAL SOC,2018
7321,10.1021/acs.cgd.8b01199,AMER CHEMICAL SOC,2019
7322,10.1021/acs.cgd.8b01212,AMER CHEMICAL SOC,2018
7323,10.1021/acs.cgd.8b01258,AMER CHEMICAL SOC,2018
7324,10.1021/acs.cgd.8b01311,AMER CHEMICAL SOC,2019
7325,10.1021/acs.cgd.8b01347,AMER CHEMICAL SOC,2019
7326,10.1021/acs.cgd.8b01373,AMER CHEMICAL SOC,2019
7327,10.1021/acs.cgd.8b01433,AMER CHEMICAL SOC,2018
7328,10.1021/acs.cgd.8b01442,AMER CHEMICAL SOC,2019
7329,10.1021/acs.cgd.8b01462,AMER CHEMICAL SOC,2019
7330,10.1021/acs.cgd.8b01527,AMER CHEMICAL SOC,2019
7331,10.1021/acs.cgd.8b01547,AMER CHEMICAL SOC,2019
7332,10.1021/acs.cgd.8b01564,AMER CHEMICAL SOC,2019
7333,10.1021/acs.cgd.8b01566,AMER CHEMICAL SOC,2019
7334,10.1021/acs.cgd.8b01588,AMER CHEMICAL SOC,2018
7335,10.1021/acs.cgd.8b01589,AMER CHEMICAL SOC,2019
7336,10.1021/acs.cgd.8b01606,AMER CHEMICAL SOC,2019
7337,10.1021/acs.cgd.8b01657,AMER CHEMICAL SOC,2019
7338,10.1021/acs.cgd.8b01695,AMER CHEMICAL SOC,2019
7339,10.1021/acs.cgd.8b01724,AMER CHEMICAL SOC,2019
7340,10.1021/acs.cgd.8b01725,AMER CHEMICAL SOC,2019
7341,10.1021/acs.cgd.8b01779,AMER CHEMICAL SOC,2019
7342,10.1021/acs.cgd.8b01810,AMER CHEMICAL SOC,2019
7343,10.1021/acs.cgd.8b01848,AMER CHEMICAL SOC,2019
7344,10.1021/acs.cgd.9b00010,AMER CHEMICAL SOC,2019
7345,10.1021/acs.cgd.9b00038,AMER CHEMICAL SOC,2019
7346,10.1021/acs.cgd.9b00054,AMER CHEMICAL SOC,2019
7347,10.1021/acs.cgd.9b00170,AMER CHEMICAL SOC,2019
7348,10.1021/acs.cgd.9b00192,AMER CHEMICAL SOC,2019
7349,10.1021/acs.cgd.9b00233,AMER CHEMICAL SOC,2019
7350,10.1021/acs.cgd.9b00235,AMER CHEMICAL SOC,2019
7351,10.1021/acs.cgd.9b00237,AMER CHEMICAL SOC,2019
7352,10.1021/acs.cgd.9b00241,AMER CHEMICAL SOC,2019
7353,10.1021/acs.cgd.9b00293,AMER CHEMICAL SOC,2019
7354,10.1021/acs.cgd.9b00306,AMER CHEMICAL SOC,2019
7355,10.1021/acs.cgd.9b00319,AMER CHEMICAL SOC,2019
7356,10.1021/acs.cgd.9b00426,AMER CHEMICAL SOC,2019
7357,10.1021/acs.cgd.9b00452,AMER CHEMICAL SOC,2019
7358,10.1021/acs.cgd.9b00477,AMER CHEMICAL SOC,2019
7359,10.1021/acs.cgd.9b00508,AMER CHEMICAL SOC,2019
7360,10.1021/acs.cgd.9b00602,AMER CHEMICAL SOC,2019
7361,10.1021/acs.cgd.9b00611,AMER CHEMICAL SOC,2019
7362,10.1021/acs.cgd.9b00734,AMER CHEMICAL SOC,2019
7363,10.1021/acs.cgd.9b00759,AMER CHEMICAL SOC,2019
7364,10.1021/acs.cgd.9b00800,AMER CHEMICAL SOC,2019
7365,10.1021/acs.cgd.9b00816,AMER CHEMICAL SOC,2019
7366,10.1021/acs.cgd.9b00824,AMER CHEMICAL SOC,2019
7367,10.1021/acs.cgd.9b00838,AMER CHEMICAL SOC,2019
7368,10.1021/acs.cgd.9b00840,AMER CHEMICAL SOC,2019
7369,10.1021/acs.cgd.9b00891,AMER CHEMICAL SOC,2019
7370,10.1021/acs.cgd.9b00894,AMER CHEMICAL SOC,2019
7371,10.1021/acs.cgd.9b00916,AMER CHEMICAL SOC,2019
7372,10.1021/acs.cgd.9b01014,AMER CHEMICAL SOC,2019
7373,10.1021/acs.cgd.9b01098,AMER CHEMICAL SOC,2019
7374,10.1021/acs.cgd.9b01192,AMER CHEMICAL SOC,2020
7375,10.1021/acs.cgd.9b01301,AMER CHEMICAL SOC,2019
7376,10.1021/acs.cgd.9b01340,AMER CHEMICAL SOC,2020
7377,10.1021/acs.cgd.9b01369,AMER CHEMICAL SOC,2020
7378,10.1021/acs.cgd.9b01384,AMER CHEMICAL SOC,2020
7379,10.1021/acs.cgd.9b01442,AMER CHEMICAL SOC,2020
7380,10.1021/acs.cgd.9b01471,AMER CHEMICAL SOC,2020
7381,10.1021/acs.cgd.9b01477,AMER CHEMICAL SOC,2020
7382,10.1021/acs.cgd.9b01545,AMER CHEMICAL SOC,2020
7383,10.1021/acs.cgd.9b01590,AMER CHEMICAL SOC,2020
7384,10.1021/acs.cgd.9b01697,AMER CHEMICAL SOC,2020
7385,10.1021/acs.chemmater.0c00183,AMER CHEMICAL SOC,2020
7386,10.1021/acs.chemmater.0c00634,AMER CHEMICAL SOC,2020
7387,10.1021/acs.chemmater.0c00851,AMER CHEMICAL SOC,2020
7388,10.1021/acs.chemmater.0c00894,AMER CHEMICAL SOC,2020
7389,10.1021/acs.chemmater.0c01065,AMER CHEMICAL SOC,2020
7390,10.1021/acs.chemmater.0c01267,AMER CHEMICAL SOC,2020
7391,10.1021/acs.chemmater.0c01726,AMER CHEMICAL SOC,2020
7392,10.1021/acs.chemmater.0c01737,AMER CHEMICAL SOC,2020
7393,10.1021/acs.chemmater.0c02123,AMER CHEMICAL SOC,2020
7394,10.1021/acs.chemmater.0c02535,AMER CHEMICAL SOC,2020
7395,10.1021/acs.chemmater.0c02871,AMER CHEMICAL SOC,2020
7396,10.1021/acs.chemmater.0c02889,AMER CHEMICAL SOC,2020
7397,10.1021/acs.chemmater.0c03132,AMER CHEMICAL SOC,2020
7398,10.1021/acs.chemmater.0c03212,AMER CHEMICAL SOC,2020
7399,10.1021/acs.chemmater.0c03539,AMER CHEMICAL SOC,2020
7400,10.1021/acs.chemmater.0c03718,AMER CHEMICAL SOC,2020
7401,10.1021/acs.chemmater.0c04675,AMER CHEMICAL SOC,2021
7402,10.1021/acs.chemmater.1c00455,AMER CHEMICAL SOC,2021
7403,10.1021/acs.chemmater.1c00743,AMER CHEMICAL SOC,2021
7404,10.1021/acs.chemmater.1c00917,AMER CHEMICAL SOC,2021
7405,10.1021/acs.chemmater.1c01139,AMER CHEMICAL SOC,2021
7406,10.1021/acs.chemmater.1c01521,AMER CHEMICAL SOC,2021
7407,10.1021/acs.chemmater.1c02174,AMER CHEMICAL SOC,2021
7408,10.1021/acs.chemmater.1c02411,AMER CHEMICAL SOC,2021
7409,10.1021/acs.chemmater.1c02451,AMER CHEMICAL SOC,2021
7410,10.1021/acs.chemmater.1c02476,AMER CHEMICAL SOC,2021
7411,10.1021/acs.chemmater.1c04132,AMER CHEMICAL SOC,2022
7412,10.1021/acs.chemmater.2c00111,AMER CHEMICAL SOC,2022
7413,10.1021/acs.chemmater.2c00241,AMER CHEMICAL SOC,2022
7414,10.1021/acs.chemmater.2c00242,AMER CHEMICAL SOC,2022
7415,10.1021/acs.chemmater.2c00654,AMER CHEMICAL SOC,2022
7416,10.1021/acs.chemmater.2c00780,AMER CHEMICAL SOC,2022
7417,10.1021/acs.chemmater.2c00846,AMER CHEMICAL SOC,2022
7418,10.1021/acs.chemmater.2c00846,AMER CHEMICAL SOC,2022
7419,10.1021/acs.chemmater.2c01073,AMER CHEMICAL SOC,2022
7420,10.1021/acs.chemmater.2c01481,AMER CHEMICAL SOC,2022
7421,10.1021/acs.chemmater.2c01525,AMER CHEMICAL SOC,2022
7422,10.1021/acs.chemmater.2c01736,AMER CHEMICAL SOC,2022
7423,10.1021/acs.chemmater.2c02946,AMER CHEMICAL SOC,2023
7424,10.1021/acs.chemmater.2c03018,AMER CHEMICAL SOC,2023
7425,10.1021/acs.chemmater.2c03252,AMER CHEMICAL SOC,2023
7426,10.1021/acs.chemmater.2c03744,AMER CHEMICAL SOC,2023
7427,10.1021/acs.chemmater.3c00215,AMER CHEMICAL SOC,2023
7428,10.1021/acs.chemmater.3c00350,AMER CHEMICAL SOC,2023
7429,10.1021/acs.chemmater.3c00694,AMER CHEMICAL SOC,2023
7430,10.1021/acs.chemmater.3c00741,AMER CHEMICAL SOC,2023
7431,10.1021/acs.chemmater.3c00788,AMER CHEMICAL SOC,2023
7432,10.1021/acs.chemmater.3c00829,AMER CHEMICAL SOC,2023
7433,10.1021/acs.chemmater.3c01112,AMER CHEMICAL SOC,2023
7434,10.1021/acs.chemmater.3c01389,AMER CHEMICAL SOC,2023
7435,10.1021/acs.chemmater.3c01495,AMER CHEMICAL SOC,2023
7436,10.1021/acs.chemmater.3c01840,AMER CHEMICAL SOC,2023
7437,10.1021/acs.chemmater.3c02049,AMER CHEMICAL SOC,2023
7438,10.1021/acs.chemmater.3c02121,AMER CHEMICAL SOC,2023
7439,10.1021/acs.chemmater.3c02460,AMER CHEMICAL SOC,2024
7440,10.1021/acs.chemmater.3c02546,AMER CHEMICAL SOC,2024
7441,10.1021/acs.chemmater.3c02775,AMER CHEMICAL SOC,2023
7442,10.1021/acs.chemmater.3c03026,AMER CHEMICAL SOC,2024
7443,10.1021/acs.chemmater.3c03058,AMER CHEMICAL SOC,2024
7444,10.1021/acs.chemmater.3c03065,AMER CHEMICAL SOC,2024
7445,10.1021/acs.chemmater.3c03180,AMER CHEMICAL SOC,2024
7446,10.1021/acs.chemmater.3c03269,AMER CHEMICAL SOC,2024
7447,10.1021/acs.chemmater.4c00500,AMER CHEMICAL SOC,2024
7448,10.1021/acs.chemmater.4c00769,AMER CHEMICAL SOC,2024
7449,10.1021/acs.chemmater.4c00879,AMER CHEMICAL SOC,2024
7450,10.1021/acs.chemmater.4c00963,AMER CHEMICAL SOC,2024
7451,10.1021/acs.chemmater.4c01069,AMER CHEMICAL SOC,2024
7452,10.1021/acs.chemmater.4c01794,AMER CHEMICAL SOC,2024
7453,10.1021/acs.chemmater.4c01795,AMER CHEMICAL SOC,2024
7454,10.1021/acs.chemmater.4c02040,AMER CHEMICAL SOC,2024
7455,10.1021/acs.chemmater.4c02796,AMER CHEMICAL SOC,2025
7456,10.1021/acs.chemmater.4c02816,AMER CHEMICAL SOC,2024
7457,10.1021/acs.chemmater.4c03221,AMER CHEMICAL SOC,2025
7458,10.1021/acs.chemmater.5b00246,AMER CHEMICAL SOC,2015
7459,10.1021/acs.chemmater.5b00614,AMER CHEMICAL SOC,2015
7460,10.1021/acs.chemmater.5b01140,AMER CHEMICAL SOC,2015
7461,10.1021/acs.chemmater.5b03458,AMER CHEMICAL SOC,2016
7462,10.1021/acs.chemmater.5b03723,AMER CHEMICAL SOC,2016
7463,10.1021/acs.chemmater.5b04306,AMER CHEMICAL SOC,2016
7464,10.1021/acs.chemmater.5b04575,AMER CHEMICAL SOC,2016
7465,10.1021/acs.chemmater.6b00139,AMER CHEMICAL SOC,2016
7466,10.1021/acs.chemmater.6b00249,AMER CHEMICAL SOC,2016
7467,10.1021/acs.chemmater.6b00494,AMER CHEMICAL SOC,2016
7468,10.1021/acs.chemmater.6b00602,AMER CHEMICAL SOC,2016
7469,10.1021/acs.chemmater.6b01087,AMER CHEMICAL SOC,2016
7470,10.1021/acs.chemmater.6b02239,AMER CHEMICAL SOC,2016
7471,10.1021/acs.chemmater.6b02499,AMER CHEMICAL SOC,2016
7472,10.1021/acs.chemmater.6b02511,AMER CHEMICAL SOC,2016
7473,10.1021/acs.chemmater.6b02817,AMER CHEMICAL SOC,2016
7474,10.1021/acs.chemmater.6b03880,AMER CHEMICAL SOC,2017
7475,10.1021/acs.chemmater.6b05115,AMER CHEMICAL SOC,2017
7476,10.1021/acs.chemmater.7b00949,AMER CHEMICAL SOC,2017
7477,10.1021/acs.chemmater.7b01636,AMER CHEMICAL SOC,2017
7478,10.1021/acs.chemmater.7b01677,AMER CHEMICAL SOC,2017
7479,10.1021/acs.chemmater.7b01850,AMER CHEMICAL SOC,2017
7480,10.1021/acs.chemmater.7b02042,AMER CHEMICAL SOC,2017
7481,10.1021/acs.chemmater.7b03096,AMER CHEMICAL SOC,2017
7482,10.1021/acs.chemmater.7b03203,AMER CHEMICAL SOC,2017
7483,10.1021/acs.chemmater.7b04713,AMER CHEMICAL SOC,2018
7484,10.1021/acs.chemmater.8b00614,AMER CHEMICAL SOC,2018
7485,10.1021/acs.chemmater.8b00765,AMER CHEMICAL SOC,2018
7486,10.1021/acs.chemmater.8b00843,AMER CHEMICAL SOC,2018
7487,10.1021/acs.chemmater.8b01073,AMER CHEMICAL SOC,2018
7488,10.1021/acs.chemmater.8b01164,AMER CHEMICAL SOC,2018
7489,10.1021/acs.chemmater.8b01394,AMER CHEMICAL SOC,2018
7490,10.1021/acs.chemmater.8b01891,AMER CHEMICAL SOC,2018
7491,10.1021/acs.chemmater.8b02257,AMER CHEMICAL SOC,2018
7492,10.1021/acs.chemmater.8b02884,AMER CHEMICAL SOC,2018
7493,10.1021/acs.chemmater.8b03341,AMER CHEMICAL SOC,2018
7494,10.1021/acs.chemmater.8b03881,AMER CHEMICAL SOC,2018
7495,10.1021/acs.chemmater.8b04734,AMER CHEMICAL SOC,2019
7496,10.1021/acs.chemmater.8b05365,AMER CHEMICAL SOC,2019
7497,10.1021/acs.chemmater.9b00617,AMER CHEMICAL SOC,2019
7498,10.1021/acs.chemmater.9b01068,AMER CHEMICAL SOC,2019
7499,10.1021/acs.chemmater.9b01383,AMER CHEMICAL SOC,2019
7500,10.1021/acs.chemmater.9b01908,AMER CHEMICAL SOC,2019
7501,10.1021/acs.chemmater.9b02322,AMER CHEMICAL SOC,2019
7502,10.1021/acs.chemmater.9b02375,AMER CHEMICAL SOC,2019
7503,10.1021/acs.chemmater.9b02462,AMER CHEMICAL SOC,2020
7504,10.1021/acs.chemmater.9b02868,AMER CHEMICAL SOC,2019
7505,10.1021/acs.chemmater.9b03453,AMER CHEMICAL SOC,2020
7506,10.1021/acs.chemmater.9b03662,AMER CHEMICAL SOC,2020
7507,10.1021/acs.chemmater.9b03807,AMER CHEMICAL SOC,2020
7508,10.1021/acs.chemmater.9b04177,AMER CHEMICAL SOC,2020
7509,10.1021/acs.chemmater.9b04414,AMER CHEMICAL SOC,2020
7510,10.1021/acs.inorgchem.0c00225,AMER CHEMICAL SOC,2020
7511,10.1021/acs.inorgchem.0c00389,AMER CHEMICAL SOC,2020
7512,10.1021/acs.inorgchem.0c00580,AMER CHEMICAL SOC,2020
7513,10.1021/acs.inorgchem.0c00596,AMER CHEMICAL SOC,2020
7514,10.1021/acs.inorgchem.0c00627,AMER CHEMICAL SOC,2020
7515,10.1021/acs.inorgchem.0c00678,AMER CHEMICAL SOC,2020
7516,10.1021/acs.inorgchem.0c00752,AMER CHEMICAL SOC,2020
7517,10.1021/acs.inorgchem.0c00875,AMER CHEMICAL SOC,2020
7518,10.1021/acs.inorgchem.0c00915,AMER CHEMICAL SOC,2020
7519,10.1021/acs.inorgchem.0c00987,AMER CHEMICAL SOC,2020
7520,10.1021/acs.inorgchem.0c00991,AMER CHEMICAL SOC,2020
7521,10.1021/acs.inorgchem.0c01051,AMER CHEMICAL SOC,2020
7522,10.1021/acs.inorgchem.0c01124,AMER CHEMICAL SOC,2020
7523,10.1021/acs.inorgchem.0c01178,AMER CHEMICAL SOC,2020
7524,10.1021/acs.inorgchem.0c01427,AMER CHEMICAL SOC,2020
7525,10.1021/acs.inorgchem.0c01533,AMER CHEMICAL SOC,2020
7526,10.1021/acs.inorgchem.0c01646,AMER CHEMICAL SOC,2020
7527,10.1021/acs.inorgchem.0c01710,AMER CHEMICAL SOC,2020
7528,10.1021/acs.inorgchem.0c01912,AMER CHEMICAL SOC,2020
7529,10.1021/acs.inorgchem.0c02050,AMER CHEMICAL SOC,2020
7530,10.1021/acs.inorgchem.0c02105,AMER CHEMICAL SOC,2020
7531,10.1021/acs.inorgchem.0c02221,AMER CHEMICAL SOC,2020
7532,10.1021/acs.inorgchem.0c02297,AMER CHEMICAL SOC,2020
7533,10.1021/acs.inorgchem.0c02358,AMER CHEMICAL SOC,2020
7534,10.1021/acs.inorgchem.0c02669,AMER CHEMICAL SOC,2020
7535,10.1021/acs.inorgchem.0c02674,AMER CHEMICAL SOC,2020
7536,10.1021/acs.inorgchem.0c02877,AMER CHEMICAL SOC,2020
7537,10.1021/acs.inorgchem.0c02959,AMER CHEMICAL SOC,2020
7538,10.1021/acs.inorgchem.0c03156,AMER CHEMICAL SOC,2021
7539,10.1021/acs.inorgchem.0c03206,AMER CHEMICAL SOC,2021
7540,10.1021/acs.inorgchem.0c03296,AMER CHEMICAL SOC,2021
7541,10.1021/acs.inorgchem.0c03301,AMER CHEMICAL SOC,2021
7542,10.1021/acs.inorgchem.0c03364,AMER CHEMICAL SOC,2021
7543,10.1021/acs.inorgchem.0c03417,AMER CHEMICAL SOC,2021
7544,10.1021/acs.inorgchem.0c03575,AMER CHEMICAL SOC,2021
7545,10.1021/acs.inorgchem.0c03586,AMER CHEMICAL SOC,2021
7546,10.1021/acs.inorgchem.0c03598,AMER CHEMICAL SOC,2021
7547,10.1021/acs.inorgchem.0c03688,AMER CHEMICAL SOC,2021
7548,10.1021/acs.inorgchem.0c03738,AMER CHEMICAL SOC,2021
7549,10.1021/acs.inorgchem.0c03742,AMER CHEMICAL SOC,2021
7550,10.1021/acs.inorgchem.0c03751,AMER CHEMICAL SOC,2021
7551,10.1021/acs.inorgchem.1c00017,AMER CHEMICAL SOC,2021
7552,10.1021/acs.inorgchem.1c00053,AMER CHEMICAL SOC,2021
7553,10.1021/acs.inorgchem.1c00084,AMER CHEMICAL SOC,2021
7554,10.1021/acs.inorgchem.1c00162,AMER CHEMICAL SOC,2021
7555,10.1021/acs.inorgchem.1c00408,AMER CHEMICAL SOC,2021
7556,10.1021/acs.inorgchem.1c00497,AMER CHEMICAL SOC,2021
7557,10.1021/acs.inorgchem.1c00504,AMER CHEMICAL SOC,2021
7558,10.1021/acs.inorgchem.1c00589,AMER CHEMICAL SOC,2021
7559,10.1021/acs.inorgchem.1c00636,AMER CHEMICAL SOC,2021
7560,10.1021/acs.inorgchem.1c00642,AMER CHEMICAL SOC,2021
7561,10.1021/acs.inorgchem.1c00862,AMER CHEMICAL SOC,2021
7562,10.1021/acs.inorgchem.1c00941,AMER CHEMICAL SOC,2021
7563,10.1021/acs.inorgchem.1c00981,AMER CHEMICAL SOC,2021
7564,10.1021/acs.inorgchem.1c01026,AMER CHEMICAL SOC,2021
7565,10.1021/acs.inorgchem.1c01226,AMER CHEMICAL SOC,2021
7566,10.1021/acs.inorgchem.1c01229,AMER CHEMICAL SOC,2021
7567,10.1021/acs.inorgchem.1c01240,AMER CHEMICAL SOC,2021
7568,10.1021/acs.inorgchem.1c01310,AMER CHEMICAL SOC,2021
7569,10.1021/acs.inorgchem.1c01466,AMER CHEMICAL SOC,2021
7570,10.1021/acs.inorgchem.1c01540,AMER CHEMICAL SOC,2021
7571,10.1021/acs.inorgchem.1c01738,AMER CHEMICAL SOC,2021
7572,10.1021/acs.inorgchem.1c01826,AMER CHEMICAL SOC,2021
7573,10.1021/acs.inorgchem.1c01839,AMER CHEMICAL SOC,2021
7574,10.1021/acs.inorgchem.1c02017,AMER CHEMICAL SOC,2021
7575,10.1021/acs.inorgchem.1c02070,AMER CHEMICAL SOC,2021
7576,10.1021/acs.inorgchem.1c02078,AMER CHEMICAL SOC,2021
7577,10.1021/acs.inorgchem.1c02082,AMER CHEMICAL SOC,2021
7578,10.1021/acs.inorgchem.1c02100,AMER CHEMICAL SOC,2021
7579,10.1021/acs.inorgchem.1c02277,AMER CHEMICAL SOC,2021
7580,10.1021/acs.inorgchem.1c02455,AMER CHEMICAL SOC,2021
7581,10.1021/acs.inorgchem.1c02468,AMER CHEMICAL SOC,2021
7582,10.1021/acs.inorgchem.1c02704,AMER CHEMICAL SOC,2021
7583,10.1021/acs.inorgchem.1c02850,AMER CHEMICAL SOC,2021
7584,10.1021/acs.inorgchem.1c02910,AMER CHEMICAL SOC,2021
7585,10.1021/acs.inorgchem.1c03040,AMER CHEMICAL SOC,2022
7586,10.1021/acs.inorgchem.1c03044,AMER CHEMICAL SOC,2021
7587,10.1021/acs.inorgchem.1c03148,AMER CHEMICAL SOC,2021
7588,10.1021/acs.inorgchem.1c03199,AMER CHEMICAL SOC,2022
7589,10.1021/acs.inorgchem.1c03231,AMER CHEMICAL SOC,2022
7590,10.1021/acs.inorgchem.1c03246,AMER CHEMICAL SOC,2022
7591,10.1021/acs.inorgchem.1c03284,AMER CHEMICAL SOC,2022
7592,10.1021/acs.inorgchem.1c03340,AMER CHEMICAL SOC,2022
7593,10.1021/acs.inorgchem.1c03359,AMER CHEMICAL SOC,2022
7594,10.1021/acs.inorgchem.1c03412,AMER CHEMICAL SOC,2022
7595,10.1021/acs.inorgchem.1c03414,AMER CHEMICAL SOC,2022
7596,10.1021/acs.inorgchem.1c03466,AMER CHEMICAL SOC,2022
7597,10.1021/acs.inorgchem.1c03654,AMER CHEMICAL SOC,2022
7598,10.1021/acs.inorgchem.1c03679,AMER CHEMICAL SOC,2022
7599,10.1021/acs.inorgchem.1c03818,AMER CHEMICAL SOC,2022
7600,10.1021/acs.inorgchem.1c03935,AMER CHEMICAL SOC,2022
7601,10.1021/acs.inorgchem.1c03988,AMER CHEMICAL SOC,2022
7602,10.1021/acs.inorgchem.1c04027,AMER CHEMICAL SOC,2022
7603,10.1021/acs.inorgchem.1c04033,AMER CHEMICAL SOC,2022
7604,10.1021/acs.inorgchem.2c00014,AMER CHEMICAL SOC,2022
7605,10.1021/acs.inorgchem.2c00036,AMER CHEMICAL SOC,2022
7606,10.1021/acs.inorgchem.2c00139,AMER CHEMICAL SOC,2022
7607,10.1021/acs.inorgchem.2c00223,AMER CHEMICAL SOC,2022
7608,10.1021/acs.inorgchem.2c00270,AMER CHEMICAL SOC,2022
7609,10.1021/acs.inorgchem.2c00287,AMER CHEMICAL SOC,2022
7610,10.1021/acs.inorgchem.2c00308,AMER CHEMICAL SOC,2022
7611,10.1021/acs.inorgchem.2c00342,AMER CHEMICAL SOC,2022
7612,10.1021/acs.inorgchem.2c00367,AMER CHEMICAL SOC,2022
7613,10.1021/acs.inorgchem.2c00427,AMER CHEMICAL SOC,2022
7614,10.1021/acs.inorgchem.2c00452,AMER CHEMICAL SOC,2022
7615,10.1021/acs.inorgchem.2c00497,AMER CHEMICAL SOC,2022
7616,10.1021/acs.inorgchem.2c00608,AMER CHEMICAL SOC,2022
7617,10.1021/acs.inorgchem.2c00628,AMER CHEMICAL SOC,2022
7618,10.1021/acs.inorgchem.2c00650,AMER CHEMICAL SOC,2022
7619,10.1021/acs.inorgchem.2c00660,AMER CHEMICAL SOC,2022
7620,10.1021/acs.inorgchem.2c00756,AMER CHEMICAL SOC,2022
7621,10.1021/acs.inorgchem.2c00819,AMER CHEMICAL SOC,2022
7622,10.1021/acs.inorgchem.2c00825,AMER CHEMICAL SOC,2022
7623,10.1021/acs.inorgchem.2c00853,AMER CHEMICAL SOC,2022
7624,10.1021/acs.inorgchem.2c00858,AMER CHEMICAL SOC,2022
7625,10.1021/acs.inorgchem.2c00941,AMER CHEMICAL SOC,2022
7626,10.1021/acs.inorgchem.2c01023,AMER CHEMICAL SOC,2022
7627,10.1021/acs.inorgchem.2c01128,AMER CHEMICAL SOC,2022
7628,10.1021/acs.inorgchem.2c01171,AMER CHEMICAL SOC,2022
7629,10.1021/acs.inorgchem.2c01294,AMER CHEMICAL SOC,2022
7630,10.1021/acs.inorgchem.2c01323,AMER CHEMICAL SOC,2022
7631,10.1021/acs.inorgchem.2c01398,AMER CHEMICAL SOC,2022
7632,10.1021/acs.inorgchem.2c01488,AMER CHEMICAL SOC,2022
7633,10.1021/acs.inorgchem.2c01517,AMER CHEMICAL SOC,2022
7634,10.1021/acs.inorgchem.2c01579,AMER CHEMICAL SOC,2022
7635,10.1021/acs.inorgchem.2c01594,AMER CHEMICAL SOC,2022
7636,10.1021/acs.inorgchem.2c01619,AMER CHEMICAL SOC,2022
7637,10.1021/acs.inorgchem.2c01643,AMER CHEMICAL SOC,2022
7638,10.1021/acs.inorgchem.2c01793,AMER CHEMICAL SOC,2022
7639,10.1021/acs.inorgchem.2c01846,AMER CHEMICAL SOC,2022
7640,10.1021/acs.inorgchem.2c01893,AMER CHEMICAL SOC,2022
7641,10.1021/acs.inorgchem.2c01936,AMER CHEMICAL SOC,2022
7642,10.1021/acs.inorgchem.2c01988,AMER CHEMICAL SOC,2022
7643,10.1021/acs.inorgchem.2c02023,AMER CHEMICAL SOC,2022
7644,10.1021/acs.inorgchem.2c02072,AMER CHEMICAL SOC,2022
7645,10.1021/acs.inorgchem.2c02215,AMER CHEMICAL SOC,2022
7646,10.1021/acs.inorgchem.2c02345,AMER CHEMICAL SOC,2022
7647,10.1021/acs.inorgchem.2c02363,AMER CHEMICAL SOC,2022
7648,10.1021/acs.inorgchem.2c02454,AMER CHEMICAL SOC,2022
7649,10.1021/acs.inorgchem.2c02490,AMER CHEMICAL SOC,2022
7650,10.1021/acs.inorgchem.2c02542,AMER CHEMICAL SOC,2022
7651,10.1021/acs.inorgchem.2c02547,AMER CHEMICAL SOC,2022
7652,10.1021/acs.inorgchem.2c02615,AMER CHEMICAL SOC,2022
7653,10.1021/acs.inorgchem.2c02661,AMER CHEMICAL SOC,2022
7654,10.1021/acs.inorgchem.2c02733,AMER CHEMICAL SOC,2022
7655,10.1021/acs.inorgchem.2c02842,AMER CHEMICAL SOC,2022
7656,10.1021/acs.inorgchem.2c03027,AMER CHEMICAL SOC,2023
7657,10.1021/acs.inorgchem.2c03078,AMER CHEMICAL SOC,2022
7658,10.1021/acs.inorgchem.2c03110,AMER CHEMICAL SOC,2022
7659,10.1021/acs.inorgchem.2c03138,AMER CHEMICAL SOC,2022
7660,10.1021/acs.inorgchem.2c03152,AMER CHEMICAL SOC,2022
7661,10.1021/acs.inorgchem.2c03336,AMER CHEMICAL SOC,2022
7662,10.1021/acs.inorgchem.2c03369,AMER CHEMICAL SOC,2023
7663,10.1021/acs.inorgchem.2c03436,AMER CHEMICAL SOC,2022
7664,10.1021/acs.inorgchem.2c03472,AMER CHEMICAL SOC,2022
7665,10.1021/acs.inorgchem.2c03679,AMER CHEMICAL SOC,2022
7666,10.1021/acs.inorgchem.2c03681,AMER CHEMICAL SOC,2023
7667,10.1021/acs.inorgchem.2c03872,AMER CHEMICAL SOC,2023
7668,10.1021/acs.inorgchem.2c04053,AMER CHEMICAL SOC,2023
7669,10.1021/acs.inorgchem.2c04060,AMER CHEMICAL SOC,2023
7670,10.1021/acs.inorgchem.2c04136,AMER CHEMICAL SOC,2023
7671,10.1021/acs.inorgchem.2c04158,AMER CHEMICAL SOC,2023
7672,10.1021/acs.inorgchem.2c04233,AMER CHEMICAL SOC,2023
7673,10.1021/acs.inorgchem.2c04233,AMER CHEMICAL SOC,2023
7674,10.1021/acs.inorgchem.2c04313,AMER CHEMICAL SOC,2023
7675,10.1021/acs.inorgchem.2c04334,AMER CHEMICAL SOC,2023
7676,10.1021/acs.inorgchem.2c04364,AMER CHEMICAL SOC,2023
7677,10.1021/acs.inorgchem.2c04400,AMER CHEMICAL SOC,2023
7678,10.1021/acs.inorgchem.2c04422,AMER CHEMICAL SOC,2023
7679,10.1021/acs.inorgchem.2c04443,AMER CHEMICAL SOC,2023
7680,10.1021/acs.inorgchem.2c04447,AMER CHEMICAL SOC,2023
7681,10.1021/acs.inorgchem.2c04470,AMER CHEMICAL SOC,2023
7682,10.1021/acs.inorgchem.2c04483,AMER CHEMICAL SOC,2023
7683,10.1021/acs.inorgchem.3c00049,AMER CHEMICAL SOC,2023
7684,10.1021/acs.inorgchem.3c00055,AMER CHEMICAL SOC,2023
7685,10.1021/acs.inorgchem.3c00148,AMER CHEMICAL SOC,2023
7686,10.1021/acs.inorgchem.3c00365,AMER CHEMICAL SOC,2023
7687,10.1021/acs.inorgchem.3c00540,AMER CHEMICAL SOC,2023
7688,10.1021/acs.inorgchem.3c00560,AMER CHEMICAL SOC,2023
7689,10.1021/acs.inorgchem.3c00821,AMER CHEMICAL SOC,2023
7690,10.1021/acs.inorgchem.3c01016,AMER CHEMICAL SOC,2023
7691,10.1021/acs.inorgchem.3c01079,AMER CHEMICAL SOC,2023
7692,10.1021/acs.inorgchem.3c01131,AMER CHEMICAL SOC,2023
7693,10.1021/acs.inorgchem.3c01230,AMER CHEMICAL SOC,2023
7694,10.1021/acs.inorgchem.3c01243,AMER CHEMICAL SOC,2023
7695,10.1021/acs.inorgchem.3c01245,AMER CHEMICAL SOC,2023
7696,10.1021/acs.inorgchem.3c01258,AMER CHEMICAL SOC,2023
7697,10.1021/acs.inorgchem.3c01308,AMER CHEMICAL SOC,2023
7698,10.1021/acs.inorgchem.3c01393,AMER CHEMICAL SOC,2023
7699,10.1021/acs.inorgchem.3c01862,AMER CHEMICAL SOC,2023
7700,10.1021/acs.inorgchem.3c01923,AMER CHEMICAL SOC,2023
7701,10.1021/acs.inorgchem.3c02202,AMER CHEMICAL SOC,2023
7702,10.1021/acs.inorgchem.3c02225,AMER CHEMICAL SOC,2023
7703,10.1021/acs.inorgchem.3c02328,AMER CHEMICAL SOC,2024
7704,10.1021/acs.inorgchem.3c02400,AMER CHEMICAL SOC,2023
7705,10.1021/acs.inorgchem.3c02507,AMER CHEMICAL SOC,2023
7706,10.1021/acs.inorgchem.3c02553,AMER CHEMICAL SOC,2023
7707,10.1021/acs.inorgchem.3c02597,AMER CHEMICAL SOC,2023
7708,10.1021/acs.inorgchem.3c02620,AMER CHEMICAL SOC,2023
7709,10.1021/acs.inorgchem.3c02670,AMER CHEMICAL SOC,2023
7710,10.1021/acs.inorgchem.3c02754,AMER CHEMICAL SOC,2023
7711,10.1021/acs.inorgchem.3c02765,AMER CHEMICAL SOC,2023
7712,10.1021/acs.inorgchem.3c02875,AMER CHEMICAL SOC,2023
7713,10.1021/acs.inorgchem.3c02877,AMER CHEMICAL SOC,2023
7714,10.1021/acs.inorgchem.3c03056,AMER CHEMICAL SOC,2023
7715,10.1021/acs.inorgchem.3c03064,AMER CHEMICAL SOC,2023
7716,10.1021/acs.inorgchem.3c03086,AMER CHEMICAL SOC,2024
7717,10.1021/acs.inorgchem.3c03128,AMER CHEMICAL SOC,2023
7718,10.1021/acs.inorgchem.3c03142,AMER CHEMICAL SOC,2023
7719,10.1021/acs.inorgchem.3c03472,AMER CHEMICAL SOC,2023
7720,10.1021/acs.inorgchem.3c03703,AMER CHEMICAL SOC,2023
7721,10.1021/acs.inorgchem.3c03704,AMER CHEMICAL SOC,2024
7722,10.1021/acs.inorgchem.3c03712,AMER CHEMICAL SOC,2023
7723,10.1021/acs.inorgchem.3c03742,AMER CHEMICAL SOC,2024
7724,10.1021/acs.inorgchem.3c03750,AMER CHEMICAL SOC,2024
7725,10.1021/acs.inorgchem.3c03838,AMER CHEMICAL SOC,2024
7726,10.1021/acs.inorgchem.3c03901,AMER CHEMICAL SOC,2024
7727,10.1021/acs.inorgchem.3c03988,AMER CHEMICAL SOC,2024
7728,10.1021/acs.inorgchem.3c04060,AMER CHEMICAL SOC,2024
7729,10.1021/acs.inorgchem.3c04117,AMER CHEMICAL SOC,2024
7730,10.1021/acs.inorgchem.3c04306,AMER CHEMICAL SOC,2024
7731,10.1021/acs.inorgchem.3c04363,AMER CHEMICAL SOC,2024
7732,10.1021/acs.inorgchem.3c04478,AMER CHEMICAL SOC,2024
7733,10.1021/acs.inorgchem.3c04526,AMER CHEMICAL SOC,2024
7734,10.1021/acs.inorgchem.3c04550,AMER CHEMICAL SOC,2024
7735,10.1021/acs.inorgchem.3c04559,AMER CHEMICAL SOC,2024
7736,10.1021/acs.inorgchem.4c00114,AMER CHEMICAL SOC,2024
7737,10.1021/acs.inorgchem.4c00202,AMER CHEMICAL SOC,2024
7738,10.1021/acs.inorgchem.4c00217,AMER CHEMICAL SOC,2024
7739,10.1021/acs.inorgchem.4c00245,AMER CHEMICAL SOC,2024
7740,10.1021/acs.inorgchem.4c00350,AMER CHEMICAL SOC,2024
7741,10.1021/acs.inorgchem.4c00372,AMER CHEMICAL SOC,2024
7742,10.1021/acs.inorgchem.4c00468,AMER CHEMICAL SOC,2024
7743,10.1021/acs.inorgchem.4c00507,AMER CHEMICAL SOC,2024
7744,10.1021/acs.inorgchem.4c00545,AMER CHEMICAL SOC,2024
7745,10.1021/acs.inorgchem.4c00559,AMER CHEMICAL SOC,2024
7746,10.1021/acs.inorgchem.4c00627,AMER CHEMICAL SOC,2024
7747,10.1021/acs.inorgchem.4c00695,AMER CHEMICAL SOC,2024
7748,10.1021/acs.inorgchem.4c00713,AMER CHEMICAL SOC,2024
7749,10.1021/acs.inorgchem.4c01061,AMER CHEMICAL SOC,2024
7750,10.1021/acs.inorgchem.4c01253,AMER CHEMICAL SOC,2024
7751,10.1021/acs.inorgchem.4c01453,AMER CHEMICAL SOC,2024
7752,10.1021/acs.inorgchem.4c01508,AMER CHEMICAL SOC,2024
7753,10.1021/acs.inorgchem.4c01535,AMER CHEMICAL SOC,2024
7754,10.1021/acs.inorgchem.4c01565,AMER CHEMICAL SOC,2024
7755,10.1021/acs.inorgchem.4c01579,AMER CHEMICAL SOC,2024
7756,10.1021/acs.inorgchem.4c01589,AMER CHEMICAL SOC,2024
7757,10.1021/acs.inorgchem.4c01658,AMER CHEMICAL SOC,2024
7758,10.1021/acs.inorgchem.4c01791,AMER CHEMICAL SOC,2024
7759,10.1021/acs.inorgchem.4c01792,AMER CHEMICAL SOC,2024
7760,10.1021/acs.inorgchem.4c01825,AMER CHEMICAL SOC,2024
7761,10.1021/acs.inorgchem.4c02082,AMER CHEMICAL SOC,2024
7762,10.1021/acs.inorgchem.4c02464,AMER CHEMICAL SOC,2024
7763,10.1021/acs.inorgchem.4c02528,AMER CHEMICAL SOC,2024
7764,10.1021/acs.inorgchem.4c02730,AMER CHEMICAL SOC,2024
7765,10.1021/acs.inorgchem.4c02795,AMER CHEMICAL SOC,2024
7766,10.1021/acs.inorgchem.4c02876,AMER CHEMICAL SOC,2024
7767,10.1021/acs.inorgchem.4c02969,AMER CHEMICAL SOC,2024
7768,10.1021/acs.inorgchem.4c03064,AMER CHEMICAL SOC,2024
7769,10.1021/acs.inorgchem.4c03067,AMER CHEMICAL SOC,2024
7770,10.1021/acs.inorgchem.4c03193,AMER CHEMICAL SOC,2024
7771,10.1021/acs.inorgchem.4c03228,AMER CHEMICAL SOC,2024
7772,10.1021/acs.inorgchem.4c03337,AMER CHEMICAL SOC,2024
7773,10.1021/acs.inorgchem.4c03846,AMER CHEMICAL SOC,2024
7774,10.1021/acs.inorgchem.4c03887,AMER CHEMICAL SOC,2024
7775,10.1021/acs.inorgchem.4c03990,AMER CHEMICAL SOC,2024
7776,10.1021/acs.inorgchem.4c04161,AMER CHEMICAL SOC,2024
7777,10.1021/acs.inorgchem.4c04375,AMER CHEMICAL SOC,2025
7778,10.1021/acs.inorgchem.4c04447,AMER CHEMICAL SOC,2024
7779,10.1021/acs.inorgchem.4c04464,AMER CHEMICAL SOC,2024
7780,10.1021/acs.inorgchem.4c04616,AMER CHEMICAL SOC,2025
7781,10.1021/acs.inorgchem.4c04646,AMER CHEMICAL SOC,2024
7782,10.1021/acs.inorgchem.4c04727,AMER CHEMICAL SOC,2025
7783,10.1021/acs.inorgchem.4c04891,AMER CHEMICAL SOC,2025
7784,10.1021/acs.inorgchem.4c04984,AMER CHEMICAL SOC,2025
7785,10.1021/acs.inorgchem.4c05275,AMER CHEMICAL SOC,2025
7786,10.1021/acs.inorgchem.4c05544,AMER CHEMICAL SOC,2025
7787,10.1021/acs.inorgchem.4c05574,AMER CHEMICAL SOC,2025
7788,10.1021/acs.inorgchem.4c05575,AMER CHEMICAL SOC,2025
7789,10.1021/acs.inorgchem.5b00074,AMER CHEMICAL SOC,2015
7790,10.1021/acs.inorgchem.5b00180,AMER CHEMICAL SOC,2015
7791,10.1021/acs.inorgchem.5b00435,AMER CHEMICAL SOC,2015
7792,10.1021/acs.inorgchem.5b00478,AMER CHEMICAL SOC,2015
7793,10.1021/acs.inorgchem.5b00535,AMER CHEMICAL SOC,2015
7794,10.1021/acs.inorgchem.5b01053,AMER CHEMICAL SOC,2015
7795,10.1021/acs.inorgchem.5b01231,AMER CHEMICAL SOC,2015
7796,10.1021/acs.inorgchem.5b01326,AMER CHEMICAL SOC,2015
7797,10.1021/acs.inorgchem.5b01562,AMER CHEMICAL SOC,2015
7798,10.1021/acs.inorgchem.5b01611,AMER CHEMICAL SOC,2015
7799,10.1021/acs.inorgchem.5b01623,AMER CHEMICAL SOC,2015
7800,10.1021/acs.inorgchem.5b01854,AMER CHEMICAL SOC,2015
7801,10.1021/acs.inorgchem.5b01900,AMER CHEMICAL SOC,2015
7802,10.1021/acs.inorgchem.5b02003,AMER CHEMICAL SOC,2015
7803,10.1021/acs.inorgchem.5b02046,AMER CHEMICAL SOC,2015
7804,10.1021/acs.inorgchem.5b02108,AMER CHEMICAL SOC,2016
7805,10.1021/acs.inorgchem.5b02188,AMER CHEMICAL SOC,2016
7806,10.1021/acs.inorgchem.5b02234,AMER CHEMICAL SOC,2016
7807,10.1021/acs.inorgchem.5b02242,AMER CHEMICAL SOC,2016
7808,10.1021/acs.inorgchem.5b02257,AMER CHEMICAL SOC,2016
7809,10.1021/acs.inorgchem.5b02312,AMER CHEMICAL SOC,2016
7810,10.1021/acs.inorgchem.5b02375,AMER CHEMICAL SOC,2016
7811,10.1021/acs.inorgchem.5b02786,AMER CHEMICAL SOC,2016
7812,10.1021/acs.inorgchem.5b02921,AMER CHEMICAL SOC,2016
7813,10.1021/acs.inorgchem.5b02961,AMER CHEMICAL SOC,2016
7814,10.1021/acs.inorgchem.5c00158,AMER CHEMICAL SOC,2025
7815,10.1021/acs.inorgchem.5c00221,AMER CHEMICAL SOC,2025
7816,10.1021/acs.inorgchem.5c00341,AMER CHEMICAL SOC,2025
7817,10.1021/acs.inorgchem.5c00352,AMER CHEMICAL SOC,2025
7818,10.1021/acs.inorgchem.5c00353,AMER CHEMICAL SOC,2025
7819,10.1021/acs.inorgchem.5c00486,AMER CHEMICAL SOC,2025
7820,10.1021/acs.inorgchem.5c00612,AMER CHEMICAL SOC,2025
7821,10.1021/acs.inorgchem.5c00841,AMER CHEMICAL SOC,2025
7822,10.1021/acs.inorgchem.5c01033,AMER CHEMICAL SOC,2025
7823,10.1021/acs.inorgchem.5c01117,AMER CHEMICAL SOC,2025
7824,10.1021/acs.inorgchem.5c01269,AMER CHEMICAL SOC,2025
7825,10.1021/acs.inorgchem.5c01354,AMER CHEMICAL SOC,2025
7826,10.1021/acs.inorgchem.5c01724,AMER CHEMICAL SOC,2025
7827,10.1021/acs.inorgchem.5c01769,AMER CHEMICAL SOC,2025
7828,10.1021/acs.inorgchem.5c01963,AMER CHEMICAL SOC,2025
7829,10.1021/acs.inorgchem.5c02137,AMER CHEMICAL SOC,2025
7830,10.1021/acs.inorgchem.5c02360,AMER CHEMICAL SOC,2025
7831,10.1021/acs.inorgchem.6b00019,AMER CHEMICAL SOC,2016
7832,10.1021/acs.inorgchem.6b00045,AMER CHEMICAL SOC,2016
7833,10.1021/acs.inorgchem.6b00105,AMER CHEMICAL SOC,2016
7834,10.1021/acs.inorgchem.6b00111,AMER CHEMICAL SOC,2016
7835,10.1021/acs.inorgchem.6b00158,AMER CHEMICAL SOC,2016
7836,10.1021/acs.inorgchem.6b00186,AMER CHEMICAL SOC,2016
7837,10.1021/acs.inorgchem.6b00221,AMER CHEMICAL SOC,2016
7838,10.1021/acs.inorgchem.6b00276,AMER CHEMICAL SOC,2016
7839,10.1021/acs.inorgchem.6b00296,AMER CHEMICAL SOC,2016
7840,10.1021/acs.inorgchem.6b00522,AMER CHEMICAL SOC,2016
7841,10.1021/acs.inorgchem.6b00530,AMER CHEMICAL SOC,2016
7842,10.1021/acs.inorgchem.6b00570,AMER CHEMICAL SOC,2016
7843,10.1021/acs.inorgchem.6b00661,AMER CHEMICAL SOC,2016
7844,10.1021/acs.inorgchem.6b00865,AMER CHEMICAL SOC,2016
7845,10.1021/acs.inorgchem.6b00933,AMER CHEMICAL SOC,2016
7846,10.1021/acs.inorgchem.6b00971,AMER CHEMICAL SOC,2016
7847,10.1021/acs.inorgchem.6b01060,AMER CHEMICAL SOC,2016
7848,10.1021/acs.inorgchem.6b01328,AMER CHEMICAL SOC,2016
7849,10.1021/acs.inorgchem.6b01419,AMER CHEMICAL SOC,2016
7850,10.1021/acs.inorgchem.6b01592,AMER CHEMICAL SOC,2016
7851,10.1021/acs.inorgchem.6b01600,AMER CHEMICAL SOC,2016
7852,10.1021/acs.inorgchem.6b01809,AMER CHEMICAL SOC,2016
7853,10.1021/acs.inorgchem.6b01852,AMER CHEMICAL SOC,2017
7854,10.1021/acs.inorgchem.6b01882,AMER CHEMICAL SOC,2016
7855,10.1021/acs.inorgchem.6b01901,AMER CHEMICAL SOC,2016
7856,10.1021/acs.inorgchem.6b01928,AMER CHEMICAL SOC,2016
7857,10.1021/acs.inorgchem.6b02091,AMER CHEMICAL SOC,2016
7858,10.1021/acs.inorgchem.6b02137,AMER CHEMICAL SOC,2016
7859,10.1021/acs.inorgchem.6b02199,AMER CHEMICAL SOC,2017
7860,10.1021/acs.inorgchem.6b02308,AMER CHEMICAL SOC,2016
7861,10.1021/acs.inorgchem.6b02332,AMER CHEMICAL SOC,2016
7862,10.1021/acs.inorgchem.6b02514,AMER CHEMICAL SOC,2016
7863,10.1021/acs.inorgchem.6b02584,AMER CHEMICAL SOC,2017
7864,10.1021/acs.inorgchem.6b02674,AMER CHEMICAL SOC,2017
7865,10.1021/acs.inorgchem.6b02713,AMER CHEMICAL SOC,2017
7866,10.1021/acs.inorgchem.6b02774,AMER CHEMICAL SOC,2017
7867,10.1021/acs.inorgchem.6b02810,AMER CHEMICAL SOC,2017
7868,10.1021/acs.inorgchem.6b02883,AMER CHEMICAL SOC,2017
7869,10.1021/acs.inorgchem.6b02969,AMER CHEMICAL SOC,2017
7870,10.1021/acs.inorgchem.6b03014,AMER CHEMICAL SOC,2017
7871,10.1021/acs.inorgchem.6b03084,AMER CHEMICAL SOC,2017
7872,10.1021/acs.inorgchem.6b03140,AMER CHEMICAL SOC,2017
7873,10.1021/acs.inorgchem.7b00012,AMER CHEMICAL SOC,2017
7874,10.1021/acs.inorgchem.7b00074,AMER CHEMICAL SOC,2017
7875,10.1021/acs.inorgchem.7b00198,AMER CHEMICAL SOC,2017
7876,10.1021/acs.inorgchem.7b00202,AMER CHEMICAL SOC,2017
7877,10.1021/acs.inorgchem.7b00325,AMER CHEMICAL SOC,2017
7878,10.1021/acs.inorgchem.7b00342,AMER CHEMICAL SOC,2017
7879,10.1021/acs.inorgchem.7b00429,AMER CHEMICAL SOC,2017
7880,10.1021/acs.inorgchem.7b00436,AMER CHEMICAL SOC,2017
7881,10.1021/acs.inorgchem.7b00598,AMER CHEMICAL SOC,2017
7882,10.1021/acs.inorgchem.7b00639,AMER CHEMICAL SOC,2017
7883,10.1021/acs.inorgchem.7b00681,AMER CHEMICAL SOC,2017
7884,10.1021/acs.inorgchem.7b00707,AMER CHEMICAL SOC,2017
7885,10.1021/acs.inorgchem.7b00744,AMER CHEMICAL SOC,2017
7886,10.1021/acs.inorgchem.7b00939,AMER CHEMICAL SOC,2017
7887,10.1021/acs.inorgchem.7b01025,AMER CHEMICAL SOC,2017
7888,10.1021/acs.inorgchem.7b01057,AMER CHEMICAL SOC,2017
7889,10.1021/acs.inorgchem.7b01100,AMER CHEMICAL SOC,2017
7890,10.1021/acs.inorgchem.7b01103,AMER CHEMICAL SOC,2017
7891,10.1021/acs.inorgchem.7b01191,AMER CHEMICAL SOC,2017
7892,10.1021/acs.inorgchem.7b01197,AMER CHEMICAL SOC,2017
7893,10.1021/acs.inorgchem.7b01271,AMER CHEMICAL SOC,2017
7894,10.1021/acs.inorgchem.7b01286,AMER CHEMICAL SOC,2017
7895,10.1021/acs.inorgchem.7b01322,AMER CHEMICAL SOC,2017
7896,10.1021/acs.inorgchem.7b01522,AMER CHEMICAL SOC,2017
7897,10.1021/acs.inorgchem.7b01657,AMER CHEMICAL SOC,2017
7898,10.1021/acs.inorgchem.7b01781,AMER CHEMICAL SOC,2017
7899,10.1021/acs.inorgchem.7b01801,AMER CHEMICAL SOC,2017
7900,10.1021/acs.inorgchem.7b01818,AMER CHEMICAL SOC,2017
7901,10.1021/acs.inorgchem.7b01915,AMER CHEMICAL SOC,2017
7902,10.1021/acs.inorgchem.7b01965,AMER CHEMICAL SOC,2017
7903,10.1021/acs.inorgchem.7b02022,AMER CHEMICAL SOC,2017
7904,10.1021/acs.inorgchem.7b02123,AMER CHEMICAL SOC,2017
7905,10.1021/acs.inorgchem.7b02136,AMER CHEMICAL SOC,2017
7906,10.1021/acs.inorgchem.7b02163,AMER CHEMICAL SOC,2017
7907,10.1021/acs.inorgchem.7b02235,AMER CHEMICAL SOC,2017
7908,10.1021/acs.inorgchem.7b02324,AMER CHEMICAL SOC,2018
7909,10.1021/acs.inorgchem.7b02327,AMER CHEMICAL SOC,2017
7910,10.1021/acs.inorgchem.7b02391,AMER CHEMICAL SOC,2018
7911,10.1021/acs.inorgchem.7b02411,AMER CHEMICAL SOC,2018
7912,10.1021/acs.inorgchem.7b02435,AMER CHEMICAL SOC,2018
7913,10.1021/acs.inorgchem.7b02443,AMER CHEMICAL SOC,2017
7914,10.1021/acs.inorgchem.7b02452,AMER CHEMICAL SOC,2017
7915,10.1021/acs.inorgchem.7b02595,AMER CHEMICAL SOC,2018
7916,10.1021/acs.inorgchem.7b02754,AMER CHEMICAL SOC,2018
7917,10.1021/acs.inorgchem.7b02761,AMER CHEMICAL SOC,2018
7918,10.1021/acs.inorgchem.7b02899,AMER CHEMICAL SOC,2018
7919,10.1021/acs.inorgchem.7b02983,AMER CHEMICAL SOC,2018
7920,10.1021/acs.inorgchem.7b03053,AMER CHEMICAL SOC,2018
7921,10.1021/acs.inorgchem.7b03063,AMER CHEMICAL SOC,2018
7922,10.1021/acs.inorgchem.7b03174,AMER CHEMICAL SOC,2018
7923,10.1021/acs.inorgchem.7b03204,AMER CHEMICAL SOC,2018
7924,10.1021/acs.inorgchem.7b03214,AMER CHEMICAL SOC,2018
7925,10.1021/acs.inorgchem.7b03278,AMER CHEMICAL SOC,2018
7926,10.1021/acs.inorgchem.8b00080,AMER CHEMICAL SOC,2018
7927,10.1021/acs.inorgchem.8b00126,AMER CHEMICAL SOC,2018
7928,10.1021/acs.inorgchem.8b00169,AMER CHEMICAL SOC,2018
7929,10.1021/acs.inorgchem.8b00395,AMER CHEMICAL SOC,2018
7930,10.1021/acs.inorgchem.8b00425,AMER CHEMICAL SOC,2018
7931,10.1021/acs.inorgchem.8b00465,AMER CHEMICAL SOC,2018
7932,10.1021/acs.inorgchem.8b00541,AMER CHEMICAL SOC,2018
7933,10.1021/acs.inorgchem.8b00657,AMER CHEMICAL SOC,2018
7934,10.1021/acs.inorgchem.8b00671,AMER CHEMICAL SOC,2018
7935,10.1021/acs.inorgchem.8b00683,AMER CHEMICAL SOC,2018
7936,10.1021/acs.inorgchem.8b00720,AMER CHEMICAL SOC,2018
7937,10.1021/acs.inorgchem.8b00748,AMER CHEMICAL SOC,2018
7938,10.1021/acs.inorgchem.8b00910,AMER CHEMICAL SOC,2018
7939,10.1021/acs.inorgchem.8b01130,AMER CHEMICAL SOC,2018
7940,10.1021/acs.inorgchem.8b01137,AMER CHEMICAL SOC,2018
7941,10.1021/acs.inorgchem.8b01211,AMER CHEMICAL SOC,2018
7942,10.1021/acs.inorgchem.8b01241,AMER CHEMICAL SOC,2018
7943,10.1021/acs.inorgchem.8b01315,AMER CHEMICAL SOC,2018
7944,10.1021/acs.inorgchem.8b01319,AMER CHEMICAL SOC,2018
7945,10.1021/acs.inorgchem.8b01563,AMER CHEMICAL SOC,2018
7946,10.1021/acs.inorgchem.8b01612,AMER CHEMICAL SOC,2018
7947,10.1021/acs.inorgchem.8b01631,AMER CHEMICAL SOC,2018
7948,10.1021/acs.inorgchem.8b01842,AMER CHEMICAL SOC,2018
7949,10.1021/acs.inorgchem.8b01955,AMER CHEMICAL SOC,2018
7950,10.1021/acs.inorgchem.8b02019,AMER CHEMICAL SOC,2018
7951,10.1021/acs.inorgchem.8b02026,AMER CHEMICAL SOC,2018
7952,10.1021/acs.inorgchem.8b02133,AMER CHEMICAL SOC,2019
7953,10.1021/acs.inorgchem.8b02206,AMER CHEMICAL SOC,2018
7954,10.1021/acs.inorgchem.8b02277,AMER CHEMICAL SOC,2019
7955,10.1021/acs.inorgchem.8b02293,AMER CHEMICAL SOC,2018
7956,10.1021/acs.inorgchem.8b02360,AMER CHEMICAL SOC,2018
7957,10.1021/acs.inorgchem.8b02434,AMER CHEMICAL SOC,2018
7958,10.1021/acs.inorgchem.8b02507,AMER CHEMICAL SOC,2019
7959,10.1021/acs.inorgchem.8b02545,AMER CHEMICAL SOC,2018
7960,10.1021/acs.inorgchem.8b02549,AMER CHEMICAL SOC,2019
7961,10.1021/acs.inorgchem.8b03001,AMER CHEMICAL SOC,2019
7962,10.1021/acs.inorgchem.8b03021,AMER CHEMICAL SOC,2019
7963,10.1021/acs.inorgchem.8b03025,AMER CHEMICAL SOC,2019
7964,10.1021/acs.inorgchem.8b03087,AMER CHEMICAL SOC,2019
7965,10.1021/acs.inorgchem.8b03148,AMER CHEMICAL SOC,2019
7966,10.1021/acs.inorgchem.8b03202,AMER CHEMICAL SOC,2019
7967,10.1021/acs.inorgchem.8b03210,AMER CHEMICAL SOC,2019
7968,10.1021/acs.inorgchem.8b03271,AMER CHEMICAL SOC,2019
7969,10.1021/acs.inorgchem.8b03307,AMER CHEMICAL SOC,2019
7970,10.1021/acs.inorgchem.8b03318,AMER CHEMICAL SOC,2019
7971,10.1021/acs.inorgchem.8b03505,AMER CHEMICAL SOC,2019
7972,10.1021/acs.inorgchem.8b03612,AMER CHEMICAL SOC,2019
7973,10.1021/acs.inorgchem.9b00077,AMER CHEMICAL SOC,2019
7974,10.1021/acs.inorgchem.9b00084,AMER CHEMICAL SOC,2019
7975,10.1021/acs.inorgchem.9b00123,AMER CHEMICAL SOC,2019
7976,10.1021/acs.inorgchem.9b00157,AMER CHEMICAL SOC,2019
7977,10.1021/acs.inorgchem.9b00200,AMER CHEMICAL SOC,2019
7978,10.1021/acs.inorgchem.9b00215,AMER CHEMICAL SOC,2019
7979,10.1021/acs.inorgchem.9b00219,AMER CHEMICAL SOC,2019
7980,10.1021/acs.inorgchem.9b00261,AMER CHEMICAL SOC,2019
7981,10.1021/acs.inorgchem.9b00293,AMER CHEMICAL SOC,2019
7982,10.1021/acs.inorgchem.9b00362,AMER CHEMICAL SOC,2019
7983,10.1021/acs.inorgchem.9b00388,AMER CHEMICAL SOC,2019
7984,10.1021/acs.inorgchem.9b00396,AMER CHEMICAL SOC,2019
7985,10.1021/acs.inorgchem.9b00701,AMER CHEMICAL SOC,2019
7986,10.1021/acs.inorgchem.9b00745,AMER CHEMICAL SOC,2019
7987,10.1021/acs.inorgchem.9b00768,AMER CHEMICAL SOC,2019
7988,10.1021/acs.inorgchem.9b00903,AMER CHEMICAL SOC,2019
7989,10.1021/acs.inorgchem.9b00925,AMER CHEMICAL SOC,2019
7990,10.1021/acs.inorgchem.9b00940,AMER CHEMICAL SOC,2019
7991,10.1021/acs.inorgchem.9b01128,AMER CHEMICAL SOC,2019
7992,10.1021/acs.inorgchem.9b01234,AMER CHEMICAL SOC,2019
7993,10.1021/acs.inorgchem.9b01258,AMER CHEMICAL SOC,2019
7994,10.1021/acs.inorgchem.9b01387,AMER CHEMICAL SOC,2019
7995,10.1021/acs.inorgchem.9b01408,AMER CHEMICAL SOC,2019
7996,10.1021/acs.inorgchem.9b01666,AMER CHEMICAL SOC,2019
7997,10.1021/acs.inorgchem.9b01819,AMER CHEMICAL SOC,2019
7998,10.1021/acs.inorgchem.9b01935,AMER CHEMICAL SOC,2019
7999,10.1021/acs.inorgchem.9b01947,AMER CHEMICAL SOC,2019
8000,10.1021/acs.inorgchem.9b02056,AMER CHEMICAL SOC,2019
8001,10.1021/acs.inorgchem.9b02068,AMER CHEMICAL SOC,2019
8002,10.1021/acs.inorgchem.9b02177,AMER CHEMICAL SOC,2020
8003,10.1021/acs.inorgchem.9b02397,AMER CHEMICAL SOC,2019
8004,10.1021/acs.inorgchem.9b02473,AMER CHEMICAL SOC,2019
8005,10.1021/acs.inorgchem.9b02517,AMER CHEMICAL SOC,2020
8006,10.1021/acs.inorgchem.9b02593,AMER CHEMICAL SOC,2019
8007,10.1021/acs.inorgchem.9b02658,AMER CHEMICAL SOC,2019
8008,10.1021/acs.inorgchem.9b02742,AMER CHEMICAL SOC,2020
8009,10.1021/acs.inorgchem.9b02841,AMER CHEMICAL SOC,2020
8010,10.1021/acs.inorgchem.9b02952,AMER CHEMICAL SOC,2020
8011,10.1021/acs.inorgchem.9b02997,AMER CHEMICAL SOC,2020
8012,10.1021/acs.inorgchem.9b02999,AMER CHEMICAL SOC,2020
8013,10.1021/acs.inorgchem.9b03316,AMER CHEMICAL SOC,2020
8014,10.1021/acs.inorgchem.9b03350,AMER CHEMICAL SOC,2020
8015,10.1021/acs.inorgchem.9b03422,AMER CHEMICAL SOC,2020
8016,10.1021/acs.inorgchem.9b03493,AMER CHEMICAL SOC,2020
8017,10.1021/acs.inorgchem.9b03639,AMER CHEMICAL SOC,2020
8018,10.1021/acs.inorgchem.9b03648,AMER CHEMICAL SOC,2020
8019,10.1021/acs.inorgchem.9b03654,AMER CHEMICAL SOC,2020
8020,10.1021/acs.inorgchem.9b03667,AMER CHEMICAL SOC,2020
8021,10.1021/acs.inorgchem.9b03719,AMER CHEMICAL SOC,2020
8022,10.1021/acs.inorgchem.9b03773,AMER CHEMICAL SOC,2020
8023,10.1021/acs.jafc.2c05780,AMER CHEMICAL SOC,2022
8024,10.1021/acs.jafc.8b00400,AMER CHEMICAL SOC,2018
8025,10.1021/acs.jafc.8b03144,AMER CHEMICAL SOC,2018
8026,10.1021/acs.jced.7b00049,AMER CHEMICAL SOC,2017
8027,10.1021/acs.jced.9b00489,AMER CHEMICAL SOC,2019
8028,10.1021/acs.jced.9b01146,AMER CHEMICAL SOC,2020
8029,10.1021/acs.jchemed.0c00311,AMER CHEMICAL SOC,2020
8030,10.1021/acs.jchemed.0c00905,AMER CHEMICAL SOC,2020
8031,10.1021/acs.jchemed.1c00583,AMER CHEMICAL SOC,2021
8032,10.1021/acs.jchemed.1c00673,AMER CHEMICAL SOC,2021
8033,10.1021/acs.jchemed.2c00115,AMER CHEMICAL SOC,2022
8034,10.1021/acs.jchemed.2c00849,AMER CHEMICAL SOC,2023
8035,10.1021/acs.jchemed.2c00910,AMER CHEMICAL SOC,2023
8036,10.1021/acs.jchemed.2c00922,AMER CHEMICAL SOC,2023
8037,10.1021/acs.jchemed.2c01226,AMER CHEMICAL SOC,2023
8038,10.1021/acs.jchemed.3c00949,AMER CHEMICAL SOC,2024
8039,10.1021/acs.jchemed.4c00297,AMER CHEMICAL SOC,2024
8040,10.1021/acs.jchemed.6b00258,AMER CHEMICAL SOC,2016
8041,10.1021/acs.jchemed.7b00028,AMER CHEMICAL SOC,2017
8042,10.1021/acs.jchemed.8b00265,AMER CHEMICAL SOC,2018
8043,10.1021/acs.jchemed.8b00357,AMER CHEMICAL SOC,2018
8044,10.1021/acs.jchemed.9b00075,AMER CHEMICAL SOC,2019
8045,10.1021/acs.jchemed.9b00267,AMER CHEMICAL SOC,2019
8046,10.1021/acs.jchemed.9b00337,AMER CHEMICAL SOC,2020
8047,10.1021/acs.jchemed.9b01166,AMER CHEMICAL SOC,2020
8048,10.1021/acs.jcim.1c01297,AMER CHEMICAL SOC,2022
8049,10.1021/acs.jcim.3c02083,AMER CHEMICAL SOC,2024
8050,10.1021/acs.jcim.4c00997,AMER CHEMICAL SOC,2025
8051,10.1021/acs.jcim.4c01298,AMER CHEMICAL SOC,2024
8052,10.1021/acs.joc.3c01540,AMER CHEMICAL SOC,2023
8053,10.1021/acs.joc.6b00768,AMER CHEMICAL SOC,2016
8054,10.1021/acs.jpca.0c01577,AMER CHEMICAL SOC,2020
8055,10.1021/acs.jpca.2c05400,AMER CHEMICAL SOC,2022
8056,10.1021/acs.jpca.3c02508,AMER CHEMICAL SOC,2023
8057,10.1021/acs.jpcb.6b04784,AMER CHEMICAL SOC,2016
8058,10.1021/acs.jpcc.0c01878,AMER CHEMICAL SOC,2020
8059,10.1021/acs.jpcc.0c02280,AMER CHEMICAL SOC,2020
8060,10.1021/acs.jpcc.0c02743,AMER CHEMICAL SOC,2020
8061,10.1021/acs.jpcc.0c09600,AMER CHEMICAL SOC,2021
8062,10.1021/acs.jpcc.0c11551,AMER CHEMICAL SOC,2021
8063,10.1021/acs.jpcc.1c02623,AMER CHEMICAL SOC,2021
8064,10.1021/acs.jpcc.1c06699,AMER CHEMICAL SOC,2021
8065,10.1021/acs.jpcc.1c08474,AMER CHEMICAL SOC,2021
8066,10.1021/acs.jpcc.2c02315,AMER CHEMICAL SOC,2022
8067,10.1021/acs.jpcc.2c03403,AMER CHEMICAL SOC,2022
8068,10.1021/acs.jpcc.2c05594,AMER CHEMICAL SOC,2022
8069,10.1021/acs.jpcc.2c08424,AMER CHEMICAL SOC,2023
8070,10.1021/acs.jpcc.3c01821,AMER CHEMICAL SOC,2023
8071,10.1021/acs.jpcc.3c02877,AMER CHEMICAL SOC,2023
8072,10.1021/acs.jpcc.3c03953,AMER CHEMICAL SOC,2023
8073,10.1021/acs.jpcc.3c04890,AMER CHEMICAL SOC,2023
8074,10.1021/acs.jpcc.3c06115,AMER CHEMICAL SOC,2023
8075,10.1021/acs.jpcc.3c06499,AMER CHEMICAL SOC,2023
8076,10.1021/acs.jpcc.3c06826,AMER CHEMICAL SOC,2024
8077,10.1021/acs.jpcc.3c07257,AMER CHEMICAL SOC,2024
8078,10.1021/acs.jpcc.3c07690,AMER CHEMICAL SOC,2024
8079,10.1021/acs.jpcc.4c02651,AMER CHEMICAL SOC,2024
8080,10.1021/acs.jpcc.4c03277,AMER CHEMICAL SOC,2024
8081,10.1021/acs.jpcc.5b01519,AMER CHEMICAL SOC,2015
8082,10.1021/acs.jpcc.5b03138,AMER CHEMICAL SOC,2015
8083,10.1021/acs.jpcc.5b08053,AMER CHEMICAL SOC,2015
8084,10.1021/acs.jpcc.5b09520,AMER CHEMICAL SOC,2015
8085,10.1021/acs.jpcc.5b10552,AMER CHEMICAL SOC,2015
8086,10.1021/acs.jpcc.6b01378,AMER CHEMICAL SOC,2016
8087,10.1021/acs.jpcc.6b04347,AMER CHEMICAL SOC,2016
8088,10.1021/acs.jpcc.6b08610,AMER CHEMICAL SOC,2017
8089,10.1021/acs.jpcc.6b08643,AMER CHEMICAL SOC,2016
8090,10.1021/acs.jpcc.6b09416,AMER CHEMICAL SOC,2016
8091,10.1021/acs.jpcc.6b10363,AMER CHEMICAL SOC,2017
8092,10.1021/acs.jpcc.7b00070,AMER CHEMICAL SOC,2017
8093,10.1021/acs.jpcc.7b00483,AMER CHEMICAL SOC,2017
8094,10.1021/acs.jpcc.7b02685,AMER CHEMICAL SOC,2017
8095,10.1021/acs.jpcc.7b06773,AMER CHEMICAL SOC,2017
8096,10.1021/acs.jpcc.7b07079,AMER CHEMICAL SOC,2017
8097,10.1021/acs.jpcc.7b07772,AMER CHEMICAL SOC,2017
8098,10.1021/acs.jpcc.7b07807,AMER CHEMICAL SOC,2017
8099,10.1021/acs.jpcc.7b09105,AMER CHEMICAL SOC,2018
8100,10.1021/acs.jpcc.7b09190,AMER CHEMICAL SOC,2017
8101,10.1021/acs.jpcc.7b11012,AMER CHEMICAL SOC,2018
8102,10.1021/acs.jpcc.8b01725,AMER CHEMICAL SOC,2018
8103,10.1021/acs.jpcc.8b02484,AMER CHEMICAL SOC,2018
8104,10.1021/acs.jpcc.8b03112,AMER CHEMICAL SOC,2018
8105,10.1021/acs.jpcc.8b05882,AMER CHEMICAL SOC,2018
8106,10.1021/acs.jpcc.8b08639,AMER CHEMICAL SOC,2018
8107,10.1021/acs.jpcc.8b08972,AMER CHEMICAL SOC,2018
8108,10.1021/acs.jpcc.8b09904,AMER CHEMICAL SOC,2018
8109,10.1021/acs.jpcc.8b10448,AMER CHEMICAL SOC,2019
8110,10.1021/acs.jpcc.8b11377,AMER CHEMICAL SOC,2019
8111,10.1021/acs.jpcc.8b12392,AMER CHEMICAL SOC,2019
8112,10.1021/acs.jpcc.9b04312,AMER CHEMICAL SOC,2019
8113,10.1021/acs.jpcc.9b05574,AMER CHEMICAL SOC,2019
8114,10.1021/acs.jpcc.9b08434,AMER CHEMICAL SOC,2019
8115,10.1021/acs.jpcc.9b09880,AMER CHEMICAL SOC,2019
8116,10.1021/acs.jpcc.9b10124,AMER CHEMICAL SOC,2020
8117,10.1021/acs.jpclett.1c01892,AMER CHEMICAL SOC,2021
8118,10.1021/acs.jpclett.1c03209,AMER CHEMICAL SOC,2021
8119,10.1021/acs.jpclett.3c00941,AMER CHEMICAL SOC,2023
8120,10.1021/acs.jpclett.3c02003,AMER CHEMICAL SOC,2023
8121,10.1021/acs.jpclett.5b00440,AMER CHEMICAL SOC,2015
8122,10.1021/acs.jpclett.5b01135,AMER CHEMICAL SOC,2015
8123,10.1021/acs.jpclett.5b01602,AMER CHEMICAL SOC,2015
8124,10.1021/acs.jpclett.5b01926,AMER CHEMICAL SOC,2015
8125,10.1021/acs.jpclett.6b00297,AMER CHEMICAL SOC,2016
8126,10.1021/acs.jpclett.7b02003,AMER CHEMICAL SOC,2017
8127,10.1021/acs.jpclett.8b00203,AMER CHEMICAL SOC,2018
8128,10.1021/acs.jpclett.8b01707,AMER CHEMICAL SOC,2018
8129,10.1021/acs.langmuir.0c01128,AMER CHEMICAL SOC,2020
8130,10.1021/acs.langmuir.0c02496,AMER CHEMICAL SOC,2020
8131,10.1021/acs.langmuir.0c02549,AMER CHEMICAL SOC,2020
8132,10.1021/acs.langmuir.0c03378,AMER CHEMICAL SOC,2021
8133,10.1021/acs.langmuir.1c01399,AMER CHEMICAL SOC,2021
8134,10.1021/acs.langmuir.1c01664,AMER CHEMICAL SOC,2021
8135,10.1021/acs.langmuir.1c03015,AMER CHEMICAL SOC,2022
8136,10.1021/acs.langmuir.2c00165,AMER CHEMICAL SOC,2022
8137,10.1021/acs.langmuir.2c00176,AMER CHEMICAL SOC,2022
8138,10.1021/acs.langmuir.2c00816,AMER CHEMICAL SOC,2022
8139,10.1021/acs.langmuir.2c01317,AMER CHEMICAL SOC,2022
8140,10.1021/acs.langmuir.2c01967,AMER CHEMICAL SOC,2022
8141,10.1021/acs.langmuir.2c02070,AMER CHEMICAL SOC,2022
8142,10.1021/acs.langmuir.2c02412,AMER CHEMICAL SOC,2023
8143,10.1021/acs.langmuir.2c02947,AMER CHEMICAL SOC,2023
8144,10.1021/acs.langmuir.3c00018,AMER CHEMICAL SOC,2023
8145,10.1021/acs.langmuir.3c00632,AMER CHEMICAL SOC,2023
8146,10.1021/acs.langmuir.3c00879,AMER CHEMICAL SOC,2023
8147,10.1021/acs.langmuir.3c01964,AMER CHEMICAL SOC,2023
8148,10.1021/acs.langmuir.3c02006,AMER CHEMICAL SOC,2023
8149,10.1021/acs.langmuir.3c02384,AMER CHEMICAL SOC,2023
8150,10.1021/acs.langmuir.3c02731,AMER CHEMICAL SOC,2023
8151,10.1021/acs.langmuir.3c03193,AMER CHEMICAL SOC,2024
8152,10.1021/acs.langmuir.4c01368,AMER CHEMICAL SOC,2024
8153,10.1021/acs.langmuir.5b02390,AMER CHEMICAL SOC,2015
8154,10.1021/acs.langmuir.6b01251,AMER CHEMICAL SOC,2016
8155,10.1021/acs.langmuir.6b01687,AMER CHEMICAL SOC,2016
8156,10.1021/acs.langmuir.7b02365,AMER CHEMICAL SOC,2017
8157,10.1021/acs.langmuir.7b03083,AMER CHEMICAL SOC,2018
8158,10.1021/acs.langmuir.7b03926,AMER CHEMICAL SOC,2018
8159,10.1021/acs.langmuir.7b04399,AMER CHEMICAL SOC,2018
8160,10.1021/acs.langmuir.8b00823,AMER CHEMICAL SOC,2018
8161,10.1021/acs.langmuir.8b00889,AMER CHEMICAL SOC,2018
8162,10.1021/acs.langmuir.8b00948,AMER CHEMICAL SOC,2018
8163,10.1021/acs.langmuir.8b01037,AMER CHEMICAL SOC,2018
8164,10.1021/acs.langmuir.8b02205,AMER CHEMICAL SOC,2018
8165,10.1021/acs.langmuir.8b02592,AMER CHEMICAL SOC,2018
8166,10.1021/acs.langmuir.8b03153,AMER CHEMICAL SOC,2019
8167,10.1021/acs.langmuir.8b03938,AMER CHEMICAL SOC,2018
8168,10.1021/acs.langmuir.9b02582,AMER CHEMICAL SOC,2020
8169,10.1021/acs.langmuir.9b03731,AMER CHEMICAL SOC,2020
8170,10.1021/acs.nanolett.0c04053,AMER CHEMICAL SOC,2021
8171,10.1021/acs.nanolett.1c04574,AMER CHEMICAL SOC,2022
8172,10.1021/acs.nanolett.3c04369,AMER CHEMICAL SOC,2024
8173,10.1021/acs.nanolett.9b04997,AMER CHEMICAL SOC,2020
8174,10.1021/acs.oprd.2c00032,AMER CHEMICAL SOC,2022
8175,10.1021/acs.organomet.6b00365,AMER CHEMICAL SOC,2016
8176,10.1021/acs.organomet.7b00544,AMER CHEMICAL SOC,2017
8177,10.1021/acs.organomet.9b00319,AMER CHEMICAL SOC,2019
8178,10.1021/acs.organomet.9b00482,AMER CHEMICAL SOC,2019
8179,10.1021/acs.organomet.9b00657,AMER CHEMICAL SOC,2020
8180,10.1021/acs.orglett.2c03368,AMER CHEMICAL SOC,2022
8181,10.1021/acs.orglett.7b02887,AMER CHEMICAL SOC,2017
8182,10.1021/acsaelm.0c01045,AMER CHEMICAL SOC,2021
8183,10.1021/acsaelm.9b00007,AMER CHEMICAL SOC,2019
8184,10.1021/acsaem.0c01603,AMER CHEMICAL SOC,2020
8185,10.1021/acsaem.1c00923,AMER CHEMICAL SOC,2021
8186,10.1021/acsaem.1c03316,AMER CHEMICAL SOC,2021
8187,10.1021/acsaem.2c02460,AMER CHEMICAL SOC,2022
8188,10.1021/acsaem.2c03518,AMER CHEMICAL SOC,2023
8189,10.1021/acsaem.3c02018,AMER CHEMICAL SOC,2023
8190,10.1021/acsaem.4c00160,AMER CHEMICAL SOC,2024
8191,10.1021/acsaem.4c02257,AMER CHEMICAL SOC,2024
8192,10.1021/acsaem.4c03267,AMER CHEMICAL SOC,2025
8193,10.1021/acsaem.8b01021,AMER CHEMICAL SOC,2018
8194,10.1021/acsaem.9b00840,AMER CHEMICAL SOC,2019
8195,10.1021/acsaem.9b01664,AMER CHEMICAL SOC,2019
8196,10.1021/acsami.0c01023,AMER CHEMICAL SOC,2020
8197,10.1021/acsami.0c01927,AMER CHEMICAL SOC,2020
8198,10.1021/acsami.0c02789,AMER CHEMICAL SOC,2020
8199,10.1021/acsami.0c02829,AMER CHEMICAL SOC,2020
8200,10.1021/acsami.0c03756,AMER CHEMICAL SOC,2020
8201,10.1021/acsami.0c04101,AMER CHEMICAL SOC,2020
8202,10.1021/acsami.0c04228,AMER CHEMICAL SOC,2020
8203,10.1021/acsami.0c04378,AMER CHEMICAL SOC,2020
8204,10.1021/acsami.0c04538,AMER CHEMICAL SOC,2020
8205,10.1021/acsami.0c05344,AMER CHEMICAL SOC,2020
8206,10.1021/acsami.0c05912,AMER CHEMICAL SOC,2020
8207,10.1021/acsami.0c06080,AMER CHEMICAL SOC,2020
8208,10.1021/acsami.0c06434,AMER CHEMICAL SOC,2020
8209,10.1021/acsami.0c06672,AMER CHEMICAL SOC,2020
8210,10.1021/acsami.0c06964,AMER CHEMICAL SOC,2020
8211,10.1021/acsami.0c07364,AMER CHEMICAL SOC,2020
8212,10.1021/acsami.0c07890,AMER CHEMICAL SOC,2020
8213,10.1021/acsami.0c08001,AMER CHEMICAL SOC,2020
8214,10.1021/acsami.0c08417,AMER CHEMICAL SOC,2020
8215,10.1021/acsami.0c08803,AMER CHEMICAL SOC,2020
8216,10.1021/acsami.0c09816,AMER CHEMICAL SOC,2020
8217,10.1021/acsami.0c09912,AMER CHEMICAL SOC,2020
8218,10.1021/acsami.0c10721,AMER CHEMICAL SOC,2020
8219,10.1021/acsami.0c10818,AMER CHEMICAL SOC,2020
8220,10.1021/acsami.0c14312,AMER CHEMICAL SOC,2020
8221,10.1021/acsami.0c14316,AMER CHEMICAL SOC,2020
8222,10.1021/acsami.0c15267,AMER CHEMICAL SOC,2020
8223,10.1021/acsami.0c15344,AMER CHEMICAL SOC,2020
8224,10.1021/acsami.0c15901,AMER CHEMICAL SOC,2021
8225,10.1021/acsami.0c16559,AMER CHEMICAL SOC,2020
8226,10.1021/acsami.0c17165,AMER CHEMICAL SOC,2020
8227,10.1021/acsami.0c18422,AMER CHEMICAL SOC,2020
8228,10.1021/acsami.0c18720,AMER CHEMICAL SOC,2020
8229,10.1021/acsami.0c19044,AMER CHEMICAL SOC,2021
8230,10.1021/acsami.0c19446,AMER CHEMICAL SOC,2021
8231,10.1021/acsami.0c19621,AMER CHEMICAL SOC,2021
8232,10.1021/acsami.0c19957,AMER CHEMICAL SOC,2021
8233,10.1021/acsami.0c20369,AMER CHEMICAL SOC,2021
8234,10.1021/acsami.0c20437,AMER CHEMICAL SOC,2021
8235,10.1021/acsami.0c21007,AMER CHEMICAL SOC,2021
8236,10.1021/acsami.0c21265,AMER CHEMICAL SOC,2021
8237,10.1021/acsami.0c21486,AMER CHEMICAL SOC,2021
8238,10.1021/acsami.0c21488,AMER CHEMICAL SOC,2021
8239,10.1021/acsami.0c21508,AMER CHEMICAL SOC,2021
8240,10.1021/acsami.0c21509,AMER CHEMICAL SOC,2021
8241,10.1021/acsami.0c22307,AMER CHEMICAL SOC,2021
8242,10.1021/acsami.0c22453,AMER CHEMICAL SOC,2021
8243,10.1021/acsami.0c22729,AMER CHEMICAL SOC,2021
8244,10.1021/acsami.1c00152,AMER CHEMICAL SOC,2021
8245,10.1021/acsami.1c01134,AMER CHEMICAL SOC,2021
8246,10.1021/acsami.1c01621,AMER CHEMICAL SOC,2021
8247,10.1021/acsami.1c02038,AMER CHEMICAL SOC,2021
8248,10.1021/acsami.1c02045,AMER CHEMICAL SOC,2021
8249,10.1021/acsami.1c02213,AMER CHEMICAL SOC,2021
8250,10.1021/acsami.1c02558,AMER CHEMICAL SOC,2021
8251,10.1021/acsami.1c02812,AMER CHEMICAL SOC,2021
8252,10.1021/acsami.1c04130,AMER CHEMICAL SOC,2021
8253,10.1021/acsami.1c04620,AMER CHEMICAL SOC,2021
8254,10.1021/acsami.1c04680,AMER CHEMICAL SOC,2021
8255,10.1021/acsami.1c04785,AMER CHEMICAL SOC,2021
8256,10.1021/acsami.1c04920,AMER CHEMICAL SOC,2021
8257,10.1021/acsami.1c05657,AMER CHEMICAL SOC,2021
8258,10.1021/acsami.1c05972,AMER CHEMICAL SOC,2021
8259,10.1021/acsami.1c05998,AMER CHEMICAL SOC,2021
8260,10.1021/acsami.1c06152,AMER CHEMICAL SOC,2021
8261,10.1021/acsami.1c06346,AMER CHEMICAL SOC,2021
8262,10.1021/acsami.1c07304,AMER CHEMICAL SOC,2021
8263,10.1021/acsami.1c07366,AMER CHEMICAL SOC,2021
8264,10.1021/acsami.1c08365,AMER CHEMICAL SOC,2021
8265,10.1021/acsami.1c08678,AMER CHEMICAL SOC,2021
8266,10.1021/acsami.1c08833,AMER CHEMICAL SOC,2021
8267,10.1021/acsami.1c09052,AMER CHEMICAL SOC,2021
8268,10.1021/acsami.1c09074,AMER CHEMICAL SOC,2021
8269,10.1021/acsami.1c10481,AMER CHEMICAL SOC,2021
8270,10.1021/acsami.1c11330,AMER CHEMICAL SOC,2021
8271,10.1021/acsami.1c11541,AMER CHEMICAL SOC,2021
8272,10.1021/acsami.1c11606,AMER CHEMICAL SOC,2021
8273,10.1021/acsami.1c11815,AMER CHEMICAL SOC,2021
8274,10.1021/acsami.1c12000,AMER CHEMICAL SOC,2021
8275,10.1021/acsami.1c12095,AMER CHEMICAL SOC,2021
8276,10.1021/acsami.1c12209,AMER CHEMICAL SOC,2021
8277,10.1021/acsami.1c12403,AMER CHEMICAL SOC,2021
8278,10.1021/acsami.1c13134,AMER CHEMICAL SOC,2021
8279,10.1021/acsami.1c13757,AMER CHEMICAL SOC,2021
8280,10.1021/acsami.1c14359,AMER CHEMICAL SOC,2021
8281,10.1021/acsami.1c14453,AMER CHEMICAL SOC,2021
8282,10.1021/acsami.1c15506,AMER CHEMICAL SOC,2021
8283,10.1021/acsami.1c16173,AMER CHEMICAL SOC,2021
8284,10.1021/acsami.1c16180,AMER CHEMICAL SOC,2021
8285,10.1021/acsami.1c16280,AMER CHEMICAL SOC,2021
8286,10.1021/acsami.1c16322,AMER CHEMICAL SOC,2021
8287,10.1021/acsami.1c17925,AMER CHEMICAL SOC,2021
8288,10.1021/acsami.1c18885,AMER CHEMICAL SOC,2021
8289,10.1021/acsami.1c18889,AMER CHEMICAL SOC,2022
8290,10.1021/acsami.1c20432,AMER CHEMICAL SOC,2022
8291,10.1021/acsami.1c20878,AMER CHEMICAL SOC,2021
8292,10.1021/acsami.1c21077,AMER CHEMICAL SOC,2022
8293,10.1021/acsami.1c22033,AMER CHEMICAL SOC,2022
8294,10.1021/acsami.1c22153,AMER CHEMICAL SOC,2022
8295,10.1021/acsami.1c22781,AMER CHEMICAL SOC,2022
8296,10.1021/acsami.1c22986,AMER CHEMICAL SOC,2022
8297,10.1021/acsami.1c23297,AMER CHEMICAL SOC,2022
8298,10.1021/acsami.1c23458,AMER CHEMICAL SOC,2022
8299,10.1021/acsami.1c24299,AMER CHEMICAL SOC,2022
8300,10.1021/acsami.2c00089,AMER CHEMICAL SOC,2022
8301,10.1021/acsami.2c00311,AMER CHEMICAL SOC,2022
8302,10.1021/acsami.2c02690,AMER CHEMICAL SOC,2022
8303,10.1021/acsami.2c03247,AMER CHEMICAL SOC,2022
8304,10.1021/acsami.2c03607,AMER CHEMICAL SOC,2022
8305,10.1021/acsami.2c04293,AMER CHEMICAL SOC,2022
8306,10.1021/acsami.2c04331,AMER CHEMICAL SOC,2022
8307,10.1021/acsami.2c04603,AMER CHEMICAL SOC,2022
8308,10.1021/acsami.2c04644,AMER CHEMICAL SOC,2022
8309,10.1021/acsami.2c05296,AMER CHEMICAL SOC,2022
8310,10.1021/acsami.2c07130,AMER CHEMICAL SOC,2022
8311,10.1021/acsami.2c10346,AMER CHEMICAL SOC,2022
8312,10.1021/acsami.2c12908,AMER CHEMICAL SOC,2022
8313,10.1021/acsami.2c13945,AMER CHEMICAL SOC,2022
8314,10.1021/acsami.2c14462,AMER CHEMICAL SOC,2022
8315,10.1021/acsami.2c15079,AMER CHEMICAL SOC,2022
8316,10.1021/acsami.2c15811,AMER CHEMICAL SOC,2022
8317,10.1021/acsami.2c16323,AMER CHEMICAL SOC,2022
8318,10.1021/acsami.2c16711,AMER CHEMICAL SOC,2022
8319,10.1021/acsami.2c16726,AMER CHEMICAL SOC,2022
8320,10.1021/acsami.2c17007,AMER CHEMICAL SOC,2022
8321,10.1021/acsami.2c17829,AMER CHEMICAL SOC,2023
8322,10.1021/acsami.2c18510,AMER CHEMICAL SOC,2023
8323,10.1021/acsami.2c18907,AMER CHEMICAL SOC,2023
8324,10.1021/acsami.2c19469,AMER CHEMICAL SOC,2022
8325,10.1021/acsami.2c19614,AMER CHEMICAL SOC,2023
8326,10.1021/acsami.2c19873,AMER CHEMICAL SOC,2023
8327,10.1021/acsami.2c20240,AMER CHEMICAL SOC,2023
8328,10.1021/acsami.2c22094,AMER CHEMICAL SOC,2023
8329,10.1021/acsami.2c22955,AMER CHEMICAL SOC,2023
8330,10.1021/acsami.2c23019,AMER CHEMICAL SOC,2023
8331,10.1021/acsami.3c00268,AMER CHEMICAL SOC,2023
8332,10.1021/acsami.3c01172,AMER CHEMICAL SOC,2023
8333,10.1021/acsami.3c01529,AMER CHEMICAL SOC,2023
8334,10.1021/acsami.3c02052,AMER CHEMICAL SOC,2023
8335,10.1021/acsami.3c02130,AMER CHEMICAL SOC,2023
8336,10.1021/acsami.3c02208,AMER CHEMICAL SOC,2023
8337,10.1021/acsami.3c02298,AMER CHEMICAL SOC,2023
8338,10.1021/acsami.3c02414,AMER CHEMICAL SOC,2023
8339,10.1021/acsami.3c02713,AMER CHEMICAL SOC,2023
8340,10.1021/acsami.3c02888,AMER CHEMICAL SOC,2023
8341,10.1021/acsami.3c03870,AMER CHEMICAL SOC,2023
8342,10.1021/acsami.3c04506,AMER CHEMICAL SOC,2023
8343,10.1021/acsami.3c04849,AMER CHEMICAL SOC,2023
8344,10.1021/acsami.3c04955,AMER CHEMICAL SOC,2023
8345,10.1021/acsami.3c05397,AMER CHEMICAL SOC,2023
8346,10.1021/acsami.3c05495,AMER CHEMICAL SOC,2023
8347,10.1021/acsami.3c06326,AMER CHEMICAL SOC,2023
8348,10.1021/acsami.3c06502,AMER CHEMICAL SOC,2023
8349,10.1021/acsami.3c06530,AMER CHEMICAL SOC,2023
8350,10.1021/acsami.3c06864,AMER CHEMICAL SOC,2023
8351,10.1021/acsami.3c07032,AMER CHEMICAL SOC,2023
8352,10.1021/acsami.3c08344,AMER CHEMICAL SOC,2023
8353,10.1021/acsami.3c08458,AMER CHEMICAL SOC,2023
8354,10.1021/acsami.3c08470,AMER CHEMICAL SOC,2023
8355,10.1021/acsami.3c09985,AMER CHEMICAL SOC,2023
8356,10.1021/acsami.3c10408,AMER CHEMICAL SOC,2023
8357,10.1021/acsami.3c10874,AMER CHEMICAL SOC,2023
8358,10.1021/acsami.3c11244,AMER CHEMICAL SOC,2023
8359,10.1021/acsami.3c11698,AMER CHEMICAL SOC,2023
8360,10.1021/acsami.3c13054,AMER CHEMICAL SOC,2023
8361,10.1021/acsami.3c14781,AMER CHEMICAL SOC,2023
8362,10.1021/acsami.3c15398,AMER CHEMICAL SOC,2024
8363,10.1021/acsami.3c15549,AMER CHEMICAL SOC,2024
8364,10.1021/acsami.3c15612,AMER CHEMICAL SOC,2024
8365,10.1021/acsami.3c15669,AMER CHEMICAL SOC,2024
8366,10.1021/acsami.3c15958,AMER CHEMICAL SOC,2024
8367,10.1021/acsami.3c16634,AMER CHEMICAL SOC,2024
8368,10.1021/acsami.3c17622,AMER CHEMICAL SOC,2024
8369,10.1021/acsami.3c18549,AMER CHEMICAL SOC,2024
8370,10.1021/acsami.3c18885,AMER CHEMICAL SOC,2024
8371,10.1021/acsami.3c19536,AMER CHEMICAL SOC,2024
8372,10.1021/acsami.4c00779,AMER CHEMICAL SOC,2024
8373,10.1021/acsami.4c00988,AMER CHEMICAL SOC,2024
8374,10.1021/acsami.4c02215,AMER CHEMICAL SOC,2024
8375,10.1021/acsami.4c02396,AMER CHEMICAL SOC,2024
8376,10.1021/acsami.4c03106,AMER CHEMICAL SOC,2024
8377,10.1021/acsami.4c07877,AMER CHEMICAL SOC,2024
8378,10.1021/acsami.4c09484,AMER CHEMICAL SOC,2024
8379,10.1021/acsami.4c09747,AMER CHEMICAL SOC,2024
8380,10.1021/acsami.4c10459,AMER CHEMICAL SOC,2024
8381,10.1021/acsami.4c10578,AMER CHEMICAL SOC,2024
8382,10.1021/acsami.4c10730,AMER CHEMICAL SOC,2024
8383,10.1021/acsami.4c11396,AMER CHEMICAL SOC,2024
8384,10.1021/acsami.4c11541,AMER CHEMICAL SOC,2024
8385,10.1021/acsami.4c12329,AMER CHEMICAL SOC,2024
8386,10.1021/acsami.4c14424,AMER CHEMICAL SOC,2024
8387,10.1021/acsami.4c15743,AMER CHEMICAL SOC,2024
8388,10.1021/acsami.4c16625,AMER CHEMICAL SOC,2024
8389,10.1021/acsami.4c16851,AMER CHEMICAL SOC,2024
8390,10.1021/acsami.4c17664,AMER CHEMICAL SOC,2025
8391,10.1021/acsami.4c17699,AMER CHEMICAL SOC,2024
8392,10.1021/acsami.4c18062,AMER CHEMICAL SOC,2025
8393,10.1021/acsami.4c18478,AMER CHEMICAL SOC,2025
8394,10.1021/acsami.4c18621,AMER CHEMICAL SOC,2025
8395,10.1021/acsami.4c20744,AMER CHEMICAL SOC,2025
8396,10.1021/acsami.4c21500,AMER CHEMICAL SOC,2025
8397,10.1021/acsami.4c21721,AMER CHEMICAL SOC,2025
8398,10.1021/acsami.4c22681,AMER CHEMICAL SOC,2025
8399,10.1021/acsami.5b04109,AMER CHEMICAL SOC,2015
8400,10.1021/acsami.5b04217,AMER CHEMICAL SOC,2015
8401,10.1021/acsami.5b04315,AMER CHEMICAL SOC,2015
8402,10.1021/acsami.5b10078,AMER CHEMICAL SOC,2016
8403,10.1021/acsami.5b11760,AMER CHEMICAL SOC,2016
8404,10.1021/acsami.5b12684,AMER CHEMICAL SOC,2016
8405,10.1021/acsami.5c00105,AMER CHEMICAL SOC,2025
8406,10.1021/acsami.5c00582,AMER CHEMICAL SOC,2025
8407,10.1021/acsami.5c01476,AMER CHEMICAL SOC,2025
8408,10.1021/acsami.5c01647,AMER CHEMICAL SOC,2025
8409,10.1021/acsami.5c04998,AMER CHEMICAL SOC,2025
8410,10.1021/acsami.6b01195,AMER CHEMICAL SOC,2016
8411,10.1021/acsami.6b01299,AMER CHEMICAL SOC,2016
8412,10.1021/acsami.6b03841,AMER CHEMICAL SOC,2016
8413,10.1021/acsami.6b03988,AMER CHEMICAL SOC,2016
8414,10.1021/acsami.6b05289,AMER CHEMICAL SOC,2016
8415,10.1021/acsami.6b05901,AMER CHEMICAL SOC,2016
8416,10.1021/acsami.6b05927,AMER CHEMICAL SOC,2016
8417,10.1021/acsami.6b06209,AMER CHEMICAL SOC,2016
8418,10.1021/acsami.6b06225,AMER CHEMICAL SOC,2016
8419,10.1021/acsami.6b06569,AMER CHEMICAL SOC,2016
8420,10.1021/acsami.6b10098,AMER CHEMICAL SOC,2016
8421,10.1021/acsami.6b11116,AMER CHEMICAL SOC,2016
8422,10.1021/acsami.6b11775,AMER CHEMICAL SOC,2016
8423,10.1021/acsami.6b12458,AMER CHEMICAL SOC,2016
8424,10.1021/acsami.6b12755,AMER CHEMICAL SOC,2016
8425,10.1021/acsami.6b14563,AMER CHEMICAL SOC,2017
8426,10.1021/acsami.6b14795,AMER CHEMICAL SOC,2017
8427,10.1021/acsami.6b15936,AMER CHEMICAL SOC,2017
8428,10.1021/acsami.6b16297,AMER CHEMICAL SOC,2017
8429,10.1021/acsami.6b16817,AMER CHEMICAL SOC,2017
8430,10.1021/acsami.6b16821,AMER CHEMICAL SOC,2017
8431,10.1021/acsami.6b16834,AMER CHEMICAL SOC,2017
8432,10.1021/acsami.7b01040,AMER CHEMICAL SOC,2017
8433,10.1021/acsami.7b01758,AMER CHEMICAL SOC,2017
8434,10.1021/acsami.7b02035,AMER CHEMICAL SOC,2017
8435,10.1021/acsami.7b02603,AMER CHEMICAL SOC,2017
8436,10.1021/acsami.7b02887,AMER CHEMICAL SOC,2017
8437,10.1021/acsami.7b04810,AMER CHEMICAL SOC,2017
8438,10.1021/acsami.7b06041,AMER CHEMICAL SOC,2017
8439,10.1021/acsami.7b06274,AMER CHEMICAL SOC,2017
8440,10.1021/acsami.7b06482,AMER CHEMICAL SOC,2017
8441,10.1021/acsami.7b06491,AMER CHEMICAL SOC,2017
8442,10.1021/acsami.7b06809,AMER CHEMICAL SOC,2017
8443,10.1021/acsami.7b07055,AMER CHEMICAL SOC,2017
8444,10.1021/acsami.7b07920,AMER CHEMICAL SOC,2017
8445,10.1021/acsami.7b08117,AMER CHEMICAL SOC,2017
8446,10.1021/acsami.7b08322,AMER CHEMICAL SOC,2017
8447,10.1021/acsami.7b09339,AMER CHEMICAL SOC,2017
8448,10.1021/acsami.7b09608,AMER CHEMICAL SOC,2017
8449,10.1021/acsami.7b09914,AMER CHEMICAL SOC,2017
8450,10.1021/acsami.7b10228,AMER CHEMICAL SOC,2017
8451,10.1021/acsami.7b10337,AMER CHEMICAL SOC,2017
8452,10.1021/acsami.7b10591,AMER CHEMICAL SOC,2017
8453,10.1021/acsami.7b11348,AMER CHEMICAL SOC,2017
8454,10.1021/acsami.7b14135,AMER CHEMICAL SOC,2017
8455,10.1021/acsami.7b14179,AMER CHEMICAL SOC,2017
8456,10.1021/acsami.7b14418,AMER CHEMICAL SOC,2018
8457,10.1021/acsami.7b16163,AMER CHEMICAL SOC,2018
8458,10.1021/acsami.7b16380,AMER CHEMICAL SOC,2017
8459,10.1021/acsami.7b16522,AMER CHEMICAL SOC,2018
8460,10.1021/acsami.7b16937,AMER CHEMICAL SOC,2018
8461,10.1021/acsami.7b17389,AMER CHEMICAL SOC,2018
8462,10.1021/acsami.7b17568,AMER CHEMICAL SOC,2018
8463,10.1021/acsami.7b17662,AMER CHEMICAL SOC,2018
8464,10.1021/acsami.7b17756,AMER CHEMICAL SOC,2018
8465,10.1021/acsami.7b17954,AMER CHEMICAL SOC,2018
8466,10.1021/acsami.7b18506,AMER CHEMICAL SOC,2018
8467,10.1021/acsami.7b18620,AMER CHEMICAL SOC,2018
8468,10.1021/acsami.7b18836,AMER CHEMICAL SOC,2018
8469,10.1021/acsami.8b02015,AMER CHEMICAL SOC,2018
8470,10.1021/acsami.8b02825,AMER CHEMICAL SOC,2018
8471,10.1021/acsami.8b03111,AMER CHEMICAL SOC,2018
8472,10.1021/acsami.8b03358,AMER CHEMICAL SOC,2018
8473,10.1021/acsami.8b03561,AMER CHEMICAL SOC,2018
8474,10.1021/acsami.8b05098,AMER CHEMICAL SOC,2018
8475,10.1021/acsami.8b05148,AMER CHEMICAL SOC,2018
8476,10.1021/acsami.8b05192,AMER CHEMICAL SOC,2018
8477,10.1021/acsami.8b06340,AMER CHEMICAL SOC,2018
8478,10.1021/acsami.8b08167,AMER CHEMICAL SOC,2018
8479,10.1021/acsami.8b08562,AMER CHEMICAL SOC,2018
8480,10.1021/acsami.8b08983,AMER CHEMICAL SOC,2018
8481,10.1021/acsami.8b09812,AMER CHEMICAL SOC,2018
8482,10.1021/acsami.8b10447,AMER CHEMICAL SOC,2018
8483,10.1021/acsami.8b10494,AMER CHEMICAL SOC,2018
8484,10.1021/acsami.8b11037,AMER CHEMICAL SOC,2018
8485,10.1021/acsami.8b11367,AMER CHEMICAL SOC,2018
8486,10.1021/acsami.8b11652,AMER CHEMICAL SOC,2018
8487,10.1021/acsami.8b11972,AMER CHEMICAL SOC,2018
8488,10.1021/acsami.8b11999,AMER CHEMICAL SOC,2018
8489,10.1021/acsami.8b12380,AMER CHEMICAL SOC,2018
8490,10.1021/acsami.8b12404,AMER CHEMICAL SOC,2018
8491,10.1021/acsami.8b12812,AMER CHEMICAL SOC,2018
8492,10.1021/acsami.8b12908,AMER CHEMICAL SOC,2018
8493,10.1021/acsami.8b13356,AMER CHEMICAL SOC,2018
8494,10.1021/acsami.8b13362,AMER CHEMICAL SOC,2018
8495,10.1021/acsami.8b14420,AMER CHEMICAL SOC,2018
8496,10.1021/acsami.8b15946,AMER CHEMICAL SOC,2019
8497,10.1021/acsami.8b16837,AMER CHEMICAL SOC,2019
8498,10.1021/acsami.8b17477,AMER CHEMICAL SOC,2018
8499,10.1021/acsami.8b17660,AMER CHEMICAL SOC,2018
8500,10.1021/acsami.8b18370,AMER CHEMICAL SOC,2019
8501,10.1021/acsami.8b18584,AMER CHEMICAL SOC,2019
8502,10.1021/acsami.8b19048,AMER CHEMICAL SOC,2019
8503,10.1021/acsami.8b19211,AMER CHEMICAL SOC,2019
8504,10.1021/acsami.8b19815,AMER CHEMICAL SOC,2019
8505,10.1021/acsami.8b20222,AMER CHEMICAL SOC,2019
8506,10.1021/acsami.8b20422,AMER CHEMICAL SOC,2019
8507,10.1021/acsami.8b20450,AMER CHEMICAL SOC,2019
8508,10.1021/acsami.8b20504,AMER CHEMICAL SOC,2019
8509,10.1021/acsami.8b20951,AMER CHEMICAL SOC,2019
8510,10.1021/acsami.8b21698,AMER CHEMICAL SOC,2019
8511,10.1021/acsami.8b22385,AMER CHEMICAL SOC,2019
8512,10.1021/acsami.9b00740,AMER CHEMICAL SOC,2019
8513,10.1021/acsami.9b00908,AMER CHEMICAL SOC,2019
8514,10.1021/acsami.9b01286,AMER CHEMICAL SOC,2019
8515,10.1021/acsami.9b02286,AMER CHEMICAL SOC,2019
8516,10.1021/acsami.9b02325,AMER CHEMICAL SOC,2019
8517,10.1021/acsami.9b04449,AMER CHEMICAL SOC,2019
8518,10.1021/acsami.9b04780,AMER CHEMICAL SOC,2019
8519,10.1021/acsami.9b06151,AMER CHEMICAL SOC,2019
8520,10.1021/acsami.9b08592,AMER CHEMICAL SOC,2019
8521,10.1021/acsami.9b09311,AMER CHEMICAL SOC,2019
8522,10.1021/acsami.9b11578,AMER CHEMICAL SOC,2019
8523,10.1021/acsami.9b11872,AMER CHEMICAL SOC,2019
8524,10.1021/acsami.9b13730,AMER CHEMICAL SOC,2019
8525,10.1021/acsami.9b13814,AMER CHEMICAL SOC,2019
8526,10.1021/acsami.9b13864,AMER CHEMICAL SOC,2019
8527,10.1021/acsami.9b13965,AMER CHEMICAL SOC,2019
8528,10.1021/acsami.9b14439,AMER CHEMICAL SOC,2019
8529,10.1021/acsami.9b14927,AMER CHEMICAL SOC,2019
8530,10.1021/acsami.9b14928,AMER CHEMICAL SOC,2019
8531,10.1021/acsami.9b15421,AMER CHEMICAL SOC,2019
8532,10.1021/acsami.9b15646,AMER CHEMICAL SOC,2019
8533,10.1021/acsami.9b15667,AMER CHEMICAL SOC,2020
8534,10.1021/acsami.9b16473,AMER CHEMICAL SOC,2019
8535,10.1021/acsami.9b16834,AMER CHEMICAL SOC,2019
8536,10.1021/acsami.9b17314,AMER CHEMICAL SOC,2020
8537,10.1021/acsami.9b17520,AMER CHEMICAL SOC,2020
8538,10.1021/acsami.9b19216,AMER CHEMICAL SOC,2020
8539,10.1021/acsami.9b19722,AMER CHEMICAL SOC,2020
8540,10.1021/acsami.9b19964,AMER CHEMICAL SOC,2020
8541,10.1021/acsami.9b19991,AMER CHEMICAL SOC,2020
8542,10.1021/acsami.9b20833,AMER CHEMICAL SOC,2020
8543,10.1021/acsami.9b20910,AMER CHEMICAL SOC,2020
8544,10.1021/acsami.9b21122,AMER CHEMICAL SOC,2020
8545,10.1021/acsami.9b22257,AMER CHEMICAL SOC,2020
8546,10.1021/acsami.9b23098,AMER CHEMICAL SOC,2020
8547,10.1021/acsanm.0c00405,AMER CHEMICAL SOC,2020
8548,10.1021/acsanm.0c00503,AMER CHEMICAL SOC,2020
8549,10.1021/acsanm.0c00570,AMER CHEMICAL SOC,2020
8550,10.1021/acsanm.0c00857,AMER CHEMICAL SOC,2020
8551,10.1021/acsanm.0c01513,AMER CHEMICAL SOC,2020
8552,10.1021/acsanm.0c01566,AMER CHEMICAL SOC,2020
8553,10.1021/acsanm.0c01696,AMER CHEMICAL SOC,2020
8554,10.1021/acsanm.0c01780,AMER CHEMICAL SOC,2020
8555,10.1021/acsanm.0c01953,AMER CHEMICAL SOC,2020
8556,10.1021/acsanm.0c02376,AMER CHEMICAL SOC,2020
8557,10.1021/acsanm.0c02401,AMER CHEMICAL SOC,2020
8558,10.1021/acsanm.0c03322,AMER CHEMICAL SOC,2021
8559,10.1021/acsanm.0c03462,AMER CHEMICAL SOC,2021
8560,10.1021/acsanm.1c01499,AMER CHEMICAL SOC,2021
8561,10.1021/acsanm.1c02156,AMER CHEMICAL SOC,2021
8562,10.1021/acsanm.1c02204,AMER CHEMICAL SOC,2021
8563,10.1021/acsanm.1c02655,AMER CHEMICAL SOC,2021
8564,10.1021/acsanm.1c02862,AMER CHEMICAL SOC,2021
8565,10.1021/acsanm.1c03301,AMER CHEMICAL SOC,2021
8566,10.1021/acsanm.1c03313,AMER CHEMICAL SOC,2022
8567,10.1021/acsanm.1c03736,AMER CHEMICAL SOC,2022
8568,10.1021/acsanm.1c03751,AMER CHEMICAL SOC,2022
8569,10.1021/acsanm.1c04438,AMER CHEMICAL SOC,2022
8570,10.1021/acsanm.2c00012,AMER CHEMICAL SOC,2022
8571,10.1021/acsanm.2c00024,AMER CHEMICAL SOC,2022
8572,10.1021/acsanm.2c00844,AMER CHEMICAL SOC,2022
8573,10.1021/acsanm.2c00860,AMER CHEMICAL SOC,2022
8574,10.1021/acsanm.2c01269,AMER CHEMICAL SOC,2022
8575,10.1021/acsanm.2c03688,AMER CHEMICAL SOC,2022
8576,10.1021/acsanm.2c03906,AMER CHEMICAL SOC,2022
8577,10.1021/acsanm.2c04934,AMER CHEMICAL SOC,2023
8578,10.1021/acsanm.2c05389,AMER CHEMICAL SOC,2023
8579,10.1021/acsanm.2c05555,AMER CHEMICAL SOC,2023
8580,10.1021/acsanm.3c02692,AMER CHEMICAL SOC,2023
8581,10.1021/acsanm.3c03829,AMER CHEMICAL SOC,2023
8582,10.1021/acsanm.3c03913,AMER CHEMICAL SOC,2023
8583,10.1021/acsanm.3c04035,AMER CHEMICAL SOC,2023
8584,10.1021/acsanm.3c05230,AMER CHEMICAL SOC,2023
8585,10.1021/acsanm.3c05533,AMER CHEMICAL SOC,2024
8586,10.1021/acsanm.4c00250,AMER CHEMICAL SOC,2024
8587,10.1021/acsanm.4c02393,AMER CHEMICAL SOC,2024
8588,10.1021/acsanm.4c02625,AMER CHEMICAL SOC,2024
8589,10.1021/acsanm.4c03041,AMER CHEMICAL SOC,2024
8590,10.1021/acsanm.4c03887,AMER CHEMICAL SOC,2024
8591,10.1021/acsanm.4c04072,AMER CHEMICAL SOC,2024
8592,10.1021/acsanm.4c07020,AMER CHEMICAL SOC,2025
8593,10.1021/acsanm.5c00594,AMER CHEMICAL SOC,2025
8594,10.1021/acsanm.8b00957,AMER CHEMICAL SOC,2018
8595,10.1021/acsanm.8b01027,AMER CHEMICAL SOC,2018
8596,10.1021/acsanm.8b01045,AMER CHEMICAL SOC,2018
8597,10.1021/acsanm.8b01083,AMER CHEMICAL SOC,2018
8598,10.1021/acsanm.8b01151,AMER CHEMICAL SOC,2018
8599,10.1021/acsanm.8b01283,AMER CHEMICAL SOC,2018
8600,10.1021/acsanm.8b01428,AMER CHEMICAL SOC,2018
8601,10.1021/acsanm.8b02005,AMER CHEMICAL SOC,2019
8602,10.1021/acsanm.9b00188,AMER CHEMICAL SOC,2019
8603,10.1021/acsanm.9b00409,AMER CHEMICAL SOC,2019
8604,10.1021/acsanm.9b01263,AMER CHEMICAL SOC,2019
8605,10.1021/acsanm.9b01264,AMER CHEMICAL SOC,2019
8606,10.1021/acsanm.9b01403,AMER CHEMICAL SOC,2019
8607,10.1021/acsanm.9b02176,AMER CHEMICAL SOC,2020
8608,10.1021/acsanm.9b02297,AMER CHEMICAL SOC,2020
8609,10.1021/acsanm.9b02464,AMER CHEMICAL SOC,2020
8610,10.1021/acsapm.0c00052,AMER CHEMICAL SOC,2020
8611,10.1021/acsapm.0c00224,AMER CHEMICAL SOC,2020
8612,10.1021/acsapm.0c00225,AMER CHEMICAL SOC,2020
8613,10.1021/acsapm.1c00096,AMER CHEMICAL SOC,2021
8614,10.1021/acsapm.1c00589,AMER CHEMICAL SOC,2021
8615,10.1021/acsapm.2c01029,AMER CHEMICAL SOC,2022
8616,10.1021/acsapm.3c00411,AMER CHEMICAL SOC,2023
8617,10.1021/acsapm.3c00477,AMER CHEMICAL SOC,2023
8618,10.1021/acsapm.3c02440,AMER CHEMICAL SOC,2023
8619,10.1021/acsapm.4c00111,AMER CHEMICAL SOC,2024
8620,10.1021/acsapm.9b00747,AMER CHEMICAL SOC,2020
8621,10.1021/acsapm.9b00808,AMER CHEMICAL SOC,2019
8622,10.1021/acsbiomaterials.0c01600,AMER CHEMICAL SOC,2022
8623,10.1021/acsbiomaterials.2c00068,AMER CHEMICAL SOC,2022
8624,10.1021/acsbiomaterials.7b00435,AMER CHEMICAL SOC,2017
8625,10.1021/acsbiomaterials.9b01070,AMER CHEMICAL SOC,2019
8626,10.1021/acscatal.0c00591,AMER CHEMICAL SOC,2020
8627,10.1021/acscatal.0c00592,AMER CHEMICAL SOC,2020
8628,10.1021/acscatal.0c00801,AMER CHEMICAL SOC,2020
8629,10.1021/acscatal.0c00899,AMER CHEMICAL SOC,2020
8630,10.1021/acscatal.0c04379,AMER CHEMICAL SOC,2021
8631,10.1021/acscatal.1c01782,AMER CHEMICAL SOC,2021
8632,10.1021/acscatal.1c03329,AMER CHEMICAL SOC,2021
8633,10.1021/acscatal.1c03866,AMER CHEMICAL SOC,2021
8634,10.1021/acscatal.1c05922,AMER CHEMICAL SOC,2022
8635,10.1021/acscatal.2c01756,AMER CHEMICAL SOC,2022
8636,10.1021/acscatal.2c02823,AMER CHEMICAL SOC,2022
8637,10.1021/acscatal.2c04364,AMER CHEMICAL SOC,2022
8638,10.1021/acscatal.3c00053,AMER CHEMICAL SOC,2023
8639,10.1021/acscatal.3c00246,AMER CHEMICAL SOC,2023
8640,10.1021/acscatal.3c00284,AMER CHEMICAL SOC,2023
8641,10.1021/acscatal.3c01161,AMER CHEMICAL SOC,2023
8642,10.1021/acscatal.3c03500,AMER CHEMICAL SOC,2023
8643,10.1021/acscatal.3c05742,AMER CHEMICAL SOC,2024
8644,10.1021/acscatal.4c01591,AMER CHEMICAL SOC,2024
8645,10.1021/acscatal.5b00941,AMER CHEMICAL SOC,2015
8646,10.1021/acscatal.5b01191,AMER CHEMICAL SOC,2015
8647,10.1021/acscatal.5b01411,AMER CHEMICAL SOC,2015
8648,10.1021/acscatal.5b02243,AMER CHEMICAL SOC,2016
8649,10.1021/acscatal.5c00755,AMER CHEMICAL SOC,2025
8650,10.1021/acscatal.5c03009,AMER CHEMICAL SOC,2025
8651,10.1021/acscatal.6b01386,AMER CHEMICAL SOC,2016
8652,10.1021/acscatal.6b02327,AMER CHEMICAL SOC,2017
8653,10.1021/acscatal.6b02359,AMER CHEMICAL SOC,2016
8654,10.1021/acscatal.6b02614,AMER CHEMICAL SOC,2017
8655,10.1021/acscatal.6b03404,AMER CHEMICAL SOC,2017
8656,10.1021/acscatal.7b04189,AMER CHEMICAL SOC,2018
8657,10.1021/acscatal.8b00012,AMER CHEMICAL SOC,2018
8658,10.1021/acscatal.8b00505,AMER CHEMICAL SOC,2018
8659,10.1021/acscatal.8b01366,AMER CHEMICAL SOC,2018
8660,10.1021/acscatal.8b02151,AMER CHEMICAL SOC,2018
8661,10.1021/acscatal.8b03228,AMER CHEMICAL SOC,2018
8662,10.1021/acscatal.8b03444,AMER CHEMICAL SOC,2018
8663,10.1021/acscatal.8b03908,AMER CHEMICAL SOC,2019
8664,10.1021/acscatal.8b04055,AMER CHEMICAL SOC,2019
8665,10.1021/acscatal.8b04813,AMER CHEMICAL SOC,2019
8666,10.1021/acscatal.8b04962,AMER CHEMICAL SOC,2019
8667,10.1021/acscatal.9b01226,AMER CHEMICAL SOC,2019
8668,10.1021/acscatal.9b01783,AMER CHEMICAL SOC,2019
8669,10.1021/acscatal.9b03439,AMER CHEMICAL SOC,2019
8670,10.1021/acscatal.9b04260,AMER CHEMICAL SOC,2020
8671,10.1021/acscatal.9b04905,AMER CHEMICAL SOC,2020
8672,10.1021/acscentsci.0c00158,AMER CHEMICAL SOC,2020
8673,10.1021/acscentsci.0c00690,AMER CHEMICAL SOC,2020
8674,10.1021/acscentsci.0c00803,AMER CHEMICAL SOC,2020
8675,10.1021/acscentsci.0c01488,AMER CHEMICAL SOC,2021
8676,10.1021/acscentsci.1c00686,AMER CHEMICAL SOC,2021
8677,10.1021/acscentsci.1c01563,AMER CHEMICAL SOC,2022
8678,10.1021/acscentsci.3c00078,AMER CHEMICAL SOC,2023
8679,10.1021/acscentsci.3c01087,AMER CHEMICAL SOC,2023
8680,10.1021/acscentsci.3c01432,AMER CHEMICAL SOC,2024
8681,10.1021/acscentsci.5b00247,AMER CHEMICAL SOC,2015
8682,10.1021/acscentsci.7b00500,AMER CHEMICAL SOC,2018
8683,10.1021/acscentsci.8b00073,AMER CHEMICAL SOC,2018
8684,10.1021/acscentsci.8b00722,AMER CHEMICAL SOC,2018
8685,10.1021/acscentsci.8b00805,AMER CHEMICAL SOC,2019
8686,10.1021/acsenergylett.2c02893,AMER CHEMICAL SOC,2023
8687,10.1021/acsenergylett.9b01970,AMER CHEMICAL SOC,2019
8688,10.1021/acsmaterialslett.0c00012,AMER CHEMICAL SOC,2020
8689,10.1021/acsmaterialslett.0c00026,AMER CHEMICAL SOC,2020
8690,10.1021/acsmaterialslett.0c00042,AMER CHEMICAL SOC,2020
8691,10.1021/acsmaterialslett.0c00068,AMER CHEMICAL SOC,2020
8692,10.1021/acsmaterialslett.0c00233,AMER CHEMICAL SOC,2020
8693,10.1021/acsmaterialslett.0c00264,AMER CHEMICAL SOC,2020
8694,10.1021/acsmaterialslett.0c00398,AMER CHEMICAL SOC,2021
8695,10.1021/acsmaterialslett.0c00456,AMER CHEMICAL SOC,2021
8696,10.1021/acsmaterialslett.0c00522,AMER CHEMICAL SOC,2021
8697,10.1021/acsmaterialslett.1c00070,AMER CHEMICAL SOC,2021
8698,10.1021/acsmaterialslett.1c00420,AMER CHEMICAL SOC,2021
8699,10.1021/acsmaterialslett.1c00754,AMER CHEMICAL SOC,2022
8700,10.1021/acsmaterialslett.2c00160,AMER CHEMICAL SOC,2022
8701,10.1021/acsmaterialslett.2c00258,AMER CHEMICAL SOC,2022
8702,10.1021/acsmaterialslett.2c00820,AMER CHEMICAL SOC,2023
8703,10.1021/acsmaterialslett.2c01107,AMER CHEMICAL SOC,2023
8704,10.1021/acsmaterialslett.3c00069,AMER CHEMICAL SOC,2023
8705,10.1021/acsmaterialslett.3c00326,AMER CHEMICAL SOC,2023
8706,10.1021/acsmaterialslett.3c00861,AMER CHEMICAL SOC,2023
8707,10.1021/acsmaterialslett.3c00934,AMER CHEMICAL SOC,2023
8708,10.1021/acsmaterialslett.4c00629,AMER CHEMICAL SOC,2024
8709,10.1021/acsmaterialslett.4c00923,AMER CHEMICAL SOC,2024
8710,10.1021/acsmaterialslett.4c01406,AMER CHEMICAL SOC,2024
8711,10.1021/acsmaterialslett.4c01440,AMER CHEMICAL SOC,2024
8712,10.1021/acsmaterialslett.4c01720,AMER CHEMICAL SOC,2024
8713,10.1021/acsmaterialslett.4c02504,AMER CHEMICAL SOC,2025
8714,10.1021/acsmaterialslett.5c00333,AMER CHEMICAL SOC,2025
8715,10.1021/acsmaterialslett.5c00370,AMER CHEMICAL SOC,2025
8716,10.1021/acsmaterialslett.9b00021,AMER CHEMICAL SOC,2019
8717,10.1021/acsnano.1c06259,AMER CHEMICAL SOC,2021
8718,10.1021/acsnano.1c09301,AMER CHEMICAL SOC,2022
8719,10.1021/acsnano.1c10942,AMER CHEMICAL SOC,2022
8720,10.1021/acsnano.2c00007,AMER CHEMICAL SOC,2022
8721,10.1021/acsnano.2c08604,AMER CHEMICAL SOC,2022
8722,10.1021/acsnano.3c01558,AMER CHEMICAL SOC,2023
8723,10.1021/acsnano.3c05265,AMER CHEMICAL SOC,2023
8724,10.1021/acsnano.3c07635,AMER CHEMICAL SOC,2023
8725,10.1021/acsnano.3c09118,AMER CHEMICAL SOC,2023
8726,10.1021/acsnano.4c07276,AMER CHEMICAL SOC,2024
8727,10.1021/acsnano.4c18266,AMER CHEMICAL SOC,2025
8728,10.1021/acsnano.4c18992,AMER CHEMICAL SOC,2025
8729,10.1021/acsnano.5b00483,AMER CHEMICAL SOC,2015
8730,10.1021/acsnano.5b03429,AMER CHEMICAL SOC,2015
8731,10.1021/acsnano.5b05071,AMER CHEMICAL SOC,2016
8732,10.1021/acsnano.5c04880,AMER CHEMICAL SOC,2025
8733,10.1021/acsnano.6b04996,AMER CHEMICAL SOC,2016
8734,10.1021/acsnano.6b05444,AMER CHEMICAL SOC,2017
8735,10.1021/acsnano.7b08056,AMER CHEMICAL SOC,2018
8736,10.1021/acsnano.8b03417,AMER CHEMICAL SOC,2018
8737,10.1021/acsnano.9b01137,AMER CHEMICAL SOC,2019
8738,10.1021/acsomega.0c01759,AMER CHEMICAL SOC,2020
8739,10.1021/acsomega.0c01773,AMER CHEMICAL SOC,2020
8740,10.1021/acsomega.0c02171,AMER CHEMICAL SOC,2020
8741,10.1021/acsomega.0c02810,AMER CHEMICAL SOC,2020
8742,10.1021/acsomega.0c03981,AMER CHEMICAL SOC,2020
8743,10.1021/acsomega.0c04249,AMER CHEMICAL SOC,2020
8744,10.1021/acsomega.0c05225,AMER CHEMICAL SOC,2021
8745,10.1021/acsomega.1c00143,AMER CHEMICAL SOC,2021
8746,10.1021/acsomega.1c01148,AMER CHEMICAL SOC,2021
8747,10.1021/acsomega.1c01155,AMER CHEMICAL SOC,2021
8748,10.1021/acsomega.1c01272,AMER CHEMICAL SOC,2021
8749,10.1021/acsomega.1c02492,AMER CHEMICAL SOC,2021
8750,10.1021/acsomega.1c03327,AMER CHEMICAL SOC,2021
8751,10.1021/acsomega.1c04037,AMER CHEMICAL SOC,2021
8752,10.1021/acsomega.1c07077,AMER CHEMICAL SOC,2022
8753,10.1021/acsomega.1c07351,AMER CHEMICAL SOC,2022
8754,10.1021/acsomega.2c00416,AMER CHEMICAL SOC,2022
8755,10.1021/acsomega.2c00939,AMER CHEMICAL SOC,2022
8756,10.1021/acsomega.2c00980,AMER CHEMICAL SOC,2022
8757,10.1021/acsomega.2c01068,AMER CHEMICAL SOC,2022
8758,10.1021/acsomega.2c01717,AMER CHEMICAL SOC,2022
8759,10.1021/acsomega.2c01856,AMER CHEMICAL SOC,2022
8760,10.1021/acsomega.2c01914,AMER CHEMICAL SOC,2022
8761,10.1021/acsomega.2c02873,AMER CHEMICAL SOC,2022
8762,10.1021/acsomega.2c03973,AMER CHEMICAL SOC,2023
8763,10.1021/acsomega.2c04517,AMER CHEMICAL SOC,2022
8764,10.1021/acsomega.2c04669,AMER CHEMICAL SOC,2022
8765,10.1021/acsomega.2c05072,AMER CHEMICAL SOC,2022
8766,10.1021/acsomega.2c05093,AMER CHEMICAL SOC,2022
8767,10.1021/acsomega.2c05179,AMER CHEMICAL SOC,2022
8768,10.1021/acsomega.2c06651,AMER CHEMICAL SOC,2023
8769,10.1021/acsomega.2c06705,AMER CHEMICAL SOC,2023
8770,10.1021/acsomega.2c07415,AMER CHEMICAL SOC,2023
8771,10.1021/acsomega.2c08231,AMER CHEMICAL SOC,2023
8772,10.1021/acsomega.3c00114,AMER CHEMICAL SOC,2023
8773,10.1021/acsomega.3c01179,AMER CHEMICAL SOC,2023
8774,10.1021/acsomega.3c01793,AMER CHEMICAL SOC,2023
8775,10.1021/acsomega.3c02911,AMER CHEMICAL SOC,2023
8776,10.1021/acsomega.3c03073,AMER CHEMICAL SOC,2023
8777,10.1021/acsomega.3c03212,AMER CHEMICAL SOC,2024
8778,10.1021/acsomega.3c04177,AMER CHEMICAL SOC,2023
8779,10.1021/acsomega.3c04863,AMER CHEMICAL SOC,2023
8780,10.1021/acsomega.3c06439,AMER CHEMICAL SOC,2023
8781,10.1021/acsomega.3c06624,AMER CHEMICAL SOC,2023
8782,10.1021/acsomega.3c06745,AMER CHEMICAL SOC,2024
8783,10.1021/acsomega.3c07606,AMER CHEMICAL SOC,2023
8784,10.1021/acsomega.3c07906,AMER CHEMICAL SOC,2023
8785,10.1021/acsomega.3c08506,AMER CHEMICAL SOC,2024
8786,10.1021/acsomega.3c09135,AMER CHEMICAL SOC,2024
8787,10.1021/acsomega.3c09169,AMER CHEMICAL SOC,2024
8788,10.1021/acsomega.3c09256,AMER CHEMICAL SOC,2024
8789,10.1021/acsomega.3c09293,AMER CHEMICAL SOC,2024
8790,10.1021/acsomega.3c09895,AMER CHEMICAL SOC,2024
8791,10.1021/acsomega.4c00658,AMER CHEMICAL SOC,2024
8792,10.1021/acsomega.4c01117,AMER CHEMICAL SOC,2024
8793,10.1021/acsomega.4c01852,AMER CHEMICAL SOC,2024
8794,10.1021/acsomega.4c01993,AMER CHEMICAL SOC,2024
8795,10.1021/acsomega.4c03109,AMER CHEMICAL SOC,2024
8796,10.1021/acsomega.4c04259,AMER CHEMICAL SOC,2024
8797,10.1021/acsomega.4c05125,AMER CHEMICAL SOC,2024
8798,10.1021/acsomega.4c05760,AMER CHEMICAL SOC,2024
8799,10.1021/acsomega.4c06270,AMER CHEMICAL SOC,2024
8800,10.1021/acsomega.4c10594,AMER CHEMICAL SOC,2025
8801,10.1021/acsomega.5c01493,AMER CHEMICAL SOC,2025
8802,10.1021/acsomega.5c02296,AMER CHEMICAL SOC,2025
8803,10.1021/acsomega.6b00385,AMER CHEMICAL SOC,2017
8804,10.1021/acsomega.7b01325,AMER CHEMICAL SOC,2017
8805,10.1021/acsomega.7b01693,AMER CHEMICAL SOC,2018
8806,10.1021/acsomega.7b01792,AMER CHEMICAL SOC,2018
8807,10.1021/acsomega.7b01964,AMER CHEMICAL SOC,2018
8808,10.1021/acsomega.8b00903,AMER CHEMICAL SOC,2018
8809,10.1021/acsomega.8b01371,AMER CHEMICAL SOC,2018
8810,10.1021/acsomega.8b02212,AMER CHEMICAL SOC,2018
8811,10.1021/acsomega.8b02309,AMER CHEMICAL SOC,2018
8812,10.1021/acsomega.8b02595,AMER CHEMICAL SOC,2019
8813,10.1021/acsomega.8b02932,AMER CHEMICAL SOC,2019
8814,10.1021/acsomega.8b03047,AMER CHEMICAL SOC,2018
8815,10.1021/acsomega.8b03468,AMER CHEMICAL SOC,2019
8816,10.1021/acsomega.8b03623,AMER CHEMICAL SOC,2019
8817,10.1021/acsomega.9b00178,AMER CHEMICAL SOC,2019
8818,10.1021/acsomega.9b00236,AMER CHEMICAL SOC,2019
8819,10.1021/acsomega.9b00330,AMER CHEMICAL SOC,2019
8820,10.1021/acsomega.9b00358,AMER CHEMICAL SOC,2019
8821,10.1021/acsomega.9b01108,AMER CHEMICAL SOC,2019
8822,10.1021/acsomega.9b01139,AMER CHEMICAL SOC,2019
8823,10.1021/acsomega.9b02035,AMER CHEMICAL SOC,2019
8824,10.1021/acsomega.9b02133,AMER CHEMICAL SOC,2020
8825,10.1021/acsomega.9b02268,AMER CHEMICAL SOC,2019
8826,10.1021/acsomega.9b02779,AMER CHEMICAL SOC,2019
8827,10.1021/acsomega.9b03727,AMER CHEMICAL SOC,2020
8828,10.1021/acsomega.9b03834,AMER CHEMICAL SOC,2020
8829,10.1021/acssensors.3c02330,AMER CHEMICAL SOC,2024
8830,10.1021/acssensors.4c00745,AMER CHEMICAL SOC,2024
8831,10.1021/acssensors.7b00762,AMER CHEMICAL SOC,2018
8832,10.1021/acssensors.9b01954,AMER CHEMICAL SOC,2020
8833,10.1021/acssuschemeng.0c00885,AMER CHEMICAL SOC,2020
8834,10.1021/acssuschemeng.0c01429,AMER CHEMICAL SOC,2020
8835,10.1021/acssuschemeng.0c01471,AMER CHEMICAL SOC,2020
8836,10.1021/acssuschemeng.0c02749,AMER CHEMICAL SOC,2020
8837,10.1021/acssuschemeng.0c04486,AMER CHEMICAL SOC,2020
8838,10.1021/acssuschemeng.0c05155,AMER CHEMICAL SOC,2020
8839,10.1021/acssuschemeng.0c05434,AMER CHEMICAL SOC,2020
8840,10.1021/acssuschemeng.0c05587,AMER CHEMICAL SOC,2020
8841,10.1021/acssuschemeng.0c07055,AMER CHEMICAL SOC,2021
8842,10.1021/acssuschemeng.1c01138,AMER CHEMICAL SOC,2021
8843,10.1021/acssuschemeng.1c02851,AMER CHEMICAL SOC,2021
8844,10.1021/acssuschemeng.1c04389,AMER CHEMICAL SOC,2021
8845,10.1021/acssuschemeng.1c04903,AMER CHEMICAL SOC,2021
8846,10.1021/acssuschemeng.1c06032,AMER CHEMICAL SOC,2021
8847,10.1021/acssuschemeng.1c06207,AMER CHEMICAL SOC,2021
8848,10.1021/acssuschemeng.1c06433,AMER CHEMICAL SOC,2021
8849,10.1021/acssuschemeng.1c07512,AMER CHEMICAL SOC,2022
8850,10.1021/acssuschemeng.1c07977,AMER CHEMICAL SOC,2022
8851,10.1021/acssuschemeng.2c00351,AMER CHEMICAL SOC,2022
8852,10.1021/acssuschemeng.2c00536,AMER CHEMICAL SOC,2022
8853,10.1021/acssuschemeng.2c01529,AMER CHEMICAL SOC,2022
8854,10.1021/acssuschemeng.2c01720,AMER CHEMICAL SOC,2022
8855,10.1021/acssuschemeng.2c01725,AMER CHEMICAL SOC,2022
8856,10.1021/acssuschemeng.2c02722,AMER CHEMICAL SOC,2022
8857,10.1021/acssuschemeng.2c05388,AMER CHEMICAL SOC,2022
8858,10.1021/acssuschemeng.2c07276,AMER CHEMICAL SOC,2023
8859,10.1021/acssuschemeng.2c07509,AMER CHEMICAL SOC,2023
8860,10.1021/acssuschemeng.3c02199,AMER CHEMICAL SOC,2023
8861,10.1021/acssuschemeng.3c02876,AMER CHEMICAL SOC,2023
8862,10.1021/acssuschemeng.3c05161,AMER CHEMICAL SOC,2024
8863,10.1021/acssuschemeng.3c05222,AMER CHEMICAL SOC,2023
8864,10.1021/acssuschemeng.3c08150,AMER CHEMICAL SOC,2024
8865,10.1021/acssuschemeng.4c00730,AMER CHEMICAL SOC,2024
8866,10.1021/acssuschemeng.4c00853,AMER CHEMICAL SOC,2024
8867,10.1021/acssuschemeng.4c03427,AMER CHEMICAL SOC,2024
8868,10.1021/acssuschemeng.4c06002,AMER CHEMICAL SOC,2024
8869,10.1021/acssuschemeng.4c06676,AMER CHEMICAL SOC,2024
8870,10.1021/acssuschemeng.4c08623,AMER CHEMICAL SOC,2025
8871,10.1021/acssuschemeng.4c10283,AMER CHEMICAL SOC,2025
8872,10.1021/acssuschemeng.5b00544,AMER CHEMICAL SOC,2015
8873,10.1021/acssuschemeng.6b00473,AMER CHEMICAL SOC,2016
8874,10.1021/acssuschemeng.6b02023,AMER CHEMICAL SOC,2016
8875,10.1021/acssuschemeng.6b02115,AMER CHEMICAL SOC,2016
8876,10.1021/acssuschemeng.7b01429,AMER CHEMICAL SOC,2017
8877,10.1021/acssuschemeng.7b03613,AMER CHEMICAL SOC,2017
8878,10.1021/acssuschemeng.8b00768,AMER CHEMICAL SOC,2018
8879,10.1021/acssuschemeng.8b01548,AMER CHEMICAL SOC,2018
8880,10.1021/acssuschemeng.8b01646,AMER CHEMICAL SOC,2018
8881,10.1021/acssuschemeng.8b03180,AMER CHEMICAL SOC,2018
8882,10.1021/acssuschemeng.8b03468,AMER CHEMICAL SOC,2018
8883,10.1021/acssuschemeng.8b03765,AMER CHEMICAL SOC,2019
8884,10.1021/acssuschemeng.8b04429,AMER CHEMICAL SOC,2019
8885,10.1021/acssuschemeng.8b04458,AMER CHEMICAL SOC,2018
8886,10.1021/acssuschemeng.8b04637,AMER CHEMICAL SOC,2019
8887,10.1021/acssuschemeng.8b05306,AMER CHEMICAL SOC,2019
8888,10.1021/acssuschemeng.8b05321,AMER CHEMICAL SOC,2019
8889,10.1021/acssuschemeng.8b05409,AMER CHEMICAL SOC,2019
8890,10.1021/acssuschemeng.8b05413,AMER CHEMICAL SOC,2019
8891,10.1021/acssuschemeng.8b05436,AMER CHEMICAL SOC,2019
8892,10.1021/acssuschemeng.8b05463,AMER CHEMICAL SOC,2019
8893,10.1021/acssuschemeng.8b05552,AMER CHEMICAL SOC,2019
8894,10.1021/acssuschemeng.8b05764,AMER CHEMICAL SOC,2019
8895,10.1021/acssuschemeng.8b06472,AMER CHEMICAL SOC,2019
8896,10.1021/acssuschemeng.8b06500,AMER CHEMICAL SOC,2019
8897,10.1021/acssuschemeng.8b06560,AMER CHEMICAL SOC,2019
8898,10.1021/acssuschemeng.8b06736,AMER CHEMICAL SOC,2019
8899,10.1021/acssuschemeng.9b01022,AMER CHEMICAL SOC,2019
8900,10.1021/acssuschemeng.9b01729,AMER CHEMICAL SOC,2019
8901,10.1021/acssuschemeng.9b02323,AMER CHEMICAL SOC,2019
8902,10.1021/acssuschemeng.9b02348,AMER CHEMICAL SOC,2019
8903,10.1021/acssuschemeng.9b04552,AMER CHEMICAL SOC,2019
8904,10.1021/acssuschemeng.9b04754,AMER CHEMICAL SOC,2020
8905,10.1021/acssuschemeng.9b05395,AMER CHEMICAL SOC,2020
8906,10.1021/acssuschemeng.9b05617,AMER CHEMICAL SOC,2020
8907,10.1021/am200075q,AMER CHEMICAL SOC,2011
8908,10.1021/am200974t,AMER CHEMICAL SOC,2011
8909,10.1021/am301365h,AMER CHEMICAL SOC,2012
8910,10.1021/am301772k,AMER CHEMICAL SOC,2012
8911,10.1021/am303089g,AMER CHEMICAL SOC,2013
8912,10.1021/am4029872,AMER CHEMICAL SOC,2013
8913,10.1021/am404102f,AMER CHEMICAL SOC,2014
8914,10.1021/am500233m,AMER CHEMICAL SOC,2014
8915,10.1021/am5028346,AMER CHEMICAL SOC,2014
8916,10.1021/am505145d,AMER CHEMICAL SOC,2014
8917,10.1021/am505851u,AMER CHEMICAL SOC,2014
8918,10.1021/am508079j,AMER CHEMICAL SOC,2015
8919,10.1021/cg034156x,AMER CHEMICAL SOC,2004
8920,10.1021/cg049701o,AMER CHEMICAL SOC,2005
8921,10.1021/cg049884e,AMER CHEMICAL SOC,2005
8922,10.1021/cg049932v,AMER CHEMICAL SOC,2005
8923,10.1021/cg0501128,AMER CHEMICAL SOC,2005
8924,10.1021/cg050286p,AMER CHEMICAL SOC,2006
8925,10.1021/cg050336q,AMER CHEMICAL SOC,2006
8926,10.1021/cg050433j,AMER CHEMICAL SOC,2006
8927,10.1021/cg0504399,AMER CHEMICAL SOC,2006
8928,10.1021/cg050458i,AMER CHEMICAL SOC,2006
8929,10.1021/cg0505822,AMER CHEMICAL SOC,2006
8930,10.1021/cg050671e,AMER CHEMICAL SOC,2006
8931,10.1021/cg0600905,AMER CHEMICAL SOC,2006
8932,10.1021/cg0602111,AMER CHEMICAL SOC,2006
8933,10.1021/cg060287x,AMER CHEMICAL SOC,2007
8934,10.1021/cg060304i,AMER CHEMICAL SOC,2006
8935,10.1021/cg060310e,AMER CHEMICAL SOC,2006
8936,10.1021/cg060343u,AMER CHEMICAL SOC,2006
8937,10.1021/cg060369l,AMER CHEMICAL SOC,2007
8938,10.1021/cg0604982,AMER CHEMICAL SOC,2007
8939,10.1021/cg060501h,AMER CHEMICAL SOC,2007
8940,10.1021/cg0605032,AMER CHEMICAL SOC,2007
8941,10.1021/cg060677j,AMER CHEMICAL SOC,2007
8942,10.1021/cg060741x,AMER CHEMICAL SOC,2007
8943,10.1021/cg060833m,AMER CHEMICAL SOC,2007
8944,10.1021/cg0700216,AMER CHEMICAL SOC,2007
8945,10.1021/cg0700317,AMER CHEMICAL SOC,2007
8946,10.1021/cg0701022,AMER CHEMICAL SOC,2008
8947,10.1021/cg070144q,AMER CHEMICAL SOC,2007
8948,10.1021/cg070189r,AMER CHEMICAL SOC,2007
8949,10.1021/cg0702333,AMER CHEMICAL SOC,2007
8950,10.1021/cg070276j,AMER CHEMICAL SOC,2008
8951,10.1021/cg070295t,AMER CHEMICAL SOC,2007
8952,10.1021/cg070356n,AMER CHEMICAL SOC,2007
8953,10.1021/cg070407g,AMER CHEMICAL SOC,2007
8954,10.1021/cg070458d,AMER CHEMICAL SOC,2007
8955,10.1021/cg070511y,AMER CHEMICAL SOC,2007
8956,10.1021/cg0705456,AMER CHEMICAL SOC,2007
8957,10.1021/cg070593q,AMER CHEMICAL SOC,2007
8958,10.1021/cg070599f,AMER CHEMICAL SOC,2007
8959,10.1021/cg1000045,AMER CHEMICAL SOC,2010
8960,10.1021/cg1000107,AMER CHEMICAL SOC,2010
8961,10.1021/cg100032n,AMER CHEMICAL SOC,2010
8962,10.1021/cg100046j,AMER CHEMICAL SOC,2010
8963,10.1021/cg100060p,AMER CHEMICAL SOC,2010
8964,10.1021/cg100069g,AMER CHEMICAL SOC,2010
8965,10.1021/cg100078b,AMER CHEMICAL SOC,2010
8966,10.1021/cg100082f,AMER CHEMICAL SOC,2010
8967,10.1021/cg100104t,AMER CHEMICAL SOC,2010
8968,10.1021/cg100127w,AMER CHEMICAL SOC,2010
8969,10.1021/cg1001368,AMER CHEMICAL SOC,2010
8970,10.1021/cg100139p,AMER CHEMICAL SOC,2010
8971,10.1021/cg100144p,AMER CHEMICAL SOC,2010
8972,10.1021/cg100145e,AMER CHEMICAL SOC,2010
8973,10.1021/cg1001557,AMER CHEMICAL SOC,2010
8974,10.1021/cg1001573,AMER CHEMICAL SOC,2010
8975,10.1021/cg1003726,AMER CHEMICAL SOC,2010
8976,10.1021/cg100449z,AMER CHEMICAL SOC,2010
8977,10.1021/cg100463j,AMER CHEMICAL SOC,2010
8978,10.1021/cg100467p,AMER CHEMICAL SOC,2010
8979,10.1021/cg100535q,AMER CHEMICAL SOC,2010
8980,10.1021/cg100554u,AMER CHEMICAL SOC,2010
8981,10.1021/cg100599z,AMER CHEMICAL SOC,2010
8982,10.1021/cg100645p,AMER CHEMICAL SOC,2010
8983,10.1021/cg100736x,AMER CHEMICAL SOC,2010
8984,10.1021/cg100817s,AMER CHEMICAL SOC,2011
8985,10.1021/cg1008208,AMER CHEMICAL SOC,2010
8986,10.1021/cg1008472,AMER CHEMICAL SOC,2010
8987,10.1021/cg100865v,AMER CHEMICAL SOC,2010
8988,10.1021/cg100870v,AMER CHEMICAL SOC,2010
8989,10.1021/cg1009175,AMER CHEMICAL SOC,2011
8990,10.1021/cg100972s,AMER CHEMICAL SOC,2011
8991,10.1021/cg1010105,AMER CHEMICAL SOC,2010
8992,10.1021/cg101114h,AMER CHEMICAL SOC,2011
8993,10.1021/cg101130m,AMER CHEMICAL SOC,2011
8994,10.1021/cg101224r,AMER CHEMICAL SOC,2011
8995,10.1021/cg101251a,AMER CHEMICAL SOC,2011
8996,10.1021/cg101343k,AMER CHEMICAL SOC,2011
8997,10.1021/cg101351b,AMER CHEMICAL SOC,2011
8998,10.1021/cg101365v,AMER CHEMICAL SOC,2011
8999,10.1021/cg101414x,AMER CHEMICAL SOC,2011
9000,10.1021/cg101433t,AMER CHEMICAL SOC,2011
9001,10.1021/cg101435b,AMER CHEMICAL SOC,2011
9002,10.1021/cg101453m,AMER CHEMICAL SOC,2011
9003,10.1021/cg101494t,AMER CHEMICAL SOC,2011
9004,10.1021/cg1015109,AMER CHEMICAL SOC,2011
9005,10.1021/cg101569a,AMER CHEMICAL SOC,2011
9006,10.1021/cg101587h,AMER CHEMICAL SOC,2011
9007,10.1021/cg1015934,AMER CHEMICAL SOC,2011
9008,10.1021/cg101610k,AMER CHEMICAL SOC,2011
9009,10.1021/cg101634w,AMER CHEMICAL SOC,2011
9010,10.1021/cg101652e,AMER CHEMICAL SOC,2011
9011,10.1021/cg1017278,AMER CHEMICAL SOC,2011
9012,10.1021/cg200005q,AMER CHEMICAL SOC,2011
9013,10.1021/cg2000427,AMER CHEMICAL SOC,2011
9014,10.1021/cg2000552,AMER CHEMICAL SOC,2011
9015,10.1021/cg200095c,AMER CHEMICAL SOC,2011
9016,10.1021/cg200142f,AMER CHEMICAL SOC,2011
9017,10.1021/cg200229h,AMER CHEMICAL SOC,2011
9018,10.1021/cg2002749,AMER CHEMICAL SOC,2011
9019,10.1021/cg200300x,AMER CHEMICAL SOC,2011
9020,10.1021/cg200308k,AMER CHEMICAL SOC,2011
9021,10.1021/cg200327y,AMER CHEMICAL SOC,2011
9022,10.1021/cg200416y,AMER CHEMICAL SOC,2011
9023,10.1021/cg200443p,AMER CHEMICAL SOC,2011
9024,10.1021/cg2004672,AMER CHEMICAL SOC,2011
9025,10.1021/cg200571y,AMER CHEMICAL SOC,2011
9026,10.1021/cg200581w,AMER CHEMICAL SOC,2011
9027,10.1021/cg200594e,AMER CHEMICAL SOC,2011
9028,10.1021/cg200606r,AMER CHEMICAL SOC,2011
9029,10.1021/cg200639b,AMER CHEMICAL SOC,2011
9030,10.1021/cg200717a,AMER CHEMICAL SOC,2011
9031,10.1021/cg200728b,AMER CHEMICAL SOC,2011
9032,10.1021/cg200730k,AMER CHEMICAL SOC,2011
9033,10.1021/cg200788f,AMER CHEMICAL SOC,2011
9034,10.1021/cg200856e,AMER CHEMICAL SOC,2012
9035,10.1021/cg2008655,AMER CHEMICAL SOC,2012
9036,10.1021/cg200926z,AMER CHEMICAL SOC,2012
9037,10.1021/cg200961a,AMER CHEMICAL SOC,2011
9038,10.1021/cg201025u,AMER CHEMICAL SOC,2012
9039,10.1021/cg201028e,AMER CHEMICAL SOC,2011
9040,10.1021/cg201030u,AMER CHEMICAL SOC,2012
9041,10.1021/cg201059d,AMER CHEMICAL SOC,2012
9042,10.1021/cg201111r,AMER CHEMICAL SOC,2012
9043,10.1021/cg201118x,AMER CHEMICAL SOC,2011
9044,10.1021/cg201136k,AMER CHEMICAL SOC,2011
9045,10.1021/cg201159z,AMER CHEMICAL SOC,2012
9046,10.1021/cg2011666,AMER CHEMICAL SOC,2012
9047,10.1021/cg201226t,AMER CHEMICAL SOC,2011
9048,10.1021/cg201287t,AMER CHEMICAL SOC,2012
9049,10.1021/cg201342z,AMER CHEMICAL SOC,2012
9050,10.1021/cg201362x,AMER CHEMICAL SOC,2012
9051,10.1021/cg2013683,AMER CHEMICAL SOC,2012
9052,10.1021/cg2013717,AMER CHEMICAL SOC,2012
9053,10.1021/cg2013733,AMER CHEMICAL SOC,2012
9054,10.1021/cg201411b,AMER CHEMICAL SOC,2012
9055,10.1021/cg201447c,AMER CHEMICAL SOC,2012
9056,10.1021/cg2014573,AMER CHEMICAL SOC,2012
9057,10.1021/cg201459k,AMER CHEMICAL SOC,2012
9058,10.1021/cg201478y,AMER CHEMICAL SOC,2012
9059,10.1021/cg2014896,AMER CHEMICAL SOC,2012
9060,10.1021/cg201552g,AMER CHEMICAL SOC,2012
9061,10.1021/cg2015644,AMER CHEMICAL SOC,2012
9062,10.1021/cg201572y,AMER CHEMICAL SOC,2012
9063,10.1021/cg201587u,AMER CHEMICAL SOC,2012
9064,10.1021/cg201619x,AMER CHEMICAL SOC,2012
9065,10.1021/cg2016275,AMER CHEMICAL SOC,2012
9066,10.1021/cg201706p,AMER CHEMICAL SOC,2012
9067,10.1021/cg201708x,AMER CHEMICAL SOC,2012
9068,10.1021/cg3000526,AMER CHEMICAL SOC,2012
9069,10.1021/cg3000729,AMER CHEMICAL SOC,2012
9070,10.1021/cg300075a,AMER CHEMICAL SOC,2012
9071,10.1021/cg3000813,AMER CHEMICAL SOC,2012
9072,10.1021/cg300174f,AMER CHEMICAL SOC,2012
9073,10.1021/cg300196w,AMER CHEMICAL SOC,2012
9074,10.1021/cg300199j,AMER CHEMICAL SOC,2012
9075,10.1021/cg300218z,AMER CHEMICAL SOC,2012
9076,10.1021/cg300237e,AMER CHEMICAL SOC,2012
9077,10.1021/cg300256k,AMER CHEMICAL SOC,2012
9078,10.1021/cg300261k,AMER CHEMICAL SOC,2012
9079,10.1021/cg300297p,AMER CHEMICAL SOC,2012
9080,10.1021/cg3003349,AMER CHEMICAL SOC,2012
9081,10.1021/cg3004323,AMER CHEMICAL SOC,2012
9082,10.1021/cg300440t,AMER CHEMICAL SOC,2012
9083,10.1021/cg300461v,AMER CHEMICAL SOC,2012
9084,10.1021/cg300476e,AMER CHEMICAL SOC,2012
9085,10.1021/cg300540d,AMER CHEMICAL SOC,2012
9086,10.1021/cg300541n,AMER CHEMICAL SOC,2012
9087,10.1021/cg300552w,AMER CHEMICAL SOC,2012
9088,10.1021/cg300678h,AMER CHEMICAL SOC,2012
9089,10.1021/cg3006794,AMER CHEMICAL SOC,2012
9090,10.1021/cg300692y,AMER CHEMICAL SOC,2012
9091,10.1021/cg300770b,AMER CHEMICAL SOC,2012
9092,10.1021/cg300800h,AMER CHEMICAL SOC,2012
9093,10.1021/cg300829c,AMER CHEMICAL SOC,2012
9094,10.1021/cg3008602,AMER CHEMICAL SOC,2012
9095,10.1021/cg300900m,AMER CHEMICAL SOC,2012
9096,10.1021/cg3009249,AMER CHEMICAL SOC,2013
9097,10.1021/cg300932a,AMER CHEMICAL SOC,2012
9098,10.1021/cg300979c,AMER CHEMICAL SOC,2012
9099,10.1021/cg301041n,AMER CHEMICAL SOC,2012
9100,10.1021/cg301047w,AMER CHEMICAL SOC,2012
9101,10.1021/cg301096d,AMER CHEMICAL SOC,2012
9102,10.1021/cg301146u,AMER CHEMICAL SOC,2013
9103,10.1021/cg301148p,AMER CHEMICAL SOC,2012
9104,10.1021/cg301161c,AMER CHEMICAL SOC,2013
9105,10.1021/cg3011844,AMER CHEMICAL SOC,2012
9106,10.1021/cg301224z,AMER CHEMICAL SOC,2013
9107,10.1021/cg301256g,AMER CHEMICAL SOC,2012
9108,10.1021/cg301312v,AMER CHEMICAL SOC,2013
9109,10.1021/cg301321r,AMER CHEMICAL SOC,2013
9110,10.1021/cg3013393,AMER CHEMICAL SOC,2013
9111,10.1021/cg301347t,AMER CHEMICAL SOC,2013
9112,10.1021/cg301405r,AMER CHEMICAL SOC,2013
9113,10.1021/cg3014317,AMER CHEMICAL SOC,2012
9114,10.1021/cg3014464,AMER CHEMICAL SOC,2013
9115,10.1021/cg301480s,AMER CHEMICAL SOC,2013
9116,10.1021/cg301502u,AMER CHEMICAL SOC,2013
9117,10.1021/cg3015354,AMER CHEMICAL SOC,2013
9118,10.1021/cg301573c,AMER CHEMICAL SOC,2013
9119,10.1021/cg301577a,AMER CHEMICAL SOC,2013
9120,10.1021/cg301600x,AMER CHEMICAL SOC,2013
9121,10.1021/cg301668g,AMER CHEMICAL SOC,2013
9122,10.1021/cg301691d,AMER CHEMICAL SOC,2013
9123,10.1021/cg301725z,AMER CHEMICAL SOC,2013
9124,10.1021/cg3017358,AMER CHEMICAL SOC,2013
9125,10.1021/cg301738p,AMER CHEMICAL SOC,2013
9126,10.1021/cg3018387,AMER CHEMICAL SOC,2013
9127,10.1021/cg301875z,AMER CHEMICAL SOC,2013
9128,10.1021/cg400015v,AMER CHEMICAL SOC,2013
9129,10.1021/cg4000654,AMER CHEMICAL SOC,2013
9130,10.1021/cg400180j,AMER CHEMICAL SOC,2013
9131,10.1021/cg400183s,AMER CHEMICAL SOC,2013
9132,10.1021/cg400191x,AMER CHEMICAL SOC,2013
9133,10.1021/cg4002362,AMER CHEMICAL SOC,2013
9134,10.1021/cg400369a,AMER CHEMICAL SOC,2013
9135,10.1021/cg4003803,AMER CHEMICAL SOC,2013
9136,10.1021/cg400394d,AMER CHEMICAL SOC,2013
9137,10.1021/cg400399v,AMER CHEMICAL SOC,2013
9138,10.1021/cg400426m,AMER CHEMICAL SOC,2013
9139,10.1021/cg400454c,AMER CHEMICAL SOC,2013
9140,10.1021/cg400490y,AMER CHEMICAL SOC,2013
9141,10.1021/cg400500t,AMER CHEMICAL SOC,2013
9142,10.1021/cg400579w,AMER CHEMICAL SOC,2013
9143,10.1021/cg400680r,AMER CHEMICAL SOC,2013
9144,10.1021/cg4007789,AMER CHEMICAL SOC,2013
9145,10.1021/cg400801s,AMER CHEMICAL SOC,2013
9146,10.1021/cg4008679,AMER CHEMICAL SOC,2013
9147,10.1021/cg400929z,AMER CHEMICAL SOC,2013
9148,10.1021/cg400934z,AMER CHEMICAL SOC,2013
9149,10.1021/cg4009625,AMER CHEMICAL SOC,2013
9150,10.1021/cg4009703,AMER CHEMICAL SOC,2013
9151,10.1021/cg401006d,AMER CHEMICAL SOC,2013
9152,10.1021/cg401022z,AMER CHEMICAL SOC,2013
9153,10.1021/cg401036e,AMER CHEMICAL SOC,2013
9154,10.1021/cg401062f,AMER CHEMICAL SOC,2013
9155,10.1021/cg401106z,AMER CHEMICAL SOC,2013
9156,10.1021/cg4011289,AMER CHEMICAL SOC,2013
9157,10.1021/cg4012058,AMER CHEMICAL SOC,2013
9158,10.1021/cg401286a,AMER CHEMICAL SOC,2013
9159,10.1021/cg4013944,AMER CHEMICAL SOC,2014
9160,10.1021/cg4014416,AMER CHEMICAL SOC,2014
9161,10.1021/cg401459a,AMER CHEMICAL SOC,2014
9162,10.1021/cg4014619,AMER CHEMICAL SOC,2013
9163,10.1021/cg4014625,AMER CHEMICAL SOC,2014
9164,10.1021/cg401469f,AMER CHEMICAL SOC,2013
9165,10.1021/cg401519w,AMER CHEMICAL SOC,2014
9166,10.1021/cg401540s,AMER CHEMICAL SOC,2014
9167,10.1021/cg401587r,AMER CHEMICAL SOC,2014
9168,10.1021/cg401601d,AMER CHEMICAL SOC,2014
9169,10.1021/cg401692e,AMER CHEMICAL SOC,2014
9170,10.1021/cg4016977,AMER CHEMICAL SOC,2014
9171,10.1021/cg401768u,AMER CHEMICAL SOC,2014
9172,10.1021/cg401802s,AMER CHEMICAL SOC,2014
9173,10.1021/cg401804e,AMER CHEMICAL SOC,2014
9174,10.1021/cg401825f,AMER CHEMICAL SOC,2014
9175,10.1021/cg4018536,AMER CHEMICAL SOC,2014
9176,10.1021/cg4019053,AMER CHEMICAL SOC,2014
9177,10.1021/cg500003u,AMER CHEMICAL SOC,2014
9178,10.1021/cg500149s,AMER CHEMICAL SOC,2014
9179,10.1021/cg500158c,AMER CHEMICAL SOC,2014
9180,10.1021/cg500162x,AMER CHEMICAL SOC,2014
9181,10.1021/cg500197v,AMER CHEMICAL SOC,2014
9182,10.1021/cg500350a,AMER CHEMICAL SOC,2014
9183,10.1021/cg500477s,AMER CHEMICAL SOC,2014
9184,10.1021/cg5005352,AMER CHEMICAL SOC,2014
9185,10.1021/cg500557r,AMER CHEMICAL SOC,2014
9186,10.1021/cg500632d,AMER CHEMICAL SOC,2014
9187,10.1021/cg500675g,AMER CHEMICAL SOC,2014
9188,10.1021/cg500677t,AMER CHEMICAL SOC,2014
9189,10.1021/cg500716d,AMER CHEMICAL SOC,2014
9190,10.1021/cg5007346,AMER CHEMICAL SOC,2014
9191,10.1021/cg5007499,AMER CHEMICAL SOC,2014
9192,10.1021/cg500815v,AMER CHEMICAL SOC,2014
9193,10.1021/cg500882z,AMER CHEMICAL SOC,2014
9194,10.1021/cg500898c,AMER CHEMICAL SOC,2014
9195,10.1021/cg500978s,AMER CHEMICAL SOC,2014
9196,10.1021/cg501004u,AMER CHEMICAL SOC,2014
9197,10.1021/cg501066s,AMER CHEMICAL SOC,2014
9198,10.1021/cg501073e,AMER CHEMICAL SOC,2014
9199,10.1021/cg501089f,AMER CHEMICAL SOC,2014
9200,10.1021/cg501141m,AMER CHEMICAL SOC,2015
9201,10.1021/cg501142v,AMER CHEMICAL SOC,2014
9202,10.1021/cg501143z,AMER CHEMICAL SOC,2014
9203,10.1021/cg5012617,AMER CHEMICAL SOC,2014
9204,10.1021/cg501273b,AMER CHEMICAL SOC,2015
9205,10.1021/cg501284y,AMER CHEMICAL SOC,2014
9206,10.1021/cg501285q,AMER CHEMICAL SOC,2014
9207,10.1021/cg501355t,AMER CHEMICAL SOC,2014
9208,10.1021/cg5013796,AMER CHEMICAL SOC,2015
9209,10.1021/cg501386j,AMER CHEMICAL SOC,2014
9210,10.1021/cg501398c,AMER CHEMICAL SOC,2014
9211,10.1021/cg501425x,AMER CHEMICAL SOC,2014
9212,10.1021/cg501430x,AMER CHEMICAL SOC,2015
9213,10.1021/cg501502r,AMER CHEMICAL SOC,2014
9214,10.1021/cg501551y,AMER CHEMICAL SOC,2015
9215,10.1021/cg501604c,AMER CHEMICAL SOC,2015
9216,10.1021/cg501644z,AMER CHEMICAL SOC,2015
9217,10.1021/cg501706t,AMER CHEMICAL SOC,2015
9218,10.1021/cg501708b,AMER CHEMICAL SOC,2015
9219,10.1021/cg501741r,AMER CHEMICAL SOC,2015
9220,10.1021/cg501768f,AMER CHEMICAL SOC,2015
9221,10.1021/cg501787m,AMER CHEMICAL SOC,2015
9222,10.1021/cg5018054,AMER CHEMICAL SOC,2015
9223,10.1021/cg501828u,AMER CHEMICAL SOC,2015
9224,10.1021/cg501855k,AMER CHEMICAL SOC,2015
9225,10.1021/cg5018592,AMER CHEMICAL SOC,2015
9226,10.1021/cg700731d,AMER CHEMICAL SOC,2008
9227,10.1021/cg700741v,AMER CHEMICAL SOC,2007
9228,10.1021/cg700758c,AMER CHEMICAL SOC,2008
9229,10.1021/cg700822y,AMER CHEMICAL SOC,2008
9230,10.1021/cg700979r,AMER CHEMICAL SOC,2008
9231,10.1021/cg701041k,AMER CHEMICAL SOC,2008
9232,10.1021/cg701164u,AMER CHEMICAL SOC,2009
9233,10.1021/cg8000398,AMER CHEMICAL SOC,2008
9234,10.1021/cg800181q,AMER CHEMICAL SOC,2008
9235,10.1021/cg8001898,AMER CHEMICAL SOC,2008
9236,10.1021/cg800248b,AMER CHEMICAL SOC,2008
9237,10.1021/cg800289c,AMER CHEMICAL SOC,2008
9238,10.1021/cg800424t,AMER CHEMICAL SOC,2008
9239,10.1021/cg800531y,AMER CHEMICAL SOC,2009
9240,10.1021/cg8005597,AMER CHEMICAL SOC,2008
9241,10.1021/cg800640u,AMER CHEMICAL SOC,2008
9242,10.1021/cg800661g,AMER CHEMICAL SOC,2009
9243,10.1021/cg800732e,AMER CHEMICAL SOC,2009
9244,10.1021/cg8007393,AMER CHEMICAL SOC,2009
9245,10.1021/cg800747t,AMER CHEMICAL SOC,2009
9246,10.1021/cg800769z,AMER CHEMICAL SOC,2009
9247,10.1021/cg8009157,AMER CHEMICAL SOC,2009
9248,10.1021/cg8009546,AMER CHEMICAL SOC,2009
9249,10.1021/cg801120y,AMER CHEMICAL SOC,2009
9250,10.1021/cg8011266,AMER CHEMICAL SOC,2009
9251,10.1021/cg801157k,AMER CHEMICAL SOC,2009
9252,10.1021/cg801193r,AMER CHEMICAL SOC,2009
9253,10.1021/cg801243a,AMER CHEMICAL SOC,2009
9254,10.1021/cg801321e,AMER CHEMICAL SOC,2009
9255,10.1021/cg801348n,AMER CHEMICAL SOC,2009
9256,10.1021/cg801381p,AMER CHEMICAL SOC,2009
9257,10.1021/cg8014157,AMER CHEMICAL SOC,2009
9258,10.1021/cg900059m,AMER CHEMICAL SOC,2009
9259,10.1021/cg900078s,AMER CHEMICAL SOC,2009
9260,10.1021/cg900079p,AMER CHEMICAL SOC,2009
9261,10.1021/cg9001175,AMER CHEMICAL SOC,2009
9262,10.1021/cg900195f,AMER CHEMICAL SOC,2009
9263,10.1021/cg900220g,AMER CHEMICAL SOC,2009
9264,10.1021/cg900276g,AMER CHEMICAL SOC,2009
9265,10.1021/cg900299v,AMER CHEMICAL SOC,2010
9266,10.1021/cg900349c,AMER CHEMICAL SOC,2009
9267,10.1021/cg900352e,AMER CHEMICAL SOC,2009
9268,10.1021/cg900397r,AMER CHEMICAL SOC,2009
9269,10.1021/cg900400t,AMER CHEMICAL SOC,2009
9270,10.1021/cg900552b,AMER CHEMICAL SOC,2009
9271,10.1021/cg900579s,AMER CHEMICAL SOC,2010
9272,10.1021/cg900613p,AMER CHEMICAL SOC,2009
9273,10.1021/cg9006229,AMER CHEMICAL SOC,2010
9274,10.1021/cg9006372,AMER CHEMICAL SOC,2009
9275,10.1021/cg900659r,AMER CHEMICAL SOC,2009
9276,10.1021/cg900676x,AMER CHEMICAL SOC,2009
9277,10.1021/cg900694k,AMER CHEMICAL SOC,2010
9278,10.1021/cg900705c,AMER CHEMICAL SOC,2009
9279,10.1021/cg9007119,AMER CHEMICAL SOC,2009
9280,10.1021/cg900734d,AMER CHEMICAL SOC,2009
9281,10.1021/cg9007476,AMER CHEMICAL SOC,2010
9282,10.1021/cg900788h,AMER CHEMICAL SOC,2009
9283,10.1021/cg900811k,AMER CHEMICAL SOC,2009
9284,10.1021/cg900828v,AMER CHEMICAL SOC,2009
9285,10.1021/cg9008366,AMER CHEMICAL SOC,2010
9286,10.1021/cg9008834,AMER CHEMICAL SOC,2009
9287,10.1021/cg900896w,AMER CHEMICAL SOC,2010
9288,10.1021/cg900937e,AMER CHEMICAL SOC,2010
9289,10.1021/cg900943x,AMER CHEMICAL SOC,2010
9290,10.1021/cg900980y,AMER CHEMICAL SOC,2010
9291,10.1021/cg900990w,AMER CHEMICAL SOC,2010
9292,10.1021/cg9010482,AMER CHEMICAL SOC,2010
9293,10.1021/cg901075r,AMER CHEMICAL SOC,2010
9294,10.1021/cg9011247,AMER CHEMICAL SOC,2010
9295,10.1021/cg901128k,AMER CHEMICAL SOC,2010
9296,10.1021/cg901170j,AMER CHEMICAL SOC,2010
9297,10.1021/cg901182c,AMER CHEMICAL SOC,2010
9298,10.1021/cg9011857,AMER CHEMICAL SOC,2010
9299,10.1021/cg9012262,AMER CHEMICAL SOC,2010
9300,10.1021/cg901259e,AMER CHEMICAL SOC,2010
9301,10.1021/cg901264e,AMER CHEMICAL SOC,2010
9302,10.1021/cg9012735,AMER CHEMICAL SOC,2010
9303,10.1021/cg9012763,AMER CHEMICAL SOC,2010
9304,10.1021/cg9012894,AMER CHEMICAL SOC,2010
9305,10.1021/cg901332m,AMER CHEMICAL SOC,2010
9306,10.1021/cg9013366,AMER CHEMICAL SOC,2009
9307,10.1021/cg9013398,AMER CHEMICAL SOC,2010
9308,10.1021/cg901347p,AMER CHEMICAL SOC,2010
9309,10.1021/cg9013812,AMER CHEMICAL SOC,2010
9310,10.1021/cg901403b,AMER CHEMICAL SOC,2010
9311,10.1021/cg9014064,AMER CHEMICAL SOC,2010
9312,10.1021/cg901480y,AMER CHEMICAL SOC,2010
9313,10.1021/cg9014948,AMER CHEMICAL SOC,2010
9314,10.1021/cg901545k,AMER CHEMICAL SOC,2010
9315,10.1021/cg901562d,AMER CHEMICAL SOC,2010
9316,10.1021/cg901571m,AMER CHEMICAL SOC,2010
9317,10.1021/cg901605j,AMER CHEMICAL SOC,2010
9318,10.1021/cm0202714,AMER CHEMICAL SOC,2002
9319,10.1021/cm051829l,AMER CHEMICAL SOC,2006
9320,10.1021/cm0616432,AMER CHEMICAL SOC,2007
9321,10.1021/cm0623918,AMER CHEMICAL SOC,2007
9322,10.1021/cm071689a,AMER CHEMICAL SOC,2007
9323,10.1021/cm1012119,AMER CHEMICAL SOC,2010
9324,10.1021/cm101519s,AMER CHEMICAL SOC,2011
9325,10.1021/cm101778g,AMER CHEMICAL SOC,2010
9326,10.1021/cm101943e,AMER CHEMICAL SOC,2010
9327,10.1021/cm1021068,AMER CHEMICAL SOC,2010
9328,10.1021/cm102601v,AMER CHEMICAL SOC,2010
9329,10.1021/cm103571y,AMER CHEMICAL SOC,2011
9330,10.1021/cm103644b,AMER CHEMICAL SOC,2011
9331,10.1021/cm2004352,AMER CHEMICAL SOC,2011
9332,10.1021/cm2008889,AMER CHEMICAL SOC,2012
9333,10.1021/cm2021092,AMER CHEMICAL SOC,2011
9334,10.1021/cm2034382,AMER CHEMICAL SOC,2012
9335,10.1021/cm300407h,AMER CHEMICAL SOC,2012
9336,10.1021/cm300439e,AMER CHEMICAL SOC,2012
9337,10.1021/cm300450x,AMER CHEMICAL SOC,2012
9338,10.1021/cm3006953,AMER CHEMICAL SOC,2012
9339,10.1021/cm301726k,AMER CHEMICAL SOC,2012
9340,10.1021/cm3025445,AMER CHEMICAL SOC,2013
9341,10.1021/cm302585r,AMER CHEMICAL SOC,2013
9342,10.1021/cm302995w,AMER CHEMICAL SOC,2013
9343,10.1021/cm400116h,AMER CHEMICAL SOC,2013
9344,10.1021/cm4025843,AMER CHEMICAL SOC,2013
9345,10.1021/cm404155s,AMER CHEMICAL SOC,2014
9346,10.1021/cm500269e,AMER CHEMICAL SOC,2014
9347,10.1021/cm501922h,AMER CHEMICAL SOC,2014
9348,10.1021/cm5027859,AMER CHEMICAL SOC,2014
9349,10.1021/cm502882a,AMER CHEMICAL SOC,2015
9350,10.1021/cm502920f,AMER CHEMICAL SOC,2014
9351,10.1021/cm503924h,AMER CHEMICAL SOC,2014
9352,10.1021/cm504362j,AMER CHEMICAL SOC,2015
9353,10.1021/cm504623r,AMER CHEMICAL SOC,2015
9354,10.1021/cm504806p,AMER CHEMICAL SOC,2015
9355,10.1021/cm703339h,AMER CHEMICAL SOC,2008
9356,10.1021/cm802157r,AMER CHEMICAL SOC,2008
9357,10.1021/cm8029517,AMER CHEMICAL SOC,2009
9358,10.1021/cm8032324,AMER CHEMICAL SOC,2009
9359,10.1021/cm803502y,AMER CHEMICAL SOC,2009
9360,10.1021/cm9014749,AMER CHEMICAL SOC,2009
9361,10.1021/cm9023106,AMER CHEMICAL SOC,2009
9362,10.1021/cm9032308,AMER CHEMICAL SOC,2010
9363,10.1021/cm990612m,AMER CHEMICAL SOC,2000
9364,10.1021/cs200351p,AMER CHEMICAL SOC,2011
9365,10.1021/cs200530e,AMER CHEMICAL SOC,2012
9366,10.1021/cs200638h,AMER CHEMICAL SOC,2012
9367,10.1021/cs400959k,AMER CHEMICAL SOC,2014
9368,10.1021/cs401189a,AMER CHEMICAL SOC,2014
9369,10.1021/cs500259b,AMER CHEMICAL SOC,2014
9370,10.1021/cs5006635,AMER CHEMICAL SOC,2014
9371,10.1021/cs501822r,AMER CHEMICAL SOC,2015
9372,10.1021/ed3000099,AMER CHEMICAL SOC,2013
9373,10.1021/ic000209d,AMER CHEMICAL SOC,2000
9374,10.1021/ic010528k,AMER CHEMICAL SOC,2001
9375,10.1021/ic011192h,AMER CHEMICAL SOC,2002
9376,10.1021/ic015631o,AMER CHEMICAL SOC,2002
9377,10.1021/ic026306j,AMER CHEMICAL SOC,2003
9378,10.1021/ic035422z,AMER CHEMICAL SOC,2004
9379,10.1021/ic048755k,AMER CHEMICAL SOC,2005
9380,10.1021/ic048816e,AMER CHEMICAL SOC,2005
9381,10.1021/ic049030j,AMER CHEMICAL SOC,2005
9382,10.1021/ic049498m,AMER CHEMICAL SOC,2005
9383,10.1021/ic049794z,AMER CHEMICAL SOC,2004
9384,10.1021/ic050024c,AMER CHEMICAL SOC,2005
9385,10.1021/ic0504137,AMER CHEMICAL SOC,2005
9386,10.1021/ic050644d,AMER CHEMICAL SOC,2005
9387,10.1021/ic050999x,AMER CHEMICAL SOC,2006
9388,10.1021/ic051143v,AMER CHEMICAL SOC,2005
9389,10.1021/ic051457i,AMER CHEMICAL SOC,2006
9390,10.1021/ic051690g,AMER CHEMICAL SOC,2006
9391,10.1021/ic0518881,AMER CHEMICAL SOC,2006
9392,10.1021/ic051900p,AMER CHEMICAL SOC,2006
9393,10.1021/ic051925o,AMER CHEMICAL SOC,2006
9394,10.1021/ic051992i,AMER CHEMICAL SOC,2006
9395,10.1021/ic0520418,AMER CHEMICAL SOC,2006
9396,10.1021/ic060001d,AMER CHEMICAL SOC,2006
9397,10.1021/ic060004q,AMER CHEMICAL SOC,2006
9398,10.1021/ic060030o,AMER CHEMICAL SOC,2006
9399,10.1021/ic060074x,AMER CHEMICAL SOC,2006
9400,10.1021/ic060221r,AMER CHEMICAL SOC,2006
9401,10.1021/ic060241t,AMER CHEMICAL SOC,2006
9402,10.1021/ic060297n,AMER CHEMICAL SOC,2006
9403,10.1021/ic0604462,AMER CHEMICAL SOC,2006
9404,10.1021/ic060543v,AMER CHEMICAL SOC,2006
9405,10.1021/ic060550j,AMER CHEMICAL SOC,2006
9406,10.1021/ic060771p,AMER CHEMICAL SOC,2006
9407,10.1021/ic060787f,AMER CHEMICAL SOC,2006
9408,10.1021/ic0615271,AMER CHEMICAL SOC,2007
9409,10.1021/ic061620p,AMER CHEMICAL SOC,2007
9410,10.1021/ic061664y,AMER CHEMICAL SOC,2006
9411,10.1021/ic061666i,AMER CHEMICAL SOC,2007
9412,10.1021/ic0617644,AMER CHEMICAL SOC,2007
9413,10.1021/ic0617689,AMER CHEMICAL SOC,2007
9414,10.1021/ic062019u,AMER CHEMICAL SOC,2007
9415,10.1021/ic062098+,AMER CHEMICAL SOC,2007
9416,10.1021/ic062236v,AMER CHEMICAL SOC,2007
9417,10.1021/ic070036t,AMER CHEMICAL SOC,2007
9418,10.1021/ic070132u,AMER CHEMICAL SOC,2007
9419,10.1021/ic070291d,AMER CHEMICAL SOC,2007
9420,10.1021/ic1001495,AMER CHEMICAL SOC,2010
9421,10.1021/ic100179q,AMER CHEMICAL SOC,2010
9422,10.1021/ic100181d,AMER CHEMICAL SOC,2010
9423,10.1021/ic100188w,AMER CHEMICAL SOC,2010
9424,10.1021/ic100205n,AMER CHEMICAL SOC,2010
9425,10.1021/ic100610t,AMER CHEMICAL SOC,2010
9426,10.1021/ic100694w,AMER CHEMICAL SOC,2010
9427,10.1021/ic1007445,AMER CHEMICAL SOC,2010
9428,10.1021/ic100749k,AMER CHEMICAL SOC,2010
9429,10.1021/ic1008494,AMER CHEMICAL SOC,2010
9430,10.1021/ic100880j,AMER CHEMICAL SOC,2010
9431,10.1021/ic100928t,AMER CHEMICAL SOC,2010
9432,10.1021/ic1009829,AMER CHEMICAL SOC,2010
9433,10.1021/ic101089n,AMER CHEMICAL SOC,2010
9434,10.1021/ic101112b,AMER CHEMICAL SOC,2011
9435,10.1021/ic101125m,AMER CHEMICAL SOC,2010
9436,10.1021/ic101128w,AMER CHEMICAL SOC,2010
9437,10.1021/ic101213q,AMER CHEMICAL SOC,2010
9438,10.1021/ic1017246,AMER CHEMICAL SOC,2011
9439,10.1021/ic1017467,AMER CHEMICAL SOC,2010
9440,10.1021/ic101783z,AMER CHEMICAL SOC,2011
9441,10.1021/ic101786r,AMER CHEMICAL SOC,2010
9442,10.1021/ic1019636,AMER CHEMICAL SOC,2011
9443,10.1021/ic102181h,AMER CHEMICAL SOC,2011
9444,10.1021/ic102207n,AMER CHEMICAL SOC,2011
9445,10.1021/ic102472u,AMER CHEMICAL SOC,2011
9446,10.1021/ic200054b,AMER CHEMICAL SOC,2011
9447,10.1021/ic2002546,AMER CHEMICAL SOC,2011
9448,10.1021/ic200381f,AMER CHEMICAL SOC,2011
9449,10.1021/ic2004485,AMER CHEMICAL SOC,2011
9450,10.1021/ic200463k,AMER CHEMICAL SOC,2011
9451,10.1021/ic200592s,AMER CHEMICAL SOC,2011
9452,10.1021/ic2008842,AMER CHEMICAL SOC,2011
9453,10.1021/ic2011666,AMER CHEMICAL SOC,2011
9454,10.1021/ic201219g,AMER CHEMICAL SOC,2011
9455,10.1021/ic201238n,AMER CHEMICAL SOC,2011
9456,10.1021/ic201376t,AMER CHEMICAL SOC,2011
9457,10.1021/ic201571n,AMER CHEMICAL SOC,2011
9458,10.1021/ic201779a,AMER CHEMICAL SOC,2012
9459,10.1021/ic201814g,AMER CHEMICAL SOC,2011
9460,10.1021/ic201883f,AMER CHEMICAL SOC,2011
9461,10.1021/ic2019346,AMER CHEMICAL SOC,2012
9462,10.1021/ic201982d,AMER CHEMICAL SOC,2012
9463,10.1021/ic201986m,AMER CHEMICAL SOC,2012
9464,10.1021/ic202063h,AMER CHEMICAL SOC,2012
9465,10.1021/ic202082w,AMER CHEMICAL SOC,2012
9466,10.1021/ic2020989,AMER CHEMICAL SOC,2012
9467,10.1021/ic2020995,AMER CHEMICAL SOC,2012
9468,10.1021/ic2023105,AMER CHEMICAL SOC,2012
9469,10.1021/ic2023727,AMER CHEMICAL SOC,2012
9470,10.1021/ic2024296,AMER CHEMICAL SOC,2012
9471,10.1021/ic202589s,AMER CHEMICAL SOC,2012
9472,10.1021/ic202624e,AMER CHEMICAL SOC,2012
9473,10.1021/ic202635a,AMER CHEMICAL SOC,2012
9474,10.1021/ic300083k,AMER CHEMICAL SOC,2012
9475,10.1021/ic300134z,AMER CHEMICAL SOC,2012
9476,10.1021/ic300546z,AMER CHEMICAL SOC,2012
9477,10.1021/ic300629v,AMER CHEMICAL SOC,2012
9478,10.1021/ic300825s,AMER CHEMICAL SOC,2012
9479,10.1021/ic300854b,AMER CHEMICAL SOC,2012
9480,10.1021/ic3009392,AMER CHEMICAL SOC,2012
9481,10.1021/ic301187y,AMER CHEMICAL SOC,2012
9482,10.1021/ic301257k,AMER CHEMICAL SOC,2013
9483,10.1021/ic301423c,AMER CHEMICAL SOC,2013
9484,10.1021/ic301482e,AMER CHEMICAL SOC,2012
9485,10.1021/ic3016673,AMER CHEMICAL SOC,2012
9486,10.1021/ic301857h,AMER CHEMICAL SOC,2013
9487,10.1021/ic3018858,AMER CHEMICAL SOC,2013
9488,10.1021/ic301976s,AMER CHEMICAL SOC,2012
9489,10.1021/ic302006x,AMER CHEMICAL SOC,2013
9490,10.1021/ic302010e,AMER CHEMICAL SOC,2013
9491,10.1021/ic302011x,AMER CHEMICAL SOC,2012
9492,10.1021/ic3020223,AMER CHEMICAL SOC,2013
9493,10.1021/ic3022485,AMER CHEMICAL SOC,2013
9494,10.1021/ic302318j,AMER CHEMICAL SOC,2013
9495,10.1021/ic302411r,AMER CHEMICAL SOC,2013
9496,10.1021/ic302528b,AMER CHEMICAL SOC,2013
9497,10.1021/ic3026304,AMER CHEMICAL SOC,2013
9498,10.1021/ic302662x,AMER CHEMICAL SOC,2013
9499,10.1021/ic302716n,AMER CHEMICAL SOC,2013
9500,10.1021/ic302725v,AMER CHEMICAL SOC,2013
9501,10.1021/ic3027804,AMER CHEMICAL SOC,2013
9502,10.1021/ic400536e,AMER CHEMICAL SOC,2013
9503,10.1021/ic4007718,AMER CHEMICAL SOC,2013
9504,10.1021/ic400825b,AMER CHEMICAL SOC,2013
9505,10.1021/ic4008334,AMER CHEMICAL SOC,2013
9506,10.1021/ic400853r,AMER CHEMICAL SOC,2013
9507,10.1021/ic400857s,AMER CHEMICAL SOC,2013
9508,10.1021/ic401092j,AMER CHEMICAL SOC,2013
9509,10.1021/ic401305c,AMER CHEMICAL SOC,2013
9510,10.1021/ic401409b,AMER CHEMICAL SOC,2013
9511,10.1021/ic401657d,AMER CHEMICAL SOC,2013
9512,10.1021/ic4017189,AMER CHEMICAL SOC,2013
9513,10.1021/ic401765r,AMER CHEMICAL SOC,2013
9514,10.1021/ic4019597,AMER CHEMICAL SOC,2013
9515,10.1021/ic402012d,AMER CHEMICAL SOC,2013
9516,10.1021/ic402198a,AMER CHEMICAL SOC,2014
9517,10.1021/ic4022596,AMER CHEMICAL SOC,2014
9518,10.1021/ic402280p,AMER CHEMICAL SOC,2014
9519,10.1021/ic402338q,AMER CHEMICAL SOC,2014
9520,10.1021/ic4024234,AMER CHEMICAL SOC,2013
9521,10.1021/ic402467g,AMER CHEMICAL SOC,2014
9522,10.1021/ic402514n,AMER CHEMICAL SOC,2014
9523,10.1021/ic402598p,AMER CHEMICAL SOC,2014
9524,10.1021/ic402803s,AMER CHEMICAL SOC,2014
9525,10.1021/ic402858u,AMER CHEMICAL SOC,2014
9526,10.1021/ic402867x,AMER CHEMICAL SOC,2014
9527,10.1021/ic403148f,AMER CHEMICAL SOC,2014
9528,10.1021/ic5001232,AMER CHEMICAL SOC,2014
9529,10.1021/ic500234r,AMER CHEMICAL SOC,2014
9530,10.1021/ic500434a,AMER CHEMICAL SOC,2014
9531,10.1021/ic5005769,AMER CHEMICAL SOC,2014
9532,10.1021/ic500607a,AMER CHEMICAL SOC,2014
9533,10.1021/ic5006659,AMER CHEMICAL SOC,2014
9534,10.1021/ic5008457,AMER CHEMICAL SOC,2014
9535,10.1021/ic501013x,AMER CHEMICAL SOC,2014
9536,10.1021/ic5010769,AMER CHEMICAL SOC,2014
9537,10.1021/ic501253c,AMER CHEMICAL SOC,2014
9538,10.1021/ic501395p,AMER CHEMICAL SOC,2014
9539,10.1021/ic501459m,AMER CHEMICAL SOC,2014
9540,10.1021/ic501467w,AMER CHEMICAL SOC,2014
9541,10.1021/ic501492c,AMER CHEMICAL SOC,2014
9542,10.1021/ic5016803,AMER CHEMICAL SOC,2014
9543,10.1021/ic5017092,AMER CHEMICAL SOC,2014
9544,10.1021/ic501801f,AMER CHEMICAL SOC,2014
9545,10.1021/ic501849g,AMER CHEMICAL SOC,2014
9546,10.1021/ic5018517,AMER CHEMICAL SOC,2015
9547,10.1021/ic501978u,AMER CHEMICAL SOC,2014
9548,10.1021/ic5021302,AMER CHEMICAL SOC,2015
9549,10.1021/ic502207f,AMER CHEMICAL SOC,2015
9550,10.1021/ic502242j,AMER CHEMICAL SOC,2015
9551,10.1021/ic502316v,AMER CHEMICAL SOC,2015
9552,10.1021/ic5023467,AMER CHEMICAL SOC,2014
9553,10.1021/ic502369y,AMER CHEMICAL SOC,2015
9554,10.1021/ic502380q,AMER CHEMICAL SOC,2015
9555,10.1021/ic502643m,AMER CHEMICAL SOC,2015
9556,10.1021/ic502697y,AMER CHEMICAL SOC,2015
9557,10.1021/ic502725y,AMER CHEMICAL SOC,2015
9558,10.1021/ic502772k,AMER CHEMICAL SOC,2015
9559,10.1021/ic502921j,AMER CHEMICAL SOC,2015
9560,10.1021/ic7004979,AMER CHEMICAL SOC,2007
9561,10.1021/ic700597k,AMER CHEMICAL SOC,2007
9562,10.1021/ic700790h,AMER CHEMICAL SOC,2007
9563,10.1021/ic700893w,AMER CHEMICAL SOC,2007
9564,10.1021/ic701104s,AMER CHEMICAL SOC,2007
9565,10.1021/ic701346x,AMER CHEMICAL SOC,2008
9566,10.1021/ic701393w,AMER CHEMICAL SOC,2007
9567,10.1021/ic701440x,AMER CHEMICAL SOC,2007
9568,10.1021/ic7016159,AMER CHEMICAL SOC,2007
9569,10.1021/ic701721t,AMER CHEMICAL SOC,2008
9570,10.1021/ic701828w,AMER CHEMICAL SOC,2008
9571,10.1021/ic701865k,AMER CHEMICAL SOC,2008
9572,10.1021/ic701917w,AMER CHEMICAL SOC,2008
9573,10.1021/ic7023082,AMER CHEMICAL SOC,2008
9574,10.1021/ic800071g,AMER CHEMICAL SOC,2008
9575,10.1021/ic8001042,AMER CHEMICAL SOC,2008
9576,10.1021/ic800131r,AMER CHEMICAL SOC,2008
9577,10.1021/ic8005184,AMER CHEMICAL SOC,2008
9578,10.1021/ic800538r,AMER CHEMICAL SOC,2008
9579,10.1021/ic800632r,AMER CHEMICAL SOC,2009
9580,10.1021/ic800635u,AMER CHEMICAL SOC,2008
9581,10.1021/ic800702d,AMER CHEMICAL SOC,2008
9582,10.1021/ic800761h,AMER CHEMICAL SOC,2008
9583,10.1021/ic800777r,AMER CHEMICAL SOC,2008
9584,10.1021/ic8007798,AMER CHEMICAL SOC,2008
9585,10.1021/ic801026y,AMER CHEMICAL SOC,2008
9586,10.1021/ic8010458,AMER CHEMICAL SOC,2009
9587,10.1021/ic801053p,AMER CHEMICAL SOC,2008
9588,10.1021/ic801221r,AMER CHEMICAL SOC,2008
9589,10.1021/ic801329g,AMER CHEMICAL SOC,2008
9590,10.1021/ic801624v,AMER CHEMICAL SOC,2008
9591,10.1021/ic801631w,AMER CHEMICAL SOC,2009
9592,10.1021/ic801734x,AMER CHEMICAL SOC,2009
9593,10.1021/ic801779j,AMER CHEMICAL SOC,2009
9594,10.1021/ic801906e,AMER CHEMICAL SOC,2009
9595,10.1021/ic801948z,AMER CHEMICAL SOC,2009
9596,10.1021/ic8020518,AMER CHEMICAL SOC,2009
9597,10.1021/ic802160a,AMER CHEMICAL SOC,2009
9598,10.1021/ic802294e,AMER CHEMICAL SOC,2009
9599,10.1021/ic8023265,AMER CHEMICAL SOC,2009
9600,10.1021/ic802457j,AMER CHEMICAL SOC,2009
9601,10.1021/ic9000945,AMER CHEMICAL SOC,2009
9602,10.1021/ic900217t,AMER CHEMICAL SOC,2009
9603,10.1021/ic900331m,AMER CHEMICAL SOC,2009
9604,10.1021/ic900372t,AMER CHEMICAL SOC,2009
9605,10.1021/ic9004533,AMER CHEMICAL SOC,2009
9606,10.1021/ic900478z,AMER CHEMICAL SOC,2009
9607,10.1021/ic900483z,AMER CHEMICAL SOC,2009
9608,10.1021/ic900611u,AMER CHEMICAL SOC,2009
9609,10.1021/ic900796n,AMER CHEMICAL SOC,2009
9610,10.1021/ic900919w,AMER CHEMICAL SOC,2009
9611,10.1021/ic9010778,AMER CHEMICAL SOC,2009
9612,10.1021/ic901133k,AMER CHEMICAL SOC,2009
9613,10.1021/ic901145d,AMER CHEMICAL SOC,2009
9614,10.1021/ic901530p,AMER CHEMICAL SOC,2009
9615,10.1021/ic901807k,AMER CHEMICAL SOC,2009
9616,10.1021/ic9019553,AMER CHEMICAL SOC,2010
9617,10.1021/ic902057d,AMER CHEMICAL SOC,2010
9618,10.1021/ic9021118,AMER CHEMICAL SOC,2010
9619,10.1021/ic9021257,AMER CHEMICAL SOC,2010
9620,10.1021/ic9021992,AMER CHEMICAL SOC,2010
9621,10.1021/ic902459f,AMER CHEMICAL SOC,2010
9622,10.1021/ic9024603,AMER CHEMICAL SOC,2010
9623,10.1021/ic902483m,AMER CHEMICAL SOC,2010
9624,10.1021/ic902548f,AMER CHEMICAL SOC,2010
9625,10.1021/ic961158g,AMER CHEMICAL SOC,1997
9626,10.1021/ic981123b,AMER CHEMICAL SOC,1999
9627,10.1021/ic991360u,AMER CHEMICAL SOC,2000
9628,10.1021/ja010825o,AMER CHEMICAL SOC,2001
9629,10.1021/ja042802q,AMER CHEMICAL SOC,2005
9630,10.1021/ja045123o,AMER CHEMICAL SOC,2005
9631,10.1021/ja0507408s,AMER CHEMICAL SOC,2014
9632,10.1021/ja051233z,AMER CHEMICAL SOC,2005
9633,10.1021/ja060946u,AMER CHEMICAL SOC,2006
9634,10.1021/ja0621086,AMER CHEMICAL SOC,2006
9635,10.1021/ja064343u,AMER CHEMICAL SOC,2006
9636,10.1021/ja0645483,AMER CHEMICAL SOC,2006
9637,10.1021/ja0675447,AMER CHEMICAL SOC,2007
9638,10.1021/ja0701917,AMER CHEMICAL SOC,2007
9639,10.1021/ja072599+,AMER CHEMICAL SOC,2007
9640,10.1021/ja0734952,AMER CHEMICAL SOC,2007
9641,10.1021/ja073506r,AMER CHEMICAL SOC,2007
9642,10.1021/ja073568h,AMER CHEMICAL SOC,2007
9643,10.1021/ja0752336,AMER CHEMICAL SOC,2007
9644,10.1021/ja0752540,AMER CHEMICAL SOC,2007
9645,10.1021/ja076167a,AMER CHEMICAL SOC,2007
9646,10.1021/ja076210u,AMER CHEMICAL SOC,2007
9647,10.1021/ja076877g,AMER CHEMICAL SOC,2007
9648,10.1021/ja102134c,AMER CHEMICAL SOC,2010
9649,10.1021/ja104083y,AMER CHEMICAL SOC,2010
9650,10.1021/ja104926h,AMER CHEMICAL SOC,2010
9651,10.1021/ja105089w,AMER CHEMICAL SOC,2010
9652,10.1021/ja1080794,AMER CHEMICAL SOC,2010
9653,10.1021/ja109317e,AMER CHEMICAL SOC,2011
9654,10.1021/ja1097995,AMER CHEMICAL SOC,2011
9655,10.1021/ja109980c,AMER CHEMICAL SOC,2010
9656,10.1021/ja111042f,AMER CHEMICAL SOC,2011
9657,10.1021/ja201911v,AMER CHEMICAL SOC,2011
9658,10.1021/ja202223d,AMER CHEMICAL SOC,2011
9659,10.1021/ja2037996,AMER CHEMICAL SOC,2011
9660,10.1021/ja2041546,AMER CHEMICAL SOC,2011
9661,10.1021/ja204820d,AMER CHEMICAL SOC,2011
9662,10.1021/ja205243w,AMER CHEMICAL SOC,2011
9663,10.1021/ja205658j,AMER CHEMICAL SOC,2011
9664,10.1021/ja208256u,AMER CHEMICAL SOC,2012
9665,10.1021/ja209643b,AMER CHEMICAL SOC,2012
9666,10.1021/ja2118255,AMER CHEMICAL SOC,2012
9667,10.1021/ja302089w,AMER CHEMICAL SOC,2012
9668,10.1021/ja302991b,AMER CHEMICAL SOC,2012
9669,10.1021/ja305181y,AMER CHEMICAL SOC,2012
9670,10.1021/ja308229p,AMER CHEMICAL SOC,2013
9671,10.1021/ja3085884,AMER CHEMICAL SOC,2012
9672,10.1021/ja308786r,AMER CHEMICAL SOC,2012
9673,10.1021/ja310173e,AMER CHEMICAL SOC,2013
9674,10.1021/ja312567v,AMER CHEMICAL SOC,2013
9675,10.1021/ja402694f,AMER CHEMICAL SOC,2013
9676,10.1021/ja4032049,AMER CHEMICAL SOC,2013
9677,10.1021/ja403849c,AMER CHEMICAL SOC,2013
9678,10.1021/ja4039642,AMER CHEMICAL SOC,2013
9679,10.1021/ja403994u,AMER CHEMICAL SOC,2013
9680,10.1021/ja404514r,AMER CHEMICAL SOC,2013
9681,10.1021/ja405078u,AMER CHEMICAL SOC,2013
9682,10.1021/ja4050828,AMER CHEMICAL SOC,2013
9683,10.1021/ja405350u,AMER CHEMICAL SOC,2013
9684,10.1021/ja4054948,AMER CHEMICAL SOC,2013
9685,10.1021/ja4064475,AMER CHEMICAL SOC,2013
9686,10.1021/ja407176p,AMER CHEMICAL SOC,2013
9687,10.1021/ja4078705,AMER CHEMICAL SOC,2013
9688,10.1021/ja407896m,AMER CHEMICAL SOC,2013
9689,10.1021/ja4080562,AMER CHEMICAL SOC,2013
9690,10.1021/ja4083254,AMER CHEMICAL SOC,2013
9691,10.1021/ja408959g,AMER CHEMICAL SOC,2013
9692,10.1021/ja409569q,AMER CHEMICAL SOC,2013
9693,10.1021/ja4102979,AMER CHEMICAL SOC,2014
9694,10.1021/ja410368j,AMER CHEMICAL SOC,2014
9695,10.1021/ja411887c,AMER CHEMICAL SOC,2014
9696,10.1021/ja412886e,AMER CHEMICAL SOC,2014
9697,10.1021/ja500005k,AMER CHEMICAL SOC,2014
9698,10.1021/ja500191r,AMER CHEMICAL SOC,2014
9699,10.1021/ja500330a,AMER CHEMICAL SOC,2014
9700,10.1021/ja500356z,AMER CHEMICAL SOC,2014
9701,10.1021/ja500362w,AMER CHEMICAL SOC,2014
9702,10.1021/ja501606h,AMER CHEMICAL SOC,2014
9703,10.1021/ja5023283,AMER CHEMICAL SOC,2014
9704,10.1021/ja503218j,AMER CHEMICAL SOC,2014
9705,10.1021/ja503296c,AMER CHEMICAL SOC,2014
9706,10.1021/ja5037868,AMER CHEMICAL SOC,2014
9707,10.1021/ja5042226,AMER CHEMICAL SOC,2014
9708,10.1021/ja5048522,AMER CHEMICAL SOC,2014
9709,10.1021/ja5069855,AMER CHEMICAL SOC,2014
9710,10.1021/ja507947d,AMER CHEMICAL SOC,2014
9711,10.1021/ja508626n,AMER CHEMICAL SOC,2014
9712,10.1021/ja509019k,AMER CHEMICAL SOC,2014
9713,10.1021/ja509428a,AMER CHEMICAL SOC,2015
9714,10.1021/ja5094309,AMER CHEMICAL SOC,2014
9715,10.1021/ja5111317,AMER CHEMICAL SOC,2015
9716,10.1021/ja511403t,AMER CHEMICAL SOC,2015
9717,10.1021/ja5123528,AMER CHEMICAL SOC,2015
9718,10.1021/ja512478y,AMER CHEMICAL SOC,2015
9719,10.1021/ja710123s,AMER CHEMICAL SOC,2008
9720,10.1021/ja8007215,AMER CHEMICAL SOC,2008
9721,10.1021/ja803021v,AMER CHEMICAL SOC,2008
9722,10.1021/ja803783c,AMER CHEMICAL SOC,2008
9723,10.1021/ja804944r,AMER CHEMICAL SOC,2008
9724,10.1021/ja8057953,AMER CHEMICAL SOC,2008
9725,10.1021/ja8098867,AMER CHEMICAL SOC,2009
9726,10.1021/ja809954r,AMER CHEMICAL SOC,2009
9727,10.1021/ja901440g,AMER CHEMICAL SOC,2009
9728,10.1021/ja901725v,AMER CHEMICAL SOC,2009
9729,10.1021/ja901869m,AMER CHEMICAL SOC,2009
9730,10.1021/ja905009e,AMER CHEMICAL SOC,2009
9731,10.1021/ja905101s,AMER CHEMICAL SOC,2009
9732,10.1021/ja905690t,AMER CHEMICAL SOC,2009
9733,10.1021/ja906474z,AMER CHEMICAL SOC,2009
9734,10.1021/ja906911q,AMER CHEMICAL SOC,2009
9735,10.1021/ja9072707,AMER CHEMICAL SOC,2009
9736,10.1021/ja907359t,AMER CHEMICAL SOC,2009
9737,10.1021/ja907885m,AMER CHEMICAL SOC,2009
9738,10.1021/ja9084995,AMER CHEMICAL SOC,2010
9739,10.1021/ja909169x,AMER CHEMICAL SOC,2010
9740,10.1021/ja9092715,AMER CHEMICAL SOC,2010
9741,10.1021/ja909519e,AMER CHEMICAL SOC,2010
9742,10.1021/ja910818a,AMER CHEMICAL SOC,2010
9743,10.1021/jacs.0c00285,AMER CHEMICAL SOC,2020
9744,10.1021/jacs.0c00637,AMER CHEMICAL SOC,2020
9745,10.1021/jacs.0c00679,AMER CHEMICAL SOC,2020
9746,10.1021/jacs.0c01626,AMER CHEMICAL SOC,2020
9747,10.1021/jacs.0c01895,AMER CHEMICAL SOC,2020
9748,10.1021/jacs.0c02007,AMER CHEMICAL SOC,2020
9749,10.1021/jacs.0c02389,AMER CHEMICAL SOC,2020
9750,10.1021/jacs.0c02425,AMER CHEMICAL SOC,2020
9751,10.1021/jacs.0c02772,AMER CHEMICAL SOC,2020
9752,10.1021/jacs.0c02806,AMER CHEMICAL SOC,2020
9753,10.1021/jacs.0c02966,AMER CHEMICAL SOC,2020
9754,10.1021/jacs.0c03906,AMER CHEMICAL SOC,2020
9755,10.1021/jacs.0c04442,AMER CHEMICAL SOC,2020
9756,10.1021/jacs.0c04458,AMER CHEMICAL SOC,2020
9757,10.1021/jacs.0c05074,AMER CHEMICAL SOC,2020
9758,10.1021/jacs.0c06582,AMER CHEMICAL SOC,2020
9759,10.1021/jacs.0c06605,AMER CHEMICAL SOC,2020
9760,10.1021/jacs.0c06925,AMER CHEMICAL SOC,2020
9761,10.1021/jacs.0c07481,AMER CHEMICAL SOC,2020
9762,10.1021/jacs.0c07525,AMER CHEMICAL SOC,2020
9763,10.1021/jacs.0c07862,AMER CHEMICAL SOC,2020
9764,10.1021/jacs.0c09015,AMER CHEMICAL SOC,2021
9765,10.1021/jacs.0c10224,AMER CHEMICAL SOC,2020
9766,10.1021/jacs.0c10285,AMER CHEMICAL SOC,2021
9767,10.1021/jacs.0c10367,AMER CHEMICAL SOC,2020
9768,10.1021/jacs.0c10400,AMER CHEMICAL SOC,2020
9769,10.1021/jacs.0c11530,AMER CHEMICAL SOC,2021
9770,10.1021/jacs.0c12125,AMER CHEMICAL SOC,2021
9771,10.1021/jacs.0c12367,AMER CHEMICAL SOC,2021
9772,10.1021/jacs.0c13005,AMER CHEMICAL SOC,2021
9773,10.1021/jacs.1c00136,AMER CHEMICAL SOC,2021
9774,10.1021/jacs.1c01408,AMER CHEMICAL SOC,2021
9775,10.1021/jacs.1c01673,AMER CHEMICAL SOC,2021
9776,10.1021/jacs.1c02108,AMER CHEMICAL SOC,2021
9777,10.1021/jacs.1c02272,AMER CHEMICAL SOC,2021
9778,10.1021/jacs.1c02379,AMER CHEMICAL SOC,2021
9779,10.1021/jacs.1c04030,AMER CHEMICAL SOC,2021
9780,10.1021/jacs.1c04269,AMER CHEMICAL SOC,2021
9781,10.1021/jacs.1c04946,AMER CHEMICAL SOC,2021
9782,10.1021/jacs.1c05051,AMER CHEMICAL SOC,2021
9783,10.1021/jacs.1c05363,AMER CHEMICAL SOC,2021
9784,10.1021/jacs.1c05613,AMER CHEMICAL SOC,2021
9785,10.1021/jacs.1c06990,AMER CHEMICAL SOC,2021
9786,10.1021/jacs.1c07033,AMER CHEMICAL SOC,2021
9787,10.1021/jacs.1c07482,AMER CHEMICAL SOC,2021
9788,10.1021/jacs.1c07963,AMER CHEMICAL SOC,2021
9789,10.1021/jacs.1c08227,AMER CHEMICAL SOC,2021
9790,10.1021/jacs.1c08354,AMER CHEMICAL SOC,2021
9791,10.1021/jacs.1c08404,AMER CHEMICAL SOC,2021
9792,10.1021/jacs.1c10008,AMER CHEMICAL SOC,2021
9793,10.1021/jacs.1c10192,AMER CHEMICAL SOC,2021
9794,10.1021/jacs.1c10291,AMER CHEMICAL SOC,2021
9795,10.1021/jacs.1c10493,AMER CHEMICAL SOC,2021
9796,10.1021/jacs.1c10800,AMER CHEMICAL SOC,2022
9797,10.1021/jacs.1c10973,AMER CHEMICAL SOC,2022
9798,10.1021/jacs.1c11836,AMER CHEMICAL SOC,2022
9799,10.1021/jacs.1c12117,AMER CHEMICAL SOC,2022
9800,10.1021/jacs.1c12596,AMER CHEMICAL SOC,2022
9801,10.1021/jacs.1c13508,AMER CHEMICAL SOC,2022
9802,10.1021/jacs.2c00011,AMER CHEMICAL SOC,2022
9803,10.1021/jacs.2c01058,AMER CHEMICAL SOC,2022
9804,10.1021/jacs.2c03062,AMER CHEMICAL SOC,2022
9805,10.1021/jacs.2c03114,AMER CHEMICAL SOC,2022
9806,10.1021/jacs.2c04608,AMER CHEMICAL SOC,2022
9807,10.1021/jacs.2c06142,AMER CHEMICAL SOC,2022
9808,10.1021/jacs.2c06312,AMER CHEMICAL SOC,2022
9809,10.1021/jacs.2c07135,AMER CHEMICAL SOC,2022
9810,10.1021/jacs.2c07283,AMER CHEMICAL SOC,2022
9811,10.1021/jacs.2c09007,AMER CHEMICAL SOC,2023
9812,10.1021/jacs.2c09487,AMER CHEMICAL SOC,2022
9813,10.1021/jacs.2c09756,AMER CHEMICAL SOC,2022
9814,10.1021/jacs.2c10471,AMER CHEMICAL SOC,2023
9815,10.1021/jacs.2c10672,AMER CHEMICAL SOC,2023
9816,10.1021/jacs.2c10717,AMER CHEMICAL SOC,2022
9817,10.1021/jacs.2c12042,AMER CHEMICAL SOC,2023
9818,10.1021/jacs.2c12095,AMER CHEMICAL SOC,2023
9819,10.1021/jacs.2c12192,AMER CHEMICAL SOC,2023
9820,10.1021/jacs.2c12374,AMER CHEMICAL SOC,2023
9821,10.1021/jacs.2c12599,AMER CHEMICAL SOC,2023
9822,10.1021/jacs.2c13171,AMER CHEMICAL SOC,2023
9823,10.1021/jacs.2c13731,AMER CHEMICAL SOC,2023
9824,10.1021/jacs.2c13835,AMER CHEMICAL SOC,2023
9825,10.1021/jacs.3c01219,AMER CHEMICAL SOC,2023
9826,10.1021/jacs.3c01455,AMER CHEMICAL SOC,2023
9827,10.1021/jacs.3c02128,AMER CHEMICAL SOC,2023
9828,10.1021/jacs.3c02155,AMER CHEMICAL SOC,2023
9829,10.1021/jacs.3c02252,AMER CHEMICAL SOC,2023
9830,10.1021/jacs.3c02378,AMER CHEMICAL SOC,2023
9831,10.1021/jacs.3c02379,AMER CHEMICAL SOC,2023
9832,10.1021/jacs.3c02703,AMER CHEMICAL SOC,2023
9833,10.1021/jacs.3c02787,AMER CHEMICAL SOC,2023
9834,10.1021/jacs.3c04641,AMER CHEMICAL SOC,2023
9835,10.1021/jacs.3c05425,AMER CHEMICAL SOC,2024
9836,10.1021/jacs.3c05488,AMER CHEMICAL SOC,2023
9837,10.1021/jacs.3c05606,AMER CHEMICAL SOC,2023
9838,10.1021/jacs.3c05819,AMER CHEMICAL SOC,2023
9839,10.1021/jacs.3c06393,AMER CHEMICAL SOC,2023
9840,10.1021/jacs.3c06396,AMER CHEMICAL SOC,2023
9841,10.1021/jacs.3c07047,AMER CHEMICAL SOC,2023
9842,10.1021/jacs.3c07198,AMER CHEMICAL SOC,2023
9843,10.1021/jacs.3c07237,AMER CHEMICAL SOC,2023
9844,10.1021/jacs.3c07790,AMER CHEMICAL SOC,2023
9845,10.1021/jacs.3c07995,AMER CHEMICAL SOC,2023
9846,10.1021/jacs.3c10326,AMER CHEMICAL SOC,2023
9847,10.1021/jacs.3c10753,AMER CHEMICAL SOC,2024
9848,10.1021/jacs.3c11947,AMER CHEMICAL SOC,2024
9849,10.1021/jacs.3c12086,AMER CHEMICAL SOC,2023
9850,10.1021/jacs.3c12866,AMER CHEMICAL SOC,2024
9851,10.1021/jacs.3c13985,AMER CHEMICAL SOC,2024
9852,10.1021/jacs.3c14739,AMER CHEMICAL SOC,2024
9853,10.1021/jacs.4c00407,AMER CHEMICAL SOC,2024
9854,10.1021/jacs.4c00885,AMER CHEMICAL SOC,2024
9855,10.1021/jacs.4c01040,AMER CHEMICAL SOC,2024
9856,10.1021/jacs.4c02321,AMER CHEMICAL SOC,2024
9857,10.1021/jacs.4c03038,AMER CHEMICAL SOC,2024
9858,10.1021/jacs.4c03476,AMER CHEMICAL SOC,2024
9859,10.1021/jacs.4c03756,AMER CHEMICAL SOC,2024
9860,10.1021/jacs.4c05318,AMER CHEMICAL SOC,2024
9861,10.1021/jacs.4c05879,AMER CHEMICAL SOC,2024
9862,10.1021/jacs.4c06046,AMER CHEMICAL SOC,2024
9863,10.1021/jacs.4c07432,AMER CHEMICAL SOC,2024
9864,10.1021/jacs.4c09431,AMER CHEMICAL SOC,2024
9865,10.1021/jacs.4c09553,AMER CHEMICAL SOC,2024
9866,10.1021/jacs.4c10421,AMER CHEMICAL SOC,2024
9867,10.1021/jacs.4c10444,AMER CHEMICAL SOC,2024
9868,10.1021/jacs.4c11085,AMER CHEMICAL SOC,2025
9869,10.1021/jacs.4c11243,AMER CHEMICAL SOC,2024
9870,10.1021/jacs.4c12385,AMER CHEMICAL SOC,2024
9871,10.1021/jacs.4c13196,AMER CHEMICAL SOC,2024
9872,10.1021/jacs.4c15936,AMER CHEMICAL SOC,2024
9873,10.1021/jacs.4c18251,AMER CHEMICAL SOC,2025
9874,10.1021/jacs.5b00365,AMER CHEMICAL SOC,2015
9875,10.1021/jacs.5b00817,AMER CHEMICAL SOC,2015
9876,10.1021/jacs.5b02276,AMER CHEMICAL SOC,2015
9877,10.1021/jacs.5b02872,AMER CHEMICAL SOC,2015
9878,10.1021/jacs.5b05434,AMER CHEMICAL SOC,2015
9879,10.1021/jacs.5b06266,AMER CHEMICAL SOC,2015
9880,10.1021/jacs.5b06730,AMER CHEMICAL SOC,2015
9881,10.1021/jacs.5b06929,AMER CHEMICAL SOC,2015
9882,10.1021/jacs.5b07373,AMER CHEMICAL SOC,2015
9883,10.1021/jacs.5b08752,AMER CHEMICAL SOC,2015
9884,10.1021/jacs.5b09225,AMER CHEMICAL SOC,2015
9885,10.1021/jacs.5b10385,AMER CHEMICAL SOC,2015
9886,10.1021/jacs.5b11079,AMER CHEMICAL SOC,2016
9887,10.1021/jacs.5b11150,AMER CHEMICAL SOC,2015
9888,10.1021/jacs.5b11720,AMER CHEMICAL SOC,2016
9889,10.1021/jacs.5b12312,AMER CHEMICAL SOC,2016
9890,10.1021/jacs.5c00460,AMER CHEMICAL SOC,2025
9891,10.1021/jacs.5c00603,AMER CHEMICAL SOC,2025
9892,10.1021/jacs.5c00736,AMER CHEMICAL SOC,2025
9893,10.1021/jacs.5c01434,AMER CHEMICAL SOC,2025
9894,10.1021/jacs.5c01881,AMER CHEMICAL SOC,2025
9895,10.1021/jacs.5c02064,AMER CHEMICAL SOC,2025
9896,10.1021/jacs.5c02767,AMER CHEMICAL SOC,2025
9897,10.1021/jacs.5c03677,AMER CHEMICAL SOC,2025
9898,10.1021/jacs.5c03704,AMER CHEMICAL SOC,2025
9899,10.1021/jacs.5c03798,AMER CHEMICAL SOC,2025
9900,10.1021/jacs.5c04078,AMER CHEMICAL SOC,2025
9901,10.1021/jacs.5c04515,AMER CHEMICAL SOC,2025
9902,10.1021/jacs.5c04567,AMER CHEMICAL SOC,2025
9903,10.1021/jacs.5c04897,AMER CHEMICAL SOC,2025
9904,10.1021/jacs.5c05028,AMER CHEMICAL SOC,2025
9905,10.1021/jacs.5c05068,AMER CHEMICAL SOC,2025
9906,10.1021/jacs.5c06012,AMER CHEMICAL SOC,2025
9907,10.1021/jacs.5c07158,AMER CHEMICAL SOC,2025
9908,10.1021/jacs.5c08920,AMER CHEMICAL SOC,2025
9909,10.1021/jacs.6b01093,AMER CHEMICAL SOC,2016
9910,10.1021/jacs.6b01414,AMER CHEMICAL SOC,2016
9911,10.1021/jacs.6b03263,AMER CHEMICAL SOC,2016
9912,10.1021/jacs.6b03689,AMER CHEMICAL SOC,2016
9913,10.1021/jacs.6b04608,AMER CHEMICAL SOC,2016
9914,10.1021/jacs.6b05261,AMER CHEMICAL SOC,2016
9915,10.1021/jacs.6b05456,AMER CHEMICAL SOC,2016
9916,10.1021/jacs.6b06759,AMER CHEMICAL SOC,2016
9917,10.1021/jacs.6b06859,AMER CHEMICAL SOC,2016
9918,10.1021/jacs.6b09463,AMER CHEMICAL SOC,2017
9919,10.1021/jacs.6b10055,AMER CHEMICAL SOC,2016
9920,10.1021/jacs.6b10768,AMER CHEMICAL SOC,2017
9921,10.1021/jacs.6b11197,AMER CHEMICAL SOC,2016
9922,10.1021/jacs.6b11934,AMER CHEMICAL SOC,2017
9923,10.1021/jacs.6b12564,AMER CHEMICAL SOC,2017
9924,10.1021/jacs.6b12847,AMER CHEMICAL SOC,2017
9925,10.1021/jacs.6b13176,AMER CHEMICAL SOC,2017
9926,10.1021/jacs.7b00106,AMER CHEMICAL SOC,2017
9927,10.1021/jacs.7b00219,AMER CHEMICAL SOC,2017
9928,10.1021/jacs.7b01229,AMER CHEMICAL SOC,2017
9929,10.1021/jacs.7b01593,AMER CHEMICAL SOC,2017
9930,10.1021/jacs.7b01660,AMER CHEMICAL SOC,2017
9931,10.1021/jacs.7b01807,AMER CHEMICAL SOC,2017
9932,10.1021/jacs.7b02184,AMER CHEMICAL SOC,2017
9933,10.1021/jacs.7b02272,AMER CHEMICAL SOC,2017
9934,10.1021/jacs.7b02394,AMER CHEMICAL SOC,2017
9935,10.1021/jacs.7b03144,AMER CHEMICAL SOC,2017
9936,10.1021/jacs.7b03578,AMER CHEMICAL SOC,2017
9937,10.1021/jacs.7b04420,AMER CHEMICAL SOC,2017
9938,10.1021/jacs.7b04532,AMER CHEMICAL SOC,2017
9939,10.1021/jacs.7b06459,AMER CHEMICAL SOC,2017
9940,10.1021/jacs.7b06798,AMER CHEMICAL SOC,2017
9941,10.1021/jacs.7b07699,AMER CHEMICAL SOC,2017
9942,10.1021/jacs.7b07856,AMER CHEMICAL SOC,2017
9943,10.1021/jacs.7b08174,AMER CHEMICAL SOC,2018
9944,10.1021/jacs.7b09093,AMER CHEMICAL SOC,2017
9945,10.1021/jacs.7b09983,AMER CHEMICAL SOC,2017
9946,10.1021/jacs.7b10112,AMER CHEMICAL SOC,2017
9947,10.1021/jacs.7b12529,AMER CHEMICAL SOC,2018
9948,10.1021/jacs.7b12633,AMER CHEMICAL SOC,2018
9949,10.1021/jacs.7b13330,AMER CHEMICAL SOC,2018
9950,10.1021/jacs.8b01775,AMER CHEMICAL SOC,2018
9951,10.1021/jacs.8b02089,AMER CHEMICAL SOC,2018
9952,10.1021/jacs.8b02192,AMER CHEMICAL SOC,2018
9953,10.1021/jacs.8b02710,AMER CHEMICAL SOC,2018
9954,10.1021/jacs.8b02896,AMER CHEMICAL SOC,2018
9955,10.1021/jacs.8b04369,AMER CHEMICAL SOC,2018
9956,10.1021/jacs.8b04457,AMER CHEMICAL SOC,2018
9957,10.1021/jacs.8b05107,AMER CHEMICAL SOC,2018
9958,10.1021/jacs.8b05471,AMER CHEMICAL SOC,2018
9959,10.1021/jacs.8b05765,AMER CHEMICAL SOC,2018
9960,10.1021/jacs.8b05780,AMER CHEMICAL SOC,2018
9961,10.1021/jacs.8b05948,AMER CHEMICAL SOC,2018
9962,10.1021/jacs.8b06666,AMER CHEMICAL SOC,2018
9963,10.1021/jacs.8b06774,AMER CHEMICAL SOC,2018
9964,10.1021/jacs.8b07411,AMER CHEMICAL SOC,2018
9965,10.1021/jacs.8b07589,AMER CHEMICAL SOC,2018
9966,10.1021/jacs.8b08032,AMER CHEMICAL SOC,2018
9967,10.1021/jacs.8b08267,AMER CHEMICAL SOC,2019
9968,10.1021/jacs.8b09322,AMER CHEMICAL SOC,2018
9969,10.1021/jacs.8b09606,AMER CHEMICAL SOC,2018
9970,10.1021/jacs.8b09682,AMER CHEMICAL SOC,2018
9971,10.1021/jacs.8b09987,AMER CHEMICAL SOC,2019
9972,10.1021/jacs.8b10343,AMER CHEMICAL SOC,2018
9973,10.1021/jacs.8b11042,AMER CHEMICAL SOC,2019
9974,10.1021/jacs.8b11230,AMER CHEMICAL SOC,2019
9975,10.1021/jacs.8b11300,AMER CHEMICAL SOC,2019
9976,10.1021/jacs.8b11525,AMER CHEMICAL SOC,2018
9977,10.1021/jacs.8b13397,AMER CHEMICAL SOC,2019
9978,10.1021/jacs.8b13639,AMER CHEMICAL SOC,2019
9979,10.1021/jacs.8b13667,AMER CHEMICAL SOC,2019
9980,10.1021/jacs.9b00355,AMER CHEMICAL SOC,2019
9981,10.1021/jacs.9b01270,AMER CHEMICAL SOC,2019
9982,10.1021/jacs.9b01789,AMER CHEMICAL SOC,2019
9983,10.1021/jacs.9b01829,AMER CHEMICAL SOC,2019
9984,10.1021/jacs.9b02114,AMER CHEMICAL SOC,2019
9985,10.1021/jacs.9b02294,AMER CHEMICAL SOC,2019
9986,10.1021/jacs.9b02686,AMER CHEMICAL SOC,2019
9987,10.1021/jacs.9b03269,AMER CHEMICAL SOC,2019
9988,10.1021/jacs.9b03643,AMER CHEMICAL SOC,2019
9989,10.1021/jacs.9b03707,AMER CHEMICAL SOC,2019
9990,10.1021/jacs.9b03914,AMER CHEMICAL SOC,2019
9991,10.1021/jacs.9b04822,AMER CHEMICAL SOC,2019
9992,10.1021/jacs.9b04915,AMER CHEMICAL SOC,2019
9993,10.1021/jacs.9b05035,AMER CHEMICAL SOC,2019
9994,10.1021/jacs.9b05580,AMER CHEMICAL SOC,2019
9995,10.1021/jacs.9b06179,AMER CHEMICAL SOC,2019
9996,10.1021/jacs.9b07301,AMER CHEMICAL SOC,2019
9997,10.1021/jacs.9b07422,AMER CHEMICAL SOC,2019
9998,10.1021/jacs.9b07557,AMER CHEMICAL SOC,2019
9999,10.1021/jacs.9b07633,AMER CHEMICAL SOC,2019
10000,10.1021/jacs.9b07658,AMER CHEMICAL SOC,2019
10001,10.1021/jacs.9b07732,AMER CHEMICAL SOC,2019
10002,10.1021/jacs.9b07891,AMER CHEMICAL SOC,2019
10003,10.1021/jacs.9b08322,AMER CHEMICAL SOC,2019
10004,10.1021/jacs.9b08601,AMER CHEMICAL SOC,2019
10005,10.1021/jacs.9b10034,AMER CHEMICAL SOC,2020
10006,10.1021/jacs.9b10251,AMER CHEMICAL SOC,2019
10007,10.1021/jacs.9b10261,AMER CHEMICAL SOC,2020
10008,10.1021/jacs.9b10639,AMER CHEMICAL SOC,2019
10009,10.1021/jacs.9b11446,AMER CHEMICAL SOC,2019
10010,10.1021/jacs.9b11639,AMER CHEMICAL SOC,2020
10011,10.1021/jacs.9b11952,AMER CHEMICAL SOC,2020
10012,10.1021/jacs.9b12408,AMER CHEMICAL SOC,2020
10013,10.1021/jacs.9b12527,AMER CHEMICAL SOC,2020
10014,10.1021/jo401399y,AMER CHEMICAL SOC,2013
10015,10.1021/jp0130416,AMER CHEMICAL SOC,2002
10016,10.1021/jp063074r,AMER CHEMICAL SOC,2006
10017,10.1021/jp0708291,AMER CHEMICAL SOC,2007
10018,10.1021/jp075047m,AMER CHEMICAL SOC,2008
10019,10.1021/jp102409a,AMER CHEMICAL SOC,2010
10020,10.1021/jp1058963,AMER CHEMICAL SOC,2010
10021,10.1021/jp1071617,AMER CHEMICAL SOC,2010
10022,10.1021/jp206981d,AMER CHEMICAL SOC,2012
10023,10.1021/jp209804x,AMER CHEMICAL SOC,2012
10024,10.1021/jp210671t,AMER CHEMICAL SOC,2012
10025,10.1021/jp2117856,AMER CHEMICAL SOC,2012
10026,10.1021/jp302356q,AMER CHEMICAL SOC,2012
10027,10.1021/jp308657x,AMER CHEMICAL SOC,2012
10028,10.1021/jp312179e,AMER CHEMICAL SOC,2013
10029,10.1021/jp312590r,AMER CHEMICAL SOC,2013
10030,10.1021/jp402154q,AMER CHEMICAL SOC,2013
10031,10.1021/jp405774e,AMER CHEMICAL SOC,2013
10032,10.1021/jp406835n,AMER CHEMICAL SOC,2013
10033,10.1021/jp502336a,AMER CHEMICAL SOC,2014
10034,10.1021/jp505893s,AMER CHEMICAL SOC,2014
10035,10.1021/jp507643v,AMER CHEMICAL SOC,2014
10036,10.1021/jp508734z,AMER CHEMICAL SOC,2014
10037,10.1021/jp512629c,AMER CHEMICAL SOC,2015
10038,10.1021/jp7100094,AMER CHEMICAL SOC,2008
10039,10.1021/jp7110633,AMER CHEMICAL SOC,2008
10040,10.1021/jp803620v,AMER CHEMICAL SOC,2008
10041,10.1021/jp907180e,AMER CHEMICAL SOC,2009
10042,10.1021/jp9095612,AMER CHEMICAL SOC,2010
10043,10.1021/jp911477a,AMER CHEMICAL SOC,2010
10044,10.1021/jz200424h,AMER CHEMICAL SOC,2011
10045,10.1021/jz5012065,AMER CHEMICAL SOC,2014
10046,10.1021/la102409e,AMER CHEMICAL SOC,2010
10047,10.1021/la103590t,AMER CHEMICAL SOC,2010
10048,10.1021/la201769x,AMER CHEMICAL SOC,2011
10049,10.1021/la203570h,AMER CHEMICAL SOC,2011
10050,10.1021/la204991n,AMER CHEMICAL SOC,2012
10051,10.1021/la302050m,AMER CHEMICAL SOC,2012
10052,10.1021/la302223m,AMER CHEMICAL SOC,2012
10053,10.1021/la304147j,AMER CHEMICAL SOC,2013
10054,10.1021/la304151r,AMER CHEMICAL SOC,2012
10055,10.1021/la400109j,AMER CHEMICAL SOC,2013
10056,10.1021/la401323t,AMER CHEMICAL SOC,2013
10057,10.1021/la4014637,AMER CHEMICAL SOC,2013
10058,10.1021/la402882a,AMER CHEMICAL SOC,2013
10059,10.1021/la403864u,AMER CHEMICAL SOC,2013
10060,10.1021/la503269f,AMER CHEMICAL SOC,2014
10061,10.1021/la900004v,AMER CHEMICAL SOC,2009
10062,10.1021/nl5026419,AMER CHEMICAL SOC,2014
10063,10.1021/nn204054k,AMER CHEMICAL SOC,2012
10064,10.1021/nn4054864,AMER CHEMICAL SOC,2014
10065,10.1021/nn5072446,AMER CHEMICAL SOC,2015
10066,10.1021/om100703c,AMER CHEMICAL SOC,2010
10067,10.1021/om2000162,AMER CHEMICAL SOC,2011
10068,10.1021/om400518f,AMER CHEMICAL SOC,2013
10069,10.1021/om801143q,AMER CHEMICAL SOC,2009
10070,10.1021/om900768w,AMER CHEMICAL SOC,2010
10071,10.1021/sc300036p,AMER CHEMICAL SOC,2013
10072,10.1023/A:1025096207371,SPRINGER,2003
10073,10.1023/B:TOCA.0000003079.39312.99,SPRINGER/PLENUM PUBLISHERS,2003
10074,10.1038/NCHEM.1003,NATURE PUBLISHING GROUP,2011
10075,10.1038/NCHEM.1026,NATURE PUBLISHING GROUP,2011
10076,10.1038/NCHEM.1569,NATURE PUBLISHING GROUP,2013
10077,10.1038/NCHEM.1576,NATURE PUBLISHING GROUP,2013
10078,10.1038/NCHEM.1982,NATURE PUBLISHING GROUP,2014
10079,10.1038/NCHEM.2430,NATURE PUBLISHING GROUP,2016
10080,10.1038/NCHEM.2469,NATURE PUBLISHING GROUP,2016
10081,10.1038/NCHEM.254,NATURE PUBLISHING GROUP,2009
10082,10.1038/NCHEM.2663,NATURE PUBLISHING GROUP,2017
10083,10.1038/NCHEM.738,NATURE PUBLISHING GROUP,2010
10084,10.1038/NCHEM.834,NATURE PUBLISHING GROUP,2010
10085,10.1038/NCHEM.873,NATURE PUBLISHING GROUP,2010
10086,10.1038/nmat1927,NATURE PUBLISHING GROUP,2007
10087,10.1038/NMAT4113,NATURE PUBLISHING GROUP,2015
10088,10.1038/NMAT4815,NATURE PUBLISHING GROUP,2017
10089,10.1038/NMAT4910,NATURE PUBLISHING GROUP,2017
10090,10.1038/NMAT5050,NATURE PUBLISHING GROUP,2018
10091,10.1038/s41557-018-0107-7,NATURE PUBLISHING GROUP,2018
10092,10.1038/s41557-019-0238-5,NATURE PUBLISHING GROUP,2019
10093,10.1038/s41560-018-0261-6,NATURE PUBLISHING GROUP,2018
10094,10.1038/s41563-018-0098-1,NATURE PUBLISHING GROUP,2018
10095,10.1038/s41563-019-0317-4,NATURE PUBLISHING GROUP,2019
10096,10.1038/s41699-018-0071-5,NATURE RESEARCH,2018
10097,10.1038/s42004-019-0135-2,NATURE PUBLISHING GROUP,2019
10098,10.1038/s42004-021-00522-1,NATURE RESEARCH,2021
10099,10.1039/a708520f,ROYAL SOC CHEMISTRY,1998
10100,10.1039/a905332h,ROYAL SOC CHEMISTRY,1999
10101,10.1039/b000566p,ROYAL SOC CHEMISTRY,2000
10102,10.1039/b005438k,ROYAL SOC CHEMISTRY,2000
10103,10.1039/b009129o,ROYAL SOC CHEMISTRY,2001
10104,10.1039/b009542g,ROYAL SOC CHEMISTRY,2001
10105,10.1039/b009706n,ROYAL SOC CHEMISTRY,2001
10106,10.1039/b100921o,ROYAL SOC CHEMISTRY,2001
10107,10.1039/b105687p,ROYAL SOC CHEMISTRY,2002
10108,10.1039/b109298g,ROYAL SOC CHEMISTRY,2002
10109,10.1039/b111353d,ROYAL SOC CHEMISTRY,2002
10110,10.1039/b202220f,ROYAL SOC CHEMISTRY,2002
10111,10.1039/b203193k,ROYAL SOC CHEMISTRY,2002
10112,10.1039/b206702a,ROYAL SOC CHEMISTRY,2002
10113,10.1039/b207559h,ROYAL SOC CHEMISTRY,2002
10114,10.1039/b209491f,ROYAL SOC CHEMISTRY,2003
10115,10.1039/b210462h,ROYAL SOC CHEMISTRY,2003
10116,10.1039/b212314m,ROYAL SOC CHEMISTRY,2003
10117,10.1039/b302692b,ROYAL SOC CHEMISTRY,2003
10118,10.1039/b304826h,ROYAL SOC CHEMISTRY,2003
10119,10.1039/b306872b,ROYAL SOC CHEMISTRY,2003
10120,10.1039/b310778g,ROYAL SOC CHEMISTRY,2003
10121,10.1039/b311988b,ROYAL SOC CHEMISTRY,2004
10122,10.1039/b315483a,ROYAL SOC CHEMISTRY,2004
10123,10.1039/b315842j,ROYAL SOC CHEMISTRY,2004
10124,10.1039/b317043h,ROYAL SOC CHEMISTRY,2004
10125,10.1039/b402715a,ROYAL SOC CHEMISTRY,2004
10126,10.1039/b404483p,ROYAL SOC CHEMISTRY,2004
10127,10.1039/b404485a,ROYAL SOC CHEMISTRY,2004
10128,10.1039/b408961h,ROYAL SOC CHEMISTRY,2004
10129,10.1039/b417013j,ROYAL SOC CHEMISTRY,2005
10130,10.1039/b417520d,ROYAL SOC CHEMISTRY,2005
10131,10.1039/b419418g,ROYAL SOC CHEMISTRY,2005
10132,10.1039/b502512e,ROYAL SOC CHEMISTRY,2005
10133,10.1039/b502651b,ROYAL SOC CHEMISTRY,2005
10134,10.1039/b504862a,ROYAL SOC CHEMISTRY,2005
10135,10.1039/b506786c,ROYAL SOC CHEMISTRY,2005
10136,10.1039/b508930a,ROYAL SOC CHEMISTRY,2005
10137,10.1039/b509460g,ROYAL SOC CHEMISTRY,2005
10138,10.1039/b509746k,ROYAL SOC CHEMISTRY,2006
10139,10.1039/b511962f,ROYAL SOC CHEMISTRY,2006
10140,10.1039/b512098e,ROYAL SOC CHEMISTRY,2005
10141,10.1039/b513750k,ROYAL SOC CHEMISTRY,2006
10142,10.1039/b515151a,ROYAL SOC CHEMISTRY,2006
10143,10.1039/b600357e,ROYAL SOC CHEMISTRY,2006
10144,10.1039/b600709k,ROYAL SOC CHEMISTRY,2006
10145,10.1039/b600814c,ROYAL SOC CHEMISTRY,2006
10146,10.1039/b601009a,ROYAL SOC CHEMISTRY,2006
10147,10.1039/b601811d,ROYAL SOC CHEMISTRY,2006
10148,10.1039/b603014a,ROYAL SOC CHEMISTRY,2006
10149,10.1039/b603274e,ROYAL SOC CHEMISTRY,2006
10150,10.1039/b606434e,ROYAL SOC CHEMISTRY,2006
10151,10.1039/b609733b,ROYAL SOC CHEMISTRY,2007
10152,10.1039/b609740e,ROYAL SOC CHEMISTRY,2006
10153,10.1039/b610012k,ROYAL SOC CHEMISTRY,2006
10154,10.1039/b611300a,ROYAL SOC CHEMISTRY,2006
10155,10.1039/b615006c,ROYAL SOC CHEMISTRY,2007
10156,10.1039/b615675d,ROYAL SOC CHEMISTRY,2007
10157,10.1039/b618613k,ROYAL SOC CHEMISTRY,2007
10158,10.1039/b618762e,ROYAL SOC CHEMISTRY,2007
10159,10.1039/b618981d,ROYAL SOC CHEMISTRY,2007
10160,10.1039/b701384a,ROYAL SOC CHEMISTRY,2007
10161,10.1039/b701551h,ROYAL SOC CHEMISTRY,2007
10162,10.1039/b702106b,ROYAL SOC CHEMISTRY,2007
10163,10.1039/b703730a,ROYAL SOC CHEMISTRY,2007
10164,10.1039/b704294a,ROYAL SOC CHEMISTRY,2007
10165,10.1039/b704325b,ROYAL SOC CHEMISTRY,2007
10166,10.1039/b705882a,ROYAL SOC CHEMISTRY,2007
10167,10.1039/b706071h,ROYAL SOC CHEMISTRY,2008
10168,10.1039/b706177c,ROYAL SOC CHEMISTRY,2007
10169,10.1039/b706432b,ROYAL SOC CHEMISTRY,2007
10170,10.1039/b706823a,ROYAL SOC CHEMISTRY,2007
10171,10.1039/b707159k,ROYAL SOC CHEMISTRY,2007
10172,10.1039/b708104a,ROYAL SOC CHEMISTRY,2007
10173,10.1039/b708389k,ROYAL SOC CHEMISTRY,2007
10174,10.1039/b708921j,ROYAL SOC CHEMISTRY,2008
10175,10.1039/b709810c,ROYAL SOC CHEMISTRY,2008
10176,10.1039/b710209g,ROYAL SOC CHEMISTRY,2008
10177,10.1039/b712015j,ROYAL SOC CHEMISTRY,2008
10178,10.1039/b712118k,ROYAL SOC CHEMISTRY,2007
10179,10.1039/b713705b,ROYAL SOC CHEMISTRY,2008
10180,10.1039/b715481j,ROYAL SOC CHEMISTRY,2008
10181,10.1039/b716398c,ROYAL SOC CHEMISTRY,2008
10182,10.1039/b717376h,ROYAL SOC CHEMISTRY,2008
10183,10.1039/b718928a,ROYAL SOC CHEMISTRY,2008
10184,10.1039/b718947h,ROYAL SOC CHEMISTRY,2008
10185,10.1039/b719646f,ROYAL SOC CHEMISTRY,2008
10186,10.1039/b719766g,ROYAL SOC CHEMISTRY,2008
10187,10.1039/b800017d,ROYAL SOC CHEMISTRY,2008
10188,10.1039/b800022k,ROYAL SOC CHEMISTRY,2008
10189,10.1039/b800255j,ROYAL SOC CHEMISTRY,2008
10190,10.1039/b800709h,ROYAL SOC CHEMISTRY,2008
10191,10.1039/b800820e,ROYAL SOC CHEMISTRY,2008
10192,10.1039/b800908b,ROYAL SOC CHEMISTRY,2008
10193,10.1039/b800938d,ROYAL SOC CHEMISTRY,2008
10194,10.1039/b801070f,ROYAL SOC CHEMISTRY,2008
10195,10.1039/b801177j,ROYAL SOC CHEMISTRY,2008
10196,10.1039/b801280f,ROYAL SOC CHEMISTRY,2008
10197,10.1039/b801985a,ROYAL SOC CHEMISTRY,2008
10198,10.1039/b803168a,ROYAL SOC CHEMISTRY,2008
10199,10.1039/b803410a,ROYAL SOC CHEMISTRY,2008
10200,10.1039/b804126a,ROYAL SOC CHEMISTRY,2008
10201,10.1039/b804490b,ROYAL SOC CHEMISTRY,2008
10202,10.1039/b804944k,ROYAL SOC CHEMISTRY,2008
10203,10.1039/b804956d,ROYAL SOC CHEMISTRY,2009
10204,10.1039/b805025b,ROYAL SOC CHEMISTRY,2008
10205,10.1039/b805101a,ROYAL SOC CHEMISTRY,2008
10206,10.1039/b805263h,ROYAL SOC CHEMISTRY,2008
10207,10.1039/b805379k,ROYAL SOC CHEMISTRY,2008
10208,10.1039/b805727c,ROYAL SOC CHEMISTRY,2008
10209,10.1039/b806297h,ROYAL SOC CHEMISTRY,2009
10210,10.1039/b806360e,ROYAL SOC CHEMISTRY,2008
10211,10.1039/b806765a,ROYAL SOC CHEMISTRY,2008
10212,10.1039/b806899b,ROYAL SOC CHEMISTRY,2009
10213,10.1039/b807063f,ROYAL SOC CHEMISTRY,2008
10214,10.1039/b807165a,ROYAL SOC CHEMISTRY,2008
10215,10.1039/b807676f,ROYAL SOC CHEMISTRY,2008
10216,10.1039/b808350a,ROYAL SOC CHEMISTRY,2008
10217,10.1039/b808385a,ROYAL SOC CHEMISTRY,2009
10218,10.1039/b808394k,ROYAL SOC CHEMISTRY,2008
10219,10.1039/b808464e,ROYAL SOC CHEMISTRY,2008
10220,10.1039/b809557d,ROYAL SOC CHEMISTRY,2009
10221,10.1039/b810287b,ROYAL SOC CHEMISTRY,2009
10222,10.1039/b810414j,ROYAL SOC CHEMISTRY,2009
10223,10.1039/b810773d,ROYAL SOC CHEMISTRY,2008
10224,10.1039/b811132d,ROYAL SOC CHEMISTRY,2009
10225,10.1039/b811498f,ROYAL SOC CHEMISTRY,2008
10226,10.1039/b811725j,ROYAL SOC CHEMISTRY,2009
10227,10.1039/b811883n,ROYAL SOC CHEMISTRY,2008
10228,10.1039/b812097h,ROYAL SOC CHEMISTRY,2009
10229,10.1039/b812366g,ROYAL SOC CHEMISTRY,2008
10230,10.1039/b812645c,ROYAL SOC CHEMISTRY,2008
10231,10.1039/b813024h,ROYAL SOC CHEMISTRY,2009
10232,10.1039/b813226g,ROYAL SOC CHEMISTRY,2009
10233,10.1039/b814180k,ROYAL SOC CHEMISTRY,2008
10234,10.1039/b814740j,ROYAL SOC CHEMISTRY,2008
10235,10.1039/b815840a,ROYAL SOC CHEMISTRY,2009
10236,10.1039/b815935a,ROYAL SOC CHEMISTRY,2009
10237,10.1039/b815977g,ROYAL SOC CHEMISTRY,2009
10238,10.1039/b817563b,ROYAL SOC CHEMISTRY,2009
10239,10.1039/b817972g,ROYAL SOC CHEMISTRY,2009
10240,10.1039/b818915c,ROYAL SOC CHEMISTRY,2009
10241,10.1039/b819302a,ROYAL SOC CHEMISTRY,2009
10242,10.1039/b819707p,ROYAL SOC CHEMISTRY,2009
10243,10.1039/b819756c,ROYAL SOC CHEMISTRY,2009
10244,10.1039/b819800d,ROYAL SOC CHEMISTRY,2009
10245,10.1039/b819935c,ROYAL SOC CHEMISTRY,2009
10246,10.1039/b820474h,ROYAL SOC CHEMISTRY,2009
10247,10.1039/b821491c,ROYAL SOC CHEMISTRY,2009
10248,10.1039/b822248g,ROYAL SOC CHEMISTRY,2009
10249,10.1039/b822394g,ROYAL SOC CHEMISTRY,2009
10250,10.1039/b823392f,ROYAL SOC CHEMISTRY,2009
10251,10.1039/b900390h,ROYAL SOC CHEMISTRY,2009
10252,10.1039/b900522f,ROYAL SOC CHEMISTRY,2009
10253,10.1039/b900841a,ROYAL SOC CHEMISTRY,2009
10254,10.1039/b901042d,ROYAL SOC CHEMISTRY,2009
10255,10.1039/b901121h,ROYAL SOC CHEMISTRY,2009
10256,10.1039/b901404g,ROYAL SOC CHEMISTRY,2009
10257,10.1039/b902223f,ROYAL SOC CHEMISTRY,2009
10258,10.1039/b902550b,ROYAL SOC CHEMISTRY,2009
10259,10.1039/b902611h,ROYAL SOC CHEMISTRY,2009
10260,10.1039/b902954k,ROYAL SOC CHEMISTRY,2009
10261,10.1039/b903932e,ROYAL SOC CHEMISTRY,2009
10262,10.1039/b903972d,ROYAL SOC CHEMISTRY,2009
10263,10.1039/b904000e,ROYAL SOC CHEMISTRY,2009
10264,10.1039/b904622d,ROYAL SOC CHEMISTRY,2009
10265,10.1039/b905663g,ROYAL SOC CHEMISTRY,2009
10266,10.1039/b905707b,ROYAL SOC CHEMISTRY,2009
10267,10.1039/b905736f,ROYAL SOC CHEMISTRY,2010
10268,10.1039/b905794c,ROYAL SOC CHEMISTRY,2009
10269,10.1039/b905924p,ROYAL SOC CHEMISTRY,2009
10270,10.1039/b906105n,ROYAL SOC CHEMISTRY,2009
10271,10.1039/b907142c,ROYAL SOC CHEMISTRY,2009
10272,10.1039/b907149k,ROYAL SOC CHEMISTRY,2009
10273,10.1039/b907453h,ROYAL SOC CHEMISTRY,2009
10274,10.1039/b908446k,ROYAL SOC CHEMISTRY,2010
10275,10.1039/b908812a,ROYAL SOC CHEMISTRY,2009
10276,10.1039/b908862h,ROYAL SOC CHEMISTRY,2009
10277,10.1039/b909015k,ROYAL SOC CHEMISTRY,2009
10278,10.1039/b909590j,ROYAL SOC CHEMISTRY,2010
10279,10.1039/b909643b,ROYAL SOC CHEMISTRY,2010
10280,10.1039/b909683c,ROYAL SOC CHEMISTRY,2009
10281,10.1039/b909717a,ROYAL SOC CHEMISTRY,2009
10282,10.1039/b909754f,ROYAL SOC CHEMISTRY,2010
10283,10.1039/b910588c,ROYAL SOC CHEMISTRY,2009
10284,10.1039/b911137a,ROYAL SOC CHEMISTRY,2009
10285,10.1039/b911460b,ROYAL SOC CHEMISTRY,2010
10286,10.1039/b911606k,ROYAL SOC CHEMISTRY,2009
10287,10.1039/b912012b,ROYAL SOC CHEMISTRY,2009
10288,10.1039/b912158g,ROYAL SOC CHEMISTRY,2010
10289,10.1039/b912415b,ROYAL SOC CHEMISTRY,2010
10290,10.1039/b912972n,ROYAL SOC CHEMISTRY,2010
10291,10.1039/b912997a,ROYAL SOC CHEMISTRY,2009
10292,10.1039/b913147g,ROYAL SOC CHEMISTRY,2010
10293,10.1039/b913861g,ROYAL SOC CHEMISTRY,2010
10294,10.1039/b913942g,ROYAL SOC CHEMISTRY,2010
10295,10.1039/b914145f,ROYAL SOC CHEMISTRY,2010
10296,10.1039/b914623g,ROYAL SOC CHEMISTRY,2010
10297,10.1039/b914879e,ROYAL SOC CHEMISTRY,2010
10298,10.1039/b915459k,ROYAL SOC CHEMISTRY,2009
10299,10.1039/b915539b,ROYAL SOC CHEMISTRY,2010
10300,10.1039/b915584h,ROYAL SOC CHEMISTRY,2010
10301,10.1039/b915889h,ROYAL SOC CHEMISTRY,2010
10302,10.1039/b916127a,ROYAL SOC CHEMISTRY,2010
10303,10.1039/b916206b,ROYAL SOC CHEMISTRY,2010
10304,10.1039/b916222d,ROYAL SOC CHEMISTRY,2010
10305,10.1039/b916584c,ROYAL SOC CHEMISTRY,2010
10306,10.1039/b916878h,ROYAL SOC CHEMISTRY,2009
10307,10.1039/b916984a,ROYAL SOC CHEMISTRY,2010
10308,10.1039/b917256d,ROYAL SOC CHEMISTRY,2010
10309,10.1039/b917338m,ROYAL SOC CHEMISTRY,2010
10310,10.1039/b917348j,ROYAL SOC CHEMISTRY,2010
10311,10.1039/b917483d,ROYAL SOC CHEMISTRY,2010
10312,10.1039/b917987a,ROYAL SOC CHEMISTRY,2010
10313,10.1039/b919161e,ROYAL SOC CHEMISTRY,2010
10314,10.1039/b919675g,ROYAL SOC CHEMISTRY,2010
10315,10.1039/b919676p,ROYAL SOC CHEMISTRY,2010
10316,10.1039/b919813j,ROYAL SOC CHEMISTRY,2010
10317,10.1039/b920308g,ROYAL SOC CHEMISTRY,2010
10318,10.1039/b920318b,ROYAL SOC CHEMISTRY,2010
10319,10.1039/b921558a,ROYAL SOC CHEMISTRY,2010
10320,10.1039/b921850e,ROYAL SOC CHEMISTRY,2010
10321,10.1039/b922039a,ROYAL SOC CHEMISTRY,2010
10322,10.1039/b922061e,ROYAL SOC CHEMISTRY,2010
10323,10.1039/b922528e,ROYAL SOC CHEMISTRY,2010
10324,10.1039/b922750d,ROYAL SOC CHEMISTRY,2010
10325,10.1039/b922767a,ROYAL SOC CHEMISTRY,2010
10326,10.1039/b924536g,ROYAL SOC CHEMISTRY,2010
10327,10.1039/b924633a,ROYAL SOC CHEMISTRY,2010
10328,10.1039/b924657f,ROYAL SOC CHEMISTRY,2010
10329,10.1039/b924937k,ROYAL SOC CHEMISTRY,2010
10330,10.1039/b925088c,ROYAL SOC CHEMISTRY,2010
10331,10.1039/b925239h,ROYAL SOC CHEMISTRY,2010
10332,10.1039/b925714d,ROYAL SOC CHEMISTRY,2010
10333,10.1039/b925769a,ROYAL SOC CHEMISTRY,2010
10334,10.1039/b925903a,ROYAL SOC CHEMISTRY,2010
10335,10.1039/b926156g,ROYAL SOC CHEMISTRY,2010
10336,10.1039/b926324a,ROYAL SOC CHEMISTRY,2010
10337,10.1039/b9nj00691e,ROYAL SOC CHEMISTRY,2010
10338,10.1039/c000373e,ROYAL SOC CHEMISTRY,2010
10339,10.1039/c000723d,ROYAL SOC CHEMISTRY,2010
10340,10.1039/c000734j,ROYAL SOC CHEMISTRY,2010
10341,10.1039/c000940g,ROYAL SOC CHEMISTRY,2010
10342,10.1039/c001590c,ROYAL SOC CHEMISTRY,2010
10343,10.1039/c001655a,ROYAL SOC CHEMISTRY,2010
10344,10.1039/c002030n,ROYAL SOC CHEMISTRY,2010
10345,10.1039/c002088e,ROYAL SOC CHEMISTRY,2010
10346,10.1039/c002090g,ROYAL SOC CHEMISTRY,2010
10347,10.1039/c002214d,ROYAL SOC CHEMISTRY,2010
10348,10.1039/c002658a,ROYAL SOC CHEMISTRY,2010
10349,10.1039/c003764h,ROYAL SOC CHEMISTRY,2010
10350,10.1039/c003835k,ROYAL SOC CHEMISTRY,2010
10351,10.1039/c003986a,ROYAL SOC CHEMISTRY,2011
10352,10.1039/c004234j,ROYAL SOC CHEMISTRY,2010
10353,10.1039/c005207h,ROYAL SOC CHEMISTRY,2010
10354,10.1039/c0cc00012d,ROYAL SOC CHEMISTRY,2010
10355,10.1039/c0cc01141j,ROYAL SOC CHEMISTRY,2010
10356,10.1039/c0cc01447h,ROYAL SOC CHEMISTRY,2010
10357,10.1039/c0cc01578d,ROYAL SOC CHEMISTRY,2010
10358,10.1039/c0cc02990d,ROYAL SOC CHEMISTRY,2010
10359,10.1039/c0cc04734a,ROYAL SOC CHEMISTRY,2011
10360,10.1039/c0cc04890a,ROYAL SOC CHEMISTRY,2011
10361,10.1039/c0cc05002d,ROYAL SOC CHEMISTRY,2011
10362,10.1039/c0ce00013b,ROYAL SOC CHEMISTRY,2011
10363,10.1039/c0ce00047g,ROYAL SOC CHEMISTRY,2011
10364,10.1039/c0ce00098a,ROYAL SOC CHEMISTRY,2011
10365,10.1039/c0ce00110d,ROYAL SOC CHEMISTRY,2010
10366,10.1039/c0ce00111b,ROYAL SOC CHEMISTRY,2011
10367,10.1039/c0ce00135j,ROYAL SOC CHEMISTRY,2010
10368,10.1039/c0ce00181c,ROYAL SOC CHEMISTRY,2010
10369,10.1039/c0ce00190b,ROYAL SOC CHEMISTRY,2011
10370,10.1039/c0ce00211a,ROYAL SOC CHEMISTRY,2011
10371,10.1039/c0ce00216j,ROYAL SOC CHEMISTRY,2010
10372,10.1039/c0ce00219d,ROYAL SOC CHEMISTRY,2011
10373,10.1039/c0ce00259c,ROYAL SOC CHEMISTRY,2011
10374,10.1039/c0ce00281j,ROYAL SOC CHEMISTRY,2011
10375,10.1039/c0ce00297f,ROYAL SOC CHEMISTRY,2011
10376,10.1039/c0ce00315h,ROYAL SOC CHEMISTRY,2011
10377,10.1039/c0ce00365d,ROYAL SOC CHEMISTRY,2011
10378,10.1039/c0ce00393j,ROYAL SOC CHEMISTRY,2011
10379,10.1039/c0ce00400f,ROYAL SOC CHEMISTRY,2011
10380,10.1039/c0ce00426j,ROYAL SOC CHEMISTRY,2011
10381,10.1039/c0ce00486c,ROYAL SOC CHEMISTRY,2010
10382,10.1039/c0ce00488j,ROYAL SOC CHEMISTRY,2011
10383,10.1039/c0ce00490a,ROYAL SOC CHEMISTRY,2011
10384,10.1039/c0ce00527d,ROYAL SOC CHEMISTRY,2011
10385,10.1039/c0ce00530d,ROYAL SOC CHEMISTRY,2011
10386,10.1039/c0ce00535e,ROYAL SOC CHEMISTRY,2011
10387,10.1039/c0ce00542h,ROYAL SOC CHEMISTRY,2011
10388,10.1039/c0ce00568a,ROYAL SOC CHEMISTRY,2011
10389,10.1039/c0ce00581a,ROYAL SOC CHEMISTRY,2011
10390,10.1039/c0ce00621a,ROYAL SOC CHEMISTRY,2011
10391,10.1039/c0ce00633e,ROYAL SOC CHEMISTRY,2011
10392,10.1039/c0ce00644k,ROYAL SOC CHEMISTRY,2011
10393,10.1039/c0ce00651c,ROYAL SOC CHEMISTRY,2011
10394,10.1039/c0ce00683a,ROYAL SOC CHEMISTRY,2011
10395,10.1039/c0ce00687d,ROYAL SOC CHEMISTRY,2011
10396,10.1039/c0ce00703j,ROYAL SOC CHEMISTRY,2011
10397,10.1039/c0ce00715c,ROYAL SOC CHEMISTRY,2011
10398,10.1039/c0ce00750a,ROYAL SOC CHEMISTRY,2011
10399,10.1039/c0ce00762e,ROYAL SOC CHEMISTRY,2011
10400,10.1039/c0ce00764a,ROYAL SOC CHEMISTRY,2011
10401,10.1039/c0ce00789g,ROYAL SOC CHEMISTRY,2011
10402,10.1039/c0ce00792g,ROYAL SOC CHEMISTRY,2011
10403,10.1039/c0ce00834f,ROYAL SOC CHEMISTRY,2011
10404,10.1039/c0ce00839g,ROYAL SOC CHEMISTRY,2011
10405,10.1039/c0ce00848f,ROYAL SOC CHEMISTRY,2011
10406,10.1039/c0ce00873g,ROYAL SOC CHEMISTRY,2011
10407,10.1039/c0ce00878h,ROYAL SOC CHEMISTRY,2011
10408,10.1039/c0ce00908c,ROYAL SOC CHEMISTRY,2011
10409,10.1039/c0ce00919a,ROYAL SOC CHEMISTRY,2011
10410,10.1039/c0ce00921k,ROYAL SOC CHEMISTRY,2011
10411,10.1039/c0ce00937g,ROYAL SOC CHEMISTRY,2011
10412,10.1039/c0ce00950d,ROYAL SOC CHEMISTRY,2011
10413,10.1039/c0ce00963f,ROYAL SOC CHEMISTRY,2011
10414,10.1039/c0ce00990c,ROYAL SOC CHEMISTRY,2011
10415,10.1039/c0dt00352b,ROYAL SOC CHEMISTRY,2010
10416,10.1039/c0dt00374c,ROYAL SOC CHEMISTRY,2010
10417,10.1039/c0dt00390e,ROYAL SOC CHEMISTRY,2010
10418,10.1039/c0dt00579g,ROYAL SOC CHEMISTRY,2010
10419,10.1039/c0dt00600a,ROYAL SOC CHEMISTRY,2010
10420,10.1039/c0dt00708k,ROYAL SOC CHEMISTRY,2011
10421,10.1039/c0dt00894j,ROYAL SOC CHEMISTRY,2011
10422,10.1039/c0dt00903b,ROYAL SOC CHEMISTRY,2011
10423,10.1039/c0dt00949k,ROYAL SOC CHEMISTRY,2011
10424,10.1039/c0dt01011a,ROYAL SOC CHEMISTRY,2011
10425,10.1039/c0dt01024c,ROYAL SOC CHEMISTRY,2011
10426,10.1039/c0dt01079k,ROYAL SOC CHEMISTRY,2011
10427,10.1039/c0dt01206h,ROYAL SOC CHEMISTRY,2011
10428,10.1039/c0dt01474e,ROYAL SOC CHEMISTRY,2011
10429,10.1039/c0dt01483d,ROYAL SOC CHEMISTRY,2011
10430,10.1039/c0dt01584a,ROYAL SOC CHEMISTRY,2011
10431,10.1039/c0dt01687j,ROYAL SOC CHEMISTRY,2011
10432,10.1039/c0dt01701a,ROYAL SOC CHEMISTRY,2011
10433,10.1039/c0dt01722a,ROYAL SOC CHEMISTRY,2011
10434,10.1039/c0dt01750g,ROYAL SOC CHEMISTRY,2011
10435,10.1039/c0dt01787f,ROYAL SOC CHEMISTRY,2011
10436,10.1039/c0jm00515k,ROYAL SOC CHEMISTRY,2010
10437,10.1039/c0jm01867h,ROYAL SOC CHEMISTRY,2010
10438,10.1039/c0jm02381g,ROYAL SOC CHEMISTRY,2011
10439,10.1039/c0jm03318a,ROYAL SOC CHEMISTRY,2011
10440,10.1039/c0jm03563g,ROYAL SOC CHEMISTRY,2011
10441,10.1039/c0jm04526h,ROYAL SOC CHEMISTRY,2011
10442,10.1039/c0nj00092b,ROYAL SOC CHEMISTRY,2010
10443,10.1039/c0nj00196a,ROYAL SOC CHEMISTRY,2010
10444,10.1039/c0nj00436g,ROYAL SOC CHEMISTRY,2010
10445,10.1039/c0nj00542h,ROYAL SOC CHEMISTRY,2011
10446,10.1039/c0nj00667j,ROYAL SOC CHEMISTRY,2011
10447,10.1039/c0nj00845a,ROYAL SOC CHEMISTRY,2011
10448,10.1039/c0nj00869a,ROYAL SOC CHEMISTRY,2011
10449,10.1039/c0nj00904k,ROYAL SOC CHEMISTRY,2011
10450,10.1039/c0sc00377h,ROYAL SOC CHEMISTRY,2011
10451,10.1039/c0sc00582g,ROYAL SOC CHEMISTRY,2011
10452,10.1039/c0sm00039f,ROYAL SOC CHEMISTRY,2010
10453,10.1039/c1cc10935a,ROYAL SOC CHEMISTRY,2011
10454,10.1039/c1cc11618e,ROYAL SOC CHEMISTRY,2011
10455,10.1039/c1cc11837d,ROYAL SOC CHEMISTRY,2011
10456,10.1039/c1cc11932j,ROYAL SOC CHEMISTRY,2011
10457,10.1039/c1cc12213d,ROYAL SOC CHEMISTRY,2011
10458,10.1039/c1cc12479j,ROYAL SOC CHEMISTRY,2011
10459,10.1039/c1cc12543e,ROYAL SOC CHEMISTRY,2011
10460,10.1039/c1cc12908b,ROYAL SOC CHEMISTRY,2011
10461,10.1039/c1cc13418c,ROYAL SOC CHEMISTRY,2011
10462,10.1039/c1cc13877d,ROYAL SOC CHEMISTRY,2011
10463,10.1039/c1cc14384k,ROYAL SOC CHEMISTRY,2011
10464,10.1039/c1cc14702a,ROYAL SOC CHEMISTRY,2011
10465,10.1039/c1cc14893a,ROYAL SOC CHEMISTRY,2011
10466,10.1039/c1cc15541e,ROYAL SOC CHEMISTRY,2011
10467,10.1039/c1cc15589j,ROYAL SOC CHEMISTRY,2012
10468,10.1039/c1cc15962c,ROYAL SOC CHEMISTRY,2012
10469,10.1039/c1cc16147d,ROYAL SOC CHEMISTRY,2012
10470,10.1039/c1ce05020f,ROYAL SOC CHEMISTRY,2011
10471,10.1039/c1ce05023k,ROYAL SOC CHEMISTRY,2011
10472,10.1039/c1ce05053b,ROYAL SOC CHEMISTRY,2011
10473,10.1039/c1ce05059a,ROYAL SOC CHEMISTRY,2011
10474,10.1039/c1ce05110e,ROYAL SOC CHEMISTRY,2011
10475,10.1039/c1ce05129f,ROYAL SOC CHEMISTRY,2011
10476,10.1039/c1ce05140g,ROYAL SOC CHEMISTRY,2011
10477,10.1039/c1ce05154g,ROYAL SOC CHEMISTRY,2011
10478,10.1039/c1ce05156c,ROYAL SOC CHEMISTRY,2011
10479,10.1039/c1ce05177f,ROYAL SOC CHEMISTRY,2011
10480,10.1039/c1ce05196b,ROYAL SOC CHEMISTRY,2011
10481,10.1039/c1ce05208j,ROYAL SOC CHEMISTRY,2011
10482,10.1039/c1ce05230f,ROYAL SOC CHEMISTRY,2011
10483,10.1039/c1ce05235g,ROYAL SOC CHEMISTRY,2011
10484,10.1039/c1ce05254c,ROYAL SOC CHEMISTRY,2011
10485,10.1039/c1ce05287j,ROYAL SOC CHEMISTRY,2011
10486,10.1039/c1ce05299c,ROYAL SOC CHEMISTRY,2011
10487,10.1039/c1ce05308f,ROYAL SOC CHEMISTRY,2011
10488,10.1039/c1ce05316g,ROYAL SOC CHEMISTRY,2012
10489,10.1039/c1ce05369h,ROYAL SOC CHEMISTRY,2012
10490,10.1039/c1ce05396e,ROYAL SOC CHEMISTRY,2011
10491,10.1039/c1ce05422h,ROYAL SOC CHEMISTRY,2011
10492,10.1039/c1ce05463e,ROYAL SOC CHEMISTRY,2011
10493,10.1039/c1ce05520h,ROYAL SOC CHEMISTRY,2011
10494,10.1039/c1ce05549f,ROYAL SOC CHEMISTRY,2011
10495,10.1039/c1ce05561e,ROYAL SOC CHEMISTRY,2011
10496,10.1039/c1ce05592e,ROYAL SOC CHEMISTRY,2011
10497,10.1039/c1ce05639e,ROYAL SOC CHEMISTRY,2012
10498,10.1039/c1ce05649b,ROYAL SOC CHEMISTRY,2011
10499,10.1039/c1ce05683b,ROYAL SOC CHEMISTRY,2011
10500,10.1039/c1ce05698k,ROYAL SOC CHEMISTRY,2012
10501,10.1039/c1ce05705g,ROYAL SOC CHEMISTRY,2011
10502,10.1039/c1ce05718a,ROYAL SOC CHEMISTRY,2011
10503,10.1039/c1ce05749a,ROYAL SOC CHEMISTRY,2011
10504,10.1039/c1ce05751k,ROYAL SOC CHEMISTRY,2011
10505,10.1039/c1ce05780d,ROYAL SOC CHEMISTRY,2011
10506,10.1039/c1ce05817g,ROYAL SOC CHEMISTRY,2011
10507,10.1039/c1ce05829k,ROYAL SOC CHEMISTRY,2012
10508,10.1039/c1ce05877k,ROYAL SOC CHEMISTRY,2012
10509,10.1039/c1ce05889d,ROYAL SOC CHEMISTRY,2011
10510,10.1039/c1ce05896g,ROYAL SOC CHEMISTRY,2011
10511,10.1039/c1ce05919j,ROYAL SOC CHEMISTRY,2012
10512,10.1039/c1ce05956d,ROYAL SOC CHEMISTRY,2012
10513,10.1039/c1ce05959a,ROYAL SOC CHEMISTRY,2012
10514,10.1039/c1ce06002c,ROYAL SOC CHEMISTRY,2012
10515,10.1039/c1ce06015e,ROYAL SOC CHEMISTRY,2012
10516,10.1039/c1ce06019h,ROYAL SOC CHEMISTRY,2012
10517,10.1039/c1ce06044a,ROYAL SOC CHEMISTRY,2012
10518,10.1039/c1ce06050c,ROYAL SOC CHEMISTRY,2012
10519,10.1039/c1ce06052j,ROYAL SOC CHEMISTRY,2012
10520,10.1039/c1ce06089a,ROYAL SOC CHEMISTRY,2012
10521,10.1039/c1ce06111a,ROYAL SOC CHEMISTRY,2012
10522,10.1039/c1ce06138k,ROYAL SOC CHEMISTRY,2012
10523,10.1039/c1ce06178j,ROYAL SOC CHEMISTRY,2012
10524,10.1039/c1ce06213a,ROYAL SOC CHEMISTRY,2012
10525,10.1039/c1ce06215h,ROYAL SOC CHEMISTRY,2012
10526,10.1039/c1ce06268a,ROYAL SOC CHEMISTRY,2012
10527,10.1039/c1ce06274c,ROYAL SOC CHEMISTRY,2011
10528,10.1039/c1cp21301f,ROYAL SOC CHEMISTRY,2011
10529,10.1039/c1cp22855b,ROYAL SOC CHEMISTRY,2012
10530,10.1039/c1dt10158g,ROYAL SOC CHEMISTRY,2011
10531,10.1039/c1dt10241a,ROYAL SOC CHEMISTRY,2011
10532,10.1039/c1dt10282f,ROYAL SOC CHEMISTRY,2011
10533,10.1039/c1dt10602c,ROYAL SOC CHEMISTRY,2011
10534,10.1039/c1dt10776c,ROYAL SOC CHEMISTRY,2011
10535,10.1039/c1dt10826c,ROYAL SOC CHEMISTRY,2011
10536,10.1039/c1dt10893j,ROYAL SOC CHEMISTRY,2011
10537,10.1039/c1dt10901d,ROYAL SOC CHEMISTRY,2011
10538,10.1039/c1dt10931f,ROYAL SOC CHEMISTRY,2012
10539,10.1039/c1dt10958h,ROYAL SOC CHEMISTRY,2011
10540,10.1039/c1dt10985e,ROYAL SOC CHEMISTRY,2012
10541,10.1039/c1dt11099c,ROYAL SOC CHEMISTRY,2011
10542,10.1039/c1dt11130b,ROYAL SOC CHEMISTRY,2011
10543,10.1039/c1dt11237f,ROYAL SOC CHEMISTRY,2011
10544,10.1039/c1dt11431j,ROYAL SOC CHEMISTRY,2012
10545,10.1039/c1dt11568e,ROYAL SOC CHEMISTRY,2012
10546,10.1039/c1dt11654a,ROYAL SOC CHEMISTRY,2012
10547,10.1039/c1dt11692d,ROYAL SOC CHEMISTRY,2012
10548,10.1039/c1dt11700a,ROYAL SOC CHEMISTRY,2011
10549,10.1039/c1gc15340d,ROYAL SOC CHEMISTRY,2011
10550,10.1039/c1gc15726d,ROYAL SOC CHEMISTRY,2012
10551,10.1039/c1jm10451a,ROYAL SOC CHEMISTRY,2011
10552,10.1039/c1jm10787a,ROYAL SOC CHEMISTRY,2011
10553,10.1039/c1jm10947b,ROYAL SOC CHEMISTRY,2011
10554,10.1039/c1jm11075f,ROYAL SOC CHEMISTRY,2011
10555,10.1039/c1jm11102g,ROYAL SOC CHEMISTRY,2011
10556,10.1039/c1jm12789f,ROYAL SOC CHEMISTRY,2011
10557,10.1039/c1jm12859k,ROYAL SOC CHEMISTRY,2011
10558,10.1039/c1jm14677g,ROYAL SOC CHEMISTRY,2012
10559,10.1039/c1jm14791a,ROYAL SOC CHEMISTRY,2012
10560,10.1039/c1nj20350a,ROYAL SOC CHEMISTRY,2011
10561,10.1039/c1nr10944h,ROYAL SOC CHEMISTRY,2012
10562,10.1039/c1ra00155h,ROYAL SOC CHEMISTRY,2011
10563,10.1039/c1ra00164g,ROYAL SOC CHEMISTRY,2011
10564,10.1039/c1sc00100k,ROYAL SOC CHEMISTRY,2011
10565,10.1039/c1sc00269d,ROYAL SOC CHEMISTRY,2011
10566,10.1039/c2cc00046f,ROYAL SOC CHEMISTRY,2012
10567,10.1039/c2cc16779d,ROYAL SOC CHEMISTRY,2012
10568,10.1039/c2cc16808a,ROYAL SOC CHEMISTRY,2012
10569,10.1039/c2cc17190b,ROYAL SOC CHEMISTRY,2012
10570,10.1039/c2cc17256a,ROYAL SOC CHEMISTRY,2012
10571,10.1039/c2cc30877k,ROYAL SOC CHEMISTRY,2012
10572,10.1039/c2cc31079a,ROYAL SOC CHEMISTRY,2012
10573,10.1039/c2cc31667f,ROYAL SOC CHEMISTRY,2012
10574,10.1039/c2cc33964a,ROYAL SOC CHEMISTRY,2013
10575,10.1039/c2cc34196d,ROYAL SOC CHEMISTRY,2012
10576,10.1039/c2cc34380k,ROYAL SOC CHEMISTRY,2012
10577,10.1039/c2cc34416e,ROYAL SOC CHEMISTRY,2012
10578,10.1039/c2cc34493a,ROYAL SOC CHEMISTRY,2012
10579,10.1039/c2cc34689c,ROYAL SOC CHEMISTRY,2012
10580,10.1039/c2cc34782b,ROYAL SOC CHEMISTRY,2012
10581,10.1039/c2cc34787c,ROYAL SOC CHEMISTRY,2012
10582,10.1039/c2cc35348b,ROYAL SOC CHEMISTRY,2012
10583,10.1039/c2cc35366k,ROYAL SOC CHEMISTRY,2012
10584,10.1039/c2cc35418g,ROYAL SOC CHEMISTRY,2012
10585,10.1039/c2cc36003a,ROYAL SOC CHEMISTRY,2012
10586,10.1039/c2cc36325a,ROYAL SOC CHEMISTRY,2013
10587,10.1039/c2cc36344e,ROYAL SOC CHEMISTRY,2012
10588,10.1039/c2cc37453f,ROYAL SOC CHEMISTRY,2012
10589,10.1039/c2cc37621k,ROYAL SOC CHEMISTRY,2013
10590,10.1039/c2cc38092g,ROYAL SOC CHEMISTRY,2013
10591,10.1039/c2cc38512k,ROYAL SOC CHEMISTRY,2013
10592,10.1039/c2ce00025c,ROYAL SOC CHEMISTRY,2012
10593,10.1039/c2ce05586d,ROYAL SOC CHEMISTRY,2012
10594,10.1039/c2ce05785a,ROYAL SOC CHEMISTRY,2012
10595,10.1039/c2ce05828f,ROYAL SOC CHEMISTRY,2012
10596,10.1039/c2ce05875h,ROYAL SOC CHEMISTRY,2012
10597,10.1039/c2ce05948g,ROYAL SOC CHEMISTRY,2012
10598,10.1039/c2ce06133c,ROYAL SOC CHEMISTRY,2012
10599,10.1039/c2ce06176g,ROYAL SOC CHEMISTRY,2012
10600,10.1039/c2ce06290a,ROYAL SOC CHEMISTRY,2012
10601,10.1039/c2ce06312c,ROYAL SOC CHEMISTRY,2012
10602,10.1039/c2ce06327a,ROYAL SOC CHEMISTRY,2012
10603,10.1039/c2ce06329h,ROYAL SOC CHEMISTRY,2012
10604,10.1039/c2ce06345j,ROYAL SOC CHEMISTRY,2012
10605,10.1039/c2ce06382d,ROYAL SOC CHEMISTRY,2012
10606,10.1039/c2ce06386g,ROYAL SOC CHEMISTRY,2012
10607,10.1039/c2ce06415d,ROYAL SOC CHEMISTRY,2012
10608,10.1039/c2ce06418a,ROYAL SOC CHEMISTRY,2012
10609,10.1039/c2ce06428f,ROYAL SOC CHEMISTRY,2012
10610,10.1039/c2ce06451k,ROYAL SOC CHEMISTRY,2012
10611,10.1039/c2ce06491j,ROYAL SOC CHEMISTRY,2012
10612,10.1039/c2ce06496k,ROYAL SOC CHEMISTRY,2012
10613,10.1039/c2ce06508h,ROYAL SOC CHEMISTRY,2012
10614,10.1039/c2ce06511h,ROYAL SOC CHEMISTRY,2012
10615,10.1039/c2ce06540a,ROYAL SOC CHEMISTRY,2012
10616,10.1039/c2ce06546k,ROYAL SOC CHEMISTRY,2012
10617,10.1039/c2ce06563k,ROYAL SOC CHEMISTRY,2012
10618,10.1039/c2ce06572j,ROYAL SOC CHEMISTRY,2012
10619,10.1039/c2ce06580k,ROYAL SOC CHEMISTRY,2012
10620,10.1039/c2ce06581a,ROYAL SOC CHEMISTRY,2012
10621,10.1039/c2ce06584c,ROYAL SOC CHEMISTRY,2012
10622,10.1039/c2ce06608d,ROYAL SOC CHEMISTRY,2012
10623,10.1039/c2ce06632g,ROYAL SOC CHEMISTRY,2012
10624,10.1039/c2ce06666a,ROYAL SOC CHEMISTRY,2012
10625,10.1039/c2ce06694g,ROYAL SOC CHEMISTRY,2012
10626,10.1039/c2ce06720j,ROYAL SOC CHEMISTRY,2012
10627,10.1039/c2ce06730g,ROYAL SOC CHEMISTRY,2012
10628,10.1039/c2ce25040c,ROYAL SOC CHEMISTRY,2012
10629,10.1039/c2ce25075f,ROYAL SOC CHEMISTRY,2012
10630,10.1039/c2ce25076d,ROYAL SOC CHEMISTRY,2012
10631,10.1039/c2ce25081k,ROYAL SOC CHEMISTRY,2012
10632,10.1039/c2ce25160d,ROYAL SOC CHEMISTRY,2012
10633,10.1039/c2ce25169h,ROYAL SOC CHEMISTRY,2012
10634,10.1039/c2ce25194a,ROYAL SOC CHEMISTRY,2012
10635,10.1039/c2ce25202c,ROYAL SOC CHEMISTRY,2012
10636,10.1039/c2ce25264c,ROYAL SOC CHEMISTRY,2012
10637,10.1039/c2ce25292a,ROYAL SOC CHEMISTRY,2012
10638,10.1039/c2ce25317h,ROYAL SOC CHEMISTRY,2012
10639,10.1039/c2ce25328c,ROYAL SOC CHEMISTRY,2012
10640,10.1039/c2ce25358e,ROYAL SOC CHEMISTRY,2012
10641,10.1039/c2ce25388g,ROYAL SOC CHEMISTRY,2012
10642,10.1039/c2ce25409c,ROYAL SOC CHEMISTRY,2013
10643,10.1039/c2ce25422k,ROYAL SOC CHEMISTRY,2012
10644,10.1039/c2ce25430a,ROYAL SOC CHEMISTRY,2012
10645,10.1039/c2ce25439e,ROYAL SOC CHEMISTRY,2012
10646,10.1039/c2ce25442e,ROYAL SOC CHEMISTRY,2012
10647,10.1039/c2ce25456e,ROYAL SOC CHEMISTRY,2012
10648,10.1039/c2ce25482d,ROYAL SOC CHEMISTRY,2012
10649,10.1039/c2ce25529d,ROYAL SOC CHEMISTRY,2012
10650,10.1039/c2ce25588j,ROYAL SOC CHEMISTRY,2012
10651,10.1039/c2ce25589h,ROYAL SOC CHEMISTRY,2012
10652,10.1039/c2ce25602a,ROYAL SOC CHEMISTRY,2012
10653,10.1039/c2ce25607j,ROYAL SOC CHEMISTRY,2012
10654,10.1039/c2ce25618e,ROYAL SOC CHEMISTRY,2012
10655,10.1039/c2ce25673h,ROYAL SOC CHEMISTRY,2012
10656,10.1039/c2ce25677k,ROYAL SOC CHEMISTRY,2012
10657,10.1039/c2ce25755f,ROYAL SOC CHEMISTRY,2012
10658,10.1039/c2ce25760b,ROYAL SOC CHEMISTRY,2012
10659,10.1039/c2ce25780g,ROYAL SOC CHEMISTRY,2012
10660,10.1039/c2ce25807b,ROYAL SOC CHEMISTRY,2012
10661,10.1039/c2ce25856k,ROYAL SOC CHEMISTRY,2012
10662,10.1039/c2ce25906k,ROYAL SOC CHEMISTRY,2012
10663,10.1039/c2ce25911g,ROYAL SOC CHEMISTRY,2012
10664,10.1039/c2ce25912e,ROYAL SOC CHEMISTRY,2012
10665,10.1039/c2ce26063h,ROYAL SOC CHEMISTRY,2013
10666,10.1039/c2ce26068a,ROYAL SOC CHEMISTRY,2013
10667,10.1039/c2ce26086g,ROYAL SOC CHEMISTRY,2012
10668,10.1039/c2ce26120k,ROYAL SOC CHEMISTRY,2013
10669,10.1039/c2ce26129d,ROYAL SOC CHEMISTRY,2012
10670,10.1039/c2ce26138c,ROYAL SOC CHEMISTRY,2012
10671,10.1039/c2ce26170g,ROYAL SOC CHEMISTRY,2012
10672,10.1039/c2ce26171e,ROYAL SOC CHEMISTRY,2013
10673,10.1039/c2ce26198g,ROYAL SOC CHEMISTRY,2012
10674,10.1039/c2ce26274f,ROYAL SOC CHEMISTRY,2012
10675,10.1039/c2ce26279g,ROYAL SOC CHEMISTRY,2013
10676,10.1039/c2ce26290h,ROYAL SOC CHEMISTRY,2012
10677,10.1039/c2ce26302e,ROYAL SOC CHEMISTRY,2013
10678,10.1039/c2ce26312b,ROYAL SOC CHEMISTRY,2012
10679,10.1039/c2ce26323h,ROYAL SOC CHEMISTRY,2013
10680,10.1039/c2ce26338f,ROYAL SOC CHEMISTRY,2012
10681,10.1039/c2ce26390d,ROYAL SOC CHEMISTRY,2013
10682,10.1039/c2ce26395e,ROYAL SOC CHEMISTRY,2013
10683,10.1039/c2ce26436f,ROYAL SOC CHEMISTRY,2013
10684,10.1039/c2ce26515j,ROYAL SOC CHEMISTRY,2013
10685,10.1039/c2ce26521d,ROYAL SOC CHEMISTRY,2013
10686,10.1039/c2ce26532j,ROYAL SOC CHEMISTRY,2013
10687,10.1039/c2ce26533h,ROYAL SOC CHEMISTRY,2012
10688,10.1039/c2ce26559a,ROYAL SOC CHEMISTRY,2013
10689,10.1039/c2ce26586a,ROYAL SOC CHEMISTRY,2013
10690,10.1039/c2ce26606g,ROYAL SOC CHEMISTRY,2013
10691,10.1039/c2ce26636a,ROYAL SOC CHEMISTRY,2013
10692,10.1039/c2ce26695d,ROYAL SOC CHEMISTRY,2013
10693,10.1039/c2ce26701b,ROYAL SOC CHEMISTRY,2013
10694,10.1039/c2ce26720a,ROYAL SOC CHEMISTRY,2013
10695,10.1039/c2ce26793d,ROYAL SOC CHEMISTRY,2013
10696,10.1039/c2ce26836a,ROYAL SOC CHEMISTRY,2013
10697,10.1039/c2ce26847g,ROYAL SOC CHEMISTRY,2013
10698,10.1039/c2ce26892b,ROYAL SOC CHEMISTRY,2013
10699,10.1039/c2ce26940f,ROYAL SOC CHEMISTRY,2013
10700,10.1039/c2ce26958a,ROYAL SOC CHEMISTRY,2013
10701,10.1039/c2cp42137b,ROYAL SOC CHEMISTRY,2012
10702,10.1039/c2cy20577g,ROYAL SOC CHEMISTRY,2013
10703,10.1039/c2dt00001f,ROYAL SOC CHEMISTRY,2012
10704,10.1039/c2dt00057a,ROYAL SOC CHEMISTRY,2012
10705,10.1039/c2dt11473a,ROYAL SOC CHEMISTRY,2012
10706,10.1039/c2dt11966h,ROYAL SOC CHEMISTRY,2012
10707,10.1039/c2dt11978a,ROYAL SOC CHEMISTRY,2012
10708,10.1039/c2dt11989g,ROYAL SOC CHEMISTRY,2012
10709,10.1039/c2dt11993e,ROYAL SOC CHEMISTRY,2012
10710,10.1039/c2dt12012g,ROYAL SOC CHEMISTRY,2012
10711,10.1039/c2dt12017h,ROYAL SOC CHEMISTRY,2012
10712,10.1039/c2dt12032a,ROYAL SOC CHEMISTRY,2012
10713,10.1039/c2dt12047j,ROYAL SOC CHEMISTRY,2012
10714,10.1039/c2dt12059c,ROYAL SOC CHEMISTRY,2012
10715,10.1039/c2dt12088g,ROYAL SOC CHEMISTRY,2012
10716,10.1039/c2dt12170k,ROYAL SOC CHEMISTRY,2012
10717,10.1039/c2dt12192a,ROYAL SOC CHEMISTRY,2012
10718,10.1039/c2dt12208a,ROYAL SOC CHEMISTRY,2012
10719,10.1039/c2dt12281b,ROYAL SOC CHEMISTRY,2012
10720,10.1039/c2dt12346k,ROYAL SOC CHEMISTRY,2012
10721,10.1039/c2dt12427k,ROYAL SOC CHEMISTRY,2012
10722,10.1039/c2dt12480g,ROYAL SOC CHEMISTRY,2012
10723,10.1039/c2dt30174a,ROYAL SOC CHEMISTRY,2012
10724,10.1039/c2dt30175j,ROYAL SOC CHEMISTRY,2012
10725,10.1039/c2dt30184a,ROYAL SOC CHEMISTRY,2012
10726,10.1039/c2dt30277b,ROYAL SOC CHEMISTRY,2012
10727,10.1039/c2dt30284e,ROYAL SOC CHEMISTRY,2012
10728,10.1039/c2dt30297g,ROYAL SOC CHEMISTRY,2012
10729,10.1039/c2dt30362k,ROYAL SOC CHEMISTRY,2012
10730,10.1039/c2dt30372h,ROYAL SOC CHEMISTRY,2012
10731,10.1039/c2dt30537b,ROYAL SOC CHEMISTRY,2012
10732,10.1039/c2dt30649b,ROYAL SOC CHEMISTRY,2012
10733,10.1039/c2dt30708a,ROYAL SOC CHEMISTRY,2012
10734,10.1039/c2dt30826f,ROYAL SOC CHEMISTRY,2012
10735,10.1039/c2dt30944k,ROYAL SOC CHEMISTRY,2012
10736,10.1039/c2dt31090b,ROYAL SOC CHEMISTRY,2012
10737,10.1039/c2dt31135f,ROYAL SOC CHEMISTRY,2012
10738,10.1039/c2dt31329d,ROYAL SOC CHEMISTRY,2012
10739,10.1039/c2dt31361h,ROYAL SOC CHEMISTRY,2012
10740,10.1039/c2dt31378b,ROYAL SOC CHEMISTRY,2012
10741,10.1039/c2dt31457f,ROYAL SOC CHEMISTRY,2012
10742,10.1039/c2dt31518a,ROYAL SOC CHEMISTRY,2012
10743,10.1039/c2dt31731a,ROYAL SOC CHEMISTRY,2013
10744,10.1039/c2dt31779f,ROYAL SOC CHEMISTRY,2012
10745,10.1039/c2dt31867a,ROYAL SOC CHEMISTRY,2013
10746,10.1039/c2dt31879b,ROYAL SOC CHEMISTRY,2012
10747,10.1039/c2dt31917a,ROYAL SOC CHEMISTRY,2012
10748,10.1039/c2dt31935g,ROYAL SOC CHEMISTRY,2013
10749,10.1039/c2dt31964k,ROYAL SOC CHEMISTRY,2013
10750,10.1039/c2dt31977b,ROYAL SOC CHEMISTRY,2012
10751,10.1039/c2dt32057f,ROYAL SOC CHEMISTRY,2013
10752,10.1039/c2dt32073h,ROYAL SOC CHEMISTRY,2013
10753,10.1039/c2dt32138f,ROYAL SOC CHEMISTRY,2013
10754,10.1039/c2dt32424e,ROYAL SOC CHEMISTRY,2013
10755,10.1039/c2dt32431h,ROYAL SOC CHEMISTRY,2013
10756,10.1039/c2dt32641h,ROYAL SOC CHEMISTRY,2013
10757,10.1039/c2dt32674d,ROYAL SOC CHEMISTRY,2013
10758,10.1039/c2ee21100a,ROYAL SOC CHEMISTRY,2012
10759,10.1039/c2ee23201d,ROYAL SOC CHEMISTRY,2012
10760,10.1039/c2gc35284b,ROYAL SOC CHEMISTRY,2012
10761,10.1039/c2jm15523k,ROYAL SOC CHEMISTRY,2012
10762,10.1039/c2jm15601f,ROYAL SOC CHEMISTRY,2012
10763,10.1039/c2jm15675j,ROYAL SOC CHEMISTRY,2012
10764,10.1039/c2jm15685g,ROYAL SOC CHEMISTRY,2012
10765,10.1039/c2jm15966j,ROYAL SOC CHEMISTRY,2012
10766,10.1039/c2jm16236a,ROYAL SOC CHEMISTRY,2012
10767,10.1039/c2jm16371c,ROYAL SOC CHEMISTRY,2012
10768,10.1039/c2jm30389b,ROYAL SOC CHEMISTRY,2012
10769,10.1039/c2jm30718a,ROYAL SOC CHEMISTRY,2012
10770,10.1039/c2jm30866e,ROYAL SOC CHEMISTRY,2012
10771,10.1039/c2jm31441j,ROYAL SOC CHEMISTRY,2012
10772,10.1039/c2jm31536j,ROYAL SOC CHEMISTRY,2012
10773,10.1039/c2jm31879b,ROYAL SOC CHEMISTRY,2012
10774,10.1039/c2jm32066e,ROYAL SOC CHEMISTRY,2012
10775,10.1039/c2jm32501b,ROYAL SOC CHEMISTRY,2012
10776,10.1039/c2jm32990e,ROYAL SOC CHEMISTRY,2012
10777,10.1039/c2jm34102f,ROYAL SOC CHEMISTRY,2012
10778,10.1039/c2jm34661c,ROYAL SOC CHEMISTRY,2012
10779,10.1039/c2nj20587d,ROYAL SOC CHEMISTRY,2012
10780,10.1039/c2nj40447h,ROYAL SOC CHEMISTRY,2012
10781,10.1039/c2nj40752c,ROYAL SOC CHEMISTRY,2013
10782,10.1039/c2nr30244f,ROYAL SOC CHEMISTRY,2012
10783,10.1039/c2ra20093g,ROYAL SOC CHEMISTRY,2012
10784,10.1039/c2ra20641b,ROYAL SOC CHEMISTRY,2012
10785,10.1039/c2ra20642k,ROYAL SOC CHEMISTRY,2012
10786,10.1039/c2ra20730c,ROYAL SOC CHEMISTRY,2012
10787,10.1039/c2ra21533k,ROYAL SOC CHEMISTRY,2012
10788,10.1039/c2ra21930a,ROYAL SOC CHEMISTRY,2012
10789,10.1039/c2ra22550f,ROYAL SOC CHEMISTRY,2013
10790,10.1039/c2sc20187a,ROYAL SOC CHEMISTRY,2012
10791,10.1039/c2sc20344h,ROYAL SOC CHEMISTRY,2012
10792,10.1039/c2sc20344h,ROYAL SOC CHEMISTRY,2012
10793,10.1039/c2sc20407j,ROYAL SOC CHEMISTRY,2012
10794,10.1039/c2sc20558k,ROYAL SOC CHEMISTRY,2012
10795,10.1039/c2ta00030j,ROYAL SOC CHEMISTRY,2013
10796,10.1039/c2ta00616b,ROYAL SOC CHEMISTRY,2013
10797,10.1039/c2ta01125e,ROYAL SOC CHEMISTRY,2013
10798,10.1039/c2tc00428c,ROYAL SOC CHEMISTRY,2013
10799,10.1039/c2tc00591c,ROYAL SOC CHEMISTRY,2013
10800,10.1039/c3an00598d,ROYAL SOC CHEMISTRY,2013
10801,10.1039/c3cc38474h,ROYAL SOC CHEMISTRY,2013
10802,10.1039/c3cc39190f,ROYAL SOC CHEMISTRY,2013
10803,10.1039/c3cc39191d,ROYAL SOC CHEMISTRY,2013
10804,10.1039/c3cc40368h,ROYAL SOC CHEMISTRY,2013
10805,10.1039/c3cc40635k,ROYAL SOC CHEMISTRY,2013
10806,10.1039/c3cc41039k,ROYAL SOC CHEMISTRY,2013
10807,10.1039/c3cc42287a,ROYAL SOC CHEMISTRY,2013
10808,10.1039/c3cc42601g,ROYAL SOC CHEMISTRY,2013
10809,10.1039/c3cc42632g,ROYAL SOC CHEMISTRY,2013
10810,10.1039/c3cc43028f,ROYAL SOC CHEMISTRY,2013
10811,10.1039/c3cc43277g,ROYAL SOC CHEMISTRY,2013
10812,10.1039/c3cc43383h,ROYAL SOC CHEMISTRY,2013
10813,10.1039/c3cc44119a,ROYAL SOC CHEMISTRY,2013
10814,10.1039/c3cc44193h,ROYAL SOC CHEMISTRY,2013
10815,10.1039/c3cc44559c,ROYAL SOC CHEMISTRY,2013
10816,10.1039/c3cc45066j,ROYAL SOC CHEMISTRY,2013
10817,10.1039/c3cc45310c,ROYAL SOC CHEMISTRY,2013
10818,10.1039/c3cc46049e,ROYAL SOC CHEMISTRY,2013
10819,10.1039/c3cc46063k,ROYAL SOC CHEMISTRY,2013
10820,10.1039/c3cc46105j,ROYAL SOC CHEMISTRY,2013
10821,10.1039/c3cc46503a,ROYAL SOC CHEMISTRY,2013
10822,10.1039/c3cc49307e,ROYAL SOC CHEMISTRY,2014
10823,10.1039/c3cc49666j,ROYAL SOC CHEMISTRY,2014
10824,10.1039/c3cc49815h,ROYAL SOC CHEMISTRY,2014
10825,10.1039/c3cc49829h,ROYAL SOC CHEMISTRY,2014
10826,10.1039/c3ce00009e,ROYAL SOC CHEMISTRY,2013
10827,10.1039/c3ce00017f,ROYAL SOC CHEMISTRY,2013
10828,10.1039/c3ce00048f,ROYAL SOC CHEMISTRY,2013
10829,10.1039/c3ce00049d,ROYAL SOC CHEMISTRY,2013
10830,10.1039/c3ce00057e,ROYAL SOC CHEMISTRY,2013
10831,10.1039/c3ce00068k,ROYAL SOC CHEMISTRY,2013
10832,10.1039/c3ce26435a,ROYAL SOC CHEMISTRY,2013
10833,10.1039/c3ce26781d,ROYAL SOC CHEMISTRY,2013
10834,10.1039/c3ce26854c,ROYAL SOC CHEMISTRY,2013
10835,10.1039/c3ce26864k,ROYAL SOC CHEMISTRY,2013
10836,10.1039/c3ce26905a,ROYAL SOC CHEMISTRY,2013
10837,10.1039/c3ce26917e,ROYAL SOC CHEMISTRY,2013
10838,10.1039/c3ce26998a,ROYAL SOC CHEMISTRY,2013
10839,10.1039/c3ce27006h,ROYAL SOC CHEMISTRY,2013
10840,10.1039/c3ce27023h,ROYAL SOC CHEMISTRY,2013
10841,10.1039/c3ce27049a,ROYAL SOC CHEMISTRY,2013
10842,10.1039/c3ce27056d,ROYAL SOC CHEMISTRY,2013
10843,10.1039/c3ce27082c,ROYAL SOC CHEMISTRY,2013
10844,10.1039/c3ce27108k,ROYAL SOC CHEMISTRY,2013
10845,10.1039/c3ce27111k,ROYAL SOC CHEMISTRY,2013
10846,10.1039/c3ce40099a,ROYAL SOC CHEMISTRY,2013
10847,10.1039/c3ce40109j,ROYAL SOC CHEMISTRY,2013
10848,10.1039/c3ce40117k,ROYAL SOC CHEMISTRY,2013
10849,10.1039/c3ce40174j,ROYAL SOC CHEMISTRY,2013
10850,10.1039/c3ce40179k,ROYAL SOC CHEMISTRY,2013
10851,10.1039/c3ce40210j,ROYAL SOC CHEMISTRY,2013
10852,10.1039/c3ce40315g,ROYAL SOC CHEMISTRY,2013
10853,10.1039/c3ce40416a,ROYAL SOC CHEMISTRY,2013
10854,10.1039/c3ce40433a,ROYAL SOC CHEMISTRY,2013
10855,10.1039/c3ce40442k,ROYAL SOC CHEMISTRY,2013
10856,10.1039/c3ce40445e,ROYAL SOC CHEMISTRY,2013
10857,10.1039/c3ce40456k,ROYAL SOC CHEMISTRY,2013
10858,10.1039/c3ce40484f,ROYAL SOC CHEMISTRY,2013
10859,10.1039/c3ce40528a,ROYAL SOC CHEMISTRY,2013
10860,10.1039/c3ce40594j,ROYAL SOC CHEMISTRY,2013
10861,10.1039/c3ce40596f,ROYAL SOC CHEMISTRY,2013
10862,10.1039/c3ce40599k,ROYAL SOC CHEMISTRY,2013
10863,10.1039/c3ce40754c,ROYAL SOC CHEMISTRY,2013
10864,10.1039/c3ce40761f,ROYAL SOC CHEMISTRY,2013
10865,10.1039/c3ce40782a,ROYAL SOC CHEMISTRY,2013
10866,10.1039/c3ce40825f,ROYAL SOC CHEMISTRY,2013
10867,10.1039/c3ce40828k,ROYAL SOC CHEMISTRY,2013
10868,10.1039/c3ce40847g,ROYAL SOC CHEMISTRY,2013
10869,10.1039/c3ce40850g,ROYAL SOC CHEMISTRY,2013
10870,10.1039/c3ce40858b,ROYAL SOC CHEMISTRY,2013
10871,10.1039/c3ce40864g,ROYAL SOC CHEMISTRY,2013
10872,10.1039/c3ce40869h,ROYAL SOC CHEMISTRY,2013
10873,10.1039/c3ce40904j,ROYAL SOC CHEMISTRY,2013
10874,10.1039/c3ce40910d,ROYAL SOC CHEMISTRY,2013
10875,10.1039/c3ce40913a,ROYAL SOC CHEMISTRY,2013
10876,10.1039/c3ce40943k,ROYAL SOC CHEMISTRY,2013
10877,10.1039/c3ce40946e,ROYAL SOC CHEMISTRY,2013
10878,10.1039/c3ce40957k,ROYAL SOC CHEMISTRY,2014
10879,10.1039/c3ce41000e,ROYAL SOC CHEMISTRY,2013
10880,10.1039/c3ce41008k,ROYAL SOC CHEMISTRY,2013
10881,10.1039/c3ce41021h,ROYAL SOC CHEMISTRY,2013
10882,10.1039/c3ce41025k,ROYAL SOC CHEMISTRY,2013
10883,10.1039/c3ce41033a,ROYAL SOC CHEMISTRY,2013
10884,10.1039/c3ce41035h,ROYAL SOC CHEMISTRY,2013
10885,10.1039/c3ce41037d,ROYAL SOC CHEMISTRY,2013
10886,10.1039/c3ce41056k,ROYAL SOC CHEMISTRY,2013
10887,10.1039/c3ce41060a,ROYAL SOC CHEMISTRY,2013
10888,10.1039/c3ce41073k,ROYAL SOC CHEMISTRY,2013
10889,10.1039/c3ce41080c,ROYAL SOC CHEMISTRY,2013
10890,10.1039/c3ce41087k,ROYAL SOC CHEMISTRY,2013
10891,10.1039/c3ce41095a,ROYAL SOC CHEMISTRY,2013
10892,10.1039/c3ce41103f,ROYAL SOC CHEMISTRY,2013
10893,10.1039/c3ce41123k,ROYAL SOC CHEMISTRY,2013
10894,10.1039/c3ce41124a,ROYAL SOC CHEMISTRY,2013
10895,10.1039/c3ce41143e,ROYAL SOC CHEMISTRY,2013
10896,10.1039/c3ce41152d,ROYAL SOC CHEMISTRY,2013
10897,10.1039/c3ce41186a,ROYAL SOC CHEMISTRY,2013
10898,10.1039/c3ce41213j,ROYAL SOC CHEMISTRY,2013
10899,10.1039/c3ce41238e,ROYAL SOC CHEMISTRY,2013
10900,10.1039/c3ce41253a,ROYAL SOC CHEMISTRY,2013
10901,10.1039/c3ce41260a,ROYAL SOC CHEMISTRY,2013
10902,10.1039/c3ce41268g,ROYAL SOC CHEMISTRY,2013
10903,10.1039/c3ce41298a,ROYAL SOC CHEMISTRY,2013
10904,10.1039/c3ce41332b,ROYAL SOC CHEMISTRY,2013
10905,10.1039/c3ce41364k,ROYAL SOC CHEMISTRY,2013
10906,10.1039/c3ce41366g,ROYAL SOC CHEMISTRY,2013
10907,10.1039/c3ce41370e,ROYAL SOC CHEMISTRY,2013
10908,10.1039/c3ce41428k,ROYAL SOC CHEMISTRY,2014
10909,10.1039/c3ce41457d,ROYAL SOC CHEMISTRY,2013
10910,10.1039/c3ce41462k,ROYAL SOC CHEMISTRY,2013
10911,10.1039/c3ce41557k,ROYAL SOC CHEMISTRY,2014
10912,10.1039/c3ce41575a,ROYAL SOC CHEMISTRY,2013
10913,10.1039/c3ce41612g,ROYAL SOC CHEMISTRY,2014
10914,10.1039/c3ce41623b,ROYAL SOC CHEMISTRY,2013
10915,10.1039/c3ce41624k,ROYAL SOC CHEMISTRY,2014
10916,10.1039/c3ce41632a,ROYAL SOC CHEMISTRY,2013
10917,10.1039/c3ce41641k,ROYAL SOC CHEMISTRY,2014
10918,10.1039/c3ce41679h,ROYAL SOC CHEMISTRY,2013
10919,10.1039/c3ce41706a,ROYAL SOC CHEMISTRY,2014
10920,10.1039/c3ce41728j,ROYAL SOC CHEMISTRY,2014
10921,10.1039/c3ce41740a,ROYAL SOC CHEMISTRY,2013
10922,10.1039/c3ce41764f,ROYAL SOC CHEMISTRY,2014
10923,10.1039/c3ce41801d,ROYAL SOC CHEMISTRY,2013
10924,10.1039/c3ce41805g,ROYAL SOC CHEMISTRY,2014
10925,10.1039/c3ce41821a,ROYAL SOC CHEMISTRY,2014
10926,10.1039/c3ce41841c,ROYAL SOC CHEMISTRY,2014
10927,10.1039/c3ce41966e,ROYAL SOC CHEMISTRY,2014
10928,10.1039/c3ce41996g,ROYAL SOC CHEMISTRY,2014
10929,10.1039/c3ce42021c,ROYAL SOC CHEMISTRY,2014
10930,10.1039/c3ce42028k,ROYAL SOC CHEMISTRY,2014
10931,10.1039/c3ce42040j,ROYAL SOC CHEMISTRY,2014
10932,10.1039/c3ce42045k,ROYAL SOC CHEMISTRY,2014
10933,10.1039/c3ce42048e,ROYAL SOC CHEMISTRY,2014
10934,10.1039/c3ce42127a,ROYAL SOC CHEMISTRY,2014
10935,10.1039/c3ce42147c,ROYAL SOC CHEMISTRY,2014
10936,10.1039/c3ce42152j,ROYAL SOC CHEMISTRY,2014
10937,10.1039/c3ce42189a,ROYAL SOC CHEMISTRY,2014
10938,10.1039/c3ce42195c,ROYAL SOC CHEMISTRY,2014
10939,10.1039/c3ce42203h,ROYAL SOC CHEMISTRY,2014
10940,10.1039/c3ce42208a,ROYAL SOC CHEMISTRY,2014
10941,10.1039/c3ce42209g,ROYAL SOC CHEMISTRY,2014
10942,10.1039/c3ce42216j,ROYAL SOC CHEMISTRY,2014
10943,10.1039/c3ce42260g,ROYAL SOC CHEMISTRY,2014
10944,10.1039/c3ce42272k,ROYAL SOC CHEMISTRY,2014
10945,10.1039/c3ce42311e,ROYAL SOC CHEMISTRY,2014
10946,10.1039/c3ce42339e,ROYAL SOC CHEMISTRY,2014
10947,10.1039/c3ce42390e,ROYAL SOC CHEMISTRY,2014
10948,10.1039/c3ce42400f,ROYAL SOC CHEMISTRY,2014
10949,10.1039/c3ce42426j,ROYAL SOC CHEMISTRY,2014
10950,10.1039/c3ce42441c,ROYAL SOC CHEMISTRY,2014
10951,10.1039/c3ce42451k,ROYAL SOC CHEMISTRY,2014
10952,10.1039/c3ce42477d,ROYAL SOC CHEMISTRY,2014
10953,10.1039/c3ce42485e,ROYAL SOC CHEMISTRY,2014
10954,10.1039/c3ce42565g,ROYAL SOC CHEMISTRY,2014
10955,10.1039/c3ce42625d,ROYAL SOC CHEMISTRY,2014
10956,10.1039/c3ce42633e,ROYAL SOC CHEMISTRY,2014
10957,10.1039/c3ce42637h,ROYAL SOC CHEMISTRY,2014
10958,10.1039/c3ce42648c,ROYAL SOC CHEMISTRY,2014
10959,10.1039/c3cp50622c,ROYAL SOC CHEMISTRY,2013
10960,10.1039/c3cy00044c,ROYAL SOC CHEMISTRY,2013
10961,10.1039/c3cy00503h,ROYAL SOC CHEMISTRY,2014
10962,10.1039/c3cy01053h,ROYAL SOC CHEMISTRY,2014
10963,10.1039/c3dt32302a,ROYAL SOC CHEMISTRY,2013
10964,10.1039/c3dt32355b,ROYAL SOC CHEMISTRY,2013
10965,10.1039/c3dt32588a,ROYAL SOC CHEMISTRY,2013
10966,10.1039/c3dt32714k,ROYAL SOC CHEMISTRY,2013
10967,10.1039/c3dt32846e,ROYAL SOC CHEMISTRY,2013
10968,10.1039/c3dt33066d,ROYAL SOC CHEMISTRY,2013
10969,10.1039/c3dt50315a,ROYAL SOC CHEMISTRY,2013
10970,10.1039/c3dt50532d,ROYAL SOC CHEMISTRY,2013
10971,10.1039/c3dt50620g,ROYAL SOC CHEMISTRY,2013
10972,10.1039/c3dt50641j,ROYAL SOC CHEMISTRY,2013
10973,10.1039/c3dt50664a,ROYAL SOC CHEMISTRY,2013
10974,10.1039/c3dt50687h,ROYAL SOC CHEMISTRY,2013
10975,10.1039/c3dt50747e,ROYAL SOC CHEMISTRY,2013
10976,10.1039/c3dt50782c,ROYAL SOC CHEMISTRY,2013
10977,10.1039/c3dt50787d,ROYAL SOC CHEMISTRY,2013
10978,10.1039/c3dt50845e,ROYAL SOC CHEMISTRY,2013
10979,10.1039/c3dt51104a,ROYAL SOC CHEMISTRY,2013
10980,10.1039/c3dt51114f,ROYAL SOC CHEMISTRY,2013
10981,10.1039/c3dt51241j,ROYAL SOC CHEMISTRY,2013
10982,10.1039/c3dt51326b,ROYAL SOC CHEMISTRY,2013
10983,10.1039/c3dt51509e,ROYAL SOC CHEMISTRY,2013
10984,10.1039/c3dt51574e,ROYAL SOC CHEMISTRY,2013
10985,10.1039/c3dt51610e,ROYAL SOC CHEMISTRY,2013
10986,10.1039/c3dt51736e,ROYAL SOC CHEMISTRY,2014
10987,10.1039/c3dt51747k,ROYAL SOC CHEMISTRY,2013
10988,10.1039/c3dt51905h,ROYAL SOC CHEMISTRY,2013
10989,10.1039/c3dt52001c,ROYAL SOC CHEMISTRY,2013
10990,10.1039/c3dt52103f,ROYAL SOC CHEMISTRY,2013
10991,10.1039/c3dt52159a,ROYAL SOC CHEMISTRY,2014
10992,10.1039/c3dt52178h,ROYAL SOC CHEMISTRY,2013
10993,10.1039/c3dt52190g,ROYAL SOC CHEMISTRY,2013
10994,10.1039/c3dt52266k,ROYAL SOC CHEMISTRY,2014
10995,10.1039/c3dt52330f,ROYAL SOC CHEMISTRY,2013
10996,10.1039/c3dt52384e,ROYAL SOC CHEMISTRY,2014
10997,10.1039/c3dt52430b,ROYAL SOC CHEMISTRY,2014
10998,10.1039/c3dt52500g,ROYAL SOC CHEMISTRY,2014
10999,10.1039/c3dt52546e,ROYAL SOC CHEMISTRY,2014
11000,10.1039/c3dt52579a,ROYAL SOC CHEMISTRY,2014
11001,10.1039/c3dt52796d,ROYAL SOC CHEMISTRY,2014
11002,10.1039/c3dt52830h,ROYAL SOC CHEMISTRY,2014
11003,10.1039/c3dt52839a,ROYAL SOC CHEMISTRY,2014
11004,10.1039/c3dt52888j,ROYAL SOC CHEMISTRY,2014
11005,10.1039/c3dt52910j,ROYAL SOC CHEMISTRY,2014
11006,10.1039/c3dt52977k,ROYAL SOC CHEMISTRY,2014
11007,10.1039/c3dt52992d,ROYAL SOC CHEMISTRY,2014
11008,10.1039/c3dt53109k,ROYAL SOC CHEMISTRY,2014
11009,10.1039/c3dt53112k,ROYAL SOC CHEMISTRY,2014
11010,10.1039/c3dt53167h,ROYAL SOC CHEMISTRY,2014
11011,10.1039/c3dt53191k,ROYAL SOC CHEMISTRY,2014
11012,10.1039/c3dt53379d,ROYAL SOC CHEMISTRY,2014
11013,10.1039/c3dt53415d,ROYAL SOC CHEMISTRY,2014
11014,10.1039/c3dt53424c,ROYAL SOC CHEMISTRY,2014
11015,10.1039/c3dt53504e,ROYAL SOC CHEMISTRY,2014
11016,10.1039/c3dt53543f,ROYAL SOC CHEMISTRY,2014
11017,10.1039/c3ee24506c,ROYAL SOC CHEMISTRY,2013
11018,10.1039/c3ee40876k,ROYAL SOC CHEMISTRY,2013
11019,10.1039/c3ee41548a,ROYAL SOC CHEMISTRY,2013
11020,10.1039/c3ee41906a,ROYAL SOC CHEMISTRY,2013
11021,10.1039/c3ee42548g,ROYAL SOC CHEMISTRY,2013
11022,10.1039/c3ee42918k,ROYAL SOC CHEMISTRY,2014
11023,10.1039/c3gc40520f,ROYAL SOC CHEMISTRY,2013
11024,10.1039/c3gc41370e,ROYAL SOC CHEMISTRY,2014
11025,10.1039/c3gc41833b,ROYAL SOC CHEMISTRY,2014
11026,10.1039/c3gc41988f,ROYAL SOC CHEMISTRY,2014
11027,10.1039/c3nj00023k,ROYAL SOC CHEMISTRY,2013
11028,10.1039/c3nj00090g,ROYAL SOC CHEMISTRY,2013
11029,10.1039/c3nj00669g,ROYAL SOC CHEMISTRY,2013
11030,10.1039/c3nj00700f,ROYAL SOC CHEMISTRY,2013
11031,10.1039/c3nj00738c,ROYAL SOC CHEMISTRY,2013
11032,10.1039/c3nj01198d,ROYAL SOC CHEMISTRY,2014
11033,10.1039/c3nj01218b,ROYAL SOC CHEMISTRY,2014
11034,10.1039/c3nj01371e,ROYAL SOC CHEMISTRY,2014
11035,10.1039/c3nj41064a,ROYAL SOC CHEMISTRY,2013
11036,10.1039/c3nr04390h,ROYAL SOC CHEMISTRY,2014
11037,10.1039/c3nr05289c,ROYAL SOC CHEMISTRY,2014
11038,10.1039/c3ob42548g,ROYAL SOC CHEMISTRY,2014
11039,10.1039/c3pp50346a,SPRINGERNATURE,2014
11040,10.1039/c3qi00042g,ROYAL SOC CHEMISTRY,2014
11041,10.1039/c3qi00045a,ROYAL SOC CHEMISTRY,2014
11042,10.1039/c3qi00083d,ROYAL SOC CHEMISTRY,2014
11043,10.1039/c3qi00093a,ROYAL SOC CHEMISTRY,2014
11044,10.1039/c3ra23443f,ROYAL SOC CHEMISTRY,2013
11045,10.1039/c3ra40741a,ROYAL SOC CHEMISTRY,2013
11046,10.1039/c3ra41219a,ROYAL SOC CHEMISTRY,2013
11047,10.1039/c3ra42033g,ROYAL SOC CHEMISTRY,2013
11048,10.1039/c3ra42519c,ROYAL SOC CHEMISTRY,2013
11049,10.1039/c3ra43118e,ROYAL SOC CHEMISTRY,2013
11050,10.1039/c3ra43188f,ROYAL SOC CHEMISTRY,2013
11051,10.1039/c3ra43405b,ROYAL SOC CHEMISTRY,2013
11052,10.1039/c3ra45082a,ROYAL SOC CHEMISTRY,2014
11053,10.1039/c3ra45411h,ROYAL SOC CHEMISTRY,2014
11054,10.1039/c3ra46706f,ROYAL SOC CHEMISTRY,2014
11055,10.1039/c3ra46709k,ROYAL SOC CHEMISTRY,2014
11056,10.1039/c3ra47303a,ROYAL SOC CHEMISTRY,2014
11057,10.1039/c3sc00033h,ROYAL SOC CHEMISTRY,2013
11058,10.1039/c3sc21659d,ROYAL SOC CHEMISTRY,2013
11059,10.1039/c3sc50155h,ROYAL SOC CHEMISTRY,2013
11060,10.1039/c3sc51336j,ROYAL SOC CHEMISTRY,2013
11061,10.1039/c3sc51379c,ROYAL SOC CHEMISTRY,2013
11062,10.1039/c3sc51815a,ROYAL SOC CHEMISTRY,2014
11063,10.1039/c3sc52061g,ROYAL SOC CHEMISTRY,2013
11064,10.1039/c3sc52633j,ROYAL SOC CHEMISTRY,2014
11065,10.1039/c3sc52666f,ROYAL SOC CHEMISTRY,2014
11066,10.1039/c3ta10419b,ROYAL SOC CHEMISTRY,2013
11067,10.1039/c3ta10438a,ROYAL SOC CHEMISTRY,2013
11068,10.1039/c3ta10766c,ROYAL SOC CHEMISTRY,2013
11069,10.1039/c3ta11483j,ROYAL SOC CHEMISTRY,2013
11070,10.1039/c3ta11517h,ROYAL SOC CHEMISTRY,2013
11071,10.1039/c3ta11548h,ROYAL SOC CHEMISTRY,2013
11072,10.1039/c3ta11604b,ROYAL SOC CHEMISTRY,2013
11073,10.1039/c3ta11925d,ROYAL SOC CHEMISTRY,2013
11074,10.1039/c3ta12324c,ROYAL SOC CHEMISTRY,2013
11075,10.1039/c3ta12476b,ROYAL SOC CHEMISTRY,2013
11076,10.1039/c3ta13114a,ROYAL SOC CHEMISTRY,2013
11077,10.1039/c3ta13242k,ROYAL SOC CHEMISTRY,2013
11078,10.1039/c3ta14017b,ROYAL SOC CHEMISTRY,2014
11079,10.1039/c3ta14058j,ROYAL SOC CHEMISTRY,2014
11080,10.1039/c3ta14267a,ROYAL SOC CHEMISTRY,2014
11081,10.1039/c3ta14409g,ROYAL SOC CHEMISTRY,2013
11082,10.1039/c3ta14489e,ROYAL SOC CHEMISTRY,2014
11083,10.1039/c3ta15058e,ROYAL SOC CHEMISTRY,2014
11084,10.1039/c3ta15065h,ROYAL SOC CHEMISTRY,2014
11085,10.1039/c3ta15071b,ROYAL SOC CHEMISTRY,2014
11086,10.1039/c3tb00257h,ROYAL SOC CHEMISTRY,2013
11087,10.1039/c3tb20814a,ROYAL SOC CHEMISTRY,2013
11088,10.1039/c3tb20832j,ROYAL SOC CHEMISTRY,2014
11089,10.1039/c3tb21592j,ROYAL SOC CHEMISTRY,2014
11090,10.1039/c3tb21707h,ROYAL SOC CHEMISTRY,2014
11091,10.1039/c3tc32114b,ROYAL SOC CHEMISTRY,2014
11092,10.1039/c4an01773k,ROYAL SOC CHEMISTRY,2015
11093,10.1039/c4cc00408f,ROYAL SOC CHEMISTRY,2014
11094,10.1039/c4cc00524d,ROYAL SOC CHEMISTRY,2014
11095,10.1039/c4cc00771a,ROYAL SOC CHEMISTRY,2014
11096,10.1039/c4cc00900b,ROYAL SOC CHEMISTRY,2014
11097,10.1039/c4cc01253d,ROYAL SOC CHEMISTRY,2014
11098,10.1039/c4cc01914h,ROYAL SOC CHEMISTRY,2014
11099,10.1039/c4cc01978d,ROYAL SOC CHEMISTRY,2014
11100,10.1039/c4cc02818j,ROYAL SOC CHEMISTRY,2014
11101,10.1039/c4cc02909g,ROYAL SOC CHEMISTRY,2014
11102,10.1039/c4cc03588g,ROYAL SOC CHEMISTRY,2014
11103,10.1039/c4cc03764b,ROYAL SOC CHEMISTRY,2014
11104,10.1039/c4cc03810j,ROYAL SOC CHEMISTRY,2014
11105,10.1039/c4cc04387a,ROYAL SOC CHEMISTRY,2014
11106,10.1039/c4cc05222f,ROYAL SOC CHEMISTRY,2014
11107,10.1039/c4cc05727a,ROYAL SOC CHEMISTRY,2015
11108,10.1039/c4cc05742b,ROYAL SOC CHEMISTRY,2014
11109,10.1039/c4cc05941g,ROYAL SOC CHEMISTRY,2014
11110,10.1039/c4cc06491g,ROYAL SOC CHEMISTRY,2014
11111,10.1039/c4cc06568a,ROYAL SOC CHEMISTRY,2014
11112,10.1039/c4cc06699e,ROYAL SOC CHEMISTRY,2015
11113,10.1039/c4cc06967f,ROYAL SOC CHEMISTRY,2014
11114,10.1039/c4cc09041a,ROYAL SOC CHEMISTRY,2015
11115,10.1039/c4cc09410g,ROYAL SOC CHEMISTRY,2015
11116,10.1039/c4cc09479d,ROYAL SOC CHEMISTRY,2015
11117,10.1039/c4cc09694k,ROYAL SOC CHEMISTRY,2015
11118,10.1039/c4cc09872b,ROYAL SOC CHEMISTRY,2015
11119,10.1039/c4cc09917f,ROYAL SOC CHEMISTRY,2015
11120,10.1039/c4cc09955a,ROYAL SOC CHEMISTRY,2015
11121,10.1039/c4cc09986a,ROYAL SOC CHEMISTRY,2015
11122,10.1039/c4cc09988e,ROYAL SOC CHEMISTRY,2015
11123,10.1039/c4cc10035b,ROYAL SOC CHEMISTRY,2015
11124,10.1039/c4ce00093e,ROYAL SOC CHEMISTRY,2014
11125,10.1039/c4ce00098f,ROYAL SOC CHEMISTRY,2014
11126,10.1039/c4ce00105b,ROYAL SOC CHEMISTRY,2014
11127,10.1039/c4ce00147h,ROYAL SOC CHEMISTRY,2014
11128,10.1039/c4ce00158c,ROYAL SOC CHEMISTRY,2014
11129,10.1039/c4ce00181h,ROYAL SOC CHEMISTRY,2014
11130,10.1039/c4ce00212a,ROYAL SOC CHEMISTRY,2014
11131,10.1039/c4ce00219a,ROYAL SOC CHEMISTRY,2014
11132,10.1039/c4ce00224e,ROYAL SOC CHEMISTRY,2014
11133,10.1039/c4ce00300d,ROYAL SOC CHEMISTRY,2014
11134,10.1039/c4ce00321g,ROYAL SOC CHEMISTRY,2014
11135,10.1039/c4ce00355a,ROYAL SOC CHEMISTRY,2014
11136,10.1039/c4ce00408f,ROYAL SOC CHEMISTRY,2015
11137,10.1039/c4ce00417e,ROYAL SOC CHEMISTRY,2014
11138,10.1039/c4ce00461b,ROYAL SOC CHEMISTRY,2014
11139,10.1039/c4ce00465e,ROYAL SOC CHEMISTRY,2014
11140,10.1039/c4ce00480a,ROYAL SOC CHEMISTRY,2014
11141,10.1039/c4ce00526k,ROYAL SOC CHEMISTRY,2014
11142,10.1039/c4ce00532e,ROYAL SOC CHEMISTRY,2014
11143,10.1039/c4ce00573b,ROYAL SOC CHEMISTRY,2014
11144,10.1039/c4ce00597j,ROYAL SOC CHEMISTRY,2014
11145,10.1039/c4ce00662c,ROYAL SOC CHEMISTRY,2014
11146,10.1039/c4ce00664j,ROYAL SOC CHEMISTRY,2014
11147,10.1039/c4ce00760c,ROYAL SOC CHEMISTRY,2014
11148,10.1039/c4ce00835a,ROYAL SOC CHEMISTRY,2014
11149,10.1039/c4ce00858h,ROYAL SOC CHEMISTRY,2014
11150,10.1039/c4ce00885e,ROYAL SOC CHEMISTRY,2015
11151,10.1039/c4ce00923a,ROYAL SOC CHEMISTRY,2014
11152,10.1039/c4ce00927d,ROYAL SOC CHEMISTRY,2014
11153,10.1039/c4ce00947a,ROYAL SOC CHEMISTRY,2014
11154,10.1039/c4ce01059k,ROYAL SOC CHEMISTRY,2014
11155,10.1039/c4ce01095g,ROYAL SOC CHEMISTRY,2014
11156,10.1039/c4ce01184h,ROYAL SOC CHEMISTRY,2014
11157,10.1039/c4ce01201a,ROYAL SOC CHEMISTRY,2014
11158,10.1039/c4ce01225a,ROYAL SOC CHEMISTRY,2014
11159,10.1039/c4ce01243g,ROYAL SOC CHEMISTRY,2014
11160,10.1039/c4ce01270d,ROYAL SOC CHEMISTRY,2014
11161,10.1039/c4ce01356e,ROYAL SOC CHEMISTRY,2014
11162,10.1039/c4ce01390e,ROYAL SOC CHEMISTRY,2014
11163,10.1039/c4ce01402b,ROYAL SOC CHEMISTRY,2015
11164,10.1039/c4ce01414f,ROYAL SOC CHEMISTRY,2014
11165,10.1039/c4ce01457j,ROYAL SOC CHEMISTRY,2015
11166,10.1039/c4ce01503g,ROYAL SOC CHEMISTRY,2014
11167,10.1039/c4ce01505c,ROYAL SOC CHEMISTRY,2014
11168,10.1039/c4ce01512f,ROYAL SOC CHEMISTRY,2015
11169,10.1039/c4ce01545b,ROYAL SOC CHEMISTRY,2014
11170,10.1039/c4ce01581a,ROYAL SOC CHEMISTRY,2014
11171,10.1039/c4ce01583e,ROYAL SOC CHEMISTRY,2015
11172,10.1039/c4ce01635a,ROYAL SOC CHEMISTRY,2014
11173,10.1039/c4ce01672f,ROYAL SOC CHEMISTRY,2015
11174,10.1039/c4ce01722f,ROYAL SOC CHEMISTRY,2014
11175,10.1039/c4ce01734j,ROYAL SOC CHEMISTRY,2014
11176,10.1039/c4ce01779j,ROYAL SOC CHEMISTRY,2015
11177,10.1039/c4ce01783h,ROYAL SOC CHEMISTRY,2015
11178,10.1039/c4ce01802h,ROYAL SOC CHEMISTRY,2015
11179,10.1039/c4ce01837k,ROYAL SOC CHEMISTRY,2015
11180,10.1039/c4ce01856g,ROYAL SOC CHEMISTRY,2015
11181,10.1039/c4ce01929f,ROYAL SOC CHEMISTRY,2015
11182,10.1039/c4ce01959h,ROYAL SOC CHEMISTRY,2014
11183,10.1039/c4ce02064b,ROYAL SOC CHEMISTRY,2015
11184,10.1039/c4ce02121e,ROYAL SOC CHEMISTRY,2015
11185,10.1039/c4ce02141j,ROYAL SOC CHEMISTRY,2015
11186,10.1039/c4ce02148g,ROYAL SOC CHEMISTRY,2015
11187,10.1039/c4ce02150a,ROYAL SOC CHEMISTRY,2015
11188,10.1039/c4ce02163k,ROYAL SOC CHEMISTRY,2015
11189,10.1039/c4ce02204a,ROYAL SOC CHEMISTRY,2015
11190,10.1039/c4ce02248c,ROYAL SOC CHEMISTRY,2015
11191,10.1039/c4ce02322f,ROYAL SOC CHEMISTRY,2015
11192,10.1039/c4ce02324b,ROYAL SOC CHEMISTRY,2015
11193,10.1039/c4ce02333a,ROYAL SOC CHEMISTRY,2015
11194,10.1039/c4ce02347a,ROYAL SOC CHEMISTRY,2015
11195,10.1039/c4ce02415j,ROYAL SOC CHEMISTRY,2015
11196,10.1039/c4ce02419b,ROYAL SOC CHEMISTRY,2015
11197,10.1039/c4ce02457e,ROYAL SOC CHEMISTRY,2015
11198,10.1039/c4ce02465f,ROYAL SOC CHEMISTRY,2015
11199,10.1039/c4ce02531h,ROYAL SOC CHEMISTRY,2015
11200,10.1039/c4ce02551b,ROYAL SOC CHEMISTRY,2015
11201,10.1039/c4ce02555e,ROYAL SOC CHEMISTRY,2015
11202,10.1039/c4cp02428a,ROYAL SOC CHEMISTRY,2015
11203,10.1039/c4cp05328a,ROYAL SOC CHEMISTRY,2015
11204,10.1039/c4cy00152d,ROYAL SOC CHEMISTRY,2014
11205,10.1039/c4cy00488d,ROYAL SOC CHEMISTRY,2014
11206,10.1039/c4dt00228h,ROYAL SOC CHEMISTRY,2014
11207,10.1039/c4dt00456f,ROYAL SOC CHEMISTRY,2014
11208,10.1039/c4dt00531g,ROYAL SOC CHEMISTRY,2014
11209,10.1039/c4dt00575a,ROYAL SOC CHEMISTRY,2014
11210,10.1039/c4dt00659c,ROYAL SOC CHEMISTRY,2014
11211,10.1039/c4dt00908h,ROYAL SOC CHEMISTRY,2014
11212,10.1039/c4dt00987h,ROYAL SOC CHEMISTRY,2014
11213,10.1039/c4dt00996g,ROYAL SOC CHEMISTRY,2014
11214,10.1039/c4dt01022a,ROYAL SOC CHEMISTRY,2014
11215,10.1039/c4dt01080a,ROYAL SOC CHEMISTRY,2014
11216,10.1039/c4dt01431f,ROYAL SOC CHEMISTRY,2014
11217,10.1039/c4dt01535e,ROYAL SOC CHEMISTRY,2014
11218,10.1039/c4dt01575d,ROYAL SOC CHEMISTRY,2014
11219,10.1039/c4dt01678e,ROYAL SOC CHEMISTRY,2015
11220,10.1039/c4dt01722f,ROYAL SOC CHEMISTRY,2014
11221,10.1039/c4dt01793e,ROYAL SOC CHEMISTRY,2014
11222,10.1039/c4dt01877j,ROYAL SOC CHEMISTRY,2014
11223,10.1039/c4dt01880j,ROYAL SOC CHEMISTRY,2014
11224,10.1039/c4dt02042a,ROYAL SOC CHEMISTRY,2014
11225,10.1039/c4dt02045f,ROYAL SOC CHEMISTRY,2014
11226,10.1039/c4dt02047b,ROYAL SOC CHEMISTRY,2015
11227,10.1039/c4dt02316a,ROYAL SOC CHEMISTRY,2015
11228,10.1039/c4dt02338b,ROYAL SOC CHEMISTRY,2014
11229,10.1039/c4dt02342k,ROYAL SOC CHEMISTRY,2014
11230,10.1039/c4dt02428a,ROYAL SOC CHEMISTRY,2014
11231,10.1039/c4dt02440k,ROYAL SOC CHEMISTRY,2015
11232,10.1039/c4dt02486a,ROYAL SOC CHEMISTRY,2015
11233,10.1039/c4dt02491e,ROYAL SOC CHEMISTRY,2015
11234,10.1039/c4dt02516d,ROYAL SOC CHEMISTRY,2014
11235,10.1039/c4dt02517b,ROYAL SOC CHEMISTRY,2014
11236,10.1039/c4dt02590c,ROYAL SOC CHEMISTRY,2014
11237,10.1039/c4dt02606c,ROYAL SOC CHEMISTRY,2015
11238,10.1039/c4dt02661f,ROYAL SOC CHEMISTRY,2015
11239,10.1039/c4dt02714k,ROYAL SOC CHEMISTRY,2015
11240,10.1039/c4dt02722a,ROYAL SOC CHEMISTRY,2014
11241,10.1039/c4dt02821j,ROYAL SOC CHEMISTRY,2015
11242,10.1039/c4dt02999b,ROYAL SOC CHEMISTRY,2015
11243,10.1039/c4dt03087g,ROYAL SOC CHEMISTRY,2015
11244,10.1039/c4dt03172e,ROYAL SOC CHEMISTRY,2015
11245,10.1039/c4dt03183k,ROYAL SOC CHEMISTRY,2015
11246,10.1039/c4dt03379e,ROYAL SOC CHEMISTRY,2015
11247,10.1039/c4dt03468f,ROYAL SOC CHEMISTRY,2015
11248,10.1039/c4dt03518f,ROYAL SOC CHEMISTRY,2015
11249,10.1039/c4dt03625e,ROYAL SOC CHEMISTRY,2015
11250,10.1039/c4dt03643c,ROYAL SOC CHEMISTRY,2015
11251,10.1039/c4dt03794d,ROYAL SOC CHEMISTRY,2015
11252,10.1039/c4dt03868a,ROYAL SOC CHEMISTRY,2015
11253,10.1039/c4dt03927k,ROYAL SOC CHEMISTRY,2015
11254,10.1039/c4dt03950e,ROYAL SOC CHEMISTRY,2015
11255,10.1039/c4dt04013a,ROYAL SOC CHEMISTRY,2015
11256,10.1039/c4ee00143e,ROYAL SOC CHEMISTRY,2014
11257,10.1039/c4ee01009d,ROYAL SOC CHEMISTRY,2014
11258,10.1039/c4ee03515a,ROYAL SOC CHEMISTRY,2015
11259,10.1039/c4gc00313f,ROYAL SOC CHEMISTRY,2014
11260,10.1039/c4gc01861c,ROYAL SOC CHEMISTRY,2015
11261,10.1039/c4nj00349g,ROYAL SOC CHEMISTRY,2014
11262,10.1039/c4nj00411f,ROYAL SOC CHEMISTRY,2014
11263,10.1039/c4nj00878b,ROYAL SOC CHEMISTRY,2014
11264,10.1039/c4nj01312c,ROYAL SOC CHEMISTRY,2015
11265,10.1039/c4nj01499e,ROYAL SOC CHEMISTRY,2015
11266,10.1039/c4nj01506a,ROYAL SOC CHEMISTRY,2015
11267,10.1039/c4nj02356k,ROYAL SOC CHEMISTRY,2015
11268,10.1039/c4nj02371d,ROYAL SOC CHEMISTRY,2015
11269,10.1039/c4nr03424d,ROYAL SOC CHEMISTRY,2014
11270,10.1039/c4nr06567k,ROYAL SOC CHEMISTRY,2015
11271,10.1039/c4nr06640e,ROYAL SOC CHEMISTRY,2015
11272,10.1039/c4qi00032c,ROYAL SOC CHEMISTRY,2014
11273,10.1039/c4qi00043a,ROYAL SOC CHEMISTRY,2014
11274,10.1039/c4qi00077c,ROYAL SOC CHEMISTRY,2014
11275,10.1039/c4qi00100a,ROYAL SOC CHEMISTRY,2014
11276,10.1039/c4qi00116h,ROYAL SOC CHEMISTRY,2014
11277,10.1039/c4qi00129j,ROYAL SOC CHEMISTRY,2015
11278,10.1039/c4qi00148f,ROYAL SOC CHEMISTRY,2015
11279,10.1039/c4qi00149d,ROYAL SOC CHEMISTRY,2015
11280,10.1039/c4qi00208c,ROYAL SOC CHEMISTRY,2015
11281,10.1039/c4qi00209a,ROYAL SOC CHEMISTRY,2015
11282,10.1039/c4qi00215f,ROYAL SOC CHEMISTRY,2015
11283,10.1039/c4qi00220b,ROYAL SOC CHEMISTRY,2015
11284,10.1039/c4ra00180j,ROYAL SOC CHEMISTRY,2014
11285,10.1039/c4ra00531g,ROYAL SOC CHEMISTRY,2014
11286,10.1039/c4ra01269k,ROYAL SOC CHEMISTRY,2014
11287,10.1039/c4ra01886a,ROYAL SOC CHEMISTRY,2014
11288,10.1039/c4ra02147a,ROYAL SOC CHEMISTRY,2014
11289,10.1039/c4ra02291b,ROYAL SOC CHEMISTRY,2014
11290,10.1039/c4ra02609h,ROYAL SOC CHEMISTRY,2014
11291,10.1039/c4ra02610a,ROYAL SOC CHEMISTRY,2014
11292,10.1039/c4ra02683g,ROYAL SOC CHEMISTRY,2014
11293,10.1039/c4ra02872d,ROYAL SOC CHEMISTRY,2014
11294,10.1039/c4ra03077j,ROYAL SOC CHEMISTRY,2014
11295,10.1039/c4ra03129f,ROYAL SOC CHEMISTRY,2014
11296,10.1039/c4ra03593c,ROYAL SOC CHEMISTRY,2014
11297,10.1039/c4ra03928a,ROYAL SOC CHEMISTRY,2014
11298,10.1039/c4ra03976a,ROYAL SOC CHEMISTRY,2014
11299,10.1039/c4ra04257c,ROYAL SOC CHEMISTRY,2014
11300,10.1039/c4ra04707a,ROYAL SOC CHEMISTRY,2014
11301,10.1039/c4ra05182c,ROYAL SOC CHEMISTRY,2014
11302,10.1039/c4ra05192k,ROYAL SOC CHEMISTRY,2014
11303,10.1039/c4ra05402d,ROYAL SOC CHEMISTRY,2014
11304,10.1039/c4ra05407e,ROYAL SOC CHEMISTRY,2014
11305,10.1039/c4ra05515b,ROYAL SOC CHEMISTRY,2014
11306,10.1039/c4ra05704j,ROYAL SOC CHEMISTRY,2014
11307,10.1039/c4ra06522k,ROYAL SOC CHEMISTRY,2014
11308,10.1039/c4ra06629d,ROYAL SOC CHEMISTRY,2014
11309,10.1039/c4ra07133f,ROYAL SOC CHEMISTRY,2014
11310,10.1039/c4ra07542k,ROYAL SOC CHEMISTRY,2014
11311,10.1039/c4ra07566h,ROYAL SOC CHEMISTRY,2014
11312,10.1039/c4ra07598f,ROYAL SOC CHEMISTRY,2015
11313,10.1039/c4ra08138b,ROYAL SOC CHEMISTRY,2014
11314,10.1039/c4ra08856e,ROYAL SOC CHEMISTRY,2014
11315,10.1039/c4ra09033k,ROYAL SOC CHEMISTRY,2015
11316,10.1039/c4ra09186h,ROYAL SOC CHEMISTRY,2014
11317,10.1039/c4ra09263e,ROYAL SOC CHEMISTRY,2015
11318,10.1039/c4ra09387a,ROYAL SOC CHEMISTRY,2014
11319,10.1039/c4ra09505g,ROYAL SOC CHEMISTRY,2014
11320,10.1039/c4ra09626f,ROYAL SOC CHEMISTRY,2014
11321,10.1039/c4ra09743b,ROYAL SOC CHEMISTRY,2014
11322,10.1039/c4ra09883h,ROYAL SOC CHEMISTRY,2015
11323,10.1039/c4ra10039e,ROYAL SOC CHEMISTRY,2014
11324,10.1039/c4ra10260f,ROYAL SOC CHEMISTRY,2015
11325,10.1039/c4ra11652f,ROYAL SOC CHEMISTRY,2014
11326,10.1039/c4ra12263a,ROYAL SOC CHEMISTRY,2015
11327,10.1039/c4ra12714e,ROYAL SOC CHEMISTRY,2015
11328,10.1039/c4ra12783h,ROYAL SOC CHEMISTRY,2015
11329,10.1039/c4ra13501f,ROYAL SOC CHEMISTRY,2015
11330,10.1039/c4ra13533d,ROYAL SOC CHEMISTRY,2015
11331,10.1039/c4ra13924k,ROYAL SOC CHEMISTRY,2015
11332,10.1039/c4ra14658a,ROYAL SOC CHEMISTRY,2015
11333,10.1039/c4ra14728f,ROYAL SOC CHEMISTRY,2015
11334,10.1039/c4ra14853c,ROYAL SOC CHEMISTRY,2015
11335,10.1039/c4ra15161e,ROYAL SOC CHEMISTRY,2015
11336,10.1039/c4ra15257c,ROYAL SOC CHEMISTRY,2015
11337,10.1039/c4ra16168h,ROYAL SOC CHEMISTRY,2015
11338,10.1039/c4ra16180g,ROYAL SOC CHEMISTRY,2015
11339,10.1039/c4ra16237d,ROYAL SOC CHEMISTRY,2015
11340,10.1039/c4ra16441e,ROYAL SOC CHEMISTRY,2015
11341,10.1039/c4ra16800c,ROYAL SOC CHEMISTRY,2015
11342,10.1039/c4sc01847h,ROYAL SOC CHEMISTRY,2014
11343,10.1039/c4sc03217a,ROYAL SOC CHEMISTRY,2015
11344,10.1039/c4ta01231c,ROYAL SOC CHEMISTRY,2014
11345,10.1039/c4ta01749h,ROYAL SOC CHEMISTRY,2014
11346,10.1039/c4ta02568g,ROYAL SOC CHEMISTRY,2014
11347,10.1039/c4ta02984d,ROYAL SOC CHEMISTRY,2014
11348,10.1039/c4ta03154g,ROYAL SOC CHEMISTRY,2014
11349,10.1039/c4ta03992k,ROYAL SOC CHEMISTRY,2015
11350,10.1039/c4ta04235b,ROYAL SOC CHEMISTRY,2015
11351,10.1039/c4ta04311a,ROYAL SOC CHEMISTRY,2014
11352,10.1039/c4ta04393f,ROYAL SOC CHEMISTRY,2014
11353,10.1039/c4ta04622f,ROYAL SOC CHEMISTRY,2015
11354,10.1039/c4ta04907a,ROYAL SOC CHEMISTRY,2015
11355,10.1039/c4ta05501b,ROYAL SOC CHEMISTRY,2015
11356,10.1039/c4ta05638h,ROYAL SOC CHEMISTRY,2015
11357,10.1039/c4ta06039c,ROYAL SOC CHEMISTRY,2015
11358,10.1039/c4ta06671e,ROYAL SOC CHEMISTRY,2015
11359,10.1039/c4ta06763k,ROYAL SOC CHEMISTRY,2015
11360,10.1039/c4ta06820c,ROYAL SOC CHEMISTRY,2015
11361,10.1039/c4ta07197b,ROYAL SOC CHEMISTRY,2015
11362,10.1039/c4tc00902a,ROYAL SOC CHEMISTRY,2014
11363,10.1039/c4tc01136h,ROYAL SOC CHEMISTRY,2014
11364,10.1039/c4tc01551g,ROYAL SOC CHEMISTRY,2014
11365,10.1039/c4tc02512a,ROYAL SOC CHEMISTRY,2015
11366,10.1039/c4tc02559h,ROYAL SOC CHEMISTRY,2015
11367,10.1039/c4tc02893g,ROYAL SOC CHEMISTRY,2015
11368,10.1039/c5an00079c,ROYAL SOC CHEMISTRY,2015
11369,10.1039/c5ay02188j,ROYAL SOC CHEMISTRY,2015
11370,10.1039/c5cc00250h,ROYAL SOC CHEMISTRY,2015
11371,10.1039/c5cc00366k,ROYAL SOC CHEMISTRY,2015
11372,10.1039/c5cc00733j,ROYAL SOC CHEMISTRY,2015
11373,10.1039/c5cc01072a,ROYAL SOC CHEMISTRY,2015
11374,10.1039/c5cc01701g,ROYAL SOC CHEMISTRY,2015
11375,10.1039/c5cc01789k,ROYAL SOC CHEMISTRY,2015
11376,10.1039/c5cc01908g,ROYAL SOC CHEMISTRY,2015
11377,10.1039/c5cc02539g,ROYAL SOC CHEMISTRY,2015
11378,10.1039/c5cc02606g,ROYAL SOC CHEMISTRY,2015
11379,10.1039/c5cc03027g,ROYAL SOC CHEMISTRY,2015
11380,10.1039/c5cc03357h,ROYAL SOC CHEMISTRY,2015
11381,10.1039/c5cc03398e,ROYAL SOC CHEMISTRY,2015
11382,10.1039/c5cc03469h,ROYAL SOC CHEMISTRY,2015
11383,10.1039/c5cc03670d,ROYAL SOC CHEMISTRY,2015
11384,10.1039/c5cc03934g,ROYAL SOC CHEMISTRY,2015
11385,10.1039/c5cc04009d,ROYAL SOC CHEMISTRY,2015
11386,10.1039/c5cc04487a,ROYAL SOC CHEMISTRY,2015
11387,10.1039/c5cc04636j,ROYAL SOC CHEMISTRY,2015
11388,10.1039/c5cc04808g,ROYAL SOC CHEMISTRY,2015
11389,10.1039/c5cc04928h,ROYAL SOC CHEMISTRY,2015
11390,10.1039/c5cc05136c,ROYAL SOC CHEMISTRY,2015
11391,10.1039/c5cc05181a,ROYAL SOC CHEMISTRY,2015
11392,10.1039/c5cc05985b,ROYAL SOC CHEMISTRY,2015
11393,10.1039/c5cc06311f,ROYAL SOC CHEMISTRY,2015
11394,10.1039/c5cc06694h,ROYAL SOC CHEMISTRY,2015
11395,10.1039/c5cc06767g,ROYAL SOC CHEMISTRY,2015
11396,10.1039/c5cc07042b,ROYAL SOC CHEMISTRY,2016
11397,10.1039/c5cc07577g,ROYAL SOC CHEMISTRY,2016
11398,10.1039/c5cc07781h,ROYAL SOC CHEMISTRY,2016
11399,10.1039/c5cc08374e,ROYAL SOC CHEMISTRY,2016
11400,10.1039/c5cc08450d,ROYAL SOC CHEMISTRY,2016
11401,10.1039/c5cc08972g,ROYAL SOC CHEMISTRY,2016
11402,10.1039/c5cc09308b,ROYAL SOC CHEMISTRY,2016
11403,10.1039/c5cc09459c,ROYAL SOC CHEMISTRY,2016
11404,10.1039/c5ce00004a,ROYAL SOC CHEMISTRY,2015
11405,10.1039/c5ce00009b,ROYAL SOC CHEMISTRY,2015
11406,10.1039/c5ce00015g,ROYAL SOC CHEMISTRY,2015
11407,10.1039/c5ce00078e,ROYAL SOC CHEMISTRY,2015
11408,10.1039/c5ce00126a,ROYAL SOC CHEMISTRY,2015
11409,10.1039/c5ce00181a,ROYAL SOC CHEMISTRY,2015
11410,10.1039/c5ce00211g,ROYAL SOC CHEMISTRY,2015
11411,10.1039/c5ce00237k,ROYAL SOC CHEMISTRY,2015
11412,10.1039/c5ce00324e,ROYAL SOC CHEMISTRY,2015
11413,10.1039/c5ce00326a,ROYAL SOC CHEMISTRY,2015
11414,10.1039/c5ce00341e,ROYAL SOC CHEMISTRY,2015
11415,10.1039/c5ce00378d,ROYAL SOC CHEMISTRY,2015
11416,10.1039/c5ce00411j,ROYAL SOC CHEMISTRY,2015
11417,10.1039/c5ce00430f,ROYAL SOC CHEMISTRY,2015
11418,10.1039/c5ce00461f,ROYAL SOC CHEMISTRY,2015
11419,10.1039/c5ce00462d,ROYAL SOC CHEMISTRY,2015
11420,10.1039/c5ce00522a,ROYAL SOC CHEMISTRY,2015
11421,10.1039/c5ce00539f,ROYAL SOC CHEMISTRY,2015
11422,10.1039/c5ce00590f,ROYAL SOC CHEMISTRY,2015
11423,10.1039/c5ce00618j,ROYAL SOC CHEMISTRY,2015
11424,10.1039/c5ce00674k,ROYAL SOC CHEMISTRY,2015
11425,10.1039/c5ce00710k,ROYAL SOC CHEMISTRY,2015
11426,10.1039/c5ce00713e,ROYAL SOC CHEMISTRY,2015
11427,10.1039/c5ce00729a,ROYAL SOC CHEMISTRY,2015
11428,10.1039/c5ce00767d,ROYAL SOC CHEMISTRY,2015
11429,10.1039/c5ce00776c,ROYAL SOC CHEMISTRY,2015
11430,10.1039/c5ce00807g,ROYAL SOC CHEMISTRY,2015
11431,10.1039/c5ce00833f,ROYAL SOC CHEMISTRY,2015
11432,10.1039/c5ce00848d,ROYAL SOC CHEMISTRY,2015
11433,10.1039/c5ce00862j,ROYAL SOC CHEMISTRY,2015
11434,10.1039/c5ce00886g,ROYAL SOC CHEMISTRY,2015
11435,10.1039/c5ce00887e,ROYAL SOC CHEMISTRY,2015
11436,10.1039/c5ce00903k,ROYAL SOC CHEMISTRY,2015
11437,10.1039/c5ce01094b,ROYAL SOC CHEMISTRY,2015
11438,10.1039/c5ce01123j,ROYAL SOC CHEMISTRY,2015
11439,10.1039/c5ce01157d,ROYAL SOC CHEMISTRY,2015
11440,10.1039/c5ce01192b,ROYAL SOC CHEMISTRY,2015
11441,10.1039/c5ce01248a,ROYAL SOC CHEMISTRY,2015
11442,10.1039/c5ce01302j,ROYAL SOC CHEMISTRY,2015
11443,10.1039/c5ce01375e,ROYAL SOC CHEMISTRY,2015
11444,10.1039/c5ce01423a,ROYAL SOC CHEMISTRY,2015
11445,10.1039/c5ce01452b,ROYAL SOC CHEMISTRY,2015
11446,10.1039/c5ce01454a,ROYAL SOC CHEMISTRY,2015
11447,10.1039/c5ce01533b,ROYAL SOC CHEMISTRY,2015
11448,10.1039/c5ce01658d,ROYAL SOC CHEMISTRY,2016
11449,10.1039/c5ce01718a,ROYAL SOC CHEMISTRY,2015
11450,10.1039/c5ce01725d,ROYAL SOC CHEMISTRY,2015
11451,10.1039/c5ce01740h,ROYAL SOC CHEMISTRY,2015
11452,10.1039/c5ce01815c,ROYAL SOC CHEMISTRY,2016
11453,10.1039/c5ce01843a,ROYAL SOC CHEMISTRY,2015
11454,10.1039/c5ce01857a,ROYAL SOC CHEMISTRY,2015
11455,10.1039/c5ce01864a,ROYAL SOC CHEMISTRY,2016
11456,10.1039/c5ce01948f,ROYAL SOC CHEMISTRY,2016
11457,10.1039/c5ce01952d,ROYAL SOC CHEMISTRY,2016
11458,10.1039/c5ce01995h,ROYAL SOC CHEMISTRY,2016
11459,10.1039/c5ce02036k,ROYAL SOC CHEMISTRY,2016
11460,10.1039/c5ce02091c,ROYAL SOC CHEMISTRY,2016
11461,10.1039/c5ce02094h,ROYAL SOC CHEMISTRY,2016
11462,10.1039/c5ce02141c,ROYAL SOC CHEMISTRY,2016
11463,10.1039/c5ce02228b,ROYAL SOC CHEMISTRY,2016
11464,10.1039/c5ce02254a,ROYAL SOC CHEMISTRY,2016
11465,10.1039/c5ce02277k,ROYAL SOC CHEMISTRY,2016
11466,10.1039/c5ce02297e,ROYAL SOC CHEMISTRY,2016
11467,10.1039/c5ce02413g,ROYAL SOC CHEMISTRY,2016
11468,10.1039/c5ce02462e,ROYAL SOC CHEMISTRY,2016
11469,10.1039/c5ce02473k,ROYAL SOC CHEMISTRY,2016
11470,10.1039/c5ce02492g,ROYAL SOC CHEMISTRY,2016
11471,10.1039/c5ce02520f,ROYAL SOC CHEMISTRY,2016
11472,10.1039/c5ce02526e,ROYAL SOC CHEMISTRY,2016
11473,10.1039/c5ce02540k,ROYAL SOC CHEMISTRY,2016
11474,10.1039/c5ce02549d,ROYAL SOC CHEMISTRY,2016
11475,10.1039/c5cp00002e,ROYAL SOC CHEMISTRY,2015
11476,10.1039/c5cp05426e,ROYAL SOC CHEMISTRY,2016
11477,10.1039/c5cy01099c,ROYAL SOC CHEMISTRY,2016
11478,10.1039/c5cy01145k,ROYAL SOC CHEMISTRY,2016
11479,10.1039/c5cy01448d,ROYAL SOC CHEMISTRY,2016
11480,10.1039/c5cy01847a,ROYAL SOC CHEMISTRY,2016
11481,10.1039/c5cy02191j,ROYAL SOC CHEMISTRY,2016
11482,10.1039/c5dt00011d,ROYAL SOC CHEMISTRY,2015
11483,10.1039/c5dt00167f,ROYAL SOC CHEMISTRY,2015
11484,10.1039/c5dt00281h,ROYAL SOC CHEMISTRY,2015
11485,10.1039/c5dt00412h,ROYAL SOC CHEMISTRY,2015
11486,10.1039/c5dt00420a,ROYAL SOC CHEMISTRY,2015
11487,10.1039/c5dt00421g,ROYAL SOC CHEMISTRY,2015
11488,10.1039/c5dt00430f,ROYAL SOC CHEMISTRY,2015
11489,10.1039/c5dt00521c,ROYAL SOC CHEMISTRY,2015
11490,10.1039/c5dt00577a,ROYAL SOC CHEMISTRY,2015
11491,10.1039/c5dt00578g,ROYAL SOC CHEMISTRY,2015
11492,10.1039/c5dt00606f,ROYAL SOC CHEMISTRY,2015
11493,10.1039/c5dt00903k,ROYAL SOC CHEMISTRY,2015
11494,10.1039/c5dt00909j,ROYAL SOC CHEMISTRY,2015
11495,10.1039/c5dt00996k,ROYAL SOC CHEMISTRY,2015
11496,10.1039/c5dt01100k,ROYAL SOC CHEMISTRY,2015
11497,10.1039/c5dt01137j,ROYAL SOC CHEMISTRY,2015
11498,10.1039/c5dt01151e,ROYAL SOC CHEMISTRY,2015
11499,10.1039/c5dt01183c,ROYAL SOC CHEMISTRY,2015
11500,10.1039/c5dt01206f,ROYAL SOC CHEMISTRY,2015
11501,10.1039/c5dt01233c,ROYAL SOC CHEMISTRY,2015
11502,10.1039/c5dt01454a,ROYAL SOC CHEMISTRY,2015
11503,10.1039/c5dt01569c,ROYAL SOC CHEMISTRY,2015
11504,10.1039/c5dt01595b,ROYAL SOC CHEMISTRY,2015
11505,10.1039/c5dt01598g,ROYAL SOC CHEMISTRY,2015
11506,10.1039/c5dt01673h,ROYAL SOC CHEMISTRY,2015
11507,10.1039/c5dt01682g,ROYAL SOC CHEMISTRY,2015
11508,10.1039/c5dt01769f,ROYAL SOC CHEMISTRY,2015
11509,10.1039/c5dt01770j,ROYAL SOC CHEMISTRY,2015
11510,10.1039/c5dt01838b,ROYAL SOC CHEMISTRY,2015
11511,10.1039/c5dt01894c,ROYAL SOC CHEMISTRY,2015
11512,10.1039/c5dt01928a,ROYAL SOC CHEMISTRY,2015
11513,10.1039/c5dt02054a,ROYAL SOC CHEMISTRY,2015
11514,10.1039/c5dt02147b,ROYAL SOC CHEMISTRY,2015
11515,10.1039/c5dt02170g,ROYAL SOC CHEMISTRY,2015
11516,10.1039/c5dt02176f,ROYAL SOC CHEMISTRY,2015
11517,10.1039/c5dt02276b,ROYAL SOC CHEMISTRY,2015
11518,10.1039/c5dt02280k,ROYAL SOC CHEMISTRY,2015
11519,10.1039/c5dt02323h,ROYAL SOC CHEMISTRY,2015
11520,10.1039/c5dt02354h,ROYAL SOC CHEMISTRY,2015
11521,10.1039/c5dt02379c,ROYAL SOC CHEMISTRY,2015
11522,10.1039/c5dt02437d,ROYAL SOC CHEMISTRY,2016
11523,10.1039/c5dt02458g,ROYAL SOC CHEMISTRY,2015
11524,10.1039/c5dt02541a,ROYAL SOC CHEMISTRY,2016
11525,10.1039/c5dt02624e,ROYAL SOC CHEMISTRY,2015
11526,10.1039/c5dt02625c,ROYAL SOC CHEMISTRY,2015
11527,10.1039/c5dt02627j,ROYAL SOC CHEMISTRY,2015
11528,10.1039/c5dt02636a,ROYAL SOC CHEMISTRY,2015
11529,10.1039/c5dt02672e,ROYAL SOC CHEMISTRY,2015
11530,10.1039/c5dt02774h,ROYAL SOC CHEMISTRY,2015
11531,10.1039/c5dt03026a,ROYAL SOC CHEMISTRY,2015
11532,10.1039/c5dt03091a,ROYAL SOC CHEMISTRY,2016
11533,10.1039/c5dt03094c,ROYAL SOC CHEMISTRY,2015
11534,10.1039/c5dt03111g,ROYAL SOC CHEMISTRY,2015
11535,10.1039/c5dt03137k,ROYAL SOC CHEMISTRY,2015
11536,10.1039/c5dt03195h,ROYAL SOC CHEMISTRY,2015
11537,10.1039/c5dt03228h,ROYAL SOC CHEMISTRY,2016
11538,10.1039/c5dt03286e,ROYAL SOC CHEMISTRY,2016
11539,10.1039/c5dt03344f,ROYAL SOC CHEMISTRY,2015
11540,10.1039/c5dt03359d,ROYAL SOC CHEMISTRY,2015
11541,10.1039/c5dt03375f,ROYAL SOC CHEMISTRY,2016
11542,10.1039/c5dt03397g,ROYAL SOC CHEMISTRY,2015
11543,10.1039/c5dt03476k,ROYAL SOC CHEMISTRY,2016
11544,10.1039/c5dt03498a,ROYAL SOC CHEMISTRY,2016
11545,10.1039/c5dt03504j,ROYAL SOC CHEMISTRY,2016
11546,10.1039/c5dt03658e,ROYAL SOC CHEMISTRY,2016
11547,10.1039/c5dt03705k,ROYAL SOC CHEMISTRY,2015
11548,10.1039/c5dt03738g,ROYAL SOC CHEMISTRY,2015
11549,10.1039/c5dt03856a,ROYAL SOC CHEMISTRY,2016
11550,10.1039/c5dt03955j,ROYAL SOC CHEMISTRY,2016
11551,10.1039/c5dt04033g,ROYAL SOC CHEMISTRY,2016
11552,10.1039/c5dt04122h,ROYAL SOC CHEMISTRY,2016
11553,10.1039/c5dt04586j,ROYAL SOC CHEMISTRY,2016
11554,10.1039/c5dt04759e,ROYAL SOC CHEMISTRY,2016
11555,10.1039/c5dt04773k,ROYAL SOC CHEMISTRY,2016
11556,10.1039/c5dt04805b,ROYAL SOC CHEMISTRY,2016
11557,10.1039/c5dt04953a,ROYAL SOC CHEMISTRY,2016
11558,10.1039/c5dt05002b,ROYAL SOC CHEMISTRY,2016
11559,10.1039/c5dt05023e,ROYAL SOC CHEMISTRY,2016
11560,10.1039/c5dt05060j,ROYAL SOC CHEMISTRY,2016
11561,10.1039/c5gc00378d,ROYAL SOC CHEMISTRY,2015
11562,10.1039/c5gc01763g,ROYAL SOC CHEMISTRY,2016
11563,10.1039/c5gc02153g,ROYAL SOC CHEMISTRY,2016
11564,10.1039/c5nj00153f,ROYAL SOC CHEMISTRY,2015
11565,10.1039/c5nj00173k,ROYAL SOC CHEMISTRY,2015
11566,10.1039/c5nj00330j,ROYAL SOC CHEMISTRY,2015
11567,10.1039/c5nj00632e,ROYAL SOC CHEMISTRY,2015
11568,10.1039/c5nj00706b,ROYAL SOC CHEMISTRY,2015
11569,10.1039/c5nj00736d,ROYAL SOC CHEMISTRY,2015
11570,10.1039/c5nj01223f,ROYAL SOC CHEMISTRY,2015
11571,10.1039/c5nj01417d,ROYAL SOC CHEMISTRY,2015
11572,10.1039/c5nj01930c,ROYAL SOC CHEMISTRY,2015
11573,10.1039/c5nj02411k,ROYAL SOC CHEMISTRY,2016
11574,10.1039/c5nj02630j,ROYAL SOC CHEMISTRY,2016
11575,10.1039/c5nj02634b,ROYAL SOC CHEMISTRY,2016
11576,10.1039/c5nj03001c,ROYAL SOC CHEMISTRY,2016
11577,10.1039/c5nj03257a,ROYAL SOC CHEMISTRY,2016
11578,10.1039/c5nr00257e,ROYAL SOC CHEMISTRY,2015
11579,10.1039/c5nr00299k,ROYAL SOC CHEMISTRY,2015
11580,10.1039/c5qi00016e,ROYAL SOC CHEMISTRY,2015
11581,10.1039/c5qi00135h,ROYAL SOC CHEMISTRY,2015
11582,10.1039/c5qi00157a,ROYAL SOC CHEMISTRY,2015
11583,10.1039/c5qi00241a,ROYAL SOC CHEMISTRY,2016
11584,10.1039/c5qi00272a,ROYAL SOC CHEMISTRY,2016
11585,10.1039/c5ra00147a,ROYAL SOC CHEMISTRY,2015
11586,10.1039/c5ra00728c,ROYAL SOC CHEMISTRY,2015
11587,10.1039/c5ra01172h,ROYAL SOC CHEMISTRY,2015
11588,10.1039/c5ra01183c,ROYAL SOC CHEMISTRY,2015
11589,10.1039/c5ra01890k,ROYAL SOC CHEMISTRY,2015
11590,10.1039/c5ra02004b,ROYAL SOC CHEMISTRY,2015
11591,10.1039/c5ra02882e,ROYAL SOC CHEMISTRY,2015
11592,10.1039/c5ra03286e,ROYAL SOC CHEMISTRY,2015
11593,10.1039/c5ra03710g,ROYAL SOC CHEMISTRY,2015
11594,10.1039/c5ra03986j,ROYAL SOC CHEMISTRY,2015
11595,10.1039/c5ra04033g,ROYAL SOC CHEMISTRY,2015
11596,10.1039/c5ra04381f,ROYAL SOC CHEMISTRY,2015
11597,10.1039/c5ra04446d,ROYAL SOC CHEMISTRY,2015
11598,10.1039/c5ra04559b,ROYAL SOC CHEMISTRY,2015
11599,10.1039/c5ra05546f,ROYAL SOC CHEMISTRY,2015
11600,10.1039/c5ra05950j,ROYAL SOC CHEMISTRY,2015
11601,10.1039/c5ra06308f,ROYAL SOC CHEMISTRY,2015
11602,10.1039/c5ra07371e,ROYAL SOC CHEMISTRY,2015
11603,10.1039/c5ra07972a,ROYAL SOC CHEMISTRY,2015
11604,10.1039/c5ra08350h,ROYAL SOC CHEMISTRY,2015
11605,10.1039/c5ra08996d,ROYAL SOC CHEMISTRY,2015
11606,10.1039/c5ra09339b,ROYAL SOC CHEMISTRY,2015
11607,10.1039/c5ra09529h,ROYAL SOC CHEMISTRY,2015
11608,10.1039/c5ra09792d,ROYAL SOC CHEMISTRY,2015
11609,10.1039/c5ra10459a,ROYAL SOC CHEMISTRY,2015
11610,10.1039/c5ra10799g,ROYAL SOC CHEMISTRY,2015
11611,10.1039/c5ra10805e,ROYAL SOC CHEMISTRY,2015
11612,10.1039/c5ra11418g,ROYAL SOC CHEMISTRY,2015
11613,10.1039/c5ra11686d,ROYAL SOC CHEMISTRY,2015
11614,10.1039/c5ra13102b,ROYAL SOC CHEMISTRY,2015
11615,10.1039/c5ra13149a,ROYAL SOC CHEMISTRY,2015
11616,10.1039/c5ra13582f,ROYAL SOC CHEMISTRY,2015
11617,10.1039/c5ra14267a,ROYAL SOC CHEMISTRY,2015
11618,10.1039/c5ra14948g,ROYAL SOC CHEMISTRY,2015
11619,10.1039/c5ra15397b,ROYAL SOC CHEMISTRY,2015
11620,10.1039/c5ra15576b,ROYAL SOC CHEMISTRY,2015
11621,10.1039/c5ra15663g,ROYAL SOC CHEMISTRY,2015
11622,10.1039/c5ra16112f,ROYAL SOC CHEMISTRY,2015
11623,10.1039/c5ra16879a,ROYAL SOC CHEMISTRY,2015
11624,10.1039/c5ra16908a,ROYAL SOC CHEMISTRY,2015
11625,10.1039/c5ra17615h,ROYAL SOC CHEMISTRY,2015
11626,10.1039/c5ra18557b,ROYAL SOC CHEMISTRY,2016
11627,10.1039/c5ra19013d,ROYAL SOC CHEMISTRY,2016
11628,10.1039/c5ra19086j,ROYAL SOC CHEMISTRY,2016
11629,10.1039/c5ra19376a,ROYAL SOC CHEMISTRY,2015
11630,10.1039/c5ra19936k,ROYAL SOC CHEMISTRY,2015
11631,10.1039/c5ra20443g,ROYAL SOC CHEMISTRY,2016
11632,10.1039/c5ra21069k,ROYAL SOC CHEMISTRY,2015
11633,10.1039/c5ra21557a,ROYAL SOC CHEMISTRY,2015
11634,10.1039/c5ra21828d,ROYAL SOC CHEMISTRY,2015
11635,10.1039/c5ra22175g,ROYAL SOC CHEMISTRY,2015
11636,10.1039/c5ra22184f,ROYAL SOC CHEMISTRY,2015
11637,10.1039/c5ra23132a,ROYAL SOC CHEMISTRY,2016
11638,10.1039/c5ra23134e,ROYAL SOC CHEMISTRY,2016
11639,10.1039/c5ra23147g,ROYAL SOC CHEMISTRY,2016
11640,10.1039/c5ra23754h,ROYAL SOC CHEMISTRY,2016
11641,10.1039/c5ra23830g,ROYAL SOC CHEMISTRY,2016
11642,10.1039/c5ra24357b,ROYAL SOC CHEMISTRY,2016
11643,10.1039/c5ra24596f,ROYAL SOC CHEMISTRY,2016
11644,10.1039/c5ra24915e,ROYAL SOC CHEMISTRY,2016
11645,10.1039/c5ra25238e,ROYAL SOC CHEMISTRY,2016
11646,10.1039/c5ra25465e,ROYAL SOC CHEMISTRY,2016
11647,10.1039/c5ra25689e,ROYAL SOC CHEMISTRY,2016
11648,10.1039/c5ra26097c,ROYAL SOC CHEMISTRY,2016
11649,10.1039/c5ra26283f,ROYAL SOC CHEMISTRY,2016
11650,10.1039/c5ra26357c,ROYAL SOC CHEMISTRY,2016
11651,10.1039/c5ra27368d,ROYAL SOC CHEMISTRY,2016
11652,10.1039/c5ra27826k,ROYAL SOC CHEMISTRY,2016
11653,10.1039/c5ra28135k,ROYAL SOC CHEMISTRY,2016
11654,10.1039/c5sc00614g,ROYAL SOC CHEMISTRY,2015
11655,10.1039/c5sc02214b,ROYAL SOC CHEMISTRY,2016
11656,10.1039/c5ta00030k,ROYAL SOC CHEMISTRY,2015
11657,10.1039/c5ta00280j,ROYAL SOC CHEMISTRY,2015
11658,10.1039/c5ta00302d,ROYAL SOC CHEMISTRY,2015
11659,10.1039/c5ta00322a,ROYAL SOC CHEMISTRY,2015
11660,10.1039/c5ta01178g,ROYAL SOC CHEMISTRY,2015
11661,10.1039/c5ta01484k,ROYAL SOC CHEMISTRY,2015
11662,10.1039/c5ta02092a,ROYAL SOC CHEMISTRY,2015
11663,10.1039/c5ta02320c,ROYAL SOC CHEMISTRY,2015
11664,10.1039/c5ta02860d,ROYAL SOC CHEMISTRY,2015
11665,10.1039/c5ta04241k,ROYAL SOC CHEMISTRY,2015
11666,10.1039/c5ta04923g,ROYAL SOC CHEMISTRY,2015
11667,10.1039/c5ta05481h,ROYAL SOC CHEMISTRY,2015
11668,10.1039/c5ta05688h,ROYAL SOC CHEMISTRY,2015
11669,10.1039/c5ta06702b,ROYAL SOC CHEMISTRY,2015
11670,10.1039/c5ta06838j,ROYAL SOC CHEMISTRY,2015
11671,10.1039/c5ta07026k,ROYAL SOC CHEMISTRY,2015
11672,10.1039/c5ta09349j,ROYAL SOC CHEMISTRY,2016
11673,10.1039/c5ta09979j,ROYAL SOC CHEMISTRY,2016
11674,10.1039/c5ta10401g,ROYAL SOC CHEMISTRY,2016
11675,10.1039/c5tb01814e,ROYAL SOC CHEMISTRY,2015
11676,10.1039/c5tc04002g,ROYAL SOC CHEMISTRY,2016
11677,10.1039/c6an02344d,ROYAL SOC CHEMISTRY,2017
11678,10.1039/c6cc00056h,ROYAL SOC CHEMISTRY,2016
11679,10.1039/c6cc00534a,ROYAL SOC CHEMISTRY,2016
11680,10.1039/c6cc00576d,ROYAL SOC CHEMISTRY,2016
11681,10.1039/c6cc00659k,ROYAL SOC CHEMISTRY,2016
11682,10.1039/c6cc00862c,ROYAL SOC CHEMISTRY,2016
11683,10.1039/c6cc01048b,ROYAL SOC CHEMISTRY,2016
11684,10.1039/c6cc01357k,ROYAL SOC CHEMISTRY,2016
11685,10.1039/c6cc01407k,ROYAL SOC CHEMISTRY,2016
11686,10.1039/c6cc01597b,ROYAL SOC CHEMISTRY,2016
11687,10.1039/c6cc02517j,ROYAL SOC CHEMISTRY,2016
11688,10.1039/c6cc02931k,ROYAL SOC CHEMISTRY,2016
11689,10.1039/c6cc03190k,ROYAL SOC CHEMISTRY,2016
11690,10.1039/c6cc03198f,ROYAL SOC CHEMISTRY,2016
11691,10.1039/c6cc03264h,ROYAL SOC CHEMISTRY,2016
11692,10.1039/c6cc04525a,ROYAL SOC CHEMISTRY,2016
11693,10.1039/c6cc04583a,ROYAL SOC CHEMISTRY,2016
11694,10.1039/c6cc05154e,ROYAL SOC CHEMISTRY,2016
11695,10.1039/c6cc05433a,ROYAL SOC CHEMISTRY,2016
11696,10.1039/c6cc05699g,ROYAL SOC CHEMISTRY,2016
11697,10.1039/c6cc06287c,ROYAL SOC CHEMISTRY,2016
11698,10.1039/c6cc06589a,ROYAL SOC CHEMISTRY,2016
11699,10.1039/c6cc06943f,ROYAL SOC CHEMISTRY,2016
11700,10.1039/c6cc07094a,ROYAL SOC CHEMISTRY,2017
11701,10.1039/c6cc07321b,ROYAL SOC CHEMISTRY,2016
11702,10.1039/c6cc08746a,ROYAL SOC CHEMISTRY,2017
11703,10.1039/c6cc09680h,ROYAL SOC CHEMISTRY,2017
11704,10.1039/c6cc10225e,ROYAL SOC CHEMISTRY,2017
11705,10.1039/c6ce00006a,ROYAL SOC CHEMISTRY,2016
11706,10.1039/c6ce00023a,ROYAL SOC CHEMISTRY,2016
11707,10.1039/c6ce00087h,ROYAL SOC CHEMISTRY,2016
11708,10.1039/c6ce00101g,ROYAL SOC CHEMISTRY,2016
11709,10.1039/c6ce00169f,ROYAL SOC CHEMISTRY,2016
11710,10.1039/c6ce00198j,ROYAL SOC CHEMISTRY,2016
11711,10.1039/c6ce00244g,ROYAL SOC CHEMISTRY,2016
11712,10.1039/c6ce00273k,ROYAL SOC CHEMISTRY,2016
11713,10.1039/c6ce00299d,ROYAL SOC CHEMISTRY,2016
11714,10.1039/c6ce00308g,ROYAL SOC CHEMISTRY,2016
11715,10.1039/c6ce00312e,ROYAL SOC CHEMISTRY,2016
11716,10.1039/c6ce00321d,ROYAL SOC CHEMISTRY,2016
11717,10.1039/c6ce00358c,ROYAL SOC CHEMISTRY,2016
11718,10.1039/c6ce00465b,ROYAL SOC CHEMISTRY,2016
11719,10.1039/c6ce00483k,ROYAL SOC CHEMISTRY,2016
11720,10.1039/c6ce00497k,ROYAL SOC CHEMISTRY,2016
11721,10.1039/c6ce00587j,ROYAL SOC CHEMISTRY,2016
11722,10.1039/c6ce00600k,ROYAL SOC CHEMISTRY,2016
11723,10.1039/c6ce00612d,ROYAL SOC CHEMISTRY,2016
11724,10.1039/c6ce00625f,ROYAL SOC CHEMISTRY,2016
11725,10.1039/c6ce00637j,ROYAL SOC CHEMISTRY,2016
11726,10.1039/c6ce00658b,ROYAL SOC CHEMISTRY,2016
11727,10.1039/c6ce00674d,ROYAL SOC CHEMISTRY,2016
11728,10.1039/c6ce00681g,ROYAL SOC CHEMISTRY,2016
11729,10.1039/c6ce00818f,ROYAL SOC CHEMISTRY,2016
11730,10.1039/c6ce00885b,ROYAL SOC CHEMISTRY,2016
11731,10.1039/c6ce00960c,ROYAL SOC CHEMISTRY,2016
11732,10.1039/c6ce01027j,ROYAL SOC CHEMISTRY,2016
11733,10.1039/c6ce01076h,ROYAL SOC CHEMISTRY,2016
11734,10.1039/c6ce01164k,ROYAL SOC CHEMISTRY,2016
11735,10.1039/c6ce01166g,ROYAL SOC CHEMISTRY,2016
11736,10.1039/c6ce01258b,ROYAL SOC CHEMISTRY,2016
11737,10.1039/c6ce01270a,ROYAL SOC CHEMISTRY,2016
11738,10.1039/c6ce01273f,ROYAL SOC CHEMISTRY,2016
11739,10.1039/c6ce01275b,ROYAL SOC CHEMISTRY,2016
11740,10.1039/c6ce01287f,ROYAL SOC CHEMISTRY,2016
11741,10.1039/c6ce01457g,ROYAL SOC CHEMISTRY,2016
11742,10.1039/c6ce01513a,ROYAL SOC CHEMISTRY,2016
11743,10.1039/c6ce01522k,ROYAL SOC CHEMISTRY,2016
11744,10.1039/c6ce01549b,ROYAL SOC CHEMISTRY,2016
11745,10.1039/c6ce01580h,ROYAL SOC CHEMISTRY,2016
11746,10.1039/c6ce01585a,ROYAL SOC CHEMISTRY,2016
11747,10.1039/c6ce01594h,ROYAL SOC CHEMISTRY,2016
11748,10.1039/c6ce01709f,ROYAL SOC CHEMISTRY,2016
11749,10.1039/c6ce01790h,ROYAL SOC CHEMISTRY,2016
11750,10.1039/c6ce01842d,ROYAL SOC CHEMISTRY,2016
11751,10.1039/c6ce01869f,ROYAL SOC CHEMISTRY,2016
11752,10.1039/c6ce02115h,ROYAL SOC CHEMISTRY,2017
11753,10.1039/c6ce02246d,ROYAL SOC CHEMISTRY,2017
11754,10.1039/c6ce02353c,ROYAL SOC CHEMISTRY,2017
11755,10.1039/c6ce02384c,ROYAL SOC CHEMISTRY,2017
11756,10.1039/c6ce02436j,ROYAL SOC CHEMISTRY,2017
11757,10.1039/c6ce02476a,ROYAL SOC CHEMISTRY,2017
11758,10.1039/c6ce02493a,ROYAL SOC CHEMISTRY,2017
11759,10.1039/c6ce02621d,ROYAL SOC CHEMISTRY,2017
11760,10.1039/c6ce02664h,ROYAL SOC CHEMISTRY,2017
11761,10.1039/c6cp02001a,ROYAL SOC CHEMISTRY,2016
11762,10.1039/c6cp07801j,ROYAL SOC CHEMISTRY,2017
11763,10.1039/c6cy00054a,ROYAL SOC CHEMISTRY,2016
11764,10.1039/c6cy00915h,ROYAL SOC CHEMISTRY,2016
11765,10.1039/c6dt00189k,ROYAL SOC CHEMISTRY,2016
11766,10.1039/c6dt00325g,ROYAL SOC CHEMISTRY,2016
11767,10.1039/c6dt00349d,ROYAL SOC CHEMISTRY,2016
11768,10.1039/c6dt00568c,ROYAL SOC CHEMISTRY,2016
11769,10.1039/c6dt00641h,ROYAL SOC CHEMISTRY,2016
11770,10.1039/c6dt00860g,ROYAL SOC CHEMISTRY,2016
11771,10.1039/c6dt01121g,ROYAL SOC CHEMISTRY,2016
11772,10.1039/c6dt01157h,ROYAL SOC CHEMISTRY,2016
11773,10.1039/c6dt01179a,ROYAL SOC CHEMISTRY,2016
11774,10.1039/c6dt01211f,ROYAL SOC CHEMISTRY,2016
11775,10.1039/c6dt01282e,ROYAL SOC CHEMISTRY,2016
11776,10.1039/c6dt01288d,ROYAL SOC CHEMISTRY,2016
11777,10.1039/c6dt01355d,ROYAL SOC CHEMISTRY,2016
11778,10.1039/c6dt01378c,ROYAL SOC CHEMISTRY,2016
11779,10.1039/c6dt01690a,ROYAL SOC CHEMISTRY,2016
11780,10.1039/c6dt01696k,ROYAL SOC CHEMISTRY,2016
11781,10.1039/c6dt01852a,ROYAL SOC CHEMISTRY,2016
11782,10.1039/c6dt02139e,ROYAL SOC CHEMISTRY,2016
11783,10.1039/c6dt02195f,ROYAL SOC CHEMISTRY,2016
11784,10.1039/c6dt02216b,ROYAL SOC CHEMISTRY,2016
11785,10.1039/c6dt02264b,ROYAL SOC CHEMISTRY,2016
11786,10.1039/c6dt02312f,ROYAL SOC CHEMISTRY,2016
11787,10.1039/c6dt02320g,ROYAL SOC CHEMISTRY,2016
11788,10.1039/c6dt02640k,ROYAL SOC CHEMISTRY,2016
11789,10.1039/c6dt02646j,ROYAL SOC CHEMISTRY,2016
11790,10.1039/c6dt02764d,ROYAL SOC CHEMISTRY,2016
11791,10.1039/c6dt02893d,ROYAL SOC CHEMISTRY,2016
11792,10.1039/c6dt02895k,ROYAL SOC CHEMISTRY,2016
11793,10.1039/c6dt03094g,ROYAL SOC CHEMISTRY,2016
11794,10.1039/c6dt03139k,ROYAL SOC CHEMISTRY,2016
11795,10.1039/c6dt03237k,ROYAL SOC CHEMISTRY,2016
11796,10.1039/c6dt03270b,ROYAL SOC CHEMISTRY,2016
11797,10.1039/c6dt03358j,ROYAL SOC CHEMISTRY,2016
11798,10.1039/c6dt03632e,ROYAL SOC CHEMISTRY,2016
11799,10.1039/c6dt03755k,ROYAL SOC CHEMISTRY,2017
11800,10.1039/c6dt03852b,ROYAL SOC CHEMISTRY,2016
11801,10.1039/c6dt03930h,ROYAL SOC CHEMISTRY,2016
11802,10.1039/c6dt03969c,ROYAL SOC CHEMISTRY,2017
11803,10.1039/c6dt04059d,ROYAL SOC CHEMISTRY,2017
11804,10.1039/c6dt04270h,ROYAL SOC CHEMISTRY,2017
11805,10.1039/c6dt04675d,ROYAL SOC CHEMISTRY,2017
11806,10.1039/c6dt04745a,ROYAL SOC CHEMISTRY,2017
11807,10.1039/c6dt04778e,ROYAL SOC CHEMISTRY,2017
11808,10.1039/c6dt04884f,ROYAL SOC CHEMISTRY,2017
11809,10.1039/c6dt04900a,ROYAL SOC CHEMISTRY,2017
11810,10.1039/c6gc00413j,ROYAL SOC CHEMISTRY,2016
11811,10.1039/c6gc01648k,ROYAL SOC CHEMISTRY,2016
11812,10.1039/c6nj00065g,ROYAL SOC CHEMISTRY,2016
11813,10.1039/c6nj00480f,ROYAL SOC CHEMISTRY,2016
11814,10.1039/c6nj00822d,ROYAL SOC CHEMISTRY,2016
11815,10.1039/c6nj00868b,ROYAL SOC CHEMISTRY,2016
11816,10.1039/c6nj01015f,ROYAL SOC CHEMISTRY,2016
11817,10.1039/c6nj01989g,ROYAL SOC CHEMISTRY,2016
11818,10.1039/c6nj02863b,ROYAL SOC CHEMISTRY,2017
11819,10.1039/c6nj03672d,ROYAL SOC CHEMISTRY,2017
11820,10.1039/c6nj03912j,ROYAL SOC CHEMISTRY,2017
11821,10.1039/c6nj03943j,ROYAL SOC CHEMISTRY,2017
11822,10.1039/c6nr05463c,ROYAL SOC CHEMISTRY,2016
11823,10.1039/c6nr05639c,ROYAL SOC CHEMISTRY,2016
11824,10.1039/c6nr06330f,ROYAL SOC CHEMISTRY,2016
11825,10.1039/c6qi00137h,ROYAL SOC CHEMISTRY,2016
11826,10.1039/c6qi00381h,ROYAL SOC CHEMISTRY,2017
11827,10.1039/c6qi00441e,ROYAL SOC CHEMISTRY,2017
11828,10.1039/c6qi00506c,ROYAL SOC CHEMISTRY,2017
11829,10.1039/c6qm00364h,ROYAL SOC CHEMISTRY,2017
11830,10.1039/c6ra00378h,ROYAL SOC CHEMISTRY,2016
11831,10.1039/c6ra00463f,ROYAL SOC CHEMISTRY,2016
11832,10.1039/c6ra00852f,ROYAL SOC CHEMISTRY,2016
11833,10.1039/c6ra00909c,ROYAL SOC CHEMISTRY,2016
11834,10.1039/c6ra01617k,ROYAL SOC CHEMISTRY,2016
11835,10.1039/c6ra01971d,ROYAL SOC CHEMISTRY,2016
11836,10.1039/c6ra02575g,ROYAL SOC CHEMISTRY,2016
11837,10.1039/c6ra04465d,ROYAL SOC CHEMISTRY,2016
11838,10.1039/c6ra07567c,ROYAL SOC CHEMISTRY,2016
11839,10.1039/c6ra07769b,ROYAL SOC CHEMISTRY,2016
11840,10.1039/c6ra08419b,ROYAL SOC CHEMISTRY,2016
11841,10.1039/c6ra09438d,ROYAL SOC CHEMISTRY,2016
11842,10.1039/c6ra09733b,ROYAL SOC CHEMISTRY,2016
11843,10.1039/c6ra11917d,ROYAL SOC CHEMISTRY,2016
11844,10.1039/c6ra12410k,ROYAL SOC CHEMISTRY,2016
11845,10.1039/c6ra13014c,ROYAL SOC CHEMISTRY,2016
11846,10.1039/c6ra13242a,ROYAL SOC CHEMISTRY,2016
11847,10.1039/c6ra13646j,ROYAL SOC CHEMISTRY,2016
11848,10.1039/c6ra14268k,ROYAL SOC CHEMISTRY,2016
11849,10.1039/c6ra14365b,ROYAL SOC CHEMISTRY,2016
11850,10.1039/c6ra14896d,ROYAL SOC CHEMISTRY,2016
11851,10.1039/c6ra16549d,ROYAL SOC CHEMISTRY,2016
11852,10.1039/c6ra16784e,ROYAL SOC CHEMISTRY,2016
11853,10.1039/c6ra17518j,ROYAL SOC CHEMISTRY,2016
11854,10.1039/c6ra17756e,ROYAL SOC CHEMISTRY,2016
11855,10.1039/c6ra17824c,ROYAL SOC CHEMISTRY,2016
11856,10.1039/c6ra17898g,ROYAL SOC CHEMISTRY,2016
11857,10.1039/c6ra18428f,ROYAL SOC CHEMISTRY,2016
11858,10.1039/c6ra18480d,ROYAL SOC CHEMISTRY,2016
11859,10.1039/c6ra19170c,ROYAL SOC CHEMISTRY,2016
11860,10.1039/c6ra19403f,ROYAL SOC CHEMISTRY,2016
11861,10.1039/c6ra19437k,ROYAL SOC CHEMISTRY,2016
11862,10.1039/c6ra20434a,ROYAL SOC CHEMISTRY,2016
11863,10.1039/c6ra20767g,ROYAL SOC CHEMISTRY,2016
11864,10.1039/c6ra21185b,ROYAL SOC CHEMISTRY,2016
11865,10.1039/c6ra21320k,ROYAL SOC CHEMISTRY,2016
11866,10.1039/c6ra21382k,ROYAL SOC CHEMISTRY,2016
11867,10.1039/c6ra22001k,ROYAL SOC CHEMISTRY,2016
11868,10.1039/c6ra22738d,ROYAL SOC CHEMISTRY,2016
11869,10.1039/c6ra22761a,ROYAL SOC CHEMISTRY,2016
11870,10.1039/c6ra22836d,ROYAL SOC CHEMISTRY,2016
11871,10.1039/c6ra22875e,ROYAL SOC CHEMISTRY,2016
11872,10.1039/c6ra22971a,ROYAL SOC CHEMISTRY,2016
11873,10.1039/c6ra23143h,ROYAL SOC CHEMISTRY,2016
11874,10.1039/c6ra23947a,ROYAL SOC CHEMISTRY,2016
11875,10.1039/c6ra24429g,ROYAL SOC CHEMISTRY,2016
11876,10.1039/c6ra24574a,ROYAL SOC CHEMISTRY,2016
11877,10.1039/c6ra25156k,ROYAL SOC CHEMISTRY,2017
11878,10.1039/c6ra25396b,ROYAL SOC CHEMISTRY,2017
11879,10.1039/c6ra25481k,ROYAL SOC CHEMISTRY,2017
11880,10.1039/c6ra25820d,ROYAL SOC CHEMISTRY,2017
11881,10.1039/c6ra26642h,ROYAL SOC CHEMISTRY,2017
11882,10.1039/c6ra26646k,ROYAL SOC CHEMISTRY,2017
11883,10.1039/c6ra26855b,ROYAL SOC CHEMISTRY,2017
11884,10.1039/c6ra26966d,ROYAL SOC CHEMISTRY,2017
11885,10.1039/c6ra26997d,ROYAL SOC CHEMISTRY,2017
11886,10.1039/c6ra27069g,ROYAL SOC CHEMISTRY,2017
11887,10.1039/c6ra27509e,ROYAL SOC CHEMISTRY,2017
11888,10.1039/c6ra28124a,ROYAL SOC CHEMISTRY,2017
11889,10.1039/c6ra28153b,ROYAL SOC CHEMISTRY,2017
11890,10.1039/c6ra28361f,ROYAL SOC CHEMISTRY,2017
11891,10.1039/c6ra28833b,ROYAL SOC CHEMISTRY,2017
11892,10.1039/c6re00065g,ROYAL SOC CHEMISTRY,2016
11893,10.1039/c6sc01412g,ROYAL SOC CHEMISTRY,2017
11894,10.1039/c6sc01477a,ROYAL SOC CHEMISTRY,2016
11895,10.1039/c6sc02272c,ROYAL SOC CHEMISTRY,2016
11896,10.1039/c6sc04357g,ROYAL SOC CHEMISTRY,2017
11897,10.1039/c6sc04478f,ROYAL SOC CHEMISTRY,2017
11898,10.1039/c6sc05079d,ROYAL SOC CHEMISTRY,2017
11899,10.1039/c6sc05341f,ROYAL SOC CHEMISTRY,2017
11900,10.1039/c6sc05602d,ROYAL SOC CHEMISTRY,2017
11901,10.1039/c6ta00343e,ROYAL SOC CHEMISTRY,2016
11902,10.1039/c6ta01899h,ROYAL SOC CHEMISTRY,2016
11903,10.1039/c6ta03314h,ROYAL SOC CHEMISTRY,2016
11904,10.1039/c6ta03675a,ROYAL SOC CHEMISTRY,2016
11905,10.1039/c6ta04160d,ROYAL SOC CHEMISTRY,2016
11906,10.1039/c6ta04342a,ROYAL SOC CHEMISTRY,2016
11907,10.1039/c6ta04623a,ROYAL SOC CHEMISTRY,2016
11908,10.1039/c6ta04917f,ROYAL SOC CHEMISTRY,2016
11909,10.1039/c6ta04927c,ROYAL SOC CHEMISTRY,2016
11910,10.1039/c6ta06176a,ROYAL SOC CHEMISTRY,2016
11911,10.1039/c6ta06403e,ROYAL SOC CHEMISTRY,2016
11912,10.1039/c6ta06792a,ROYAL SOC CHEMISTRY,2016
11913,10.1039/c6ta07076k,ROYAL SOC CHEMISTRY,2017
11914,10.1039/c6ta07330a,ROYAL SOC CHEMISTRY,2016
11915,10.1039/c6ta10019h,ROYAL SOC CHEMISTRY,2017
11916,10.1039/c6ta10152f,ROYAL SOC CHEMISTRY,2017
11917,10.1039/c6ta11242k,ROYAL SOC CHEMISTRY,2017
11918,10.1039/c6tb03230c,ROYAL SOC CHEMISTRY,2017
11919,10.1039/c6tb03321k,ROYAL SOC CHEMISTRY,2017
11920,10.1039/c6tc01297c,ROYAL SOC CHEMISTRY,2016
11921,10.1039/c6tc01511e,ROYAL SOC CHEMISTRY,2016
11922,10.1039/c6tc02401g,ROYAL SOC CHEMISTRY,2016
11923,10.1039/c6tc03496a,ROYAL SOC CHEMISTRY,2016
11924,10.1039/c6tc04099c,ROYAL SOC CHEMISTRY,2017
11925,10.1039/c6tc04851j,ROYAL SOC CHEMISTRY,2017
11926,10.1039/c6tc05314a,ROYAL SOC CHEMISTRY,2017
11927,10.1039/c6tc05349a,ROYAL SOC CHEMISTRY,2017
11928,10.1039/c7cc00189d,ROYAL SOC CHEMISTRY,2017
11929,10.1039/c7cc00702g,ROYAL SOC CHEMISTRY,2017
11930,10.1039/c7cc00726d,ROYAL SOC CHEMISTRY,2017
11931,10.1039/c7cc02130e,ROYAL SOC CHEMISTRY,2017
11932,10.1039/c7cc02243c,ROYAL SOC CHEMISTRY,2017
11933,10.1039/c7cc03105j,ROYAL SOC CHEMISTRY,2017
11934,10.1039/c7cc03333h,ROYAL SOC CHEMISTRY,2017
11935,10.1039/c7cc03345a,ROYAL SOC CHEMISTRY,2017
11936,10.1039/c7cc03428h,ROYAL SOC CHEMISTRY,2017
11937,10.1039/c7cc04222a,ROYAL SOC CHEMISTRY,2017
11938,10.1039/c7cc04277a,ROYAL SOC CHEMISTRY,2017
11939,10.1039/c7cc04313a,ROYAL SOC CHEMISTRY,2017
11940,10.1039/c7cc05221a,ROYAL SOC CHEMISTRY,2017
11941,10.1039/c7cc05741e,ROYAL SOC CHEMISTRY,2017
11942,10.1039/c7cc06054h,ROYAL SOC CHEMISTRY,2017
11943,10.1039/c7cc06535c,ROYAL SOC CHEMISTRY,2018
11944,10.1039/c7cc07698c,ROYAL SOC CHEMISTRY,2018
11945,10.1039/c7cc08200b,ROYAL SOC CHEMISTRY,2018
11946,10.1039/c7cc08630j,ROYAL SOC CHEMISTRY,2018
11947,10.1039/c7cc09602j,ROYAL SOC CHEMISTRY,2018
11948,10.1039/c7ce00071e,ROYAL SOC CHEMISTRY,2017
11949,10.1039/c7ce00108h,ROYAL SOC CHEMISTRY,2017
11950,10.1039/c7ce00149e,ROYAL SOC CHEMISTRY,2017
11951,10.1039/c7ce00212b,ROYAL SOC CHEMISTRY,2017
11952,10.1039/c7ce00219j,ROYAL SOC CHEMISTRY,2017
11953,10.1039/c7ce00234c,ROYAL SOC CHEMISTRY,2017
11954,10.1039/c7ce00332c,ROYAL SOC CHEMISTRY,2017
11955,10.1039/c7ce00349h,ROYAL SOC CHEMISTRY,2017
11956,10.1039/c7ce00361g,ROYAL SOC CHEMISTRY,2017
11957,10.1039/c7ce00368d,ROYAL SOC CHEMISTRY,2017
11958,10.1039/c7ce00390k,ROYAL SOC CHEMISTRY,2017
11959,10.1039/c7ce00394c,ROYAL SOC CHEMISTRY,2017
11960,10.1039/c7ce00400a,ROYAL SOC CHEMISTRY,2017
11961,10.1039/c7ce00405b,ROYAL SOC CHEMISTRY,2017
11962,10.1039/c7ce00410a,ROYAL SOC CHEMISTRY,2017
11963,10.1039/c7ce00481h,ROYAL SOC CHEMISTRY,2017
11964,10.1039/c7ce00535k,ROYAL SOC CHEMISTRY,2017
11965,10.1039/c7ce00589j,ROYAL SOC CHEMISTRY,2017
11966,10.1039/c7ce00640c,ROYAL SOC CHEMISTRY,2017
11967,10.1039/c7ce00753a,ROYAL SOC CHEMISTRY,2017
11968,10.1039/c7ce00803a,ROYAL SOC CHEMISTRY,2017
11969,10.1039/c7ce00867h,ROYAL SOC CHEMISTRY,2017
11970,10.1039/c7ce00971b,ROYAL SOC CHEMISTRY,2017
11971,10.1039/c7ce01042g,ROYAL SOC CHEMISTRY,2017
11972,10.1039/c7ce01067b,ROYAL SOC CHEMISTRY,2017
11973,10.1039/c7ce01092c,ROYAL SOC CHEMISTRY,2018
11974,10.1039/c7ce01133d,ROYAL SOC CHEMISTRY,2017
11975,10.1039/c7ce01215b,ROYAL SOC CHEMISTRY,2017
11976,10.1039/c7ce01216k,ROYAL SOC CHEMISTRY,2017
11977,10.1039/c7ce01229b,ROYAL SOC CHEMISTRY,2017
11978,10.1039/c7ce01295k,ROYAL SOC CHEMISTRY,2017
11979,10.1039/c7ce01438d,ROYAL SOC CHEMISTRY,2017
11980,10.1039/c7ce01453h,ROYAL SOC CHEMISTRY,2017
11981,10.1039/c7ce01510k,ROYAL SOC CHEMISTRY,2017
11982,10.1039/c7ce01618b,ROYAL SOC CHEMISTRY,2017
11983,10.1039/c7ce01734k,ROYAL SOC CHEMISTRY,2017
11984,10.1039/c7ce01773a,ROYAL SOC CHEMISTRY,2018
11985,10.1039/c7ce01843f,ROYAL SOC CHEMISTRY,2018
11986,10.1039/c7ce01906h,ROYAL SOC CHEMISTRY,2018
11987,10.1039/c7ce01919j,ROYAL SOC CHEMISTRY,2018
11988,10.1039/c7ce02017a,ROYAL SOC CHEMISTRY,2018
11989,10.1039/c7ce02053h,ROYAL SOC CHEMISTRY,2018
11990,10.1039/c7ce02192e,ROYAL SOC CHEMISTRY,2018
11991,10.1039/c7cp05185a,ROYAL SOC CHEMISTRY,2017
11992,10.1039/c7cy00467b,ROYAL SOC CHEMISTRY,2017
11993,10.1039/c7cy00882a,ROYAL SOC CHEMISTRY,2017
11994,10.1039/c7cy01668a,ROYAL SOC CHEMISTRY,2017
11995,10.1039/c7cy02063e,ROYAL SOC CHEMISTRY,2018
11996,10.1039/c7cy02610b,ROYAL SOC CHEMISTRY,2018
11997,10.1039/c7cy02622f,ROYAL SOC CHEMISTRY,2018
11998,10.1039/c7dt00015d,ROYAL SOC CHEMISTRY,2017
11999,10.1039/c7dt00042a,ROYAL SOC CHEMISTRY,2017
12000,10.1039/c7dt00082k,ROYAL SOC CHEMISTRY,2017
12001,10.1039/c7dt00218a,ROYAL SOC CHEMISTRY,2017
12002,10.1039/c7dt00292k,ROYAL SOC CHEMISTRY,2017
12003,10.1039/c7dt00452d,ROYAL SOC CHEMISTRY,2017
12004,10.1039/c7dt00582b,ROYAL SOC CHEMISTRY,2017
12005,10.1039/c7dt00734e,ROYAL SOC CHEMISTRY,2017
12006,10.1039/c7dt01048f,ROYAL SOC CHEMISTRY,2017
12007,10.1039/c7dt01056g,ROYAL SOC CHEMISTRY,2017
12008,10.1039/c7dt01071k,ROYAL SOC CHEMISTRY,2017
12009,10.1039/c7dt01084b,ROYAL SOC CHEMISTRY,2017
12010,10.1039/c7dt01116d,ROYAL SOC CHEMISTRY,2017
12011,10.1039/c7dt01223c,ROYAL SOC CHEMISTRY,2017
12012,10.1039/c7dt01306j,ROYAL SOC CHEMISTRY,2017
12013,10.1039/c7dt01405h,ROYAL SOC CHEMISTRY,2017
12014,10.1039/c7dt01595j,ROYAL SOC CHEMISTRY,2017
12015,10.1039/c7dt01666b,ROYAL SOC CHEMISTRY,2017
12016,10.1039/c7dt01717k,ROYAL SOC CHEMISTRY,2017
12017,10.1039/c7dt01744h,ROYAL SOC CHEMISTRY,2017
12018,10.1039/c7dt01790a,ROYAL SOC CHEMISTRY,2017
12019,10.1039/c7dt02040f,ROYAL SOC CHEMISTRY,2017
12020,10.1039/c7dt02119d,ROYAL SOC CHEMISTRY,2017
12021,10.1039/c7dt02175e,ROYAL SOC CHEMISTRY,2017
12022,10.1039/c7dt02231j,ROYAL SOC CHEMISTRY,2017
12023,10.1039/c7dt02334k,ROYAL SOC CHEMISTRY,2017
12024,10.1039/c7dt02356a,ROYAL SOC CHEMISTRY,2017
12025,10.1039/c7dt02376f,ROYAL SOC CHEMISTRY,2017
12026,10.1039/c7dt02436c,ROYAL SOC CHEMISTRY,2017
12027,10.1039/c7dt02564e,ROYAL SOC CHEMISTRY,2017
12028,10.1039/c7dt02697h,ROYAL SOC CHEMISTRY,2017
12029,10.1039/c7dt02752d,ROYAL SOC CHEMISTRY,2017
12030,10.1039/c7dt02800h,ROYAL SOC CHEMISTRY,2017
12031,10.1039/c7dt03254d,ROYAL SOC CHEMISTRY,2017
12032,10.1039/c7dt03304d,ROYAL SOC CHEMISTRY,2017
12033,10.1039/c7dt03364h,ROYAL SOC CHEMISTRY,2017
12034,10.1039/c7dt03411c,ROYAL SOC CHEMISTRY,2017
12035,10.1039/c7dt03433d,ROYAL SOC CHEMISTRY,2017
12036,10.1039/c7dt03474a,ROYAL SOC CHEMISTRY,2017
12037,10.1039/c7dt03518g,ROYAL SOC CHEMISTRY,2017
12038,10.1039/c7dt03568c,ROYAL SOC CHEMISTRY,2017
12039,10.1039/c7dt03574h,ROYAL SOC CHEMISTRY,2017
12040,10.1039/c7dt03616g,ROYAL SOC CHEMISTRY,2017
12041,10.1039/c7dt03641h,ROYAL SOC CHEMISTRY,2018
12042,10.1039/c7dt03667a,ROYAL SOC CHEMISTRY,2018
12043,10.1039/c7dt03754f,ROYAL SOC CHEMISTRY,2018
12044,10.1039/c7dt03758a,ROYAL SOC CHEMISTRY,2018
12045,10.1039/c7dt03761a,ROYAL SOC CHEMISTRY,2018
12046,10.1039/c7dt03775a,ROYAL SOC CHEMISTRY,2018
12047,10.1039/c7dt03874g,ROYAL SOC CHEMISTRY,2017
12048,10.1039/c7dt03890a,ROYAL SOC CHEMISTRY,2017
12049,10.1039/c7dt04057a,ROYAL SOC CHEMISTRY,2018
12050,10.1039/c7dt04087c,ROYAL SOC CHEMISTRY,2018
12051,10.1039/c7dt04116k,ROYAL SOC CHEMISTRY,2018
12052,10.1039/c7dt04130f,ROYAL SOC CHEMISTRY,2018
12053,10.1039/c7dt04162d,ROYAL SOC CHEMISTRY,2018
12054,10.1039/c7dt04221c,ROYAL SOC CHEMISTRY,2018
12055,10.1039/c7dt04566b,ROYAL SOC CHEMISTRY,2018
12056,10.1039/c7dt04583b,ROYAL SOC CHEMISTRY,2018
12057,10.1039/c7dt04701k,ROYAL SOC CHEMISTRY,2018
12058,10.1039/c7dt04819j,ROYAL SOC CHEMISTRY,2018
12059,10.1039/c7en00639j,ROYAL SOC CHEMISTRY,2017
12060,10.1039/c7fd00017k,ROYAL SOC CHEMISTRY,2017
12061,10.1039/c7fd00030h,ROYAL SOC CHEMISTRY,2017
12062,10.1039/c7fd00119c,ROYAL SOC CHEMISTRY,2017
12063,10.1039/c7fd00224f,ROYAL SOC CHEMISTRY,2018
12064,10.1039/c7gc01114h,ROYAL SOC CHEMISTRY,2017
12065,10.1039/c7gc02935g,ROYAL SOC CHEMISTRY,2017
12066,10.1039/c7gc03132g,ROYAL SOC CHEMISTRY,2018
12067,10.1039/c7gc03805d,ROYAL SOC CHEMISTRY,2018
12068,10.1039/c7nj00188f,ROYAL SOC CHEMISTRY,2017
12069,10.1039/c7nj00606c,ROYAL SOC CHEMISTRY,2017
12070,10.1039/c7nj00672a,ROYAL SOC CHEMISTRY,2017
12071,10.1039/c7nj01055a,ROYAL SOC CHEMISTRY,2017
12072,10.1039/c7nj01237c,ROYAL SOC CHEMISTRY,2017
12073,10.1039/c7nj01258f,ROYAL SOC CHEMISTRY,2017
12074,10.1039/c7nj01509g,ROYAL SOC CHEMISTRY,2017
12075,10.1039/c7nj01557g,ROYAL SOC CHEMISTRY,2017
12076,10.1039/c7nj01592e,ROYAL SOC CHEMISTRY,2017
12077,10.1039/c7nj01650f,ROYAL SOC CHEMISTRY,2017
12078,10.1039/c7nj01697b,ROYAL SOC CHEMISTRY,2017
12079,10.1039/c7nj02114c,ROYAL SOC CHEMISTRY,2017
12080,10.1039/c7nj02398g,ROYAL SOC CHEMISTRY,2017
12081,10.1039/c7nj02475d,ROYAL SOC CHEMISTRY,2017
12082,10.1039/c7nj02492d,ROYAL SOC CHEMISTRY,2017
12083,10.1039/c7nj02975f,ROYAL SOC CHEMISTRY,2017
12084,10.1039/c7nj03192k,ROYAL SOC CHEMISTRY,2017
12085,10.1039/c7nj03269b,ROYAL SOC CHEMISTRY,2017
12086,10.1039/c7nj03530f,ROYAL SOC CHEMISTRY,2018
12087,10.1039/c7nj03562d,ROYAL SOC CHEMISTRY,2018
12088,10.1039/c7nj03690f,ROYAL SOC CHEMISTRY,2018
12089,10.1039/c7nj03720a,ROYAL SOC CHEMISTRY,2017
12090,10.1039/c7nj03851h,ROYAL SOC CHEMISTRY,2018
12091,10.1039/c7nj04048b,ROYAL SOC CHEMISTRY,2018
12092,10.1039/c7nj04373b,ROYAL SOC CHEMISTRY,2018
12093,10.1039/c7nj04625a,ROYAL SOC CHEMISTRY,2018
12094,10.1039/c7nj04698g,ROYAL SOC CHEMISTRY,2018
12095,10.1039/c7nj04727d,ROYAL SOC CHEMISTRY,2018
12096,10.1039/c7nj04823h,ROYAL SOC CHEMISTRY,2018
12097,10.1039/c7nj04854h,ROYAL SOC CHEMISTRY,2018
12098,10.1039/c7nj05032a,ROYAL SOC CHEMISTRY,2018
12099,10.1039/c7nr03739b,ROYAL SOC CHEMISTRY,2017
12100,10.1039/c7nr05977a,ROYAL SOC CHEMISTRY,2017
12101,10.1039/c7nr06274e,ROYAL SOC CHEMISTRY,2017
12102,10.1039/c7nr07949d,ROYAL SOC CHEMISTRY,2018
12103,10.1039/c7nr08892b,ROYAL SOC CHEMISTRY,2018
12104,10.1039/c7qi00212b,ROYAL SOC CHEMISTRY,2017
12105,10.1039/c7qi00289k,ROYAL SOC CHEMISTRY,2017
12106,10.1039/c7qi00437k,ROYAL SOC CHEMISTRY,2017
12107,10.1039/c7qi00658f,ROYAL SOC CHEMISTRY,2018
12108,10.1039/c7qi00693d,ROYAL SOC CHEMISTRY,2018
12109,10.1039/c7qi00765e,ROYAL SOC CHEMISTRY,2018
12110,10.1039/c7qm00263g,ROYAL SOC CHEMISTRY,2017
12111,10.1039/c7qm00302a,ROYAL SOC CHEMISTRY,2017
12112,10.1039/c7qm00485k,ROYAL SOC CHEMISTRY,2018
12113,10.1039/c7ra00115k,ROYAL SOC CHEMISTRY,2017
12114,10.1039/c7ra00337d,ROYAL SOC CHEMISTRY,2017
12115,10.1039/c7ra00738h,ROYAL SOC CHEMISTRY,2017
12116,10.1039/c7ra01091e,ROYAL SOC CHEMISTRY,2017
12117,10.1039/c7ra01125c,ROYAL SOC CHEMISTRY,2017
12118,10.1039/c7ra01647f,ROYAL SOC CHEMISTRY,2017
12119,10.1039/c7ra02063e,ROYAL SOC CHEMISTRY,2017
12120,10.1039/c7ra02306e,ROYAL SOC CHEMISTRY,2017
12121,10.1039/c7ra02802d,ROYAL SOC CHEMISTRY,2017
12122,10.1039/c7ra03162a,ROYAL SOC CHEMISTRY,2017
12123,10.1039/c7ra04771a,ROYAL SOC CHEMISTRY,2017
12124,10.1039/c7ra04820c,ROYAL SOC CHEMISTRY,2017
12125,10.1039/c7ra05049f,ROYAL SOC CHEMISTRY,2017
12126,10.1039/c7ra05863b,ROYAL SOC CHEMISTRY,2017
12127,10.1039/c7ra07089f,ROYAL SOC CHEMISTRY,2017
12128,10.1039/c7ra08354h,ROYAL SOC CHEMISTRY,2017
12129,10.1039/c7ra08433a,ROYAL SOC CHEMISTRY,2017
12130,10.1039/c7ra08798e,ROYAL SOC CHEMISTRY,2017
12131,10.1039/c7ra09243a,ROYAL SOC CHEMISTRY,2017
12132,10.1039/c7ra09429a,ROYAL SOC CHEMISTRY,2017
12133,10.1039/c7ra09772g,ROYAL SOC CHEMISTRY,2017
12134,10.1039/c7ra10034e,ROYAL SOC CHEMISTRY,2017
12135,10.1039/c7ra10507j,ROYAL SOC CHEMISTRY,2017
12136,10.1039/c7ra10541j,ROYAL SOC CHEMISTRY,2017
12137,10.1039/c7ra10682c,ROYAL SOC CHEMISTRY,2017
12138,10.1039/c7ra10855a,ROYAL SOC CHEMISTRY,2018
12139,10.1039/c7ra12010a,ROYAL SOC CHEMISTRY,2018
12140,10.1039/c7ra12136a,ROYAL SOC CHEMISTRY,2018
12141,10.1039/c7ra12150d,ROYAL SOC CHEMISTRY,2018
12142,10.1039/c7ra12969f,ROYAL SOC CHEMISTRY,2018
12143,10.1039/c7ra13245j,ROYAL SOC CHEMISTRY,2018
12144,10.1039/c7re00067g,ROYAL SOC CHEMISTRY,2017
12145,10.1039/c7re00214a,ROYAL SOC CHEMISTRY,2018
12146,10.1039/c7sc00713b,ROYAL SOC CHEMISTRY,2017
12147,10.1039/c7sc01765k,ROYAL SOC CHEMISTRY,2017
12148,10.1039/c7sc02886e,ROYAL SOC CHEMISTRY,2017
12149,10.1039/c7sc03537c,ROYAL SOC CHEMISTRY,2018
12150,10.1039/c7sc04192f,ROYAL SOC CHEMISTRY,2018
12151,10.1039/c7sc04269h,ROYAL SOC CHEMISTRY,2018
12152,10.1039/c7sc04815g,ROYAL SOC CHEMISTRY,2018
12153,10.1039/c7sc04829g,ROYAL SOC CHEMISTRY,2018
12154,10.1039/c7sc05020h,ROYAL SOC CHEMISTRY,2018
12155,10.1039/c7sc05175a,ROYAL SOC CHEMISTRY,2018
12156,10.1039/c7sc05372j,ROYAL SOC CHEMISTRY,2018
12157,10.1039/c7se00223h,ROYAL SOC CHEMISTRY,2017
12158,10.1039/c7ta00169j,ROYAL SOC CHEMISTRY,2017
12159,10.1039/c7ta00413c,ROYAL SOC CHEMISTRY,2017
12160,10.1039/c7ta01070b,ROYAL SOC CHEMISTRY,2017
12161,10.1039/c7ta01278k,ROYAL SOC CHEMISTRY,2017
12162,10.1039/c7ta01493g,ROYAL SOC CHEMISTRY,2017
12163,10.1039/c7ta02069d,ROYAL SOC CHEMISTRY,2017
12164,10.1039/c7ta02896b,ROYAL SOC CHEMISTRY,2017
12165,10.1039/c7ta03069j,ROYAL SOC CHEMISTRY,2017
12166,10.1039/c7ta03773b,ROYAL SOC CHEMISTRY,2017
12167,10.1039/c7ta04496h,ROYAL SOC CHEMISTRY,2017
12168,10.1039/c7ta05523d,ROYAL SOC CHEMISTRY,2017
12169,10.1039/c7ta05896a,ROYAL SOC CHEMISTRY,2017
12170,10.1039/c7ta06060b,ROYAL SOC CHEMISTRY,2017
12171,10.1039/c7ta06969c,ROYAL SOC CHEMISTRY,2017
12172,10.1039/c7ta07803j,ROYAL SOC CHEMISTRY,2017
12173,10.1039/c7ta07911g,ROYAL SOC CHEMISTRY,2018
12174,10.1039/c7ta07934f,ROYAL SOC CHEMISTRY,2017
12175,10.1039/c7ta07978h,ROYAL SOC CHEMISTRY,2018
12176,10.1039/c7ta08281a,ROYAL SOC CHEMISTRY,2018
12177,10.1039/c7ta08399h,ROYAL SOC CHEMISTRY,2018
12178,10.1039/c7ta08778k,ROYAL SOC CHEMISTRY,2017
12179,10.1039/c7ta09699b,ROYAL SOC CHEMISTRY,2018
12180,10.1039/c7ta09807c,ROYAL SOC CHEMISTRY,2018
12181,10.1039/c7ta11155j,ROYAL SOC CHEMISTRY,2018
12182,10.1039/c7tb01966a,ROYAL SOC CHEMISTRY,2017
12183,10.1039/c7tc03150e,ROYAL SOC CHEMISTRY,2017
12184,10.1039/c7tc04006g,ROYAL SOC CHEMISTRY,2017
12185,10.1039/c7tc05395a,ROYAL SOC CHEMISTRY,2018
12186,10.1039/c8bm00830b,ROYAL SOC CHEMISTRY,2018
12187,10.1039/c8c1t00902c,ROYAL SOC CHEMISTRY,2018
12188,10.1039/c8cc02708k,ROYAL SOC CHEMISTRY,2018
12189,10.1039/c8cc03189d,ROYAL SOC CHEMISTRY,2018
12190,10.1039/c8cc03216e,ROYAL SOC CHEMISTRY,2018
12191,10.1039/c8cc03511c,ROYAL SOC CHEMISTRY,2018
12192,10.1039/c8cc04147d,ROYAL SOC CHEMISTRY,2018
12193,10.1039/c8cc04172e,ROYAL SOC CHEMISTRY,2018
12194,10.1039/c8cc04326d,ROYAL SOC CHEMISTRY,2018
12195,10.1039/c8cc04562c,ROYAL SOC CHEMISTRY,2018
12196,10.1039/c8cc04824j,ROYAL SOC CHEMISTRY,2018
12197,10.1039/c8cc04988b,ROYAL SOC CHEMISTRY,2018
12198,10.1039/c8cc05404e,ROYAL SOC CHEMISTRY,2018
12199,10.1039/c8cc05895d,ROYAL SOC CHEMISTRY,2018
12200,10.1039/c8cc05930f,ROYAL SOC CHEMISTRY,2018
12201,10.1039/c8cc06593d,ROYAL SOC CHEMISTRY,2018
12202,10.1039/c8cc06727a,ROYAL SOC CHEMISTRY,2018
12203,10.1039/c8cc07064d,ROYAL SOC CHEMISTRY,2018
12204,10.1039/c8cc07098a,ROYAL SOC CHEMISTRY,2018
12205,10.1039/c8cc07120a,ROYAL SOC CHEMISTRY,2019
12206,10.1039/c8cc07709f,ROYAL SOC CHEMISTRY,2019
12207,10.1039/c8cc08559e,ROYAL SOC CHEMISTRY,2019
12208,10.1039/c8cc09152h,ROYAL SOC CHEMISTRY,2019
12209,10.1039/c8cc09491h,ROYAL SOC CHEMISTRY,2019
12210,10.1039/c8cc10195g,ROYAL SOC CHEMISTRY,2019
12211,10.1039/c8cc10298h,ROYAL SOC CHEMISTRY,2019
12212,10.1039/c8ce00050f,ROYAL SOC CHEMISTRY,2018
12213,10.1039/c8ce00058a,ROYAL SOC CHEMISTRY,2018
12214,10.1039/c8ce00064f,ROYAL SOC CHEMISTRY,2018
12215,10.1039/c8ce00150b,ROYAL SOC CHEMISTRY,2018
12216,10.1039/c8ce00201k,ROYAL SOC CHEMISTRY,2018
12217,10.1039/c8ce00204e,ROYAL SOC CHEMISTRY,2018
12218,10.1039/c8ce00213d,ROYAL SOC CHEMISTRY,2018
12219,10.1039/c8ce00238j,ROYAL SOC CHEMISTRY,2018
12220,10.1039/c8ce00333e,ROYAL SOC CHEMISTRY,2018
12221,10.1039/c8ce00392k,ROYAL SOC CHEMISTRY,2018
12222,10.1039/c8ce00403j,ROYAL SOC CHEMISTRY,2018
12223,10.1039/c8ce00427g,ROYAL SOC CHEMISTRY,2018
12224,10.1039/c8ce00455b,ROYAL SOC CHEMISTRY,2018
12225,10.1039/c8ce00537k,ROYAL SOC CHEMISTRY,2018
12226,10.1039/c8ce00564h,ROYAL SOC CHEMISTRY,2018
12227,10.1039/c8ce00574e,ROYAL SOC CHEMISTRY,2018
12228,10.1039/c8ce00795k,ROYAL SOC CHEMISTRY,2018
12229,10.1039/c8ce00837j,ROYAL SOC CHEMISTRY,2018
12230,10.1039/c8ce00848e,ROYAL SOC CHEMISTRY,2018
12231,10.1039/c8ce00868j,ROYAL SOC CHEMISTRY,2018
12232,10.1039/c8ce00891d,ROYAL SOC CHEMISTRY,2018
12233,10.1039/c8ce00899j,ROYAL SOC CHEMISTRY,2018
12234,10.1039/c8ce00913a,ROYAL SOC CHEMISTRY,2018
12235,10.1039/c8ce00947c,ROYAL SOC CHEMISTRY,2018
12236,10.1039/c8ce00949j,ROYAL SOC CHEMISTRY,2018
12237,10.1039/c8ce00954f,ROYAL SOC CHEMISTRY,2018
12238,10.1039/c8ce01051j,ROYAL SOC CHEMISTRY,2018
12239,10.1039/c8ce01066h,ROYAL SOC CHEMISTRY,2018
12240,10.1039/c8ce01144c,ROYAL SOC CHEMISTRY,2018
12241,10.1039/c8ce01198b,ROYAL SOC CHEMISTRY,2018
12242,10.1039/c8ce01203b,ROYAL SOC CHEMISTRY,2019
12243,10.1039/c8ce01209a,ROYAL SOC CHEMISTRY,2018
12244,10.1039/c8ce01211c,ROYAL SOC CHEMISTRY,2018
12245,10.1039/c8ce01261j,ROYAL SOC CHEMISTRY,2018
12246,10.1039/c8ce01264d,ROYAL SOC CHEMISTRY,2018
12247,10.1039/c8ce01266k,ROYAL SOC CHEMISTRY,2018
12248,10.1039/c8ce01302k,ROYAL SOC CHEMISTRY,2018
12249,10.1039/c8ce01348a,ROYAL SOC CHEMISTRY,2019
12250,10.1039/c8ce01424h,ROYAL SOC CHEMISTRY,2019
12251,10.1039/c8ce01430b,ROYAL SOC CHEMISTRY,2018
12252,10.1039/c8ce01447g,ROYAL SOC CHEMISTRY,2018
12253,10.1039/c8ce01448e,ROYAL SOC CHEMISTRY,2018
12254,10.1039/c8ce01454j,ROYAL SOC CHEMISTRY,2018
12255,10.1039/c8ce01489b,ROYAL SOC CHEMISTRY,2019
12256,10.1039/c8ce01524d,ROYAL SOC CHEMISTRY,2019
12257,10.1039/c8ce01637b,ROYAL SOC CHEMISTRY,2019
12258,10.1039/c8ce01722k,ROYAL SOC CHEMISTRY,2019
12259,10.1039/c8ce01740a,ROYAL SOC CHEMISTRY,2019
12260,10.1039/c8ce01756e,ROYAL SOC CHEMISTRY,2019
12261,10.1039/c8ce01769g,ROYAL SOC CHEMISTRY,2019
12262,10.1039/c8ce01791c,ROYAL SOC CHEMISTRY,2019
12263,10.1039/c8ce01971a,ROYAL SOC CHEMISTRY,2019
12264,10.1039/c8ce02151a,ROYAL SOC CHEMISTRY,2019
12265,10.1039/c8ce02153h,ROYAL SOC CHEMISTRY,2019
12266,10.1039/c8cp01608a,ROYAL SOC CHEMISTRY,2018
12267,10.1039/c8cy00579f,ROYAL SOC CHEMISTRY,2018
12268,10.1039/c8cy00662h,ROYAL SOC CHEMISTRY,2018
12269,10.1039/c8cy00941d,ROYAL SOC CHEMISTRY,2018
12270,10.1039/c8cy02235f,ROYAL SOC CHEMISTRY,2019
12271,10.1039/c8cy02595a,ROYAL SOC CHEMISTRY,2019
12272,10.1039/c8dt00143j,ROYAL SOC CHEMISTRY,2018
12273,10.1039/c8dt00156a,ROYAL SOC CHEMISTRY,2018
12274,10.1039/c8dt00217g,ROYAL SOC CHEMISTRY,2018
12275,10.1039/c8dt00339d,ROYAL SOC CHEMISTRY,2018
12276,10.1039/c8dt00371h,ROYAL SOC CHEMISTRY,2018
12277,10.1039/c8dt00394g,ROYAL SOC CHEMISTRY,2018
12278,10.1039/c8dt00572a,ROYAL SOC CHEMISTRY,2018
12279,10.1039/c8dt00624e,ROYAL SOC CHEMISTRY,2018
12280,10.1039/c8dt00631h,ROYAL SOC CHEMISTRY,2018
12281,10.1039/c8dt00642c,ROYAL SOC CHEMISTRY,2018
12282,10.1039/c8dt00695d,ROYAL SOC CHEMISTRY,2018
12283,10.1039/c8dt00708j,ROYAL SOC CHEMISTRY,2018
12284,10.1039/c8dt00997j,ROYAL SOC CHEMISTRY,2018
12285,10.1039/c8dt01017j,ROYAL SOC CHEMISTRY,2018
12286,10.1039/c8dt01103f,ROYAL SOC CHEMISTRY,2018
12287,10.1039/c8dt01117f,ROYAL SOC CHEMISTRY,2018
12288,10.1039/c8dt01185k,ROYAL SOC CHEMISTRY,2018
12289,10.1039/c8dt01256c,ROYAL SOC CHEMISTRY,2018
12290,10.1039/c8dt01288a,ROYAL SOC CHEMISTRY,2018
12291,10.1039/c8dt01297k,ROYAL SOC CHEMISTRY,2018
12292,10.1039/c8dt01299g,ROYAL SOC CHEMISTRY,2018
12293,10.1039/c8dt01508b,ROYAL SOC CHEMISTRY,2018
12294,10.1039/c8dt01712c,ROYAL SOC CHEMISTRY,2018
12295,10.1039/c8dt01789a,ROYAL SOC CHEMISTRY,2018
12296,10.1039/c8dt01839a,ROYAL SOC CHEMISTRY,2018
12297,10.1039/c8dt01923a,ROYAL SOC CHEMISTRY,2018
12298,10.1039/c8dt02029a,ROYAL SOC CHEMISTRY,2018
12299,10.1039/c8dt02429d,ROYAL SOC CHEMISTRY,2018
12300,10.1039/c8dt02436g,ROYAL SOC CHEMISTRY,2018
12301,10.1039/c8dt02467g,ROYAL SOC CHEMISTRY,2018
12302,10.1039/c8dt02592d,ROYAL SOC CHEMISTRY,2018
12303,10.1039/c8dt02676a,ROYAL SOC CHEMISTRY,2019
12304,10.1039/c8dt02686f,ROYAL SOC CHEMISTRY,2018
12305,10.1039/c8dt02816h,ROYAL SOC CHEMISTRY,2018
12306,10.1039/c8dt02841a,ROYAL SOC CHEMISTRY,2018
12307,10.1039/c8dt02920b,ROYAL SOC CHEMISTRY,2018
12308,10.1039/c8dt02983k,ROYAL SOC CHEMISTRY,2018
12309,10.1039/c8dt02986e,ROYAL SOC CHEMISTRY,2018
12310,10.1039/c8dt02999g,ROYAL SOC CHEMISTRY,2018
12311,10.1039/c8dt03030h,ROYAL SOC CHEMISTRY,2018
12312,10.1039/c8dt03093f,ROYAL SOC CHEMISTRY,2018
12313,10.1039/c8dt03196g,ROYAL SOC CHEMISTRY,2018
12314,10.1039/c8dt03202e,ROYAL SOC CHEMISTRY,2018
12315,10.1039/c8dt03310b,ROYAL SOC CHEMISTRY,2018
12316,10.1039/c8dt03512a,ROYAL SOC CHEMISTRY,2019
12317,10.1039/c8dt03659d,ROYAL SOC CHEMISTRY,2018
12318,10.1039/c8dt03812k,ROYAL SOC CHEMISTRY,2019
12319,10.1039/c8dt03826k,ROYAL SOC CHEMISTRY,2019
12320,10.1039/c8dt03836h,ROYAL SOC CHEMISTRY,2018
12321,10.1039/c8dt03964j,ROYAL SOC CHEMISTRY,2019
12322,10.1039/c8dt04067b,ROYAL SOC CHEMISTRY,2018
12323,10.1039/c8dt04106g,ROYAL SOC CHEMISTRY,2019
12324,10.1039/c8dt04170a,ROYAL SOC CHEMISTRY,2019
12325,10.1039/c8dt04186e,ROYAL SOC CHEMISTRY,2019
12326,10.1039/c8dt04474k,ROYAL SOC CHEMISTRY,2019
12327,10.1039/c8dt04583f,ROYAL SOC CHEMISTRY,2018
12328,10.1039/c8dt04688c,ROYAL SOC CHEMISTRY,2019
12329,10.1039/c8dt04698k,ROYAL SOC CHEMISTRY,2019
12330,10.1039/c8dt04879g,ROYAL SOC CHEMISTRY,2019
12331,10.1039/c8dt05060k,ROYAL SOC CHEMISTRY,2019
12332,10.1039/c8dt05136d,ROYAL SOC CHEMISTRY,2019
12333,10.1039/c8dt05153d,ROYAL SOC CHEMISTRY,2019
12334,10.1039/c8fd00194d,ROYAL SOC CHEMISTRY,2019
12335,10.1039/c8gc02312c,ROYAL SOC CHEMISTRY,2018
12336,10.1039/c8gc02645a,ROYAL SOC CHEMISTRY,2018
12337,10.1039/c8na00262b,ROYAL SOC CHEMISTRY,2019
12338,10.1039/c8nj00109j,ROYAL SOC CHEMISTRY,2018
12339,10.1039/c8nj00525g,ROYAL SOC CHEMISTRY,2018
12340,10.1039/c8nj00714d,ROYAL SOC CHEMISTRY,2018
12341,10.1039/c8nj00734a,ROYAL SOC CHEMISTRY,2018
12342,10.1039/c8nj01390j,ROYAL SOC CHEMISTRY,2018
12343,10.1039/c8nj01784k,ROYAL SOC CHEMISTRY,2018
12344,10.1039/c8nj01965g,ROYAL SOC CHEMISTRY,2018
12345,10.1039/c8nj02078g,ROYAL SOC CHEMISTRY,2018
12346,10.1039/c8nj02110d,ROYAL SOC CHEMISTRY,2018
12347,10.1039/c8nj03781g,ROYAL SOC CHEMISTRY,2018
12348,10.1039/c8nj04247k,ROYAL SOC CHEMISTRY,2018
12349,10.1039/c8nj04260h,ROYAL SOC CHEMISTRY,2018
12350,10.1039/c8nj04315a,ROYAL SOC CHEMISTRY,2018
12351,10.1039/c8nj04715d,ROYAL SOC CHEMISTRY,2019
12352,10.1039/c8nj04853c,ROYAL SOC CHEMISTRY,2019
12353,10.1039/c8nj04937h,ROYAL SOC CHEMISTRY,2019
12354,10.1039/c8nj05179h,ROYAL SOC CHEMISTRY,2019
12355,10.1039/c8nj05193c,ROYAL SOC CHEMISTRY,2019
12356,10.1039/c8nj05246h,ROYAL SOC CHEMISTRY,2019
12357,10.1039/c8nj05616a,ROYAL SOC CHEMISTRY,2019
12358,10.1039/c8nj05647a,ROYAL SOC CHEMISTRY,2019
12359,10.1039/c8nj05701j,ROYAL SOC CHEMISTRY,2019
12360,10.1039/c8nj05782f,ROYAL SOC CHEMISTRY,2019
12361,10.1039/c8nj05953e,ROYAL SOC CHEMISTRY,2019
12362,10.1039/c8nj06362a,ROYAL SOC CHEMISTRY,2019
12363,10.1039/c8nj06420b,ROYAL SOC CHEMISTRY,2019
12364,10.1039/c8nr00798e,ROYAL SOC CHEMISTRY,2018
12365,10.1039/c8nr01219a,ROYAL SOC CHEMISTRY,2018
12366,10.1039/c8nr02896f,ROYAL SOC CHEMISTRY,2018
12367,10.1039/c8nr04992k,ROYAL SOC CHEMISTRY,2018
12368,10.1039/c8nr08734b,ROYAL SOC CHEMISTRY,2019
12369,10.1039/c8ob01501e,ROYAL SOC CHEMISTRY,2018
12370,10.1039/c8pp00493e,ROYAL SOC CHEMISTRY,2019
12371,10.1039/c8qi00268a,ROYAL SOC CHEMISTRY,2018
12372,10.1039/c8qi00530c,ROYAL SOC CHEMISTRY,2018
12373,10.1039/c8qi00648b,ROYAL SOC CHEMISTRY,2018
12374,10.1039/c8qi00662h,ROYAL SOC CHEMISTRY,2018
12375,10.1039/c8qi00696b,ROYAL SOC CHEMISTRY,2018
12376,10.1039/c8qi00744f,ROYAL SOC CHEMISTRY,2018
12377,10.1039/c8qi00773j,ROYAL SOC CHEMISTRY,2018
12378,10.1039/c8qi00782a,ROYAL SOC CHEMISTRY,2018
12379,10.1039/c8qi01150h,ROYAL SOC CHEMISTRY,2019
12380,10.1039/c8qi01396a,ROYAL SOC CHEMISTRY,2019
12381,10.1039/c8qi01406j,ROYAL SOC CHEMISTRY,2019
12382,10.1039/c8qm00002f,ROYAL SOC CHEMISTRY,2018
12383,10.1039/c8qm00527c,ROYAL SOC CHEMISTRY,2019
12384,10.1039/c8qm00671g,ROYAL SOC CHEMISTRY,2019
12385,10.1039/c8ra00152a,ROYAL SOC CHEMISTRY,2018
12386,10.1039/c8ra01119b,ROYAL SOC CHEMISTRY,2018
12387,10.1039/c8ra01900b,ROYAL SOC CHEMISTRY,2018
12388,10.1039/c8ra02389a,ROYAL SOC CHEMISTRY,2018
12389,10.1039/c8ra02941e,ROYAL SOC CHEMISTRY,2018
12390,10.1039/c8ra03349h,ROYAL SOC CHEMISTRY,2018
12391,10.1039/c8ra03459a,ROYAL SOC CHEMISTRY,2018
12392,10.1039/c8ra03659d,ROYAL SOC CHEMISTRY,2018
12393,10.1039/c8ra03870h,ROYAL SOC CHEMISTRY,2018
12394,10.1039/c8ra03878c,ROYAL SOC CHEMISTRY,2018
12395,10.1039/c8ra04573a,ROYAL SOC CHEMISTRY,2018
12396,10.1039/c8ra05459b,ROYAL SOC CHEMISTRY,2018
12397,10.1039/c8ra05969a,ROYAL SOC CHEMISTRY,2018
12398,10.1039/c8ra06043f,ROYAL SOC CHEMISTRY,2018
12399,10.1039/c8ra06576d,ROYAL SOC CHEMISTRY,2018
12400,10.1039/c8ra06819d,ROYAL SOC CHEMISTRY,2018
12401,10.1039/c8ra07774f,ROYAL SOC CHEMISTRY,2018
12402,10.1039/c8ra08486f,ROYAL SOC CHEMISTRY,2018
12403,10.1039/c8ra08522f,ROYAL SOC CHEMISTRY,2019
12404,10.1039/c8ra09207a,ROYAL SOC CHEMISTRY,2019
12405,10.1039/c8ra09600g,ROYAL SOC CHEMISTRY,2019
12406,10.1039/c8ra10366f,ROYAL SOC CHEMISTRY,2019
12407,10.1039/c8ra10475a,ROYAL SOC CHEMISTRY,2019
12408,10.1039/c8sc01439f,ROYAL SOC CHEMISTRY,2018
12409,10.1039/c8sc01533c,ROYAL SOC CHEMISTRY,2018
12410,10.1039/c8sc01959b,ROYAL SOC CHEMISTRY,2019
12411,10.1039/c8sc02210k,ROYAL SOC CHEMISTRY,2018
12412,10.1039/c8sc02807a,ROYAL SOC CHEMISTRY,2018
12413,10.1039/c8sc03735c,ROYAL SOC CHEMISTRY,2019
12414,10.1039/c8sc04372h,ROYAL SOC CHEMISTRY,2019
12415,10.1039/c8sc05218b,ROYAL SOC CHEMISTRY,2019
12416,10.1039/c8sc05441j,ROYAL SOC CHEMISTRY,2019
12417,10.1039/c8se00098k,ROYAL SOC CHEMISTRY,2018
12418,10.1039/c8sm01143e,ROYAL SOC CHEMISTRY,2018
12419,10.1039/c8sm01214h,ROYAL SOC CHEMISTRY,2018
12420,10.1039/c8ta00598b,ROYAL SOC CHEMISTRY,2018
12421,10.1039/c8ta01060a,ROYAL SOC CHEMISTRY,2018
12422,10.1039/c8ta01093e,ROYAL SOC CHEMISTRY,2018
12423,10.1039/c8ta01805g,ROYAL SOC CHEMISTRY,2018
12424,10.1039/c8ta02036a,ROYAL SOC CHEMISTRY,2018
12425,10.1039/c8ta02797h,ROYAL SOC CHEMISTRY,2018
12426,10.1039/c8ta02845a,ROYAL SOC CHEMISTRY,2018
12427,10.1039/c8ta03509a,ROYAL SOC CHEMISTRY,2018
12428,10.1039/c8ta04020f,ROYAL SOC CHEMISTRY,2018
12429,10.1039/c8ta04316g,ROYAL SOC CHEMISTRY,2018
12430,10.1039/c8ta04667k,ROYAL SOC CHEMISTRY,2018
12431,10.1039/c8ta06213g,ROYAL SOC CHEMISTRY,2018
12432,10.1039/c8ta06804f,ROYAL SOC CHEMISTRY,2018
12433,10.1039/c8ta06809g,ROYAL SOC CHEMISTRY,2018
12434,10.1039/c8ta07080f,ROYAL SOC CHEMISTRY,2018
12435,10.1039/c8ta07234e,ROYAL SOC CHEMISTRY,2019
12436,10.1039/c8ta07349j,ROYAL SOC CHEMISTRY,2018
12437,10.1039/c8ta07700b,ROYAL SOC CHEMISTRY,2018
12438,10.1039/c8ta07839d,ROYAL SOC CHEMISTRY,2018
12439,10.1039/c8ta08185a,ROYAL SOC CHEMISTRY,2019
12440,10.1039/c8ta08514e,ROYAL SOC CHEMISTRY,2018
12441,10.1039/c8ta08603f,ROYAL SOC CHEMISTRY,2018
12442,10.1039/c8ta08702d,ROYAL SOC CHEMISTRY,2019
12443,10.1039/c8ta09080g,ROYAL SOC CHEMISTRY,2019
12444,10.1039/c8ta09227c,ROYAL SOC CHEMISTRY,2018
12445,10.1039/c8ta10610j,ROYAL SOC CHEMISTRY,2019
12446,10.1039/c8ta10682g,ROYAL SOC CHEMISTRY,2019
12447,10.1039/c8ta11296g,ROYAL SOC CHEMISTRY,2019
12448,10.1039/c8ta11722e,ROYAL SOC CHEMISTRY,2019
12449,10.1039/c8ta11748a,ROYAL SOC CHEMISTRY,2019
12450,10.1039/c8ta12122b,ROYAL SOC CHEMISTRY,2019
12451,10.1039/c8tb00072g,ROYAL SOC CHEMISTRY,2018
12452,10.1039/c8tb02308e,ROYAL SOC CHEMISTRY,2018
12453,10.1039/c8tb02815j,ROYAL SOC CHEMISTRY,2019
12454,10.1039/c8tb03331e,ROYAL SOC CHEMISTRY,2019
12455,10.1039/c8tc00832a,ROYAL SOC CHEMISTRY,2018
12456,10.1039/c8tc01018h,ROYAL SOC CHEMISTRY,2018
12457,10.1039/c8tc01062e,ROYAL SOC CHEMISTRY,2018
12458,10.1039/c8tc01703d,ROYAL SOC CHEMISTRY,2018
12459,10.1039/c8tc04442b,ROYAL SOC CHEMISTRY,2018
12460,10.1039/c9an01362h,ROYAL SOC CHEMISTRY,2019
12461,10.1039/c9an02231g,ROYAL SOC CHEMISTRY,2020
12462,10.1039/c9an02481f,ROYAL SOC CHEMISTRY,2020
12463,10.1039/c9cc01468c,ROYAL SOC CHEMISTRY,2019
12464,10.1039/c9cc02038a,ROYAL SOC CHEMISTRY,2019
12465,10.1039/c9cc02861g,ROYAL SOC CHEMISTRY,2019
12466,10.1039/c9cc04374h,ROYAL SOC CHEMISTRY,2019
12467,10.1039/c9cc04999a,ROYAL SOC CHEMISTRY,2019
12468,10.1039/c9cc05002g,ROYAL SOC CHEMISTRY,2019
12469,10.1039/c9cc05708k,ROYAL SOC CHEMISTRY,2019
12470,10.1039/c9cc05990c,ROYAL SOC CHEMISTRY,2019
12471,10.1039/c9cc06258k,ROYAL SOC CHEMISTRY,2020
12472,10.1039/c9cc06272f,ROYAL SOC CHEMISTRY,2019
12473,10.1039/c9cc06795g,ROYAL SOC CHEMISTRY,2019
12474,10.1039/c9cc08236k,ROYAL SOC CHEMISTRY,2019
12475,10.1039/c9cc08724a,ROYAL SOC CHEMISTRY,2020
12476,10.1039/c9cc09144k,ROYAL SOC CHEMISTRY,2020
12477,10.1039/c9ce00015a,ROYAL SOC CHEMISTRY,2019
12478,10.1039/c9ce00021f,ROYAL SOC CHEMISTRY,2019
12479,10.1039/c9ce00033j,ROYAL SOC CHEMISTRY,2019
12480,10.1039/c9ce00067d,ROYAL SOC CHEMISTRY,2019
12481,10.1039/c9ce00098d,ROYAL SOC CHEMISTRY,2019
12482,10.1039/c9ce00129h,ROYAL SOC CHEMISTRY,2019
12483,10.1039/c9ce00213h,ROYAL SOC CHEMISTRY,2019
12484,10.1039/c9ce00218a,ROYAL SOC CHEMISTRY,2019
12485,10.1039/c9ce00238c,ROYAL SOC CHEMISTRY,2019
12486,10.1039/c9ce00259f,ROYAL SOC CHEMISTRY,2019
12487,10.1039/c9ce00371a,ROYAL SOC CHEMISTRY,2019
12488,10.1039/c9ce00427k,ROYAL SOC CHEMISTRY,2019
12489,10.1039/c9ce00433e,ROYAL SOC CHEMISTRY,2019
12490,10.1039/c9ce00440h,ROYAL SOC CHEMISTRY,2019
12491,10.1039/c9ce00542k,ROYAL SOC CHEMISTRY,2019
12492,10.1039/c9ce00545e,ROYAL SOC CHEMISTRY,2019
12493,10.1039/c9ce00757a,ROYAL SOC CHEMISTRY,2019
12494,10.1039/c9ce00769e,ROYAL SOC CHEMISTRY,2019
12495,10.1039/c9ce00833k,ROYAL SOC CHEMISTRY,2019
12496,10.1039/c9ce00969h,ROYAL SOC CHEMISTRY,2019
12497,10.1039/c9ce00972h,ROYAL SOC CHEMISTRY,2019
12498,10.1039/c9ce01026b,ROYAL SOC CHEMISTRY,2019
12499,10.1039/c9ce01035a,ROYAL SOC CHEMISTRY,2019
12500,10.1039/c9ce01041f,ROYAL SOC CHEMISTRY,2019
12501,10.1039/c9ce01054h,ROYAL SOC CHEMISTRY,2019
12502,10.1039/c9ce01186b,ROYAL SOC CHEMISTRY,2019
12503,10.1039/c9ce01245a,ROYAL SOC CHEMISTRY,2020
12504,10.1039/c9ce01273g,ROYAL SOC CHEMISTRY,2019
12505,10.1039/c9ce01307e,ROYAL SOC CHEMISTRY,2019
12506,10.1039/c9ce01337g,ROYAL SOC CHEMISTRY,2019
12507,10.1039/c9ce01357a,ROYAL SOC CHEMISTRY,2019
12508,10.1039/c9ce01394f,ROYAL SOC CHEMISTRY,2019
12509,10.1039/c9ce01456j,ROYAL SOC CHEMISTRY,2020
12510,10.1039/c9ce01529a,ROYAL SOC CHEMISTRY,2020
12511,10.1039/c9ce01592b,ROYAL SOC CHEMISTRY,2020
12512,10.1039/c9ce01626k,ROYAL SOC CHEMISTRY,2020
12513,10.1039/c9ce01644a,ROYAL SOC CHEMISTRY,2020
12514,10.1039/c9ce01669d,ROYAL SOC CHEMISTRY,2019
12515,10.1039/c9ce01674k,ROYAL SOC CHEMISTRY,2020
12516,10.1039/c9ce01676g,ROYAL SOC CHEMISTRY,2020
12517,10.1039/c9ce01764j,ROYAL SOC CHEMISTRY,2020
12518,10.1039/c9ce01779h,ROYAL SOC CHEMISTRY,2020
12519,10.1039/c9ce01915d,ROYAL SOC CHEMISTRY,2020
12520,10.1039/c9ce01932d,ROYAL SOC CHEMISTRY,2020
12521,10.1039/c9ce01940e,ROYAL SOC CHEMISTRY,2020
12522,10.1039/c9ce02006c,ROYAL SOC CHEMISTRY,2020
12523,10.1039/c9cp00754g,ROYAL SOC CHEMISTRY,2019
12524,10.1039/c9cy01303b,ROYAL SOC CHEMISTRY,2020
12525,10.1039/c9cy01329f,ROYAL SOC CHEMISTRY,2019
12526,10.1039/c9cy01431d,ROYAL SOC CHEMISTRY,2019
12527,10.1039/c9cy01642b,ROYAL SOC CHEMISTRY,2019
12528,10.1039/c9cy01940e,ROYAL SOC CHEMISTRY,2020
12529,10.1039/c9cy02404b,ROYAL SOC CHEMISTRY,2020
12530,10.1039/c9dt00081j,ROYAL SOC CHEMISTRY,2019
12531,10.1039/c9dt00499h,ROYAL SOC CHEMISTRY,2019
12532,10.1039/c9dt00510b,ROYAL SOC CHEMISTRY,2019
12533,10.1039/c9dt00941h,ROYAL SOC CHEMISTRY,2019
12534,10.1039/c9dt01050e,ROYAL SOC CHEMISTRY,2019
12535,10.1039/c9dt01125k,ROYAL SOC CHEMISTRY,2019
12536,10.1039/c9dt01253b,ROYAL SOC CHEMISTRY,2019
12537,10.1039/c9dt01278h,ROYAL SOC CHEMISTRY,2019
12538,10.1039/c9dt01406c,ROYAL SOC CHEMISTRY,2019
12539,10.1039/c9dt01457h,ROYAL SOC CHEMISTRY,2019
12540,10.1039/c9dt01542f,ROYAL SOC CHEMISTRY,2019
12541,10.1039/c9dt01572h,ROYAL SOC CHEMISTRY,2019
12542,10.1039/c9dt01677e,ROYAL SOC CHEMISTRY,2019
12543,10.1039/c9dt01846h,ROYAL SOC CHEMISTRY,2019
12544,10.1039/c9dt01859j,ROYAL SOC CHEMISTRY,2019
12545,10.1039/c9dt02133g,ROYAL SOC CHEMISTRY,2019
12546,10.1039/c9dt02269d,ROYAL SOC CHEMISTRY,2019
12547,10.1039/c9dt02278c,ROYAL SOC CHEMISTRY,2019
12548,10.1039/c9dt02394a,ROYAL SOC CHEMISTRY,2019
12549,10.1039/c9dt02459j,ROYAL SOC CHEMISTRY,2019
12550,10.1039/c9dt02463h,ROYAL SOC CHEMISTRY,2020
12551,10.1039/c9dt02703c,ROYAL SOC CHEMISTRY,2019
12552,10.1039/c9dt02733e,ROYAL SOC CHEMISTRY,2019
12553,10.1039/c9dt02866h,ROYAL SOC CHEMISTRY,2019
12554,10.1039/c9dt03181b,ROYAL SOC CHEMISTRY,2019
12555,10.1039/c9dt03350e,ROYAL SOC CHEMISTRY,2019
12556,10.1039/c9dt03489g,ROYAL SOC CHEMISTRY,2019
12557,10.1039/c9dt03518d,ROYAL SOC CHEMISTRY,2019
12558,10.1039/c9dt03531a,ROYAL SOC CHEMISTRY,2020
12559,10.1039/c9dt03540k,ROYAL SOC CHEMISTRY,2019
12560,10.1039/c9dt03727f,ROYAL SOC CHEMISTRY,2019
12561,10.1039/c9dt03929e,ROYAL SOC CHEMISTRY,2019
12562,10.1039/c9dt03933c,ROYAL SOC CHEMISTRY,2019
12563,10.1039/c9dt03947c,ROYAL SOC CHEMISTRY,2020
12564,10.1039/c9dt04051j,ROYAL SOC CHEMISTRY,2020
12565,10.1039/c9dt04068d,ROYAL SOC CHEMISTRY,2020
12566,10.1039/c9dt04172a,ROYAL SOC CHEMISTRY,2020
12567,10.1039/c9dt04210e,ROYAL SOC CHEMISTRY,2020
12568,10.1039/c9dt04211c,ROYAL SOC CHEMISTRY,2020
12569,10.1039/c9dt04571f,ROYAL SOC CHEMISTRY,2020
12570,10.1039/c9dt04747f,ROYAL SOC CHEMISTRY,2020
12571,10.1039/c9dt04836g,ROYAL SOC CHEMISTRY,2020
12572,10.1039/c9en00018f,ROYAL SOC CHEMISTRY,2019
12573,10.1039/c9fd00137a,ROYAL SOC CHEMISTRY,2021
12574,10.1039/c9gc00783k,ROYAL SOC CHEMISTRY,2019
12575,10.1039/c9gc01641d,ROYAL SOC CHEMISTRY,2019
12576,10.1039/c9gc01893j,ROYAL SOC CHEMISTRY,2019
12577,10.1039/c9gc02181g,ROYAL SOC CHEMISTRY,2019
12578,10.1039/c9gc02375e,ROYAL SOC CHEMISTRY,2019
12579,10.1039/c9gc03140e,ROYAL SOC CHEMISTRY,2020
12580,10.1039/c9gc03561c,ROYAL SOC CHEMISTRY,2020
12581,10.1039/c9gc04040d,ROYAL SOC CHEMISTRY,2020
12582,10.1039/c9me00062c,ROYAL SOC CHEMISTRY,2019
12583,10.1039/c9me00176j,ROYAL SOC CHEMISTRY,2020
12584,10.1039/c9na00254e,ROYAL SOC CHEMISTRY,2019
12585,10.1039/c9na00350a,ROYAL SOC CHEMISTRY,2019
12586,10.1039/c9na00353c,ROYAL SOC CHEMISTRY,2019
12587,10.1039/c9nh00769e,ROYAL SOC CHEMISTRY,2020
12588,10.1039/c9nj00021f,ROYAL SOC CHEMISTRY,2019
12589,10.1039/c9nj00499h,ROYAL SOC CHEMISTRY,2019
12590,10.1039/c9nj00900k,ROYAL SOC CHEMISTRY,2019
12591,10.1039/c9nj00990f,ROYAL SOC CHEMISTRY,2019
12592,10.1039/c9nj02004g,ROYAL SOC CHEMISTRY,2019
12593,10.1039/c9nj02064k,ROYAL SOC CHEMISTRY,2019
12594,10.1039/c9nj02213a,ROYAL SOC CHEMISTRY,2019
12595,10.1039/c9nj02607j,ROYAL SOC CHEMISTRY,2019
12596,10.1039/c9nj02679g,ROYAL SOC CHEMISTRY,2019
12597,10.1039/c9nj02829c,ROYAL SOC CHEMISTRY,2019
12598,10.1039/c9nj03400e,ROYAL SOC CHEMISTRY,2019
12599,10.1039/c9nj04031e,ROYAL SOC CHEMISTRY,2019
12600,10.1039/c9nj04371c,ROYAL SOC CHEMISTRY,2019
12601,10.1039/c9nj04382a,ROYAL SOC CHEMISTRY,2019
12602,10.1039/c9nj04431k,ROYAL SOC CHEMISTRY,2020
12603,10.1039/c9nj04432a,ROYAL SOC CHEMISTRY,2019
12604,10.1039/c9nj04536h,ROYAL SOC CHEMISTRY,2019
12605,10.1039/c9nj04589a,ROYAL SOC CHEMISTRY,2020
12606,10.1039/c9nj04977k,ROYAL SOC CHEMISTRY,2020
12607,10.1039/c9nj05735h,ROYAL SOC CHEMISTRY,2020
12608,10.1039/c9nj05821d,ROYAL SOC CHEMISTRY,2020
12609,10.1039/c9nj05997k,ROYAL SOC CHEMISTRY,2020
12610,10.1039/c9nj06075h,ROYAL SOC CHEMISTRY,2020
12611,10.1039/c9nj06358g,ROYAL SOC CHEMISTRY,2020
12612,10.1039/c9nj06394c,ROYAL SOC CHEMISTRY,2020
12613,10.1039/c9nr01284b,ROYAL SOC CHEMISTRY,2019
12614,10.1039/c9nr06470b,ROYAL SOC CHEMISTRY,2020
12615,10.1039/c9nr07494e,ROYAL SOC CHEMISTRY,2019
12616,10.1039/c9nr10049k,ROYAL SOC CHEMISTRY,2020
12617,10.1039/c9ob00224c,ROYAL SOC CHEMISTRY,2019
12618,10.1039/c9qi00037b,ROYAL SOC CHEMISTRY,2019
12619,10.1039/c9qi00172g,ROYAL SOC CHEMISTRY,2019
12620,10.1039/c9qi00340a,ROYAL SOC CHEMISTRY,2019
12621,10.1039/c9qi00543a,ROYAL SOC CHEMISTRY,2019
12622,10.1039/c9qi01045a,ROYAL SOC CHEMISTRY,2020
12623,10.1039/c9qi01058k,ROYAL SOC CHEMISTRY,2020
12624,10.1039/c9qi01163c,ROYAL SOC CHEMISTRY,2019
12625,10.1039/c9qi01204d,ROYAL SOC CHEMISTRY,2020
12626,10.1039/c9qi01218d,ROYAL SOC CHEMISTRY,2020
12627,10.1039/c9qi01396b,ROYAL SOC CHEMISTRY,2020
12628,10.1039/c9qi01542f,ROYAL SOC CHEMISTRY,2020
12629,10.1039/c9qi01647c,ROYAL SOC CHEMISTRY,2020
12630,10.1039/c9qi01684h,ROYAL SOC CHEMISTRY,2020
12631,10.1039/c9qm00527g,ROYAL SOC CHEMISTRY,2020
12632,10.1039/c9ra00206e,ROYAL SOC CHEMISTRY,2019
12633,10.1039/c9ra01012b,ROYAL SOC CHEMISTRY,2019
12634,10.1039/c9ra01071h,ROYAL SOC CHEMISTRY,2019
12635,10.1039/c9ra01408j,ROYAL SOC CHEMISTRY,2019
12636,10.1039/c9ra01504c,ROYAL SOC CHEMISTRY,2019
12637,10.1039/c9ra02163a,ROYAL SOC CHEMISTRY,2019
12638,10.1039/c9ra03082d,ROYAL SOC CHEMISTRY,2019
12639,10.1039/c9ra03310f,ROYAL SOC CHEMISTRY,2019
12640,10.1039/c9ra03572a,ROYAL SOC CHEMISTRY,2019
12641,10.1039/c9ra04216d,ROYAL SOC CHEMISTRY,2019
12642,10.1039/c9ra05167h,ROYAL SOC CHEMISTRY,2019
12643,10.1039/c9ra06591a,ROYAL SOC CHEMISTRY,2019
12644,10.1039/c9ra06984d,ROYAL SOC CHEMISTRY,2020
12645,10.1039/c9ra07031a,ROYAL SOC CHEMISTRY,2019
12646,10.1039/c9ra07046j,ROYAL SOC CHEMISTRY,2019
12647,10.1039/c9ra07737e,ROYAL SOC CHEMISTRY,2019
12648,10.1039/c9ra08097j,ROYAL SOC CHEMISTRY,2019
12649,10.1039/c9ra08559a,ROYAL SOC CHEMISTRY,2019
12650,10.1039/c9ra08659e,ROYAL SOC CHEMISTRY,2019
12651,10.1039/c9ra09968a,ROYAL SOC CHEMISTRY,2020
12652,10.1039/c9ra10111j,ROYAL SOC CHEMISTRY,2020
12653,10.1039/c9ra10548d,ROYAL SOC CHEMISTRY,2020
12654,10.1039/c9ra10848c,ROYAL SOC CHEMISTRY,2020
12655,10.1039/c9sc00178f,ROYAL SOC CHEMISTRY,2019
12656,10.1039/c9sc01144g,ROYAL SOC CHEMISTRY,2019
12657,10.1039/c9sc01301f,ROYAL SOC CHEMISTRY,2019
12658,10.1039/c9sc01447k,ROYAL SOC CHEMISTRY,2019
12659,10.1039/c9sc02576f,ROYAL SOC CHEMISTRY,2019
12660,10.1039/c9sc03080h,ROYAL SOC CHEMISTRY,2019
12661,10.1039/c9sc03348c,ROYAL SOC CHEMISTRY,2019
12662,10.1039/c9sc03802g,ROYAL SOC CHEMISTRY,2019
12663,10.1039/c9sc03816g,ROYAL SOC CHEMISTRY,2019
12664,10.1039/c9sc04141a,ROYAL SOC CHEMISTRY,2020
12665,10.1039/c9sc04961d,ROYAL SOC CHEMISTRY,2020
12666,10.1039/c9sc05403k,ROYAL SOC CHEMISTRY,2020
12667,10.1039/c9sc05433b,ROYAL SOC CHEMISTRY,2020
12668,10.1039/c9sc06064b,ROYAL SOC CHEMISTRY,2020
12669,10.1039/c9sc06500h,ROYAL SOC CHEMISTRY,2020
12670,10.1039/c9ta00311h,ROYAL SOC CHEMISTRY,2019
12671,10.1039/c9ta00825j,ROYAL SOC CHEMISTRY,2019
12672,10.1039/c9ta00837c,ROYAL SOC CHEMISTRY,2019
12673,10.1039/c9ta02455g,ROYAL SOC CHEMISTRY,2019
12674,10.1039/c9ta03403j,ROYAL SOC CHEMISTRY,2019
12675,10.1039/c9ta03578h,ROYAL SOC CHEMISTRY,2019
12676,10.1039/c9ta04842a,ROYAL SOC CHEMISTRY,2019
12677,10.1039/c9ta05216j,ROYAL SOC CHEMISTRY,2019
12678,10.1039/c9ta05444h,ROYAL SOC CHEMISTRY,2019
12679,10.1039/c9ta06781g,ROYAL SOC CHEMISTRY,2019
12680,10.1039/c9ta06913e,ROYAL SOC CHEMISTRY,2020
12681,10.1039/c9ta09303f,ROYAL SOC CHEMISTRY,2020
12682,10.1039/c9ta10409g,ROYAL SOC CHEMISTRY,2020
12683,10.1039/c9ta10723a,ROYAL SOC CHEMISTRY,2019
12684,10.1039/c9ta12027k,ROYAL SOC CHEMISTRY,2020
12685,10.1039/c9ta13506e,ROYAL SOC CHEMISTRY,2020
12686,10.1039/c9tb01651a,ROYAL SOC CHEMISTRY,2019
12687,10.1039/c9tb01743g,ROYAL SOC CHEMISTRY,2019
12688,10.1039/c9tb02315a,ROYAL SOC CHEMISTRY,2020
12689,10.1039/c9tc00067d,ROYAL SOC CHEMISTRY,2019
12690,10.1039/c9tc03698a,ROYAL SOC CHEMISTRY,2019
12691,10.1039/c9tc07078h,ROYAL SOC CHEMISTRY,2020
12692,10.1039/d0an01566k,ROYAL SOC CHEMISTRY,2020
12693,10.1039/d0ay01457e,ROYAL SOC CHEMISTRY,2020
12694,10.1039/d0bm01328e,ROYAL SOC CHEMISTRY,2021
12695,10.1039/d0cc02741c,ROYAL SOC CHEMISTRY,2020
12696,10.1039/d0cc02841j,ROYAL SOC CHEMISTRY,2020
12697,10.1039/d0cc03196h,ROYAL SOC CHEMISTRY,2020
12698,10.1039/d0cc03266b,ROYAL SOC CHEMISTRY,2020
12699,10.1039/d0cc03734f,ROYAL SOC CHEMISTRY,2020
12700,10.1039/d0cc03772a,ROYAL SOC CHEMISTRY,2020
12701,10.1039/d0cc03910a,ROYAL SOC CHEMISTRY,2020
12702,10.1039/d0cc04283h,ROYAL SOC CHEMISTRY,2020
12703,10.1039/d0cc04543h,ROYAL SOC CHEMISTRY,2020
12704,10.1039/d0cc05339b,ROYAL SOC CHEMISTRY,2020
12705,10.1039/d0cc05451h,ROYAL SOC CHEMISTRY,2020
12706,10.1039/d0cc05637e,ROYAL SOC CHEMISTRY,2020
12707,10.1039/d0cc06277d,ROYAL SOC CHEMISTRY,2020
12708,10.1039/d0cc07091b,ROYAL SOC CHEMISTRY,2021
12709,10.1039/d0cc07631g,ROYAL SOC CHEMISTRY,2021
12710,10.1039/d0cc07974j,ROYAL SOC CHEMISTRY,2021
12711,10.1039/d0cc08234a,ROYAL SOC CHEMISTRY,2021
12712,10.1039/d0ce00077a,ROYAL SOC CHEMISTRY,2020
12713,10.1039/d0ce00140f,ROYAL SOC CHEMISTRY,2020
12714,10.1039/d0ce00155d,ROYAL SOC CHEMISTRY,2020
12715,10.1039/d0ce00175a,ROYAL SOC CHEMISTRY,2020
12716,10.1039/d0ce00177e,ROYAL SOC CHEMISTRY,2020
12717,10.1039/d0ce00262c,ROYAL SOC CHEMISTRY,2020
12718,10.1039/d0ce00370k,ROYAL SOC CHEMISTRY,2020
12719,10.1039/d0ce00490a,ROYAL SOC CHEMISTRY,2020
12720,10.1039/d0ce00700e,ROYAL SOC CHEMISTRY,2020
12721,10.1039/d0ce00895h,ROYAL SOC CHEMISTRY,2020
12722,10.1039/d0ce00930j,ROYAL SOC CHEMISTRY,2020
12723,10.1039/d0ce00947d,ROYAL SOC CHEMISTRY,2021
12724,10.1039/d0ce00950d,ROYAL SOC CHEMISTRY,2020
12725,10.1039/d0ce01054e,ROYAL SOC CHEMISTRY,2020
12726,10.1039/d0ce01061h,ROYAL SOC CHEMISTRY,2020
12727,10.1039/d0ce01178a,ROYAL SOC CHEMISTRY,2020
12728,10.1039/d0ce01197e,ROYAL SOC CHEMISTRY,2020
12729,10.1039/d0ce01223h,ROYAL SOC CHEMISTRY,2020
12730,10.1039/d0ce01239d,ROYAL SOC CHEMISTRY,2020
12731,10.1039/d0ce01240h,ROYAL SOC CHEMISTRY,2020
12732,10.1039/d0ce01245a,ROYAL SOC CHEMISTRY,2021
12733,10.1039/d0ce01363c,ROYAL SOC CHEMISTRY,2021
12734,10.1039/d0ce01375g,ROYAL SOC CHEMISTRY,2020
12735,10.1039/d0ce01383h,ROYAL SOC CHEMISTRY,2020
12736,10.1039/d0ce01395a,ROYAL SOC CHEMISTRY,2021
12737,10.1039/d0ce01448f,ROYAL SOC CHEMISTRY,2021
12738,10.1039/d0ce01507e,ROYAL SOC CHEMISTRY,2021
12739,10.1039/d0ce01581d,ROYAL SOC CHEMISTRY,2021
12740,10.1039/d0ce01619e,ROYAL SOC CHEMISTRY,2021
12741,10.1039/d0ce01620a,ROYAL SOC CHEMISTRY,2021
12742,10.1039/d0ce01630f,ROYAL SOC CHEMISTRY,2021
12743,10.1039/d0ce01649g,ROYAL SOC CHEMISTRY,2021
12744,10.1039/d0ce01651a,ROYAL SOC CHEMISTRY,2021
12745,10.1039/d0ce01666g,ROYAL SOC CHEMISTRY,2021
12746,10.1039/d0ce01751e,ROYAL SOC CHEMISTRY,2021
12747,10.1039/d0ce01840f,ROYAL SOC CHEMISTRY,2021
12748,10.1039/d0cp00287a,ROYAL SOC CHEMISTRY,2020
12749,10.1039/d0cp00629g,ROYAL SOC CHEMISTRY,2020
12750,10.1039/d0cp02731f,ROYAL SOC CHEMISTRY,2020
12751,10.1039/d0cp03900d,ROYAL SOC CHEMISTRY,2021
12752,10.1039/d0cp04068a,ROYAL SOC CHEMISTRY,2020
12753,10.1039/d0cy00235f,ROYAL SOC CHEMISTRY,2020
12754,10.1039/d0cy00823k,ROYAL SOC CHEMISTRY,2020
12755,10.1039/d0cy00974a,ROYAL SOC CHEMISTRY,2020
12756,10.1039/d0cy01061h,ROYAL SOC CHEMISTRY,2020
12757,10.1039/d0cy01946a,ROYAL SOC CHEMISTRY,2021
12758,10.1039/d0cy02275f,ROYAL SOC CHEMISTRY,2021
12759,10.1039/d0dt00145g,ROYAL SOC CHEMISTRY,2020
12760,10.1039/d0dt00211a,ROYAL SOC CHEMISTRY,2020
12761,10.1039/d0dt00387e,ROYAL SOC CHEMISTRY,2020
12762,10.1039/d0dt00546k,ROYAL SOC CHEMISTRY,2020
12763,10.1039/d0dt00870b,ROYAL SOC CHEMISTRY,2020
12764,10.1039/d0dt00933d,ROYAL SOC CHEMISTRY,2020
12765,10.1039/d0dt01044h,ROYAL SOC CHEMISTRY,2020
12766,10.1039/d0dt01149e,ROYAL SOC CHEMISTRY,2020
12767,10.1039/d0dt01175d,ROYAL SOC CHEMISTRY,2020
12768,10.1039/d0dt01222j,ROYAL SOC CHEMISTRY,2020
12769,10.1039/d0dt01240h,ROYAL SOC CHEMISTRY,2020
12770,10.1039/d0dt01312a,ROYAL SOC CHEMISTRY,2020
12771,10.1039/d0dt01470b,ROYAL SOC CHEMISTRY,2020
12772,10.1039/d0dt01558j,ROYAL SOC CHEMISTRY,2020
12773,10.1039/d0dt01648a,ROYAL SOC CHEMISTRY,2020
12774,10.1039/d0dt01730b,ROYAL SOC CHEMISTRY,2020
12775,10.1039/d0dt01890b,ROYAL SOC CHEMISTRY,2020
12776,10.1039/d0dt01939a,ROYAL SOC CHEMISTRY,2020
12777,10.1039/d0dt01955k,ROYAL SOC CHEMISTRY,2020
12778,10.1039/d0dt01996h,ROYAL SOC CHEMISTRY,2020
12779,10.1039/d0dt02041a,ROYAL SOC CHEMISTRY,2020
12780,10.1039/d0dt02233k,ROYAL SOC CHEMISTRY,2020
12781,10.1039/d0dt02270e,ROYAL SOC CHEMISTRY,2020
12782,10.1039/d0dt02411b,ROYAL SOC CHEMISTRY,2020
12783,10.1039/d0dt02437f,ROYAL SOC CHEMISTRY,2020
12784,10.1039/d0dt02450c,ROYAL SOC CHEMISTRY,2020
12785,10.1039/d0dt02455d,ROYAL SOC CHEMISTRY,2020
12786,10.1039/d0dt02576c,ROYAL SOC CHEMISTRY,2020
12787,10.1039/d0dt02642e,ROYAL SOC CHEMISTRY,2020
12788,10.1039/d0dt02802a,ROYAL SOC CHEMISTRY,2020
12789,10.1039/d0dt02856h,ROYAL SOC CHEMISTRY,2020
12790,10.1039/d0dt02949a,ROYAL SOC CHEMISTRY,2020
12791,10.1039/d0dt03012k,ROYAL SOC CHEMISTRY,2020
12792,10.1039/d0dt03031g,ROYAL SOC CHEMISTRY,2020
12793,10.1039/d0dt03069d,ROYAL SOC CHEMISTRY,2020
12794,10.1039/d0dt03259j,ROYAL SOC CHEMISTRY,2020
12795,10.1039/d0dt03325a,ROYAL SOC CHEMISTRY,2020
12796,10.1039/d0dt03353g,ROYAL SOC CHEMISTRY,2021
12797,10.1039/d0dt03707a,ROYAL SOC CHEMISTRY,2021
12798,10.1039/d0dt03747h,ROYAL SOC CHEMISTRY,2021
12799,10.1039/d0dt03817b,ROYAL SOC CHEMISTRY,2021
12800,10.1039/d0dt03824e,ROYAL SOC CHEMISTRY,2021
12801,10.1039/d0dt04190d,ROYAL SOC CHEMISTRY,2021
12802,10.1039/d0dt04341a,ROYAL SOC CHEMISTRY,2021
12803,10.1039/d0dt04361c,ROYAL SOC CHEMISTRY,2021
12804,10.1039/d0dt04382f,ROYAL SOC CHEMISTRY,2021
12805,10.1039/d0ee01340d,ROYAL SOC CHEMISTRY,2020
12806,10.1039/d0en01061h,ROYAL SOC CHEMISTRY,2021
12807,10.1039/d0fd00009d,ROYAL SOC CHEMISTRY,2021
12808,10.1039/d0fd00103a,ROYAL SOC CHEMISTRY,2021
12809,10.1039/d0gc00353k,ROYAL SOC CHEMISTRY,2020
12810,10.1039/d0gc00458h,ROYAL SOC CHEMISTRY,2020
12811,10.1039/d0gc00546k,ROYAL SOC CHEMISTRY,2020
12812,10.1039/d0gc00619j,ROYAL SOC CHEMISTRY,2020
12813,10.1039/d0gc02812f,ROYAL SOC CHEMISTRY,2020
12814,10.1039/d0gc02956d,ROYAL SOC CHEMISTRY,2020
12815,10.1039/d0gc03292a,ROYAL SOC CHEMISTRY,2021
12816,10.1039/d0gc03725g,ROYAL SOC CHEMISTRY,2021
12817,10.1039/d0nh00171f,ROYAL SOC CHEMISTRY,2020
12818,10.1039/d0nj00103a,ROYAL SOC CHEMISTRY,2020
12819,10.1039/d0nj00207k,ROYAL SOC CHEMISTRY,2020
12820,10.1039/d0nj00257g,ROYAL SOC CHEMISTRY,2020
12821,10.1039/d0nj00476f,ROYAL SOC CHEMISTRY,2020
12822,10.1039/d0nj00515k,ROYAL SOC CHEMISTRY,2020
12823,10.1039/d0nj01018a,ROYAL SOC CHEMISTRY,2020
12824,10.1039/d0nj01301c,ROYAL SOC CHEMISTRY,2020
12825,10.1039/d0nj01408g,ROYAL SOC CHEMISTRY,2020
12826,10.1039/d0nj01410a,ROYAL SOC CHEMISTRY,2020
12827,10.1039/d0nj01750g,ROYAL SOC CHEMISTRY,2020
12828,10.1039/d0nj01891k,ROYAL SOC CHEMISTRY,2020
12829,10.1039/d0nj02162h,ROYAL SOC CHEMISTRY,2020
12830,10.1039/d0nj02265a,ROYAL SOC CHEMISTRY,2020
12831,10.1039/d0nj02388d,ROYAL SOC CHEMISTRY,2020
12832,10.1039/d0nj02416c,ROYAL SOC CHEMISTRY,2020
12833,10.1039/d0nj02672g,ROYAL SOC CHEMISTRY,2020
12834,10.1039/d0nj02972f,ROYAL SOC CHEMISTRY,2020
12835,10.1039/d0nj03136d,ROYAL SOC CHEMISTRY,2020
12836,10.1039/d0nj03269g,ROYAL SOC CHEMISTRY,2020
12837,10.1039/d0nj03628e,ROYAL SOC CHEMISTRY,2020
12838,10.1039/d0nj03714a,ROYAL SOC CHEMISTRY,2020
12839,10.1039/d0nj04120c,ROYAL SOC CHEMISTRY,2020
12840,10.1039/d0nj04303f,ROYAL SOC CHEMISTRY,2020
12841,10.1039/d0nj05279e,ROYAL SOC CHEMISTRY,2021
12842,10.1039/d0nj05711h,ROYAL SOC CHEMISTRY,2021
12843,10.1039/d0nr02206c,ROYAL SOC CHEMISTRY,2020
12844,10.1039/d0nr02230f,ROYAL SOC CHEMISTRY,2020
12845,10.1039/d0nr04480f,ROYAL SOC CHEMISTRY,2020
12846,10.1039/d0nr04860g,ROYAL SOC CHEMISTRY,2020
12847,10.1039/d0nr07834d,ROYAL SOC CHEMISTRY,2021
12848,10.1039/d0qi00068j,ROYAL SOC CHEMISTRY,2020
12849,10.1039/d0qi00496k,ROYAL SOC CHEMISTRY,2020
12850,10.1039/d0qi00590h,ROYAL SOC CHEMISTRY,2020
12851,10.1039/d0qi00840k,ROYAL SOC CHEMISTRY,2020
12852,10.1039/d0qi01230k,ROYAL SOC CHEMISTRY,2021
12853,10.1039/d0qm00611d,ROYAL SOC CHEMISTRY,2021
12854,10.1039/d0qo01234c,ROYAL SOC CHEMISTRY,2021
12855,10.1039/d0ra01294g,ROYAL SOC CHEMISTRY,2020
12856,10.1039/d0ra01887b,ROYAL SOC CHEMISTRY,2020
12857,10.1039/d0ra01904f,ROYAL SOC CHEMISTRY,2020
12858,10.1039/d0ra02212h,ROYAL SOC CHEMISTRY,2020
12859,10.1039/d0ra03591b,ROYAL SOC CHEMISTRY,2020
12860,10.1039/d0ra04812g,ROYAL SOC CHEMISTRY,2020
12861,10.1039/d0ra05131d,ROYAL SOC CHEMISTRY,2020
12862,10.1039/d0ra05926a,ROYAL SOC CHEMISTRY,2020
12863,10.1039/d0ra06106a,ROYAL SOC CHEMISTRY,2020
12864,10.1039/d0ra06432g,ROYAL SOC CHEMISTRY,2020
12865,10.1039/d0ra06529c,ROYAL SOC CHEMISTRY,2020
12866,10.1039/d0ra06578a,ROYAL SOC CHEMISTRY,2020
12867,10.1039/d0ra06674e,ROYAL SOC CHEMISTRY,2021
12868,10.1039/d0ra06972h,ROYAL SOC CHEMISTRY,2020
12869,10.1039/d0ra07042d,ROYAL SOC CHEMISTRY,2020
12870,10.1039/d0ra07159e,ROYAL SOC CHEMISTRY,2020
12871,10.1039/d0ra07237k,ROYAL SOC CHEMISTRY,2020
12872,10.1039/d0ra09054a,ROYAL SOC CHEMISTRY,2021
12873,10.1039/d0ra09132d,ROYAL SOC CHEMISTRY,2020
12874,10.1039/d0ra09292d,ROYAL SOC CHEMISTRY,2021
12875,10.1039/d0ra09305j,ROYAL SOC CHEMISTRY,2020
12876,10.1039/d0ra09915e,ROYAL SOC CHEMISTRY,2021
12877,10.1039/d0ra09973b,ROYAL SOC CHEMISTRY,2021
12878,10.1039/d0ra10500g,ROYAL SOC CHEMISTRY,2021
12879,10.1039/d0ra10539b,ROYAL SOC CHEMISTRY,2021
12880,10.1039/d0sc00485e,ROYAL SOC CHEMISTRY,2020
12881,10.1039/d0sc01176b,ROYAL SOC CHEMISTRY,2020
12882,10.1039/d0sc01356k,ROYAL SOC CHEMISTRY,2020
12883,10.1039/d0sc01408g,ROYAL SOC CHEMISTRY,2020
12884,10.1039/d0sc01432j,ROYAL SOC CHEMISTRY,2020
12885,10.1039/d0sc01833c,ROYAL SOC CHEMISTRY,2020
12886,10.1039/d0sc01994a,ROYAL SOC CHEMISTRY,2020
12887,10.1039/d0sc02515a,ROYAL SOC CHEMISTRY,2020
12888,10.1039/d0sc03318a,ROYAL SOC CHEMISTRY,2020
12889,10.1039/d0sc03940c,ROYAL SOC CHEMISTRY,2021
12890,10.1039/d0sc04892e,ROYAL SOC CHEMISTRY,2021
12891,10.1039/d0sc04941g,ROYAL SOC CHEMISTRY,2020
12892,10.1039/d0sc05337f,ROYAL SOC CHEMISTRY,2021
12893,10.1039/d0sc06747d,ROYAL SOC CHEMISTRY,2021
12894,10.1039/d0ta00417k,ROYAL SOC CHEMISTRY,2020
12895,10.1039/d0ta01677b,ROYAL SOC CHEMISTRY,2020
12896,10.1039/d0ta02033h,ROYAL SOC CHEMISTRY,2020
12897,10.1039/d0ta04778c,ROYAL SOC CHEMISTRY,2020
12898,10.1039/d0ta04898d,ROYAL SOC CHEMISTRY,2021
12899,10.1039/d0ta04939e,ROYAL SOC CHEMISTRY,2020
12900,10.1039/d0ta07959f,ROYAL SOC CHEMISTRY,2021
12901,10.1039/d0ta08085c,ROYAL SOC CHEMISTRY,2020
12902,10.1039/d0ta10613e,ROYAL SOC CHEMISTRY,2021
12903,10.1039/d0ta11229a,ROYAL SOC CHEMISTRY,2021
12904,10.1039/d0ta12220c,ROYAL SOC CHEMISTRY,2021
12905,10.1039/d0tb00357c,ROYAL SOC CHEMISTRY,2020
12906,10.1039/d0tc00475h,ROYAL SOC CHEMISTRY,2020
12907,10.1039/d0tc00736f,ROYAL SOC CHEMISTRY,2020
12908,10.1039/d0tc00762e,ROYAL SOC CHEMISTRY,2020
12909,10.1039/d0tc02637a,ROYAL SOC CHEMISTRY,2020
12910,10.1039/d0tc04154h,ROYAL SOC CHEMISTRY,2020
12911,10.1039/d0tc05573e,ROYAL SOC CHEMISTRY,2021
12912,10.1039/d0tc06013e,ROYAL SOC CHEMISTRY,2021
12913,10.1039/d1ay00824b,ROYAL SOC CHEMISTRY,2021
12914,10.1039/d1bm00669j,ROYAL SOC CHEMISTRY,2021
12915,10.1039/d1bm01247a,ROYAL SOC CHEMISTRY,2021
12916,10.1039/d1bm01519b,ROYAL SOC CHEMISTRY,2022
12917,10.1039/d1cc00548k,ROYAL SOC CHEMISTRY,2021
12918,10.1039/d1cc00671a,ROYAL SOC CHEMISTRY,2021
12919,10.1039/d1cc00864a,ROYAL SOC CHEMISTRY,2021
12920,10.1039/d1cc01552d,ROYAL SOC CHEMISTRY,2021
12921,10.1039/d1cc01740c,ROYAL SOC CHEMISTRY,2021
12922,10.1039/d1cc01989a,ROYAL SOC CHEMISTRY,2021
12923,10.1039/d1cc02104d,ROYAL SOC CHEMISTRY,2021
12924,10.1039/d1cc02154k,ROYAL SOC CHEMISTRY,2021
12925,10.1039/d1cc02828f,ROYAL SOC CHEMISTRY,2021
12926,10.1039/d1cc03482k,ROYAL SOC CHEMISTRY,2021
12927,10.1039/d1cc03547a,ROYAL SOC CHEMISTRY,2021
12928,10.1039/d1cc04032d,ROYAL SOC CHEMISTRY,2021
12929,10.1039/d1cc04465f,ROYAL SOC CHEMISTRY,2021
12930,10.1039/d1cc05157a,ROYAL SOC CHEMISTRY,2021
12931,10.1039/d1cc05306j,ROYAL SOC CHEMISTRY,2021
12932,10.1039/d1cc06250f,ROYAL SOC CHEMISTRY,2022
12933,10.1039/d1cc06443f,ROYAL SOC CHEMISTRY,2022
12934,10.1039/d1ce00112d,ROYAL SOC CHEMISTRY,2021
12935,10.1039/d1ce00128k,ROYAL SOC CHEMISTRY,2021
12936,10.1039/d1ce00172h,ROYAL SOC CHEMISTRY,2021
12937,10.1039/d1ce00185j,ROYAL SOC CHEMISTRY,2021
12938,10.1039/d1ce00228g,ROYAL SOC CHEMISTRY,2021
12939,10.1039/d1ce00287b,ROYAL SOC CHEMISTRY,2021
12940,10.1039/d1ce00331c,ROYAL SOC CHEMISTRY,2021
12941,10.1039/d1ce00394a,ROYAL SOC CHEMISTRY,2021
12942,10.1039/d1ce00438g,ROYAL SOC CHEMISTRY,2021
12943,10.1039/d1ce00461a,ROYAL SOC CHEMISTRY,2021
12944,10.1039/d1ce00498k,ROYAL SOC CHEMISTRY,2021
12945,10.1039/d1ce00621e,ROYAL SOC CHEMISTRY,2021
12946,10.1039/d1ce00647a,ROYAL SOC CHEMISTRY,2021
12947,10.1039/d1ce00659b,ROYAL SOC CHEMISTRY,2021
12948,10.1039/d1ce00668a,ROYAL SOC CHEMISTRY,2021
12949,10.1039/d1ce00780g,ROYAL SOC CHEMISTRY,2021
12950,10.1039/d1ce00783a,ROYAL SOC CHEMISTRY,2021
12951,10.1039/d1ce00810b,ROYAL SOC CHEMISTRY,2021
12952,10.1039/d1ce00815c,ROYAL SOC CHEMISTRY,2021
12953,10.1039/d1ce00888a,ROYAL SOC CHEMISTRY,2021
12954,10.1039/d1ce00931a,ROYAL SOC CHEMISTRY,2021
12955,10.1039/d1ce01048d,ROYAL SOC CHEMISTRY,2021
12956,10.1039/d1ce01169c,ROYAL SOC CHEMISTRY,2021
12957,10.1039/d1ce01192h,ROYAL SOC CHEMISTRY,2021
12958,10.1039/d1ce01206a,ROYAL SOC CHEMISTRY,2021
12959,10.1039/d1ce01282g,ROYAL SOC CHEMISTRY,2021
12960,10.1039/d1ce01284c,ROYAL SOC CHEMISTRY,2022
12961,10.1039/d1ce01308d,ROYAL SOC CHEMISTRY,2021
12962,10.1039/d1ce01411k,ROYAL SOC CHEMISTRY,2022
12963,10.1039/d1ce01418h,ROYAL SOC CHEMISTRY,2022
12964,10.1039/d1ce01471d,ROYAL SOC CHEMISTRY,2022
12965,10.1039/d1ce01497h,ROYAL SOC CHEMISTRY,2022
12966,10.1039/d1ce01538a,ROYAL SOC CHEMISTRY,2022
12967,10.1039/d1ce01584b,ROYAL SOC CHEMISTRY,2022
12968,10.1039/d1ce01593a,ROYAL SOC CHEMISTRY,2022
12969,10.1039/d1ce01689j,ROYAL SOC CHEMISTRY,2022
12970,10.1039/d1cp03242a,ROYAL SOC CHEMISTRY,2021
12971,10.1039/d1cp04438a,ROYAL SOC CHEMISTRY,2022
12972,10.1039/d1cy00418b,ROYAL SOC CHEMISTRY,2021
12973,10.1039/d1cy00567g,ROYAL SOC CHEMISTRY,2021
12974,10.1039/d1cy01056e,ROYAL SOC CHEMISTRY,2021
12975,10.1039/d1cy01128f,ROYAL SOC CHEMISTRY,2021
12976,10.1039/d1cy01351c,ROYAL SOC CHEMISTRY,2022
12977,10.1039/d1cy01777b,ROYAL SOC CHEMISTRY,2022
12978,10.1039/d1cy01827b,ROYAL SOC CHEMISTRY,2022
12979,10.1039/d1dt00118c,ROYAL SOC CHEMISTRY,2021
12980,10.1039/d1dt00176k,ROYAL SOC CHEMISTRY,2021
12981,10.1039/d1dt00400j,ROYAL SOC CHEMISTRY,2021
12982,10.1039/d1dt00491c,ROYAL SOC CHEMISTRY,2021
12983,10.1039/d1dt00612f,ROYAL SOC CHEMISTRY,2021
12984,10.1039/d1dt00733e,ROYAL SOC CHEMISTRY,2021
12985,10.1039/d1dt00927c,ROYAL SOC CHEMISTRY,2021
12986,10.1039/d1dt00940k,ROYAL SOC CHEMISTRY,2021
12987,10.1039/d1dt01204e,ROYAL SOC CHEMISTRY,2021
12988,10.1039/d1dt01336j,ROYAL SOC CHEMISTRY,2021
12989,10.1039/d1dt01404h,ROYAL SOC CHEMISTRY,2021
12990,10.1039/d1dt01413g,ROYAL SOC CHEMISTRY,2021
12991,10.1039/d1dt01945g,ROYAL SOC CHEMISTRY,2021
12992,10.1039/d1dt01953h,ROYAL SOC CHEMISTRY,2021
12993,10.1039/d1dt02140k,ROYAL SOC CHEMISTRY,2021
12994,10.1039/d1dt02249k,ROYAL SOC CHEMISTRY,2021
12995,10.1039/d1dt02687a,ROYAL SOC CHEMISTRY,2021
12996,10.1039/d1dt02899e,ROYAL SOC CHEMISTRY,2021
12997,10.1039/d1dt03045k,ROYAL SOC CHEMISTRY,2021
12998,10.1039/d1dt03131g,ROYAL SOC CHEMISTRY,2021
12999,10.1039/d1dt03404a,ROYAL SOC CHEMISTRY,2022
13000,10.1039/d1dt03514b,ROYAL SOC CHEMISTRY,2021
13001,10.1039/d1dt03821d,ROYAL SOC CHEMISTRY,2022
13002,10.1039/d1dt04190h,ROYAL SOC CHEMISTRY,2022
13003,10.1039/d1dt04222j,ROYAL SOC CHEMISTRY,2022
13004,10.1039/d1dt04278e,ROYAL SOC CHEMISTRY,2022
13005,10.1039/d1dt04348j,ROYAL SOC CHEMISTRY,2022
13006,10.1039/d1en00032b,ROYAL SOC CHEMISTRY,2021
13007,10.1039/d1fd00014d,ROYAL SOC CHEMISTRY,2021
13008,10.1039/d1fd00016k,ROYAL SOC CHEMISTRY,2021
13009,10.1039/d1fd00033k,ROYAL SOC CHEMISTRY,2021
13010,10.1039/d1fd00037c,ROYAL SOC CHEMISTRY,2021
13011,10.1039/d1gc00775k,ROYAL SOC CHEMISTRY,2021
13012,10.1039/d1gc01047f,ROYAL SOC CHEMISTRY,2021
13013,10.1039/d1gc01312b,ROYAL SOC CHEMISTRY,2021
13014,10.1039/d1gc01677f,ROYAL SOC CHEMISTRY,2021
13015,10.1039/d1gc02824c,ROYAL SOC CHEMISTRY,2021
13016,10.1039/d1gc03061b,ROYAL SOC CHEMISTRY,2021
13017,10.1039/d1gc03715c,ROYAL SOC CHEMISTRY,2022
13018,10.1039/d1gc04778g,ROYAL SOC CHEMISTRY,2022
13019,10.1039/d1lc01086g,ROYAL SOC CHEMISTRY,2022
13020,10.1039/d1me00080b,ROYAL SOC CHEMISTRY,2022
13021,10.1039/d1me00093d,ROYAL SOC CHEMISTRY,2021
13022,10.1039/d1mh01663f,ROYAL SOC CHEMISTRY,2021
13023,10.1039/d1nj00544h,ROYAL SOC CHEMISTRY,2021
13024,10.1039/d1nj00601k,ROYAL SOC CHEMISTRY,2021
13025,10.1039/d1nj00808k,ROYAL SOC CHEMISTRY,2021
13026,10.1039/d1nj00861g,ROYAL SOC CHEMISTRY,2021
13027,10.1039/d1nj01059j,ROYAL SOC CHEMISTRY,2021
13028,10.1039/d1nj01363g,ROYAL SOC CHEMISTRY,2021
13029,10.1039/d1nj01540k,ROYAL SOC CHEMISTRY,2021
13030,10.1039/d1nj01913a,ROYAL SOC CHEMISTRY,2021
13031,10.1039/d1nj02140k,ROYAL SOC CHEMISTRY,2021
13032,10.1039/d1nj02416g,ROYAL SOC CHEMISTRY,2021
13033,10.1039/d1nj02590b,ROYAL SOC CHEMISTRY,2021
13034,10.1039/d1nj02827h,ROYAL SOC CHEMISTRY,2022
13035,10.1039/d1nj02841c,ROYAL SOC CHEMISTRY,2021
13036,10.1039/d1nj03002g,ROYAL SOC CHEMISTRY,2021
13037,10.1039/d1nj03105h,ROYAL SOC CHEMISTRY,2021
13038,10.1039/d1nj03176g,ROYAL SOC CHEMISTRY,2021
13039,10.1039/d1nj03703j,ROYAL SOC CHEMISTRY,2021
13040,10.1039/d1nj03738b,ROYAL SOC CHEMISTRY,2021
13041,10.1039/d1nj04435d,ROYAL SOC CHEMISTRY,2022
13042,10.1039/d1nj04601b,ROYAL SOC CHEMISTRY,2021
13043,10.1039/d1nj04828g,ROYAL SOC CHEMISTRY,2022
13044,10.1039/d1nj04982h,ROYAL SOC CHEMISTRY,2022
13045,10.1039/d1nj05048f,ROYAL SOC CHEMISTRY,2022
13046,10.1039/d1nj05135k,ROYAL SOC CHEMISTRY,2022
13047,10.1039/d1nj05284e,ROYAL SOC CHEMISTRY,2022
13048,10.1039/d1nj05333g,ROYAL SOC CHEMISTRY,2022
13049,10.1039/d1nj05358b,ROYAL SOC CHEMISTRY,2022
13050,10.1039/d1nj05561e,ROYAL SOC CHEMISTRY,2022
13051,10.1039/d1nj06090b,ROYAL SOC CHEMISTRY,2022
13052,10.1039/d1nr02108g,ROYAL SOC CHEMISTRY,2021
13053,10.1039/d1nr02164h,ROYAL SOC CHEMISTRY,2021
13054,10.1039/d1nr08305h,ROYAL SOC CHEMISTRY,2022
13055,10.1039/d1qi00104c,ROYAL SOC CHEMISTRY,2021
13056,10.1039/d1qi00198a,ROYAL SOC CHEMISTRY,2021
13057,10.1039/d1qi00759a,ROYAL SOC CHEMISTRY,2021
13058,10.1039/d1qi00795e,ROYAL SOC CHEMISTRY,2021
13059,10.1039/d1qi00997d,ROYAL SOC CHEMISTRY,2021
13060,10.1039/d1qi01014j,ROYAL SOC CHEMISTRY,2022
13061,10.1039/d1qi01333e,ROYAL SOC CHEMISTRY,2022
13062,10.1039/d1qi01451j,ROYAL SOC CHEMISTRY,2022
13063,10.1039/d1qi01538a,ROYAL SOC CHEMISTRY,2022
13064,10.1039/d1qi01562a,ROYAL SOC CHEMISTRY,2022
13065,10.1039/d1qi01600h,ROYAL SOC CHEMISTRY,2022
13066,10.1039/d1qi01610e,ROYAL SOC CHEMISTRY,2022
13067,10.1039/d1qm00024a,ROYAL SOC CHEMISTRY,2021
13068,10.1039/d1qm00211b,ROYAL SOC CHEMISTRY,2021
13069,10.1039/d1qm00904d,ROYAL SOC CHEMISTRY,2021
13070,10.1039/d1qm01512e,ROYAL SOC CHEMISTRY,2022
13071,10.1039/d1ra00181g,ROYAL SOC CHEMISTRY,2021
13072,10.1039/d1ra00734c,ROYAL SOC CHEMISTRY,2021
13073,10.1039/d1ra00942g,ROYAL SOC CHEMISTRY,2021
13074,10.1039/d1ra01027a,ROYAL SOC CHEMISTRY,2021
13075,10.1039/d1ra01151k,ROYAL SOC CHEMISTRY,2021
13076,10.1039/d1ra01703a,ROYAL SOC CHEMISTRY,2021
13077,10.1039/d1ra01742j,ROYAL SOC CHEMISTRY,2021
13078,10.1039/d1ra02025k,ROYAL SOC CHEMISTRY,2021
13079,10.1039/d1ra02357h,ROYAL SOC CHEMISTRY,2021
13080,10.1039/d1ra02903g,ROYAL SOC CHEMISTRY,2021
13081,10.1039/d1ra02938j,ROYAL SOC CHEMISTRY,2021
13082,10.1039/d1ra03346h,ROYAL SOC CHEMISTRY,2021
13083,10.1039/d1ra03943a,ROYAL SOC CHEMISTRY,2021
13084,10.1039/d1ra04591a,ROYAL SOC CHEMISTRY,2021
13085,10.1039/d1ra04801e,ROYAL SOC CHEMISTRY,2021
13086,10.1039/d1ra05349c,ROYAL SOC CHEMISTRY,2021
13087,10.1039/d1ra06509b,ROYAL SOC CHEMISTRY,2021
13088,10.1039/d1ra06592k,ROYAL SOC CHEMISTRY,2021
13089,10.1039/d1ra07363j,ROYAL SOC CHEMISTRY,2022
13090,10.1039/d1ra07848h,ROYAL SOC CHEMISTRY,2022
13091,10.1039/d1ra08088a,ROYAL SOC CHEMISTRY,2022
13092,10.1039/d1ra08407k,ROYAL SOC CHEMISTRY,2021
13093,10.1039/d1ra08523a,ROYAL SOC CHEMISTRY,2022
13094,10.1039/d1ra08710j,ROYAL SOC CHEMISTRY,2022
13095,10.1039/d1ra08950a,ROYAL SOC CHEMISTRY,2022
13096,10.1039/d1sc00607j,ROYAL SOC CHEMISTRY,2021
13097,10.1039/d1sc01827b,ROYAL SOC CHEMISTRY,2021
13098,10.1039/d1sc02833b,ROYAL SOC CHEMISTRY,2021
13099,10.1039/d1sc03665c,ROYAL SOC CHEMISTRY,2021
13100,10.1039/d1sc03962h,ROYAL SOC CHEMISTRY,2021
13101,10.1039/d1sc04779e,ROYAL SOC CHEMISTRY,2022
13102,10.1039/d1se01000j,ROYAL SOC CHEMISTRY,2021
13103,10.1039/d1se01513c,ROYAL SOC CHEMISTRY,2022
13104,10.1039/d1ta00149c,ROYAL SOC CHEMISTRY,2022
13105,10.1039/d1ta00159k,ROYAL SOC CHEMISTRY,2021
13106,10.1039/d1ta01278a,ROYAL SOC CHEMISTRY,2021
13107,10.1039/d1ta02251b,ROYAL SOC CHEMISTRY,2021
13108,10.1039/d1ta02275j,ROYAL SOC CHEMISTRY,2021
13109,10.1039/d1ta02814f,ROYAL SOC CHEMISTRY,2021
13110,10.1039/d1ta04009j,ROYAL SOC CHEMISTRY,2021
13111,10.1039/d1ta08705c,ROYAL SOC CHEMISTRY,2022
13112,10.1039/d1ta09463g,ROYAL SOC CHEMISTRY,2022
13113,10.1039/d1ta09467j,ROYAL SOC CHEMISTRY,2022
13114,10.1039/d1ta10385g,ROYAL SOC CHEMISTRY,2022
13115,10.1039/d1ta10522a,ROYAL SOC CHEMISTRY,2022
13116,10.1039/d1tb01120k,ROYAL SOC CHEMISTRY,2021
13117,10.1039/d1tb02176a,ROYAL SOC CHEMISTRY,2022
13118,10.1039/d1tb02339j,ROYAL SOC CHEMISTRY,2022
13119,10.1039/d1tb02596a,ROYAL SOC CHEMISTRY,2022
13120,10.1039/d1tc00407g,ROYAL SOC CHEMISTRY,2021
13121,10.1039/d1tc01104a,ROYAL SOC CHEMISTRY,2021
13122,10.1039/d1tc02190g,ROYAL SOC CHEMISTRY,2021
13123,10.1039/d1tc03683a,ROYAL SOC CHEMISTRY,2021
13124,10.1039/d1tc04239d,ROYAL SOC CHEMISTRY,2021
13125,10.1039/d1tc04867h,ROYAL SOC CHEMISTRY,2022
13126,10.1039/d2ay00934j,ROYAL SOC CHEMISTRY,2022
13127,10.1039/d2bm00752e,ROYAL SOC CHEMISTRY,2022
13128,10.1039/d2bm01295b,ROYAL SOC CHEMISTRY,2023
13129,10.1039/d2cc00177b,ROYAL SOC CHEMISTRY,2022
13130,10.1039/d2cc00213b,ROYAL SOC CHEMISTRY,2022
13131,10.1039/d2cc00846g,ROYAL SOC CHEMISTRY,2022
13132,10.1039/d2cc01139e,ROYAL SOC CHEMISTRY,2022
13133,10.1039/d2cc01914k,ROYAL SOC CHEMISTRY,2022
13134,10.1039/d2cc02314h,ROYAL SOC CHEMISTRY,2022
13135,10.1039/d2cc02639b,ROYAL SOC CHEMISTRY,2022
13136,10.1039/d2cc03285f,ROYAL SOC CHEMISTRY,2022
13137,10.1039/d2cc03575h,ROYAL SOC CHEMISTRY,2022
13138,10.1039/d2cc03661d,ROYAL SOC CHEMISTRY,2022
13139,10.1039/d2cc04054a,ROYAL SOC CHEMISTRY,2022
13140,10.1039/d2cc04985f,ROYAL SOC CHEMISTRY,2022
13141,10.1039/d2cc05149d,ROYAL SOC CHEMISTRY,2022
13142,10.1039/d2cc06945h,ROYAL SOC CHEMISTRY,2023
13143,10.1039/d2ce00026a,ROYAL SOC CHEMISTRY,2022
13144,10.1039/d2ce00047d,ROYAL SOC CHEMISTRY,2022
13145,10.1039/d2ce00061j,ROYAL SOC CHEMISTRY,2022
13146,10.1039/d2ce00088a,ROYAL SOC CHEMISTRY,2022
13147,10.1039/d2ce00133k,ROYAL SOC CHEMISTRY,2022
13148,10.1039/d2ce00139j,ROYAL SOC CHEMISTRY,2022
13149,10.1039/d2ce00163b,ROYAL SOC CHEMISTRY,2022
13150,10.1039/d2ce00268j,ROYAL SOC CHEMISTRY,2022
13151,10.1039/d2ce00468b,ROYAL SOC CHEMISTRY,2022
13152,10.1039/d2ce00553k,ROYAL SOC CHEMISTRY,2022
13153,10.1039/d2ce00590e,ROYAL SOC CHEMISTRY,2022
13154,10.1039/d2ce00626j,ROYAL SOC CHEMISTRY,2022
13155,10.1039/d2ce00711h,ROYAL SOC CHEMISTRY,2022
13156,10.1039/d2ce00722c,ROYAL SOC CHEMISTRY,2022
13157,10.1039/d2ce00745b,ROYAL SOC CHEMISTRY,2022
13158,10.1039/d2ce00803c,ROYAL SOC CHEMISTRY,2022
13159,10.1039/d2ce00884j,ROYAL SOC CHEMISTRY,2022
13160,10.1039/d2ce00897a,ROYAL SOC CHEMISTRY,2022
13161,10.1039/d2ce00921h,ROYAL SOC CHEMISTRY,2022
13162,10.1039/d2ce01085b,ROYAL SOC CHEMISTRY,2022
13163,10.1039/d2ce01105k,ROYAL SOC CHEMISTRY,2022
13164,10.1039/d2ce01146h,ROYAL SOC CHEMISTRY,2022
13165,10.1039/d2ce01327d,ROYAL SOC CHEMISTRY,2022
13166,10.1039/d2ce01496c,ROYAL SOC CHEMISTRY,2023
13167,10.1039/d2ce01529c,ROYAL SOC CHEMISTRY,2023
13168,10.1039/d2ce01652d,ROYAL SOC CHEMISTRY,2023
13169,10.1039/d2ce01684b,ROYAL SOC CHEMISTRY,2023
13170,10.1039/d2ce01686a,ROYAL SOC CHEMISTRY,2023
13171,10.1039/d2cp03746g,ROYAL SOC CHEMISTRY,2023
13172,10.1039/d2cp04375k,ROYAL SOC CHEMISTRY,2022
13173,10.1039/d2cy01126c,ROYAL SOC CHEMISTRY,2022
13174,10.1039/d2cy01147f,ROYAL SOC CHEMISTRY,2022
13175,10.1039/d2cy01231f,ROYAL SOC CHEMISTRY,2022
13176,10.1039/d2cy01778d,ROYAL SOC CHEMISTRY,2023
13177,10.1039/d2dt00067a,ROYAL SOC CHEMISTRY,2022
13178,10.1039/d2dt00089j,ROYAL SOC CHEMISTRY,2022
13179,10.1039/d2dt00389a,ROYAL SOC CHEMISTRY,2022
13180,10.1039/d2dt00616b,ROYAL SOC CHEMISTRY,2022
13181,10.1039/d2dt00714b,ROYAL SOC CHEMISTRY,2022
13182,10.1039/d2dt00816e,ROYAL SOC CHEMISTRY,2022
13183,10.1039/d2dt00976e,ROYAL SOC CHEMISTRY,2022
13184,10.1039/d2dt01032a,ROYAL SOC CHEMISTRY,2022
13185,10.1039/d2dt01035f,ROYAL SOC CHEMISTRY,2022
13186,10.1039/d2dt01117d,ROYAL SOC CHEMISTRY,2022
13187,10.1039/d2dt01239a,ROYAL SOC CHEMISTRY,2022
13188,10.1039/d2dt01283a,ROYAL SOC CHEMISTRY,2022
13189,10.1039/d2dt01695h,ROYAL SOC CHEMISTRY,2022
13190,10.1039/d2dt01790c,ROYAL SOC CHEMISTRY,2022
13191,10.1039/d2dt01924h,ROYAL SOC CHEMISTRY,2022
13192,10.1039/d2dt01976k,ROYAL SOC CHEMISTRY,2022
13193,10.1039/d2dt02098j,ROYAL SOC CHEMISTRY,2022
13194,10.1039/d2dt02155b,ROYAL SOC CHEMISTRY,2022
13195,10.1039/d2dt02260e,ROYAL SOC CHEMISTRY,2022
13196,10.1039/d2dt02290g,ROYAL SOC CHEMISTRY,2022
13197,10.1039/d2dt02340g,ROYAL SOC CHEMISTRY,2022
13198,10.1039/d2dt02421g,ROYAL SOC CHEMISTRY,2022
13199,10.1039/d2dt02792e,ROYAL SOC CHEMISTRY,2022
13200,10.1039/d2dt03006c,ROYAL SOC CHEMISTRY,2022
13201,10.1039/d2dt03216c,ROYAL SOC CHEMISTRY,2022
13202,10.1039/d2dt03230a,ROYAL SOC CHEMISTRY,2023
13203,10.1039/d2dt03401h,ROYAL SOC CHEMISTRY,2023
13204,10.1039/d2dt03446h,ROYAL SOC CHEMISTRY,2023
13205,10.1039/d2dt03462j,ROYAL SOC CHEMISTRY,2022
13206,10.1039/d2dt03644d,ROYAL SOC CHEMISTRY,2023
13207,10.1039/d2dt04106e,ROYAL SOC CHEMISTRY,2023
13208,10.1039/d2dt04168e,ROYAL SOC CHEMISTRY,2023
13209,10.1039/d2ee02322a,ROYAL SOC CHEMISTRY,2022
13210,10.1039/d2en00809b,ROYAL SOC CHEMISTRY,2022
13211,10.1039/d2fd00093h,ROYAL SOC CHEMISTRY,2023
13212,10.1039/d2gc00208f,ROYAL SOC CHEMISTRY,2022
13213,10.1039/d2gc02306g,ROYAL SOC CHEMISTRY,2022
13214,10.1039/d2gc04285a,ROYAL SOC CHEMISTRY,2023
13215,10.1039/d2me00163b,ROYAL SOC CHEMISTRY,2022
13216,10.1039/d2me00280a,ROYAL SOC CHEMISTRY,2023
13217,10.1039/d2mh00914e,ROYAL SOC CHEMISTRY,2023
13218,10.1039/d2na00510g,ROYAL SOC CHEMISTRY,2022
13219,10.1039/d2na00767c,ROYAL SOC CHEMISTRY,2023
13220,10.1039/d2nj00134a,ROYAL SOC CHEMISTRY,2022
13221,10.1039/d2nj00225f,ROYAL SOC CHEMISTRY,2022
13222,10.1039/d2nj00251e,ROYAL SOC CHEMISTRY,2022
13223,10.1039/d2nj00308b,ROYAL SOC CHEMISTRY,2022
13224,10.1039/d2nj00358a,ROYAL SOC CHEMISTRY,2022
13225,10.1039/d2nj00416j,ROYAL SOC CHEMISTRY,2022
13226,10.1039/d2nj00457g,ROYAL SOC CHEMISTRY,2022
13227,10.1039/d2nj00674j,ROYAL SOC CHEMISTRY,2022
13228,10.1039/d2nj00945e,ROYAL SOC CHEMISTRY,2022
13229,10.1039/d2nj01490d,ROYAL SOC CHEMISTRY,2022
13230,10.1039/d2nj01981g,ROYAL SOC CHEMISTRY,2022
13231,10.1039/d2nj02746a,ROYAL SOC CHEMISTRY,2022
13232,10.1039/d2nj02981b,ROYAL SOC CHEMISTRY,2022
13233,10.1039/d2nj03340b,ROYAL SOC CHEMISTRY,2022
13234,10.1039/d2nj03472g,ROYAL SOC CHEMISTRY,2022
13235,10.1039/d2nj03640a,ROYAL SOC CHEMISTRY,2022
13236,10.1039/d2nj03746g,ROYAL SOC CHEMISTRY,2022
13237,10.1039/d2nj03889g,ROYAL SOC CHEMISTRY,2022
13238,10.1039/d2nj04116b,ROYAL SOC CHEMISTRY,2023
13239,10.1039/d2nj04415c,ROYAL SOC CHEMISTRY,2023
13240,10.1039/d2nj04518d,ROYAL SOC CHEMISTRY,2022
13241,10.1039/d2nj05100a,ROYAL SOC CHEMISTRY,2023
13242,10.1039/d2nj05689e,ROYAL SOC CHEMISTRY,2023
13243,10.1039/d2nj05751d,ROYAL SOC CHEMISTRY,2023
13244,10.1039/d2nj05826j,ROYAL SOC CHEMISTRY,2023
13245,10.1039/d2nj06032a,ROYAL SOC CHEMISTRY,2023
13246,10.1039/d2nr00040g,ROYAL SOC CHEMISTRY,2022
13247,10.1039/d2nr01827f,ROYAL SOC CHEMISTRY,2022
13248,10.1039/d2nr02501a,ROYAL SOC CHEMISTRY,2022
13249,10.1039/d2nr03602a,ROYAL SOC CHEMISTRY,2022
13250,10.1039/d2nr05229f,ROYAL SOC CHEMISTRY,2022
13251,10.1039/d2nr06521e,ROYAL SOC CHEMISTRY,2023
13252,10.1039/d2nr06729c,ROYAL SOC CHEMISTRY,2023
13253,10.1039/d2qi00093h,ROYAL SOC CHEMISTRY,2022
13254,10.1039/d2qi00206j,ROYAL SOC CHEMISTRY,2022
13255,10.1039/d2qi00214k,ROYAL SOC CHEMISTRY,2022
13256,10.1039/d2qi00404f,ROYAL SOC CHEMISTRY,2022
13257,10.1039/d2qi00799a,ROYAL SOC CHEMISTRY,2022
13258,10.1039/d2qi00835a,ROYAL SOC CHEMISTRY,2022
13259,10.1039/d2qi00853j,ROYAL SOC CHEMISTRY,2022
13260,10.1039/d2qi01108e,ROYAL SOC CHEMISTRY,2022
13261,10.1039/d2qi01152b,ROYAL SOC CHEMISTRY,2022
13262,10.1039/d2qi01180h,ROYAL SOC CHEMISTRY,2022
13263,10.1039/d2qi01198k,ROYAL SOC CHEMISTRY,2022
13264,10.1039/d2qi01337a,ROYAL SOC CHEMISTRY,2022
13265,10.1039/d2qi01459a,ROYAL SOC CHEMISTRY,2023
13266,10.1039/d2qi01738e,ROYAL SOC CHEMISTRY,2022
13267,10.1039/d2qi01763f,ROYAL SOC CHEMISTRY,2022
13268,10.1039/d2qi01894b,ROYAL SOC CHEMISTRY,2022
13269,10.1039/d2qi01922a,ROYAL SOC CHEMISTRY,2022
13270,10.1039/d2qi01949c,ROYAL SOC CHEMISTRY,2022
13271,10.1039/d2qi02599j,ROYAL SOC CHEMISTRY,2023
13272,10.1039/d2qi02639b,ROYAL SOC CHEMISTRY,2023
13273,10.1039/d2qm00839d,ROYAL SOC CHEMISTRY,2022
13274,10.1039/d2qm01039a,ROYAL SOC CHEMISTRY,2023
13275,10.1039/d2qo01257j,ROYAL SOC CHEMISTRY,2022
13276,10.1039/d2ra00746k,ROYAL SOC CHEMISTRY,2022
13277,10.1039/d2ra01159j,ROYAL SOC CHEMISTRY,2022
13278,10.1039/d2ra01759h,ROYAL SOC CHEMISTRY,2022
13279,10.1039/d2ra02680e,ROYAL SOC CHEMISTRY,2022
13280,10.1039/d2ra02773a,ROYAL SOC CHEMISTRY,2022
13281,10.1039/d2ra03131k,ROYAL SOC CHEMISTRY,2022
13282,10.1039/d2ra03747e,ROYAL SOC CHEMISTRY,2022
13283,10.1039/d2ra04031j,ROYAL SOC CHEMISTRY,2022
13284,10.1039/d2ra05655k,ROYAL SOC CHEMISTRY,2022
13285,10.1039/d2ra05878b,ROYAL SOC CHEMISTRY,2022
13286,10.1039/d2ra06034e,ROYAL SOC CHEMISTRY,2022
13287,10.1039/d2ra07077d,ROYAL SOC CHEMISTRY,2022
13288,10.1039/d2ra08016h,ROYAL SOC CHEMISTRY,2023
13289,10.1039/d2ra08040k,ROYAL SOC CHEMISTRY,2023
13290,10.1039/d2ra08312d,ROYAL SOC CHEMISTRY,2023
13291,10.1039/d2ra08347g,ROYAL SOC CHEMISTRY,2023
13292,10.1039/d2re00290f,ROYAL SOC CHEMISTRY,2022
13293,10.1039/d2sc00526c,ROYAL SOC CHEMISTRY,2022
13294,10.1039/d2sc01254e,ROYAL SOC CHEMISTRY,2022
13295,10.1039/d2sc01596j,ROYAL SOC CHEMISTRY,2022
13296,10.1039/d2sc02267b,ROYAL SOC CHEMISTRY,2022
13297,10.1039/d2sc03489a,ROYAL SOC CHEMISTRY,2022
13298,10.1039/d2sc03793a,ROYAL SOC CHEMISTRY,2023
13299,10.1039/d2sc04783g,ROYAL SOC CHEMISTRY,2022
13300,10.1039/d2sc05161c,ROYAL SOC CHEMISTRY,2023
13301,10.1039/d2sc06085j,ROYAL SOC CHEMISTRY,2023
13302,10.1039/d2sc06869a,ROYAL SOC CHEMISTRY,2023
13303,10.1039/d2se00374k,ROYAL SOC CHEMISTRY,2022
13304,10.1039/d2se00408a,ROYAL SOC CHEMISTRY,2022
13305,10.1039/d2se01152b,ROYAL SOC CHEMISTRY,2022
13306,10.1039/d2sm00749e,ROYAL SOC CHEMISTRY,2022
13307,10.1039/d2ta00226d,ROYAL SOC CHEMISTRY,2022
13308,10.1039/d2ta00503d,ROYAL SOC CHEMISTRY,2022
13309,10.1039/d2ta00603k,ROYAL SOC CHEMISTRY,2022
13310,10.1039/d2ta01925f,ROYAL SOC CHEMISTRY,2022
13311,10.1039/d2ta02070j,ROYAL SOC CHEMISTRY,2022
13312,10.1039/d2ta02074b,ROYAL SOC CHEMISTRY,2022
13313,10.1039/d2ta02708a,ROYAL SOC CHEMISTRY,2022
13314,10.1039/d2ta02948k,ROYAL SOC CHEMISTRY,2022
13315,10.1039/d2ta02962f,ROYAL SOC CHEMISTRY,2022
13316,10.1039/d2ta03216c,ROYAL SOC CHEMISTRY,2022
13317,10.1039/d2ta03524c,ROYAL SOC CHEMISTRY,2022
13318,10.1039/d2ta04164b,ROYAL SOC CHEMISTRY,2022
13319,10.1039/d2ta06652a,ROYAL SOC CHEMISTRY,2022
13320,10.1039/d2ta06741b,ROYAL SOC CHEMISTRY,2022
13321,10.1039/d2ta07042a,ROYAL SOC CHEMISTRY,2022
13322,10.1039/d2ta07219j,ROYAL SOC CHEMISTRY,2022
13323,10.1039/d2ta08092c,ROYAL SOC CHEMISTRY,2023
13324,10.1039/d2ta08921a,ROYAL SOC CHEMISTRY,2023
13325,10.1039/d2ta08934c,ROYAL SOC CHEMISTRY,2023
13326,10.1039/d2ta09376f,ROYAL SOC CHEMISTRY,2023
13327,10.1039/d2ta09932b,ROYAL SOC CHEMISTRY,2023
13328,10.1039/d2ta09963b,ROYAL SOC CHEMISTRY,2023
13329,10.1039/d2tc00022a,ROYAL SOC CHEMISTRY,2022
13330,10.1039/d2tc00475e,ROYAL SOC CHEMISTRY,2022
13331,10.1039/d2tc00920j,ROYAL SOC CHEMISTRY,2022
13332,10.1039/d2tc01587k,ROYAL SOC CHEMISTRY,2022
13333,10.1039/d2tc02494b,ROYAL SOC CHEMISTRY,2022
13334,10.1039/d2tc02947b,ROYAL SOC CHEMISTRY,2022
13335,10.1039/d2tc03020a,ROYAL SOC CHEMISTRY,2022
13336,10.1039/d2tc03819f,ROYAL SOC CHEMISTRY,2022
13337,10.1039/d2tc04460a,ROYAL SOC CHEMISTRY,2022
13338,10.1039/d2tc04879e,ROYAL SOC CHEMISTRY,2023
13339,10.1039/d3cc01685d,ROYAL SOC CHEMISTRY,2023
13340,10.1039/d3cc01831h,ROYAL SOC CHEMISTRY,2023
13341,10.1039/d3cc05087d,ROYAL SOC CHEMISTRY,2024
13342,10.1039/d3ce00022b,ROYAL SOC CHEMISTRY,2023
13343,10.1039/d3ce00039g,ROYAL SOC CHEMISTRY,2023
13344,10.1039/d3ce00068k,ROYAL SOC CHEMISTRY,2023
13345,10.1039/d3ce00106g,ROYAL SOC CHEMISTRY,2023
13346,10.1039/d3ce00138e,ROYAL SOC CHEMISTRY,2023
13347,10.1039/d3ce00166k,ROYAL SOC CHEMISTRY,2023
13348,10.1039/d3ce00179b,ROYAL SOC CHEMISTRY,2023
13349,10.1039/d3ce00228d,ROYAL SOC CHEMISTRY,2023
13350,10.1039/d3ce00358b,ROYAL SOC CHEMISTRY,2023
13351,10.1039/d3ce00678f,ROYAL SOC CHEMISTRY,2023
13352,10.1039/d3ce00778b,ROYAL SOC CHEMISTRY,2023
13353,10.1039/d3ce00784g,ROYAL SOC CHEMISTRY,2023
13354,10.1039/d3ce00865g,ROYAL SOC CHEMISTRY,2023
13355,10.1039/d3ce00878a,ROYAL SOC CHEMISTRY,2023
13356,10.1039/d3ce00881a,ROYAL SOC CHEMISTRY,2023
13357,10.1039/d3ce01001e,ROYAL SOC CHEMISTRY,2023
13358,10.1039/d3ce01034a,ROYAL SOC CHEMISTRY,2024
13359,10.1039/d3ce01058a,ROYAL SOC CHEMISTRY,2023
13360,10.1039/d3ce01060k,ROYAL SOC CHEMISTRY,2023
13361,10.1039/d3ce01096a,ROYAL SOC CHEMISTRY,2024
13362,10.1039/d3ce01097j,ROYAL SOC CHEMISTRY,2023
13363,10.1039/d3ce01146a,ROYAL SOC CHEMISTRY,2024
13364,10.1039/d3ce01174g,ROYAL SOC CHEMISTRY,2024
13365,10.1039/d3ce01285a,ROYAL SOC CHEMISTRY,2024
13366,10.1039/d3cp01004j,ROYAL SOC CHEMISTRY,2023
13367,10.1039/d3cp01063e,ROYAL SOC CHEMISTRY,2023
13368,10.1039/d3cp01593a,ROYAL SOC CHEMISTRY,2023
13369,10.1039/d3cp02601a,ROYAL SOC CHEMISTRY,2023
13370,10.1039/d3cp02970k,ROYAL SOC CHEMISTRY,2023
13371,10.1039/d3cy01105d,ROYAL SOC CHEMISTRY,2023
13372,10.1039/d3cy01244a,ROYAL SOC CHEMISTRY,2023
13373,10.1039/d3cy01396k,ROYAL SOC CHEMISTRY,2024
13374,10.1039/d3cy01709e,ROYAL SOC CHEMISTRY,2024
13375,10.1039/d3dt00058c,ROYAL SOC CHEMISTRY,2023
13376,10.1039/d3dt00367a,ROYAL SOC CHEMISTRY,2023
13377,10.1039/d3dt00380a,ROYAL SOC CHEMISTRY,2023
13378,10.1039/d3dt00389b,ROYAL SOC CHEMISTRY,2023
13379,10.1039/d3dt00422h,ROYAL SOC CHEMISTRY,2023
13380,10.1039/d3dt00660c,ROYAL SOC CHEMISTRY,2023
13381,10.1039/d3dt00812f,ROYAL SOC CHEMISTRY,2023
13382,10.1039/d3dt00890h,ROYAL SOC CHEMISTRY,2023
13383,10.1039/d3dt00915g,ROYAL SOC CHEMISTRY,2023
13384,10.1039/d3dt01087b,ROYAL SOC CHEMISTRY,2023
13385,10.1039/d3dt01109g,ROYAL SOC CHEMISTRY,2023
13386,10.1039/d3dt01785k,ROYAL SOC CHEMISTRY,2023
13387,10.1039/d3dt01846f,ROYAL SOC CHEMISTRY,2023
13388,10.1039/d3dt01975f,ROYAL SOC CHEMISTRY,2023
13389,10.1039/d3dt01984e,ROYAL SOC CHEMISTRY,2023
13390,10.1039/d3dt02236f,ROYAL SOC CHEMISTRY,2023
13391,10.1039/d3dt02423g,ROYAL SOC CHEMISTRY,2023
13392,10.1039/d3dt02620e,ROYAL SOC CHEMISTRY,2023
13393,10.1039/d3dt02681g,ROYAL SOC CHEMISTRY,2023
13394,10.1039/d3dt02768f,ROYAL SOC CHEMISTRY,2023
13395,10.1039/d3dt02822d,ROYAL SOC CHEMISTRY,2024
13396,10.1039/d3dt03058j,ROYAL SOC CHEMISTRY,2024
13397,10.1039/d3dt03096b,ROYAL SOC CHEMISTRY,2024
13398,10.1039/d3dt03218c,ROYAL SOC CHEMISTRY,2023
13399,10.1039/d3dt03654e,ROYAL SOC CHEMISTRY,2024
13400,10.1039/d3dt03867j,ROYAL SOC CHEMISTRY,2024
13401,10.1039/d3dt03939k,ROYAL SOC CHEMISTRY,2024
13402,10.1039/d3dt04338j,ROYAL SOC CHEMISTRY,2024
13403,10.1039/d3gc02521g,ROYAL SOC CHEMISTRY,2023
13404,10.1039/d3gc02774k,ROYAL SOC CHEMISTRY,2023
13405,10.1039/d3gc04697d,ROYAL SOC CHEMISTRY,2024
13406,10.1039/d3me00047h,ROYAL SOC CHEMISTRY,2023
13407,10.1039/d3me00145h,ROYAL SOC CHEMISTRY,2024
13408,10.1039/d3mh01396k,ROYAL SOC CHEMISTRY,2023
13409,10.1039/d3mh01921g,ROYAL SOC CHEMISTRY,2024
13410,10.1039/d3na00805c,ROYAL SOC CHEMISTRY,2023
13411,10.1039/d3nj00066d,ROYAL SOC CHEMISTRY,2023
13412,10.1039/d3nj00160a,ROYAL SOC CHEMISTRY,2023
13413,10.1039/d3nj00610g,ROYAL SOC CHEMISTRY,2023
13414,10.1039/d3nj01358h,ROYAL SOC CHEMISTRY,2023
13415,10.1039/d3nj01395b,ROYAL SOC CHEMISTRY,2023
13416,10.1039/d3nj02728g,ROYAL SOC CHEMISTRY,2023
13417,10.1039/d3nj02770h,ROYAL SOC CHEMISTRY,2023
13418,10.1039/d3nj03410k,ROYAL SOC CHEMISTRY,2023
13419,10.1039/d3nj03643j,ROYAL SOC CHEMISTRY,2023
13420,10.1039/d3nj03663d,ROYAL SOC CHEMISTRY,2023
13421,10.1039/d3nj03772j,ROYAL SOC CHEMISTRY,2023
13422,10.1039/d3nj03914e,ROYAL SOC CHEMISTRY,2023
13423,10.1039/d3nj04256a,ROYAL SOC CHEMISTRY,2024
13424,10.1039/d3nj04302a,ROYAL SOC CHEMISTRY,2023
13425,10.1039/d3nj04569b,ROYAL SOC CHEMISTRY,2024
13426,10.1039/d3nj04709a,ROYAL SOC CHEMISTRY,2024
13427,10.1039/d3nj05008d,ROYAL SOC CHEMISTRY,2024
13428,10.1039/d3nj05251f,ROYAL SOC CHEMISTRY,2024
13429,10.1039/d3nj05260e,ROYAL SOC CHEMISTRY,2024
13430,10.1039/d3nj05262a,ROYAL SOC CHEMISTRY,2024
13431,10.1039/d3nj05650c,ROYAL SOC CHEMISTRY,2024
13432,10.1039/d3nr01994b,ROYAL SOC CHEMISTRY,2023
13433,10.1039/d3qi00018d,ROYAL SOC CHEMISTRY,2023
13434,10.1039/d3qi00102d,ROYAL SOC CHEMISTRY,2023
13435,10.1039/d3qi00217a,ROYAL SOC CHEMISTRY,2023
13436,10.1039/d3qi00251a,ROYAL SOC CHEMISTRY,2023
13437,10.1039/d3qi00391d,ROYAL SOC CHEMISTRY,2023
13438,10.1039/d3qi00731f,ROYAL SOC CHEMISTRY,2023
13439,10.1039/d3qi01120h,ROYAL SOC CHEMISTRY,2023
13440,10.1039/d3qi01567j,ROYAL SOC CHEMISTRY,2023
13441,10.1039/d3qi01941a,ROYAL SOC CHEMISTRY,2023
13442,10.1039/d3qi02482b,ROYAL SOC CHEMISTRY,2024
13443,10.1039/d3qi02527f,ROYAL SOC CHEMISTRY,2024
13444,10.1039/d3qo01690k,ROYAL SOC CHEMISTRY,2024
13445,10.1039/d3ra00004d,ROYAL SOC CHEMISTRY,2023
13446,10.1039/d3ra01020a,ROYAL SOC CHEMISTRY,2023
13447,10.1039/d3ra01164j,ROYAL SOC CHEMISTRY,2023
13448,10.1039/d3ra01175e,ROYAL SOC CHEMISTRY,2023
13449,10.1039/d3ra01571h,ROYAL SOC CHEMISTRY,2023
13450,10.1039/d3ra01788e,ROYAL SOC CHEMISTRY,2023
13451,10.1039/d3ra03438k,ROYAL SOC CHEMISTRY,2023
13452,10.1039/d3ra06749a,ROYAL SOC CHEMISTRY,2023
13453,10.1039/d3ra07120k,ROYAL SOC CHEMISTRY,2024
13454,10.1039/d3ra08873a,ROYAL SOC CHEMISTRY,2024
13455,10.1039/d3re00387f,ROYAL SOC CHEMISTRY,2023
13456,10.1039/d3re00492a,ROYAL SOC CHEMISTRY,2024
13457,10.1039/d3sc01550e,ROYAL SOC CHEMISTRY,2023
13458,10.1039/d3sc02257a,ROYAL SOC CHEMISTRY,2023
13459,10.1039/d3sc02622a,ROYAL SOC CHEMISTRY,2023
13460,10.1039/d3sc03089j,ROYAL SOC CHEMISTRY,2023
13461,10.1039/d3sc03659f,ROYAL SOC CHEMISTRY,2023
13462,10.1039/d3sc04171a,ROYAL SOC CHEMISTRY,2024
13463,10.1039/d3sc04218a,ROYAL SOC CHEMISTRY,2023
13464,10.1039/d3sc06140j,ROYAL SOC CHEMISTRY,2024
13465,10.1039/d3sc06734c,ROYAL SOC CHEMISTRY,2024
13466,10.1039/d3se00277b,ROYAL SOC CHEMISTRY,2023
13467,10.1039/d3sm01100c,ROYAL SOC CHEMISTRY,2023
13468,10.1039/d3sm01658g,ROYAL SOC CHEMISTRY,2024
13469,10.1039/d3ta00044c,ROYAL SOC CHEMISTRY,2023
13470,10.1039/d3ta01233f,ROYAL SOC CHEMISTRY,2023
13471,10.1039/d3ta01574b,ROYAL SOC CHEMISTRY,2023
13472,10.1039/d3ta01927f,ROYAL SOC CHEMISTRY,2023
13473,10.1039/d3ta01930f,ROYAL SOC CHEMISTRY,2023
13474,10.1039/d3ta02229c,ROYAL SOC CHEMISTRY,2023
13475,10.1039/d3ta03852a,ROYAL SOC CHEMISTRY,2023
13476,10.1039/d3ta04490d,ROYAL SOC CHEMISTRY,2023
13477,10.1039/d3ta04553f,ROYAL SOC CHEMISTRY,2023
13478,10.1039/d3ta04647h,ROYAL SOC CHEMISTRY,2023
13479,10.1039/d3ta05219b,ROYAL SOC CHEMISTRY,2023
13480,10.1039/d3ta05228a,ROYAL SOC CHEMISTRY,2023
13481,10.1039/d3ta05235d,ROYAL SOC CHEMISTRY,2023
13482,10.1039/d3ta05299k,ROYAL SOC CHEMISTRY,2023
13483,10.1039/d3ta05397k,ROYAL SOC CHEMISTRY,2024
13484,10.1039/d3ta06529d,ROYAL SOC CHEMISTRY,2024
13485,10.1039/d3ta06704a,ROYAL SOC CHEMISTRY,2024
13486,10.1039/d3ta06719j,ROYAL SOC CHEMISTRY,2024
13487,10.1039/d3ta07024g,ROYAL SOC CHEMISTRY,2024
13488,10.1039/d3ta07163d,ROYAL SOC CHEMISTRY,2024
13489,10.1039/d3ta07616d,ROYAL SOC CHEMISTRY,2024
13490,10.1039/d3ta07946e,ROYAL SOC CHEMISTRY,2024
13491,10.1039/d3tb00126a,ROYAL SOC CHEMISTRY,2023
13492,10.1039/d3tb01819a,ROYAL SOC CHEMISTRY,2023
13493,10.1039/d3tc01879b,ROYAL SOC CHEMISTRY,2023
13494,10.1039/d3tc02088f,ROYAL SOC CHEMISTRY,2023
13495,10.1039/d3tc02778c,ROYAL SOC CHEMISTRY,2023
13496,10.1039/d3tc03775d,ROYAL SOC CHEMISTRY,2024
13497,10.1039/d3tc04175a,ROYAL SOC CHEMISTRY,2024
13498,10.1039/d3tc04365g,ROYAL SOC CHEMISTRY,2024
13499,10.1039/d3tc04492k,ROYAL SOC CHEMISTRY,2024
13500,10.1039/d4cc00775a,ROYAL SOC CHEMISTRY,2024
13501,10.1039/d4cc01629g,ROYAL SOC CHEMISTRY,2024
13502,10.1039/d4cc01706d,ROYAL SOC CHEMISTRY,2024
13503,10.1039/d4cc01985g,ROYAL SOC CHEMISTRY,2024
13504,10.1039/d4cc02063d,ROYAL SOC CHEMISTRY,2024
13505,10.1039/d4cc02088j,ROYAL SOC CHEMISTRY,2024
13506,10.1039/d4cc02433h,ROYAL SOC CHEMISTRY,2024
13507,10.1039/d4cc03138e,ROYAL SOC CHEMISTRY,2024
13508,10.1039/d4cc03453h,ROYAL SOC CHEMISTRY,2024
13509,10.1039/d4cc03456b,ROYAL SOC CHEMISTRY,2024
13510,10.1039/d4cc05516k,ROYAL SOC CHEMISTRY,2025
13511,10.1039/d4cc06570k,ROYAL SOC CHEMISTRY,2025
13512,10.1039/d4cc06812b,ROYAL SOC CHEMISTRY,2025
13513,10.1039/d4ce00008k,ROYAL SOC CHEMISTRY,2024
13514,10.1039/d4ce00041b,ROYAL SOC CHEMISTRY,2024
13515,10.1039/d4ce00096j,ROYAL SOC CHEMISTRY,2024
13516,10.1039/d4ce00168k,ROYAL SOC CHEMISTRY,2024
13517,10.1039/d4ce00332b,ROYAL SOC CHEMISTRY,2024
13518,10.1039/d4ce00399c,ROYAL SOC CHEMISTRY,2024
13519,10.1039/d4ce00455h,ROYAL SOC CHEMISTRY,2024
13520,10.1039/d4ce00466c,ROYAL SOC CHEMISTRY,2024
13521,10.1039/d4ce00592a,ROYAL SOC CHEMISTRY,2024
13522,10.1039/d4ce00621f,ROYAL SOC CHEMISTRY,2024
13523,10.1039/d4ce00691g,ROYAL SOC CHEMISTRY,2024
13524,10.1039/d4ce00723a,ROYAL SOC CHEMISTRY,2024
13525,10.1039/d4ce00905c,ROYAL SOC CHEMISTRY,2024
13526,10.1039/d4ce00935e,ROYAL SOC CHEMISTRY,2024
13527,10.1039/d4ce01006j,ROYAL SOC CHEMISTRY,2024
13528,10.1039/d4ce01050g,ROYAL SOC CHEMISTRY,2024
13529,10.1039/d4ce01187b,ROYAL SOC CHEMISTRY,2025
13530,10.1039/d4cp01979b,ROYAL SOC CHEMISTRY,2024
13531,10.1039/d4cp02422b,ROYAL SOC CHEMISTRY,2024
13532,10.1039/d4cy00218k,ROYAL SOC CHEMISTRY,2024
13533,10.1039/d4cy00618f,ROYAL SOC CHEMISTRY,2024
13534,10.1039/d4cy00892h,ROYAL SOC CHEMISTRY,2024
13535,10.1039/d4cy00969j,ROYAL SOC CHEMISTRY,2024
13536,10.1039/d4dt00209a,ROYAL SOC CHEMISTRY,2024
13537,10.1039/d4dt00372a,ROYAL SOC CHEMISTRY,2024
13538,10.1039/d4dt00626g,ROYAL SOC CHEMISTRY,2024
13539,10.1039/d4dt00880d,ROYAL SOC CHEMISTRY,2024
13540,10.1039/d4dt00894d,ROYAL SOC CHEMISTRY,2024
13541,10.1039/d4dt00986j,ROYAL SOC CHEMISTRY,2024
13542,10.1039/d4dt01100g,ROYAL SOC CHEMISTRY,2024
13543,10.1039/d4dt01150c,ROYAL SOC CHEMISTRY,2024
13544,10.1039/d4dt01251h,ROYAL SOC CHEMISTRY,2024
13545,10.1039/d4dt01554a,ROYAL SOC CHEMISTRY,2024
13546,10.1039/d4dt01667j,ROYAL SOC CHEMISTRY,2024
13547,10.1039/d4dt01671h,ROYAL SOC CHEMISTRY,2024
13548,10.1039/d4dt01701c,ROYAL SOC CHEMISTRY,2024
13549,10.1039/d4dt01729c,ROYAL SOC CHEMISTRY,2024
13550,10.1039/d4dt02143f,ROYAL SOC CHEMISTRY,2024
13551,10.1039/d4dt02609h,ROYAL SOC CHEMISTRY,2024
13552,10.1039/d4dt02645d,ROYAL SOC CHEMISTRY,2024
13553,10.1039/d4dt02943g,ROYAL SOC CHEMISTRY,2025
13554,10.1039/d4dt03382e,ROYAL SOC CHEMISTRY,2025
13555,10.1039/d4en00066h,ROYAL SOC CHEMISTRY,2024
13556,10.1039/d4gc00569d,ROYAL SOC CHEMISTRY,2024
13557,10.1039/d4gc00865k,ROYAL SOC CHEMISTRY,2024
13558,10.1039/d4gc01350f,ROYAL SOC CHEMISTRY,2024
13559,10.1039/d4gc02189d,ROYAL SOC CHEMISTRY,2024
13560,10.1039/d4gc03302g,ROYAL SOC CHEMISTRY,2024
13561,10.1039/d4gc06360k,ROYAL SOC CHEMISTRY,2025
13562,10.1039/d4na00151f,ROYAL SOC CHEMISTRY,2024
13563,10.1039/d4na00643g,ROYAL SOC CHEMISTRY,2025
13564,10.1039/d4na00907j,ROYAL SOC CHEMISTRY,2025
13565,10.1039/d4na01055h,ROYAL SOC CHEMISTRY,2025
13566,10.1039/d4nj00076e,ROYAL SOC CHEMISTRY,2024
13567,10.1039/d4nj00285g,ROYAL SOC CHEMISTRY,2024
13568,10.1039/d4nj01197j,ROYAL SOC CHEMISTRY,2024
13569,10.1039/d4nj01335b,ROYAL SOC CHEMISTRY,2024
13570,10.1039/d4nj01567c,ROYAL SOC CHEMISTRY,2024
13571,10.1039/d4nj01657b,ROYAL SOC CHEMISTRY,2024
13572,10.1039/d4nj02641a,ROYAL SOC CHEMISTRY,2024
13573,10.1039/d4nj03197k,ROYAL SOC CHEMISTRY,2024
13574,10.1039/d4nj04487h,ROYAL SOC CHEMISTRY,2025
13575,10.1039/d4nj04561k,ROYAL SOC CHEMISTRY,2025
13576,10.1039/d4nj04856c,ROYAL SOC CHEMISTRY,2025
13577,10.1039/d4nj05056h,ROYAL SOC CHEMISTRY,2025
13578,10.1039/d4nj05061d,ROYAL SOC CHEMISTRY,2025
13579,10.1039/d4nj05286b,ROYAL SOC CHEMISTRY,2025
13580,10.1039/d4nr02857k,ROYAL SOC CHEMISTRY,2024
13581,10.1039/d4nr03070b,ROYAL SOC CHEMISTRY,2024
13582,10.1039/d4ob00744a,ROYAL SOC CHEMISTRY,2024
13583,10.1039/d4qi00113c,ROYAL SOC CHEMISTRY,2024
13584,10.1039/d4qi00436a,ROYAL SOC CHEMISTRY,2024
13585,10.1039/d4qi00692e,ROYAL SOC CHEMISTRY,2024
13586,10.1039/d4qi00968a,ROYAL SOC CHEMISTRY,2024
13587,10.1039/d4qi00975d,ROYAL SOC CHEMISTRY,2024
13588,10.1039/d4qi01043d,ROYAL SOC CHEMISTRY,2024
13589,10.1039/d4qi01105h,ROYAL SOC CHEMISTRY,2024
13590,10.1039/d4qi01273a,ROYAL SOC CHEMISTRY,2024
13591,10.1039/d4qi01366b,ROYAL SOC CHEMISTRY,2024
13592,10.1039/d4qi01368a,ROYAL SOC CHEMISTRY,2024
13593,10.1039/d4qi01463d,ROYAL SOC CHEMISTRY,2024
13594,10.1039/d4qi02324b,ROYAL SOC CHEMISTRY,2024
13595,10.1039/d4qi03110e,ROYAL SOC CHEMISTRY,2025
13596,10.1039/d4ra00493k,ROYAL SOC CHEMISTRY,2024
13597,10.1039/d4ra00500g,ROYAL SOC CHEMISTRY,2024
13598,10.1039/d4ra00914b,ROYAL SOC CHEMISTRY,2024
13599,10.1039/d4ra01163e,ROYAL SOC CHEMISTRY,2024
13600,10.1039/d4ra01846j,ROYAL SOC CHEMISTRY,2024
13601,10.1039/d4ra02099e,ROYAL SOC CHEMISTRY,2024
13602,10.1039/d4ra03468f,ROYAL SOC CHEMISTRY,2024
13603,10.1039/d4ra03539a,ROYAL SOC CHEMISTRY,2024
13604,10.1039/d4ra03830d,ROYAL SOC CHEMISTRY,2024
13605,10.1039/d4ra04637d,ROYAL SOC CHEMISTRY,2024
13606,10.1039/d4ra07458k,ROYAL SOC CHEMISTRY,2025
13607,10.1039/d4ra07521h,ROYAL SOC CHEMISTRY,2025
13608,10.1039/d4ra08614g,ROYAL SOC CHEMISTRY,2025
13609,10.1039/d4sc01918k,ROYAL SOC CHEMISTRY,2024
13610,10.1039/d4sc03524k,ROYAL SOC CHEMISTRY,2024
13611,10.1039/d4sc03973d,ROYAL SOC CHEMISTRY,2024
13612,10.1039/d4sc04105d,ROYAL SOC CHEMISTRY,2024
13613,10.1039/d4sc04589k,ROYAL SOC CHEMISTRY,2024
13614,10.1039/d4sc04619f,ROYAL SOC CHEMISTRY,2024
13615,10.1039/d4sc05558f,ROYAL SOC CHEMISTRY,2025
13616,10.1039/d4sc06528j,ROYAL SOC CHEMISTRY,2025
13617,10.1039/d4sc07025a,ROYAL SOC CHEMISTRY,2025
13618,10.1039/d4sc07959k,ROYAL SOC CHEMISTRY,2025
13619,10.1039/d4sc07985j,ROYAL SOC CHEMISTRY,2025
13620,10.1039/d4ta00491d,ROYAL SOC CHEMISTRY,2024
13621,10.1039/d4ta00507d,ROYAL SOC CHEMISTRY,2024
13622,10.1039/d4ta01298d,ROYAL SOC CHEMISTRY,2024
13623,10.1039/d4ta01716a,ROYAL SOC CHEMISTRY,2024
13624,10.1039/d4ta02068e,ROYAL SOC CHEMISTRY,2024
13625,10.1039/d4ta03126a,ROYAL SOC CHEMISTRY,2024
13626,10.1039/d4ta03374d,ROYAL SOC CHEMISTRY,2024
13627,10.1039/d4ta05318d,ROYAL SOC CHEMISTRY,2024
13628,10.1039/d4ta05554c,ROYAL SOC CHEMISTRY,2024
13629,10.1039/d4ta06814a,ROYAL SOC CHEMISTRY,2024
13630,10.1039/d4ta06869f,ROYAL SOC CHEMISTRY,2025
13631,10.1039/d4ta07509a,ROYAL SOC CHEMISTRY,2025
13632,10.1039/d4ta07808j,ROYAL SOC CHEMISTRY,2025
13633,10.1039/d4ta08472a,ROYAL SOC CHEMISTRY,2025
13634,10.1039/d4tb00329b,ROYAL SOC CHEMISTRY,2024
13635,10.1039/d4tb01206b,ROYAL SOC CHEMISTRY,2024
13636,10.1039/d4tb01303d,ROYAL SOC CHEMISTRY,2025
13637,10.1039/d4tb01944j,ROYAL SOC CHEMISTRY,2024
13638,10.1039/d4tc00862f,ROYAL SOC CHEMISTRY,2024
13639,10.1039/d4tc01957a,ROYAL SOC CHEMISTRY,2024
13640,10.1039/d4tc02806f,ROYAL SOC CHEMISTRY,2024
13641,10.1039/d4tc03221g,ROYAL SOC CHEMISTRY,2025
13642,10.1039/d4tc03444a,ROYAL SOC CHEMISTRY,2025
13643,10.1039/d4tc04758c,ROYAL SOC CHEMISTRY,2025
13644,10.1039/d5ce00161g,ROYAL SOC CHEMISTRY,2025
13645,10.1039/d5ce00247h,ROYAL SOC CHEMISTRY,2025
13646,10.1039/d5ce00304k,ROYAL SOC CHEMISTRY,2025
13647,10.1039/d5dt00284b,ROYAL SOC CHEMISTRY,2025
13648,10.1039/d5dt00459d,ROYAL SOC CHEMISTRY,2025
13649,10.1039/d5dt00801h,ROYAL SOC CHEMISTRY,2025
13650,10.1039/d5dt00825e,ROYAL SOC CHEMISTRY,2025
13651,10.1039/d5gc01029b,ROYAL SOC CHEMISTRY,2025
13652,10.1039/d5gc01697e,ROYAL SOC CHEMISTRY,2025
13653,10.1039/d5na00087d,ROYAL SOC CHEMISTRY,2025
13654,10.1039/d5nj00024f,ROYAL SOC CHEMISTRY,2025
13655,10.1039/d5nj02067k,ROYAL SOC CHEMISTRY,2025
13656,10.1039/d5qi00261c,ROYAL SOC CHEMISTRY,2025
13657,10.1039/d5ra00355e,ROYAL SOC CHEMISTRY,2025
13658,10.1039/d5ra00392j,ROYAL SOC CHEMISTRY,2025
13659,10.1039/d5ra00509d,ROYAL SOC CHEMISTRY,2025
13660,10.1039/d5ra01942g,ROYAL SOC CHEMISTRY,2025
13661,10.1039/d5ra02661j,ROYAL SOC CHEMISTRY,2025
13662,10.1039/d5ra02959g,ROYAL SOC CHEMISTRY,2025
13663,10.1039/d5re00061k,ROYAL SOC CHEMISTRY,2025
13664,10.1039/d5sc02585k,ROYAL SOC CHEMISTRY,2025
13665,10.1039/d5ta00974j,ROYAL SOC CHEMISTRY,2025
13666,10.1039/d5ta01362c,ROYAL SOC CHEMISTRY,2025
13667,10.1107/S1600536809030177,WILEY-BLACKWELL,2009
13668,10.1107/S160053680904269X,WILEY-BLACKWELL,2009
13669,10.1107/S2053229614022256,WILEY-BLACKWELL,2014
13670,10.1107/S2053229615012115,WILEY-BLACKWELL,2015
13671,10.1107/S2053273314019573,WILEY-BLACKWELL,2015
13672,10.1111/j.1551-2916.2010.03824.x,WILEY,2010
13673,10.1111/jace.18672,WILEY,2022
13674,10.1134/S0020168515020181,MAIK NAUKA/INTERPERIODICA/SPRINGER,2015
13675,10.1134/S0036023609080208,MAIK NAUKA/INTERPERIODICA/SPRINGER,2009
13676,10.1134/S0036023611100159,MAIK NAUKA/INTERPERIODICA/SPRINGER,2011
13677,10.1134/S0036023612070133,MAIK NAUKA/INTERPERIODICA/SPRINGER,2012
13678,10.1134/S0036023613130032,MAIK NAUKA/INTERPERIODICA/SPRINGER,2013
13679,10.1134/S0036023622602872,MAIK NAUKA/INTERPERIODICA/SPRINGER,2023
13680,10.1134/S0036023622700097,MAIK NAUKA/INTERPERIODICA/SPRINGER,2022
13681,10.1134/S0036023623600946,MAIK NAUKA/INTERPERIODICA/SPRINGER,2023
13682,10.1134/S0036023624600060,MAIK NAUKA/INTERPERIODICA/SPRINGER,2024
13683,10.1134/S0036023624601119,MAIK NAUKA/INTERPERIODICA/SPRINGER,2024
13684,10.1134/S0036024415110084,MAIK NAUKA/INTERPERIODICA/SPRINGER,2015
13685,10.1134/S0036024417070160,MAIK NAUKA/INTERPERIODICA/SPRINGER,2017
13686,10.1134/S0965544110030011,MAIK NAUKA/INTERPERIODICA/SPRINGER,2010
13687,10.1134/S0965544123060257,MAIK NAUKA/INTERPERIODICA/SPRINGER,2023
13688,10.1134/S1063774516050072,MAIK NAUKA/INTERPERIODICA/SPRINGER,2016
13689,10.1134/S1063774517070161,MAIK NAUKA/INTERPERIODICA/SPRINGER,2017
13690,10.1134/S1068162023020036,MAIK NAUKA/INTERPERIODICA/SPRINGER,2023
13691,10.1134/S1070328409120100,MAIK NAUKA/INTERPERIODICA/SPRINGER,2009
13692,10.1134/S1070328410060059,MAIK NAUKA/INTERPERIODICA/SPRINGER,2010
13693,10.1134/S1070328411020035,MAIK NAUKA/INTERPERIODICA/SPRINGER,2011
13694,10.1134/S1070328411020047,MAIK NAUKA/INTERPERIODICA/SPRINGER,2011
13695,10.1134/S1070328411030031,MAIK NAUKA/INTERPERIODICA/SPRINGER,2011
13696,10.1134/S1070328411060121,MAIK NAUKA/INTERPERIODICA/SPRINGER,2011
13697,10.1134/S1070328411120116,MAIK NAUKA/INTERPERIODICA/SPRINGER,2012
13698,10.1134/S107032841202008X,MAIK NAUKA/INTERPERIODICA/SPRINGER,2012
13699,10.1134/S107032841206005X,MAIK NAUKA/INTERPERIODICA/SPRINGER,2012
13700,10.1134/S1070328413030056,MAIK NAUKA/INTERPERIODICA/SPRINGER,2013
13701,10.1134/S107032841306002X,MAIK NAUKA/INTERPERIODICA/SPRINGER,2013
13702,10.1134/S1070328414110086,MAIK NAUKA/INTERPERIODICA/SPRINGER,2014
13703,10.1134/S1070328414120082,MAIK NAUKA/INTERPERIODICA/SPRINGER,2014
13704,10.1134/S1070328415050036,MAIK NAUKA/INTERPERIODICA/SPRINGER,2015
13705,10.1134/S1070328415060068,MAIK NAUKA/INTERPERIODICA/SPRINGER,2015
13706,10.1134/S1070328415060081,MAIK NAUKA/INTERPERIODICA/SPRINGER,2015
13707,10.1134/S107032841510005X,MAIK NAUKA/INTERPERIODICA/SPRINGER,2015
13708,10.1134/S1070328416020020,MAIK NAUKA/INTERPERIODICA/SPRINGER,2016
13709,10.1134/S1070328416080054,MAIK NAUKA/INTERPERIODICA/SPRINGER,2016
13710,10.1134/S1070328416110051,MAIK NAUKA/INTERPERIODICA/SPRINGER,2016
13711,10.1134/S1070328417040091,MAIK NAUKA/INTERPERIODICA/SPRINGER,2017
13712,10.1134/S1070328417050013,MAIK NAUKA/INTERPERIODICA/SPRINGER,2017
13713,10.1134/S1070328417060033,MAIK NAUKA/INTERPERIODICA/SPRINGER,2017
13714,10.1134/S1070328417070065,MAIK NAUKA/INTERPERIODICA/SPRINGER,2017
13715,10.1134/S1070328417100086,MAIK NAUKA/INTERPERIODICA/SPRINGER,2017
13716,10.1134/S1070328417110100,MAIK NAUKA/INTERPERIODICA/SPRINGER,2017
13717,10.1134/S1070363207040354,MAIK NAUKA/INTERPERIODICA/SPRINGER,2007
13718,10.1134/S1070363215070075,MAIK NAUKA/INTERPERIODICA/SPRINGER,2015
13719,10.1134/S1070428016120022,MAIK NAUKA/INTERPERIODICA/SPRINGER,2016
13720,10.1155/2021/3138436,WILEY,2021
13721,10.1186/s11671-016-1529-z,SPRINGEROPEN,2016
13722,10.1186/s11671-016-1798-6,SPRINGEROPEN,2017
13723,10.1186/s11671-017-2376-2,SPRINGER,2017
13724,10.1186/s11671-023-03883-9,SPRINGER,2023
13725,10.1186/s11671-024-04152-z,SPRINGER,2024
13726,10.1186/s13065-018-0446-x,SPRINGEROPEN,2018
13727,10.1186/s13065-022-00821-1,BMC,2022
13728,10.1186/s13065-022-00886-y,BMC,2022
13729,10.14102/j.cnki.0254-5861.2011-1030,ELSEVIER,2016
13730,10.14102/j.cnki.0254-5861.2011-1379,ELSEVIER,2017
13731,10.14102/j.cnki.0254-5861.2011-1513,ELSEVIER,2017
13732,10.14102/j.cnki.0254-5861.2011-1518,ELSEVIER,2017
13733,10.14102/j.cnki.0254-5861.2011-1689,ELSEVIER,2018
13734,10.14102/j.cnki.0254-5861.2011-1735,ELSEVIER,2017
13735,10.14102/j.cnki.0254-5861.2011-1786,ELSEVIER,2018
13736,10.14102/j.cnki.0254-5861.2011-2103,ELSEVIER,2019
13737,10.14102/j.cnki.0254-5861.2011-2220,ELSEVIER,2019
13738,10.14102/j.cnki.0254-5861.2011-2763,ELSEVIER,2021
13739,10.14102/j.cnki.0254-5861.2011-2793,ELSEVIER,2021
13740,10.14102/j.cnki.0254-5861.2011-2794,ELSEVIER,2021
13741,10.14102/j.cnki.0254-5861.2011-2796,ELSEVIER,2021
13742,10.14102/j.cnki.0254-5861.2011-2852,ELSEVIER,2021
13743,10.14102/j.cnki.0254-5861.2011-2857,ELSEVIER,2021
13744,10.14102/j.cnki.0254-5861.2011-2877,ELSEVIER,2021
13745,10.14102/j.cnki.0254-5861.2011-3022,ELSEVIER,2020
13746,10.14102/j.cnki.0254-5861.2011-3052,ELSEVIER,2021
13747,10.14102/j.cnki.0254-5861.2011-3303,ELSEVIER,2022
13748,10.14102/j.cnki.0254-5861.2021-0013,ELSEVIER,2022
13749,10.14102/j.cnki.0254-5861.2022-0127,ELSEVIER,2022
13750,10.1557/mrs.2020.271,SPRINGER HEIDELBERG,2020
13751,10.1557/s43577-022-00320-7,SPRINGER HEIDELBERG,2022
13752,10.1557/S43578-021-00466-1,SPRINGER HEIDELBERG,2022
13753,10.1557/s43578-022-00644-9,SPRINGER HEIDELBERG,2022
13754,10.1557/s43578-022-00772-2,SPRINGER HEIDELBERG,2023
13755,10.1557/s43578-024-01315-7,SPRINGER HEIDELBERG,2024
13756,10.1557/s43579-022-00170-z,SPRINGER HEIDELBERG,2022
13757,10.1557/s43579-023-00456-w,SPRINGER HEIDELBERG,2023
13758,10.5012/bkcs.2009.30.12.2921,WILEY-V C H VERLAG GMBH,2009
13759,10.5012/bkcs.2010.31.6.1489,WILEY-V C H VERLAG GMBH,2010
13760,10.5012/bkcs.2011.32.3.1017,WILEY-V C H VERLAG GMBH,2011
13761,10.5012/bkcs.2011.32.8.2544,WILEY-V C H VERLAG GMBH,2011
13762,10.5012/bkcs.2012.33.11.3777,WILEY-V C H VERLAG GMBH,2012
13763,10.5012/bkcs.2012.33.11.3793,WILEY-V C H VERLAG GMBH,2012
13764,10.5012/bkcs.2012.33.4.1259,WILEY-V C H VERLAG GMBH,2012
13765,10.5012/bkcs.2012.33.5.1581,WILEY-V C H VERLAG GMBH,2012
13766,10.5012/bkcs.2012.33.6.1929,WILEY-V C H VERLAG GMBH,2012
13767,10.5012/bkcs.2012.33.8.2603,WILEY-V C H VERLAG GMBH,2012
13768,10.5012/bkcs.2012.33.9.2917,WILEY-V C H VERLAG GMBH,2012
13769,10.5012/bkcs.2013.34.6.1625,WILEY-V C H VERLAG GMBH,2013
13770,10.5012/bkcs.2013.34.7.2138,WILEY-V C H VERLAG GMBH,2013
13771,10.5012/bkcs.2013.34.8.2375,WILEY-V C H VERLAG GMBH,2013
13772,10.5012/bkcs.2014.35.4.1177,WILEY-V C H VERLAG GMBH,2014
13773,10.5012/bkcs.2014.35.5.1495,WILEY-V C H VERLAG GMBH,2014
13774,10.5012/bkcs.2014.35.6.1659,WILEY-V C H VERLAG GMBH,2014
