feature,raw_value,value,detailed_value,rule,consolidation_rule,normalized_text,review_reason,positive_records,negative_records
agitation,static,No stirring,Static / no stirring,explicit_static_or_no_stirring,shorten_agitation_label,static,,6446,6531
agitation,,Not reported,Not reported,missing,,,,3864,3987
agitation,stirred,Stirred; stage not reported,Stirred; stage not reported,method_without_reaction_stage_evidence,,stirred,,1582,1416
agitation,"stirred 30 min, then static",Stirred before static synthesis,Stirred before static synthesis,stirring_and_explicit_static_stage,,"stirred 30 min, then static",,155,201
agitation,"stirred 30 min at RT, then static",Stirred before static synthesis,Stirred before static synthesis,stirring_and_explicit_static_stage,,"stirred 30 min at rt, then static",,30,138
agitation,"stirred 10 min, then static",Stirred before static synthesis,Stirred before static synthesis,stirring_and_explicit_static_stage,,"stirred 10 min, then static",,74,90
agitation,stirred 40 min then static,Stirred before static synthesis,Stirred before static synthesis,stirring_and_explicit_static_stage,,stirred 40 min then static,,7,132
agitation,stirred then static,Stirred before static synthesis,Stirred before static synthesis,stirring_and_explicit_static_stage,,stirred then static,,61,63
agitation,"stirred 10 min at RT, then static during heating",Stirred before static synthesis,Stirred before static synthesis,stirring_and_explicit_static_stage,,"stirred 10 min at rt, then static during heating",,16,84
agitation,stirred 1 h before heating,Stirred during preparation,Stirred during preparation,explicit_preparation_agitation,,stirred 1 h before heating,,24,74
agitation,fast magnetic stirring,Stirred; stage not reported,Stirred; stage not reported,method_without_reaction_stage_evidence,,fast magnetic stirring,,42,46
agitation,"stirred 15 min, then static",Stirred before static synthesis,Stirred before static synthesis,stirring_and_explicit_static_stage,,"stirred 15 min, then static",,71,11
agitation,vigorous stirring,Stirred; stage not reported,Stirred; stage not reported,method_without_reaction_stage_evidence,,vigorous stirring,,66,13
agitation,"stirred 15 min at RT, then static",Stirred before static synthesis,Stirred before static synthesis,stirring_and_explicit_static_stage,,"stirred 15 min at rt, then static",,9,69
agitation,stirred before heating; static during heating,Stirred before static synthesis,Stirred before static synthesis,stirring_and_explicit_static_stage,,stirred before heating; static during heating,,12,60
agitation,"stirred 10 min pre-mix, then static",Stirred before static synthesis,Stirred before static synthesis,stirring_and_explicit_static_stage,,"stirred 10 min pre-mix, then static",,8,56
agitation,stirred 30 min; static,Stirred before static synthesis,Stirred before static synthesis,stirring_and_explicit_static_stage,,stirred 30 min; static,,23,35
agitation,stirred (300 rpm),Stirred; stage not reported,Stirred; stage not reported,method_without_reaction_stage_evidence,,stirred (300 rpm),,39,17
agitation,stirred briefly,Stirred; stage not reported,Stirred; stage not reported,method_without_reaction_stage_evidence,,stirred briefly,,39,13
agitation,stirred before sealing; static during solvothermal heating,Stirred before static synthesis,Stirred before static synthesis,stirring_and_explicit_static_stage,,stirred before sealing; static during solvothermal heating,,4,46
agitation,magnetic stirring,Stirred; stage not reported,Stirred; stage not reported,method_without_reaction_stage_evidence,,magnetic stirring,,27,22
agitation,stirred 30 min at RT before heating; static during heating,Stirred before static synthesis,Stirred before static synthesis,stirring_and_explicit_static_stage,,stirred 30 min at rt before heating; static during heating,,6,41
agitation,"stirred 30 min, sonicated 15 min; static during heating",Stirred before static synthesis,Stirred before static synthesis,stirring_and_explicit_static_stage,,"stirred 30 min, sonicated 15 min; static during heating",,2,44
agitation,gentle stirring,Stirred; stage not reported,Stirred; stage not reported,method_without_reaction_stage_evidence,,gentle stirring,,27,17
agitation,pre-stirred 20 min; static,Stirred before static synthesis,Stirred before static synthesis,stirring_and_explicit_static_stage,,pre-stirred 20 min; static,,4,40
agitation,stirred briefly before heating; autogenous pressure,Stirred during preparation,Stirred during preparation,explicit_preparation_agitation,,stirred briefly before heating; autogenous pressure,,3,41
agitation,stirred 30 min before sealing; static during heating,Stirred before static synthesis,Stirred before static synthesis,stirring_and_explicit_static_stage,,stirred 30 min before sealing; static during heating,,22,20
agitation,stirred 60 min then static,Stirred before static synthesis,Stirred before static synthesis,stirring_and_explicit_static_stage,,stirred 60 min then static,,34,8
agitation,stirred 15 min before heating,Stirred during preparation,Stirred during preparation,explicit_preparation_agitation,,stirred 15 min before heating,,13,28
agitation,"stirred 5 min, then static",Stirred before static synthesis,Stirred before static synthesis,stirring_and_explicit_static_stage,,"stirred 5 min, then static",,21,20
agitation,stirred (15 min before sealing),Stirred during preparation,Stirred during preparation,explicit_preparation_agitation,,stirred (15 min before sealing),,9,31
agitation,stirred 12 h then static,Stirred before static synthesis,Stirred before static synthesis,stirring_and_explicit_static_stage,,stirred 12 h then static,,2,38
agitation,static (layering),No stirring,Static / no stirring,explicit_static_or_no_stirring,shorten_agitation_label,static (layering),,14,25
agitation,stirred 30 min before sealing,Stirred during preparation,Stirred during preparation,explicit_preparation_agitation,,stirred 30 min before sealing,,2,37
agitation,"pre-stirred 0.5 h, then static",Stirred before static synthesis,Stirred before static synthesis,stirring_and_explicit_static_stage,,"pre-stirred 0.5 h, then static",,7,31
agitation,"stirred 30 min at RT, then static during heating",Stirred before static synthesis,Stirred before static synthesis,stirring_and_explicit_static_stage,,"stirred 30 min at rt, then static during heating",,16,20
agitation,"stirred 1 h, then static",Stirred before static synthesis,Stirred before static synthesis,stirring_and_explicit_static_stage,,"stirred 1 h, then static",,32,3
agitation,"stirred 10 min at RT, then static",Stirred before static synthesis,Stirred before static synthesis,stirring_and_explicit_static_stage,,"stirred 10 min at rt, then static",,15,20
agitation,"sonicated 15 min, then static in oven",Sonicated before static synthesis,Sonicated before static synthesis,sonication_and_explicit_static_stage,,"sonicated 15 min, then static in oven",,17,17
agitation,stirred (500 rpm),Stirred; stage not reported,Stirred; stage not reported,method_without_reaction_stage_evidence,,stirred (500 rpm),,7,27
agitation,stirred 1 h then static,Stirred before static synthesis,Stirred before static synthesis,stirring_and_explicit_static_stage,,stirred 1 h then static,,19,15
agitation,stirred 30 min at RT (premix),Stirred during preparation,Stirred during preparation,explicit_preparation_agitation,,stirred 30 min at rt (premix),,7,27
agitation,ultrasonicated,Sonicated; stage not reported,Sonicated; stage not reported,method_without_reaction_stage_evidence,,ultrasonicated,,5,28
agitation,sonicated 5 min; static,Sonicated before static synthesis,Sonicated before static synthesis,sonication_and_explicit_static_stage,,sonicated 5 min; static,,2,28
agitation,stirred during base addition,Stirred during preparation,Stirred during preparation,explicit_preparation_agitation,,stirred during base addition,,1,29
agitation,ultrasonicated to dissolve; static during heating,Sonicated before static synthesis,Sonicated before static synthesis,sonication_and_explicit_static_stage,,ultrasonicated to dissolve; static during heating,,23,7
agitation,"magnetically stirred 5 min at RT, then static during hydrothermal step",Stirred before static synthesis,Stirred before static synthesis,stirring_and_explicit_static_stage,,"magnetically stirred 5 min at rt, then static during hydrothermal step",,11,18
agitation,shaken then static,Shaken before static synthesis,Shaken before static synthesis,method_and_explicit_static_stage,,shaken then static,,3,26
agitation,stirred 10 min before sealing,Stirred during preparation,Stirred during preparation,explicit_preparation_agitation,,stirred 10 min before sealing,,6,23
agitation,stirred 30 min before heating,Stirred during preparation,Stirred during preparation,explicit_preparation_agitation,,stirred 30 min before heating,,29,0
agitation,stirred (pre-mix),Stirred during preparation,Stirred during preparation,explicit_preparation_agitation,,stirred (pre-mix),,6,22
agitation,stirred 30 min; then static,Stirred before static synthesis,Stirred before static synthesis,stirring_and_explicit_static_stage,,stirred 30 min; then static,,20,7
agitation,stirring,Stirred; stage not reported,Stirred; stage not reported,method_without_reaction_stage_evidence,,stirring,,16,11
agitation,stirred 15 min before sealing,Stirred during preparation,Stirred during preparation,explicit_preparation_agitation,,stirred 15 min before sealing,,2,24
agitation,stirred before heating,Stirred during preparation,Stirred during preparation,explicit_preparation_agitation,,stirred before heating,,21,5
agitation,"sonicated 10 min, then static",Sonicated before static synthesis,Sonicated before static synthesis,sonication_and_explicit_static_stage,,"sonicated 10 min, then static",,7,18
agitation,sonicated 15 min; static,Sonicated before static synthesis,Sonicated before static synthesis,sonication_and_explicit_static_stage,,sonicated 15 min; static,,17,8
agitation,stirred (pre-mixing),Stirred during preparation,Stirred during preparation,explicit_preparation_agitation,,stirred (pre-mixing),,5,20
agitation,stirred 1 h before sealing,Stirred during preparation,Stirred during preparation,explicit_preparation_agitation,,stirred 1 h before sealing,,9,16
agitation,sonicated 10 min; static,Sonicated before static synthesis,Sonicated before static synthesis,sonication_and_explicit_static_stage,,sonicated 10 min; static,,10,14
agitation,"stirred 5 min at RT, then static",Stirred before static synthesis,Stirred before static synthesis,stirring_and_explicit_static_stage,,"stirred 5 min at rt, then static",,19,5
agitation,"stirred; reagents pre-ground by ball-mill (15 min, 30 Hz)",Stirred; stage not reported,Stirred; stage not reported,method_without_reaction_stage_evidence,,"stirred; reagents pre-ground by ball-mill (15 min, 30 hz)",,18,6
agitation,sonicated 30 min; static during heating,Sonicated before static synthesis,Sonicated before static synthesis,sonication_and_explicit_static_stage,,sonicated 30 min; static during heating,,8,15
agitation,"stirred 20 min, then static",Stirred before static synthesis,Stirred before static synthesis,stirring_and_explicit_static_stage,,"stirred 20 min, then static",,21,2
agitation,stirred 30 min then static,Stirred before static synthesis,Stirred before static synthesis,stirring_and_explicit_static_stage,,stirred 30 min then static,,21,2
agitation,stirred 60 min before heating; then static during hydrothermal step,Stirred before static synthesis,Stirred before static synthesis,stirring_and_explicit_static_stage,,stirred 60 min before heating; then static during hydrothermal step,,1,22
agitation,"stirred, 200 rpm",Stirred; stage not reported,Stirred; stage not reported,method_without_reaction_stage_evidence,,"stirred, 200 rpm",,21,2
agitation,stirred before heating; static during solvothermal,Stirred before static synthesis,Stirred before static synthesis,stirring_and_explicit_static_stage,,stirred before heating; static during solvothermal,,10,12
agitation,stirred before sealing; static during heating,Stirred before static synthesis,Stirred before static synthesis,stirring_and_explicit_static_stage,,stirred before sealing; static during heating,,16,6
agitation,"stirred briefly, then static",Stirred before static synthesis,Stirred before static synthesis,stirring_and_explicit_static_stage,,"stirred briefly, then static",,7,15
agitation,"magnetic stirring 5 min at RT, then heated (static)",Stirred before static synthesis,Stirred before static synthesis,stirring_and_explicit_static_stage,,"magnetic stirring 5 min at rt, then heated (static)",,3,18
agitation,pre-stirred at 80 °C 1 h before solvothermal,Stirred during preparation,Stirred during preparation,explicit_preparation_agitation,,pre-stirred at 80 °c 1 h before solvothermal,,17,4
agitation,stirred (initially at RT),Stirred during preparation,Stirred during preparation,explicit_preparation_agitation,,stirred (initially at rt),,1,20
agitation,stirred 10 min then static in autoclave,Stirred before static synthesis,Stirred before static synthesis,stirring_and_explicit_static_stage,,stirred 10 min then static in autoclave,,5,16
agitation,stirred 3 h before heating,Stirred during preparation,Stirred during preparation,explicit_preparation_agitation,,stirred 3 h before heating,,4,17
agitation,stirred 30 min before autoclave,Stirred during preparation,Stirred during preparation,explicit_preparation_agitation,,stirred 30 min before autoclave,,7,14
agitation,stirred vigorously,Stirred; stage not reported,Stirred; stage not reported,method_without_reaction_stage_evidence,,stirred vigorously,,9,12
agitation,sonicated 5 min; static during heating,Sonicated before static synthesis,Sonicated before static synthesis,sonication_and_explicit_static_stage,,sonicated 5 min; static during heating,,7,13
agitation,sonicated 60 min; static during heating,Sonicated before static synthesis,Sonicated before static synthesis,sonication_and_explicit_static_stage,,sonicated 60 min; static during heating,,20,0
agitation,stirred 30 min at RT before acid addition; static during heating,Stirred before static synthesis,Stirred before static synthesis,stirring_and_explicit_static_stage,,stirred 30 min at rt before acid addition; static during heating,,2,18
agitation,stirred 30 min; static during heating,Stirred before static synthesis,Stirred before static synthesis,stirring_and_explicit_static_stage,,stirred 30 min; static during heating,,11,9
agitation,"stirred, then static",Stirred before static synthesis,Stirred before static synthesis,stirring_and_explicit_static_stage,,"stirred, then static",,18,2
agitation,stirred; sonicated,Stirred; stage not reported,Stirred; stage not reported,method_without_reaction_stage_evidence,,stirred; sonicated,,14,6
agitation,sonicated 10 min before heating; static during heating,Sonicated before static synthesis,Sonicated before static synthesis,sonication_and_explicit_static_stage,,sonicated 10 min before heating; static during heating,,11,8
agitation,stirred (under N2) before heating,Stirred during preparation,Stirred during preparation,explicit_preparation_agitation,,stirred (under n2) before heating,,1,18
agitation,"stirred 15 min at RT, then static during heating",Stirred before static synthesis,Stirred before static synthesis,stirring_and_explicit_static_stage,,"stirred 15 min at rt, then static during heating",,7,12
agitation,"stirred, 600 rpm",Stirred; stage not reported,Stirred; stage not reported,method_without_reaction_stage_evidence,,"stirred, 600 rpm",,8,11
agitation,continuous stirring,Stirred; stage not reported,Stirred; stage not reported,method_without_reaction_stage_evidence,,continuous stirring,,14,4
agitation,stirred 0.5 h before sealing; static during heating,Stirred before static synthesis,Stirred before static synthesis,stirring_and_explicit_static_stage,,stirred 0.5 h before sealing; static during heating,,6,12
agitation,stirred 30 min at RT before sealing; static during hydrothermal step,Stirred before static synthesis,Stirred before static synthesis,stirring_and_explicit_static_stage,,stirred 30 min at rt before sealing; static during hydrothermal step,,0,18
agitation,stirred before sealing,Stirred during preparation,Stirred during preparation,explicit_preparation_agitation,,stirred before sealing,,10,8
agitation,stirred ~5 h before sealing,Stirred during preparation,Stirred during preparation,explicit_preparation_agitation,,stirred ~5 h before sealing,,3,15
agitation,static (after 15 min sonication),Sonicated before static synthesis,Sonicated before static synthesis,sonication_and_explicit_static_stage,,static (after 15 min sonication),,5,12
agitation,static after casting (initial solutions stirred 2 h),Stirred before static synthesis,Stirred before static synthesis,stirring_and_explicit_static_stage,,static after casting (initial solutions stirred 2 h),,3,14
agitation,stirred 0.5 h before sealing,Stirred during preparation,Stirred during preparation,explicit_preparation_agitation,,stirred 0.5 h before sealing,,1,16
agitation,stirred 2 h at RT; static during heating,Stirred before static synthesis,Stirred before static synthesis,stirring_and_explicit_static_stage,,stirred 2 h at rt; static during heating,,3,14
agitation,"stirred at RT (pre-mix), then static in autoclave",Stirred before static synthesis,Stirred before static synthesis,stirring_and_explicit_static_stage,,"stirred at rt (pre-mix), then static in autoclave",,1,16
agitation,"stirred, 400 rpm",Stirred; stage not reported,Stirred; stage not reported,method_without_reaction_stage_evidence,,"stirred, 400 rpm",,8,9
agitation,"stirred, 800 rpm",Stirred; stage not reported,Stirred; stage not reported,method_without_reaction_stage_evidence,,"stirred, 800 rpm",,9,8
agitation,"sonicated, then static",Sonicated before static synthesis,Sonicated before static synthesis,sonication_and_explicit_static_stage,,"sonicated, then static",,15,1
agitation,static (layered diffusion),No stirring,Static / no stirring,explicit_static_or_no_stirring,shorten_agitation_label,static (layered diffusion),,7,9
agitation,"stirred 2 h, then static",Stirred before static synthesis,Stirred before static synthesis,stirring_and_explicit_static_stage,,"stirred 2 h, then static",,6,10
agitation,stirred 30 min then 60 min before sealing; static during heating,Stirred before static synthesis,Stirred before static synthesis,stirring_and_explicit_static_stage,,stirred 30 min then 60 min before sealing; static during heating,,6,10
agitation,stirred 5 min before sealing; then static,Stirred before static synthesis,Stirred before static synthesis,stirring_and_explicit_static_stage,,stirred 5 min before sealing; then static,,4,12
agitation,"ultrasonicated, static",Sonicated before static synthesis,Sonicated before static synthesis,sonication_and_explicit_static_stage,,"ultrasonicated, static",,3,13
agitation,"stirred (premix), then static solvothermal",Stirred before static synthesis,Stirred before static synthesis,stirring_and_explicit_static_stage,,"stirred (premix), then static solvothermal",,15,0
agitation,stirred 1 h at RT; static during heating,Stirred before static synthesis,Stirred before static synthesis,stirring_and_explicit_static_stage,,stirred 1 h at rt; static during heating,,1,14
agitation,"stirred 1 h, then static in oven",Stirred before static synthesis,Stirred before static synthesis,stirring_and_explicit_static_stage,,"stirred 1 h, then static in oven",,9,6
agitation,stirred 10 min then static,Stirred before static synthesis,Stirred before static synthesis,stirring_and_explicit_static_stage,,stirred 10 min then static,,11,4
agitation,stirred 15 min at RT; static during heating,Stirred before static synthesis,Stirred before static synthesis,stirring_and_explicit_static_stage,,stirred 15 min at rt; static during heating,,3,12
agitation,stirred 20 min before sealing,Stirred during preparation,Stirred during preparation,explicit_preparation_agitation,,stirred 20 min before sealing,,14,1
agitation,"stirred 30 min, then static crystallization",Stirred before static synthesis,Stirred before static synthesis,stirring_and_explicit_static_stage,,"stirred 30 min, then static crystallization",,1,14
agitation,"shear homogenized at 11,500 rpm for 2 min; then static at 4 °C",Homogenized before static synthesis,Homogenized before static synthesis,method_and_explicit_static_stage,,"shear homogenized at 11,500 rpm for 2 min; then static at 4 °c",,4,10
agitation,"stirred 15 min, then static during heating",Stirred before static synthesis,Stirred before static synthesis,stirring_and_explicit_static_stage,,"stirred 15 min, then static during heating",,8,6
agitation,stirred 30 min before heating; static during solvothermal step,Stirred before static synthesis,Stirred before static synthesis,stirring_and_explicit_static_stage,,stirred 30 min before heating; static during solvothermal step,,8,6
agitation,stirred 500 rpm,Stirred; stage not reported,Stirred; stage not reported,method_without_reaction_stage_evidence,,stirred 500 rpm,,4,10
agitation,ultrasonicated 10 min prior; then static heating,Sonicated before static synthesis,Sonicated before static synthesis,sonication_and_explicit_static_stage,,ultrasonicated 10 min prior; then static heating,,4,10
agitation,ultrasonicated 10 min; static during solvothermal step,Sonicated before static synthesis,Sonicated before static synthesis,sonication_and_explicit_static_stage,,ultrasonicated 10 min; static during solvothermal step,,13,1
agitation,"vigorously mixed 30 s, then static",Mixed before static synthesis,Mixed before static synthesis,method_and_explicit_static_stage,,"vigorously mixed 30 s, then static",,4,10
agitation,sonicated then static,Sonicated before static synthesis,Sonicated before static synthesis,sonication_and_explicit_static_stage,,sonicated then static,,13,0
agitation,stirred (350 rpm),Stirred; stage not reported,Stirred; stage not reported,method_without_reaction_stage_evidence,,stirred (350 rpm),,5,8
agitation,stirred (~600 rpm),Stirred; stage not reported,Stirred; stage not reported,method_without_reaction_stage_evidence,,stirred (~600 rpm),,8,5
agitation,"stirred 0.5 h, then static",Stirred before static synthesis,Stirred before static synthesis,stirring_and_explicit_static_stage,,"stirred 0.5 h, then static",,9,4
agitation,stirred 1 h then static in oven,Stirred before static synthesis,Stirred before static synthesis,stirring_and_explicit_static_stage,,stirred 1 h then static in oven,,13,0
agitation,stirred 15 min at RT before heating,Stirred during preparation,Stirred during preparation,explicit_preparation_agitation,,stirred 15 min at rt before heating,,5,8
agitation,"stirred 30 min, then static during heating",Stirred before static synthesis,Stirred before static synthesis,stirring_and_explicit_static_stage,,"stirred 30 min, then static during heating",,13,0
agitation,stirred 45 min; static during heating,Stirred before static synthesis,Stirred before static synthesis,stirring_and_explicit_static_stage,,stirred 45 min; static during heating,,13,0
agitation,stirred ~1 h at RT before sealing; static during heating,Stirred before static synthesis,Stirred before static synthesis,stirring_and_explicit_static_stage,,stirred ~1 h at rt before sealing; static during heating,,2,11
agitation,ultrasonicated 10 min; static,Sonicated before static synthesis,Sonicated before static synthesis,sonication_and_explicit_static_stage,,ultrasonicated 10 min; static,,12,1
agitation,vigorous stirring 30 min before heating,Stirred during preparation,Stirred during preparation,explicit_preparation_agitation,,vigorous stirring 30 min before heating,,4,9
agitation,"centrifuged at 10,000 rpm",Not reported,Unclear / ambiguous,unresolved_nonempty_description,no_unique_supported_agitation_state,"centrifuged at 10,000 rpm",Centrifugation alone does not establish a stirring or static state; its stage is not inferred.,12,0
agitation,mechanical stirring (Teflon-lined),Stirred; stage not reported,Stirred; stage not reported,method_without_reaction_stage_evidence,,mechanical stirring (teflon-lined),,1,11
agitation,static (15 min pre-sonication),Sonicated before static synthesis,Sonicated before static synthesis,sonication_and_explicit_static_stage,,static (15 min pre-sonication),,2,10
agitation,static (layered slow evaporation),No stirring,Static / no stirring,explicit_static_or_no_stirring,shorten_agitation_label,static (layered slow evaporation),,4,8
agitation,static (layered),No stirring,Static / no stirring,explicit_static_or_no_stirring,shorten_agitation_label,static (layered),,4,8
agitation,stirred (30 min at RT before solvothermal),Stirred during preparation,Stirred during preparation,explicit_preparation_agitation,,stirred (30 min at rt before solvothermal),,0,12
agitation,stirred 10 min before solvothermal,Stirred during preparation,Stirred during preparation,explicit_preparation_agitation,,stirred 10 min before solvothermal,,12,0
agitation,stirred 30 min,Stirred; stage not reported,Stirred; stage not reported,method_without_reaction_stage_evidence,,stirred 30 min,,12,0
agitation,stirred 60 min before sealing; static during heating,Stirred before static synthesis,Stirred before static synthesis,stirring_and_explicit_static_stage,,stirred 60 min before sealing; static during heating,,2,10
agitation,stirred before solvothermal,Stirred during preparation,Stirred during preparation,explicit_preparation_agitation,,stirred before solvothermal,,4,8
agitation,"stirred ~10 min, then static",Stirred before static synthesis,Stirred before static synthesis,stirring_and_explicit_static_stage,,"stirred ~10 min, then static",,0,12
agitation,"adjusted pH, then static",No stirring,Static / no stirring,explicit_static_or_no_stirring,shorten_agitation_label,"adjusted ph, then static",,1,10
agitation,stirred 0.5 h then static,Stirred before static synthesis,Stirred before static synthesis,stirring_and_explicit_static_stage,,stirred 0.5 h then static,,5,6
agitation,"stirred 1 h at RT, then static",Stirred before static synthesis,Stirred before static synthesis,stirring_and_explicit_static_stage,,"stirred 1 h at rt, then static",,10,1
agitation,"stirred 10 min at rt, then static during heating",Stirred before static synthesis,Stirred before static synthesis,stirring_and_explicit_static_stage,,"stirred 10 min at rt, then static during heating",,2,9
agitation,stirred 2 h before heating,Stirred during preparation,Stirred during preparation,explicit_preparation_agitation,,stirred 2 h before heating,,3,8
agitation,stirred 20 min then static,Stirred before static synthesis,Stirred before static synthesis,stirring_and_explicit_static_stage,,stirred 20 min then static,,11,0
agitation,stirred 30 min at RT; static during heating,Stirred before static synthesis,Stirred before static synthesis,stirring_and_explicit_static_stage,,stirred 30 min at rt; static during heating,,11,0
agitation,stirred 30 min at RT; then static,Stirred before static synthesis,Stirred before static synthesis,stirring_and_explicit_static_stage,,stirred 30 min at rt; then static,,11,0
agitation,"stirred during addition, then static",Stirred before static synthesis,Stirred before static synthesis,stirring_and_explicit_static_stage,,"stirred during addition, then static",,11,0
agitation,"stirred to dissolve, then static",Stirred before static synthesis,Stirred before static synthesis,stirring_and_explicit_static_stage,,"stirred to dissolve, then static",,11,0
agitation,vigorous,Stirred during synthesis,Stirred during synthesis,source_review:10.1016/j.inoche.2011.06.030:explicit_reaction_stage_agitation,source_verified_method_stage,vigorous,,3,8
agitation,vigorously stirred,Stirred; stage not reported,Stirred; stage not reported,method_without_reaction_stage_evidence,,vigorously stirred,,6,5
agitation,initial DMF solution stirred 2 h; then static during interdiffusion,Stirred before static synthesis,Stirred before static synthesis,stirring_and_explicit_static_stage,,initial dmf solution stirred 2 h; then static during interdiffusion,,0,10
agitation,magnetic stirring under reflux,Stirred during synthesis,Stirred during synthesis,explicit_reaction_stage_agitation,,magnetic stirring under reflux,,1,9
agitation,"stirred 12 h at RT, then static",Stirred before static synthesis,Stirred before static synthesis,stirring_and_explicit_static_stage,,"stirred 12 h at rt, then static",,2,8
agitation,"stirred 30 min (pre), then static",Stirred before static synthesis,Stirred before static synthesis,stirring_and_explicit_static_stage,,"stirred 30 min (pre), then static",,2,8
agitation,stirred at 200 rpm,Stirred; stage not reported,Stirred; stage not reported,method_without_reaction_stage_evidence,,stirred at 200 rpm,,10,0
agitation,"stirred at 90 °C (gel prep), then static",Stirred before static synthesis,Stirred before static synthesis,stirring_and_explicit_static_stage,,"stirred at 90 °c (gel prep), then static",,10,0
agitation,stirred briefly before heating,Stirred during preparation,Stirred during preparation,explicit_preparation_agitation,,stirred briefly before heating,,7,3
agitation,vigorous stirring 30 min pre-mix; static during heating,Stirred before static synthesis,Stirred before static synthesis,stirring_and_explicit_static_stage,,vigorous stirring 30 min pre-mix; static during heating,,10,0
agitation,metal solution pre-heated at 50 °C for 30 min; layered; static during solvothermal,No stirring,Static / no stirring,explicit_static_or_no_stirring,shorten_agitation_label,metal solution pre-heated at 50 °c for 30 min; layered; static during solvothermal,,1,8
agitation,pre-stirred 5 min at RT; static during heating,Stirred before static synthesis,Stirred before static synthesis,stirring_and_explicit_static_stage,,pre-stirred 5 min at rt; static during heating,,9,0
agitation,sonicated,Sonicated; stage not reported,Sonicated; stage not reported,method_without_reaction_stage_evidence,,sonicated,,6,3
agitation,sonicated briefly; static during heating,Sonicated before static synthesis,Sonicated before static synthesis,sonication_and_explicit_static_stage,,sonicated briefly; static during heating,,1,8
agitation,"sonicated, static aging",Sonicated before static synthesis,Sonicated before static synthesis,sonication_and_explicit_static_stage,,"sonicated, static aging",,9,0
agitation,static (sonicated 10 min before heating),Sonicated before static synthesis,Sonicated before static synthesis,sonication_and_explicit_static_stage,,static (sonicated 10 min before heating),,9,0
agitation,stirred (initial 1 min at 600 rpm),Stirred during preparation,Stirred during preparation,explicit_preparation_agitation,,stirred (initial 1 min at 600 rpm),,9,0
agitation,stirred 0.5 h; static during heating,Stirred before static synthesis,Stirred before static synthesis,stirring_and_explicit_static_stage,,stirred 0.5 h; static during heating,,9,0
agitation,"stirred 20 min at RT, then static",Stirred before static synthesis,Stirred before static synthesis,stirring_and_explicit_static_stage,,"stirred 20 min at rt, then static",,6,3
agitation,"stirred 20 min, then static during heating",Stirred before static synthesis,Stirred before static synthesis,stirring_and_explicit_static_stage,,"stirred 20 min, then static during heating",,3,6
agitation,stirred 30 min before solvothermal,Stirred during preparation,Stirred during preparation,explicit_preparation_agitation,,stirred 30 min before solvothermal,,9,0
agitation,"stirred 600 rpm for 10 min, then static",Stirred before static synthesis,Stirred before static synthesis,stirring_and_explicit_static_stage,,"stirred 600 rpm for 10 min, then static",,7,2
agitation,stirred before autoclave,Stirred during preparation,Stirred during preparation,explicit_preparation_agitation,,stirred before autoclave,,2,7
agitation,stirred during aging; static during heating,Stirred before static synthesis,Stirred before static synthesis,stirring_and_explicit_static_stage,,stirred during aging; static during heating,,9,0
agitation,"stirred, impeller 240 rpm",Stirred; stage not reported,Stirred; stage not reported,method_without_reaction_stage_evidence,,"stirred, impeller 240 rpm",,9,0
agitation,"stirred, then static during heating",Stirred before static synthesis,Stirred before static synthesis,stirring_and_explicit_static_stage,,"stirred, then static during heating",,1,8
agitation,"stirring, 150 rpm",Stirred; stage not reported,Stirred; stage not reported,method_without_reaction_stage_evidence,,"stirring, 150 rpm",,3,6
agitation,ultrasonically stirred 15 min before heating,Sonicated during preparation,Sonicated during preparation,source_review:10.1039/c4ce00158c:explicit_preparation_agitation,source_verified_method_stage,ultrasonically stirred 15 min before heating,,9,0
agitation,mild stir,Stirred; stage not reported,Stirred; stage not reported,method_without_reaction_stage_evidence,,mild stir,,8,0
agitation,sonicated to ensure homogeneity; static during heating,Sonicated before static synthesis,Sonicated before static synthesis,sonication_and_explicit_static_stage,,sonicated to ensure homogeneity; static during heating,,0,8
agitation,static (after 30 min premix stirring at RT),Stirred before static synthesis,Stirred before static synthesis,stirring_and_explicit_static_stage,,static (after 30 min premix stirring at rt),,2,6
agitation,"stirred (RT), static (autoclave)",Stirred before static synthesis,Stirred before static synthesis,stirring_and_explicit_static_stage,,"stirred (rt), static (autoclave)",,4,4
agitation,"stirred (pre-mix), then static during heating",Stirred before static synthesis,Stirred before static synthesis,stirring_and_explicit_static_stage,,"stirred (pre-mix), then static during heating",,5,3
agitation,stirred (vigorous),Stirred; stage not reported,Stirred; stage not reported,method_without_reaction_stage_evidence,,stirred (vigorous),,8,0
agitation,stirred 10 min before heating; static during solvothermal,Stirred before static synthesis,Stirred before static synthesis,stirring_and_explicit_static_stage,,stirred 10 min before heating; static during solvothermal,,8,0
agitation,"stirred 15 min at ambient, then static for hydrothermal step",Stirred before static synthesis,Stirred before static synthesis,stirring_and_explicit_static_stage,,"stirred 15 min at ambient, then static for hydrothermal step",,8,0
agitation,stirred 30 min at RT before heating,Stirred during preparation,Stirred during preparation,explicit_preparation_agitation,,stirred 30 min at rt before heating,,8,0
agitation,ultrasonicated 10 min before heating; static during solvothermal,Sonicated before static synthesis,Sonicated before static synthesis,sonication_and_explicit_static_stage,,ultrasonicated 10 min before heating; static during solvothermal,,8,0
agitation,"vigorous stirring 30 min at ambient, then static in autoclave",Stirred before static synthesis,Stirred before static synthesis,stirring_and_explicit_static_stage,,"vigorous stirring 30 min at ambient, then static in autoclave",,8,0
agitation,static (sealed; shaken before heating),Shaken before static synthesis,Shaken before static synthesis,method_and_explicit_static_stage,,static (sealed; shaken before heating),,7,0
agitation,static; ultrasonically vibrated 10–20 min before heating,Sonicated before static synthesis,Sonicated before static synthesis,sonication_and_explicit_static_stage,,static; ultrasonically vibrated 10-20 min before heating,,7,0
agitation,stirred (1 h at RT before heating),Stirred during preparation,Stirred during preparation,explicit_preparation_agitation,,stirred (1 h at rt before heating),,5,2
agitation,stirred (1000 rpm),Stirred; stage not reported,Stirred; stage not reported,method_without_reaction_stage_evidence,,stirred (1000 rpm),,1,6
agitation,"stirred (mechanical, 500 rpm)",Stirred; stage not reported,Stirred; stage not reported,method_without_reaction_stage_evidence,,"stirred (mechanical, 500 rpm)",,7,0
agitation,"stirred 0.5 h under CO2, then static",Stirred before static synthesis,Stirred before static synthesis,stirring_and_explicit_static_stage,,"stirred 0.5 h under co2, then static",,7,0
agitation,stirred 15 min; static during heating,Stirred before static synthesis,Stirred before static synthesis,stirring_and_explicit_static_stage,,stirred 15 min; static during heating,,7,0
agitation,"stirred 20 min at RT, then sealed and static under autogenous pressure",Stirred before static synthesis,Stirred before static synthesis,stirring_and_explicit_static_stage,,"stirred 20 min at rt, then sealed and static under autogenous pressure",,7,0
agitation,stirred 20 min preheat; static solvothermal,Stirred before static synthesis,Stirred before static synthesis,stirring_and_explicit_static_stage,,stirred 20 min preheat; static solvothermal,,6,1
agitation,stirred 5 min before heating; static during solvothermal step,Stirred before static synthesis,Stirred before static synthesis,stirring_and_explicit_static_stage,,stirred 5 min before heating; static during solvothermal step,,7,0
agitation,"stirred at RT until pale yellow (~45–50 min), static during heating",Stirred before static synthesis,Stirred before static synthesis,stirring_and_explicit_static_stage,,"stirred at rt until pale yellow (~45-50 min), static during heating",,0,7
agitation,stirred under N2 flow,Stirred; stage not reported,Stirred; stage not reported,method_without_reaction_stage_evidence,,stirred under n2 flow,,7,0
agitation,ultrasonic 10 min; then static,Sonicated before static synthesis,Sonicated before static synthesis,sonication_and_explicit_static_stage,,ultrasonic 10 min; then static,,1,6
agitation,ultrasonic irradiation,Sonicated; stage not reported,Sonicated; stage not reported,method_without_reaction_stage_evidence,,ultrasonic irradiation,,5,2
agitation,ultrasonicated 10 min before sealing; static during heating,Sonicated before static synthesis,Sonicated before static synthesis,sonication_and_explicit_static_stage,,ultrasonicated 10 min before sealing; static during heating,,1,6
agitation,ultrasound,Sonicated; stage not reported,Sonicated; stage not reported,method_without_reaction_stage_evidence,,ultrasound,,1,6
agitation,"vigorous stir to gel, then static during 6 h hold",Stirred before static synthesis,Stirred before static synthesis,stirring_and_explicit_static_stage,,"vigorous stir to gel, then static during 6 h hold",,1,6
agitation,magnetic stirring 30 min before heating; static during solvothermal step,Stirred before static synthesis,Stirred before static synthesis,stirring_and_explicit_static_stage,,magnetic stirring 30 min before heating; static during solvothermal step,,6,0
agitation,moderate stirring,Stirred; stage not reported,Stirred; stage not reported,method_without_reaction_stage_evidence,,moderate stirring,,3,3
agitation,"pre-stirred, then static during solvothermal",Stirred before static synthesis,Stirred before static synthesis,stirring_and_explicit_static_stage,,"pre-stirred, then static during solvothermal",,6,0
agitation,premixing stirred at 50 °C; static during heating,Stirred before static synthesis,Stirred before static synthesis,stirring_and_explicit_static_stage,,premixing stirred at 50 °c; static during heating,,6,0
agitation,static (after 5 min stir),Stirred before static synthesis,Stirred before static synthesis,stirring_and_explicit_static_stage,,static (after 5 min stir),,0,6
agitation,static (after dissolution),No stirring,Static / no stirring,explicit_static_or_no_stirring,shorten_agitation_label,static (after dissolution),,6,0
agitation,static after casting,No stirring,Static / no stirring,explicit_static_or_no_stirring,shorten_agitation_label,static after casting,,2,4
agitation,static after mixing,Mixed before static synthesis,Mixed before static synthesis,method_and_explicit_static_stage,,static after mixing,,1,5
agitation,static; bath sonication 30 min before heating,Sonicated before static synthesis,Sonicated before static synthesis,sonication_and_explicit_static_stage,,static; bath sonication 30 min before heating,,5,1
agitation,"stirred (700 rpm), under N2",Stirred; stage not reported,Stirred; stage not reported,method_without_reaction_stage_evidence,,"stirred (700 rpm), under n2",,2,4
agitation,stirred 1 h before heating; static during heating,Stirred before static synthesis,Stirred before static synthesis,stirring_and_explicit_static_stage,,stirred 1 h before heating; static during heating,,5,1
agitation,"stirred 15 min, then static layering",Stirred before static synthesis,Stirred before static synthesis,stirring_and_explicit_static_stage,,"stirred 15 min, then static layering",,6,0
agitation,stirred 2 h; then static,Stirred before static synthesis,Stirred before static synthesis,stirring_and_explicit_static_stage,,stirred 2 h; then static,,6,0
agitation,stirred 30 min before heating; static during heating,Stirred before static synthesis,Stirred before static synthesis,stirring_and_explicit_static_stage,,stirred 30 min before heating; static during heating,,6,0
agitation,"stirred 30 min premix, then static",Stirred before static synthesis,Stirred before static synthesis,stirring_and_explicit_static_stage,,"stirred 30 min premix, then static",,6,0
agitation,stirred 30 min then heated,Stirred during preparation,Stirred during preparation,explicit_preparation_agitation,,stirred 30 min then heated,,1,5
agitation,stirred 300 rpm; sequential dropwise addition at 2 mL/min,Stirred; stage not reported,Stirred; stage not reported,method_without_reaction_stage_evidence,,stirred 300 rpm; sequential dropwise addition at 2 ml/min,,6,0
agitation,stirred 350 rpm,Stirred; stage not reported,Stirred; stage not reported,method_without_reaction_stage_evidence,,stirred 350 rpm,,2,4
agitation,stirred at 500 rpm,Stirred; stage not reported,Stirred; stage not reported,method_without_reaction_stage_evidence,,stirred at 500 rpm,,6,0
agitation,"stirred during addition, then static for slow evaporation",Stirred before static synthesis,Stirred before static synthesis,stirring_and_explicit_static_stage,,"stirred during addition, then static for slow evaporation",,2,4
agitation,"stirred for several minutes, then static",Stirred before static synthesis,Stirred before static synthesis,stirring_and_explicit_static_stage,,"stirred for several minutes, then static",,6,0
agitation,stirred ~15 min before sealing,Stirred during preparation,Stirred during preparation,explicit_preparation_agitation,,stirred ~15 min before sealing,,6,0
agitation,"stirred, 240 rpm (pitched blade)",Stirred; stage not reported,Stirred; stage not reported,method_without_reaction_stage_evidence,,"stirred, 240 rpm (pitched blade)",,6,0
agitation,stirred; 1 h RT pre-stir,Stirred during preparation,Stirred during preparation,explicit_preparation_agitation,,stirred; 1 h rt pre-stir,,6,0
agitation,strong stirring,Stirred; stage not reported,Stirred; stage not reported,method_without_reaction_stage_evidence,,strong stirring,,2,4
agitation,"ultrasonicated 10 min, then static",Sonicated before static synthesis,Sonicated before static synthesis,sonication_and_explicit_static_stage,,"ultrasonicated 10 min, then static",,1,5
agitation,"pre-stirred 10 min, then static",Stirred before static synthesis,Stirred before static synthesis,stirring_and_explicit_static_stage,,"pre-stirred 10 min, then static",,5,0
agitation,pre-stirred 12 h; static during heating,Stirred before static synthesis,Stirred before static synthesis,stirring_and_explicit_static_stage,,pre-stirred 12 h; static during heating,,2,3
agitation,sonicated 10 min; static during heating,Sonicated before static synthesis,Sonicated before static synthesis,sonication_and_explicit_static_stage,,sonicated 10 min; static during heating,,5,0
agitation,"sonicated 5 min, then static",Sonicated before static synthesis,Sonicated before static synthesis,sonication_and_explicit_static_stage,,"sonicated 5 min, then static",,5,0
agitation,"sonicated, static",Sonicated before static synthesis,Sonicated before static synthesis,sonication_and_explicit_static_stage,,"sonicated, static",,4,1
agitation,static (premix stirred 5–7 min),Stirred before static synthesis,Stirred before static synthesis,stirring_and_explicit_static_stage,,static (premix stirred 5-7 min),,1,4
agitation,static (slow diffusion),No stirring,Static / no stirring,explicit_static_or_no_stirring,shorten_agitation_label,static (slow diffusion),,5,0
agitation,static; pre-sonicated,Sonicated before static synthesis,Sonicated before static synthesis,sonication_and_explicit_static_stage,,static; pre-sonicated,,3,2
agitation,stirred (1 h pre-reaction),Stirred during preparation,Stirred during preparation,explicit_preparation_agitation,,stirred (1 h pre-reaction),,5,0
agitation,stirred (1500 rpm),Stirred; stage not reported,Stirred; stage not reported,method_without_reaction_stage_evidence,,stirred (1500 rpm),,5,0
agitation,stirred (2 h pre-mix),Stirred during preparation,Stirred during preparation,explicit_preparation_agitation,,stirred (2 h pre-mix),,5,0
agitation,"stirred (2 h pre-stir), then static",Stirred before static synthesis,Stirred before static synthesis,stirring_and_explicit_static_stage,,"stirred (2 h pre-stir), then static",,5,0
agitation,"stirred (dropwise addition, then stirred)",Stirred; stage not reported,Stirred; stage not reported,method_without_reaction_stage_evidence,,"stirred (dropwise addition, then stirred)",,5,0
agitation,stirred (premix 10 min),Stirred during preparation,Stirred during preparation,explicit_preparation_agitation,,stirred (premix 10 min),,5,0
agitation,stirred 0.5 h pre-mix; static during heating,Stirred before static synthesis,Stirred before static synthesis,stirring_and_explicit_static_stage,,stirred 0.5 h pre-mix; static during heating,,5,0
agitation,stirred 1 h at RT; then static,Stirred before static synthesis,Stirred before static synthesis,stirring_and_explicit_static_stage,,stirred 1 h at rt; then static,,5,0
agitation,stirred 1 h before autoclave,Stirred during preparation,Stirred during preparation,explicit_preparation_agitation,,stirred 1 h before autoclave,,5,0
agitation,"stirred 1 h pre-mix, then static during heating",Stirred before static synthesis,Stirred before static synthesis,stirring_and_explicit_static_stage,,"stirred 1 h pre-mix, then static during heating",,5,0
agitation,"stirred 1 h under N2, then static 24 h",Stirred before static synthesis,Stirred before static synthesis,stirring_and_explicit_static_stage,,"stirred 1 h under n2, then static 24 h",,5,0
agitation,stirred 10 min before autoclave,Stirred during preparation,Stirred during preparation,explicit_preparation_agitation,,stirred 10 min before autoclave,,4,1
agitation,stirred 15 min at RT before sealing; static during heating,Stirred before static synthesis,Stirred before static synthesis,stirring_and_explicit_static_stage,,stirred 15 min at rt before sealing; static during heating,,5,0
agitation,stirred 15 min then static,Stirred before static synthesis,Stirred before static synthesis,stirring_and_explicit_static_stage,,stirred 15 min then static,,5,0
agitation,"stirred 15 min, then heated (static)",Stirred before static synthesis,Stirred before static synthesis,stirring_and_explicit_static_stage,,"stirred 15 min, then heated (static)",,5,0
agitation,stirred 2 h; then static diffusion,Stirred before static synthesis,Stirred before static synthesis,stirring_and_explicit_static_stage,,stirred 2 h; then static diffusion,,1,4
agitation,stirred 30 min before heating; static during solvothermal stage,Stirred before static synthesis,Stirred before static synthesis,stirring_and_explicit_static_stage,,stirred 30 min before heating; static during solvothermal stage,,1,4
agitation,stirred 30 min; then static (slow evaporation),Stirred before static synthesis,Stirred before static synthesis,stirring_and_explicit_static_stage,,stirred 30 min; then static (slow evaporation),,5,0
agitation,stirred 5–10 min; then static,Stirred before static synthesis,Stirred before static synthesis,stirring_and_explicit_static_stage,,stirred 5-10 min; then static,,1,4
agitation,stirred at 1200 rpm during addition and aging,Stirred during preparation,Stirred during preparation,explicit_preparation_agitation,,stirred at 1200 rpm during addition and aging,,5,0
agitation,stirred before evaporation; static during heating,Stirred before static synthesis,Stirred before static synthesis,stirring_and_explicit_static_stage,,stirred before evaporation; static during heating,,3,2
agitation,"stirred during mixing (600 r/min), then static in autoclave",Stirred before static synthesis,Stirred before static synthesis,stirring_and_explicit_static_stage,,"stirred during mixing (600 r/min), then static in autoclave",,5,0
agitation,"stirred for gelation, then static during crystallization",Stirred before static synthesis,Stirred before static synthesis,stirring_and_explicit_static_stage,,"stirred for gelation, then static during crystallization",,5,0
agitation,stirred to dissolve; static during heating,Stirred before static synthesis,Stirred before static synthesis,stirring_and_explicit_static_stage,,stirred to dissolve; static during heating,,5,0
agitation,stirred vigorously 15 min at RT,Stirred; stage not reported,Stirred; stage not reported,method_without_reaction_stage_evidence,,stirred vigorously 15 min at rt,,4,1
agitation,"stirred, 250 rpm",Stirred; stage not reported,Stirred; stage not reported,method_without_reaction_stage_evidence,,"stirred, 250 rpm",,1,4
agitation,stirred; dropwise addition,Stirred; stage not reported,Stirred; stage not reported,method_without_reaction_stage_evidence,,stirred; dropwise addition,,1,4
agitation,strong stirring (1200 rpm),Stirred; stage not reported,Stirred; stage not reported,method_without_reaction_stage_evidence,,strong stirring (1200 rpm),,5,0
agitation,ultrasonicated 10 min; static during heating,Sonicated before static synthesis,Sonicated before static synthesis,sonication_and_explicit_static_stage,,ultrasonicated 10 min; static during heating,,5,0
agitation,ultrasonicated 30 min; static,Sonicated before static synthesis,Sonicated before static synthesis,sonication_and_explicit_static_stage,,ultrasonicated 30 min; static,,4,1
agitation,ultrasonicated; stirred (pre-mix),Stirred during preparation,Stirred during preparation,explicit_preparation_agitation,,ultrasonicated; stirred (pre-mix),,5,0
agitation,vigorous stirring before sealing; static during heating,Stirred before static synthesis,Stirred before static synthesis,stirring_and_explicit_static_stage,,vigorous stirring before sealing; static during heating,,5,0
agitation,"RPB 1500 rpm, then static",Rotated before static synthesis,Rotated before static synthesis,source_review:10.1039/d4gc01350f:method_and_explicit_static_stage,source_verified_method_stage,"rpb 1500 rpm, then static",,4,0
agitation,dropwise addition under Ar,Not reported,Unclear / ambiguous,unresolved_nonempty_description,no_unique_supported_agitation_state,dropwise addition under ar,Reagent addition alone does not specify agitation.,4,0
agitation,fast stirring,Stirred; stage not reported,Stirred; stage not reported,method_without_reaction_stage_evidence,,fast stirring,,4,0
agitation,pre-stirred 20 min; static during heating,Stirred before static synthesis,Stirred before static synthesis,stirring_and_explicit_static_stage,,pre-stirred 20 min; static during heating,,2,2
agitation,rapidly stirred,Stirred; stage not reported,Stirred; stage not reported,method_without_reaction_stage_evidence,,rapidly stirred,,2,2
agitation,rotating 150 rpm,Rotated; stage not reported,Rotated; stage not reported,method_without_reaction_stage_evidence,,rotating 150 rpm,,4,0
agitation,shaken vigorously,Shaken; stage not reported,Shaken; stage not reported,method_without_reaction_stage_evidence,,shaken vigorously,,4,0
agitation,slow stirring,Stirred; stage not reported,Stirred; stage not reported,method_without_reaction_stage_evidence,,slow stirring,,4,0
agitation,sonicated 2 min; static,Sonicated before static synthesis,Sonicated before static synthesis,sonication_and_explicit_static_stage,,sonicated 2 min; static,,4,0
agitation,sonicated 2 min; static during heating,Sonicated before static synthesis,Sonicated before static synthesis,sonication_and_explicit_static_stage,,sonicated 2 min; static during heating,,1,3
agitation,sonicated 30 min prior; static during solvothermal,Sonicated before static synthesis,Sonicated before static synthesis,sonication_and_explicit_static_stage,,sonicated 30 min prior; static during solvothermal,,4,0
agitation,"sonicated 30 min, then static",Sonicated before static synthesis,Sonicated before static synthesis,sonication_and_explicit_static_stage,,"sonicated 30 min, then static",,4,0
agitation,sonicated 30 min; then heated (static),Sonicated before static synthesis,Sonicated before static synthesis,sonication_and_explicit_static_stage,,sonicated 30 min; then heated (static),,4,0
agitation,static (after initial mixing),Mixed before static synthesis,Mixed before static synthesis,method_and_explicit_static_stage,,static (after initial mixing),,2,2
agitation,static (sonicated 1 min before heating),Sonicated before static synthesis,Sonicated before static synthesis,sonication_and_explicit_static_stage,,static (sonicated 1 min before heating),,2,2
agitation,stirred (10 min at RT) then static,Stirred before static synthesis,Stirred before static synthesis,stirring_and_explicit_static_stage,,stirred (10 min at rt) then static,,4,0
agitation,stirred (100–150 rpm),Stirred; stage not reported,Stirred; stage not reported,method_without_reaction_stage_evidence,,stirred (100-150 rpm),,1,3
agitation,stirred (150 rpm); Solution 2 added dropwise to Solution 1,Stirred; stage not reported,Stirred; stage not reported,method_without_reaction_stage_evidence,,stirred (150 rpm); solution 2 added dropwise to solution 1,,1,3
agitation,stirred (200 rpm) before autoclave; static during heating,Stirred before static synthesis,Stirred before static synthesis,stirring_and_explicit_static_stage,,stirred (200 rpm) before autoclave; static during heating,,4,0
agitation,stirred (30 min at RT prior to sealing),Stirred during preparation,Stirred during preparation,explicit_preparation_agitation,,stirred (30 min at rt prior to sealing),,4,0
agitation,stirred (5 min before sealing),Stirred during preparation,Stirred during preparation,explicit_preparation_agitation,,stirred (5 min before sealing),,4,0
agitation,stirred (600 rpm),Stirred; stage not reported,Stirred; stage not reported,method_without_reaction_stage_evidence,,stirred (600 rpm),,1,3
agitation,stirred (800 rpm),Stirred; stage not reported,Stirred; stage not reported,method_without_reaction_stage_evidence,,stirred (800 rpm),,4,0
agitation,stirred (premix 1 h at ambient temperature),Stirred during preparation,Stirred during preparation,explicit_preparation_agitation,,stirred (premix 1 h at ambient temperature),,4,0
agitation,stirred 0.5 h pre-mix; solvothermal static,Stirred before static synthesis,Stirred before static synthesis,stirring_and_explicit_static_stage,,stirred 0.5 h pre-mix; solvothermal static,,4,0
agitation,"stirred 1 h pre-heating, then static",Stirred before static synthesis,Stirred before static synthesis,stirring_and_explicit_static_stage,,"stirred 1 h pre-heating, then static",,4,0
agitation,"stirred 1 h, then static solvothermal",Stirred before static synthesis,Stirred before static synthesis,stirring_and_explicit_static_stage,,"stirred 1 h, then static solvothermal",,4,0
agitation,stirred 1 h; static 24 h,Stirred before static synthesis,Stirred before static synthesis,stirring_and_explicit_static_stage,,stirred 1 h; static 24 h,,4,0
agitation,stirred 10 min before heating,Stirred during preparation,Stirred during preparation,explicit_preparation_agitation,,stirred 10 min before heating,,4,0
agitation,stirred 15 min at RT; then static solvothermal,Stirred before static synthesis,Stirred before static synthesis,stirring_and_explicit_static_stage,,stirred 15 min at rt; then static solvothermal,,4,0
agitation,"stirred 1–2 min, then static",Stirred before static synthesis,Stirred before static synthesis,stirring_and_explicit_static_stage,,"stirred 1-2 min, then static",,0,4
agitation,stirred 20 min at RT before solvothermal step,Stirred during preparation,Stirred during preparation,explicit_preparation_agitation,,stirred 20 min at rt before solvothermal step,,4,0
agitation,stirred 20 min before sealing; static during heating,Stirred before static synthesis,Stirred before static synthesis,stirring_and_explicit_static_stage,,stirred 20 min before sealing; static during heating,,4,0
agitation,"stirred 20 min, then heated static",Stirred before static synthesis,Stirred before static synthesis,stirring_and_explicit_static_stage,,"stirred 20 min, then heated static",,2,2
agitation,stirred 20 min; layered slow diffusion,Stirred during preparation,Stirred during preparation,explicit_preparation_agitation,,stirred 20 min; layered slow diffusion,,4,0
agitation,stirred 30 min at room temperature before sealing,Stirred during preparation,Stirred during preparation,explicit_preparation_agitation,,stirred 30 min at room temperature before sealing,,4,0
agitation,stirred 30 min before heating; static during solvothermal,Stirred before static synthesis,Stirred before static synthesis,stirring_and_explicit_static_stage,,stirred 30 min before heating; static during solvothermal,,4,0
agitation,stirred 30 min pre-mix; static during heating,Stirred before static synthesis,Stirred before static synthesis,stirring_and_explicit_static_stage,,stirred 30 min pre-mix; static during heating,,4,0
agitation,"stirred 5 min before sealing, then static",Stirred before static synthesis,Stirred before static synthesis,stirring_and_explicit_static_stage,,"stirred 5 min before sealing, then static",,4,0
agitation,stirred 5 min then static,Stirred before static synthesis,Stirred before static synthesis,stirring_and_explicit_static_stage,,stirred 5 min then static,,4,0
agitation,"stirred 5–10 min at RT, then static during solvothermal step",Stirred before static synthesis,Stirred before static synthesis,stirring_and_explicit_static_stage,,"stirred 5-10 min at rt, then static during solvothermal step",,4,0
agitation,stirred before heating; static during solvothermal step,Stirred before static synthesis,Stirred before static synthesis,stirring_and_explicit_static_stage,,stirred before heating; static during solvothermal step,,2,2
agitation,stirred before sealing; static during heat treatment,Stirred before static synthesis,Stirred before static synthesis,stirring_and_explicit_static_stage,,stirred before sealing; static during heat treatment,,4,0
agitation,stirred before solvothermal step,Stirred during preparation,Stirred during preparation,explicit_preparation_agitation,,stirred before solvothermal step,,2,2
agitation,"stirred during mixing, then static",Stirred before static synthesis,Stirred before static synthesis,stirring_and_explicit_static_stage,,"stirred during mixing, then static",,4,0
agitation,stirred during mixing; static after combining,Stirred before static synthesis,Stirred before static synthesis,stirring_and_explicit_static_stage,,stirred during mixing; static after combining,,4,0
agitation,stirred during mixing; static in autoclave,Stirred before static synthesis,Stirred before static synthesis,stirring_and_explicit_static_stage,,stirred during mixing; static in autoclave,,0,4
agitation,stirred overnight before hydrothermal step,Stirred during preparation,Stirred during preparation,explicit_preparation_agitation,,stirred overnight before hydrothermal step,,4,0
agitation,"stirred ~15 min, then static",Stirred before static synthesis,Stirred before static synthesis,stirring_and_explicit_static_stage,,"stirred ~15 min, then static",,4,0
agitation,"stirred, 1000 rpm; metal solution added dropwise via separatory funnel",Stirred; stage not reported,Stirred; stage not reported,method_without_reaction_stage_evidence,,"stirred, 1000 rpm; metal solution added dropwise via separatory funnel",,4,0
agitation,stirred; ultrasonicated 20 min before heating,Stirred during preparation,Stirred during preparation,explicit_preparation_agitation,,stirred; ultrasonicated 20 min before heating,,4,0
agitation,"ultrasonicated, then stirred",Stirred; stage not reported,Stirred; stage not reported,method_without_reaction_stage_evidence,,"ultrasonicated, then stirred",,3,1
agitation,ultrasonication,Sonicated; stage not reported,Sonicated; stage not reported,method_without_reaction_stage_evidence,,ultrasonication,,4,0
agitation,vigorous 5 min before heating,Stirred during preparation,Stirred during preparation,source_review:10.1039/c4ta02568g:explicit_preparation_agitation,source_verified_method_stage,vigorous 5 min before heating,,4,0
agitation,vigorous magnetic stirring before heating; static during heating,Stirred before static synthesis,Stirred before static synthesis,stirring_and_explicit_static_stage,,vigorous magnetic stirring before heating; static during heating,,2,2
agitation,without stirring,No stirring,Static / no stirring,explicit_static_or_no_stirring,shorten_agitation_label,without stirring,,1,3
agitation,"briefly stirred, then static",Stirred before static synthesis,Stirred before static synthesis,stirring_and_explicit_static_stage,,"briefly stirred, then static",,3,0
agitation,constant stirring,Stirred; stage not reported,Stirred; stage not reported,method_without_reaction_stage_evidence,,constant stirring,,1,2
agitation,magnetic stirring in water bath,Stirred; stage not reported,Stirred; stage not reported,method_without_reaction_stage_evidence,,magnetic stirring in water bath,,3,0
agitation,"platform shaker, 120 rpm",Shaken; stage not reported,Shaken; stage not reported,method_without_reaction_stage_evidence,,"platform shaker, 120 rpm",,3,0
agitation,pre-stirred 0.5 h; static during heating,Stirred before static synthesis,Stirred before static synthesis,stirring_and_explicit_static_stage,,pre-stirred 0.5 h; static during heating,,3,0
agitation,pre-stirred 15 min; static during heating,Stirred before static synthesis,Stirred before static synthesis,stirring_and_explicit_static_stage,,pre-stirred 15 min; static during heating,,3,0
agitation,pre-stirred 30 min; static during heating,Stirred before static synthesis,Stirred before static synthesis,stirring_and_explicit_static_stage,,pre-stirred 30 min; static during heating,,3,0
agitation,pre-stirred 5 min; static in cell,Stirred before static synthesis,Stirred before static synthesis,stirring_and_explicit_static_stage,,pre-stirred 5 min; static in cell,,3,0
agitation,pre-stirred ligand solutions 1 h; static diffusion,Stirred before static synthesis,Stirred before static synthesis,stirring_and_explicit_static_stage,,pre-stirred ligand solutions 1 h; static diffusion,,3,0
agitation,reflux,Not reported,Unclear / ambiguous,unresolved_nonempty_description,no_unique_supported_agitation_state,reflux,Heating or irradiation alone does not specify agitation.,3,0
agitation,rotation (30 rpm); 30 min pre-stir before capping,Rotated; stage not reported,Rotated; stage not reported,method_without_reaction_stage_evidence,,rotation (30 rpm); 30 min pre-stir before capping,,3,0
agitation,shaken,Shaken; stage not reported,Shaken; stage not reported,method_without_reaction_stage_evidence,,shaken,,2,1
agitation,sonicated before heating,Sonicated during preparation,Sonicated during preparation,explicit_preparation_agitation,,sonicated before heating,,3,0
agitation,sonicated prior to heating; static during solvothermal,Sonicated before static synthesis,Sonicated before static synthesis,sonication_and_explicit_static_stage,,sonicated prior to heating; static during solvothermal,,1,2
agitation,static (after initial 10 min stirring at RT),Stirred before static synthesis,Stirred before static synthesis,stirring_and_explicit_static_stage,,static (after initial 10 min stirring at rt),,3,0
agitation,static (after initial 15 min stirring),Stirred before static synthesis,Stirred before static synthesis,stirring_and_explicit_static_stage,,static (after initial 15 min stirring),,1,2
agitation,stirred (0.5 h pre-mix),Stirred during preparation,Stirred during preparation,explicit_preparation_agitation,,stirred (0.5 h pre-mix),,2,1
agitation,stirred (10 min before heating),Stirred during preparation,Stirred during preparation,explicit_preparation_agitation,,stirred (10 min before heating),,3,0
agitation,stirred (Cu+MNA solution added dropwise to linker solution),Stirred; stage not reported,Stirred; stage not reported,method_without_reaction_stage_evidence,,stirred (cu+mna solution added dropwise to linker solution),,3,0
agitation,stirred (Cu+NPA solution added dropwise to linker solution),Stirred; stage not reported,Stirred; stage not reported,method_without_reaction_stage_evidence,,stirred (cu+npa solution added dropwise to linker solution),,3,0
agitation,stirred (before sealing),Stirred during preparation,Stirred during preparation,explicit_preparation_agitation,,stirred (before sealing),,1,2
agitation,stirred (metal solution added dropwise to ligand solution),Stirred; stage not reported,Stirred; stage not reported,method_without_reaction_stage_evidence,,stirred (metal solution added dropwise to ligand solution),,3,0
agitation,stirred 0.5 h before autoclave,Stirred during preparation,Stirred during preparation,explicit_preparation_agitation,,stirred 0.5 h before autoclave,,3,0
agitation,stirred 0.5 h before heating,Stirred during preparation,Stirred during preparation,explicit_preparation_agitation,,stirred 0.5 h before heating,,3,0
agitation,stirred 1 h pre-mixing; static during hydrothermal,Stirred before static synthesis,Stirred before static synthesis,stirring_and_explicit_static_stage,,stirred 1 h pre-mixing; static during hydrothermal,,2,1
agitation,"stirred 1 h, then heated",Stirred during preparation,Stirred during preparation,explicit_preparation_agitation,,"stirred 1 h, then heated",,1,2
agitation,stirred 10 min at RT before sealing,Stirred during preparation,Stirred during preparation,explicit_preparation_agitation,,stirred 10 min at rt before sealing,,3,0
agitation,"stirred 10 min at room temperature, then static under autogenous pressure",Stirred before static synthesis,Stirred before static synthesis,stirring_and_explicit_static_stage,,"stirred 10 min at room temperature, then static under autogenous pressure",,3,0
agitation,stirred 10 min before heating; static during heating,Stirred before static synthesis,Stirred before static synthesis,stirring_and_explicit_static_stage,,stirred 10 min before heating; static during heating,,3,0
agitation,stirred 10 min before sealing; static during reaction,Stirred before static synthesis,Stirred before static synthesis,stirring_and_explicit_static_stage,,stirred 10 min before sealing; static during reaction,,3,0
agitation,stirred 10 min pre-mix; static during heating,Stirred before static synthesis,Stirred before static synthesis,stirring_and_explicit_static_stage,,stirred 10 min pre-mix; static during heating,,3,0
agitation,"stirred 10 min, then sealed (static during heating)",Stirred before static synthesis,Stirred before static synthesis,stirring_and_explicit_static_stage,,"stirred 10 min, then sealed (static during heating)",,3,0
agitation,"stirred 10 min, then solvent evaporation under argon stream",Stirred during preparation,Stirred during preparation,explicit_preparation_agitation,,"stirred 10 min, then solvent evaporation under argon stream",,0,3
agitation,stirred 10 min; then static,Stirred before static synthesis,Stirred before static synthesis,stirring_and_explicit_static_stage,,stirred 10 min; then static,,3,0
agitation,"stirred 15 min at 730 rpm, then heated",Stirred during preparation,Stirred during preparation,explicit_preparation_agitation,,"stirred 15 min at 730 rpm, then heated",,3,0
agitation,"stirred 2 h pre-heat, then static",Stirred before static synthesis,Stirred before static synthesis,stirring_and_explicit_static_stage,,"stirred 2 h pre-heat, then static",,3,0
agitation,stirred 2 h; static during heating,Stirred before static synthesis,Stirred before static synthesis,stirring_and_explicit_static_stage,,stirred 2 h; static during heating,,3,0
agitation,stirred 20 min at RT before heating; static during solvothermal stage,Stirred before static synthesis,Stirred before static synthesis,stirring_and_explicit_static_stage,,stirred 20 min at rt before heating; static during solvothermal stage,,1,2
agitation,stirred 20 min before heating,Stirred during preparation,Stirred during preparation,explicit_preparation_agitation,,stirred 20 min before heating,,3,0
agitation,stirred 20 min in air; static during heating,Stirred before static synthesis,Stirred before static synthesis,stirring_and_explicit_static_stage,,stirred 20 min in air; static during heating,,3,0
agitation,"stirred 3 h at RT (premix), then static",Stirred before static synthesis,Stirred before static synthesis,stirring_and_explicit_static_stage,,"stirred 3 h at rt (premix), then static",,3,0
agitation,stirred 3 h then static,Stirred before static synthesis,Stirred before static synthesis,stirring_and_explicit_static_stage,,stirred 3 h then static,,2,1
agitation,stirred 30 min at RT (pre-mix); static during hydrothermal,Stirred before static synthesis,Stirred before static synthesis,stirring_and_explicit_static_stage,,stirred 30 min at rt (pre-mix); static during hydrothermal,,2,1
agitation,stirred 30 min at RT before sealing,Stirred during preparation,Stirred during preparation,explicit_preparation_agitation,,stirred 30 min at rt before sealing,,3,0
agitation,"stirred 30 min at RT, then heated (static)",Stirred before static synthesis,Stirred before static synthesis,stirring_and_explicit_static_stage,,"stirred 30 min at rt, then heated (static)",,1,2
agitation,stirred 30 min before solvothermal; static during heating,Stirred before static synthesis,Stirred before static synthesis,stirring_and_explicit_static_stage,,stirred 30 min before solvothermal; static during heating,,3,0
agitation,stirred 30 min then static 12 h,Stirred before static synthesis,Stirred before static synthesis,stirring_and_explicit_static_stage,,stirred 30 min then static 12 h,,3,0
agitation,"stirred 30 min, then sealed (static during heating)",Stirred before static synthesis,Stirred before static synthesis,stirring_and_explicit_static_stage,,"stirred 30 min, then sealed (static during heating)",,3,0
agitation,stirred 30 min; then heated (static),Stirred before static synthesis,Stirred before static synthesis,stirring_and_explicit_static_stage,,stirred 30 min; then heated (static),,3,0
agitation,stirred 30 min; then static evaporation,Stirred before static synthesis,Stirred before static synthesis,stirring_and_explicit_static_stage,,stirred 30 min; then static evaporation,,1,2
agitation,stirred 40 min before sealing; static during heating,Stirred before static synthesis,Stirred before static synthesis,stirring_and_explicit_static_stage,,stirred 40 min before sealing; static during heating,,3,0
agitation,"stirred 5 min at RT, then static during heating",Stirred before static synthesis,Stirred before static synthesis,stirring_and_explicit_static_stage,,"stirred 5 min at rt, then static during heating",,1,2
agitation,stirred 5 min before sealing; static during heating,Stirred before static synthesis,Stirred before static synthesis,stirring_and_explicit_static_stage,,stirred 5 min before sealing; static during heating,,3,0
agitation,"stirred 60 min at RT, then heated (static)",Stirred before static synthesis,Stirred before static synthesis,stirring_and_explicit_static_stage,,"stirred 60 min at rt, then heated (static)",,3,0
agitation,stirred at 1000 rpm,Stirred; stage not reported,Stirred; stage not reported,method_without_reaction_stage_evidence,,stirred at 1000 rpm,,2,1
agitation,stirred overnight; then static,Stirred before static synthesis,Stirred before static synthesis,stirring_and_explicit_static_stage,,stirred overnight; then static,,3,0
agitation,stirred then heated (solvothermal),Stirred during preparation,Stirred during preparation,explicit_preparation_agitation,,stirred then heated (solvothermal),,1,2
agitation,stirred then sonicated; static during heating,Stirred before static synthesis,Stirred before static synthesis,stirring_and_explicit_static_stage,,stirred then sonicated; static during heating,,3,0
agitation,"stirred to homogeneous, then static",Stirred before static synthesis,Stirred before static synthesis,stirring_and_explicit_static_stage,,"stirred to homogeneous, then static",,3,0
agitation,stirred under sonication,Stirred; stage not reported,Stirred; stage not reported,method_without_reaction_stage_evidence,,stirred under sonication,,3,0
agitation,"stirred, 150 rpm",Stirred; stage not reported,Stirred; stage not reported,method_without_reaction_stage_evidence,,"stirred, 150 rpm",,3,0
agitation,"stirred, 300 rpm",Stirred; stage not reported,Stirred; stage not reported,method_without_reaction_stage_evidence,,"stirred, 300 rpm",,3,0
agitation,"stirred, then static (standing)",Stirred before static synthesis,Stirred before static synthesis,stirring_and_explicit_static_stage,,"stirred, then static (standing)",,3,0
agitation,"stirred, then static aging",Stirred before static synthesis,Stirred before static synthesis,stirring_and_explicit_static_stage,,"stirred, then static aging",,3,0
agitation,stirred; metal solution added to linker solution,Stirred; stage not reported,Stirred; stage not reported,method_without_reaction_stage_evidence,,stirred; metal solution added to linker solution,,1,2
agitation,stirred; sonicated 20 min; sealed static during heating,Stirred before static synthesis,Stirred before static synthesis,stirring_and_explicit_static_stage,,stirred; sonicated 20 min; sealed static during heating,,3,0
agitation,ultrasonic,Sonicated; stage not reported,Sonicated; stage not reported,method_without_reaction_stage_evidence,,ultrasonic,,3,0
agitation,ultrasonic bath to dissolve; then static (no agitation),Sonicated before static synthesis,Sonicated before static synthesis,sonication_and_explicit_static_stage,,ultrasonic bath to dissolve; then static (no agitation),,1,2
agitation,"ultrasonic irradiation, then static evaporation",Sonicated before static synthesis,Sonicated before static synthesis,sonication_and_explicit_static_stage,,"ultrasonic irradiation, then static evaporation",,3,0
agitation,ultrasonicated 20 min before heating; static during heating,Sonicated before static synthesis,Sonicated before static synthesis,sonication_and_explicit_static_stage,,ultrasonicated 20 min before heating; static during heating,,3,0
agitation,"ultrasonicated 30 min, then static",Sonicated before static synthesis,Sonicated before static synthesis,sonication_and_explicit_static_stage,,"ultrasonicated 30 min, then static",,3,0
agitation,ultrasonicated 30 min; static during heating,Sonicated before static synthesis,Sonicated before static synthesis,sonication_and_explicit_static_stage,,ultrasonicated 30 min; static during heating,,3,0
agitation,ultrasonicated 5 min; static during heating,Sonicated before static synthesis,Sonicated before static synthesis,sonication_and_explicit_static_stage,,ultrasonicated 5 min; static during heating,,3,0
agitation,ultrasound bath 5 min; then static,Sonicated before static synthesis,Sonicated before static synthesis,sonication_and_explicit_static_stage,,ultrasound bath 5 min; then static,,0,3
agitation,vigorous stirring 4 h; then static,Stirred before static synthesis,Stirred before static synthesis,stirring_and_explicit_static_stage,,vigorous stirring 4 h; then static,,3,0
agitation,briefly sonicated; static during heating,Sonicated before static synthesis,Sonicated before static synthesis,sonication_and_explicit_static_stage,,briefly sonicated; static during heating,,2,0
agitation,"gentle stirring, maintained to end",Stirred during synthesis,Stirred during synthesis,explicit_reaction_stage_agitation,,"gentle stirring, maintained to end",,2,0
agitation,"homogenized 30 min at RT, then static",Homogenized before static synthesis,Homogenized before static synthesis,method_and_explicit_static_stage,,"homogenized 30 min at rt, then static",,2,0
agitation,homogenized at RT for 60 min before heating,Homogenized during preparation,Homogenized during preparation,explicit_preparation_agitation,,homogenized at rt for 60 min before heating,,1,1
agitation,"initially stirred, then static",Stirred before static synthesis,Stirred before static synthesis,stirring_and_explicit_static_stage,,"initially stirred, then static",,2,0
agitation,magnetic stirring; Solution 2 added dropwise into Solution 1,Stirred; stage not reported,Stirred; stage not reported,method_without_reaction_stage_evidence,,magnetic stirring; solution 2 added dropwise into solution 1,,2,0
agitation,magnetically stirred 0.5 h before sealing,Stirred during preparation,Stirred during preparation,explicit_preparation_agitation,,magnetically stirred 0.5 h before sealing,,2,0
agitation,mechanical stirring (450 rpm),Stirred; stage not reported,Stirred; stage not reported,method_without_reaction_stage_evidence,,mechanical stirring (450 rpm),,1,1
agitation,"pre-stirred 30 min, ultrasonicated 15 min; static during heating",Stirred before static synthesis,Stirred before static synthesis,stirring_and_explicit_static_stage,,"pre-stirred 30 min, ultrasonicated 15 min; static during heating",,2,0
agitation,premix stirred 1 h; then static slow diffusion layering,Stirred before static synthesis,Stirred before static synthesis,stirring_and_explicit_static_stage,,premix stirred 1 h; then static slow diffusion layering,,2,0
agitation,rapid solvent mixing,Mixed; stage not reported,Mixed; stage not reported,method_without_reaction_stage_evidence,,rapid solvent mixing,,2,0
agitation,rapid stirring during in situ data collection,Stirred; stage not reported,Stirred; stage not reported,method_without_reaction_stage_evidence,,rapid stirring during in situ data collection,,1,1
agitation,shaken at 50 rpm (horizontal rotary shaker),Shaken; stage not reported,Shaken; stage not reported,method_without_reaction_stage_evidence,,shaken at 50 rpm (horizontal rotary shaker),,1,1
agitation,"shaken briefly, then static",Shaken before static synthesis,Shaken before static synthesis,method_and_explicit_static_stage,,"shaken briefly, then static",,1,1
agitation,"sonicated (pre-dissolution), then heated",Sonicated during preparation,Sonicated during preparation,explicit_preparation_agitation,,"sonicated (pre-dissolution), then heated",,2,0
agitation,sonicated 0.5 h; static,Sonicated before static synthesis,Sonicated before static synthesis,sonication_and_explicit_static_stage,,sonicated 0.5 h; static,,2,0
agitation,sonicated 1 min before heating,Sonicated during preparation,Sonicated during preparation,explicit_preparation_agitation,,sonicated 1 min before heating,,2,0
agitation,sonicated 10 min; then static during heating,Sonicated before static synthesis,Sonicated before static synthesis,sonication_and_explicit_static_stage,,sonicated 10 min; then static during heating,,2,0
agitation,sonicated 15 min before heating,Sonicated during preparation,Sonicated during preparation,explicit_preparation_agitation,,sonicated 15 min before heating,,2,0
agitation,sonicated 15 min; static during heating,Sonicated before static synthesis,Sonicated before static synthesis,sonication_and_explicit_static_stage,,sonicated 15 min; static during heating,,2,0
agitation,"sonicated 20 min, then static heat",Sonicated before static synthesis,Sonicated before static synthesis,sonication_and_explicit_static_stage,,"sonicated 20 min, then static heat",,2,0
agitation,sonicated 20 min; then static,Sonicated before static synthesis,Sonicated before static synthesis,sonication_and_explicit_static_stage,,sonicated 20 min; then static,,2,0
agitation,sonicated 30 min before heating,Sonicated during preparation,Sonicated during preparation,explicit_preparation_agitation,,sonicated 30 min before heating,,1,1
agitation,sonicated 30 s; static in oven,Sonicated before static synthesis,Sonicated before static synthesis,sonication_and_explicit_static_stage,,sonicated 30 s; static in oven,,1,1
agitation,"sonicated 5 min, then static (capped)",Sonicated before static synthesis,Sonicated before static synthesis,sonication_and_explicit_static_stage,,"sonicated 5 min, then static (capped)",,2,0
agitation,sonicated before heating; static during heating,Sonicated before static synthesis,Sonicated before static synthesis,sonication_and_explicit_static_stage,,sonicated before heating; static during heating,,2,0
agitation,"sonicated briefly, then static",Sonicated before static synthesis,Sonicated before static synthesis,sonication_and_explicit_static_stage,,"sonicated briefly, then static",,0,2
agitation,"sonicated until dissolution, then static heating",Sonicated before static synthesis,Sonicated before static synthesis,sonication_and_explicit_static_stage,,"sonicated until dissolution, then static heating",,2,0
agitation,sonicated ~5 min before heating; then static,Sonicated before static synthesis,Sonicated before static synthesis,sonication_and_explicit_static_stage,,sonicated ~5 min before heating; then static,,2,0
agitation,sonicated; static,Sonicated before static synthesis,Sonicated before static synthesis,sonication_and_explicit_static_stage,,sonicated; static,,2,0
agitation,static (after 10 min initial stirring to prepare stock),Stirred before static synthesis,Stirred before static synthesis,stirring_and_explicit_static_stage,,static (after 10 min initial stirring to prepare stock),,1,1
agitation,static (after 10 min sonication),Sonicated before static synthesis,Sonicated before static synthesis,sonication_and_explicit_static_stage,,static (after 10 min sonication),,2,0
agitation,static (after initial stirring during mixing),Stirred before static synthesis,Stirred before static synthesis,stirring_and_explicit_static_stage,,static (after initial stirring during mixing),,2,0
agitation,static (after initial stirring),Stirred before static synthesis,Stirred before static synthesis,stirring_and_explicit_static_stage,,static (after initial stirring),,2,0
agitation,static (diffusion),No stirring,Static / no stirring,explicit_static_or_no_stirring,shorten_agitation_label,static (diffusion),,2,0
agitation,static (evaporative crystallisation),No stirring,Static / no stirring,explicit_static_or_no_stirring,shorten_agitation_label,static (evaporative crystallisation),,0,2
agitation,static (stirred 30 min before heating),Stirred before static synthesis,Stirred before static synthesis,stirring_and_explicit_static_stage,,static (stirred 30 min before heating),,2,0
agitation,static (stirred at RT before sealing),Stirred before static synthesis,Stirred before static synthesis,stirring_and_explicit_static_stage,,static (stirred at rt before sealing),,1,1
agitation,static (undisturbed layering),No stirring,Static / no stirring,explicit_static_or_no_stirring,shorten_agitation_label,static (undisturbed layering),,2,0
agitation,static diffusion,No stirring,Static / no stirring,explicit_static_or_no_stirring,shorten_agitation_label,static diffusion,,2,0
agitation,static during heating; sonicated 10 min before heating,Sonicated before static synthesis,Sonicated before static synthesis,sonication_and_explicit_static_stage,,static during heating; sonicated 10 min before heating,,2,0
agitation,static; cooled at 10 °C h−1,No stirring,Static / no stirring,explicit_static_or_no_stirring,shorten_agitation_label,static; cooled at 10 °c h-1,,2,0
agitation,static; kept in darkness,No stirring,Static / no stirring,explicit_static_or_no_stirring,shorten_agitation_label,static; kept in darkness,,2,0
agitation,static; sonicated initially,Sonicated before static synthesis,Sonicated before static synthesis,sonication_and_explicit_static_stage,,static; sonicated initially,,0,2
agitation,static; sonicated pre-mix,Sonicated before static synthesis,Sonicated before static synthesis,sonication_and_explicit_static_stage,,static; sonicated pre-mix,,2,0
agitation,static; ultrasonicated 30 min before heating,Sonicated before static synthesis,Sonicated before static synthesis,sonication_and_explicit_static_stage,,static; ultrasonicated 30 min before heating,,2,0
agitation,stirred (0.5 h pre-heat),Stirred during preparation,Stirred during preparation,explicit_preparation_agitation,,stirred (0.5 h pre-heat),,2,0
agitation,stirred (1 h pre-mix),Stirred during preparation,Stirred during preparation,explicit_preparation_agitation,,stirred (1 h pre-mix),,2,0
agitation,stirred (10 min) then static,Stirred before static synthesis,Stirred before static synthesis,stirring_and_explicit_static_stage,,stirred (10 min) then static,,2,0
agitation,stirred (200 rpm),Stirred; stage not reported,Stirred; stage not reported,method_without_reaction_stage_evidence,,stirred (200 rpm),,1,1
agitation,"stirred (3 h pre-stir), then static during heating",Stirred before static synthesis,Stirred before static synthesis,stirring_and_explicit_static_stage,,"stirred (3 h pre-stir), then static during heating",,1,1
agitation,stirred (30 min at RT before autoclave),Stirred during preparation,Stirred during preparation,explicit_preparation_agitation,,stirred (30 min at rt before autoclave),,2,0
agitation,stirred (30 min at RT) then heated,Stirred during preparation,Stirred during preparation,explicit_preparation_agitation,,stirred (30 min at rt) then heated,,2,0
agitation,stirred (30 min pre-stir),Stirred during preparation,Stirred during preparation,explicit_preparation_agitation,,stirred (30 min pre-stir),,2,0
agitation,stirred (5 min pre-mix),Stirred during preparation,Stirred during preparation,explicit_preparation_agitation,,stirred (5 min pre-mix),,1,1
agitation,stirred (~800 RPM),Stirred; stage not reported,Stirred; stage not reported,method_without_reaction_stage_evidence,,stirred (~800 rpm),,2,0
agitation,stirred 0.5 h at RT before heating,Stirred during preparation,Stirred during preparation,explicit_preparation_agitation,,stirred 0.5 h at rt before heating,,2,0
agitation,"stirred 0.5 h at RT, then static",Stirred before static synthesis,Stirred before static synthesis,stirring_and_explicit_static_stage,,"stirred 0.5 h at rt, then static",,2,0
agitation,stirred 0.5 h at RT; static during heating,Stirred before static synthesis,Stirred before static synthesis,stirring_and_explicit_static_stage,,stirred 0.5 h at rt; static during heating,,2,0
agitation,stirred 0.5 h before heating; static during heating,Stirred before static synthesis,Stirred before static synthesis,stirring_and_explicit_static_stage,,stirred 0.5 h before heating; static during heating,,2,0
agitation,stirred 0.5 h before heating; static during solvothermal,Stirred before static synthesis,Stirred before static synthesis,stirring_and_explicit_static_stage,,stirred 0.5 h before heating; static during solvothermal,,1,1
agitation,"stirred 0.5 h in air, then static",Stirred before static synthesis,Stirred before static synthesis,stirring_and_explicit_static_stage,,"stirred 0.5 h in air, then static",,2,0
agitation,stirred 0.5 h preheat; static during heating,Stirred before static synthesis,Stirred before static synthesis,stirring_and_explicit_static_stage,,stirred 0.5 h preheat; static during heating,,2,0
agitation,"stirred 0.5 h, then static slow evaporation",Stirred before static synthesis,Stirred before static synthesis,stirring_and_explicit_static_stage,,"stirred 0.5 h, then static slow evaporation",,2,0
agitation,stirred 0.5 h; then static for crystallization,Stirred before static synthesis,Stirred before static synthesis,stirring_and_explicit_static_stage,,stirred 0.5 h; then static for crystallization,,2,0
agitation,stirred 1 h,Stirred; stage not reported,Stirred; stage not reported,method_without_reaction_stage_evidence,,stirred 1 h,,2,0
agitation,stirred 1 h at RT before heating,Stirred during preparation,Stirred during preparation,explicit_preparation_agitation,,stirred 1 h at rt before heating,,2,0
agitation,"stirred 1 h at RT, then static in autoclave",Stirred before static synthesis,Stirred before static synthesis,stirring_and_explicit_static_stage,,"stirred 1 h at rt, then static in autoclave",,2,0
agitation,stirred 1 h at room temperature; then static during solvothermal step,Stirred before static synthesis,Stirred before static synthesis,stirring_and_explicit_static_stage,,stirred 1 h at room temperature; then static during solvothermal step,,2,0
agitation,stirred 1 h pre-heating,Stirred during preparation,Stirred during preparation,explicit_preparation_agitation,,stirred 1 h pre-heating,,2,0
agitation,stirred 1 h; static during heating,Stirred before static synthesis,Stirred before static synthesis,stirring_and_explicit_static_stage,,stirred 1 h; static during heating,,2,0
agitation,stirred 10 h pre-mix; static during heating,Stirred before static synthesis,Stirred before static synthesis,stirring_and_explicit_static_stage,,stirred 10 h pre-mix; static during heating,,1,1
agitation,"stirred 10 min (pre-mix), static in autoclave",Stirred before static synthesis,Stirred before static synthesis,stirring_and_explicit_static_stage,,"stirred 10 min (pre-mix), static in autoclave",,2,0
agitation,"stirred 10 min at RT, then static heating",Stirred before static synthesis,Stirred before static synthesis,stirring_and_explicit_static_stage,,"stirred 10 min at rt, then static heating",,0,2
agitation,"stirred 10 min before sealing, then static",Stirred before static synthesis,Stirred before static synthesis,stirring_and_explicit_static_stage,,"stirred 10 min before sealing, then static",,2,0
agitation,stirred 10 min before sealing; static during heating under autogenous pressure,Stirred before static synthesis,Stirred before static synthesis,stirring_and_explicit_static_stage,,stirred 10 min before sealing; static during heating under autogenous pressure,,2,0
agitation,"stirred 10 min, then sealed and heated",Stirred during preparation,Stirred during preparation,explicit_preparation_agitation,,"stirred 10 min, then sealed and heated",,2,0
agitation,"stirred 10 min, then static under autogenous pressure",Stirred before static synthesis,Stirred before static synthesis,stirring_and_explicit_static_stage,,"stirred 10 min, then static under autogenous pressure",,2,0
agitation,"stirred 10 min, then static; slow cooled 5 K h−1",Stirred before static synthesis,Stirred before static synthesis,stirring_and_explicit_static_stage,,"stirred 10 min, then static; slow cooled 5 k h-1",,2,0
agitation,"stirred 10 s, then static",Stirred before static synthesis,Stirred before static synthesis,stirring_and_explicit_static_stage,,"stirred 10 s, then static",,2,0
agitation,stirred 1000 rpm,Stirred; stage not reported,Stirred; stage not reported,method_without_reaction_stage_evidence,,stirred 1000 rpm,,0,2
agitation,"stirred 12 h pre-mix, then static",Stirred before static synthesis,Stirred before static synthesis,stirring_and_explicit_static_stage,,"stirred 12 h pre-mix, then static",,2,0
agitation,stirred 15 min at RT to dissolve; static during heating,Stirred before static synthesis,Stirred before static synthesis,stirring_and_explicit_static_stage,,stirred 15 min at rt to dissolve; static during heating,,2,0
agitation,stirred 15 min at RT; then heated (static),Stirred before static synthesis,Stirred before static synthesis,stirring_and_explicit_static_stage,,stirred 15 min at rt; then heated (static),,2,0
agitation,stirred 15 min before heating; static during heating,Stirred before static synthesis,Stirred before static synthesis,stirring_and_explicit_static_stage,,stirred 15 min before heating; static during heating,,2,0
agitation,stirred 2 h at RT before sealing; static during heating,Stirred before static synthesis,Stirred before static synthesis,stirring_and_explicit_static_stage,,stirred 2 h at rt before sealing; static during heating,,2,0
agitation,stirred 2 h before autoclave,Stirred during preparation,Stirred during preparation,explicit_preparation_agitation,,stirred 2 h before autoclave,,2,0
agitation,stirred 2 h before sealing,Stirred during preparation,Stirred during preparation,explicit_preparation_agitation,,stirred 2 h before sealing,,2,0
agitation,stirred 2 h prior to heating,Stirred during preparation,Stirred during preparation,explicit_preparation_agitation,,stirred 2 h prior to heating,,2,0
agitation,stirred 20 min at RT before heating,Stirred during preparation,Stirred during preparation,explicit_preparation_agitation,,stirred 20 min at rt before heating,,2,0
agitation,stirred 20 min before heating; then static,Stirred before static synthesis,Stirred before static synthesis,stirring_and_explicit_static_stage,,stirred 20 min before heating; then static,,2,0
agitation,stirred 20 min before transfer; static during heating,Stirred before static synthesis,Stirred before static synthesis,stirring_and_explicit_static_stage,,stirred 20 min before transfer; static during heating,,2,0
agitation,stirred 20 min then static under autogenous pressure,Stirred before static synthesis,Stirred before static synthesis,stirring_and_explicit_static_stage,,stirred 20 min then static under autogenous pressure,,2,0
agitation,"stirred 3 h at RT, then static",Stirred before static synthesis,Stirred before static synthesis,stirring_and_explicit_static_stage,,"stirred 3 h at rt, then static",,2,0
agitation,"stirred 3 h at RT, then static during solvothermal step",Stirred before static synthesis,Stirred before static synthesis,stirring_and_explicit_static_stage,,"stirred 3 h at rt, then static during solvothermal step",,2,0
agitation,stirred 3 h pre-mix; static during heating,Stirred before static synthesis,Stirred before static synthesis,stirring_and_explicit_static_stage,,stirred 3 h pre-mix; static during heating,,2,0
agitation,"stirred 30 min at RT pre-mix, then static during heating",Stirred before static synthesis,Stirred before static synthesis,stirring_and_explicit_static_stage,,"stirred 30 min at rt pre-mix, then static during heating",,2,0
agitation,"stirred 30 min at RT, then held",Stirred during preparation,Stirred during preparation,explicit_preparation_agitation,,"stirred 30 min at rt, then held",,2,0
agitation,"stirred 30 min at RT, then sealed and heated (static)",Stirred before static synthesis,Stirred before static synthesis,stirring_and_explicit_static_stage,,"stirred 30 min at rt, then sealed and heated (static)",,2,0
agitation,stirred 30 min before heating; then static,Stirred before static synthesis,Stirred before static synthesis,stirring_and_explicit_static_stage,,stirred 30 min before heating; then static,,2,0
agitation,stirred 30 min before transfer; static during heating,Stirred before static synthesis,Stirred before static synthesis,stirring_and_explicit_static_stage,,stirred 30 min before transfer; static during heating,,2,0
agitation,stirred 30 min pre-seal; static during heating,Stirred before static synthesis,Stirred before static synthesis,stirring_and_explicit_static_stage,,stirred 30 min pre-seal; static during heating,,2,0
agitation,stirred 30 min prior to heating,Stirred during preparation,Stirred during preparation,explicit_preparation_agitation,,stirred 30 min prior to heating,,2,0
agitation,"stirred 30 min, then static slow evaporation",Stirred before static synthesis,Stirred before static synthesis,stirring_and_explicit_static_stage,,"stirred 30 min, then static slow evaporation",,2,0
agitation,stirred 4 h before heating,Stirred during preparation,Stirred during preparation,explicit_preparation_agitation,,stirred 4 h before heating,,2,0
agitation,stirred 400 rpm for 20 min before heating,Stirred during preparation,Stirred during preparation,explicit_preparation_agitation,,stirred 400 rpm for 20 min before heating,,2,0
agitation,stirred 5 min before heating,Stirred during preparation,Stirred during preparation,explicit_preparation_agitation,,stirred 5 min before heating,,2,0
agitation,stirred 5 min before sealing,Stirred during preparation,Stirred during preparation,explicit_preparation_agitation,,stirred 5 min before sealing,,2,0
agitation,"stirred 5 min, then sealed and heated",Stirred during preparation,Stirred during preparation,explicit_preparation_agitation,,"stirred 5 min, then sealed and heated",,2,0
agitation,stirred 6 h at 500 rpm; static during vapor diffusion,Stirred before static synthesis,Stirred before static synthesis,stirring_and_explicit_static_stage,,stirred 6 h at 500 rpm; static during vapor diffusion,,2,0
agitation,stirred 60 min before sealing,Stirred during preparation,Stirred during preparation,explicit_preparation_agitation,,stirred 60 min before sealing,,2,0
agitation,stirred at 300 rpm during precursor step; then static under vacuum,Stirred before static synthesis,Stirred before static synthesis,stirring_and_explicit_static_stage,,stirred at 300 rpm during precursor step; then static under vacuum,,2,0
agitation,"stirred at RT 4 h, then static under hydrothermal conditions",Stirred before static synthesis,Stirred before static synthesis,stirring_and_explicit_static_stage,,"stirred at rt 4 h, then static under hydrothermal conditions",,2,0
agitation,stirred at RT a few minutes; then static,Stirred before static synthesis,Stirred before static synthesis,stirring_and_explicit_static_stage,,stirred at rt a few minutes; then static,,2,0
agitation,stirred at RT for 30 min before sealing,Stirred during preparation,Stirred during preparation,explicit_preparation_agitation,,stirred at rt for 30 min before sealing,,2,0
agitation,"stirred ca. 30 min, then static",Stirred before static synthesis,Stirred before static synthesis,stirring_and_explicit_static_stage,,"stirred ca. 30 min, then static",,2,0
agitation,stirred during mixing; static for crystallization,Stirred before static synthesis,Stirred before static synthesis,stirring_and_explicit_static_stage,,stirred during mixing; static for crystallization,,2,0
agitation,"stirred overnight, then static",Stirred before static synthesis,Stirred before static synthesis,stirring_and_explicit_static_stage,,"stirred overnight, then static",,2,0
agitation,stirred prior to heating; metal solution added to linker solution,Stirred during preparation,Stirred during preparation,explicit_preparation_agitation,,stirred prior to heating; metal solution added to linker solution,,1,1
agitation,stirred prior to sealing; static during heating,Stirred before static synthesis,Stirred before static synthesis,stirring_and_explicit_static_stage,,stirred prior to sealing; static during heating,,2,0
agitation,stirred to dissolve; static in autoclave,Stirred before static synthesis,Stirred before static synthesis,stirring_and_explicit_static_stage,,stirred to dissolve; static in autoclave,,2,0
agitation,stirred under ultrasonic for 0.5 h; static during heating,Stirred before static synthesis,Stirred before static synthesis,stirring_and_explicit_static_stage,,stirred under ultrasonic for 0.5 h; static during heating,,2,0
agitation,stirred ~0.5 h before sealing,Stirred during preparation,Stirred during preparation,explicit_preparation_agitation,,stirred ~0.5 h before sealing,,2,0
agitation,"stirred ~15 min, then static (sealed)",Stirred before static synthesis,Stirred before static synthesis,stirring_and_explicit_static_stage,,"stirred ~15 min, then static (sealed)",,2,0
agitation,stirred ~2 h at RT before heating,Stirred during preparation,Stirred during preparation,explicit_preparation_agitation,,stirred ~2 h at rt before heating,,2,0
agitation,stirred ~3 h at RT before heating,Stirred during preparation,Stirred during preparation,explicit_preparation_agitation,,stirred ~3 h at rt before heating,,2,0
agitation,stirred ~3 h at RT prior to heating,Stirred during preparation,Stirred during preparation,explicit_preparation_agitation,,stirred ~3 h at rt prior to heating,,2,0
agitation,stirred ~5 min before filtration; static during hydrothermal step,Stirred before static synthesis,Stirred before static synthesis,stirring_and_explicit_static_stage,,stirred ~5 min before filtration; static during hydrothermal step,,2,0
agitation,"stirred, sonicated",Stirred; stage not reported,Stirred; stage not reported,method_without_reaction_stage_evidence,,"stirred, sonicated",,2,0
agitation,stirred; 0.5 h RT pre-stir,Stirred during preparation,Stirred during preparation,explicit_preparation_agitation,,stirred; 0.5 h rt pre-stir,,2,0
agitation,stirred; Solution 2 added dropwise to Solution 1,Stirred; stage not reported,Stirred; stage not reported,method_without_reaction_stage_evidence,,stirred; solution 2 added dropwise to solution 1,,2,0
agitation,stirred; dropwise mixing,Stirred; stage not reported,Stirred; stage not reported,method_without_reaction_stage_evidence,,stirred; dropwise mixing,,2,0
agitation,stirred; sonicated 5 min,Stirred; stage not reported,Stirred; stage not reported,method_without_reaction_stage_evidence,,stirred; sonicated 5 min,,2,0
agitation,stirred; static diffusion,Stirred before static synthesis,Stirred before static synthesis,stirring_and_explicit_static_stage,,stirred; static diffusion,,2,0
agitation,stirred; static during solvothermal step,Stirred before static synthesis,Stirred before static synthesis,stirring_and_explicit_static_stage,,stirred; static during solvothermal step,,2,0
agitation,ultrasonic + stirred 2 h before solvothermal; static during heating,Stirred before static synthesis,Stirred before static synthesis,stirring_and_explicit_static_stage,,ultrasonic + stirred 2 h before solvothermal; static during heating,,2,0
agitation,ultrasonicated 30 min before sealing; static during heating,Sonicated before static synthesis,Sonicated before static synthesis,sonication_and_explicit_static_stage,,ultrasonicated 30 min before sealing; static during heating,,2,0
agitation,ultrasonicated 5 min; static,Sonicated before static synthesis,Sonicated before static synthesis,sonication_and_explicit_static_stage,,ultrasonicated 5 min; static,,2,0
agitation,undisturbed,No stirring,Static / no stirring,explicit_static_or_no_stirring,shorten_agitation_label,undisturbed,,1,1
agitation,"vigorous for 1 h, then constant for 3 h",Stirred during synthesis,Stirred during synthesis,source_review:10.1039/d1qi01562a:explicit_reaction_stage_agitation,source_verified_method_stage,"vigorous for 1 h, then constant for 3 h",,2,0
agitation,"vigorous stirring on mixing, then static",Stirred before static synthesis,Stirred before static synthesis,stirring_and_explicit_static_stage,,"vigorous stirring on mixing, then static",,0,2
agitation,"vigorous stirring ~30 min, then aged without stirring",Stirred before static synthesis,Stirred before static synthesis,stirring_and_explicit_static_stage,,"vigorous stirring ~30 min, then aged without stirring",,2,0
agitation,vigorous stirring; then static for evaporation,Stirred before static synthesis,Stirred before static synthesis,stirring_and_explicit_static_stage,,vigorous stirring; then static for evaporation,,2,0
agitation,"vigorously stirred 20 min, then aged",Stirred during preparation,Stirred during preparation,explicit_preparation_agitation,,"vigorously stirred 20 min, then aged",,2,0
agitation,500 rpm,Stirred during synthesis,Stirred during synthesis,source_review:10.1039/d4gc01350f:explicit_reaction_stage_agitation,source_verified_method_stage,500 rpm,,1,0
agitation,C12Gua in H2O 10 min at RT; then Cu(OAc)2 stirred 1 h; BTC added; vigorous 5 min before heating,Stirred during preparation,Stirred during preparation,explicit_preparation_agitation,,c12gua in h2o 10 min at rt; then cu(oac)2 stirred 1 h; btc added; vigorous 5 min before heating,,1,0
agitation,"Mixed 10 min under stirring, then left standing at RT for 20 days",Stirred before static synthesis,Stirred before static synthesis,stirring_and_explicit_static_stage,,"mixed 10 min under stirring, then left standing at rt for 20 days",,1,0
agitation,RPB 1500 rpm,Rotated during synthesis,Rotated during synthesis,source_review:10.1039/d4gc01350f:explicit_reaction_stage_agitation,source_verified_method_stage,rpb 1500 rpm,,1,0
agitation,aged (static),No stirring,Static / no stirring,explicit_static_or_no_stirring,shorten_agitation_label,aged (static),,1,0
agitation,agitated,Stirred during preparation,Stirred during preparation,source_review:10.1002/adma.201901570:explicit_preparation_agitation,source_verified_method_stage,agitated,,1,0
agitation,"agitated 30 min, then static",Agitated before static synthesis,Agitated before static synthesis,method_and_explicit_static_stage,,"agitated 30 min, then static",,1,0
agitation,"agitated ~20 s, then static",Agitated before static synthesis,Agitated before static synthesis,method_and_explicit_static_stage,,"agitated ~20 s, then static",,1,0
agitation,"brief stir, then static",Stirred before static synthesis,Stirred before static synthesis,stirring_and_explicit_static_stage,,"brief stir, then static",,0,1
agitation,briefly stirred,Stirred; stage not reported,Stirred; stage not reported,method_without_reaction_stage_evidence,,briefly stirred,,1,0
agitation,"briefly stirred 20 s, then static",Stirred before static synthesis,Stirred before static synthesis,stirring_and_explicit_static_stage,,"briefly stirred 20 s, then static",,1,0
agitation,briefly vortexed,Vortexed; stage not reported,Vortexed; stage not reported,method_without_reaction_stage_evidence,,briefly vortexed,,1,0
agitation,constantly stirred,Stirred; stage not reported,Stirred; stage not reported,method_without_reaction_stage_evidence,,constantly stirred,,1,0
agitation,"gentle stirring during addition, then static",Stirred before static synthesis,Stirred before static synthesis,stirring_and_explicit_static_stage,,"gentle stirring during addition, then static",,1,0
agitation,"gentle stirring, tube rotator 20 rpm",Rotated; stage not reported,Rotated; stage not reported,method_without_reaction_stage_evidence,,"gentle stirring, tube rotator 20 rpm",,1,0
agitation,"gentle stirring; batch addition of oxalic acid (5 rounds, 1 min interval)",Stirred; stage not reported,Stirred; stage not reported,method_without_reaction_stage_evidence,,"gentle stirring; batch addition of oxalic acid (5 rounds, 1 min interval)",,1,0
agitation,gently heated with stirring; then static,Stirred before static synthesis,Stirred before static synthesis,stirring_and_explicit_static_stage,,gently heated with stirring; then static,,1,0
agitation,gently stirred; under N2,Stirred; stage not reported,Stirred; stage not reported,method_without_reaction_stage_evidence,,gently stirred; under n2,,1,0
agitation,magnetic agitation,Stirred; stage not reported,Stirred; stage not reported,method_without_reaction_stage_evidence,,magnetic agitation,,1,0
agitation,magnetic stirring 18 h at RT prior to autoclave,Stirred during preparation,Stirred during preparation,explicit_preparation_agitation,,magnetic stirring 18 h at rt prior to autoclave,,1,0
agitation,"magnetic stirring to mix, then hydrothermal (static)",Stirred before static synthesis,Stirred before static synthesis,stirring_and_explicit_static_stage,,"magnetic stirring to mix, then hydrothermal (static)",,1,0
agitation,"magnetic stirring, 900 r/min",Stirred; stage not reported,Stirred; stage not reported,method_without_reaction_stage_evidence,,"magnetic stirring, 900 r/min",,1,0
agitation,magnetically stirred,Stirred; stage not reported,Stirred; stage not reported,method_without_reaction_stage_evidence,,magnetically stirred,,1,0
agitation,magnetically stirred 30 min at RT before autoclave,Stirred during preparation,Stirred during preparation,explicit_preparation_agitation,,magnetically stirred 30 min at rt before autoclave,,1,0
agitation,mechanical stirring,Stirred; stage not reported,Stirred; stage not reported,method_without_reaction_stage_evidence,,mechanical stirring,,1,0
agitation,mechanically stirred,Stirred; stage not reported,Stirred; stage not reported,method_without_reaction_stage_evidence,,mechanically stirred,,1,0
agitation,microwave irradiation,Not reported,Unclear / ambiguous,unresolved_nonempty_description,no_unique_supported_agitation_state,microwave irradiation,Heating or irradiation alone does not specify agitation.,1,0
agitation,"mixed 10 s, then static",Mixed before static synthesis,Mixed before static synthesis,method_and_explicit_static_stage,,"mixed 10 s, then static",,1,0
agitation,mixed under stirring then kept at 80 °C for 12 h,Stirred during preparation,Stirred during preparation,explicit_preparation_agitation,,mixed under stirring then kept at 80 °c for 12 h,,1,0
agitation,"mixed, then static",Mixed before static synthesis,Mixed before static synthesis,method_and_explicit_static_stage,,"mixed, then static",,1,0
agitation,"no stirring, air atmosphere",No stirring,Static / no stirring,explicit_static_or_no_stirring,shorten_agitation_label,"no stirring, air atmosphere",,1,0
agitation,not_reported,Not reported,Not reported,missing,,not reported,,1,0
agitation,pre-dissolved HL2 in DMF at 70 °C for 5 min; stirred 30 min at RT before heating,Stirred during preparation,Stirred during preparation,explicit_preparation_agitation,,pre-dissolved hl2 in dmf at 70 °c for 5 min; stirred 30 min at rt before heating,,1,0
agitation,pre-mix stirred 30 min; static during solvothermal,Stirred before static synthesis,Stirred before static synthesis,stirring_and_explicit_static_stage,,pre-mix stirred 30 min; static during solvothermal,,1,0
agitation,"pre-stirred 0.5 h in air, then static under autogenous pressure",Stirred before static synthesis,Stirred before static synthesis,stirring_and_explicit_static_stage,,"pre-stirred 0.5 h in air, then static under autogenous pressure",,1,0
agitation,"pre-stirred 1 h, then static during heating",Stirred before static synthesis,Stirred before static synthesis,stirring_and_explicit_static_stage,,"pre-stirred 1 h, then static during heating",,1,0
agitation,pre-stirred 10 min; static during solvothermal,Stirred before static synthesis,Stirred before static synthesis,stirring_and_explicit_static_stage,,pre-stirred 10 min; static during solvothermal,,1,0
agitation,pre-stirred 12 h at RT before solvothermal; then static,Stirred before static synthesis,Stirred before static synthesis,stirring_and_explicit_static_stage,,pre-stirred 12 h at rt before solvothermal; then static,,1,0
agitation,"pre-stirred 15 min, then static",Stirred before static synthesis,Stirred before static synthesis,stirring_and_explicit_static_stage,,"pre-stirred 15 min, then static",,1,0
agitation,"pre-stirred 30 min, then static",Stirred before static synthesis,Stirred before static synthesis,stirring_and_explicit_static_stage,,"pre-stirred 30 min, then static",,1,0
agitation,pre-stirred 30 min; static in autoclave,Stirred before static synthesis,Stirred before static synthesis,stirring_and_explicit_static_stage,,pre-stirred 30 min; static in autoclave,,1,0
agitation,"pre-stirred 5 min, then static",Stirred before static synthesis,Stirred before static synthesis,stirring_and_explicit_static_stage,,"pre-stirred 5 min, then static",,1,0
agitation,pre-stirred 60 min; static during heating,Stirred before static synthesis,Stirred before static synthesis,stirring_and_explicit_static_stage,,pre-stirred 60 min; static during heating,,1,0
agitation,rotated (1.1 kHz MAS),Rotated during synthesis,Rotated during synthesis,source_review:10.1021/ic402198a:explicit_reaction_stage_agitation,source_verified_method_stage,rotated (1.1 khz mas),,1,0
agitation,rotated at 4 rpm (homogeneous reactor),Rotated; stage not reported,Rotated; stage not reported,method_without_reaction_stage_evidence,,rotated at 4 rpm (homogeneous reactor),,1,0
agitation,rotated at 40 rpm,Rotated; stage not reported,Rotated; stage not reported,method_without_reaction_stage_evidence,,rotated at 40 rpm,,1,0
agitation,rotating 100 rpm,Rotated; stage not reported,Rotated; stage not reported,method_without_reaction_stage_evidence,,rotating 100 rpm,,1,0
agitation,rotating 120 rpm,Rotated; stage not reported,Rotated; stage not reported,method_without_reaction_stage_evidence,,rotating 120 rpm,,1,0
agitation,rotating 56 rpm,Rotated; stage not reported,Rotated; stage not reported,method_without_reaction_stage_evidence,,rotating 56 rpm,,1,0
agitation,rotating 80 rpm,Rotated; stage not reported,Rotated; stage not reported,method_without_reaction_stage_evidence,,rotating 80 rpm,,1,0
agitation,rotation (30 rpm) with seeding (0.4 wt% ZIF-20); 30 min pre-stir before capping,Rotated; stage not reported,Rotated; stage not reported,method_without_reaction_stage_evidence,,rotation (30 rpm) with seeding (0.4 wt% zif-20); 30 min pre-stir before capping,,1,0
agitation,rotation (30 rpm) with seeding (1.2 wt% ZIF-20); 30 min pre-stir before capping,Rotated; stage not reported,Rotated; stage not reported,method_without_reaction_stage_evidence,,rotation (30 rpm) with seeding (1.2 wt% zif-20); 30 min pre-stir before capping,,1,0
agitation,"shaken 20 s, then static",Shaken before static synthesis,Shaken before static synthesis,method_and_explicit_static_stage,,"shaken 20 s, then static",,1,0
agitation,solutions sonicated; H2BDC solution added dropwise to FeCl3 solution; then static during heating,Sonicated before static synthesis,Sonicated before static synthesis,sonication_and_explicit_static_stage,,solutions sonicated; h2bdc solution added dropwise to fecl3 solution; then static during heating,,1,0
agitation,sonicated 1 h (pre-dispersion); then incubated (static),Sonicated before static synthesis,Sonicated before static synthesis,sonication_and_explicit_static_stage,,sonicated 1 h (pre-dispersion); then incubated (static),,1,0
agitation,sonicated 1 h before heating; static during solvothermal,Sonicated before static synthesis,Sonicated before static synthesis,sonication_and_explicit_static_stage,,sonicated 1 h before heating; static during solvothermal,,1,0
agitation,sonicated 1 h before heating; static during solvothermal step,Sonicated before static synthesis,Sonicated before static synthesis,sonication_and_explicit_static_stage,,sonicated 1 h before heating; static during solvothermal step,,1,0
agitation,sonicated 1 h then static,Sonicated before static synthesis,Sonicated before static synthesis,sonication_and_explicit_static_stage,,sonicated 1 h then static,,1,0
agitation,"sonicated 1 h, then static in autoclave",Sonicated before static synthesis,Sonicated before static synthesis,sonication_and_explicit_static_stage,,"sonicated 1 h, then static in autoclave",,1,0
agitation,sonicated 1 h; static during heating,Sonicated before static synthesis,Sonicated before static synthesis,sonication_and_explicit_static_stage,,sonicated 1 h; static during heating,,1,0
agitation,sonicated 1 h; then static,Sonicated before static synthesis,Sonicated before static synthesis,sonication_and_explicit_static_stage,,sonicated 1 h; then static,,1,0
agitation,sonicated 10 min at RT; static during heating,Sonicated before static synthesis,Sonicated before static synthesis,sonication_and_explicit_static_stage,,sonicated 10 min at rt; static during heating,,1,0
agitation,sonicated 10 min before heating,Sonicated during preparation,Sonicated during preparation,explicit_preparation_agitation,,sonicated 10 min before heating,,1,0
agitation,sonicated 10–15 min; static,Sonicated before static synthesis,Sonicated before static synthesis,sonication_and_explicit_static_stage,,sonicated 10-15 min; static,,1,0
agitation,"sonicated 15 min, then static",Sonicated before static synthesis,Sonicated before static synthesis,sonication_and_explicit_static_stage,,"sonicated 15 min, then static",,1,0
agitation,sonicated 15 min; then static during heating,Sonicated before static synthesis,Sonicated before static synthesis,sonication_and_explicit_static_stage,,sonicated 15 min; then static during heating,,1,0
agitation,sonicated 20 min; refluxed,Sonicated during preparation,Sonicated during preparation,explicit_preparation_agitation,,sonicated 20 min; refluxed,,1,0
agitation,sonicated 20 min; static during heating,Sonicated before static synthesis,Sonicated before static synthesis,sonication_and_explicit_static_stage,,sonicated 20 min; static during heating,,1,0
agitation,sonicated 3 min; static during heating,Sonicated before static synthesis,Sonicated before static synthesis,sonication_and_explicit_static_stage,,sonicated 3 min; static during heating,,1,0
agitation,sonicated 30 min before heating; static during reaction,Sonicated before static synthesis,Sonicated before static synthesis,sonication_and_explicit_static_stage,,sonicated 30 min before heating; static during reaction,,1,0
agitation,"sonicated 30 min, then static in oven",Sonicated before static synthesis,Sonicated before static synthesis,sonication_and_explicit_static_stage,,"sonicated 30 min, then static in oven",,1,0
agitation,"sonicated 30 s, then static",Sonicated before static synthesis,Sonicated before static synthesis,sonication_and_explicit_static_stage,,"sonicated 30 s, then static",,1,0
agitation,"sonicated 45 min at 50 °C, then static during solvothermal step",Sonicated before static synthesis,Sonicated before static synthesis,sonication_and_explicit_static_stage,,"sonicated 45 min at 50 °c, then static during solvothermal step",,1,0
agitation,"sonicated 5 min, then static (tightly capped)",Sonicated before static synthesis,Sonicated before static synthesis,sonication_and_explicit_static_stage,,"sonicated 5 min, then static (tightly capped)",,1,0
agitation,sonicated 60 s; then static,Sonicated before static synthesis,Sonicated before static synthesis,sonication_and_explicit_static_stage,,sonicated 60 s; then static,,1,0
agitation,"sonicated pre-heating, then static",Sonicated before static synthesis,Sonicated before static synthesis,sonication_and_explicit_static_stage,,"sonicated pre-heating, then static",,1,0
agitation,sonicated to clear solutions; static during heating,Sonicated before static synthesis,Sonicated before static synthesis,sonication_and_explicit_static_stage,,sonicated to clear solutions; static during heating,,1,0
agitation,sonicated; static in oven,Sonicated before static synthesis,Sonicated before static synthesis,sonication_and_explicit_static_stage,,sonicated; static in oven,,0,1
agitation,static (after 10 min premix),Mixed before static synthesis,Mixed before static synthesis,method_and_explicit_static_stage,,static (after 10 min premix),,1,0
agitation,static (after dissolution by brief sonication),Sonicated before static synthesis,Sonicated before static synthesis,sonication_and_explicit_static_stage,,static (after dissolution by brief sonication),,1,0
agitation,static (after layering); mixed ligand solution pre-stirred 1 h,Stirred before static synthesis,Stirred before static synthesis,stirring_and_explicit_static_stage,,static (after layering); mixed ligand solution pre-stirred 1 h,,1,0
agitation,static (after pre-stir/sonication),Stirred before static synthesis,Stirred before static synthesis,stirring_and_explicit_static_stage,,static (after pre-stir/sonication),,1,0
agitation,static (autoclave),No stirring,Static / no stirring,explicit_static_or_no_stirring,shorten_agitation_label,static (autoclave),,1,0
agitation,static (components combined then heated),No stirring,Static / no stirring,explicit_static_or_no_stirring,shorten_agitation_label,static (components combined then heated),,1,0
agitation,static (during heating),No stirring,Static / no stirring,explicit_static_or_no_stirring,shorten_agitation_label,static (during heating),,1,0
agitation,static (growth); ligand solution stirred 1 h,Stirred before static synthesis,Stirred before static synthesis,stirring_and_explicit_static_stage,,static (growth); ligand solution stirred 1 h,,1,0
agitation,static (heated without stirring; initially stirred to dissolve),Stirred before static synthesis,Stirred before static synthesis,stirring_and_explicit_static_stage,,static (heated without stirring; initially stirred to dissolve),,0,1
agitation,static (heated),No stirring,Static / no stirring,explicit_static_or_no_stirring,shorten_agitation_label,static (heated),,1,0
agitation,"static (layered, allowed to stand)",No stirring,Static / no stirring,explicit_static_or_no_stirring,shorten_agitation_label,"static (layered, allowed to stand)",,1,0
agitation,static (layered/standing),No stirring,Static / no stirring,explicit_static_or_no_stirring,shorten_agitation_label,static (layered/standing),,1,0
agitation,static (layering/standing),No stirring,Static / no stirring,explicit_static_or_no_stirring,shorten_agitation_label,static (layering/standing),,1,0
agitation,static (no rotation); 30 min pre-stir before capping,Stirred before static synthesis,Stirred before static synthesis,stirring_and_explicit_static_stage,,static (no rotation); 30 min pre-stir before capping,,1,0
agitation,static (no stirring),No stirring,Static / no stirring,explicit_static_or_no_stirring,shorten_agitation_label,static (no stirring),,1,0
agitation,static (pre-sonicated and stirred 30 min),Stirred before static synthesis,Stirred before static synthesis,stirring_and_explicit_static_stage,,static (pre-sonicated and stirred 30 min),,1,0
agitation,static (solvothermal; solution pre-stirred),Stirred before static synthesis,Stirred before static synthesis,stirring_and_explicit_static_stage,,static (solvothermal; solution pre-stirred),,1,0
agitation,static (sonicated before sealing),Sonicated before static synthesis,Sonicated before static synthesis,sonication_and_explicit_static_stage,,static (sonicated before sealing),,1,0
agitation,static (stirred and ultrasonicated 20 min before heating),Stirred before static synthesis,Stirred before static synthesis,stirring_and_explicit_static_stage,,static (stirred and ultrasonicated 20 min before heating),,1,0
agitation,static (thermostatic drying oven),No stirring,Static / no stirring,explicit_static_or_no_stirring,shorten_agitation_label,static (thermostatic drying oven),,1,0
agitation,static after dissolution,No stirring,Static / no stirring,explicit_static_or_no_stirring,shorten_agitation_label,static after dissolution,,1,0
agitation,static after initial stirring,Stirred before static synthesis,Stirred before static synthesis,stirring_and_explicit_static_stage,,static after initial stirring,,1,0
agitation,static after setup,No stirring,Static / no stirring,explicit_static_or_no_stirring,shorten_agitation_label,static after setup,,1,0
agitation,static diffusion; initial solutions stirred 30 min,Stirred before static synthesis,Stirred before static synthesis,stirring_and_explicit_static_stage,,static diffusion; initial solutions stirred 30 min,,1,0
agitation,static layering,No stirring,Static / no stirring,explicit_static_or_no_stirring,shorten_agitation_label,static layering,,1,0
agitation,static liquid–liquid layering,No stirring,Static / no stirring,explicit_static_or_no_stirring,shorten_agitation_label,static liquid-liquid layering,,1,0
agitation,"static, N2 atmosphere; degassed",No stirring,Static / no stirring,explicit_static_or_no_stirring,shorten_agitation_label,"static, n2 atmosphere; degassed",,1,0
agitation,"static, air atmosphere",No stirring,Static / no stirring,explicit_static_or_no_stirring,shorten_agitation_label,"static, air atmosphere",,1,0
agitation,"static, under N2",No stirring,Static / no stirring,explicit_static_or_no_stirring,shorten_agitation_label,"static, under n2",,1,0
agitation,"static, under N2 (degassed 30 min)",No stirring,Static / no stirring,explicit_static_or_no_stirring,shorten_agitation_label,"static, under n2 (degassed 30 min)",,1,0
agitation,static; cooled to RT over 48 h,No stirring,Static / no stirring,explicit_static_or_no_stirring,shorten_agitation_label,static; cooled to rt over 48 h,,1,0
agitation,static; pre-stirred 15 min,Stirred before static synthesis,Stirred before static synthesis,stirring_and_explicit_static_stage,,static; pre-stirred 15 min,,1,0
agitation,static; sonicated 15 min before heating,Sonicated before static synthesis,Sonicated before static synthesis,sonication_and_explicit_static_stage,,static; sonicated 15 min before heating,,1,0
agitation,static; sonicated 5 min before heating,Sonicated before static synthesis,Sonicated before static synthesis,sonication_and_explicit_static_stage,,static; sonicated 5 min before heating,,1,0
agitation,static; sonicated to dissolve before heating,Sonicated before static synthesis,Sonicated before static synthesis,sonication_and_explicit_static_stage,,static; sonicated to dissolve before heating,,1,0
agitation,"stirred (0.5 h), then static",Stirred before static synthesis,Stirred before static synthesis,stirring_and_explicit_static_stage,,"stirred (0.5 h), then static",,1,0
agitation,"stirred (1 h before sealing), then static",Stirred before static synthesis,Stirred before static synthesis,stirring_and_explicit_static_stage,,"stirred (1 h before sealing), then static",,1,0
agitation,stirred (1 h),Stirred; stage not reported,Stirred; stage not reported,method_without_reaction_stage_evidence,,stirred (1 h),,1,0
agitation,stirred (10 min before solvothermal),Stirred during preparation,Stirred during preparation,explicit_preparation_agitation,,stirred (10 min before solvothermal),,1,0
agitation,stirred (10 min pre-stir before autoclave),Stirred during preparation,Stirred during preparation,explicit_preparation_agitation,,stirred (10 min pre-stir before autoclave),,1,0
agitation,stirred (100 rpm),Stirred; stage not reported,Stirred; stage not reported,method_without_reaction_stage_evidence,,stirred (100 rpm),,1,0
agitation,stirred (15 min + 30 min),Stirred; stage not reported,Stirred; stage not reported,method_without_reaction_stage_evidence,,stirred (15 min + 30 min),,1,0
agitation,stirred (15 min before heating),Stirred during preparation,Stirred during preparation,explicit_preparation_agitation,,stirred (15 min before heating),,1,0
agitation,stirred (15 min preheating),Stirred during preparation,Stirred during preparation,explicit_preparation_agitation,,stirred (15 min preheating),,1,0
agitation,stirred (2 h pre-stir),Stirred during preparation,Stirred during preparation,explicit_preparation_agitation,,stirred (2 h pre-stir),,1,0
agitation,"stirred (2 h), then static",Stirred before static synthesis,Stirred before static synthesis,stirring_and_explicit_static_stage,,"stirred (2 h), then static",,1,0
agitation,stirred (250 rpm),Stirred; stage not reported,Stirred; stage not reported,method_without_reaction_stage_evidence,,stirred (250 rpm),,1,0
agitation,stirred (30 min before sealing),Stirred during preparation,Stirred during preparation,explicit_preparation_agitation,,stirred (30 min before sealing),,1,0
agitation,stirred (30 min pre-heating),Stirred during preparation,Stirred during preparation,explicit_preparation_agitation,,stirred (30 min pre-heating),,1,0
agitation,"stirred (30 min pre-mix), then static",Stirred before static synthesis,Stirred before static synthesis,stirring_and_explicit_static_stage,,"stirred (30 min pre-mix), then static",,1,0
agitation,stirred (300 r s−1),Stirred; stage not reported,Stirred; stage not reported,method_without_reaction_stage_evidence,,stirred (300 r s-1),,1,0
agitation,stirred (BTC solution rapidly added to metal solution),Stirred; stage not reported,Stirred; stage not reported,method_without_reaction_stage_evidence,,stirred (btc solution rapidly added to metal solution),,1,0
agitation,stirred (Cu solution added dropwise to linker solution),Stirred; stage not reported,Stirred; stage not reported,method_without_reaction_stage_evidence,,stirred (cu solution added dropwise to linker solution),,1,0
agitation,"stirred (during addition), then aged",Stirred during preparation,Stirred during preparation,explicit_preparation_agitation,,"stirred (during addition), then aged",,1,0
agitation,stirred (magnetic),Stirred; stage not reported,Stirred; stage not reported,method_without_reaction_stage_evidence,,stirred (magnetic),,1,0
agitation,stirred (metal solution added dropwise into linker solution),Stirred; stage not reported,Stirred; stage not reported,method_without_reaction_stage_evidence,,stirred (metal solution added dropwise into linker solution),,1,0
agitation,"stirred (pre-mix), then static",Stirred before static synthesis,Stirred before static synthesis,stirring_and_explicit_static_stage,,"stirred (pre-mix), then static",,1,0
agitation,"stirred (preheating), static during solvothermal",Stirred before static synthesis,Stirred before static synthesis,stirring_and_explicit_static_stage,,"stirred (preheating), static during solvothermal",,1,0
agitation,stirred (prior to heating),Stirred during preparation,Stirred during preparation,explicit_preparation_agitation,,stirred (prior to heating),,1,0
agitation,stirred (reflux),Stirred during synthesis,Stirred during synthesis,explicit_reaction_stage_agitation,,stirred (reflux),,1,0
agitation,stirred (~30 min),Stirred; stage not reported,Stirred; stage not reported,method_without_reaction_stage_evidence,,stirred (~30 min),,1,0
agitation,"stirred 0.5 h at RT before heating, then static",Stirred before static synthesis,Stirred before static synthesis,stirring_and_explicit_static_stage,,"stirred 0.5 h at rt before heating, then static",,1,0
agitation,"stirred 0.5 h pre-mix, then static during heating",Stirred before static synthesis,Stirred before static synthesis,stirring_and_explicit_static_stage,,"stirred 0.5 h pre-mix, then static during heating",,1,0
agitation,stirred 0.5 h pre-mix; static during hydrothermal step,Stirred before static synthesis,Stirred before static synthesis,stirring_and_explicit_static_stage,,stirred 0.5 h pre-mix; static during hydrothermal step,,1,0
agitation,"stirred 1 day at 100 rpm, then static 2 days",Stirred before static synthesis,Stirred before static synthesis,stirring_and_explicit_static_stage,,"stirred 1 day at 100 rpm, then static 2 days",,1,0
agitation,"stirred 1 h (aqueous Cu + AA), then static solvent diffusion layering",Stirred before static synthesis,Stirred before static synthesis,stirring_and_explicit_static_stage,,"stirred 1 h (aqueous cu + aa), then static solvent diffusion layering",,1,0
agitation,"stirred 1 h (aqueous Cu + PA), then static solvent diffusion layering",Stirred before static synthesis,Stirred before static synthesis,stirring_and_explicit_static_stage,,"stirred 1 h (aqueous cu + pa), then static solvent diffusion layering",,1,0
agitation,stirred 1 h at RT before heating; static during heating,Stirred before static synthesis,Stirred before static synthesis,stirring_and_explicit_static_stage,,stirred 1 h at rt before heating; static during heating,,1,0
agitation,stirred 1 h at RT before heating; static during solvothermal step,Stirred before static synthesis,Stirred before static synthesis,stirring_and_explicit_static_stage,,stirred 1 h at rt before heating; static during solvothermal step,,1,0
agitation,"stirred 1 h at RT, then static during heating",Stirred before static synthesis,Stirred before static synthesis,stirring_and_explicit_static_stage,,"stirred 1 h at rt, then static during heating",,1,0
agitation,"stirred 1 h at RT, then static; cooled at 10 °C h−1",Stirred before static synthesis,Stirred before static synthesis,stirring_and_explicit_static_stage,,"stirred 1 h at rt, then static; cooled at 10 °c h-1",,1,0
agitation,"stirred 1 h at ambient, then static under autogenous pressure",Stirred before static synthesis,Stirred before static synthesis,stirring_and_explicit_static_stage,,"stirred 1 h at ambient, then static under autogenous pressure",,1,0
agitation,stirred 1 h before heating; sealed and heated (static),Stirred before static synthesis,Stirred before static synthesis,stirring_and_explicit_static_stage,,stirred 1 h before heating; sealed and heated (static),,1,0
agitation,stirred 1 h before sealing; static during heating,Stirred before static synthesis,Stirred before static synthesis,stirring_and_explicit_static_stage,,stirred 1 h before sealing; static during heating,,1,0
agitation,"stirred 1 h to clear, then static during heating",Stirred before static synthesis,Stirred before static synthesis,stirring_and_explicit_static_stage,,"stirred 1 h to clear, then static during heating",,1,0
agitation,stirred 1 min then static,Stirred before static synthesis,Stirred before static synthesis,stirring_and_explicit_static_stage,,stirred 1 min then static,,1,0
agitation,stirred 10 min at RT before solvothermal,Stirred during preparation,Stirred during preparation,explicit_preparation_agitation,,stirred 10 min at rt before solvothermal,,1,0
agitation,"stirred 10 min at RT, then static during hydrothermal step",Stirred before static synthesis,Stirred before static synthesis,stirring_and_explicit_static_stage,,"stirred 10 min at rt, then static during hydrothermal step",,1,0
agitation,stirred 10 min at RT; then heated (static),Stirred before static synthesis,Stirred before static synthesis,stirring_and_explicit_static_stage,,stirred 10 min at rt; then heated (static),,1,0
agitation,stirred 10 min before sealing; static during heating,Stirred before static synthesis,Stirred before static synthesis,stirring_and_explicit_static_stage,,stirred 10 min before sealing; static during heating,,1,0
agitation,stirred 10 min before solvothermal; static during heating,Stirred before static synthesis,Stirred before static synthesis,stirring_and_explicit_static_stage,,stirred 10 min before solvothermal; static during heating,,1,0
agitation,"stirred 10 min pre-mix, then static during solvothermal",Stirred before static synthesis,Stirred before static synthesis,stirring_and_explicit_static_stage,,"stirred 10 min pre-mix, then static during solvothermal",,1,0
agitation,stirred 10 min pre-seal; static during heating,Stirred before static synthesis,Stirred before static synthesis,stirring_and_explicit_static_stage,,stirred 10 min pre-seal; static during heating,,1,0
agitation,stirred 10 min then static during heating,Stirred before static synthesis,Stirred before static synthesis,stirring_and_explicit_static_stage,,stirred 10 min then static during heating,,1,0
agitation,"stirred 10 min, added HNO3, stirred 10 min; then heated static",Stirred before static synthesis,Stirred before static synthesis,stirring_and_explicit_static_stage,,"stirred 10 min, added hno3, stirred 10 min; then heated static",,1,0
agitation,"stirred 10 min, then aged overnight",Stirred during preparation,Stirred during preparation,explicit_preparation_agitation,,"stirred 10 min, then aged overnight",,1,0
agitation,stirred 10 min; static during hydrothermal,Stirred before static synthesis,Stirred before static synthesis,stirring_and_explicit_static_stage,,stirred 10 min; static during hydrothermal,,1,0
agitation,"stirred 12–18 h at RT, then static during solvothermal step",Stirred before static synthesis,Stirred before static synthesis,stirring_and_explicit_static_stage,,"stirred 12-18 h at rt, then static during solvothermal step",,1,0
agitation,stirred 15 min,Stirred; stage not reported,Stirred; stage not reported,method_without_reaction_stage_evidence,,stirred 15 min,,1,0
agitation,"stirred 15 min + 30 min, then static",Stirred before static synthesis,Stirred before static synthesis,stirring_and_explicit_static_stage,,"stirred 15 min + 30 min, then static",,1,0
agitation,"stirred 15 min at RT, then heated",Stirred during preparation,Stirred during preparation,explicit_preparation_agitation,,"stirred 15 min at rt, then heated",,1,0
agitation,stirred 15 min at RT; solvothermal static,Stirred before static synthesis,Stirred before static synthesis,stirring_and_explicit_static_stage,,stirred 15 min at rt; solvothermal static,,1,0
agitation,stirred 15 min before autoclave,Stirred during preparation,Stirred during preparation,explicit_preparation_agitation,,stirred 15 min before autoclave,,1,0
agitation,"stirred 15 min, then heated",Stirred during preparation,Stirred during preparation,explicit_preparation_agitation,,"stirred 15 min, then heated",,1,0
agitation,"stirred 15 min, then static slow evaporation",Stirred before static synthesis,Stirred before static synthesis,stirring_and_explicit_static_stage,,"stirred 15 min, then static slow evaporation",,1,0
agitation,"stirred 15 min, then static; pH adjusted to 5.0",Stirred before static synthesis,Stirred before static synthesis,stirring_and_explicit_static_stage,,"stirred 15 min, then static; ph adjusted to 5.0",,1,0
agitation,stirred 15 min; then static,Stirred before static synthesis,Stirred before static synthesis,stirring_and_explicit_static_stage,,stirred 15 min; then static,,1,0
agitation,stirred 15–20 min before heating,Stirred during preparation,Stirred during preparation,explicit_preparation_agitation,,stirred 15-20 min before heating,,1,0
agitation,stirred 16 h at RT before solvothermal; static during heating,Stirred before static synthesis,Stirred before static synthesis,stirring_and_explicit_static_stage,,stirred 16 h at rt before solvothermal; static during heating,,1,0
agitation,"stirred 2 h at RT, then static",Stirred before static synthesis,Stirred before static synthesis,stirring_and_explicit_static_stage,,"stirred 2 h at rt, then static",,1,0
agitation,stirred 2 h before autoclave; static during solvothermal,Stirred before static synthesis,Stirred before static synthesis,stirring_and_explicit_static_stage,,stirred 2 h before autoclave; static during solvothermal,,1,0
agitation,stirred 2 h before heating; static during solvothermal,Stirred before static synthesis,Stirred before static synthesis,stirring_and_explicit_static_stage,,stirred 2 h before heating; static during solvothermal,,1,0
agitation,stirred 2 h pre-mix; static during heating,Stirred before static synthesis,Stirred before static synthesis,stirring_and_explicit_static_stage,,stirred 2 h pre-mix; static during heating,,1,0
agitation,stirred 2 h prior to solvothermal step; static during heating,Stirred before static synthesis,Stirred before static synthesis,stirring_and_explicit_static_stage,,stirred 2 h prior to solvothermal step; static during heating,,1,0
agitation,stirred 2 h then static,Stirred before static synthesis,Stirred before static synthesis,stirring_and_explicit_static_stage,,stirred 2 h then static,,1,0
agitation,"stirred 2 h, sonicated 1 h, then static during solvothermal",Stirred before static synthesis,Stirred before static synthesis,stirring_and_explicit_static_stage,,"stirred 2 h, sonicated 1 h, then static during solvothermal",,1,0
agitation,stirred 2 h; then static layering,Stirred before static synthesis,Stirred before static synthesis,stirring_and_explicit_static_stage,,stirred 2 h; then static layering,,1,0
agitation,"stirred 2 min at 350 rpm, then static",Stirred before static synthesis,Stirred before static synthesis,stirring_and_explicit_static_stage,,"stirred 2 min at 350 rpm, then static",,1,0
agitation,"stirred 20 min at RT, then static during heating",Stirred before static synthesis,Stirred before static synthesis,stirring_and_explicit_static_stage,,"stirred 20 min at rt, then static during heating",,1,0
agitation,stirred 20 min at RT; then static,Stirred before static synthesis,Stirred before static synthesis,stirring_and_explicit_static_stage,,stirred 20 min at rt; then static,,1,0
agitation,stirred 20 min before heating; static during heating,Stirred before static synthesis,Stirred before static synthesis,stirring_and_explicit_static_stage,,stirred 20 min before heating; static during heating,,1,0
agitation,stirred 20 min in air before heating,Stirred during preparation,Stirred during preparation,explicit_preparation_agitation,,stirred 20 min in air before heating,,1,0
agitation,stirred 20 min pre-mix; static during heating,Stirred before static synthesis,Stirred before static synthesis,stirring_and_explicit_static_stage,,stirred 20 min pre-mix; static during heating,,1,0
agitation,"stirred 20 min, sonicated 20 min",Stirred; stage not reported,Stirred; stage not reported,method_without_reaction_stage_evidence,,"stirred 20 min, sonicated 20 min",,1,0
agitation,stirred 20 min; aged static overnight,Stirred before static synthesis,Stirred before static synthesis,stirring_and_explicit_static_stage,,stirred 20 min; aged static overnight,,1,0
agitation,stirred 20 min; static during heating,Stirred before static synthesis,Stirred before static synthesis,stirring_and_explicit_static_stage,,stirred 20 min; static during heating,,1,0
agitation,stirred 24 h pre-aging; static during autoclave,Stirred before static synthesis,Stirred before static synthesis,stirring_and_explicit_static_stage,,stirred 24 h pre-aging; static during autoclave,,1,0
agitation,"stirred 24 h, then static",Stirred before static synthesis,Stirred before static synthesis,stirring_and_explicit_static_stage,,"stirred 24 h, then static",,1,0
agitation,"stirred 2–3 h at RT, then static during solvothermal step",Stirred before static synthesis,Stirred before static synthesis,stirring_and_explicit_static_stage,,"stirred 2-3 h at rt, then static during solvothermal step",,1,0
agitation,"stirred 3 h (r.t.), then static during heating",Stirred before static synthesis,Stirred before static synthesis,stirring_and_explicit_static_stage,,"stirred 3 h (r.t.), then static during heating",,1,0
agitation,stirred 3 h at RT before heating,Stirred during preparation,Stirred during preparation,explicit_preparation_agitation,,stirred 3 h at rt before heating,,1,0
agitation,"stirred 3 h at RT, then static during heating",Stirred before static synthesis,Stirred before static synthesis,stirring_and_explicit_static_stage,,"stirred 3 h at rt, then static during heating",,1,0
agitation,"stirred 3 h pre-mix, static during solvothermal",Stirred before static synthesis,Stirred before static synthesis,stirring_and_explicit_static_stage,,"stirred 3 h pre-mix, static during solvothermal",,1,0
agitation,"stirred 3 h, then static",Stirred before static synthesis,Stirred before static synthesis,stirring_and_explicit_static_stage,,"stirred 3 h, then static",,1,0
agitation,"stirred 3 h, then static 24 h",Stirred before static synthesis,Stirred before static synthesis,stirring_and_explicit_static_stage,,"stirred 3 h, then static 24 h",,1,0
agitation,"stirred 30 min (RT), then static",Stirred before static synthesis,Stirred before static synthesis,stirring_and_explicit_static_stage,,"stirred 30 min (rt), then static",,1,0
agitation,stirred 30 min + 2 h before heating,Stirred during preparation,Stirred during preparation,explicit_preparation_agitation,,stirred 30 min + 2 h before heating,,1,0
agitation,"stirred 30 min + 2 h, then static",Stirred before static synthesis,Stirred before static synthesis,stirring_and_explicit_static_stage,,"stirred 30 min + 2 h, then static",,1,0
agitation,"stirred 30 min at 25 °C, then sonicated 15 min; static during heating",Stirred before static synthesis,Stirred before static synthesis,stirring_and_explicit_static_stage,,"stirred 30 min at 25 °c, then sonicated 15 min; static during heating",,1,0
agitation,stirred 30 min at RT before autoclave; static during heating,Stirred before static synthesis,Stirred before static synthesis,stirring_and_explicit_static_stage,,stirred 30 min at rt before autoclave; static during heating,,1,0
agitation,"stirred 30 min at RT, then static during solvothermal step",Stirred before static synthesis,Stirred before static synthesis,stirring_and_explicit_static_stage,,"stirred 30 min at rt, then static during solvothermal step",,1,0
agitation,"stirred 30 min at RT, then static solvothermal",Stirred before static synthesis,Stirred before static synthesis,stirring_and_explicit_static_stage,,"stirred 30 min at rt, then static solvothermal",,1,0
agitation,stirred 30 min before acid addition; static during solvothermal step,Stirred before static synthesis,Stirred before static synthesis,stirring_and_explicit_static_stage,,stirred 30 min before acid addition; static during solvothermal step,,1,0
agitation,stirred 30 min before heating; sealed and heated (static),Stirred before static synthesis,Stirred before static synthesis,stirring_and_explicit_static_stage,,stirred 30 min before heating; sealed and heated (static),,1,0
agitation,stirred 30 min before heating; then static hydrothermal; stirred after cooling,Stirred before static synthesis,Stirred before static synthesis,stirring_and_explicit_static_stage,,stirred 30 min before heating; then static hydrothermal; stirred after cooling,,1,0
agitation,"stirred 30 min in air, then static during heating",Stirred before static synthesis,Stirred before static synthesis,stirring_and_explicit_static_stage,,"stirred 30 min in air, then static during heating",,1,0
agitation,"stirred 30 min pre, static during heating",Stirred before static synthesis,Stirred before static synthesis,stirring_and_explicit_static_stage,,"stirred 30 min pre, static during heating",,1,0
agitation,stirred 30 min pre-heat; static during heating,Stirred before static synthesis,Stirred before static synthesis,stirring_and_explicit_static_stage,,stirred 30 min pre-heat; static during heating,,1,0
agitation,stirred 30 min pre-mix; static during solvothermal,Stirred before static synthesis,Stirred before static synthesis,stirring_and_explicit_static_stage,,stirred 30 min pre-mix; static during solvothermal,,1,0
agitation,stirred 30 min prior to reaction,Stirred during preparation,Stirred during preparation,explicit_preparation_agitation,,stirred 30 min prior to reaction,,1,0
agitation,stirred 30 min then static during heating,Stirred before static synthesis,Stirred before static synthesis,stirring_and_explicit_static_stage,,stirred 30 min then static during heating,,1,0
agitation,stirred 30 min to clear solution; static during heating,Stirred before static synthesis,Stirred before static synthesis,stirring_and_explicit_static_stage,,stirred 30 min to clear solution; static during heating,,1,0
agitation,"stirred 30 min, pH adjusted, stirred 30 min, then static",Stirred before static synthesis,Stirred before static synthesis,stirring_and_explicit_static_stage,,"stirred 30 min, ph adjusted, stirred 30 min, then static",,1,0
agitation,"stirred 30 min, then heated (static)",Stirred before static synthesis,Stirred before static synthesis,stirring_and_explicit_static_stage,,"stirred 30 min, then heated (static)",,1,0
agitation,"stirred 30 min, then layered",Stirred during preparation,Stirred during preparation,explicit_preparation_agitation,,"stirred 30 min, then layered",,1,0
agitation,"stirred 30 min, then sealed",Stirred during preparation,Stirred during preparation,explicit_preparation_agitation,,"stirred 30 min, then sealed",,1,0
agitation,"stirred 30 min, then static (sealed)",Stirred before static synthesis,Stirred before static synthesis,stirring_and_explicit_static_stage,,"stirred 30 min, then static (sealed)",,1,0
agitation,"stirred 30 min, then static for 2 weeks",Stirred before static synthesis,Stirred before static synthesis,stirring_and_explicit_static_stage,,"stirred 30 min, then static for 2 weeks",,1,0
agitation,"stirred 30 min, then static hydrothermal",Stirred before static synthesis,Stirred before static synthesis,stirring_and_explicit_static_stage,,"stirred 30 min, then static hydrothermal",,1,0
agitation,"stirred 30 min, then static; cooled at 5 °C h−1 to RT",Stirred before static synthesis,Stirred before static synthesis,stirring_and_explicit_static_stage,,"stirred 30 min, then static; cooled at 5 °c h-1 to rt",,1,0
agitation,stirred 30 min; then static during heating,Stirred before static synthesis,Stirred before static synthesis,stirring_and_explicit_static_stage,,stirred 30 min; then static during heating,,1,0
agitation,stirred 4 h (pre); static during heating,Stirred before static synthesis,Stirred before static synthesis,stirring_and_explicit_static_stage,,stirred 4 h (pre); static during heating,,1,0
agitation,stirred 4 h before heating; static during solvothermal step,Stirred before static synthesis,Stirred before static synthesis,stirring_and_explicit_static_stage,,stirred 4 h before heating; static during solvothermal step,,1,0
agitation,stirred 4 h pre-mix; static during heating,Stirred before static synthesis,Stirred before static synthesis,stirring_and_explicit_static_stage,,stirred 4 h pre-mix; static during heating,,1,0
agitation,stirred 4 h then static,Stirred before static synthesis,Stirred before static synthesis,stirring_and_explicit_static_stage,,stirred 4 h then static,,1,0
agitation,"stirred 4 h, then static",Stirred before static synthesis,Stirred before static synthesis,stirring_and_explicit_static_stage,,"stirred 4 h, then static",,1,0
agitation,"stirred 40 min, then static",Stirred before static synthesis,Stirred before static synthesis,stirring_and_explicit_static_stage,,"stirred 40 min, then static",,1,0
agitation,stirred 400 rpm for 1 h pre-mix; static during solvothermal,Stirred before static synthesis,Stirred before static synthesis,stirring_and_explicit_static_stage,,stirred 400 rpm for 1 h pre-mix; static during solvothermal,,1,0
agitation,stirred 400 rpm for 60 min before heating,Stirred during preparation,Stirred during preparation,explicit_preparation_agitation,,stirred 400 rpm for 60 min before heating,,1,0
agitation,stirred 45 min then static (autogenous pressure),Stirred before static synthesis,Stirred before static synthesis,stirring_and_explicit_static_stage,,stirred 45 min then static (autogenous pressure),,1,0
agitation,"stirred 45 min, then static",Stirred before static synthesis,Stirred before static synthesis,stirring_and_explicit_static_stage,,"stirred 45 min, then static",,1,0
agitation,"stirred 5 h at RT, then static in autoclave",Stirred before static synthesis,Stirred before static synthesis,stirring_and_explicit_static_stage,,"stirred 5 h at rt, then static in autoclave",,1,0
agitation,stirred 5 min (500 rpm) then static during heating,Stirred before static synthesis,Stirred before static synthesis,stirring_and_explicit_static_stage,,stirred 5 min (500 rpm) then static during heating,,1,0
agitation,stirred 5 min at RT before autoclave,Stirred during preparation,Stirred during preparation,explicit_preparation_agitation,,stirred 5 min at rt before autoclave,,1,0
agitation,stirred 5 min then static diffusion,Stirred before static synthesis,Stirred before static synthesis,stirring_and_explicit_static_stage,,stirred 5 min then static diffusion,,1,0
agitation,"stirred 8 min, then static",Stirred before static synthesis,Stirred before static synthesis,stirring_and_explicit_static_stage,,"stirred 8 min, then static",,1,0
agitation,stirred at 1200 rpm,Stirred; stage not reported,Stirred; stage not reported,method_without_reaction_stage_evidence,,stirred at 1200 rpm,,1,0
agitation,"stirred at 450 rpm for 45 min, then static during heating",Stirred before static synthesis,Stirred before static synthesis,stirring_and_explicit_static_stage,,"stirred at 450 rpm for 45 min, then static during heating",,1,0
agitation,stirred at 800 rpm,Stirred; stage not reported,Stirred; stage not reported,method_without_reaction_stage_evidence,,stirred at 800 rpm,,1,0
agitation,"stirred at 90 °C until clear, then static",Stirred before static synthesis,Stirred before static synthesis,stirring_and_explicit_static_stage,,"stirred at 90 °c until clear, then static",,1,0
agitation,"stirred at RT during addition, then heated",Stirred during preparation,Stirred during preparation,explicit_preparation_agitation,,"stirred at rt during addition, then heated",,1,0
agitation,stirred at RT until homogeneous; static on heating,Stirred before static synthesis,Stirred before static synthesis,stirring_and_explicit_static_stage,,stirred at rt until homogeneous; static on heating,,1,0
agitation,"stirred at room temperature until brisk effervescence, then microwaved",Stirred during preparation,Stirred during preparation,explicit_preparation_agitation,,"stirred at room temperature until brisk effervescence, then microwaved",,1,0
agitation,stirred before autoclave; static during heating,Stirred before static synthesis,Stirred before static synthesis,stirring_and_explicit_static_stage,,stirred before autoclave; static during heating,,1,0
agitation,stirred before heating; static during hydrothermal treatment,Stirred before static synthesis,Stirred before static synthesis,stirring_and_explicit_static_stage,,stirred before heating; static during hydrothermal treatment,,1,0
agitation,stirred before sealing; static,Stirred before static synthesis,Stirred before static synthesis,stirring_and_explicit_static_stage,,stirred before sealing; static,,1,0
agitation,stirred before sealing; static during solvothermal,Stirred before static synthesis,Stirred before static synthesis,stirring_and_explicit_static_stage,,stirred before sealing; static during solvothermal,,1,0
agitation,stirred before solvothermal; static during heating,Stirred before static synthesis,Stirred before static synthesis,stirring_and_explicit_static_stage,,stirred before solvothermal; static during heating,,0,1
agitation,stirred briefly before heating; static during hydrothermal,Stirred before static synthesis,Stirred before static synthesis,stirring_and_explicit_static_stage,,stirred briefly before heating; static during hydrothermal,,1,0
agitation,stirred briefly before heating; static during hydrothermal step,Stirred before static synthesis,Stirred before static synthesis,stirring_and_explicit_static_stage,,stirred briefly before heating; static during hydrothermal step,,1,0
agitation,stirred briefly before heating; static during reaction,Stirred before static synthesis,Stirred before static synthesis,stirring_and_explicit_static_stage,,stirred briefly before heating; static during reaction,,1,0
agitation,stirred briefly before heating; then static,Stirred before static synthesis,Stirred before static synthesis,stirring_and_explicit_static_stage,,stirred briefly before heating; then static,,1,0
agitation,"stirred briefly, then static (hydrothermal, autogenous pressure)",Stirred before static synthesis,Stirred before static synthesis,stirring_and_explicit_static_stage,,"stirred briefly, then static (hydrothermal, autogenous pressure)",,1,0
agitation,"stirred during addition, then heated static",Stirred before static synthesis,Stirred before static synthesis,stirring_and_explicit_static_stage,,"stirred during addition, then heated static",,1,0
agitation,"stirred during addition, then static for 24 h",Stirred before static synthesis,Stirred before static synthesis,stirring_and_explicit_static_stage,,"stirred during addition, then static for 24 h",,1,0
agitation,stirred during dissolution; static during solvothermal,Stirred before static synthesis,Stirred before static synthesis,stirring_and_explicit_static_stage,,stirred during dissolution; static during solvothermal,,1,0
agitation,stirred during gel prep; static during diffusion,Stirred before static synthesis,Stirred before static synthesis,stirring_and_explicit_static_stage,,stirred during gel prep; static during diffusion,,1,0
agitation,"stirred during mixing, then static (allowed to stand)",Stirred before static synthesis,Stirred before static synthesis,stirring_and_explicit_static_stage,,"stirred during mixing, then static (allowed to stand)",,1,0
agitation,stirred during mixing; aged overnight,Stirred during preparation,Stirred during preparation,explicit_preparation_agitation,,stirred during mixing; aged overnight,,1,0
agitation,stirred during pH-controlled addition (1 h 30); static during hydrothermal step,Stirred before static synthesis,Stirred before static synthesis,stirring_and_explicit_static_stage,,stirred during ph-controlled addition (1 h 30); static during hydrothermal step,,1,0
agitation,"stirred during reflux, then static",Stirred before static synthesis,Stirred before static synthesis,stirring_and_explicit_static_stage,,"stirred during reflux, then static",,1,0
agitation,stirred during reflux; static during diffusion,Stirred before static synthesis,Stirred before static synthesis,stirring_and_explicit_static_stage,,stirred during reflux; static during diffusion,,1,0
agitation,stirred for 20 min in air before heating,Stirred during preparation,Stirred during preparation,explicit_preparation_agitation,,stirred for 20 min in air before heating,,1,0
agitation,"stirred for a few minutes, then static slow evaporation",Stirred before static synthesis,Stirred before static synthesis,stirring_and_explicit_static_stage,,"stirred for a few minutes, then static slow evaporation",,1,0
agitation,"stirred initially at 1500 rpm, then static during hydrothermal step",Stirred before static synthesis,Stirred before static synthesis,stirring_and_explicit_static_stage,,"stirred initially at 1500 rpm, then static during hydrothermal step",,1,0
agitation,"stirred initially, then static",Stirred before static synthesis,Stirred before static synthesis,stirring_and_explicit_static_stage,,"stirred initially, then static",,1,0
agitation,"stirred initially, then static diffusion in darkness",Stirred before static synthesis,Stirred before static synthesis,stirring_and_explicit_static_stage,,"stirred initially, then static diffusion in darkness",,1,0
agitation,stirred pre-heating; static during solvothermal step,Stirred before static synthesis,Stirred before static synthesis,stirring_and_explicit_static_stage,,stirred pre-heating; static during solvothermal step,,1,0
agitation,stirred then aged (static),Stirred before static synthesis,Stirred before static synthesis,stirring_and_explicit_static_stage,,stirred then aged (static),,1,0
agitation,"stirred to homogeneity, then static",Stirred before static synthesis,Stirred before static synthesis,stirring_and_explicit_static_stage,,"stirred to homogeneity, then static",,1,0
agitation,stirred under nitrogen flow,Stirred; stage not reported,Stirred; stage not reported,method_without_reaction_stage_evidence,,stirred under nitrogen flow,,1,0
agitation,stirred until dissolved,Stirred during preparation,Stirred during preparation,explicit_preparation_agitation,,stirred until dissolved,,1,0
agitation,stirred vigorously; B added dropwise to A,Stirred; stage not reported,Stirred; stage not reported,method_without_reaction_stage_evidence,,stirred vigorously; b added dropwise to a,,1,0
agitation,stirred ~3 h at RT before heating; static during solvothermal,Stirred before static synthesis,Stirred before static synthesis,stirring_and_explicit_static_stage,,stirred ~3 h at rt before heating; static during solvothermal,,1,0
agitation,stirred ~5 min before heating; static during heating,Stirred before static synthesis,Stirred before static synthesis,stirring_and_explicit_static_stage,,stirred ~5 min before heating; static during heating,,1,0
agitation,"stirred, 100 rpm",Stirred; stage not reported,Stirred; stage not reported,method_without_reaction_stage_evidence,,"stirred, 100 rpm",,1,0
agitation,"stirred, argon atmosphere",Stirred; stage not reported,Stirred; stage not reported,method_without_reaction_stage_evidence,,"stirred, argon atmosphere",,1,0
agitation,"stirred, then refluxed",Stirred during preparation,Stirred during preparation,explicit_preparation_agitation,,"stirred, then refluxed",,1,0
agitation,"stirred, then static diffusion",Stirred before static synthesis,Stirred before static synthesis,stirring_and_explicit_static_stage,,"stirred, then static diffusion",,1,0
agitation,stirred; 2-mim solution added dropwise,Stirred; stage not reported,Stirred; stage not reported,method_without_reaction_stage_evidence,,stirred; 2-mim solution added dropwise,,1,0
agitation,stirred; Cu solution added dropwise (25 mL/h),Stirred; stage not reported,Stirred; stage not reported,method_without_reaction_stage_evidence,,stirred; cu solution added dropwise (25 ml/h),,1,0
agitation,stirred; Cu solution added dropwise at 25 mL/h,Stirred; stage not reported,Stirred; stage not reported,method_without_reaction_stage_evidence,,stirred; cu solution added dropwise at 25 ml/h,,1,0
agitation,stirred; K[Ag(CN)2] solution added dropwise at 0.5 mL min−1,Stirred; stage not reported,Stirred; stage not reported,method_without_reaction_stage_evidence,,stirred; k[ag(cn)2] solution added dropwise at 0.5 ml min-1,,1,0
agitation,stirred; Solution 1 added dropwise to Solution 2,Stirred; stage not reported,Stirred; stage not reported,method_without_reaction_stage_evidence,,stirred; solution 1 added dropwise to solution 2,,1,0
agitation,stirred; Zn solution added dropwise,Stirred; stage not reported,Stirred; stage not reported,method_without_reaction_stage_evidence,,stirred; zn solution added dropwise,,1,0
agitation,stirred; iron solution added dropwise,Stirred; stage not reported,Stirred; stage not reported,method_without_reaction_stage_evidence,,stirred; iron solution added dropwise,,1,0
agitation,stirred; metal solution added dropwise,Stirred; stage not reported,Stirred; stage not reported,method_without_reaction_stage_evidence,,stirred; metal solution added dropwise,,1,0
agitation,stirred; positive N2 pressure,Stirred; stage not reported,Stirred; stage not reported,method_without_reaction_stage_evidence,,stirred; positive n2 pressure,,0,1
agitation,stirred; reagents unground,Stirred; stage not reported,Stirred; stage not reported,method_without_reaction_stage_evidence,,stirred; reagents unground,,1,0
agitation,stirred; solids mixed before adding water,Stirred during preparation,Stirred during preparation,explicit_preparation_agitation,,stirred; solids mixed before adding water,,1,0
agitation,stirred; sonicated initially,Stirred during preparation,Stirred during preparation,explicit_preparation_agitation,,stirred; sonicated initially,,1,0
agitation,stirred; then static,Stirred before static synthesis,Stirred before static synthesis,stirring_and_explicit_static_stage,,stirred; then static,,1,0
agitation,stirred; then static evaporation,Stirred before static synthesis,Stirred before static synthesis,stirring_and_explicit_static_stage,,stirred; then static evaporation,,1,0
agitation,stirred; then static for slow evaporation,Stirred before static synthesis,Stirred before static synthesis,stirring_and_explicit_static_stage,,stirred; then static for slow evaporation,,1,0
agitation,stirring described prior to sealing,Stirred during preparation,Stirred during preparation,explicit_preparation_agitation,,stirring described prior to sealing,,1,0
agitation,stirring during gel prep; static during diffusion,Stirred before static synthesis,Stirred before static synthesis,stirring_and_explicit_static_stage,,stirring during gel prep; static during diffusion,,1,0
agitation,strong stirring (1200 rpm); direct mixing of reactants,Stirred; stage not reported,Stirred; stage not reported,method_without_reaction_stage_evidence,,strong stirring (1200 rpm); direct mixing of reactants,,1,0
agitation,strong stirring with overhead stirrer,Stirred; stage not reported,Stirred; stage not reported,method_without_reaction_stage_evidence,,strong stirring with overhead stirrer,,1,0
agitation,ultrasonic 10 min pre-treatment; then static,Sonicated before static synthesis,Sonicated before static synthesis,sonication_and_explicit_static_stage,,ultrasonic 10 min pre-treatment; then static,,1,0
agitation,ultrasonic 15 min pre-treatment; then static,Sonicated before static synthesis,Sonicated before static synthesis,sonication_and_explicit_static_stage,,ultrasonic 15 min pre-treatment; then static,,1,0
agitation,ultrasonic 2 min; static,Sonicated before static synthesis,Sonicated before static synthesis,sonication_and_explicit_static_stage,,ultrasonic 2 min; static,,1,0
agitation,ultrasonic bath 10 min; then stirred,Stirred; stage not reported,Stirred; stage not reported,method_without_reaction_stage_evidence,,ultrasonic bath 10 min; then stirred,,1,0
agitation,"ultrasonically dissolved, then static",Sonicated before static synthesis,Sonicated before static synthesis,sonication_and_explicit_static_stage,,"ultrasonically dissolved, then static",,1,0
agitation,ultrasonically dissolved; static during heating,Sonicated before static synthesis,Sonicated before static synthesis,sonication_and_explicit_static_stage,,ultrasonically dissolved; static during heating,,1,0
agitation,"ultrasonicated (150 W, 10 min) before heating; static during solvothermal",Sonicated before static synthesis,Sonicated before static synthesis,sonication_and_explicit_static_stage,,"ultrasonicated (150 w, 10 min) before heating; static during solvothermal",,1,0
agitation,"ultrasonicated 1 min, then static",Sonicated before static synthesis,Sonicated before static synthesis,sonication_and_explicit_static_stage,,"ultrasonicated 1 min, then static",,1,0
agitation,ultrasonicated 10 min before heating; static during heating,Sonicated before static synthesis,Sonicated before static synthesis,sonication_and_explicit_static_stage,,ultrasonicated 10 min before heating; static during heating,,1,0
agitation,ultrasonicated 10 min; then static,Sonicated before static synthesis,Sonicated before static synthesis,sonication_and_explicit_static_stage,,ultrasonicated 10 min; then static,,1,0
agitation,"ultrasonicated 20 min, then static",Sonicated before static synthesis,Sonicated before static synthesis,sonication_and_explicit_static_stage,,"ultrasonicated 20 min, then static",,1,0
agitation,ultrasonicated 20 min; static,Sonicated before static synthesis,Sonicated before static synthesis,sonication_and_explicit_static_stage,,ultrasonicated 20 min; static,,1,0
agitation,ultrasonicated 3 min; then static,Sonicated before static synthesis,Sonicated before static synthesis,sonication_and_explicit_static_stage,,ultrasonicated 3 min; then static,,1,0
agitation,ultrasonicated 30 min before heating,Sonicated during preparation,Sonicated during preparation,explicit_preparation_agitation,,ultrasonicated 30 min before heating,,1,0
agitation,ultrasonicated 30 min before heating; static during solvothermal,Sonicated before static synthesis,Sonicated before static synthesis,sonication_and_explicit_static_stage,,ultrasonicated 30 min before heating; static during solvothermal,,1,0
agitation,ultrasonicated then static,Sonicated before static synthesis,Sonicated before static synthesis,sonication_and_explicit_static_stage,,ultrasonicated then static,,1,0
agitation,"ultrasonicated to dissolve, then static",Sonicated before static synthesis,Sonicated before static synthesis,sonication_and_explicit_static_stage,,"ultrasonicated to dissolve, then static",,1,0
agitation,ultrasonicated to dissolve; then static during heating,Sonicated before static synthesis,Sonicated before static synthesis,sonication_and_explicit_static_stage,,ultrasonicated to dissolve; then static during heating,,1,0
agitation,"ultrasonicated, then static",Sonicated before static synthesis,Sonicated before static synthesis,sonication_and_explicit_static_stage,,"ultrasonicated, then static",,1,0
agitation,ultrasonicated; static,Sonicated before static synthesis,Sonicated before static synthesis,sonication_and_explicit_static_stage,,ultrasonicated; static,,1,0
agitation,ultrasonicated; static during heating,Sonicated before static synthesis,Sonicated before static synthesis,sonication_and_explicit_static_stage,,ultrasonicated; static during heating,,1,0
agitation,"ultrasound 100 W, 20 min; static",Sonicated before static synthesis,Sonicated before static synthesis,sonication_and_explicit_static_stage,,"ultrasound 100 w, 20 min; static",,1,0
agitation,ultrasound 30 min; then stirred,Stirred; stage not reported,Stirred; stage not reported,method_without_reaction_stage_evidence,,ultrasound 30 min; then stirred,,1,0
agitation,ultrasound then static,Sonicated before static synthesis,Sonicated before static synthesis,sonication_and_explicit_static_stage,,ultrasound then static,,1,0
agitation,ultrasound-assisted dissolution; static during heating,Sonicated before static synthesis,Sonicated before static synthesis,sonication_and_explicit_static_stage,,ultrasound-assisted dissolution; static during heating,,1,0
agitation,vigorous,Stirred during synthesis,Stirred during synthesis,source_review:10.1002/aoc.4062:explicit_reaction_stage_agitation,source_verified_method_stage,vigorous,,1,0
agitation,vigorous,Stirred during synthesis,Stirred during synthesis,source_review:10.1016/j.cattod.2015.08.030:explicit_reaction_stage_agitation,source_verified_method_stage,vigorous,,1,0
agitation,vigorous,Stirred during synthesis,Stirred during synthesis,source_review:10.1016/j.matchemphys.2025.130363:explicit_reaction_stage_agitation,source_verified_method_stage,vigorous,,1,0
agitation,vigorous magnetic stirring,Stirred; stage not reported,Stirred; stage not reported,method_without_reaction_stage_evidence,,vigorous magnetic stirring,,1,0
agitation,vigorous stirring (250 rpm) before heating,Stirred during preparation,Stirred during preparation,explicit_preparation_agitation,,vigorous stirring (250 rpm) before heating,,1,0
agitation,vigorous stirring 1 min before heating,Stirred during preparation,Stirred during preparation,explicit_preparation_agitation,,vigorous stirring 1 min before heating,,1,0
agitation,vigorous stirring initially; gentle stirring during conversion,Stirred during synthesis,Stirred during synthesis,explicit_reaction_stage_agitation,,vigorous stirring initially; gentle stirring during conversion,,0,1
agitation,vigorous stirring then static,Stirred before static synthesis,Stirred before static synthesis,stirring_and_explicit_static_stage,,vigorous stirring then static,,1,0
agitation,"vigorous stirring, Ar atmosphere",Stirred; stage not reported,Stirred; stage not reported,method_without_reaction_stage_evidence,,"vigorous stirring, ar atmosphere",,1,0
agitation,"vigorous stirring, air atmosphere",Stirred; stage not reported,Stirred; stage not reported,method_without_reaction_stage_evidence,,"vigorous stirring, air atmosphere",,1,0
agitation,"vigorous stirring; dropwise addition, then stirred",Stirred; stage not reported,Stirred; stage not reported,method_without_reaction_stage_evidence,,"vigorous stirring; dropwise addition, then stirred",,1,0
agitation,vigorous stirring; ultrasonic irradiation,Stirred; stage not reported,Stirred; stage not reported,method_without_reaction_stage_evidence,,vigorous stirring; ultrasonic irradiation,,1,0
agitation,vigorously stirred then static,Stirred before static synthesis,Stirred before static synthesis,stirring_and_explicit_static_stage,,vigorously stirred then static,,1,0
agitation,with or without stirring,Not reported,Unclear / ambiguous,alternative_agitation_states,no_unique_supported_agitation_state,with or without stirring,"The extraction lists alternative agitation states, not a unique record-specific state.",1,0
vessel_type,,Not reported,Not reported,missing,,,,2339,1788
vessel_type,Teflon-lined autoclave,PTFE-lined autoclave,PTFE-lined autoclave / pressure vessel,ptfe_pressure_vessel,shorten_ptfe_autoclave_label,teflon-lined autoclave,,1580,1360
vessel_type,Teflon-lined stainless steel autoclave,PTFE-lined autoclave,PTFE-lined autoclave / pressure vessel,ptfe_pressure_vessel,shorten_ptfe_autoclave_label,teflon-lined stainless steel autoclave,,358,206
vessel_type,glass vial,Vial,Vial,vial,,glass vial,,295,266
vessel_type,Teflon-lined autoclave (23 mL),PTFE-lined autoclave,PTFE-lined autoclave / pressure vessel,ptfe_pressure_vessel,shorten_ptfe_autoclave_label,teflon-lined autoclave (23 ml),,190,351
vessel_type,Teflon-lined autoclave (25 mL),PTFE-lined autoclave,PTFE-lined autoclave / pressure vessel,ptfe_pressure_vessel,shorten_ptfe_autoclave_label,teflon-lined autoclave (25 ml),,264,238
vessel_type,Teflon-lined stainless steel vessel,PTFE vessel / liner,PTFE vessel / liner,ptfe_body,,teflon-lined stainless steel vessel,,219,282
vessel_type,Pyrex tube (15 mL),Tube / capillary,Tube / capillary,tube,,pyrex tube (15 ml),,8,480
vessel_type,Teflon-lined stainless steel autoclave (25 mL),PTFE-lined autoclave,PTFE-lined autoclave / pressure vessel,ptfe_pressure_vessel,shorten_ptfe_autoclave_label,teflon-lined stainless steel autoclave (25 ml),,124,285
vessel_type,25 mL Teflon-lined stainless steel vessel,PTFE vessel / liner,PTFE vessel / liner,ptfe_body,,25 ml teflon-lined stainless steel vessel,,101,259
vessel_type,autoclave,Autoclave / pressure vessel,Autoclave / pressure vessel,pressure_vessel,,autoclave,,117,236
vessel_type,glass tube (sealed),Tube / capillary,Tube / capillary,tube,,glass tube (sealed),,24,290
vessel_type,glass tube,Tube / capillary,Tube / capillary,tube,,glass tube,,61,242
vessel_type,Teflon-lined autoclave (15 mL),PTFE-lined autoclave,PTFE-lined autoclave / pressure vessel,ptfe_pressure_vessel,shorten_ptfe_autoclave_label,teflon-lined autoclave (15 ml),,205,83
vessel_type,25 mL Teflon-lined stainless steel autoclave,PTFE-lined autoclave,PTFE-lined autoclave / pressure vessel,ptfe_pressure_vessel,shorten_ptfe_autoclave_label,25 ml teflon-lined stainless steel autoclave,,135,152
vessel_type,sealed glass tube,Tube / capillary,Tube / capillary,tube,,sealed glass tube,,24,202
vessel_type,25 mL Teflon-lined autoclave,PTFE-lined autoclave,PTFE-lined autoclave / pressure vessel,ptfe_pressure_vessel,shorten_ptfe_autoclave_label,25 ml teflon-lined autoclave,,127,84
vessel_type,Teflon-lined stainless steel vessel (25 mL),PTFE vessel / liner,PTFE vessel / liner,ptfe_body,,teflon-lined stainless steel vessel (25 ml),,94,116
vessel_type,20 mL glass vial,Vial,Vial,vial,,20 ml glass vial,,122,76
vessel_type,23 mL Teflon-lined autoclave,PTFE-lined autoclave,PTFE-lined autoclave / pressure vessel,ptfe_pressure_vessel,shorten_ptfe_autoclave_label,23 ml teflon-lined autoclave,,78,120
vessel_type,20 mL vial,Vial,Vial,vial,,20 ml vial,,120,62
vessel_type,15 mL glass vial,Vial,Vial,vial,,15 ml glass vial,,91,87
vessel_type,Teflon-lined autoclave (18 mL),PTFE-lined autoclave,PTFE-lined autoclave / pressure vessel,ptfe_pressure_vessel,shorten_ptfe_autoclave_label,teflon-lined autoclave (18 ml),,33,144
vessel_type,23 mL Teflon-lined stainless steel autoclave,PTFE-lined autoclave,PTFE-lined autoclave / pressure vessel,ptfe_pressure_vessel,shorten_ptfe_autoclave_label,23 ml teflon-lined stainless steel autoclave,,42,125
vessel_type,Pyrex glass vessel (100 mL),Glass vessel,Glass vessel (shape not reported),generic_glass,simplify_material_vessel_label,pyrex glass vessel (100 ml),,5,151
vessel_type,23 mL Teflon-lined stainless-steel autoclave,PTFE-lined autoclave,PTFE-lined autoclave / pressure vessel,ptfe_pressure_vessel,shorten_ptfe_autoclave_label,23 ml teflon-lined stainless-steel autoclave,,29,123
vessel_type,20 mL scintillation vial,Vial,Vial,vial,,20 ml scintillation vial,,114,37
vessel_type,Teflon-lined autoclave (20 mL),PTFE-lined autoclave,PTFE-lined autoclave / pressure vessel,ptfe_pressure_vessel,shorten_ptfe_autoclave_label,teflon-lined autoclave (20 ml),,95,49
vessel_type,Teflon-lined stainless steel container,PTFE vessel / liner,PTFE vessel / liner,ptfe_body,,teflon-lined stainless steel container,,78,60
vessel_type,Pyrex vial,Vial,Vial,vial,,pyrex vial,,109,27
vessel_type,test tube,Tube / capillary,Tube / capillary,tube,,test tube,,53,82
vessel_type,Teflon-lined stainless steel autoclave (23 mL),PTFE-lined autoclave,PTFE-lined autoclave / pressure vessel,ptfe_pressure_vessel,shorten_ptfe_autoclave_label,teflon-lined stainless steel autoclave (23 ml),,68,60
vessel_type,Parr Teflon-lined stainless steel autoclave (15 mL),PTFE-lined autoclave,PTFE-lined autoclave / pressure vessel,ptfe_pressure_vessel,shorten_ptfe_autoclave_label,parr teflon-lined stainless steel autoclave (15 ml),,0,121
vessel_type,6-dram glass vial,Vial,Vial,vial,,6-dram glass vial,,63,55
vessel_type,"Teflon-lined autoclave, 23 mL",PTFE-lined autoclave,PTFE-lined autoclave / pressure vessel,ptfe_pressure_vessel,shorten_ptfe_autoclave_label,"teflon-lined autoclave, 23 ml",,19,99
vessel_type,Teflon-lined steel autoclave,PTFE-lined autoclave,PTFE-lined autoclave / pressure vessel,ptfe_pressure_vessel,shorten_ptfe_autoclave_label,teflon-lined steel autoclave,,76,33
vessel_type,screw-capped vial,Vial,Vial,vial,,screw-capped vial,,40,66
vessel_type,Teflon-lined autoclave (100 mL),PTFE-lined autoclave,PTFE-lined autoclave / pressure vessel,ptfe_pressure_vessel,shorten_ptfe_autoclave_label,teflon-lined autoclave (100 ml),,87,16
vessel_type,round-bottom flask,Flask,Flask,flask,,round-bottom flask,,65,37
vessel_type,Teflon-lined stainless-steel autoclave,PTFE-lined autoclave,PTFE-lined autoclave / pressure vessel,ptfe_pressure_vessel,shorten_ptfe_autoclave_label,teflon-lined stainless-steel autoclave,,63,33
vessel_type,15 mL PTFE-lined stainless steel vessel (autogenous pressure),PTFE-lined autoclave,PTFE-lined autoclave / pressure vessel,ptfe_pressure_vessel,shorten_ptfe_autoclave_label,15 ml ptfe-lined stainless steel vessel (autogenous pressure),,9,86
vessel_type,Teflon-lined stainless steel autoclave (15 mL),PTFE-lined autoclave,PTFE-lined autoclave / pressure vessel,ptfe_pressure_vessel,shorten_ptfe_autoclave_label,teflon-lined stainless steel autoclave (15 ml),,34,58
vessel_type,Pyrex sample tube (microwave synthesizer),Microwave vessel,Microwave vessel,microwave_apparatus,,pyrex sample tube (microwave synthesizer),,17,72
vessel_type,10 mL glass vial,Vial,Vial,vial,,10 ml glass vial,,58,30
vessel_type,glass vessel (autogenous pressure),Autoclave / pressure vessel,Autoclave / pressure vessel,pressure_vessel,,glass vessel (autogenous pressure),,2,86
vessel_type,Teflon-lined stainless autoclave (25 mL),PTFE-lined autoclave,PTFE-lined autoclave / pressure vessel,ptfe_pressure_vessel,shorten_ptfe_autoclave_label,teflon-lined stainless autoclave (25 ml),,27,56
vessel_type,20 mL Pyrex vial,Vial,Vial,vial,,20 ml pyrex vial,,37,44
vessel_type,4 mL glass vial,Vial,Vial,vial,,4 ml glass vial,,33,48
vessel_type,Teflon-lined autoclave (30 mL),PTFE-lined autoclave,PTFE-lined autoclave / pressure vessel,ptfe_pressure_vessel,shorten_ptfe_autoclave_label,teflon-lined autoclave (30 ml),,13,66
vessel_type,10 mL beaker,Beaker,Beaker,beaker,,10 ml beaker,,12,66
vessel_type,23 mL PTFE-lined stainless steel autoclave,PTFE-lined autoclave,PTFE-lined autoclave / pressure vessel,ptfe_pressure_vessel,shorten_ptfe_autoclave_label,23 ml ptfe-lined stainless steel autoclave,,24,54
vessel_type,25 mL Teflon-lined bomb,PTFE-lined autoclave,PTFE-lined autoclave / pressure vessel,ptfe_pressure_vessel,shorten_ptfe_autoclave_label,25 ml teflon-lined bomb,,13,63
vessel_type,Teflon-lined stainless steel reactor (25 mL),PTFE vessel / liner,PTFE vessel / liner,ptfe_body,,teflon-lined stainless steel reactor (25 ml),,16,57
vessel_type,glass vial (sealed),Vial,Vial,vial,,glass vial (sealed),,43,30
vessel_type,Teflon-lined stainless steel autoclave (20 mL),PTFE-lined autoclave,PTFE-lined autoclave / pressure vessel,ptfe_pressure_vessel,shorten_ptfe_autoclave_label,teflon-lined stainless steel autoclave (20 ml),,45,24
vessel_type,Teflon reactor (15 mL),PTFE vessel / liner,PTFE vessel / liner,ptfe_body,,teflon reactor (15 ml),,49,16
vessel_type,Teflon-lined steel autoclave (22 mL),PTFE-lined autoclave,PTFE-lined autoclave / pressure vessel,ptfe_pressure_vessel,shorten_ptfe_autoclave_label,teflon-lined steel autoclave (22 ml),,2,63
vessel_type,25 mL Teflon-lined stainless steel container,PTFE vessel / liner,PTFE vessel / liner,ptfe_body,,25 ml teflon-lined stainless steel container,,38,26
vessel_type,10 mL glass bottle,Bottle / jar,Bottle / jar,bottle_jar,,10 ml glass bottle,,10,51
vessel_type,glass test tube (layered diffusion),Tube / capillary,Tube / capillary,tube,,glass test tube (layered diffusion),,10,51
vessel_type,vial,Vial,Vial,vial,,vial,,35,26
vessel_type,16 mL glass vial,Vial,Vial,vial,,16 ml glass vial,,37,23
vessel_type,capped vial,Vial,Vial,vial,,capped vial,,48,12
vessel_type,"Teflon-lined autoclave, 25 mL",PTFE-lined autoclave,PTFE-lined autoclave / pressure vessel,ptfe_pressure_vessel,shorten_ptfe_autoclave_label,"teflon-lined autoclave, 25 ml",,19,40
vessel_type,screw cap vial,Vial,Vial,vial,,screw cap vial,,27,32
vessel_type,glass scintillation vial,Vial,Vial,vial,,glass scintillation vial,,15,42
vessel_type,Teflon-lined stainless-steel autoclave (25 mL),PTFE-lined autoclave,PTFE-lined autoclave / pressure vessel,ptfe_pressure_vessel,shorten_ptfe_autoclave_label,teflon-lined stainless-steel autoclave (25 ml),,11,44
vessel_type,PTFE-lined autoclave,PTFE-lined autoclave,PTFE-lined autoclave / pressure vessel,ptfe_pressure_vessel,shorten_ptfe_autoclave_label,ptfe-lined autoclave,,37,17
vessel_type,Teflon-lined autoclave (50 mL),PTFE-lined autoclave,PTFE-lined autoclave / pressure vessel,ptfe_pressure_vessel,shorten_ptfe_autoclave_label,teflon-lined autoclave (50 ml),,42,11
vessel_type,screw-cap reaction tube,Tube / capillary,Tube / capillary,tube,,screw-cap reaction tube,,33,20
vessel_type,20 mL Teflon-lined stainless steel vessel,PTFE vessel / liner,PTFE vessel / liner,ptfe_body,,20 ml teflon-lined stainless steel vessel,,9,43
vessel_type,23 mL Teflon-lined stainless steel vessel,PTFE vessel / liner,PTFE vessel / liner,ptfe_body,,23 ml teflon-lined stainless steel vessel,,46,5
vessel_type,Parr autoclave with 23 mL Teflon liner,PTFE-lined autoclave,PTFE-lined autoclave / pressure vessel,ptfe_pressure_vessel,shorten_ptfe_autoclave_label,parr autoclave with 23 ml teflon liner,,3,48
vessel_type,Teflon-lined autoclave (100 mL liner),PTFE-lined autoclave,PTFE-lined autoclave / pressure vessel,ptfe_pressure_vessel,shorten_ptfe_autoclave_label,teflon-lined autoclave (100 ml liner),,12,39
vessel_type,Teflon-lined stainless steel vessel (20 mL),PTFE vessel / liner,PTFE vessel / liner,ptfe_body,,teflon-lined stainless steel vessel (20 ml),,23,28
vessel_type,HT Teflon insert (2.0 mL),PTFE vessel / liner,PTFE vessel / liner,ptfe_body,,ht teflon insert (2.0 ml),,2,48
vessel_type,scintillation vial,Vial,Vial,vial,,scintillation vial,,33,16
vessel_type,Teflon reactor (20 mL),PTFE vessel / liner,PTFE vessel / liner,ptfe_body,,teflon reactor (20 ml),,48,0
vessel_type,Teflon-sealed screw cap glass vessel (100 mL),Glass vessel,Glass vessel (shape not reported),generic_glass,simplify_material_vessel_label,teflon-sealed screw cap glass vessel (100 ml),,2,46
vessel_type,beaker,Beaker,Beaker,beaker,,beaker,,25,23
vessel_type,15 mL Teflon-lined reactor,PTFE vessel / liner,PTFE vessel / liner,ptfe_body,,15 ml teflon-lined reactor,,8,39
vessel_type,5 mL Teflon vial,PTFE vessel / liner,PTFE vessel / liner,ptfe_body,,5 ml teflon vial,,0,47
vessel_type,16 mL Teflon-lined stainless steel container,PTFE vessel / liner,PTFE vessel / liner,ptfe_body,,16 ml teflon-lined stainless steel container,,29,17
vessel_type,round-bottom flask (reflux),Flask,Flask,flask,,round-bottom flask (reflux),,33,13
vessel_type,Teflon-lined digestion bomb (23 mL),PTFE-lined autoclave,PTFE-lined autoclave / pressure vessel,ptfe_pressure_vessel,shorten_ptfe_autoclave_label,teflon-lined digestion bomb (23 ml),,13,32
vessel_type,Teflon-lined stainless steel vessel (30 mL),PTFE vessel / liner,PTFE vessel / liner,ptfe_body,,teflon-lined stainless steel vessel (30 ml),,4,41
vessel_type,15-mL Teflon-lined stainless-steel container,PTFE vessel / liner,PTFE vessel / liner,ptfe_body,,15-ml teflon-lined stainless-steel container,,36,7
vessel_type,"20 mL glass scintillation vials, Teflon-lined caps",Vial,Vial,vial,,"20 ml glass scintillation vials, teflon-lined caps",,10,33
vessel_type,10 mL Pyrex glass tube (sealed),Tube / capillary,Tube / capillary,tube,,10 ml pyrex glass tube (sealed),,13,29
vessel_type,15 mL Teflon-lined stainless steel vessel,PTFE vessel / liner,PTFE vessel / liner,ptfe_body,,15 ml teflon-lined stainless steel vessel,,24,18
vessel_type,15-mL scintillation vial,Vial,Vial,vial,,15-ml scintillation vial,,9,33
vessel_type,Teflon-lined stainless steel vessel (15 mL),PTFE vessel / liner,PTFE vessel / liner,ptfe_body,,teflon-lined stainless steel vessel (15 ml),,39,3
vessel_type,20 mL Teflon-lined stainless steel autoclave,PTFE-lined autoclave,PTFE-lined autoclave / pressure vessel,ptfe_pressure_vessel,shorten_ptfe_autoclave_label,20 ml teflon-lined stainless steel autoclave,,21,19
vessel_type,25 mL Teflon-lined stainless steel bomb (Teflon-lined autoclave),PTFE-lined autoclave,PTFE-lined autoclave / pressure vessel,ptfe_pressure_vessel,shorten_ptfe_autoclave_label,25 ml teflon-lined stainless steel bomb (teflon-lined autoclave),,3,36
vessel_type,25 mL screw-top glass jar,Bottle / jar,Bottle / jar,bottle_jar,,25 ml screw-top glass jar,,14,25
vessel_type,glass beaker,Beaker,Beaker,beaker,,glass beaker,,34,5
vessel_type,glass bottle,Bottle / jar,Bottle / jar,bottle_jar,,glass bottle,,28,11
vessel_type,100 mL beaker,Beaker,Beaker,beaker,,100 ml beaker,,8,30
vessel_type,20 mL scintillation vial (Teflon-lined cap),Vial,Vial,vial,,20 ml scintillation vial (teflon-lined cap),,19,19
vessel_type,50 mL screw cap glass bottle,Bottle / jar,Bottle / jar,bottle_jar,,50 ml screw cap glass bottle,,12,26
vessel_type,Teflon-lined stainless steel vessel (23 mL),PTFE vessel / liner,PTFE vessel / liner,ptfe_body,,teflon-lined stainless steel vessel (23 ml),,7,31
vessel_type,Teflon-lined steel autoclave (100 mL),PTFE-lined autoclave,PTFE-lined autoclave / pressure vessel,ptfe_pressure_vessel,shorten_ptfe_autoclave_label,teflon-lined steel autoclave (100 ml),,37,1
vessel_type,15 mL Teflon-lined stainless steel autoclave,PTFE-lined autoclave,PTFE-lined autoclave / pressure vessel,ptfe_pressure_vessel,shorten_ptfe_autoclave_label,15 ml teflon-lined stainless steel autoclave,,21,16
vessel_type,20 mL Teflon-lined autoclave,PTFE-lined autoclave,PTFE-lined autoclave / pressure vessel,ptfe_pressure_vessel,shorten_ptfe_autoclave_label,20 ml teflon-lined autoclave,,21,16
vessel_type,Pyrex heat-resistant glass bottle,Bottle / jar,Bottle / jar,bottle_jar,,pyrex heat-resistant glass bottle,,2,35
vessel_type,Teflon vial (2 mL) in HT reactor block,PTFE vessel / liner,PTFE vessel / liner,ptfe_body,,teflon vial (2 ml) in ht reactor block,,2,35
vessel_type,"Teflon-lined stainless steel autoclave, 25 mL",PTFE-lined autoclave,PTFE-lined autoclave / pressure vessel,ptfe_pressure_vessel,shorten_ptfe_autoclave_label,"teflon-lined stainless steel autoclave, 25 ml",,9,28
vessel_type,glass vial (10 mL),Vial,Vial,vial,,glass vial (10 ml),,30,7
vessel_type,screw cap vials,Vial,Vial,vial,,screw cap vials,,4,33
vessel_type,10 mL Pyrex glass tube,Tube / capillary,Tube / capillary,tube,,10 ml pyrex glass tube,,14,22
vessel_type,"glass scintillation vial, tightly capped",Vial,Vial,vial,,"glass scintillation vial, tightly capped",,6,30
vessel_type,PTFE-lined stainless steel autoclave,PTFE-lined autoclave,PTFE-lined autoclave / pressure vessel,ptfe_pressure_vessel,shorten_ptfe_autoclave_label,ptfe-lined stainless steel autoclave,,15,20
vessel_type,Teflon-lined autoclave (40 mL),PTFE-lined autoclave,PTFE-lined autoclave / pressure vessel,ptfe_pressure_vessel,shorten_ptfe_autoclave_label,teflon-lined autoclave (40 ml),,33,2
vessel_type,Teflon-lined bomb,PTFE-lined autoclave,PTFE-lined autoclave / pressure vessel,ptfe_pressure_vessel,shorten_ptfe_autoclave_label,teflon-lined bomb,,7,28
vessel_type,Teflon-lined steel autoclave (50 mL),PTFE-lined autoclave,PTFE-lined autoclave / pressure vessel,ptfe_pressure_vessel,shorten_ptfe_autoclave_label,teflon-lined steel autoclave (50 ml),,35,0
vessel_type,sealed glass vial,Vial,Vial,vial,,sealed glass vial,,22,13
vessel_type,100 mL glass bottle,Bottle / jar,Bottle / jar,bottle_jar,,100 ml glass bottle,,1,33
vessel_type,23 mL glass vial,Vial,Vial,vial,,23 ml glass vial,,20,14
vessel_type,5 mL glass vial,Vial,Vial,vial,,5 ml glass vial,,19,15
vessel_type,Pyrex tube,Tube / capillary,Tube / capillary,tube,,pyrex tube,,29,5
vessel_type,Teflon-lined stainless steel autoclave (45 mL),PTFE-lined autoclave,PTFE-lined autoclave / pressure vessel,ptfe_pressure_vessel,shorten_ptfe_autoclave_label,teflon-lined stainless steel autoclave (45 ml),,7,27
vessel_type,sealed vial,Vial,Vial,vial,,sealed vial,,30,4
vessel_type,stainless-steel reactor (20 mL),Reactor / reaction chamber,Reactor / reaction chamber,reactor,,stainless-steel reactor (20 ml),,3,31
vessel_type,15 mL screw-cap reaction tube,Tube / capillary,Tube / capillary,tube,,15 ml screw-cap reaction tube,,21,12
vessel_type,20 mL Teflon-lined stainless steel container,PTFE vessel / liner,PTFE vessel / liner,ptfe_body,,20 ml teflon-lined stainless steel container,,22,11
vessel_type,50 mL Teflon-lined stainless-steel autoclave,PTFE-lined autoclave,PTFE-lined autoclave / pressure vessel,ptfe_pressure_vessel,shorten_ptfe_autoclave_label,50 ml teflon-lined stainless-steel autoclave,,33,0
vessel_type,Parr Teflon-lined stainless steel vessel (15 mL),PTFE vessel / liner,PTFE vessel / liner,ptfe_body,,parr teflon-lined stainless steel vessel (15 ml),,32,1
vessel_type,"Teflon-lined stainless steel autoclave (Parr), 25 mL",PTFE-lined autoclave,PTFE-lined autoclave / pressure vessel,ptfe_pressure_vessel,shorten_ptfe_autoclave_label,"teflon-lined stainless steel autoclave (parr), 25 ml",,5,28
vessel_type,glass vial (5 mL),Vial,Vial,vial,,glass vial (5 ml),,17,16
vessel_type,Teflon reactor (4 mL screw-capped vial inside),Nested / multiple vessels,Nested / multiple vessels,multiple_vessels,,teflon reactor (4 ml screw-capped vial inside),Nested or sequential apparatus; no single vessel selected,10,22
vessel_type,Teflon-lined stainless steel vessel (12 mL),PTFE vessel / liner,PTFE vessel / liner,ptfe_body,,teflon-lined stainless steel vessel (12 ml),,10,22
vessel_type,23 mL Teflon-lined stainless steel reactor,PTFE vessel / liner,PTFE vessel / liner,ptfe_body,,23 ml teflon-lined stainless steel reactor,,15,16
vessel_type,50 mL Pyrex reagent jar,Bottle / jar,Bottle / jar,bottle_jar,,50 ml pyrex reagent jar,,4,27
vessel_type,Teflon-lined Parr acid digestion vessel (Model 4744; 45 mL),PTFE-lined autoclave,PTFE-lined autoclave / pressure vessel,ptfe_pressure_vessel,shorten_ptfe_autoclave_label,teflon-lined parr acid digestion vessel (model 4744; 45 ml),,5,26
vessel_type,Teflon-lined stainless steel autoclave (100 mL),PTFE-lined autoclave,PTFE-lined autoclave / pressure vessel,ptfe_pressure_vessel,shorten_ptfe_autoclave_label,teflon-lined stainless steel autoclave (100 ml),,29,2
vessel_type,Teflon-lined stainless steel autoclave (16 mL),PTFE-lined autoclave,PTFE-lined autoclave / pressure vessel,ptfe_pressure_vessel,shorten_ptfe_autoclave_label,teflon-lined stainless steel autoclave (16 ml),,21,10
vessel_type,autoclave (25 mL),Autoclave / pressure vessel,Autoclave / pressure vessel,pressure_vessel,,autoclave (25 ml),,9,22
vessel_type,10 mL scintillation vial,Vial,Vial,vial,,10 ml scintillation vial,,28,2
vessel_type,100 mL Teflon-lined autoclave,PTFE-lined autoclave,PTFE-lined autoclave / pressure vessel,ptfe_pressure_vessel,shorten_ptfe_autoclave_label,100 ml teflon-lined autoclave,,22,8
vessel_type,23 mL Teflon-lined Parr autoclave,PTFE-lined autoclave,PTFE-lined autoclave / pressure vessel,ptfe_pressure_vessel,shorten_ptfe_autoclave_label,23 ml teflon-lined parr autoclave,,18,12
vessel_type,23-mL Teflon-lined Parr autoclave,PTFE-lined autoclave,PTFE-lined autoclave / pressure vessel,ptfe_pressure_vessel,shorten_ptfe_autoclave_label,23-ml teflon-lined parr autoclave,,2,28
vessel_type,30 mL Teflon-lined steel autoclave,PTFE-lined autoclave,PTFE-lined autoclave / pressure vessel,ptfe_pressure_vessel,shorten_ptfe_autoclave_label,30 ml teflon-lined steel autoclave,,2,28
vessel_type,Teflon-lined 23 mL Parr acid digestion bomb,PTFE-lined autoclave,PTFE-lined autoclave / pressure vessel,ptfe_pressure_vessel,shorten_ptfe_autoclave_label,teflon-lined 23 ml parr acid digestion bomb,,6,24
vessel_type,Teflon-lined stainless steel reactor,PTFE vessel / liner,PTFE vessel / liner,ptfe_body,,teflon-lined stainless steel reactor,,25,5
vessel_type,capped glass vial,Vial,Vial,vial,,capped glass vial,,7,23
vessel_type,non-pressurised scintillation vial,Vial,Vial,vial,,non-pressurised scintillation vial,,6,24
vessel_type,parr Teflon-lined stainless steel vessel (23 mL),PTFE vessel / liner,PTFE vessel / liner,ptfe_body,,parr teflon-lined stainless steel vessel (23 ml),,4,26
vessel_type,20 mL Teflon-lined stainless autoclave,PTFE-lined autoclave,PTFE-lined autoclave / pressure vessel,ptfe_pressure_vessel,shorten_ptfe_autoclave_label,20 ml teflon-lined stainless autoclave,,21,8
vessel_type,20 mL glass vial with Teflon-lined screw cap,Vial,Vial,vial,,20 ml glass vial with teflon-lined screw cap,,1,28
vessel_type,23 mL Teflon-lined Parr bomb,PTFE-lined autoclave,PTFE-lined autoclave / pressure vessel,ptfe_pressure_vessel,shorten_ptfe_autoclave_label,23 ml teflon-lined parr bomb,,5,24
vessel_type,25 mL PYREX reagent bottle,Bottle / jar,Bottle / jar,bottle_jar,,25 ml pyrex reagent bottle,,11,18
vessel_type,Teflon-lined stainless-steel autoclave (23 mL),PTFE-lined autoclave,PTFE-lined autoclave / pressure vessel,ptfe_pressure_vessel,shorten_ptfe_autoclave_label,teflon-lined stainless-steel autoclave (23 ml),,20,9
vessel_type,23 mL Teflon-lined digestion bomb,PTFE-lined autoclave,PTFE-lined autoclave / pressure vessel,ptfe_pressure_vessel,shorten_ptfe_autoclave_label,23 ml teflon-lined digestion bomb,,13,15
vessel_type,5 mL vial,Vial,Vial,vial,,5 ml vial,,16,12
vessel_type,Pyrex glass tube (sealed),Tube / capillary,Tube / capillary,tube,,pyrex glass tube (sealed),,7,21
vessel_type,Pyrex tube (sealed),Tube / capillary,Tube / capillary,tube,,pyrex tube (sealed),,11,17
vessel_type,Teflon-lined autoclave (45 mL liner),PTFE-lined autoclave,PTFE-lined autoclave / pressure vessel,ptfe_pressure_vessel,shorten_ptfe_autoclave_label,teflon-lined autoclave (45 ml liner),,27,1
vessel_type,Teflon-lined reactor,PTFE vessel / liner,PTFE vessel / liner,ptfe_body,,teflon-lined reactor,,18,10
vessel_type,100 mL Teflon-lined stainless steel autoclave,PTFE-lined autoclave,PTFE-lined autoclave / pressure vessel,ptfe_pressure_vessel,shorten_ptfe_autoclave_label,100 ml teflon-lined stainless steel autoclave,,21,6
vessel_type,15 mL Teflon-lined autoclave,PTFE-lined autoclave,PTFE-lined autoclave / pressure vessel,ptfe_pressure_vessel,shorten_ptfe_autoclave_label,15 ml teflon-lined autoclave,,13,14
vessel_type,Teflon-capped glass flask,Flask,Flask,flask,,teflon-capped glass flask,,7,20
vessel_type,six-dram glass vial,Vial,Vial,vial,,six-dram glass vial,,5,22
vessel_type,4 mL Teflon-lined stainless-steel container,PTFE vessel / liner,PTFE vessel / liner,ptfe_body,,4 ml teflon-lined stainless-steel container,,9,17
vessel_type,45 mL Teflon-lined reactor,PTFE vessel / liner,PTFE vessel / liner,ptfe_body,,45 ml teflon-lined reactor,,0,26
vessel_type,50 mL flask,Flask,Flask,flask,,50 ml flask,,11,15
vessel_type,Schott Duran glass culture tube (GL-14),Tube / capillary,Tube / capillary,tube,,schott duran glass culture tube (gl-14),,0,26
vessel_type,Teflon-lined acid digestion bomb (43 mL),PTFE-lined autoclave,PTFE-lined autoclave / pressure vessel,ptfe_pressure_vessel,shorten_ptfe_autoclave_label,teflon-lined acid digestion bomb (43 ml),,19,7
vessel_type,Teflon-lined autoclave (Parr bomb),PTFE-lined autoclave,PTFE-lined autoclave / pressure vessel,ptfe_pressure_vessel,shorten_ptfe_autoclave_label,teflon-lined autoclave (parr bomb),,0,26
vessel_type,Teflon-lined steel Parr autoclave (23 mL),PTFE-lined autoclave,PTFE-lined autoclave / pressure vessel,ptfe_pressure_vessel,shorten_ptfe_autoclave_label,teflon-lined steel parr autoclave (23 ml),,3,23
vessel_type,sealed glass tube (10 mL),Tube / capillary,Tube / capillary,tube,,sealed glass tube (10 ml),,5,21
vessel_type,1.5 mL Eppendorf tubes,Tube / capillary,Tube / capillary,tube,,1.5 ml eppendorf tubes,,1,24
vessel_type,50 mL Pyrex jar,Bottle / jar,Bottle / jar,bottle_jar,,50 ml pyrex jar,,16,9
vessel_type,Teflon-lined reactor (15 mL),PTFE vessel / liner,PTFE vessel / liner,ptfe_body,,teflon-lined reactor (15 ml),,15,10
vessel_type,Teflon-lined stainless autoclave,PTFE-lined autoclave,PTFE-lined autoclave / pressure vessel,ptfe_pressure_vessel,shorten_ptfe_autoclave_label,teflon-lined stainless autoclave,,24,1
vessel_type,glass vial (screw cap),Vial,Vial,vial,,glass vial (screw cap),,3,22
vessel_type,sealed 10 mL glass vessel,Glass vessel,Glass vessel (shape not reported),generic_glass,simplify_material_vessel_label,sealed 10 ml glass vessel,,21,4
vessel_type,sealed 12 mm diameter glass test tube,Tube / capillary,Tube / capillary,tube,,sealed 12 mm diameter glass test tube,,3,22
vessel_type,20 mL glass vial (sealed),Vial,Vial,vial,,20 ml glass vial (sealed),,18,6
vessel_type,30 mL DURAN glass bottle,Bottle / jar,Bottle / jar,bottle_jar,,30 ml duran glass bottle,,5,19
vessel_type,48 mL Synthware heavy-wall pressure vessel (round-bottom),Autoclave / pressure vessel,Autoclave / pressure vessel,pressure_vessel,,48 ml synthware heavy-wall pressure vessel (round-bottom),,13,11
vessel_type,8-dram vial,Vial,Vial,vial,,8-dram vial,,21,3
vessel_type,"Pyrex tube (10 mL), sealed",Tube / capillary,Tube / capillary,tube,,"pyrex tube (10 ml), sealed",,24,0
vessel_type,Teflon round bottom flask,PTFE vessel / liner,PTFE vessel / liner,ptfe_body,,teflon round bottom flask,,4,20
vessel_type,Teflon-lined Parr bomb,PTFE-lined autoclave,PTFE-lined autoclave / pressure vessel,ptfe_pressure_vessel,shorten_ptfe_autoclave_label,teflon-lined parr bomb,,6,18
vessel_type,Teflon-lined autoclave (43 mL PTFE liner),PTFE-lined autoclave,PTFE-lined autoclave / pressure vessel,ptfe_pressure_vessel,shorten_ptfe_autoclave_label,teflon-lined autoclave (43 ml ptfe liner),,3,21
vessel_type,Teflon-lined digestion bomb,PTFE-lined autoclave,PTFE-lined autoclave / pressure vessel,ptfe_pressure_vessel,shorten_ptfe_autoclave_label,teflon-lined digestion bomb,,20,4
vessel_type,block heater,Not reported,Not reported,equipment_or_operation_only,,block heater,"Description specifies equipment/operation, not an identifiable reaction vessel",0,24
vessel_type,glass vial (4 mL),Vial,Vial,vial,,glass vial (4 ml),,4,20
vessel_type,100 mL Teflon-lined steel autoclave,PTFE-lined autoclave,PTFE-lined autoclave / pressure vessel,ptfe_pressure_vessel,shorten_ptfe_autoclave_label,100 ml teflon-lined steel autoclave,,16,7
vessel_type,18 mL Teflon-lined autoclave,PTFE-lined autoclave,PTFE-lined autoclave / pressure vessel,ptfe_pressure_vessel,shorten_ptfe_autoclave_label,18 ml teflon-lined autoclave,,4,19
vessel_type,23 mL polypropylene container,Polymer vessel,Polymer vessel (shape not reported),generic_polymer,simplify_material_vessel_label,23 ml polypropylene container,,16,7
vessel_type,4 mL scintillation vial,Vial,Vial,vial,,4 ml scintillation vial,,5,18
vessel_type,Schott Duran glass culture tube (5 mL),Tube / capillary,Tube / capillary,tube,,schott duran glass culture tube (5 ml),,5,18
vessel_type,Teflon reactor,PTFE vessel / liner,PTFE vessel / liner,ptfe_body,,teflon reactor,,23,0
vessel_type,Teflon-lined autoclave (10 mL),PTFE-lined autoclave,PTFE-lined autoclave / pressure vessel,ptfe_pressure_vessel,shorten_ptfe_autoclave_label,teflon-lined autoclave (10 ml),,23,0
vessel_type,Teflon-lined autoclave (80 mL) with 25×40 mm vial inside,Nested / multiple vessels,Nested / multiple vessels,multiple_vessels,,teflon-lined autoclave (80 ml) with 25 x 40 mm vial inside,Nested or sequential apparatus; no single vessel selected,18,5
vessel_type,flask (oil bath),Flask,Flask,flask,,flask (oil bath),,3,20
vessel_type,glass Petri dish in desiccator,Dish / well plate,Dish / well plate,dish_plate,,glass petri dish in desiccator,,5,18
vessel_type,microwave reaction vial,Microwave vessel,Microwave vessel,microwave_apparatus,,microwave reaction vial,,1,22
vessel_type,reflux setup,Not reported,Not reported,equipment_or_operation_only,,reflux setup,"Description specifies equipment/operation, not an identifiable reaction vessel",19,4
vessel_type,100 mL glass bottle (sealed with PTFE tape),Bottle / jar,Bottle / jar,bottle_jar,,100 ml glass bottle (sealed with ptfe tape),,21,1
vessel_type,15-mL Teflon-lined stainless autoclave,PTFE-lined autoclave,PTFE-lined autoclave / pressure vessel,ptfe_pressure_vessel,shorten_ptfe_autoclave_label,15-ml teflon-lined stainless autoclave,,1,21
vessel_type,2 mL Teflon insert (HT reactor),PTFE vessel / liner,PTFE vessel / liner,ptfe_body,,2 ml teflon insert (ht reactor),,5,17
vessel_type,25 mL Teflon-lined stainless-steel autoclave,PTFE-lined autoclave,PTFE-lined autoclave / pressure vessel,ptfe_pressure_vessel,shorten_ptfe_autoclave_label,25 ml teflon-lined stainless-steel autoclave,,17,5
vessel_type,6-dram scintillation vial,Vial,Vial,vial,,6-dram scintillation vial,,14,8
vessel_type,Teflon insert of a steel autoclave,PTFE-lined autoclave,PTFE-lined autoclave / pressure vessel,ptfe_pressure_vessel,shorten_ptfe_autoclave_label,teflon insert of a steel autoclave,,3,19
vessel_type,autoclave with 50 mL glass liner,Autoclave / pressure vessel,Autoclave / pressure vessel,pressure_vessel,,autoclave with 50 ml glass liner,,1,21
vessel_type,15 mL high-pressure vessel (oil bath),Autoclave / pressure vessel,Autoclave / pressure vessel,pressure_vessel,,15 ml high-pressure vessel (oil bath),,1,20
vessel_type,15-mL Teflon-lined autoclave,PTFE-lined autoclave,PTFE-lined autoclave / pressure vessel,ptfe_pressure_vessel,shorten_ptfe_autoclave_label,15-ml teflon-lined autoclave,,21,0
vessel_type,20 mL scintillation vial (sealed),Vial,Vial,vial,,20 ml scintillation vial (sealed),,11,10
vessel_type,22 mL glass bottle,Bottle / jar,Bottle / jar,bottle_jar,,22 ml glass bottle,,21,0
vessel_type,250-mL screw cap jar,Bottle / jar,Bottle / jar,bottle_jar,,250-ml screw cap jar,,4,17
vessel_type,50 mL PYREX reagent bottle,Bottle / jar,Bottle / jar,bottle_jar,,50 ml pyrex reagent bottle,,19,2
vessel_type,50 mL round-bottom flask,Flask,Flask,flask,,50 ml round-bottom flask,,14,7
vessel_type,8 dram glass vial,Vial,Vial,vial,,8 dram glass vial,,21,0
vessel_type,Teflon-lined Parr acid digestion bomb,PTFE-lined autoclave,PTFE-lined autoclave / pressure vessel,ptfe_pressure_vessel,shorten_ptfe_autoclave_label,teflon-lined parr acid digestion bomb,,8,13
vessel_type,"Teflon-lined stainless steel autoclave (Parr, 25 mL)",PTFE-lined autoclave,PTFE-lined autoclave / pressure vessel,ptfe_pressure_vessel,shorten_ptfe_autoclave_label,"teflon-lined stainless steel autoclave (parr, 25 ml)",,8,13
vessel_type,Teflon-lined stainless steel vessel (autoclave),PTFE-lined autoclave,PTFE-lined autoclave / pressure vessel,ptfe_pressure_vessel,shorten_ptfe_autoclave_label,teflon-lined stainless steel vessel (autoclave),,14,7
vessel_type,20-mL glass vial (capped),Vial,Vial,vial,,20-ml glass vial (capped),,4,16
vessel_type,24-reactor multiclave (2 mL reactors),Reactor / reaction chamber,Reactor / reaction chamber,reactor,,24-reactor multiclave (2 ml reactors),,1,19
vessel_type,4 mL vial,Vial,Vial,vial,,4 ml vial,,13,7
vessel_type,Parr Teflon-lined stainless steel vessel (25 mL),PTFE vessel / liner,PTFE vessel / liner,ptfe_body,,parr teflon-lined stainless steel vessel (25 ml),,18,2
vessel_type,Teflon-lined autoclave (20 mL Teflon vessel),PTFE-lined autoclave,PTFE-lined autoclave / pressure vessel,ptfe_pressure_vessel,shorten_ptfe_autoclave_label,teflon-lined autoclave (20 ml teflon vessel),,14,6
vessel_type,Teflon-lined stainless-steel reactor (autoclave),PTFE-lined autoclave,PTFE-lined autoclave / pressure vessel,ptfe_pressure_vessel,shorten_ptfe_autoclave_label,teflon-lined stainless-steel reactor (autoclave),,4,16
vessel_type,Teflon-lined stainless-steel vessel (25 mL),PTFE vessel / liner,PTFE vessel / liner,ptfe_body,,teflon-lined stainless-steel vessel (25 ml),,11,9
vessel_type,borosilicate glass reagent bottle (screw cap),Bottle / jar,Bottle / jar,bottle_jar,,borosilicate glass reagent bottle (screw cap),,14,6
vessel_type,glass vessel (20 mL),Glass vessel,Glass vessel (shape not reported),generic_glass,simplify_material_vessel_label,glass vessel (20 ml),,5,15
vessel_type,glass vial (20 mL),Vial,Vial,vial,,glass vial (20 ml),,20,0
vessel_type,microwave vessel,Microwave vessel,Microwave vessel,microwave_apparatus,,microwave vessel,,2,18
vessel_type,sealed vessel,Not reported,Vessel (type not reported),generic_vessel,unspecified_vessel_type_to_not_reported,sealed vessel,Vessel is named but shape/material cannot be resolved,12,8
vessel_type,stainless steel vessel (20 mL),Metal vessel,Metal vessel (shape not reported),generic_metal,simplify_material_vessel_label,stainless steel vessel (20 ml),,4,16
vessel_type,tightly capped glass vial,Vial,Vial,vial,,tightly capped glass vial,,4,16
vessel_type,11 mL crimp cap vial in preheated copper block,Vial,Vial,vial,,11 ml crimp cap vial in preheated copper block,,3,16
vessel_type,12 mL glass scintillation vial,Vial,Vial,vial,,12 ml glass scintillation vial,,2,17
vessel_type,20 mL Teflon-capped glass vial,Vial,Vial,vial,,20 ml teflon-capped glass vial,,5,14
vessel_type,25 mL Pyrex jar,Bottle / jar,Bottle / jar,bottle_jar,,25 ml pyrex jar,,19,0
vessel_type,5 mL scintillation vial,Vial,Vial,vial,,5 ml scintillation vial,,11,8
vessel_type,Teflon-lined autoclave (microwave heating),Microwave vessel,Microwave vessel,microwave_apparatus,,teflon-lined autoclave (microwave heating),,1,18
vessel_type,Teflon-lined stainless steel (20 mL) container,PTFE vessel / liner,PTFE vessel / liner,ptfe_body,,teflon-lined stainless steel (20 ml) container,,7,12
vessel_type,Teflon-lined stainless steel bomb,PTFE-lined autoclave,PTFE-lined autoclave / pressure vessel,ptfe_pressure_vessel,shorten_ptfe_autoclave_label,teflon-lined stainless steel bomb,,14,5
vessel_type,Teflon-lined stainless steel vessel (25 mL autoclave),PTFE-lined autoclave,PTFE-lined autoclave / pressure vessel,ptfe_pressure_vessel,shorten_ptfe_autoclave_label,teflon-lined stainless steel vessel (25 ml autoclave),,1,18
vessel_type,Teflon-lined stainless-steel autoclave (18 mL),PTFE-lined autoclave,PTFE-lined autoclave / pressure vessel,ptfe_pressure_vessel,shorten_ptfe_autoclave_label,teflon-lined stainless-steel autoclave (18 ml),,1,18
vessel_type,"borosilicate culture tube (Schott DURAN), screw cap",Tube / capillary,Tube / capillary,tube,,"borosilicate culture tube (schott duran), screw cap",,18,1
vessel_type,14 mL glass vial,Vial,Vial,vial,,14 ml glass vial,,0,18
vessel_type,25 mL glass vial (sealed),Vial,Vial,vial,,25 ml glass vial (sealed),,8,10
vessel_type,PTFE-lined stainless steel autoclave (23 mL),PTFE-lined autoclave,PTFE-lined autoclave / pressure vessel,ptfe_pressure_vessel,shorten_ptfe_autoclave_label,ptfe-lined stainless steel autoclave (23 ml),,17,1
vessel_type,Teflon-lined autoclave (23 mL PTFE-lined stainless steel container),PTFE-lined autoclave,PTFE-lined autoclave / pressure vessel,ptfe_pressure_vessel,shorten_ptfe_autoclave_label,teflon-lined autoclave (23 ml ptfe-lined stainless steel container),,2,16
vessel_type,Teflon-lined autoclave (25 mL Teflon bomb),PTFE-lined autoclave,PTFE-lined autoclave / pressure vessel,ptfe_pressure_vessel,shorten_ptfe_autoclave_label,teflon-lined autoclave (25 ml teflon bomb),,3,15
vessel_type,Teflon-lined digestion bomb (43 mL),PTFE-lined autoclave,PTFE-lined autoclave / pressure vessel,ptfe_pressure_vessel,shorten_ptfe_autoclave_label,teflon-lined digestion bomb (43 ml),,4,14
vessel_type,Teflon-lined stainless steel autoclave (30 mL),PTFE-lined autoclave,PTFE-lined autoclave / pressure vessel,ptfe_pressure_vessel,shorten_ptfe_autoclave_label,teflon-lined stainless steel autoclave (30 ml),,8,10
vessel_type,Teflon-lined stainless-steel autoclave (20 mL),PTFE-lined autoclave,PTFE-lined autoclave / pressure vessel,ptfe_pressure_vessel,shorten_ptfe_autoclave_label,teflon-lined stainless-steel autoclave (20 ml),,12,6
vessel_type,autoclavable 8 mL vial,Vial,Vial,vial,,autoclavable 8 ml vial,,3,15
vessel_type,mortar and pestle (grind 15 min); autoclave (bake),Autoclave / pressure vessel,Autoclave / pressure vessel,pressure_vessel,,mortar and pestle (grind 15 min); autoclave (bake),,0,18
vessel_type,"pressure-resistant glass bottle, 10 mL",Bottle / jar,Bottle / jar,bottle_jar,,"pressure-resistant glass bottle, 10 ml",,2,16
vessel_type,screw jar,Bottle / jar,Bottle / jar,bottle_jar,,screw jar,,18,0
vessel_type,sealed tube,Tube / capillary,Tube / capillary,tube,,sealed tube,,7,11
vessel_type,1 L round-bottom flask with reflux condenser,Flask,Flask,flask,,1 l round-bottom flask with reflux condenser,,2,15
vessel_type,13 mL Teflon-lined stainless steel autoclave,PTFE-lined autoclave,PTFE-lined autoclave / pressure vessel,ptfe_pressure_vessel,shorten_ptfe_autoclave_label,13 ml teflon-lined stainless steel autoclave,,5,12
vessel_type,20 mL microwave vial,Microwave vessel,Microwave vessel,microwave_apparatus,,20 ml microwave vial,,6,11
vessel_type,20 mL scintillation vial with Teflon-lined cap,Vial,Vial,vial,,20 ml scintillation vial with teflon-lined cap,,6,11
vessel_type,5 mL Pyrex vial,Vial,Vial,vial,,5 ml pyrex vial,,4,13
vessel_type,50 mL Teflon-lined steel autoclave,PTFE-lined autoclave,PTFE-lined autoclave / pressure vessel,ptfe_pressure_vessel,shorten_ptfe_autoclave_label,50 ml teflon-lined steel autoclave,,1,16
vessel_type,Teflon-lined autoclave (23 mL stainless steel reactor with Teflon liner),PTFE-lined autoclave,PTFE-lined autoclave / pressure vessel,ptfe_pressure_vessel,shorten_ptfe_autoclave_label,teflon-lined autoclave (23 ml stainless steel reactor with teflon liner),,1,16
vessel_type,Teflon-lined autoclave (Vmax = 2 mL),PTFE-lined autoclave,PTFE-lined autoclave / pressure vessel,ptfe_pressure_vessel,shorten_ptfe_autoclave_label,teflon-lined autoclave (vmax = 2 ml),,0,17
vessel_type,Teflon-lined stainless steel autoclave (two-chamber),PTFE-lined autoclave,PTFE-lined autoclave / pressure vessel,ptfe_pressure_vessel,shorten_ptfe_autoclave_label,teflon-lined stainless steel autoclave (two-chamber),,17,0
vessel_type,Teflon-lined steel vessel,PTFE vessel / liner,PTFE vessel / liner,ptfe_body,,teflon-lined steel vessel,,12,5
vessel_type,glass flask,Flask,Flask,flask,,glass flask,,11,6
vessel_type,glass reactor with screw cap (100 mL),Reactor / reaction chamber,Reactor / reaction chamber,reactor,,glass reactor with screw cap (100 ml),,5,12
vessel_type,"glass vial, 21 mL",Vial,Vial,vial,,"glass vial, 21 ml",,5,12
vessel_type,round flask,Flask,Flask,flask,,round flask,,6,11
vessel_type,"1.5 dram glass vial (oven, crystallization dish)",Vial,Vial,vial,,"1.5 dram glass vial (oven, crystallization dish)",,3,13
vessel_type,100 mL capped glass jar,Bottle / jar,Bottle / jar,bottle_jar,,100 ml capped glass jar,,16,0
vessel_type,20 mL Teflon screw-capped Duran Pyrex tube,Tube / capillary,Tube / capillary,tube,,20 ml teflon screw-capped duran pyrex tube,,6,10
vessel_type,23 mL PTFE-lined steel autoclave,PTFE-lined autoclave,PTFE-lined autoclave / pressure vessel,ptfe_pressure_vessel,shorten_ptfe_autoclave_label,23 ml ptfe-lined steel autoclave,,7,9
vessel_type,25 mL Teflon-lined stainless steel autoclave (Parr bomb),PTFE-lined autoclave,PTFE-lined autoclave / pressure vessel,ptfe_pressure_vessel,shorten_ptfe_autoclave_label,25 ml teflon-lined stainless steel autoclave (parr bomb),,1,15
vessel_type,"25 mL reaction jar (PBT cap, PTFE seal)",Bottle / jar,Bottle / jar,bottle_jar,,"25 ml reaction jar (pbt cap, ptfe seal)",,10,6
vessel_type,30 mL Teflon-lined stainless steel autoclave,PTFE-lined autoclave,PTFE-lined autoclave / pressure vessel,ptfe_pressure_vessel,shorten_ptfe_autoclave_label,30 ml teflon-lined stainless steel autoclave,,2,14
vessel_type,"30 mL test tube, sealed",Tube / capillary,Tube / capillary,tube,,"30 ml test tube, sealed",,4,12
vessel_type,40 mL glass vial,Vial,Vial,vial,,40 ml glass vial,,4,12
vessel_type,40 mL glass vial with PTFE septum,Vial,Vial,vial,,40 ml glass vial with ptfe septum,,9,7
vessel_type,500 mL Erlenmeyer flask,Flask,Flask,flask,,500 ml erlenmeyer flask,,1,15
vessel_type,60-mL Teflon-sealed microwave reactor,Microwave vessel,Microwave vessel,microwave_apparatus,,60-ml teflon-sealed microwave reactor,,16,0
vessel_type,Pyrex glass reaction tube,Tube / capillary,Tube / capillary,tube,,pyrex glass reaction tube,,11,5
vessel_type,Teflon insert sealed in steel autoclave,PTFE-lined autoclave,PTFE-lined autoclave / pressure vessel,ptfe_pressure_vessel,shorten_ptfe_autoclave_label,teflon insert sealed in steel autoclave,,4,12
vessel_type,Teflon-lined Parr autoclave,PTFE-lined autoclave,PTFE-lined autoclave / pressure vessel,ptfe_pressure_vessel,shorten_ptfe_autoclave_label,teflon-lined parr autoclave,,14,2
vessel_type,Teflon-lined autoclave (22 mL),PTFE-lined autoclave,PTFE-lined autoclave / pressure vessel,ptfe_pressure_vessel,shorten_ptfe_autoclave_label,teflon-lined autoclave (22 ml),,7,9
vessel_type,Teflon-lined glass vial,PTFE vessel / liner,PTFE vessel / liner,ptfe_body,,teflon-lined glass vial,,4,12
vessel_type,closed vessel,Not reported,Vessel (type not reported),generic_vessel,unspecified_vessel_type_to_not_reported,closed vessel,Vessel is named but shape/material cannot be resolved,5,11
vessel_type,glass container placed in a stainless-steel autoclave,Autoclave / pressure vessel,Autoclave / pressure vessel,pressure_vessel,,glass container placed in a stainless-steel autoclave,,10,6
vessel_type,"glass vial (open, 20 mL)",Vial,Vial,vial,,"glass vial (open, 20 ml)",,0,16
vessel_type,microwave reactor,Microwave vessel,Microwave vessel,microwave_apparatus,,microwave reactor,,16,0
vessel_type,microwave vial (35 mL),Microwave vessel,Microwave vessel,microwave_apparatus,,microwave vial (35 ml),,6,10
vessel_type,round-bottomed flask (oil bath),Flask,Flask,flask,,round-bottomed flask (oil bath),,2,14
vessel_type,sealed Pyrex glass tube,Tube / capillary,Tube / capillary,tube,,sealed pyrex glass tube,,8,8
vessel_type,15 mL glass bottle (sealed),Bottle / jar,Bottle / jar,bottle_jar,,15 ml glass bottle (sealed),,5,10
vessel_type,20 mL Teflon-lined stainless-steel reactor,PTFE vessel / liner,PTFE vessel / liner,ptfe_body,,20 ml teflon-lined stainless-steel reactor,,8,7
vessel_type,20 mL glass bottle,Bottle / jar,Bottle / jar,bottle_jar,,20 ml glass bottle,,9,6
vessel_type,20 mL vial with Teflon-lined cap,Vial,Vial,vial,,20 ml vial with teflon-lined cap,,10,5
vessel_type,23 mL Teflon-lined Parr acid digestion bomb,PTFE-lined autoclave,PTFE-lined autoclave / pressure vessel,ptfe_pressure_vessel,shorten_ptfe_autoclave_label,23 ml teflon-lined parr acid digestion bomb,,15,0
vessel_type,23-mL Teflon-lined autoclave,PTFE-lined autoclave,PTFE-lined autoclave / pressure vessel,ptfe_pressure_vessel,shorten_ptfe_autoclave_label,23-ml teflon-lined autoclave,,13,2
vessel_type,"250 mL glass volumetric flask, loosely capped with glass stopper",Flask,Flask,flask,,"250 ml glass volumetric flask, loosely capped with glass stopper",,15,0
vessel_type,Pyrex bottle,Bottle / jar,Bottle / jar,bottle_jar,,pyrex bottle,,3,12
vessel_type,Pyrex glass reaction tube (7 mL),Tube / capillary,Tube / capillary,tube,,pyrex glass reaction tube (7 ml),,4,11
vessel_type,Teflon-lined autoclave; glass vial,Nested / multiple vessels,Nested / multiple vessels,multiple_vessels,,teflon-lined autoclave; glass vial,Nested or sequential apparatus; no single vessel selected,4,11
vessel_type,Teflon-lined steel autoclave (37 mL),PTFE-lined autoclave,PTFE-lined autoclave / pressure vessel,ptfe_pressure_vessel,shorten_ptfe_autoclave_label,teflon-lined steel autoclave (37 ml),,1,14
vessel_type,"microwave glass reactor (glass tube, 3 mL)",Microwave vessel,Microwave vessel,microwave_apparatus,,"microwave glass reactor (glass tube, 3 ml)",,0,15
vessel_type,modified H-shaped diffusion tube (four arms),Tube / capillary,Tube / capillary,tube,,modified h-shaped diffusion tube (four arms),,6,9
vessel_type,reaction tube,Tube / capillary,Tube / capillary,tube,,reaction tube,,3,12
vessel_type,sealed bottle,Bottle / jar,Bottle / jar,bottle_jar,,sealed bottle,,9,6
vessel_type,sealed vial (oil bath),Vial,Vial,vial,,sealed vial (oil bath),,3,12
vessel_type,single tube (layered solutions),Tube / capillary,Tube / capillary,tube,,single tube (layered solutions),,3,12
vessel_type,10 mL vial in 100 mL high-pressure autoclave (sapphire windows),Nested / multiple vessels,Nested / multiple vessels,multiple_vessels,,10 ml vial in 100 ml high-pressure autoclave (sapphire windows),Nested or sequential apparatus; no single vessel selected,4,10
vessel_type,25 mL glass vial,Vial,Vial,vial,,25 ml glass vial,,14,0
vessel_type,4 mL borosilicate vial,Vial,Vial,vial,,4 ml borosilicate vial,,0,14
vessel_type,50 mL conical centrifuge tube,Tube / capillary,Tube / capillary,tube,,50 ml conical centrifuge tube,,4,10
vessel_type,50 mL glass vial,Vial,Vial,vial,,50 ml glass vial,,8,6
vessel_type,50 mL round-bottom flask with reflux condenser,Flask,Flask,flask,,50 ml round-bottom flask with reflux condenser,,2,12
vessel_type,Parr Teflon-lined stainless steel vessel (20 mL),PTFE vessel / liner,PTFE vessel / liner,ptfe_body,,parr teflon-lined stainless steel vessel (20 ml),,8,6
vessel_type,Teflon-capped glass jar,Bottle / jar,Bottle / jar,bottle_jar,,teflon-capped glass jar,,1,13
vessel_type,Teflon-lined 23 mL Parr stainless steel autoclave,PTFE-lined autoclave,PTFE-lined autoclave / pressure vessel,ptfe_pressure_vessel,shorten_ptfe_autoclave_label,teflon-lined 23 ml parr stainless steel autoclave,,5,9
vessel_type,"Teflon-lined stainless steel autoclave (Parr), 20 mL",PTFE-lined autoclave,PTFE-lined autoclave / pressure vessel,ptfe_pressure_vessel,shorten_ptfe_autoclave_label,"teflon-lined stainless steel autoclave (parr), 20 ml",,4,10
vessel_type,Teflon-lined stainless-steel vessel,PTFE vessel / liner,PTFE vessel / liner,ptfe_body,,teflon-lined stainless-steel vessel,,13,1
vessel_type,glass pressure vessel,Autoclave / pressure vessel,Autoclave / pressure vessel,pressure_vessel,,glass pressure vessel,,6,8
vessel_type,glass vial inside sealed glass jar placed in a metal tube (autogenous pressure),Nested / multiple vessels,Nested / multiple vessels,multiple_vessels,,glass vial inside sealed glass jar placed in a metal tube (autogenous pressure),Nested or sequential apparatus; no single vessel selected,5,9
vessel_type,heavy-walled Pyrex tube (sealed under vacuum),Tube / capillary,Tube / capillary,tube,,heavy-walled pyrex tube (sealed under vacuum),,0,14
vessel_type,hydrothermal vessel,Not reported,Vessel (type not reported),generic_vessel,unspecified_vessel_type_to_not_reported,hydrothermal vessel,Vessel is named but shape/material cannot be resolved,6,8
vessel_type,preheated counter-current flow reactor,Reactor / reaction chamber,Reactor / reaction chamber,reactor,,preheated counter-current flow reactor,,3,11
vessel_type,round bottom flask,Flask,Flask,flask,,round bottom flask,,12,2
vessel_type,screw-capped glass vial,Vial,Vial,vial,,screw-capped glass vial,,2,12
vessel_type,sealed glass bottle,Bottle / jar,Bottle / jar,bottle_jar,,sealed glass bottle,,7,7
vessel_type,two-necked flask,Flask,Flask,flask,,two-necked flask,,14,0
vessel_type,vapor diffusion setup (sealed vial),Vial,Vial,vial,,vapor diffusion setup (sealed vial),,1,13
vessel_type,10 mL Teflon-lined autoclave,PTFE-lined autoclave,PTFE-lined autoclave / pressure vessel,ptfe_pressure_vessel,shorten_ptfe_autoclave_label,10 ml teflon-lined autoclave,,13,0
vessel_type,15 mL Pyrex tube,Tube / capillary,Tube / capillary,tube,,15 ml pyrex tube,,3,10
vessel_type,20 mL pyrex vial,Vial,Vial,vial,,20 ml pyrex vial,,5,8
vessel_type,25 mL Pyrex vial,Vial,Vial,vial,,25 ml pyrex vial,,2,11
vessel_type,500 mL GL32 glass bottle,Bottle / jar,Bottle / jar,bottle_jar,,500 ml gl32 glass bottle,,0,13
vessel_type,"Duran glass bottle (25 mL), sealed",Bottle / jar,Bottle / jar,bottle_jar,,"duran glass bottle (25 ml), sealed",,2,11
vessel_type,Teflon autoclave,PTFE-lined autoclave,PTFE-lined autoclave / pressure vessel,ptfe_pressure_vessel,shorten_ptfe_autoclave_label,teflon autoclave,,7,6
vessel_type,"Teflon reactor, 23 mL",PTFE vessel / liner,PTFE vessel / liner,ptfe_body,,"teflon reactor, 23 ml",,2,11
vessel_type,Teflon-lined 25 mL autoclave,PTFE-lined autoclave,PTFE-lined autoclave / pressure vessel,ptfe_pressure_vessel,shorten_ptfe_autoclave_label,teflon-lined 25 ml autoclave,,13,0
vessel_type,Teflon-lined autoclave (2 mL HT reactor insert),PTFE-lined autoclave,PTFE-lined autoclave / pressure vessel,ptfe_pressure_vessel,shorten_ptfe_autoclave_label,teflon-lined autoclave (2 ml ht reactor insert),,1,12
vessel_type,Teflon-lined autoclave (2 mL insert in steel reactor),PTFE-lined autoclave,PTFE-lined autoclave / pressure vessel,ptfe_pressure_vessel,shorten_ptfe_autoclave_label,teflon-lined autoclave (2 ml insert in steel reactor),,7,6
vessel_type,Teflon-lined autoclave (23 cm3),PTFE-lined autoclave,PTFE-lined autoclave / pressure vessel,ptfe_pressure_vessel,shorten_ptfe_autoclave_label,teflon-lined autoclave (23 cm3),,1,12
vessel_type,Teflon-lined autoclave (27 mL liner),PTFE-lined autoclave,PTFE-lined autoclave / pressure vessel,ptfe_pressure_vessel,shorten_ptfe_autoclave_label,teflon-lined autoclave (27 ml liner),,1,12
vessel_type,"Teflon-lined autoclave (Parr, 20 mL), sealed in stainless-steel vessel",PTFE-lined autoclave,PTFE-lined autoclave / pressure vessel,ptfe_pressure_vessel,shorten_ptfe_autoclave_label,"teflon-lined autoclave (parr, 20 ml), sealed in stainless-steel vessel",,1,12
vessel_type,Teflon-lined multiclave reactor (2 mL),PTFE vessel / liner,PTFE vessel / liner,ptfe_body,,teflon-lined multiclave reactor (2 ml),,2,11
vessel_type,Teflon-lined reactor (24 mL),PTFE vessel / liner,PTFE vessel / liner,ptfe_body,,teflon-lined reactor (24 ml),,1,12
vessel_type,Teflon-lined stainless steel autoclave (50 mL),PTFE-lined autoclave,PTFE-lined autoclave / pressure vessel,ptfe_pressure_vessel,shorten_ptfe_autoclave_label,teflon-lined stainless steel autoclave (50 ml),,13,0
vessel_type,Teflon-lined stainless steel autoclave (80 mL),PTFE-lined autoclave,PTFE-lined autoclave / pressure vessel,ptfe_pressure_vessel,shorten_ptfe_autoclave_label,teflon-lined stainless steel autoclave (80 ml),,13,0
vessel_type,Teflon-lined stainless-steel autoclave (15 mL),PTFE-lined autoclave,PTFE-lined autoclave / pressure vessel,ptfe_pressure_vessel,shorten_ptfe_autoclave_label,teflon-lined stainless-steel autoclave (15 ml),,13,0
vessel_type,Teflon-lined steel bomb,PTFE-lined autoclave,PTFE-lined autoclave / pressure vessel,ptfe_pressure_vessel,shorten_ptfe_autoclave_label,teflon-lined steel bomb,,13,0
vessel_type,Teflon-lined vessel (12 mL),PTFE vessel / liner,PTFE vessel / liner,ptfe_body,,teflon-lined vessel (12 ml),,5,8
vessel_type,Teflon-walled stainless steel autoclave,PTFE-lined autoclave,PTFE-lined autoclave / pressure vessel,ptfe_pressure_vessel,shorten_ptfe_autoclave_label,teflon-walled stainless steel autoclave,,5,8
vessel_type,borosilicate Schott DURAN vessel (250 mL),Glass vessel,Glass vessel (shape not reported),generic_glass,simplify_material_vessel_label,borosilicate schott duran vessel (250 ml),,13,0
vessel_type,glass vial (50 mL),Vial,Vial,vial,,glass vial (50 ml),,11,2
vessel_type,glass vial (screw-cap),Vial,Vial,vial,,glass vial (screw-cap),,0,13
vessel_type,"glass vial, 1.5-dram",Vial,Vial,vial,,"glass vial, 1.5-dram",,6,7
vessel_type,pressure tube,Tube / capillary,Tube / capillary,tube,,pressure tube,,5,8
vessel_type,pressure-resistant glass tube,Tube / capillary,Tube / capillary,tube,,pressure-resistant glass tube,,9,4
vessel_type,reflux apparatus,Not reported,Not reported,equipment_or_operation_only,,reflux apparatus,"Description specifies equipment/operation, not an identifiable reaction vessel",7,6
vessel_type,"sealed tube (type A, Ace)",Tube / capillary,Tube / capillary,tube,,"sealed tube (type a, ace)",,1,12
vessel_type,three-necked round-bottom flask with reflux condenser,Flask,Flask,flask,,three-necked round-bottom flask with reflux condenser,,7,6
vessel_type,100 mL Teflon-lined stainless-steel autoclave,PTFE-lined autoclave,PTFE-lined autoclave / pressure vessel,ptfe_pressure_vessel,shorten_ptfe_autoclave_label,100 ml teflon-lined stainless-steel autoclave,,12,0
vessel_type,12 mL borosilicate glass vial with PTFE-lined cap,Vial,Vial,vial,,12 ml borosilicate glass vial with ptfe-lined cap,,1,11
vessel_type,17 mL Teflon-lined autoclave,PTFE-lined autoclave,PTFE-lined autoclave / pressure vessel,ptfe_pressure_vessel,shorten_ptfe_autoclave_label,17 ml teflon-lined autoclave,,12,0
vessel_type,2 mL Teflon insert (high-throughput reactor),PTFE vessel / liner,PTFE vessel / liner,ptfe_body,,2 ml teflon insert (high-throughput reactor),,1,11
vessel_type,20 mL glass scintillation vial (sealed),Vial,Vial,vial,,20 ml glass scintillation vial (sealed),,12,0
vessel_type,23 mL Teflon container in autoclave,PTFE-lined autoclave,PTFE-lined autoclave / pressure vessel,ptfe_pressure_vessel,shorten_ptfe_autoclave_label,23 ml teflon container in autoclave,,0,12
vessel_type,25 mL Schott glass bottle (capped),Bottle / jar,Bottle / jar,bottle_jar,,25 ml schott glass bottle (capped),,0,12
vessel_type,25 mL beaker,Beaker,Beaker,beaker,,25 ml beaker,,10,2
vessel_type,40 mL glass vial (tightly capped),Vial,Vial,vial,,40 ml glass vial (tightly capped),,2,10
vessel_type,5-dram screw-capped vial,Vial,Vial,vial,,5-dram screw-capped vial,,0,12
vessel_type,6 mL screw-capped vial,Vial,Vial,vial,,6 ml screw-capped vial,,4,8
vessel_type,DURAN laboratory bottle,Bottle / jar,Bottle / jar,bottle_jar,,duran laboratory bottle,,12,0
vessel_type,Teflon reactor (0.25 mL),PTFE vessel / liner,PTFE vessel / liner,ptfe_body,,teflon reactor (0.25 ml),,1,11
vessel_type,Teflon vessel,PTFE vessel / liner,PTFE vessel / liner,ptfe_body,,teflon vessel,,11,1
vessel_type,Teflon vessel in a steel autoclave,Nested / multiple vessels,Nested / multiple vessels,multiple_vessels,,teflon vessel in a steel autoclave,Nested or sequential apparatus; no single vessel selected,12,0
vessel_type,Teflon-lined autoclave (100 mL liner in metallic bomb),PTFE-lined autoclave,PTFE-lined autoclave / pressure vessel,ptfe_pressure_vessel,shorten_ptfe_autoclave_label,teflon-lined autoclave (100 ml liner in metallic bomb),,4,8
vessel_type,Teflon-lined autoclave (17 mL),PTFE-lined autoclave,PTFE-lined autoclave / pressure vessel,ptfe_pressure_vessel,shorten_ptfe_autoclave_label,teflon-lined autoclave (17 ml),,12,0
vessel_type,Teflon-lined autoclave (48 mL),PTFE-lined autoclave,PTFE-lined autoclave / pressure vessel,ptfe_pressure_vessel,shorten_ptfe_autoclave_label,teflon-lined autoclave (48 ml),,12,0
vessel_type,Teflon-lined autoclave (multiclave),PTFE-lined autoclave,PTFE-lined autoclave / pressure vessel,ptfe_pressure_vessel,shorten_ptfe_autoclave_label,teflon-lined autoclave (multiclave),,3,9
vessel_type,Teflon-lined stainless steel autoclave (150 mL),PTFE-lined autoclave,PTFE-lined autoclave / pressure vessel,ptfe_pressure_vessel,shorten_ptfe_autoclave_label,teflon-lined stainless steel autoclave (150 ml),,11,1
vessel_type,closed glass reactor (100 mL),Reactor / reaction chamber,Reactor / reaction chamber,reactor,,closed glass reactor (100 ml),,1,11
vessel_type,"glass vial (20 mL, sealed)",Vial,Vial,vial,,"glass vial (20 ml, sealed)",,4,8
vessel_type,glass vials (1 dram; solution initially in 8 dram vial),Nested / multiple vessels,Nested / multiple vessels,multiple_vessels,,glass vials (1 dram; solution initially in 8 dram vial),Nested or sequential apparatus; no single vessel selected,4,8
vessel_type,screwcap test tube,Tube / capillary,Tube / capillary,tube,,screwcap test tube,,4,8
vessel_type,sealed 7 mL Duran borosilicate glass tube,Tube / capillary,Tube / capillary,tube,,sealed 7 ml duran borosilicate glass tube,,12,0
vessel_type,stainless-steel autoclave (25 mL),Autoclave / pressure vessel,Autoclave / pressure vessel,pressure_vessel,,stainless-steel autoclave (25 ml),,0,12
vessel_type,100 mL Teflon-capped glass flask,Flask,Flask,flask,,100 ml teflon-capped glass flask,,10,1
vessel_type,100 mL capped vial,Vial,Vial,vial,,100 ml capped vial,,3,8
vessel_type,13 mL Teflon-lined stainless steel vessel,PTFE vessel / liner,PTFE vessel / liner,ptfe_body,,13 ml teflon-lined stainless steel vessel,,4,7
vessel_type,20 mL PTFE-lined stainless steel autoclave,PTFE-lined autoclave,PTFE-lined autoclave / pressure vessel,ptfe_pressure_vessel,shorten_ptfe_autoclave_label,20 ml ptfe-lined stainless steel autoclave,,4,7
vessel_type,45 mL Teflon-lined stainless steel autoclave,PTFE-lined autoclave,PTFE-lined autoclave / pressure vessel,ptfe_pressure_vessel,shorten_ptfe_autoclave_label,45 ml teflon-lined stainless steel autoclave,,10,1
vessel_type,5 mL glass tube (oven),Tube / capillary,Tube / capillary,tube,,5 ml glass tube (oven),,2,9
vessel_type,Parr Teflon-lined stainless steel vessel,PTFE vessel / liner,PTFE vessel / liner,ptfe_body,,parr teflon-lined stainless steel vessel,,11,0
vessel_type,Teflon-lined acid digestion bomb,PTFE-lined autoclave,PTFE-lined autoclave / pressure vessel,ptfe_pressure_vessel,shorten_ptfe_autoclave_label,teflon-lined acid digestion bomb,,1,10
vessel_type,Teflon-lined autoclave (25 mL stainless steel reactor),PTFE-lined autoclave,PTFE-lined autoclave / pressure vessel,ptfe_pressure_vessel,shorten_ptfe_autoclave_label,teflon-lined autoclave (25 ml stainless steel reactor),,7,4
vessel_type,Teflon-lined autoclave (PTFE liner),PTFE-lined autoclave,PTFE-lined autoclave / pressure vessel,ptfe_pressure_vessel,shorten_ptfe_autoclave_label,teflon-lined autoclave (ptfe liner),,1,10
vessel_type,Teflon-lined stainless steel autoclave (10 mL),PTFE-lined autoclave,PTFE-lined autoclave / pressure vessel,ptfe_pressure_vessel,shorten_ptfe_autoclave_label,teflon-lined stainless steel autoclave (10 ml),,11,0
vessel_type,"Teflon-lined steel bomb (autoclave), autogenous pressure",PTFE-lined autoclave,PTFE-lined autoclave / pressure vessel,ptfe_pressure_vessel,shorten_ptfe_autoclave_label,"teflon-lined steel bomb (autoclave), autogenous pressure",,1,10
vessel_type,autoclavable glass bottle (50 mL),Bottle / jar,Bottle / jar,bottle_jar,,autoclavable glass bottle (50 ml),,6,5
vessel_type,crystal tube,Tube / capillary,Tube / capillary,tube,,crystal tube,,11,0
vessel_type,glass flask (reflux),Flask,Flask,flask,,glass flask (reflux),,5,6
vessel_type,liquid diffusion (layering),Not reported,Not reported,equipment_or_operation_only,,liquid diffusion (layering),"Description specifies equipment/operation, not an identifiable reaction vessel",5,6
vessel_type,microwave vial (10 mL) with Teflon-lined cap,Microwave vessel,Microwave vessel,microwave_apparatus,,microwave vial (10 ml) with teflon-lined cap,,3,8
vessel_type,10 mL Pyrex vial,Vial,Vial,vial,,10 ml pyrex vial,,1,9
vessel_type,100 mL round-bottomed flask,Flask,Flask,flask,,100 ml round-bottomed flask,,7,3
vessel_type,15 mL screw-cap vial,Vial,Vial,vial,,15 ml screw-cap vial,,10,0
vessel_type,15-mL Teflon-lined reactor,PTFE vessel / liner,PTFE vessel / liner,ptfe_body,,15-ml teflon-lined reactor,,9,1
vessel_type,25 mL Parr Teflon-lined stainless steel autoclave,PTFE-lined autoclave,PTFE-lined autoclave / pressure vessel,ptfe_pressure_vessel,shorten_ptfe_autoclave_label,25 ml parr teflon-lined stainless steel autoclave,,1,9
vessel_type,25 mL Teflon-lined stainless-steel container,PTFE vessel / liner,PTFE vessel / liner,ptfe_body,,25 ml teflon-lined stainless-steel container,,10,0
vessel_type,3-dram glass vial,Vial,Vial,vial,,3-dram glass vial,,1,9
vessel_type,30 mL sealed vial,Vial,Vial,vial,,30 ml sealed vial,,10,0
vessel_type,50 mL Pyrex conical flask,Flask,Flask,flask,,50 ml pyrex conical flask,,4,6
vessel_type,50 mL plastic tube,Tube / capillary,Tube / capillary,tube,,50 ml plastic tube,,10,0
vessel_type,500 mL round-bottom flask,Flask,Flask,flask,,500 ml round-bottom flask,,3,7
vessel_type,"500 mL round-bottom flask with reflux condenser (open system), oil bath",Flask,Flask,flask,,"500 ml round-bottom flask with reflux condenser (open system), oil bath",,1,9
vessel_type,Pyrex heat-resistant glass bottle (sealed),Bottle / jar,Bottle / jar,bottle_jar,,pyrex heat-resistant glass bottle (sealed),,10,0
vessel_type,Teflon-capped glass vial,Vial,Vial,vial,,teflon-capped glass vial,,5,5
vessel_type,Teflon-lined Parr vessel,PTFE vessel / liner,PTFE vessel / liner,ptfe_body,,teflon-lined parr vessel,,3,7
vessel_type,Teflon-lined autoclave (23 mL Teflon cup),PTFE-lined autoclave,PTFE-lined autoclave / pressure vessel,ptfe_pressure_vessel,shorten_ptfe_autoclave_label,teflon-lined autoclave (23 ml teflon cup),,8,2
vessel_type,Teflon-lined bomb (25 mL),PTFE-lined autoclave,PTFE-lined autoclave / pressure vessel,ptfe_pressure_vessel,shorten_ptfe_autoclave_label,teflon-lined bomb (25 ml),,7,3
vessel_type,Teflon-lined bomb reactor,PTFE-lined autoclave,PTFE-lined autoclave / pressure vessel,ptfe_pressure_vessel,shorten_ptfe_autoclave_label,teflon-lined bomb reactor,,4,6
vessel_type,"Teflon-lined stainless steel container, 16 mL",PTFE vessel / liner,PTFE vessel / liner,ptfe_body,,"teflon-lined stainless steel container, 16 ml",,10,0
vessel_type,borosilicate glass tube (5 mL) with PBT cap/PTFE seal,Tube / capillary,Tube / capillary,tube,,borosilicate glass tube (5 ml) with pbt cap/ptfe seal,,3,7
vessel_type,glass vessel (25 mL),Glass vessel,Glass vessel (shape not reported),generic_glass,simplify_material_vessel_label,glass vessel (25 ml),,5,5
vessel_type,glass vials (10 mL),Vial,Vial,vial,,glass vials (10 ml),,3,7
vessel_type,microwave vial (30 mL glass vial),Microwave vessel,Microwave vessel,microwave_apparatus,,microwave vial (30 ml glass vial),,1,9
vessel_type,"microwave vial (Biotage Initiator, 2–5 mL)",Microwave vessel,Microwave vessel,microwave_apparatus,,"microwave vial (biotage initiator, 2-5 ml)",,7,3
vessel_type,"microwave vial, Teflon vessel",Microwave vessel,Microwave vessel,microwave_apparatus,,"microwave vial, teflon vessel",,0,10
vessel_type,reaction vessel,Not reported,Vessel (type not reported),generic_vessel,unspecified_vessel_type_to_not_reported,reaction vessel,Vessel is named but shape/material cannot be resolved,0,10
vessel_type,round-bottomed flask (50 mL),Flask,Flask,flask,,round-bottomed flask (50 ml),,1,9
vessel_type,sealable glass vial,Vial,Vial,vial,,sealable glass vial,,4,6
vessel_type,"stainless steel autoclave, 25 mL",Autoclave / pressure vessel,Autoclave / pressure vessel,pressure_vessel,,"stainless steel autoclave, 25 ml",,4,6
vessel_type,10 mL vial with screw cap,Vial,Vial,vial,,10 ml vial with screw cap,,9,0
vessel_type,100 mL Teflon-lined Parr autoclave,PTFE-lined autoclave,PTFE-lined autoclave / pressure vessel,ptfe_pressure_vessel,shorten_ptfe_autoclave_label,100 ml teflon-lined parr autoclave,,1,8
vessel_type,120 mL Teflon-lined Parr bomb (autoclave),PTFE-lined autoclave,PTFE-lined autoclave / pressure vessel,ptfe_pressure_vessel,shorten_ptfe_autoclave_label,120 ml teflon-lined parr bomb (autoclave),,9,0
vessel_type,120 mL Teflon-lined autoclave (Parr bomb),PTFE-lined autoclave,PTFE-lined autoclave / pressure vessel,ptfe_pressure_vessel,shorten_ptfe_autoclave_label,120 ml teflon-lined autoclave (parr bomb),,9,0
vessel_type,15 mL Teflon-lined stainless steel reactor,PTFE vessel / liner,PTFE vessel / liner,ptfe_body,,15 ml teflon-lined stainless steel reactor,,9,0
vessel_type,2-dram screw-cap vial,Vial,Vial,vial,,2-dram screw-cap vial,,6,3
vessel_type,20 mL vial (capped),Vial,Vial,vial,,20 ml vial (capped),,1,8
vessel_type,22 mL borosilicate vial with Teflon-lined cap,Vial,Vial,vial,,22 ml borosilicate vial with teflon-lined cap,,6,3
vessel_type,23 mL PTFE-lined stainless steel autoclave (Teflon-lined),PTFE-lined autoclave,PTFE-lined autoclave / pressure vessel,ptfe_pressure_vessel,shorten_ptfe_autoclave_label,23 ml ptfe-lined stainless steel autoclave (teflon-lined),,0,9
vessel_type,23 mL glass scintillation vial,Vial,Vial,vial,,23 ml glass scintillation vial,,9,0
vessel_type,25 mL acid-digestion bomb,Autoclave / pressure vessel,Autoclave / pressure vessel,pressure_vessel,,25 ml acid-digestion bomb,,9,0
vessel_type,250 mL round-bottom flask (oil bath),Flask,Flask,flask,,250 ml round-bottom flask (oil bath),,7,2
vessel_type,3 mL borosilicate glass tube (sealed),Tube / capillary,Tube / capillary,tube,,3 ml borosilicate glass tube (sealed),,2,7
vessel_type,5 mL glass reactor,Reactor / reaction chamber,Reactor / reaction chamber,reactor,,5 ml glass reactor,,9,0
vessel_type,50 mL Schlenk flask,Flask,Flask,flask,,50 ml schlenk flask,,4,5
vessel_type,50 mL Teflon-lined stainless steel autoclave,PTFE-lined autoclave,PTFE-lined autoclave / pressure vessel,ptfe_pressure_vessel,shorten_ptfe_autoclave_label,50 ml teflon-lined stainless steel autoclave,,7,2
vessel_type,7 mL vial,Vial,Vial,vial,,7 ml vial,,9,0
vessel_type,Teflon-capped glass vial (500 mL),Vial,Vial,vial,,teflon-capped glass vial (500 ml),,1,8
vessel_type,Teflon-lined Parr acid digestion vessel (23 mL),PTFE-lined autoclave,PTFE-lined autoclave / pressure vessel,ptfe_pressure_vessel,shorten_ptfe_autoclave_label,teflon-lined parr acid digestion vessel (23 ml),,3,6
vessel_type,Teflon-lined Parr reactor (100 mL),PTFE vessel / liner,PTFE vessel / liner,ptfe_body,,teflon-lined parr reactor (100 ml),,9,0
vessel_type,Teflon-lined autoclave (20 mL liner in stainless-steel autoclave),PTFE-lined autoclave,PTFE-lined autoclave / pressure vessel,ptfe_pressure_vessel,shorten_ptfe_autoclave_label,teflon-lined autoclave (20 ml liner in stainless-steel autoclave),,9,0
vessel_type,Teflon-lined autoclave (Parr),PTFE-lined autoclave,PTFE-lined autoclave / pressure vessel,ptfe_pressure_vessel,shorten_ptfe_autoclave_label,teflon-lined autoclave (parr),,6,3
vessel_type,Teflon-lined stainless steel vessel; then glass test tube for layering,Nested / multiple vessels,Nested / multiple vessels,multiple_vessels,,teflon-lined stainless steel vessel; then glass test tube for layering,Nested or sequential apparatus; no single vessel selected,1,8
vessel_type,bath-reactor,Reactor / reaction chamber,Reactor / reaction chamber,reactor,,bath-reactor,,9,0
vessel_type,glass culture tube (5 mL Schott Duran) with PBT cap and PTFE seal,Tube / capillary,Tube / capillary,tube,,glass culture tube (5 ml schott duran) with pbt cap and ptfe seal,,7,2
vessel_type,glass vessel,Glass vessel,Glass vessel (shape not reported),generic_glass,simplify_material_vessel_label,glass vessel,,9,0
vessel_type,"glass vial (1.5-dram), sealed",Vial,Vial,vial,,"glass vial (1.5-dram), sealed",,6,3
vessel_type,glass vial (20 mL) with Teflon cap,Vial,Vial,vial,,glass vial (20 ml) with teflon cap,,9,0
vessel_type,glass vial (23 mL),Vial,Vial,vial,,glass vial (23 ml),,8,1
vessel_type,"glass vial (8 mL), screw cap",Vial,Vial,vial,,"glass vial (8 ml), screw cap",,2,7
vessel_type,hydrothermal autoclave,Autoclave / pressure vessel,Autoclave / pressure vessel,pressure_vessel,,hydrothermal autoclave,,3,6
vessel_type,long 20 mL glass vial,Vial,Vial,vial,,long 20 ml glass vial,,6,3
vessel_type,screw cap glass tube,Tube / capillary,Tube / capillary,tube,,screw cap glass tube,,4,5
vessel_type,screw-cap vial,Vial,Vial,vial,,screw-cap vial,,4,5
vessel_type,sealed autoclave,Autoclave / pressure vessel,Autoclave / pressure vessel,pressure_vessel,,sealed autoclave,,9,0
vessel_type,sealed vial (pre-treatment),Vial,Vial,vial,,sealed vial (pre-treatment),,2,7
vessel_type,silanized 20 mL glass vial,Vial,Vial,vial,,silanized 20 ml glass vial,,9,0
vessel_type,small capped vial,Vial,Vial,vial,,small capped vial,,1,8
vessel_type,small test tube (liquid diffusion layering),Tube / capillary,Tube / capillary,tube,,small test tube (liquid diffusion layering),,3,6
vessel_type,stainless steel autoclave,Autoclave / pressure vessel,Autoclave / pressure vessel,pressure_vessel,,stainless steel autoclave,,9,0
vessel_type,stainless steel autoclave (Büchi Versoclave Type 3E),Autoclave / pressure vessel,Autoclave / pressure vessel,pressure_vessel,,stainless steel autoclave (büchi versoclave type 3e),,9,0
vessel_type,1.5 dram glass vial,Vial,Vial,vial,,1.5 dram glass vial,,2,6
vessel_type,100 mL Schott bottle,Bottle / jar,Bottle / jar,bottle_jar,,100 ml schott bottle,,7,1
vessel_type,"100 mL glass flask, Teflon-capped",Flask,Flask,flask,,"100 ml glass flask, teflon-capped",,7,1
vessel_type,15 mL Pyrex glass tube,Tube / capillary,Tube / capillary,tube,,15 ml pyrex glass tube,,8,0
vessel_type,20 mL glass bottle (PTFE-lined cap),Bottle / jar,Bottle / jar,bottle_jar,,20 ml glass bottle (ptfe-lined cap),,2,6
vessel_type,20 mL glass reactor (microwave),Microwave vessel,Microwave vessel,microwave_apparatus,,20 ml glass reactor (microwave),,2,6
vessel_type,20 mL glass scintillation vial,Vial,Vial,vial,,20 ml glass scintillation vial,,8,0
vessel_type,23 mL Teflon-lined stainless steel container,PTFE vessel / liner,PTFE vessel / liner,ptfe_body,,23 ml teflon-lined stainless steel container,,8,0
vessel_type,23 mL Teflon-lined steel Parr autoclave,PTFE-lined autoclave,PTFE-lined autoclave / pressure vessel,ptfe_pressure_vessel,shorten_ptfe_autoclave_label,23 ml teflon-lined steel parr autoclave,,3,5
vessel_type,25 mL Teflon-lined autoclave (Parr),PTFE-lined autoclave,PTFE-lined autoclave / pressure vessel,ptfe_pressure_vessel,shorten_ptfe_autoclave_label,25 ml teflon-lined autoclave (parr),,8,0
vessel_type,25 mL Teflon-lined autoclaved stainless steel vessel,PTFE vessel / liner,PTFE vessel / liner,ptfe_body,,25 ml teflon-lined autoclaved stainless steel vessel,,4,4
vessel_type,25 mL Teflon-lined stainless autoclave,PTFE-lined autoclave,PTFE-lined autoclave / pressure vessel,ptfe_pressure_vessel,shorten_ptfe_autoclave_label,25 ml teflon-lined stainless autoclave,,8,0
vessel_type,30 mL screw-capped glass vial with a Teflon-coated rubber seal,Vial,Vial,vial,,30 ml screw-capped glass vial with a teflon-coated rubber seal,,4,4
vessel_type,50 mL beaker,Beaker,Beaker,beaker,,50 ml beaker,,8,0
vessel_type,8 dram glass vial (oil bath),Vial,Vial,vial,,8 dram glass vial (oil bath),,1,7
vessel_type,PTFE-lined stainless-steel vessel,PTFE vessel / liner,PTFE vessel / liner,ptfe_body,,ptfe-lined stainless-steel vessel,,8,0
vessel_type,Parr 5500 reactor vessel,Reactor / reaction chamber,Reactor / reaction chamber,reactor,,parr 5500 reactor vessel,,8,0
vessel_type,Parr Teflon-lined stainless steel vessel (Teflon-lined autoclave),PTFE-lined autoclave,PTFE-lined autoclave / pressure vessel,ptfe_pressure_vessel,shorten_ptfe_autoclave_label,parr teflon-lined stainless steel vessel (teflon-lined autoclave),,3,5
vessel_type,Teflon-lined Parr bomb (23 mL),PTFE-lined autoclave,PTFE-lined autoclave / pressure vessel,ptfe_pressure_vessel,shorten_ptfe_autoclave_label,teflon-lined parr bomb (23 ml),,0,8
vessel_type,Teflon-lined acid digestion autoclave,PTFE-lined autoclave,PTFE-lined autoclave / pressure vessel,ptfe_pressure_vessel,shorten_ptfe_autoclave_label,teflon-lined acid digestion autoclave,,8,0
vessel_type,Teflon-lined autoclave (10 mL Teflon bomb),PTFE-lined autoclave,PTFE-lined autoclave / pressure vessel,ptfe_pressure_vessel,shorten_ptfe_autoclave_label,teflon-lined autoclave (10 ml teflon bomb),,2,6
vessel_type,"Teflon-lined autoclave (100 mL), rotating crystallization reactor",PTFE-lined autoclave,PTFE-lined autoclave / pressure vessel,ptfe_pressure_vessel,shorten_ptfe_autoclave_label,"teflon-lined autoclave (100 ml), rotating crystallization reactor",,8,0
vessel_type,Teflon-lined autoclave (50 mL Teflon vessel),PTFE-lined autoclave,PTFE-lined autoclave / pressure vessel,ptfe_pressure_vessel,shorten_ptfe_autoclave_label,teflon-lined autoclave (50 ml teflon vessel),,7,1
vessel_type,Teflon-lined stainless steel autoclave (40 mL),PTFE-lined autoclave,PTFE-lined autoclave / pressure vessel,ptfe_pressure_vessel,shorten_ptfe_autoclave_label,teflon-lined stainless steel autoclave (40 ml),,7,1
vessel_type,"Teflon-lined stainless steel autoclave, 50 mL",PTFE-lined autoclave,PTFE-lined autoclave / pressure vessel,ptfe_pressure_vessel,shorten_ptfe_autoclave_label,"teflon-lined stainless steel autoclave, 50 ml",,8,0
vessel_type,autoclave (30 mL total volume),Autoclave / pressure vessel,Autoclave / pressure vessel,pressure_vessel,,autoclave (30 ml total volume),,1,7
vessel_type,flask,Flask,Flask,flask,,flask,,8,0
vessel_type,flask bottle,Flask,Flask,flask,,flask bottle,,8,0
vessel_type,glass scintillation vial with Teflon-lined cap,Vial,Vial,vial,,glass scintillation vial with teflon-lined cap,,4,4
vessel_type,glass vial (20 mm diameter),Vial,Vial,vial,,glass vial (20 mm diameter),,1,7
vessel_type,"pressure-resistant tube (PTFE-capped), 48 mL",Tube / capillary,Tube / capillary,tube,,"pressure-resistant tube (ptfe-capped), 48 ml",,8,0
vessel_type,reactor (15 mL),Reactor / reaction chamber,Reactor / reaction chamber,reactor,,reactor (15 ml),,8,0
vessel_type,round-bottom flask (10 mL),Flask,Flask,flask,,round-bottom flask (10 ml),,1,7
vessel_type,screw top vial,Vial,Vial,vial,,screw top vial,,3,5
vessel_type,sealed 20 mL vial,Vial,Vial,vial,,sealed 20 ml vial,,2,6
vessel_type,sealed 50 mL glass reactor,Reactor / reaction chamber,Reactor / reaction chamber,reactor,,sealed 50 ml glass reactor,,4,4
vessel_type,sealed Pyrex tube (vacuum-sealed ampoule),Ampoule,Ampoule,ampoule,,sealed pyrex tube (vacuum-sealed ampoule),,8,0
vessel_type,solution cell (Kapton film),Reaction cell,Reaction cell,reaction_cell,,solution cell (kapton film),,2,6
vessel_type,thick-walled borosilicate tube (flame-sealed),Tube / capillary,Tube / capillary,tube,,thick-walled borosilicate tube (flame-sealed),,1,7
vessel_type,tube,Tube / capillary,Tube / capillary,tube,,tube,,4,4
vessel_type,ultrasound bath,Not reported,Not reported,equipment_or_operation_only,,ultrasound bath,"Description specifies equipment/operation, not an identifiable reaction vessel",0,8
vessel_type,vapor diffusion setup,Not reported,Not reported,equipment_or_operation_only,,vapor diffusion setup,"Description specifies equipment/operation, not an identifiable reaction vessel",8,0
vessel_type,10 mL Teflon screw–capped Duran Pyrex tube,Tube / capillary,Tube / capillary,tube,,10 ml teflon screw-capped duran pyrex tube,,0,7
vessel_type,15 mL PTFE-lined stainless-steel acid digestion bomb,PTFE-lined autoclave,PTFE-lined autoclave / pressure vessel,ptfe_pressure_vessel,shorten_ptfe_autoclave_label,15 ml ptfe-lined stainless-steel acid digestion bomb,,4,3
vessel_type,15 mL Teflon-lined stainless-steel autoclave,PTFE-lined autoclave,PTFE-lined autoclave / pressure vessel,ptfe_pressure_vessel,shorten_ptfe_autoclave_label,15 ml teflon-lined stainless-steel autoclave,,6,1
vessel_type,2.5 mL HT Teflon liner in autoclave,PTFE-lined autoclave,PTFE-lined autoclave / pressure vessel,ptfe_pressure_vessel,shorten_ptfe_autoclave_label,2.5 ml ht teflon liner in autoclave,,7,0
vessel_type,20 mL Teflon-lined stainless steel reactor,PTFE vessel / liner,PTFE vessel / liner,ptfe_body,,20 ml teflon-lined stainless steel reactor,,7,0
vessel_type,20 mL Teflon-lined stainless-steel autoclave,PTFE-lined autoclave,PTFE-lined autoclave / pressure vessel,ptfe_pressure_vessel,shorten_ptfe_autoclave_label,20 ml teflon-lined stainless-steel autoclave,,7,0
vessel_type,20 mL capped scintillation vial (oil bath),Vial,Vial,vial,,20 ml capped scintillation vial (oil bath),,1,6
vessel_type,20 mL capped vial,Vial,Vial,vial,,20 ml capped vial,,3,4
vessel_type,20 mL scintillation vials (sealed),Vial,Vial,vial,,20 ml scintillation vials (sealed),,7,0
vessel_type,23 mL Parr Teflon-lined stainless steel vessel,PTFE vessel / liner,PTFE vessel / liner,ptfe_body,,23 ml parr teflon-lined stainless steel vessel,,2,5
vessel_type,23 mL Teflon reactor,PTFE vessel / liner,PTFE vessel / liner,ptfe_body,,23 ml teflon reactor,,7,0
vessel_type,23 mL Teflon-lined stainless steel Parr bomb,PTFE-lined autoclave,PTFE-lined autoclave / pressure vessel,ptfe_pressure_vessel,shorten_ptfe_autoclave_label,23 ml teflon-lined stainless steel parr bomb,,7,0
vessel_type,250 mL three-necked flask,Flask,Flask,flask,,250 ml three-necked flask,,7,0
vessel_type,5 L glass reactor with reflux condenser and Teflon-lined mechanical stirrer (two blades),Reactor / reaction chamber,Reactor / reaction chamber,reactor,,5 l glass reactor with reflux condenser and teflon-lined mechanical stirrer (two blades),,1,6
vessel_type,75 mL screw-cap high-pressure flask,Flask,Flask,flask,,75 ml screw-cap high-pressure flask,,1,6
vessel_type,PTFE insert in stainless steel high-throughput reactor (300 ?L),PTFE vessel / liner,PTFE vessel / liner,ptfe_body,,ptfe insert in stainless steel high-throughput reactor (300 ?l),,0,7
vessel_type,Parr Teflon-lined autoclave (23 mL),PTFE-lined autoclave,PTFE-lined autoclave / pressure vessel,ptfe_pressure_vessel,shorten_ptfe_autoclave_label,parr teflon-lined autoclave (23 ml),,7,0
vessel_type,Parr Teflon-lined stainless steel vessel (23 mL),PTFE vessel / liner,PTFE vessel / liner,ptfe_body,,parr teflon-lined stainless steel vessel (23 ml),,7,0
vessel_type,Parr Teflon-lined stainless steel vessel (25 cm3),PTFE vessel / liner,PTFE vessel / liner,ptfe_body,,parr teflon-lined stainless steel vessel (25 cm3),,7,0
vessel_type,Pyrex tube (5 mL),Tube / capillary,Tube / capillary,tube,,pyrex tube (5 ml),,0,7
vessel_type,Schott bottle,Bottle / jar,Bottle / jar,bottle_jar,,schott bottle,,7,0
vessel_type,Sigmacote-treated 4 mL glass vial,Vial,Vial,vial,,sigmacote-treated 4 ml glass vial,,6,1
vessel_type,Teflon cup in Teflon-lined autoclave,PTFE-lined autoclave,PTFE-lined autoclave / pressure vessel,ptfe_pressure_vessel,shorten_ptfe_autoclave_label,teflon cup in teflon-lined autoclave,,7,0
vessel_type,Teflon lined stainless steel container,PTFE vessel / liner,PTFE vessel / liner,ptfe_body,,teflon lined stainless steel container,,7,0
vessel_type,Teflon lined stainless steel vessel (20 mL),PTFE vessel / liner,PTFE vessel / liner,ptfe_body,,teflon lined stainless steel vessel (20 ml),,3,4
vessel_type,Teflon-capped high-pressure glass vessel (20 mL),Autoclave / pressure vessel,Autoclave / pressure vessel,pressure_vessel,,teflon-capped high-pressure glass vessel (20 ml),,3,4
vessel_type,Teflon-capped reaction tube,Tube / capillary,Tube / capillary,tube,,teflon-capped reaction tube,,7,0
vessel_type,Teflon-lined (PTFE) stainless steel autoclave,PTFE-lined autoclave,PTFE-lined autoclave / pressure vessel,ptfe_pressure_vessel,shorten_ptfe_autoclave_label,teflon-lined (ptfe) stainless steel autoclave,,7,0
vessel_type,Teflon-lined autoclave (high pressure),PTFE-lined autoclave,PTFE-lined autoclave / pressure vessel,ptfe_pressure_vessel,shorten_ptfe_autoclave_label,teflon-lined autoclave (high pressure),,1,6
vessel_type,Teflon-lined screw cap scintillation vial,Vial,Vial,vial,,teflon-lined screw cap scintillation vial,,3,4
vessel_type,Teflon-lined stainless steel bomb reactor,PTFE-lined autoclave,PTFE-lined autoclave / pressure vessel,ptfe_pressure_vessel,shorten_ptfe_autoclave_label,teflon-lined stainless steel bomb reactor,,2,5
vessel_type,Teflon-lined stainless steel container (25 mL),PTFE vessel / liner,PTFE vessel / liner,ptfe_body,,teflon-lined stainless steel container (25 ml),,7,0
vessel_type,Teflon-lined stainless steel reactor (15 mL),PTFE vessel / liner,PTFE vessel / liner,ptfe_body,,teflon-lined stainless steel reactor (15 ml),,7,0
vessel_type,"Teflon-lined stainless steel reactor, 20 mL",PTFE vessel / liner,PTFE vessel / liner,ptfe_body,,"teflon-lined stainless steel reactor, 20 ml",,7,0
vessel_type,Teflon-lined stainless-steel reactor (20 mL),PTFE vessel / liner,PTFE vessel / liner,ptfe_body,,teflon-lined stainless-steel reactor (20 ml),,4,3
vessel_type,Teflon-lined stainless-steel reactor (23 mL),PTFE vessel / liner,PTFE vessel / liner,ptfe_body,,teflon-lined stainless-steel reactor (23 ml),,5,2
vessel_type,Teflon-lined stainless-steel vessel (20 mL),PTFE vessel / liner,PTFE vessel / liner,ptfe_body,,teflon-lined stainless-steel vessel (20 ml),,7,0
vessel_type,Teflon-lined steel autoclave (20 mL),PTFE-lined autoclave,PTFE-lined autoclave / pressure vessel,ptfe_pressure_vessel,shorten_ptfe_autoclave_label,teflon-lined steel autoclave (20 ml),,1,6
vessel_type,Teflon-lined vial (10 mL),PTFE vessel / liner,PTFE vessel / liner,ptfe_body,,teflon-lined vial (10 ml),,0,7
vessel_type,borosilicate glass reaction tube with PTFE-lined screwcap,Tube / capillary,Tube / capillary,tube,,borosilicate glass reaction tube with ptfe-lined screwcap,,7,0
vessel_type,capped 9 mm borosilicate glass culture tube,Tube / capillary,Tube / capillary,tube,,capped 9 mm borosilicate glass culture tube,,7,0
vessel_type,closed glass vial,Vial,Vial,vial,,closed glass vial,,7,0
vessel_type,glass flask with Teflon-lined screw cap,Flask,Flask,flask,,glass flask with teflon-lined screw cap,,4,3
vessel_type,glass pressure tube,Tube / capillary,Tube / capillary,tube,,glass pressure tube,,7,0
vessel_type,glass vial (25 mL),Vial,Vial,vial,,glass vial (25 ml),,6,1
vessel_type,in situ SAXS cell (mica windows),Reaction cell,Reaction cell,reaction_cell,,in situ saxs cell (mica windows),,7,0
vessel_type,pressure glass tube (30 mL),Tube / capillary,Tube / capillary,tube,,pressure glass tube (30 ml),,3,4
vessel_type,screw capped glass sample vial (4 mL),Vial,Vial,vial,,screw capped glass sample vial (4 ml),,7,0
vessel_type,sealed container,Not reported,Vessel (type not reported),generic_vessel,unspecified_vessel_type_to_not_reported,sealed container,Vessel is named but shape/material cannot be resolved,7,0
vessel_type,sealed glass flask,Flask,Flask,flask,,sealed glass flask,,6,1
vessel_type,stainless steel ATR-IR batch reactor cell,Reactor / reaction chamber,Reactor / reaction chamber,reactor,,stainless steel atr-ir batch reactor cell,,7,0
vessel_type,stainless steel autoclave (50 mL),Autoclave / pressure vessel,Autoclave / pressure vessel,pressure_vessel,,stainless steel autoclave (50 ml),,7,0
vessel_type,stainless steel autoclave (Parr),Autoclave / pressure vessel,Autoclave / pressure vessel,pressure_vessel,,stainless steel autoclave (parr),,4,3
vessel_type,stainless-steel autoclave,Autoclave / pressure vessel,Autoclave / pressure vessel,pressure_vessel,,stainless-steel autoclave,,7,0
vessel_type,test tube (sealed),Tube / capillary,Tube / capillary,tube,,test tube (sealed),,1,6
vessel_type,three-neck flask,Flask,Flask,flask,,three-neck flask,,7,0
vessel_type,1.8-dram glass vial inside 20 mL scintillation vial (vapor diffusion),Nested / multiple vessels,Nested / multiple vessels,multiple_vessels,,1.8-dram glass vial inside 20 ml scintillation vial (vapor diffusion),Nested or sequential apparatus; no single vessel selected,1,5
vessel_type,10 mL vial,Vial,Vial,vial,,10 ml vial,,5,1
vessel_type,100 mL Teflon cell sealed in steel Parr autoclave,PTFE-lined autoclave,PTFE-lined autoclave / pressure vessel,ptfe_pressure_vessel,shorten_ptfe_autoclave_label,100 ml teflon cell sealed in steel parr autoclave,,1,5
vessel_type,100 mL autoclave,Autoclave / pressure vessel,Autoclave / pressure vessel,pressure_vessel,,100 ml autoclave,,6,0
vessel_type,125 mL Parr acid digestion bomb,Autoclave / pressure vessel,Autoclave / pressure vessel,pressure_vessel,,125 ml parr acid digestion bomb,,5,1
vessel_type,15 mL vial,Vial,Vial,vial,,15 ml vial,,6,0
vessel_type,16 mL Teflon-lined stainless steel autoclave,PTFE-lined autoclave,PTFE-lined autoclave / pressure vessel,ptfe_pressure_vessel,shorten_ptfe_autoclave_label,16 ml teflon-lined stainless steel autoclave,,6,0
vessel_type,2-dram vial,Vial,Vial,vial,,2-dram vial,,3,3
vessel_type,20 mL Wheaton vial (rubber-lined cap),Vial,Vial,vial,,20 ml wheaton vial (rubber-lined cap),,4,2
vessel_type,"20 mL glass vial, sealed",Vial,Vial,vial,,"20 ml glass vial, sealed",,2,4
vessel_type,20 mL reaction vessel,Not reported,Vessel (type not reported),generic_vessel,unspecified_vessel_type_to_not_reported,20 ml reaction vessel,Vessel is named but shape/material cannot be resolved,6,0
vessel_type,20 mL scintillating glass vial (foil-lined cap),Vial,Vial,vial,,20 ml scintillating glass vial (foil-lined cap),,0,6
vessel_type,20 mL screw glass bottle,Bottle / jar,Bottle / jar,bottle_jar,,20 ml screw glass bottle,,5,1
vessel_type,20 mL sealed vial,Vial,Vial,vial,,20 ml sealed vial,,6,0
vessel_type,20-mL scintillation vial,Vial,Vial,vial,,20-ml scintillation vial,,6,0
vessel_type,200 mL screw cap bottle,Bottle / jar,Bottle / jar,bottle_jar,,200 ml screw cap bottle,,6,0
vessel_type,23 mL Teflon-lined Parr steel autoclave,PTFE-lined autoclave,PTFE-lined autoclave / pressure vessel,ptfe_pressure_vessel,shorten_ptfe_autoclave_label,23 ml teflon-lined parr steel autoclave,,6,0
vessel_type,25 mL Pyrex reagent jar,Bottle / jar,Bottle / jar,bottle_jar,,25 ml pyrex reagent jar,,2,4
vessel_type,25 mL Schott bottle,Bottle / jar,Bottle / jar,bottle_jar,,25 ml schott bottle,,0,6
vessel_type,25 mL Teflon-lined stainless steel reactor,PTFE vessel / liner,PTFE vessel / liner,ptfe_body,,25 ml teflon-lined stainless steel reactor,,6,0
vessel_type,25 mL flask,Flask,Flask,flask,,25 ml flask,,2,4
vessel_type,25 mL glass vial with screw lid,Vial,Vial,vial,,25 ml glass vial with screw lid,,2,4
vessel_type,250 mL sealed blue cap bottle,Bottle / jar,Bottle / jar,bottle_jar,,250 ml sealed blue cap bottle,,6,0
vessel_type,4 mL Pyrex vial,Vial,Vial,vial,,4 ml pyrex vial,,6,0
vessel_type,4 mL dram vial,Vial,Vial,vial,,4 ml dram vial,,4,2
vessel_type,4 mL glass scintillation vial,Vial,Vial,vial,,4 ml glass scintillation vial,,2,4
vessel_type,4 mL glass scintillation vial (Teflon-lined cap),Vial,Vial,vial,,4 ml glass scintillation vial (teflon-lined cap),,2,4
vessel_type,"4 mL scintillation vial, Teflon-lined cap",Vial,Vial,vial,,"4 ml scintillation vial, teflon-lined cap",,2,4
vessel_type,40 mL Teflon-lined stainless-steel autoclave,PTFE-lined autoclave,PTFE-lined autoclave / pressure vessel,ptfe_pressure_vessel,shorten_ptfe_autoclave_label,40 ml teflon-lined stainless-steel autoclave,,2,4
vessel_type,45 mL stainless steel Teflon-lined autoclave,PTFE-lined autoclave,PTFE-lined autoclave / pressure vessel,ptfe_pressure_vessel,shorten_ptfe_autoclave_label,45 ml stainless steel teflon-lined autoclave,,6,0
vessel_type,50 mL Schott glass vial,Vial,Vial,vial,,50 ml schott glass vial,,1,5
vessel_type,50 mL centrifuge flask,Flask,Flask,flask,,50 ml centrifuge flask,,6,0
vessel_type,50 mL centrifuge tube,Tube / capillary,Tube / capillary,tube,,50 ml centrifuge tube,,6,0
vessel_type,8 mL glass vessel (sealed),Glass vessel,Glass vessel (shape not reported),generic_glass,simplify_material_vessel_label,8 ml glass vessel (sealed),,6,0
vessel_type,"Duran glass reactor (4 mL), sealed, aluminium block",Reactor / reaction chamber,Reactor / reaction chamber,reactor,,"duran glass reactor (4 ml), sealed, aluminium block",,1,5
vessel_type,H-shaped tube (diffusion); slow evaporation of filtrate in open vial,Nested / multiple vessels,Nested / multiple vessels,multiple_vessels,,h-shaped tube (diffusion); slow evaporation of filtrate in open vial,Nested or sequential apparatus; no single vessel selected,0,6
vessel_type,PTFE-lined steel autoclave,PTFE-lined autoclave,PTFE-lined autoclave / pressure vessel,ptfe_pressure_vessel,shorten_ptfe_autoclave_label,ptfe-lined steel autoclave,,0,6
vessel_type,"Parr PTFE-lined digestion vessel, 125 mL",PTFE-lined autoclave,PTFE-lined autoclave / pressure vessel,ptfe_pressure_vessel,shorten_ptfe_autoclave_label,"parr ptfe-lined digestion vessel, 125 ml",,6,0
vessel_type,"Parr Teflon-lined stainless steel vessel (15 mL), autogenous pressure",PTFE-lined autoclave,PTFE-lined autoclave / pressure vessel,ptfe_pressure_vessel,shorten_ptfe_autoclave_label,"parr teflon-lined stainless steel vessel (15 ml), autogenous pressure",,6,0
vessel_type,Petri dish,Dish / well plate,Dish / well plate,dish_plate,,petri dish,,6,0
vessel_type,Pyrex Schott bottle (100 mL),Bottle / jar,Bottle / jar,bottle_jar,,pyrex schott bottle (100 ml),,6,0
vessel_type,Pyrex tube (10 mL),Tube / capillary,Tube / capillary,tube,,pyrex tube (10 ml),,6,0
vessel_type,Pyrex tubes (10),Tube / capillary,Tube / capillary,tube,,pyrex tubes (10),,0,6
vessel_type,Schott DURAN pressure plus bottle (1 L),Bottle / jar,Bottle / jar,bottle_jar,,schott duran pressure plus bottle (1 l),,6,0
vessel_type,Teflon-capped glass jar (60 mL),Bottle / jar,Bottle / jar,bottle_jar,,teflon-capped glass jar (60 ml),,6,0
vessel_type,"Teflon-lined autoclave (15 mL), autogenous pressure",PTFE-lined autoclave,PTFE-lined autoclave / pressure vessel,ptfe_pressure_vessel,shorten_ptfe_autoclave_label,"teflon-lined autoclave (15 ml), autogenous pressure",,6,0
vessel_type,Teflon-lined autoclave (20 mL sealed),PTFE-lined autoclave,PTFE-lined autoclave / pressure vessel,ptfe_pressure_vessel,shorten_ptfe_autoclave_label,teflon-lined autoclave (20 ml sealed),,2,4
vessel_type,Teflon-lined autoclave (45 mL liner in steel autoclave),PTFE-lined autoclave,PTFE-lined autoclave / pressure vessel,ptfe_pressure_vessel,shorten_ptfe_autoclave_label,teflon-lined autoclave (45 ml liner in steel autoclave),,6,0
vessel_type,Teflon-lined autoclave (48 mL liner),PTFE-lined autoclave,PTFE-lined autoclave / pressure vessel,ptfe_pressure_vessel,shorten_ptfe_autoclave_label,teflon-lined autoclave (48 ml liner),,6,0
vessel_type,Teflon-lined autoclave (PTFE vessel),PTFE-lined autoclave,PTFE-lined autoclave / pressure vessel,ptfe_pressure_vessel,shorten_ptfe_autoclave_label,teflon-lined autoclave (ptfe vessel),,1,5
vessel_type,Teflon-lined autoclave (microwave reactor),Microwave vessel,Microwave vessel,microwave_apparatus,,teflon-lined autoclave (microwave reactor),,4,2
vessel_type,Teflon-lined stainless steel autoclave (18 mL),PTFE-lined autoclave,PTFE-lined autoclave / pressure vessel,ptfe_pressure_vessel,shorten_ptfe_autoclave_label,teflon-lined stainless steel autoclave (18 ml),,6,0
vessel_type,Teflon-lined stainless steel vessel (16 mL),PTFE vessel / liner,PTFE vessel / liner,ptfe_body,,teflon-lined stainless steel vessel (16 ml),,6,0
vessel_type,Teflon-lined stainless-steel Parr autoclave,PTFE-lined autoclave,PTFE-lined autoclave / pressure vessel,ptfe_pressure_vessel,shorten_ptfe_autoclave_label,teflon-lined stainless-steel parr autoclave,,0,6
vessel_type,Teflon-lined stainless-steel autoclave (40 mL),PTFE-lined autoclave,PTFE-lined autoclave / pressure vessel,ptfe_pressure_vessel,shorten_ptfe_autoclave_label,teflon-lined stainless-steel autoclave (40 ml),,5,1
vessel_type,"Teflon-lined stainless-steel autoclave, 25 mL",PTFE-lined autoclave,PTFE-lined autoclave / pressure vessel,ptfe_pressure_vessel,shorten_ptfe_autoclave_label,"teflon-lined stainless-steel autoclave, 25 ml",,6,0
vessel_type,Teflon-lined stainless-steel vessel (15 mL),PTFE vessel / liner,PTFE vessel / liner,ptfe_body,,teflon-lined stainless-steel vessel (15 ml),,6,0
vessel_type,Teflon-lined steel reactor,PTFE vessel / liner,PTFE vessel / liner,ptfe_body,,teflon-lined steel reactor,,6,0
vessel_type,acid digestion bomb,Autoclave / pressure vessel,Autoclave / pressure vessel,pressure_vessel,,acid digestion bomb,,6,0
vessel_type,autoclavable reagent bottle (500 mL),Bottle / jar,Bottle / jar,bottle_jar,,autoclavable reagent bottle (500 ml),,6,0
vessel_type,beaker heated in oven,Beaker,Beaker,beaker,,beaker heated in oven,,6,0
vessel_type,borosilicate glass reactor,Reactor / reaction chamber,Reactor / reaction chamber,reactor,,borosilicate glass reactor,,0,6
vessel_type,external heat reactor in muffle furnace (50 mL),Reactor / reaction chamber,Reactor / reaction chamber,reactor,,external heat reactor in muffle furnace (50 ml),,6,0
vessel_type,glass bottle (100 mL Schott),Bottle / jar,Bottle / jar,bottle_jar,,glass bottle (100 ml schott),,4,2
vessel_type,glass bottle (larger for increased volume),Bottle / jar,Bottle / jar,bottle_jar,,glass bottle (larger for increased volume),,6,0
vessel_type,glass dram vial,Vial,Vial,vial,,glass dram vial,,3,3
vessel_type,glass petri dish,Dish / well plate,Dish / well plate,dish_plate,,glass petri dish,,4,2
vessel_type,glass pressure bottle (15 mL),Bottle / jar,Bottle / jar,bottle_jar,,glass pressure bottle (15 ml),,5,1
vessel_type,glass reactor on aluminum heating block,Reactor / reaction chamber,Reactor / reaction chamber,reactor,,glass reactor on aluminum heating block,,2,4
vessel_type,"glass tube (1.5 cm i.d., 18 cm height), two-layer diffusion",Tube / capillary,Tube / capillary,tube,,"glass tube (1.5 cm i.d., 18 cm height), two-layer diffusion",,6,0
vessel_type,"glass tube (10 mm × 140 mm), sealed under vacuum",Tube / capillary,Tube / capillary,tube,,"glass tube (10 mm × 140 mm), sealed under vacuum",,6,0
vessel_type,"glass tube (2 mL), sealed",Tube / capillary,Tube / capillary,tube,,"glass tube (2 ml), sealed",,6,0
vessel_type,glass vial (Teflon-lined cap),Vial,Vial,vial,,glass vial (teflon-lined cap),,1,5
vessel_type,glass vial (~23 mL),Vial,Vial,vial,,glass vial (~23 ml),,6,0
vessel_type,hydrothermal reaction chamber (50 mL),Reactor / reaction chamber,Reactor / reaction chamber,reactor,,hydrothermal reaction chamber (50 ml),,6,0
vessel_type,microwave glass vial,Microwave vessel,Microwave vessel,microwave_apparatus,,microwave glass vial,,6,0
vessel_type,microwave vial (10 mL),Microwave vessel,Microwave vessel,microwave_apparatus,,microwave vial (10 ml),,2,4
vessel_type,non-pressurised scintillation vial (tightly capped),Vial,Vial,vial,,non-pressurised scintillation vial (tightly capped),,2,4
vessel_type,round bottom flask (50 mL),Flask,Flask,flask,,round bottom flask (50 ml),,6,0
vessel_type,round-bottom flask with condenser,Flask,Flask,flask,,round-bottom flask with condenser,,5,1
vessel_type,sealed crystal tube,Tube / capillary,Tube / capillary,tube,,sealed crystal tube,,6,0
vessel_type,sealed glass scintillation vial,Vial,Vial,vial,,sealed glass scintillation vial,,4,2
vessel_type,solvothermal autoclave (Büchi Versoclave 3E),Autoclave / pressure vessel,Autoclave / pressure vessel,pressure_vessel,,solvothermal autoclave (büchi versoclave 3e),,6,0
vessel_type,stainless steel reactor with Teflon liner,PTFE vessel / liner,PTFE vessel / liner,ptfe_body,,stainless steel reactor with teflon liner,,6,0
vessel_type,"thick-walled glass vial, flame-sealed",Vial,Vial,vial,,"thick-walled glass vial, flame-sealed",,2,4
vessel_type,vial-in-vial diffusion (glass vials),Nested / multiple vessels,Nested / multiple vessels,multiple_vessels,,vial-in-vial diffusion (glass vials),Nested or sequential apparatus; no single vessel selected,4,2
vessel_type,1 L Schott DURAN pressure plus bottle,Bottle / jar,Bottle / jar,bottle_jar,,1 l schott duran pressure plus bottle,,1,4
vessel_type,1 L glass bottle (sealed),Bottle / jar,Bottle / jar,bottle_jar,,1 l glass bottle (sealed),,5,0
vessel_type,10 mL Teflon-lined stainless steel autoclave,PTFE-lined autoclave,PTFE-lined autoclave / pressure vessel,ptfe_pressure_vessel,shorten_ptfe_autoclave_label,10 ml teflon-lined stainless steel autoclave,,4,1
vessel_type,10 mL screw-capped vial,Vial,Vial,vial,,10 ml screw-capped vial,,5,0
vessel_type,100 mL Teflon-lined stainless-steel container,PTFE vessel / liner,PTFE vessel / liner,ptfe_body,,100 ml teflon-lined stainless-steel container,,5,0
vessel_type,100-mL glass vial (capped),Vial,Vial,vial,,100-ml glass vial (capped),,1,4
vessel_type,11 mL borosilicate glass reactor,Reactor / reaction chamber,Reactor / reaction chamber,reactor,,11 ml borosilicate glass reactor,,2,3
vessel_type,"12 mL reaction vial, Teflon-lined lid",Vial,Vial,vial,,"12 ml reaction vial, teflon-lined lid",,3,2
vessel_type,15 mL Teflon reactor,PTFE vessel / liner,PTFE vessel / liner,ptfe_body,,15 ml teflon reactor,,5,0
vessel_type,15-mL Teflon-lined stainless steel autoclave,PTFE-lined autoclave,PTFE-lined autoclave / pressure vessel,ptfe_pressure_vessel,shorten_ptfe_autoclave_label,15-ml teflon-lined stainless steel autoclave,,5,0
vessel_type,2 L three-necked flask,Flask,Flask,flask,,2 l three-necked flask,,4,1
vessel_type,2 mL PE tube,Tube / capillary,Tube / capillary,tube,,2 ml pe tube,,5,0
vessel_type,20 mL Teflon-lined stainless steel vessel (autoclave),PTFE-lined autoclave,PTFE-lined autoclave / pressure vessel,ptfe_pressure_vessel,shorten_ptfe_autoclave_label,20 ml teflon-lined stainless steel vessel (autoclave),,0,5
vessel_type,20 mL Teflon-lined steel autoclave,PTFE-lined autoclave,PTFE-lined autoclave / pressure vessel,ptfe_pressure_vessel,shorten_ptfe_autoclave_label,20 ml teflon-lined steel autoclave,,0,5
vessel_type,20 mL bottle,Bottle / jar,Bottle / jar,bottle_jar,,20 ml bottle,,1,4
vessel_type,20 mL glass vial (dry bath heater),Vial,Vial,vial,,20 ml glass vial (dry bath heater),,5,0
vessel_type,"20 mL glass vials, PTFE-lined caps",Vial,Vial,vial,,"20 ml glass vials, ptfe-lined caps",,5,0
vessel_type,20 mL scintillation vial (with round glass cover slide inserted),Vial,Vial,vial,,20 ml scintillation vial (with round glass cover slide inserted),,5,0
vessel_type,20 mL screw-cap vial,Vial,Vial,vial,,20 ml screw-cap vial,,4,1
vessel_type,20 mL screw-capped scintillation vial,Vial,Vial,vial,,20 ml screw-capped scintillation vial,,5,0
vessel_type,20 mL vial (sealed),Vial,Vial,vial,,20 ml vial (sealed),,5,0
vessel_type,200 mL autoclave,Autoclave / pressure vessel,Autoclave / pressure vessel,pressure_vessel,,200 ml autoclave,,5,0
vessel_type,23 mL Teflon-lined stainless steel autoclave (autogenous pressure),PTFE-lined autoclave,PTFE-lined autoclave / pressure vessel,ptfe_pressure_vessel,shorten_ptfe_autoclave_label,23 ml teflon-lined stainless steel autoclave (autogenous pressure),,5,0
vessel_type,23 mL Teflon-lined steel reactor,PTFE vessel / liner,PTFE vessel / liner,ptfe_body,,23 ml teflon-lined steel reactor,,1,4
vessel_type,24 mL Teflon-lined autoclave,PTFE-lined autoclave,PTFE-lined autoclave / pressure vessel,ptfe_pressure_vessel,shorten_ptfe_autoclave_label,24 ml teflon-lined autoclave,,5,0
vessel_type,25 mL Teflon-lined reactor,PTFE vessel / liner,PTFE vessel / liner,ptfe_body,,25 ml teflon-lined reactor,,5,0
vessel_type,25 mL Teflon-lined stainless steel vessel (autoclave),PTFE-lined autoclave,PTFE-lined autoclave / pressure vessel,ptfe_pressure_vessel,shorten_ptfe_autoclave_label,25 ml teflon-lined stainless steel vessel (autoclave),,5,0
vessel_type,25 mL Teflon-lined stainless-steel vessel,PTFE vessel / liner,PTFE vessel / liner,ptfe_body,,25 ml teflon-lined stainless-steel vessel,,5,0
vessel_type,25 mL screw-top glass vial,Vial,Vial,vial,,25 ml screw-top glass vial,,5,0
vessel_type,25 mL vial (capped tightly),Vial,Vial,vial,,25 ml vial (capped tightly),,5,0
vessel_type,250 mL flask,Flask,Flask,flask,,250 ml flask,,1,4
vessel_type,250 mL round-bottom flask,Flask,Flask,flask,,250 ml round-bottom flask,,5,0
vessel_type,30 mL Teflon-lined autoclave,PTFE-lined autoclave,PTFE-lined autoclave / pressure vessel,ptfe_pressure_vessel,shorten_ptfe_autoclave_label,30 ml teflon-lined autoclave,,5,0
vessel_type,30 mL screw-cap vial,Vial,Vial,vial,,30 ml screw-cap vial,,1,4
vessel_type,4 mL glass scintillation vials,Vial,Vial,vial,,4 ml glass scintillation vials,,5,0
vessel_type,4 mL screw-cap vial,Vial,Vial,vial,,4 ml screw-cap vial,,2,3
vessel_type,40 mL glass vial with rubber-lined cap,Vial,Vial,vial,,40 ml glass vial with rubber-lined cap,,0,5
vessel_type,5 mL glass bottle,Bottle / jar,Bottle / jar,bottle_jar,,5 ml glass bottle,,5,0
vessel_type,50 mL Teflon-lined autoclave,PTFE-lined autoclave,PTFE-lined autoclave / pressure vessel,ptfe_pressure_vessel,shorten_ptfe_autoclave_label,50 ml teflon-lined autoclave,,5,0
vessel_type,7 mL capped vial,Vial,Vial,vial,,7 ml capped vial,,5,0
vessel_type,"Erlenmeyer flask (loosely covered with watch glass), in oven",Flask,Flask,flask,,"erlenmeyer flask (loosely covered with watch glass), in oven",,5,0
vessel_type,Parr Teflon-lined stainless steel autoclave,PTFE-lined autoclave,PTFE-lined autoclave / pressure vessel,ptfe_pressure_vessel,shorten_ptfe_autoclave_label,parr teflon-lined stainless steel autoclave,,5,0
vessel_type,Parr Teflon-lined stainless steel vessel (23.0 mL),PTFE vessel / liner,PTFE vessel / liner,ptfe_body,,parr teflon-lined stainless steel vessel (23.0 ml),,5,0
vessel_type,Pyrex tubes,Tube / capillary,Tube / capillary,tube,,pyrex tubes,,1,4
vessel_type,Rotating packed bed (RPB) reactor,Reactor / reaction chamber,Reactor / reaction chamber,reactor,,rotating packed bed (rpb) reactor,,5,0
vessel_type,Schlenk tube,Tube / capillary,Tube / capillary,tube,,schlenk tube,,0,5
vessel_type,Teflon cup (23 mL),PTFE vessel / liner,PTFE vessel / liner,ptfe_body,,teflon cup (23 ml),,5,0
vessel_type,"Teflon reaction vessel (2 mL), sealed",PTFE vessel / liner,PTFE vessel / liner,ptfe_body,,"teflon reaction vessel (2 ml), sealed",,4,1
vessel_type,Teflon reactor (23 mL),PTFE vessel / liner,PTFE vessel / liner,ptfe_body,,teflon reactor (23 ml),,5,0
vessel_type,"Teflon-lined Parr bomb (autoclave), 120 mL",PTFE-lined autoclave,PTFE-lined autoclave / pressure vessel,ptfe_pressure_vessel,shorten_ptfe_autoclave_label,"teflon-lined parr bomb (autoclave), 120 ml",,5,0
vessel_type,Teflon-lined autoclave (137 mL),PTFE-lined autoclave,PTFE-lined autoclave / pressure vessel,ptfe_pressure_vessel,shorten_ptfe_autoclave_label,teflon-lined autoclave (137 ml),,5,0
vessel_type,Teflon-lined autoclave (16 mL),PTFE-lined autoclave,PTFE-lined autoclave / pressure vessel,ptfe_pressure_vessel,shorten_ptfe_autoclave_label,teflon-lined autoclave (16 ml),,1,4
vessel_type,Teflon-lined autoclave (25 mL PTFE-lined hydrothermal reactor),PTFE-lined autoclave,PTFE-lined autoclave / pressure vessel,ptfe_pressure_vessel,shorten_ptfe_autoclave_label,teflon-lined autoclave (25 ml ptfe-lined hydrothermal reactor),,1,4
vessel_type,Teflon-lined autoclave (250 mL),PTFE-lined autoclave,PTFE-lined autoclave / pressure vessel,ptfe_pressure_vessel,shorten_ptfe_autoclave_label,teflon-lined autoclave (250 ml),,5,0
vessel_type,Teflon-lined autoclave (45 mL stainless steel reactor),PTFE-lined autoclave,PTFE-lined autoclave / pressure vessel,ptfe_pressure_vessel,shorten_ptfe_autoclave_label,teflon-lined autoclave (45 ml stainless steel reactor),,5,0
vessel_type,"Teflon-lined autoclave (PTFE-lined stainless steel, 23 mL)",PTFE-lined autoclave,PTFE-lined autoclave / pressure vessel,ptfe_pressure_vessel,shorten_ptfe_autoclave_label,"teflon-lined autoclave (ptfe-lined stainless steel, 23 ml)",,5,0
vessel_type,"Teflon-lined autoclave (Parr, 15 mL)",PTFE-lined autoclave,PTFE-lined autoclave / pressure vessel,ptfe_pressure_vessel,shorten_ptfe_autoclave_label,"teflon-lined autoclave (parr, 15 ml)",,5,0
vessel_type,"Teflon-lined autoclave (Parr-type steel autoclave, 23 mL)",PTFE-lined autoclave,PTFE-lined autoclave / pressure vessel,ptfe_pressure_vessel,shorten_ptfe_autoclave_label,"teflon-lined autoclave (parr-type steel autoclave, 23 ml)",,1,4
vessel_type,Teflon-lined autoclave (steel bomb),PTFE-lined autoclave,PTFE-lined autoclave / pressure vessel,ptfe_pressure_vessel,shorten_ptfe_autoclave_label,teflon-lined autoclave (steel bomb),,5,0
vessel_type,Teflon-lined bomb (15 mL),PTFE-lined autoclave,PTFE-lined autoclave / pressure vessel,ptfe_pressure_vessel,shorten_ptfe_autoclave_label,teflon-lined bomb (15 ml),,5,0
vessel_type,Teflon-lined hydrothermal bomb (23 mL),PTFE-lined autoclave,PTFE-lined autoclave / pressure vessel,ptfe_pressure_vessel,shorten_ptfe_autoclave_label,teflon-lined hydrothermal bomb (23 ml),,5,0
vessel_type,Teflon-lined stainless steel Parr autoclave,PTFE-lined autoclave,PTFE-lined autoclave / pressure vessel,ptfe_pressure_vessel,shorten_ptfe_autoclave_label,teflon-lined stainless steel parr autoclave,,4,1
vessel_type,Teflon-lined stainless steel autoclave (~20 mL),PTFE-lined autoclave,PTFE-lined autoclave / pressure vessel,ptfe_pressure_vessel,shorten_ptfe_autoclave_label,teflon-lined stainless steel autoclave (~20 ml),,4,1
vessel_type,"Teflon-lined stainless steel autoclave, 23 mL",PTFE-lined autoclave,PTFE-lined autoclave / pressure vessel,ptfe_pressure_vessel,shorten_ptfe_autoclave_label,"teflon-lined stainless steel autoclave, 23 ml",,5,0
vessel_type,Teflon-lined stainless steel container (16 mL),PTFE vessel / liner,PTFE vessel / liner,ptfe_body,,teflon-lined stainless steel container (16 ml),,5,0
vessel_type,Teflon-lined stainless steel vessel (10 mL),PTFE vessel / liner,PTFE vessel / liner,ptfe_body,,teflon-lined stainless steel vessel (10 ml),,5,0
vessel_type,Teflon-lined stainless-steel reactor (10 mL),PTFE vessel / liner,PTFE vessel / liner,ptfe_body,,teflon-lined stainless-steel reactor (10 ml),,3,2
vessel_type,"Teflon-lined stainless-steel vessel, 25 mL",PTFE vessel / liner,PTFE vessel / liner,ptfe_body,,"teflon-lined stainless-steel vessel, 25 ml",,5,0
vessel_type,Teflon-lined vessel,PTFE vessel / liner,PTFE vessel / liner,ptfe_body,,teflon-lined vessel,,5,0
vessel_type,beaker; ultrasonication then oil-bath reflux,Beaker,Beaker,beaker,,beaker; ultrasonication then oil-bath reflux,,5,0
vessel_type,closed Pyrex vessel,Glass vessel,Glass vessel (shape not reported),generic_glass,simplify_material_vessel_label,closed pyrex vessel,,1,4
vessel_type,crystal tube (sealed),Tube / capillary,Tube / capillary,tube,,crystal tube (sealed),,5,0
vessel_type,"glass serum bottle (silicon stopper, aluminum seal)",Bottle / jar,Bottle / jar,bottle_jar,,"glass serum bottle (silicon stopper, aluminum seal)",,2,3
vessel_type,glass tube (DURAN culture tube) in conventional electric oven,Tube / capillary,Tube / capillary,tube,,glass tube (duran culture tube) in conventional electric oven,,5,0
vessel_type,glass vial (7 mL),Vial,Vial,vial,,glass vial (7 ml),,5,0
vessel_type,glass vials,Vial,Vial,vial,,glass vials,,5,0
vessel_type,heating test tube (heating block),Tube / capillary,Tube / capillary,tube,,heating test tube (heating block),,4,1
vessel_type,microwave reactor (10 mL IntelliVent),Microwave vessel,Microwave vessel,microwave_apparatus,,microwave reactor (10 ml intellivent),,0,5
vessel_type,narrow Schlenk flask (layered diffusion),Flask,Flask,flask,,narrow schlenk flask (layered diffusion),,5,0
vessel_type,reflux system,Not reported,Not reported,equipment_or_operation_only,,reflux system,"Description specifies equipment/operation, not an identifiable reaction vessel",5,0
vessel_type,round-bottom flask (100 mL),Flask,Flask,flask,,round-bottom flask (100 ml),,2,3
vessel_type,round-bottomed flask,Flask,Flask,flask,,round-bottomed flask,,5,0
vessel_type,screw-top jar,Bottle / jar,Bottle / jar,bottle_jar,,screw-top jar,,4,1
vessel_type,screw-top vial (sealed),Vial,Vial,vial,,screw-top vial (sealed),,5,0
vessel_type,sealed hydrothermal bomb (autoclave),Autoclave / pressure vessel,Autoclave / pressure vessel,pressure_vessel,,sealed hydrothermal bomb (autoclave),,5,0
vessel_type,sealed reaction vessel (200 mL),Not reported,Vessel (type not reported),generic_vessel,unspecified_vessel_type_to_not_reported,sealed reaction vessel (200 ml),Vessel is named but shape/material cannot be resolved,3,2
vessel_type,sealed volumetric flask,Flask,Flask,flask,,sealed volumetric flask,,5,0
vessel_type,small vial,Vial,Vial,vial,,small vial,,5,0
vessel_type,stainless steel autoclave with 45 mL Teflon cup,PTFE-lined autoclave,PTFE-lined autoclave / pressure vessel,ptfe_pressure_vessel,shorten_ptfe_autoclave_label,stainless steel autoclave with 45 ml teflon cup,,5,0
vessel_type,steel container,Metal vessel,Metal vessel (shape not reported),generic_metal,simplify_material_vessel_label,steel container,,5,0
vessel_type,three-neck round bottom flask with Dimroth condenser,Flask,Flask,flask,,three-neck round bottom flask with dimroth condenser,,5,0
vessel_type,ultrasonic bath (40 kHz),Not reported,Not reported,equipment_or_operation_only,,ultrasonic bath (40 khz),"Description specifies equipment/operation, not an identifiable reaction vessel",5,0
vessel_type,1.5-dram vial,Vial,Vial,vial,,1.5-dram vial,,4,0
vessel_type,10 mL glass vials,Vial,Vial,vial,,10 ml glass vials,,2,2
vessel_type,10 mL round-bottom flask,Flask,Flask,flask,,10 ml round-bottom flask,,4,0
vessel_type,100 mL Duran glass reactor with screw cap,Reactor / reaction chamber,Reactor / reaction chamber,reactor,,100 ml duran glass reactor with screw cap,,4,0
vessel_type,100 mL Pyrex jar,Bottle / jar,Bottle / jar,bottle_jar,,100 ml pyrex jar,,4,0
vessel_type,100 mL Pyrex media bottle with Teflon-lined lid,Bottle / jar,Bottle / jar,bottle_jar,,100 ml pyrex media bottle with teflon-lined lid,,4,0
vessel_type,100 mL screw-cap bottle,Bottle / jar,Bottle / jar,bottle_jar,,100 ml screw-cap bottle,,2,2
vessel_type,100-mL Teflon-lined stainless-steel autoclave,PTFE-lined autoclave,PTFE-lined autoclave / pressure vessel,ptfe_pressure_vessel,shorten_ptfe_autoclave_label,100-ml teflon-lined stainless-steel autoclave,,4,0
vessel_type,13 mL Teflon-lined stainless steel container,PTFE vessel / liner,PTFE vessel / liner,ptfe_body,,13 ml teflon-lined stainless steel container,,3,1
vessel_type,15-mL PTFE-lined stainless-steel autoclave,PTFE-lined autoclave,PTFE-lined autoclave / pressure vessel,ptfe_pressure_vessel,shorten_ptfe_autoclave_label,15-ml ptfe-lined stainless-steel autoclave,,4,0
vessel_type,15-mL Teflon-lined stainless-steel reactor,PTFE vessel / liner,PTFE vessel / liner,ptfe_body,,15-ml teflon-lined stainless-steel reactor,,2,2
vessel_type,16 mL Teflon-lined stainless steel vessel,PTFE vessel / liner,PTFE vessel / liner,ptfe_body,,16 ml teflon-lined stainless steel vessel,,4,0
vessel_type,18 mL Teflon-lined stainless steel container,PTFE vessel / liner,PTFE vessel / liner,ptfe_body,,18 ml teflon-lined stainless steel container,,4,0
vessel_type,2 mL Teflon reactor,PTFE vessel / liner,PTFE vessel / liner,ptfe_body,,2 ml teflon reactor,,4,0
vessel_type,20 mL Teflon screw-capped borosilicate glass bottle,Bottle / jar,Bottle / jar,bottle_jar,,20 ml teflon screw-capped borosilicate glass bottle,,4,0
vessel_type,20 mL capped vessel,Not reported,Vessel (type not reported),generic_vessel,unspecified_vessel_type_to_not_reported,20 ml capped vessel,Vessel is named but shape/material cannot be resolved,4,0
vessel_type,20 mL glass vial with PTFE septum,Vial,Vial,vial,,20 ml glass vial with ptfe septum,,3,1
vessel_type,20 mL headspace screw neck glass vial (metal screw cap),Vial,Vial,vial,,20 ml headspace screw neck glass vial (metal screw cap),,1,3
vessel_type,20 mL screw jar,Bottle / jar,Bottle / jar,bottle_jar,,20 ml screw jar,,4,0
vessel_type,20 mL stainless glass vial,Vial,Vial,vial,,20 ml stainless glass vial,,4,0
vessel_type,20-mL scintillation vial with Teflon-lined cap,Vial,Vial,vial,,20-ml scintillation vial with teflon-lined cap,,4,0
vessel_type,200 mL Teflon-capped reaction vessel,Not reported,Vessel (type not reported),generic_vessel,unspecified_vessel_type_to_not_reported,200 ml teflon-capped reaction vessel,Vessel is named but shape/material cannot be resolved,4,0
vessel_type,23 mL PTFE (Teflon) autoclave liner,PTFE-lined autoclave,PTFE-lined autoclave / pressure vessel,ptfe_pressure_vessel,shorten_ptfe_autoclave_label,23 ml ptfe (teflon) autoclave liner,,4,0
vessel_type,23 mL Teflon-lined stainless autoclave,PTFE-lined autoclave,PTFE-lined autoclave / pressure vessel,ptfe_pressure_vessel,shorten_ptfe_autoclave_label,23 ml teflon-lined stainless autoclave,,3,1
vessel_type,23 mL Teflon-lined steel autoclave,PTFE-lined autoclave,PTFE-lined autoclave / pressure vessel,ptfe_pressure_vessel,shorten_ptfe_autoclave_label,23 ml teflon-lined steel autoclave,,4,0
vessel_type,23 mL scintillation vial,Vial,Vial,vial,,23 ml scintillation vial,,4,0
vessel_type,"25 mL Erlenmeyer flask (oven, capped)",Flask,Flask,flask,,"25 ml erlenmeyer flask (oven, capped)",,4,0
vessel_type,25 mL Teflon lined stainless steel container,PTFE vessel / liner,PTFE vessel / liner,ptfe_body,,25 ml teflon lined stainless steel container,,4,0
vessel_type,25 mL Teflon-lined Parr autoclave,PTFE-lined autoclave,PTFE-lined autoclave / pressure vessel,ptfe_pressure_vessel,shorten_ptfe_autoclave_label,25 ml teflon-lined parr autoclave,,4,0
vessel_type,25 mL Teflon-lined stainless steel autoclave (Parr),PTFE-lined autoclave,PTFE-lined autoclave / pressure vessel,ptfe_pressure_vessel,shorten_ptfe_autoclave_label,25 ml teflon-lined stainless steel autoclave (parr),,4,0
vessel_type,25 mL Teflon-lined stainless steel container (autoclave),PTFE-lined autoclave,PTFE-lined autoclave / pressure vessel,ptfe_pressure_vessel,shorten_ptfe_autoclave_label,25 ml teflon-lined stainless steel container (autoclave),,4,0
vessel_type,250 mL volumetric flask,Flask,Flask,flask,,250 ml volumetric flask,,4,0
vessel_type,250 ml round bottom flask,Flask,Flask,flask,,250 ml round bottom flask,,4,0
vessel_type,30 mL glass vial (sealed with parafilm),Vial,Vial,vial,,30 ml glass vial (sealed with parafilm),,4,0
vessel_type,30 mL pressure tube (Teflon cap),Tube / capillary,Tube / capillary,tube,,30 ml pressure tube (teflon cap),,4,0
vessel_type,4 mL scintillation vials,Vial,Vial,vial,,4 ml scintillation vials,,4,0
vessel_type,5 mL test tube (sealed),Tube / capillary,Tube / capillary,tube,,5 ml test tube (sealed),,4,0
vessel_type,5-ml pyrex vial,Vial,Vial,vial,,5-ml pyrex vial,,0,4
vessel_type,50 mL Parr Teflon-lined autoclave,PTFE-lined autoclave,PTFE-lined autoclave / pressure vessel,ptfe_pressure_vessel,shorten_ptfe_autoclave_label,50 ml parr teflon-lined autoclave,,4,0
vessel_type,50 mL glass bottle (Schott Duran),Bottle / jar,Bottle / jar,bottle_jar,,50 ml glass bottle (schott duran),,4,0
vessel_type,50-mL beaker,Beaker,Beaker,beaker,,50-ml beaker,,4,0
vessel_type,500 mL three-necked flask,Flask,Flask,flask,,500 ml three-necked flask,,4,0
vessel_type,6 mL borosilicate glass tube (sealed),Tube / capillary,Tube / capillary,tube,,6 ml borosilicate glass tube (sealed),,2,2
vessel_type,6-dram vial,Vial,Vial,vial,,6-dram vial,,4,0
vessel_type,60 mL vial (27.5 mm bottom diameter) with Teflon-lined cap,Vial,Vial,vial,,60 ml vial (27.5 mm bottom diameter) with teflon-lined cap,,2,2
vessel_type,7 mL Pyrex vial,Vial,Vial,vial,,7 ml pyrex vial,,0,4
vessel_type,7 mL glass vial,Vial,Vial,vial,,7 ml glass vial,,4,0
vessel_type,8 mL glass vial,Vial,Vial,vial,,8 ml glass vial,,4,0
vessel_type,8-dram glass vial,Vial,Vial,vial,,8-dram glass vial,,2,2
vessel_type,8-dram glass vial (oven),Vial,Vial,vial,,8-dram glass vial (oven),,2,2
vessel_type,80 mL Teflon tube in microwave reactor,Microwave vessel,Microwave vessel,microwave_apparatus,,80 ml teflon tube in microwave reactor,,0,4
vessel_type,PFA reactor (7 mL),Reactor / reaction chamber,Reactor / reaction chamber,reactor,,pfa reactor (7 ml),,4,0
vessel_type,PTFE insert in stainless steel high-throughput reactor (300 μL),PTFE vessel / liner,PTFE vessel / liner,ptfe_body,,ptfe insert in stainless steel high-throughput reactor (300 ul),,4,0
vessel_type,PTFE-lined stainless-steel acid digestion bomb (15 mL),PTFE-lined autoclave,PTFE-lined autoclave / pressure vessel,ptfe_pressure_vessel,shorten_ptfe_autoclave_label,ptfe-lined stainless-steel acid digestion bomb (15 ml),,4,0
vessel_type,PTFE-lined stainless-steel autoclave (15 mL),PTFE-lined autoclave,PTFE-lined autoclave / pressure vessel,ptfe_pressure_vessel,shorten_ptfe_autoclave_label,ptfe-lined stainless-steel autoclave (15 ml),,4,0
vessel_type,"Parr PTFE-lined digestion vessel, 45 mL",PTFE-lined autoclave,PTFE-lined autoclave / pressure vessel,ptfe_pressure_vessel,shorten_ptfe_autoclave_label,"parr ptfe-lined digestion vessel, 45 ml",,4,0
vessel_type,"Parr Teflon-lined stainless steel autoclave, 15 mL",PTFE-lined autoclave,PTFE-lined autoclave / pressure vessel,ptfe_pressure_vessel,shorten_ptfe_autoclave_label,"parr teflon-lined stainless steel autoclave, 15 ml",,1,3
vessel_type,Parr vessel,Not reported,Vessel (type not reported),generic_vessel,unspecified_vessel_type_to_not_reported,parr vessel,Vessel is named but shape/material cannot be resolved,4,0
vessel_type,Petri dish covered with perforated foil,Dish / well plate,Dish / well plate,dish_plate,,petri dish covered with perforated foil,,1,3
vessel_type,Pyrex glass vial (7 mL),Vial,Vial,vial,,pyrex glass vial (7 ml),,0,4
vessel_type,Teflon reaction vessel,PTFE vessel / liner,PTFE vessel / liner,ptfe_body,,teflon reaction vessel,,4,0
vessel_type,Teflon vessel (15 mL),PTFE vessel / liner,PTFE vessel / liner,ptfe_body,,teflon vessel (15 ml),,4,0
vessel_type,Teflon vial,PTFE vessel / liner,PTFE vessel / liner,ptfe_body,,teflon vial,,4,0
vessel_type,Teflon-coated stainless steel autoclave (25 mL),PTFE-lined autoclave,PTFE-lined autoclave / pressure vessel,ptfe_pressure_vessel,shorten_ptfe_autoclave_label,teflon-coated stainless steel autoclave (25 ml),,4,0
vessel_type,Teflon-lined 23-mL Parr autoclave,PTFE-lined autoclave,PTFE-lined autoclave / pressure vessel,ptfe_pressure_vessel,shorten_ptfe_autoclave_label,teflon-lined 23-ml parr autoclave,,3,1
vessel_type,Teflon-lined acid digestion bomb (20 mL),PTFE-lined autoclave,PTFE-lined autoclave / pressure vessel,ptfe_pressure_vessel,shorten_ptfe_autoclave_label,teflon-lined acid digestion bomb (20 ml),,2,2
vessel_type,Teflon-lined autoclave (100 mL PTFE reactor),PTFE-lined autoclave,PTFE-lined autoclave / pressure vessel,ptfe_pressure_vessel,shorten_ptfe_autoclave_label,teflon-lined autoclave (100 ml ptfe reactor),,4,0
vessel_type,Teflon-lined autoclave (100 mL stainless-steel),PTFE-lined autoclave,PTFE-lined autoclave / pressure vessel,ptfe_pressure_vessel,shorten_ptfe_autoclave_label,teflon-lined autoclave (100 ml stainless-steel),,3,1
vessel_type,Teflon-lined autoclave (15 cm3),PTFE-lined autoclave,PTFE-lined autoclave / pressure vessel,ptfe_pressure_vessel,shorten_ptfe_autoclave_label,teflon-lined autoclave (15 cm3),,4,0
vessel_type,Teflon-lined autoclave (25 mL stainless steel vessel),PTFE-lined autoclave,PTFE-lined autoclave / pressure vessel,ptfe_pressure_vessel,shorten_ptfe_autoclave_label,teflon-lined autoclave (25 ml stainless steel vessel),,4,0
vessel_type,Teflon-lined autoclave (25 mL stainless steel),PTFE-lined autoclave,PTFE-lined autoclave / pressure vessel,ptfe_pressure_vessel,shorten_ptfe_autoclave_label,teflon-lined autoclave (25 ml stainless steel),,2,2
vessel_type,Teflon-lined autoclave (500 mL),PTFE-lined autoclave,PTFE-lined autoclave / pressure vessel,ptfe_pressure_vessel,shorten_ptfe_autoclave_label,teflon-lined autoclave (500 ml),,4,0
vessel_type,"Teflon-lined autoclave (Parr), 25 mL",PTFE-lined autoclave,PTFE-lined autoclave / pressure vessel,ptfe_pressure_vessel,shorten_ptfe_autoclave_label,"teflon-lined autoclave (parr), 25 ml",,4,0
vessel_type,"Teflon-lined autoclave (Parr, 23 mL)",PTFE-lined autoclave,PTFE-lined autoclave / pressure vessel,ptfe_pressure_vessel,shorten_ptfe_autoclave_label,"teflon-lined autoclave (parr, 23 ml)",,4,0
vessel_type,"Teflon-lined autoclave (stainless-steel reactor, 25 mL)",PTFE-lined autoclave,PTFE-lined autoclave / pressure vessel,ptfe_pressure_vessel,shorten_ptfe_autoclave_label,"teflon-lined autoclave (stainless-steel reactor, 25 ml)",,4,0
vessel_type,Teflon-lined stainless steel container (15 mL),PTFE vessel / liner,PTFE vessel / liner,ptfe_body,,teflon-lined stainless steel container (15 ml),,4,0
vessel_type,Teflon-lined stainless steel reactor (23 mL),PTFE vessel / liner,PTFE vessel / liner,ptfe_body,,teflon-lined stainless steel reactor (23 ml),,4,0
vessel_type,Teflon-lined stainless vessel (25 mL),PTFE vessel / liner,PTFE vessel / liner,ptfe_body,,teflon-lined stainless vessel (25 ml),,4,0
vessel_type,Teflon-lined stainless-steel Parr bomb (15 mL),PTFE-lined autoclave,PTFE-lined autoclave / pressure vessel,ptfe_pressure_vessel,shorten_ptfe_autoclave_label,teflon-lined stainless-steel parr bomb (15 ml),,4,0
vessel_type,Teflon-lined stainless-steel autoclave (20–28 mL),PTFE-lined autoclave,PTFE-lined autoclave / pressure vessel,ptfe_pressure_vessel,shorten_ptfe_autoclave_label,teflon-lined stainless-steel autoclave (20-28 ml),,4,0
vessel_type,Teflon-lined stainless-steel vessel (30 mL),PTFE vessel / liner,PTFE vessel / liner,ptfe_body,,teflon-lined stainless-steel vessel (30 ml),,3,1
vessel_type,Teflon-lined steel reactor (23 mL),PTFE vessel / liner,PTFE vessel / liner,ptfe_body,,teflon-lined steel reactor (23 ml),,3,1
vessel_type,Teflon-lined vessel (15 mL),PTFE vessel / liner,PTFE vessel / liner,ptfe_body,,teflon-lined vessel (15 ml),,4,0
vessel_type,Teflon-lined vessel (25 mL),PTFE vessel / liner,PTFE vessel / liner,ptfe_body,,teflon-lined vessel (25 ml),,4,0
vessel_type,Teflon-sealed autoclave,Autoclave / pressure vessel,Autoclave / pressure vessel,pressure_vessel,,teflon-sealed autoclave,,4,0
vessel_type,autoclave reactor,Autoclave / pressure vessel,Autoclave / pressure vessel,pressure_vessel,,autoclave reactor,,4,0
vessel_type,"borosilicate culture tube (Schott DURAN), sealed screw cap",Tube / capillary,Tube / capillary,tube,,"borosilicate culture tube (schott duran), sealed screw cap",,2,2
vessel_type,borosilicate glass tube (layered),Tube / capillary,Tube / capillary,tube,,borosilicate glass tube (layered),,4,0
vessel_type,borosilicate glass vial (5 mL),Vial,Vial,vial,,borosilicate glass vial (5 ml),,4,0
vessel_type,closed Teflon vessel,PTFE vessel / liner,PTFE vessel / liner,ptfe_body,,closed teflon vessel,,0,4
vessel_type,closed snap vial,Vial,Vial,vial,,closed snap vial,,4,0
vessel_type,conical flask,Flask,Flask,flask,,conical flask,,4,0
vessel_type,covered beaker,Beaker,Beaker,beaker,,covered beaker,,2,2
vessel_type,glass autoclave,Autoclave / pressure vessel,Autoclave / pressure vessel,pressure_vessel,,glass autoclave,,4,0
vessel_type,glass jar,Bottle / jar,Bottle / jar,bottle_jar,,glass jar,,1,3
vessel_type,glass scintillation vials (sand bath in oven),Vial,Vial,vial,,glass scintillation vials (sand bath in oven),,4,0
vessel_type,"glass tube (13 × 100 mm), liquid–liquid diffusion",Tube / capillary,Tube / capillary,tube,,"glass tube (13 x 100 mm), liquid-liquid diffusion",,4,0
vessel_type,glass vial (17 mL),Vial,Vial,vial,,glass vial (17 ml),,4,0
vessel_type,glass vial (22 mL),Vial,Vial,vial,,glass vial (22 ml),,4,0
vessel_type,glass vial (30 mL),Vial,Vial,vial,,glass vial (30 ml),,3,1
vessel_type,glass vial (5 mL) with screw cap,Vial,Vial,vial,,glass vial (5 ml) with screw cap,,4,0
vessel_type,glass vial (8-dram),Vial,Vial,vial,,glass vial (8-dram),,1,3
vessel_type,glass vial with screw cap,Vial,Vial,vial,,glass vial with screw cap,,2,2
vessel_type,"glass vial, 5 mL (capped)",Vial,Vial,vial,,"glass vial, 5 ml (capped)",,3,1
vessel_type,heavy-wall glass tube (flame-sealed),Tube / capillary,Tube / capillary,tube,,heavy-wall glass tube (flame-sealed),,4,0
vessel_type,heavy-walled Pyrex tube; sealed under vacuum,Tube / capillary,Tube / capillary,tube,,heavy-walled pyrex tube; sealed under vacuum,,4,0
vessel_type,hydrothermal bomb with a Teflon vial,PTFE-lined autoclave,PTFE-lined autoclave / pressure vessel,ptfe_pressure_vessel,shorten_ptfe_autoclave_label,hydrothermal bomb with a teflon vial,,1,3
vessel_type,microwave glass tube (Vmax 3 mL),Microwave vessel,Microwave vessel,microwave_apparatus,,microwave glass tube (vmax 3 ml),,0,4
vessel_type,"quartz tube (5 mm × 140 mm), sealed under vacuum",Tube / capillary,Tube / capillary,tube,,"quartz tube (5 mm × 140 mm), sealed under vacuum",,2,2
vessel_type,round-bottom flask with reflux condenser,Flask,Flask,flask,,round-bottom flask with reflux condenser,,4,0
vessel_type,screw-cap glass jar,Bottle / jar,Bottle / jar,bottle_jar,,screw-cap glass jar,,4,0
vessel_type,sealed 20 mL glass vial,Vial,Vial,vial,,sealed 20 ml glass vial,,4,0
vessel_type,sealed 25 mL stainless steel reactor,Reactor / reaction chamber,Reactor / reaction chamber,reactor,,sealed 25 ml stainless steel reactor,,4,0
vessel_type,sealed bottle (25 mL),Bottle / jar,Bottle / jar,bottle_jar,,sealed bottle (25 ml),,2,2
vessel_type,sealed conical flask,Flask,Flask,flask,,sealed conical flask,,4,0
vessel_type,sealed glass ampoule,Ampoule,Ampoule,ampoule,,sealed glass ampoule,,2,2
vessel_type,sealed glass tube (5 mL) under autogenous pressure,Tube / capillary,Tube / capillary,tube,,sealed glass tube (5 ml) under autogenous pressure,,4,0
vessel_type,sealed tube (type A),Tube / capillary,Tube / capillary,tube,,sealed tube (type a),,2,2
vessel_type,sealed vial (20 mL),Vial,Vial,vial,,sealed vial (20 ml),,4,0
vessel_type,0.5 dram Pyrex vial,Vial,Vial,vial,,0.5 dram pyrex vial,,3,0
vessel_type,1 L Teflon-lined autoclave,PTFE-lined autoclave,PTFE-lined autoclave / pressure vessel,ptfe_pressure_vessel,shorten_ptfe_autoclave_label,1 l teflon-lined autoclave,,3,0
vessel_type,10 mL Pyrex tube,Tube / capillary,Tube / capillary,tube,,10 ml pyrex tube,,3,0
vessel_type,10 mL Teflon-lined stainless-steel vessel,PTFE vessel / liner,PTFE vessel / liner,ptfe_body,,10 ml teflon-lined stainless-steel vessel,,3,0
vessel_type,10 mL autoclave,Autoclave / pressure vessel,Autoclave / pressure vessel,pressure_vessel,,10 ml autoclave,,3,0
vessel_type,10 mL screw-cap vial,Vial,Vial,vial,,10 ml screw-cap vial,,3,0
vessel_type,10 mL sealed Pyrex glass tube,Tube / capillary,Tube / capillary,tube,,10 ml sealed pyrex glass tube,,1,2
vessel_type,100 mL Teflon autoclave in microwave reactor (CEM Mars-5),Microwave vessel,Microwave vessel,microwave_apparatus,,100 ml teflon autoclave in microwave reactor (cem mars-5),,0,3
vessel_type,100 mL Teflon-lined stainless-steel Parr bomb,PTFE-lined autoclave,PTFE-lined autoclave / pressure vessel,ptfe_pressure_vessel,shorten_ptfe_autoclave_label,100 ml teflon-lined stainless-steel parr bomb,,3,0
vessel_type,100 mL flask,Flask,Flask,flask,,100 ml flask,,3,0
vessel_type,100 mL flask with condenser (oil bath),Flask,Flask,flask,,100 ml flask with condenser (oil bath),,3,0
vessel_type,100 mL jar with Teflon-lined lid,Bottle / jar,Bottle / jar,bottle_jar,,100 ml jar with teflon-lined lid,,3,0
vessel_type,100 mL round-bottom flask with reflux condenser,Flask,Flask,flask,,100 ml round-bottom flask with reflux condenser,,3,0
vessel_type,11 mL borosilicate vial with Teflon-lined cap,Vial,Vial,vial,,11 ml borosilicate vial with teflon-lined cap,,3,0
vessel_type,11 mL screw-cap vial,Vial,Vial,vial,,11 ml screw-cap vial,,3,0
vessel_type,12 mL PTFE-lined stainless steel autoclave,PTFE-lined autoclave,PTFE-lined autoclave / pressure vessel,ptfe_pressure_vessel,shorten_ptfe_autoclave_label,12 ml ptfe-lined stainless steel autoclave,,1,2
vessel_type,12 mL microwave vial,Microwave vessel,Microwave vessel,microwave_apparatus,,12 ml microwave vial,,0,3
vessel_type,15 mL PTFE-lined autoclave,PTFE-lined autoclave,PTFE-lined autoclave / pressure vessel,ptfe_pressure_vessel,shorten_ptfe_autoclave_label,15 ml ptfe-lined autoclave,,3,0
vessel_type,15 mL Teflon screw-capped borosilicate glass bottle,Bottle / jar,Bottle / jar,bottle_jar,,15 ml teflon screw-capped borosilicate glass bottle,,3,0
vessel_type,15 mL Teflon-lined stainless steel container,PTFE vessel / liner,PTFE vessel / liner,ptfe_body,,15 ml teflon-lined stainless steel container,,3,0
vessel_type,15 mL Teflon-lined stainless steel reactor (autoclave),PTFE-lined autoclave,PTFE-lined autoclave / pressure vessel,ptfe_pressure_vessel,shorten_ptfe_autoclave_label,15 ml teflon-lined stainless steel reactor (autoclave),,3,0
vessel_type,15 mL screw-cap glass vial,Vial,Vial,vial,,15 ml screw-cap glass vial,,3,0
vessel_type,15 mL sealed reactor,Reactor / reaction chamber,Reactor / reaction chamber,reactor,,15 ml sealed reactor,,3,0
vessel_type,150 mL screw-cap high-pressure flask,Flask,Flask,flask,,150 ml screw-cap high-pressure flask,,1,2
vessel_type,20 mL Pyrex vial (capped),Vial,Vial,vial,,20 ml pyrex vial (capped),,3,0
vessel_type,20 mL Pyrex vial (tightly capped),Vial,Vial,vial,,20 ml pyrex vial (tightly capped),,3,0
vessel_type,20 mL Teflon-lined stainless-steel container,PTFE vessel / liner,PTFE vessel / liner,ptfe_body,,20 ml teflon-lined stainless-steel container,,2,1
vessel_type,20 mL autoclave,Autoclave / pressure vessel,Autoclave / pressure vessel,pressure_vessel,,20 ml autoclave,,2,1
vessel_type,"20 mL glass scintillation vial, Teflon-lined screw-top cap",Vial,Vial,vial,,"20 ml glass scintillation vial, teflon-lined screw-top cap",,3,0
vessel_type,20 mL glass vial (capped),Vial,Vial,vial,,20 ml glass vial (capped),,3,0
vessel_type,"20 mL vial, sealed",Vial,Vial,vial,,"20 ml vial, sealed",,3,0
vessel_type,20 ml vial,Vial,Vial,vial,,20 ml vial,,3,0
vessel_type,20-mL screw-capped glass vial,Vial,Vial,vial,,20-ml screw-capped glass vial,,3,0
vessel_type,200 mL round-bottom flask,Flask,Flask,flask,,200 ml round-bottom flask,,3,0
vessel_type,21 mL Teflon-lined bomb,PTFE-lined autoclave,PTFE-lined autoclave / pressure vessel,ptfe_pressure_vessel,shorten_ptfe_autoclave_label,21 ml teflon-lined bomb,,3,0
vessel_type,21 mL glass vial,Vial,Vial,vial,,21 ml glass vial,,3,0
vessel_type,23 mL Teflon-lined acid digestion vessel,PTFE-lined autoclave,PTFE-lined autoclave / pressure vessel,ptfe_pressure_vessel,shorten_ptfe_autoclave_label,23 ml teflon-lined acid digestion vessel,,3,0
vessel_type,23 mL Teflon-lined stainless steel bomb,PTFE-lined autoclave,PTFE-lined autoclave / pressure vessel,ptfe_pressure_vessel,shorten_ptfe_autoclave_label,23 ml teflon-lined stainless steel bomb,,3,0
vessel_type,25 mL Parr Teflon-lined stainless steel vessel,PTFE vessel / liner,PTFE vessel / liner,ptfe_body,,25 ml parr teflon-lined stainless steel vessel,,3,0
vessel_type,25 mL glass bottle,Bottle / jar,Bottle / jar,bottle_jar,,25 ml glass bottle,,3,0
vessel_type,25 mL reaction vial,Vial,Vial,vial,,25 ml reaction vial,,3,0
vessel_type,25 mL scintillation vial,Vial,Vial,vial,,25 ml scintillation vial,,3,0
vessel_type,25 mL screw-capped glass jar,Bottle / jar,Bottle / jar,bottle_jar,,25 ml screw-capped glass jar,,3,0
vessel_type,25 mL screw-capped glass jar reactor,Bottle / jar,Bottle / jar,bottle_jar,,25 ml screw-capped glass jar reactor,,3,0
vessel_type,25 mL screw-capped vial,Vial,Vial,vial,,25 ml screw-capped vial,,3,0
vessel_type,25 mL vial,Vial,Vial,vial,,25 ml vial,,3,0
vessel_type,250 mL Schott DURAN pressure plus bottle,Bottle / jar,Bottle / jar,bottle_jar,,250 ml schott duran pressure plus bottle,,3,0
vessel_type,350 mL screw-cap high-pressure reaction flask,Flask,Flask,flask,,350 ml screw-cap high-pressure reaction flask,,1,2
vessel_type,4 mL glass tube,Tube / capillary,Tube / capillary,tube,,4 ml glass tube,,3,0
vessel_type,40 mL reactor,Reactor / reaction chamber,Reactor / reaction chamber,reactor,,40 ml reactor,,3,0
vessel_type,5 L reactor (reflux),Reactor / reaction chamber,Reactor / reaction chamber,reactor,,5 l reactor (reflux),,1,2
vessel_type,5 mL Teflon-lined reactor,PTFE vessel / liner,PTFE vessel / liner,ptfe_body,,5 ml teflon-lined reactor,,3,0
vessel_type,5 mL glass vial with screw cap,Vial,Vial,vial,,5 ml glass vial with screw cap,,3,0
vessel_type,5 mL screw-capped glass vial,Vial,Vial,vial,,5 ml screw-capped glass vial,,3,0
vessel_type,5-mL round-bottom flask,Flask,Flask,flask,,5-ml round-bottom flask,,3,0
vessel_type,50 mL Falcon tube,Tube / capillary,Tube / capillary,tube,,50 ml falcon tube,,1,2
vessel_type,50 mL Teflon-lined stainless autoclave,PTFE-lined autoclave,PTFE-lined autoclave / pressure vessel,ptfe_pressure_vessel,shorten_ptfe_autoclave_label,50 ml teflon-lined stainless autoclave,,3,0
vessel_type,50 mL Teflon-lined stainless steel Parr bomb,PTFE-lined autoclave,PTFE-lined autoclave / pressure vessel,ptfe_pressure_vessel,shorten_ptfe_autoclave_label,50 ml teflon-lined stainless steel parr bomb,,3,0
vessel_type,6 dr glass vial,Vial,Vial,vial,,6 dr glass vial,,3,0
vessel_type,7 mL borosilicate glass reaction tube (tightly closed),Tube / capillary,Tube / capillary,tube,,7 ml borosilicate glass reaction tube (tightly closed),,3,0
vessel_type,"7 mL scintillation vial, Teflon-lined cap",Vial,Vial,vial,,"7 ml scintillation vial, teflon-lined cap",,3,0
vessel_type,8 dram vial,Vial,Vial,vial,,8 dram vial,,2,1
vessel_type,8 dram vial in preheated oven,Vial,Vial,vial,,8 dram vial in preheated oven,,3,0
vessel_type,8 mL Teflon-lined stainless-steel container,PTFE vessel / liner,PTFE vessel / liner,ptfe_body,,8 ml teflon-lined stainless-steel container,,3,0
vessel_type,"8 mL glass vessel (sealed), hydrothermal reactor",Reactor / reaction chamber,Reactor / reaction chamber,reactor,,"8 ml glass vessel (sealed), hydrothermal reactor",,3,0
vessel_type,"8 mL glass vessel, sealed",Glass vessel,Glass vessel (shape not reported),generic_glass,simplify_material_vessel_label,"8 ml glass vessel, sealed",,3,0
vessel_type,DURAN glass tube (12 mm) with PBT screw cap and PTFE-coated gasket; 2 mL suspension charged,Tube / capillary,Tube / capillary,tube,,duran glass tube (12 mm) with pbt screw cap and ptfe-coated gasket; 2 ml suspension charged,,0,3
vessel_type,Duran glass reactor,Reactor / reaction chamber,Reactor / reaction chamber,reactor,,duran glass reactor,,3,0
vessel_type,H-shaped diffusion glass vessel (10 mL),Glass vessel,Glass vessel (shape not reported),generic_glass,simplify_material_vessel_label,h-shaped diffusion glass vessel (10 ml),,1,2
vessel_type,HT autoclave with PTFE insert,PTFE-lined autoclave,PTFE-lined autoclave / pressure vessel,ptfe_pressure_vessel,shorten_ptfe_autoclave_label,ht autoclave with ptfe insert,,2,1
vessel_type,PTFE-lined autoclave (7 mL),PTFE-lined autoclave,PTFE-lined autoclave / pressure vessel,ptfe_pressure_vessel,shorten_ptfe_autoclave_label,ptfe-lined autoclave (7 ml),,3,0
vessel_type,"PTFE-lined stainless steel autoclave, 23 mL",PTFE-lined autoclave,PTFE-lined autoclave / pressure vessel,ptfe_pressure_vessel,shorten_ptfe_autoclave_label,"ptfe-lined stainless steel autoclave, 23 ml",,3,0
vessel_type,PTFE-lined stainless-steel acid digestion bomb,PTFE-lined autoclave,PTFE-lined autoclave / pressure vessel,ptfe_pressure_vessel,shorten_ptfe_autoclave_label,ptfe-lined stainless-steel acid digestion bomb,,3,0
vessel_type,PTFE-lined stainless-steel autoclave (10 mL),PTFE-lined autoclave,PTFE-lined autoclave / pressure vessel,ptfe_pressure_vessel,shorten_ptfe_autoclave_label,ptfe-lined stainless-steel autoclave (10 ml),,3,0
vessel_type,PTFE-lined stainless-steel autoclave (23 mL),PTFE-lined autoclave,PTFE-lined autoclave / pressure vessel,ptfe_pressure_vessel,shorten_ptfe_autoclave_label,ptfe-lined stainless-steel autoclave (23 ml),,3,0
vessel_type,PTFE-lined steel autoclave (23 mL),PTFE-lined autoclave,PTFE-lined autoclave / pressure vessel,ptfe_pressure_vessel,shorten_ptfe_autoclave_label,ptfe-lined steel autoclave (23 ml),,1,2
vessel_type,Parr Teflon-lined stainless steel vessel (10 mL),PTFE vessel / liner,PTFE vessel / liner,ptfe_body,,parr teflon-lined stainless steel vessel (10 ml),,3,0
vessel_type,Parr Teflon-lined stainless vessel,PTFE vessel / liner,PTFE vessel / liner,ptfe_body,,parr teflon-lined stainless vessel,,3,0
vessel_type,Parr Teflon-lined stainless-steel bomb,PTFE-lined autoclave,PTFE-lined autoclave / pressure vessel,ptfe_pressure_vessel,shorten_ptfe_autoclave_label,parr teflon-lined stainless-steel bomb,,3,0
vessel_type,Parr Teflon-lined stainless-steel vessel (23.0 mL),PTFE vessel / liner,PTFE vessel / liner,ptfe_body,,parr teflon-lined stainless-steel vessel (23.0 ml),,3,0
vessel_type,Parr autoclave (24 mL),Autoclave / pressure vessel,Autoclave / pressure vessel,pressure_vessel,,parr autoclave (24 ml),,3,0
vessel_type,Parr bomb (autoclave),Autoclave / pressure vessel,Autoclave / pressure vessel,pressure_vessel,,parr bomb (autoclave),,3,0
vessel_type,Parr pressure bomb,Autoclave / pressure vessel,Autoclave / pressure vessel,pressure_vessel,,parr pressure bomb,,3,0
vessel_type,Pyrex tubes with cap,Tube / capillary,Tube / capillary,tube,,pyrex tubes with cap,,3,0
vessel_type,Schlenk flask,Flask,Flask,flask,,schlenk flask,,2,1
vessel_type,"Schlenk flask (sealed, with Teflon adaptor/pressure relief)",Flask,Flask,flask,,"schlenk flask (sealed, with teflon adaptor/pressure relief)",,1,2
vessel_type,Teflon bag in Teflon-lined autoclave,Nested / multiple vessels,Nested / multiple vessels,multiple_vessels,,teflon bag in teflon-lined autoclave,Nested or sequential apparatus; no single vessel selected,2,1
vessel_type,Teflon cell (~23 mL) in stainless steel Parr autoclave,PTFE-lined autoclave,PTFE-lined autoclave / pressure vessel,ptfe_pressure_vessel,shorten_ptfe_autoclave_label,teflon cell (~23 ml) in stainless steel parr autoclave,,3,0
vessel_type,Teflon reactor (2 mL),PTFE vessel / liner,PTFE vessel / liner,ptfe_body,,teflon reactor (2 ml),,3,0
vessel_type,Teflon reactor (25 mL),PTFE vessel / liner,PTFE vessel / liner,ptfe_body,,teflon reactor (25 ml),,3,0
vessel_type,Teflon reactor (DGC),PTFE vessel / liner,PTFE vessel / liner,ptfe_body,,teflon reactor (dgc),,3,0
vessel_type,Teflon-capped 20 mL scintillation vial,Vial,Vial,vial,,teflon-capped 20 ml scintillation vial,,2,1
vessel_type,Teflon-capped autoclave (20 mL),Autoclave / pressure vessel,Autoclave / pressure vessel,pressure_vessel,,teflon-capped autoclave (20 ml),,3,0
vessel_type,Teflon-lined Paar reactor (autoclave),PTFE-lined autoclave,PTFE-lined autoclave / pressure vessel,ptfe_pressure_vessel,shorten_ptfe_autoclave_label,teflon-lined paar reactor (autoclave),,1,2
vessel_type,Teflon-lined Parr acid digestion autoclave,PTFE-lined autoclave,PTFE-lined autoclave / pressure vessel,ptfe_pressure_vessel,shorten_ptfe_autoclave_label,teflon-lined parr acid digestion autoclave,,2,1
vessel_type,Teflon-lined Parr acid digestion bomb (23 mL),PTFE-lined autoclave,PTFE-lined autoclave / pressure vessel,ptfe_pressure_vessel,shorten_ptfe_autoclave_label,teflon-lined parr acid digestion bomb (23 ml),,3,0
vessel_type,Teflon-lined Parr acid-digestion bomb,PTFE-lined autoclave,PTFE-lined autoclave / pressure vessel,ptfe_pressure_vessel,shorten_ptfe_autoclave_label,teflon-lined parr acid-digestion bomb,,3,0
vessel_type,Teflon-lined autoclave (12 mL),PTFE-lined autoclave,PTFE-lined autoclave / pressure vessel,ptfe_pressure_vessel,shorten_ptfe_autoclave_label,teflon-lined autoclave (12 ml),,3,0
vessel_type,Teflon-lined autoclave (200 mL),PTFE-lined autoclave,PTFE-lined autoclave / pressure vessel,ptfe_pressure_vessel,shorten_ptfe_autoclave_label,teflon-lined autoclave (200 ml),,3,0
vessel_type,Teflon-lined autoclave (23 mL Teflon reactor),PTFE-lined autoclave,PTFE-lined autoclave / pressure vessel,ptfe_pressure_vessel,shorten_ptfe_autoclave_label,teflon-lined autoclave (23 ml teflon reactor),,3,0
vessel_type,Teflon-lined autoclave (23 mL liner),PTFE-lined autoclave,PTFE-lined autoclave / pressure vessel,ptfe_pressure_vessel,shorten_ptfe_autoclave_label,teflon-lined autoclave (23 ml liner),,1,2
vessel_type,Teflon-lined autoclave (25 mL stainless steel reactor with Teflon liner),PTFE-lined autoclave,PTFE-lined autoclave / pressure vessel,ptfe_pressure_vessel,shorten_ptfe_autoclave_label,teflon-lined autoclave (25 ml stainless steel reactor with teflon liner),,3,0
vessel_type,Teflon-lined autoclave (PARR),PTFE-lined autoclave,PTFE-lined autoclave / pressure vessel,ptfe_pressure_vessel,shorten_ptfe_autoclave_label,teflon-lined autoclave (parr),,3,0
vessel_type,"Teflon-lined autoclave (PTFE-lined steel autoclave, 23 mL)",PTFE-lined autoclave,PTFE-lined autoclave / pressure vessel,ptfe_pressure_vessel,shorten_ptfe_autoclave_label,"teflon-lined autoclave (ptfe-lined steel autoclave, 23 ml)",,2,1
vessel_type,"Teflon-lined autoclave (Parr 4746), 23 mL",PTFE-lined autoclave,PTFE-lined autoclave / pressure vessel,ptfe_pressure_vessel,shorten_ptfe_autoclave_label,"teflon-lined autoclave (parr 4746), 23 ml",,3,0
vessel_type,Teflon-lined autoclave (Parr acid digestion bomb),PTFE-lined autoclave,PTFE-lined autoclave / pressure vessel,ptfe_pressure_vessel,shorten_ptfe_autoclave_label,teflon-lined autoclave (parr acid digestion bomb),,1,2
vessel_type,"Teflon-lined autoclave (Parr stainless steel, 23 mL)",PTFE-lined autoclave,PTFE-lined autoclave / pressure vessel,ptfe_pressure_vessel,shorten_ptfe_autoclave_label,"teflon-lined autoclave (parr stainless steel, 23 ml)",,3,0
vessel_type,Teflon-lined autoclave (autogenous pressure),PTFE-lined autoclave,PTFE-lined autoclave / pressure vessel,ptfe_pressure_vessel,shorten_ptfe_autoclave_label,teflon-lined autoclave (autogenous pressure),,1,2
vessel_type,Teflon-lined autoclave (beaker supported by 20 g dehydrated activated carbon),PTFE-lined autoclave,PTFE-lined autoclave / pressure vessel,ptfe_pressure_vessel,shorten_ptfe_autoclave_label,teflon-lined autoclave (beaker supported by 20 g dehydrated activated carbon),,3,0
vessel_type,"Teflon-lined autoclave (stainless steel reactor, 25 mL)",PTFE-lined autoclave,PTFE-lined autoclave / pressure vessel,ptfe_pressure_vessel,shorten_ptfe_autoclave_label,"teflon-lined autoclave (stainless steel reactor, 25 ml)",,3,0
vessel_type,Teflon-lined autoclave (steel),PTFE-lined autoclave,PTFE-lined autoclave / pressure vessel,ptfe_pressure_vessel,shorten_ptfe_autoclave_label,teflon-lined autoclave (steel),,3,0
vessel_type,"Teflon-lined bomb (23 mL, Parr)",PTFE-lined autoclave,PTFE-lined autoclave / pressure vessel,ptfe_pressure_vessel,shorten_ptfe_autoclave_label,"teflon-lined bomb (23 ml, parr)",,0,3
vessel_type,Teflon-lined bombs (20 mL),PTFE-lined autoclave,PTFE-lined autoclave / pressure vessel,ptfe_pressure_vessel,shorten_ptfe_autoclave_label,teflon-lined bombs (20 ml),,3,0
vessel_type,Teflon-lined hydrothermal autoclave reactor,PTFE-lined autoclave,PTFE-lined autoclave / pressure vessel,ptfe_pressure_vessel,shorten_ptfe_autoclave_label,teflon-lined hydrothermal autoclave reactor,,2,1
vessel_type,"Teflon-lined hydrothermal reactor (25 mL), sealed under autogenous pressure",PTFE-lined autoclave,PTFE-lined autoclave / pressure vessel,ptfe_pressure_vessel,shorten_ptfe_autoclave_label,"teflon-lined hydrothermal reactor (25 ml), sealed under autogenous pressure",,3,0
vessel_type,Teflon-lined microwave reaction vessel,Microwave vessel,Microwave vessel,microwave_apparatus,,teflon-lined microwave reaction vessel,,3,0
vessel_type,Teflon-lined stainless reactor (8 mL),PTFE vessel / liner,PTFE vessel / liner,ptfe_body,,teflon-lined stainless reactor (8 ml),,3,0
vessel_type,Teflon-lined stainless steel bomb (autoclave),PTFE-lined autoclave,PTFE-lined autoclave / pressure vessel,ptfe_pressure_vessel,shorten_ptfe_autoclave_label,teflon-lined stainless steel bomb (autoclave),,3,0
vessel_type,Teflon-lined stainless steel container (23 mL),PTFE vessel / liner,PTFE vessel / liner,ptfe_body,,teflon-lined stainless steel container (23 ml),,3,0
vessel_type,"Teflon-lined stainless steel vessel (25 mL, Parr)",PTFE vessel / liner,PTFE vessel / liner,ptfe_body,,"teflon-lined stainless steel vessel (25 ml, parr)",,3,0
vessel_type,"Teflon-lined stainless steel vessel, 14 mL",PTFE vessel / liner,PTFE vessel / liner,ptfe_body,,"teflon-lined stainless steel vessel, 14 ml",,3,0
vessel_type,"Teflon-lined stainless vessel, 18 mL",PTFE vessel / liner,PTFE vessel / liner,ptfe_body,,"teflon-lined stainless vessel, 18 ml",,3,0
vessel_type,Teflon-lined stainless-steel container (autoclave),PTFE-lined autoclave,PTFE-lined autoclave / pressure vessel,ptfe_pressure_vessel,shorten_ptfe_autoclave_label,teflon-lined stainless-steel container (autoclave),,3,0
vessel_type,Teflon-lined stainless-steel vessel (autoclave),PTFE-lined autoclave,PTFE-lined autoclave / pressure vessel,ptfe_pressure_vessel,shorten_ptfe_autoclave_label,teflon-lined stainless-steel vessel (autoclave),,3,0
vessel_type,Teflon-lined steel autoclave (25 mL),PTFE-lined autoclave,PTFE-lined autoclave / pressure vessel,ptfe_pressure_vessel,shorten_ptfe_autoclave_label,teflon-lined steel autoclave (25 ml),,3,0
vessel_type,Teflon-sealed vial,Vial,Vial,vial,,teflon-sealed vial,,1,2
vessel_type,U-shaped tube with TMOS gel (7.5 wt%),Tube / capillary,Tube / capillary,tube,,u-shaped tube with tmos gel (7.5 wt%),,3,0
vessel_type,acid-digestion bomb (25 mL),Autoclave / pressure vessel,Autoclave / pressure vessel,pressure_vessel,,acid-digestion bomb (25 ml),,3,0
vessel_type,airtight glass reactor (20 mL),Reactor / reaction chamber,Reactor / reaction chamber,reactor,,airtight glass reactor (20 ml),,3,0
vessel_type,autoclave (100 mL),Autoclave / pressure vessel,Autoclave / pressure vessel,pressure_vessel,,autoclave (100 ml),,3,0
vessel_type,autoclave (15 mL),Autoclave / pressure vessel,Autoclave / pressure vessel,pressure_vessel,,autoclave (15 ml),,3,0
vessel_type,boiling flask (reflux system),Flask,Flask,flask,,boiling flask (reflux system),,3,0
vessel_type,capped glass vessel,Glass vessel,Glass vessel (shape not reported),generic_glass,simplify_material_vessel_label,capped glass vessel,,3,0
vessel_type,capped vial (4 mL),Vial,Vial,vial,,capped vial (4 ml),,3,0
vessel_type,closed plastic vessel,Polymer vessel,Polymer vessel (shape not reported),generic_polymer,simplify_material_vessel_label,closed plastic vessel,,3,0
vessel_type,dialysis bag (MWCO 100) immersed in copper salt solution,Not reported,Dialysis bag,dialysis_bag,positive_reference_count_below_10_to_not_reported,dialysis bag (mwco 100) immersed in copper salt solution,Reported vessel pooled into Not reported by the requested rare-class policy; positive reference count=3. The raw description and detailed class remain available in the audit.,3,0
vessel_type,glass beaker (50 mL) for slow evaporation,Beaker,Beaker,beaker,,glass beaker (50 ml) for slow evaporation,,3,0
vessel_type,glass bottle (20 mL),Bottle / jar,Bottle / jar,bottle_jar,,glass bottle (20 ml),,3,0
vessel_type,glass flask in closed desiccator (vapor diffusion),Flask,Flask,flask,,glass flask in closed desiccator (vapor diffusion),,3,0
vessel_type,glass heating tube (sealed),Tube / capillary,Tube / capillary,tube,,glass heating tube (sealed),,3,0
vessel_type,glass serum bottle,Bottle / jar,Bottle / jar,bottle_jar,,glass serum bottle,,3,0
vessel_type,glass staining dish (ground glass cover),Dish / well plate,Dish / well plate,dish_plate,,glass staining dish (ground glass cover),,3,0
vessel_type,glass stirred tank reactor (250 mL),Reactor / reaction chamber,Reactor / reaction chamber,reactor,,glass stirred tank reactor (250 ml),,3,0
vessel_type,glass tube (10 mL),Tube / capillary,Tube / capillary,tube,,glass tube (10 ml),,3,0
vessel_type,glass tube (5 mL),Tube / capillary,Tube / capillary,tube,,glass tube (5 ml),,3,0
vessel_type,glass tube (flame-sealed),Tube / capillary,Tube / capillary,tube,,glass tube (flame-sealed),,3,0
vessel_type,glass tube (layered diffusion),Tube / capillary,Tube / capillary,tube,,glass tube (layered diffusion),,3,0
vessel_type,glass tube (layering method),Tube / capillary,Tube / capillary,tube,,glass tube (layering method),,3,0
vessel_type,"glass vial (15 mL, Teflon-supported cover)",Vial,Vial,vial,,"glass vial (15 ml, teflon-supported cover)",,3,0
vessel_type,glass vial (2 mL),Vial,Vial,vial,,glass vial (2 ml),,3,0
vessel_type,glass vial (8 mL),Vial,Vial,vial,,glass vial (8 ml),,3,0
vessel_type,"glass vial, 10 mL",Vial,Vial,vial,,"glass vial, 10 ml",,3,0
vessel_type,hard glass tube (pumped to near vacuum),Tube / capillary,Tube / capillary,tube,,hard glass tube (pumped to near vacuum),,3,0
vessel_type,heavy-walled Pyrex tube (sealed),Tube / capillary,Tube / capillary,tube,,heavy-walled pyrex tube (sealed),,3,0
vessel_type,"heavy-walled Pyrex tube, sealed under vacuum",Tube / capillary,Tube / capillary,tube,,"heavy-walled pyrex tube, sealed under vacuum",,3,0
vessel_type,hydrothermal kettle,Reactor / reaction chamber,Reactor / reaction chamber,reactor,,hydrothermal kettle,,3,0
vessel_type,"in situ SAXS/WAXS cell (diamond/mica windows, PTFE spacer)",Reaction cell,Reaction cell,reaction_cell,,"in situ saxs/waxs cell (diamond/mica windows, ptfe spacer)",,3,0
vessel_type,microwave reaction vial (30 mL) with Teflon-lined cap,Microwave vessel,Microwave vessel,microwave_apparatus,,microwave reaction vial (30 ml) with teflon-lined cap,,1,2
vessel_type,microwave vial (20 mL) in Biotage Initiator+,Microwave vessel,Microwave vessel,microwave_apparatus,,microwave vial (20 ml) in biotage initiator+,,0,3
vessel_type,microwave vial (30 mL),Microwave vessel,Microwave vessel,microwave_apparatus,,microwave vial (30 ml),,1,2
vessel_type,narrow glass tube (solvent diffusion layering),Tube / capillary,Tube / capillary,tube,,narrow glass tube (solvent diffusion layering),,3,0
vessel_type,non-pressurised scintillation vial (loosely capped),Vial,Vial,vial,,non-pressurised scintillation vial (loosely capped),,1,2
vessel_type,plastic bottle,Bottle / jar,Bottle / jar,bottle_jar,,plastic bottle,,2,1
vessel_type,reaction flask,Flask,Flask,flask,,reaction flask,,2,1
vessel_type,reflux with condenser (100 mL reactor),Reactor / reaction chamber,Reactor / reaction chamber,reactor,,reflux with condenser (100 ml reactor),,1,2
vessel_type,round-bottom flask (250 mL),Flask,Flask,flask,,round-bottom flask (250 ml),,2,1
vessel_type,round-bottom flask with condenser (oil bath),Flask,Flask,flask,,round-bottom flask with condenser (oil bath),,3,0
vessel_type,screw Teflon-capped vial,Vial,Vial,vial,,screw teflon-capped vial,,3,0
vessel_type,sealed 15 mL bottle,Bottle / jar,Bottle / jar,bottle_jar,,sealed 15 ml bottle,,3,0
vessel_type,sealed DURAN culture glass tube with PTFE-faced sealing wad,Tube / capillary,Tube / capillary,tube,,sealed duran culture glass tube with ptfe-faced sealing wad,,3,0
vessel_type,sealed Pyrex tube,Tube / capillary,Tube / capillary,tube,,sealed pyrex tube,,3,0
vessel_type,sealed glass vial (10 mL),Vial,Vial,vial,,sealed glass vial (10 ml),,2,1
vessel_type,sealed reaction vessel (10 mL),Not reported,Vessel (type not reported),generic_vessel,unspecified_vessel_type_to_not_reported,sealed reaction vessel (10 ml),Vessel is named but shape/material cannot be resolved,3,0
vessel_type,sealed reactor (23 mL),Reactor / reaction chamber,Reactor / reaction chamber,reactor,,sealed reactor (23 ml),,3,0
vessel_type,sealed thick Pyrex tube (evacuated),Tube / capillary,Tube / capillary,tube,,sealed thick pyrex tube (evacuated),,3,0
vessel_type,sealed vial/autoclave,Autoclave / pressure vessel,Autoclave / pressure vessel,pressure_vessel,,sealed vial/autoclave,,3,0
vessel_type,small beaker covered with perforated foil placed in desiccator,Beaker,Beaker,beaker,,small beaker covered with perforated foil placed in desiccator,,1,2
vessel_type,small vial covered with parafilm,Vial,Vial,vial,,small vial covered with parafilm,,3,0
vessel_type,solvothermal autoclave (100 mL),Autoclave / pressure vessel,Autoclave / pressure vessel,pressure_vessel,,solvothermal autoclave (100 ml),,3,0
vessel_type,stainless steel autoclave (30 mL total volume),Autoclave / pressure vessel,Autoclave / pressure vessel,pressure_vessel,,stainless steel autoclave (30 ml total volume),,2,1
vessel_type,stainless steel autoclave with a Teflon lid,Autoclave / pressure vessel,Autoclave / pressure vessel,pressure_vessel,,stainless steel autoclave with a teflon lid,,3,0
vessel_type,steel autoclave reactor,Autoclave / pressure vessel,Autoclave / pressure vessel,pressure_vessel,,steel autoclave reactor,,0,3
vessel_type,straight glass tube,Tube / capillary,Tube / capillary,tube,,straight glass tube,,2,1
vessel_type,straight glass tube (layered slow diffusion),Tube / capillary,Tube / capillary,tube,,straight glass tube (layered slow diffusion),,1,2
vessel_type,thick walled glass tube (100 mL),Tube / capillary,Tube / capillary,tube,,thick walled glass tube (100 ml),,3,0
vessel_type,tightly capped flask,Flask,Flask,flask,,tightly capped flask,,3,0
vessel_type,ultrasonic bath,Not reported,Not reported,equipment_or_operation_only,,ultrasonic bath,"Description specifies equipment/operation, not an identifiable reaction vessel",3,0
vessel_type,vial (10 mL),Vial,Vial,vial,,vial (10 ml),,3,0
vessel_type,1-dram glass vial,Vial,Vial,vial,,1-dram glass vial,,2,0
vessel_type,1-dram vial,Vial,Vial,vial,,1-dram vial,,2,0
vessel_type,10 mL Pyrex tube (sealed),Tube / capillary,Tube / capillary,tube,,10 ml pyrex tube (sealed),,2,0
vessel_type,10 mL Teflon-lined stainless steel container,PTFE vessel / liner,PTFE vessel / liner,ptfe_body,,10 ml teflon-lined stainless steel container,,2,0
vessel_type,10 mL Teflon-lined stainless-steel autoclave,PTFE-lined autoclave,PTFE-lined autoclave / pressure vessel,ptfe_pressure_vessel,shorten_ptfe_autoclave_label,10 ml teflon-lined stainless-steel autoclave,,2,0
vessel_type,10 mL capped vial,Vial,Vial,vial,,10 ml capped vial,,2,0
vessel_type,10 mL culture tube (capped),Tube / capillary,Tube / capillary,tube,,10 ml culture tube (capped),,2,0
vessel_type,10 mL glass reaction bottle (sealed),Bottle / jar,Bottle / jar,bottle_jar,,10 ml glass reaction bottle (sealed),,2,0
vessel_type,10 mL glass tube (sealed),Tube / capillary,Tube / capillary,tube,,10 ml glass tube (sealed),,0,2
vessel_type,10 mL screw-capped glass vial,Vial,Vial,vial,,10 ml screw-capped glass vial,,1,1
vessel_type,10 mL vial (sealed),Vial,Vial,vial,,10 ml vial (sealed),,2,0
vessel_type,100 mL PTFE-lined stainless-steel autoclave,PTFE-lined autoclave,PTFE-lined autoclave / pressure vessel,ptfe_pressure_vessel,shorten_ptfe_autoclave_label,100 ml ptfe-lined stainless-steel autoclave,,1,1
vessel_type,100 mL Pyrex jar (oven),Bottle / jar,Bottle / jar,bottle_jar,,100 ml pyrex jar (oven),,2,0
vessel_type,100 mL Teflon-capped flask,Flask,Flask,flask,,100 ml teflon-capped flask,,2,0
vessel_type,100 mL Teflon-lined stainless-steel reactor (autoclave),PTFE-lined autoclave,PTFE-lined autoclave / pressure vessel,ptfe_pressure_vessel,shorten_ptfe_autoclave_label,100 ml teflon-lined stainless-steel reactor (autoclave),,2,0
vessel_type,100 mL Teflon-sealed vessel,Not reported,Vessel (type not reported),generic_vessel,unspecified_vessel_type_to_not_reported,100 ml teflon-sealed vessel,Vessel is named but shape/material cannot be resolved,2,0
vessel_type,100 mL bottle with Teflon-taped screw cap,Bottle / jar,Bottle / jar,bottle_jar,,100 ml bottle with teflon-taped screw cap,,2,0
vessel_type,100 mL glass flask,Flask,Flask,flask,,100 ml glass flask,,2,0
vessel_type,100 mL round-bottom flask (oil bath),Flask,Flask,flask,,100 ml round-bottom flask (oil bath),,2,0
vessel_type,12 mL scintillation vial,Vial,Vial,vial,,12 ml scintillation vial,,2,0
vessel_type,12 mL screw-capped glass test tube,Tube / capillary,Tube / capillary,tube,,12 ml screw-capped glass test tube,,2,0
vessel_type,120 mL vial,Vial,Vial,vial,,120 ml vial,,2,0
vessel_type,125-mL screw-capped glass jar,Bottle / jar,Bottle / jar,bottle_jar,,125-ml screw-capped glass jar,,2,0
vessel_type,15 mL Teflon-lined stainless-steel reactor,PTFE vessel / liner,PTFE vessel / liner,ptfe_body,,15 ml teflon-lined stainless-steel reactor,,1,1
vessel_type,15 mL Teflon-lined steel vessel,PTFE vessel / liner,PTFE vessel / liner,ptfe_body,,15 ml teflon-lined steel vessel,,2,0
vessel_type,15 mL reaction vessel,Not reported,Vessel (type not reported),generic_vessel,unspecified_vessel_type_to_not_reported,15 ml reaction vessel,Vessel is named but shape/material cannot be resolved,2,0
vessel_type,15 mL stainless steel bomb,Autoclave / pressure vessel,Autoclave / pressure vessel,pressure_vessel,,15 ml stainless steel bomb,,2,0
vessel_type,150 mL Teflon-lined stainless autoclave,PTFE-lined autoclave,PTFE-lined autoclave / pressure vessel,ptfe_pressure_vessel,shorten_ptfe_autoclave_label,150 ml teflon-lined stainless autoclave,,2,0
vessel_type,16 mL Teflon lined stainless steel container,PTFE vessel / liner,PTFE vessel / liner,ptfe_body,,16 ml teflon lined stainless steel container,,2,0
vessel_type,17 mL Teflon-lined stainless steel autoclave,PTFE-lined autoclave,PTFE-lined autoclave / pressure vessel,ptfe_pressure_vessel,shorten_ptfe_autoclave_label,17 ml teflon-lined stainless steel autoclave,,2,0
vessel_type,18 mL glass vial,Vial,Vial,vial,,18 ml glass vial,,2,0
vessel_type,2 mL Teflon-lined autoclave,PTFE-lined autoclave,PTFE-lined autoclave / pressure vessel,ptfe_pressure_vessel,shorten_ptfe_autoclave_label,2 ml teflon-lined autoclave,,1,1
vessel_type,2-dram vial (sealed),Vial,Vial,vial,,2-dram vial (sealed),,2,0
vessel_type,2-mL glass vial,Vial,Vial,vial,,2-ml glass vial,,2,0
vessel_type,2.5 mm fused-quartz capillary with Teflon cap (in situ cell),Tube / capillary,Tube / capillary,tube,,2.5 mm fused-quartz capillary with teflon cap (in situ cell),,2,0
vessel_type,20 mL Pyrex heat-resistant flask,Flask,Flask,flask,,20 ml pyrex heat-resistant flask,,2,0
vessel_type,20 mL Pyrex tube,Tube / capillary,Tube / capillary,tube,,20 ml pyrex tube,,2,0
vessel_type,20 mL Teflon autoclave,PTFE-lined autoclave,PTFE-lined autoclave / pressure vessel,ptfe_pressure_vessel,shorten_ptfe_autoclave_label,20 ml teflon autoclave,,2,0
vessel_type,20 mL Teflon-lined acid digestion bomb,PTFE-lined autoclave,PTFE-lined autoclave / pressure vessel,ptfe_pressure_vessel,shorten_ptfe_autoclave_label,20 ml teflon-lined acid digestion bomb,,2,0
vessel_type,20 mL glass scintillation vial (Teflon-lined cap),Vial,Vial,vial,,20 ml glass scintillation vial (teflon-lined cap),,1,1
vessel_type,20 mL glass screw-top scintillation vial with Teflon-lined screw cap,Vial,Vial,vial,,20 ml glass screw-top scintillation vial with teflon-lined screw cap,,0,2
vessel_type,20 mL glass vials,Vial,Vial,vial,,20 ml glass vials,,2,0
vessel_type,20 mL reaction vial,Vial,Vial,vial,,20 ml reaction vial,,2,0
vessel_type,20 mL screw cap vial,Vial,Vial,vial,,20 ml screw cap vial,,1,1
vessel_type,20 mL screw glass vial,Vial,Vial,vial,,20 ml screw glass vial,,2,0
vessel_type,20 mL screw-capped vial,Vial,Vial,vial,,20 ml screw-capped vial,,2,0
vessel_type,20 mL sealed Teflon-lined stainless steel vessel,PTFE vessel / liner,PTFE vessel / liner,ptfe_body,,20 ml sealed teflon-lined stainless steel vessel,,1,1
vessel_type,20 mL small glass vial,Vial,Vial,vial,,20 ml small glass vial,,2,0
vessel_type,20 mL stainless-steel autoclave,Autoclave / pressure vessel,Autoclave / pressure vessel,pressure_vessel,,20 ml stainless-steel autoclave,,2,0
vessel_type,20 mL vials (isothermal oven),Vial,Vial,vial,,20 ml vials (isothermal oven),,2,0
vessel_type,20-mL Teflon-lined stainless steel autoclave,PTFE-lined autoclave,PTFE-lined autoclave / pressure vessel,ptfe_pressure_vessel,shorten_ptfe_autoclave_label,20-ml teflon-lined stainless steel autoclave,,2,0
vessel_type,21 mL glass scintillation vial,Vial,Vial,vial,,21 ml glass scintillation vial,,2,0
vessel_type,22 mL Teflon-lined stainless steel container,PTFE vessel / liner,PTFE vessel / liner,ptfe_body,,22 ml teflon-lined stainless steel container,,2,0
vessel_type,23 mL PTFE-lined acid digestion bomb (Teflon-lined autoclave),PTFE-lined autoclave,PTFE-lined autoclave / pressure vessel,ptfe_pressure_vessel,shorten_ptfe_autoclave_label,23 ml ptfe-lined acid digestion bomb (teflon-lined autoclave),,2,0
vessel_type,23 mL PTFE-lined autoclave (stainless steel),PTFE-lined autoclave,PTFE-lined autoclave / pressure vessel,ptfe_pressure_vessel,shorten_ptfe_autoclave_label,23 ml ptfe-lined autoclave (stainless steel),,2,0
vessel_type,23 mL PTFE-lined stainless-steel autoclave,PTFE-lined autoclave,PTFE-lined autoclave / pressure vessel,ptfe_pressure_vessel,shorten_ptfe_autoclave_label,23 ml ptfe-lined stainless-steel autoclave,,2,0
vessel_type,23 mL Teflon liner in Parr autoclave,PTFE-lined autoclave,PTFE-lined autoclave / pressure vessel,ptfe_pressure_vessel,shorten_ptfe_autoclave_label,23 ml teflon liner in parr autoclave,,2,0
vessel_type,23 mL Teflon vessel in digestion bomb (hydrothermal),PTFE-lined autoclave,PTFE-lined autoclave / pressure vessel,ptfe_pressure_vessel,shorten_ptfe_autoclave_label,23 ml teflon vessel in digestion bomb (hydrothermal),,2,0
vessel_type,23 mL Teflon-lined acid digestion bomb,PTFE-lined autoclave,PTFE-lined autoclave / pressure vessel,ptfe_pressure_vessel,shorten_ptfe_autoclave_label,23 ml teflon-lined acid digestion bomb,,2,0
vessel_type,23 mL Teflon-lined acid digestion vessel (Parr 4746),PTFE-lined autoclave,PTFE-lined autoclave / pressure vessel,ptfe_pressure_vessel,shorten_ptfe_autoclave_label,23 ml teflon-lined acid digestion vessel (parr 4746),,1,1
vessel_type,23 mL Teflon-lined steel vessel,PTFE vessel / liner,PTFE vessel / liner,ptfe_body,,23 ml teflon-lined steel vessel,,2,0
vessel_type,23 mL acid digestion bomb,Autoclave / pressure vessel,Autoclave / pressure vessel,pressure_vessel,,23 ml acid digestion bomb,,2,0
vessel_type,23 mL acid-digestion bomb,Autoclave / pressure vessel,Autoclave / pressure vessel,pressure_vessel,,23 ml acid-digestion bomb,,2,0
vessel_type,23 ml Teflon-lined stainless-steel autoclave,PTFE-lined autoclave,PTFE-lined autoclave / pressure vessel,ptfe_pressure_vessel,shorten_ptfe_autoclave_label,23 ml teflon-lined stainless-steel autoclave,,2,0
vessel_type,23-mL Teflon reactor (autogenous pressure),PTFE-lined autoclave,PTFE-lined autoclave / pressure vessel,ptfe_pressure_vessel,shorten_ptfe_autoclave_label,23-ml teflon reactor (autogenous pressure),,2,0
vessel_type,24 mL Teflon liner in autoclave,PTFE-lined autoclave,PTFE-lined autoclave / pressure vessel,ptfe_pressure_vessel,shorten_ptfe_autoclave_label,24 ml teflon liner in autoclave,,2,0
vessel_type,25 mL Erlenmeyer flask,Flask,Flask,flask,,25 ml erlenmeyer flask,,2,0
vessel_type,25 mL PTFE-lined stainless steel container,PTFE vessel / liner,PTFE vessel / liner,ptfe_body,,25 ml ptfe-lined stainless steel container,,2,0
vessel_type,25 mL Teflon-lined steel autoclave,PTFE-lined autoclave,PTFE-lined autoclave / pressure vessel,ptfe_pressure_vessel,shorten_ptfe_autoclave_label,25 ml teflon-lined steel autoclave,,2,0
vessel_type,25 mL capped scintillation vial,Vial,Vial,vial,,25 ml capped scintillation vial,,2,0
vessel_type,25 mL hydrothermal reactor,Reactor / reaction chamber,Reactor / reaction chamber,reactor,,25 ml hydrothermal reactor,,2,0
vessel_type,25 mL screw top jar,Bottle / jar,Bottle / jar,bottle_jar,,25 ml screw top jar,,2,0
vessel_type,25 mL sealed vessel,Not reported,Vessel (type not reported),generic_vessel,unspecified_vessel_type_to_not_reported,25 ml sealed vessel,Vessel is named but shape/material cannot be resolved,2,0
vessel_type,25 mL stainless steel reactor,Reactor / reaction chamber,Reactor / reaction chamber,reactor,,25 ml stainless steel reactor,,2,0
vessel_type,25 mL vial (sealed),Vial,Vial,vial,,25 ml vial (sealed),,2,0
vessel_type,25-mL Teflon-lined autoclave,PTFE-lined autoclave,PTFE-lined autoclave / pressure vessel,ptfe_pressure_vessel,shorten_ptfe_autoclave_label,25-ml teflon-lined autoclave,,2,0
vessel_type,25-mL acid digestion bomb,Autoclave / pressure vessel,Autoclave / pressure vessel,pressure_vessel,,25-ml acid digestion bomb,,2,0
vessel_type,25-mL glass vial (sealed),Vial,Vial,vial,,25-ml glass vial (sealed),,2,0
vessel_type,250 mL Schott bottle,Bottle / jar,Bottle / jar,bottle_jar,,250 ml schott bottle,,2,0
vessel_type,3 L autoclave (unstirred),Autoclave / pressure vessel,Autoclave / pressure vessel,pressure_vessel,,3 l autoclave (unstirred),,1,1
vessel_type,3 mL Savillex screw-top vial in Teflon cup within steel Parr autoclave (autogenous pressure),Nested / multiple vessels,Nested / multiple vessels,multiple_vessels,,3 ml savillex screw-top vial in teflon cup within steel parr autoclave (autogenous pressure),Nested or sequential apparatus; no single vessel selected,1,1
vessel_type,30 L reactor,Reactor / reaction chamber,Reactor / reaction chamber,reactor,,30 l reactor,,1,1
vessel_type,30 mL Teflon-lined stainless steel vessel,PTFE vessel / liner,PTFE vessel / liner,ptfe_body,,30 ml teflon-lined stainless steel vessel,,2,0
vessel_type,30 mL Teflon-lined stainless steel vessel (autoclave),PTFE-lined autoclave,PTFE-lined autoclave / pressure vessel,ptfe_pressure_vessel,shorten_ptfe_autoclave_label,30 ml teflon-lined stainless steel vessel (autoclave),,2,0
vessel_type,30 mL Teflon-lined stainless-steel container,PTFE vessel / liner,PTFE vessel / liner,ptfe_body,,30 ml teflon-lined stainless-steel container,,2,0
vessel_type,30 mL Teflon-lined stainless-steel vessel (autoclave),PTFE-lined autoclave,PTFE-lined autoclave / pressure vessel,ptfe_pressure_vessel,shorten_ptfe_autoclave_label,30 ml teflon-lined stainless-steel vessel (autoclave),,1,1
vessel_type,"30 mL Teflon-lined stainless-steel vessel (autoclave, autogenous pressure)",PTFE-lined autoclave,PTFE-lined autoclave / pressure vessel,ptfe_pressure_vessel,shorten_ptfe_autoclave_label,"30 ml teflon-lined stainless-steel vessel (autoclave, autogenous pressure)",,1,1
vessel_type,30 mL autoclave,Autoclave / pressure vessel,Autoclave / pressure vessel,pressure_vessel,,30 ml autoclave,,2,0
vessel_type,30 mL glass vial,Vial,Vial,vial,,30 ml glass vial,,2,0
vessel_type,30 mL screw cap glass vial,Vial,Vial,vial,,30 ml screw cap glass vial,,2,0
vessel_type,35 mL microwave vial,Microwave vessel,Microwave vessel,microwave_apparatus,,35 ml microwave vial,,0,2
vessel_type,4 dram glass vial (sealed),Vial,Vial,vial,,4 dram glass vial (sealed),,2,0
vessel_type,4 mL vial with Teflon-lined cap,Vial,Vial,vial,,4 ml vial with teflon-lined cap,,2,0
vessel_type,40 mL bomb (autoclave),Autoclave / pressure vessel,Autoclave / pressure vessel,pressure_vessel,,40 ml bomb (autoclave),,2,0
vessel_type,5 mL Teflon cup,PTFE vessel / liner,PTFE vessel / liner,ptfe_body,,5 ml teflon cup,,2,0
vessel_type,5 mL glass vial (sealed),Vial,Vial,vial,,5 ml glass vial (sealed),,2,0
vessel_type,5 mL glass vial with a screw cap,Vial,Vial,vial,,5 ml glass vial with a screw cap,,2,0
vessel_type,5.0 mL vial,Vial,Vial,vial,,5.0 ml vial,,2,0
vessel_type,"50 mL glass tube, sealed",Tube / capillary,Tube / capillary,tube,,"50 ml glass tube, sealed",,2,0
vessel_type,50 mL solvothermal vessel,Not reported,Vessel (type not reported),generic_vessel,unspecified_vessel_type_to_not_reported,50 ml solvothermal vessel,Vessel is named but shape/material cannot be resolved,2,0
vessel_type,500 mL round bottom flask,Flask,Flask,flask,,500 ml round bottom flask,,1,1
vessel_type,60-mL screw-capped glass jar,Bottle / jar,Bottle / jar,bottle_jar,,60-ml screw-capped glass jar,,2,0
vessel_type,7 mL Pyrex reactor,Reactor / reaction chamber,Reactor / reaction chamber,reactor,,7 ml pyrex reactor,,2,0
vessel_type,"80 mL glass vial (sealed), oil bath",Vial,Vial,vial,,"80 ml glass vial (sealed), oil bath",,2,0
vessel_type,ACE glass pressure tube,Tube / capillary,Tube / capillary,tube,,ace glass pressure tube,,1,1
vessel_type,"Biotage microwave vial (sealed), heated in oven with sand bath",Microwave vessel,Microwave vessel,microwave_apparatus,,"biotage microwave vial (sealed), heated in oven with sand bath",,2,0
vessel_type,Duran-glass reactor (4 mL),Reactor / reaction chamber,Reactor / reaction chamber,reactor,,duran-glass reactor (4 ml),,2,0
vessel_type,Glass reactor with reflux condenser (1 L),Reactor / reaction chamber,Reactor / reaction chamber,reactor,,glass reactor with reflux condenser (1 l),,2,0
vessel_type,Glass vial (7 mL) in ultrasonication bath,Vial,Vial,vial,,glass vial (7 ml) in ultrasonication bath,,1,1
vessel_type,PTFE insert in Berghof pressure digestion vessel,PTFE-lined autoclave,PTFE-lined autoclave / pressure vessel,ptfe_pressure_vessel,shorten_ptfe_autoclave_label,ptfe insert in berghof pressure digestion vessel,,1,1
vessel_type,"PTFE-lined reactor (Teflon-lined autoclave), 140 mL",PTFE-lined autoclave,PTFE-lined autoclave / pressure vessel,ptfe_pressure_vessel,shorten_ptfe_autoclave_label,"ptfe-lined reactor (teflon-lined autoclave), 140 ml",,2,0
vessel_type,PTFE-lined stainless-steel vessel (15 mL),PTFE vessel / liner,PTFE vessel / liner,ptfe_body,,ptfe-lined stainless-steel vessel (15 ml),,2,0
vessel_type,PTFE-lined steel reactor (20 mL),PTFE vessel / liner,PTFE vessel / liner,ptfe_body,,ptfe-lined steel reactor (20 ml),,1,1
vessel_type,Parr Teflon-lined stainless-steel autoclave (25 mL),PTFE-lined autoclave,PTFE-lined autoclave / pressure vessel,ptfe_pressure_vessel,shorten_ptfe_autoclave_label,parr teflon-lined stainless-steel autoclave (25 ml),,2,0
vessel_type,Parr Teflon-lined stainless-steel vessel (25 mL),PTFE vessel / liner,PTFE vessel / liner,ptfe_body,,parr teflon-lined stainless-steel vessel (25 ml),,2,0
vessel_type,"Parr acid digestion autoclave, 25 mL",Autoclave / pressure vessel,Autoclave / pressure vessel,pressure_vessel,,"parr acid digestion autoclave, 25 ml",,2,0
vessel_type,Pyrex glass bottle (oil bath),Bottle / jar,Bottle / jar,bottle_jar,,pyrex glass bottle (oil bath),,2,0
vessel_type,Pyrex glass vessel,Glass vessel,Glass vessel (shape not reported),generic_glass,simplify_material_vessel_label,pyrex glass vessel,,2,0
vessel_type,Pyrex reactor,Reactor / reaction chamber,Reactor / reaction chamber,reactor,,pyrex reactor,,2,0
vessel_type,Pyrex tubes (12),Tube / capillary,Tube / capillary,tube,,pyrex tubes (12),,0,2
vessel_type,Pyrex vial (20 mL),Vial,Vial,vial,,pyrex vial (20 ml),,1,1
vessel_type,Pyrex vial with PTFE-lined phenolic cap,Vial,Vial,vial,,pyrex vial with ptfe-lined phenolic cap,,2,0
vessel_type,Pyrex-sealed bottle,Bottle / jar,Bottle / jar,bottle_jar,,pyrex-sealed bottle,,1,1
vessel_type,Schlenk flask (100 mL),Flask,Flask,flask,,schlenk flask (100 ml),,2,0
vessel_type,Schott Duran glass reactor (5 mL),Reactor / reaction chamber,Reactor / reaction chamber,reactor,,schott duran glass reactor (5 ml),,1,1
vessel_type,Schott Duran glass reactor (in situ setup),Reactor / reaction chamber,Reactor / reaction chamber,reactor,,schott duran glass reactor (in situ setup),,2,0
vessel_type,Space-confined glass slide reactor immersed in 100 mL Schott bottle,Nested / multiple vessels,Nested / multiple vessels,multiple_vessels,,space-confined glass slide reactor immersed in 100 ml schott bottle,Nested or sequential apparatus; no single vessel selected,2,0
vessel_type,Teflon Parr Bomb (23 mL),PTFE-lined autoclave,PTFE-lined autoclave / pressure vessel,ptfe_pressure_vessel,shorten_ptfe_autoclave_label,teflon parr bomb (23 ml),,2,0
vessel_type,Teflon bag in 45 mL reaction vessel,Nested / multiple vessels,Nested / multiple vessels,multiple_vessels,,teflon bag in 45 ml reaction vessel,Nested or sequential apparatus; no single vessel selected,2,0
vessel_type,Teflon bottle,PTFE vessel / liner,PTFE vessel / liner,ptfe_body,,teflon bottle,,2,0
vessel_type,Teflon lined stainless steel vessel,PTFE vessel / liner,PTFE vessel / liner,ptfe_body,,teflon lined stainless steel vessel,,2,0
vessel_type,Teflon lined steel autoclave,PTFE-lined autoclave,PTFE-lined autoclave / pressure vessel,ptfe_pressure_vessel,shorten_ptfe_autoclave_label,teflon lined steel autoclave,,2,0
vessel_type,Teflon reactor (18 mL),PTFE vessel / liner,PTFE vessel / liner,ptfe_body,,teflon reactor (18 ml),,2,0
vessel_type,"Teflon reactor (2 mL, HT setup)",PTFE vessel / liner,PTFE vessel / liner,ptfe_body,,"teflon reactor (2 ml, ht setup)",,2,0
vessel_type,"Teflon vessel (23 mL), sealed",PTFE vessel / liner,PTFE vessel / liner,ptfe_body,,"teflon vessel (23 ml), sealed",,2,0
vessel_type,Teflon vessel (5 mL),PTFE vessel / liner,PTFE vessel / liner,ptfe_body,,teflon vessel (5 ml),,2,0
vessel_type,Teflon-capped scintillation vial,Vial,Vial,vial,,teflon-capped scintillation vial,,2,0
vessel_type,Teflon-lined Parr autoclave (23 mL),PTFE-lined autoclave,PTFE-lined autoclave / pressure vessel,ptfe_pressure_vessel,shorten_ptfe_autoclave_label,teflon-lined parr autoclave (23 ml),,0,2
vessel_type,Teflon-lined Parr reaction vessel (23 mL),PTFE vessel / liner,PTFE vessel / liner,ptfe_body,,teflon-lined parr reaction vessel (23 ml),,2,0
vessel_type,Teflon-lined Parr stainless steel autoclave,PTFE-lined autoclave,PTFE-lined autoclave / pressure vessel,ptfe_pressure_vessel,shorten_ptfe_autoclave_label,teflon-lined parr stainless steel autoclave,,2,0
vessel_type,Teflon-lined autoclave (1 L),PTFE-lined autoclave,PTFE-lined autoclave / pressure vessel,ptfe_pressure_vessel,shorten_ptfe_autoclave_label,teflon-lined autoclave (1 l),,2,0
vessel_type,Teflon-lined autoclave (100 ml),PTFE-lined autoclave,PTFE-lined autoclave / pressure vessel,ptfe_pressure_vessel,shorten_ptfe_autoclave_label,teflon-lined autoclave (100 ml),,2,0
vessel_type,Teflon-lined autoclave (150 mL),PTFE-lined autoclave,PTFE-lined autoclave / pressure vessel,ptfe_pressure_vessel,shorten_ptfe_autoclave_label,teflon-lined autoclave (150 ml),,2,0
vessel_type,Teflon-lined autoclave (23 mL Teflon reactor in oven),PTFE-lined autoclave,PTFE-lined autoclave / pressure vessel,ptfe_pressure_vessel,shorten_ptfe_autoclave_label,teflon-lined autoclave (23 ml teflon reactor in oven),,1,1
vessel_type,Teflon-lined autoclave (23 mL Teflon vial in Parr autoclave),Nested / multiple vessels,Nested / multiple vessels,multiple_vessels,,teflon-lined autoclave (23 ml teflon vial in parr autoclave),Nested or sequential apparatus; no single vessel selected,2,0
vessel_type,Teflon-lined autoclave (25 mL Teflon reactor),PTFE-lined autoclave,PTFE-lined autoclave / pressure vessel,ptfe_pressure_vessel,shorten_ptfe_autoclave_label,teflon-lined autoclave (25 ml teflon reactor),,2,0
vessel_type,Teflon-lined autoclave (250 mL; separate vial of NH3 inside),Nested / multiple vessels,Nested / multiple vessels,multiple_vessels,,teflon-lined autoclave (250 ml; separate vial of nh3 inside),Nested or sequential apparatus; no single vessel selected,2,0
vessel_type,Teflon-lined autoclave (35 mL),PTFE-lined autoclave,PTFE-lined autoclave / pressure vessel,ptfe_pressure_vessel,shorten_ptfe_autoclave_label,teflon-lined autoclave (35 ml),,2,0
vessel_type,Teflon-lined autoclave (45 mL),PTFE-lined autoclave,PTFE-lined autoclave / pressure vessel,ptfe_pressure_vessel,shorten_ptfe_autoclave_label,teflon-lined autoclave (45 ml),,2,0
vessel_type,Teflon-lined autoclave (5 mL),PTFE-lined autoclave,PTFE-lined autoclave / pressure vessel,ptfe_pressure_vessel,shorten_ptfe_autoclave_label,teflon-lined autoclave (5 ml),,1,1
vessel_type,Teflon-lined autoclave (60 mL),PTFE-lined autoclave,PTFE-lined autoclave / pressure vessel,ptfe_pressure_vessel,shorten_ptfe_autoclave_label,teflon-lined autoclave (60 ml),,2,0
vessel_type,"Teflon-lined autoclave (75 mL, Berghof BR-100)",PTFE-lined autoclave,PTFE-lined autoclave / pressure vessel,ptfe_pressure_vessel,shorten_ptfe_autoclave_label,"teflon-lined autoclave (75 ml, berghof br-100)",,2,0
vessel_type,"Teflon-lined autoclave (Parr 4749, 23 mL)",PTFE-lined autoclave,PTFE-lined autoclave / pressure vessel,ptfe_pressure_vessel,shorten_ptfe_autoclave_label,"teflon-lined autoclave (parr 4749, 23 ml)",,2,0
vessel_type,"Teflon-lined autoclave (Parr, 20 mL)",PTFE-lined autoclave,PTFE-lined autoclave / pressure vessel,ptfe_pressure_vessel,shorten_ptfe_autoclave_label,"teflon-lined autoclave (parr, 20 ml)",,1,1
vessel_type,Teflon-lined autoclave (Teflon kettle),PTFE-lined autoclave,PTFE-lined autoclave / pressure vessel,ptfe_pressure_vessel,shorten_ptfe_autoclave_label,teflon-lined autoclave (teflon kettle),,2,0
vessel_type,Teflon-lined autoclave (stainless steel reactor with PTFE liner),PTFE-lined autoclave,PTFE-lined autoclave / pressure vessel,ptfe_pressure_vessel,shorten_ptfe_autoclave_label,teflon-lined autoclave (stainless steel reactor with ptfe liner),,2,0
vessel_type,Teflon-lined autoclave (stainless steel reactor),PTFE-lined autoclave,PTFE-lined autoclave / pressure vessel,ptfe_pressure_vessel,shorten_ptfe_autoclave_label,teflon-lined autoclave (stainless steel reactor),,2,0
vessel_type,"Teflon-lined autoclave, 20 mL",PTFE-lined autoclave,PTFE-lined autoclave / pressure vessel,ptfe_pressure_vessel,shorten_ptfe_autoclave_label,"teflon-lined autoclave, 20 ml",,2,0
vessel_type,"Teflon-lined autoclave, 30 mL",PTFE-lined autoclave,PTFE-lined autoclave / pressure vessel,ptfe_pressure_vessel,shorten_ptfe_autoclave_label,"teflon-lined autoclave, 30 ml",,2,0
vessel_type,Teflon-lined glass vial (40 mL),PTFE vessel / liner,PTFE vessel / liner,ptfe_body,,teflon-lined glass vial (40 ml),,2,0
vessel_type,Teflon-lined home-made stainless steel autoclave (2.40 mL),PTFE-lined autoclave,PTFE-lined autoclave / pressure vessel,ptfe_pressure_vessel,shorten_ptfe_autoclave_label,teflon-lined home-made stainless steel autoclave (2.40 ml),,2,0
vessel_type,"Teflon-lined reactor, 15 mL",PTFE vessel / liner,PTFE vessel / liner,ptfe_body,,"teflon-lined reactor, 15 ml",,2,0
vessel_type,"Teflon-lined stainless autoclave, 25 mL",PTFE-lined autoclave,PTFE-lined autoclave / pressure vessel,ptfe_pressure_vessel,shorten_ptfe_autoclave_label,"teflon-lined stainless autoclave, 25 ml",,2,0
vessel_type,Teflon-lined stainless container,PTFE vessel / liner,PTFE vessel / liner,ptfe_body,,teflon-lined stainless container,,1,1
vessel_type,"Teflon-lined stainless container, 23 mL",PTFE vessel / liner,PTFE vessel / liner,ptfe_body,,"teflon-lined stainless container, 23 ml",,2,0
vessel_type,Teflon-lined stainless steel acid digestion reactor (10 mL),PTFE-lined autoclave,PTFE-lined autoclave / pressure vessel,ptfe_pressure_vessel,shorten_ptfe_autoclave_label,teflon-lined stainless steel acid digestion reactor (10 ml),,1,1
vessel_type,Teflon-lined stainless steel acid digestion reactor (30 mL),PTFE-lined autoclave,PTFE-lined autoclave / pressure vessel,ptfe_pressure_vessel,shorten_ptfe_autoclave_label,teflon-lined stainless steel acid digestion reactor (30 ml),,1,1
vessel_type,Teflon-lined stainless steel autoclave (75 mL),PTFE-lined autoclave,PTFE-lined autoclave / pressure vessel,ptfe_pressure_vessel,shorten_ptfe_autoclave_label,teflon-lined stainless steel autoclave (75 ml),,2,0
vessel_type,Teflon-lined stainless steel autoclave (Parr),PTFE-lined autoclave,PTFE-lined autoclave / pressure vessel,ptfe_pressure_vessel,shorten_ptfe_autoclave_label,teflon-lined stainless steel autoclave (parr),,2,0
vessel_type,"Teflon-lined stainless steel autoclave (Parr, 20 mL)",PTFE-lined autoclave,PTFE-lined autoclave / pressure vessel,ptfe_pressure_vessel,shorten_ptfe_autoclave_label,"teflon-lined stainless steel autoclave (parr, 20 ml)",,2,0
vessel_type,"Teflon-lined stainless steel autoclave (Parr, 23 mL)",PTFE-lined autoclave,PTFE-lined autoclave / pressure vessel,ptfe_pressure_vessel,shorten_ptfe_autoclave_label,"teflon-lined stainless steel autoclave (parr, 23 ml)",,2,0
vessel_type,Teflon-lined stainless steel container (23.0 mL),PTFE vessel / liner,PTFE vessel / liner,ptfe_body,,teflon-lined stainless steel container (23.0 ml),,2,0
vessel_type,Teflon-lined stainless steel vessel (18 mL),PTFE vessel / liner,PTFE vessel / liner,ptfe_body,,teflon-lined stainless steel vessel (18 ml),,2,0
vessel_type,"Teflon-lined stainless steel vessel (20 mL), autogenous pressure",PTFE-lined autoclave,PTFE-lined autoclave / pressure vessel,ptfe_pressure_vessel,shorten_ptfe_autoclave_label,"teflon-lined stainless steel vessel (20 ml), autogenous pressure",,2,0
vessel_type,Teflon-lined stainless steel vessel (40 mL),PTFE vessel / liner,PTFE vessel / liner,ptfe_body,,teflon-lined stainless steel vessel (40 ml),,2,0
vessel_type,Teflon-lined stainless vessel,PTFE vessel / liner,PTFE vessel / liner,ptfe_body,,teflon-lined stainless vessel,,2,0
vessel_type,Teflon-lined stainless vessel (12 mL),PTFE vessel / liner,PTFE vessel / liner,ptfe_body,,teflon-lined stainless vessel (12 ml),,2,0
vessel_type,Teflon-lined stainless-steel Parr acid digestion bomb (23 mL autoclave),PTFE-lined autoclave,PTFE-lined autoclave / pressure vessel,ptfe_pressure_vessel,shorten_ptfe_autoclave_label,teflon-lined stainless-steel parr acid digestion bomb (23 ml autoclave),,2,0
vessel_type,Teflon-lined stainless-steel autoclave (100 mL),PTFE-lined autoclave,PTFE-lined autoclave / pressure vessel,ptfe_pressure_vessel,shorten_ptfe_autoclave_label,teflon-lined stainless-steel autoclave (100 ml),,2,0
vessel_type,Teflon-lined stainless-steel autoclave (12 mL),PTFE-lined autoclave,PTFE-lined autoclave / pressure vessel,ptfe_pressure_vessel,shorten_ptfe_autoclave_label,teflon-lined stainless-steel autoclave (12 ml),,2,0
vessel_type,Teflon-lined stainless-steel autoclave (125 mL),PTFE-lined autoclave,PTFE-lined autoclave / pressure vessel,ptfe_pressure_vessel,shorten_ptfe_autoclave_label,teflon-lined stainless-steel autoclave (125 ml),,2,0
vessel_type,Teflon-lined stainless-steel autoclave (35 mL),PTFE-lined autoclave,PTFE-lined autoclave / pressure vessel,ptfe_pressure_vessel,shorten_ptfe_autoclave_label,teflon-lined stainless-steel autoclave (35 ml),,2,0
vessel_type,Teflon-lined stainless-steel bomb reactor,PTFE-lined autoclave,PTFE-lined autoclave / pressure vessel,ptfe_pressure_vessel,shorten_ptfe_autoclave_label,teflon-lined stainless-steel bomb reactor,,2,0
vessel_type,Teflon-lined steel autoclave (28 mL),PTFE-lined autoclave,PTFE-lined autoclave / pressure vessel,ptfe_pressure_vessel,shorten_ptfe_autoclave_label,teflon-lined steel autoclave (28 ml),,2,0
vessel_type,"Teflon-lined steel autoclave, 125 mL",PTFE-lined autoclave,PTFE-lined autoclave / pressure vessel,ptfe_pressure_vessel,shorten_ptfe_autoclave_label,"teflon-lined steel autoclave, 125 ml",,0,2
vessel_type,Teflon-lined steel container,PTFE vessel / liner,PTFE vessel / liner,ptfe_body,,teflon-lined steel container,,2,0
vessel_type,Teflon-lined tube,PTFE vessel / liner,PTFE vessel / liner,ptfe_body,,teflon-lined tube,,2,0
vessel_type,airtight glass bottle (10 mL),Bottle / jar,Bottle / jar,bottle_jar,,airtight glass bottle (10 ml),,2,0
vessel_type,autoclave (100 mL total volume),Autoclave / pressure vessel,Autoclave / pressure vessel,pressure_vessel,,autoclave (100 ml total volume),,1,1
vessel_type,autoclave reactor (100 mL),Autoclave / pressure vessel,Autoclave / pressure vessel,pressure_vessel,,autoclave reactor (100 ml),,2,0
vessel_type,bomb (autoclave),Autoclave / pressure vessel,Autoclave / pressure vessel,pressure_vessel,,bomb (autoclave),,2,0
vessel_type,borosilicate Schott DURAN culture tube (8 mL) sealed with screw cap,Tube / capillary,Tube / capillary,tube,,borosilicate schott duran culture tube (8 ml) sealed with screw cap,,1,1
vessel_type,capped Pyrex glass tube,Tube / capillary,Tube / capillary,tube,,capped pyrex glass tube,,2,0
vessel_type,capped vial (20 mL),Vial,Vial,vial,,capped vial (20 ml),,2,0
vessel_type,chromatographic vial (perforated cap) in desiccator,Vial,Vial,vial,,chromatographic vial (perforated cap) in desiccator,,2,0
vessel_type,clean tube,Tube / capillary,Tube / capillary,tube,,clean tube,,2,0
vessel_type,closed Pyrex bottle,Bottle / jar,Bottle / jar,bottle_jar,,closed pyrex bottle,,2,0
vessel_type,closed container,Not reported,Vessel (type not reported),generic_vessel,unspecified_vessel_type_to_not_reported,closed container,Vessel is named but shape/material cannot be resolved,2,0
vessel_type,closed-capped bottle (25 mL),Bottle / jar,Bottle / jar,bottle_jar,,closed-capped bottle (25 ml),,2,0
vessel_type,covered 250 mL vessel,Not reported,Vessel (type not reported),generic_vessel,unspecified_vessel_type_to_not_reported,covered 250 ml vessel,Vessel is named but shape/material cannot be resolved,2,0
vessel_type,double-layered glass reactor (10 L),Reactor / reaction chamber,Reactor / reaction chamber,reactor,,double-layered glass reactor (10 l),,1,1
vessel_type,double-vial (small vial in large vial),Nested / multiple vessels,Nested / multiple vessels,multiple_vessels,,double-vial (small vial in large vial),Nested or sequential apparatus; no single vessel selected,2,0
vessel_type,electric furnace,Not reported,Not reported,equipment_or_operation_only,,electric furnace,"Description specifies equipment/operation, not an identifiable reaction vessel",2,0
vessel_type,flame-sealed borosilicate glass tube,Tube / capillary,Tube / capillary,tube,,flame-sealed borosilicate glass tube,,2,0
vessel_type,glass diffusion reactor,Reactor / reaction chamber,Reactor / reaction chamber,reactor,,glass diffusion reactor,,2,0
vessel_type,glass diffusion setup,Not reported,Not reported,equipment_or_operation_only,,glass diffusion setup,"Description specifies equipment/operation, not an identifiable reaction vessel",2,0
vessel_type,glass flask (100 mL),Flask,Flask,flask,,glass flask (100 ml),,1,1
vessel_type,glass round-bottom flask; oven,Flask,Flask,flask,,glass round-bottom flask; oven,,2,0
vessel_type,glass scintillation vial (20 mL),Vial,Vial,vial,,glass scintillation vial (20 ml),,1,1
vessel_type,glass test tube (14 mm diameter),Tube / capillary,Tube / capillary,tube,,glass test tube (14 mm diameter),,2,0
vessel_type,"glass tube (10 mL, capped)",Tube / capillary,Tube / capillary,tube,,"glass tube (10 ml, capped)",,1,1
vessel_type,glass tube (4 mL),Tube / capillary,Tube / capillary,tube,,glass tube (4 ml),,2,0
vessel_type,"glass tube (frozen in liquid N2, evacuated, flame-sealed)",Tube / capillary,Tube / capillary,tube,,"glass tube (frozen in liquid n2, evacuated, flame-sealed)",,2,0
vessel_type,glass tube (near-vacuum),Tube / capillary,Tube / capillary,tube,,glass tube (near-vacuum),,2,0
vessel_type,glass tubes (diffusion method),Tube / capillary,Tube / capillary,tube,,glass tubes (diffusion method),,2,0
vessel_type,"glass vial (20 mL), sealed",Vial,Vial,vial,,"glass vial (20 ml), sealed",,2,0
vessel_type,"glass vial (30 mL), Teflon-sealed",Vial,Vial,vial,,"glass vial (30 ml), teflon-sealed",,2,0
vessel_type,glass vial (capped),Vial,Vial,vial,,glass vial (capped),,1,1
vessel_type,glass vial with PTFE-lined cap,Vial,Vial,vial,,glass vial with ptfe-lined cap,,2,0
vessel_type,glass vial with a plastic lid,Vial,Vial,vial,,glass vial with a plastic lid,,2,0
vessel_type,"glass vial, 10 mL, sealed",Vial,Vial,vial,,"glass vial, 10 ml, sealed",,2,0
vessel_type,"glass vial, sealed",Vial,Vial,vial,,"glass vial, sealed",,2,0
vessel_type,glass vials (layering),Vial,Vial,vial,,glass vials (layering),,2,0
vessel_type,"glass vials (multiple, for slow evaporation)",Vial,Vial,vial,,"glass vials (multiple, for slow evaporation)",,0,2
vessel_type,glass vials (vapor diffusion setup connected by rubber tube),Vial,Vial,vial,,glass vials (vapor diffusion setup connected by rubber tube),,1,1
vessel_type,hard glass tube (sealed under near-vacuum),Tube / capillary,Tube / capillary,tube,,hard glass tube (sealed under near-vacuum),,2,0
vessel_type,heat-resistant glass tube,Tube / capillary,Tube / capillary,tube,,heat-resistant glass tube,,2,0
vessel_type,heavy-walled Pyrex tube,Tube / capillary,Tube / capillary,tube,,heavy-walled pyrex tube,,2,0
vessel_type,heavy-walled glass vessel with Teflon screw cap,Glass vessel,Glass vessel (shape not reported),generic_glass,simplify_material_vessel_label,heavy-walled glass vessel with teflon screw cap,,2,0
vessel_type,high-pressure stainless steel batch reactor (~10 mL),Autoclave / pressure vessel,Autoclave / pressure vessel,pressure_vessel,,high-pressure stainless steel batch reactor (~10 ml),,1,1
vessel_type,hydrothermal reactor (18 mL),Reactor / reaction chamber,Reactor / reaction chamber,reactor,,hydrothermal reactor (18 ml),,2,0
vessel_type,layered diffusion (MeOH over DMF),Not reported,Not reported,equipment_or_operation_only,,layered diffusion (meoh over dmf),"Description specifies equipment/operation, not an identifiable reaction vessel",1,1
vessel_type,long tube (sealed),Tube / capillary,Tube / capillary,tube,,long tube (sealed),,2,0
vessel_type,microwave reactor (3.5 mL),Microwave vessel,Microwave vessel,microwave_apparatus,,microwave reactor (3.5 ml),,0,2
vessel_type,microwave reactor vessel (600 W),Microwave vessel,Microwave vessel,microwave_apparatus,,microwave reactor vessel (600 w),,0,2
vessel_type,microwave vial (20 mL),Microwave vessel,Microwave vessel,microwave_apparatus,,microwave vial (20 ml),,2,0
vessel_type,microwave vial (3 mL),Microwave vessel,Microwave vessel,microwave_apparatus,,microwave vial (3 ml),,2,0
vessel_type,microwave vial (capped glass vial),Microwave vessel,Microwave vessel,microwave_apparatus,,microwave vial (capped glass vial),,1,1
vessel_type,modified H-shaped diffusion tube (three arms),Tube / capillary,Tube / capillary,tube,,modified h-shaped diffusion tube (three arms),,1,1
vessel_type,narrow glass tube,Tube / capillary,Tube / capillary,tube,,narrow glass tube,,2,0
vessel_type,narrow test tube (layered diffusion),Tube / capillary,Tube / capillary,tube,,narrow test tube (layered diffusion),,2,0
vessel_type,polypropylene screw capped 20 mL glass vial,Vial,Vial,vial,,polypropylene screw capped 20 ml glass vial,,0,2
vessel_type,pressure tube (50 mL),Tube / capillary,Tube / capillary,tube,,pressure tube (50 ml),,1,1
vessel_type,pressure-resistant glass bottle,Bottle / jar,Bottle / jar,bottle_jar,,pressure-resistant glass bottle,,2,0
vessel_type,reflux,Not reported,Not reported,equipment_or_operation_only,,reflux,"Description specifies equipment/operation, not an identifiable reaction vessel",2,0
vessel_type,reflux setup (glass),Not reported,Not reported,equipment_or_operation_only,,reflux setup (glass),"Description specifies equipment/operation, not an identifiable reaction vessel",2,0
vessel_type,round bottom flask (ambient pressure),Flask,Flask,flask,,round bottom flask (ambient pressure),,2,0
vessel_type,round bottom flask with reflux condenser,Flask,Flask,flask,,round bottom flask with reflux condenser,,0,2
vessel_type,screw capped bottle,Bottle / jar,Bottle / jar,bottle_jar,,screw capped bottle,,2,0
vessel_type,screw vial,Vial,Vial,vial,,screw vial,,2,0
vessel_type,screw-cap bottle,Bottle / jar,Bottle / jar,bottle_jar,,screw-cap bottle,,0,2
vessel_type,screw-cap glass vial,Vial,Vial,vial,,screw-cap glass vial,,2,0
vessel_type,screw-cap vial (oil bath),Vial,Vial,vial,,screw-cap vial (oil bath),,2,0
vessel_type,"screw-capped bottle (100 mL, PTFE-coated seal)",Bottle / jar,Bottle / jar,bottle_jar,,"screw-capped bottle (100 ml, ptfe-coated seal)",,2,0
vessel_type,screw-capped vial (8 mL),Vial,Vial,vial,,screw-capped vial (8 ml),,2,0
vessel_type,sealable Pyrex bottle,Bottle / jar,Bottle / jar,bottle_jar,,sealable pyrex bottle,,2,0
vessel_type,sealed 20 mL scintillation vial,Vial,Vial,vial,,sealed 20 ml scintillation vial,,2,0
vessel_type,sealed 30 mL Teflon-lined stainless steel vessel,PTFE vessel / liner,PTFE vessel / liner,ptfe_body,,sealed 30 ml teflon-lined stainless steel vessel,,2,0
vessel_type,sealed borosilicate vial,Vial,Vial,vial,,sealed borosilicate vial,,2,0
vessel_type,"sealed heavy-walled glass tube (0.15 × 15 cm), evacuated",Tube / capillary,Tube / capillary,tube,,"sealed heavy-walled glass tube (0.15 x 15 cm), evacuated",,2,0
vessel_type,sealed pressure tube,Tube / capillary,Tube / capillary,tube,,sealed pressure tube,,2,0
vessel_type,"sealed pressure tube (Ace, type A)",Tube / capillary,Tube / capillary,tube,,"sealed pressure tube (ace, type a)",,2,0
vessel_type,slender glass tube (three-layer diffusion),Tube / capillary,Tube / capillary,tube,,slender glass tube (three-layer diffusion),,2,0
vessel_type,small glass vial,Vial,Vial,vial,,small glass vial,,2,0
vessel_type,small vial (sealed),Vial,Vial,vial,,small vial (sealed),,2,0
vessel_type,snap-on cap glass vial in autoclave,Nested / multiple vessels,Nested / multiple vessels,multiple_vessels,,snap-on cap glass vial in autoclave,Nested or sequential apparatus; no single vessel selected,2,0
vessel_type,solvothermal scintillation vial,Vial,Vial,vial,,solvothermal scintillation vial,,2,0
vessel_type,stainless steel autoclave (20 mL),Autoclave / pressure vessel,Autoclave / pressure vessel,pressure_vessel,,stainless steel autoclave (20 ml),,2,0
vessel_type,stainless steel autoclave (25 mL),Autoclave / pressure vessel,Autoclave / pressure vessel,pressure_vessel,,stainless steel autoclave (25 ml),,0,2
vessel_type,stainless steel coil tube (inner 1.0 mm),Tube / capillary,Tube / capillary,tube,,stainless steel coil tube (inner 1.0 mm),,2,0
vessel_type,stainless steel reactor with Teflon liner (25 mL),PTFE vessel / liner,PTFE vessel / liner,ptfe_body,,stainless steel reactor with teflon liner (25 ml),,2,0
vessel_type,stainless steel vessel,Metal vessel,Metal vessel (shape not reported),generic_metal,simplify_material_vessel_label,stainless steel vessel,,2,0
vessel_type,stainless steel vessel (autoclave),Autoclave / pressure vessel,Autoclave / pressure vessel,pressure_vessel,,stainless steel vessel (autoclave),,2,0
vessel_type,stainless-steel Teflon-lined autoclave (100 mL),PTFE-lined autoclave,PTFE-lined autoclave / pressure vessel,ptfe_pressure_vessel,shorten_ptfe_autoclave_label,stainless-steel teflon-lined autoclave (100 ml),,2,0
vessel_type,stainless-steel container,Metal vessel,Metal vessel (shape not reported),generic_metal,simplify_material_vessel_label,stainless-steel container,,2,0
vessel_type,stainless-steel tube with a Teflon liner,PTFE vessel / liner,PTFE vessel / liner,ptfe_body,,stainless-steel tube with a teflon liner,,1,1
vessel_type,steel autoclave,Autoclave / pressure vessel,Autoclave / pressure vessel,pressure_vessel,,steel autoclave,,2,0
vessel_type,test tube (5 mL) for liquid diffusion,Tube / capillary,Tube / capillary,tube,,test tube (5 ml) for liquid diffusion,,1,1
vessel_type,test tube (layered diffusion),Tube / capillary,Tube / capillary,tube,,test tube (layered diffusion),,2,0
vessel_type,test tube (layered liquid diffusion),Tube / capillary,Tube / capillary,tube,,test tube (layered liquid diffusion),,2,0
vessel_type,"test tube (slow diffusion, layered solutions)",Tube / capillary,Tube / capillary,tube,,"test tube (slow diffusion, layered solutions)",,1,1
vessel_type,thick Pyrex tube (sealed under vacuum),Tube / capillary,Tube / capillary,tube,,thick pyrex tube (sealed under vacuum),,2,0
vessel_type,"thick-walled Pyrex tube, sealed under vacuum",Tube / capillary,Tube / capillary,tube,,"thick-walled pyrex tube, sealed under vacuum",,2,0
vessel_type,"thick-walled borosilicate tube (freeze–pump–thaw, flame-sealed)",Tube / capillary,Tube / capillary,tube,,"thick-walled borosilicate tube (freeze-pump-thaw, flame-sealed)",,1,1
vessel_type,thick-walled screw-top pressure tube,Tube / capillary,Tube / capillary,tube,,thick-walled screw-top pressure tube,,2,0
vessel_type,three-necked round-bottomed flask with reflux condenser,Flask,Flask,flask,,three-necked round-bottomed flask with reflux condenser,,2,0
vessel_type,tightly capped 15 mL Pyrex tube,Tube / capillary,Tube / capillary,tube,,tightly capped 15 ml pyrex tube,,2,0
vessel_type,tightly sealed vial,Vial,Vial,vial,,tightly sealed vial,,0,2
vessel_type,two-neck flask,Flask,Flask,flask,,two-neck flask,,2,0
vessel_type,vessel,Not reported,Vessel (type not reported),generic_vessel,unspecified_vessel_type_to_not_reported,vessel,Vessel is named but shape/material cannot be resolved,2,0
vessel_type,vial-in-vial diffusion setup,Nested / multiple vessels,Nested / multiple vessels,multiple_vessels,,vial-in-vial diffusion setup,Nested or sequential apparatus; no single vessel selected,2,0
vessel_type,"wide-mouth glass jar (500 mL, screw cap)",Bottle / jar,Bottle / jar,bottle_jar,,"wide-mouth glass jar (500 ml, screw cap)",,2,0
vessel_type,~100 mL Teflon reactor in electric convection oven,PTFE vessel / liner,PTFE vessel / liner,ptfe_body,,~100 ml teflon reactor in electric convection oven,,0,2
vessel_type,1 L Erlenmeyer flask,Flask,Flask,flask,,1 l erlenmeyer flask,,1,0
vessel_type,1 L Teflon-lined stainless-steel autoclave,PTFE-lined autoclave,PTFE-lined autoclave / pressure vessel,ptfe_pressure_vessel,shorten_ptfe_autoclave_label,1 l teflon-lined stainless-steel autoclave,,1,0
vessel_type,1 L high-pressure flask for conversion; initial step in 100 mL–150 mL vessel,Nested / multiple vessels,Nested / multiple vessels,multiple_vessels,,1 l high-pressure flask for conversion; initial step in 100 ml-150 ml vessel,Nested or sequential apparatus; no single vessel selected,0,1
vessel_type,1 L reactor (pilot-plant stirrer),Reactor / reaction chamber,Reactor / reaction chamber,reactor,,1 l reactor (pilot-plant stirrer),,1,0
vessel_type,1 L screw-cap glass jar,Bottle / jar,Bottle / jar,bottle_jar,,1 l screw-cap glass jar,,1,0
vessel_type,1 L screw-capped vial,Vial,Vial,vial,,1 l screw-capped vial,,1,0
vessel_type,1-L HDPE jar (tightly capped),Bottle / jar,Bottle / jar,bottle_jar,,1-l hdpe jar (tightly capped),,1,0
vessel_type,1-dram vial or 20 mL scintillation vial,Vial,Vial,vial,,1-dram vial or 20 ml scintillation vial,,1,0
vessel_type,"1.5-dram glass vial (sealed), heated in oven with sand bath",Vial,Vial,vial,,"1.5-dram glass vial (sealed), heated in oven with sand bath",,1,0
vessel_type,"10 L glass vial (sealed), oil bath",Vial,Vial,vial,,"10 l glass vial (sealed), oil bath",,1,0
vessel_type,10 L jacketed glass reactor,Reactor / reaction chamber,Reactor / reaction chamber,reactor,,10 l jacketed glass reactor,,1,0
vessel_type,10 mL IntelliVent microwave reactor (CEM Discover),Microwave vessel,Microwave vessel,microwave_apparatus,,10 ml intellivent microwave reactor (cem discover),,1,0
vessel_type,10 mL Teflon-lined bomb (Teflon-lined stainless steel autoclave),PTFE-lined autoclave,PTFE-lined autoclave / pressure vessel,ptfe_pressure_vessel,shorten_ptfe_autoclave_label,10 ml teflon-lined bomb (teflon-lined stainless steel autoclave),,1,0
vessel_type,10 mL Teflon-lined stainless autoclave,PTFE-lined autoclave,PTFE-lined autoclave / pressure vessel,ptfe_pressure_vessel,shorten_ptfe_autoclave_label,10 ml teflon-lined stainless autoclave,,0,1
vessel_type,10 mL Teflon-lined stainless steel vessel,PTFE vessel / liner,PTFE vessel / liner,ptfe_body,,10 ml teflon-lined stainless steel vessel,,1,0
vessel_type,10 mL glass bottle (sealed),Bottle / jar,Bottle / jar,bottle_jar,,10 ml glass bottle (sealed),,1,0
vessel_type,10 mL glass reaction bottle,Bottle / jar,Bottle / jar,bottle_jar,,10 ml glass reaction bottle,,1,0
vessel_type,"10 mL glass vials (capped), isothermal oven",Vial,Vial,vial,,"10 ml glass vials (capped), isothermal oven",,1,0
vessel_type,10 mL glass vials (eight),Vial,Vial,vial,,10 ml glass vials (eight),,1,0
vessel_type,10 mL glass vials (isothermal oven),Vial,Vial,vial,,10 ml glass vials (isothermal oven),,1,0
vessel_type,10 mL solvothermal vial,Vial,Vial,vial,,10 ml solvothermal vial,,1,0
vessel_type,10-mL glass tube,Tube / capillary,Tube / capillary,tube,,10-ml glass tube,,1,0
vessel_type,100 mL Erlenmeyer flask,Flask,Flask,flask,,100 ml erlenmeyer flask,,1,0
vessel_type,100 mL Pyrex Schott bottle (sealed),Bottle / jar,Bottle / jar,bottle_jar,,100 ml pyrex schott bottle (sealed),,1,0
vessel_type,100 mL Teflon-lined autoclave (stainless-steel protective cover),PTFE-lined autoclave,PTFE-lined autoclave / pressure vessel,ptfe_pressure_vessel,shorten_ptfe_autoclave_label,100 ml teflon-lined autoclave (stainless-steel protective cover),,1,0
vessel_type,100 mL Teflon-lined stainless steel vessel,PTFE vessel / liner,PTFE vessel / liner,ptfe_body,,100 ml teflon-lined stainless steel vessel,,1,0
vessel_type,100 mL autoclavable bottle (sealed) in oven,Bottle / jar,Bottle / jar,bottle_jar,,100 ml autoclavable bottle (sealed) in oven,,1,0
vessel_type,100 mL bottle with Teflon cap,Bottle / jar,Bottle / jar,bottle_jar,,100 ml bottle with teflon cap,,1,0
vessel_type,100 mL glass jar,Bottle / jar,Bottle / jar,bottle_jar,,100 ml glass jar,,1,0
vessel_type,100 mL reaction kettle,Reactor / reaction chamber,Reactor / reaction chamber,reactor,,100 ml reaction kettle,,1,0
vessel_type,100 mL reaction vessel,Not reported,Vessel (type not reported),generic_vessel,unspecified_vessel_type_to_not_reported,100 ml reaction vessel,Vessel is named but shape/material cannot be resolved,1,0
vessel_type,100 mL round-bottom flask,Flask,Flask,flask,,100 ml round-bottom flask,,0,1
vessel_type,100 mL screw-capped glass jar,Bottle / jar,Bottle / jar,bottle_jar,,100 ml screw-capped glass jar,,1,0
vessel_type,100-mL round-bottom flask,Flask,Flask,flask,,100-ml round-bottom flask,,1,0
vessel_type,1000 mL flask,Flask,Flask,flask,,1000 ml flask,,1,0
vessel_type,1000 mL glass flask,Flask,Flask,flask,,1000 ml glass flask,,1,0
vessel_type,11 mL glass bottle,Bottle / jar,Bottle / jar,bottle_jar,,11 ml glass bottle,,1,0
vessel_type,12 mL PTFE crucible placed in a steel autoclave,PTFE-lined autoclave,PTFE-lined autoclave / pressure vessel,ptfe_pressure_vessel,shorten_ptfe_autoclave_label,12 ml ptfe crucible placed in a steel autoclave,,1,0
vessel_type,12 mL Teflon-lined autoclave,PTFE-lined autoclave,PTFE-lined autoclave / pressure vessel,ptfe_pressure_vessel,shorten_ptfe_autoclave_label,12 ml teflon-lined autoclave,,1,0
vessel_type,12 mL vial,Vial,Vial,vial,,12 ml vial,,1,0
vessel_type,12-mL Teflon-lined autoclave,PTFE-lined autoclave,PTFE-lined autoclave / pressure vessel,ptfe_pressure_vessel,shorten_ptfe_autoclave_label,12-ml teflon-lined autoclave,,1,0
vessel_type,"120 mL Teflon-lined, stainless steel autoclave",PTFE-lined autoclave,PTFE-lined autoclave / pressure vessel,ptfe_pressure_vessel,shorten_ptfe_autoclave_label,"120 ml teflon-lined, stainless steel autoclave",,1,0
vessel_type,120 mL vial with Teflon-lined cap,Vial,Vial,vial,,120 ml vial with teflon-lined cap,,1,0
vessel_type,125 mL Parr-type autoclave,Autoclave / pressure vessel,Autoclave / pressure vessel,pressure_vessel,,125 ml parr-type autoclave,,1,0
vessel_type,125 mL Teflon cup-lined autoclave,PTFE-lined autoclave,PTFE-lined autoclave / pressure vessel,ptfe_pressure_vessel,shorten_ptfe_autoclave_label,125 ml teflon cup-lined autoclave,,1,0
vessel_type,125 mL Teflon liner in Parr acid digestion vessel,PTFE-lined autoclave,PTFE-lined autoclave / pressure vessel,ptfe_pressure_vessel,shorten_ptfe_autoclave_label,125 ml teflon liner in parr acid digestion vessel,,1,0
vessel_type,125 mL Teflon vessel (air oven),PTFE vessel / liner,PTFE vessel / liner,ptfe_body,,125 ml teflon vessel (air oven),,1,0
vessel_type,125-mL Teflon-lined steel Parr autoclave,PTFE-lined autoclave,PTFE-lined autoclave / pressure vessel,ptfe_pressure_vessel,shorten_ptfe_autoclave_label,125-ml teflon-lined steel parr autoclave,,1,0
vessel_type,13 mL Teflon reactor,PTFE vessel / liner,PTFE vessel / liner,ptfe_body,,13 ml teflon reactor,,1,0
vessel_type,15 cm3 stainless steel bomb,Autoclave / pressure vessel,Autoclave / pressure vessel,pressure_vessel,,15 cm3 stainless steel bomb,,1,0
vessel_type,15 mL PTFE reactor (Teflon-lined autoclave),PTFE-lined autoclave,PTFE-lined autoclave / pressure vessel,ptfe_pressure_vessel,shorten_ptfe_autoclave_label,15 ml ptfe reactor (teflon-lined autoclave),,1,0
vessel_type,15 mL PTFE-lined stainless steel autoclave,PTFE-lined autoclave,PTFE-lined autoclave / pressure vessel,ptfe_pressure_vessel,shorten_ptfe_autoclave_label,15 ml ptfe-lined stainless steel autoclave,,1,0
vessel_type,15 mL Teflon-lined autoclave (2/3 full),PTFE-lined autoclave,PTFE-lined autoclave / pressure vessel,ptfe_pressure_vessel,shorten_ptfe_autoclave_label,15 ml teflon-lined autoclave (2/3 full),,0,1
vessel_type,15 mL Teflon-lined stainless-steel vessel,PTFE vessel / liner,PTFE vessel / liner,ptfe_body,,15 ml teflon-lined stainless-steel vessel,,1,0
vessel_type,15 mL flask,Flask,Flask,flask,,15 ml flask,,1,0
vessel_type,15 mL flask (tightly capped) in oven,Flask,Flask,flask,,15 ml flask (tightly capped) in oven,,1,0
vessel_type,15 mL glass vessel,Glass vessel,Glass vessel (shape not reported),generic_glass,simplify_material_vessel_label,15 ml glass vessel,,1,0
vessel_type,15 mL glass vial (sealed),Vial,Vial,vial,,15 ml glass vial (sealed),,1,0
vessel_type,15 mL inner glass bottle,Bottle / jar,Bottle / jar,bottle_jar,,15 ml inner glass bottle,,1,0
vessel_type,15 mL pressure flask,Flask,Flask,flask,,15 ml pressure flask,,1,0
vessel_type,15 mL pressure tube,Tube / capillary,Tube / capillary,tube,,15 ml pressure tube,,1,0
vessel_type,15 mL pyrex jar,Bottle / jar,Bottle / jar,bottle_jar,,15 ml pyrex jar,,1,0
vessel_type,15 mL scintillation vial,Vial,Vial,vial,,15 ml scintillation vial,,1,0
vessel_type,15 mL test tube (layered diffusion),Tube / capillary,Tube / capillary,tube,,15 ml test tube (layered diffusion),,1,0
vessel_type,15-mL acid digestion bomb,Autoclave / pressure vessel,Autoclave / pressure vessel,pressure_vessel,,15-ml acid digestion bomb,,1,0
vessel_type,16 mL Teflon-lined autoclave,PTFE-lined autoclave,PTFE-lined autoclave / pressure vessel,ptfe_pressure_vessel,shorten_ptfe_autoclave_label,16 ml teflon-lined autoclave,,1,0
vessel_type,16 mL Teflon-lined stainless steel container (autoclave),PTFE-lined autoclave,PTFE-lined autoclave / pressure vessel,ptfe_pressure_vessel,shorten_ptfe_autoclave_label,16 ml teflon-lined stainless steel container (autoclave),,1,0
vessel_type,18 mL Teflon-lined stainless steel vessel (Teflon-lined autoclave),PTFE-lined autoclave,PTFE-lined autoclave / pressure vessel,ptfe_pressure_vessel,shorten_ptfe_autoclave_label,18 ml teflon-lined stainless steel vessel (teflon-lined autoclave),,1,0
vessel_type,2 L Pyrex bottle (oven),Bottle / jar,Bottle / jar,bottle_jar,,2 l pyrex bottle (oven),,1,0
vessel_type,2 mL glass screw top vial (PTFE-lined cap),Vial,Vial,vial,,2 ml glass screw top vial (ptfe-lined cap),,0,1
vessel_type,2 mL vials,Vial,Vial,vial,,2 ml vials,,1,0
vessel_type,20 mL Teflon reactor,PTFE vessel / liner,PTFE vessel / liner,ptfe_body,,20 ml teflon reactor,,1,0
vessel_type,20 mL Teflon vial,PTFE vessel / liner,PTFE vessel / liner,ptfe_body,,20 ml teflon vial,,1,0
vessel_type,20 mL Teflon-lined stainless steel bomb,PTFE-lined autoclave,PTFE-lined autoclave / pressure vessel,ptfe_pressure_vessel,shorten_ptfe_autoclave_label,20 ml teflon-lined stainless steel bomb,,1,0
vessel_type,20 mL ampulla,Ampoule,Ampoule,ampoule,,20 ml ampulla,,1,0
vessel_type,20 mL borosilicate glass vial (sealed),Vial,Vial,vial,,20 ml borosilicate glass vial (sealed),,1,0
vessel_type,20 mL glass bottle reactor,Bottle / jar,Bottle / jar,bottle_jar,,20 ml glass bottle reactor,,1,0
vessel_type,"20 mL glass flask (sealed), oven",Flask,Flask,flask,,"20 ml glass flask (sealed), oven",,1,0
vessel_type,20 mL glass scintillation vial with Teflon cap,Vial,Vial,vial,,20 ml glass scintillation vial with teflon cap,,0,1
vessel_type,20 mL glass vial (microwave oven),Microwave vessel,Microwave vessel,microwave_apparatus,,20 ml glass vial (microwave oven),,1,0
vessel_type,20 mL glass vial (oil bath),Vial,Vial,vial,,20 ml glass vial (oil bath),,1,0
vessel_type,20 mL glass vial (screw cap),Vial,Vial,vial,,20 ml glass vial (screw cap),,1,0
vessel_type,20 mL glass vial (tightly capped),Vial,Vial,vial,,20 ml glass vial (tightly capped),,1,0
vessel_type,20 mL glass vials (4),Vial,Vial,vial,,20 ml glass vials (4),,1,0
vessel_type,20 mL glass vials (four),Vial,Vial,vial,,20 ml glass vials (four),,1,0
vessel_type,20 mL glass vials (six),Vial,Vial,vial,,20 ml glass vials (six),,1,0
vessel_type,20 mL hydrothermal high-pressure reactor,Autoclave / pressure vessel,Autoclave / pressure vessel,pressure_vessel,,20 ml hydrothermal high-pressure reactor,,1,0
vessel_type,20 mL sample vial,Vial,Vial,vial,,20 ml sample vial,,1,0
vessel_type,20 mL scintillation vial (sealed with urethane cap and PTFE liner),Vial,Vial,vial,,20 ml scintillation vial (sealed with urethane cap and ptfe liner),,1,0
vessel_type,"20 mL scintillation vial, Teflon-lined cap",Vial,Vial,vial,,"20 ml scintillation vial, teflon-lined cap",,1,0
vessel_type,20 mL screw-cap glass vial,Vial,Vial,vial,,20 ml screw-cap glass vial,,1,0
vessel_type,20 mL sealed glass vial,Vial,Vial,vial,,20 ml sealed glass vial,,1,0
vessel_type,20 mL test tube with inner vial (slow diffusion),Nested / multiple vessels,Nested / multiple vessels,multiple_vessels,,20 ml test tube with inner vial (slow diffusion),Nested or sequential apparatus; no single vessel selected,1,0
vessel_type,20 mL vials (programmable oven),Vial,Vial,vial,,20 ml vials (programmable oven),,1,0
vessel_type,"20 mL vials, isothermal oven",Vial,Vial,vial,,"20 ml vials, isothermal oven",,1,0
vessel_type,20 ml capped vessel,Not reported,Vessel (type not reported),generic_vessel,unspecified_vessel_type_to_not_reported,20 ml capped vessel,Vessel is named but shape/material cannot be resolved,1,0
vessel_type,20-mL vial,Vial,Vial,vial,,20-ml vial,,1,0
vessel_type,200 mL bottle,Bottle / jar,Bottle / jar,bottle_jar,,200 ml bottle,,1,0
vessel_type,200 mL round bottom flask,Flask,Flask,flask,,200 ml round bottom flask,,1,0
vessel_type,21 cm3 Ace glass autoclave,Autoclave / pressure vessel,Autoclave / pressure vessel,pressure_vessel,,21 cm3 ace glass autoclave,,1,0
vessel_type,23 mL Teflon-lined autoclave (Teflon bomb),PTFE-lined autoclave,PTFE-lined autoclave / pressure vessel,ptfe_pressure_vessel,shorten_ptfe_autoclave_label,23 ml teflon-lined autoclave (teflon bomb),,1,0
vessel_type,23 mL Teflon-lined stainless steel Parr hydrothermal vessel,PTFE vessel / liner,PTFE vessel / liner,ptfe_body,,23 ml teflon-lined stainless steel parr hydrothermal vessel,,1,0
vessel_type,23 mL Teflon-lined stainless steel vessel (autoclave),PTFE-lined autoclave,PTFE-lined autoclave / pressure vessel,ptfe_pressure_vessel,shorten_ptfe_autoclave_label,23 ml teflon-lined stainless steel vessel (autoclave),,1,0
vessel_type,23 mL Teflon-lined stainless-steel Parr autoclave,PTFE-lined autoclave,PTFE-lined autoclave / pressure vessel,ptfe_pressure_vessel,shorten_ptfe_autoclave_label,23 ml teflon-lined stainless-steel parr autoclave,,1,0
vessel_type,23 mL autoclave,Autoclave / pressure vessel,Autoclave / pressure vessel,pressure_vessel,,23 ml autoclave,,1,0
vessel_type,23 mL stainless steel reactor with a Teflon liner,PTFE vessel / liner,PTFE vessel / liner,ptfe_body,,23 ml stainless steel reactor with a teflon liner,,1,0
vessel_type,23-M L Teflon-lined autoclave,PTFE-lined autoclave,PTFE-lined autoclave / pressure vessel,ptfe_pressure_vessel,shorten_ptfe_autoclave_label,23-m l teflon-lined autoclave,,1,0
vessel_type,25 mL DURAN glass bottle (screw cap),Bottle / jar,Bottle / jar,bottle_jar,,25 ml duran glass bottle (screw cap),,1,0
vessel_type,25 mL Teflon high-temperature kettle,PTFE vessel / liner,PTFE vessel / liner,ptfe_body,,25 ml teflon high-temperature kettle,,1,0
vessel_type,25 mL Teflon reactor,PTFE vessel / liner,PTFE vessel / liner,ptfe_body,,25 ml teflon reactor,,1,0
vessel_type,25 mL Teflon-lined pot,PTFE vessel / liner,PTFE vessel / liner,ptfe_body,,25 ml teflon-lined pot,,1,0
vessel_type,25 mL Teflon-lined steel bomb (autoclave),PTFE-lined autoclave,PTFE-lined autoclave / pressure vessel,ptfe_pressure_vessel,shorten_ptfe_autoclave_label,25 ml teflon-lined steel bomb (autoclave),,1,0
vessel_type,25 mL Teflon-lined vessel,PTFE vessel / liner,PTFE vessel / liner,ptfe_body,,25 ml teflon-lined vessel,,1,0
vessel_type,25 mL autoclave,Autoclave / pressure vessel,Autoclave / pressure vessel,pressure_vessel,,25 ml autoclave,,1,0
vessel_type,25 mL glass flask with air-cooled condenser (oil bath),Flask,Flask,flask,,25 ml glass flask with air-cooled condenser (oil bath),,1,0
vessel_type,25 mL reaction vessel,Not reported,Vessel (type not reported),generic_vessel,unspecified_vessel_type_to_not_reported,25 ml reaction vessel,Vessel is named but shape/material cannot be resolved,1,0
vessel_type,25 mL reactor,Reactor / reaction chamber,Reactor / reaction chamber,reactor,,25 ml reactor,,1,0
vessel_type,25 mL round-bottom flask,Flask,Flask,flask,,25 ml round-bottom flask,,1,0
vessel_type,25 mL screw-cap glass bottle,Bottle / jar,Bottle / jar,bottle_jar,,25 ml screw-cap glass bottle,,1,0
vessel_type,25 mL screw-capped Duran glass vial,Vial,Vial,vial,,25 ml screw-capped duran glass vial,,1,0
vessel_type,25 mL screw-capped glass vial,Vial,Vial,vial,,25 ml screw-capped glass vial,,1,0
vessel_type,25 mL sealed autoclave,Autoclave / pressure vessel,Autoclave / pressure vessel,pressure_vessel,,25 ml sealed autoclave,,1,0
vessel_type,25 mL sealed reaction vessel,Not reported,Vessel (type not reported),generic_vessel,unspecified_vessel_type_to_not_reported,25 ml sealed reaction vessel,Vessel is named but shape/material cannot be resolved,1,0
vessel_type,25 mL stainless steel reactor with Teflon liner,PTFE vessel / liner,PTFE vessel / liner,ptfe_body,,25 ml stainless steel reactor with teflon liner,,1,0
vessel_type,25 mL stainless steel vessel,Metal vessel,Metal vessel (shape not reported),generic_metal,simplify_material_vessel_label,25 ml stainless steel vessel,,1,0
vessel_type,25 mL stainless-steel reaction vessel with Teflon liner,PTFE vessel / liner,PTFE vessel / liner,ptfe_body,,25 ml stainless-steel reaction vessel with teflon liner,,1,0
vessel_type,25 mL stainless-steel reactor with Teflon liner,PTFE vessel / liner,PTFE vessel / liner,ptfe_body,,25 ml stainless-steel reactor with teflon liner,,1,0
vessel_type,25 mL tube (sealed),Tube / capillary,Tube / capillary,tube,,25 ml tube (sealed),,1,0
vessel_type,25-mL Teflon-lined stainless-steel container (autoclave),PTFE-lined autoclave,PTFE-lined autoclave / pressure vessel,ptfe_pressure_vessel,shorten_ptfe_autoclave_label,25-ml teflon-lined stainless-steel container (autoclave),,1,0
vessel_type,25-mL glass ampoule (flame-sealed),Ampoule,Ampoule,ampoule,,25-ml glass ampoule (flame-sealed),,1,0
vessel_type,25-mL stainless-steel reactor with a Teflon liner,PTFE vessel / liner,PTFE vessel / liner,ptfe_body,,25-ml stainless-steel reactor with a teflon liner,,1,0
vessel_type,25.0 mL Teflon-lined autoclave,PTFE-lined autoclave,PTFE-lined autoclave / pressure vessel,ptfe_pressure_vessel,shorten_ptfe_autoclave_label,25.0 ml teflon-lined autoclave,,1,0
vessel_type,250 mL flask (oil bath),Flask,Flask,flask,,250 ml flask (oil bath),,1,0
vessel_type,250 mL glass KIMBLE bottle,Bottle / jar,Bottle / jar,bottle_jar,,250 ml glass kimble bottle,,1,0
vessel_type,250 mL glass bottle,Bottle / jar,Bottle / jar,bottle_jar,,250 ml glass bottle,,1,0
vessel_type,250 mL reaction bottle,Bottle / jar,Bottle / jar,bottle_jar,,250 ml reaction bottle,,1,0
vessel_type,250 mL vial (heated after initial mixing),Vial,Vial,vial,,250 ml vial (heated after initial mixing),,1,0
vessel_type,28-mL glass vial,Vial,Vial,vial,,28-ml glass vial,,1,0
vessel_type,3-dram scintillation vial,Vial,Vial,vial,,3-dram scintillation vial,,1,0
vessel_type,30 L glass reaction vessel,Glass vessel,Glass vessel (shape not reported),generic_glass,simplify_material_vessel_label,30 l glass reaction vessel,,1,0
vessel_type,30 L reactor (reflux),Reactor / reaction chamber,Reactor / reaction chamber,reactor,,30 l reactor (reflux),,0,1
vessel_type,30 mL Teflon vessel sealed in glass vial,Nested / multiple vessels,Nested / multiple vessels,multiple_vessels,,30 ml teflon vessel sealed in glass vial,Nested or sequential apparatus; no single vessel selected,1,0
vessel_type,30 mL Teflon-lined reactor,PTFE vessel / liner,PTFE vessel / liner,ptfe_body,,30 ml teflon-lined reactor,,1,0
vessel_type,30-mL Teflon-lined stainless steel vessel,PTFE vessel / liner,PTFE vessel / liner,ptfe_body,,30-ml teflon-lined stainless steel vessel,,1,0
vessel_type,30-mL glass vial,Vial,Vial,vial,,30-ml glass vial,,1,0
vessel_type,35 mL 19/22 flask with air-cooled condenser,Flask,Flask,flask,,35 ml 19/22 flask with air-cooled condenser,,1,0
vessel_type,350 mL pressure-resistant flask,Flask,Flask,flask,,350 ml pressure-resistant flask,,1,0
vessel_type,350 mL screw-capped pressure vessel (air-free),Autoclave / pressure vessel,Autoclave / pressure vessel,pressure_vessel,,350 ml screw-capped pressure vessel (air-free),,1,0
vessel_type,4 mL borosilicate screw vial,Vial,Vial,vial,,4 ml borosilicate screw vial,,1,0
vessel_type,4 mL glass vial placed inside 20 mL vial (vapor diffusion),Nested / multiple vessels,Nested / multiple vessels,multiple_vessels,,4 ml glass vial placed inside 20 ml vial (vapor diffusion),Nested or sequential apparatus; no single vessel selected,1,0
vessel_type,4 mL glass vials,Vial,Vial,vial,,4 ml glass vials,,1,0
vessel_type,4 mL scintillation vial (aluminum block hot bath),Vial,Vial,vial,,4 ml scintillation vial (aluminum block hot bath),,1,0
vessel_type,4 mL scintillation vials; crystallization in 20 mL vial,Nested / multiple vessels,Nested / multiple vessels,multiple_vessels,,4 ml scintillation vials; crystallization in 20 ml vial,Nested or sequential apparatus; no single vessel selected,1,0
vessel_type,4-mL flask,Flask,Flask,flask,,4-ml flask,,1,0
vessel_type,40 mL Teflon-lined stainless steel autoclave,PTFE-lined autoclave,PTFE-lined autoclave / pressure vessel,ptfe_pressure_vessel,shorten_ptfe_autoclave_label,40 ml teflon-lined stainless steel autoclave,,1,0
vessel_type,40 mL capped glass vial,Vial,Vial,vial,,40 ml capped glass vial,,1,0
vessel_type,40 mL scintillation vial,Vial,Vial,vial,,40 ml scintillation vial,,1,0
vessel_type,400 mL jar,Bottle / jar,Bottle / jar,bottle_jar,,400 ml jar,,1,0
vessel_type,45 mL Teflon-lined stainless-steel Parr autoclave,PTFE-lined autoclave,PTFE-lined autoclave / pressure vessel,ptfe_pressure_vessel,shorten_ptfe_autoclave_label,45 ml teflon-lined stainless-steel parr autoclave,,1,0
vessel_type,5 L glass reactor,Reactor / reaction chamber,Reactor / reaction chamber,reactor,,5 l glass reactor,,1,0
vessel_type,5 mL Pyrex glass tube (sealed),Tube / capillary,Tube / capillary,tube,,5 ml pyrex glass tube (sealed),,1,0
vessel_type,5 mL Teflon-lined stainless steel reactor,PTFE vessel / liner,PTFE vessel / liner,ptfe_body,,5 ml teflon-lined stainless steel reactor,,1,0
vessel_type,5 mL glass vial (layering),Vial,Vial,vial,,5 ml glass vial (layering),,1,0
vessel_type,5 mL glass vial (microwave),Microwave vessel,Microwave vessel,microwave_apparatus,,5 ml glass vial (microwave),,1,0
vessel_type,5 mL microwave vial,Microwave vessel,Microwave vessel,microwave_apparatus,,5 ml microwave vial,,1,0
vessel_type,50 mL Schott reagent bottle,Bottle / jar,Bottle / jar,bottle_jar,,50 ml schott reagent bottle,,1,0
vessel_type,50 mL Teflon-lined stainless-steel container,PTFE vessel / liner,PTFE vessel / liner,ptfe_body,,50 ml teflon-lined stainless-steel container,,1,0
vessel_type,50 mL Teflon-sealed autoclave,Autoclave / pressure vessel,Autoclave / pressure vessel,pressure_vessel,,50 ml teflon-sealed autoclave,,1,0
vessel_type,50 mL autoclave,Autoclave / pressure vessel,Autoclave / pressure vessel,pressure_vessel,,50 ml autoclave,,1,0
vessel_type,"50 mL glass vial, Teflon-lined cap",Vial,Vial,vial,,"50 ml glass vial, teflon-lined cap",,0,1
vessel_type,50 mL reactor,Reactor / reaction chamber,Reactor / reaction chamber,reactor,,50 ml reactor,,1,0
vessel_type,50 mL round-bottom flask (capped),Flask,Flask,flask,,50 ml round-bottom flask (capped),,1,0
vessel_type,50 mL three-necked bottle,Bottle / jar,Bottle / jar,bottle_jar,,50 ml three-necked bottle,,1,0
vessel_type,500 mL Schott bottles (glass),Bottle / jar,Bottle / jar,bottle_jar,,500 ml schott bottles (glass),,1,0
vessel_type,500 mL Teflon-lined autoclave,PTFE-lined autoclave,PTFE-lined autoclave / pressure vessel,ptfe_pressure_vessel,shorten_ptfe_autoclave_label,500 ml teflon-lined autoclave,,1,0
vessel_type,500 mL bottle,Bottle / jar,Bottle / jar,bottle_jar,,500 ml bottle,,1,0
vessel_type,500 mL vial,Vial,Vial,vial,,500 ml vial,,1,0
vessel_type,500-mL screw-capped glass jar,Bottle / jar,Bottle / jar,bottle_jar,,500-ml screw-capped glass jar,,1,0
vessel_type,60 mL glass reagent bottle,Bottle / jar,Bottle / jar,bottle_jar,,60 ml glass reagent bottle,,1,0
vessel_type,8 mL Teflon-lined stainless autoclave,PTFE-lined autoclave,PTFE-lined autoclave / pressure vessel,ptfe_pressure_vessel,shorten_ptfe_autoclave_label,8 ml teflon-lined stainless autoclave,,1,0
vessel_type,8 mL capped glass vessel,Glass vessel,Glass vessel (shape not reported),generic_glass,simplify_material_vessel_label,8 ml capped glass vessel,,1,0
vessel_type,8 mL glass vessel,Glass vessel,Glass vessel (shape not reported),generic_glass,simplify_material_vessel_label,8 ml glass vessel,,1,0
vessel_type,8 mL scintillation vial (sealed),Vial,Vial,vial,,8 ml scintillation vial (sealed),,1,0
vessel_type,8 mL screw-capped glass vial,Vial,Vial,vial,,8 ml screw-capped glass vial,,1,0
vessel_type,8 mL vial,Vial,Vial,vial,,8 ml vial,,1,0
vessel_type,80 mL stainless steel reactor,Reactor / reaction chamber,Reactor / reaction chamber,reactor,,80 ml stainless steel reactor,,1,0
vessel_type,9 mL bottle,Bottle / jar,Bottle / jar,bottle_jar,,9 ml bottle,,1,0
vessel_type,Ace glass pressure tube,Tube / capillary,Tube / capillary,tube,,ace glass pressure tube,,1,0
vessel_type,Büchi miniclave reactor (sealed),Reactor / reaction chamber,Reactor / reaction chamber,reactor,,büchi miniclave reactor (sealed),,1,0
vessel_type,Erlenmeyer (2 L) with condenser,Flask,Flask,flask,,erlenmeyer (2 l) with condenser,,1,0
vessel_type,Erlenmeyer flask,Flask,Flask,flask,,erlenmeyer flask,,1,0
vessel_type,Glass reactor with reflux condenser (100 L),Reactor / reaction chamber,Reactor / reaction chamber,reactor,,glass reactor with reflux condenser (100 l),,1,0
vessel_type,Glass reactor with reflux condenser (5 L),Reactor / reaction chamber,Reactor / reaction chamber,reactor,,glass reactor with reflux condenser (5 l),,1,0
vessel_type,H-tube,Tube / capillary,Tube / capillary,tube,,h-tube,,1,0
vessel_type,HDPE bottle (sealed),Bottle / jar,Bottle / jar,bottle_jar,,hdpe bottle (sealed),,1,0
vessel_type,KCF-2 autoclave (3 L),Autoclave / pressure vessel,Autoclave / pressure vessel,pressure_vessel,,kcf-2 autoclave (3 l),,1,0
vessel_type,Monowave 50 glass vial,Vial,Vial,vial,,monowave 50 glass vial,,1,0
vessel_type,Nalgene PE bottle,Bottle / jar,Bottle / jar,bottle_jar,,nalgene pe bottle,,1,0
vessel_type,PEEK screw-cap insert inside 7 mm MAS rotor (zirconia),Not reported,Rotor insert,rotor_insert,positive_reference_count_below_10_to_not_reported,peek screw-cap insert inside 7 mm mas rotor (zirconia),Reported vessel pooled into Not reported by the requested rare-class policy; positive reference count=1. The raw description and detailed class remain available in the audit.,1,0
vessel_type,PTFE insert (50 mL) in Berghof pressure digestion vessel,PTFE-lined autoclave,PTFE-lined autoclave / pressure vessel,ptfe_pressure_vessel,shorten_ptfe_autoclave_label,ptfe insert (50 ml) in berghof pressure digestion vessel,,1,0
vessel_type,PTFE-lined Parr acid digestion vessel (Teflon-lined autoclave),PTFE-lined autoclave,PTFE-lined autoclave / pressure vessel,ptfe_pressure_vessel,shorten_ptfe_autoclave_label,ptfe-lined parr acid digestion vessel (teflon-lined autoclave),,1,0
vessel_type,PTFE-lined autoclave (23 mL),PTFE-lined autoclave,PTFE-lined autoclave / pressure vessel,ptfe_pressure_vessel,shorten_ptfe_autoclave_label,ptfe-lined autoclave (23 ml),,1,0
vessel_type,PTFE-lined stainless steel autoclave (8 cm3),PTFE-lined autoclave,PTFE-lined autoclave / pressure vessel,ptfe_pressure_vessel,shorten_ptfe_autoclave_label,ptfe-lined stainless steel autoclave (8 cm3),,1,0
vessel_type,"PTFE-lined stainless steel autoclave (Parr), 23 mL",PTFE-lined autoclave,PTFE-lined autoclave / pressure vessel,ptfe_pressure_vessel,shorten_ptfe_autoclave_label,"ptfe-lined stainless steel autoclave (parr), 23 ml",,1,0
vessel_type,PTFE-lined stainless steel reaction vessel (15 mL),PTFE vessel / liner,PTFE vessel / liner,ptfe_body,,ptfe-lined stainless steel reaction vessel (15 ml),,1,0
vessel_type,PTFE-lined stainless steel reactor,PTFE vessel / liner,PTFE vessel / liner,ptfe_body,,ptfe-lined stainless steel reactor,,1,0
vessel_type,PTFE-lined steel autoclave (37 mL; reaction volume 20 mL),PTFE-lined autoclave,PTFE-lined autoclave / pressure vessel,ptfe_pressure_vessel,shorten_ptfe_autoclave_label,ptfe-lined steel autoclave (37 ml; reaction volume 20 ml),,1,0
vessel_type,Parr 23 mL pressure vessel with Teflon liner,PTFE-lined autoclave,PTFE-lined autoclave / pressure vessel,ptfe_pressure_vessel,shorten_ptfe_autoclave_label,parr 23 ml pressure vessel with teflon liner,,1,0
vessel_type,Parr Teflon-lined acid digestion bomb (23 mL),PTFE-lined autoclave,PTFE-lined autoclave / pressure vessel,ptfe_pressure_vessel,shorten_ptfe_autoclave_label,parr teflon-lined acid digestion bomb (23 ml),,0,1
vessel_type,Parr Teflon-lined stainless steel autoclave (23 mL),PTFE-lined autoclave,PTFE-lined autoclave / pressure vessel,ptfe_pressure_vessel,shorten_ptfe_autoclave_label,parr teflon-lined stainless steel autoclave (23 ml),,1,0
vessel_type,Parr Teflon-lined stainless steel autoclave (25 cm3),PTFE-lined autoclave,PTFE-lined autoclave / pressure vessel,ptfe_pressure_vessel,shorten_ptfe_autoclave_label,parr teflon-lined stainless steel autoclave (25 cm3),,1,0
vessel_type,Parr Teflon-lined stainless steel reactor (25 mL),PTFE vessel / liner,PTFE vessel / liner,ptfe_body,,parr teflon-lined stainless steel reactor (25 ml),,1,0
vessel_type,Parr Teflon-lined stainless steel vessel (23 cm3),PTFE vessel / liner,PTFE vessel / liner,ptfe_body,,parr teflon-lined stainless steel vessel (23 cm3),,1,0
vessel_type,"Parr Teflon-lined stainless steel vessel (25 mL), autogenous pressure",PTFE-lined autoclave,PTFE-lined autoclave / pressure vessel,ptfe_pressure_vessel,shorten_ptfe_autoclave_label,"parr teflon-lined stainless steel vessel (25 ml), autogenous pressure",,1,0
vessel_type,Parr Teflon-lined stainless steel vessel (autoclave),PTFE-lined autoclave,PTFE-lined autoclave / pressure vessel,ptfe_pressure_vessel,shorten_ptfe_autoclave_label,parr teflon-lined stainless steel vessel (autoclave),,1,0
vessel_type,Parr Teflon-lined stainless-steel autoclave (23 mL),PTFE-lined autoclave,PTFE-lined autoclave / pressure vessel,ptfe_pressure_vessel,shorten_ptfe_autoclave_label,parr teflon-lined stainless-steel autoclave (23 ml),,1,0
vessel_type,Parr Teflon-lined stainless-steel reactor (25 mL),PTFE vessel / liner,PTFE vessel / liner,ptfe_body,,parr teflon-lined stainless-steel reactor (25 ml),,1,0
vessel_type,"Parr bomb, Teflon-lined autoclave (23 mL)",PTFE-lined autoclave,PTFE-lined autoclave / pressure vessel,ptfe_pressure_vessel,shorten_ptfe_autoclave_label,"parr bomb, teflon-lined autoclave (23 ml)",,1,0
vessel_type,Parr reaction vessel (Teflon vial),PTFE vessel / liner,PTFE vessel / liner,ptfe_body,,parr reaction vessel (teflon vial),,0,1
vessel_type,"Parr-type autoclave, 23 mL",Autoclave / pressure vessel,Autoclave / pressure vessel,pressure_vessel,,"parr-type autoclave, 23 ml",,1,0
vessel_type,Pyrex glass bottle,Bottle / jar,Bottle / jar,bottle_jar,,pyrex glass bottle,,1,0
vessel_type,Pyrex glass vial,Vial,Vial,vial,,pyrex glass vial,,1,0
vessel_type,"Pyrex tube (10 mm OD, 8 mm ID, 150 mm length)",Tube / capillary,Tube / capillary,tube,,"pyrex tube (10 mm od, 8 mm id, 150 mm length)",,1,0
vessel_type,Pyrex tube (2 mL),Tube / capillary,Tube / capillary,tube,,pyrex tube (2 ml),,1,0
vessel_type,Pyrex tube (flame-sealed; degassed by three freeze–pump–thaw cycles),Tube / capillary,Tube / capillary,tube,,pyrex tube (flame-sealed; degassed by three freeze-pump-thaw cycles),,1,0
vessel_type,Pyrex-glass reactor with screw cap,Reactor / reaction chamber,Reactor / reaction chamber,reactor,,pyrex-glass reactor with screw cap,,1,0
vessel_type,Schott Duran glass reactor in aluminium autoclave,Autoclave / pressure vessel,Autoclave / pressure vessel,pressure_vessel,,schott duran glass reactor in aluminium autoclave,,1,0
vessel_type,Schott bottle (closed),Bottle / jar,Bottle / jar,bottle_jar,,schott bottle (closed),,1,0
vessel_type,Schott bottle (unconfined growth),Bottle / jar,Bottle / jar,bottle_jar,,schott bottle (unconfined growth),,1,0
vessel_type,Sigmacote-treated 500 mL Schott bottle,Bottle / jar,Bottle / jar,bottle_jar,,sigmacote-treated 500 ml schott bottle,,1,0
vessel_type,Teflon autoclave (60 mL),PTFE-lined autoclave,PTFE-lined autoclave / pressure vessel,ptfe_pressure_vessel,shorten_ptfe_autoclave_label,teflon autoclave (60 ml),,1,0
vessel_type,Teflon autoclave liner,PTFE-lined autoclave,PTFE-lined autoclave / pressure vessel,ptfe_pressure_vessel,shorten_ptfe_autoclave_label,teflon autoclave liner,,1,0
vessel_type,Teflon beaker for gel prep; glass test tube for gel diffusion,Nested / multiple vessels,Nested / multiple vessels,multiple_vessels,,teflon beaker for gel prep; glass test tube for gel diffusion,Nested or sequential apparatus; no single vessel selected,1,0
vessel_type,Teflon container (5 L),PTFE vessel / liner,PTFE vessel / liner,ptfe_body,,teflon container (5 l),,1,0
vessel_type,Teflon cup,PTFE vessel / liner,PTFE vessel / liner,ptfe_body,,teflon cup,,1,0
vessel_type,Teflon high pressure autoclave,PTFE-lined autoclave,PTFE-lined autoclave / pressure vessel,ptfe_pressure_vessel,shorten_ptfe_autoclave_label,teflon high pressure autoclave,,1,0
vessel_type,"Teflon insert, steel multiclave",PTFE vessel / liner,PTFE vessel / liner,ptfe_body,,"teflon insert, steel multiclave",,1,0
vessel_type,Teflon lined autoclave,PTFE-lined autoclave,PTFE-lined autoclave / pressure vessel,ptfe_pressure_vessel,shorten_ptfe_autoclave_label,teflon lined autoclave,,1,0
vessel_type,Teflon lined pressure vessel (autoclave),PTFE-lined autoclave,PTFE-lined autoclave / pressure vessel,ptfe_pressure_vessel,shorten_ptfe_autoclave_label,teflon lined pressure vessel (autoclave),,1,0
vessel_type,Teflon liner,PTFE vessel / liner,PTFE vessel / liner,ptfe_body,,teflon liner,,1,0
vessel_type,Teflon liner in stainless steel autoclave,PTFE-lined autoclave,PTFE-lined autoclave / pressure vessel,ptfe_pressure_vessel,shorten_ptfe_autoclave_label,teflon liner in stainless steel autoclave,,1,0
vessel_type,"Teflon reactor (15 mL), autogenous pressure",PTFE-lined autoclave,PTFE-lined autoclave / pressure vessel,ptfe_pressure_vessel,shorten_ptfe_autoclave_label,"teflon reactor (15 ml), autogenous pressure",,1,0
vessel_type,Teflon reactor (HT setup),PTFE vessel / liner,PTFE vessel / liner,ptfe_body,,teflon reactor (ht setup),,1,0
vessel_type,Teflon reactor in high-throughput steel autoclave,PTFE-lined autoclave,PTFE-lined autoclave / pressure vessel,ptfe_pressure_vessel,shorten_ptfe_autoclave_label,teflon reactor in high-throughput steel autoclave,,1,0
vessel_type,"Teflon reactor, 25 mL",PTFE vessel / liner,PTFE vessel / liner,ptfe_body,,"teflon reactor, 25 ml",,1,0
vessel_type,Teflon screw-top pressure tube (15 mL),PTFE vessel / liner,PTFE vessel / liner,ptfe_body,,teflon screw-top pressure tube (15 ml),,0,1
vessel_type,Teflon vessel (25 mL),PTFE vessel / liner,PTFE vessel / liner,ptfe_body,,teflon vessel (25 ml),,1,0
vessel_type,Teflon vessel (50 mL) in autoclave,Nested / multiple vessels,Nested / multiple vessels,multiple_vessels,,teflon vessel (50 ml) in autoclave,Nested or sequential apparatus; no single vessel selected,1,0
vessel_type,Teflon vessel in digestion bomb (hydrothermal),PTFE-lined autoclave,PTFE-lined autoclave / pressure vessel,ptfe_pressure_vessel,shorten_ptfe_autoclave_label,teflon vessel in digestion bomb (hydrothermal),,1,0
vessel_type,Teflon vial (15 mL),PTFE vessel / liner,PTFE vessel / liner,ptfe_body,,teflon vial (15 ml),,1,0
vessel_type,Teflon vial (25 mL),PTFE vessel / liner,PTFE vessel / liner,ptfe_body,,teflon vial (25 ml),,1,0
vessel_type,Teflon vial in autoclave,Nested / multiple vessels,Nested / multiple vessels,multiple_vessels,,teflon vial in autoclave,Nested or sequential apparatus; no single vessel selected,1,0
vessel_type,Teflon vial sealed in stainless steel autoclave,Nested / multiple vessels,Nested / multiple vessels,multiple_vessels,,teflon vial sealed in stainless steel autoclave,Nested or sequential apparatus; no single vessel selected,1,0
vessel_type,Teflon-capped autoclave,Autoclave / pressure vessel,Autoclave / pressure vessel,pressure_vessel,,teflon-capped autoclave,,1,0
vessel_type,Teflon-capped glass jar (120 mL),Bottle / jar,Bottle / jar,bottle_jar,,teflon-capped glass jar (120 ml),,1,0
vessel_type,Teflon-capped microwave reactor (MicroSYNTH),Microwave vessel,Microwave vessel,microwave_apparatus,,teflon-capped microwave reactor (microsynth),,0,1
vessel_type,Teflon-capped vial,Vial,Vial,vial,,teflon-capped vial,,1,0
vessel_type,Teflon-capped vial (25 mL),Vial,Vial,vial,,teflon-capped vial (25 ml),,1,0
vessel_type,"Teflon-coated stainless-steel autoclave, 25 mL",PTFE-lined autoclave,PTFE-lined autoclave / pressure vessel,ptfe_pressure_vessel,shorten_ptfe_autoclave_label,"teflon-coated stainless-steel autoclave, 25 ml",,1,0
vessel_type,Teflon-lined 12 mL stainless steel autoclave,PTFE-lined autoclave,PTFE-lined autoclave / pressure vessel,ptfe_pressure_vessel,shorten_ptfe_autoclave_label,teflon-lined 12 ml stainless steel autoclave,,1,0
vessel_type,Teflon-lined 23 mL autoclave,PTFE-lined autoclave,PTFE-lined autoclave / pressure vessel,ptfe_pressure_vessel,shorten_ptfe_autoclave_label,teflon-lined 23 ml autoclave,,1,0
vessel_type,Teflon-lined 23 mL stainless steel autoclave,PTFE-lined autoclave,PTFE-lined autoclave / pressure vessel,ptfe_pressure_vessel,shorten_ptfe_autoclave_label,teflon-lined 23 ml stainless steel autoclave,,1,0
vessel_type,Teflon-lined 23-mL Parr stainless steel autoclave,PTFE-lined autoclave,PTFE-lined autoclave / pressure vessel,ptfe_pressure_vessel,shorten_ptfe_autoclave_label,teflon-lined 23-ml parr stainless steel autoclave,,1,0
vessel_type,Teflon-lined 40 mL Parr pressure vessel,PTFE-lined autoclave,PTFE-lined autoclave / pressure vessel,ptfe_pressure_vessel,shorten_ptfe_autoclave_label,teflon-lined 40 ml parr pressure vessel,,1,0
vessel_type,Teflon-lined Parr acid digestion autoclave (23 mL),PTFE-lined autoclave,PTFE-lined autoclave / pressure vessel,ptfe_pressure_vessel,shorten_ptfe_autoclave_label,teflon-lined parr acid digestion autoclave (23 ml),,1,0
vessel_type,Teflon-lined Parr acid digestion bomb (25 mL),PTFE-lined autoclave,PTFE-lined autoclave / pressure vessel,ptfe_pressure_vessel,shorten_ptfe_autoclave_label,teflon-lined parr acid digestion bomb (25 ml),,1,0
vessel_type,"Teflon-lined acid digestion bomb (Parr, 23 mL)",PTFE-lined autoclave,PTFE-lined autoclave / pressure vessel,ptfe_pressure_vessel,shorten_ptfe_autoclave_label,"teflon-lined acid digestion bomb (parr, 23 ml)",,1,0
vessel_type,"Teflon-lined acid digestion bomb (PerkinElmer, 110 mL)",PTFE-lined autoclave,PTFE-lined autoclave / pressure vessel,ptfe_pressure_vessel,shorten_ptfe_autoclave_label,"teflon-lined acid digestion bomb (perkinelmer, 110 ml)",,1,0
vessel_type,Teflon-lined acid-digestion bomb,PTFE-lined autoclave,PTFE-lined autoclave / pressure vessel,ptfe_pressure_vessel,shorten_ptfe_autoclave_label,teflon-lined acid-digestion bomb,,1,0
vessel_type,Teflon-lined autoclave (100 mL PTFE),PTFE-lined autoclave,PTFE-lined autoclave / pressure vessel,ptfe_pressure_vessel,shorten_ptfe_autoclave_label,teflon-lined autoclave (100 ml ptfe),,1,0
vessel_type,Teflon-lined autoclave (120 mL),PTFE-lined autoclave,PTFE-lined autoclave / pressure vessel,ptfe_pressure_vessel,shorten_ptfe_autoclave_label,teflon-lined autoclave (120 ml),,1,0
vessel_type,Teflon-lined autoclave (14 mL),PTFE-lined autoclave,PTFE-lined autoclave / pressure vessel,ptfe_pressure_vessel,shorten_ptfe_autoclave_label,teflon-lined autoclave (14 ml),,1,0
vessel_type,Teflon-lined autoclave (2 × 250 mL),PTFE-lined autoclave,PTFE-lined autoclave / pressure vessel,ptfe_pressure_vessel,shorten_ptfe_autoclave_label,teflon-lined autoclave (2 x 250 ml),,1,0
vessel_type,Teflon-lined autoclave (20 mL Teflon liner),PTFE-lined autoclave,PTFE-lined autoclave / pressure vessel,ptfe_pressure_vessel,shorten_ptfe_autoclave_label,teflon-lined autoclave (20 ml teflon liner),,1,0
vessel_type,Teflon-lined autoclave (20 mL acid digestion bomb),PTFE-lined autoclave,PTFE-lined autoclave / pressure vessel,ptfe_pressure_vessel,shorten_ptfe_autoclave_label,teflon-lined autoclave (20 ml acid digestion bomb),,1,0
vessel_type,Teflon-lined autoclave (20 mL liner),PTFE-lined autoclave,PTFE-lined autoclave / pressure vessel,ptfe_pressure_vessel,shorten_ptfe_autoclave_label,teflon-lined autoclave (20 ml liner),,1,0
vessel_type,Teflon-lined autoclave (23 mL Teflon liner),PTFE-lined autoclave,PTFE-lined autoclave / pressure vessel,ptfe_pressure_vessel,shorten_ptfe_autoclave_label,teflon-lined autoclave (23 ml teflon liner),,1,0
vessel_type,Teflon-lined autoclave (23 mL acid digestion bomb),PTFE-lined autoclave,PTFE-lined autoclave / pressure vessel,ptfe_pressure_vessel,shorten_ptfe_autoclave_label,teflon-lined autoclave (23 ml acid digestion bomb),,1,0
vessel_type,Teflon-lined autoclave (23 mL stainless steel container),PTFE-lined autoclave,PTFE-lined autoclave / pressure vessel,ptfe_pressure_vessel,shorten_ptfe_autoclave_label,teflon-lined autoclave (23 ml stainless steel container),,1,0
vessel_type,Teflon-lined autoclave (23 mL stainless steel reactor),PTFE-lined autoclave,PTFE-lined autoclave / pressure vessel,ptfe_pressure_vessel,shorten_ptfe_autoclave_label,teflon-lined autoclave (23 ml stainless steel reactor),,1,0
vessel_type,Teflon-lined autoclave (23 mL stainless-steel reactor),PTFE-lined autoclave,PTFE-lined autoclave / pressure vessel,ptfe_pressure_vessel,shorten_ptfe_autoclave_label,teflon-lined autoclave (23 ml stainless-steel reactor),,1,0
vessel_type,Teflon-lined autoclave (23 mL steel bomb),PTFE-lined autoclave,PTFE-lined autoclave / pressure vessel,ptfe_pressure_vessel,shorten_ptfe_autoclave_label,teflon-lined autoclave (23 ml steel bomb),,1,0
vessel_type,Teflon-lined autoclave (23 mL) in Parr bomb,PTFE-lined autoclave,PTFE-lined autoclave / pressure vessel,ptfe_pressure_vessel,shorten_ptfe_autoclave_label,teflon-lined autoclave (23 ml) in parr bomb,,1,0
vessel_type,Teflon-lined autoclave (23.0 mL),PTFE-lined autoclave,PTFE-lined autoclave / pressure vessel,ptfe_pressure_vessel,shorten_ptfe_autoclave_label,teflon-lined autoclave (23.0 ml),,1,0
vessel_type,Teflon-lined autoclave (25 mL Teflon reaction kettle),PTFE-lined autoclave,PTFE-lined autoclave / pressure vessel,ptfe_pressure_vessel,shorten_ptfe_autoclave_label,teflon-lined autoclave (25 ml teflon reaction kettle),,1,0
vessel_type,Teflon-lined autoclave (30 mL stainless steel reactor),PTFE-lined autoclave,PTFE-lined autoclave / pressure vessel,ptfe_pressure_vessel,shorten_ptfe_autoclave_label,teflon-lined autoclave (30 ml stainless steel reactor),,1,0
vessel_type,Teflon-lined autoclave (40 mL Teflon liner),PTFE-lined autoclave,PTFE-lined autoclave / pressure vessel,ptfe_pressure_vessel,shorten_ptfe_autoclave_label,teflon-lined autoclave (40 ml teflon liner),,1,0
vessel_type,Teflon-lined autoclave (40 mL liner),PTFE-lined autoclave,PTFE-lined autoclave / pressure vessel,ptfe_pressure_vessel,shorten_ptfe_autoclave_label,teflon-lined autoclave (40 ml liner),,1,0
vessel_type,Teflon-lined autoclave (45 mL stainless-steel reactor),PTFE-lined autoclave,PTFE-lined autoclave / pressure vessel,ptfe_pressure_vessel,shorten_ptfe_autoclave_label,teflon-lined autoclave (45 ml stainless-steel reactor),,1,0
vessel_type,"Teflon-lined autoclave (45 mL, Parr 4714)",PTFE-lined autoclave,PTFE-lined autoclave / pressure vessel,ptfe_pressure_vessel,shorten_ptfe_autoclave_label,"teflon-lined autoclave (45 ml, parr 4714)",,1,0
vessel_type,Teflon-lined autoclave (50 mL in steel autoclave),PTFE-lined autoclave,PTFE-lined autoclave / pressure vessel,ptfe_pressure_vessel,shorten_ptfe_autoclave_label,teflon-lined autoclave (50 ml in steel autoclave),,1,0
vessel_type,Teflon-lined autoclave (7 mL),PTFE-lined autoclave,PTFE-lined autoclave / pressure vessel,ptfe_pressure_vessel,shorten_ptfe_autoclave_label,teflon-lined autoclave (7 ml),,1,0
vessel_type,Teflon-lined autoclave (75 mL),PTFE-lined autoclave,PTFE-lined autoclave / pressure vessel,ptfe_pressure_vessel,shorten_ptfe_autoclave_label,teflon-lined autoclave (75 ml),,1,0
vessel_type,Teflon-lined autoclave (80 mL) with 25×40 mm vial inside; NaOH solution (2 mL H2O + 2 mL EtOH) at bottom when used,Nested / multiple vessels,Nested / multiple vessels,multiple_vessels,,teflon-lined autoclave (80 ml) with 25 x 40 mm vial inside; naoh solution (2 ml h2o + 2 ml etoh) at bottom when used,Nested or sequential apparatus; no single vessel selected,1,0
vessel_type,Teflon-lined autoclave (PTFE insert),PTFE-lined autoclave,PTFE-lined autoclave / pressure vessel,ptfe_pressure_vessel,shorten_ptfe_autoclave_label,teflon-lined autoclave (ptfe insert),,1,0
vessel_type,Teflon-lined autoclave (PTFE liner in stainless steel),PTFE-lined autoclave,PTFE-lined autoclave / pressure vessel,ptfe_pressure_vessel,shorten_ptfe_autoclave_label,teflon-lined autoclave (ptfe liner in stainless steel),,1,0
vessel_type,Teflon-lined autoclave (Parr 200 mL bomb),PTFE-lined autoclave,PTFE-lined autoclave / pressure vessel,ptfe_pressure_vessel,shorten_ptfe_autoclave_label,teflon-lined autoclave (parr 200 ml bomb),,1,0
vessel_type,"Teflon-lined autoclave (Parr bomb), 40 mL",PTFE-lined autoclave,PTFE-lined autoclave / pressure vessel,ptfe_pressure_vessel,shorten_ptfe_autoclave_label,"teflon-lined autoclave (parr bomb), 40 ml",,1,0
vessel_type,"Teflon-lined autoclave (Parr, 50 mL)",PTFE-lined autoclave,PTFE-lined autoclave / pressure vessel,ptfe_pressure_vessel,shorten_ptfe_autoclave_label,"teflon-lined autoclave (parr, 50 ml)",,1,0
vessel_type,Teflon-lined autoclave (acid digestion bomb),PTFE-lined autoclave,PTFE-lined autoclave / pressure vessel,ptfe_pressure_vessel,shorten_ptfe_autoclave_label,teflon-lined autoclave (acid digestion bomb),,1,0
vessel_type,"Teflon-lined autoclave (digestion bomb, 23 mL)",PTFE-lined autoclave,PTFE-lined autoclave / pressure vessel,ptfe_pressure_vessel,shorten_ptfe_autoclave_label,"teflon-lined autoclave (digestion bomb, 23 ml)",,1,0
vessel_type,Teflon-lined autoclave (dry-gel; solvent reduced to 4.0 g),PTFE-lined autoclave,PTFE-lined autoclave / pressure vessel,ptfe_pressure_vessel,shorten_ptfe_autoclave_label,teflon-lined autoclave (dry-gel; solvent reduced to 4.0 g),,1,0
vessel_type,Teflon-lined autoclave (glass vial inside),Nested / multiple vessels,Nested / multiple vessels,multiple_vessels,,teflon-lined autoclave (glass vial inside),Nested or sequential apparatus; no single vessel selected,1,0
vessel_type,Teflon-lined autoclave (sealed Teflon jar),PTFE-lined autoclave,PTFE-lined autoclave / pressure vessel,ptfe_pressure_vessel,shorten_ptfe_autoclave_label,teflon-lined autoclave (sealed teflon jar),,1,0
vessel_type,Teflon-lined autoclave (stainless steel),PTFE-lined autoclave,PTFE-lined autoclave / pressure vessel,ptfe_pressure_vessel,shorten_ptfe_autoclave_label,teflon-lined autoclave (stainless steel),,1,0
vessel_type,Teflon-lined autoclave (steel Parr),PTFE-lined autoclave,PTFE-lined autoclave / pressure vessel,ptfe_pressure_vessel,shorten_ptfe_autoclave_label,teflon-lined autoclave (steel parr),,1,0
vessel_type,Teflon-lined autoclave bomb,PTFE-lined autoclave,PTFE-lined autoclave / pressure vessel,ptfe_pressure_vessel,shorten_ptfe_autoclave_label,teflon-lined autoclave bomb,,1,0
vessel_type,"Teflon-lined autoclave, 50 mL",PTFE-lined autoclave,PTFE-lined autoclave / pressure vessel,ptfe_pressure_vessel,shorten_ptfe_autoclave_label,"teflon-lined autoclave, 50 ml",,1,0
vessel_type,"Teflon-lined bomb (45 mL, Parr)",PTFE-lined autoclave,PTFE-lined autoclave / pressure vessel,ptfe_pressure_vessel,shorten_ptfe_autoclave_label,"teflon-lined bomb (45 ml, parr)",,0,1
vessel_type,Teflon-lined hydrothermal autoclave,PTFE-lined autoclave,PTFE-lined autoclave / pressure vessel,ptfe_pressure_vessel,shorten_ptfe_autoclave_label,teflon-lined hydrothermal autoclave,,1,0
vessel_type,Teflon-lined hydrothermal autoclave reactor (seeded via seeds adhered to vessel),PTFE-lined autoclave,PTFE-lined autoclave / pressure vessel,ptfe_pressure_vessel,shorten_ptfe_autoclave_label,teflon-lined hydrothermal autoclave reactor (seeded via seeds adhered to vessel),,1,0
vessel_type,Teflon-lined reactor (20 mL),PTFE vessel / liner,PTFE vessel / liner,ptfe_body,,teflon-lined reactor (20 ml),,1,0
vessel_type,Teflon-lined sealed solvothermal vessel,PTFE vessel / liner,PTFE vessel / liner,ptfe_body,,teflon-lined sealed solvothermal vessel,,1,0
vessel_type,Teflon-lined sealed tube (25 mL),PTFE vessel / liner,PTFE vessel / liner,ptfe_body,,teflon-lined sealed tube (25 ml),,1,0
vessel_type,Teflon-lined stainless autoclave (100 mL),PTFE-lined autoclave,PTFE-lined autoclave / pressure vessel,ptfe_pressure_vessel,shorten_ptfe_autoclave_label,teflon-lined stainless autoclave (100 ml),,1,0
vessel_type,Teflon-lined stainless autoclave (15 mL),PTFE-lined autoclave,PTFE-lined autoclave / pressure vessel,ptfe_pressure_vessel,shorten_ptfe_autoclave_label,teflon-lined stainless autoclave (15 ml),,1,0
vessel_type,Teflon-lined stainless steel Parr acid digestion bomb,PTFE-lined autoclave,PTFE-lined autoclave / pressure vessel,ptfe_pressure_vessel,shorten_ptfe_autoclave_label,teflon-lined stainless steel parr acid digestion bomb,,1,0
vessel_type,Teflon-lined stainless steel Parr autoclave (23 mL),PTFE-lined autoclave,PTFE-lined autoclave / pressure vessel,ptfe_pressure_vessel,shorten_ptfe_autoclave_label,teflon-lined stainless steel parr autoclave (23 ml),,1,0
vessel_type,Teflon-lined stainless steel Parr bomb (25 mL),PTFE-lined autoclave,PTFE-lined autoclave / pressure vessel,ptfe_pressure_vessel,shorten_ptfe_autoclave_label,teflon-lined stainless steel parr bomb (25 ml),,1,0
vessel_type,Teflon-lined stainless steel autoclave (25 cm3),PTFE-lined autoclave,PTFE-lined autoclave / pressure vessel,ptfe_pressure_vessel,shorten_ptfe_autoclave_label,teflon-lined stainless steel autoclave (25 cm3),,1,0
vessel_type,"Teflon-lined stainless steel autoclave (Parr), 15 mL",PTFE-lined autoclave,PTFE-lined autoclave / pressure vessel,ptfe_pressure_vessel,shorten_ptfe_autoclave_label,"teflon-lined stainless steel autoclave (parr), 15 ml",,1,0
vessel_type,"Teflon-lined stainless steel autoclave (Parr, 15 mL)",PTFE-lined autoclave,PTFE-lined autoclave / pressure vessel,ptfe_pressure_vessel,shorten_ptfe_autoclave_label,"teflon-lined stainless steel autoclave (parr, 15 ml)",,1,0
vessel_type,"Teflon-lined stainless steel container (23 mL), sealed",PTFE vessel / liner,PTFE vessel / liner,ptfe_body,,"teflon-lined stainless steel container (23 ml), sealed",,1,0
vessel_type,Teflon-lined stainless steel hydrothermal reactor,PTFE vessel / liner,PTFE vessel / liner,ptfe_body,,teflon-lined stainless steel hydrothermal reactor,,1,0
vessel_type,Teflon-lined stainless steel reactor (16 mL),PTFE vessel / liner,PTFE vessel / liner,ptfe_body,,teflon-lined stainless steel reactor (16 ml),,1,0
vessel_type,Teflon-lined stainless steel vessel (23.0 mL),PTFE vessel / liner,PTFE vessel / liner,ptfe_body,,teflon-lined stainless steel vessel (23.0 ml),,1,0
vessel_type,"Teflon-lined stainless steel vessel, 25 mL",PTFE vessel / liner,PTFE vessel / liner,ptfe_body,,"teflon-lined stainless steel vessel, 25 ml",,1,0
vessel_type,Teflon-lined stainless-steel Parr acid digestion bomb,PTFE-lined autoclave,PTFE-lined autoclave / pressure vessel,ptfe_pressure_vessel,shorten_ptfe_autoclave_label,teflon-lined stainless-steel parr acid digestion bomb,,1,0
vessel_type,Teflon-lined stainless-steel Parr bomb,PTFE-lined autoclave,PTFE-lined autoclave / pressure vessel,ptfe_pressure_vessel,shorten_ptfe_autoclave_label,teflon-lined stainless-steel parr bomb,,1,0
vessel_type,Teflon-lined stainless-steel Parr bomb (25 mL),PTFE-lined autoclave,PTFE-lined autoclave / pressure vessel,ptfe_pressure_vessel,shorten_ptfe_autoclave_label,teflon-lined stainless-steel parr bomb (25 ml),,1,0
vessel_type,Teflon-lined stainless-steel autoclave (200 mL),PTFE-lined autoclave,PTFE-lined autoclave / pressure vessel,ptfe_pressure_vessel,shorten_ptfe_autoclave_label,teflon-lined stainless-steel autoclave (200 ml),,1,0
vessel_type,Teflon-lined stainless-steel autoclave (30 mL),PTFE-lined autoclave,PTFE-lined autoclave / pressure vessel,ptfe_pressure_vessel,shorten_ptfe_autoclave_label,teflon-lined stainless-steel autoclave (30 ml),,1,0
vessel_type,Teflon-lined stainless-steel autoclave (4 mL),PTFE-lined autoclave,PTFE-lined autoclave / pressure vessel,ptfe_pressure_vessel,shorten_ptfe_autoclave_label,teflon-lined stainless-steel autoclave (4 ml),,1,0
vessel_type,Teflon-lined stainless-steel autoclave (50 mL),PTFE-lined autoclave,PTFE-lined autoclave / pressure vessel,ptfe_pressure_vessel,shorten_ptfe_autoclave_label,teflon-lined stainless-steel autoclave (50 ml),,1,0
vessel_type,Teflon-lined stainless-steel bomb,PTFE-lined autoclave,PTFE-lined autoclave / pressure vessel,ptfe_pressure_vessel,shorten_ptfe_autoclave_label,teflon-lined stainless-steel bomb,,1,0
vessel_type,Teflon-lined stainless-steel container,PTFE vessel / liner,PTFE vessel / liner,ptfe_body,,teflon-lined stainless-steel container,,1,0
vessel_type,Teflon-lined stainless-steel container (50 mL),PTFE vessel / liner,PTFE vessel / liner,ptfe_body,,teflon-lined stainless-steel container (50 ml),,1,0
vessel_type,Teflon-lined stainless-steel reactor,PTFE vessel / liner,PTFE vessel / liner,ptfe_body,,teflon-lined stainless-steel reactor,,1,0
vessel_type,Teflon-lined stainless-steel reactor (25 mL),PTFE vessel / liner,PTFE vessel / liner,ptfe_body,,teflon-lined stainless-steel reactor (25 ml),,1,0
vessel_type,Teflon-lined stainless-steel vessel (45 mL),PTFE vessel / liner,PTFE vessel / liner,ptfe_body,,teflon-lined stainless-steel vessel (45 ml),,1,0
vessel_type,"Teflon-lined stainless-steel vessel (autoclave), 30 mL",PTFE-lined autoclave,PTFE-lined autoclave / pressure vessel,ptfe_pressure_vessel,shorten_ptfe_autoclave_label,"teflon-lined stainless-steel vessel (autoclave), 30 ml",,1,0
vessel_type,Teflon-lined steel Parr autoclave,PTFE-lined autoclave,PTFE-lined autoclave / pressure vessel,ptfe_pressure_vessel,shorten_ptfe_autoclave_label,teflon-lined steel parr autoclave,,1,0
vessel_type,Teflon-lined steel autoclave (23 mL),PTFE-lined autoclave,PTFE-lined autoclave / pressure vessel,ptfe_pressure_vessel,shorten_ptfe_autoclave_label,teflon-lined steel autoclave (23 ml),,1,0
vessel_type,"Teflon-lined steel autoclave, 15 mL (PARR)",PTFE-lined autoclave,PTFE-lined autoclave / pressure vessel,ptfe_pressure_vessel,shorten_ptfe_autoclave_label,"teflon-lined steel autoclave, 15 ml (parr)",,1,0
vessel_type,"Teflon-lined steel autoclave, 24 mL",PTFE-lined autoclave,PTFE-lined autoclave / pressure vessel,ptfe_pressure_vessel,shorten_ptfe_autoclave_label,"teflon-lined steel autoclave, 24 ml",,1,0
vessel_type,"Teflon-lined steel autoclave, 50 mL",PTFE-lined autoclave,PTFE-lined autoclave / pressure vessel,ptfe_pressure_vessel,shorten_ptfe_autoclave_label,"teflon-lined steel autoclave, 50 ml",,1,0
vessel_type,"Teflon-lined vessel (23 mL), vacuum-packed",PTFE vessel / liner,PTFE vessel / liner,ptfe_body,,"teflon-lined vessel (23 ml), vacuum-packed",,1,0
vessel_type,Teflon-sealed reaction vial (placed in oven),Vial,Vial,vial,,teflon-sealed reaction vial (placed in oven),,1,0
vessel_type,Ten 8 mL glass vials; isothermal oven,Vial,Vial,vial,,ten 8 ml glass vials; isothermal oven,,1,0
vessel_type,acid-digestion bomb,Autoclave / pressure vessel,Autoclave / pressure vessel,pressure_vessel,,acid-digestion bomb,,1,0
vessel_type,air oven,Not reported,Not reported,equipment_or_operation_only,,air oven,"Description specifies equipment/operation, not an identifiable reaction vessel",1,0
vessel_type,airtight glass vial,Vial,Vial,vial,,airtight glass vial,,1,0
vessel_type,ampule,Ampoule,Ampoule,ampoule,,ampule,,1,0
vessel_type,autoclavable glass container,Glass vessel,Glass vessel (shape not reported),generic_glass,simplify_material_vessel_label,autoclavable glass container,,1,0
vessel_type,autoclave (200 mL),Autoclave / pressure vessel,Autoclave / pressure vessel,pressure_vessel,,autoclave (200 ml),,1,0
vessel_type,autoclave (50 mL),Autoclave / pressure vessel,Autoclave / pressure vessel,pressure_vessel,,autoclave (50 ml),,1,0
vessel_type,autoclave (Pyrex bottle),Autoclave / pressure vessel,Autoclave / pressure vessel,pressure_vessel,,autoclave (pyrex bottle),,1,0
vessel_type,autoclave (glass insert),Autoclave / pressure vessel,Autoclave / pressure vessel,pressure_vessel,,autoclave (glass insert),,1,0
vessel_type,"borosilicate glass tube, flame-sealed (hydrothermal)",Tube / capillary,Tube / capillary,tube,,"borosilicate glass tube, flame-sealed (hydrothermal)",,1,0
vessel_type,"borosilicate glass vial (5 mL), sealed screw cap",Vial,Vial,vial,,"borosilicate glass vial (5 ml), sealed screw cap",,1,0
vessel_type,borosilicate vial (20 mm diameter),Vial,Vial,vial,,borosilicate vial (20 mm diameter),,1,0
vessel_type,bottle with screw cap (8.00 mL),Bottle / jar,Bottle / jar,bottle_jar,,bottle with screw cap (8.00 ml),,1,0
vessel_type,branch tube,Tube / capillary,Tube / capillary,tube,,branch tube,,1,0
vessel_type,branched tube (thermal gradient method),Tube / capillary,Tube / capillary,tube,,branched tube (thermal gradient method),,1,0
vessel_type,capped conical flask in preheated oven (closed glass vessel),Flask,Flask,flask,,capped conical flask in preheated oven (closed glass vessel),,1,0
vessel_type,capped glass scintillation vial,Vial,Vial,vial,,capped glass scintillation vial,,1,0
vessel_type,capped scintillation vial,Vial,Vial,vial,,capped scintillation vial,,1,0
vessel_type,clean tube (25 mL),Tube / capillary,Tube / capillary,tube,,clean tube (25 ml),,1,0
vessel_type,closed 1 L reactor,Reactor / reaction chamber,Reactor / reaction chamber,reactor,,closed 1 l reactor,,1,0
vessel_type,closed 1.5 mL glass vial,Vial,Vial,vial,,closed 1.5 ml glass vial,,1,0
vessel_type,closed bottle,Bottle / jar,Bottle / jar,bottle_jar,,closed bottle,,1,0
vessel_type,closed glass tube,Tube / capillary,Tube / capillary,tube,,closed glass tube,,1,0
vessel_type,closed glass vessel,Glass vessel,Glass vessel (shape not reported),generic_glass,simplify_material_vessel_label,closed glass vessel,,1,0
vessel_type,closed polypropylene bottle,Bottle / jar,Bottle / jar,bottle_jar,,closed polypropylene bottle,,1,0
vessel_type,closed vessel reactor (400 mL),Reactor / reaction chamber,Reactor / reaction chamber,reactor,,closed vessel reactor (400 ml),,1,0
vessel_type,closed vial,Vial,Vial,vial,,closed vial,,1,0
vessel_type,closed-capped bottle (20 mL),Bottle / jar,Bottle / jar,bottle_jar,,closed-capped bottle (20 ml),,1,0
vessel_type,conical flask (covered with watch glass),Flask,Flask,flask,,conical flask (covered with watch glass),,1,0
vessel_type,conical flask with lid,Flask,Flask,flask,,conical flask with lid,,1,0
vessel_type,crimp cap vial,Vial,Vial,vial,,crimp cap vial,,1,0
vessel_type,crucible,Not reported,Crucible,crucible,positive_reference_count_below_10_to_not_reported,crucible,Reported vessel pooled into Not reported by the requested rare-class policy; positive reference count=1. The raw description and detailed class remain available in the audit.,1,0
vessel_type,"crystal tube (20 cm long), sealed",Tube / capillary,Tube / capillary,tube,,"crystal tube (20 cm long), sealed",,1,0
vessel_type,crystal tube (layering),Tube / capillary,Tube / capillary,tube,,crystal tube (layering),,1,0
vessel_type,digestion bomb (60 mL),Autoclave / pressure vessel,Autoclave / pressure vessel,pressure_vessel,,digestion bomb (60 ml),,1,0
vessel_type,disposable scintillation vial,Vial,Vial,vial,,disposable scintillation vial,,1,0
vessel_type,flame-sealed Pyrex tube (evacuated to 15 mtorr),Tube / capillary,Tube / capillary,tube,,flame-sealed pyrex tube (evacuated to 15 mtorr),,1,0
vessel_type,flame-sealed borosilicate glass tube (oil bath),Tube / capillary,Tube / capillary,tube,,flame-sealed borosilicate glass tube (oil bath),,1,0
vessel_type,flame-sealed borosilicate glass tubes,Tube / capillary,Tube / capillary,tube,,flame-sealed borosilicate glass tubes,,1,0
vessel_type,flame-sealed glass tube,Tube / capillary,Tube / capillary,tube,,flame-sealed glass tube,,1,0
vessel_type,flat-bottom flask,Flask,Flask,flask,,flat-bottom flask,,1,0
vessel_type,fused silica capillary reactor,Reactor / reaction chamber,Reactor / reaction chamber,reactor,,fused silica capillary reactor,,1,0
vessel_type,glass 2-dram vial,Vial,Vial,vial,,glass 2-dram vial,,1,0
vessel_type,glass Schott bottle (250 mL),Bottle / jar,Bottle / jar,bottle_jar,,glass schott bottle (250 ml),,1,0
vessel_type,glass beaker (250 mL),Beaker,Beaker,beaker,,glass beaker (250 ml),,1,0
vessel_type,glass bottle (25 mL),Bottle / jar,Bottle / jar,bottle_jar,,glass bottle (25 ml),,1,0
vessel_type,"glass bottle (Schott Duran, 100 mL, PBT cap with PTFE seal)",Bottle / jar,Bottle / jar,bottle_jar,,"glass bottle (schott duran, 100 ml, pbt cap with ptfe seal)",,1,0
vessel_type,glass bottle (screw-cap),Bottle / jar,Bottle / jar,bottle_jar,,glass bottle (screw-cap),,1,0
vessel_type,"glass bottle, 30 mL",Bottle / jar,Bottle / jar,bottle_jar,,"glass bottle, 30 ml",,1,0
vessel_type,glass container (sealed with Parafilm),Glass vessel,Glass vessel (shape not reported),generic_glass,simplify_material_vessel_label,glass container (sealed with parafilm),,1,0
vessel_type,glass container tightly capped with a Teflon vial,Vial,Vial,vial,,glass container tightly capped with a teflon vial,,1,0
vessel_type,glass culture dish (6 cm diameter),Dish / well plate,Dish / well plate,dish_plate,,glass culture dish (6 cm diameter),,1,0
vessel_type,glass diffusion reactor (short path),Reactor / reaction chamber,Reactor / reaction chamber,reactor,,glass diffusion reactor (short path),,1,0
vessel_type,glass jar (100 mL),Bottle / jar,Bottle / jar,bottle_jar,,glass jar (100 ml),,1,0
vessel_type,"glass jar (250 mL), capped",Bottle / jar,Bottle / jar,bottle_jar,,"glass jar (250 ml), capped",,1,0
vessel_type,glass jar with Teflon-lined screw cap,Bottle / jar,Bottle / jar,bottle_jar,,glass jar with teflon-lined screw cap,,1,0
vessel_type,glass liner in Parr 4584 HT (5.5 L) autoclave,Autoclave / pressure vessel,Autoclave / pressure vessel,pressure_vessel,,glass liner in parr 4584 ht (5.5 l) autoclave,,1,0
vessel_type,glass liner in Parr 4760 (160 mL) autoclave,Autoclave / pressure vessel,Autoclave / pressure vessel,pressure_vessel,,glass liner in parr 4760 (160 ml) autoclave,,1,0
vessel_type,glass microwave vial (30 mL),Microwave vessel,Microwave vessel,microwave_apparatus,,glass microwave vial (30 ml),,1,0
vessel_type,glass reaction flask (10 mL),Flask,Flask,flask,,glass reaction flask (10 ml),,1,0
vessel_type,glass reactor (25 mL),Reactor / reaction chamber,Reactor / reaction chamber,reactor,,glass reactor (25 ml),,1,0
vessel_type,glass reactor with drying tube,Reactor / reaction chamber,Reactor / reaction chamber,reactor,,glass reactor with drying tube,,1,0
vessel_type,glass reactor with reflux condenser,Reactor / reaction chamber,Reactor / reaction chamber,reactor,,glass reactor with reflux condenser,,1,0
vessel_type,glass reagent bottle,Bottle / jar,Bottle / jar,bottle_jar,,glass reagent bottle,,1,0
vessel_type,glass scintillation vial (sand bath in oven),Vial,Vial,vial,,glass scintillation vial (sand bath in oven),,1,0
vessel_type,glass scintillation vial (sealed),Vial,Vial,vial,,glass scintillation vial (sealed),,1,0
vessel_type,glass scintillation vials (4 mL) in aluminum heating block,Vial,Vial,vial,,glass scintillation vials (4 ml) in aluminum heating block,,1,0
vessel_type,glass sealed flask,Flask,Flask,flask,,glass sealed flask,,1,0
vessel_type,"glass test tube (20 cm length, 2 cm i.d.), silica gel diffusion",Tube / capillary,Tube / capillary,tube,,"glass test tube (20 cm length, 2 cm i.d.), silica gel diffusion",,1,0
vessel_type,glass test tube (gel diffusion),Tube / capillary,Tube / capillary,tube,,glass test tube (gel diffusion),,1,0
vessel_type,glass test tube with screw cap,Tube / capillary,Tube / capillary,tube,,glass test tube with screw cap,,1,0
vessel_type,glass tube (14 mm i.d.),Tube / capillary,Tube / capillary,tube,,glass tube (14 mm i.d.),,1,0
vessel_type,"glass tube (6 mL, I.D. 6.3 mm)",Tube / capillary,Tube / capillary,tube,,"glass tube (6 ml, i.d. 6.3 mm)",,0,1
vessel_type,glass tube (microwave oven),Microwave vessel,Microwave vessel,microwave_apparatus,,glass tube (microwave oven),,1,0
vessel_type,glass tube (vacuum sealed),Tube / capillary,Tube / capillary,tube,,glass tube (vacuum sealed),,1,0
vessel_type,glass tube with Teflon screw cap (layering of three solutions),Tube / capillary,Tube / capillary,tube,,glass tube with teflon screw cap (layering of three solutions),,1,0
vessel_type,glass tube with Teflon screw cap (layering of two solutions),Tube / capillary,Tube / capillary,tube,,glass tube with teflon screw cap (layering of two solutions),,1,0
vessel_type,"glass tube, 25 mL",Tube / capillary,Tube / capillary,tube,,"glass tube, 25 ml",,0,1
vessel_type,glass vial (1 dram),Vial,Vial,vial,,glass vial (1 dram),,1,0
vessel_type,glass vial (1.5-dram),Vial,Vial,vial,,glass vial (1.5-dram),,1,0
vessel_type,glass vial (CaCl2 desiccator),Vial,Vial,vial,,glass vial (cacl2 desiccator),,1,0
vessel_type,glass vial (closed),Vial,Vial,vial,,glass vial (closed),,1,0
vessel_type,glass vial (crimp-sealed),Vial,Vial,vial,,glass vial (crimp-sealed),,1,0
vessel_type,glass vial (hydrothermal oven),Vial,Vial,vial,,glass vial (hydrothermal oven),,1,0
vessel_type,glass vial (sealed loosely),Vial,Vial,vial,,glass vial (sealed loosely),,1,0
vessel_type,glass vial (sealed; oven),Vial,Vial,vial,,glass vial (sealed; oven),,1,0
vessel_type,glass vial in desiccator (TEA/hexane vapor),Vial,Vial,vial,,glass vial in desiccator (tea/hexane vapor),,1,0
vessel_type,glass vial with screw cap (100 mL),Vial,Vial,vial,,glass vial with screw cap (100 ml),,1,0
vessel_type,"glass vial, loosely capped",Vial,Vial,vial,,"glass vial, loosely capped",,1,0
vessel_type,glass vials (1-dram),Vial,Vial,vial,,glass vials (1-dram),,1,0
vessel_type,"glass vials (2-dram for Zr6 solution; 1.5-dram for linker), sealed",Vial,Vial,vial,,"glass vials (2-dram for zr6 solution; 1.5-dram for linker), sealed",,1,0
vessel_type,"glass vials (20 mL), securely covered",Vial,Vial,vial,,"glass vials (20 ml), securely covered",,1,0
vessel_type,"glass vials (20 mL), two",Vial,Vial,vial,,"glass vials (20 ml), two",,1,0
vessel_type,glass vials (air oven),Vial,Vial,vial,,glass vials (air oven),,1,0
vessel_type,glass vials (two 20 mL),Vial,Vial,vial,,glass vials (two 20 ml),,1,0
vessel_type,hard glass tube (sealed),Tube / capillary,Tube / capillary,tube,,hard glass tube (sealed),,1,0
vessel_type,heat-resistant glass bottle (25 mL),Bottle / jar,Bottle / jar,bottle_jar,,heat-resistant glass bottle (25 ml),,1,0
vessel_type,heat-resistant glass vessel,Glass vessel,Glass vessel (shape not reported),generic_glass,simplify_material_vessel_label,heat-resistant glass vessel,,1,0
vessel_type,hermetic Teflon bottle,PTFE vessel / liner,PTFE vessel / liner,ptfe_body,,hermetic teflon bottle,,1,0
vessel_type,high-pressure glass vial (200 mL),Vial,Vial,vial,,high-pressure glass vial (200 ml),,1,0
vessel_type,high-pressure reactor,Autoclave / pressure vessel,Autoclave / pressure vessel,pressure_vessel,,high-pressure reactor,,1,0
vessel_type,high-pressure vessel,Autoclave / pressure vessel,Autoclave / pressure vessel,pressure_vessel,,high-pressure vessel,,1,0
vessel_type,high-temperature-resistant Pyrex vial,Vial,Vial,vial,,high-temperature-resistant pyrex vial,,1,0
vessel_type,homogeneous reactor (rotational crystallization),Reactor / reaction chamber,Reactor / reaction chamber,reactor,,homogeneous reactor (rotational crystallization),,1,0
vessel_type,homogeneous reactor (rotational; dry-gel; solvent reduced to 4.0 g),Reactor / reaction chamber,Reactor / reaction chamber,reactor,,homogeneous reactor (rotational; dry-gel; solvent reduced to 4.0 g),,1,0
vessel_type,hydrothermal chamber,Not reported,Vessel (type not reported),generic_vessel,unspecified_vessel_type_to_not_reported,hydrothermal chamber,Vessel is named but shape/material cannot be resolved,1,0
vessel_type,hydrothermal kettle (Teflon-lined autoclave),PTFE-lined autoclave,PTFE-lined autoclave / pressure vessel,ptfe_pressure_vessel,shorten_ptfe_autoclave_label,hydrothermal kettle (teflon-lined autoclave),,1,0
vessel_type,in situ XRD reactor chamber,Reactor / reaction chamber,Reactor / reaction chamber,reactor,,in situ xrd reactor chamber,,0,1
vessel_type,jar with inner vial,Nested / multiple vessels,Nested / multiple vessels,multiple_vessels,,jar with inner vial,Nested or sequential apparatus; no single vessel selected,1,0
vessel_type,layered diffusion (glass vessel),Glass vessel,Glass vessel (shape not reported),generic_glass,simplify_material_vessel_label,layered diffusion (glass vessel),,1,0
vessel_type,layering tube,Tube / capillary,Tube / capillary,tube,,layering tube,,1,0
vessel_type,liquid–liquid diffusion,Not reported,Not reported,equipment_or_operation_only,,liquid-liquid diffusion,"Description specifies equipment/operation, not an identifiable reaction vessel",1,0
vessel_type,lyophilizer (freeze dryer),Not reported,Not reported,equipment_or_operation_only,,lyophilizer (freeze dryer),"Description specifies equipment/operation, not an identifiable reaction vessel",1,0
vessel_type,medium bottle (5 L),Bottle / jar,Bottle / jar,bottle_jar,,medium bottle (5 l),,1,0
vessel_type,"microwave reactor (MD6H, 500 W, 2.0 atm)",Microwave vessel,Microwave vessel,microwave_apparatus,,"microwave reactor (md6h, 500 w, 2.0 atm)",,1,0
vessel_type,microwave vial,Microwave vessel,Microwave vessel,microwave_apparatus,,microwave vial,,1,0
vessel_type,microwave vial (4 mL),Microwave vessel,Microwave vessel,microwave_apparatus,,microwave vial (4 ml),,1,0
vessel_type,microwave vial (Biotage 0.5–2 mL glass reactor),Microwave vessel,Microwave vessel,microwave_apparatus,,microwave vial (biotage 0.5-2 ml glass reactor),,0,1
vessel_type,microwave-inert glass tube,Microwave vessel,Microwave vessel,microwave_apparatus,,microwave-inert glass tube,,0,1
vessel_type,narrow glass tube (layering/solvent diffusion),Tube / capillary,Tube / capillary,tube,,narrow glass tube (layering/solvent diffusion),,1,0
vessel_type,narrow test tube,Tube / capillary,Tube / capillary,tube,,narrow test tube,,1,0
vessel_type,non-solvothermal vial (with pressure regulation),Vial,Vial,vial,,non-solvothermal vial (with pressure regulation),,1,0
vessel_type,oil bath,Not reported,Not reported,equipment_or_operation_only,,oil bath,"Description specifies equipment/operation, not an identifiable reaction vessel",1,0
vessel_type,open reaction tubes in desiccator (vapor diffusion),Tube / capillary,Tube / capillary,tube,,open reaction tubes in desiccator (vapor diffusion),,1,0
vessel_type,open vial,Vial,Vial,vial,,open vial,,1,0
vessel_type,pressure reactor,Autoclave / pressure vessel,Autoclave / pressure vessel,pressure_vessel,,pressure reactor,,1,0
vessel_type,pressure tube (120 mL),Tube / capillary,Tube / capillary,tube,,pressure tube (120 ml),,1,0
vessel_type,pressure-resistant vessel,Autoclave / pressure vessel,Autoclave / pressure vessel,pressure_vessel,,pressure-resistant vessel,,1,0
vessel_type,pressurized vials,Vial,Vial,vial,,pressurized vials,,1,0
vessel_type,pyrex tube,Tube / capillary,Tube / capillary,tube,,pyrex tube,,1,0
vessel_type,pyrex vial,Vial,Vial,vial,,pyrex vial,,0,1
vessel_type,reaction kettle,Reactor / reaction chamber,Reactor / reaction chamber,reactor,,reaction kettle,,1,0
vessel_type,reaction kettle (autoclave),Autoclave / pressure vessel,Autoclave / pressure vessel,pressure_vessel,,reaction kettle (autoclave),,1,0
vessel_type,reactor,Reactor / reaction chamber,Reactor / reaction chamber,reactor,,reactor,,1,0
vessel_type,reflux condenser (for dissolution); glass vessel for mixing,Glass vessel,Glass vessel (shape not reported),generic_glass,simplify_material_vessel_label,reflux condenser (for dissolution); glass vessel for mixing,,1,0
vessel_type,reflux condenser (glass flask),Flask,Flask,flask,,reflux condenser (glass flask),,1,0
vessel_type,round bottom flask (25 mL),Flask,Flask,flask,,round bottom flask (25 ml),,1,0
vessel_type,round bottom flask (with condenser),Flask,Flask,flask,,round bottom flask (with condenser),,1,0
vessel_type,round-bottom flask (25 mL),Flask,Flask,flask,,round-bottom flask (25 ml),,1,0
vessel_type,"round-bottom flask (oil bath), ambient pressure",Flask,Flask,flask,,"round-bottom flask (oil bath), ambient pressure",,1,0
vessel_type,round-bottom flask (oil-bath),Flask,Flask,flask,,round-bottom flask (oil-bath),,1,0
vessel_type,round-bottom flask (sealed),Flask,Flask,flask,,round-bottom flask (sealed),,1,0
vessel_type,round-bottom flask with Allihn condenser,Flask,Flask,flask,,round-bottom flask with allihn condenser,,1,0
vessel_type,round-bottom flask with reflux (oil bath),Flask,Flask,flask,,round-bottom flask with reflux (oil bath),,1,0
vessel_type,round-bottomed flask (250 mL),Flask,Flask,flask,,round-bottomed flask (250 ml),,1,0
vessel_type,sample tube with cap,Tube / capillary,Tube / capillary,tube,,sample tube with cap,,1,0
vessel_type,sand bath in oven,Not reported,Not reported,equipment_or_operation_only,,sand bath in oven,"Description specifies equipment/operation, not an identifiable reaction vessel",1,0
vessel_type,scintillation vial (20 mL),Vial,Vial,vial,,scintillation vial (20 ml),,1,0
vessel_type,scintillation vial (8 mL),Vial,Vial,vial,,scintillation vial (8 ml),,1,0
vessel_type,screw cap 23 mL scintillation vial,Vial,Vial,vial,,screw cap 23 ml scintillation vial,,1,0
vessel_type,screw cap vial (11 mL),Vial,Vial,vial,,screw cap vial (11 ml),,1,0
vessel_type,screw cap vial (20 mL),Vial,Vial,vial,,screw cap vial (20 ml),,1,0
vessel_type,screw-capped Erlenmeyer flask; divided into two 100 mL pressurized flasks,Nested / multiple vessels,Nested / multiple vessels,multiple_vessels,,screw-capped erlenmeyer flask; divided into two 100 ml pressurized flasks,Nested or sequential apparatus; no single vessel selected,1,0
vessel_type,screw-capped flask,Flask,Flask,flask,,screw-capped flask,,1,0
vessel_type,screw-capped glass vial (10 mL),Vial,Vial,vial,,screw-capped glass vial (10 ml),,1,0
vessel_type,screw-capped vial (6 mL),Vial,Vial,vial,,screw-capped vial (6 ml),,1,0
vessel_type,screw-top vial,Vial,Vial,vial,,screw-top vial,,1,0
vessel_type,screwcap bottle,Bottle / jar,Bottle / jar,bottle_jar,,screwcap bottle,,1,0
vessel_type,sealed 10 g sample vial,Vial,Vial,vial,,sealed 10 g sample vial,,1,0
vessel_type,sealed 10 mL glass vial,Vial,Vial,vial,,sealed 10 ml glass vial,,1,0
vessel_type,sealed 125 mL conical flask,Flask,Flask,flask,,sealed 125 ml conical flask,,1,0
vessel_type,sealed 25 mL Teflon-lined stainless steel vessel,PTFE vessel / liner,PTFE vessel / liner,ptfe_body,,sealed 25 ml teflon-lined stainless steel vessel,,1,0
vessel_type,sealed Duran glass tube,Tube / capillary,Tube / capillary,tube,,sealed duran glass tube,,1,0
vessel_type,sealed Pyrex Schott bottle,Bottle / jar,Bottle / jar,bottle_jar,,sealed pyrex schott bottle,,1,0
vessel_type,"sealed Pyrex glass tube (15 cm length, 7 mm i.d.)",Tube / capillary,Tube / capillary,tube,,"sealed pyrex glass tube (15 cm length, 7 mm i.d.)",,0,1
vessel_type,sealed Pyrex tube; oven,Tube / capillary,Tube / capillary,tube,,sealed pyrex tube; oven,,1,0
vessel_type,sealed Teflon cell (Teflon-lined autoclave),PTFE-lined autoclave,PTFE-lined autoclave / pressure vessel,ptfe_pressure_vessel,shorten_ptfe_autoclave_label,sealed teflon cell (teflon-lined autoclave),,1,0
vessel_type,sealed Teflon-lined stainless steel vessel (25 mL),PTFE vessel / liner,PTFE vessel / liner,ptfe_body,,sealed teflon-lined stainless steel vessel (25 ml),,1,0
vessel_type,sealed borosilicate glass vial (microwave),Microwave vessel,Microwave vessel,microwave_apparatus,,sealed borosilicate glass vial (microwave),,0,1
vessel_type,sealed bottle (oven),Bottle / jar,Bottle / jar,bottle_jar,,sealed bottle (oven),,1,0
vessel_type,sealed glass GC vials (2 mL),Vial,Vial,vial,,sealed glass gc vials (2 ml),,1,0
vessel_type,sealed glass bottle (50 mL),Bottle / jar,Bottle / jar,bottle_jar,,sealed glass bottle (50 ml),,1,0
vessel_type,"sealed glass container (Teflon-wrapped neck), oven",Glass vessel,Glass vessel (shape not reported),generic_glass,simplify_material_vessel_label,"sealed glass container (teflon-wrapped neck), oven",,1,0
vessel_type,sealed glass jar (500 mL),Bottle / jar,Bottle / jar,bottle_jar,,sealed glass jar (500 ml),,1,0
vessel_type,sealed glass jar (60 mL),Bottle / jar,Bottle / jar,bottle_jar,,sealed glass jar (60 ml),,1,0
vessel_type,sealed glass pressure tube,Tube / capillary,Tube / capillary,tube,,sealed glass pressure tube,,1,0
vessel_type,sealed glass scintillation jar,Bottle / jar,Bottle / jar,bottle_jar,,sealed glass scintillation jar,,1,0
vessel_type,sealed glass tube (0.8 cm diameter),Tube / capillary,Tube / capillary,tube,,sealed glass tube (0.8 cm diameter),,1,0
vessel_type,sealed glass tube (PBT cap with PTFE seal),Tube / capillary,Tube / capillary,tube,,sealed glass tube (pbt cap with ptfe seal),,1,0
vessel_type,sealed glass tube (type H),Tube / capillary,Tube / capillary,tube,,sealed glass tube (type h),,1,0
vessel_type,"sealed glass vial, 20 mL",Vial,Vial,vial,,"sealed glass vial, 20 ml",,1,0
vessel_type,sealed jar (oven),Bottle / jar,Bottle / jar,bottle_jar,,sealed jar (oven),,1,0
vessel_type,sealed polyethylene bottle,Bottle / jar,Bottle / jar,bottle_jar,,sealed polyethylene bottle,,1,0
vessel_type,sealed scintillation vial,Vial,Vial,vial,,sealed scintillation vial,,1,0
vessel_type,sealed test tube (layered diffusion),Tube / capillary,Tube / capillary,tube,,sealed test tube (layered diffusion),,1,0
vessel_type,sealed thick Pyrex tube (evacuated ampoule),Ampoule,Ampoule,ampoule,,sealed thick pyrex tube (evacuated ampoule),,1,0
vessel_type,sealed vessel (static),Not reported,Vessel (type not reported),generic_vessel,unspecified_vessel_type_to_not_reported,sealed vessel (static),Vessel is named but shape/material cannot be resolved,1,0
vessel_type,serum bottle,Bottle / jar,Bottle / jar,bottle_jar,,serum bottle,,1,0
vessel_type,"soak, static",Not reported,Not reported,equipment_or_operation_only,,"soak, static","Description specifies equipment/operation, not an identifiable reaction vessel",1,0
vessel_type,solvothermal autoclave,Autoclave / pressure vessel,Autoclave / pressure vessel,pressure_vessel,,solvothermal autoclave,,1,0
vessel_type,spherical flask,Flask,Flask,flask,,spherical flask,,1,0
vessel_type,spray dryer (AF-88),Not reported,Not reported,equipment_or_operation_only,,spray dryer (af-88),"Description specifies equipment/operation, not an identifiable reaction vessel",1,0
vessel_type,stainless steel Teflon-lined autoclave (23 mL),PTFE-lined autoclave,PTFE-lined autoclave / pressure vessel,ptfe_pressure_vessel,shorten_ptfe_autoclave_label,stainless steel teflon-lined autoclave (23 ml),,1,0
vessel_type,stainless steel autoclave with Teflon liner (23.0 mL),PTFE-lined autoclave,PTFE-lined autoclave / pressure vessel,ptfe_pressure_vessel,shorten_ptfe_autoclave_label,stainless steel autoclave with teflon liner (23.0 ml),,1,0
vessel_type,stainless steel bomb,Autoclave / pressure vessel,Autoclave / pressure vessel,pressure_vessel,,stainless steel bomb,,1,0
vessel_type,stainless steel reactor (15 mL),Reactor / reaction chamber,Reactor / reaction chamber,reactor,,stainless steel reactor (15 ml),,1,0
vessel_type,stainless steel sealed vessel,Metal vessel,Metal vessel (shape not reported),generic_metal,simplify_material_vessel_label,stainless steel sealed vessel,,1,0
vessel_type,stainless steel vessel (23.0 mL),Metal vessel,Metal vessel (shape not reported),generic_metal,simplify_material_vessel_label,stainless steel vessel (23.0 ml),,1,0
vessel_type,stainless-steel Teflon-lined autoclave,PTFE-lined autoclave,PTFE-lined autoclave / pressure vessel,ptfe_pressure_vessel,shorten_ptfe_autoclave_label,stainless-steel teflon-lined autoclave,,1,0
vessel_type,stirred tank reactor (beaker),Beaker,Beaker,beaker,,stirred tank reactor (beaker),,1,0
vessel_type,straight glass tube (sealed),Tube / capillary,Tube / capillary,tube,,straight glass tube (sealed),,0,1
vessel_type,test tube (layering),Tube / capillary,Tube / capillary,tube,,test tube (layering),,1,0
vessel_type,test tube (layering/solvent diffusion),Tube / capillary,Tube / capillary,tube,,test tube (layering/solvent diffusion),,1,0
vessel_type,test tube in sealed bottle (vapor diffusion),Nested / multiple vessels,Nested / multiple vessels,multiple_vessels,,test tube in sealed bottle (vapor diffusion),Nested or sequential apparatus; no single vessel selected,1,0
vessel_type,test tube with a screw cap,Tube / capillary,Tube / capillary,tube,,test tube with a screw cap,,1,0
vessel_type,test tube; silica gel medium (tetramethoxysilane used to form gel),Tube / capillary,Tube / capillary,tube,,test tube; silica gel medium (tetramethoxysilane used to form gel),,1,0
vessel_type,test tubes,Tube / capillary,Tube / capillary,tube,,test tubes,,1,0
vessel_type,thick Pyrex tube,Tube / capillary,Tube / capillary,tube,,thick pyrex tube,,1,0
vessel_type,thick glass jar,Bottle / jar,Bottle / jar,bottle_jar,,thick glass jar,,1,0
vessel_type,thick-glass jar (sealed),Bottle / jar,Bottle / jar,bottle_jar,,thick-glass jar (sealed),,1,0
vessel_type,thick-walled glass bomb with Teflon screw cap,Autoclave / pressure vessel,Autoclave / pressure vessel,pressure_vessel,,thick-walled glass bomb with teflon screw cap,,1,0
vessel_type,thin tube (inner diameter 1.0 cm),Tube / capillary,Tube / capillary,tube,,thin tube (inner diameter 1.0 cm),,1,0
vessel_type,three-mouth flask,Flask,Flask,flask,,three-mouth flask,,1,0
vessel_type,three-neck balloon,Flask,Flask,flask,,three-neck balloon,,1,0
vessel_type,three-necked flask,Flask,Flask,flask,,three-necked flask,,1,0
vessel_type,tightly capped PFA (perfluoroalkoxy) flask,Flask,Flask,flask,,tightly capped pfa (perfluoroalkoxy) flask,,1,0
vessel_type,tightly capped vial,Vial,Vial,vial,,tightly capped vial,,1,0
vessel_type,tightly sealed glass vial,Vial,Vial,vial,,tightly sealed glass vial,,0,1
vessel_type,tube (on rotator),Tube / capillary,Tube / capillary,tube,,tube (on rotator),,1,0
vessel_type,two-arm glass branched tube,Tube / capillary,Tube / capillary,tube,,two-arm glass branched tube,,1,0
vessel_type,two-neck round-bottom flask with condenser,Flask,Flask,flask,,two-neck round-bottom flask with condenser,,1,0
vessel_type,ultrasonic bath; oven,Not reported,Not reported,equipment_or_operation_only,,ultrasonic bath; oven,"Description specifies equipment/operation, not an identifiable reaction vessel",1,0
vessel_type,unsealed glass bottle,Bottle / jar,Bottle / jar,bottle_jar,,unsealed glass bottle,,1,0
vessel_type,vial-in-vial diffusion,Nested / multiple vessels,Nested / multiple vessels,multiple_vessels,,vial-in-vial diffusion,Nested or sequential apparatus; no single vessel selected,1,0
vessel_type,volumetric flask,Flask,Flask,flask,,volumetric flask,,1,0
vessel_volume_mL,,Not reported,Not reported,missing_vessel,,,,2339,1788
vessel_volume_mL,Teflon-lined autoclave,Not reported,Not reported,capacity_not_reported,,teflon-lined autoclave,,1580,1360
vessel_volume_mL,Teflon-lined stainless steel autoclave,Not reported,Not reported,capacity_not_reported,,teflon-lined stainless steel autoclave,,358,206
vessel_volume_mL,glass vial,Not reported,Not reported,capacity_not_reported,,glass vial,,295,266
vessel_volume_mL,Teflon-lined autoclave (23 mL),23.0,23.0,explicit_capacity_ml,,teflon-lined autoclave (23 ml),,190,351
vessel_volume_mL,Teflon-lined autoclave (25 mL),25.0,25.0,explicit_capacity_ml,,teflon-lined autoclave (25 ml),,264,238
vessel_volume_mL,Teflon-lined stainless steel vessel,Not reported,Not reported,capacity_not_reported,,teflon-lined stainless steel vessel,,219,282
vessel_volume_mL,Pyrex tube (15 mL),15.0,15.0,explicit_capacity_ml,,pyrex tube (15 ml),,8,480
vessel_volume_mL,Teflon-lined stainless steel autoclave (25 mL),25.0,25.0,explicit_capacity_ml,,teflon-lined stainless steel autoclave (25 ml),,124,285
vessel_volume_mL,25 mL Teflon-lined stainless steel vessel,25.0,25.0,explicit_capacity_ml,,25 ml teflon-lined stainless steel vessel,,101,259
vessel_volume_mL,autoclave,Not reported,Not reported,capacity_not_reported,,autoclave,,117,236
vessel_volume_mL,glass tube (sealed),Not reported,Not reported,capacity_not_reported,,glass tube (sealed),,24,290
vessel_volume_mL,glass tube,Not reported,Not reported,capacity_not_reported,,glass tube,,61,242
vessel_volume_mL,Teflon-lined autoclave (15 mL),15.0,15.0,explicit_capacity_ml,,teflon-lined autoclave (15 ml),,205,83
vessel_volume_mL,25 mL Teflon-lined stainless steel autoclave,25.0,25.0,explicit_capacity_ml,,25 ml teflon-lined stainless steel autoclave,,135,152
vessel_volume_mL,sealed glass tube,Not reported,Not reported,capacity_not_reported,,sealed glass tube,,24,202
vessel_volume_mL,25 mL Teflon-lined autoclave,25.0,25.0,explicit_capacity_ml,,25 ml teflon-lined autoclave,,127,84
vessel_volume_mL,Teflon-lined stainless steel vessel (25 mL),25.0,25.0,explicit_capacity_ml,,teflon-lined stainless steel vessel (25 ml),,94,116
vessel_volume_mL,20 mL glass vial,20.0,20.0,explicit_capacity_ml,,20 ml glass vial,,122,76
vessel_volume_mL,23 mL Teflon-lined autoclave,23.0,23.0,explicit_capacity_ml,,23 ml teflon-lined autoclave,,78,120
vessel_volume_mL,20 mL vial,20.0,20.0,explicit_capacity_ml,,20 ml vial,,120,62
vessel_volume_mL,15 mL glass vial,15.0,15.0,explicit_capacity_ml,,15 ml glass vial,,91,87
vessel_volume_mL,Teflon-lined autoclave (18 mL),18.0,18.0,explicit_capacity_ml,,teflon-lined autoclave (18 ml),,33,144
vessel_volume_mL,23 mL Teflon-lined stainless steel autoclave,23.0,23.0,explicit_capacity_ml,,23 ml teflon-lined stainless steel autoclave,,42,125
vessel_volume_mL,Pyrex glass vessel (100 mL),100.0,100.0,explicit_capacity_ml,,pyrex glass vessel (100 ml),,5,151
vessel_volume_mL,23 mL Teflon-lined stainless-steel autoclave,23.0,23.0,explicit_capacity_ml,,23 ml teflon-lined stainless-steel autoclave,,29,123
vessel_volume_mL,20 mL scintillation vial,20.0,20.0,explicit_capacity_ml,,20 ml scintillation vial,,114,37
vessel_volume_mL,Teflon-lined autoclave (20 mL),20.0,20.0,explicit_capacity_ml,,teflon-lined autoclave (20 ml),,95,49
vessel_volume_mL,Teflon-lined stainless steel container,Not reported,Not reported,capacity_not_reported,,teflon-lined stainless steel container,,78,60
vessel_volume_mL,Pyrex vial,Not reported,Not reported,capacity_not_reported,,pyrex vial,,109,27
vessel_volume_mL,test tube,Not reported,Not reported,capacity_not_reported,,test tube,,53,82
vessel_volume_mL,Teflon-lined stainless steel autoclave (23 mL),23.0,23.0,explicit_capacity_ml,,teflon-lined stainless steel autoclave (23 ml),,68,60
vessel_volume_mL,Parr Teflon-lined stainless steel autoclave (15 mL),15.0,15.0,explicit_capacity_ml,,parr teflon-lined stainless steel autoclave (15 ml),,0,121
vessel_volume_mL,6-dram glass vial,Ambiguous,Ambiguous,unspecified_imperial_volume,,6-dram glass vial,Imperial/US customary size without explicit mL equivalent; convention not assumed,63,55
vessel_volume_mL,"Teflon-lined autoclave, 23 mL",23.0,23.0,explicit_capacity_ml,,"teflon-lined autoclave, 23 ml",,19,99
vessel_volume_mL,Teflon-lined steel autoclave,Not reported,Not reported,capacity_not_reported,,teflon-lined steel autoclave,,76,33
vessel_volume_mL,screw-capped vial,Not reported,Not reported,capacity_not_reported,,screw-capped vial,,40,66
vessel_volume_mL,Teflon-lined autoclave (100 mL),100.0,100.0,explicit_capacity_ml,,teflon-lined autoclave (100 ml),,87,16
vessel_volume_mL,round-bottom flask,Not reported,Not reported,capacity_not_reported,,round-bottom flask,,65,37
vessel_volume_mL,Teflon-lined stainless-steel autoclave,Not reported,Not reported,capacity_not_reported,,teflon-lined stainless-steel autoclave,,63,33
vessel_volume_mL,15 mL PTFE-lined stainless steel vessel (autogenous pressure),15.0,15.0,explicit_capacity_ml,,15 ml ptfe-lined stainless steel vessel (autogenous pressure),,9,86
vessel_volume_mL,Teflon-lined stainless steel autoclave (15 mL),15.0,15.0,explicit_capacity_ml,,teflon-lined stainless steel autoclave (15 ml),,34,58
vessel_volume_mL,Pyrex sample tube (microwave synthesizer),Not reported,Not reported,capacity_not_reported,,pyrex sample tube (microwave synthesizer),,17,72
vessel_volume_mL,10 mL glass vial,10.0,10.0,explicit_capacity_ml,,10 ml glass vial,,58,30
vessel_volume_mL,glass vessel (autogenous pressure),Not reported,Not reported,capacity_not_reported,,glass vessel (autogenous pressure),,2,86
vessel_volume_mL,Teflon-lined stainless autoclave (25 mL),25.0,25.0,explicit_capacity_ml,,teflon-lined stainless autoclave (25 ml),,27,56
vessel_volume_mL,20 mL Pyrex vial,20.0,20.0,explicit_capacity_ml,,20 ml pyrex vial,,37,44
vessel_volume_mL,4 mL glass vial,4.0,4.0,explicit_capacity_ml,,4 ml glass vial,,33,48
vessel_volume_mL,Teflon-lined autoclave (30 mL),30.0,30.0,explicit_capacity_ml,,teflon-lined autoclave (30 ml),,13,66
vessel_volume_mL,10 mL beaker,10.0,10.0,explicit_capacity_ml,,10 ml beaker,,12,66
vessel_volume_mL,23 mL PTFE-lined stainless steel autoclave,23.0,23.0,explicit_capacity_ml,,23 ml ptfe-lined stainless steel autoclave,,24,54
vessel_volume_mL,25 mL Teflon-lined bomb,25.0,25.0,explicit_capacity_ml,,25 ml teflon-lined bomb,,13,63
vessel_volume_mL,Teflon-lined stainless steel reactor (25 mL),25.0,25.0,explicit_capacity_ml,,teflon-lined stainless steel reactor (25 ml),,16,57
vessel_volume_mL,glass vial (sealed),Not reported,Not reported,capacity_not_reported,,glass vial (sealed),,43,30
vessel_volume_mL,Teflon-lined stainless steel autoclave (20 mL),20.0,20.0,explicit_capacity_ml,,teflon-lined stainless steel autoclave (20 ml),,45,24
vessel_volume_mL,Teflon reactor (15 mL),15.0,15.0,explicit_capacity_ml,,teflon reactor (15 ml),,49,16
vessel_volume_mL,Teflon-lined steel autoclave (22 mL),22.0,22.0,explicit_capacity_ml,,teflon-lined steel autoclave (22 ml),,2,63
vessel_volume_mL,25 mL Teflon-lined stainless steel container,25.0,25.0,explicit_capacity_ml,,25 ml teflon-lined stainless steel container,,38,26
vessel_volume_mL,10 mL glass bottle,10.0,10.0,explicit_capacity_ml,,10 ml glass bottle,,10,51
vessel_volume_mL,glass test tube (layered diffusion),Not reported,Not reported,capacity_not_reported,,glass test tube (layered diffusion),,10,51
vessel_volume_mL,vial,Not reported,Not reported,capacity_not_reported,,vial,,35,26
vessel_volume_mL,16 mL glass vial,16.0,16.0,explicit_capacity_ml,,16 ml glass vial,,37,23
vessel_volume_mL,capped vial,Not reported,Not reported,capacity_not_reported,,capped vial,,48,12
vessel_volume_mL,"Teflon-lined autoclave, 25 mL",25.0,25.0,explicit_capacity_ml,,"teflon-lined autoclave, 25 ml",,19,40
vessel_volume_mL,screw cap vial,Not reported,Not reported,capacity_not_reported,,screw cap vial,,27,32
vessel_volume_mL,glass scintillation vial,Not reported,Not reported,capacity_not_reported,,glass scintillation vial,,15,42
vessel_volume_mL,Teflon-lined stainless-steel autoclave (25 mL),25.0,25.0,explicit_capacity_ml,,teflon-lined stainless-steel autoclave (25 ml),,11,44
vessel_volume_mL,PTFE-lined autoclave,Not reported,Not reported,capacity_not_reported,,ptfe-lined autoclave,,37,17
vessel_volume_mL,Teflon-lined autoclave (50 mL),50.0,50.0,explicit_capacity_ml,,teflon-lined autoclave (50 ml),,42,11
vessel_volume_mL,screw-cap reaction tube,Not reported,Not reported,capacity_not_reported,,screw-cap reaction tube,,33,20
vessel_volume_mL,20 mL Teflon-lined stainless steel vessel,20.0,20.0,explicit_capacity_ml,,20 ml teflon-lined stainless steel vessel,,9,43
vessel_volume_mL,23 mL Teflon-lined stainless steel vessel,23.0,23.0,explicit_capacity_ml,,23 ml teflon-lined stainless steel vessel,,46,5
vessel_volume_mL,Parr autoclave with 23 mL Teflon liner,23.0,23.0,explicit_capacity_ml,,parr autoclave with 23 ml teflon liner,,3,48
vessel_volume_mL,Teflon-lined autoclave (100 mL liner),100.0,100.0,explicit_capacity_ml,,teflon-lined autoclave (100 ml liner),,12,39
vessel_volume_mL,Teflon-lined stainless steel vessel (20 mL),20.0,20.0,explicit_capacity_ml,,teflon-lined stainless steel vessel (20 ml),,23,28
vessel_volume_mL,HT Teflon insert (2.0 mL),2.0,2.0,explicit_capacity_ml,,ht teflon insert (2.0 ml),,2,48
vessel_volume_mL,scintillation vial,Not reported,Not reported,capacity_not_reported,,scintillation vial,,33,16
vessel_volume_mL,Teflon reactor (20 mL),20.0,20.0,explicit_capacity_ml,,teflon reactor (20 ml),,48,0
vessel_volume_mL,Teflon-sealed screw cap glass vessel (100 mL),100.0,100.0,explicit_capacity_ml,,teflon-sealed screw cap glass vessel (100 ml),,2,46
vessel_volume_mL,beaker,Not reported,Not reported,capacity_not_reported,,beaker,,25,23
vessel_volume_mL,15 mL Teflon-lined reactor,15.0,15.0,explicit_capacity_ml,,15 ml teflon-lined reactor,,8,39
vessel_volume_mL,5 mL Teflon vial,5.0,5.0,explicit_capacity_ml,,5 ml teflon vial,,0,47
vessel_volume_mL,16 mL Teflon-lined stainless steel container,16.0,16.0,explicit_capacity_ml,,16 ml teflon-lined stainless steel container,,29,17
vessel_volume_mL,round-bottom flask (reflux),Not reported,Not reported,capacity_not_reported,,round-bottom flask (reflux),,33,13
vessel_volume_mL,Teflon-lined digestion bomb (23 mL),23.0,23.0,explicit_capacity_ml,,teflon-lined digestion bomb (23 ml),,13,32
vessel_volume_mL,Teflon-lined stainless steel vessel (30 mL),30.0,30.0,explicit_capacity_ml,,teflon-lined stainless steel vessel (30 ml),,4,41
vessel_volume_mL,15-mL Teflon-lined stainless-steel container,15.0,15.0,explicit_capacity_ml,,15-ml teflon-lined stainless-steel container,,36,7
vessel_volume_mL,"20 mL glass scintillation vials, Teflon-lined caps",20.0,20.0,explicit_capacity_ml,,"20 ml glass scintillation vials, teflon-lined caps",,10,33
vessel_volume_mL,10 mL Pyrex glass tube (sealed),10.0,10.0,explicit_capacity_ml,,10 ml pyrex glass tube (sealed),,13,29
vessel_volume_mL,15 mL Teflon-lined stainless steel vessel,15.0,15.0,explicit_capacity_ml,,15 ml teflon-lined stainless steel vessel,,24,18
vessel_volume_mL,15-mL scintillation vial,15.0,15.0,explicit_capacity_ml,,15-ml scintillation vial,,9,33
vessel_volume_mL,Teflon-lined stainless steel vessel (15 mL),15.0,15.0,explicit_capacity_ml,,teflon-lined stainless steel vessel (15 ml),,39,3
vessel_volume_mL,20 mL Teflon-lined stainless steel autoclave,20.0,20.0,explicit_capacity_ml,,20 ml teflon-lined stainless steel autoclave,,21,19
vessel_volume_mL,25 mL Teflon-lined stainless steel bomb (Teflon-lined autoclave),25.0,25.0,explicit_capacity_ml,,25 ml teflon-lined stainless steel bomb (teflon-lined autoclave),,3,36
vessel_volume_mL,25 mL screw-top glass jar,25.0,25.0,explicit_capacity_ml,,25 ml screw-top glass jar,,14,25
vessel_volume_mL,glass beaker,Not reported,Not reported,capacity_not_reported,,glass beaker,,34,5
vessel_volume_mL,glass bottle,Not reported,Not reported,capacity_not_reported,,glass bottle,,28,11
vessel_volume_mL,100 mL beaker,100.0,100.0,explicit_capacity_ml,,100 ml beaker,,8,30
vessel_volume_mL,20 mL scintillation vial (Teflon-lined cap),20.0,20.0,explicit_capacity_ml,,20 ml scintillation vial (teflon-lined cap),,19,19
vessel_volume_mL,50 mL screw cap glass bottle,50.0,50.0,explicit_capacity_ml,,50 ml screw cap glass bottle,,12,26
vessel_volume_mL,Teflon-lined stainless steel vessel (23 mL),23.0,23.0,explicit_capacity_ml,,teflon-lined stainless steel vessel (23 ml),,7,31
vessel_volume_mL,Teflon-lined steel autoclave (100 mL),100.0,100.0,explicit_capacity_ml,,teflon-lined steel autoclave (100 ml),,37,1
vessel_volume_mL,15 mL Teflon-lined stainless steel autoclave,15.0,15.0,explicit_capacity_ml,,15 ml teflon-lined stainless steel autoclave,,21,16
vessel_volume_mL,20 mL Teflon-lined autoclave,20.0,20.0,explicit_capacity_ml,,20 ml teflon-lined autoclave,,21,16
vessel_volume_mL,Pyrex heat-resistant glass bottle,Not reported,Not reported,capacity_not_reported,,pyrex heat-resistant glass bottle,,2,35
vessel_volume_mL,Teflon vial (2 mL) in HT reactor block,2.0,2.0,explicit_capacity_ml,,teflon vial (2 ml) in ht reactor block,,2,35
vessel_volume_mL,"Teflon-lined stainless steel autoclave, 25 mL",25.0,25.0,explicit_capacity_ml,,"teflon-lined stainless steel autoclave, 25 ml",,9,28
vessel_volume_mL,glass vial (10 mL),10.0,10.0,explicit_capacity_ml,,glass vial (10 ml),,30,7
vessel_volume_mL,screw cap vials,Not reported,Not reported,capacity_not_reported,,screw cap vials,,4,33
vessel_volume_mL,10 mL Pyrex glass tube,10.0,10.0,explicit_capacity_ml,,10 ml pyrex glass tube,,14,22
vessel_volume_mL,"glass scintillation vial, tightly capped",Not reported,Not reported,capacity_not_reported,,"glass scintillation vial, tightly capped",,6,30
vessel_volume_mL,PTFE-lined stainless steel autoclave,Not reported,Not reported,capacity_not_reported,,ptfe-lined stainless steel autoclave,,15,20
vessel_volume_mL,Teflon-lined autoclave (40 mL),40.0,40.0,explicit_capacity_ml,,teflon-lined autoclave (40 ml),,33,2
vessel_volume_mL,Teflon-lined bomb,Not reported,Not reported,capacity_not_reported,,teflon-lined bomb,,7,28
vessel_volume_mL,Teflon-lined steel autoclave (50 mL),50.0,50.0,explicit_capacity_ml,,teflon-lined steel autoclave (50 ml),,35,0
vessel_volume_mL,sealed glass vial,Not reported,Not reported,capacity_not_reported,,sealed glass vial,,22,13
vessel_volume_mL,100 mL glass bottle,100.0,100.0,explicit_capacity_ml,,100 ml glass bottle,,1,33
vessel_volume_mL,23 mL glass vial,23.0,23.0,explicit_capacity_ml,,23 ml glass vial,,20,14
vessel_volume_mL,5 mL glass vial,5.0,5.0,explicit_capacity_ml,,5 ml glass vial,,19,15
vessel_volume_mL,Pyrex tube,Not reported,Not reported,capacity_not_reported,,pyrex tube,,29,5
vessel_volume_mL,Teflon-lined stainless steel autoclave (45 mL),45.0,45.0,explicit_capacity_ml,,teflon-lined stainless steel autoclave (45 ml),,7,27
vessel_volume_mL,sealed vial,Not reported,Not reported,capacity_not_reported,,sealed vial,,30,4
vessel_volume_mL,stainless-steel reactor (20 mL),20.0,20.0,explicit_capacity_ml,,stainless-steel reactor (20 ml),,3,31
vessel_volume_mL,15 mL screw-cap reaction tube,15.0,15.0,explicit_capacity_ml,,15 ml screw-cap reaction tube,,21,12
vessel_volume_mL,20 mL Teflon-lined stainless steel container,20.0,20.0,explicit_capacity_ml,,20 ml teflon-lined stainless steel container,,22,11
vessel_volume_mL,50 mL Teflon-lined stainless-steel autoclave,50.0,50.0,explicit_capacity_ml,,50 ml teflon-lined stainless-steel autoclave,,33,0
vessel_volume_mL,Parr Teflon-lined stainless steel vessel (15 mL),15.0,15.0,explicit_capacity_ml,,parr teflon-lined stainless steel vessel (15 ml),,32,1
vessel_volume_mL,"Teflon-lined stainless steel autoclave (Parr), 25 mL",25.0,25.0,explicit_capacity_ml,,"teflon-lined stainless steel autoclave (parr), 25 ml",,5,28
vessel_volume_mL,glass vial (5 mL),5.0,5.0,explicit_capacity_ml,,glass vial (5 ml),,17,16
vessel_volume_mL,Teflon reactor (4 mL screw-capped vial inside),Ambiguous,Ambiguous,nested_vessel_capacity,,teflon reactor (4 ml screw-capped vial inside),Capacity cannot be assigned to one reaction vessel in nested/sequential apparatus,10,22
vessel_volume_mL,Teflon-lined stainless steel vessel (12 mL),12.0,12.0,explicit_capacity_ml,,teflon-lined stainless steel vessel (12 ml),,10,22
vessel_volume_mL,23 mL Teflon-lined stainless steel reactor,23.0,23.0,explicit_capacity_ml,,23 ml teflon-lined stainless steel reactor,,15,16
vessel_volume_mL,50 mL Pyrex reagent jar,50.0,50.0,explicit_capacity_ml,,50 ml pyrex reagent jar,,4,27
vessel_volume_mL,Teflon-lined Parr acid digestion vessel (Model 4744; 45 mL),45.0,45.0,explicit_capacity_ml,,teflon-lined parr acid digestion vessel (model 4744; 45 ml),,5,26
vessel_volume_mL,Teflon-lined stainless steel autoclave (100 mL),100.0,100.0,explicit_capacity_ml,,teflon-lined stainless steel autoclave (100 ml),,29,2
vessel_volume_mL,Teflon-lined stainless steel autoclave (16 mL),16.0,16.0,explicit_capacity_ml,,teflon-lined stainless steel autoclave (16 ml),,21,10
vessel_volume_mL,autoclave (25 mL),25.0,25.0,explicit_capacity_ml,,autoclave (25 ml),,9,22
vessel_volume_mL,10 mL scintillation vial,10.0,10.0,explicit_capacity_ml,,10 ml scintillation vial,,28,2
vessel_volume_mL,100 mL Teflon-lined autoclave,100.0,100.0,explicit_capacity_ml,,100 ml teflon-lined autoclave,,22,8
vessel_volume_mL,23 mL Teflon-lined Parr autoclave,23.0,23.0,explicit_capacity_ml,,23 ml teflon-lined parr autoclave,,18,12
vessel_volume_mL,23-mL Teflon-lined Parr autoclave,23.0,23.0,explicit_capacity_ml,,23-ml teflon-lined parr autoclave,,2,28
vessel_volume_mL,30 mL Teflon-lined steel autoclave,30.0,30.0,explicit_capacity_ml,,30 ml teflon-lined steel autoclave,,2,28
vessel_volume_mL,Teflon-lined 23 mL Parr acid digestion bomb,23.0,23.0,explicit_capacity_ml,,teflon-lined 23 ml parr acid digestion bomb,,6,24
vessel_volume_mL,Teflon-lined stainless steel reactor,Not reported,Not reported,capacity_not_reported,,teflon-lined stainless steel reactor,,25,5
vessel_volume_mL,capped glass vial,Not reported,Not reported,capacity_not_reported,,capped glass vial,,7,23
vessel_volume_mL,non-pressurised scintillation vial,Not reported,Not reported,capacity_not_reported,,non-pressurised scintillation vial,,6,24
vessel_volume_mL,parr Teflon-lined stainless steel vessel (23 mL),23.0,23.0,explicit_capacity_ml,,parr teflon-lined stainless steel vessel (23 ml),,4,26
vessel_volume_mL,20 mL Teflon-lined stainless autoclave,20.0,20.0,explicit_capacity_ml,,20 ml teflon-lined stainless autoclave,,21,8
vessel_volume_mL,20 mL glass vial with Teflon-lined screw cap,20.0,20.0,explicit_capacity_ml,,20 ml glass vial with teflon-lined screw cap,,1,28
vessel_volume_mL,23 mL Teflon-lined Parr bomb,23.0,23.0,explicit_capacity_ml,,23 ml teflon-lined parr bomb,,5,24
vessel_volume_mL,25 mL PYREX reagent bottle,25.0,25.0,explicit_capacity_ml,,25 ml pyrex reagent bottle,,11,18
vessel_volume_mL,Teflon-lined stainless-steel autoclave (23 mL),23.0,23.0,explicit_capacity_ml,,teflon-lined stainless-steel autoclave (23 ml),,20,9
vessel_volume_mL,23 mL Teflon-lined digestion bomb,23.0,23.0,explicit_capacity_ml,,23 ml teflon-lined digestion bomb,,13,15
vessel_volume_mL,5 mL vial,5.0,5.0,explicit_capacity_ml,,5 ml vial,,16,12
vessel_volume_mL,Pyrex glass tube (sealed),Not reported,Not reported,capacity_not_reported,,pyrex glass tube (sealed),,7,21
vessel_volume_mL,Pyrex tube (sealed),Not reported,Not reported,capacity_not_reported,,pyrex tube (sealed),,11,17
vessel_volume_mL,Teflon-lined autoclave (45 mL liner),45.0,45.0,explicit_capacity_ml,,teflon-lined autoclave (45 ml liner),,27,1
vessel_volume_mL,Teflon-lined reactor,Not reported,Not reported,capacity_not_reported,,teflon-lined reactor,,18,10
vessel_volume_mL,100 mL Teflon-lined stainless steel autoclave,100.0,100.0,explicit_capacity_ml,,100 ml teflon-lined stainless steel autoclave,,21,6
vessel_volume_mL,15 mL Teflon-lined autoclave,15.0,15.0,explicit_capacity_ml,,15 ml teflon-lined autoclave,,13,14
vessel_volume_mL,Teflon-capped glass flask,Not reported,Not reported,capacity_not_reported,,teflon-capped glass flask,,7,20
vessel_volume_mL,six-dram glass vial,Ambiguous,Ambiguous,unspecified_imperial_volume,,six-dram glass vial,Imperial/US customary size without explicit mL equivalent; convention not assumed,5,22
vessel_volume_mL,4 mL Teflon-lined stainless-steel container,4.0,4.0,explicit_capacity_ml,,4 ml teflon-lined stainless-steel container,,9,17
vessel_volume_mL,45 mL Teflon-lined reactor,45.0,45.0,explicit_capacity_ml,,45 ml teflon-lined reactor,,0,26
vessel_volume_mL,50 mL flask,50.0,50.0,explicit_capacity_ml,,50 ml flask,,11,15
vessel_volume_mL,Schott Duran glass culture tube (GL-14),Not reported,Not reported,capacity_not_reported,,schott duran glass culture tube (gl-14),,0,26
vessel_volume_mL,Teflon-lined acid digestion bomb (43 mL),43.0,43.0,explicit_capacity_ml,,teflon-lined acid digestion bomb (43 ml),,19,7
vessel_volume_mL,Teflon-lined autoclave (Parr bomb),Not reported,Not reported,capacity_not_reported,,teflon-lined autoclave (parr bomb),,0,26
vessel_volume_mL,Teflon-lined steel Parr autoclave (23 mL),23.0,23.0,explicit_capacity_ml,,teflon-lined steel parr autoclave (23 ml),,3,23
vessel_volume_mL,sealed glass tube (10 mL),10.0,10.0,explicit_capacity_ml,,sealed glass tube (10 ml),,5,21
vessel_volume_mL,1.5 mL Eppendorf tubes,1.5,1.5,explicit_capacity_ml,,1.5 ml eppendorf tubes,,1,24
vessel_volume_mL,50 mL Pyrex jar,50.0,50.0,explicit_capacity_ml,,50 ml pyrex jar,,16,9
vessel_volume_mL,Teflon-lined reactor (15 mL),15.0,15.0,explicit_capacity_ml,,teflon-lined reactor (15 ml),,15,10
vessel_volume_mL,Teflon-lined stainless autoclave,Not reported,Not reported,capacity_not_reported,,teflon-lined stainless autoclave,,24,1
vessel_volume_mL,glass vial (screw cap),Not reported,Not reported,capacity_not_reported,,glass vial (screw cap),,3,22
vessel_volume_mL,sealed 10 mL glass vessel,10.0,10.0,explicit_capacity_ml,,sealed 10 ml glass vessel,,21,4
vessel_volume_mL,sealed 12 mm diameter glass test tube,Not reported,Not reported,capacity_not_reported,,sealed 12 mm diameter glass test tube,,3,22
vessel_volume_mL,20 mL glass vial (sealed),20.0,20.0,explicit_capacity_ml,,20 ml glass vial (sealed),,18,6
vessel_volume_mL,30 mL DURAN glass bottle,30.0,30.0,explicit_capacity_ml,,30 ml duran glass bottle,,5,19
vessel_volume_mL,48 mL Synthware heavy-wall pressure vessel (round-bottom),48.0,48.0,explicit_capacity_ml,,48 ml synthware heavy-wall pressure vessel (round-bottom),,13,11
vessel_volume_mL,8-dram vial,Ambiguous,Ambiguous,unspecified_imperial_volume,,8-dram vial,Imperial/US customary size without explicit mL equivalent; convention not assumed,21,3
vessel_volume_mL,"Pyrex tube (10 mL), sealed",10.0,10.0,explicit_capacity_ml,,"pyrex tube (10 ml), sealed",,24,0
vessel_volume_mL,Teflon round bottom flask,Not reported,Not reported,capacity_not_reported,,teflon round bottom flask,,4,20
vessel_volume_mL,Teflon-lined Parr bomb,Not reported,Not reported,capacity_not_reported,,teflon-lined parr bomb,,6,18
vessel_volume_mL,Teflon-lined autoclave (43 mL PTFE liner),43.0,43.0,explicit_capacity_ml,,teflon-lined autoclave (43 ml ptfe liner),,3,21
vessel_volume_mL,Teflon-lined digestion bomb,Not reported,Not reported,capacity_not_reported,,teflon-lined digestion bomb,,20,4
vessel_volume_mL,block heater,Not reported,Not reported,no_identified_vessel,,block heater,"Description specifies equipment/operation, not an identifiable reaction vessel",0,24
vessel_volume_mL,glass vial (4 mL),4.0,4.0,explicit_capacity_ml,,glass vial (4 ml),,4,20
vessel_volume_mL,100 mL Teflon-lined steel autoclave,100.0,100.0,explicit_capacity_ml,,100 ml teflon-lined steel autoclave,,16,7
vessel_volume_mL,18 mL Teflon-lined autoclave,18.0,18.0,explicit_capacity_ml,,18 ml teflon-lined autoclave,,4,19
vessel_volume_mL,23 mL polypropylene container,23.0,23.0,explicit_capacity_ml,,23 ml polypropylene container,,16,7
vessel_volume_mL,4 mL scintillation vial,4.0,4.0,explicit_capacity_ml,,4 ml scintillation vial,,5,18
vessel_volume_mL,Schott Duran glass culture tube (5 mL),5.0,5.0,explicit_capacity_ml,,schott duran glass culture tube (5 ml),,5,18
vessel_volume_mL,Teflon reactor,Not reported,Not reported,capacity_not_reported,,teflon reactor,,23,0
vessel_volume_mL,Teflon-lined autoclave (10 mL),10.0,10.0,explicit_capacity_ml,,teflon-lined autoclave (10 ml),,23,0
vessel_volume_mL,Teflon-lined autoclave (80 mL) with 25×40 mm vial inside,Ambiguous,Ambiguous,nested_vessel_capacity,,teflon-lined autoclave (80 ml) with 25 x 40 mm vial inside,Capacity cannot be assigned to one reaction vessel in nested/sequential apparatus,18,5
vessel_volume_mL,flask (oil bath),Not reported,Not reported,capacity_not_reported,,flask (oil bath),,3,20
vessel_volume_mL,glass Petri dish in desiccator,Not reported,Not reported,capacity_not_reported,,glass petri dish in desiccator,,5,18
vessel_volume_mL,microwave reaction vial,Not reported,Not reported,capacity_not_reported,,microwave reaction vial,,1,22
vessel_volume_mL,reflux setup,Not reported,Not reported,no_identified_vessel,,reflux setup,"Description specifies equipment/operation, not an identifiable reaction vessel",19,4
vessel_volume_mL,100 mL glass bottle (sealed with PTFE tape),100.0,100.0,explicit_capacity_ml,,100 ml glass bottle (sealed with ptfe tape),,21,1
vessel_volume_mL,15-mL Teflon-lined stainless autoclave,15.0,15.0,explicit_capacity_ml,,15-ml teflon-lined stainless autoclave,,1,21
vessel_volume_mL,2 mL Teflon insert (HT reactor),2.0,2.0,explicit_capacity_ml,,2 ml teflon insert (ht reactor),,5,17
vessel_volume_mL,25 mL Teflon-lined stainless-steel autoclave,25.0,25.0,explicit_capacity_ml,,25 ml teflon-lined stainless-steel autoclave,,17,5
vessel_volume_mL,6-dram scintillation vial,Ambiguous,Ambiguous,unspecified_imperial_volume,,6-dram scintillation vial,Imperial/US customary size without explicit mL equivalent; convention not assumed,14,8
vessel_volume_mL,Teflon insert of a steel autoclave,Not reported,Not reported,capacity_not_reported,,teflon insert of a steel autoclave,,3,19
vessel_volume_mL,autoclave with 50 mL glass liner,50.0,50.0,explicit_capacity_ml,,autoclave with 50 ml glass liner,,1,21
vessel_volume_mL,15 mL high-pressure vessel (oil bath),15.0,15.0,explicit_capacity_ml,,15 ml high-pressure vessel (oil bath),,1,20
vessel_volume_mL,15-mL Teflon-lined autoclave,15.0,15.0,explicit_capacity_ml,,15-ml teflon-lined autoclave,,21,0
vessel_volume_mL,20 mL scintillation vial (sealed),20.0,20.0,explicit_capacity_ml,,20 ml scintillation vial (sealed),,11,10
vessel_volume_mL,22 mL glass bottle,22.0,22.0,explicit_capacity_ml,,22 ml glass bottle,,21,0
vessel_volume_mL,250-mL screw cap jar,250.0,250.0,explicit_capacity_ml,,250-ml screw cap jar,,4,17
vessel_volume_mL,50 mL PYREX reagent bottle,50.0,50.0,explicit_capacity_ml,,50 ml pyrex reagent bottle,,19,2
vessel_volume_mL,50 mL round-bottom flask,50.0,50.0,explicit_capacity_ml,,50 ml round-bottom flask,,14,7
vessel_volume_mL,8 dram glass vial,Ambiguous,Ambiguous,unspecified_imperial_volume,,8 dram glass vial,Imperial/US customary size without explicit mL equivalent; convention not assumed,21,0
vessel_volume_mL,Teflon-lined Parr acid digestion bomb,Not reported,Not reported,capacity_not_reported,,teflon-lined parr acid digestion bomb,,8,13
vessel_volume_mL,"Teflon-lined stainless steel autoclave (Parr, 25 mL)",25.0,25.0,explicit_capacity_ml,,"teflon-lined stainless steel autoclave (parr, 25 ml)",,8,13
vessel_volume_mL,Teflon-lined stainless steel vessel (autoclave),Not reported,Not reported,capacity_not_reported,,teflon-lined stainless steel vessel (autoclave),,14,7
vessel_volume_mL,20-mL glass vial (capped),20.0,20.0,explicit_capacity_ml,,20-ml glass vial (capped),,4,16
vessel_volume_mL,24-reactor multiclave (2 mL reactors),2.0,2.0,explicit_capacity_ml,,24-reactor multiclave (2 ml reactors),,1,19
vessel_volume_mL,4 mL vial,4.0,4.0,explicit_capacity_ml,,4 ml vial,,13,7
vessel_volume_mL,Parr Teflon-lined stainless steel vessel (25 mL),25.0,25.0,explicit_capacity_ml,,parr teflon-lined stainless steel vessel (25 ml),,18,2
vessel_volume_mL,Teflon-lined autoclave (20 mL Teflon vessel),20.0,20.0,explicit_capacity_ml,,teflon-lined autoclave (20 ml teflon vessel),,14,6
vessel_volume_mL,Teflon-lined stainless-steel reactor (autoclave),Not reported,Not reported,capacity_not_reported,,teflon-lined stainless-steel reactor (autoclave),,4,16
vessel_volume_mL,Teflon-lined stainless-steel vessel (25 mL),25.0,25.0,explicit_capacity_ml,,teflon-lined stainless-steel vessel (25 ml),,11,9
vessel_volume_mL,borosilicate glass reagent bottle (screw cap),Not reported,Not reported,capacity_not_reported,,borosilicate glass reagent bottle (screw cap),,14,6
vessel_volume_mL,glass vessel (20 mL),20.0,20.0,explicit_capacity_ml,,glass vessel (20 ml),,5,15
vessel_volume_mL,glass vial (20 mL),20.0,20.0,explicit_capacity_ml,,glass vial (20 ml),,20,0
vessel_volume_mL,microwave vessel,Not reported,Not reported,capacity_not_reported,,microwave vessel,,2,18
vessel_volume_mL,sealed vessel,Not reported,Not reported,capacity_not_reported,,sealed vessel,,12,8
vessel_volume_mL,stainless steel vessel (20 mL),20.0,20.0,explicit_capacity_ml,,stainless steel vessel (20 ml),,4,16
vessel_volume_mL,tightly capped glass vial,Not reported,Not reported,capacity_not_reported,,tightly capped glass vial,,4,16
vessel_volume_mL,11 mL crimp cap vial in preheated copper block,11.0,11.0,explicit_capacity_ml,,11 ml crimp cap vial in preheated copper block,,3,16
vessel_volume_mL,12 mL glass scintillation vial,12.0,12.0,explicit_capacity_ml,,12 ml glass scintillation vial,,2,17
vessel_volume_mL,20 mL Teflon-capped glass vial,20.0,20.0,explicit_capacity_ml,,20 ml teflon-capped glass vial,,5,14
vessel_volume_mL,25 mL Pyrex jar,25.0,25.0,explicit_capacity_ml,,25 ml pyrex jar,,19,0
vessel_volume_mL,5 mL scintillation vial,5.0,5.0,explicit_capacity_ml,,5 ml scintillation vial,,11,8
vessel_volume_mL,Teflon-lined autoclave (microwave heating),Not reported,Not reported,capacity_not_reported,,teflon-lined autoclave (microwave heating),,1,18
vessel_volume_mL,Teflon-lined stainless steel (20 mL) container,20.0,20.0,explicit_capacity_ml,,teflon-lined stainless steel (20 ml) container,,7,12
vessel_volume_mL,Teflon-lined stainless steel bomb,Not reported,Not reported,capacity_not_reported,,teflon-lined stainless steel bomb,,14,5
vessel_volume_mL,Teflon-lined stainless steel vessel (25 mL autoclave),25.0,25.0,explicit_capacity_ml,,teflon-lined stainless steel vessel (25 ml autoclave),,1,18
vessel_volume_mL,Teflon-lined stainless-steel autoclave (18 mL),18.0,18.0,explicit_capacity_ml,,teflon-lined stainless-steel autoclave (18 ml),,1,18
vessel_volume_mL,"borosilicate culture tube (Schott DURAN), screw cap",Not reported,Not reported,capacity_not_reported,,"borosilicate culture tube (schott duran), screw cap",,18,1
vessel_volume_mL,14 mL glass vial,14.0,14.0,explicit_capacity_ml,,14 ml glass vial,,0,18
vessel_volume_mL,25 mL glass vial (sealed),25.0,25.0,explicit_capacity_ml,,25 ml glass vial (sealed),,8,10
vessel_volume_mL,PTFE-lined stainless steel autoclave (23 mL),23.0,23.0,explicit_capacity_ml,,ptfe-lined stainless steel autoclave (23 ml),,17,1
vessel_volume_mL,Teflon-lined autoclave (23 mL PTFE-lined stainless steel container),23.0,23.0,explicit_capacity_ml,,teflon-lined autoclave (23 ml ptfe-lined stainless steel container),,2,16
vessel_volume_mL,Teflon-lined autoclave (25 mL Teflon bomb),25.0,25.0,explicit_capacity_ml,,teflon-lined autoclave (25 ml teflon bomb),,3,15
vessel_volume_mL,Teflon-lined digestion bomb (43 mL),43.0,43.0,explicit_capacity_ml,,teflon-lined digestion bomb (43 ml),,4,14
vessel_volume_mL,Teflon-lined stainless steel autoclave (30 mL),30.0,30.0,explicit_capacity_ml,,teflon-lined stainless steel autoclave (30 ml),,8,10
vessel_volume_mL,Teflon-lined stainless-steel autoclave (20 mL),20.0,20.0,explicit_capacity_ml,,teflon-lined stainless-steel autoclave (20 ml),,12,6
vessel_volume_mL,autoclavable 8 mL vial,8.0,8.0,explicit_capacity_ml,,autoclavable 8 ml vial,,3,15
vessel_volume_mL,mortar and pestle (grind 15 min); autoclave (bake),Not reported,Not reported,capacity_not_reported,,mortar and pestle (grind 15 min); autoclave (bake),,0,18
vessel_volume_mL,"pressure-resistant glass bottle, 10 mL",10.0,10.0,explicit_capacity_ml,,"pressure-resistant glass bottle, 10 ml",,2,16
vessel_volume_mL,screw jar,Not reported,Not reported,capacity_not_reported,,screw jar,,18,0
vessel_volume_mL,sealed tube,Not reported,Not reported,capacity_not_reported,,sealed tube,,7,11
vessel_volume_mL,1 L round-bottom flask with reflux condenser,1000.0,1000.0,explicit_capacity_ml,,1 l round-bottom flask with reflux condenser,Uncommon stated capacity retained; source verification recommended,2,15
vessel_volume_mL,13 mL Teflon-lined stainless steel autoclave,13.0,13.0,explicit_capacity_ml,,13 ml teflon-lined stainless steel autoclave,,5,12
vessel_volume_mL,20 mL microwave vial,20.0,20.0,explicit_capacity_ml,,20 ml microwave vial,,6,11
vessel_volume_mL,20 mL scintillation vial with Teflon-lined cap,20.0,20.0,explicit_capacity_ml,,20 ml scintillation vial with teflon-lined cap,,6,11
vessel_volume_mL,5 mL Pyrex vial,5.0,5.0,explicit_capacity_ml,,5 ml pyrex vial,,4,13
vessel_volume_mL,50 mL Teflon-lined steel autoclave,50.0,50.0,explicit_capacity_ml,,50 ml teflon-lined steel autoclave,,1,16
vessel_volume_mL,Teflon-lined autoclave (23 mL stainless steel reactor with Teflon liner),23.0,23.0,explicit_capacity_ml,,teflon-lined autoclave (23 ml stainless steel reactor with teflon liner),,1,16
vessel_volume_mL,Teflon-lined autoclave (Vmax = 2 mL),2.0,2.0,explicit_capacity_ml,,teflon-lined autoclave (vmax = 2 ml),,0,17
vessel_volume_mL,Teflon-lined stainless steel autoclave (two-chamber),Not reported,Not reported,capacity_not_reported,,teflon-lined stainless steel autoclave (two-chamber),,17,0
vessel_volume_mL,Teflon-lined steel vessel,Not reported,Not reported,capacity_not_reported,,teflon-lined steel vessel,,12,5
vessel_volume_mL,glass flask,Not reported,Not reported,capacity_not_reported,,glass flask,,11,6
vessel_volume_mL,glass reactor with screw cap (100 mL),100.0,100.0,explicit_capacity_ml,,glass reactor with screw cap (100 ml),,5,12
vessel_volume_mL,"glass vial, 21 mL",21.0,21.0,explicit_capacity_ml,,"glass vial, 21 ml",,5,12
vessel_volume_mL,round flask,Not reported,Not reported,capacity_not_reported,,round flask,,6,11
vessel_volume_mL,"1.5 dram glass vial (oven, crystallization dish)",Ambiguous,Ambiguous,unspecified_imperial_volume,,"1.5 dram glass vial (oven, crystallization dish)",Imperial/US customary size without explicit mL equivalent; convention not assumed,3,13
vessel_volume_mL,100 mL capped glass jar,100.0,100.0,explicit_capacity_ml,,100 ml capped glass jar,,16,0
vessel_volume_mL,20 mL Teflon screw-capped Duran Pyrex tube,20.0,20.0,explicit_capacity_ml,,20 ml teflon screw-capped duran pyrex tube,,6,10
vessel_volume_mL,23 mL PTFE-lined steel autoclave,23.0,23.0,explicit_capacity_ml,,23 ml ptfe-lined steel autoclave,,7,9
vessel_volume_mL,25 mL Teflon-lined stainless steel autoclave (Parr bomb),25.0,25.0,explicit_capacity_ml,,25 ml teflon-lined stainless steel autoclave (parr bomb),,1,15
vessel_volume_mL,"25 mL reaction jar (PBT cap, PTFE seal)",25.0,25.0,explicit_capacity_ml,,"25 ml reaction jar (pbt cap, ptfe seal)",,10,6
vessel_volume_mL,30 mL Teflon-lined stainless steel autoclave,30.0,30.0,explicit_capacity_ml,,30 ml teflon-lined stainless steel autoclave,,2,14
vessel_volume_mL,"30 mL test tube, sealed",30.0,30.0,explicit_capacity_ml,,"30 ml test tube, sealed",,4,12
vessel_volume_mL,40 mL glass vial,40.0,40.0,explicit_capacity_ml,,40 ml glass vial,,4,12
vessel_volume_mL,40 mL glass vial with PTFE septum,40.0,40.0,explicit_capacity_ml,,40 ml glass vial with ptfe septum,,9,7
vessel_volume_mL,500 mL Erlenmeyer flask,500.0,500.0,explicit_capacity_ml,,500 ml erlenmeyer flask,,1,15
vessel_volume_mL,60-mL Teflon-sealed microwave reactor,60.0,60.0,explicit_capacity_ml,,60-ml teflon-sealed microwave reactor,,16,0
vessel_volume_mL,Pyrex glass reaction tube,Not reported,Not reported,capacity_not_reported,,pyrex glass reaction tube,,11,5
vessel_volume_mL,Teflon insert sealed in steel autoclave,Not reported,Not reported,capacity_not_reported,,teflon insert sealed in steel autoclave,,4,12
vessel_volume_mL,Teflon-lined Parr autoclave,Not reported,Not reported,capacity_not_reported,,teflon-lined parr autoclave,,14,2
vessel_volume_mL,Teflon-lined autoclave (22 mL),22.0,22.0,explicit_capacity_ml,,teflon-lined autoclave (22 ml),,7,9
vessel_volume_mL,Teflon-lined glass vial,Not reported,Not reported,capacity_not_reported,,teflon-lined glass vial,,4,12
vessel_volume_mL,closed vessel,Not reported,Not reported,capacity_not_reported,,closed vessel,,5,11
vessel_volume_mL,glass container placed in a stainless-steel autoclave,Not reported,Not reported,capacity_not_reported,,glass container placed in a stainless-steel autoclave,,10,6
vessel_volume_mL,"glass vial (open, 20 mL)",20.0,20.0,explicit_capacity_ml,,"glass vial (open, 20 ml)",,0,16
vessel_volume_mL,microwave reactor,Not reported,Not reported,capacity_not_reported,,microwave reactor,,16,0
vessel_volume_mL,microwave vial (35 mL),35.0,35.0,explicit_capacity_ml,,microwave vial (35 ml),,6,10
vessel_volume_mL,round-bottomed flask (oil bath),Not reported,Not reported,capacity_not_reported,,round-bottomed flask (oil bath),,2,14
vessel_volume_mL,sealed Pyrex glass tube,Not reported,Not reported,capacity_not_reported,,sealed pyrex glass tube,,8,8
vessel_volume_mL,15 mL glass bottle (sealed),15.0,15.0,explicit_capacity_ml,,15 ml glass bottle (sealed),,5,10
vessel_volume_mL,20 mL Teflon-lined stainless-steel reactor,20.0,20.0,explicit_capacity_ml,,20 ml teflon-lined stainless-steel reactor,,8,7
vessel_volume_mL,20 mL glass bottle,20.0,20.0,explicit_capacity_ml,,20 ml glass bottle,,9,6
vessel_volume_mL,20 mL vial with Teflon-lined cap,20.0,20.0,explicit_capacity_ml,,20 ml vial with teflon-lined cap,,10,5
vessel_volume_mL,23 mL Teflon-lined Parr acid digestion bomb,23.0,23.0,explicit_capacity_ml,,23 ml teflon-lined parr acid digestion bomb,,15,0
vessel_volume_mL,23-mL Teflon-lined autoclave,23.0,23.0,explicit_capacity_ml,,23-ml teflon-lined autoclave,,13,2
vessel_volume_mL,"250 mL glass volumetric flask, loosely capped with glass stopper",250.0,250.0,explicit_capacity_ml,,"250 ml glass volumetric flask, loosely capped with glass stopper",,15,0
vessel_volume_mL,Pyrex bottle,Not reported,Not reported,capacity_not_reported,,pyrex bottle,,3,12
vessel_volume_mL,Pyrex glass reaction tube (7 mL),7.0,7.0,explicit_capacity_ml,,pyrex glass reaction tube (7 ml),,4,11
vessel_volume_mL,Teflon-lined autoclave; glass vial,Ambiguous,Ambiguous,nested_vessel_capacity,,teflon-lined autoclave; glass vial,Capacity cannot be assigned to one reaction vessel in nested/sequential apparatus,4,11
vessel_volume_mL,Teflon-lined steel autoclave (37 mL),37.0,37.0,explicit_capacity_ml,,teflon-lined steel autoclave (37 ml),,1,14
vessel_volume_mL,"microwave glass reactor (glass tube, 3 mL)",3.0,3.0,explicit_capacity_ml,,"microwave glass reactor (glass tube, 3 ml)",,0,15
vessel_volume_mL,modified H-shaped diffusion tube (four arms),Not reported,Not reported,capacity_not_reported,,modified h-shaped diffusion tube (four arms),,6,9
vessel_volume_mL,reaction tube,Not reported,Not reported,capacity_not_reported,,reaction tube,,3,12
vessel_volume_mL,sealed bottle,Not reported,Not reported,capacity_not_reported,,sealed bottle,,9,6
vessel_volume_mL,sealed vial (oil bath),Not reported,Not reported,capacity_not_reported,,sealed vial (oil bath),,3,12
vessel_volume_mL,single tube (layered solutions),Not reported,Not reported,capacity_not_reported,,single tube (layered solutions),,3,12
vessel_volume_mL,10 mL vial in 100 mL high-pressure autoclave (sapphire windows),Ambiguous,Ambiguous,nested_vessel_capacity,,10 ml vial in 100 ml high-pressure autoclave (sapphire windows),Capacity cannot be assigned to one reaction vessel in nested/sequential apparatus,4,10
vessel_volume_mL,25 mL glass vial,25.0,25.0,explicit_capacity_ml,,25 ml glass vial,,14,0
vessel_volume_mL,4 mL borosilicate vial,4.0,4.0,explicit_capacity_ml,,4 ml borosilicate vial,,0,14
vessel_volume_mL,50 mL conical centrifuge tube,50.0,50.0,explicit_capacity_ml,,50 ml conical centrifuge tube,,4,10
vessel_volume_mL,50 mL glass vial,50.0,50.0,explicit_capacity_ml,,50 ml glass vial,,8,6
vessel_volume_mL,50 mL round-bottom flask with reflux condenser,50.0,50.0,explicit_capacity_ml,,50 ml round-bottom flask with reflux condenser,,2,12
vessel_volume_mL,Parr Teflon-lined stainless steel vessel (20 mL),20.0,20.0,explicit_capacity_ml,,parr teflon-lined stainless steel vessel (20 ml),,8,6
vessel_volume_mL,Teflon-capped glass jar,Not reported,Not reported,capacity_not_reported,,teflon-capped glass jar,,1,13
vessel_volume_mL,Teflon-lined 23 mL Parr stainless steel autoclave,23.0,23.0,explicit_capacity_ml,,teflon-lined 23 ml parr stainless steel autoclave,,5,9
vessel_volume_mL,"Teflon-lined stainless steel autoclave (Parr), 20 mL",20.0,20.0,explicit_capacity_ml,,"teflon-lined stainless steel autoclave (parr), 20 ml",,4,10
vessel_volume_mL,Teflon-lined stainless-steel vessel,Not reported,Not reported,capacity_not_reported,,teflon-lined stainless-steel vessel,,13,1
vessel_volume_mL,glass pressure vessel,Not reported,Not reported,capacity_not_reported,,glass pressure vessel,,6,8
vessel_volume_mL,glass vial inside sealed glass jar placed in a metal tube (autogenous pressure),Ambiguous,Ambiguous,nested_vessel_capacity,,glass vial inside sealed glass jar placed in a metal tube (autogenous pressure),Capacity cannot be assigned to one reaction vessel in nested/sequential apparatus,5,9
vessel_volume_mL,heavy-walled Pyrex tube (sealed under vacuum),Not reported,Not reported,capacity_not_reported,,heavy-walled pyrex tube (sealed under vacuum),,0,14
vessel_volume_mL,hydrothermal vessel,Not reported,Not reported,capacity_not_reported,,hydrothermal vessel,,6,8
vessel_volume_mL,preheated counter-current flow reactor,Not reported,Not reported,capacity_not_reported,,preheated counter-current flow reactor,,3,11
vessel_volume_mL,round bottom flask,Not reported,Not reported,capacity_not_reported,,round bottom flask,,12,2
vessel_volume_mL,screw-capped glass vial,Not reported,Not reported,capacity_not_reported,,screw-capped glass vial,,2,12
vessel_volume_mL,sealed glass bottle,Not reported,Not reported,capacity_not_reported,,sealed glass bottle,,7,7
vessel_volume_mL,two-necked flask,Not reported,Not reported,capacity_not_reported,,two-necked flask,,14,0
vessel_volume_mL,vapor diffusion setup (sealed vial),Not reported,Not reported,capacity_not_reported,,vapor diffusion setup (sealed vial),,1,13
vessel_volume_mL,10 mL Teflon-lined autoclave,10.0,10.0,explicit_capacity_ml,,10 ml teflon-lined autoclave,,13,0
vessel_volume_mL,15 mL Pyrex tube,15.0,15.0,explicit_capacity_ml,,15 ml pyrex tube,,3,10
vessel_volume_mL,20 mL pyrex vial,20.0,20.0,explicit_capacity_ml,,20 ml pyrex vial,,5,8
vessel_volume_mL,25 mL Pyrex vial,25.0,25.0,explicit_capacity_ml,,25 ml pyrex vial,,2,11
vessel_volume_mL,500 mL GL32 glass bottle,500.0,500.0,explicit_capacity_ml,,500 ml gl32 glass bottle,,0,13
vessel_volume_mL,"Duran glass bottle (25 mL), sealed",25.0,25.0,explicit_capacity_ml,,"duran glass bottle (25 ml), sealed",,2,11
vessel_volume_mL,Teflon autoclave,Not reported,Not reported,capacity_not_reported,,teflon autoclave,,7,6
vessel_volume_mL,"Teflon reactor, 23 mL",23.0,23.0,explicit_capacity_ml,,"teflon reactor, 23 ml",,2,11
vessel_volume_mL,Teflon-lined 25 mL autoclave,25.0,25.0,explicit_capacity_ml,,teflon-lined 25 ml autoclave,,13,0
vessel_volume_mL,Teflon-lined autoclave (2 mL HT reactor insert),2.0,2.0,explicit_capacity_ml,,teflon-lined autoclave (2 ml ht reactor insert),,1,12
vessel_volume_mL,Teflon-lined autoclave (2 mL insert in steel reactor),2.0,2.0,explicit_capacity_ml,,teflon-lined autoclave (2 ml insert in steel reactor),,7,6
vessel_volume_mL,Teflon-lined autoclave (23 cm3),23.0,23.0,explicit_capacity_ml,,teflon-lined autoclave (23 cm3),,1,12
vessel_volume_mL,Teflon-lined autoclave (27 mL liner),27.0,27.0,explicit_capacity_ml,,teflon-lined autoclave (27 ml liner),,1,12
vessel_volume_mL,"Teflon-lined autoclave (Parr, 20 mL), sealed in stainless-steel vessel",20.0,20.0,explicit_capacity_ml,,"teflon-lined autoclave (parr, 20 ml), sealed in stainless-steel vessel",,1,12
vessel_volume_mL,Teflon-lined multiclave reactor (2 mL),2.0,2.0,explicit_capacity_ml,,teflon-lined multiclave reactor (2 ml),,2,11
vessel_volume_mL,Teflon-lined reactor (24 mL),24.0,24.0,explicit_capacity_ml,,teflon-lined reactor (24 ml),,1,12
vessel_volume_mL,Teflon-lined stainless steel autoclave (50 mL),50.0,50.0,explicit_capacity_ml,,teflon-lined stainless steel autoclave (50 ml),,13,0
vessel_volume_mL,Teflon-lined stainless steel autoclave (80 mL),80.0,80.0,explicit_capacity_ml,,teflon-lined stainless steel autoclave (80 ml),,13,0
vessel_volume_mL,Teflon-lined stainless-steel autoclave (15 mL),15.0,15.0,explicit_capacity_ml,,teflon-lined stainless-steel autoclave (15 ml),,13,0
vessel_volume_mL,Teflon-lined steel bomb,Not reported,Not reported,capacity_not_reported,,teflon-lined steel bomb,,13,0
vessel_volume_mL,Teflon-lined vessel (12 mL),12.0,12.0,explicit_capacity_ml,,teflon-lined vessel (12 ml),,5,8
vessel_volume_mL,Teflon-walled stainless steel autoclave,Not reported,Not reported,capacity_not_reported,,teflon-walled stainless steel autoclave,,5,8
vessel_volume_mL,borosilicate Schott DURAN vessel (250 mL),250.0,250.0,explicit_capacity_ml,,borosilicate schott duran vessel (250 ml),,13,0
vessel_volume_mL,glass vial (50 mL),50.0,50.0,explicit_capacity_ml,,glass vial (50 ml),,11,2
vessel_volume_mL,glass vial (screw-cap),Not reported,Not reported,capacity_not_reported,,glass vial (screw-cap),,0,13
vessel_volume_mL,"glass vial, 1.5-dram",Ambiguous,Ambiguous,unspecified_imperial_volume,,"glass vial, 1.5-dram",Imperial/US customary size without explicit mL equivalent; convention not assumed,6,7
vessel_volume_mL,pressure tube,Not reported,Not reported,capacity_not_reported,,pressure tube,,5,8
vessel_volume_mL,pressure-resistant glass tube,Not reported,Not reported,capacity_not_reported,,pressure-resistant glass tube,,9,4
vessel_volume_mL,reflux apparatus,Not reported,Not reported,no_identified_vessel,,reflux apparatus,"Description specifies equipment/operation, not an identifiable reaction vessel",7,6
vessel_volume_mL,"sealed tube (type A, Ace)",Not reported,Not reported,capacity_not_reported,,"sealed tube (type a, ace)",,1,12
vessel_volume_mL,three-necked round-bottom flask with reflux condenser,Not reported,Not reported,capacity_not_reported,,three-necked round-bottom flask with reflux condenser,,7,6
vessel_volume_mL,100 mL Teflon-lined stainless-steel autoclave,100.0,100.0,explicit_capacity_ml,,100 ml teflon-lined stainless-steel autoclave,,12,0
vessel_volume_mL,12 mL borosilicate glass vial with PTFE-lined cap,12.0,12.0,explicit_capacity_ml,,12 ml borosilicate glass vial with ptfe-lined cap,,1,11
vessel_volume_mL,17 mL Teflon-lined autoclave,17.0,17.0,explicit_capacity_ml,,17 ml teflon-lined autoclave,,12,0
vessel_volume_mL,2 mL Teflon insert (high-throughput reactor),2.0,2.0,explicit_capacity_ml,,2 ml teflon insert (high-throughput reactor),,1,11
vessel_volume_mL,20 mL glass scintillation vial (sealed),20.0,20.0,explicit_capacity_ml,,20 ml glass scintillation vial (sealed),,12,0
vessel_volume_mL,23 mL Teflon container in autoclave,23.0,23.0,explicit_capacity_ml,,23 ml teflon container in autoclave,,0,12
vessel_volume_mL,25 mL Schott glass bottle (capped),25.0,25.0,explicit_capacity_ml,,25 ml schott glass bottle (capped),,0,12
vessel_volume_mL,25 mL beaker,25.0,25.0,explicit_capacity_ml,,25 ml beaker,,10,2
vessel_volume_mL,40 mL glass vial (tightly capped),40.0,40.0,explicit_capacity_ml,,40 ml glass vial (tightly capped),,2,10
vessel_volume_mL,5-dram screw-capped vial,Ambiguous,Ambiguous,unspecified_imperial_volume,,5-dram screw-capped vial,Imperial/US customary size without explicit mL equivalent; convention not assumed,0,12
vessel_volume_mL,6 mL screw-capped vial,6.0,6.0,explicit_capacity_ml,,6 ml screw-capped vial,,4,8
vessel_volume_mL,DURAN laboratory bottle,Not reported,Not reported,capacity_not_reported,,duran laboratory bottle,,12,0
vessel_volume_mL,Teflon reactor (0.25 mL),0.25,0.25,explicit_capacity_ml,,teflon reactor (0.25 ml),Uncommon stated capacity retained; source verification recommended,1,11
vessel_volume_mL,Teflon vessel,Not reported,Not reported,capacity_not_reported,,teflon vessel,,11,1
vessel_volume_mL,Teflon vessel in a steel autoclave,Ambiguous,Ambiguous,nested_vessel_capacity,,teflon vessel in a steel autoclave,Capacity cannot be assigned to one reaction vessel in nested/sequential apparatus,12,0
vessel_volume_mL,Teflon-lined autoclave (100 mL liner in metallic bomb),100.0,100.0,explicit_capacity_ml,,teflon-lined autoclave (100 ml liner in metallic bomb),,4,8
vessel_volume_mL,Teflon-lined autoclave (17 mL),17.0,17.0,explicit_capacity_ml,,teflon-lined autoclave (17 ml),,12,0
vessel_volume_mL,Teflon-lined autoclave (48 mL),48.0,48.0,explicit_capacity_ml,,teflon-lined autoclave (48 ml),,12,0
vessel_volume_mL,Teflon-lined autoclave (multiclave),Not reported,Not reported,capacity_not_reported,,teflon-lined autoclave (multiclave),,3,9
vessel_volume_mL,Teflon-lined stainless steel autoclave (150 mL),150.0,150.0,explicit_capacity_ml,,teflon-lined stainless steel autoclave (150 ml),,11,1
vessel_volume_mL,closed glass reactor (100 mL),100.0,100.0,explicit_capacity_ml,,closed glass reactor (100 ml),,1,11
vessel_volume_mL,"glass vial (20 mL, sealed)",20.0,20.0,explicit_capacity_ml,,"glass vial (20 ml, sealed)",,4,8
vessel_volume_mL,glass vials (1 dram; solution initially in 8 dram vial),Ambiguous,Ambiguous,nested_vessel_capacity,,glass vials (1 dram; solution initially in 8 dram vial),Capacity cannot be assigned to one reaction vessel in nested/sequential apparatus,4,8
vessel_volume_mL,screwcap test tube,Not reported,Not reported,capacity_not_reported,,screwcap test tube,,4,8
vessel_volume_mL,sealed 7 mL Duran borosilicate glass tube,7.0,7.0,explicit_capacity_ml,,sealed 7 ml duran borosilicate glass tube,,12,0
vessel_volume_mL,stainless-steel autoclave (25 mL),25.0,25.0,explicit_capacity_ml,,stainless-steel autoclave (25 ml),,0,12
vessel_volume_mL,100 mL Teflon-capped glass flask,100.0,100.0,explicit_capacity_ml,,100 ml teflon-capped glass flask,,10,1
vessel_volume_mL,100 mL capped vial,100.0,100.0,explicit_capacity_ml,,100 ml capped vial,,3,8
vessel_volume_mL,13 mL Teflon-lined stainless steel vessel,13.0,13.0,explicit_capacity_ml,,13 ml teflon-lined stainless steel vessel,,4,7
vessel_volume_mL,20 mL PTFE-lined stainless steel autoclave,20.0,20.0,explicit_capacity_ml,,20 ml ptfe-lined stainless steel autoclave,,4,7
vessel_volume_mL,45 mL Teflon-lined stainless steel autoclave,45.0,45.0,explicit_capacity_ml,,45 ml teflon-lined stainless steel autoclave,,10,1
vessel_volume_mL,5 mL glass tube (oven),5.0,5.0,explicit_capacity_ml,,5 ml glass tube (oven),,2,9
vessel_volume_mL,Parr Teflon-lined stainless steel vessel,Not reported,Not reported,capacity_not_reported,,parr teflon-lined stainless steel vessel,,11,0
vessel_volume_mL,Teflon-lined acid digestion bomb,Not reported,Not reported,capacity_not_reported,,teflon-lined acid digestion bomb,,1,10
vessel_volume_mL,Teflon-lined autoclave (25 mL stainless steel reactor),25.0,25.0,explicit_capacity_ml,,teflon-lined autoclave (25 ml stainless steel reactor),,7,4
vessel_volume_mL,Teflon-lined autoclave (PTFE liner),Not reported,Not reported,capacity_not_reported,,teflon-lined autoclave (ptfe liner),,1,10
vessel_volume_mL,Teflon-lined stainless steel autoclave (10 mL),10.0,10.0,explicit_capacity_ml,,teflon-lined stainless steel autoclave (10 ml),,11,0
vessel_volume_mL,"Teflon-lined steel bomb (autoclave), autogenous pressure",Not reported,Not reported,capacity_not_reported,,"teflon-lined steel bomb (autoclave), autogenous pressure",,1,10
vessel_volume_mL,autoclavable glass bottle (50 mL),50.0,50.0,explicit_capacity_ml,,autoclavable glass bottle (50 ml),,6,5
vessel_volume_mL,crystal tube,Not reported,Not reported,capacity_not_reported,,crystal tube,,11,0
vessel_volume_mL,glass flask (reflux),Not reported,Not reported,capacity_not_reported,,glass flask (reflux),,5,6
vessel_volume_mL,liquid diffusion (layering),Not reported,Not reported,no_identified_vessel,,liquid diffusion (layering),"Description specifies equipment/operation, not an identifiable reaction vessel",5,6
vessel_volume_mL,microwave vial (10 mL) with Teflon-lined cap,10.0,10.0,explicit_capacity_ml,,microwave vial (10 ml) with teflon-lined cap,,3,8
vessel_volume_mL,10 mL Pyrex vial,10.0,10.0,explicit_capacity_ml,,10 ml pyrex vial,,1,9
vessel_volume_mL,100 mL round-bottomed flask,100.0,100.0,explicit_capacity_ml,,100 ml round-bottomed flask,,7,3
vessel_volume_mL,15 mL screw-cap vial,15.0,15.0,explicit_capacity_ml,,15 ml screw-cap vial,,10,0
vessel_volume_mL,15-mL Teflon-lined reactor,15.0,15.0,explicit_capacity_ml,,15-ml teflon-lined reactor,,9,1
vessel_volume_mL,25 mL Parr Teflon-lined stainless steel autoclave,25.0,25.0,explicit_capacity_ml,,25 ml parr teflon-lined stainless steel autoclave,,1,9
vessel_volume_mL,25 mL Teflon-lined stainless-steel container,25.0,25.0,explicit_capacity_ml,,25 ml teflon-lined stainless-steel container,,10,0
vessel_volume_mL,3-dram glass vial,Ambiguous,Ambiguous,unspecified_imperial_volume,,3-dram glass vial,Imperial/US customary size without explicit mL equivalent; convention not assumed,1,9
vessel_volume_mL,30 mL sealed vial,30.0,30.0,explicit_capacity_ml,,30 ml sealed vial,,10,0
vessel_volume_mL,50 mL Pyrex conical flask,50.0,50.0,explicit_capacity_ml,,50 ml pyrex conical flask,,4,6
vessel_volume_mL,50 mL plastic tube,50.0,50.0,explicit_capacity_ml,,50 ml plastic tube,,10,0
vessel_volume_mL,500 mL round-bottom flask,500.0,500.0,explicit_capacity_ml,,500 ml round-bottom flask,,3,7
vessel_volume_mL,"500 mL round-bottom flask with reflux condenser (open system), oil bath",500.0,500.0,explicit_capacity_ml,,"500 ml round-bottom flask with reflux condenser (open system), oil bath",,1,9
vessel_volume_mL,Pyrex heat-resistant glass bottle (sealed),Not reported,Not reported,capacity_not_reported,,pyrex heat-resistant glass bottle (sealed),,10,0
vessel_volume_mL,Teflon-capped glass vial,Not reported,Not reported,capacity_not_reported,,teflon-capped glass vial,,5,5
vessel_volume_mL,Teflon-lined Parr vessel,Not reported,Not reported,capacity_not_reported,,teflon-lined parr vessel,,3,7
vessel_volume_mL,Teflon-lined autoclave (23 mL Teflon cup),23.0,23.0,explicit_capacity_ml,,teflon-lined autoclave (23 ml teflon cup),,8,2
vessel_volume_mL,Teflon-lined bomb (25 mL),25.0,25.0,explicit_capacity_ml,,teflon-lined bomb (25 ml),,7,3
vessel_volume_mL,Teflon-lined bomb reactor,Not reported,Not reported,capacity_not_reported,,teflon-lined bomb reactor,,4,6
vessel_volume_mL,"Teflon-lined stainless steel container, 16 mL",16.0,16.0,explicit_capacity_ml,,"teflon-lined stainless steel container, 16 ml",,10,0
vessel_volume_mL,borosilicate glass tube (5 mL) with PBT cap/PTFE seal,5.0,5.0,explicit_capacity_ml,,borosilicate glass tube (5 ml) with pbt cap/ptfe seal,,3,7
vessel_volume_mL,glass vessel (25 mL),25.0,25.0,explicit_capacity_ml,,glass vessel (25 ml),,5,5
vessel_volume_mL,glass vials (10 mL),10.0,10.0,explicit_capacity_ml,,glass vials (10 ml),,3,7
vessel_volume_mL,microwave vial (30 mL glass vial),30.0,30.0,explicit_capacity_ml,,microwave vial (30 ml glass vial),,1,9
vessel_volume_mL,"microwave vial (Biotage Initiator, 2–5 mL)",Ambiguous,Ambiguous,range_or_alternative_capacity,,"microwave vial (biotage initiator, 2-5 ml)","Range, alternative, or fraction is not reduced to an arbitrary scalar",7,3
vessel_volume_mL,"microwave vial, Teflon vessel",Not reported,Not reported,capacity_not_reported,,"microwave vial, teflon vessel",,0,10
vessel_volume_mL,reaction vessel,Not reported,Not reported,capacity_not_reported,,reaction vessel,,0,10
vessel_volume_mL,round-bottomed flask (50 mL),50.0,50.0,explicit_capacity_ml,,round-bottomed flask (50 ml),,1,9
vessel_volume_mL,sealable glass vial,Not reported,Not reported,capacity_not_reported,,sealable glass vial,,4,6
vessel_volume_mL,"stainless steel autoclave, 25 mL",25.0,25.0,explicit_capacity_ml,,"stainless steel autoclave, 25 ml",,4,6
vessel_volume_mL,10 mL vial with screw cap,10.0,10.0,explicit_capacity_ml,,10 ml vial with screw cap,,9,0
vessel_volume_mL,100 mL Teflon-lined Parr autoclave,100.0,100.0,explicit_capacity_ml,,100 ml teflon-lined parr autoclave,,1,8
vessel_volume_mL,120 mL Teflon-lined Parr bomb (autoclave),120.0,120.0,explicit_capacity_ml,,120 ml teflon-lined parr bomb (autoclave),,9,0
vessel_volume_mL,120 mL Teflon-lined autoclave (Parr bomb),120.0,120.0,explicit_capacity_ml,,120 ml teflon-lined autoclave (parr bomb),,9,0
vessel_volume_mL,15 mL Teflon-lined stainless steel reactor,15.0,15.0,explicit_capacity_ml,,15 ml teflon-lined stainless steel reactor,,9,0
vessel_volume_mL,2-dram screw-cap vial,Ambiguous,Ambiguous,unspecified_imperial_volume,,2-dram screw-cap vial,Imperial/US customary size without explicit mL equivalent; convention not assumed,6,3
vessel_volume_mL,20 mL vial (capped),20.0,20.0,explicit_capacity_ml,,20 ml vial (capped),,1,8
vessel_volume_mL,22 mL borosilicate vial with Teflon-lined cap,22.0,22.0,explicit_capacity_ml,,22 ml borosilicate vial with teflon-lined cap,,6,3
vessel_volume_mL,23 mL PTFE-lined stainless steel autoclave (Teflon-lined),23.0,23.0,explicit_capacity_ml,,23 ml ptfe-lined stainless steel autoclave (teflon-lined),,0,9
vessel_volume_mL,23 mL glass scintillation vial,23.0,23.0,explicit_capacity_ml,,23 ml glass scintillation vial,,9,0
vessel_volume_mL,25 mL acid-digestion bomb,25.0,25.0,explicit_capacity_ml,,25 ml acid-digestion bomb,,9,0
vessel_volume_mL,250 mL round-bottom flask (oil bath),250.0,250.0,explicit_capacity_ml,,250 ml round-bottom flask (oil bath),,7,2
vessel_volume_mL,3 mL borosilicate glass tube (sealed),3.0,3.0,explicit_capacity_ml,,3 ml borosilicate glass tube (sealed),,2,7
vessel_volume_mL,5 mL glass reactor,5.0,5.0,explicit_capacity_ml,,5 ml glass reactor,,9,0
vessel_volume_mL,50 mL Schlenk flask,50.0,50.0,explicit_capacity_ml,,50 ml schlenk flask,,4,5
vessel_volume_mL,50 mL Teflon-lined stainless steel autoclave,50.0,50.0,explicit_capacity_ml,,50 ml teflon-lined stainless steel autoclave,,7,2
vessel_volume_mL,7 mL vial,7.0,7.0,explicit_capacity_ml,,7 ml vial,,9,0
vessel_volume_mL,Teflon-capped glass vial (500 mL),500.0,500.0,explicit_capacity_ml,,teflon-capped glass vial (500 ml),,1,8
vessel_volume_mL,Teflon-lined Parr acid digestion vessel (23 mL),23.0,23.0,explicit_capacity_ml,,teflon-lined parr acid digestion vessel (23 ml),,3,6
vessel_volume_mL,Teflon-lined Parr reactor (100 mL),100.0,100.0,explicit_capacity_ml,,teflon-lined parr reactor (100 ml),,9,0
vessel_volume_mL,Teflon-lined autoclave (20 mL liner in stainless-steel autoclave),20.0,20.0,explicit_capacity_ml,,teflon-lined autoclave (20 ml liner in stainless-steel autoclave),,9,0
vessel_volume_mL,Teflon-lined autoclave (Parr),Not reported,Not reported,capacity_not_reported,,teflon-lined autoclave (parr),,6,3
vessel_volume_mL,Teflon-lined stainless steel vessel; then glass test tube for layering,Ambiguous,Ambiguous,nested_vessel_capacity,,teflon-lined stainless steel vessel; then glass test tube for layering,Capacity cannot be assigned to one reaction vessel in nested/sequential apparatus,1,8
vessel_volume_mL,bath-reactor,Not reported,Not reported,capacity_not_reported,,bath-reactor,,9,0
vessel_volume_mL,glass culture tube (5 mL Schott Duran) with PBT cap and PTFE seal,5.0,5.0,explicit_capacity_ml,,glass culture tube (5 ml schott duran) with pbt cap and ptfe seal,,7,2
vessel_volume_mL,glass vessel,Not reported,Not reported,capacity_not_reported,,glass vessel,,9,0
vessel_volume_mL,"glass vial (1.5-dram), sealed",Ambiguous,Ambiguous,unspecified_imperial_volume,,"glass vial (1.5-dram), sealed",Imperial/US customary size without explicit mL equivalent; convention not assumed,6,3
vessel_volume_mL,glass vial (20 mL) with Teflon cap,20.0,20.0,explicit_capacity_ml,,glass vial (20 ml) with teflon cap,,9,0
vessel_volume_mL,glass vial (23 mL),23.0,23.0,explicit_capacity_ml,,glass vial (23 ml),,8,1
vessel_volume_mL,"glass vial (8 mL), screw cap",8.0,8.0,explicit_capacity_ml,,"glass vial (8 ml), screw cap",,2,7
vessel_volume_mL,hydrothermal autoclave,Not reported,Not reported,capacity_not_reported,,hydrothermal autoclave,,3,6
vessel_volume_mL,long 20 mL glass vial,20.0,20.0,explicit_capacity_ml,,long 20 ml glass vial,,6,3
vessel_volume_mL,screw cap glass tube,Not reported,Not reported,capacity_not_reported,,screw cap glass tube,,4,5
vessel_volume_mL,screw-cap vial,Not reported,Not reported,capacity_not_reported,,screw-cap vial,,4,5
vessel_volume_mL,sealed autoclave,Not reported,Not reported,capacity_not_reported,,sealed autoclave,,9,0
vessel_volume_mL,sealed vial (pre-treatment),Not reported,Not reported,capacity_not_reported,,sealed vial (pre-treatment),,2,7
vessel_volume_mL,silanized 20 mL glass vial,20.0,20.0,explicit_capacity_ml,,silanized 20 ml glass vial,,9,0
vessel_volume_mL,small capped vial,Not reported,Not reported,capacity_not_reported,,small capped vial,,1,8
vessel_volume_mL,small test tube (liquid diffusion layering),Not reported,Not reported,capacity_not_reported,,small test tube (liquid diffusion layering),,3,6
vessel_volume_mL,stainless steel autoclave,Not reported,Not reported,capacity_not_reported,,stainless steel autoclave,,9,0
vessel_volume_mL,stainless steel autoclave (Büchi Versoclave Type 3E),Not reported,Not reported,capacity_not_reported,,stainless steel autoclave (büchi versoclave type 3e),,9,0
vessel_volume_mL,1.5 dram glass vial,Ambiguous,Ambiguous,unspecified_imperial_volume,,1.5 dram glass vial,Imperial/US customary size without explicit mL equivalent; convention not assumed,2,6
vessel_volume_mL,100 mL Schott bottle,100.0,100.0,explicit_capacity_ml,,100 ml schott bottle,,7,1
vessel_volume_mL,"100 mL glass flask, Teflon-capped",100.0,100.0,explicit_capacity_ml,,"100 ml glass flask, teflon-capped",,7,1
vessel_volume_mL,15 mL Pyrex glass tube,15.0,15.0,explicit_capacity_ml,,15 ml pyrex glass tube,,8,0
vessel_volume_mL,20 mL glass bottle (PTFE-lined cap),20.0,20.0,explicit_capacity_ml,,20 ml glass bottle (ptfe-lined cap),,2,6
vessel_volume_mL,20 mL glass reactor (microwave),20.0,20.0,explicit_capacity_ml,,20 ml glass reactor (microwave),,2,6
vessel_volume_mL,20 mL glass scintillation vial,20.0,20.0,explicit_capacity_ml,,20 ml glass scintillation vial,,8,0
vessel_volume_mL,23 mL Teflon-lined stainless steel container,23.0,23.0,explicit_capacity_ml,,23 ml teflon-lined stainless steel container,,8,0
vessel_volume_mL,23 mL Teflon-lined steel Parr autoclave,23.0,23.0,explicit_capacity_ml,,23 ml teflon-lined steel parr autoclave,,3,5
vessel_volume_mL,25 mL Teflon-lined autoclave (Parr),25.0,25.0,explicit_capacity_ml,,25 ml teflon-lined autoclave (parr),,8,0
vessel_volume_mL,25 mL Teflon-lined autoclaved stainless steel vessel,25.0,25.0,explicit_capacity_ml,,25 ml teflon-lined autoclaved stainless steel vessel,,4,4
vessel_volume_mL,25 mL Teflon-lined stainless autoclave,25.0,25.0,explicit_capacity_ml,,25 ml teflon-lined stainless autoclave,,8,0
vessel_volume_mL,30 mL screw-capped glass vial with a Teflon-coated rubber seal,30.0,30.0,explicit_capacity_ml,,30 ml screw-capped glass vial with a teflon-coated rubber seal,,4,4
vessel_volume_mL,50 mL beaker,50.0,50.0,explicit_capacity_ml,,50 ml beaker,,8,0
vessel_volume_mL,8 dram glass vial (oil bath),Ambiguous,Ambiguous,unspecified_imperial_volume,,8 dram glass vial (oil bath),Imperial/US customary size without explicit mL equivalent; convention not assumed,1,7
vessel_volume_mL,PTFE-lined stainless-steel vessel,Not reported,Not reported,capacity_not_reported,,ptfe-lined stainless-steel vessel,,8,0
vessel_volume_mL,Parr 5500 reactor vessel,Not reported,Not reported,capacity_not_reported,,parr 5500 reactor vessel,,8,0
vessel_volume_mL,Parr Teflon-lined stainless steel vessel (Teflon-lined autoclave),Not reported,Not reported,capacity_not_reported,,parr teflon-lined stainless steel vessel (teflon-lined autoclave),,3,5
vessel_volume_mL,Teflon-lined Parr bomb (23 mL),23.0,23.0,explicit_capacity_ml,,teflon-lined parr bomb (23 ml),,0,8
vessel_volume_mL,Teflon-lined acid digestion autoclave,Not reported,Not reported,capacity_not_reported,,teflon-lined acid digestion autoclave,,8,0
vessel_volume_mL,Teflon-lined autoclave (10 mL Teflon bomb),10.0,10.0,explicit_capacity_ml,,teflon-lined autoclave (10 ml teflon bomb),,2,6
vessel_volume_mL,"Teflon-lined autoclave (100 mL), rotating crystallization reactor",100.0,100.0,explicit_capacity_ml,,"teflon-lined autoclave (100 ml), rotating crystallization reactor",,8,0
vessel_volume_mL,Teflon-lined autoclave (50 mL Teflon vessel),50.0,50.0,explicit_capacity_ml,,teflon-lined autoclave (50 ml teflon vessel),,7,1
vessel_volume_mL,Teflon-lined stainless steel autoclave (40 mL),40.0,40.0,explicit_capacity_ml,,teflon-lined stainless steel autoclave (40 ml),,7,1
vessel_volume_mL,"Teflon-lined stainless steel autoclave, 50 mL",50.0,50.0,explicit_capacity_ml,,"teflon-lined stainless steel autoclave, 50 ml",,8,0
vessel_volume_mL,autoclave (30 mL total volume),30.0,30.0,explicit_capacity_ml,,autoclave (30 ml total volume),,1,7
vessel_volume_mL,flask,Not reported,Not reported,capacity_not_reported,,flask,,8,0
vessel_volume_mL,flask bottle,Not reported,Not reported,capacity_not_reported,,flask bottle,,8,0
vessel_volume_mL,glass scintillation vial with Teflon-lined cap,Not reported,Not reported,capacity_not_reported,,glass scintillation vial with teflon-lined cap,,4,4
vessel_volume_mL,glass vial (20 mm diameter),Not reported,Not reported,capacity_not_reported,,glass vial (20 mm diameter),,1,7
vessel_volume_mL,"pressure-resistant tube (PTFE-capped), 48 mL",48.0,48.0,explicit_capacity_ml,,"pressure-resistant tube (ptfe-capped), 48 ml",,8,0
vessel_volume_mL,reactor (15 mL),15.0,15.0,explicit_capacity_ml,,reactor (15 ml),,8,0
vessel_volume_mL,round-bottom flask (10 mL),10.0,10.0,explicit_capacity_ml,,round-bottom flask (10 ml),,1,7
vessel_volume_mL,screw top vial,Not reported,Not reported,capacity_not_reported,,screw top vial,,3,5
vessel_volume_mL,sealed 20 mL vial,20.0,20.0,explicit_capacity_ml,,sealed 20 ml vial,,2,6
vessel_volume_mL,sealed 50 mL glass reactor,50.0,50.0,explicit_capacity_ml,,sealed 50 ml glass reactor,,4,4
vessel_volume_mL,sealed Pyrex tube (vacuum-sealed ampoule),Not reported,Not reported,capacity_not_reported,,sealed pyrex tube (vacuum-sealed ampoule),,8,0
vessel_volume_mL,solution cell (Kapton film),Not reported,Not reported,capacity_not_reported,,solution cell (kapton film),,2,6
vessel_volume_mL,thick-walled borosilicate tube (flame-sealed),Not reported,Not reported,capacity_not_reported,,thick-walled borosilicate tube (flame-sealed),,1,7
vessel_volume_mL,tube,Not reported,Not reported,capacity_not_reported,,tube,,4,4
vessel_volume_mL,ultrasound bath,Not reported,Not reported,no_identified_vessel,,ultrasound bath,"Description specifies equipment/operation, not an identifiable reaction vessel",0,8
vessel_volume_mL,vapor diffusion setup,Not reported,Not reported,no_identified_vessel,,vapor diffusion setup,"Description specifies equipment/operation, not an identifiable reaction vessel",8,0
vessel_volume_mL,10 mL Teflon screw–capped Duran Pyrex tube,10.0,10.0,explicit_capacity_ml,,10 ml teflon screw-capped duran pyrex tube,,0,7
vessel_volume_mL,15 mL PTFE-lined stainless-steel acid digestion bomb,15.0,15.0,explicit_capacity_ml,,15 ml ptfe-lined stainless-steel acid digestion bomb,,4,3
vessel_volume_mL,15 mL Teflon-lined stainless-steel autoclave,15.0,15.0,explicit_capacity_ml,,15 ml teflon-lined stainless-steel autoclave,,6,1
vessel_volume_mL,2.5 mL HT Teflon liner in autoclave,2.5,2.5,explicit_capacity_ml,,2.5 ml ht teflon liner in autoclave,,7,0
vessel_volume_mL,20 mL Teflon-lined stainless steel reactor,20.0,20.0,explicit_capacity_ml,,20 ml teflon-lined stainless steel reactor,,7,0
vessel_volume_mL,20 mL Teflon-lined stainless-steel autoclave,20.0,20.0,explicit_capacity_ml,,20 ml teflon-lined stainless-steel autoclave,,7,0
vessel_volume_mL,20 mL capped scintillation vial (oil bath),20.0,20.0,explicit_capacity_ml,,20 ml capped scintillation vial (oil bath),,1,6
vessel_volume_mL,20 mL capped vial,20.0,20.0,explicit_capacity_ml,,20 ml capped vial,,3,4
vessel_volume_mL,20 mL scintillation vials (sealed),20.0,20.0,explicit_capacity_ml,,20 ml scintillation vials (sealed),,7,0
vessel_volume_mL,23 mL Parr Teflon-lined stainless steel vessel,23.0,23.0,explicit_capacity_ml,,23 ml parr teflon-lined stainless steel vessel,,2,5
vessel_volume_mL,23 mL Teflon reactor,23.0,23.0,explicit_capacity_ml,,23 ml teflon reactor,,7,0
vessel_volume_mL,23 mL Teflon-lined stainless steel Parr bomb,23.0,23.0,explicit_capacity_ml,,23 ml teflon-lined stainless steel parr bomb,,7,0
vessel_volume_mL,250 mL three-necked flask,250.0,250.0,explicit_capacity_ml,,250 ml three-necked flask,,7,0
vessel_volume_mL,5 L glass reactor with reflux condenser and Teflon-lined mechanical stirrer (two blades),5000.0,5000.0,explicit_capacity_ml,,5 l glass reactor with reflux condenser and teflon-lined mechanical stirrer (two blades),Uncommon stated capacity retained; source verification recommended,1,6
vessel_volume_mL,75 mL screw-cap high-pressure flask,75.0,75.0,explicit_capacity_ml,,75 ml screw-cap high-pressure flask,,1,6
vessel_volume_mL,PTFE insert in stainless steel high-throughput reactor (300 ?L),Ambiguous,Ambiguous,damaged_volume_unit,,ptfe insert in stainless steel high-throughput reactor (300 ?l),Corrupted unit could change the volume scale; no unit guessed,0,7
vessel_volume_mL,Parr Teflon-lined autoclave (23 mL),23.0,23.0,explicit_capacity_ml,,parr teflon-lined autoclave (23 ml),,7,0
vessel_volume_mL,Parr Teflon-lined stainless steel vessel (23 mL),23.0,23.0,explicit_capacity_ml,,parr teflon-lined stainless steel vessel (23 ml),,7,0
vessel_volume_mL,Parr Teflon-lined stainless steel vessel (25 cm3),25.0,25.0,explicit_capacity_ml,,parr teflon-lined stainless steel vessel (25 cm3),,7,0
vessel_volume_mL,Pyrex tube (5 mL),5.0,5.0,explicit_capacity_ml,,pyrex tube (5 ml),,0,7
vessel_volume_mL,Schott bottle,Not reported,Not reported,capacity_not_reported,,schott bottle,,7,0
vessel_volume_mL,Sigmacote-treated 4 mL glass vial,4.0,4.0,explicit_capacity_ml,,sigmacote-treated 4 ml glass vial,,6,1
vessel_volume_mL,Teflon cup in Teflon-lined autoclave,Not reported,Not reported,capacity_not_reported,,teflon cup in teflon-lined autoclave,,7,0
vessel_volume_mL,Teflon lined stainless steel container,Not reported,Not reported,capacity_not_reported,,teflon lined stainless steel container,,7,0
vessel_volume_mL,Teflon lined stainless steel vessel (20 mL),20.0,20.0,explicit_capacity_ml,,teflon lined stainless steel vessel (20 ml),,3,4
vessel_volume_mL,Teflon-capped high-pressure glass vessel (20 mL),20.0,20.0,explicit_capacity_ml,,teflon-capped high-pressure glass vessel (20 ml),,3,4
vessel_volume_mL,Teflon-capped reaction tube,Not reported,Not reported,capacity_not_reported,,teflon-capped reaction tube,,7,0
vessel_volume_mL,Teflon-lined (PTFE) stainless steel autoclave,Not reported,Not reported,capacity_not_reported,,teflon-lined (ptfe) stainless steel autoclave,,7,0
vessel_volume_mL,Teflon-lined autoclave (high pressure),Not reported,Not reported,capacity_not_reported,,teflon-lined autoclave (high pressure),,1,6
vessel_volume_mL,Teflon-lined screw cap scintillation vial,Not reported,Not reported,capacity_not_reported,,teflon-lined screw cap scintillation vial,,3,4
vessel_volume_mL,Teflon-lined stainless steel bomb reactor,Not reported,Not reported,capacity_not_reported,,teflon-lined stainless steel bomb reactor,,2,5
vessel_volume_mL,Teflon-lined stainless steel container (25 mL),25.0,25.0,explicit_capacity_ml,,teflon-lined stainless steel container (25 ml),,7,0
vessel_volume_mL,Teflon-lined stainless steel reactor (15 mL),15.0,15.0,explicit_capacity_ml,,teflon-lined stainless steel reactor (15 ml),,7,0
vessel_volume_mL,"Teflon-lined stainless steel reactor, 20 mL",20.0,20.0,explicit_capacity_ml,,"teflon-lined stainless steel reactor, 20 ml",,7,0
vessel_volume_mL,Teflon-lined stainless-steel reactor (20 mL),20.0,20.0,explicit_capacity_ml,,teflon-lined stainless-steel reactor (20 ml),,4,3
vessel_volume_mL,Teflon-lined stainless-steel reactor (23 mL),23.0,23.0,explicit_capacity_ml,,teflon-lined stainless-steel reactor (23 ml),,5,2
vessel_volume_mL,Teflon-lined stainless-steel vessel (20 mL),20.0,20.0,explicit_capacity_ml,,teflon-lined stainless-steel vessel (20 ml),,7,0
vessel_volume_mL,Teflon-lined steel autoclave (20 mL),20.0,20.0,explicit_capacity_ml,,teflon-lined steel autoclave (20 ml),,1,6
vessel_volume_mL,Teflon-lined vial (10 mL),10.0,10.0,explicit_capacity_ml,,teflon-lined vial (10 ml),,0,7
vessel_volume_mL,borosilicate glass reaction tube with PTFE-lined screwcap,Not reported,Not reported,capacity_not_reported,,borosilicate glass reaction tube with ptfe-lined screwcap,,7,0
vessel_volume_mL,capped 9 mm borosilicate glass culture tube,Not reported,Not reported,capacity_not_reported,,capped 9 mm borosilicate glass culture tube,,7,0
vessel_volume_mL,closed glass vial,Not reported,Not reported,capacity_not_reported,,closed glass vial,,7,0
vessel_volume_mL,glass flask with Teflon-lined screw cap,Not reported,Not reported,capacity_not_reported,,glass flask with teflon-lined screw cap,,4,3
vessel_volume_mL,glass pressure tube,Not reported,Not reported,capacity_not_reported,,glass pressure tube,,7,0
vessel_volume_mL,glass vial (25 mL),25.0,25.0,explicit_capacity_ml,,glass vial (25 ml),,6,1
vessel_volume_mL,in situ SAXS cell (mica windows),Not reported,Not reported,capacity_not_reported,,in situ saxs cell (mica windows),,7,0
vessel_volume_mL,pressure glass tube (30 mL),30.0,30.0,explicit_capacity_ml,,pressure glass tube (30 ml),,3,4
vessel_volume_mL,screw capped glass sample vial (4 mL),4.0,4.0,explicit_capacity_ml,,screw capped glass sample vial (4 ml),,7,0
vessel_volume_mL,sealed container,Not reported,Not reported,capacity_not_reported,,sealed container,,7,0
vessel_volume_mL,sealed glass flask,Not reported,Not reported,capacity_not_reported,,sealed glass flask,,6,1
vessel_volume_mL,stainless steel ATR-IR batch reactor cell,Not reported,Not reported,capacity_not_reported,,stainless steel atr-ir batch reactor cell,,7,0
vessel_volume_mL,stainless steel autoclave (50 mL),50.0,50.0,explicit_capacity_ml,,stainless steel autoclave (50 ml),,7,0
vessel_volume_mL,stainless steel autoclave (Parr),Not reported,Not reported,capacity_not_reported,,stainless steel autoclave (parr),,4,3
vessel_volume_mL,stainless-steel autoclave,Not reported,Not reported,capacity_not_reported,,stainless-steel autoclave,,7,0
vessel_volume_mL,test tube (sealed),Not reported,Not reported,capacity_not_reported,,test tube (sealed),,1,6
vessel_volume_mL,three-neck flask,Not reported,Not reported,capacity_not_reported,,three-neck flask,,7,0
vessel_volume_mL,1.8-dram glass vial inside 20 mL scintillation vial (vapor diffusion),Ambiguous,Ambiguous,nested_vessel_capacity,,1.8-dram glass vial inside 20 ml scintillation vial (vapor diffusion),Capacity cannot be assigned to one reaction vessel in nested/sequential apparatus,1,5
vessel_volume_mL,10 mL vial,10.0,10.0,explicit_capacity_ml,,10 ml vial,,5,1
vessel_volume_mL,100 mL Teflon cell sealed in steel Parr autoclave,100.0,100.0,explicit_capacity_ml,,100 ml teflon cell sealed in steel parr autoclave,,1,5
vessel_volume_mL,100 mL autoclave,100.0,100.0,explicit_capacity_ml,,100 ml autoclave,,6,0
vessel_volume_mL,125 mL Parr acid digestion bomb,125.0,125.0,explicit_capacity_ml,,125 ml parr acid digestion bomb,,5,1
vessel_volume_mL,15 mL vial,15.0,15.0,explicit_capacity_ml,,15 ml vial,,6,0
vessel_volume_mL,16 mL Teflon-lined stainless steel autoclave,16.0,16.0,explicit_capacity_ml,,16 ml teflon-lined stainless steel autoclave,,6,0
vessel_volume_mL,2-dram vial,Ambiguous,Ambiguous,unspecified_imperial_volume,,2-dram vial,Imperial/US customary size without explicit mL equivalent; convention not assumed,3,3
vessel_volume_mL,20 mL Wheaton vial (rubber-lined cap),20.0,20.0,explicit_capacity_ml,,20 ml wheaton vial (rubber-lined cap),,4,2
vessel_volume_mL,"20 mL glass vial, sealed",20.0,20.0,explicit_capacity_ml,,"20 ml glass vial, sealed",,2,4
vessel_volume_mL,20 mL reaction vessel,20.0,20.0,explicit_capacity_ml,,20 ml reaction vessel,,6,0
vessel_volume_mL,20 mL scintillating glass vial (foil-lined cap),20.0,20.0,explicit_capacity_ml,,20 ml scintillating glass vial (foil-lined cap),,0,6
vessel_volume_mL,20 mL screw glass bottle,20.0,20.0,explicit_capacity_ml,,20 ml screw glass bottle,,5,1
vessel_volume_mL,20 mL sealed vial,20.0,20.0,explicit_capacity_ml,,20 ml sealed vial,,6,0
vessel_volume_mL,20-mL scintillation vial,20.0,20.0,explicit_capacity_ml,,20-ml scintillation vial,,6,0
vessel_volume_mL,200 mL screw cap bottle,200.0,200.0,explicit_capacity_ml,,200 ml screw cap bottle,,6,0
vessel_volume_mL,23 mL Teflon-lined Parr steel autoclave,23.0,23.0,explicit_capacity_ml,,23 ml teflon-lined parr steel autoclave,,6,0
vessel_volume_mL,25 mL Pyrex reagent jar,25.0,25.0,explicit_capacity_ml,,25 ml pyrex reagent jar,,2,4
vessel_volume_mL,25 mL Schott bottle,25.0,25.0,explicit_capacity_ml,,25 ml schott bottle,,0,6
vessel_volume_mL,25 mL Teflon-lined stainless steel reactor,25.0,25.0,explicit_capacity_ml,,25 ml teflon-lined stainless steel reactor,,6,0
vessel_volume_mL,25 mL flask,25.0,25.0,explicit_capacity_ml,,25 ml flask,,2,4
vessel_volume_mL,25 mL glass vial with screw lid,25.0,25.0,explicit_capacity_ml,,25 ml glass vial with screw lid,,2,4
vessel_volume_mL,250 mL sealed blue cap bottle,250.0,250.0,explicit_capacity_ml,,250 ml sealed blue cap bottle,,6,0
vessel_volume_mL,4 mL Pyrex vial,4.0,4.0,explicit_capacity_ml,,4 ml pyrex vial,,6,0
vessel_volume_mL,4 mL dram vial,4.0,4.0,explicit_capacity_ml,,4 ml dram vial,,4,2
vessel_volume_mL,4 mL glass scintillation vial,4.0,4.0,explicit_capacity_ml,,4 ml glass scintillation vial,,2,4
vessel_volume_mL,4 mL glass scintillation vial (Teflon-lined cap),4.0,4.0,explicit_capacity_ml,,4 ml glass scintillation vial (teflon-lined cap),,2,4
vessel_volume_mL,"4 mL scintillation vial, Teflon-lined cap",4.0,4.0,explicit_capacity_ml,,"4 ml scintillation vial, teflon-lined cap",,2,4
vessel_volume_mL,40 mL Teflon-lined stainless-steel autoclave,40.0,40.0,explicit_capacity_ml,,40 ml teflon-lined stainless-steel autoclave,,2,4
vessel_volume_mL,45 mL stainless steel Teflon-lined autoclave,45.0,45.0,explicit_capacity_ml,,45 ml stainless steel teflon-lined autoclave,,6,0
vessel_volume_mL,50 mL Schott glass vial,50.0,50.0,explicit_capacity_ml,,50 ml schott glass vial,,1,5
vessel_volume_mL,50 mL centrifuge flask,50.0,50.0,explicit_capacity_ml,,50 ml centrifuge flask,,6,0
vessel_volume_mL,50 mL centrifuge tube,50.0,50.0,explicit_capacity_ml,,50 ml centrifuge tube,,6,0
vessel_volume_mL,8 mL glass vessel (sealed),8.0,8.0,explicit_capacity_ml,,8 ml glass vessel (sealed),,6,0
vessel_volume_mL,"Duran glass reactor (4 mL), sealed, aluminium block",4.0,4.0,explicit_capacity_ml,,"duran glass reactor (4 ml), sealed, aluminium block",,1,5
vessel_volume_mL,H-shaped tube (diffusion); slow evaporation of filtrate in open vial,Ambiguous,Ambiguous,nested_vessel_capacity,,h-shaped tube (diffusion); slow evaporation of filtrate in open vial,Capacity cannot be assigned to one reaction vessel in nested/sequential apparatus,0,6
vessel_volume_mL,PTFE-lined steel autoclave,Not reported,Not reported,capacity_not_reported,,ptfe-lined steel autoclave,,0,6
vessel_volume_mL,"Parr PTFE-lined digestion vessel, 125 mL",125.0,125.0,explicit_capacity_ml,,"parr ptfe-lined digestion vessel, 125 ml",,6,0
vessel_volume_mL,"Parr Teflon-lined stainless steel vessel (15 mL), autogenous pressure",15.0,15.0,explicit_capacity_ml,,"parr teflon-lined stainless steel vessel (15 ml), autogenous pressure",,6,0
vessel_volume_mL,Petri dish,Not reported,Not reported,capacity_not_reported,,petri dish,,6,0
vessel_volume_mL,Pyrex Schott bottle (100 mL),100.0,100.0,explicit_capacity_ml,,pyrex schott bottle (100 ml),,6,0
vessel_volume_mL,Pyrex tube (10 mL),10.0,10.0,explicit_capacity_ml,,pyrex tube (10 ml),,6,0
vessel_volume_mL,Pyrex tubes (10),Not reported,Not reported,capacity_not_reported,,pyrex tubes (10),,0,6
vessel_volume_mL,Schott DURAN pressure plus bottle (1 L),1000.0,1000.0,explicit_capacity_ml,,schott duran pressure plus bottle (1 l),Uncommon stated capacity retained; source verification recommended,6,0
vessel_volume_mL,Teflon-capped glass jar (60 mL),60.0,60.0,explicit_capacity_ml,,teflon-capped glass jar (60 ml),,6,0
vessel_volume_mL,"Teflon-lined autoclave (15 mL), autogenous pressure",15.0,15.0,explicit_capacity_ml,,"teflon-lined autoclave (15 ml), autogenous pressure",,6,0
vessel_volume_mL,Teflon-lined autoclave (20 mL sealed),20.0,20.0,explicit_capacity_ml,,teflon-lined autoclave (20 ml sealed),,2,4
vessel_volume_mL,Teflon-lined autoclave (45 mL liner in steel autoclave),45.0,45.0,explicit_capacity_ml,,teflon-lined autoclave (45 ml liner in steel autoclave),,6,0
vessel_volume_mL,Teflon-lined autoclave (48 mL liner),48.0,48.0,explicit_capacity_ml,,teflon-lined autoclave (48 ml liner),,6,0
vessel_volume_mL,Teflon-lined autoclave (PTFE vessel),Not reported,Not reported,capacity_not_reported,,teflon-lined autoclave (ptfe vessel),,1,5
vessel_volume_mL,Teflon-lined autoclave (microwave reactor),Not reported,Not reported,capacity_not_reported,,teflon-lined autoclave (microwave reactor),,4,2
vessel_volume_mL,Teflon-lined stainless steel autoclave (18 mL),18.0,18.0,explicit_capacity_ml,,teflon-lined stainless steel autoclave (18 ml),,6,0
vessel_volume_mL,Teflon-lined stainless steel vessel (16 mL),16.0,16.0,explicit_capacity_ml,,teflon-lined stainless steel vessel (16 ml),,6,0
vessel_volume_mL,Teflon-lined stainless-steel Parr autoclave,Not reported,Not reported,capacity_not_reported,,teflon-lined stainless-steel parr autoclave,,0,6
vessel_volume_mL,Teflon-lined stainless-steel autoclave (40 mL),40.0,40.0,explicit_capacity_ml,,teflon-lined stainless-steel autoclave (40 ml),,5,1
vessel_volume_mL,"Teflon-lined stainless-steel autoclave, 25 mL",25.0,25.0,explicit_capacity_ml,,"teflon-lined stainless-steel autoclave, 25 ml",,6,0
vessel_volume_mL,Teflon-lined stainless-steel vessel (15 mL),15.0,15.0,explicit_capacity_ml,,teflon-lined stainless-steel vessel (15 ml),,6,0
vessel_volume_mL,Teflon-lined steel reactor,Not reported,Not reported,capacity_not_reported,,teflon-lined steel reactor,,6,0
vessel_volume_mL,acid digestion bomb,Not reported,Not reported,capacity_not_reported,,acid digestion bomb,,6,0
vessel_volume_mL,autoclavable reagent bottle (500 mL),500.0,500.0,explicit_capacity_ml,,autoclavable reagent bottle (500 ml),,6,0
vessel_volume_mL,beaker heated in oven,Not reported,Not reported,capacity_not_reported,,beaker heated in oven,,6,0
vessel_volume_mL,borosilicate glass reactor,Not reported,Not reported,capacity_not_reported,,borosilicate glass reactor,,0,6
vessel_volume_mL,external heat reactor in muffle furnace (50 mL),50.0,50.0,explicit_capacity_ml,,external heat reactor in muffle furnace (50 ml),,6,0
vessel_volume_mL,glass bottle (100 mL Schott),100.0,100.0,explicit_capacity_ml,,glass bottle (100 ml schott),,4,2
vessel_volume_mL,glass bottle (larger for increased volume),Not reported,Not reported,capacity_not_reported,,glass bottle (larger for increased volume),,6,0
vessel_volume_mL,glass dram vial,Ambiguous,Ambiguous,unspecified_imperial_volume,,glass dram vial,Imperial/US customary size without explicit mL equivalent; convention not assumed,3,3
vessel_volume_mL,glass petri dish,Not reported,Not reported,capacity_not_reported,,glass petri dish,,4,2
vessel_volume_mL,glass pressure bottle (15 mL),15.0,15.0,explicit_capacity_ml,,glass pressure bottle (15 ml),,5,1
vessel_volume_mL,glass reactor on aluminum heating block,Not reported,Not reported,capacity_not_reported,,glass reactor on aluminum heating block,,2,4
vessel_volume_mL,"glass tube (1.5 cm i.d., 18 cm height), two-layer diffusion",Not reported,Not reported,capacity_not_reported,,"glass tube (1.5 cm i.d., 18 cm height), two-layer diffusion",,6,0
vessel_volume_mL,"glass tube (10 mm × 140 mm), sealed under vacuum",Not reported,Not reported,capacity_not_reported,,"glass tube (10 mm × 140 mm), sealed under vacuum",,6,0
vessel_volume_mL,"glass tube (2 mL), sealed",2.0,2.0,explicit_capacity_ml,,"glass tube (2 ml), sealed",,6,0
vessel_volume_mL,glass vial (Teflon-lined cap),Not reported,Not reported,capacity_not_reported,,glass vial (teflon-lined cap),,1,5
vessel_volume_mL,glass vial (~23 mL),23.0,23.0,explicit_capacity_ml,,glass vial (~23 ml),,6,0
vessel_volume_mL,hydrothermal reaction chamber (50 mL),50.0,50.0,explicit_capacity_ml,,hydrothermal reaction chamber (50 ml),,6,0
vessel_volume_mL,microwave glass vial,Not reported,Not reported,capacity_not_reported,,microwave glass vial,,6,0
vessel_volume_mL,microwave vial (10 mL),10.0,10.0,explicit_capacity_ml,,microwave vial (10 ml),,2,4
vessel_volume_mL,non-pressurised scintillation vial (tightly capped),Not reported,Not reported,capacity_not_reported,,non-pressurised scintillation vial (tightly capped),,2,4
vessel_volume_mL,round bottom flask (50 mL),50.0,50.0,explicit_capacity_ml,,round bottom flask (50 ml),,6,0
vessel_volume_mL,round-bottom flask with condenser,Not reported,Not reported,capacity_not_reported,,round-bottom flask with condenser,,5,1
vessel_volume_mL,sealed crystal tube,Not reported,Not reported,capacity_not_reported,,sealed crystal tube,,6,0
vessel_volume_mL,sealed glass scintillation vial,Not reported,Not reported,capacity_not_reported,,sealed glass scintillation vial,,4,2
vessel_volume_mL,solvothermal autoclave (Büchi Versoclave 3E),Not reported,Not reported,capacity_not_reported,,solvothermal autoclave (büchi versoclave 3e),,6,0
vessel_volume_mL,stainless steel reactor with Teflon liner,Not reported,Not reported,capacity_not_reported,,stainless steel reactor with teflon liner,,6,0
vessel_volume_mL,"thick-walled glass vial, flame-sealed",Not reported,Not reported,capacity_not_reported,,"thick-walled glass vial, flame-sealed",,2,4
vessel_volume_mL,vial-in-vial diffusion (glass vials),Ambiguous,Ambiguous,nested_vessel_capacity,,vial-in-vial diffusion (glass vials),Capacity cannot be assigned to one reaction vessel in nested/sequential apparatus,4,2
vessel_volume_mL,1 L Schott DURAN pressure plus bottle,1000.0,1000.0,explicit_capacity_ml,,1 l schott duran pressure plus bottle,Uncommon stated capacity retained; source verification recommended,1,4
vessel_volume_mL,1 L glass bottle (sealed),1000.0,1000.0,explicit_capacity_ml,,1 l glass bottle (sealed),Uncommon stated capacity retained; source verification recommended,5,0
vessel_volume_mL,10 mL Teflon-lined stainless steel autoclave,10.0,10.0,explicit_capacity_ml,,10 ml teflon-lined stainless steel autoclave,,4,1
vessel_volume_mL,10 mL screw-capped vial,10.0,10.0,explicit_capacity_ml,,10 ml screw-capped vial,,5,0
vessel_volume_mL,100 mL Teflon-lined stainless-steel container,100.0,100.0,explicit_capacity_ml,,100 ml teflon-lined stainless-steel container,,5,0
vessel_volume_mL,100-mL glass vial (capped),100.0,100.0,explicit_capacity_ml,,100-ml glass vial (capped),,1,4
vessel_volume_mL,11 mL borosilicate glass reactor,11.0,11.0,explicit_capacity_ml,,11 ml borosilicate glass reactor,,2,3
vessel_volume_mL,"12 mL reaction vial, Teflon-lined lid",12.0,12.0,explicit_capacity_ml,,"12 ml reaction vial, teflon-lined lid",,3,2
vessel_volume_mL,15 mL Teflon reactor,15.0,15.0,explicit_capacity_ml,,15 ml teflon reactor,,5,0
vessel_volume_mL,15-mL Teflon-lined stainless steel autoclave,15.0,15.0,explicit_capacity_ml,,15-ml teflon-lined stainless steel autoclave,,5,0
vessel_volume_mL,2 L three-necked flask,2000.0,2000.0,explicit_capacity_ml,,2 l three-necked flask,Uncommon stated capacity retained; source verification recommended,4,1
vessel_volume_mL,2 mL PE tube,2.0,2.0,explicit_capacity_ml,,2 ml pe tube,,5,0
vessel_volume_mL,20 mL Teflon-lined stainless steel vessel (autoclave),20.0,20.0,explicit_capacity_ml,,20 ml teflon-lined stainless steel vessel (autoclave),,0,5
vessel_volume_mL,20 mL Teflon-lined steel autoclave,20.0,20.0,explicit_capacity_ml,,20 ml teflon-lined steel autoclave,,0,5
vessel_volume_mL,20 mL bottle,20.0,20.0,explicit_capacity_ml,,20 ml bottle,,1,4
vessel_volume_mL,20 mL glass vial (dry bath heater),20.0,20.0,explicit_capacity_ml,,20 ml glass vial (dry bath heater),,5,0
vessel_volume_mL,"20 mL glass vials, PTFE-lined caps",20.0,20.0,explicit_capacity_ml,,"20 ml glass vials, ptfe-lined caps",,5,0
vessel_volume_mL,20 mL scintillation vial (with round glass cover slide inserted),20.0,20.0,explicit_capacity_ml,,20 ml scintillation vial (with round glass cover slide inserted),,5,0
vessel_volume_mL,20 mL screw-cap vial,20.0,20.0,explicit_capacity_ml,,20 ml screw-cap vial,,4,1
vessel_volume_mL,20 mL screw-capped scintillation vial,20.0,20.0,explicit_capacity_ml,,20 ml screw-capped scintillation vial,,5,0
vessel_volume_mL,20 mL vial (sealed),20.0,20.0,explicit_capacity_ml,,20 ml vial (sealed),,5,0
vessel_volume_mL,200 mL autoclave,200.0,200.0,explicit_capacity_ml,,200 ml autoclave,,5,0
vessel_volume_mL,23 mL Teflon-lined stainless steel autoclave (autogenous pressure),23.0,23.0,explicit_capacity_ml,,23 ml teflon-lined stainless steel autoclave (autogenous pressure),,5,0
vessel_volume_mL,23 mL Teflon-lined steel reactor,23.0,23.0,explicit_capacity_ml,,23 ml teflon-lined steel reactor,,1,4
vessel_volume_mL,24 mL Teflon-lined autoclave,24.0,24.0,explicit_capacity_ml,,24 ml teflon-lined autoclave,,5,0
vessel_volume_mL,25 mL Teflon-lined reactor,25.0,25.0,explicit_capacity_ml,,25 ml teflon-lined reactor,,5,0
vessel_volume_mL,25 mL Teflon-lined stainless steel vessel (autoclave),25.0,25.0,explicit_capacity_ml,,25 ml teflon-lined stainless steel vessel (autoclave),,5,0
vessel_volume_mL,25 mL Teflon-lined stainless-steel vessel,25.0,25.0,explicit_capacity_ml,,25 ml teflon-lined stainless-steel vessel,,5,0
vessel_volume_mL,25 mL screw-top glass vial,25.0,25.0,explicit_capacity_ml,,25 ml screw-top glass vial,,5,0
vessel_volume_mL,25 mL vial (capped tightly),25.0,25.0,explicit_capacity_ml,,25 ml vial (capped tightly),,5,0
vessel_volume_mL,250 mL flask,250.0,250.0,explicit_capacity_ml,,250 ml flask,,1,4
vessel_volume_mL,250 mL round-bottom flask,250.0,250.0,explicit_capacity_ml,,250 ml round-bottom flask,,5,0
vessel_volume_mL,30 mL Teflon-lined autoclave,30.0,30.0,explicit_capacity_ml,,30 ml teflon-lined autoclave,,5,0
vessel_volume_mL,30 mL screw-cap vial,30.0,30.0,explicit_capacity_ml,,30 ml screw-cap vial,,1,4
vessel_volume_mL,4 mL glass scintillation vials,4.0,4.0,explicit_capacity_ml,,4 ml glass scintillation vials,,5,0
vessel_volume_mL,4 mL screw-cap vial,4.0,4.0,explicit_capacity_ml,,4 ml screw-cap vial,,2,3
vessel_volume_mL,40 mL glass vial with rubber-lined cap,40.0,40.0,explicit_capacity_ml,,40 ml glass vial with rubber-lined cap,,0,5
vessel_volume_mL,5 mL glass bottle,5.0,5.0,explicit_capacity_ml,,5 ml glass bottle,,5,0
vessel_volume_mL,50 mL Teflon-lined autoclave,50.0,50.0,explicit_capacity_ml,,50 ml teflon-lined autoclave,,5,0
vessel_volume_mL,7 mL capped vial,7.0,7.0,explicit_capacity_ml,,7 ml capped vial,,5,0
vessel_volume_mL,"Erlenmeyer flask (loosely covered with watch glass), in oven",Not reported,Not reported,capacity_not_reported,,"erlenmeyer flask (loosely covered with watch glass), in oven",,5,0
vessel_volume_mL,Parr Teflon-lined stainless steel autoclave,Not reported,Not reported,capacity_not_reported,,parr teflon-lined stainless steel autoclave,,5,0
vessel_volume_mL,Parr Teflon-lined stainless steel vessel (23.0 mL),23.0,23.0,explicit_capacity_ml,,parr teflon-lined stainless steel vessel (23.0 ml),,5,0
vessel_volume_mL,Pyrex tubes,Not reported,Not reported,capacity_not_reported,,pyrex tubes,,1,4
vessel_volume_mL,Rotating packed bed (RPB) reactor,Not reported,Not reported,capacity_not_reported,,rotating packed bed (rpb) reactor,,5,0
vessel_volume_mL,Schlenk tube,Not reported,Not reported,capacity_not_reported,,schlenk tube,,0,5
vessel_volume_mL,Teflon cup (23 mL),23.0,23.0,explicit_capacity_ml,,teflon cup (23 ml),,5,0
vessel_volume_mL,"Teflon reaction vessel (2 mL), sealed",2.0,2.0,explicit_capacity_ml,,"teflon reaction vessel (2 ml), sealed",,4,1
vessel_volume_mL,Teflon reactor (23 mL),23.0,23.0,explicit_capacity_ml,,teflon reactor (23 ml),,5,0
vessel_volume_mL,"Teflon-lined Parr bomb (autoclave), 120 mL",120.0,120.0,explicit_capacity_ml,,"teflon-lined parr bomb (autoclave), 120 ml",,5,0
vessel_volume_mL,Teflon-lined autoclave (137 mL),137.0,137.0,explicit_capacity_ml,,teflon-lined autoclave (137 ml),,5,0
vessel_volume_mL,Teflon-lined autoclave (16 mL),16.0,16.0,explicit_capacity_ml,,teflon-lined autoclave (16 ml),,1,4
vessel_volume_mL,Teflon-lined autoclave (25 mL PTFE-lined hydrothermal reactor),25.0,25.0,explicit_capacity_ml,,teflon-lined autoclave (25 ml ptfe-lined hydrothermal reactor),,1,4
vessel_volume_mL,Teflon-lined autoclave (250 mL),250.0,250.0,explicit_capacity_ml,,teflon-lined autoclave (250 ml),,5,0
vessel_volume_mL,Teflon-lined autoclave (45 mL stainless steel reactor),45.0,45.0,explicit_capacity_ml,,teflon-lined autoclave (45 ml stainless steel reactor),,5,0
vessel_volume_mL,"Teflon-lined autoclave (PTFE-lined stainless steel, 23 mL)",23.0,23.0,explicit_capacity_ml,,"teflon-lined autoclave (ptfe-lined stainless steel, 23 ml)",,5,0
vessel_volume_mL,"Teflon-lined autoclave (Parr, 15 mL)",15.0,15.0,explicit_capacity_ml,,"teflon-lined autoclave (parr, 15 ml)",,5,0
vessel_volume_mL,"Teflon-lined autoclave (Parr-type steel autoclave, 23 mL)",23.0,23.0,explicit_capacity_ml,,"teflon-lined autoclave (parr-type steel autoclave, 23 ml)",,1,4
vessel_volume_mL,Teflon-lined autoclave (steel bomb),Not reported,Not reported,capacity_not_reported,,teflon-lined autoclave (steel bomb),,5,0
vessel_volume_mL,Teflon-lined bomb (15 mL),15.0,15.0,explicit_capacity_ml,,teflon-lined bomb (15 ml),,5,0
vessel_volume_mL,Teflon-lined hydrothermal bomb (23 mL),23.0,23.0,explicit_capacity_ml,,teflon-lined hydrothermal bomb (23 ml),,5,0
vessel_volume_mL,Teflon-lined stainless steel Parr autoclave,Not reported,Not reported,capacity_not_reported,,teflon-lined stainless steel parr autoclave,,4,1
vessel_volume_mL,Teflon-lined stainless steel autoclave (~20 mL),20.0,20.0,explicit_capacity_ml,,teflon-lined stainless steel autoclave (~20 ml),,4,1
vessel_volume_mL,"Teflon-lined stainless steel autoclave, 23 mL",23.0,23.0,explicit_capacity_ml,,"teflon-lined stainless steel autoclave, 23 ml",,5,0
vessel_volume_mL,Teflon-lined stainless steel container (16 mL),16.0,16.0,explicit_capacity_ml,,teflon-lined stainless steel container (16 ml),,5,0
vessel_volume_mL,Teflon-lined stainless steel vessel (10 mL),10.0,10.0,explicit_capacity_ml,,teflon-lined stainless steel vessel (10 ml),,5,0
vessel_volume_mL,Teflon-lined stainless-steel reactor (10 mL),10.0,10.0,explicit_capacity_ml,,teflon-lined stainless-steel reactor (10 ml),,3,2
vessel_volume_mL,"Teflon-lined stainless-steel vessel, 25 mL",25.0,25.0,explicit_capacity_ml,,"teflon-lined stainless-steel vessel, 25 ml",,5,0
vessel_volume_mL,Teflon-lined vessel,Not reported,Not reported,capacity_not_reported,,teflon-lined vessel,,5,0
vessel_volume_mL,beaker; ultrasonication then oil-bath reflux,Not reported,Not reported,capacity_not_reported,,beaker; ultrasonication then oil-bath reflux,,5,0
vessel_volume_mL,closed Pyrex vessel,Not reported,Not reported,capacity_not_reported,,closed pyrex vessel,,1,4
vessel_volume_mL,crystal tube (sealed),Not reported,Not reported,capacity_not_reported,,crystal tube (sealed),,5,0
vessel_volume_mL,"glass serum bottle (silicon stopper, aluminum seal)",Not reported,Not reported,capacity_not_reported,,"glass serum bottle (silicon stopper, aluminum seal)",,2,3
vessel_volume_mL,glass tube (DURAN culture tube) in conventional electric oven,Not reported,Not reported,capacity_not_reported,,glass tube (duran culture tube) in conventional electric oven,,5,0
vessel_volume_mL,glass vial (7 mL),7.0,7.0,explicit_capacity_ml,,glass vial (7 ml),,5,0
vessel_volume_mL,glass vials,Not reported,Not reported,capacity_not_reported,,glass vials,,5,0
vessel_volume_mL,heating test tube (heating block),Not reported,Not reported,capacity_not_reported,,heating test tube (heating block),,4,1
vessel_volume_mL,microwave reactor (10 mL IntelliVent),10.0,10.0,explicit_capacity_ml,,microwave reactor (10 ml intellivent),,0,5
vessel_volume_mL,narrow Schlenk flask (layered diffusion),Not reported,Not reported,capacity_not_reported,,narrow schlenk flask (layered diffusion),,5,0
vessel_volume_mL,reflux system,Not reported,Not reported,no_identified_vessel,,reflux system,"Description specifies equipment/operation, not an identifiable reaction vessel",5,0
vessel_volume_mL,round-bottom flask (100 mL),100.0,100.0,explicit_capacity_ml,,round-bottom flask (100 ml),,2,3
vessel_volume_mL,round-bottomed flask,Not reported,Not reported,capacity_not_reported,,round-bottomed flask,,5,0
vessel_volume_mL,screw-top jar,Not reported,Not reported,capacity_not_reported,,screw-top jar,,4,1
vessel_volume_mL,screw-top vial (sealed),Not reported,Not reported,capacity_not_reported,,screw-top vial (sealed),,5,0
vessel_volume_mL,sealed hydrothermal bomb (autoclave),Not reported,Not reported,capacity_not_reported,,sealed hydrothermal bomb (autoclave),,5,0
vessel_volume_mL,sealed reaction vessel (200 mL),200.0,200.0,explicit_capacity_ml,,sealed reaction vessel (200 ml),,3,2
vessel_volume_mL,sealed volumetric flask,Not reported,Not reported,capacity_not_reported,,sealed volumetric flask,,5,0
vessel_volume_mL,small vial,Not reported,Not reported,capacity_not_reported,,small vial,,5,0
vessel_volume_mL,stainless steel autoclave with 45 mL Teflon cup,45.0,45.0,explicit_capacity_ml,,stainless steel autoclave with 45 ml teflon cup,,5,0
vessel_volume_mL,steel container,Not reported,Not reported,capacity_not_reported,,steel container,,5,0
vessel_volume_mL,three-neck round bottom flask with Dimroth condenser,Not reported,Not reported,capacity_not_reported,,three-neck round bottom flask with dimroth condenser,,5,0
vessel_volume_mL,ultrasonic bath (40 kHz),Not reported,Not reported,no_identified_vessel,,ultrasonic bath (40 khz),"Description specifies equipment/operation, not an identifiable reaction vessel",5,0
vessel_volume_mL,1.5-dram vial,Ambiguous,Ambiguous,unspecified_imperial_volume,,1.5-dram vial,Imperial/US customary size without explicit mL equivalent; convention not assumed,4,0
vessel_volume_mL,10 mL glass vials,10.0,10.0,explicit_capacity_ml,,10 ml glass vials,,2,2
vessel_volume_mL,10 mL round-bottom flask,10.0,10.0,explicit_capacity_ml,,10 ml round-bottom flask,,4,0
vessel_volume_mL,100 mL Duran glass reactor with screw cap,100.0,100.0,explicit_capacity_ml,,100 ml duran glass reactor with screw cap,,4,0
vessel_volume_mL,100 mL Pyrex jar,100.0,100.0,explicit_capacity_ml,,100 ml pyrex jar,,4,0
vessel_volume_mL,100 mL Pyrex media bottle with Teflon-lined lid,100.0,100.0,explicit_capacity_ml,,100 ml pyrex media bottle with teflon-lined lid,,4,0
vessel_volume_mL,100 mL screw-cap bottle,100.0,100.0,explicit_capacity_ml,,100 ml screw-cap bottle,,2,2
vessel_volume_mL,100-mL Teflon-lined stainless-steel autoclave,100.0,100.0,explicit_capacity_ml,,100-ml teflon-lined stainless-steel autoclave,,4,0
vessel_volume_mL,13 mL Teflon-lined stainless steel container,13.0,13.0,explicit_capacity_ml,,13 ml teflon-lined stainless steel container,,3,1
vessel_volume_mL,15-mL PTFE-lined stainless-steel autoclave,15.0,15.0,explicit_capacity_ml,,15-ml ptfe-lined stainless-steel autoclave,,4,0
vessel_volume_mL,15-mL Teflon-lined stainless-steel reactor,15.0,15.0,explicit_capacity_ml,,15-ml teflon-lined stainless-steel reactor,,2,2
vessel_volume_mL,16 mL Teflon-lined stainless steel vessel,16.0,16.0,explicit_capacity_ml,,16 ml teflon-lined stainless steel vessel,,4,0
vessel_volume_mL,18 mL Teflon-lined stainless steel container,18.0,18.0,explicit_capacity_ml,,18 ml teflon-lined stainless steel container,,4,0
vessel_volume_mL,2 mL Teflon reactor,2.0,2.0,explicit_capacity_ml,,2 ml teflon reactor,,4,0
vessel_volume_mL,20 mL Teflon screw-capped borosilicate glass bottle,20.0,20.0,explicit_capacity_ml,,20 ml teflon screw-capped borosilicate glass bottle,,4,0
vessel_volume_mL,20 mL capped vessel,20.0,20.0,explicit_capacity_ml,,20 ml capped vessel,,4,0
vessel_volume_mL,20 mL glass vial with PTFE septum,20.0,20.0,explicit_capacity_ml,,20 ml glass vial with ptfe septum,,3,1
vessel_volume_mL,20 mL headspace screw neck glass vial (metal screw cap),20.0,20.0,explicit_capacity_ml,,20 ml headspace screw neck glass vial (metal screw cap),,1,3
vessel_volume_mL,20 mL screw jar,20.0,20.0,explicit_capacity_ml,,20 ml screw jar,,4,0
vessel_volume_mL,20 mL stainless glass vial,20.0,20.0,explicit_capacity_ml,,20 ml stainless glass vial,,4,0
vessel_volume_mL,20-mL scintillation vial with Teflon-lined cap,20.0,20.0,explicit_capacity_ml,,20-ml scintillation vial with teflon-lined cap,,4,0
vessel_volume_mL,200 mL Teflon-capped reaction vessel,200.0,200.0,explicit_capacity_ml,,200 ml teflon-capped reaction vessel,,4,0
vessel_volume_mL,23 mL PTFE (Teflon) autoclave liner,23.0,23.0,explicit_capacity_ml,,23 ml ptfe (teflon) autoclave liner,,4,0
vessel_volume_mL,23 mL Teflon-lined stainless autoclave,23.0,23.0,explicit_capacity_ml,,23 ml teflon-lined stainless autoclave,,3,1
vessel_volume_mL,23 mL Teflon-lined steel autoclave,23.0,23.0,explicit_capacity_ml,,23 ml teflon-lined steel autoclave,,4,0
vessel_volume_mL,23 mL scintillation vial,23.0,23.0,explicit_capacity_ml,,23 ml scintillation vial,,4,0
vessel_volume_mL,"25 mL Erlenmeyer flask (oven, capped)",25.0,25.0,explicit_capacity_ml,,"25 ml erlenmeyer flask (oven, capped)",,4,0
vessel_volume_mL,25 mL Teflon lined stainless steel container,25.0,25.0,explicit_capacity_ml,,25 ml teflon lined stainless steel container,,4,0
vessel_volume_mL,25 mL Teflon-lined Parr autoclave,25.0,25.0,explicit_capacity_ml,,25 ml teflon-lined parr autoclave,,4,0
vessel_volume_mL,25 mL Teflon-lined stainless steel autoclave (Parr),25.0,25.0,explicit_capacity_ml,,25 ml teflon-lined stainless steel autoclave (parr),,4,0
vessel_volume_mL,25 mL Teflon-lined stainless steel container (autoclave),25.0,25.0,explicit_capacity_ml,,25 ml teflon-lined stainless steel container (autoclave),,4,0
vessel_volume_mL,250 mL volumetric flask,250.0,250.0,explicit_capacity_ml,,250 ml volumetric flask,,4,0
vessel_volume_mL,250 ml round bottom flask,250.0,250.0,explicit_capacity_ml,,250 ml round bottom flask,,4,0
vessel_volume_mL,30 mL glass vial (sealed with parafilm),30.0,30.0,explicit_capacity_ml,,30 ml glass vial (sealed with parafilm),,4,0
vessel_volume_mL,30 mL pressure tube (Teflon cap),30.0,30.0,explicit_capacity_ml,,30 ml pressure tube (teflon cap),,4,0
vessel_volume_mL,4 mL scintillation vials,4.0,4.0,explicit_capacity_ml,,4 ml scintillation vials,,4,0
vessel_volume_mL,5 mL test tube (sealed),5.0,5.0,explicit_capacity_ml,,5 ml test tube (sealed),,4,0
vessel_volume_mL,5-ml pyrex vial,5.0,5.0,explicit_capacity_ml,,5-ml pyrex vial,,0,4
vessel_volume_mL,50 mL Parr Teflon-lined autoclave,50.0,50.0,explicit_capacity_ml,,50 ml parr teflon-lined autoclave,,4,0
vessel_volume_mL,50 mL glass bottle (Schott Duran),50.0,50.0,explicit_capacity_ml,,50 ml glass bottle (schott duran),,4,0
vessel_volume_mL,50-mL beaker,50.0,50.0,explicit_capacity_ml,,50-ml beaker,,4,0
vessel_volume_mL,500 mL three-necked flask,500.0,500.0,explicit_capacity_ml,,500 ml three-necked flask,,4,0
vessel_volume_mL,6 mL borosilicate glass tube (sealed),6.0,6.0,explicit_capacity_ml,,6 ml borosilicate glass tube (sealed),,2,2
vessel_volume_mL,6-dram vial,Ambiguous,Ambiguous,unspecified_imperial_volume,,6-dram vial,Imperial/US customary size without explicit mL equivalent; convention not assumed,4,0
vessel_volume_mL,60 mL vial (27.5 mm bottom diameter) with Teflon-lined cap,60.0,60.0,explicit_capacity_ml,,60 ml vial (27.5 mm bottom diameter) with teflon-lined cap,,2,2
vessel_volume_mL,7 mL Pyrex vial,7.0,7.0,explicit_capacity_ml,,7 ml pyrex vial,,0,4
vessel_volume_mL,7 mL glass vial,7.0,7.0,explicit_capacity_ml,,7 ml glass vial,,4,0
vessel_volume_mL,8 mL glass vial,8.0,8.0,explicit_capacity_ml,,8 ml glass vial,,4,0
vessel_volume_mL,8-dram glass vial,Ambiguous,Ambiguous,unspecified_imperial_volume,,8-dram glass vial,Imperial/US customary size without explicit mL equivalent; convention not assumed,2,2
vessel_volume_mL,8-dram glass vial (oven),Ambiguous,Ambiguous,unspecified_imperial_volume,,8-dram glass vial (oven),Imperial/US customary size without explicit mL equivalent; convention not assumed,2,2
vessel_volume_mL,80 mL Teflon tube in microwave reactor,80.0,80.0,explicit_capacity_ml,,80 ml teflon tube in microwave reactor,,0,4
vessel_volume_mL,PFA reactor (7 mL),7.0,7.0,explicit_capacity_ml,,pfa reactor (7 ml),,4,0
vessel_volume_mL,PTFE insert in stainless steel high-throughput reactor (300 μL),0.3,0.3,explicit_capacity_ml,,ptfe insert in stainless steel high-throughput reactor (300 ul),Uncommon stated capacity retained; source verification recommended,4,0
vessel_volume_mL,PTFE-lined stainless-steel acid digestion bomb (15 mL),15.0,15.0,explicit_capacity_ml,,ptfe-lined stainless-steel acid digestion bomb (15 ml),,4,0
vessel_volume_mL,PTFE-lined stainless-steel autoclave (15 mL),15.0,15.0,explicit_capacity_ml,,ptfe-lined stainless-steel autoclave (15 ml),,4,0
vessel_volume_mL,"Parr PTFE-lined digestion vessel, 45 mL",45.0,45.0,explicit_capacity_ml,,"parr ptfe-lined digestion vessel, 45 ml",,4,0
vessel_volume_mL,"Parr Teflon-lined stainless steel autoclave, 15 mL",15.0,15.0,explicit_capacity_ml,,"parr teflon-lined stainless steel autoclave, 15 ml",,1,3
vessel_volume_mL,Parr vessel,Not reported,Not reported,capacity_not_reported,,parr vessel,,4,0
vessel_volume_mL,Petri dish covered with perforated foil,Not reported,Not reported,capacity_not_reported,,petri dish covered with perforated foil,,1,3
vessel_volume_mL,Pyrex glass vial (7 mL),7.0,7.0,explicit_capacity_ml,,pyrex glass vial (7 ml),,0,4
vessel_volume_mL,Teflon reaction vessel,Not reported,Not reported,capacity_not_reported,,teflon reaction vessel,,4,0
vessel_volume_mL,Teflon vessel (15 mL),15.0,15.0,explicit_capacity_ml,,teflon vessel (15 ml),,4,0
vessel_volume_mL,Teflon vial,Not reported,Not reported,capacity_not_reported,,teflon vial,,4,0
vessel_volume_mL,Teflon-coated stainless steel autoclave (25 mL),25.0,25.0,explicit_capacity_ml,,teflon-coated stainless steel autoclave (25 ml),,4,0
vessel_volume_mL,Teflon-lined 23-mL Parr autoclave,23.0,23.0,explicit_capacity_ml,,teflon-lined 23-ml parr autoclave,,3,1
vessel_volume_mL,Teflon-lined acid digestion bomb (20 mL),20.0,20.0,explicit_capacity_ml,,teflon-lined acid digestion bomb (20 ml),,2,2
vessel_volume_mL,Teflon-lined autoclave (100 mL PTFE reactor),100.0,100.0,explicit_capacity_ml,,teflon-lined autoclave (100 ml ptfe reactor),,4,0
vessel_volume_mL,Teflon-lined autoclave (100 mL stainless-steel),100.0,100.0,explicit_capacity_ml,,teflon-lined autoclave (100 ml stainless-steel),,3,1
vessel_volume_mL,Teflon-lined autoclave (15 cm3),15.0,15.0,explicit_capacity_ml,,teflon-lined autoclave (15 cm3),,4,0
vessel_volume_mL,Teflon-lined autoclave (25 mL stainless steel vessel),25.0,25.0,explicit_capacity_ml,,teflon-lined autoclave (25 ml stainless steel vessel),,4,0
vessel_volume_mL,Teflon-lined autoclave (25 mL stainless steel),25.0,25.0,explicit_capacity_ml,,teflon-lined autoclave (25 ml stainless steel),,2,2
vessel_volume_mL,Teflon-lined autoclave (500 mL),500.0,500.0,explicit_capacity_ml,,teflon-lined autoclave (500 ml),,4,0
vessel_volume_mL,"Teflon-lined autoclave (Parr), 25 mL",25.0,25.0,explicit_capacity_ml,,"teflon-lined autoclave (parr), 25 ml",,4,0
vessel_volume_mL,"Teflon-lined autoclave (Parr, 23 mL)",23.0,23.0,explicit_capacity_ml,,"teflon-lined autoclave (parr, 23 ml)",,4,0
vessel_volume_mL,"Teflon-lined autoclave (stainless-steel reactor, 25 mL)",25.0,25.0,explicit_capacity_ml,,"teflon-lined autoclave (stainless-steel reactor, 25 ml)",,4,0
vessel_volume_mL,Teflon-lined stainless steel container (15 mL),15.0,15.0,explicit_capacity_ml,,teflon-lined stainless steel container (15 ml),,4,0
vessel_volume_mL,Teflon-lined stainless steel reactor (23 mL),23.0,23.0,explicit_capacity_ml,,teflon-lined stainless steel reactor (23 ml),,4,0
vessel_volume_mL,Teflon-lined stainless vessel (25 mL),25.0,25.0,explicit_capacity_ml,,teflon-lined stainless vessel (25 ml),,4,0
vessel_volume_mL,Teflon-lined stainless-steel Parr bomb (15 mL),15.0,15.0,explicit_capacity_ml,,teflon-lined stainless-steel parr bomb (15 ml),,4,0
vessel_volume_mL,Teflon-lined stainless-steel autoclave (20–28 mL),Ambiguous,Ambiguous,range_or_alternative_capacity,,teflon-lined stainless-steel autoclave (20-28 ml),"Range, alternative, or fraction is not reduced to an arbitrary scalar",4,0
vessel_volume_mL,Teflon-lined stainless-steel vessel (30 mL),30.0,30.0,explicit_capacity_ml,,teflon-lined stainless-steel vessel (30 ml),,3,1
vessel_volume_mL,Teflon-lined steel reactor (23 mL),23.0,23.0,explicit_capacity_ml,,teflon-lined steel reactor (23 ml),,3,1
vessel_volume_mL,Teflon-lined vessel (15 mL),15.0,15.0,explicit_capacity_ml,,teflon-lined vessel (15 ml),,4,0
vessel_volume_mL,Teflon-lined vessel (25 mL),25.0,25.0,explicit_capacity_ml,,teflon-lined vessel (25 ml),,4,0
vessel_volume_mL,Teflon-sealed autoclave,Not reported,Not reported,capacity_not_reported,,teflon-sealed autoclave,,4,0
vessel_volume_mL,autoclave reactor,Not reported,Not reported,capacity_not_reported,,autoclave reactor,,4,0
vessel_volume_mL,"borosilicate culture tube (Schott DURAN), sealed screw cap",Not reported,Not reported,capacity_not_reported,,"borosilicate culture tube (schott duran), sealed screw cap",,2,2
vessel_volume_mL,borosilicate glass tube (layered),Not reported,Not reported,capacity_not_reported,,borosilicate glass tube (layered),,4,0
vessel_volume_mL,borosilicate glass vial (5 mL),5.0,5.0,explicit_capacity_ml,,borosilicate glass vial (5 ml),,4,0
vessel_volume_mL,closed Teflon vessel,Not reported,Not reported,capacity_not_reported,,closed teflon vessel,,0,4
vessel_volume_mL,closed snap vial,Not reported,Not reported,capacity_not_reported,,closed snap vial,,4,0
vessel_volume_mL,conical flask,Not reported,Not reported,capacity_not_reported,,conical flask,,4,0
vessel_volume_mL,covered beaker,Not reported,Not reported,capacity_not_reported,,covered beaker,,2,2
vessel_volume_mL,glass autoclave,Not reported,Not reported,capacity_not_reported,,glass autoclave,,4,0
vessel_volume_mL,glass jar,Not reported,Not reported,capacity_not_reported,,glass jar,,1,3
vessel_volume_mL,glass scintillation vials (sand bath in oven),Not reported,Not reported,capacity_not_reported,,glass scintillation vials (sand bath in oven),,4,0
vessel_volume_mL,"glass tube (13 × 100 mm), liquid–liquid diffusion",Not reported,Not reported,capacity_not_reported,,"glass tube (13 x 100 mm), liquid-liquid diffusion",,4,0
vessel_volume_mL,glass vial (17 mL),17.0,17.0,explicit_capacity_ml,,glass vial (17 ml),,4,0
vessel_volume_mL,glass vial (22 mL),22.0,22.0,explicit_capacity_ml,,glass vial (22 ml),,4,0
vessel_volume_mL,glass vial (30 mL),30.0,30.0,explicit_capacity_ml,,glass vial (30 ml),,3,1
vessel_volume_mL,glass vial (5 mL) with screw cap,5.0,5.0,explicit_capacity_ml,,glass vial (5 ml) with screw cap,,4,0
vessel_volume_mL,glass vial (8-dram),Ambiguous,Ambiguous,unspecified_imperial_volume,,glass vial (8-dram),Imperial/US customary size without explicit mL equivalent; convention not assumed,1,3
vessel_volume_mL,glass vial with screw cap,Not reported,Not reported,capacity_not_reported,,glass vial with screw cap,,2,2
vessel_volume_mL,"glass vial, 5 mL (capped)",5.0,5.0,explicit_capacity_ml,,"glass vial, 5 ml (capped)",,3,1
vessel_volume_mL,heavy-wall glass tube (flame-sealed),Not reported,Not reported,capacity_not_reported,,heavy-wall glass tube (flame-sealed),,4,0
vessel_volume_mL,heavy-walled Pyrex tube; sealed under vacuum,Not reported,Not reported,capacity_not_reported,,heavy-walled pyrex tube; sealed under vacuum,,4,0
vessel_volume_mL,hydrothermal bomb with a Teflon vial,Not reported,Not reported,capacity_not_reported,,hydrothermal bomb with a teflon vial,,1,3
vessel_volume_mL,microwave glass tube (Vmax 3 mL),3.0,3.0,explicit_capacity_ml,,microwave glass tube (vmax 3 ml),,0,4
vessel_volume_mL,"quartz tube (5 mm × 140 mm), sealed under vacuum",Not reported,Not reported,capacity_not_reported,,"quartz tube (5 mm × 140 mm), sealed under vacuum",,2,2
vessel_volume_mL,round-bottom flask with reflux condenser,Not reported,Not reported,capacity_not_reported,,round-bottom flask with reflux condenser,,4,0
vessel_volume_mL,screw-cap glass jar,Not reported,Not reported,capacity_not_reported,,screw-cap glass jar,,4,0
vessel_volume_mL,sealed 20 mL glass vial,20.0,20.0,explicit_capacity_ml,,sealed 20 ml glass vial,,4,0
vessel_volume_mL,sealed 25 mL stainless steel reactor,25.0,25.0,explicit_capacity_ml,,sealed 25 ml stainless steel reactor,,4,0
vessel_volume_mL,sealed bottle (25 mL),25.0,25.0,explicit_capacity_ml,,sealed bottle (25 ml),,2,2
vessel_volume_mL,sealed conical flask,Not reported,Not reported,capacity_not_reported,,sealed conical flask,,4,0
vessel_volume_mL,sealed glass ampoule,Not reported,Not reported,capacity_not_reported,,sealed glass ampoule,,2,2
vessel_volume_mL,sealed glass tube (5 mL) under autogenous pressure,5.0,5.0,explicit_capacity_ml,,sealed glass tube (5 ml) under autogenous pressure,,4,0
vessel_volume_mL,sealed tube (type A),Not reported,Not reported,capacity_not_reported,,sealed tube (type a),,2,2
vessel_volume_mL,sealed vial (20 mL),20.0,20.0,explicit_capacity_ml,,sealed vial (20 ml),,4,0
vessel_volume_mL,0.5 dram Pyrex vial,Ambiguous,Ambiguous,unspecified_imperial_volume,,0.5 dram pyrex vial,Imperial/US customary size without explicit mL equivalent; convention not assumed,3,0
vessel_volume_mL,1 L Teflon-lined autoclave,1000.0,1000.0,explicit_capacity_ml,,1 l teflon-lined autoclave,Uncommon stated capacity retained; source verification recommended,3,0
vessel_volume_mL,10 mL Pyrex tube,10.0,10.0,explicit_capacity_ml,,10 ml pyrex tube,,3,0
vessel_volume_mL,10 mL Teflon-lined stainless-steel vessel,10.0,10.0,explicit_capacity_ml,,10 ml teflon-lined stainless-steel vessel,,3,0
vessel_volume_mL,10 mL autoclave,10.0,10.0,explicit_capacity_ml,,10 ml autoclave,,3,0
vessel_volume_mL,10 mL screw-cap vial,10.0,10.0,explicit_capacity_ml,,10 ml screw-cap vial,,3,0
vessel_volume_mL,10 mL sealed Pyrex glass tube,10.0,10.0,explicit_capacity_ml,,10 ml sealed pyrex glass tube,,1,2
vessel_volume_mL,100 mL Teflon autoclave in microwave reactor (CEM Mars-5),100.0,100.0,explicit_capacity_ml,,100 ml teflon autoclave in microwave reactor (cem mars-5),,0,3
vessel_volume_mL,100 mL Teflon-lined stainless-steel Parr bomb,100.0,100.0,explicit_capacity_ml,,100 ml teflon-lined stainless-steel parr bomb,,3,0
vessel_volume_mL,100 mL flask,100.0,100.0,explicit_capacity_ml,,100 ml flask,,3,0
vessel_volume_mL,100 mL flask with condenser (oil bath),100.0,100.0,explicit_capacity_ml,,100 ml flask with condenser (oil bath),,3,0
vessel_volume_mL,100 mL jar with Teflon-lined lid,100.0,100.0,explicit_capacity_ml,,100 ml jar with teflon-lined lid,,3,0
vessel_volume_mL,100 mL round-bottom flask with reflux condenser,100.0,100.0,explicit_capacity_ml,,100 ml round-bottom flask with reflux condenser,,3,0
vessel_volume_mL,11 mL borosilicate vial with Teflon-lined cap,11.0,11.0,explicit_capacity_ml,,11 ml borosilicate vial with teflon-lined cap,,3,0
vessel_volume_mL,11 mL screw-cap vial,11.0,11.0,explicit_capacity_ml,,11 ml screw-cap vial,,3,0
vessel_volume_mL,12 mL PTFE-lined stainless steel autoclave,12.0,12.0,explicit_capacity_ml,,12 ml ptfe-lined stainless steel autoclave,,1,2
vessel_volume_mL,12 mL microwave vial,12.0,12.0,explicit_capacity_ml,,12 ml microwave vial,,0,3
vessel_volume_mL,15 mL PTFE-lined autoclave,15.0,15.0,explicit_capacity_ml,,15 ml ptfe-lined autoclave,,3,0
vessel_volume_mL,15 mL Teflon screw-capped borosilicate glass bottle,15.0,15.0,explicit_capacity_ml,,15 ml teflon screw-capped borosilicate glass bottle,,3,0
vessel_volume_mL,15 mL Teflon-lined stainless steel container,15.0,15.0,explicit_capacity_ml,,15 ml teflon-lined stainless steel container,,3,0
vessel_volume_mL,15 mL Teflon-lined stainless steel reactor (autoclave),15.0,15.0,explicit_capacity_ml,,15 ml teflon-lined stainless steel reactor (autoclave),,3,0
vessel_volume_mL,15 mL screw-cap glass vial,15.0,15.0,explicit_capacity_ml,,15 ml screw-cap glass vial,,3,0
vessel_volume_mL,15 mL sealed reactor,15.0,15.0,explicit_capacity_ml,,15 ml sealed reactor,,3,0
vessel_volume_mL,150 mL screw-cap high-pressure flask,150.0,150.0,explicit_capacity_ml,,150 ml screw-cap high-pressure flask,,1,2
vessel_volume_mL,20 mL Pyrex vial (capped),20.0,20.0,explicit_capacity_ml,,20 ml pyrex vial (capped),,3,0
vessel_volume_mL,20 mL Pyrex vial (tightly capped),20.0,20.0,explicit_capacity_ml,,20 ml pyrex vial (tightly capped),,3,0
vessel_volume_mL,20 mL Teflon-lined stainless-steel container,20.0,20.0,explicit_capacity_ml,,20 ml teflon-lined stainless-steel container,,2,1
vessel_volume_mL,20 mL autoclave,20.0,20.0,explicit_capacity_ml,,20 ml autoclave,,2,1
vessel_volume_mL,"20 mL glass scintillation vial, Teflon-lined screw-top cap",20.0,20.0,explicit_capacity_ml,,"20 ml glass scintillation vial, teflon-lined screw-top cap",,3,0
vessel_volume_mL,20 mL glass vial (capped),20.0,20.0,explicit_capacity_ml,,20 ml glass vial (capped),,3,0
vessel_volume_mL,"20 mL vial, sealed",20.0,20.0,explicit_capacity_ml,,"20 ml vial, sealed",,3,0
vessel_volume_mL,20 ml vial,20.0,20.0,explicit_capacity_ml,,20 ml vial,,3,0
vessel_volume_mL,20-mL screw-capped glass vial,20.0,20.0,explicit_capacity_ml,,20-ml screw-capped glass vial,,3,0
vessel_volume_mL,200 mL round-bottom flask,200.0,200.0,explicit_capacity_ml,,200 ml round-bottom flask,,3,0
vessel_volume_mL,21 mL Teflon-lined bomb,21.0,21.0,explicit_capacity_ml,,21 ml teflon-lined bomb,,3,0
vessel_volume_mL,21 mL glass vial,21.0,21.0,explicit_capacity_ml,,21 ml glass vial,,3,0
vessel_volume_mL,23 mL Teflon-lined acid digestion vessel,23.0,23.0,explicit_capacity_ml,,23 ml teflon-lined acid digestion vessel,,3,0
vessel_volume_mL,23 mL Teflon-lined stainless steel bomb,23.0,23.0,explicit_capacity_ml,,23 ml teflon-lined stainless steel bomb,,3,0
vessel_volume_mL,25 mL Parr Teflon-lined stainless steel vessel,25.0,25.0,explicit_capacity_ml,,25 ml parr teflon-lined stainless steel vessel,,3,0
vessel_volume_mL,25 mL glass bottle,25.0,25.0,explicit_capacity_ml,,25 ml glass bottle,,3,0
vessel_volume_mL,25 mL reaction vial,25.0,25.0,explicit_capacity_ml,,25 ml reaction vial,,3,0
vessel_volume_mL,25 mL scintillation vial,25.0,25.0,explicit_capacity_ml,,25 ml scintillation vial,,3,0
vessel_volume_mL,25 mL screw-capped glass jar,25.0,25.0,explicit_capacity_ml,,25 ml screw-capped glass jar,,3,0
vessel_volume_mL,25 mL screw-capped glass jar reactor,25.0,25.0,explicit_capacity_ml,,25 ml screw-capped glass jar reactor,,3,0
vessel_volume_mL,25 mL screw-capped vial,25.0,25.0,explicit_capacity_ml,,25 ml screw-capped vial,,3,0
vessel_volume_mL,25 mL vial,25.0,25.0,explicit_capacity_ml,,25 ml vial,,3,0
vessel_volume_mL,250 mL Schott DURAN pressure plus bottle,250.0,250.0,explicit_capacity_ml,,250 ml schott duran pressure plus bottle,,3,0
vessel_volume_mL,350 mL screw-cap high-pressure reaction flask,350.0,350.0,explicit_capacity_ml,,350 ml screw-cap high-pressure reaction flask,,1,2
vessel_volume_mL,4 mL glass tube,4.0,4.0,explicit_capacity_ml,,4 ml glass tube,,3,0
vessel_volume_mL,40 mL reactor,40.0,40.0,explicit_capacity_ml,,40 ml reactor,,3,0
vessel_volume_mL,5 L reactor (reflux),5000.0,5000.0,explicit_capacity_ml,,5 l reactor (reflux),Uncommon stated capacity retained; source verification recommended,1,2
vessel_volume_mL,5 mL Teflon-lined reactor,5.0,5.0,explicit_capacity_ml,,5 ml teflon-lined reactor,,3,0
vessel_volume_mL,5 mL glass vial with screw cap,5.0,5.0,explicit_capacity_ml,,5 ml glass vial with screw cap,,3,0
vessel_volume_mL,5 mL screw-capped glass vial,5.0,5.0,explicit_capacity_ml,,5 ml screw-capped glass vial,,3,0
vessel_volume_mL,5-mL round-bottom flask,5.0,5.0,explicit_capacity_ml,,5-ml round-bottom flask,,3,0
vessel_volume_mL,50 mL Falcon tube,50.0,50.0,explicit_capacity_ml,,50 ml falcon tube,,1,2
vessel_volume_mL,50 mL Teflon-lined stainless autoclave,50.0,50.0,explicit_capacity_ml,,50 ml teflon-lined stainless autoclave,,3,0
vessel_volume_mL,50 mL Teflon-lined stainless steel Parr bomb,50.0,50.0,explicit_capacity_ml,,50 ml teflon-lined stainless steel parr bomb,,3,0
vessel_volume_mL,6 dr glass vial,Ambiguous,Ambiguous,unspecified_imperial_volume,,6 dr glass vial,Imperial/US customary size without explicit mL equivalent; convention not assumed,3,0
vessel_volume_mL,7 mL borosilicate glass reaction tube (tightly closed),7.0,7.0,explicit_capacity_ml,,7 ml borosilicate glass reaction tube (tightly closed),,3,0
vessel_volume_mL,"7 mL scintillation vial, Teflon-lined cap",7.0,7.0,explicit_capacity_ml,,"7 ml scintillation vial, teflon-lined cap",,3,0
vessel_volume_mL,8 dram vial,Ambiguous,Ambiguous,unspecified_imperial_volume,,8 dram vial,Imperial/US customary size without explicit mL equivalent; convention not assumed,2,1
vessel_volume_mL,8 dram vial in preheated oven,Ambiguous,Ambiguous,unspecified_imperial_volume,,8 dram vial in preheated oven,Imperial/US customary size without explicit mL equivalent; convention not assumed,3,0
vessel_volume_mL,8 mL Teflon-lined stainless-steel container,8.0,8.0,explicit_capacity_ml,,8 ml teflon-lined stainless-steel container,,3,0
vessel_volume_mL,"8 mL glass vessel (sealed), hydrothermal reactor",8.0,8.0,explicit_capacity_ml,,"8 ml glass vessel (sealed), hydrothermal reactor",,3,0
vessel_volume_mL,"8 mL glass vessel, sealed",8.0,8.0,explicit_capacity_ml,,"8 ml glass vessel, sealed",,3,0
vessel_volume_mL,DURAN glass tube (12 mm) with PBT screw cap and PTFE-coated gasket; 2 mL suspension charged,Not reported,Not reported,charge_volume_only,,duran glass tube (12 mm) with pbt screw cap and ptfe-coated gasket; 2 ml suspension charged,"Only a reaction/solution charge is stated, not vessel capacity",0,3
vessel_volume_mL,Duran glass reactor,Not reported,Not reported,capacity_not_reported,,duran glass reactor,,3,0
vessel_volume_mL,H-shaped diffusion glass vessel (10 mL),10.0,10.0,explicit_capacity_ml,,h-shaped diffusion glass vessel (10 ml),,1,2
vessel_volume_mL,HT autoclave with PTFE insert,Not reported,Not reported,capacity_not_reported,,ht autoclave with ptfe insert,,2,1
vessel_volume_mL,PTFE-lined autoclave (7 mL),7.0,7.0,explicit_capacity_ml,,ptfe-lined autoclave (7 ml),,3,0
vessel_volume_mL,"PTFE-lined stainless steel autoclave, 23 mL",23.0,23.0,explicit_capacity_ml,,"ptfe-lined stainless steel autoclave, 23 ml",,3,0
vessel_volume_mL,PTFE-lined stainless-steel acid digestion bomb,Not reported,Not reported,capacity_not_reported,,ptfe-lined stainless-steel acid digestion bomb,,3,0
vessel_volume_mL,PTFE-lined stainless-steel autoclave (10 mL),10.0,10.0,explicit_capacity_ml,,ptfe-lined stainless-steel autoclave (10 ml),,3,0
vessel_volume_mL,PTFE-lined stainless-steel autoclave (23 mL),23.0,23.0,explicit_capacity_ml,,ptfe-lined stainless-steel autoclave (23 ml),,3,0
vessel_volume_mL,PTFE-lined steel autoclave (23 mL),23.0,23.0,explicit_capacity_ml,,ptfe-lined steel autoclave (23 ml),,1,2
vessel_volume_mL,Parr Teflon-lined stainless steel vessel (10 mL),10.0,10.0,explicit_capacity_ml,,parr teflon-lined stainless steel vessel (10 ml),,3,0
vessel_volume_mL,Parr Teflon-lined stainless vessel,Not reported,Not reported,capacity_not_reported,,parr teflon-lined stainless vessel,,3,0
vessel_volume_mL,Parr Teflon-lined stainless-steel bomb,Not reported,Not reported,capacity_not_reported,,parr teflon-lined stainless-steel bomb,,3,0
vessel_volume_mL,Parr Teflon-lined stainless-steel vessel (23.0 mL),23.0,23.0,explicit_capacity_ml,,parr teflon-lined stainless-steel vessel (23.0 ml),,3,0
vessel_volume_mL,Parr autoclave (24 mL),24.0,24.0,explicit_capacity_ml,,parr autoclave (24 ml),,3,0
vessel_volume_mL,Parr bomb (autoclave),Not reported,Not reported,capacity_not_reported,,parr bomb (autoclave),,3,0
vessel_volume_mL,Parr pressure bomb,Not reported,Not reported,capacity_not_reported,,parr pressure bomb,,3,0
vessel_volume_mL,Pyrex tubes with cap,Not reported,Not reported,capacity_not_reported,,pyrex tubes with cap,,3,0
vessel_volume_mL,Schlenk flask,Not reported,Not reported,capacity_not_reported,,schlenk flask,,2,1
vessel_volume_mL,"Schlenk flask (sealed, with Teflon adaptor/pressure relief)",Not reported,Not reported,capacity_not_reported,,"schlenk flask (sealed, with teflon adaptor/pressure relief)",,1,2
vessel_volume_mL,Teflon bag in Teflon-lined autoclave,Ambiguous,Ambiguous,nested_vessel_capacity,,teflon bag in teflon-lined autoclave,Capacity cannot be assigned to one reaction vessel in nested/sequential apparatus,2,1
vessel_volume_mL,Teflon cell (~23 mL) in stainless steel Parr autoclave,23.0,23.0,explicit_capacity_ml,,teflon cell (~23 ml) in stainless steel parr autoclave,,3,0
vessel_volume_mL,Teflon reactor (2 mL),2.0,2.0,explicit_capacity_ml,,teflon reactor (2 ml),,3,0
vessel_volume_mL,Teflon reactor (25 mL),25.0,25.0,explicit_capacity_ml,,teflon reactor (25 ml),,3,0
vessel_volume_mL,Teflon reactor (DGC),Not reported,Not reported,capacity_not_reported,,teflon reactor (dgc),,3,0
vessel_volume_mL,Teflon-capped 20 mL scintillation vial,20.0,20.0,explicit_capacity_ml,,teflon-capped 20 ml scintillation vial,,2,1
vessel_volume_mL,Teflon-capped autoclave (20 mL),20.0,20.0,explicit_capacity_ml,,teflon-capped autoclave (20 ml),,3,0
vessel_volume_mL,Teflon-lined Paar reactor (autoclave),Not reported,Not reported,capacity_not_reported,,teflon-lined paar reactor (autoclave),,1,2
vessel_volume_mL,Teflon-lined Parr acid digestion autoclave,Not reported,Not reported,capacity_not_reported,,teflon-lined parr acid digestion autoclave,,2,1
vessel_volume_mL,Teflon-lined Parr acid digestion bomb (23 mL),23.0,23.0,explicit_capacity_ml,,teflon-lined parr acid digestion bomb (23 ml),,3,0
vessel_volume_mL,Teflon-lined Parr acid-digestion bomb,Not reported,Not reported,capacity_not_reported,,teflon-lined parr acid-digestion bomb,,3,0
vessel_volume_mL,Teflon-lined autoclave (12 mL),12.0,12.0,explicit_capacity_ml,,teflon-lined autoclave (12 ml),,3,0
vessel_volume_mL,Teflon-lined autoclave (200 mL),200.0,200.0,explicit_capacity_ml,,teflon-lined autoclave (200 ml),,3,0
vessel_volume_mL,Teflon-lined autoclave (23 mL Teflon reactor),23.0,23.0,explicit_capacity_ml,,teflon-lined autoclave (23 ml teflon reactor),,3,0
vessel_volume_mL,Teflon-lined autoclave (23 mL liner),23.0,23.0,explicit_capacity_ml,,teflon-lined autoclave (23 ml liner),,1,2
vessel_volume_mL,Teflon-lined autoclave (25 mL stainless steel reactor with Teflon liner),25.0,25.0,explicit_capacity_ml,,teflon-lined autoclave (25 ml stainless steel reactor with teflon liner),,3,0
vessel_volume_mL,Teflon-lined autoclave (PARR),Not reported,Not reported,capacity_not_reported,,teflon-lined autoclave (parr),,3,0
vessel_volume_mL,"Teflon-lined autoclave (PTFE-lined steel autoclave, 23 mL)",23.0,23.0,explicit_capacity_ml,,"teflon-lined autoclave (ptfe-lined steel autoclave, 23 ml)",,2,1
vessel_volume_mL,"Teflon-lined autoclave (Parr 4746), 23 mL",23.0,23.0,explicit_capacity_ml,,"teflon-lined autoclave (parr 4746), 23 ml",,3,0
vessel_volume_mL,Teflon-lined autoclave (Parr acid digestion bomb),Not reported,Not reported,capacity_not_reported,,teflon-lined autoclave (parr acid digestion bomb),,1,2
vessel_volume_mL,"Teflon-lined autoclave (Parr stainless steel, 23 mL)",23.0,23.0,explicit_capacity_ml,,"teflon-lined autoclave (parr stainless steel, 23 ml)",,3,0
vessel_volume_mL,Teflon-lined autoclave (autogenous pressure),Not reported,Not reported,capacity_not_reported,,teflon-lined autoclave (autogenous pressure),,1,2
vessel_volume_mL,Teflon-lined autoclave (beaker supported by 20 g dehydrated activated carbon),Not reported,Not reported,capacity_not_reported,,teflon-lined autoclave (beaker supported by 20 g dehydrated activated carbon),,3,0
vessel_volume_mL,"Teflon-lined autoclave (stainless steel reactor, 25 mL)",25.0,25.0,explicit_capacity_ml,,"teflon-lined autoclave (stainless steel reactor, 25 ml)",,3,0
vessel_volume_mL,Teflon-lined autoclave (steel),Not reported,Not reported,capacity_not_reported,,teflon-lined autoclave (steel),,3,0
vessel_volume_mL,"Teflon-lined bomb (23 mL, Parr)",23.0,23.0,explicit_capacity_ml,,"teflon-lined bomb (23 ml, parr)",,0,3
vessel_volume_mL,Teflon-lined bombs (20 mL),20.0,20.0,explicit_capacity_ml,,teflon-lined bombs (20 ml),,3,0
vessel_volume_mL,Teflon-lined hydrothermal autoclave reactor,Not reported,Not reported,capacity_not_reported,,teflon-lined hydrothermal autoclave reactor,,2,1
vessel_volume_mL,"Teflon-lined hydrothermal reactor (25 mL), sealed under autogenous pressure",25.0,25.0,explicit_capacity_ml,,"teflon-lined hydrothermal reactor (25 ml), sealed under autogenous pressure",,3,0
vessel_volume_mL,Teflon-lined microwave reaction vessel,Not reported,Not reported,capacity_not_reported,,teflon-lined microwave reaction vessel,,3,0
vessel_volume_mL,Teflon-lined stainless reactor (8 mL),8.0,8.0,explicit_capacity_ml,,teflon-lined stainless reactor (8 ml),,3,0
vessel_volume_mL,Teflon-lined stainless steel bomb (autoclave),Not reported,Not reported,capacity_not_reported,,teflon-lined stainless steel bomb (autoclave),,3,0
vessel_volume_mL,Teflon-lined stainless steel container (23 mL),23.0,23.0,explicit_capacity_ml,,teflon-lined stainless steel container (23 ml),,3,0
vessel_volume_mL,"Teflon-lined stainless steel vessel (25 mL, Parr)",25.0,25.0,explicit_capacity_ml,,"teflon-lined stainless steel vessel (25 ml, parr)",,3,0
vessel_volume_mL,"Teflon-lined stainless steel vessel, 14 mL",14.0,14.0,explicit_capacity_ml,,"teflon-lined stainless steel vessel, 14 ml",,3,0
vessel_volume_mL,"Teflon-lined stainless vessel, 18 mL",18.0,18.0,explicit_capacity_ml,,"teflon-lined stainless vessel, 18 ml",,3,0
vessel_volume_mL,Teflon-lined stainless-steel container (autoclave),Not reported,Not reported,capacity_not_reported,,teflon-lined stainless-steel container (autoclave),,3,0
vessel_volume_mL,Teflon-lined stainless-steel vessel (autoclave),Not reported,Not reported,capacity_not_reported,,teflon-lined stainless-steel vessel (autoclave),,3,0
vessel_volume_mL,Teflon-lined steel autoclave (25 mL),25.0,25.0,explicit_capacity_ml,,teflon-lined steel autoclave (25 ml),,3,0
vessel_volume_mL,Teflon-sealed vial,Not reported,Not reported,capacity_not_reported,,teflon-sealed vial,,1,2
vessel_volume_mL,U-shaped tube with TMOS gel (7.5 wt%),Not reported,Not reported,capacity_not_reported,,u-shaped tube with tmos gel (7.5 wt%),,3,0
vessel_volume_mL,acid-digestion bomb (25 mL),25.0,25.0,explicit_capacity_ml,,acid-digestion bomb (25 ml),,3,0
vessel_volume_mL,airtight glass reactor (20 mL),20.0,20.0,explicit_capacity_ml,,airtight glass reactor (20 ml),,3,0
vessel_volume_mL,autoclave (100 mL),100.0,100.0,explicit_capacity_ml,,autoclave (100 ml),,3,0
vessel_volume_mL,autoclave (15 mL),15.0,15.0,explicit_capacity_ml,,autoclave (15 ml),,3,0
vessel_volume_mL,boiling flask (reflux system),Not reported,Not reported,capacity_not_reported,,boiling flask (reflux system),,3,0
vessel_volume_mL,capped glass vessel,Not reported,Not reported,capacity_not_reported,,capped glass vessel,,3,0
vessel_volume_mL,capped vial (4 mL),4.0,4.0,explicit_capacity_ml,,capped vial (4 ml),,3,0
vessel_volume_mL,closed plastic vessel,Not reported,Not reported,capacity_not_reported,,closed plastic vessel,,3,0
vessel_volume_mL,dialysis bag (MWCO 100) immersed in copper salt solution,Not reported,Not reported,capacity_not_reported,,dialysis bag (mwco 100) immersed in copper salt solution,,3,0
vessel_volume_mL,glass beaker (50 mL) for slow evaporation,50.0,50.0,explicit_capacity_ml,,glass beaker (50 ml) for slow evaporation,,3,0
vessel_volume_mL,glass bottle (20 mL),20.0,20.0,explicit_capacity_ml,,glass bottle (20 ml),,3,0
vessel_volume_mL,glass flask in closed desiccator (vapor diffusion),Not reported,Not reported,capacity_not_reported,,glass flask in closed desiccator (vapor diffusion),,3,0
vessel_volume_mL,glass heating tube (sealed),Not reported,Not reported,capacity_not_reported,,glass heating tube (sealed),,3,0
vessel_volume_mL,glass serum bottle,Not reported,Not reported,capacity_not_reported,,glass serum bottle,,3,0
vessel_volume_mL,glass staining dish (ground glass cover),Not reported,Not reported,capacity_not_reported,,glass staining dish (ground glass cover),,3,0
vessel_volume_mL,glass stirred tank reactor (250 mL),250.0,250.0,explicit_capacity_ml,,glass stirred tank reactor (250 ml),,3,0
vessel_volume_mL,glass tube (10 mL),10.0,10.0,explicit_capacity_ml,,glass tube (10 ml),,3,0
vessel_volume_mL,glass tube (5 mL),5.0,5.0,explicit_capacity_ml,,glass tube (5 ml),,3,0
vessel_volume_mL,glass tube (flame-sealed),Not reported,Not reported,capacity_not_reported,,glass tube (flame-sealed),,3,0
vessel_volume_mL,glass tube (layered diffusion),Not reported,Not reported,capacity_not_reported,,glass tube (layered diffusion),,3,0
vessel_volume_mL,glass tube (layering method),Not reported,Not reported,capacity_not_reported,,glass tube (layering method),,3,0
vessel_volume_mL,"glass vial (15 mL, Teflon-supported cover)",15.0,15.0,explicit_capacity_ml,,"glass vial (15 ml, teflon-supported cover)",,3,0
vessel_volume_mL,glass vial (2 mL),2.0,2.0,explicit_capacity_ml,,glass vial (2 ml),,3,0
vessel_volume_mL,glass vial (8 mL),8.0,8.0,explicit_capacity_ml,,glass vial (8 ml),,3,0
vessel_volume_mL,"glass vial, 10 mL",10.0,10.0,explicit_capacity_ml,,"glass vial, 10 ml",,3,0
vessel_volume_mL,hard glass tube (pumped to near vacuum),Not reported,Not reported,capacity_not_reported,,hard glass tube (pumped to near vacuum),,3,0
vessel_volume_mL,heavy-walled Pyrex tube (sealed),Not reported,Not reported,capacity_not_reported,,heavy-walled pyrex tube (sealed),,3,0
vessel_volume_mL,"heavy-walled Pyrex tube, sealed under vacuum",Not reported,Not reported,capacity_not_reported,,"heavy-walled pyrex tube, sealed under vacuum",,3,0
vessel_volume_mL,hydrothermal kettle,Not reported,Not reported,capacity_not_reported,,hydrothermal kettle,,3,0
vessel_volume_mL,"in situ SAXS/WAXS cell (diamond/mica windows, PTFE spacer)",Not reported,Not reported,capacity_not_reported,,"in situ saxs/waxs cell (diamond/mica windows, ptfe spacer)",,3,0
vessel_volume_mL,microwave reaction vial (30 mL) with Teflon-lined cap,30.0,30.0,explicit_capacity_ml,,microwave reaction vial (30 ml) with teflon-lined cap,,1,2
vessel_volume_mL,microwave vial (20 mL) in Biotage Initiator+,20.0,20.0,explicit_capacity_ml,,microwave vial (20 ml) in biotage initiator+,,0,3
vessel_volume_mL,microwave vial (30 mL),30.0,30.0,explicit_capacity_ml,,microwave vial (30 ml),,1,2
vessel_volume_mL,narrow glass tube (solvent diffusion layering),Not reported,Not reported,capacity_not_reported,,narrow glass tube (solvent diffusion layering),,3,0
vessel_volume_mL,non-pressurised scintillation vial (loosely capped),Not reported,Not reported,capacity_not_reported,,non-pressurised scintillation vial (loosely capped),,1,2
vessel_volume_mL,plastic bottle,Not reported,Not reported,capacity_not_reported,,plastic bottle,,2,1
vessel_volume_mL,reaction flask,Not reported,Not reported,capacity_not_reported,,reaction flask,,2,1
vessel_volume_mL,reflux with condenser (100 mL reactor),100.0,100.0,explicit_capacity_ml,,reflux with condenser (100 ml reactor),,1,2
vessel_volume_mL,round-bottom flask (250 mL),250.0,250.0,explicit_capacity_ml,,round-bottom flask (250 ml),,2,1
vessel_volume_mL,round-bottom flask with condenser (oil bath),Not reported,Not reported,capacity_not_reported,,round-bottom flask with condenser (oil bath),,3,0
vessel_volume_mL,screw Teflon-capped vial,Not reported,Not reported,capacity_not_reported,,screw teflon-capped vial,,3,0
vessel_volume_mL,sealed 15 mL bottle,15.0,15.0,explicit_capacity_ml,,sealed 15 ml bottle,,3,0
vessel_volume_mL,sealed DURAN culture glass tube with PTFE-faced sealing wad,Not reported,Not reported,capacity_not_reported,,sealed duran culture glass tube with ptfe-faced sealing wad,,3,0
vessel_volume_mL,sealed Pyrex tube,Not reported,Not reported,capacity_not_reported,,sealed pyrex tube,,3,0
vessel_volume_mL,sealed glass vial (10 mL),10.0,10.0,explicit_capacity_ml,,sealed glass vial (10 ml),,2,1
vessel_volume_mL,sealed reaction vessel (10 mL),10.0,10.0,explicit_capacity_ml,,sealed reaction vessel (10 ml),,3,0
vessel_volume_mL,sealed reactor (23 mL),23.0,23.0,explicit_capacity_ml,,sealed reactor (23 ml),,3,0
vessel_volume_mL,sealed thick Pyrex tube (evacuated),Not reported,Not reported,capacity_not_reported,,sealed thick pyrex tube (evacuated),,3,0
vessel_volume_mL,sealed vial/autoclave,Not reported,Not reported,capacity_not_reported,,sealed vial/autoclave,,3,0
vessel_volume_mL,small beaker covered with perforated foil placed in desiccator,Not reported,Not reported,capacity_not_reported,,small beaker covered with perforated foil placed in desiccator,,1,2
vessel_volume_mL,small vial covered with parafilm,Not reported,Not reported,capacity_not_reported,,small vial covered with parafilm,,3,0
vessel_volume_mL,solvothermal autoclave (100 mL),100.0,100.0,explicit_capacity_ml,,solvothermal autoclave (100 ml),,3,0
vessel_volume_mL,stainless steel autoclave (30 mL total volume),30.0,30.0,explicit_capacity_ml,,stainless steel autoclave (30 ml total volume),,2,1
vessel_volume_mL,stainless steel autoclave with a Teflon lid,Not reported,Not reported,capacity_not_reported,,stainless steel autoclave with a teflon lid,,3,0
vessel_volume_mL,steel autoclave reactor,Not reported,Not reported,capacity_not_reported,,steel autoclave reactor,,0,3
vessel_volume_mL,straight glass tube,Not reported,Not reported,capacity_not_reported,,straight glass tube,,2,1
vessel_volume_mL,straight glass tube (layered slow diffusion),Not reported,Not reported,capacity_not_reported,,straight glass tube (layered slow diffusion),,1,2
vessel_volume_mL,thick walled glass tube (100 mL),100.0,100.0,explicit_capacity_ml,,thick walled glass tube (100 ml),,3,0
vessel_volume_mL,tightly capped flask,Not reported,Not reported,capacity_not_reported,,tightly capped flask,,3,0
vessel_volume_mL,ultrasonic bath,Not reported,Not reported,no_identified_vessel,,ultrasonic bath,"Description specifies equipment/operation, not an identifiable reaction vessel",3,0
vessel_volume_mL,vial (10 mL),10.0,10.0,explicit_capacity_ml,,vial (10 ml),,3,0
vessel_volume_mL,1-dram glass vial,Ambiguous,Ambiguous,unspecified_imperial_volume,,1-dram glass vial,Imperial/US customary size without explicit mL equivalent; convention not assumed,2,0
vessel_volume_mL,1-dram vial,Ambiguous,Ambiguous,unspecified_imperial_volume,,1-dram vial,Imperial/US customary size without explicit mL equivalent; convention not assumed,2,0
vessel_volume_mL,10 mL Pyrex tube (sealed),10.0,10.0,explicit_capacity_ml,,10 ml pyrex tube (sealed),,2,0
vessel_volume_mL,10 mL Teflon-lined stainless steel container,10.0,10.0,explicit_capacity_ml,,10 ml teflon-lined stainless steel container,,2,0
vessel_volume_mL,10 mL Teflon-lined stainless-steel autoclave,10.0,10.0,explicit_capacity_ml,,10 ml teflon-lined stainless-steel autoclave,,2,0
vessel_volume_mL,10 mL capped vial,10.0,10.0,explicit_capacity_ml,,10 ml capped vial,,2,0
vessel_volume_mL,10 mL culture tube (capped),10.0,10.0,explicit_capacity_ml,,10 ml culture tube (capped),,2,0
vessel_volume_mL,10 mL glass reaction bottle (sealed),10.0,10.0,explicit_capacity_ml,,10 ml glass reaction bottle (sealed),,2,0
vessel_volume_mL,10 mL glass tube (sealed),10.0,10.0,explicit_capacity_ml,,10 ml glass tube (sealed),,0,2
vessel_volume_mL,10 mL screw-capped glass vial,10.0,10.0,explicit_capacity_ml,,10 ml screw-capped glass vial,,1,1
vessel_volume_mL,10 mL vial (sealed),10.0,10.0,explicit_capacity_ml,,10 ml vial (sealed),,2,0
vessel_volume_mL,100 mL PTFE-lined stainless-steel autoclave,100.0,100.0,explicit_capacity_ml,,100 ml ptfe-lined stainless-steel autoclave,,1,1
vessel_volume_mL,100 mL Pyrex jar (oven),100.0,100.0,explicit_capacity_ml,,100 ml pyrex jar (oven),,2,0
vessel_volume_mL,100 mL Teflon-capped flask,100.0,100.0,explicit_capacity_ml,,100 ml teflon-capped flask,,2,0
vessel_volume_mL,100 mL Teflon-lined stainless-steel reactor (autoclave),100.0,100.0,explicit_capacity_ml,,100 ml teflon-lined stainless-steel reactor (autoclave),,2,0
vessel_volume_mL,100 mL Teflon-sealed vessel,100.0,100.0,explicit_capacity_ml,,100 ml teflon-sealed vessel,,2,0
vessel_volume_mL,100 mL bottle with Teflon-taped screw cap,100.0,100.0,explicit_capacity_ml,,100 ml bottle with teflon-taped screw cap,,2,0
vessel_volume_mL,100 mL glass flask,100.0,100.0,explicit_capacity_ml,,100 ml glass flask,,2,0
vessel_volume_mL,100 mL round-bottom flask (oil bath),100.0,100.0,explicit_capacity_ml,,100 ml round-bottom flask (oil bath),,2,0
vessel_volume_mL,12 mL scintillation vial,12.0,12.0,explicit_capacity_ml,,12 ml scintillation vial,,2,0
vessel_volume_mL,12 mL screw-capped glass test tube,12.0,12.0,explicit_capacity_ml,,12 ml screw-capped glass test tube,,2,0
vessel_volume_mL,120 mL vial,120.0,120.0,explicit_capacity_ml,,120 ml vial,,2,0
vessel_volume_mL,125-mL screw-capped glass jar,125.0,125.0,explicit_capacity_ml,,125-ml screw-capped glass jar,,2,0
vessel_volume_mL,15 mL Teflon-lined stainless-steel reactor,15.0,15.0,explicit_capacity_ml,,15 ml teflon-lined stainless-steel reactor,,1,1
vessel_volume_mL,15 mL Teflon-lined steel vessel,15.0,15.0,explicit_capacity_ml,,15 ml teflon-lined steel vessel,,2,0
vessel_volume_mL,15 mL reaction vessel,15.0,15.0,explicit_capacity_ml,,15 ml reaction vessel,,2,0
vessel_volume_mL,15 mL stainless steel bomb,15.0,15.0,explicit_capacity_ml,,15 ml stainless steel bomb,,2,0
vessel_volume_mL,150 mL Teflon-lined stainless autoclave,150.0,150.0,explicit_capacity_ml,,150 ml teflon-lined stainless autoclave,,2,0
vessel_volume_mL,16 mL Teflon lined stainless steel container,16.0,16.0,explicit_capacity_ml,,16 ml teflon lined stainless steel container,,2,0
vessel_volume_mL,17 mL Teflon-lined stainless steel autoclave,17.0,17.0,explicit_capacity_ml,,17 ml teflon-lined stainless steel autoclave,,2,0
vessel_volume_mL,18 mL glass vial,18.0,18.0,explicit_capacity_ml,,18 ml glass vial,,2,0
vessel_volume_mL,2 mL Teflon-lined autoclave,2.0,2.0,explicit_capacity_ml,,2 ml teflon-lined autoclave,,1,1
vessel_volume_mL,2-dram vial (sealed),Ambiguous,Ambiguous,unspecified_imperial_volume,,2-dram vial (sealed),Imperial/US customary size without explicit mL equivalent; convention not assumed,2,0
vessel_volume_mL,2-mL glass vial,2.0,2.0,explicit_capacity_ml,,2-ml glass vial,,2,0
vessel_volume_mL,2.5 mm fused-quartz capillary with Teflon cap (in situ cell),Not reported,Not reported,capacity_not_reported,,2.5 mm fused-quartz capillary with teflon cap (in situ cell),,2,0
vessel_volume_mL,20 mL Pyrex heat-resistant flask,20.0,20.0,explicit_capacity_ml,,20 ml pyrex heat-resistant flask,,2,0
vessel_volume_mL,20 mL Pyrex tube,20.0,20.0,explicit_capacity_ml,,20 ml pyrex tube,,2,0
vessel_volume_mL,20 mL Teflon autoclave,20.0,20.0,explicit_capacity_ml,,20 ml teflon autoclave,,2,0
vessel_volume_mL,20 mL Teflon-lined acid digestion bomb,20.0,20.0,explicit_capacity_ml,,20 ml teflon-lined acid digestion bomb,,2,0
vessel_volume_mL,20 mL glass scintillation vial (Teflon-lined cap),20.0,20.0,explicit_capacity_ml,,20 ml glass scintillation vial (teflon-lined cap),,1,1
vessel_volume_mL,20 mL glass screw-top scintillation vial with Teflon-lined screw cap,20.0,20.0,explicit_capacity_ml,,20 ml glass screw-top scintillation vial with teflon-lined screw cap,,0,2
vessel_volume_mL,20 mL glass vials,20.0,20.0,explicit_capacity_ml,,20 ml glass vials,,2,0
vessel_volume_mL,20 mL reaction vial,20.0,20.0,explicit_capacity_ml,,20 ml reaction vial,,2,0
vessel_volume_mL,20 mL screw cap vial,20.0,20.0,explicit_capacity_ml,,20 ml screw cap vial,,1,1
vessel_volume_mL,20 mL screw glass vial,20.0,20.0,explicit_capacity_ml,,20 ml screw glass vial,,2,0
vessel_volume_mL,20 mL screw-capped vial,20.0,20.0,explicit_capacity_ml,,20 ml screw-capped vial,,2,0
vessel_volume_mL,20 mL sealed Teflon-lined stainless steel vessel,20.0,20.0,explicit_capacity_ml,,20 ml sealed teflon-lined stainless steel vessel,,1,1
vessel_volume_mL,20 mL small glass vial,20.0,20.0,explicit_capacity_ml,,20 ml small glass vial,,2,0
vessel_volume_mL,20 mL stainless-steel autoclave,20.0,20.0,explicit_capacity_ml,,20 ml stainless-steel autoclave,,2,0
vessel_volume_mL,20 mL vials (isothermal oven),20.0,20.0,explicit_capacity_ml,,20 ml vials (isothermal oven),,2,0
vessel_volume_mL,20-mL Teflon-lined stainless steel autoclave,20.0,20.0,explicit_capacity_ml,,20-ml teflon-lined stainless steel autoclave,,2,0
vessel_volume_mL,21 mL glass scintillation vial,21.0,21.0,explicit_capacity_ml,,21 ml glass scintillation vial,,2,0
vessel_volume_mL,22 mL Teflon-lined stainless steel container,22.0,22.0,explicit_capacity_ml,,22 ml teflon-lined stainless steel container,,2,0
vessel_volume_mL,23 mL PTFE-lined acid digestion bomb (Teflon-lined autoclave),23.0,23.0,explicit_capacity_ml,,23 ml ptfe-lined acid digestion bomb (teflon-lined autoclave),,2,0
vessel_volume_mL,23 mL PTFE-lined autoclave (stainless steel),23.0,23.0,explicit_capacity_ml,,23 ml ptfe-lined autoclave (stainless steel),,2,0
vessel_volume_mL,23 mL PTFE-lined stainless-steel autoclave,23.0,23.0,explicit_capacity_ml,,23 ml ptfe-lined stainless-steel autoclave,,2,0
vessel_volume_mL,23 mL Teflon liner in Parr autoclave,23.0,23.0,explicit_capacity_ml,,23 ml teflon liner in parr autoclave,,2,0
vessel_volume_mL,23 mL Teflon vessel in digestion bomb (hydrothermal),23.0,23.0,explicit_capacity_ml,,23 ml teflon vessel in digestion bomb (hydrothermal),,2,0
vessel_volume_mL,23 mL Teflon-lined acid digestion bomb,23.0,23.0,explicit_capacity_ml,,23 ml teflon-lined acid digestion bomb,,2,0
vessel_volume_mL,23 mL Teflon-lined acid digestion vessel (Parr 4746),23.0,23.0,explicit_capacity_ml,,23 ml teflon-lined acid digestion vessel (parr 4746),,1,1
vessel_volume_mL,23 mL Teflon-lined steel vessel,23.0,23.0,explicit_capacity_ml,,23 ml teflon-lined steel vessel,,2,0
vessel_volume_mL,23 mL acid digestion bomb,23.0,23.0,explicit_capacity_ml,,23 ml acid digestion bomb,,2,0
vessel_volume_mL,23 mL acid-digestion bomb,23.0,23.0,explicit_capacity_ml,,23 ml acid-digestion bomb,,2,0
vessel_volume_mL,23 ml Teflon-lined stainless-steel autoclave,23.0,23.0,explicit_capacity_ml,,23 ml teflon-lined stainless-steel autoclave,,2,0
vessel_volume_mL,23-mL Teflon reactor (autogenous pressure),23.0,23.0,explicit_capacity_ml,,23-ml teflon reactor (autogenous pressure),,2,0
vessel_volume_mL,24 mL Teflon liner in autoclave,24.0,24.0,explicit_capacity_ml,,24 ml teflon liner in autoclave,,2,0
vessel_volume_mL,25 mL Erlenmeyer flask,25.0,25.0,explicit_capacity_ml,,25 ml erlenmeyer flask,,2,0
vessel_volume_mL,25 mL PTFE-lined stainless steel container,25.0,25.0,explicit_capacity_ml,,25 ml ptfe-lined stainless steel container,,2,0
vessel_volume_mL,25 mL Teflon-lined steel autoclave,25.0,25.0,explicit_capacity_ml,,25 ml teflon-lined steel autoclave,,2,0
vessel_volume_mL,25 mL capped scintillation vial,25.0,25.0,explicit_capacity_ml,,25 ml capped scintillation vial,,2,0
vessel_volume_mL,25 mL hydrothermal reactor,25.0,25.0,explicit_capacity_ml,,25 ml hydrothermal reactor,,2,0
vessel_volume_mL,25 mL screw top jar,25.0,25.0,explicit_capacity_ml,,25 ml screw top jar,,2,0
vessel_volume_mL,25 mL sealed vessel,25.0,25.0,explicit_capacity_ml,,25 ml sealed vessel,,2,0
vessel_volume_mL,25 mL stainless steel reactor,25.0,25.0,explicit_capacity_ml,,25 ml stainless steel reactor,,2,0
vessel_volume_mL,25 mL vial (sealed),25.0,25.0,explicit_capacity_ml,,25 ml vial (sealed),,2,0
vessel_volume_mL,25-mL Teflon-lined autoclave,25.0,25.0,explicit_capacity_ml,,25-ml teflon-lined autoclave,,2,0
vessel_volume_mL,25-mL acid digestion bomb,25.0,25.0,explicit_capacity_ml,,25-ml acid digestion bomb,,2,0
vessel_volume_mL,25-mL glass vial (sealed),25.0,25.0,explicit_capacity_ml,,25-ml glass vial (sealed),,2,0
vessel_volume_mL,250 mL Schott bottle,250.0,250.0,explicit_capacity_ml,,250 ml schott bottle,,2,0
vessel_volume_mL,3 L autoclave (unstirred),3000.0,3000.0,explicit_capacity_ml,,3 l autoclave (unstirred),Uncommon stated capacity retained; source verification recommended,1,1
vessel_volume_mL,3 mL Savillex screw-top vial in Teflon cup within steel Parr autoclave (autogenous pressure),Ambiguous,Ambiguous,nested_vessel_capacity,,3 ml savillex screw-top vial in teflon cup within steel parr autoclave (autogenous pressure),Capacity cannot be assigned to one reaction vessel in nested/sequential apparatus,1,1
vessel_volume_mL,30 L reactor,30000.0,30000.0,explicit_capacity_ml,,30 l reactor,Uncommon stated capacity retained; source verification recommended,1,1
vessel_volume_mL,30 mL Teflon-lined stainless steel vessel,30.0,30.0,explicit_capacity_ml,,30 ml teflon-lined stainless steel vessel,,2,0
vessel_volume_mL,30 mL Teflon-lined stainless steel vessel (autoclave),30.0,30.0,explicit_capacity_ml,,30 ml teflon-lined stainless steel vessel (autoclave),,2,0
vessel_volume_mL,30 mL Teflon-lined stainless-steel container,30.0,30.0,explicit_capacity_ml,,30 ml teflon-lined stainless-steel container,,2,0
vessel_volume_mL,30 mL Teflon-lined stainless-steel vessel (autoclave),30.0,30.0,explicit_capacity_ml,,30 ml teflon-lined stainless-steel vessel (autoclave),,1,1
vessel_volume_mL,"30 mL Teflon-lined stainless-steel vessel (autoclave, autogenous pressure)",30.0,30.0,explicit_capacity_ml,,"30 ml teflon-lined stainless-steel vessel (autoclave, autogenous pressure)",,1,1
vessel_volume_mL,30 mL autoclave,30.0,30.0,explicit_capacity_ml,,30 ml autoclave,,2,0
vessel_volume_mL,30 mL glass vial,30.0,30.0,explicit_capacity_ml,,30 ml glass vial,,2,0
vessel_volume_mL,30 mL screw cap glass vial,30.0,30.0,explicit_capacity_ml,,30 ml screw cap glass vial,,2,0
vessel_volume_mL,35 mL microwave vial,35.0,35.0,explicit_capacity_ml,,35 ml microwave vial,,0,2
vessel_volume_mL,4 dram glass vial (sealed),Ambiguous,Ambiguous,unspecified_imperial_volume,,4 dram glass vial (sealed),Imperial/US customary size without explicit mL equivalent; convention not assumed,2,0
vessel_volume_mL,4 mL vial with Teflon-lined cap,4.0,4.0,explicit_capacity_ml,,4 ml vial with teflon-lined cap,,2,0
vessel_volume_mL,40 mL bomb (autoclave),40.0,40.0,explicit_capacity_ml,,40 ml bomb (autoclave),,2,0
vessel_volume_mL,5 mL Teflon cup,5.0,5.0,explicit_capacity_ml,,5 ml teflon cup,,2,0
vessel_volume_mL,5 mL glass vial (sealed),5.0,5.0,explicit_capacity_ml,,5 ml glass vial (sealed),,2,0
vessel_volume_mL,5 mL glass vial with a screw cap,5.0,5.0,explicit_capacity_ml,,5 ml glass vial with a screw cap,,2,0
vessel_volume_mL,5.0 mL vial,5.0,5.0,explicit_capacity_ml,,5.0 ml vial,,2,0
vessel_volume_mL,"50 mL glass tube, sealed",50.0,50.0,explicit_capacity_ml,,"50 ml glass tube, sealed",,2,0
vessel_volume_mL,50 mL solvothermal vessel,50.0,50.0,explicit_capacity_ml,,50 ml solvothermal vessel,,2,0
vessel_volume_mL,500 mL round bottom flask,500.0,500.0,explicit_capacity_ml,,500 ml round bottom flask,,1,1
vessel_volume_mL,60-mL screw-capped glass jar,60.0,60.0,explicit_capacity_ml,,60-ml screw-capped glass jar,,2,0
vessel_volume_mL,7 mL Pyrex reactor,7.0,7.0,explicit_capacity_ml,,7 ml pyrex reactor,,2,0
vessel_volume_mL,"80 mL glass vial (sealed), oil bath",80.0,80.0,explicit_capacity_ml,,"80 ml glass vial (sealed), oil bath",,2,0
vessel_volume_mL,ACE glass pressure tube,Not reported,Not reported,capacity_not_reported,,ace glass pressure tube,,1,1
vessel_volume_mL,"Biotage microwave vial (sealed), heated in oven with sand bath",Not reported,Not reported,capacity_not_reported,,"biotage microwave vial (sealed), heated in oven with sand bath",,2,0
vessel_volume_mL,Duran-glass reactor (4 mL),4.0,4.0,explicit_capacity_ml,,duran-glass reactor (4 ml),,2,0
vessel_volume_mL,Glass reactor with reflux condenser (1 L),1000.0,1000.0,explicit_capacity_ml,,glass reactor with reflux condenser (1 l),Uncommon stated capacity retained; source verification recommended,2,0
vessel_volume_mL,Glass vial (7 mL) in ultrasonication bath,7.0,7.0,explicit_capacity_ml,,glass vial (7 ml) in ultrasonication bath,,1,1
vessel_volume_mL,PTFE insert in Berghof pressure digestion vessel,Not reported,Not reported,capacity_not_reported,,ptfe insert in berghof pressure digestion vessel,,1,1
vessel_volume_mL,"PTFE-lined reactor (Teflon-lined autoclave), 140 mL",140.0,140.0,explicit_capacity_ml,,"ptfe-lined reactor (teflon-lined autoclave), 140 ml",,2,0
vessel_volume_mL,PTFE-lined stainless-steel vessel (15 mL),15.0,15.0,explicit_capacity_ml,,ptfe-lined stainless-steel vessel (15 ml),,2,0
vessel_volume_mL,PTFE-lined steel reactor (20 mL),20.0,20.0,explicit_capacity_ml,,ptfe-lined steel reactor (20 ml),,1,1
vessel_volume_mL,Parr Teflon-lined stainless-steel autoclave (25 mL),25.0,25.0,explicit_capacity_ml,,parr teflon-lined stainless-steel autoclave (25 ml),,2,0
vessel_volume_mL,Parr Teflon-lined stainless-steel vessel (25 mL),25.0,25.0,explicit_capacity_ml,,parr teflon-lined stainless-steel vessel (25 ml),,2,0
vessel_volume_mL,"Parr acid digestion autoclave, 25 mL",25.0,25.0,explicit_capacity_ml,,"parr acid digestion autoclave, 25 ml",,2,0
vessel_volume_mL,Pyrex glass bottle (oil bath),Not reported,Not reported,capacity_not_reported,,pyrex glass bottle (oil bath),,2,0
vessel_volume_mL,Pyrex glass vessel,Not reported,Not reported,capacity_not_reported,,pyrex glass vessel,,2,0
vessel_volume_mL,Pyrex reactor,Not reported,Not reported,capacity_not_reported,,pyrex reactor,,2,0
vessel_volume_mL,Pyrex tubes (12),Not reported,Not reported,capacity_not_reported,,pyrex tubes (12),,0,2
vessel_volume_mL,Pyrex vial (20 mL),20.0,20.0,explicit_capacity_ml,,pyrex vial (20 ml),,1,1
vessel_volume_mL,Pyrex vial with PTFE-lined phenolic cap,Not reported,Not reported,capacity_not_reported,,pyrex vial with ptfe-lined phenolic cap,,2,0
vessel_volume_mL,Pyrex-sealed bottle,Not reported,Not reported,capacity_not_reported,,pyrex-sealed bottle,,1,1
vessel_volume_mL,Schlenk flask (100 mL),100.0,100.0,explicit_capacity_ml,,schlenk flask (100 ml),,2,0
vessel_volume_mL,Schott Duran glass reactor (5 mL),5.0,5.0,explicit_capacity_ml,,schott duran glass reactor (5 ml),,1,1
vessel_volume_mL,Schott Duran glass reactor (in situ setup),Not reported,Not reported,capacity_not_reported,,schott duran glass reactor (in situ setup),,2,0
vessel_volume_mL,Space-confined glass slide reactor immersed in 100 mL Schott bottle,Ambiguous,Ambiguous,nested_vessel_capacity,,space-confined glass slide reactor immersed in 100 ml schott bottle,Capacity cannot be assigned to one reaction vessel in nested/sequential apparatus,2,0
vessel_volume_mL,Teflon Parr Bomb (23 mL),23.0,23.0,explicit_capacity_ml,,teflon parr bomb (23 ml),,2,0
vessel_volume_mL,Teflon bag in 45 mL reaction vessel,Ambiguous,Ambiguous,nested_vessel_capacity,,teflon bag in 45 ml reaction vessel,Capacity cannot be assigned to one reaction vessel in nested/sequential apparatus,2,0
vessel_volume_mL,Teflon bottle,Not reported,Not reported,capacity_not_reported,,teflon bottle,,2,0
vessel_volume_mL,Teflon lined stainless steel vessel,Not reported,Not reported,capacity_not_reported,,teflon lined stainless steel vessel,,2,0
vessel_volume_mL,Teflon lined steel autoclave,Not reported,Not reported,capacity_not_reported,,teflon lined steel autoclave,,2,0
vessel_volume_mL,Teflon reactor (18 mL),18.0,18.0,explicit_capacity_ml,,teflon reactor (18 ml),,2,0
vessel_volume_mL,"Teflon reactor (2 mL, HT setup)",2.0,2.0,explicit_capacity_ml,,"teflon reactor (2 ml, ht setup)",,2,0
vessel_volume_mL,"Teflon vessel (23 mL), sealed",23.0,23.0,explicit_capacity_ml,,"teflon vessel (23 ml), sealed",,2,0
vessel_volume_mL,Teflon vessel (5 mL),5.0,5.0,explicit_capacity_ml,,teflon vessel (5 ml),,2,0
vessel_volume_mL,Teflon-capped scintillation vial,Not reported,Not reported,capacity_not_reported,,teflon-capped scintillation vial,,2,0
vessel_volume_mL,Teflon-lined Parr autoclave (23 mL),23.0,23.0,explicit_capacity_ml,,teflon-lined parr autoclave (23 ml),,0,2
vessel_volume_mL,Teflon-lined Parr reaction vessel (23 mL),23.0,23.0,explicit_capacity_ml,,teflon-lined parr reaction vessel (23 ml),,2,0
vessel_volume_mL,Teflon-lined Parr stainless steel autoclave,Not reported,Not reported,capacity_not_reported,,teflon-lined parr stainless steel autoclave,,2,0
vessel_volume_mL,Teflon-lined autoclave (1 L),1000.0,1000.0,explicit_capacity_ml,,teflon-lined autoclave (1 l),Uncommon stated capacity retained; source verification recommended,2,0
vessel_volume_mL,Teflon-lined autoclave (100 ml),100.0,100.0,explicit_capacity_ml,,teflon-lined autoclave (100 ml),,2,0
vessel_volume_mL,Teflon-lined autoclave (150 mL),150.0,150.0,explicit_capacity_ml,,teflon-lined autoclave (150 ml),,2,0
vessel_volume_mL,Teflon-lined autoclave (23 mL Teflon reactor in oven),23.0,23.0,explicit_capacity_ml,,teflon-lined autoclave (23 ml teflon reactor in oven),,1,1
vessel_volume_mL,Teflon-lined autoclave (23 mL Teflon vial in Parr autoclave),Ambiguous,Ambiguous,nested_vessel_capacity,,teflon-lined autoclave (23 ml teflon vial in parr autoclave),Capacity cannot be assigned to one reaction vessel in nested/sequential apparatus,2,0
vessel_volume_mL,Teflon-lined autoclave (25 mL Teflon reactor),25.0,25.0,explicit_capacity_ml,,teflon-lined autoclave (25 ml teflon reactor),,2,0
vessel_volume_mL,Teflon-lined autoclave (250 mL; separate vial of NH3 inside),Ambiguous,Ambiguous,nested_vessel_capacity,,teflon-lined autoclave (250 ml; separate vial of nh3 inside),Capacity cannot be assigned to one reaction vessel in nested/sequential apparatus,2,0
vessel_volume_mL,Teflon-lined autoclave (35 mL),35.0,35.0,explicit_capacity_ml,,teflon-lined autoclave (35 ml),,2,0
vessel_volume_mL,Teflon-lined autoclave (45 mL),45.0,45.0,explicit_capacity_ml,,teflon-lined autoclave (45 ml),,2,0
vessel_volume_mL,Teflon-lined autoclave (5 mL),5.0,5.0,explicit_capacity_ml,,teflon-lined autoclave (5 ml),,1,1
vessel_volume_mL,Teflon-lined autoclave (60 mL),60.0,60.0,explicit_capacity_ml,,teflon-lined autoclave (60 ml),,2,0
vessel_volume_mL,"Teflon-lined autoclave (75 mL, Berghof BR-100)",75.0,75.0,explicit_capacity_ml,,"teflon-lined autoclave (75 ml, berghof br-100)",,2,0
vessel_volume_mL,"Teflon-lined autoclave (Parr 4749, 23 mL)",23.0,23.0,explicit_capacity_ml,,"teflon-lined autoclave (parr 4749, 23 ml)",,2,0
vessel_volume_mL,"Teflon-lined autoclave (Parr, 20 mL)",20.0,20.0,explicit_capacity_ml,,"teflon-lined autoclave (parr, 20 ml)",,1,1
vessel_volume_mL,Teflon-lined autoclave (Teflon kettle),Not reported,Not reported,capacity_not_reported,,teflon-lined autoclave (teflon kettle),,2,0
vessel_volume_mL,Teflon-lined autoclave (stainless steel reactor with PTFE liner),Not reported,Not reported,capacity_not_reported,,teflon-lined autoclave (stainless steel reactor with ptfe liner),,2,0
vessel_volume_mL,Teflon-lined autoclave (stainless steel reactor),Not reported,Not reported,capacity_not_reported,,teflon-lined autoclave (stainless steel reactor),,2,0
vessel_volume_mL,"Teflon-lined autoclave, 20 mL",20.0,20.0,explicit_capacity_ml,,"teflon-lined autoclave, 20 ml",,2,0
vessel_volume_mL,"Teflon-lined autoclave, 30 mL",30.0,30.0,explicit_capacity_ml,,"teflon-lined autoclave, 30 ml",,2,0
vessel_volume_mL,Teflon-lined glass vial (40 mL),40.0,40.0,explicit_capacity_ml,,teflon-lined glass vial (40 ml),,2,0
vessel_volume_mL,Teflon-lined home-made stainless steel autoclave (2.40 mL),2.4,2.4,explicit_capacity_ml,,teflon-lined home-made stainless steel autoclave (2.40 ml),,2,0
vessel_volume_mL,"Teflon-lined reactor, 15 mL",15.0,15.0,explicit_capacity_ml,,"teflon-lined reactor, 15 ml",,2,0
vessel_volume_mL,"Teflon-lined stainless autoclave, 25 mL",25.0,25.0,explicit_capacity_ml,,"teflon-lined stainless autoclave, 25 ml",,2,0
vessel_volume_mL,Teflon-lined stainless container,Not reported,Not reported,capacity_not_reported,,teflon-lined stainless container,,1,1
vessel_volume_mL,"Teflon-lined stainless container, 23 mL",23.0,23.0,explicit_capacity_ml,,"teflon-lined stainless container, 23 ml",,2,0
vessel_volume_mL,Teflon-lined stainless steel acid digestion reactor (10 mL),10.0,10.0,explicit_capacity_ml,,teflon-lined stainless steel acid digestion reactor (10 ml),,1,1
vessel_volume_mL,Teflon-lined stainless steel acid digestion reactor (30 mL),30.0,30.0,explicit_capacity_ml,,teflon-lined stainless steel acid digestion reactor (30 ml),,1,1
vessel_volume_mL,Teflon-lined stainless steel autoclave (75 mL),75.0,75.0,explicit_capacity_ml,,teflon-lined stainless steel autoclave (75 ml),,2,0
vessel_volume_mL,Teflon-lined stainless steel autoclave (Parr),Not reported,Not reported,capacity_not_reported,,teflon-lined stainless steel autoclave (parr),,2,0
vessel_volume_mL,"Teflon-lined stainless steel autoclave (Parr, 20 mL)",20.0,20.0,explicit_capacity_ml,,"teflon-lined stainless steel autoclave (parr, 20 ml)",,2,0
vessel_volume_mL,"Teflon-lined stainless steel autoclave (Parr, 23 mL)",23.0,23.0,explicit_capacity_ml,,"teflon-lined stainless steel autoclave (parr, 23 ml)",,2,0
vessel_volume_mL,Teflon-lined stainless steel container (23.0 mL),23.0,23.0,explicit_capacity_ml,,teflon-lined stainless steel container (23.0 ml),,2,0
vessel_volume_mL,Teflon-lined stainless steel vessel (18 mL),18.0,18.0,explicit_capacity_ml,,teflon-lined stainless steel vessel (18 ml),,2,0
vessel_volume_mL,"Teflon-lined stainless steel vessel (20 mL), autogenous pressure",20.0,20.0,explicit_capacity_ml,,"teflon-lined stainless steel vessel (20 ml), autogenous pressure",,2,0
vessel_volume_mL,Teflon-lined stainless steel vessel (40 mL),40.0,40.0,explicit_capacity_ml,,teflon-lined stainless steel vessel (40 ml),,2,0
vessel_volume_mL,Teflon-lined stainless vessel,Not reported,Not reported,capacity_not_reported,,teflon-lined stainless vessel,,2,0
vessel_volume_mL,Teflon-lined stainless vessel (12 mL),12.0,12.0,explicit_capacity_ml,,teflon-lined stainless vessel (12 ml),,2,0
vessel_volume_mL,Teflon-lined stainless-steel Parr acid digestion bomb (23 mL autoclave),23.0,23.0,explicit_capacity_ml,,teflon-lined stainless-steel parr acid digestion bomb (23 ml autoclave),,2,0
vessel_volume_mL,Teflon-lined stainless-steel autoclave (100 mL),100.0,100.0,explicit_capacity_ml,,teflon-lined stainless-steel autoclave (100 ml),,2,0
vessel_volume_mL,Teflon-lined stainless-steel autoclave (12 mL),12.0,12.0,explicit_capacity_ml,,teflon-lined stainless-steel autoclave (12 ml),,2,0
vessel_volume_mL,Teflon-lined stainless-steel autoclave (125 mL),125.0,125.0,explicit_capacity_ml,,teflon-lined stainless-steel autoclave (125 ml),,2,0
vessel_volume_mL,Teflon-lined stainless-steel autoclave (35 mL),35.0,35.0,explicit_capacity_ml,,teflon-lined stainless-steel autoclave (35 ml),,2,0
vessel_volume_mL,Teflon-lined stainless-steel bomb reactor,Not reported,Not reported,capacity_not_reported,,teflon-lined stainless-steel bomb reactor,,2,0
vessel_volume_mL,Teflon-lined steel autoclave (28 mL),28.0,28.0,explicit_capacity_ml,,teflon-lined steel autoclave (28 ml),,2,0
vessel_volume_mL,"Teflon-lined steel autoclave, 125 mL",125.0,125.0,explicit_capacity_ml,,"teflon-lined steel autoclave, 125 ml",,0,2
vessel_volume_mL,Teflon-lined steel container,Not reported,Not reported,capacity_not_reported,,teflon-lined steel container,,2,0
vessel_volume_mL,Teflon-lined tube,Not reported,Not reported,capacity_not_reported,,teflon-lined tube,,2,0
vessel_volume_mL,airtight glass bottle (10 mL),10.0,10.0,explicit_capacity_ml,,airtight glass bottle (10 ml),,2,0
vessel_volume_mL,autoclave (100 mL total volume),100.0,100.0,explicit_capacity_ml,,autoclave (100 ml total volume),,1,1
vessel_volume_mL,autoclave reactor (100 mL),100.0,100.0,explicit_capacity_ml,,autoclave reactor (100 ml),,2,0
vessel_volume_mL,bomb (autoclave),Not reported,Not reported,capacity_not_reported,,bomb (autoclave),,2,0
vessel_volume_mL,borosilicate Schott DURAN culture tube (8 mL) sealed with screw cap,8.0,8.0,explicit_capacity_ml,,borosilicate schott duran culture tube (8 ml) sealed with screw cap,,1,1
vessel_volume_mL,capped Pyrex glass tube,Not reported,Not reported,capacity_not_reported,,capped pyrex glass tube,,2,0
vessel_volume_mL,capped vial (20 mL),20.0,20.0,explicit_capacity_ml,,capped vial (20 ml),,2,0
vessel_volume_mL,chromatographic vial (perforated cap) in desiccator,Not reported,Not reported,capacity_not_reported,,chromatographic vial (perforated cap) in desiccator,,2,0
vessel_volume_mL,clean tube,Not reported,Not reported,capacity_not_reported,,clean tube,,2,0
vessel_volume_mL,closed Pyrex bottle,Not reported,Not reported,capacity_not_reported,,closed pyrex bottle,,2,0
vessel_volume_mL,closed container,Not reported,Not reported,capacity_not_reported,,closed container,,2,0
vessel_volume_mL,closed-capped bottle (25 mL),25.0,25.0,explicit_capacity_ml,,closed-capped bottle (25 ml),,2,0
vessel_volume_mL,covered 250 mL vessel,250.0,250.0,explicit_capacity_ml,,covered 250 ml vessel,,2,0
vessel_volume_mL,double-layered glass reactor (10 L),10000.0,10000.0,explicit_capacity_ml,,double-layered glass reactor (10 l),Uncommon stated capacity retained; source verification recommended,1,1
vessel_volume_mL,double-vial (small vial in large vial),Ambiguous,Ambiguous,nested_vessel_capacity,,double-vial (small vial in large vial),Capacity cannot be assigned to one reaction vessel in nested/sequential apparatus,2,0
vessel_volume_mL,electric furnace,Not reported,Not reported,no_identified_vessel,,electric furnace,"Description specifies equipment/operation, not an identifiable reaction vessel",2,0
vessel_volume_mL,flame-sealed borosilicate glass tube,Not reported,Not reported,capacity_not_reported,,flame-sealed borosilicate glass tube,,2,0
vessel_volume_mL,glass diffusion reactor,Not reported,Not reported,capacity_not_reported,,glass diffusion reactor,,2,0
vessel_volume_mL,glass diffusion setup,Not reported,Not reported,no_identified_vessel,,glass diffusion setup,"Description specifies equipment/operation, not an identifiable reaction vessel",2,0
vessel_volume_mL,glass flask (100 mL),100.0,100.0,explicit_capacity_ml,,glass flask (100 ml),,1,1
vessel_volume_mL,glass round-bottom flask; oven,Not reported,Not reported,capacity_not_reported,,glass round-bottom flask; oven,,2,0
vessel_volume_mL,glass scintillation vial (20 mL),20.0,20.0,explicit_capacity_ml,,glass scintillation vial (20 ml),,1,1
vessel_volume_mL,glass test tube (14 mm diameter),Not reported,Not reported,capacity_not_reported,,glass test tube (14 mm diameter),,2,0
vessel_volume_mL,"glass tube (10 mL, capped)",10.0,10.0,explicit_capacity_ml,,"glass tube (10 ml, capped)",,1,1
vessel_volume_mL,glass tube (4 mL),4.0,4.0,explicit_capacity_ml,,glass tube (4 ml),,2,0
vessel_volume_mL,"glass tube (frozen in liquid N2, evacuated, flame-sealed)",Not reported,Not reported,capacity_not_reported,,"glass tube (frozen in liquid n2, evacuated, flame-sealed)",,2,0
vessel_volume_mL,glass tube (near-vacuum),Not reported,Not reported,capacity_not_reported,,glass tube (near-vacuum),,2,0
vessel_volume_mL,glass tubes (diffusion method),Not reported,Not reported,capacity_not_reported,,glass tubes (diffusion method),,2,0
vessel_volume_mL,"glass vial (20 mL), sealed",20.0,20.0,explicit_capacity_ml,,"glass vial (20 ml), sealed",,2,0
vessel_volume_mL,"glass vial (30 mL), Teflon-sealed",30.0,30.0,explicit_capacity_ml,,"glass vial (30 ml), teflon-sealed",,2,0
vessel_volume_mL,glass vial (capped),Not reported,Not reported,capacity_not_reported,,glass vial (capped),,1,1
vessel_volume_mL,glass vial with PTFE-lined cap,Not reported,Not reported,capacity_not_reported,,glass vial with ptfe-lined cap,,2,0
vessel_volume_mL,glass vial with a plastic lid,Not reported,Not reported,capacity_not_reported,,glass vial with a plastic lid,,2,0
vessel_volume_mL,"glass vial, 10 mL, sealed",10.0,10.0,explicit_capacity_ml,,"glass vial, 10 ml, sealed",,2,0
vessel_volume_mL,"glass vial, sealed",Not reported,Not reported,capacity_not_reported,,"glass vial, sealed",,2,0
vessel_volume_mL,glass vials (layering),Not reported,Not reported,capacity_not_reported,,glass vials (layering),,2,0
vessel_volume_mL,"glass vials (multiple, for slow evaporation)",Not reported,Not reported,capacity_not_reported,,"glass vials (multiple, for slow evaporation)",,0,2
vessel_volume_mL,glass vials (vapor diffusion setup connected by rubber tube),Not reported,Not reported,capacity_not_reported,,glass vials (vapor diffusion setup connected by rubber tube),,1,1
vessel_volume_mL,hard glass tube (sealed under near-vacuum),Not reported,Not reported,capacity_not_reported,,hard glass tube (sealed under near-vacuum),,2,0
vessel_volume_mL,heat-resistant glass tube,Not reported,Not reported,capacity_not_reported,,heat-resistant glass tube,,2,0
vessel_volume_mL,heavy-walled Pyrex tube,Not reported,Not reported,capacity_not_reported,,heavy-walled pyrex tube,,2,0
vessel_volume_mL,heavy-walled glass vessel with Teflon screw cap,Not reported,Not reported,capacity_not_reported,,heavy-walled glass vessel with teflon screw cap,,2,0
vessel_volume_mL,high-pressure stainless steel batch reactor (~10 mL),10.0,10.0,explicit_capacity_ml,,high-pressure stainless steel batch reactor (~10 ml),,1,1
vessel_volume_mL,hydrothermal reactor (18 mL),18.0,18.0,explicit_capacity_ml,,hydrothermal reactor (18 ml),,2,0
vessel_volume_mL,layered diffusion (MeOH over DMF),Not reported,Not reported,no_identified_vessel,,layered diffusion (meoh over dmf),"Description specifies equipment/operation, not an identifiable reaction vessel",1,1
vessel_volume_mL,long tube (sealed),Not reported,Not reported,capacity_not_reported,,long tube (sealed),,2,0
vessel_volume_mL,microwave reactor (3.5 mL),3.5,3.5,explicit_capacity_ml,,microwave reactor (3.5 ml),,0,2
vessel_volume_mL,microwave reactor vessel (600 W),Not reported,Not reported,capacity_not_reported,,microwave reactor vessel (600 w),,0,2
vessel_volume_mL,microwave vial (20 mL),20.0,20.0,explicit_capacity_ml,,microwave vial (20 ml),,2,0
vessel_volume_mL,microwave vial (3 mL),3.0,3.0,explicit_capacity_ml,,microwave vial (3 ml),,2,0
vessel_volume_mL,microwave vial (capped glass vial),Not reported,Not reported,capacity_not_reported,,microwave vial (capped glass vial),,1,1
vessel_volume_mL,modified H-shaped diffusion tube (three arms),Not reported,Not reported,capacity_not_reported,,modified h-shaped diffusion tube (three arms),,1,1
vessel_volume_mL,narrow glass tube,Not reported,Not reported,capacity_not_reported,,narrow glass tube,,2,0
vessel_volume_mL,narrow test tube (layered diffusion),Not reported,Not reported,capacity_not_reported,,narrow test tube (layered diffusion),,2,0
vessel_volume_mL,polypropylene screw capped 20 mL glass vial,20.0,20.0,explicit_capacity_ml,,polypropylene screw capped 20 ml glass vial,,0,2
vessel_volume_mL,pressure tube (50 mL),50.0,50.0,explicit_capacity_ml,,pressure tube (50 ml),,1,1
vessel_volume_mL,pressure-resistant glass bottle,Not reported,Not reported,capacity_not_reported,,pressure-resistant glass bottle,,2,0
vessel_volume_mL,reflux,Not reported,Not reported,no_identified_vessel,,reflux,"Description specifies equipment/operation, not an identifiable reaction vessel",2,0
vessel_volume_mL,reflux setup (glass),Not reported,Not reported,no_identified_vessel,,reflux setup (glass),"Description specifies equipment/operation, not an identifiable reaction vessel",2,0
vessel_volume_mL,round bottom flask (ambient pressure),Not reported,Not reported,capacity_not_reported,,round bottom flask (ambient pressure),,2,0
vessel_volume_mL,round bottom flask with reflux condenser,Not reported,Not reported,capacity_not_reported,,round bottom flask with reflux condenser,,0,2
vessel_volume_mL,screw capped bottle,Not reported,Not reported,capacity_not_reported,,screw capped bottle,,2,0
vessel_volume_mL,screw vial,Not reported,Not reported,capacity_not_reported,,screw vial,,2,0
vessel_volume_mL,screw-cap bottle,Not reported,Not reported,capacity_not_reported,,screw-cap bottle,,0,2
vessel_volume_mL,screw-cap glass vial,Not reported,Not reported,capacity_not_reported,,screw-cap glass vial,,2,0
vessel_volume_mL,screw-cap vial (oil bath),Not reported,Not reported,capacity_not_reported,,screw-cap vial (oil bath),,2,0
vessel_volume_mL,"screw-capped bottle (100 mL, PTFE-coated seal)",100.0,100.0,explicit_capacity_ml,,"screw-capped bottle (100 ml, ptfe-coated seal)",,2,0
vessel_volume_mL,screw-capped vial (8 mL),8.0,8.0,explicit_capacity_ml,,screw-capped vial (8 ml),,2,0
vessel_volume_mL,sealable Pyrex bottle,Not reported,Not reported,capacity_not_reported,,sealable pyrex bottle,,2,0
vessel_volume_mL,sealed 20 mL scintillation vial,20.0,20.0,explicit_capacity_ml,,sealed 20 ml scintillation vial,,2,0
vessel_volume_mL,sealed 30 mL Teflon-lined stainless steel vessel,30.0,30.0,explicit_capacity_ml,,sealed 30 ml teflon-lined stainless steel vessel,,2,0
vessel_volume_mL,sealed borosilicate vial,Not reported,Not reported,capacity_not_reported,,sealed borosilicate vial,,2,0
vessel_volume_mL,"sealed heavy-walled glass tube (0.15 × 15 cm), evacuated",Not reported,Not reported,capacity_not_reported,,"sealed heavy-walled glass tube (0.15 x 15 cm), evacuated",,2,0
vessel_volume_mL,sealed pressure tube,Not reported,Not reported,capacity_not_reported,,sealed pressure tube,,2,0
vessel_volume_mL,"sealed pressure tube (Ace, type A)",Not reported,Not reported,capacity_not_reported,,"sealed pressure tube (ace, type a)",,2,0
vessel_volume_mL,slender glass tube (three-layer diffusion),Not reported,Not reported,capacity_not_reported,,slender glass tube (three-layer diffusion),,2,0
vessel_volume_mL,small glass vial,Not reported,Not reported,capacity_not_reported,,small glass vial,,2,0
vessel_volume_mL,small vial (sealed),Not reported,Not reported,capacity_not_reported,,small vial (sealed),,2,0
vessel_volume_mL,snap-on cap glass vial in autoclave,Ambiguous,Ambiguous,nested_vessel_capacity,,snap-on cap glass vial in autoclave,Capacity cannot be assigned to one reaction vessel in nested/sequential apparatus,2,0
vessel_volume_mL,solvothermal scintillation vial,Not reported,Not reported,capacity_not_reported,,solvothermal scintillation vial,,2,0
vessel_volume_mL,stainless steel autoclave (20 mL),20.0,20.0,explicit_capacity_ml,,stainless steel autoclave (20 ml),,2,0
vessel_volume_mL,stainless steel autoclave (25 mL),25.0,25.0,explicit_capacity_ml,,stainless steel autoclave (25 ml),,0,2
vessel_volume_mL,stainless steel coil tube (inner 1.0 mm),Not reported,Not reported,capacity_not_reported,,stainless steel coil tube (inner 1.0 mm),,2,0
vessel_volume_mL,stainless steel reactor with Teflon liner (25 mL),25.0,25.0,explicit_capacity_ml,,stainless steel reactor with teflon liner (25 ml),,2,0
vessel_volume_mL,stainless steel vessel,Not reported,Not reported,capacity_not_reported,,stainless steel vessel,,2,0
vessel_volume_mL,stainless steel vessel (autoclave),Not reported,Not reported,capacity_not_reported,,stainless steel vessel (autoclave),,2,0
vessel_volume_mL,stainless-steel Teflon-lined autoclave (100 mL),100.0,100.0,explicit_capacity_ml,,stainless-steel teflon-lined autoclave (100 ml),,2,0
vessel_volume_mL,stainless-steel container,Not reported,Not reported,capacity_not_reported,,stainless-steel container,,2,0
vessel_volume_mL,stainless-steel tube with a Teflon liner,Not reported,Not reported,capacity_not_reported,,stainless-steel tube with a teflon liner,,1,1
vessel_volume_mL,steel autoclave,Not reported,Not reported,capacity_not_reported,,steel autoclave,,2,0
vessel_volume_mL,test tube (5 mL) for liquid diffusion,5.0,5.0,explicit_capacity_ml,,test tube (5 ml) for liquid diffusion,,1,1
vessel_volume_mL,test tube (layered diffusion),Not reported,Not reported,capacity_not_reported,,test tube (layered diffusion),,2,0
vessel_volume_mL,test tube (layered liquid diffusion),Not reported,Not reported,capacity_not_reported,,test tube (layered liquid diffusion),,2,0
vessel_volume_mL,"test tube (slow diffusion, layered solutions)",Not reported,Not reported,capacity_not_reported,,"test tube (slow diffusion, layered solutions)",,1,1
vessel_volume_mL,thick Pyrex tube (sealed under vacuum),Not reported,Not reported,capacity_not_reported,,thick pyrex tube (sealed under vacuum),,2,0
vessel_volume_mL,"thick-walled Pyrex tube, sealed under vacuum",Not reported,Not reported,capacity_not_reported,,"thick-walled pyrex tube, sealed under vacuum",,2,0
vessel_volume_mL,"thick-walled borosilicate tube (freeze–pump–thaw, flame-sealed)",Not reported,Not reported,capacity_not_reported,,"thick-walled borosilicate tube (freeze-pump-thaw, flame-sealed)",,1,1
vessel_volume_mL,thick-walled screw-top pressure tube,Not reported,Not reported,capacity_not_reported,,thick-walled screw-top pressure tube,,2,0
vessel_volume_mL,three-necked round-bottomed flask with reflux condenser,Not reported,Not reported,capacity_not_reported,,three-necked round-bottomed flask with reflux condenser,,2,0
vessel_volume_mL,tightly capped 15 mL Pyrex tube,15.0,15.0,explicit_capacity_ml,,tightly capped 15 ml pyrex tube,,2,0
vessel_volume_mL,tightly sealed vial,Not reported,Not reported,capacity_not_reported,,tightly sealed vial,,0,2
vessel_volume_mL,two-neck flask,Not reported,Not reported,capacity_not_reported,,two-neck flask,,2,0
vessel_volume_mL,vessel,Not reported,Not reported,capacity_not_reported,,vessel,,2,0
vessel_volume_mL,vial-in-vial diffusion setup,Ambiguous,Ambiguous,nested_vessel_capacity,,vial-in-vial diffusion setup,Capacity cannot be assigned to one reaction vessel in nested/sequential apparatus,2,0
vessel_volume_mL,"wide-mouth glass jar (500 mL, screw cap)",500.0,500.0,explicit_capacity_ml,,"wide-mouth glass jar (500 ml, screw cap)",,2,0
vessel_volume_mL,~100 mL Teflon reactor in electric convection oven,100.0,100.0,explicit_capacity_ml,,~100 ml teflon reactor in electric convection oven,,0,2
vessel_volume_mL,1 L Erlenmeyer flask,1000.0,1000.0,explicit_capacity_ml,,1 l erlenmeyer flask,Uncommon stated capacity retained; source verification recommended,1,0
vessel_volume_mL,1 L Teflon-lined stainless-steel autoclave,1000.0,1000.0,explicit_capacity_ml,,1 l teflon-lined stainless-steel autoclave,Uncommon stated capacity retained; source verification recommended,1,0
vessel_volume_mL,1 L high-pressure flask for conversion; initial step in 100 mL–150 mL vessel,Ambiguous,Ambiguous,nested_vessel_capacity,,1 l high-pressure flask for conversion; initial step in 100 ml-150 ml vessel,Capacity cannot be assigned to one reaction vessel in nested/sequential apparatus,0,1
vessel_volume_mL,1 L reactor (pilot-plant stirrer),1000.0,1000.0,explicit_capacity_ml,,1 l reactor (pilot-plant stirrer),Uncommon stated capacity retained; source verification recommended,1,0
vessel_volume_mL,1 L screw-cap glass jar,1000.0,1000.0,explicit_capacity_ml,,1 l screw-cap glass jar,Uncommon stated capacity retained; source verification recommended,1,0
vessel_volume_mL,1 L screw-capped vial,Ambiguous,Ambiguous,suspect_vial_volume_scale,,1 l screw-capped vial,Vial description with capacity >=1000 mL requires source verification; no unit correction guessed,1,0
vessel_volume_mL,1-L HDPE jar (tightly capped),1000.0,1000.0,explicit_capacity_ml,,1-l hdpe jar (tightly capped),Uncommon stated capacity retained; source verification recommended,1,0
vessel_volume_mL,1-dram vial or 20 mL scintillation vial,20.0,20.0,explicit_capacity_ml,,1-dram vial or 20 ml scintillation vial,,1,0
vessel_volume_mL,"1.5-dram glass vial (sealed), heated in oven with sand bath",Ambiguous,Ambiguous,unspecified_imperial_volume,,"1.5-dram glass vial (sealed), heated in oven with sand bath",Imperial/US customary size without explicit mL equivalent; convention not assumed,1,0
vessel_volume_mL,"10 L glass vial (sealed), oil bath",Ambiguous,Ambiguous,suspect_vial_volume_scale,,"10 l glass vial (sealed), oil bath",Vial description with capacity >=1000 mL requires source verification; no unit correction guessed,1,0
vessel_volume_mL,10 L jacketed glass reactor,10000.0,10000.0,explicit_capacity_ml,,10 l jacketed glass reactor,Uncommon stated capacity retained; source verification recommended,1,0
vessel_volume_mL,10 mL IntelliVent microwave reactor (CEM Discover),10.0,10.0,explicit_capacity_ml,,10 ml intellivent microwave reactor (cem discover),,1,0
vessel_volume_mL,10 mL Teflon-lined bomb (Teflon-lined stainless steel autoclave),10.0,10.0,explicit_capacity_ml,,10 ml teflon-lined bomb (teflon-lined stainless steel autoclave),,1,0
vessel_volume_mL,10 mL Teflon-lined stainless autoclave,10.0,10.0,explicit_capacity_ml,,10 ml teflon-lined stainless autoclave,,0,1
vessel_volume_mL,10 mL Teflon-lined stainless steel vessel,10.0,10.0,explicit_capacity_ml,,10 ml teflon-lined stainless steel vessel,,1,0
vessel_volume_mL,10 mL glass bottle (sealed),10.0,10.0,explicit_capacity_ml,,10 ml glass bottle (sealed),,1,0
vessel_volume_mL,10 mL glass reaction bottle,10.0,10.0,explicit_capacity_ml,,10 ml glass reaction bottle,,1,0
vessel_volume_mL,"10 mL glass vials (capped), isothermal oven",10.0,10.0,explicit_capacity_ml,,"10 ml glass vials (capped), isothermal oven",,1,0
vessel_volume_mL,10 mL glass vials (eight),10.0,10.0,explicit_capacity_ml,,10 ml glass vials (eight),,1,0
vessel_volume_mL,10 mL glass vials (isothermal oven),10.0,10.0,explicit_capacity_ml,,10 ml glass vials (isothermal oven),,1,0
vessel_volume_mL,10 mL solvothermal vial,10.0,10.0,explicit_capacity_ml,,10 ml solvothermal vial,,1,0
vessel_volume_mL,10-mL glass tube,10.0,10.0,explicit_capacity_ml,,10-ml glass tube,,1,0
vessel_volume_mL,100 mL Erlenmeyer flask,100.0,100.0,explicit_capacity_ml,,100 ml erlenmeyer flask,,1,0
vessel_volume_mL,100 mL Pyrex Schott bottle (sealed),100.0,100.0,explicit_capacity_ml,,100 ml pyrex schott bottle (sealed),,1,0
vessel_volume_mL,100 mL Teflon-lined autoclave (stainless-steel protective cover),100.0,100.0,explicit_capacity_ml,,100 ml teflon-lined autoclave (stainless-steel protective cover),,1,0
vessel_volume_mL,100 mL Teflon-lined stainless steel vessel,100.0,100.0,explicit_capacity_ml,,100 ml teflon-lined stainless steel vessel,,1,0
vessel_volume_mL,100 mL autoclavable bottle (sealed) in oven,100.0,100.0,explicit_capacity_ml,,100 ml autoclavable bottle (sealed) in oven,,1,0
vessel_volume_mL,100 mL bottle with Teflon cap,100.0,100.0,explicit_capacity_ml,,100 ml bottle with teflon cap,,1,0
vessel_volume_mL,100 mL glass jar,100.0,100.0,explicit_capacity_ml,,100 ml glass jar,,1,0
vessel_volume_mL,100 mL reaction kettle,100.0,100.0,explicit_capacity_ml,,100 ml reaction kettle,,1,0
vessel_volume_mL,100 mL reaction vessel,100.0,100.0,explicit_capacity_ml,,100 ml reaction vessel,,1,0
vessel_volume_mL,100 mL round-bottom flask,100.0,100.0,explicit_capacity_ml,,100 ml round-bottom flask,,0,1
vessel_volume_mL,100 mL screw-capped glass jar,100.0,100.0,explicit_capacity_ml,,100 ml screw-capped glass jar,,1,0
vessel_volume_mL,100-mL round-bottom flask,100.0,100.0,explicit_capacity_ml,,100-ml round-bottom flask,,1,0
vessel_volume_mL,1000 mL flask,1000.0,1000.0,explicit_capacity_ml,,1000 ml flask,Uncommon stated capacity retained; source verification recommended,1,0
vessel_volume_mL,1000 mL glass flask,1000.0,1000.0,explicit_capacity_ml,,1000 ml glass flask,Uncommon stated capacity retained; source verification recommended,1,0
vessel_volume_mL,11 mL glass bottle,11.0,11.0,explicit_capacity_ml,,11 ml glass bottle,,1,0
vessel_volume_mL,12 mL PTFE crucible placed in a steel autoclave,12.0,12.0,explicit_capacity_ml,,12 ml ptfe crucible placed in a steel autoclave,,1,0
vessel_volume_mL,12 mL Teflon-lined autoclave,12.0,12.0,explicit_capacity_ml,,12 ml teflon-lined autoclave,,1,0
vessel_volume_mL,12 mL vial,12.0,12.0,explicit_capacity_ml,,12 ml vial,,1,0
vessel_volume_mL,12-mL Teflon-lined autoclave,12.0,12.0,explicit_capacity_ml,,12-ml teflon-lined autoclave,,1,0
vessel_volume_mL,"120 mL Teflon-lined, stainless steel autoclave",120.0,120.0,explicit_capacity_ml,,"120 ml teflon-lined, stainless steel autoclave",,1,0
vessel_volume_mL,120 mL vial with Teflon-lined cap,120.0,120.0,explicit_capacity_ml,,120 ml vial with teflon-lined cap,,1,0
vessel_volume_mL,125 mL Parr-type autoclave,125.0,125.0,explicit_capacity_ml,,125 ml parr-type autoclave,,1,0
vessel_volume_mL,125 mL Teflon cup-lined autoclave,125.0,125.0,explicit_capacity_ml,,125 ml teflon cup-lined autoclave,,1,0
vessel_volume_mL,125 mL Teflon liner in Parr acid digestion vessel,125.0,125.0,explicit_capacity_ml,,125 ml teflon liner in parr acid digestion vessel,,1,0
vessel_volume_mL,125 mL Teflon vessel (air oven),125.0,125.0,explicit_capacity_ml,,125 ml teflon vessel (air oven),,1,0
vessel_volume_mL,125-mL Teflon-lined steel Parr autoclave,125.0,125.0,explicit_capacity_ml,,125-ml teflon-lined steel parr autoclave,,1,0
vessel_volume_mL,13 mL Teflon reactor,13.0,13.0,explicit_capacity_ml,,13 ml teflon reactor,,1,0
vessel_volume_mL,15 cm3 stainless steel bomb,15.0,15.0,explicit_capacity_ml,,15 cm3 stainless steel bomb,,1,0
vessel_volume_mL,15 mL PTFE reactor (Teflon-lined autoclave),15.0,15.0,explicit_capacity_ml,,15 ml ptfe reactor (teflon-lined autoclave),,1,0
vessel_volume_mL,15 mL PTFE-lined stainless steel autoclave,15.0,15.0,explicit_capacity_ml,,15 ml ptfe-lined stainless steel autoclave,,1,0
vessel_volume_mL,15 mL Teflon-lined autoclave (2/3 full),15.0,15.0,explicit_capacity_ml,,15 ml teflon-lined autoclave (2/3 full),,0,1
vessel_volume_mL,15 mL Teflon-lined stainless-steel vessel,15.0,15.0,explicit_capacity_ml,,15 ml teflon-lined stainless-steel vessel,,1,0
vessel_volume_mL,15 mL flask,15.0,15.0,explicit_capacity_ml,,15 ml flask,,1,0
vessel_volume_mL,15 mL flask (tightly capped) in oven,15.0,15.0,explicit_capacity_ml,,15 ml flask (tightly capped) in oven,,1,0
vessel_volume_mL,15 mL glass vessel,15.0,15.0,explicit_capacity_ml,,15 ml glass vessel,,1,0
vessel_volume_mL,15 mL glass vial (sealed),15.0,15.0,explicit_capacity_ml,,15 ml glass vial (sealed),,1,0
vessel_volume_mL,15 mL inner glass bottle,15.0,15.0,explicit_capacity_ml,,15 ml inner glass bottle,,1,0
vessel_volume_mL,15 mL pressure flask,15.0,15.0,explicit_capacity_ml,,15 ml pressure flask,,1,0
vessel_volume_mL,15 mL pressure tube,15.0,15.0,explicit_capacity_ml,,15 ml pressure tube,,1,0
vessel_volume_mL,15 mL pyrex jar,15.0,15.0,explicit_capacity_ml,,15 ml pyrex jar,,1,0
vessel_volume_mL,15 mL scintillation vial,15.0,15.0,explicit_capacity_ml,,15 ml scintillation vial,,1,0
vessel_volume_mL,15 mL test tube (layered diffusion),15.0,15.0,explicit_capacity_ml,,15 ml test tube (layered diffusion),,1,0
vessel_volume_mL,15-mL acid digestion bomb,15.0,15.0,explicit_capacity_ml,,15-ml acid digestion bomb,,1,0
vessel_volume_mL,16 mL Teflon-lined autoclave,16.0,16.0,explicit_capacity_ml,,16 ml teflon-lined autoclave,,1,0
vessel_volume_mL,16 mL Teflon-lined stainless steel container (autoclave),16.0,16.0,explicit_capacity_ml,,16 ml teflon-lined stainless steel container (autoclave),,1,0
vessel_volume_mL,18 mL Teflon-lined stainless steel vessel (Teflon-lined autoclave),18.0,18.0,explicit_capacity_ml,,18 ml teflon-lined stainless steel vessel (teflon-lined autoclave),,1,0
vessel_volume_mL,2 L Pyrex bottle (oven),2000.0,2000.0,explicit_capacity_ml,,2 l pyrex bottle (oven),Uncommon stated capacity retained; source verification recommended,1,0
vessel_volume_mL,2 mL glass screw top vial (PTFE-lined cap),2.0,2.0,explicit_capacity_ml,,2 ml glass screw top vial (ptfe-lined cap),,0,1
vessel_volume_mL,2 mL vials,2.0,2.0,explicit_capacity_ml,,2 ml vials,,1,0
vessel_volume_mL,20 mL Teflon reactor,20.0,20.0,explicit_capacity_ml,,20 ml teflon reactor,,1,0
vessel_volume_mL,20 mL Teflon vial,20.0,20.0,explicit_capacity_ml,,20 ml teflon vial,,1,0
vessel_volume_mL,20 mL Teflon-lined stainless steel bomb,20.0,20.0,explicit_capacity_ml,,20 ml teflon-lined stainless steel bomb,,1,0
vessel_volume_mL,20 mL ampulla,20.0,20.0,explicit_capacity_ml,,20 ml ampulla,,1,0
vessel_volume_mL,20 mL borosilicate glass vial (sealed),20.0,20.0,explicit_capacity_ml,,20 ml borosilicate glass vial (sealed),,1,0
vessel_volume_mL,20 mL glass bottle reactor,20.0,20.0,explicit_capacity_ml,,20 ml glass bottle reactor,,1,0
vessel_volume_mL,"20 mL glass flask (sealed), oven",20.0,20.0,explicit_capacity_ml,,"20 ml glass flask (sealed), oven",,1,0
vessel_volume_mL,20 mL glass scintillation vial with Teflon cap,20.0,20.0,explicit_capacity_ml,,20 ml glass scintillation vial with teflon cap,,0,1
vessel_volume_mL,20 mL glass vial (microwave oven),20.0,20.0,explicit_capacity_ml,,20 ml glass vial (microwave oven),,1,0
vessel_volume_mL,20 mL glass vial (oil bath),20.0,20.0,explicit_capacity_ml,,20 ml glass vial (oil bath),,1,0
vessel_volume_mL,20 mL glass vial (screw cap),20.0,20.0,explicit_capacity_ml,,20 ml glass vial (screw cap),,1,0
vessel_volume_mL,20 mL glass vial (tightly capped),20.0,20.0,explicit_capacity_ml,,20 ml glass vial (tightly capped),,1,0
vessel_volume_mL,20 mL glass vials (4),20.0,20.0,explicit_capacity_ml,,20 ml glass vials (4),,1,0
vessel_volume_mL,20 mL glass vials (four),20.0,20.0,explicit_capacity_ml,,20 ml glass vials (four),,1,0
vessel_volume_mL,20 mL glass vials (six),20.0,20.0,explicit_capacity_ml,,20 ml glass vials (six),,1,0
vessel_volume_mL,20 mL hydrothermal high-pressure reactor,20.0,20.0,explicit_capacity_ml,,20 ml hydrothermal high-pressure reactor,,1,0
vessel_volume_mL,20 mL sample vial,20.0,20.0,explicit_capacity_ml,,20 ml sample vial,,1,0
vessel_volume_mL,20 mL scintillation vial (sealed with urethane cap and PTFE liner),20.0,20.0,explicit_capacity_ml,,20 ml scintillation vial (sealed with urethane cap and ptfe liner),,1,0
vessel_volume_mL,"20 mL scintillation vial, Teflon-lined cap",20.0,20.0,explicit_capacity_ml,,"20 ml scintillation vial, teflon-lined cap",,1,0
vessel_volume_mL,20 mL screw-cap glass vial,20.0,20.0,explicit_capacity_ml,,20 ml screw-cap glass vial,,1,0
vessel_volume_mL,20 mL sealed glass vial,20.0,20.0,explicit_capacity_ml,,20 ml sealed glass vial,,1,0
vessel_volume_mL,20 mL test tube with inner vial (slow diffusion),Ambiguous,Ambiguous,nested_vessel_capacity,,20 ml test tube with inner vial (slow diffusion),Capacity cannot be assigned to one reaction vessel in nested/sequential apparatus,1,0
vessel_volume_mL,20 mL vials (programmable oven),20.0,20.0,explicit_capacity_ml,,20 ml vials (programmable oven),,1,0
vessel_volume_mL,"20 mL vials, isothermal oven",20.0,20.0,explicit_capacity_ml,,"20 ml vials, isothermal oven",,1,0
vessel_volume_mL,20 ml capped vessel,20.0,20.0,explicit_capacity_ml,,20 ml capped vessel,,1,0
vessel_volume_mL,20-mL vial,20.0,20.0,explicit_capacity_ml,,20-ml vial,,1,0
vessel_volume_mL,200 mL bottle,200.0,200.0,explicit_capacity_ml,,200 ml bottle,,1,0
vessel_volume_mL,200 mL round bottom flask,200.0,200.0,explicit_capacity_ml,,200 ml round bottom flask,,1,0
vessel_volume_mL,21 cm3 Ace glass autoclave,21.0,21.0,explicit_capacity_ml,,21 cm3 ace glass autoclave,,1,0
vessel_volume_mL,23 mL Teflon-lined autoclave (Teflon bomb),23.0,23.0,explicit_capacity_ml,,23 ml teflon-lined autoclave (teflon bomb),,1,0
vessel_volume_mL,23 mL Teflon-lined stainless steel Parr hydrothermal vessel,23.0,23.0,explicit_capacity_ml,,23 ml teflon-lined stainless steel parr hydrothermal vessel,,1,0
vessel_volume_mL,23 mL Teflon-lined stainless steel vessel (autoclave),23.0,23.0,explicit_capacity_ml,,23 ml teflon-lined stainless steel vessel (autoclave),,1,0
vessel_volume_mL,23 mL Teflon-lined stainless-steel Parr autoclave,23.0,23.0,explicit_capacity_ml,,23 ml teflon-lined stainless-steel parr autoclave,,1,0
vessel_volume_mL,23 mL autoclave,23.0,23.0,explicit_capacity_ml,,23 ml autoclave,,1,0
vessel_volume_mL,23 mL stainless steel reactor with a Teflon liner,23.0,23.0,explicit_capacity_ml,,23 ml stainless steel reactor with a teflon liner,,1,0
vessel_volume_mL,23-M L Teflon-lined autoclave,23.0,23.0,explicit_capacity_ml,,23-m l teflon-lined autoclave,,1,0
vessel_volume_mL,25 mL DURAN glass bottle (screw cap),25.0,25.0,explicit_capacity_ml,,25 ml duran glass bottle (screw cap),,1,0
vessel_volume_mL,25 mL Teflon high-temperature kettle,25.0,25.0,explicit_capacity_ml,,25 ml teflon high-temperature kettle,,1,0
vessel_volume_mL,25 mL Teflon reactor,25.0,25.0,explicit_capacity_ml,,25 ml teflon reactor,,1,0
vessel_volume_mL,25 mL Teflon-lined pot,25.0,25.0,explicit_capacity_ml,,25 ml teflon-lined pot,,1,0
vessel_volume_mL,25 mL Teflon-lined steel bomb (autoclave),25.0,25.0,explicit_capacity_ml,,25 ml teflon-lined steel bomb (autoclave),,1,0
vessel_volume_mL,25 mL Teflon-lined vessel,25.0,25.0,explicit_capacity_ml,,25 ml teflon-lined vessel,,1,0
vessel_volume_mL,25 mL autoclave,25.0,25.0,explicit_capacity_ml,,25 ml autoclave,,1,0
vessel_volume_mL,25 mL glass flask with air-cooled condenser (oil bath),25.0,25.0,explicit_capacity_ml,,25 ml glass flask with air-cooled condenser (oil bath),,1,0
vessel_volume_mL,25 mL reaction vessel,25.0,25.0,explicit_capacity_ml,,25 ml reaction vessel,,1,0
vessel_volume_mL,25 mL reactor,25.0,25.0,explicit_capacity_ml,,25 ml reactor,,1,0
vessel_volume_mL,25 mL round-bottom flask,25.0,25.0,explicit_capacity_ml,,25 ml round-bottom flask,,1,0
vessel_volume_mL,25 mL screw-cap glass bottle,25.0,25.0,explicit_capacity_ml,,25 ml screw-cap glass bottle,,1,0
vessel_volume_mL,25 mL screw-capped Duran glass vial,25.0,25.0,explicit_capacity_ml,,25 ml screw-capped duran glass vial,,1,0
vessel_volume_mL,25 mL screw-capped glass vial,25.0,25.0,explicit_capacity_ml,,25 ml screw-capped glass vial,,1,0
vessel_volume_mL,25 mL sealed autoclave,25.0,25.0,explicit_capacity_ml,,25 ml sealed autoclave,,1,0
vessel_volume_mL,25 mL sealed reaction vessel,25.0,25.0,explicit_capacity_ml,,25 ml sealed reaction vessel,,1,0
vessel_volume_mL,25 mL stainless steel reactor with Teflon liner,25.0,25.0,explicit_capacity_ml,,25 ml stainless steel reactor with teflon liner,,1,0
vessel_volume_mL,25 mL stainless steel vessel,25.0,25.0,explicit_capacity_ml,,25 ml stainless steel vessel,,1,0
vessel_volume_mL,25 mL stainless-steel reaction vessel with Teflon liner,25.0,25.0,explicit_capacity_ml,,25 ml stainless-steel reaction vessel with teflon liner,,1,0
vessel_volume_mL,25 mL stainless-steel reactor with Teflon liner,25.0,25.0,explicit_capacity_ml,,25 ml stainless-steel reactor with teflon liner,,1,0
vessel_volume_mL,25 mL tube (sealed),25.0,25.0,explicit_capacity_ml,,25 ml tube (sealed),,1,0
vessel_volume_mL,25-mL Teflon-lined stainless-steel container (autoclave),25.0,25.0,explicit_capacity_ml,,25-ml teflon-lined stainless-steel container (autoclave),,1,0
vessel_volume_mL,25-mL glass ampoule (flame-sealed),25.0,25.0,explicit_capacity_ml,,25-ml glass ampoule (flame-sealed),,1,0
vessel_volume_mL,25-mL stainless-steel reactor with a Teflon liner,25.0,25.0,explicit_capacity_ml,,25-ml stainless-steel reactor with a teflon liner,,1,0
vessel_volume_mL,25.0 mL Teflon-lined autoclave,25.0,25.0,explicit_capacity_ml,,25.0 ml teflon-lined autoclave,,1,0
vessel_volume_mL,250 mL flask (oil bath),250.0,250.0,explicit_capacity_ml,,250 ml flask (oil bath),,1,0
vessel_volume_mL,250 mL glass KIMBLE bottle,250.0,250.0,explicit_capacity_ml,,250 ml glass kimble bottle,,1,0
vessel_volume_mL,250 mL glass bottle,250.0,250.0,explicit_capacity_ml,,250 ml glass bottle,,1,0
vessel_volume_mL,250 mL reaction bottle,250.0,250.0,explicit_capacity_ml,,250 ml reaction bottle,,1,0
vessel_volume_mL,250 mL vial (heated after initial mixing),250.0,250.0,explicit_capacity_ml,,250 ml vial (heated after initial mixing),,1,0
vessel_volume_mL,28-mL glass vial,28.0,28.0,explicit_capacity_ml,,28-ml glass vial,,1,0
vessel_volume_mL,3-dram scintillation vial,Ambiguous,Ambiguous,unspecified_imperial_volume,,3-dram scintillation vial,Imperial/US customary size without explicit mL equivalent; convention not assumed,1,0
vessel_volume_mL,30 L glass reaction vessel,30000.0,30000.0,explicit_capacity_ml,,30 l glass reaction vessel,Uncommon stated capacity retained; source verification recommended,1,0
vessel_volume_mL,30 L reactor (reflux),30000.0,30000.0,explicit_capacity_ml,,30 l reactor (reflux),Uncommon stated capacity retained; source verification recommended,0,1
vessel_volume_mL,30 mL Teflon vessel sealed in glass vial,Ambiguous,Ambiguous,nested_vessel_capacity,,30 ml teflon vessel sealed in glass vial,Capacity cannot be assigned to one reaction vessel in nested/sequential apparatus,1,0
vessel_volume_mL,30 mL Teflon-lined reactor,30.0,30.0,explicit_capacity_ml,,30 ml teflon-lined reactor,,1,0
vessel_volume_mL,30-mL Teflon-lined stainless steel vessel,30.0,30.0,explicit_capacity_ml,,30-ml teflon-lined stainless steel vessel,,1,0
vessel_volume_mL,30-mL glass vial,30.0,30.0,explicit_capacity_ml,,30-ml glass vial,,1,0
vessel_volume_mL,35 mL 19/22 flask with air-cooled condenser,35.0,35.0,explicit_capacity_ml,,35 ml 19/22 flask with air-cooled condenser,,1,0
vessel_volume_mL,350 mL pressure-resistant flask,350.0,350.0,explicit_capacity_ml,,350 ml pressure-resistant flask,,1,0
vessel_volume_mL,350 mL screw-capped pressure vessel (air-free),350.0,350.0,explicit_capacity_ml,,350 ml screw-capped pressure vessel (air-free),,1,0
vessel_volume_mL,4 mL borosilicate screw vial,4.0,4.0,explicit_capacity_ml,,4 ml borosilicate screw vial,,1,0
vessel_volume_mL,4 mL glass vial placed inside 20 mL vial (vapor diffusion),Ambiguous,Ambiguous,nested_vessel_capacity,,4 ml glass vial placed inside 20 ml vial (vapor diffusion),Capacity cannot be assigned to one reaction vessel in nested/sequential apparatus,1,0
vessel_volume_mL,4 mL glass vials,4.0,4.0,explicit_capacity_ml,,4 ml glass vials,,1,0
vessel_volume_mL,4 mL scintillation vial (aluminum block hot bath),4.0,4.0,explicit_capacity_ml,,4 ml scintillation vial (aluminum block hot bath),,1,0
vessel_volume_mL,4 mL scintillation vials; crystallization in 20 mL vial,Ambiguous,Ambiguous,nested_vessel_capacity,,4 ml scintillation vials; crystallization in 20 ml vial,Capacity cannot be assigned to one reaction vessel in nested/sequential apparatus,1,0
vessel_volume_mL,4-mL flask,4.0,4.0,explicit_capacity_ml,,4-ml flask,,1,0
vessel_volume_mL,40 mL Teflon-lined stainless steel autoclave,40.0,40.0,explicit_capacity_ml,,40 ml teflon-lined stainless steel autoclave,,1,0
vessel_volume_mL,40 mL capped glass vial,40.0,40.0,explicit_capacity_ml,,40 ml capped glass vial,,1,0
vessel_volume_mL,40 mL scintillation vial,40.0,40.0,explicit_capacity_ml,,40 ml scintillation vial,,1,0
vessel_volume_mL,400 mL jar,400.0,400.0,explicit_capacity_ml,,400 ml jar,,1,0
vessel_volume_mL,45 mL Teflon-lined stainless-steel Parr autoclave,45.0,45.0,explicit_capacity_ml,,45 ml teflon-lined stainless-steel parr autoclave,,1,0
vessel_volume_mL,5 L glass reactor,5000.0,5000.0,explicit_capacity_ml,,5 l glass reactor,Uncommon stated capacity retained; source verification recommended,1,0
vessel_volume_mL,5 mL Pyrex glass tube (sealed),5.0,5.0,explicit_capacity_ml,,5 ml pyrex glass tube (sealed),,1,0
vessel_volume_mL,5 mL Teflon-lined stainless steel reactor,5.0,5.0,explicit_capacity_ml,,5 ml teflon-lined stainless steel reactor,,1,0
vessel_volume_mL,5 mL glass vial (layering),5.0,5.0,explicit_capacity_ml,,5 ml glass vial (layering),,1,0
vessel_volume_mL,5 mL glass vial (microwave),5.0,5.0,explicit_capacity_ml,,5 ml glass vial (microwave),,1,0
vessel_volume_mL,5 mL microwave vial,5.0,5.0,explicit_capacity_ml,,5 ml microwave vial,,1,0
vessel_volume_mL,50 mL Schott reagent bottle,50.0,50.0,explicit_capacity_ml,,50 ml schott reagent bottle,,1,0
vessel_volume_mL,50 mL Teflon-lined stainless-steel container,50.0,50.0,explicit_capacity_ml,,50 ml teflon-lined stainless-steel container,,1,0
vessel_volume_mL,50 mL Teflon-sealed autoclave,50.0,50.0,explicit_capacity_ml,,50 ml teflon-sealed autoclave,,1,0
vessel_volume_mL,50 mL autoclave,50.0,50.0,explicit_capacity_ml,,50 ml autoclave,,1,0
vessel_volume_mL,"50 mL glass vial, Teflon-lined cap",50.0,50.0,explicit_capacity_ml,,"50 ml glass vial, teflon-lined cap",,0,1
vessel_volume_mL,50 mL reactor,50.0,50.0,explicit_capacity_ml,,50 ml reactor,,1,0
vessel_volume_mL,50 mL round-bottom flask (capped),50.0,50.0,explicit_capacity_ml,,50 ml round-bottom flask (capped),,1,0
vessel_volume_mL,50 mL three-necked bottle,50.0,50.0,explicit_capacity_ml,,50 ml three-necked bottle,,1,0
vessel_volume_mL,500 mL Schott bottles (glass),500.0,500.0,explicit_capacity_ml,,500 ml schott bottles (glass),,1,0
vessel_volume_mL,500 mL Teflon-lined autoclave,500.0,500.0,explicit_capacity_ml,,500 ml teflon-lined autoclave,,1,0
vessel_volume_mL,500 mL bottle,500.0,500.0,explicit_capacity_ml,,500 ml bottle,,1,0
vessel_volume_mL,500 mL vial,500.0,500.0,explicit_capacity_ml,,500 ml vial,,1,0
vessel_volume_mL,500-mL screw-capped glass jar,500.0,500.0,explicit_capacity_ml,,500-ml screw-capped glass jar,,1,0
vessel_volume_mL,60 mL glass reagent bottle,60.0,60.0,explicit_capacity_ml,,60 ml glass reagent bottle,,1,0
vessel_volume_mL,8 mL Teflon-lined stainless autoclave,8.0,8.0,explicit_capacity_ml,,8 ml teflon-lined stainless autoclave,,1,0
vessel_volume_mL,8 mL capped glass vessel,8.0,8.0,explicit_capacity_ml,,8 ml capped glass vessel,,1,0
vessel_volume_mL,8 mL glass vessel,8.0,8.0,explicit_capacity_ml,,8 ml glass vessel,,1,0
vessel_volume_mL,8 mL scintillation vial (sealed),8.0,8.0,explicit_capacity_ml,,8 ml scintillation vial (sealed),,1,0
vessel_volume_mL,8 mL screw-capped glass vial,8.0,8.0,explicit_capacity_ml,,8 ml screw-capped glass vial,,1,0
vessel_volume_mL,8 mL vial,8.0,8.0,explicit_capacity_ml,,8 ml vial,,1,0
vessel_volume_mL,80 mL stainless steel reactor,80.0,80.0,explicit_capacity_ml,,80 ml stainless steel reactor,,1,0
vessel_volume_mL,9 mL bottle,9.0,9.0,explicit_capacity_ml,,9 ml bottle,,1,0
vessel_volume_mL,Ace glass pressure tube,Not reported,Not reported,capacity_not_reported,,ace glass pressure tube,,1,0
vessel_volume_mL,Büchi miniclave reactor (sealed),Not reported,Not reported,capacity_not_reported,,büchi miniclave reactor (sealed),,1,0
vessel_volume_mL,Erlenmeyer (2 L) with condenser,2000.0,2000.0,explicit_capacity_ml,,erlenmeyer (2 l) with condenser,Uncommon stated capacity retained; source verification recommended,1,0
vessel_volume_mL,Erlenmeyer flask,Not reported,Not reported,capacity_not_reported,,erlenmeyer flask,,1,0
vessel_volume_mL,Glass reactor with reflux condenser (100 L),100000.0,100000.0,explicit_capacity_ml,,glass reactor with reflux condenser (100 l),Uncommon stated capacity retained; source verification recommended,1,0
vessel_volume_mL,Glass reactor with reflux condenser (5 L),5000.0,5000.0,explicit_capacity_ml,,glass reactor with reflux condenser (5 l),Uncommon stated capacity retained; source verification recommended,1,0
vessel_volume_mL,H-tube,Not reported,Not reported,capacity_not_reported,,h-tube,,1,0
vessel_volume_mL,HDPE bottle (sealed),Not reported,Not reported,capacity_not_reported,,hdpe bottle (sealed),,1,0
vessel_volume_mL,KCF-2 autoclave (3 L),3000.0,3000.0,explicit_capacity_ml,,kcf-2 autoclave (3 l),Uncommon stated capacity retained; source verification recommended,1,0
vessel_volume_mL,Monowave 50 glass vial,Not reported,Not reported,capacity_not_reported,,monowave 50 glass vial,,1,0
vessel_volume_mL,Nalgene PE bottle,Not reported,Not reported,capacity_not_reported,,nalgene pe bottle,,1,0
vessel_volume_mL,PEEK screw-cap insert inside 7 mm MAS rotor (zirconia),Not reported,Not reported,capacity_not_reported,,peek screw-cap insert inside 7 mm mas rotor (zirconia),,1,0
vessel_volume_mL,PTFE insert (50 mL) in Berghof pressure digestion vessel,50.0,50.0,explicit_capacity_ml,,ptfe insert (50 ml) in berghof pressure digestion vessel,,1,0
vessel_volume_mL,PTFE-lined Parr acid digestion vessel (Teflon-lined autoclave),Not reported,Not reported,capacity_not_reported,,ptfe-lined parr acid digestion vessel (teflon-lined autoclave),,1,0
vessel_volume_mL,PTFE-lined autoclave (23 mL),23.0,23.0,explicit_capacity_ml,,ptfe-lined autoclave (23 ml),,1,0
vessel_volume_mL,PTFE-lined stainless steel autoclave (8 cm3),8.0,8.0,explicit_capacity_ml,,ptfe-lined stainless steel autoclave (8 cm3),,1,0
vessel_volume_mL,"PTFE-lined stainless steel autoclave (Parr), 23 mL",23.0,23.0,explicit_capacity_ml,,"ptfe-lined stainless steel autoclave (parr), 23 ml",,1,0
vessel_volume_mL,PTFE-lined stainless steel reaction vessel (15 mL),15.0,15.0,explicit_capacity_ml,,ptfe-lined stainless steel reaction vessel (15 ml),,1,0
vessel_volume_mL,PTFE-lined stainless steel reactor,Not reported,Not reported,capacity_not_reported,,ptfe-lined stainless steel reactor,,1,0
vessel_volume_mL,PTFE-lined steel autoclave (37 mL; reaction volume 20 mL),37.0,37.0,explicit_capacity_ml,,ptfe-lined steel autoclave (37 ml; reaction volume 20 ml),,1,0
vessel_volume_mL,Parr 23 mL pressure vessel with Teflon liner,23.0,23.0,explicit_capacity_ml,,parr 23 ml pressure vessel with teflon liner,,1,0
vessel_volume_mL,Parr Teflon-lined acid digestion bomb (23 mL),23.0,23.0,explicit_capacity_ml,,parr teflon-lined acid digestion bomb (23 ml),,0,1
vessel_volume_mL,Parr Teflon-lined stainless steel autoclave (23 mL),23.0,23.0,explicit_capacity_ml,,parr teflon-lined stainless steel autoclave (23 ml),,1,0
vessel_volume_mL,Parr Teflon-lined stainless steel autoclave (25 cm3),25.0,25.0,explicit_capacity_ml,,parr teflon-lined stainless steel autoclave (25 cm3),,1,0
vessel_volume_mL,Parr Teflon-lined stainless steel reactor (25 mL),25.0,25.0,explicit_capacity_ml,,parr teflon-lined stainless steel reactor (25 ml),,1,0
vessel_volume_mL,Parr Teflon-lined stainless steel vessel (23 cm3),23.0,23.0,explicit_capacity_ml,,parr teflon-lined stainless steel vessel (23 cm3),,1,0
vessel_volume_mL,"Parr Teflon-lined stainless steel vessel (25 mL), autogenous pressure",25.0,25.0,explicit_capacity_ml,,"parr teflon-lined stainless steel vessel (25 ml), autogenous pressure",,1,0
vessel_volume_mL,Parr Teflon-lined stainless steel vessel (autoclave),Not reported,Not reported,capacity_not_reported,,parr teflon-lined stainless steel vessel (autoclave),,1,0
vessel_volume_mL,Parr Teflon-lined stainless-steel autoclave (23 mL),23.0,23.0,explicit_capacity_ml,,parr teflon-lined stainless-steel autoclave (23 ml),,1,0
vessel_volume_mL,Parr Teflon-lined stainless-steel reactor (25 mL),25.0,25.0,explicit_capacity_ml,,parr teflon-lined stainless-steel reactor (25 ml),,1,0
vessel_volume_mL,"Parr bomb, Teflon-lined autoclave (23 mL)",23.0,23.0,explicit_capacity_ml,,"parr bomb, teflon-lined autoclave (23 ml)",,1,0
vessel_volume_mL,Parr reaction vessel (Teflon vial),Not reported,Not reported,capacity_not_reported,,parr reaction vessel (teflon vial),,0,1
vessel_volume_mL,"Parr-type autoclave, 23 mL",23.0,23.0,explicit_capacity_ml,,"parr-type autoclave, 23 ml",,1,0
vessel_volume_mL,Pyrex glass bottle,Not reported,Not reported,capacity_not_reported,,pyrex glass bottle,,1,0
vessel_volume_mL,Pyrex glass vial,Not reported,Not reported,capacity_not_reported,,pyrex glass vial,,1,0
vessel_volume_mL,"Pyrex tube (10 mm OD, 8 mm ID, 150 mm length)",Not reported,Not reported,capacity_not_reported,,"pyrex tube (10 mm od, 8 mm id, 150 mm length)",,1,0
vessel_volume_mL,Pyrex tube (2 mL),2.0,2.0,explicit_capacity_ml,,pyrex tube (2 ml),,1,0
vessel_volume_mL,Pyrex tube (flame-sealed; degassed by three freeze–pump–thaw cycles),Not reported,Not reported,capacity_not_reported,,pyrex tube (flame-sealed; degassed by three freeze-pump-thaw cycles),,1,0
vessel_volume_mL,Pyrex-glass reactor with screw cap,Not reported,Not reported,capacity_not_reported,,pyrex-glass reactor with screw cap,,1,0
vessel_volume_mL,Schott Duran glass reactor in aluminium autoclave,Not reported,Not reported,capacity_not_reported,,schott duran glass reactor in aluminium autoclave,,1,0
vessel_volume_mL,Schott bottle (closed),Not reported,Not reported,capacity_not_reported,,schott bottle (closed),,1,0
vessel_volume_mL,Schott bottle (unconfined growth),Not reported,Not reported,capacity_not_reported,,schott bottle (unconfined growth),,1,0
vessel_volume_mL,Sigmacote-treated 500 mL Schott bottle,500.0,500.0,explicit_capacity_ml,,sigmacote-treated 500 ml schott bottle,,1,0
vessel_volume_mL,Teflon autoclave (60 mL),60.0,60.0,explicit_capacity_ml,,teflon autoclave (60 ml),,1,0
vessel_volume_mL,Teflon autoclave liner,Not reported,Not reported,capacity_not_reported,,teflon autoclave liner,,1,0
vessel_volume_mL,Teflon beaker for gel prep; glass test tube for gel diffusion,Ambiguous,Ambiguous,nested_vessel_capacity,,teflon beaker for gel prep; glass test tube for gel diffusion,Capacity cannot be assigned to one reaction vessel in nested/sequential apparatus,1,0
vessel_volume_mL,Teflon container (5 L),5000.0,5000.0,explicit_capacity_ml,,teflon container (5 l),Uncommon stated capacity retained; source verification recommended,1,0
vessel_volume_mL,Teflon cup,Not reported,Not reported,capacity_not_reported,,teflon cup,,1,0
vessel_volume_mL,Teflon high pressure autoclave,Not reported,Not reported,capacity_not_reported,,teflon high pressure autoclave,,1,0
vessel_volume_mL,"Teflon insert, steel multiclave",Not reported,Not reported,capacity_not_reported,,"teflon insert, steel multiclave",,1,0
vessel_volume_mL,Teflon lined autoclave,Not reported,Not reported,capacity_not_reported,,teflon lined autoclave,,1,0
vessel_volume_mL,Teflon lined pressure vessel (autoclave),Not reported,Not reported,capacity_not_reported,,teflon lined pressure vessel (autoclave),,1,0
vessel_volume_mL,Teflon liner,Not reported,Not reported,capacity_not_reported,,teflon liner,,1,0
vessel_volume_mL,Teflon liner in stainless steel autoclave,Not reported,Not reported,capacity_not_reported,,teflon liner in stainless steel autoclave,,1,0
vessel_volume_mL,"Teflon reactor (15 mL), autogenous pressure",15.0,15.0,explicit_capacity_ml,,"teflon reactor (15 ml), autogenous pressure",,1,0
vessel_volume_mL,Teflon reactor (HT setup),Not reported,Not reported,capacity_not_reported,,teflon reactor (ht setup),,1,0
vessel_volume_mL,Teflon reactor in high-throughput steel autoclave,Not reported,Not reported,capacity_not_reported,,teflon reactor in high-throughput steel autoclave,,1,0
vessel_volume_mL,"Teflon reactor, 25 mL",25.0,25.0,explicit_capacity_ml,,"teflon reactor, 25 ml",,1,0
vessel_volume_mL,Teflon screw-top pressure tube (15 mL),15.0,15.0,explicit_capacity_ml,,teflon screw-top pressure tube (15 ml),,0,1
vessel_volume_mL,Teflon vessel (25 mL),25.0,25.0,explicit_capacity_ml,,teflon vessel (25 ml),,1,0
vessel_volume_mL,Teflon vessel (50 mL) in autoclave,Ambiguous,Ambiguous,nested_vessel_capacity,,teflon vessel (50 ml) in autoclave,Capacity cannot be assigned to one reaction vessel in nested/sequential apparatus,1,0
vessel_volume_mL,Teflon vessel in digestion bomb (hydrothermal),Not reported,Not reported,capacity_not_reported,,teflon vessel in digestion bomb (hydrothermal),,1,0
vessel_volume_mL,Teflon vial (15 mL),15.0,15.0,explicit_capacity_ml,,teflon vial (15 ml),,1,0
vessel_volume_mL,Teflon vial (25 mL),25.0,25.0,explicit_capacity_ml,,teflon vial (25 ml),,1,0
vessel_volume_mL,Teflon vial in autoclave,Ambiguous,Ambiguous,nested_vessel_capacity,,teflon vial in autoclave,Capacity cannot be assigned to one reaction vessel in nested/sequential apparatus,1,0
vessel_volume_mL,Teflon vial sealed in stainless steel autoclave,Ambiguous,Ambiguous,nested_vessel_capacity,,teflon vial sealed in stainless steel autoclave,Capacity cannot be assigned to one reaction vessel in nested/sequential apparatus,1,0
vessel_volume_mL,Teflon-capped autoclave,Not reported,Not reported,capacity_not_reported,,teflon-capped autoclave,,1,0
vessel_volume_mL,Teflon-capped glass jar (120 mL),120.0,120.0,explicit_capacity_ml,,teflon-capped glass jar (120 ml),,1,0
vessel_volume_mL,Teflon-capped microwave reactor (MicroSYNTH),Not reported,Not reported,capacity_not_reported,,teflon-capped microwave reactor (microsynth),,0,1
vessel_volume_mL,Teflon-capped vial,Not reported,Not reported,capacity_not_reported,,teflon-capped vial,,1,0
vessel_volume_mL,Teflon-capped vial (25 mL),25.0,25.0,explicit_capacity_ml,,teflon-capped vial (25 ml),,1,0
vessel_volume_mL,"Teflon-coated stainless-steel autoclave, 25 mL",25.0,25.0,explicit_capacity_ml,,"teflon-coated stainless-steel autoclave, 25 ml",,1,0
vessel_volume_mL,Teflon-lined 12 mL stainless steel autoclave,12.0,12.0,explicit_capacity_ml,,teflon-lined 12 ml stainless steel autoclave,,1,0
vessel_volume_mL,Teflon-lined 23 mL autoclave,23.0,23.0,explicit_capacity_ml,,teflon-lined 23 ml autoclave,,1,0
vessel_volume_mL,Teflon-lined 23 mL stainless steel autoclave,23.0,23.0,explicit_capacity_ml,,teflon-lined 23 ml stainless steel autoclave,,1,0
vessel_volume_mL,Teflon-lined 23-mL Parr stainless steel autoclave,23.0,23.0,explicit_capacity_ml,,teflon-lined 23-ml parr stainless steel autoclave,,1,0
vessel_volume_mL,Teflon-lined 40 mL Parr pressure vessel,40.0,40.0,explicit_capacity_ml,,teflon-lined 40 ml parr pressure vessel,,1,0
vessel_volume_mL,Teflon-lined Parr acid digestion autoclave (23 mL),23.0,23.0,explicit_capacity_ml,,teflon-lined parr acid digestion autoclave (23 ml),,1,0
vessel_volume_mL,Teflon-lined Parr acid digestion bomb (25 mL),25.0,25.0,explicit_capacity_ml,,teflon-lined parr acid digestion bomb (25 ml),,1,0
vessel_volume_mL,"Teflon-lined acid digestion bomb (Parr, 23 mL)",23.0,23.0,explicit_capacity_ml,,"teflon-lined acid digestion bomb (parr, 23 ml)",,1,0
vessel_volume_mL,"Teflon-lined acid digestion bomb (PerkinElmer, 110 mL)",110.0,110.0,explicit_capacity_ml,,"teflon-lined acid digestion bomb (perkinelmer, 110 ml)",,1,0
vessel_volume_mL,Teflon-lined acid-digestion bomb,Not reported,Not reported,capacity_not_reported,,teflon-lined acid-digestion bomb,,1,0
vessel_volume_mL,Teflon-lined autoclave (100 mL PTFE),100.0,100.0,explicit_capacity_ml,,teflon-lined autoclave (100 ml ptfe),,1,0
vessel_volume_mL,Teflon-lined autoclave (120 mL),120.0,120.0,explicit_capacity_ml,,teflon-lined autoclave (120 ml),,1,0
vessel_volume_mL,Teflon-lined autoclave (14 mL),14.0,14.0,explicit_capacity_ml,,teflon-lined autoclave (14 ml),,1,0
vessel_volume_mL,Teflon-lined autoclave (2 × 250 mL),250.0,250.0,explicit_capacity_ml,,teflon-lined autoclave (2 x 250 ml),,1,0
vessel_volume_mL,Teflon-lined autoclave (20 mL Teflon liner),20.0,20.0,explicit_capacity_ml,,teflon-lined autoclave (20 ml teflon liner),,1,0
vessel_volume_mL,Teflon-lined autoclave (20 mL acid digestion bomb),20.0,20.0,explicit_capacity_ml,,teflon-lined autoclave (20 ml acid digestion bomb),,1,0
vessel_volume_mL,Teflon-lined autoclave (20 mL liner),20.0,20.0,explicit_capacity_ml,,teflon-lined autoclave (20 ml liner),,1,0
vessel_volume_mL,Teflon-lined autoclave (23 mL Teflon liner),23.0,23.0,explicit_capacity_ml,,teflon-lined autoclave (23 ml teflon liner),,1,0
vessel_volume_mL,Teflon-lined autoclave (23 mL acid digestion bomb),23.0,23.0,explicit_capacity_ml,,teflon-lined autoclave (23 ml acid digestion bomb),,1,0
vessel_volume_mL,Teflon-lined autoclave (23 mL stainless steel container),23.0,23.0,explicit_capacity_ml,,teflon-lined autoclave (23 ml stainless steel container),,1,0
vessel_volume_mL,Teflon-lined autoclave (23 mL stainless steel reactor),23.0,23.0,explicit_capacity_ml,,teflon-lined autoclave (23 ml stainless steel reactor),,1,0
vessel_volume_mL,Teflon-lined autoclave (23 mL stainless-steel reactor),23.0,23.0,explicit_capacity_ml,,teflon-lined autoclave (23 ml stainless-steel reactor),,1,0
vessel_volume_mL,Teflon-lined autoclave (23 mL steel bomb),23.0,23.0,explicit_capacity_ml,,teflon-lined autoclave (23 ml steel bomb),,1,0
vessel_volume_mL,Teflon-lined autoclave (23 mL) in Parr bomb,23.0,23.0,explicit_capacity_ml,,teflon-lined autoclave (23 ml) in parr bomb,,1,0
vessel_volume_mL,Teflon-lined autoclave (23.0 mL),23.0,23.0,explicit_capacity_ml,,teflon-lined autoclave (23.0 ml),,1,0
vessel_volume_mL,Teflon-lined autoclave (25 mL Teflon reaction kettle),25.0,25.0,explicit_capacity_ml,,teflon-lined autoclave (25 ml teflon reaction kettle),,1,0
vessel_volume_mL,Teflon-lined autoclave (30 mL stainless steel reactor),30.0,30.0,explicit_capacity_ml,,teflon-lined autoclave (30 ml stainless steel reactor),,1,0
vessel_volume_mL,Teflon-lined autoclave (40 mL Teflon liner),40.0,40.0,explicit_capacity_ml,,teflon-lined autoclave (40 ml teflon liner),,1,0
vessel_volume_mL,Teflon-lined autoclave (40 mL liner),40.0,40.0,explicit_capacity_ml,,teflon-lined autoclave (40 ml liner),,1,0
vessel_volume_mL,Teflon-lined autoclave (45 mL stainless-steel reactor),45.0,45.0,explicit_capacity_ml,,teflon-lined autoclave (45 ml stainless-steel reactor),,1,0
vessel_volume_mL,"Teflon-lined autoclave (45 mL, Parr 4714)",45.0,45.0,explicit_capacity_ml,,"teflon-lined autoclave (45 ml, parr 4714)",,1,0
vessel_volume_mL,Teflon-lined autoclave (50 mL in steel autoclave),50.0,50.0,explicit_capacity_ml,,teflon-lined autoclave (50 ml in steel autoclave),,1,0
vessel_volume_mL,Teflon-lined autoclave (7 mL),7.0,7.0,explicit_capacity_ml,,teflon-lined autoclave (7 ml),,1,0
vessel_volume_mL,Teflon-lined autoclave (75 mL),75.0,75.0,explicit_capacity_ml,,teflon-lined autoclave (75 ml),,1,0
vessel_volume_mL,Teflon-lined autoclave (80 mL) with 25×40 mm vial inside; NaOH solution (2 mL H2O + 2 mL EtOH) at bottom when used,Ambiguous,Ambiguous,nested_vessel_capacity,,teflon-lined autoclave (80 ml) with 25 x 40 mm vial inside; naoh solution (2 ml h2o + 2 ml etoh) at bottom when used,Capacity cannot be assigned to one reaction vessel in nested/sequential apparatus,1,0
vessel_volume_mL,Teflon-lined autoclave (PTFE insert),Not reported,Not reported,capacity_not_reported,,teflon-lined autoclave (ptfe insert),,1,0
vessel_volume_mL,Teflon-lined autoclave (PTFE liner in stainless steel),Not reported,Not reported,capacity_not_reported,,teflon-lined autoclave (ptfe liner in stainless steel),,1,0
vessel_volume_mL,Teflon-lined autoclave (Parr 200 mL bomb),200.0,200.0,explicit_capacity_ml,,teflon-lined autoclave (parr 200 ml bomb),,1,0
vessel_volume_mL,"Teflon-lined autoclave (Parr bomb), 40 mL",40.0,40.0,explicit_capacity_ml,,"teflon-lined autoclave (parr bomb), 40 ml",,1,0
vessel_volume_mL,"Teflon-lined autoclave (Parr, 50 mL)",50.0,50.0,explicit_capacity_ml,,"teflon-lined autoclave (parr, 50 ml)",,1,0
vessel_volume_mL,Teflon-lined autoclave (acid digestion bomb),Not reported,Not reported,capacity_not_reported,,teflon-lined autoclave (acid digestion bomb),,1,0
vessel_volume_mL,"Teflon-lined autoclave (digestion bomb, 23 mL)",23.0,23.0,explicit_capacity_ml,,"teflon-lined autoclave (digestion bomb, 23 ml)",,1,0
vessel_volume_mL,Teflon-lined autoclave (dry-gel; solvent reduced to 4.0 g),Not reported,Not reported,capacity_not_reported,,teflon-lined autoclave (dry-gel; solvent reduced to 4.0 g),,1,0
vessel_volume_mL,Teflon-lined autoclave (glass vial inside),Ambiguous,Ambiguous,nested_vessel_capacity,,teflon-lined autoclave (glass vial inside),Capacity cannot be assigned to one reaction vessel in nested/sequential apparatus,1,0
vessel_volume_mL,Teflon-lined autoclave (sealed Teflon jar),Not reported,Not reported,capacity_not_reported,,teflon-lined autoclave (sealed teflon jar),,1,0
vessel_volume_mL,Teflon-lined autoclave (stainless steel),Not reported,Not reported,capacity_not_reported,,teflon-lined autoclave (stainless steel),,1,0
vessel_volume_mL,Teflon-lined autoclave (steel Parr),Not reported,Not reported,capacity_not_reported,,teflon-lined autoclave (steel parr),,1,0
vessel_volume_mL,Teflon-lined autoclave bomb,Not reported,Not reported,capacity_not_reported,,teflon-lined autoclave bomb,,1,0
vessel_volume_mL,"Teflon-lined autoclave, 50 mL",50.0,50.0,explicit_capacity_ml,,"teflon-lined autoclave, 50 ml",,1,0
vessel_volume_mL,"Teflon-lined bomb (45 mL, Parr)",45.0,45.0,explicit_capacity_ml,,"teflon-lined bomb (45 ml, parr)",,0,1
vessel_volume_mL,Teflon-lined hydrothermal autoclave,Not reported,Not reported,capacity_not_reported,,teflon-lined hydrothermal autoclave,,1,0
vessel_volume_mL,Teflon-lined hydrothermal autoclave reactor (seeded via seeds adhered to vessel),Not reported,Not reported,capacity_not_reported,,teflon-lined hydrothermal autoclave reactor (seeded via seeds adhered to vessel),,1,0
vessel_volume_mL,Teflon-lined reactor (20 mL),20.0,20.0,explicit_capacity_ml,,teflon-lined reactor (20 ml),,1,0
vessel_volume_mL,Teflon-lined sealed solvothermal vessel,Not reported,Not reported,capacity_not_reported,,teflon-lined sealed solvothermal vessel,,1,0
vessel_volume_mL,Teflon-lined sealed tube (25 mL),25.0,25.0,explicit_capacity_ml,,teflon-lined sealed tube (25 ml),,1,0
vessel_volume_mL,Teflon-lined stainless autoclave (100 mL),100.0,100.0,explicit_capacity_ml,,teflon-lined stainless autoclave (100 ml),,1,0
vessel_volume_mL,Teflon-lined stainless autoclave (15 mL),15.0,15.0,explicit_capacity_ml,,teflon-lined stainless autoclave (15 ml),,1,0
vessel_volume_mL,Teflon-lined stainless steel Parr acid digestion bomb,Not reported,Not reported,capacity_not_reported,,teflon-lined stainless steel parr acid digestion bomb,,1,0
vessel_volume_mL,Teflon-lined stainless steel Parr autoclave (23 mL),23.0,23.0,explicit_capacity_ml,,teflon-lined stainless steel parr autoclave (23 ml),,1,0
vessel_volume_mL,Teflon-lined stainless steel Parr bomb (25 mL),25.0,25.0,explicit_capacity_ml,,teflon-lined stainless steel parr bomb (25 ml),,1,0
vessel_volume_mL,Teflon-lined stainless steel autoclave (25 cm3),25.0,25.0,explicit_capacity_ml,,teflon-lined stainless steel autoclave (25 cm3),,1,0
vessel_volume_mL,"Teflon-lined stainless steel autoclave (Parr), 15 mL",15.0,15.0,explicit_capacity_ml,,"teflon-lined stainless steel autoclave (parr), 15 ml",,1,0
vessel_volume_mL,"Teflon-lined stainless steel autoclave (Parr, 15 mL)",15.0,15.0,explicit_capacity_ml,,"teflon-lined stainless steel autoclave (parr, 15 ml)",,1,0
vessel_volume_mL,"Teflon-lined stainless steel container (23 mL), sealed",23.0,23.0,explicit_capacity_ml,,"teflon-lined stainless steel container (23 ml), sealed",,1,0
vessel_volume_mL,Teflon-lined stainless steel hydrothermal reactor,Not reported,Not reported,capacity_not_reported,,teflon-lined stainless steel hydrothermal reactor,,1,0
vessel_volume_mL,Teflon-lined stainless steel reactor (16 mL),16.0,16.0,explicit_capacity_ml,,teflon-lined stainless steel reactor (16 ml),,1,0
vessel_volume_mL,Teflon-lined stainless steel vessel (23.0 mL),23.0,23.0,explicit_capacity_ml,,teflon-lined stainless steel vessel (23.0 ml),,1,0
vessel_volume_mL,"Teflon-lined stainless steel vessel, 25 mL",25.0,25.0,explicit_capacity_ml,,"teflon-lined stainless steel vessel, 25 ml",,1,0
vessel_volume_mL,Teflon-lined stainless-steel Parr acid digestion bomb,Not reported,Not reported,capacity_not_reported,,teflon-lined stainless-steel parr acid digestion bomb,,1,0
vessel_volume_mL,Teflon-lined stainless-steel Parr bomb,Not reported,Not reported,capacity_not_reported,,teflon-lined stainless-steel parr bomb,,1,0
vessel_volume_mL,Teflon-lined stainless-steel Parr bomb (25 mL),25.0,25.0,explicit_capacity_ml,,teflon-lined stainless-steel parr bomb (25 ml),,1,0
vessel_volume_mL,Teflon-lined stainless-steel autoclave (200 mL),200.0,200.0,explicit_capacity_ml,,teflon-lined stainless-steel autoclave (200 ml),,1,0
vessel_volume_mL,Teflon-lined stainless-steel autoclave (30 mL),30.0,30.0,explicit_capacity_ml,,teflon-lined stainless-steel autoclave (30 ml),,1,0
vessel_volume_mL,Teflon-lined stainless-steel autoclave (4 mL),4.0,4.0,explicit_capacity_ml,,teflon-lined stainless-steel autoclave (4 ml),,1,0
vessel_volume_mL,Teflon-lined stainless-steel autoclave (50 mL),50.0,50.0,explicit_capacity_ml,,teflon-lined stainless-steel autoclave (50 ml),,1,0
vessel_volume_mL,Teflon-lined stainless-steel bomb,Not reported,Not reported,capacity_not_reported,,teflon-lined stainless-steel bomb,,1,0
vessel_volume_mL,Teflon-lined stainless-steel container,Not reported,Not reported,capacity_not_reported,,teflon-lined stainless-steel container,,1,0
vessel_volume_mL,Teflon-lined stainless-steel container (50 mL),50.0,50.0,explicit_capacity_ml,,teflon-lined stainless-steel container (50 ml),,1,0
vessel_volume_mL,Teflon-lined stainless-steel reactor,Not reported,Not reported,capacity_not_reported,,teflon-lined stainless-steel reactor,,1,0
vessel_volume_mL,Teflon-lined stainless-steel reactor (25 mL),25.0,25.0,explicit_capacity_ml,,teflon-lined stainless-steel reactor (25 ml),,1,0
vessel_volume_mL,Teflon-lined stainless-steel vessel (45 mL),45.0,45.0,explicit_capacity_ml,,teflon-lined stainless-steel vessel (45 ml),,1,0
vessel_volume_mL,"Teflon-lined stainless-steel vessel (autoclave), 30 mL",30.0,30.0,explicit_capacity_ml,,"teflon-lined stainless-steel vessel (autoclave), 30 ml",,1,0
vessel_volume_mL,Teflon-lined steel Parr autoclave,Not reported,Not reported,capacity_not_reported,,teflon-lined steel parr autoclave,,1,0
vessel_volume_mL,Teflon-lined steel autoclave (23 mL),23.0,23.0,explicit_capacity_ml,,teflon-lined steel autoclave (23 ml),,1,0
vessel_volume_mL,"Teflon-lined steel autoclave, 15 mL (PARR)",15.0,15.0,explicit_capacity_ml,,"teflon-lined steel autoclave, 15 ml (parr)",,1,0
vessel_volume_mL,"Teflon-lined steel autoclave, 24 mL",24.0,24.0,explicit_capacity_ml,,"teflon-lined steel autoclave, 24 ml",,1,0
vessel_volume_mL,"Teflon-lined steel autoclave, 50 mL",50.0,50.0,explicit_capacity_ml,,"teflon-lined steel autoclave, 50 ml",,1,0
vessel_volume_mL,"Teflon-lined vessel (23 mL), vacuum-packed",23.0,23.0,explicit_capacity_ml,,"teflon-lined vessel (23 ml), vacuum-packed",,1,0
vessel_volume_mL,Teflon-sealed reaction vial (placed in oven),Not reported,Not reported,capacity_not_reported,,teflon-sealed reaction vial (placed in oven),,1,0
vessel_volume_mL,Ten 8 mL glass vials; isothermal oven,8.0,8.0,explicit_capacity_ml,,ten 8 ml glass vials; isothermal oven,,1,0
vessel_volume_mL,acid-digestion bomb,Not reported,Not reported,capacity_not_reported,,acid-digestion bomb,,1,0
vessel_volume_mL,air oven,Not reported,Not reported,no_identified_vessel,,air oven,"Description specifies equipment/operation, not an identifiable reaction vessel",1,0
vessel_volume_mL,airtight glass vial,Not reported,Not reported,capacity_not_reported,,airtight glass vial,,1,0
vessel_volume_mL,ampule,Not reported,Not reported,capacity_not_reported,,ampule,,1,0
vessel_volume_mL,autoclavable glass container,Not reported,Not reported,capacity_not_reported,,autoclavable glass container,,1,0
vessel_volume_mL,autoclave (200 mL),200.0,200.0,explicit_capacity_ml,,autoclave (200 ml),,1,0
vessel_volume_mL,autoclave (50 mL),50.0,50.0,explicit_capacity_ml,,autoclave (50 ml),,1,0
vessel_volume_mL,autoclave (Pyrex bottle),Not reported,Not reported,capacity_not_reported,,autoclave (pyrex bottle),,1,0
vessel_volume_mL,autoclave (glass insert),Not reported,Not reported,capacity_not_reported,,autoclave (glass insert),,1,0
vessel_volume_mL,"borosilicate glass tube, flame-sealed (hydrothermal)",Not reported,Not reported,capacity_not_reported,,"borosilicate glass tube, flame-sealed (hydrothermal)",,1,0
vessel_volume_mL,"borosilicate glass vial (5 mL), sealed screw cap",5.0,5.0,explicit_capacity_ml,,"borosilicate glass vial (5 ml), sealed screw cap",,1,0
vessel_volume_mL,borosilicate vial (20 mm diameter),Not reported,Not reported,capacity_not_reported,,borosilicate vial (20 mm diameter),,1,0
vessel_volume_mL,bottle with screw cap (8.00 mL),8.0,8.0,explicit_capacity_ml,,bottle with screw cap (8.00 ml),,1,0
vessel_volume_mL,branch tube,Not reported,Not reported,capacity_not_reported,,branch tube,,1,0
vessel_volume_mL,branched tube (thermal gradient method),Not reported,Not reported,capacity_not_reported,,branched tube (thermal gradient method),,1,0
vessel_volume_mL,capped conical flask in preheated oven (closed glass vessel),Not reported,Not reported,capacity_not_reported,,capped conical flask in preheated oven (closed glass vessel),,1,0
vessel_volume_mL,capped glass scintillation vial,Not reported,Not reported,capacity_not_reported,,capped glass scintillation vial,,1,0
vessel_volume_mL,capped scintillation vial,Not reported,Not reported,capacity_not_reported,,capped scintillation vial,,1,0
vessel_volume_mL,clean tube (25 mL),25.0,25.0,explicit_capacity_ml,,clean tube (25 ml),,1,0
vessel_volume_mL,closed 1 L reactor,1000.0,1000.0,explicit_capacity_ml,,closed 1 l reactor,Uncommon stated capacity retained; source verification recommended,1,0
vessel_volume_mL,closed 1.5 mL glass vial,1.5,1.5,explicit_capacity_ml,,closed 1.5 ml glass vial,,1,0
vessel_volume_mL,closed bottle,Not reported,Not reported,capacity_not_reported,,closed bottle,,1,0
vessel_volume_mL,closed glass tube,Not reported,Not reported,capacity_not_reported,,closed glass tube,,1,0
vessel_volume_mL,closed glass vessel,Not reported,Not reported,capacity_not_reported,,closed glass vessel,,1,0
vessel_volume_mL,closed polypropylene bottle,Not reported,Not reported,capacity_not_reported,,closed polypropylene bottle,,1,0
vessel_volume_mL,closed vessel reactor (400 mL),400.0,400.0,explicit_capacity_ml,,closed vessel reactor (400 ml),,1,0
vessel_volume_mL,closed vial,Not reported,Not reported,capacity_not_reported,,closed vial,,1,0
vessel_volume_mL,closed-capped bottle (20 mL),20.0,20.0,explicit_capacity_ml,,closed-capped bottle (20 ml),,1,0
vessel_volume_mL,conical flask (covered with watch glass),Not reported,Not reported,capacity_not_reported,,conical flask (covered with watch glass),,1,0
vessel_volume_mL,conical flask with lid,Not reported,Not reported,capacity_not_reported,,conical flask with lid,,1,0
vessel_volume_mL,crimp cap vial,Not reported,Not reported,capacity_not_reported,,crimp cap vial,,1,0
vessel_volume_mL,crucible,Not reported,Not reported,capacity_not_reported,,crucible,,1,0
vessel_volume_mL,"crystal tube (20 cm long), sealed",Not reported,Not reported,capacity_not_reported,,"crystal tube (20 cm long), sealed",,1,0
vessel_volume_mL,crystal tube (layering),Not reported,Not reported,capacity_not_reported,,crystal tube (layering),,1,0
vessel_volume_mL,digestion bomb (60 mL),60.0,60.0,explicit_capacity_ml,,digestion bomb (60 ml),,1,0
vessel_volume_mL,disposable scintillation vial,Not reported,Not reported,capacity_not_reported,,disposable scintillation vial,,1,0
vessel_volume_mL,flame-sealed Pyrex tube (evacuated to 15 mtorr),Not reported,Not reported,capacity_not_reported,,flame-sealed pyrex tube (evacuated to 15 mtorr),,1,0
vessel_volume_mL,flame-sealed borosilicate glass tube (oil bath),Not reported,Not reported,capacity_not_reported,,flame-sealed borosilicate glass tube (oil bath),,1,0
vessel_volume_mL,flame-sealed borosilicate glass tubes,Not reported,Not reported,capacity_not_reported,,flame-sealed borosilicate glass tubes,,1,0
vessel_volume_mL,flame-sealed glass tube,Not reported,Not reported,capacity_not_reported,,flame-sealed glass tube,,1,0
vessel_volume_mL,flat-bottom flask,Not reported,Not reported,capacity_not_reported,,flat-bottom flask,,1,0
vessel_volume_mL,fused silica capillary reactor,Not reported,Not reported,capacity_not_reported,,fused silica capillary reactor,,1,0
vessel_volume_mL,glass 2-dram vial,Ambiguous,Ambiguous,unspecified_imperial_volume,,glass 2-dram vial,Imperial/US customary size without explicit mL equivalent; convention not assumed,1,0
vessel_volume_mL,glass Schott bottle (250 mL),250.0,250.0,explicit_capacity_ml,,glass schott bottle (250 ml),,1,0
vessel_volume_mL,glass beaker (250 mL),250.0,250.0,explicit_capacity_ml,,glass beaker (250 ml),,1,0
vessel_volume_mL,glass bottle (25 mL),25.0,25.0,explicit_capacity_ml,,glass bottle (25 ml),,1,0
vessel_volume_mL,"glass bottle (Schott Duran, 100 mL, PBT cap with PTFE seal)",100.0,100.0,explicit_capacity_ml,,"glass bottle (schott duran, 100 ml, pbt cap with ptfe seal)",,1,0
vessel_volume_mL,glass bottle (screw-cap),Not reported,Not reported,capacity_not_reported,,glass bottle (screw-cap),,1,0
vessel_volume_mL,"glass bottle, 30 mL",30.0,30.0,explicit_capacity_ml,,"glass bottle, 30 ml",,1,0
vessel_volume_mL,glass container (sealed with Parafilm),Not reported,Not reported,capacity_not_reported,,glass container (sealed with parafilm),,1,0
vessel_volume_mL,glass container tightly capped with a Teflon vial,Not reported,Not reported,capacity_not_reported,,glass container tightly capped with a teflon vial,,1,0
vessel_volume_mL,glass culture dish (6 cm diameter),Not reported,Not reported,capacity_not_reported,,glass culture dish (6 cm diameter),,1,0
vessel_volume_mL,glass diffusion reactor (short path),Not reported,Not reported,capacity_not_reported,,glass diffusion reactor (short path),,1,0
vessel_volume_mL,glass jar (100 mL),100.0,100.0,explicit_capacity_ml,,glass jar (100 ml),,1,0
vessel_volume_mL,"glass jar (250 mL), capped",250.0,250.0,explicit_capacity_ml,,"glass jar (250 ml), capped",,1,0
vessel_volume_mL,glass jar with Teflon-lined screw cap,Not reported,Not reported,capacity_not_reported,,glass jar with teflon-lined screw cap,,1,0
vessel_volume_mL,glass liner in Parr 4584 HT (5.5 L) autoclave,5500.0,5500.0,explicit_capacity_ml,,glass liner in parr 4584 ht (5.5 l) autoclave,Uncommon stated capacity retained; source verification recommended,1,0
vessel_volume_mL,glass liner in Parr 4760 (160 mL) autoclave,160.0,160.0,explicit_capacity_ml,,glass liner in parr 4760 (160 ml) autoclave,,1,0
vessel_volume_mL,glass microwave vial (30 mL),30.0,30.0,explicit_capacity_ml,,glass microwave vial (30 ml),,1,0
vessel_volume_mL,glass reaction flask (10 mL),10.0,10.0,explicit_capacity_ml,,glass reaction flask (10 ml),,1,0
vessel_volume_mL,glass reactor (25 mL),25.0,25.0,explicit_capacity_ml,,glass reactor (25 ml),,1,0
vessel_volume_mL,glass reactor with drying tube,Not reported,Not reported,capacity_not_reported,,glass reactor with drying tube,,1,0
vessel_volume_mL,glass reactor with reflux condenser,Not reported,Not reported,capacity_not_reported,,glass reactor with reflux condenser,,1,0
vessel_volume_mL,glass reagent bottle,Not reported,Not reported,capacity_not_reported,,glass reagent bottle,,1,0
vessel_volume_mL,glass scintillation vial (sand bath in oven),Not reported,Not reported,capacity_not_reported,,glass scintillation vial (sand bath in oven),,1,0
vessel_volume_mL,glass scintillation vial (sealed),Not reported,Not reported,capacity_not_reported,,glass scintillation vial (sealed),,1,0
vessel_volume_mL,glass scintillation vials (4 mL) in aluminum heating block,4.0,4.0,explicit_capacity_ml,,glass scintillation vials (4 ml) in aluminum heating block,,1,0
vessel_volume_mL,glass sealed flask,Not reported,Not reported,capacity_not_reported,,glass sealed flask,,1,0
vessel_volume_mL,"glass test tube (20 cm length, 2 cm i.d.), silica gel diffusion",Not reported,Not reported,capacity_not_reported,,"glass test tube (20 cm length, 2 cm i.d.), silica gel diffusion",,1,0
vessel_volume_mL,glass test tube (gel diffusion),Not reported,Not reported,capacity_not_reported,,glass test tube (gel diffusion),,1,0
vessel_volume_mL,glass test tube with screw cap,Not reported,Not reported,capacity_not_reported,,glass test tube with screw cap,,1,0
vessel_volume_mL,glass tube (14 mm i.d.),Not reported,Not reported,capacity_not_reported,,glass tube (14 mm i.d.),,1,0
vessel_volume_mL,"glass tube (6 mL, I.D. 6.3 mm)",6.0,6.0,explicit_capacity_ml,,"glass tube (6 ml, i.d. 6.3 mm)",,0,1
vessel_volume_mL,glass tube (microwave oven),Not reported,Not reported,capacity_not_reported,,glass tube (microwave oven),,1,0
vessel_volume_mL,glass tube (vacuum sealed),Not reported,Not reported,capacity_not_reported,,glass tube (vacuum sealed),,1,0
vessel_volume_mL,glass tube with Teflon screw cap (layering of three solutions),Not reported,Not reported,capacity_not_reported,,glass tube with teflon screw cap (layering of three solutions),,1,0
vessel_volume_mL,glass tube with Teflon screw cap (layering of two solutions),Not reported,Not reported,capacity_not_reported,,glass tube with teflon screw cap (layering of two solutions),,1,0
vessel_volume_mL,"glass tube, 25 mL",25.0,25.0,explicit_capacity_ml,,"glass tube, 25 ml",,0,1
vessel_volume_mL,glass vial (1 dram),Ambiguous,Ambiguous,unspecified_imperial_volume,,glass vial (1 dram),Imperial/US customary size without explicit mL equivalent; convention not assumed,1,0
vessel_volume_mL,glass vial (1.5-dram),Ambiguous,Ambiguous,unspecified_imperial_volume,,glass vial (1.5-dram),Imperial/US customary size without explicit mL equivalent; convention not assumed,1,0
vessel_volume_mL,glass vial (CaCl2 desiccator),Not reported,Not reported,capacity_not_reported,,glass vial (cacl2 desiccator),,1,0
vessel_volume_mL,glass vial (closed),Not reported,Not reported,capacity_not_reported,,glass vial (closed),,1,0
vessel_volume_mL,glass vial (crimp-sealed),Not reported,Not reported,capacity_not_reported,,glass vial (crimp-sealed),,1,0
vessel_volume_mL,glass vial (hydrothermal oven),Not reported,Not reported,capacity_not_reported,,glass vial (hydrothermal oven),,1,0
vessel_volume_mL,glass vial (sealed loosely),Not reported,Not reported,capacity_not_reported,,glass vial (sealed loosely),,1,0
vessel_volume_mL,glass vial (sealed; oven),Not reported,Not reported,capacity_not_reported,,glass vial (sealed; oven),,1,0
vessel_volume_mL,glass vial in desiccator (TEA/hexane vapor),Not reported,Not reported,capacity_not_reported,,glass vial in desiccator (tea/hexane vapor),,1,0
vessel_volume_mL,glass vial with screw cap (100 mL),100.0,100.0,explicit_capacity_ml,,glass vial with screw cap (100 ml),,1,0
vessel_volume_mL,"glass vial, loosely capped",Not reported,Not reported,capacity_not_reported,,"glass vial, loosely capped",,1,0
vessel_volume_mL,glass vials (1-dram),Ambiguous,Ambiguous,unspecified_imperial_volume,,glass vials (1-dram),Imperial/US customary size without explicit mL equivalent; convention not assumed,1,0
vessel_volume_mL,"glass vials (2-dram for Zr6 solution; 1.5-dram for linker), sealed",Ambiguous,Ambiguous,unspecified_imperial_volume,,"glass vials (2-dram for zr6 solution; 1.5-dram for linker), sealed",Imperial/US customary size without explicit mL equivalent; convention not assumed,1,0
vessel_volume_mL,"glass vials (20 mL), securely covered",20.0,20.0,explicit_capacity_ml,,"glass vials (20 ml), securely covered",,1,0
vessel_volume_mL,"glass vials (20 mL), two",20.0,20.0,explicit_capacity_ml,,"glass vials (20 ml), two",,1,0
vessel_volume_mL,glass vials (air oven),Not reported,Not reported,capacity_not_reported,,glass vials (air oven),,1,0
vessel_volume_mL,glass vials (two 20 mL),20.0,20.0,explicit_capacity_ml,,glass vials (two 20 ml),,1,0
vessel_volume_mL,hard glass tube (sealed),Not reported,Not reported,capacity_not_reported,,hard glass tube (sealed),,1,0
vessel_volume_mL,heat-resistant glass bottle (25 mL),25.0,25.0,explicit_capacity_ml,,heat-resistant glass bottle (25 ml),,1,0
vessel_volume_mL,heat-resistant glass vessel,Not reported,Not reported,capacity_not_reported,,heat-resistant glass vessel,,1,0
vessel_volume_mL,hermetic Teflon bottle,Not reported,Not reported,capacity_not_reported,,hermetic teflon bottle,,1,0
vessel_volume_mL,high-pressure glass vial (200 mL),200.0,200.0,explicit_capacity_ml,,high-pressure glass vial (200 ml),,1,0
vessel_volume_mL,high-pressure reactor,Not reported,Not reported,capacity_not_reported,,high-pressure reactor,,1,0
vessel_volume_mL,high-pressure vessel,Not reported,Not reported,capacity_not_reported,,high-pressure vessel,,1,0
vessel_volume_mL,high-temperature-resistant Pyrex vial,Not reported,Not reported,capacity_not_reported,,high-temperature-resistant pyrex vial,,1,0
vessel_volume_mL,homogeneous reactor (rotational crystallization),Not reported,Not reported,capacity_not_reported,,homogeneous reactor (rotational crystallization),,1,0
vessel_volume_mL,homogeneous reactor (rotational; dry-gel; solvent reduced to 4.0 g),Not reported,Not reported,capacity_not_reported,,homogeneous reactor (rotational; dry-gel; solvent reduced to 4.0 g),,1,0
vessel_volume_mL,hydrothermal chamber,Not reported,Not reported,capacity_not_reported,,hydrothermal chamber,,1,0
vessel_volume_mL,hydrothermal kettle (Teflon-lined autoclave),Not reported,Not reported,capacity_not_reported,,hydrothermal kettle (teflon-lined autoclave),,1,0
vessel_volume_mL,in situ XRD reactor chamber,Not reported,Not reported,capacity_not_reported,,in situ xrd reactor chamber,,0,1
vessel_volume_mL,jar with inner vial,Ambiguous,Ambiguous,nested_vessel_capacity,,jar with inner vial,Capacity cannot be assigned to one reaction vessel in nested/sequential apparatus,1,0
vessel_volume_mL,layered diffusion (glass vessel),Not reported,Not reported,capacity_not_reported,,layered diffusion (glass vessel),,1,0
vessel_volume_mL,layering tube,Not reported,Not reported,capacity_not_reported,,layering tube,,1,0
vessel_volume_mL,liquid–liquid diffusion,Not reported,Not reported,no_identified_vessel,,liquid-liquid diffusion,"Description specifies equipment/operation, not an identifiable reaction vessel",1,0
vessel_volume_mL,lyophilizer (freeze dryer),Not reported,Not reported,no_identified_vessel,,lyophilizer (freeze dryer),"Description specifies equipment/operation, not an identifiable reaction vessel",1,0
vessel_volume_mL,medium bottle (5 L),5000.0,5000.0,explicit_capacity_ml,,medium bottle (5 l),Uncommon stated capacity retained; source verification recommended,1,0
vessel_volume_mL,"microwave reactor (MD6H, 500 W, 2.0 atm)",Not reported,Not reported,capacity_not_reported,,"microwave reactor (md6h, 500 w, 2.0 atm)",,1,0
vessel_volume_mL,microwave vial,Not reported,Not reported,capacity_not_reported,,microwave vial,,1,0
vessel_volume_mL,microwave vial (4 mL),4.0,4.0,explicit_capacity_ml,,microwave vial (4 ml),,1,0
vessel_volume_mL,microwave vial (Biotage 0.5–2 mL glass reactor),Ambiguous,Ambiguous,range_or_alternative_capacity,,microwave vial (biotage 0.5-2 ml glass reactor),"Range, alternative, or fraction is not reduced to an arbitrary scalar",0,1
vessel_volume_mL,microwave-inert glass tube,Not reported,Not reported,capacity_not_reported,,microwave-inert glass tube,,0,1
vessel_volume_mL,narrow glass tube (layering/solvent diffusion),Not reported,Not reported,capacity_not_reported,,narrow glass tube (layering/solvent diffusion),,1,0
vessel_volume_mL,narrow test tube,Not reported,Not reported,capacity_not_reported,,narrow test tube,,1,0
vessel_volume_mL,non-solvothermal vial (with pressure regulation),Not reported,Not reported,capacity_not_reported,,non-solvothermal vial (with pressure regulation),,1,0
vessel_volume_mL,oil bath,Not reported,Not reported,no_identified_vessel,,oil bath,"Description specifies equipment/operation, not an identifiable reaction vessel",1,0
vessel_volume_mL,open reaction tubes in desiccator (vapor diffusion),Not reported,Not reported,capacity_not_reported,,open reaction tubes in desiccator (vapor diffusion),,1,0
vessel_volume_mL,open vial,Not reported,Not reported,capacity_not_reported,,open vial,,1,0
vessel_volume_mL,pressure reactor,Not reported,Not reported,capacity_not_reported,,pressure reactor,,1,0
vessel_volume_mL,pressure tube (120 mL),120.0,120.0,explicit_capacity_ml,,pressure tube (120 ml),,1,0
vessel_volume_mL,pressure-resistant vessel,Not reported,Not reported,capacity_not_reported,,pressure-resistant vessel,,1,0
vessel_volume_mL,pressurized vials,Not reported,Not reported,capacity_not_reported,,pressurized vials,,1,0
vessel_volume_mL,pyrex tube,Not reported,Not reported,capacity_not_reported,,pyrex tube,,1,0
vessel_volume_mL,pyrex vial,Not reported,Not reported,capacity_not_reported,,pyrex vial,,0,1
vessel_volume_mL,reaction kettle,Not reported,Not reported,capacity_not_reported,,reaction kettle,,1,0
vessel_volume_mL,reaction kettle (autoclave),Not reported,Not reported,capacity_not_reported,,reaction kettle (autoclave),,1,0
vessel_volume_mL,reactor,Not reported,Not reported,capacity_not_reported,,reactor,,1,0
vessel_volume_mL,reflux condenser (for dissolution); glass vessel for mixing,Not reported,Not reported,capacity_not_reported,,reflux condenser (for dissolution); glass vessel for mixing,,1,0
vessel_volume_mL,reflux condenser (glass flask),Not reported,Not reported,capacity_not_reported,,reflux condenser (glass flask),,1,0
vessel_volume_mL,round bottom flask (25 mL),25.0,25.0,explicit_capacity_ml,,round bottom flask (25 ml),,1,0
vessel_volume_mL,round bottom flask (with condenser),Not reported,Not reported,capacity_not_reported,,round bottom flask (with condenser),,1,0
vessel_volume_mL,round-bottom flask (25 mL),25.0,25.0,explicit_capacity_ml,,round-bottom flask (25 ml),,1,0
vessel_volume_mL,"round-bottom flask (oil bath), ambient pressure",Not reported,Not reported,capacity_not_reported,,"round-bottom flask (oil bath), ambient pressure",,1,0
vessel_volume_mL,round-bottom flask (oil-bath),Not reported,Not reported,capacity_not_reported,,round-bottom flask (oil-bath),,1,0
vessel_volume_mL,round-bottom flask (sealed),Not reported,Not reported,capacity_not_reported,,round-bottom flask (sealed),,1,0
vessel_volume_mL,round-bottom flask with Allihn condenser,Not reported,Not reported,capacity_not_reported,,round-bottom flask with allihn condenser,,1,0
vessel_volume_mL,round-bottom flask with reflux (oil bath),Not reported,Not reported,capacity_not_reported,,round-bottom flask with reflux (oil bath),,1,0
vessel_volume_mL,round-bottomed flask (250 mL),250.0,250.0,explicit_capacity_ml,,round-bottomed flask (250 ml),,1,0
vessel_volume_mL,sample tube with cap,Not reported,Not reported,capacity_not_reported,,sample tube with cap,,1,0
vessel_volume_mL,sand bath in oven,Not reported,Not reported,no_identified_vessel,,sand bath in oven,"Description specifies equipment/operation, not an identifiable reaction vessel",1,0
vessel_volume_mL,scintillation vial (20 mL),20.0,20.0,explicit_capacity_ml,,scintillation vial (20 ml),,1,0
vessel_volume_mL,scintillation vial (8 mL),8.0,8.0,explicit_capacity_ml,,scintillation vial (8 ml),,1,0
vessel_volume_mL,screw cap 23 mL scintillation vial,23.0,23.0,explicit_capacity_ml,,screw cap 23 ml scintillation vial,,1,0
vessel_volume_mL,screw cap vial (11 mL),11.0,11.0,explicit_capacity_ml,,screw cap vial (11 ml),,1,0
vessel_volume_mL,screw cap vial (20 mL),20.0,20.0,explicit_capacity_ml,,screw cap vial (20 ml),,1,0
vessel_volume_mL,screw-capped Erlenmeyer flask; divided into two 100 mL pressurized flasks,Ambiguous,Ambiguous,nested_vessel_capacity,,screw-capped erlenmeyer flask; divided into two 100 ml pressurized flasks,Capacity cannot be assigned to one reaction vessel in nested/sequential apparatus,1,0
vessel_volume_mL,screw-capped flask,Not reported,Not reported,capacity_not_reported,,screw-capped flask,,1,0
vessel_volume_mL,screw-capped glass vial (10 mL),10.0,10.0,explicit_capacity_ml,,screw-capped glass vial (10 ml),,1,0
vessel_volume_mL,screw-capped vial (6 mL),6.0,6.0,explicit_capacity_ml,,screw-capped vial (6 ml),,1,0
vessel_volume_mL,screw-top vial,Not reported,Not reported,capacity_not_reported,,screw-top vial,,1,0
vessel_volume_mL,screwcap bottle,Not reported,Not reported,capacity_not_reported,,screwcap bottle,,1,0
vessel_volume_mL,sealed 10 g sample vial,Not reported,Not reported,capacity_not_reported,,sealed 10 g sample vial,,1,0
vessel_volume_mL,sealed 10 mL glass vial,10.0,10.0,explicit_capacity_ml,,sealed 10 ml glass vial,,1,0
vessel_volume_mL,sealed 125 mL conical flask,125.0,125.0,explicit_capacity_ml,,sealed 125 ml conical flask,,1,0
vessel_volume_mL,sealed 25 mL Teflon-lined stainless steel vessel,25.0,25.0,explicit_capacity_ml,,sealed 25 ml teflon-lined stainless steel vessel,,1,0
vessel_volume_mL,sealed Duran glass tube,Not reported,Not reported,capacity_not_reported,,sealed duran glass tube,,1,0
vessel_volume_mL,sealed Pyrex Schott bottle,Not reported,Not reported,capacity_not_reported,,sealed pyrex schott bottle,,1,0
vessel_volume_mL,"sealed Pyrex glass tube (15 cm length, 7 mm i.d.)",Not reported,Not reported,capacity_not_reported,,"sealed pyrex glass tube (15 cm length, 7 mm i.d.)",,0,1
vessel_volume_mL,sealed Pyrex tube; oven,Not reported,Not reported,capacity_not_reported,,sealed pyrex tube; oven,,1,0
vessel_volume_mL,sealed Teflon cell (Teflon-lined autoclave),Not reported,Not reported,capacity_not_reported,,sealed teflon cell (teflon-lined autoclave),,1,0
vessel_volume_mL,sealed Teflon-lined stainless steel vessel (25 mL),25.0,25.0,explicit_capacity_ml,,sealed teflon-lined stainless steel vessel (25 ml),,1,0
vessel_volume_mL,sealed borosilicate glass vial (microwave),Not reported,Not reported,capacity_not_reported,,sealed borosilicate glass vial (microwave),,0,1
vessel_volume_mL,sealed bottle (oven),Not reported,Not reported,capacity_not_reported,,sealed bottle (oven),,1,0
vessel_volume_mL,sealed glass GC vials (2 mL),2.0,2.0,explicit_capacity_ml,,sealed glass gc vials (2 ml),,1,0
vessel_volume_mL,sealed glass bottle (50 mL),50.0,50.0,explicit_capacity_ml,,sealed glass bottle (50 ml),,1,0
vessel_volume_mL,"sealed glass container (Teflon-wrapped neck), oven",Not reported,Not reported,capacity_not_reported,,"sealed glass container (teflon-wrapped neck), oven",,1,0
vessel_volume_mL,sealed glass jar (500 mL),500.0,500.0,explicit_capacity_ml,,sealed glass jar (500 ml),,1,0
vessel_volume_mL,sealed glass jar (60 mL),60.0,60.0,explicit_capacity_ml,,sealed glass jar (60 ml),,1,0
vessel_volume_mL,sealed glass pressure tube,Not reported,Not reported,capacity_not_reported,,sealed glass pressure tube,,1,0
vessel_volume_mL,sealed glass scintillation jar,Not reported,Not reported,capacity_not_reported,,sealed glass scintillation jar,,1,0
vessel_volume_mL,sealed glass tube (0.8 cm diameter),Not reported,Not reported,capacity_not_reported,,sealed glass tube (0.8 cm diameter),,1,0
vessel_volume_mL,sealed glass tube (PBT cap with PTFE seal),Not reported,Not reported,capacity_not_reported,,sealed glass tube (pbt cap with ptfe seal),,1,0
vessel_volume_mL,sealed glass tube (type H),Not reported,Not reported,capacity_not_reported,,sealed glass tube (type h),,1,0
vessel_volume_mL,"sealed glass vial, 20 mL",20.0,20.0,explicit_capacity_ml,,"sealed glass vial, 20 ml",,1,0
vessel_volume_mL,sealed jar (oven),Not reported,Not reported,capacity_not_reported,,sealed jar (oven),,1,0
vessel_volume_mL,sealed polyethylene bottle,Not reported,Not reported,capacity_not_reported,,sealed polyethylene bottle,,1,0
vessel_volume_mL,sealed scintillation vial,Not reported,Not reported,capacity_not_reported,,sealed scintillation vial,,1,0
vessel_volume_mL,sealed test tube (layered diffusion),Not reported,Not reported,capacity_not_reported,,sealed test tube (layered diffusion),,1,0
vessel_volume_mL,sealed thick Pyrex tube (evacuated ampoule),Not reported,Not reported,capacity_not_reported,,sealed thick pyrex tube (evacuated ampoule),,1,0
vessel_volume_mL,sealed vessel (static),Not reported,Not reported,capacity_not_reported,,sealed vessel (static),,1,0
vessel_volume_mL,serum bottle,Not reported,Not reported,capacity_not_reported,,serum bottle,,1,0
vessel_volume_mL,"soak, static",Not reported,Not reported,no_identified_vessel,,"soak, static","Description specifies equipment/operation, not an identifiable reaction vessel",1,0
vessel_volume_mL,solvothermal autoclave,Not reported,Not reported,capacity_not_reported,,solvothermal autoclave,,1,0
vessel_volume_mL,spherical flask,Not reported,Not reported,capacity_not_reported,,spherical flask,,1,0
vessel_volume_mL,spray dryer (AF-88),Not reported,Not reported,no_identified_vessel,,spray dryer (af-88),"Description specifies equipment/operation, not an identifiable reaction vessel",1,0
vessel_volume_mL,stainless steel Teflon-lined autoclave (23 mL),23.0,23.0,explicit_capacity_ml,,stainless steel teflon-lined autoclave (23 ml),,1,0
vessel_volume_mL,stainless steel autoclave with Teflon liner (23.0 mL),23.0,23.0,explicit_capacity_ml,,stainless steel autoclave with teflon liner (23.0 ml),,1,0
vessel_volume_mL,stainless steel bomb,Not reported,Not reported,capacity_not_reported,,stainless steel bomb,,1,0
vessel_volume_mL,stainless steel reactor (15 mL),15.0,15.0,explicit_capacity_ml,,stainless steel reactor (15 ml),,1,0
vessel_volume_mL,stainless steel sealed vessel,Not reported,Not reported,capacity_not_reported,,stainless steel sealed vessel,,1,0
vessel_volume_mL,stainless steel vessel (23.0 mL),23.0,23.0,explicit_capacity_ml,,stainless steel vessel (23.0 ml),,1,0
vessel_volume_mL,stainless-steel Teflon-lined autoclave,Not reported,Not reported,capacity_not_reported,,stainless-steel teflon-lined autoclave,,1,0
vessel_volume_mL,stirred tank reactor (beaker),Not reported,Not reported,capacity_not_reported,,stirred tank reactor (beaker),,1,0
vessel_volume_mL,straight glass tube (sealed),Not reported,Not reported,capacity_not_reported,,straight glass tube (sealed),,0,1
vessel_volume_mL,test tube (layering),Not reported,Not reported,capacity_not_reported,,test tube (layering),,1,0
vessel_volume_mL,test tube (layering/solvent diffusion),Not reported,Not reported,capacity_not_reported,,test tube (layering/solvent diffusion),,1,0
vessel_volume_mL,test tube in sealed bottle (vapor diffusion),Ambiguous,Ambiguous,nested_vessel_capacity,,test tube in sealed bottle (vapor diffusion),Capacity cannot be assigned to one reaction vessel in nested/sequential apparatus,1,0
vessel_volume_mL,test tube with a screw cap,Not reported,Not reported,capacity_not_reported,,test tube with a screw cap,,1,0
vessel_volume_mL,test tube; silica gel medium (tetramethoxysilane used to form gel),Not reported,Not reported,capacity_not_reported,,test tube; silica gel medium (tetramethoxysilane used to form gel),,1,0
vessel_volume_mL,test tubes,Not reported,Not reported,capacity_not_reported,,test tubes,,1,0
vessel_volume_mL,thick Pyrex tube,Not reported,Not reported,capacity_not_reported,,thick pyrex tube,,1,0
vessel_volume_mL,thick glass jar,Not reported,Not reported,capacity_not_reported,,thick glass jar,,1,0
vessel_volume_mL,thick-glass jar (sealed),Not reported,Not reported,capacity_not_reported,,thick-glass jar (sealed),,1,0
vessel_volume_mL,thick-walled glass bomb with Teflon screw cap,Not reported,Not reported,capacity_not_reported,,thick-walled glass bomb with teflon screw cap,,1,0
vessel_volume_mL,thin tube (inner diameter 1.0 cm),Not reported,Not reported,capacity_not_reported,,thin tube (inner diameter 1.0 cm),,1,0
vessel_volume_mL,three-mouth flask,Not reported,Not reported,capacity_not_reported,,three-mouth flask,,1,0
vessel_volume_mL,three-neck balloon,Not reported,Not reported,capacity_not_reported,,three-neck balloon,,1,0
vessel_volume_mL,three-necked flask,Not reported,Not reported,capacity_not_reported,,three-necked flask,,1,0
vessel_volume_mL,tightly capped PFA (perfluoroalkoxy) flask,Not reported,Not reported,capacity_not_reported,,tightly capped pfa (perfluoroalkoxy) flask,,1,0
vessel_volume_mL,tightly capped vial,Not reported,Not reported,capacity_not_reported,,tightly capped vial,,1,0
vessel_volume_mL,tightly sealed glass vial,Not reported,Not reported,capacity_not_reported,,tightly sealed glass vial,,0,1
vessel_volume_mL,tube (on rotator),Not reported,Not reported,capacity_not_reported,,tube (on rotator),,1,0
vessel_volume_mL,two-arm glass branched tube,Not reported,Not reported,capacity_not_reported,,two-arm glass branched tube,,1,0
vessel_volume_mL,two-neck round-bottom flask with condenser,Not reported,Not reported,capacity_not_reported,,two-neck round-bottom flask with condenser,,1,0
vessel_volume_mL,ultrasonic bath; oven,Not reported,Not reported,no_identified_vessel,,ultrasonic bath; oven,"Description specifies equipment/operation, not an identifiable reaction vessel",1,0
vessel_volume_mL,unsealed glass bottle,Not reported,Not reported,capacity_not_reported,,unsealed glass bottle,,1,0
vessel_volume_mL,vial-in-vial diffusion,Ambiguous,Ambiguous,nested_vessel_capacity,,vial-in-vial diffusion,Capacity cannot be assigned to one reaction vessel in nested/sequential apparatus,1,0
vessel_volume_mL,volumetric flask,Not reported,Not reported,capacity_not_reported,,volumetric flask,,1,0
