raw_value,positive_records,negative_records,total_records,rare_at_most_5_records,value,detailed_value,consolidation_rule,rule,normalized_text,review_reason
static,6446,6531,12977,False,Static / no stirring,Static / no stirring,,explicit_static_or_no_stirring,static,
,3864,3987,7851,False,Not reported,Not reported,,missing,,
stirred,1582,1416,2998,False,Stirred; stage not reported,Stirred; stage not reported,,stirring_without_reaction_stage_evidence,stirred,
"stirred 30 min, then static",155,201,356,False,Stirred before static synthesis,Stirred before static synthesis,,stirring_and_explicit_static_stage,"stirred 30 min, then static",
"stirred 30 min at RT, then static",30,138,168,False,Stirred before static synthesis,Stirred before static synthesis,,stirring_and_explicit_static_stage,"stirred 30 min at rt, then static",
"stirred 10 min, then static",74,90,164,False,Stirred before static synthesis,Stirred before static synthesis,,stirring_and_explicit_static_stage,"stirred 10 min, then static",
stirred 40 min then static,7,132,139,False,Stirred before static synthesis,Stirred before static synthesis,,stirring_and_explicit_static_stage,stirred 40 min then static,
stirred then static,61,63,124,False,Stirred before static synthesis,Stirred before static synthesis,,stirring_and_explicit_static_stage,stirred then static,
"stirred 10 min at RT, then static during heating",16,84,100,False,Stirred before static synthesis,Stirred before static synthesis,,stirring_and_explicit_static_stage,"stirred 10 min at rt, then static during heating",
stirred 1 h before heating,24,74,98,False,Stirred during preparation; later agitation not reported,Stirred during preparation; later agitation not reported,,preparation_stirring_only,stirred 1 h before heating,
fast magnetic stirring,42,46,88,False,Stirred; stage not reported,Stirred; stage not reported,,stirring_without_reaction_stage_evidence,fast magnetic stirring,
"stirred 15 min, then static",71,11,82,False,Stirred before static synthesis,Stirred before static synthesis,,stirring_and_explicit_static_stage,"stirred 15 min, then static",
vigorous stirring,66,13,79,False,Stirred; stage not reported,Stirred; stage not reported,,stirring_without_reaction_stage_evidence,vigorous stirring,
"stirred 15 min at RT, then static",9,69,78,False,Stirred before static synthesis,Stirred before static synthesis,,stirring_and_explicit_static_stage,"stirred 15 min at rt, then static",
stirred before heating; static during heating,12,60,72,False,Stirred before static synthesis,Stirred before static synthesis,,stirring_and_explicit_static_stage,stirred before heating; static during heating,
"stirred 10 min pre-mix, then static",8,56,64,False,Stirred before static synthesis,Stirred before static synthesis,,stirring_and_explicit_static_stage,"stirred 10 min pre-mix, then static",
stirred 30 min; static,23,35,58,False,Stirred before static synthesis,Stirred before static synthesis,,stirring_and_explicit_static_stage,stirred 30 min; static,
stirred (300 rpm),39,17,56,False,Stirred; stage not reported,Stirred; stage not reported,,stirring_without_reaction_stage_evidence,stirred (300 rpm),
stirred briefly,39,13,52,False,Stirred; stage not reported,Stirred; stage not reported,,stirring_without_reaction_stage_evidence,stirred briefly,
stirred before sealing; static during solvothermal heating,4,46,50,False,Stirred before static synthesis,Stirred before static synthesis,,stirring_and_explicit_static_stage,stirred before sealing; static during solvothermal heating,
magnetic stirring,27,22,49,False,Stirred; stage not reported,Stirred; stage not reported,,stirring_without_reaction_stage_evidence,magnetic stirring,
stirred 30 min at RT before heating; static during heating,6,41,47,False,Stirred before static synthesis,Stirred before static synthesis,,stirring_and_explicit_static_stage,stirred 30 min at rt before heating; static during heating,
"stirred 30 min, sonicated 15 min; static during heating",2,44,46,False,Stirred before static synthesis,Stirred before static synthesis,,stirring_and_explicit_static_stage,"stirred 30 min, sonicated 15 min; static during heating",
gentle stirring,27,17,44,False,Stirred; stage not reported,Stirred; stage not reported,,stirring_without_reaction_stage_evidence,gentle stirring,
pre-stirred 20 min; static,4,40,44,False,Stirred before static synthesis,Stirred before static synthesis,,stirring_and_explicit_static_stage,pre-stirred 20 min; static,
stirred briefly before heating; autogenous pressure,3,41,44,False,Stirred during preparation; later agitation not reported,Stirred during preparation; later agitation not reported,,preparation_stirring_only,stirred briefly before heating; autogenous pressure,
stirred 30 min before sealing; static during heating,22,20,42,False,Stirred before static synthesis,Stirred before static synthesis,,stirring_and_explicit_static_stage,stirred 30 min before sealing; static during heating,
stirred 60 min then static,34,8,42,False,Stirred before static synthesis,Stirred before static synthesis,,stirring_and_explicit_static_stage,stirred 60 min then static,
stirred 15 min before heating,13,28,41,False,Stirred during preparation; later agitation not reported,Stirred during preparation; later agitation not reported,,preparation_stirring_only,stirred 15 min before heating,
"stirred 5 min, then static",21,20,41,False,Stirred before static synthesis,Stirred before static synthesis,,stirring_and_explicit_static_stage,"stirred 5 min, then static",
stirred (15 min before sealing),9,31,40,False,Stirred during preparation; later agitation not reported,Stirred during preparation; later agitation not reported,,preparation_stirring_only,stirred (15 min before sealing),
stirred 12 h then static,2,38,40,False,Stirred before static synthesis,Stirred before static synthesis,,stirring_and_explicit_static_stage,stirred 12 h then static,
static (layering),14,25,39,False,Static / no stirring,Static / no stirring,,explicit_static_or_no_stirring,static (layering),
stirred 30 min before sealing,2,37,39,False,Stirred during preparation; later agitation not reported,Stirred during preparation; later agitation not reported,,preparation_stirring_only,stirred 30 min before sealing,
"pre-stirred 0.5 h, then static",7,31,38,False,Stirred before static synthesis,Stirred before static synthesis,,stirring_and_explicit_static_stage,"pre-stirred 0.5 h, then static",
"stirred 30 min at RT, then static during heating",16,20,36,False,Stirred before static synthesis,Stirred before static synthesis,,stirring_and_explicit_static_stage,"stirred 30 min at rt, then static during heating",
"stirred 1 h, then static",32,3,35,False,Stirred before static synthesis,Stirred before static synthesis,,stirring_and_explicit_static_stage,"stirred 1 h, then static",
"stirred 10 min at RT, then static",15,20,35,False,Stirred before static synthesis,Stirred before static synthesis,,stirring_and_explicit_static_stage,"stirred 10 min at rt, then static",
"sonicated 15 min, then static in oven",17,17,34,False,Sonicated before static synthesis,Sonicated before static synthesis,,sonication_and_explicit_static_stage,"sonicated 15 min, then static in oven",
stirred (500 rpm),7,27,34,False,Stirred; stage not reported,Stirred; stage not reported,,stirring_without_reaction_stage_evidence,stirred (500 rpm),
stirred 1 h then static,19,15,34,False,Stirred before static synthesis,Stirred before static synthesis,,stirring_and_explicit_static_stage,stirred 1 h then static,
stirred 30 min at RT (premix),7,27,34,False,Stirred during preparation; later agitation not reported,Stirred during preparation; later agitation not reported,,preparation_stirring_only,stirred 30 min at rt (premix),
ultrasonicated,5,28,33,False,Other reported agitation,Sonicated; stage not reported,positive_reference_class_count_lt_50,sonication_without_reaction_stage_evidence,ultrasonicated,
sonicated 5 min; static,2,28,30,False,Sonicated before static synthesis,Sonicated before static synthesis,,sonication_and_explicit_static_stage,sonicated 5 min; static,
stirred during base addition,1,29,30,False,Stirred during preparation; later agitation not reported,Stirred during preparation; later agitation not reported,,preparation_stirring_only,stirred during base addition,
ultrasonicated to dissolve; static during heating,23,7,30,False,Sonicated before static synthesis,Sonicated before static synthesis,,sonication_and_explicit_static_stage,ultrasonicated to dissolve; static during heating,
"magnetically stirred 5 min at RT, then static during hydrothermal step",11,18,29,False,Stirred before static synthesis,Stirred before static synthesis,,stirring_and_explicit_static_stage,"magnetically stirred 5 min at rt, then static during hydrothermal step",
shaken then static,3,26,29,False,Other reported agitation,Other agitation before static synthesis,positive_reference_class_count_lt_50,other_agitation_and_explicit_static_stage,shaken then static,
stirred 10 min before sealing,6,23,29,False,Stirred during preparation; later agitation not reported,Stirred during preparation; later agitation not reported,,preparation_stirring_only,stirred 10 min before sealing,
stirred 30 min before heating,29,0,29,False,Stirred during preparation; later agitation not reported,Stirred during preparation; later agitation not reported,,preparation_stirring_only,stirred 30 min before heating,
stirred (pre-mix),6,22,28,False,Stirred during preparation; later agitation not reported,Stirred during preparation; later agitation not reported,,preparation_stirring_only,stirred (pre-mix),
stirred 30 min; then static,20,7,27,False,Stirred before static synthesis,Stirred before static synthesis,,stirring_and_explicit_static_stage,stirred 30 min; then static,
stirring,16,11,27,False,Stirred; stage not reported,Stirred; stage not reported,,stirring_without_reaction_stage_evidence,stirring,
stirred 15 min before sealing,2,24,26,False,Stirred during preparation; later agitation not reported,Stirred during preparation; later agitation not reported,,preparation_stirring_only,stirred 15 min before sealing,
stirred before heating,21,5,26,False,Stirred during preparation; later agitation not reported,Stirred during preparation; later agitation not reported,,preparation_stirring_only,stirred before heating,
"sonicated 10 min, then static",7,18,25,False,Sonicated before static synthesis,Sonicated before static synthesis,,sonication_and_explicit_static_stage,"sonicated 10 min, then static",
sonicated 15 min; static,17,8,25,False,Sonicated before static synthesis,Sonicated before static synthesis,,sonication_and_explicit_static_stage,sonicated 15 min; static,
stirred (pre-mixing),5,20,25,False,Stirred during preparation; later agitation not reported,Stirred during preparation; later agitation not reported,,preparation_stirring_only,stirred (pre-mixing),
stirred 1 h before sealing,9,16,25,False,Stirred during preparation; later agitation not reported,Stirred during preparation; later agitation not reported,,preparation_stirring_only,stirred 1 h before sealing,
sonicated 10 min; static,10,14,24,False,Sonicated before static synthesis,Sonicated before static synthesis,,sonication_and_explicit_static_stage,sonicated 10 min; static,
"stirred 5 min at RT, then static",19,5,24,False,Stirred before static synthesis,Stirred before static synthesis,,stirring_and_explicit_static_stage,"stirred 5 min at rt, then static",
"stirred; reagents pre-ground by ball-mill (15 min, 30 Hz)",18,6,24,False,Stirred; stage not reported,Stirred; stage not reported,,stirring_without_reaction_stage_evidence,"stirred; reagents pre-ground by ball-mill (15 min, 30 hz)",
sonicated 30 min; static during heating,8,15,23,False,Sonicated before static synthesis,Sonicated before static synthesis,,sonication_and_explicit_static_stage,sonicated 30 min; static during heating,
"stirred 20 min, then static",21,2,23,False,Stirred before static synthesis,Stirred before static synthesis,,stirring_and_explicit_static_stage,"stirred 20 min, then static",
stirred 30 min then static,21,2,23,False,Stirred before static synthesis,Stirred before static synthesis,,stirring_and_explicit_static_stage,stirred 30 min then static,
stirred 60 min before heating; then static during hydrothermal step,1,22,23,False,Stirred before static synthesis,Stirred before static synthesis,,stirring_and_explicit_static_stage,stirred 60 min before heating; then static during hydrothermal step,
"stirred, 200 rpm",21,2,23,False,Stirred; stage not reported,Stirred; stage not reported,,stirring_without_reaction_stage_evidence,"stirred, 200 rpm",
stirred before heating; static during solvothermal,10,12,22,False,Stirred before static synthesis,Stirred before static synthesis,,stirring_and_explicit_static_stage,stirred before heating; static during solvothermal,
stirred before sealing; static during heating,16,6,22,False,Stirred before static synthesis,Stirred before static synthesis,,stirring_and_explicit_static_stage,stirred before sealing; static during heating,
"stirred briefly, then static",7,15,22,False,Stirred before static synthesis,Stirred before static synthesis,,stirring_and_explicit_static_stage,"stirred briefly, then static",
"magnetic stirring 5 min at RT, then heated (static)",3,18,21,False,Stirred before static synthesis,Stirred before static synthesis,,stirring_and_explicit_static_stage,"magnetic stirring 5 min at rt, then heated (static)",
pre-stirred at 80 °C 1 h before solvothermal,17,4,21,False,Stirred during preparation; later agitation not reported,Stirred during preparation; later agitation not reported,,preparation_stirring_only,pre-stirred at 80 °c 1 h before solvothermal,
stirred (initially at RT),1,20,21,False,Stirred during preparation; later agitation not reported,Stirred during preparation; later agitation not reported,,preparation_stirring_only,stirred (initially at rt),
stirred 10 min then static in autoclave,5,16,21,False,Stirred before static synthesis,Stirred before static synthesis,,stirring_and_explicit_static_stage,stirred 10 min then static in autoclave,
stirred 3 h before heating,4,17,21,False,Stirred during preparation; later agitation not reported,Stirred during preparation; later agitation not reported,,preparation_stirring_only,stirred 3 h before heating,
stirred 30 min before autoclave,7,14,21,False,Stirred during preparation; later agitation not reported,Stirred during preparation; later agitation not reported,,preparation_stirring_only,stirred 30 min before autoclave,
stirred vigorously,9,12,21,False,Stirred; stage not reported,Stirred; stage not reported,,stirring_without_reaction_stage_evidence,stirred vigorously,
sonicated 5 min; static during heating,7,13,20,False,Sonicated before static synthesis,Sonicated before static synthesis,,sonication_and_explicit_static_stage,sonicated 5 min; static during heating,
sonicated 60 min; static during heating,20,0,20,False,Sonicated before static synthesis,Sonicated before static synthesis,,sonication_and_explicit_static_stage,sonicated 60 min; static during heating,
stirred 30 min at RT before acid addition; static during heating,2,18,20,False,Stirred before static synthesis,Stirred before static synthesis,,stirring_and_explicit_static_stage,stirred 30 min at rt before acid addition; static during heating,
stirred 30 min; static during heating,11,9,20,False,Stirred before static synthesis,Stirred before static synthesis,,stirring_and_explicit_static_stage,stirred 30 min; static during heating,
"stirred, then static",18,2,20,False,Stirred before static synthesis,Stirred before static synthesis,,stirring_and_explicit_static_stage,"stirred, then static",
stirred; sonicated,14,6,20,False,Stirred; stage not reported,Stirred; stage not reported,,stirring_without_reaction_stage_evidence,stirred; sonicated,
sonicated 10 min before heating; static during heating,11,8,19,False,Sonicated before static synthesis,Sonicated before static synthesis,,sonication_and_explicit_static_stage,sonicated 10 min before heating; static during heating,
stirred (under N2) before heating,1,18,19,False,Stirred during preparation; later agitation not reported,Stirred during preparation; later agitation not reported,,preparation_stirring_only,stirred (under n2) before heating,
"stirred 15 min at RT, then static during heating",7,12,19,False,Stirred before static synthesis,Stirred before static synthesis,,stirring_and_explicit_static_stage,"stirred 15 min at rt, then static during heating",
"stirred, 600 rpm",8,11,19,False,Stirred; stage not reported,Stirred; stage not reported,,stirring_without_reaction_stage_evidence,"stirred, 600 rpm",
continuous stirring,14,4,18,False,Stirred; stage not reported,Stirred; stage not reported,,stirring_without_reaction_stage_evidence,continuous stirring,
stirred 0.5 h before sealing; static during heating,6,12,18,False,Stirred before static synthesis,Stirred before static synthesis,,stirring_and_explicit_static_stage,stirred 0.5 h before sealing; static during heating,
stirred 30 min at RT before sealing; static during hydrothermal step,0,18,18,False,Stirred before static synthesis,Stirred before static synthesis,,stirring_and_explicit_static_stage,stirred 30 min at rt before sealing; static during hydrothermal step,
stirred before sealing,10,8,18,False,Stirred during preparation; later agitation not reported,Stirred during preparation; later agitation not reported,,preparation_stirring_only,stirred before sealing,
stirred ~5 h before sealing,3,15,18,False,Stirred during preparation; later agitation not reported,Stirred during preparation; later agitation not reported,,preparation_stirring_only,stirred ~5 h before sealing,
static (after 15 min sonication),5,12,17,False,Sonicated before static synthesis,Sonicated before static synthesis,,sonication_and_explicit_static_stage,static (after 15 min sonication),
static after casting (initial solutions stirred 2 h),3,14,17,False,Stirred before static synthesis,Stirred before static synthesis,,stirring_and_explicit_static_stage,static after casting (initial solutions stirred 2 h),
stirred 0.5 h before sealing,1,16,17,False,Stirred during preparation; later agitation not reported,Stirred during preparation; later agitation not reported,,preparation_stirring_only,stirred 0.5 h before sealing,
stirred 2 h at RT; static during heating,3,14,17,False,Stirred before static synthesis,Stirred before static synthesis,,stirring_and_explicit_static_stage,stirred 2 h at rt; static during heating,
"stirred at RT (pre-mix), then static in autoclave",1,16,17,False,Stirred before static synthesis,Stirred before static synthesis,,stirring_and_explicit_static_stage,"stirred at rt (pre-mix), then static in autoclave",
"stirred, 400 rpm",8,9,17,False,Stirred; stage not reported,Stirred; stage not reported,,stirring_without_reaction_stage_evidence,"stirred, 400 rpm",
"stirred, 800 rpm",9,8,17,False,Stirred; stage not reported,Stirred; stage not reported,,stirring_without_reaction_stage_evidence,"stirred, 800 rpm",
"sonicated, then static",15,1,16,False,Sonicated before static synthesis,Sonicated before static synthesis,,sonication_and_explicit_static_stage,"sonicated, then static",
static (layered diffusion),7,9,16,False,Static / no stirring,Static / no stirring,,explicit_static_or_no_stirring,static (layered diffusion),
"stirred 2 h, then static",6,10,16,False,Stirred before static synthesis,Stirred before static synthesis,,stirring_and_explicit_static_stage,"stirred 2 h, then static",
stirred 30 min then 60 min before sealing; static during heating,6,10,16,False,Stirred before static synthesis,Stirred before static synthesis,,stirring_and_explicit_static_stage,stirred 30 min then 60 min before sealing; static during heating,
stirred 5 min before sealing; then static,4,12,16,False,Stirred before static synthesis,Stirred before static synthesis,,stirring_and_explicit_static_stage,stirred 5 min before sealing; then static,
"ultrasonicated, static",3,13,16,False,Sonicated before static synthesis,Sonicated before static synthesis,,sonication_and_explicit_static_stage,"ultrasonicated, static",
"stirred (premix), then static solvothermal",15,0,15,False,Stirred before static synthesis,Stirred before static synthesis,,stirring_and_explicit_static_stage,"stirred (premix), then static solvothermal",
stirred 1 h at RT; static during heating,1,14,15,False,Stirred before static synthesis,Stirred before static synthesis,,stirring_and_explicit_static_stage,stirred 1 h at rt; static during heating,
"stirred 1 h, then static in oven",9,6,15,False,Stirred before static synthesis,Stirred before static synthesis,,stirring_and_explicit_static_stage,"stirred 1 h, then static in oven",
stirred 10 min then static,11,4,15,False,Stirred before static synthesis,Stirred before static synthesis,,stirring_and_explicit_static_stage,stirred 10 min then static,
stirred 15 min at RT; static during heating,3,12,15,False,Stirred before static synthesis,Stirred before static synthesis,,stirring_and_explicit_static_stage,stirred 15 min at rt; static during heating,
stirred 20 min before sealing,14,1,15,False,Stirred during preparation; later agitation not reported,Stirred during preparation; later agitation not reported,,preparation_stirring_only,stirred 20 min before sealing,
"stirred 30 min, then static crystallization",1,14,15,False,Stirred before static synthesis,Stirred before static synthesis,,stirring_and_explicit_static_stage,"stirred 30 min, then static crystallization",
"shear homogenized at 11,500 rpm for 2 min; then static at 4 °C",4,10,14,False,Other reported agitation,Other agitation before static synthesis,positive_reference_class_count_lt_50,other_agitation_and_explicit_static_stage,"shear homogenized at 11,500 rpm for 2 min; then static at 4 °c",
"stirred 15 min, then static during heating",8,6,14,False,Stirred before static synthesis,Stirred before static synthesis,,stirring_and_explicit_static_stage,"stirred 15 min, then static during heating",
stirred 30 min before heating; static during solvothermal step,8,6,14,False,Stirred before static synthesis,Stirred before static synthesis,,stirring_and_explicit_static_stage,stirred 30 min before heating; static during solvothermal step,
stirred 500 rpm,4,10,14,False,Stirred; stage not reported,Stirred; stage not reported,,stirring_without_reaction_stage_evidence,stirred 500 rpm,
ultrasonicated 10 min prior; then static heating,4,10,14,False,Sonicated before static synthesis,Sonicated before static synthesis,,sonication_and_explicit_static_stage,ultrasonicated 10 min prior; then static heating,
ultrasonicated 10 min; static during solvothermal step,13,1,14,False,Sonicated before static synthesis,Sonicated before static synthesis,,sonication_and_explicit_static_stage,ultrasonicated 10 min; static during solvothermal step,
vigorous,6,8,14,False,Other reported agitation,Other agitation; stage not reported,positive_reference_class_count_lt_50,agitation_without_method_or_stage_evidence,vigorous,
"vigorously mixed 30 s, then static",4,10,14,False,Other reported agitation,Other agitation before static synthesis,positive_reference_class_count_lt_50,other_agitation_and_explicit_static_stage,"vigorously mixed 30 s, then static",
sonicated then static,13,0,13,False,Sonicated before static synthesis,Sonicated before static synthesis,,sonication_and_explicit_static_stage,sonicated then static,
stirred (350 rpm),5,8,13,False,Stirred; stage not reported,Stirred; stage not reported,,stirring_without_reaction_stage_evidence,stirred (350 rpm),
stirred (~600 rpm),8,5,13,False,Stirred; stage not reported,Stirred; stage not reported,,stirring_without_reaction_stage_evidence,stirred (~600 rpm),
"stirred 0.5 h, then static",9,4,13,False,Stirred before static synthesis,Stirred before static synthesis,,stirring_and_explicit_static_stage,"stirred 0.5 h, then static",
stirred 1 h then static in oven,13,0,13,False,Stirred before static synthesis,Stirred before static synthesis,,stirring_and_explicit_static_stage,stirred 1 h then static in oven,
stirred 15 min at RT before heating,5,8,13,False,Stirred during preparation; later agitation not reported,Stirred during preparation; later agitation not reported,,preparation_stirring_only,stirred 15 min at rt before heating,
"stirred 30 min, then static during heating",13,0,13,False,Stirred before static synthesis,Stirred before static synthesis,,stirring_and_explicit_static_stage,"stirred 30 min, then static during heating",
stirred 45 min; static during heating,13,0,13,False,Stirred before static synthesis,Stirred before static synthesis,,stirring_and_explicit_static_stage,stirred 45 min; static during heating,
stirred ~1 h at RT before sealing; static during heating,2,11,13,False,Stirred before static synthesis,Stirred before static synthesis,,stirring_and_explicit_static_stage,stirred ~1 h at rt before sealing; static during heating,
ultrasonicated 10 min; static,12,1,13,False,Sonicated before static synthesis,Sonicated before static synthesis,,sonication_and_explicit_static_stage,ultrasonicated 10 min; static,
vigorous stirring 30 min before heating,4,9,13,False,Stirred during preparation; later agitation not reported,Stirred during preparation; later agitation not reported,,preparation_stirring_only,vigorous stirring 30 min before heating,
"centrifuged at 10,000 rpm",12,0,12,False,Not reported,Unclear / ambiguous,no_unique_supported_agitation_state,unresolved_nonempty_description,"centrifuged at 10,000 rpm",Centrifugation alone does not establish a stirring or static state; its stage is not inferred.
mechanical stirring (Teflon-lined),1,11,12,False,Stirred; stage not reported,Stirred; stage not reported,,stirring_without_reaction_stage_evidence,mechanical stirring (teflon-lined),
static (15 min pre-sonication),2,10,12,False,Sonicated before static synthesis,Sonicated before static synthesis,,sonication_and_explicit_static_stage,static (15 min pre-sonication),
static (layered slow evaporation),4,8,12,False,Static / no stirring,Static / no stirring,,explicit_static_or_no_stirring,static (layered slow evaporation),
static (layered),4,8,12,False,Static / no stirring,Static / no stirring,,explicit_static_or_no_stirring,static (layered),
stirred (30 min at RT before solvothermal),0,12,12,False,Stirred during preparation; later agitation not reported,Stirred during preparation; later agitation not reported,,preparation_stirring_only,stirred (30 min at rt before solvothermal),
stirred 10 min before solvothermal,12,0,12,False,Stirred during preparation; later agitation not reported,Stirred during preparation; later agitation not reported,,preparation_stirring_only,stirred 10 min before solvothermal,
stirred 30 min,12,0,12,False,Stirred; stage not reported,Stirred; stage not reported,,stirring_without_reaction_stage_evidence,stirred 30 min,
stirred 60 min before sealing; static during heating,2,10,12,False,Stirred before static synthesis,Stirred before static synthesis,,stirring_and_explicit_static_stage,stirred 60 min before sealing; static during heating,
stirred before solvothermal,4,8,12,False,Stirred during preparation; later agitation not reported,Stirred during preparation; later agitation not reported,,preparation_stirring_only,stirred before solvothermal,
"stirred ~10 min, then static",0,12,12,False,Stirred before static synthesis,Stirred before static synthesis,,stirring_and_explicit_static_stage,"stirred ~10 min, then static",
"adjusted pH, then static",1,10,11,False,Static / no stirring,Static / no stirring,,explicit_static_or_no_stirring,"adjusted ph, then static",
stirred 0.5 h then static,5,6,11,False,Stirred before static synthesis,Stirred before static synthesis,,stirring_and_explicit_static_stage,stirred 0.5 h then static,
"stirred 1 h at RT, then static",10,1,11,False,Stirred before static synthesis,Stirred before static synthesis,,stirring_and_explicit_static_stage,"stirred 1 h at rt, then static",
"stirred 10 min at rt, then static during heating",2,9,11,False,Stirred before static synthesis,Stirred before static synthesis,,stirring_and_explicit_static_stage,"stirred 10 min at rt, then static during heating",
stirred 2 h before heating,3,8,11,False,Stirred during preparation; later agitation not reported,Stirred during preparation; later agitation not reported,,preparation_stirring_only,stirred 2 h before heating,
stirred 20 min then static,11,0,11,False,Stirred before static synthesis,Stirred before static synthesis,,stirring_and_explicit_static_stage,stirred 20 min then static,
stirred 30 min at RT; static during heating,11,0,11,False,Stirred before static synthesis,Stirred before static synthesis,,stirring_and_explicit_static_stage,stirred 30 min at rt; static during heating,
stirred 30 min at RT; then static,11,0,11,False,Stirred before static synthesis,Stirred before static synthesis,,stirring_and_explicit_static_stage,stirred 30 min at rt; then static,
"stirred during addition, then static",11,0,11,False,Stirred before static synthesis,Stirred before static synthesis,,stirring_and_explicit_static_stage,"stirred during addition, then static",
"stirred to dissolve, then static",11,0,11,False,Stirred before static synthesis,Stirred before static synthesis,,stirring_and_explicit_static_stage,"stirred to dissolve, then static",
vigorously stirred,6,5,11,False,Stirred; stage not reported,Stirred; stage not reported,,stirring_without_reaction_stage_evidence,vigorously stirred,
initial DMF solution stirred 2 h; then static during interdiffusion,0,10,10,False,Stirred before static synthesis,Stirred before static synthesis,,stirring_and_explicit_static_stage,initial dmf solution stirred 2 h; then static during interdiffusion,
magnetic stirring under reflux,1,9,10,False,Other reported agitation,Stirred during synthesis,positive_reference_class_count_lt_50,explicit_reaction_stage_stirring,magnetic stirring under reflux,
"stirred 12 h at RT, then static",2,8,10,False,Stirred before static synthesis,Stirred before static synthesis,,stirring_and_explicit_static_stage,"stirred 12 h at rt, then static",
"stirred 30 min (pre), then static",2,8,10,False,Stirred before static synthesis,Stirred before static synthesis,,stirring_and_explicit_static_stage,"stirred 30 min (pre), then static",
stirred at 200 rpm,10,0,10,False,Stirred; stage not reported,Stirred; stage not reported,,stirring_without_reaction_stage_evidence,stirred at 200 rpm,
"stirred at 90 °C (gel prep), then static",10,0,10,False,Stirred before static synthesis,Stirred before static synthesis,,stirring_and_explicit_static_stage,"stirred at 90 °c (gel prep), then static",
stirred briefly before heating,7,3,10,False,Stirred during preparation; later agitation not reported,Stirred during preparation; later agitation not reported,,preparation_stirring_only,stirred briefly before heating,
vigorous stirring 30 min pre-mix; static during heating,10,0,10,False,Stirred before static synthesis,Stirred before static synthesis,,stirring_and_explicit_static_stage,vigorous stirring 30 min pre-mix; static during heating,
metal solution pre-heated at 50 °C for 30 min; layered; static during solvothermal,1,8,9,False,Static / no stirring,Static / no stirring,,explicit_static_or_no_stirring,metal solution pre-heated at 50 °c for 30 min; layered; static during solvothermal,
pre-stirred 5 min at RT; static during heating,9,0,9,False,Stirred before static synthesis,Stirred before static synthesis,,stirring_and_explicit_static_stage,pre-stirred 5 min at rt; static during heating,
sonicated,6,3,9,False,Other reported agitation,Sonicated; stage not reported,positive_reference_class_count_lt_50,sonication_without_reaction_stage_evidence,sonicated,
sonicated briefly; static during heating,1,8,9,False,Sonicated before static synthesis,Sonicated before static synthesis,,sonication_and_explicit_static_stage,sonicated briefly; static during heating,
"sonicated, static aging",9,0,9,False,Sonicated before static synthesis,Sonicated before static synthesis,,sonication_and_explicit_static_stage,"sonicated, static aging",
static (sonicated 10 min before heating),9,0,9,False,Sonicated before static synthesis,Sonicated before static synthesis,,sonication_and_explicit_static_stage,static (sonicated 10 min before heating),
stirred (initial 1 min at 600 rpm),9,0,9,False,Stirred during preparation; later agitation not reported,Stirred during preparation; later agitation not reported,,preparation_stirring_only,stirred (initial 1 min at 600 rpm),
stirred 0.5 h; static during heating,9,0,9,False,Stirred before static synthesis,Stirred before static synthesis,,stirring_and_explicit_static_stage,stirred 0.5 h; static during heating,
"stirred 20 min at RT, then static",6,3,9,False,Stirred before static synthesis,Stirred before static synthesis,,stirring_and_explicit_static_stage,"stirred 20 min at rt, then static",
"stirred 20 min, then static during heating",3,6,9,False,Stirred before static synthesis,Stirred before static synthesis,,stirring_and_explicit_static_stage,"stirred 20 min, then static during heating",
stirred 30 min before solvothermal,9,0,9,False,Stirred during preparation; later agitation not reported,Stirred during preparation; later agitation not reported,,preparation_stirring_only,stirred 30 min before solvothermal,
"stirred 600 rpm for 10 min, then static",7,2,9,False,Stirred before static synthesis,Stirred before static synthesis,,stirring_and_explicit_static_stage,"stirred 600 rpm for 10 min, then static",
stirred before autoclave,2,7,9,False,Stirred during preparation; later agitation not reported,Stirred during preparation; later agitation not reported,,preparation_stirring_only,stirred before autoclave,
stirred during aging; static during heating,9,0,9,False,Stirred before static synthesis,Stirred before static synthesis,,stirring_and_explicit_static_stage,stirred during aging; static during heating,
"stirred, impeller 240 rpm",9,0,9,False,Stirred; stage not reported,Stirred; stage not reported,,stirring_without_reaction_stage_evidence,"stirred, impeller 240 rpm",
"stirred, then static during heating",1,8,9,False,Stirred before static synthesis,Stirred before static synthesis,,stirring_and_explicit_static_stage,"stirred, then static during heating",
"stirring, 150 rpm",3,6,9,False,Stirred; stage not reported,Stirred; stage not reported,,stirring_without_reaction_stage_evidence,"stirring, 150 rpm",
ultrasonically stirred 15 min before heating,9,0,9,False,Stirred during preparation; later agitation not reported,Stirred during preparation; later agitation not reported,,preparation_stirring_only,ultrasonically stirred 15 min before heating,
mild stir,8,0,8,False,Stirred; stage not reported,Stirred; stage not reported,,stirring_without_reaction_stage_evidence,mild stir,
sonicated to ensure homogeneity; static during heating,0,8,8,False,Sonicated before static synthesis,Sonicated before static synthesis,,sonication_and_explicit_static_stage,sonicated to ensure homogeneity; static during heating,
static (after 30 min premix stirring at RT),2,6,8,False,Stirred before static synthesis,Stirred before static synthesis,,stirring_and_explicit_static_stage,static (after 30 min premix stirring at rt),
"stirred (RT), static (autoclave)",4,4,8,False,Stirred before static synthesis,Stirred before static synthesis,,stirring_and_explicit_static_stage,"stirred (rt), static (autoclave)",
"stirred (pre-mix), then static during heating",5,3,8,False,Stirred before static synthesis,Stirred before static synthesis,,stirring_and_explicit_static_stage,"stirred (pre-mix), then static during heating",
stirred (vigorous),8,0,8,False,Stirred; stage not reported,Stirred; stage not reported,,stirring_without_reaction_stage_evidence,stirred (vigorous),
stirred 10 min before heating; static during solvothermal,8,0,8,False,Stirred before static synthesis,Stirred before static synthesis,,stirring_and_explicit_static_stage,stirred 10 min before heating; static during solvothermal,
"stirred 15 min at ambient, then static for hydrothermal step",8,0,8,False,Stirred before static synthesis,Stirred before static synthesis,,stirring_and_explicit_static_stage,"stirred 15 min at ambient, then static for hydrothermal step",
stirred 30 min at RT before heating,8,0,8,False,Stirred during preparation; later agitation not reported,Stirred during preparation; later agitation not reported,,preparation_stirring_only,stirred 30 min at rt before heating,
ultrasonicated 10 min before heating; static during solvothermal,8,0,8,False,Sonicated before static synthesis,Sonicated before static synthesis,,sonication_and_explicit_static_stage,ultrasonicated 10 min before heating; static during solvothermal,
"vigorous stirring 30 min at ambient, then static in autoclave",8,0,8,False,Stirred before static synthesis,Stirred before static synthesis,,stirring_and_explicit_static_stage,"vigorous stirring 30 min at ambient, then static in autoclave",
static (sealed; shaken before heating),7,0,7,False,Other reported agitation,Other agitation before static synthesis,positive_reference_class_count_lt_50,other_agitation_and_explicit_static_stage,static (sealed; shaken before heating),
static; ultrasonically vibrated 10–20 min before heating,7,0,7,False,Sonicated before static synthesis,Sonicated before static synthesis,,sonication_and_explicit_static_stage,static; ultrasonically vibrated 10-20 min before heating,
stirred (1 h at RT before heating),5,2,7,False,Stirred during preparation; later agitation not reported,Stirred during preparation; later agitation not reported,,preparation_stirring_only,stirred (1 h at rt before heating),
stirred (1000 rpm),1,6,7,False,Stirred; stage not reported,Stirred; stage not reported,,stirring_without_reaction_stage_evidence,stirred (1000 rpm),
"stirred (mechanical, 500 rpm)",7,0,7,False,Stirred; stage not reported,Stirred; stage not reported,,stirring_without_reaction_stage_evidence,"stirred (mechanical, 500 rpm)",
"stirred 0.5 h under CO2, then static",7,0,7,False,Stirred before static synthesis,Stirred before static synthesis,,stirring_and_explicit_static_stage,"stirred 0.5 h under co2, then static",
stirred 15 min; static during heating,7,0,7,False,Stirred before static synthesis,Stirred before static synthesis,,stirring_and_explicit_static_stage,stirred 15 min; static during heating,
"stirred 20 min at RT, then sealed and static under autogenous pressure",7,0,7,False,Stirred before static synthesis,Stirred before static synthesis,,stirring_and_explicit_static_stage,"stirred 20 min at rt, then sealed and static under autogenous pressure",
stirred 20 min preheat; static solvothermal,6,1,7,False,Stirred before static synthesis,Stirred before static synthesis,,stirring_and_explicit_static_stage,stirred 20 min preheat; static solvothermal,
stirred 5 min before heating; static during solvothermal step,7,0,7,False,Stirred before static synthesis,Stirred before static synthesis,,stirring_and_explicit_static_stage,stirred 5 min before heating; static during solvothermal step,
"stirred at RT until pale yellow (~45–50 min), static during heating",0,7,7,False,Stirred before static synthesis,Stirred before static synthesis,,stirring_and_explicit_static_stage,"stirred at rt until pale yellow (~45-50 min), static during heating",
stirred under N2 flow,7,0,7,False,Stirred; stage not reported,Stirred; stage not reported,,stirring_without_reaction_stage_evidence,stirred under n2 flow,
ultrasonic 10 min; then static,1,6,7,False,Sonicated before static synthesis,Sonicated before static synthesis,,sonication_and_explicit_static_stage,ultrasonic 10 min; then static,
ultrasonic irradiation,5,2,7,False,Other reported agitation,Sonicated; stage not reported,positive_reference_class_count_lt_50,sonication_without_reaction_stage_evidence,ultrasonic irradiation,
ultrasonicated 10 min before sealing; static during heating,1,6,7,False,Sonicated before static synthesis,Sonicated before static synthesis,,sonication_and_explicit_static_stage,ultrasonicated 10 min before sealing; static during heating,
ultrasound,1,6,7,False,Other reported agitation,Sonicated; stage not reported,positive_reference_class_count_lt_50,sonication_without_reaction_stage_evidence,ultrasound,
"vigorous stir to gel, then static during 6 h hold",1,6,7,False,Stirred before static synthesis,Stirred before static synthesis,,stirring_and_explicit_static_stage,"vigorous stir to gel, then static during 6 h hold",
magnetic stirring 30 min before heating; static during solvothermal step,6,0,6,False,Stirred before static synthesis,Stirred before static synthesis,,stirring_and_explicit_static_stage,magnetic stirring 30 min before heating; static during solvothermal step,
moderate stirring,3,3,6,False,Stirred; stage not reported,Stirred; stage not reported,,stirring_without_reaction_stage_evidence,moderate stirring,
"pre-stirred, then static during solvothermal",6,0,6,False,Stirred before static synthesis,Stirred before static synthesis,,stirring_and_explicit_static_stage,"pre-stirred, then static during solvothermal",
premixing stirred at 50 °C; static during heating,6,0,6,False,Stirred before static synthesis,Stirred before static synthesis,,stirring_and_explicit_static_stage,premixing stirred at 50 °c; static during heating,
static (after 5 min stir),0,6,6,False,Stirred before static synthesis,Stirred before static synthesis,,stirring_and_explicit_static_stage,static (after 5 min stir),
static (after dissolution),6,0,6,False,Static / no stirring,Static / no stirring,,explicit_static_or_no_stirring,static (after dissolution),
static after casting,2,4,6,False,Static / no stirring,Static / no stirring,,explicit_static_or_no_stirring,static after casting,
static after mixing,1,5,6,False,Other reported agitation,Other agitation before static synthesis,positive_reference_class_count_lt_50,other_agitation_and_explicit_static_stage,static after mixing,
static; bath sonication 30 min before heating,5,1,6,False,Sonicated before static synthesis,Sonicated before static synthesis,,sonication_and_explicit_static_stage,static; bath sonication 30 min before heating,
"stirred (700 rpm), under N2",2,4,6,False,Stirred; stage not reported,Stirred; stage not reported,,stirring_without_reaction_stage_evidence,"stirred (700 rpm), under n2",
stirred 1 h before heating; static during heating,5,1,6,False,Stirred before static synthesis,Stirred before static synthesis,,stirring_and_explicit_static_stage,stirred 1 h before heating; static during heating,
"stirred 15 min, then static layering",6,0,6,False,Stirred before static synthesis,Stirred before static synthesis,,stirring_and_explicit_static_stage,"stirred 15 min, then static layering",
stirred 2 h; then static,6,0,6,False,Stirred before static synthesis,Stirred before static synthesis,,stirring_and_explicit_static_stage,stirred 2 h; then static,
stirred 30 min before heating; static during heating,6,0,6,False,Stirred before static synthesis,Stirred before static synthesis,,stirring_and_explicit_static_stage,stirred 30 min before heating; static during heating,
"stirred 30 min premix, then static",6,0,6,False,Stirred before static synthesis,Stirred before static synthesis,,stirring_and_explicit_static_stage,"stirred 30 min premix, then static",
stirred 30 min then heated,1,5,6,False,Stirred during preparation; later agitation not reported,Stirred during preparation; later agitation not reported,,preparation_stirring_only,stirred 30 min then heated,
stirred 300 rpm; sequential dropwise addition at 2 mL/min,6,0,6,False,Stirred; stage not reported,Stirred; stage not reported,,stirring_without_reaction_stage_evidence,stirred 300 rpm; sequential dropwise addition at 2 ml/min,
stirred 350 rpm,2,4,6,False,Stirred; stage not reported,Stirred; stage not reported,,stirring_without_reaction_stage_evidence,stirred 350 rpm,
stirred at 500 rpm,6,0,6,False,Stirred; stage not reported,Stirred; stage not reported,,stirring_without_reaction_stage_evidence,stirred at 500 rpm,
"stirred during addition, then static for slow evaporation",2,4,6,False,Stirred before static synthesis,Stirred before static synthesis,,stirring_and_explicit_static_stage,"stirred during addition, then static for slow evaporation",
"stirred for several minutes, then static",6,0,6,False,Stirred before static synthesis,Stirred before static synthesis,,stirring_and_explicit_static_stage,"stirred for several minutes, then static",
stirred ~15 min before sealing,6,0,6,False,Stirred during preparation; later agitation not reported,Stirred during preparation; later agitation not reported,,preparation_stirring_only,stirred ~15 min before sealing,
"stirred, 240 rpm (pitched blade)",6,0,6,False,Stirred; stage not reported,Stirred; stage not reported,,stirring_without_reaction_stage_evidence,"stirred, 240 rpm (pitched blade)",
stirred; 1 h RT pre-stir,6,0,6,False,Stirred during preparation; later agitation not reported,Stirred during preparation; later agitation not reported,,preparation_stirring_only,stirred; 1 h rt pre-stir,
strong stirring,2,4,6,False,Stirred; stage not reported,Stirred; stage not reported,,stirring_without_reaction_stage_evidence,strong stirring,
"ultrasonicated 10 min, then static",1,5,6,False,Sonicated before static synthesis,Sonicated before static synthesis,,sonication_and_explicit_static_stage,"ultrasonicated 10 min, then static",
"pre-stirred 10 min, then static",5,0,5,True,Stirred before static synthesis,Stirred before static synthesis,,stirring_and_explicit_static_stage,"pre-stirred 10 min, then static",
pre-stirred 12 h; static during heating,2,3,5,True,Stirred before static synthesis,Stirred before static synthesis,,stirring_and_explicit_static_stage,pre-stirred 12 h; static during heating,
sonicated 10 min; static during heating,5,0,5,True,Sonicated before static synthesis,Sonicated before static synthesis,,sonication_and_explicit_static_stage,sonicated 10 min; static during heating,
"sonicated 5 min, then static",5,0,5,True,Sonicated before static synthesis,Sonicated before static synthesis,,sonication_and_explicit_static_stage,"sonicated 5 min, then static",
"sonicated, static",4,1,5,True,Sonicated before static synthesis,Sonicated before static synthesis,,sonication_and_explicit_static_stage,"sonicated, static",
static (premix stirred 5–7 min),1,4,5,True,Stirred before static synthesis,Stirred before static synthesis,,stirring_and_explicit_static_stage,static (premix stirred 5-7 min),
static (slow diffusion),5,0,5,True,Static / no stirring,Static / no stirring,,explicit_static_or_no_stirring,static (slow diffusion),
static; pre-sonicated,3,2,5,True,Sonicated before static synthesis,Sonicated before static synthesis,,sonication_and_explicit_static_stage,static; pre-sonicated,
stirred (1 h pre-reaction),5,0,5,True,Stirred during preparation; later agitation not reported,Stirred during preparation; later agitation not reported,,preparation_stirring_only,stirred (1 h pre-reaction),
stirred (1500 rpm),5,0,5,True,Stirred; stage not reported,Stirred; stage not reported,,stirring_without_reaction_stage_evidence,stirred (1500 rpm),
stirred (2 h pre-mix),5,0,5,True,Stirred during preparation; later agitation not reported,Stirred during preparation; later agitation not reported,,preparation_stirring_only,stirred (2 h pre-mix),
"stirred (2 h pre-stir), then static",5,0,5,True,Stirred before static synthesis,Stirred before static synthesis,,stirring_and_explicit_static_stage,"stirred (2 h pre-stir), then static",
"stirred (dropwise addition, then stirred)",5,0,5,True,Stirred; stage not reported,Stirred; stage not reported,,stirring_without_reaction_stage_evidence,"stirred (dropwise addition, then stirred)",
stirred (premix 10 min),5,0,5,True,Stirred during preparation; later agitation not reported,Stirred during preparation; later agitation not reported,,preparation_stirring_only,stirred (premix 10 min),
stirred 0.5 h pre-mix; static during heating,5,0,5,True,Stirred before static synthesis,Stirred before static synthesis,,stirring_and_explicit_static_stage,stirred 0.5 h pre-mix; static during heating,
stirred 1 h at RT; then static,5,0,5,True,Stirred before static synthesis,Stirred before static synthesis,,stirring_and_explicit_static_stage,stirred 1 h at rt; then static,
stirred 1 h before autoclave,5,0,5,True,Stirred during preparation; later agitation not reported,Stirred during preparation; later agitation not reported,,preparation_stirring_only,stirred 1 h before autoclave,
"stirred 1 h pre-mix, then static during heating",5,0,5,True,Stirred before static synthesis,Stirred before static synthesis,,stirring_and_explicit_static_stage,"stirred 1 h pre-mix, then static during heating",
"stirred 1 h under N2, then static 24 h",5,0,5,True,Stirred before static synthesis,Stirred before static synthesis,,stirring_and_explicit_static_stage,"stirred 1 h under n2, then static 24 h",
stirred 10 min before autoclave,4,1,5,True,Stirred during preparation; later agitation not reported,Stirred during preparation; later agitation not reported,,preparation_stirring_only,stirred 10 min before autoclave,
stirred 15 min at RT before sealing; static during heating,5,0,5,True,Stirred before static synthesis,Stirred before static synthesis,,stirring_and_explicit_static_stage,stirred 15 min at rt before sealing; static during heating,
stirred 15 min then static,5,0,5,True,Stirred before static synthesis,Stirred before static synthesis,,stirring_and_explicit_static_stage,stirred 15 min then static,
"stirred 15 min, then heated (static)",5,0,5,True,Stirred before static synthesis,Stirred before static synthesis,,stirring_and_explicit_static_stage,"stirred 15 min, then heated (static)",
stirred 2 h; then static diffusion,1,4,5,True,Stirred before static synthesis,Stirred before static synthesis,,stirring_and_explicit_static_stage,stirred 2 h; then static diffusion,
stirred 30 min before heating; static during solvothermal stage,1,4,5,True,Stirred before static synthesis,Stirred before static synthesis,,stirring_and_explicit_static_stage,stirred 30 min before heating; static during solvothermal stage,
stirred 30 min; then static (slow evaporation),5,0,5,True,Stirred before static synthesis,Stirred before static synthesis,,stirring_and_explicit_static_stage,stirred 30 min; then static (slow evaporation),
stirred 5–10 min; then static,1,4,5,True,Stirred before static synthesis,Stirred before static synthesis,,stirring_and_explicit_static_stage,stirred 5-10 min; then static,
stirred at 1200 rpm during addition and aging,5,0,5,True,Stirred during preparation; later agitation not reported,Stirred during preparation; later agitation not reported,,preparation_stirring_only,stirred at 1200 rpm during addition and aging,
stirred before evaporation; static during heating,3,2,5,True,Stirred before static synthesis,Stirred before static synthesis,,stirring_and_explicit_static_stage,stirred before evaporation; static during heating,
"stirred during mixing (600 r/min), then static in autoclave",5,0,5,True,Stirred before static synthesis,Stirred before static synthesis,,stirring_and_explicit_static_stage,"stirred during mixing (600 r/min), then static in autoclave",
"stirred for gelation, then static during crystallization",5,0,5,True,Stirred before static synthesis,Stirred before static synthesis,,stirring_and_explicit_static_stage,"stirred for gelation, then static during crystallization",
stirred to dissolve; static during heating,5,0,5,True,Stirred before static synthesis,Stirred before static synthesis,,stirring_and_explicit_static_stage,stirred to dissolve; static during heating,
stirred vigorously 15 min at RT,4,1,5,True,Stirred; stage not reported,Stirred; stage not reported,,stirring_without_reaction_stage_evidence,stirred vigorously 15 min at rt,
"stirred, 250 rpm",1,4,5,True,Stirred; stage not reported,Stirred; stage not reported,,stirring_without_reaction_stage_evidence,"stirred, 250 rpm",
stirred; dropwise addition,1,4,5,True,Stirred; stage not reported,Stirred; stage not reported,,stirring_without_reaction_stage_evidence,stirred; dropwise addition,
strong stirring (1200 rpm),5,0,5,True,Stirred; stage not reported,Stirred; stage not reported,,stirring_without_reaction_stage_evidence,strong stirring (1200 rpm),
ultrasonicated 10 min; static during heating,5,0,5,True,Sonicated before static synthesis,Sonicated before static synthesis,,sonication_and_explicit_static_stage,ultrasonicated 10 min; static during heating,
ultrasonicated 30 min; static,4,1,5,True,Sonicated before static synthesis,Sonicated before static synthesis,,sonication_and_explicit_static_stage,ultrasonicated 30 min; static,
ultrasonicated; stirred (pre-mix),5,0,5,True,Stirred during preparation; later agitation not reported,Stirred during preparation; later agitation not reported,,preparation_stirring_only,ultrasonicated; stirred (pre-mix),
vigorous stirring before sealing; static during heating,5,0,5,True,Stirred before static synthesis,Stirred before static synthesis,,stirring_and_explicit_static_stage,vigorous stirring before sealing; static during heating,
"RPB 1500 rpm, then static",4,0,4,True,Other reported agitation,Other agitation before static synthesis,positive_reference_class_count_lt_50,other_agitation_and_explicit_static_stage,"rpb 1500 rpm, then static",
dropwise addition under Ar,4,0,4,True,Not reported,Unclear / ambiguous,no_unique_supported_agitation_state,unresolved_nonempty_description,dropwise addition under ar,Reagent addition alone does not specify agitation.
fast stirring,4,0,4,True,Stirred; stage not reported,Stirred; stage not reported,,stirring_without_reaction_stage_evidence,fast stirring,
pre-stirred 20 min; static during heating,2,2,4,True,Stirred before static synthesis,Stirred before static synthesis,,stirring_and_explicit_static_stage,pre-stirred 20 min; static during heating,
rapidly stirred,2,2,4,True,Stirred; stage not reported,Stirred; stage not reported,,stirring_without_reaction_stage_evidence,rapidly stirred,
rotating 150 rpm,4,0,4,True,Other reported agitation,Shaken / rotated; stage not reported,positive_reference_class_count_lt_50,shaking_rotation_or_vortexing,rotating 150 rpm,
shaken vigorously,4,0,4,True,Other reported agitation,Shaken / rotated; stage not reported,positive_reference_class_count_lt_50,shaking_rotation_or_vortexing,shaken vigorously,
slow stirring,4,0,4,True,Stirred; stage not reported,Stirred; stage not reported,,stirring_without_reaction_stage_evidence,slow stirring,
sonicated 2 min; static,4,0,4,True,Sonicated before static synthesis,Sonicated before static synthesis,,sonication_and_explicit_static_stage,sonicated 2 min; static,
sonicated 2 min; static during heating,1,3,4,True,Sonicated before static synthesis,Sonicated before static synthesis,,sonication_and_explicit_static_stage,sonicated 2 min; static during heating,
sonicated 30 min prior; static during solvothermal,4,0,4,True,Sonicated before static synthesis,Sonicated before static synthesis,,sonication_and_explicit_static_stage,sonicated 30 min prior; static during solvothermal,
"sonicated 30 min, then static",4,0,4,True,Sonicated before static synthesis,Sonicated before static synthesis,,sonication_and_explicit_static_stage,"sonicated 30 min, then static",
sonicated 30 min; then heated (static),4,0,4,True,Sonicated before static synthesis,Sonicated before static synthesis,,sonication_and_explicit_static_stage,sonicated 30 min; then heated (static),
static (after initial mixing),2,2,4,True,Other reported agitation,Other agitation before static synthesis,positive_reference_class_count_lt_50,other_agitation_and_explicit_static_stage,static (after initial mixing),
static (sonicated 1 min before heating),2,2,4,True,Sonicated before static synthesis,Sonicated before static synthesis,,sonication_and_explicit_static_stage,static (sonicated 1 min before heating),
stirred (10 min at RT) then static,4,0,4,True,Stirred before static synthesis,Stirred before static synthesis,,stirring_and_explicit_static_stage,stirred (10 min at rt) then static,
stirred (100–150 rpm),1,3,4,True,Stirred; stage not reported,Stirred; stage not reported,,stirring_without_reaction_stage_evidence,stirred (100-150 rpm),
stirred (150 rpm); Solution 2 added dropwise to Solution 1,1,3,4,True,Stirred; stage not reported,Stirred; stage not reported,,stirring_without_reaction_stage_evidence,stirred (150 rpm); solution 2 added dropwise to solution 1,
stirred (200 rpm) before autoclave; static during heating,4,0,4,True,Stirred before static synthesis,Stirred before static synthesis,,stirring_and_explicit_static_stage,stirred (200 rpm) before autoclave; static during heating,
stirred (30 min at RT prior to sealing),4,0,4,True,Stirred during preparation; later agitation not reported,Stirred during preparation; later agitation not reported,,preparation_stirring_only,stirred (30 min at rt prior to sealing),
stirred (5 min before sealing),4,0,4,True,Stirred during preparation; later agitation not reported,Stirred during preparation; later agitation not reported,,preparation_stirring_only,stirred (5 min before sealing),
stirred (600 rpm),1,3,4,True,Stirred; stage not reported,Stirred; stage not reported,,stirring_without_reaction_stage_evidence,stirred (600 rpm),
stirred (800 rpm),4,0,4,True,Stirred; stage not reported,Stirred; stage not reported,,stirring_without_reaction_stage_evidence,stirred (800 rpm),
stirred (premix 1 h at ambient temperature),4,0,4,True,Stirred during preparation; later agitation not reported,Stirred during preparation; later agitation not reported,,preparation_stirring_only,stirred (premix 1 h at ambient temperature),
stirred 0.5 h pre-mix; solvothermal static,4,0,4,True,Stirred before static synthesis,Stirred before static synthesis,,stirring_and_explicit_static_stage,stirred 0.5 h pre-mix; solvothermal static,
"stirred 1 h pre-heating, then static",4,0,4,True,Stirred before static synthesis,Stirred before static synthesis,,stirring_and_explicit_static_stage,"stirred 1 h pre-heating, then static",
"stirred 1 h, then static solvothermal",4,0,4,True,Stirred before static synthesis,Stirred before static synthesis,,stirring_and_explicit_static_stage,"stirred 1 h, then static solvothermal",
stirred 1 h; static 24 h,4,0,4,True,Stirred before static synthesis,Stirred before static synthesis,,stirring_and_explicit_static_stage,stirred 1 h; static 24 h,
stirred 10 min before heating,4,0,4,True,Stirred during preparation; later agitation not reported,Stirred during preparation; later agitation not reported,,preparation_stirring_only,stirred 10 min before heating,
stirred 15 min at RT; then static solvothermal,4,0,4,True,Stirred before static synthesis,Stirred before static synthesis,,stirring_and_explicit_static_stage,stirred 15 min at rt; then static solvothermal,
"stirred 1–2 min, then static",0,4,4,True,Stirred before static synthesis,Stirred before static synthesis,,stirring_and_explicit_static_stage,"stirred 1-2 min, then static",
stirred 20 min at RT before solvothermal step,4,0,4,True,Stirred during preparation; later agitation not reported,Stirred during preparation; later agitation not reported,,preparation_stirring_only,stirred 20 min at rt before solvothermal step,
stirred 20 min before sealing; static during heating,4,0,4,True,Stirred before static synthesis,Stirred before static synthesis,,stirring_and_explicit_static_stage,stirred 20 min before sealing; static during heating,
"stirred 20 min, then heated static",2,2,4,True,Stirred before static synthesis,Stirred before static synthesis,,stirring_and_explicit_static_stage,"stirred 20 min, then heated static",
stirred 20 min; layered slow diffusion,4,0,4,True,Stirred during preparation; later agitation not reported,Stirred during preparation; later agitation not reported,,preparation_stirring_only,stirred 20 min; layered slow diffusion,
stirred 30 min at room temperature before sealing,4,0,4,True,Stirred during preparation; later agitation not reported,Stirred during preparation; later agitation not reported,,preparation_stirring_only,stirred 30 min at room temperature before sealing,
stirred 30 min before heating; static during solvothermal,4,0,4,True,Stirred before static synthesis,Stirred before static synthesis,,stirring_and_explicit_static_stage,stirred 30 min before heating; static during solvothermal,
stirred 30 min pre-mix; static during heating,4,0,4,True,Stirred before static synthesis,Stirred before static synthesis,,stirring_and_explicit_static_stage,stirred 30 min pre-mix; static during heating,
"stirred 5 min before sealing, then static",4,0,4,True,Stirred before static synthesis,Stirred before static synthesis,,stirring_and_explicit_static_stage,"stirred 5 min before sealing, then static",
stirred 5 min then static,4,0,4,True,Stirred before static synthesis,Stirred before static synthesis,,stirring_and_explicit_static_stage,stirred 5 min then static,
"stirred 5–10 min at RT, then static during solvothermal step",4,0,4,True,Stirred before static synthesis,Stirred before static synthesis,,stirring_and_explicit_static_stage,"stirred 5-10 min at rt, then static during solvothermal step",
stirred before heating; static during solvothermal step,2,2,4,True,Stirred before static synthesis,Stirred before static synthesis,,stirring_and_explicit_static_stage,stirred before heating; static during solvothermal step,
stirred before sealing; static during heat treatment,4,0,4,True,Stirred before static synthesis,Stirred before static synthesis,,stirring_and_explicit_static_stage,stirred before sealing; static during heat treatment,
stirred before solvothermal step,2,2,4,True,Stirred during preparation; later agitation not reported,Stirred during preparation; later agitation not reported,,preparation_stirring_only,stirred before solvothermal step,
"stirred during mixing, then static",4,0,4,True,Stirred before static synthesis,Stirred before static synthesis,,stirring_and_explicit_static_stage,"stirred during mixing, then static",
stirred during mixing; static after combining,4,0,4,True,Stirred before static synthesis,Stirred before static synthesis,,stirring_and_explicit_static_stage,stirred during mixing; static after combining,
stirred during mixing; static in autoclave,0,4,4,True,Stirred before static synthesis,Stirred before static synthesis,,stirring_and_explicit_static_stage,stirred during mixing; static in autoclave,
stirred overnight before hydrothermal step,4,0,4,True,Stirred during preparation; later agitation not reported,Stirred during preparation; later agitation not reported,,preparation_stirring_only,stirred overnight before hydrothermal step,
"stirred ~15 min, then static",4,0,4,True,Stirred before static synthesis,Stirred before static synthesis,,stirring_and_explicit_static_stage,"stirred ~15 min, then static",
"stirred, 1000 rpm; metal solution added dropwise via separatory funnel",4,0,4,True,Stirred; stage not reported,Stirred; stage not reported,,stirring_without_reaction_stage_evidence,"stirred, 1000 rpm; metal solution added dropwise via separatory funnel",
stirred; ultrasonicated 20 min before heating,4,0,4,True,Stirred during preparation; later agitation not reported,Stirred during preparation; later agitation not reported,,preparation_stirring_only,stirred; ultrasonicated 20 min before heating,
"ultrasonicated, then stirred",3,1,4,True,Stirred; stage not reported,Stirred; stage not reported,,stirring_without_reaction_stage_evidence,"ultrasonicated, then stirred",
ultrasonication,4,0,4,True,Other reported agitation,Sonicated; stage not reported,positive_reference_class_count_lt_50,sonication_without_reaction_stage_evidence,ultrasonication,
vigorous 5 min before heating,4,0,4,True,Other reported agitation,Other agitation during preparation; later agitation not reported,positive_reference_class_count_lt_50,preparation_agitation_only,vigorous 5 min before heating,
vigorous magnetic stirring before heating; static during heating,2,2,4,True,Stirred before static synthesis,Stirred before static synthesis,,stirring_and_explicit_static_stage,vigorous magnetic stirring before heating; static during heating,
without stirring,1,3,4,True,Static / no stirring,Static / no stirring,,explicit_static_or_no_stirring,without stirring,
"briefly stirred, then static",3,0,3,True,Stirred before static synthesis,Stirred before static synthesis,,stirring_and_explicit_static_stage,"briefly stirred, then static",
constant stirring,1,2,3,True,Stirred; stage not reported,Stirred; stage not reported,,stirring_without_reaction_stage_evidence,constant stirring,
magnetic stirring in water bath,3,0,3,True,Stirred; stage not reported,Stirred; stage not reported,,stirring_without_reaction_stage_evidence,magnetic stirring in water bath,
"platform shaker, 120 rpm",3,0,3,True,Other reported agitation,Shaken / rotated; stage not reported,positive_reference_class_count_lt_50,shaking_rotation_or_vortexing,"platform shaker, 120 rpm",
pre-stirred 0.5 h; static during heating,3,0,3,True,Stirred before static synthesis,Stirred before static synthesis,,stirring_and_explicit_static_stage,pre-stirred 0.5 h; static during heating,
pre-stirred 15 min; static during heating,3,0,3,True,Stirred before static synthesis,Stirred before static synthesis,,stirring_and_explicit_static_stage,pre-stirred 15 min; static during heating,
pre-stirred 30 min; static during heating,3,0,3,True,Stirred before static synthesis,Stirred before static synthesis,,stirring_and_explicit_static_stage,pre-stirred 30 min; static during heating,
pre-stirred 5 min; static in cell,3,0,3,True,Stirred before static synthesis,Stirred before static synthesis,,stirring_and_explicit_static_stage,pre-stirred 5 min; static in cell,
pre-stirred ligand solutions 1 h; static diffusion,3,0,3,True,Stirred before static synthesis,Stirred before static synthesis,,stirring_and_explicit_static_stage,pre-stirred ligand solutions 1 h; static diffusion,
reflux,3,0,3,True,Not reported,Unclear / ambiguous,no_unique_supported_agitation_state,unresolved_nonempty_description,reflux,Heating or irradiation alone does not specify agitation.
rotation (30 rpm); 30 min pre-stir before capping,3,0,3,True,Other reported agitation,Shaken / rotated; stage not reported,positive_reference_class_count_lt_50,shaking_rotation_or_vortexing,rotation (30 rpm); 30 min pre-stir before capping,
shaken,2,1,3,True,Other reported agitation,Shaken / rotated; stage not reported,positive_reference_class_count_lt_50,shaking_rotation_or_vortexing,shaken,
sonicated before heating,3,0,3,True,Other reported agitation,Sonicated during preparation; later agitation not reported,positive_reference_class_count_lt_50,preparation_sonication_only,sonicated before heating,
sonicated prior to heating; static during solvothermal,1,2,3,True,Sonicated before static synthesis,Sonicated before static synthesis,,sonication_and_explicit_static_stage,sonicated prior to heating; static during solvothermal,
static (after initial 10 min stirring at RT),3,0,3,True,Stirred before static synthesis,Stirred before static synthesis,,stirring_and_explicit_static_stage,static (after initial 10 min stirring at rt),
static (after initial 15 min stirring),1,2,3,True,Stirred before static synthesis,Stirred before static synthesis,,stirring_and_explicit_static_stage,static (after initial 15 min stirring),
stirred (0.5 h pre-mix),2,1,3,True,Stirred during preparation; later agitation not reported,Stirred during preparation; later agitation not reported,,preparation_stirring_only,stirred (0.5 h pre-mix),
stirred (10 min before heating),3,0,3,True,Stirred during preparation; later agitation not reported,Stirred during preparation; later agitation not reported,,preparation_stirring_only,stirred (10 min before heating),
stirred (Cu+MNA solution added dropwise to linker solution),3,0,3,True,Stirred; stage not reported,Stirred; stage not reported,,stirring_without_reaction_stage_evidence,stirred (cu+mna solution added dropwise to linker solution),
stirred (Cu+NPA solution added dropwise to linker solution),3,0,3,True,Stirred; stage not reported,Stirred; stage not reported,,stirring_without_reaction_stage_evidence,stirred (cu+npa solution added dropwise to linker solution),
stirred (before sealing),1,2,3,True,Stirred during preparation; later agitation not reported,Stirred during preparation; later agitation not reported,,preparation_stirring_only,stirred (before sealing),
stirred (metal solution added dropwise to ligand solution),3,0,3,True,Stirred; stage not reported,Stirred; stage not reported,,stirring_without_reaction_stage_evidence,stirred (metal solution added dropwise to ligand solution),
stirred 0.5 h before autoclave,3,0,3,True,Stirred during preparation; later agitation not reported,Stirred during preparation; later agitation not reported,,preparation_stirring_only,stirred 0.5 h before autoclave,
stirred 0.5 h before heating,3,0,3,True,Stirred during preparation; later agitation not reported,Stirred during preparation; later agitation not reported,,preparation_stirring_only,stirred 0.5 h before heating,
stirred 1 h pre-mixing; static during hydrothermal,2,1,3,True,Stirred before static synthesis,Stirred before static synthesis,,stirring_and_explicit_static_stage,stirred 1 h pre-mixing; static during hydrothermal,
"stirred 1 h, then heated",1,2,3,True,Stirred during preparation; later agitation not reported,Stirred during preparation; later agitation not reported,,preparation_stirring_only,"stirred 1 h, then heated",
stirred 10 min at RT before sealing,3,0,3,True,Stirred during preparation; later agitation not reported,Stirred during preparation; later agitation not reported,,preparation_stirring_only,stirred 10 min at rt before sealing,
"stirred 10 min at room temperature, then static under autogenous pressure",3,0,3,True,Stirred before static synthesis,Stirred before static synthesis,,stirring_and_explicit_static_stage,"stirred 10 min at room temperature, then static under autogenous pressure",
stirred 10 min before heating; static during heating,3,0,3,True,Stirred before static synthesis,Stirred before static synthesis,,stirring_and_explicit_static_stage,stirred 10 min before heating; static during heating,
stirred 10 min before sealing; static during reaction,3,0,3,True,Stirred before static synthesis,Stirred before static synthesis,,stirring_and_explicit_static_stage,stirred 10 min before sealing; static during reaction,
stirred 10 min pre-mix; static during heating,3,0,3,True,Stirred before static synthesis,Stirred before static synthesis,,stirring_and_explicit_static_stage,stirred 10 min pre-mix; static during heating,
"stirred 10 min, then sealed (static during heating)",3,0,3,True,Stirred before static synthesis,Stirred before static synthesis,,stirring_and_explicit_static_stage,"stirred 10 min, then sealed (static during heating)",
"stirred 10 min, then solvent evaporation under argon stream",0,3,3,True,Stirred during preparation; later agitation not reported,Stirred during preparation; later agitation not reported,,preparation_stirring_only,"stirred 10 min, then solvent evaporation under argon stream",
stirred 10 min; then static,3,0,3,True,Stirred before static synthesis,Stirred before static synthesis,,stirring_and_explicit_static_stage,stirred 10 min; then static,
"stirred 15 min at 730 rpm, then heated",3,0,3,True,Stirred during preparation; later agitation not reported,Stirred during preparation; later agitation not reported,,preparation_stirring_only,"stirred 15 min at 730 rpm, then heated",
"stirred 2 h pre-heat, then static",3,0,3,True,Stirred before static synthesis,Stirred before static synthesis,,stirring_and_explicit_static_stage,"stirred 2 h pre-heat, then static",
stirred 2 h; static during heating,3,0,3,True,Stirred before static synthesis,Stirred before static synthesis,,stirring_and_explicit_static_stage,stirred 2 h; static during heating,
stirred 20 min at RT before heating; static during solvothermal stage,1,2,3,True,Stirred before static synthesis,Stirred before static synthesis,,stirring_and_explicit_static_stage,stirred 20 min at rt before heating; static during solvothermal stage,
stirred 20 min before heating,3,0,3,True,Stirred during preparation; later agitation not reported,Stirred during preparation; later agitation not reported,,preparation_stirring_only,stirred 20 min before heating,
stirred 20 min in air; static during heating,3,0,3,True,Stirred before static synthesis,Stirred before static synthesis,,stirring_and_explicit_static_stage,stirred 20 min in air; static during heating,
"stirred 3 h at RT (premix), then static",3,0,3,True,Stirred before static synthesis,Stirred before static synthesis,,stirring_and_explicit_static_stage,"stirred 3 h at rt (premix), then static",
stirred 3 h then static,2,1,3,True,Stirred before static synthesis,Stirred before static synthesis,,stirring_and_explicit_static_stage,stirred 3 h then static,
stirred 30 min at RT (pre-mix); static during hydrothermal,2,1,3,True,Stirred before static synthesis,Stirred before static synthesis,,stirring_and_explicit_static_stage,stirred 30 min at rt (pre-mix); static during hydrothermal,
stirred 30 min at RT before sealing,3,0,3,True,Stirred during preparation; later agitation not reported,Stirred during preparation; later agitation not reported,,preparation_stirring_only,stirred 30 min at rt before sealing,
"stirred 30 min at RT, then heated (static)",1,2,3,True,Stirred before static synthesis,Stirred before static synthesis,,stirring_and_explicit_static_stage,"stirred 30 min at rt, then heated (static)",
stirred 30 min before solvothermal; static during heating,3,0,3,True,Stirred before static synthesis,Stirred before static synthesis,,stirring_and_explicit_static_stage,stirred 30 min before solvothermal; static during heating,
stirred 30 min then static 12 h,3,0,3,True,Stirred before static synthesis,Stirred before static synthesis,,stirring_and_explicit_static_stage,stirred 30 min then static 12 h,
"stirred 30 min, then sealed (static during heating)",3,0,3,True,Stirred before static synthesis,Stirred before static synthesis,,stirring_and_explicit_static_stage,"stirred 30 min, then sealed (static during heating)",
stirred 30 min; then heated (static),3,0,3,True,Stirred before static synthesis,Stirred before static synthesis,,stirring_and_explicit_static_stage,stirred 30 min; then heated (static),
stirred 30 min; then static evaporation,1,2,3,True,Stirred before static synthesis,Stirred before static synthesis,,stirring_and_explicit_static_stage,stirred 30 min; then static evaporation,
stirred 40 min before sealing; static during heating,3,0,3,True,Stirred before static synthesis,Stirred before static synthesis,,stirring_and_explicit_static_stage,stirred 40 min before sealing; static during heating,
"stirred 5 min at RT, then static during heating",1,2,3,True,Stirred before static synthesis,Stirred before static synthesis,,stirring_and_explicit_static_stage,"stirred 5 min at rt, then static during heating",
stirred 5 min before sealing; static during heating,3,0,3,True,Stirred before static synthesis,Stirred before static synthesis,,stirring_and_explicit_static_stage,stirred 5 min before sealing; static during heating,
"stirred 60 min at RT, then heated (static)",3,0,3,True,Stirred before static synthesis,Stirred before static synthesis,,stirring_and_explicit_static_stage,"stirred 60 min at rt, then heated (static)",
stirred at 1000 rpm,2,1,3,True,Stirred; stage not reported,Stirred; stage not reported,,stirring_without_reaction_stage_evidence,stirred at 1000 rpm,
stirred overnight; then static,3,0,3,True,Stirred before static synthesis,Stirred before static synthesis,,stirring_and_explicit_static_stage,stirred overnight; then static,
stirred then heated (solvothermal),1,2,3,True,Stirred during preparation; later agitation not reported,Stirred during preparation; later agitation not reported,,preparation_stirring_only,stirred then heated (solvothermal),
stirred then sonicated; static during heating,3,0,3,True,Stirred before static synthesis,Stirred before static synthesis,,stirring_and_explicit_static_stage,stirred then sonicated; static during heating,
"stirred to homogeneous, then static",3,0,3,True,Stirred before static synthesis,Stirred before static synthesis,,stirring_and_explicit_static_stage,"stirred to homogeneous, then static",
stirred under sonication,3,0,3,True,Stirred; stage not reported,Stirred; stage not reported,,stirring_without_reaction_stage_evidence,stirred under sonication,
"stirred, 150 rpm",3,0,3,True,Stirred; stage not reported,Stirred; stage not reported,,stirring_without_reaction_stage_evidence,"stirred, 150 rpm",
"stirred, 300 rpm",3,0,3,True,Stirred; stage not reported,Stirred; stage not reported,,stirring_without_reaction_stage_evidence,"stirred, 300 rpm",
"stirred, then static (standing)",3,0,3,True,Stirred before static synthesis,Stirred before static synthesis,,stirring_and_explicit_static_stage,"stirred, then static (standing)",
"stirred, then static aging",3,0,3,True,Stirred before static synthesis,Stirred before static synthesis,,stirring_and_explicit_static_stage,"stirred, then static aging",
stirred; metal solution added to linker solution,1,2,3,True,Stirred; stage not reported,Stirred; stage not reported,,stirring_without_reaction_stage_evidence,stirred; metal solution added to linker solution,
stirred; sonicated 20 min; sealed static during heating,3,0,3,True,Stirred before static synthesis,Stirred before static synthesis,,stirring_and_explicit_static_stage,stirred; sonicated 20 min; sealed static during heating,
ultrasonic,3,0,3,True,Other reported agitation,Sonicated; stage not reported,positive_reference_class_count_lt_50,sonication_without_reaction_stage_evidence,ultrasonic,
ultrasonic bath to dissolve; then static (no agitation),1,2,3,True,Sonicated before static synthesis,Sonicated before static synthesis,,sonication_and_explicit_static_stage,ultrasonic bath to dissolve; then static (no agitation),
"ultrasonic irradiation, then static evaporation",3,0,3,True,Sonicated before static synthesis,Sonicated before static synthesis,,sonication_and_explicit_static_stage,"ultrasonic irradiation, then static evaporation",
ultrasonicated 20 min before heating; static during heating,3,0,3,True,Sonicated before static synthesis,Sonicated before static synthesis,,sonication_and_explicit_static_stage,ultrasonicated 20 min before heating; static during heating,
"ultrasonicated 30 min, then static",3,0,3,True,Sonicated before static synthesis,Sonicated before static synthesis,,sonication_and_explicit_static_stage,"ultrasonicated 30 min, then static",
ultrasonicated 30 min; static during heating,3,0,3,True,Sonicated before static synthesis,Sonicated before static synthesis,,sonication_and_explicit_static_stage,ultrasonicated 30 min; static during heating,
ultrasonicated 5 min; static during heating,3,0,3,True,Sonicated before static synthesis,Sonicated before static synthesis,,sonication_and_explicit_static_stage,ultrasonicated 5 min; static during heating,
ultrasound bath 5 min; then static,0,3,3,True,Sonicated before static synthesis,Sonicated before static synthesis,,sonication_and_explicit_static_stage,ultrasound bath 5 min; then static,
vigorous stirring 4 h; then static,3,0,3,True,Stirred before static synthesis,Stirred before static synthesis,,stirring_and_explicit_static_stage,vigorous stirring 4 h; then static,
briefly sonicated; static during heating,2,0,2,True,Sonicated before static synthesis,Sonicated before static synthesis,,sonication_and_explicit_static_stage,briefly sonicated; static during heating,
"gentle stirring, maintained to end",2,0,2,True,Other reported agitation,Stirred during synthesis,positive_reference_class_count_lt_50,explicit_reaction_stage_stirring,"gentle stirring, maintained to end",
"homogenized 30 min at RT, then static",2,0,2,True,Other reported agitation,Other agitation before static synthesis,positive_reference_class_count_lt_50,other_agitation_and_explicit_static_stage,"homogenized 30 min at rt, then static",
homogenized at RT for 60 min before heating,1,1,2,True,Other reported agitation,Other agitation during preparation; later agitation not reported,positive_reference_class_count_lt_50,preparation_agitation_only,homogenized at rt for 60 min before heating,
"initially stirred, then static",2,0,2,True,Stirred before static synthesis,Stirred before static synthesis,,stirring_and_explicit_static_stage,"initially stirred, then static",
magnetic stirring; Solution 2 added dropwise into Solution 1,2,0,2,True,Stirred; stage not reported,Stirred; stage not reported,,stirring_without_reaction_stage_evidence,magnetic stirring; solution 2 added dropwise into solution 1,
magnetically stirred 0.5 h before sealing,2,0,2,True,Stirred during preparation; later agitation not reported,Stirred during preparation; later agitation not reported,,preparation_stirring_only,magnetically stirred 0.5 h before sealing,
mechanical stirring (450 rpm),1,1,2,True,Stirred; stage not reported,Stirred; stage not reported,,stirring_without_reaction_stage_evidence,mechanical stirring (450 rpm),
"pre-stirred 30 min, ultrasonicated 15 min; static during heating",2,0,2,True,Stirred before static synthesis,Stirred before static synthesis,,stirring_and_explicit_static_stage,"pre-stirred 30 min, ultrasonicated 15 min; static during heating",
premix stirred 1 h; then static slow diffusion layering,2,0,2,True,Stirred before static synthesis,Stirred before static synthesis,,stirring_and_explicit_static_stage,premix stirred 1 h; then static slow diffusion layering,
rapid solvent mixing,2,0,2,True,Other reported agitation,Other agitation; stage not reported,positive_reference_class_count_lt_50,agitation_without_method_or_stage_evidence,rapid solvent mixing,
rapid stirring during in situ data collection,1,1,2,True,Stirred; stage not reported,Stirred; stage not reported,,stirring_without_reaction_stage_evidence,rapid stirring during in situ data collection,
shaken at 50 rpm (horizontal rotary shaker),1,1,2,True,Other reported agitation,Shaken / rotated; stage not reported,positive_reference_class_count_lt_50,shaking_rotation_or_vortexing,shaken at 50 rpm (horizontal rotary shaker),
"shaken briefly, then static",1,1,2,True,Other reported agitation,Other agitation before static synthesis,positive_reference_class_count_lt_50,other_agitation_and_explicit_static_stage,"shaken briefly, then static",
"sonicated (pre-dissolution), then heated",2,0,2,True,Other reported agitation,Sonicated during preparation; later agitation not reported,positive_reference_class_count_lt_50,preparation_sonication_only,"sonicated (pre-dissolution), then heated",
sonicated 0.5 h; static,2,0,2,True,Sonicated before static synthesis,Sonicated before static synthesis,,sonication_and_explicit_static_stage,sonicated 0.5 h; static,
sonicated 1 min before heating,2,0,2,True,Other reported agitation,Sonicated during preparation; later agitation not reported,positive_reference_class_count_lt_50,preparation_sonication_only,sonicated 1 min before heating,
sonicated 10 min; then static during heating,2,0,2,True,Sonicated before static synthesis,Sonicated before static synthesis,,sonication_and_explicit_static_stage,sonicated 10 min; then static during heating,
sonicated 15 min before heating,2,0,2,True,Other reported agitation,Sonicated during preparation; later agitation not reported,positive_reference_class_count_lt_50,preparation_sonication_only,sonicated 15 min before heating,
sonicated 15 min; static during heating,2,0,2,True,Sonicated before static synthesis,Sonicated before static synthesis,,sonication_and_explicit_static_stage,sonicated 15 min; static during heating,
"sonicated 20 min, then static heat",2,0,2,True,Sonicated before static synthesis,Sonicated before static synthesis,,sonication_and_explicit_static_stage,"sonicated 20 min, then static heat",
sonicated 20 min; then static,2,0,2,True,Sonicated before static synthesis,Sonicated before static synthesis,,sonication_and_explicit_static_stage,sonicated 20 min; then static,
sonicated 30 min before heating,1,1,2,True,Other reported agitation,Sonicated during preparation; later agitation not reported,positive_reference_class_count_lt_50,preparation_sonication_only,sonicated 30 min before heating,
sonicated 30 s; static in oven,1,1,2,True,Sonicated before static synthesis,Sonicated before static synthesis,,sonication_and_explicit_static_stage,sonicated 30 s; static in oven,
"sonicated 5 min, then static (capped)",2,0,2,True,Sonicated before static synthesis,Sonicated before static synthesis,,sonication_and_explicit_static_stage,"sonicated 5 min, then static (capped)",
sonicated before heating; static during heating,2,0,2,True,Sonicated before static synthesis,Sonicated before static synthesis,,sonication_and_explicit_static_stage,sonicated before heating; static during heating,
"sonicated briefly, then static",0,2,2,True,Sonicated before static synthesis,Sonicated before static synthesis,,sonication_and_explicit_static_stage,"sonicated briefly, then static",
"sonicated until dissolution, then static heating",2,0,2,True,Sonicated before static synthesis,Sonicated before static synthesis,,sonication_and_explicit_static_stage,"sonicated until dissolution, then static heating",
sonicated ~5 min before heating; then static,2,0,2,True,Sonicated before static synthesis,Sonicated before static synthesis,,sonication_and_explicit_static_stage,sonicated ~5 min before heating; then static,
sonicated; static,2,0,2,True,Sonicated before static synthesis,Sonicated before static synthesis,,sonication_and_explicit_static_stage,sonicated; static,
static (after 10 min initial stirring to prepare stock),1,1,2,True,Stirred before static synthesis,Stirred before static synthesis,,stirring_and_explicit_static_stage,static (after 10 min initial stirring to prepare stock),
static (after 10 min sonication),2,0,2,True,Sonicated before static synthesis,Sonicated before static synthesis,,sonication_and_explicit_static_stage,static (after 10 min sonication),
static (after initial stirring during mixing),2,0,2,True,Stirred before static synthesis,Stirred before static synthesis,,stirring_and_explicit_static_stage,static (after initial stirring during mixing),
static (after initial stirring),2,0,2,True,Stirred before static synthesis,Stirred before static synthesis,,stirring_and_explicit_static_stage,static (after initial stirring),
static (diffusion),2,0,2,True,Static / no stirring,Static / no stirring,,explicit_static_or_no_stirring,static (diffusion),
static (evaporative crystallisation),0,2,2,True,Static / no stirring,Static / no stirring,,explicit_static_or_no_stirring,static (evaporative crystallisation),
static (stirred 30 min before heating),2,0,2,True,Stirred before static synthesis,Stirred before static synthesis,,stirring_and_explicit_static_stage,static (stirred 30 min before heating),
static (stirred at RT before sealing),1,1,2,True,Stirred before static synthesis,Stirred before static synthesis,,stirring_and_explicit_static_stage,static (stirred at rt before sealing),
static (undisturbed layering),2,0,2,True,Static / no stirring,Static / no stirring,,explicit_static_or_no_stirring,static (undisturbed layering),
static diffusion,2,0,2,True,Static / no stirring,Static / no stirring,,explicit_static_or_no_stirring,static diffusion,
static during heating; sonicated 10 min before heating,2,0,2,True,Sonicated before static synthesis,Sonicated before static synthesis,,sonication_and_explicit_static_stage,static during heating; sonicated 10 min before heating,
static; cooled at 10 °C h−1,2,0,2,True,Static / no stirring,Static / no stirring,,explicit_static_or_no_stirring,static; cooled at 10 °c h-1,
static; kept in darkness,2,0,2,True,Static / no stirring,Static / no stirring,,explicit_static_or_no_stirring,static; kept in darkness,
static; sonicated initially,0,2,2,True,Sonicated before static synthesis,Sonicated before static synthesis,,sonication_and_explicit_static_stage,static; sonicated initially,
static; sonicated pre-mix,2,0,2,True,Sonicated before static synthesis,Sonicated before static synthesis,,sonication_and_explicit_static_stage,static; sonicated pre-mix,
static; ultrasonicated 30 min before heating,2,0,2,True,Sonicated before static synthesis,Sonicated before static synthesis,,sonication_and_explicit_static_stage,static; ultrasonicated 30 min before heating,
stirred (0.5 h pre-heat),2,0,2,True,Stirred during preparation; later agitation not reported,Stirred during preparation; later agitation not reported,,preparation_stirring_only,stirred (0.5 h pre-heat),
stirred (1 h pre-mix),2,0,2,True,Stirred during preparation; later agitation not reported,Stirred during preparation; later agitation not reported,,preparation_stirring_only,stirred (1 h pre-mix),
stirred (10 min) then static,2,0,2,True,Stirred before static synthesis,Stirred before static synthesis,,stirring_and_explicit_static_stage,stirred (10 min) then static,
stirred (200 rpm),1,1,2,True,Stirred; stage not reported,Stirred; stage not reported,,stirring_without_reaction_stage_evidence,stirred (200 rpm),
"stirred (3 h pre-stir), then static during heating",1,1,2,True,Stirred before static synthesis,Stirred before static synthesis,,stirring_and_explicit_static_stage,"stirred (3 h pre-stir), then static during heating",
stirred (30 min at RT before autoclave),2,0,2,True,Stirred during preparation; later agitation not reported,Stirred during preparation; later agitation not reported,,preparation_stirring_only,stirred (30 min at rt before autoclave),
stirred (30 min at RT) then heated,2,0,2,True,Stirred during preparation; later agitation not reported,Stirred during preparation; later agitation not reported,,preparation_stirring_only,stirred (30 min at rt) then heated,
stirred (30 min pre-stir),2,0,2,True,Stirred during preparation; later agitation not reported,Stirred during preparation; later agitation not reported,,preparation_stirring_only,stirred (30 min pre-stir),
stirred (5 min pre-mix),1,1,2,True,Stirred during preparation; later agitation not reported,Stirred during preparation; later agitation not reported,,preparation_stirring_only,stirred (5 min pre-mix),
stirred (~800 RPM),2,0,2,True,Stirred; stage not reported,Stirred; stage not reported,,stirring_without_reaction_stage_evidence,stirred (~800 rpm),
stirred 0.5 h at RT before heating,2,0,2,True,Stirred during preparation; later agitation not reported,Stirred during preparation; later agitation not reported,,preparation_stirring_only,stirred 0.5 h at rt before heating,
"stirred 0.5 h at RT, then static",2,0,2,True,Stirred before static synthesis,Stirred before static synthesis,,stirring_and_explicit_static_stage,"stirred 0.5 h at rt, then static",
stirred 0.5 h at RT; static during heating,2,0,2,True,Stirred before static synthesis,Stirred before static synthesis,,stirring_and_explicit_static_stage,stirred 0.5 h at rt; static during heating,
stirred 0.5 h before heating; static during heating,2,0,2,True,Stirred before static synthesis,Stirred before static synthesis,,stirring_and_explicit_static_stage,stirred 0.5 h before heating; static during heating,
stirred 0.5 h before heating; static during solvothermal,1,1,2,True,Stirred before static synthesis,Stirred before static synthesis,,stirring_and_explicit_static_stage,stirred 0.5 h before heating; static during solvothermal,
"stirred 0.5 h in air, then static",2,0,2,True,Stirred before static synthesis,Stirred before static synthesis,,stirring_and_explicit_static_stage,"stirred 0.5 h in air, then static",
stirred 0.5 h preheat; static during heating,2,0,2,True,Stirred before static synthesis,Stirred before static synthesis,,stirring_and_explicit_static_stage,stirred 0.5 h preheat; static during heating,
"stirred 0.5 h, then static slow evaporation",2,0,2,True,Stirred before static synthesis,Stirred before static synthesis,,stirring_and_explicit_static_stage,"stirred 0.5 h, then static slow evaporation",
stirred 0.5 h; then static for crystallization,2,0,2,True,Stirred before static synthesis,Stirred before static synthesis,,stirring_and_explicit_static_stage,stirred 0.5 h; then static for crystallization,
stirred 1 h,2,0,2,True,Stirred; stage not reported,Stirred; stage not reported,,stirring_without_reaction_stage_evidence,stirred 1 h,
stirred 1 h at RT before heating,2,0,2,True,Stirred during preparation; later agitation not reported,Stirred during preparation; later agitation not reported,,preparation_stirring_only,stirred 1 h at rt before heating,
"stirred 1 h at RT, then static in autoclave",2,0,2,True,Stirred before static synthesis,Stirred before static synthesis,,stirring_and_explicit_static_stage,"stirred 1 h at rt, then static in autoclave",
stirred 1 h at room temperature; then static during solvothermal step,2,0,2,True,Stirred before static synthesis,Stirred before static synthesis,,stirring_and_explicit_static_stage,stirred 1 h at room temperature; then static during solvothermal step,
stirred 1 h pre-heating,2,0,2,True,Stirred during preparation; later agitation not reported,Stirred during preparation; later agitation not reported,,preparation_stirring_only,stirred 1 h pre-heating,
stirred 1 h; static during heating,2,0,2,True,Stirred before static synthesis,Stirred before static synthesis,,stirring_and_explicit_static_stage,stirred 1 h; static during heating,
stirred 10 h pre-mix; static during heating,1,1,2,True,Stirred before static synthesis,Stirred before static synthesis,,stirring_and_explicit_static_stage,stirred 10 h pre-mix; static during heating,
"stirred 10 min (pre-mix), static in autoclave",2,0,2,True,Stirred before static synthesis,Stirred before static synthesis,,stirring_and_explicit_static_stage,"stirred 10 min (pre-mix), static in autoclave",
"stirred 10 min at RT, then static heating",0,2,2,True,Stirred before static synthesis,Stirred before static synthesis,,stirring_and_explicit_static_stage,"stirred 10 min at rt, then static heating",
"stirred 10 min before sealing, then static",2,0,2,True,Stirred before static synthesis,Stirred before static synthesis,,stirring_and_explicit_static_stage,"stirred 10 min before sealing, then static",
stirred 10 min before sealing; static during heating under autogenous pressure,2,0,2,True,Stirred before static synthesis,Stirred before static synthesis,,stirring_and_explicit_static_stage,stirred 10 min before sealing; static during heating under autogenous pressure,
"stirred 10 min, then sealed and heated",2,0,2,True,Stirred during preparation; later agitation not reported,Stirred during preparation; later agitation not reported,,preparation_stirring_only,"stirred 10 min, then sealed and heated",
"stirred 10 min, then static under autogenous pressure",2,0,2,True,Stirred before static synthesis,Stirred before static synthesis,,stirring_and_explicit_static_stage,"stirred 10 min, then static under autogenous pressure",
"stirred 10 min, then static; slow cooled 5 K h−1",2,0,2,True,Stirred before static synthesis,Stirred before static synthesis,,stirring_and_explicit_static_stage,"stirred 10 min, then static; slow cooled 5 k h-1",
"stirred 10 s, then static",2,0,2,True,Stirred before static synthesis,Stirred before static synthesis,,stirring_and_explicit_static_stage,"stirred 10 s, then static",
stirred 1000 rpm,0,2,2,True,Stirred; stage not reported,Stirred; stage not reported,,stirring_without_reaction_stage_evidence,stirred 1000 rpm,
"stirred 12 h pre-mix, then static",2,0,2,True,Stirred before static synthesis,Stirred before static synthesis,,stirring_and_explicit_static_stage,"stirred 12 h pre-mix, then static",
stirred 15 min at RT to dissolve; static during heating,2,0,2,True,Stirred before static synthesis,Stirred before static synthesis,,stirring_and_explicit_static_stage,stirred 15 min at rt to dissolve; static during heating,
stirred 15 min at RT; then heated (static),2,0,2,True,Stirred before static synthesis,Stirred before static synthesis,,stirring_and_explicit_static_stage,stirred 15 min at rt; then heated (static),
stirred 15 min before heating; static during heating,2,0,2,True,Stirred before static synthesis,Stirred before static synthesis,,stirring_and_explicit_static_stage,stirred 15 min before heating; static during heating,
stirred 2 h at RT before sealing; static during heating,2,0,2,True,Stirred before static synthesis,Stirred before static synthesis,,stirring_and_explicit_static_stage,stirred 2 h at rt before sealing; static during heating,
stirred 2 h before autoclave,2,0,2,True,Stirred during preparation; later agitation not reported,Stirred during preparation; later agitation not reported,,preparation_stirring_only,stirred 2 h before autoclave,
stirred 2 h before sealing,2,0,2,True,Stirred during preparation; later agitation not reported,Stirred during preparation; later agitation not reported,,preparation_stirring_only,stirred 2 h before sealing,
stirred 2 h prior to heating,2,0,2,True,Stirred during preparation; later agitation not reported,Stirred during preparation; later agitation not reported,,preparation_stirring_only,stirred 2 h prior to heating,
stirred 20 min at RT before heating,2,0,2,True,Stirred during preparation; later agitation not reported,Stirred during preparation; later agitation not reported,,preparation_stirring_only,stirred 20 min at rt before heating,
stirred 20 min before heating; then static,2,0,2,True,Stirred before static synthesis,Stirred before static synthesis,,stirring_and_explicit_static_stage,stirred 20 min before heating; then static,
stirred 20 min before transfer; static during heating,2,0,2,True,Stirred before static synthesis,Stirred before static synthesis,,stirring_and_explicit_static_stage,stirred 20 min before transfer; static during heating,
stirred 20 min then static under autogenous pressure,2,0,2,True,Stirred before static synthesis,Stirred before static synthesis,,stirring_and_explicit_static_stage,stirred 20 min then static under autogenous pressure,
"stirred 3 h at RT, then static",2,0,2,True,Stirred before static synthesis,Stirred before static synthesis,,stirring_and_explicit_static_stage,"stirred 3 h at rt, then static",
"stirred 3 h at RT, then static during solvothermal step",2,0,2,True,Stirred before static synthesis,Stirred before static synthesis,,stirring_and_explicit_static_stage,"stirred 3 h at rt, then static during solvothermal step",
stirred 3 h pre-mix; static during heating,2,0,2,True,Stirred before static synthesis,Stirred before static synthesis,,stirring_and_explicit_static_stage,stirred 3 h pre-mix; static during heating,
"stirred 30 min at RT pre-mix, then static during heating",2,0,2,True,Stirred before static synthesis,Stirred before static synthesis,,stirring_and_explicit_static_stage,"stirred 30 min at rt pre-mix, then static during heating",
"stirred 30 min at RT, then held",2,0,2,True,Stirred during preparation; later agitation not reported,Stirred during preparation; later agitation not reported,,preparation_stirring_only,"stirred 30 min at rt, then held",
"stirred 30 min at RT, then sealed and heated (static)",2,0,2,True,Stirred before static synthesis,Stirred before static synthesis,,stirring_and_explicit_static_stage,"stirred 30 min at rt, then sealed and heated (static)",
stirred 30 min before heating; then static,2,0,2,True,Stirred before static synthesis,Stirred before static synthesis,,stirring_and_explicit_static_stage,stirred 30 min before heating; then static,
stirred 30 min before transfer; static during heating,2,0,2,True,Stirred before static synthesis,Stirred before static synthesis,,stirring_and_explicit_static_stage,stirred 30 min before transfer; static during heating,
stirred 30 min pre-seal; static during heating,2,0,2,True,Stirred before static synthesis,Stirred before static synthesis,,stirring_and_explicit_static_stage,stirred 30 min pre-seal; static during heating,
stirred 30 min prior to heating,2,0,2,True,Stirred during preparation; later agitation not reported,Stirred during preparation; later agitation not reported,,preparation_stirring_only,stirred 30 min prior to heating,
"stirred 30 min, then static slow evaporation",2,0,2,True,Stirred before static synthesis,Stirred before static synthesis,,stirring_and_explicit_static_stage,"stirred 30 min, then static slow evaporation",
stirred 4 h before heating,2,0,2,True,Stirred during preparation; later agitation not reported,Stirred during preparation; later agitation not reported,,preparation_stirring_only,stirred 4 h before heating,
stirred 400 rpm for 20 min before heating,2,0,2,True,Stirred during preparation; later agitation not reported,Stirred during preparation; later agitation not reported,,preparation_stirring_only,stirred 400 rpm for 20 min before heating,
stirred 5 min before heating,2,0,2,True,Stirred during preparation; later agitation not reported,Stirred during preparation; later agitation not reported,,preparation_stirring_only,stirred 5 min before heating,
stirred 5 min before sealing,2,0,2,True,Stirred during preparation; later agitation not reported,Stirred during preparation; later agitation not reported,,preparation_stirring_only,stirred 5 min before sealing,
"stirred 5 min, then sealed and heated",2,0,2,True,Stirred during preparation; later agitation not reported,Stirred during preparation; later agitation not reported,,preparation_stirring_only,"stirred 5 min, then sealed and heated",
stirred 6 h at 500 rpm; static during vapor diffusion,2,0,2,True,Stirred before static synthesis,Stirred before static synthesis,,stirring_and_explicit_static_stage,stirred 6 h at 500 rpm; static during vapor diffusion,
stirred 60 min before sealing,2,0,2,True,Stirred during preparation; later agitation not reported,Stirred during preparation; later agitation not reported,,preparation_stirring_only,stirred 60 min before sealing,
stirred at 300 rpm during precursor step; then static under vacuum,2,0,2,True,Stirred before static synthesis,Stirred before static synthesis,,stirring_and_explicit_static_stage,stirred at 300 rpm during precursor step; then static under vacuum,
"stirred at RT 4 h, then static under hydrothermal conditions",2,0,2,True,Stirred before static synthesis,Stirred before static synthesis,,stirring_and_explicit_static_stage,"stirred at rt 4 h, then static under hydrothermal conditions",
stirred at RT a few minutes; then static,2,0,2,True,Stirred before static synthesis,Stirred before static synthesis,,stirring_and_explicit_static_stage,stirred at rt a few minutes; then static,
stirred at RT for 30 min before sealing,2,0,2,True,Stirred during preparation; later agitation not reported,Stirred during preparation; later agitation not reported,,preparation_stirring_only,stirred at rt for 30 min before sealing,
"stirred ca. 30 min, then static",2,0,2,True,Stirred before static synthesis,Stirred before static synthesis,,stirring_and_explicit_static_stage,"stirred ca. 30 min, then static",
stirred during mixing; static for crystallization,2,0,2,True,Stirred before static synthesis,Stirred before static synthesis,,stirring_and_explicit_static_stage,stirred during mixing; static for crystallization,
"stirred overnight, then static",2,0,2,True,Stirred before static synthesis,Stirred before static synthesis,,stirring_and_explicit_static_stage,"stirred overnight, then static",
stirred prior to heating; metal solution added to linker solution,1,1,2,True,Stirred during preparation; later agitation not reported,Stirred during preparation; later agitation not reported,,preparation_stirring_only,stirred prior to heating; metal solution added to linker solution,
stirred prior to sealing; static during heating,2,0,2,True,Stirred before static synthesis,Stirred before static synthesis,,stirring_and_explicit_static_stage,stirred prior to sealing; static during heating,
stirred to dissolve; static in autoclave,2,0,2,True,Stirred before static synthesis,Stirred before static synthesis,,stirring_and_explicit_static_stage,stirred to dissolve; static in autoclave,
stirred under ultrasonic for 0.5 h; static during heating,2,0,2,True,Stirred before static synthesis,Stirred before static synthesis,,stirring_and_explicit_static_stage,stirred under ultrasonic for 0.5 h; static during heating,
stirred ~0.5 h before sealing,2,0,2,True,Stirred during preparation; later agitation not reported,Stirred during preparation; later agitation not reported,,preparation_stirring_only,stirred ~0.5 h before sealing,
"stirred ~15 min, then static (sealed)",2,0,2,True,Stirred before static synthesis,Stirred before static synthesis,,stirring_and_explicit_static_stage,"stirred ~15 min, then static (sealed)",
stirred ~2 h at RT before heating,2,0,2,True,Stirred during preparation; later agitation not reported,Stirred during preparation; later agitation not reported,,preparation_stirring_only,stirred ~2 h at rt before heating,
stirred ~3 h at RT before heating,2,0,2,True,Stirred during preparation; later agitation not reported,Stirred during preparation; later agitation not reported,,preparation_stirring_only,stirred ~3 h at rt before heating,
stirred ~3 h at RT prior to heating,2,0,2,True,Stirred during preparation; later agitation not reported,Stirred during preparation; later agitation not reported,,preparation_stirring_only,stirred ~3 h at rt prior to heating,
stirred ~5 min before filtration; static during hydrothermal step,2,0,2,True,Stirred before static synthesis,Stirred before static synthesis,,stirring_and_explicit_static_stage,stirred ~5 min before filtration; static during hydrothermal step,
"stirred, sonicated",2,0,2,True,Stirred; stage not reported,Stirred; stage not reported,,stirring_without_reaction_stage_evidence,"stirred, sonicated",
stirred; 0.5 h RT pre-stir,2,0,2,True,Stirred during preparation; later agitation not reported,Stirred during preparation; later agitation not reported,,preparation_stirring_only,stirred; 0.5 h rt pre-stir,
stirred; Solution 2 added dropwise to Solution 1,2,0,2,True,Stirred; stage not reported,Stirred; stage not reported,,stirring_without_reaction_stage_evidence,stirred; solution 2 added dropwise to solution 1,
stirred; dropwise mixing,2,0,2,True,Stirred; stage not reported,Stirred; stage not reported,,stirring_without_reaction_stage_evidence,stirred; dropwise mixing,
stirred; sonicated 5 min,2,0,2,True,Stirred; stage not reported,Stirred; stage not reported,,stirring_without_reaction_stage_evidence,stirred; sonicated 5 min,
stirred; static diffusion,2,0,2,True,Stirred before static synthesis,Stirred before static synthesis,,stirring_and_explicit_static_stage,stirred; static diffusion,
stirred; static during solvothermal step,2,0,2,True,Stirred before static synthesis,Stirred before static synthesis,,stirring_and_explicit_static_stage,stirred; static during solvothermal step,
ultrasonic + stirred 2 h before solvothermal; static during heating,2,0,2,True,Stirred before static synthesis,Stirred before static synthesis,,stirring_and_explicit_static_stage,ultrasonic + stirred 2 h before solvothermal; static during heating,
ultrasonicated 30 min before sealing; static during heating,2,0,2,True,Sonicated before static synthesis,Sonicated before static synthesis,,sonication_and_explicit_static_stage,ultrasonicated 30 min before sealing; static during heating,
ultrasonicated 5 min; static,2,0,2,True,Sonicated before static synthesis,Sonicated before static synthesis,,sonication_and_explicit_static_stage,ultrasonicated 5 min; static,
undisturbed,1,1,2,True,Static / no stirring,Static / no stirring,,explicit_static_or_no_stirring,undisturbed,
"vigorous for 1 h, then constant for 3 h",2,0,2,True,Other reported agitation,Other agitation; stage not reported,positive_reference_class_count_lt_50,agitation_without_method_or_stage_evidence,"vigorous for 1 h, then constant for 3 h",
"vigorous stirring on mixing, then static",0,2,2,True,Stirred before static synthesis,Stirred before static synthesis,,stirring_and_explicit_static_stage,"vigorous stirring on mixing, then static",
"vigorous stirring ~30 min, then aged without stirring",2,0,2,True,Stirred before static synthesis,Stirred before static synthesis,,stirring_and_explicit_static_stage,"vigorous stirring ~30 min, then aged without stirring",
vigorous stirring; then static for evaporation,2,0,2,True,Stirred before static synthesis,Stirred before static synthesis,,stirring_and_explicit_static_stage,vigorous stirring; then static for evaporation,
"vigorously stirred 20 min, then aged",2,0,2,True,Stirred during preparation; later agitation not reported,Stirred during preparation; later agitation not reported,,preparation_stirring_only,"vigorously stirred 20 min, then aged",
500 rpm,1,0,1,True,Other reported agitation,Other agitation; stage not reported,positive_reference_class_count_lt_50,agitation_without_method_or_stage_evidence,500 rpm,
C12Gua in H2O 10 min at RT; then Cu(OAc)2 stirred 1 h; BTC added; vigorous 5 min before heating,1,0,1,True,Stirred during preparation; later agitation not reported,Stirred during preparation; later agitation not reported,,preparation_stirring_only,c12gua in h2o 10 min at rt; then cu(oac)2 stirred 1 h; btc added; vigorous 5 min before heating,
"Mixed 10 min under stirring, then left standing at RT for 20 days",1,0,1,True,Stirred before static synthesis,Stirred before static synthesis,,stirring_and_explicit_static_stage,"mixed 10 min under stirring, then left standing at rt for 20 days",
RPB 1500 rpm,1,0,1,True,Other reported agitation,Shaken / rotated; stage not reported,positive_reference_class_count_lt_50,shaking_rotation_or_vortexing,rpb 1500 rpm,
aged (static),1,0,1,True,Static / no stirring,Static / no stirring,,explicit_static_or_no_stirring,aged (static),
agitated,1,0,1,True,Other reported agitation,Other agitation; stage not reported,positive_reference_class_count_lt_50,agitation_without_method_or_stage_evidence,agitated,
"agitated 30 min, then static",1,0,1,True,Other reported agitation,Other agitation before static synthesis,positive_reference_class_count_lt_50,other_agitation_and_explicit_static_stage,"agitated 30 min, then static",
"agitated ~20 s, then static",1,0,1,True,Other reported agitation,Other agitation before static synthesis,positive_reference_class_count_lt_50,other_agitation_and_explicit_static_stage,"agitated ~20 s, then static",
"brief stir, then static",0,1,1,True,Stirred before static synthesis,Stirred before static synthesis,,stirring_and_explicit_static_stage,"brief stir, then static",
briefly stirred,1,0,1,True,Stirred; stage not reported,Stirred; stage not reported,,stirring_without_reaction_stage_evidence,briefly stirred,
"briefly stirred 20 s, then static",1,0,1,True,Stirred before static synthesis,Stirred before static synthesis,,stirring_and_explicit_static_stage,"briefly stirred 20 s, then static",
briefly vortexed,1,0,1,True,Other reported agitation,Shaken / rotated; stage not reported,positive_reference_class_count_lt_50,shaking_rotation_or_vortexing,briefly vortexed,
constantly stirred,1,0,1,True,Stirred; stage not reported,Stirred; stage not reported,,stirring_without_reaction_stage_evidence,constantly stirred,
"gentle stirring during addition, then static",1,0,1,True,Stirred before static synthesis,Stirred before static synthesis,,stirring_and_explicit_static_stage,"gentle stirring during addition, then static",
"gentle stirring, tube rotator 20 rpm",1,0,1,True,Other reported agitation,Shaken / rotated; stage not reported,positive_reference_class_count_lt_50,shaking_rotation_or_vortexing,"gentle stirring, tube rotator 20 rpm",
"gentle stirring; batch addition of oxalic acid (5 rounds, 1 min interval)",1,0,1,True,Stirred; stage not reported,Stirred; stage not reported,,stirring_without_reaction_stage_evidence,"gentle stirring; batch addition of oxalic acid (5 rounds, 1 min interval)",
gently heated with stirring; then static,1,0,1,True,Stirred before static synthesis,Stirred before static synthesis,,stirring_and_explicit_static_stage,gently heated with stirring; then static,
gently stirred; under N2,1,0,1,True,Stirred; stage not reported,Stirred; stage not reported,,stirring_without_reaction_stage_evidence,gently stirred; under n2,
magnetic agitation,1,0,1,True,Stirred; stage not reported,Stirred; stage not reported,,stirring_without_reaction_stage_evidence,magnetic agitation,
magnetic stirring 18 h at RT prior to autoclave,1,0,1,True,Stirred during preparation; later agitation not reported,Stirred during preparation; later agitation not reported,,preparation_stirring_only,magnetic stirring 18 h at rt prior to autoclave,
"magnetic stirring to mix, then hydrothermal (static)",1,0,1,True,Stirred before static synthesis,Stirred before static synthesis,,stirring_and_explicit_static_stage,"magnetic stirring to mix, then hydrothermal (static)",
"magnetic stirring, 900 r/min",1,0,1,True,Stirred; stage not reported,Stirred; stage not reported,,stirring_without_reaction_stage_evidence,"magnetic stirring, 900 r/min",
magnetically stirred,1,0,1,True,Stirred; stage not reported,Stirred; stage not reported,,stirring_without_reaction_stage_evidence,magnetically stirred,
magnetically stirred 30 min at RT before autoclave,1,0,1,True,Stirred during preparation; later agitation not reported,Stirred during preparation; later agitation not reported,,preparation_stirring_only,magnetically stirred 30 min at rt before autoclave,
mechanical stirring,1,0,1,True,Stirred; stage not reported,Stirred; stage not reported,,stirring_without_reaction_stage_evidence,mechanical stirring,
mechanically stirred,1,0,1,True,Stirred; stage not reported,Stirred; stage not reported,,stirring_without_reaction_stage_evidence,mechanically stirred,
microwave irradiation,1,0,1,True,Not reported,Unclear / ambiguous,no_unique_supported_agitation_state,unresolved_nonempty_description,microwave irradiation,Heating or irradiation alone does not specify agitation.
"mixed 10 s, then static",1,0,1,True,Other reported agitation,Other agitation before static synthesis,positive_reference_class_count_lt_50,other_agitation_and_explicit_static_stage,"mixed 10 s, then static",
mixed under stirring then kept at 80 °C for 12 h,1,0,1,True,Stirred during preparation; later agitation not reported,Stirred during preparation; later agitation not reported,,preparation_stirring_only,mixed under stirring then kept at 80 °c for 12 h,
"mixed, then static",1,0,1,True,Other reported agitation,Other agitation before static synthesis,positive_reference_class_count_lt_50,other_agitation_and_explicit_static_stage,"mixed, then static",
"no stirring, air atmosphere",1,0,1,True,Static / no stirring,Static / no stirring,,explicit_static_or_no_stirring,"no stirring, air atmosphere",
not_reported,1,0,1,True,Not reported,Not reported,,missing,not reported,
pre-dissolved HL2 in DMF at 70 °C for 5 min; stirred 30 min at RT before heating,1,0,1,True,Stirred during preparation; later agitation not reported,Stirred during preparation; later agitation not reported,,preparation_stirring_only,pre-dissolved hl2 in dmf at 70 °c for 5 min; stirred 30 min at rt before heating,
pre-mix stirred 30 min; static during solvothermal,1,0,1,True,Stirred before static synthesis,Stirred before static synthesis,,stirring_and_explicit_static_stage,pre-mix stirred 30 min; static during solvothermal,
"pre-stirred 0.5 h in air, then static under autogenous pressure",1,0,1,True,Stirred before static synthesis,Stirred before static synthesis,,stirring_and_explicit_static_stage,"pre-stirred 0.5 h in air, then static under autogenous pressure",
"pre-stirred 1 h, then static during heating",1,0,1,True,Stirred before static synthesis,Stirred before static synthesis,,stirring_and_explicit_static_stage,"pre-stirred 1 h, then static during heating",
pre-stirred 10 min; static during solvothermal,1,0,1,True,Stirred before static synthesis,Stirred before static synthesis,,stirring_and_explicit_static_stage,pre-stirred 10 min; static during solvothermal,
pre-stirred 12 h at RT before solvothermal; then static,1,0,1,True,Stirred before static synthesis,Stirred before static synthesis,,stirring_and_explicit_static_stage,pre-stirred 12 h at rt before solvothermal; then static,
"pre-stirred 15 min, then static",1,0,1,True,Stirred before static synthesis,Stirred before static synthesis,,stirring_and_explicit_static_stage,"pre-stirred 15 min, then static",
"pre-stirred 30 min, then static",1,0,1,True,Stirred before static synthesis,Stirred before static synthesis,,stirring_and_explicit_static_stage,"pre-stirred 30 min, then static",
pre-stirred 30 min; static in autoclave,1,0,1,True,Stirred before static synthesis,Stirred before static synthesis,,stirring_and_explicit_static_stage,pre-stirred 30 min; static in autoclave,
"pre-stirred 5 min, then static",1,0,1,True,Stirred before static synthesis,Stirred before static synthesis,,stirring_and_explicit_static_stage,"pre-stirred 5 min, then static",
pre-stirred 60 min; static during heating,1,0,1,True,Stirred before static synthesis,Stirred before static synthesis,,stirring_and_explicit_static_stage,pre-stirred 60 min; static during heating,
rotated (1.1 kHz MAS),1,0,1,True,Other reported agitation,Shaken / rotated; stage not reported,positive_reference_class_count_lt_50,shaking_rotation_or_vortexing,rotated (1.1 khz mas),
rotated at 4 rpm (homogeneous reactor),1,0,1,True,Other reported agitation,Shaken / rotated; stage not reported,positive_reference_class_count_lt_50,shaking_rotation_or_vortexing,rotated at 4 rpm (homogeneous reactor),
rotated at 40 rpm,1,0,1,True,Other reported agitation,Shaken / rotated; stage not reported,positive_reference_class_count_lt_50,shaking_rotation_or_vortexing,rotated at 40 rpm,
rotating 100 rpm,1,0,1,True,Other reported agitation,Shaken / rotated; stage not reported,positive_reference_class_count_lt_50,shaking_rotation_or_vortexing,rotating 100 rpm,
rotating 120 rpm,1,0,1,True,Other reported agitation,Shaken / rotated; stage not reported,positive_reference_class_count_lt_50,shaking_rotation_or_vortexing,rotating 120 rpm,
rotating 56 rpm,1,0,1,True,Other reported agitation,Shaken / rotated; stage not reported,positive_reference_class_count_lt_50,shaking_rotation_or_vortexing,rotating 56 rpm,
rotating 80 rpm,1,0,1,True,Other reported agitation,Shaken / rotated; stage not reported,positive_reference_class_count_lt_50,shaking_rotation_or_vortexing,rotating 80 rpm,
rotation (30 rpm) with seeding (0.4 wt% ZIF-20); 30 min pre-stir before capping,1,0,1,True,Other reported agitation,Shaken / rotated; stage not reported,positive_reference_class_count_lt_50,shaking_rotation_or_vortexing,rotation (30 rpm) with seeding (0.4 wt% zif-20); 30 min pre-stir before capping,
rotation (30 rpm) with seeding (1.2 wt% ZIF-20); 30 min pre-stir before capping,1,0,1,True,Other reported agitation,Shaken / rotated; stage not reported,positive_reference_class_count_lt_50,shaking_rotation_or_vortexing,rotation (30 rpm) with seeding (1.2 wt% zif-20); 30 min pre-stir before capping,
"shaken 20 s, then static",1,0,1,True,Other reported agitation,Other agitation before static synthesis,positive_reference_class_count_lt_50,other_agitation_and_explicit_static_stage,"shaken 20 s, then static",
solutions sonicated; H2BDC solution added dropwise to FeCl3 solution; then static during heating,1,0,1,True,Sonicated before static synthesis,Sonicated before static synthesis,,sonication_and_explicit_static_stage,solutions sonicated; h2bdc solution added dropwise to fecl3 solution; then static during heating,
sonicated 1 h (pre-dispersion); then incubated (static),1,0,1,True,Sonicated before static synthesis,Sonicated before static synthesis,,sonication_and_explicit_static_stage,sonicated 1 h (pre-dispersion); then incubated (static),
sonicated 1 h before heating; static during solvothermal,1,0,1,True,Sonicated before static synthesis,Sonicated before static synthesis,,sonication_and_explicit_static_stage,sonicated 1 h before heating; static during solvothermal,
sonicated 1 h before heating; static during solvothermal step,1,0,1,True,Sonicated before static synthesis,Sonicated before static synthesis,,sonication_and_explicit_static_stage,sonicated 1 h before heating; static during solvothermal step,
sonicated 1 h then static,1,0,1,True,Sonicated before static synthesis,Sonicated before static synthesis,,sonication_and_explicit_static_stage,sonicated 1 h then static,
"sonicated 1 h, then static in autoclave",1,0,1,True,Sonicated before static synthesis,Sonicated before static synthesis,,sonication_and_explicit_static_stage,"sonicated 1 h, then static in autoclave",
sonicated 1 h; static during heating,1,0,1,True,Sonicated before static synthesis,Sonicated before static synthesis,,sonication_and_explicit_static_stage,sonicated 1 h; static during heating,
sonicated 1 h; then static,1,0,1,True,Sonicated before static synthesis,Sonicated before static synthesis,,sonication_and_explicit_static_stage,sonicated 1 h; then static,
sonicated 10 min at RT; static during heating,1,0,1,True,Sonicated before static synthesis,Sonicated before static synthesis,,sonication_and_explicit_static_stage,sonicated 10 min at rt; static during heating,
sonicated 10 min before heating,1,0,1,True,Other reported agitation,Sonicated during preparation; later agitation not reported,positive_reference_class_count_lt_50,preparation_sonication_only,sonicated 10 min before heating,
sonicated 10–15 min; static,1,0,1,True,Sonicated before static synthesis,Sonicated before static synthesis,,sonication_and_explicit_static_stage,sonicated 10-15 min; static,
"sonicated 15 min, then static",1,0,1,True,Sonicated before static synthesis,Sonicated before static synthesis,,sonication_and_explicit_static_stage,"sonicated 15 min, then static",
sonicated 15 min; then static during heating,1,0,1,True,Sonicated before static synthesis,Sonicated before static synthesis,,sonication_and_explicit_static_stage,sonicated 15 min; then static during heating,
sonicated 20 min; refluxed,1,0,1,True,Other reported agitation,Sonicated during preparation; later agitation not reported,positive_reference_class_count_lt_50,preparation_sonication_only,sonicated 20 min; refluxed,
sonicated 20 min; static during heating,1,0,1,True,Sonicated before static synthesis,Sonicated before static synthesis,,sonication_and_explicit_static_stage,sonicated 20 min; static during heating,
sonicated 3 min; static during heating,1,0,1,True,Sonicated before static synthesis,Sonicated before static synthesis,,sonication_and_explicit_static_stage,sonicated 3 min; static during heating,
sonicated 30 min before heating; static during reaction,1,0,1,True,Sonicated before static synthesis,Sonicated before static synthesis,,sonication_and_explicit_static_stage,sonicated 30 min before heating; static during reaction,
"sonicated 30 min, then static in oven",1,0,1,True,Sonicated before static synthesis,Sonicated before static synthesis,,sonication_and_explicit_static_stage,"sonicated 30 min, then static in oven",
"sonicated 30 s, then static",1,0,1,True,Sonicated before static synthesis,Sonicated before static synthesis,,sonication_and_explicit_static_stage,"sonicated 30 s, then static",
"sonicated 45 min at 50 °C, then static during solvothermal step",1,0,1,True,Sonicated before static synthesis,Sonicated before static synthesis,,sonication_and_explicit_static_stage,"sonicated 45 min at 50 °c, then static during solvothermal step",
"sonicated 5 min, then static (tightly capped)",1,0,1,True,Sonicated before static synthesis,Sonicated before static synthesis,,sonication_and_explicit_static_stage,"sonicated 5 min, then static (tightly capped)",
sonicated 60 s; then static,1,0,1,True,Sonicated before static synthesis,Sonicated before static synthesis,,sonication_and_explicit_static_stage,sonicated 60 s; then static,
"sonicated pre-heating, then static",1,0,1,True,Sonicated before static synthesis,Sonicated before static synthesis,,sonication_and_explicit_static_stage,"sonicated pre-heating, then static",
sonicated to clear solutions; static during heating,1,0,1,True,Sonicated before static synthesis,Sonicated before static synthesis,,sonication_and_explicit_static_stage,sonicated to clear solutions; static during heating,
sonicated; static in oven,0,1,1,True,Sonicated before static synthesis,Sonicated before static synthesis,,sonication_and_explicit_static_stage,sonicated; static in oven,
static (after 10 min premix),1,0,1,True,Other reported agitation,Other agitation before static synthesis,positive_reference_class_count_lt_50,other_agitation_and_explicit_static_stage,static (after 10 min premix),
static (after dissolution by brief sonication),1,0,1,True,Sonicated before static synthesis,Sonicated before static synthesis,,sonication_and_explicit_static_stage,static (after dissolution by brief sonication),
static (after layering); mixed ligand solution pre-stirred 1 h,1,0,1,True,Stirred before static synthesis,Stirred before static synthesis,,stirring_and_explicit_static_stage,static (after layering); mixed ligand solution pre-stirred 1 h,
static (after pre-stir/sonication),1,0,1,True,Stirred before static synthesis,Stirred before static synthesis,,stirring_and_explicit_static_stage,static (after pre-stir/sonication),
static (autoclave),1,0,1,True,Static / no stirring,Static / no stirring,,explicit_static_or_no_stirring,static (autoclave),
static (components combined then heated),1,0,1,True,Static / no stirring,Static / no stirring,,explicit_static_or_no_stirring,static (components combined then heated),
static (during heating),1,0,1,True,Static / no stirring,Static / no stirring,,explicit_static_or_no_stirring,static (during heating),
static (growth); ligand solution stirred 1 h,1,0,1,True,Stirred before static synthesis,Stirred before static synthesis,,stirring_and_explicit_static_stage,static (growth); ligand solution stirred 1 h,
static (heated without stirring; initially stirred to dissolve),0,1,1,True,Stirred before static synthesis,Stirred before static synthesis,,stirring_and_explicit_static_stage,static (heated without stirring; initially stirred to dissolve),
static (heated),1,0,1,True,Static / no stirring,Static / no stirring,,explicit_static_or_no_stirring,static (heated),
"static (layered, allowed to stand)",1,0,1,True,Static / no stirring,Static / no stirring,,explicit_static_or_no_stirring,"static (layered, allowed to stand)",
static (layered/standing),1,0,1,True,Static / no stirring,Static / no stirring,,explicit_static_or_no_stirring,static (layered/standing),
static (layering/standing),1,0,1,True,Static / no stirring,Static / no stirring,,explicit_static_or_no_stirring,static (layering/standing),
static (no rotation); 30 min pre-stir before capping,1,0,1,True,Stirred before static synthesis,Stirred before static synthesis,,stirring_and_explicit_static_stage,static (no rotation); 30 min pre-stir before capping,
static (no stirring),1,0,1,True,Static / no stirring,Static / no stirring,,explicit_static_or_no_stirring,static (no stirring),
static (pre-sonicated and stirred 30 min),1,0,1,True,Stirred before static synthesis,Stirred before static synthesis,,stirring_and_explicit_static_stage,static (pre-sonicated and stirred 30 min),
static (solvothermal; solution pre-stirred),1,0,1,True,Stirred before static synthesis,Stirred before static synthesis,,stirring_and_explicit_static_stage,static (solvothermal; solution pre-stirred),
static (sonicated before sealing),1,0,1,True,Sonicated before static synthesis,Sonicated before static synthesis,,sonication_and_explicit_static_stage,static (sonicated before sealing),
static (stirred and ultrasonicated 20 min before heating),1,0,1,True,Stirred before static synthesis,Stirred before static synthesis,,stirring_and_explicit_static_stage,static (stirred and ultrasonicated 20 min before heating),
static (thermostatic drying oven),1,0,1,True,Static / no stirring,Static / no stirring,,explicit_static_or_no_stirring,static (thermostatic drying oven),
static after dissolution,1,0,1,True,Static / no stirring,Static / no stirring,,explicit_static_or_no_stirring,static after dissolution,
static after initial stirring,1,0,1,True,Stirred before static synthesis,Stirred before static synthesis,,stirring_and_explicit_static_stage,static after initial stirring,
static after setup,1,0,1,True,Static / no stirring,Static / no stirring,,explicit_static_or_no_stirring,static after setup,
static diffusion; initial solutions stirred 30 min,1,0,1,True,Stirred before static synthesis,Stirred before static synthesis,,stirring_and_explicit_static_stage,static diffusion; initial solutions stirred 30 min,
static layering,1,0,1,True,Static / no stirring,Static / no stirring,,explicit_static_or_no_stirring,static layering,
static liquid–liquid layering,1,0,1,True,Static / no stirring,Static / no stirring,,explicit_static_or_no_stirring,static liquid-liquid layering,
"static, N2 atmosphere; degassed",1,0,1,True,Static / no stirring,Static / no stirring,,explicit_static_or_no_stirring,"static, n2 atmosphere; degassed",
"static, air atmosphere",1,0,1,True,Static / no stirring,Static / no stirring,,explicit_static_or_no_stirring,"static, air atmosphere",
"static, under N2",1,0,1,True,Static / no stirring,Static / no stirring,,explicit_static_or_no_stirring,"static, under n2",
"static, under N2 (degassed 30 min)",1,0,1,True,Static / no stirring,Static / no stirring,,explicit_static_or_no_stirring,"static, under n2 (degassed 30 min)",
static; cooled to RT over 48 h,1,0,1,True,Static / no stirring,Static / no stirring,,explicit_static_or_no_stirring,static; cooled to rt over 48 h,
static; pre-stirred 15 min,1,0,1,True,Stirred before static synthesis,Stirred before static synthesis,,stirring_and_explicit_static_stage,static; pre-stirred 15 min,
static; sonicated 15 min before heating,1,0,1,True,Sonicated before static synthesis,Sonicated before static synthesis,,sonication_and_explicit_static_stage,static; sonicated 15 min before heating,
static; sonicated 5 min before heating,1,0,1,True,Sonicated before static synthesis,Sonicated before static synthesis,,sonication_and_explicit_static_stage,static; sonicated 5 min before heating,
static; sonicated to dissolve before heating,1,0,1,True,Sonicated before static synthesis,Sonicated before static synthesis,,sonication_and_explicit_static_stage,static; sonicated to dissolve before heating,
"stirred (0.5 h), then static",1,0,1,True,Stirred before static synthesis,Stirred before static synthesis,,stirring_and_explicit_static_stage,"stirred (0.5 h), then static",
"stirred (1 h before sealing), then static",1,0,1,True,Stirred before static synthesis,Stirred before static synthesis,,stirring_and_explicit_static_stage,"stirred (1 h before sealing), then static",
stirred (1 h),1,0,1,True,Stirred; stage not reported,Stirred; stage not reported,,stirring_without_reaction_stage_evidence,stirred (1 h),
stirred (10 min before solvothermal),1,0,1,True,Stirred during preparation; later agitation not reported,Stirred during preparation; later agitation not reported,,preparation_stirring_only,stirred (10 min before solvothermal),
stirred (10 min pre-stir before autoclave),1,0,1,True,Stirred during preparation; later agitation not reported,Stirred during preparation; later agitation not reported,,preparation_stirring_only,stirred (10 min pre-stir before autoclave),
stirred (100 rpm),1,0,1,True,Stirred; stage not reported,Stirred; stage not reported,,stirring_without_reaction_stage_evidence,stirred (100 rpm),
stirred (15 min + 30 min),1,0,1,True,Stirred; stage not reported,Stirred; stage not reported,,stirring_without_reaction_stage_evidence,stirred (15 min + 30 min),
stirred (15 min before heating),1,0,1,True,Stirred during preparation; later agitation not reported,Stirred during preparation; later agitation not reported,,preparation_stirring_only,stirred (15 min before heating),
stirred (15 min preheating),1,0,1,True,Stirred during preparation; later agitation not reported,Stirred during preparation; later agitation not reported,,preparation_stirring_only,stirred (15 min preheating),
stirred (2 h pre-stir),1,0,1,True,Stirred during preparation; later agitation not reported,Stirred during preparation; later agitation not reported,,preparation_stirring_only,stirred (2 h pre-stir),
"stirred (2 h), then static",1,0,1,True,Stirred before static synthesis,Stirred before static synthesis,,stirring_and_explicit_static_stage,"stirred (2 h), then static",
stirred (250 rpm),1,0,1,True,Stirred; stage not reported,Stirred; stage not reported,,stirring_without_reaction_stage_evidence,stirred (250 rpm),
stirred (30 min before sealing),1,0,1,True,Stirred during preparation; later agitation not reported,Stirred during preparation; later agitation not reported,,preparation_stirring_only,stirred (30 min before sealing),
stirred (30 min pre-heating),1,0,1,True,Stirred during preparation; later agitation not reported,Stirred during preparation; later agitation not reported,,preparation_stirring_only,stirred (30 min pre-heating),
"stirred (30 min pre-mix), then static",1,0,1,True,Stirred before static synthesis,Stirred before static synthesis,,stirring_and_explicit_static_stage,"stirred (30 min pre-mix), then static",
stirred (300 r s−1),1,0,1,True,Stirred; stage not reported,Stirred; stage not reported,,stirring_without_reaction_stage_evidence,stirred (300 r s-1),
stirred (BTC solution rapidly added to metal solution),1,0,1,True,Stirred; stage not reported,Stirred; stage not reported,,stirring_without_reaction_stage_evidence,stirred (btc solution rapidly added to metal solution),
stirred (Cu solution added dropwise to linker solution),1,0,1,True,Stirred; stage not reported,Stirred; stage not reported,,stirring_without_reaction_stage_evidence,stirred (cu solution added dropwise to linker solution),
"stirred (during addition), then aged",1,0,1,True,Stirred during preparation; later agitation not reported,Stirred during preparation; later agitation not reported,,preparation_stirring_only,"stirred (during addition), then aged",
stirred (magnetic),1,0,1,True,Stirred; stage not reported,Stirred; stage not reported,,stirring_without_reaction_stage_evidence,stirred (magnetic),
stirred (metal solution added dropwise into linker solution),1,0,1,True,Stirred; stage not reported,Stirred; stage not reported,,stirring_without_reaction_stage_evidence,stirred (metal solution added dropwise into linker solution),
"stirred (pre-mix), then static",1,0,1,True,Stirred before static synthesis,Stirred before static synthesis,,stirring_and_explicit_static_stage,"stirred (pre-mix), then static",
"stirred (preheating), static during solvothermal",1,0,1,True,Stirred before static synthesis,Stirred before static synthesis,,stirring_and_explicit_static_stage,"stirred (preheating), static during solvothermal",
stirred (prior to heating),1,0,1,True,Stirred during preparation; later agitation not reported,Stirred during preparation; later agitation not reported,,preparation_stirring_only,stirred (prior to heating),
stirred (reflux),1,0,1,True,Other reported agitation,Stirred during synthesis,positive_reference_class_count_lt_50,explicit_reaction_stage_stirring,stirred (reflux),
stirred (~30 min),1,0,1,True,Stirred; stage not reported,Stirred; stage not reported,,stirring_without_reaction_stage_evidence,stirred (~30 min),
"stirred 0.5 h at RT before heating, then static",1,0,1,True,Stirred before static synthesis,Stirred before static synthesis,,stirring_and_explicit_static_stage,"stirred 0.5 h at rt before heating, then static",
"stirred 0.5 h pre-mix, then static during heating",1,0,1,True,Stirred before static synthesis,Stirred before static synthesis,,stirring_and_explicit_static_stage,"stirred 0.5 h pre-mix, then static during heating",
stirred 0.5 h pre-mix; static during hydrothermal step,1,0,1,True,Stirred before static synthesis,Stirred before static synthesis,,stirring_and_explicit_static_stage,stirred 0.5 h pre-mix; static during hydrothermal step,
"stirred 1 day at 100 rpm, then static 2 days",1,0,1,True,Stirred before static synthesis,Stirred before static synthesis,,stirring_and_explicit_static_stage,"stirred 1 day at 100 rpm, then static 2 days",
"stirred 1 h (aqueous Cu + AA), then static solvent diffusion layering",1,0,1,True,Stirred before static synthesis,Stirred before static synthesis,,stirring_and_explicit_static_stage,"stirred 1 h (aqueous cu + aa), then static solvent diffusion layering",
"stirred 1 h (aqueous Cu + PA), then static solvent diffusion layering",1,0,1,True,Stirred before static synthesis,Stirred before static synthesis,,stirring_and_explicit_static_stage,"stirred 1 h (aqueous cu + pa), then static solvent diffusion layering",
stirred 1 h at RT before heating; static during heating,1,0,1,True,Stirred before static synthesis,Stirred before static synthesis,,stirring_and_explicit_static_stage,stirred 1 h at rt before heating; static during heating,
stirred 1 h at RT before heating; static during solvothermal step,1,0,1,True,Stirred before static synthesis,Stirred before static synthesis,,stirring_and_explicit_static_stage,stirred 1 h at rt before heating; static during solvothermal step,
"stirred 1 h at RT, then static during heating",1,0,1,True,Stirred before static synthesis,Stirred before static synthesis,,stirring_and_explicit_static_stage,"stirred 1 h at rt, then static during heating",
"stirred 1 h at RT, then static; cooled at 10 °C h−1",1,0,1,True,Stirred before static synthesis,Stirred before static synthesis,,stirring_and_explicit_static_stage,"stirred 1 h at rt, then static; cooled at 10 °c h-1",
"stirred 1 h at ambient, then static under autogenous pressure",1,0,1,True,Stirred before static synthesis,Stirred before static synthesis,,stirring_and_explicit_static_stage,"stirred 1 h at ambient, then static under autogenous pressure",
stirred 1 h before heating; sealed and heated (static),1,0,1,True,Stirred before static synthesis,Stirred before static synthesis,,stirring_and_explicit_static_stage,stirred 1 h before heating; sealed and heated (static),
stirred 1 h before sealing; static during heating,1,0,1,True,Stirred before static synthesis,Stirred before static synthesis,,stirring_and_explicit_static_stage,stirred 1 h before sealing; static during heating,
"stirred 1 h to clear, then static during heating",1,0,1,True,Stirred before static synthesis,Stirred before static synthesis,,stirring_and_explicit_static_stage,"stirred 1 h to clear, then static during heating",
stirred 1 min then static,1,0,1,True,Stirred before static synthesis,Stirred before static synthesis,,stirring_and_explicit_static_stage,stirred 1 min then static,
stirred 10 min at RT before solvothermal,1,0,1,True,Stirred during preparation; later agitation not reported,Stirred during preparation; later agitation not reported,,preparation_stirring_only,stirred 10 min at rt before solvothermal,
"stirred 10 min at RT, then static during hydrothermal step",1,0,1,True,Stirred before static synthesis,Stirred before static synthesis,,stirring_and_explicit_static_stage,"stirred 10 min at rt, then static during hydrothermal step",
stirred 10 min at RT; then heated (static),1,0,1,True,Stirred before static synthesis,Stirred before static synthesis,,stirring_and_explicit_static_stage,stirred 10 min at rt; then heated (static),
stirred 10 min before sealing; static during heating,1,0,1,True,Stirred before static synthesis,Stirred before static synthesis,,stirring_and_explicit_static_stage,stirred 10 min before sealing; static during heating,
stirred 10 min before solvothermal; static during heating,1,0,1,True,Stirred before static synthesis,Stirred before static synthesis,,stirring_and_explicit_static_stage,stirred 10 min before solvothermal; static during heating,
"stirred 10 min pre-mix, then static during solvothermal",1,0,1,True,Stirred before static synthesis,Stirred before static synthesis,,stirring_and_explicit_static_stage,"stirred 10 min pre-mix, then static during solvothermal",
stirred 10 min pre-seal; static during heating,1,0,1,True,Stirred before static synthesis,Stirred before static synthesis,,stirring_and_explicit_static_stage,stirred 10 min pre-seal; static during heating,
stirred 10 min then static during heating,1,0,1,True,Stirred before static synthesis,Stirred before static synthesis,,stirring_and_explicit_static_stage,stirred 10 min then static during heating,
"stirred 10 min, added HNO3, stirred 10 min; then heated static",1,0,1,True,Stirred before static synthesis,Stirred before static synthesis,,stirring_and_explicit_static_stage,"stirred 10 min, added hno3, stirred 10 min; then heated static",
"stirred 10 min, then aged overnight",1,0,1,True,Stirred during preparation; later agitation not reported,Stirred during preparation; later agitation not reported,,preparation_stirring_only,"stirred 10 min, then aged overnight",
stirred 10 min; static during hydrothermal,1,0,1,True,Stirred before static synthesis,Stirred before static synthesis,,stirring_and_explicit_static_stage,stirred 10 min; static during hydrothermal,
"stirred 12–18 h at RT, then static during solvothermal step",1,0,1,True,Stirred before static synthesis,Stirred before static synthesis,,stirring_and_explicit_static_stage,"stirred 12-18 h at rt, then static during solvothermal step",
stirred 15 min,1,0,1,True,Stirred; stage not reported,Stirred; stage not reported,,stirring_without_reaction_stage_evidence,stirred 15 min,
"stirred 15 min + 30 min, then static",1,0,1,True,Stirred before static synthesis,Stirred before static synthesis,,stirring_and_explicit_static_stage,"stirred 15 min + 30 min, then static",
"stirred 15 min at RT, then heated",1,0,1,True,Stirred during preparation; later agitation not reported,Stirred during preparation; later agitation not reported,,preparation_stirring_only,"stirred 15 min at rt, then heated",
stirred 15 min at RT; solvothermal static,1,0,1,True,Stirred before static synthesis,Stirred before static synthesis,,stirring_and_explicit_static_stage,stirred 15 min at rt; solvothermal static,
stirred 15 min before autoclave,1,0,1,True,Stirred during preparation; later agitation not reported,Stirred during preparation; later agitation not reported,,preparation_stirring_only,stirred 15 min before autoclave,
"stirred 15 min, then heated",1,0,1,True,Stirred during preparation; later agitation not reported,Stirred during preparation; later agitation not reported,,preparation_stirring_only,"stirred 15 min, then heated",
"stirred 15 min, then static slow evaporation",1,0,1,True,Stirred before static synthesis,Stirred before static synthesis,,stirring_and_explicit_static_stage,"stirred 15 min, then static slow evaporation",
"stirred 15 min, then static; pH adjusted to 5.0",1,0,1,True,Stirred before static synthesis,Stirred before static synthesis,,stirring_and_explicit_static_stage,"stirred 15 min, then static; ph adjusted to 5.0",
stirred 15 min; then static,1,0,1,True,Stirred before static synthesis,Stirred before static synthesis,,stirring_and_explicit_static_stage,stirred 15 min; then static,
stirred 15–20 min before heating,1,0,1,True,Stirred during preparation; later agitation not reported,Stirred during preparation; later agitation not reported,,preparation_stirring_only,stirred 15-20 min before heating,
stirred 16 h at RT before solvothermal; static during heating,1,0,1,True,Stirred before static synthesis,Stirred before static synthesis,,stirring_and_explicit_static_stage,stirred 16 h at rt before solvothermal; static during heating,
"stirred 2 h at RT, then static",1,0,1,True,Stirred before static synthesis,Stirred before static synthesis,,stirring_and_explicit_static_stage,"stirred 2 h at rt, then static",
stirred 2 h before autoclave; static during solvothermal,1,0,1,True,Stirred before static synthesis,Stirred before static synthesis,,stirring_and_explicit_static_stage,stirred 2 h before autoclave; static during solvothermal,
stirred 2 h before heating; static during solvothermal,1,0,1,True,Stirred before static synthesis,Stirred before static synthesis,,stirring_and_explicit_static_stage,stirred 2 h before heating; static during solvothermal,
stirred 2 h pre-mix; static during heating,1,0,1,True,Stirred before static synthesis,Stirred before static synthesis,,stirring_and_explicit_static_stage,stirred 2 h pre-mix; static during heating,
stirred 2 h prior to solvothermal step; static during heating,1,0,1,True,Stirred before static synthesis,Stirred before static synthesis,,stirring_and_explicit_static_stage,stirred 2 h prior to solvothermal step; static during heating,
stirred 2 h then static,1,0,1,True,Stirred before static synthesis,Stirred before static synthesis,,stirring_and_explicit_static_stage,stirred 2 h then static,
"stirred 2 h, sonicated 1 h, then static during solvothermal",1,0,1,True,Stirred before static synthesis,Stirred before static synthesis,,stirring_and_explicit_static_stage,"stirred 2 h, sonicated 1 h, then static during solvothermal",
stirred 2 h; then static layering,1,0,1,True,Stirred before static synthesis,Stirred before static synthesis,,stirring_and_explicit_static_stage,stirred 2 h; then static layering,
"stirred 2 min at 350 rpm, then static",1,0,1,True,Stirred before static synthesis,Stirred before static synthesis,,stirring_and_explicit_static_stage,"stirred 2 min at 350 rpm, then static",
"stirred 20 min at RT, then static during heating",1,0,1,True,Stirred before static synthesis,Stirred before static synthesis,,stirring_and_explicit_static_stage,"stirred 20 min at rt, then static during heating",
stirred 20 min at RT; then static,1,0,1,True,Stirred before static synthesis,Stirred before static synthesis,,stirring_and_explicit_static_stage,stirred 20 min at rt; then static,
stirred 20 min before heating; static during heating,1,0,1,True,Stirred before static synthesis,Stirred before static synthesis,,stirring_and_explicit_static_stage,stirred 20 min before heating; static during heating,
stirred 20 min in air before heating,1,0,1,True,Stirred during preparation; later agitation not reported,Stirred during preparation; later agitation not reported,,preparation_stirring_only,stirred 20 min in air before heating,
stirred 20 min pre-mix; static during heating,1,0,1,True,Stirred before static synthesis,Stirred before static synthesis,,stirring_and_explicit_static_stage,stirred 20 min pre-mix; static during heating,
"stirred 20 min, sonicated 20 min",1,0,1,True,Stirred; stage not reported,Stirred; stage not reported,,stirring_without_reaction_stage_evidence,"stirred 20 min, sonicated 20 min",
stirred 20 min; aged static overnight,1,0,1,True,Stirred before static synthesis,Stirred before static synthesis,,stirring_and_explicit_static_stage,stirred 20 min; aged static overnight,
stirred 20 min; static during heating,1,0,1,True,Stirred before static synthesis,Stirred before static synthesis,,stirring_and_explicit_static_stage,stirred 20 min; static during heating,
stirred 24 h pre-aging; static during autoclave,1,0,1,True,Stirred before static synthesis,Stirred before static synthesis,,stirring_and_explicit_static_stage,stirred 24 h pre-aging; static during autoclave,
"stirred 24 h, then static",1,0,1,True,Stirred before static synthesis,Stirred before static synthesis,,stirring_and_explicit_static_stage,"stirred 24 h, then static",
"stirred 2–3 h at RT, then static during solvothermal step",1,0,1,True,Stirred before static synthesis,Stirred before static synthesis,,stirring_and_explicit_static_stage,"stirred 2-3 h at rt, then static during solvothermal step",
"stirred 3 h (r.t.), then static during heating",1,0,1,True,Stirred before static synthesis,Stirred before static synthesis,,stirring_and_explicit_static_stage,"stirred 3 h (r.t.), then static during heating",
stirred 3 h at RT before heating,1,0,1,True,Stirred during preparation; later agitation not reported,Stirred during preparation; later agitation not reported,,preparation_stirring_only,stirred 3 h at rt before heating,
"stirred 3 h at RT, then static during heating",1,0,1,True,Stirred before static synthesis,Stirred before static synthesis,,stirring_and_explicit_static_stage,"stirred 3 h at rt, then static during heating",
"stirred 3 h pre-mix, static during solvothermal",1,0,1,True,Stirred before static synthesis,Stirred before static synthesis,,stirring_and_explicit_static_stage,"stirred 3 h pre-mix, static during solvothermal",
"stirred 3 h, then static",1,0,1,True,Stirred before static synthesis,Stirred before static synthesis,,stirring_and_explicit_static_stage,"stirred 3 h, then static",
"stirred 3 h, then static 24 h",1,0,1,True,Stirred before static synthesis,Stirred before static synthesis,,stirring_and_explicit_static_stage,"stirred 3 h, then static 24 h",
"stirred 30 min (RT), then static",1,0,1,True,Stirred before static synthesis,Stirred before static synthesis,,stirring_and_explicit_static_stage,"stirred 30 min (rt), then static",
stirred 30 min + 2 h before heating,1,0,1,True,Stirred during preparation; later agitation not reported,Stirred during preparation; later agitation not reported,,preparation_stirring_only,stirred 30 min + 2 h before heating,
"stirred 30 min + 2 h, then static",1,0,1,True,Stirred before static synthesis,Stirred before static synthesis,,stirring_and_explicit_static_stage,"stirred 30 min + 2 h, then static",
"stirred 30 min at 25 °C, then sonicated 15 min; static during heating",1,0,1,True,Stirred before static synthesis,Stirred before static synthesis,,stirring_and_explicit_static_stage,"stirred 30 min at 25 °c, then sonicated 15 min; static during heating",
stirred 30 min at RT before autoclave; static during heating,1,0,1,True,Stirred before static synthesis,Stirred before static synthesis,,stirring_and_explicit_static_stage,stirred 30 min at rt before autoclave; static during heating,
"stirred 30 min at RT, then static during solvothermal step",1,0,1,True,Stirred before static synthesis,Stirred before static synthesis,,stirring_and_explicit_static_stage,"stirred 30 min at rt, then static during solvothermal step",
"stirred 30 min at RT, then static solvothermal",1,0,1,True,Stirred before static synthesis,Stirred before static synthesis,,stirring_and_explicit_static_stage,"stirred 30 min at rt, then static solvothermal",
stirred 30 min before acid addition; static during solvothermal step,1,0,1,True,Stirred before static synthesis,Stirred before static synthesis,,stirring_and_explicit_static_stage,stirred 30 min before acid addition; static during solvothermal step,
stirred 30 min before heating; sealed and heated (static),1,0,1,True,Stirred before static synthesis,Stirred before static synthesis,,stirring_and_explicit_static_stage,stirred 30 min before heating; sealed and heated (static),
stirred 30 min before heating; then static hydrothermal; stirred after cooling,1,0,1,True,Stirred before static synthesis,Stirred before static synthesis,,stirring_and_explicit_static_stage,stirred 30 min before heating; then static hydrothermal; stirred after cooling,
"stirred 30 min in air, then static during heating",1,0,1,True,Stirred before static synthesis,Stirred before static synthesis,,stirring_and_explicit_static_stage,"stirred 30 min in air, then static during heating",
"stirred 30 min pre, static during heating",1,0,1,True,Stirred before static synthesis,Stirred before static synthesis,,stirring_and_explicit_static_stage,"stirred 30 min pre, static during heating",
stirred 30 min pre-heat; static during heating,1,0,1,True,Stirred before static synthesis,Stirred before static synthesis,,stirring_and_explicit_static_stage,stirred 30 min pre-heat; static during heating,
stirred 30 min pre-mix; static during solvothermal,1,0,1,True,Stirred before static synthesis,Stirred before static synthesis,,stirring_and_explicit_static_stage,stirred 30 min pre-mix; static during solvothermal,
stirred 30 min prior to reaction,1,0,1,True,Stirred during preparation; later agitation not reported,Stirred during preparation; later agitation not reported,,preparation_stirring_only,stirred 30 min prior to reaction,
stirred 30 min then static during heating,1,0,1,True,Stirred before static synthesis,Stirred before static synthesis,,stirring_and_explicit_static_stage,stirred 30 min then static during heating,
stirred 30 min to clear solution; static during heating,1,0,1,True,Stirred before static synthesis,Stirred before static synthesis,,stirring_and_explicit_static_stage,stirred 30 min to clear solution; static during heating,
"stirred 30 min, pH adjusted, stirred 30 min, then static",1,0,1,True,Stirred before static synthesis,Stirred before static synthesis,,stirring_and_explicit_static_stage,"stirred 30 min, ph adjusted, stirred 30 min, then static",
"stirred 30 min, then heated (static)",1,0,1,True,Stirred before static synthesis,Stirred before static synthesis,,stirring_and_explicit_static_stage,"stirred 30 min, then heated (static)",
"stirred 30 min, then layered",1,0,1,True,Stirred during preparation; later agitation not reported,Stirred during preparation; later agitation not reported,,preparation_stirring_only,"stirred 30 min, then layered",
"stirred 30 min, then sealed",1,0,1,True,Stirred during preparation; later agitation not reported,Stirred during preparation; later agitation not reported,,preparation_stirring_only,"stirred 30 min, then sealed",
"stirred 30 min, then static (sealed)",1,0,1,True,Stirred before static synthesis,Stirred before static synthesis,,stirring_and_explicit_static_stage,"stirred 30 min, then static (sealed)",
"stirred 30 min, then static for 2 weeks",1,0,1,True,Stirred before static synthesis,Stirred before static synthesis,,stirring_and_explicit_static_stage,"stirred 30 min, then static for 2 weeks",
"stirred 30 min, then static hydrothermal",1,0,1,True,Stirred before static synthesis,Stirred before static synthesis,,stirring_and_explicit_static_stage,"stirred 30 min, then static hydrothermal",
"stirred 30 min, then static; cooled at 5 °C h−1 to RT",1,0,1,True,Stirred before static synthesis,Stirred before static synthesis,,stirring_and_explicit_static_stage,"stirred 30 min, then static; cooled at 5 °c h-1 to rt",
stirred 30 min; then static during heating,1,0,1,True,Stirred before static synthesis,Stirred before static synthesis,,stirring_and_explicit_static_stage,stirred 30 min; then static during heating,
stirred 4 h (pre); static during heating,1,0,1,True,Stirred before static synthesis,Stirred before static synthesis,,stirring_and_explicit_static_stage,stirred 4 h (pre); static during heating,
stirred 4 h before heating; static during solvothermal step,1,0,1,True,Stirred before static synthesis,Stirred before static synthesis,,stirring_and_explicit_static_stage,stirred 4 h before heating; static during solvothermal step,
stirred 4 h pre-mix; static during heating,1,0,1,True,Stirred before static synthesis,Stirred before static synthesis,,stirring_and_explicit_static_stage,stirred 4 h pre-mix; static during heating,
stirred 4 h then static,1,0,1,True,Stirred before static synthesis,Stirred before static synthesis,,stirring_and_explicit_static_stage,stirred 4 h then static,
"stirred 4 h, then static",1,0,1,True,Stirred before static synthesis,Stirred before static synthesis,,stirring_and_explicit_static_stage,"stirred 4 h, then static",
"stirred 40 min, then static",1,0,1,True,Stirred before static synthesis,Stirred before static synthesis,,stirring_and_explicit_static_stage,"stirred 40 min, then static",
stirred 400 rpm for 1 h pre-mix; static during solvothermal,1,0,1,True,Stirred before static synthesis,Stirred before static synthesis,,stirring_and_explicit_static_stage,stirred 400 rpm for 1 h pre-mix; static during solvothermal,
stirred 400 rpm for 60 min before heating,1,0,1,True,Stirred during preparation; later agitation not reported,Stirred during preparation; later agitation not reported,,preparation_stirring_only,stirred 400 rpm for 60 min before heating,
stirred 45 min then static (autogenous pressure),1,0,1,True,Stirred before static synthesis,Stirred before static synthesis,,stirring_and_explicit_static_stage,stirred 45 min then static (autogenous pressure),
"stirred 45 min, then static",1,0,1,True,Stirred before static synthesis,Stirred before static synthesis,,stirring_and_explicit_static_stage,"stirred 45 min, then static",
"stirred 5 h at RT, then static in autoclave",1,0,1,True,Stirred before static synthesis,Stirred before static synthesis,,stirring_and_explicit_static_stage,"stirred 5 h at rt, then static in autoclave",
stirred 5 min (500 rpm) then static during heating,1,0,1,True,Stirred before static synthesis,Stirred before static synthesis,,stirring_and_explicit_static_stage,stirred 5 min (500 rpm) then static during heating,
stirred 5 min at RT before autoclave,1,0,1,True,Stirred during preparation; later agitation not reported,Stirred during preparation; later agitation not reported,,preparation_stirring_only,stirred 5 min at rt before autoclave,
stirred 5 min then static diffusion,1,0,1,True,Stirred before static synthesis,Stirred before static synthesis,,stirring_and_explicit_static_stage,stirred 5 min then static diffusion,
"stirred 8 min, then static",1,0,1,True,Stirred before static synthesis,Stirred before static synthesis,,stirring_and_explicit_static_stage,"stirred 8 min, then static",
stirred at 1200 rpm,1,0,1,True,Stirred; stage not reported,Stirred; stage not reported,,stirring_without_reaction_stage_evidence,stirred at 1200 rpm,
"stirred at 450 rpm for 45 min, then static during heating",1,0,1,True,Stirred before static synthesis,Stirred before static synthesis,,stirring_and_explicit_static_stage,"stirred at 450 rpm for 45 min, then static during heating",
stirred at 800 rpm,1,0,1,True,Stirred; stage not reported,Stirred; stage not reported,,stirring_without_reaction_stage_evidence,stirred at 800 rpm,
"stirred at 90 °C until clear, then static",1,0,1,True,Stirred before static synthesis,Stirred before static synthesis,,stirring_and_explicit_static_stage,"stirred at 90 °c until clear, then static",
"stirred at RT during addition, then heated",1,0,1,True,Stirred during preparation; later agitation not reported,Stirred during preparation; later agitation not reported,,preparation_stirring_only,"stirred at rt during addition, then heated",
stirred at RT until homogeneous; static on heating,1,0,1,True,Stirred before static synthesis,Stirred before static synthesis,,stirring_and_explicit_static_stage,stirred at rt until homogeneous; static on heating,
"stirred at room temperature until brisk effervescence, then microwaved",1,0,1,True,Stirred during preparation; later agitation not reported,Stirred during preparation; later agitation not reported,,preparation_stirring_only,"stirred at room temperature until brisk effervescence, then microwaved",
stirred before autoclave; static during heating,1,0,1,True,Stirred before static synthesis,Stirred before static synthesis,,stirring_and_explicit_static_stage,stirred before autoclave; static during heating,
stirred before heating; static during hydrothermal treatment,1,0,1,True,Stirred before static synthesis,Stirred before static synthesis,,stirring_and_explicit_static_stage,stirred before heating; static during hydrothermal treatment,
stirred before sealing; static,1,0,1,True,Stirred before static synthesis,Stirred before static synthesis,,stirring_and_explicit_static_stage,stirred before sealing; static,
stirred before sealing; static during solvothermal,1,0,1,True,Stirred before static synthesis,Stirred before static synthesis,,stirring_and_explicit_static_stage,stirred before sealing; static during solvothermal,
stirred before solvothermal; static during heating,0,1,1,True,Stirred before static synthesis,Stirred before static synthesis,,stirring_and_explicit_static_stage,stirred before solvothermal; static during heating,
stirred briefly before heating; static during hydrothermal,1,0,1,True,Stirred before static synthesis,Stirred before static synthesis,,stirring_and_explicit_static_stage,stirred briefly before heating; static during hydrothermal,
stirred briefly before heating; static during hydrothermal step,1,0,1,True,Stirred before static synthesis,Stirred before static synthesis,,stirring_and_explicit_static_stage,stirred briefly before heating; static during hydrothermal step,
stirred briefly before heating; static during reaction,1,0,1,True,Stirred before static synthesis,Stirred before static synthesis,,stirring_and_explicit_static_stage,stirred briefly before heating; static during reaction,
stirred briefly before heating; then static,1,0,1,True,Stirred before static synthesis,Stirred before static synthesis,,stirring_and_explicit_static_stage,stirred briefly before heating; then static,
"stirred briefly, then static (hydrothermal, autogenous pressure)",1,0,1,True,Stirred before static synthesis,Stirred before static synthesis,,stirring_and_explicit_static_stage,"stirred briefly, then static (hydrothermal, autogenous pressure)",
"stirred during addition, then heated static",1,0,1,True,Stirred before static synthesis,Stirred before static synthesis,,stirring_and_explicit_static_stage,"stirred during addition, then heated static",
"stirred during addition, then static for 24 h",1,0,1,True,Stirred before static synthesis,Stirred before static synthesis,,stirring_and_explicit_static_stage,"stirred during addition, then static for 24 h",
stirred during dissolution; static during solvothermal,1,0,1,True,Stirred before static synthesis,Stirred before static synthesis,,stirring_and_explicit_static_stage,stirred during dissolution; static during solvothermal,
stirred during gel prep; static during diffusion,1,0,1,True,Stirred before static synthesis,Stirred before static synthesis,,stirring_and_explicit_static_stage,stirred during gel prep; static during diffusion,
"stirred during mixing, then static (allowed to stand)",1,0,1,True,Stirred before static synthesis,Stirred before static synthesis,,stirring_and_explicit_static_stage,"stirred during mixing, then static (allowed to stand)",
stirred during mixing; aged overnight,1,0,1,True,Stirred during preparation; later agitation not reported,Stirred during preparation; later agitation not reported,,preparation_stirring_only,stirred during mixing; aged overnight,
stirred during pH-controlled addition (1 h 30); static during hydrothermal step,1,0,1,True,Stirred before static synthesis,Stirred before static synthesis,,stirring_and_explicit_static_stage,stirred during ph-controlled addition (1 h 30); static during hydrothermal step,
"stirred during reflux, then static",1,0,1,True,Stirred before static synthesis,Stirred before static synthesis,,stirring_and_explicit_static_stage,"stirred during reflux, then static",
stirred during reflux; static during diffusion,1,0,1,True,Stirred before static synthesis,Stirred before static synthesis,,stirring_and_explicit_static_stage,stirred during reflux; static during diffusion,
stirred for 20 min in air before heating,1,0,1,True,Stirred during preparation; later agitation not reported,Stirred during preparation; later agitation not reported,,preparation_stirring_only,stirred for 20 min in air before heating,
"stirred for a few minutes, then static slow evaporation",1,0,1,True,Stirred before static synthesis,Stirred before static synthesis,,stirring_and_explicit_static_stage,"stirred for a few minutes, then static slow evaporation",
"stirred initially at 1500 rpm, then static during hydrothermal step",1,0,1,True,Stirred before static synthesis,Stirred before static synthesis,,stirring_and_explicit_static_stage,"stirred initially at 1500 rpm, then static during hydrothermal step",
"stirred initially, then static",1,0,1,True,Stirred before static synthesis,Stirred before static synthesis,,stirring_and_explicit_static_stage,"stirred initially, then static",
"stirred initially, then static diffusion in darkness",1,0,1,True,Stirred before static synthesis,Stirred before static synthesis,,stirring_and_explicit_static_stage,"stirred initially, then static diffusion in darkness",
stirred pre-heating; static during solvothermal step,1,0,1,True,Stirred before static synthesis,Stirred before static synthesis,,stirring_and_explicit_static_stage,stirred pre-heating; static during solvothermal step,
stirred then aged (static),1,0,1,True,Stirred before static synthesis,Stirred before static synthesis,,stirring_and_explicit_static_stage,stirred then aged (static),
"stirred to homogeneity, then static",1,0,1,True,Stirred before static synthesis,Stirred before static synthesis,,stirring_and_explicit_static_stage,"stirred to homogeneity, then static",
stirred under nitrogen flow,1,0,1,True,Stirred; stage not reported,Stirred; stage not reported,,stirring_without_reaction_stage_evidence,stirred under nitrogen flow,
stirred until dissolved,1,0,1,True,Stirred during preparation; later agitation not reported,Stirred during preparation; later agitation not reported,,preparation_stirring_only,stirred until dissolved,
stirred vigorously; B added dropwise to A,1,0,1,True,Stirred; stage not reported,Stirred; stage not reported,,stirring_without_reaction_stage_evidence,stirred vigorously; b added dropwise to a,
stirred ~3 h at RT before heating; static during solvothermal,1,0,1,True,Stirred before static synthesis,Stirred before static synthesis,,stirring_and_explicit_static_stage,stirred ~3 h at rt before heating; static during solvothermal,
stirred ~5 min before heating; static during heating,1,0,1,True,Stirred before static synthesis,Stirred before static synthesis,,stirring_and_explicit_static_stage,stirred ~5 min before heating; static during heating,
"stirred, 100 rpm",1,0,1,True,Stirred; stage not reported,Stirred; stage not reported,,stirring_without_reaction_stage_evidence,"stirred, 100 rpm",
"stirred, argon atmosphere",1,0,1,True,Stirred; stage not reported,Stirred; stage not reported,,stirring_without_reaction_stage_evidence,"stirred, argon atmosphere",
"stirred, then refluxed",1,0,1,True,Stirred during preparation; later agitation not reported,Stirred during preparation; later agitation not reported,,preparation_stirring_only,"stirred, then refluxed",
"stirred, then static diffusion",1,0,1,True,Stirred before static synthesis,Stirred before static synthesis,,stirring_and_explicit_static_stage,"stirred, then static diffusion",
stirred; 2-mim solution added dropwise,1,0,1,True,Stirred; stage not reported,Stirred; stage not reported,,stirring_without_reaction_stage_evidence,stirred; 2-mim solution added dropwise,
stirred; Cu solution added dropwise (25 mL/h),1,0,1,True,Stirred; stage not reported,Stirred; stage not reported,,stirring_without_reaction_stage_evidence,stirred; cu solution added dropwise (25 ml/h),
stirred; Cu solution added dropwise at 25 mL/h,1,0,1,True,Stirred; stage not reported,Stirred; stage not reported,,stirring_without_reaction_stage_evidence,stirred; cu solution added dropwise at 25 ml/h,
stirred; K[Ag(CN)2] solution added dropwise at 0.5 mL min−1,1,0,1,True,Stirred; stage not reported,Stirred; stage not reported,,stirring_without_reaction_stage_evidence,stirred; k[ag(cn)2] solution added dropwise at 0.5 ml min-1,
stirred; Solution 1 added dropwise to Solution 2,1,0,1,True,Stirred; stage not reported,Stirred; stage not reported,,stirring_without_reaction_stage_evidence,stirred; solution 1 added dropwise to solution 2,
stirred; Zn solution added dropwise,1,0,1,True,Stirred; stage not reported,Stirred; stage not reported,,stirring_without_reaction_stage_evidence,stirred; zn solution added dropwise,
stirred; iron solution added dropwise,1,0,1,True,Stirred; stage not reported,Stirred; stage not reported,,stirring_without_reaction_stage_evidence,stirred; iron solution added dropwise,
stirred; metal solution added dropwise,1,0,1,True,Stirred; stage not reported,Stirred; stage not reported,,stirring_without_reaction_stage_evidence,stirred; metal solution added dropwise,
stirred; positive N2 pressure,0,1,1,True,Stirred; stage not reported,Stirred; stage not reported,,stirring_without_reaction_stage_evidence,stirred; positive n2 pressure,
stirred; reagents unground,1,0,1,True,Stirred; stage not reported,Stirred; stage not reported,,stirring_without_reaction_stage_evidence,stirred; reagents unground,
stirred; solids mixed before adding water,1,0,1,True,Stirred during preparation; later agitation not reported,Stirred during preparation; later agitation not reported,,preparation_stirring_only,stirred; solids mixed before adding water,
stirred; sonicated initially,1,0,1,True,Stirred during preparation; later agitation not reported,Stirred during preparation; later agitation not reported,,preparation_stirring_only,stirred; sonicated initially,
stirred; then static,1,0,1,True,Stirred before static synthesis,Stirred before static synthesis,,stirring_and_explicit_static_stage,stirred; then static,
stirred; then static evaporation,1,0,1,True,Stirred before static synthesis,Stirred before static synthesis,,stirring_and_explicit_static_stage,stirred; then static evaporation,
stirred; then static for slow evaporation,1,0,1,True,Stirred before static synthesis,Stirred before static synthesis,,stirring_and_explicit_static_stage,stirred; then static for slow evaporation,
stirring described prior to sealing,1,0,1,True,Stirred during preparation; later agitation not reported,Stirred during preparation; later agitation not reported,,preparation_stirring_only,stirring described prior to sealing,
stirring during gel prep; static during diffusion,1,0,1,True,Stirred before static synthesis,Stirred before static synthesis,,stirring_and_explicit_static_stage,stirring during gel prep; static during diffusion,
strong stirring (1200 rpm); direct mixing of reactants,1,0,1,True,Stirred; stage not reported,Stirred; stage not reported,,stirring_without_reaction_stage_evidence,strong stirring (1200 rpm); direct mixing of reactants,
strong stirring with overhead stirrer,1,0,1,True,Stirred; stage not reported,Stirred; stage not reported,,stirring_without_reaction_stage_evidence,strong stirring with overhead stirrer,
ultrasonic 10 min pre-treatment; then static,1,0,1,True,Sonicated before static synthesis,Sonicated before static synthesis,,sonication_and_explicit_static_stage,ultrasonic 10 min pre-treatment; then static,
ultrasonic 15 min pre-treatment; then static,1,0,1,True,Sonicated before static synthesis,Sonicated before static synthesis,,sonication_and_explicit_static_stage,ultrasonic 15 min pre-treatment; then static,
ultrasonic 2 min; static,1,0,1,True,Sonicated before static synthesis,Sonicated before static synthesis,,sonication_and_explicit_static_stage,ultrasonic 2 min; static,
ultrasonic bath 10 min; then stirred,1,0,1,True,Stirred; stage not reported,Stirred; stage not reported,,stirring_without_reaction_stage_evidence,ultrasonic bath 10 min; then stirred,
"ultrasonically dissolved, then static",1,0,1,True,Sonicated before static synthesis,Sonicated before static synthesis,,sonication_and_explicit_static_stage,"ultrasonically dissolved, then static",
ultrasonically dissolved; static during heating,1,0,1,True,Sonicated before static synthesis,Sonicated before static synthesis,,sonication_and_explicit_static_stage,ultrasonically dissolved; static during heating,
"ultrasonicated (150 W, 10 min) before heating; static during solvothermal",1,0,1,True,Sonicated before static synthesis,Sonicated before static synthesis,,sonication_and_explicit_static_stage,"ultrasonicated (150 w, 10 min) before heating; static during solvothermal",
"ultrasonicated 1 min, then static",1,0,1,True,Sonicated before static synthesis,Sonicated before static synthesis,,sonication_and_explicit_static_stage,"ultrasonicated 1 min, then static",
ultrasonicated 10 min before heating; static during heating,1,0,1,True,Sonicated before static synthesis,Sonicated before static synthesis,,sonication_and_explicit_static_stage,ultrasonicated 10 min before heating; static during heating,
ultrasonicated 10 min; then static,1,0,1,True,Sonicated before static synthesis,Sonicated before static synthesis,,sonication_and_explicit_static_stage,ultrasonicated 10 min; then static,
"ultrasonicated 20 min, then static",1,0,1,True,Sonicated before static synthesis,Sonicated before static synthesis,,sonication_and_explicit_static_stage,"ultrasonicated 20 min, then static",
ultrasonicated 20 min; static,1,0,1,True,Sonicated before static synthesis,Sonicated before static synthesis,,sonication_and_explicit_static_stage,ultrasonicated 20 min; static,
ultrasonicated 3 min; then static,1,0,1,True,Sonicated before static synthesis,Sonicated before static synthesis,,sonication_and_explicit_static_stage,ultrasonicated 3 min; then static,
ultrasonicated 30 min before heating,1,0,1,True,Other reported agitation,Sonicated during preparation; later agitation not reported,positive_reference_class_count_lt_50,preparation_sonication_only,ultrasonicated 30 min before heating,
ultrasonicated 30 min before heating; static during solvothermal,1,0,1,True,Sonicated before static synthesis,Sonicated before static synthesis,,sonication_and_explicit_static_stage,ultrasonicated 30 min before heating; static during solvothermal,
ultrasonicated then static,1,0,1,True,Sonicated before static synthesis,Sonicated before static synthesis,,sonication_and_explicit_static_stage,ultrasonicated then static,
"ultrasonicated to dissolve, then static",1,0,1,True,Sonicated before static synthesis,Sonicated before static synthesis,,sonication_and_explicit_static_stage,"ultrasonicated to dissolve, then static",
ultrasonicated to dissolve; then static during heating,1,0,1,True,Sonicated before static synthesis,Sonicated before static synthesis,,sonication_and_explicit_static_stage,ultrasonicated to dissolve; then static during heating,
"ultrasonicated, then static",1,0,1,True,Sonicated before static synthesis,Sonicated before static synthesis,,sonication_and_explicit_static_stage,"ultrasonicated, then static",
ultrasonicated; static,1,0,1,True,Sonicated before static synthesis,Sonicated before static synthesis,,sonication_and_explicit_static_stage,ultrasonicated; static,
ultrasonicated; static during heating,1,0,1,True,Sonicated before static synthesis,Sonicated before static synthesis,,sonication_and_explicit_static_stage,ultrasonicated; static during heating,
"ultrasound 100 W, 20 min; static",1,0,1,True,Sonicated before static synthesis,Sonicated before static synthesis,,sonication_and_explicit_static_stage,"ultrasound 100 w, 20 min; static",
ultrasound 30 min; then stirred,1,0,1,True,Stirred; stage not reported,Stirred; stage not reported,,stirring_without_reaction_stage_evidence,ultrasound 30 min; then stirred,
ultrasound then static,1,0,1,True,Sonicated before static synthesis,Sonicated before static synthesis,,sonication_and_explicit_static_stage,ultrasound then static,
ultrasound-assisted dissolution; static during heating,1,0,1,True,Sonicated before static synthesis,Sonicated before static synthesis,,sonication_and_explicit_static_stage,ultrasound-assisted dissolution; static during heating,
vigorous magnetic stirring,1,0,1,True,Stirred; stage not reported,Stirred; stage not reported,,stirring_without_reaction_stage_evidence,vigorous magnetic stirring,
vigorous stirring (250 rpm) before heating,1,0,1,True,Stirred during preparation; later agitation not reported,Stirred during preparation; later agitation not reported,,preparation_stirring_only,vigorous stirring (250 rpm) before heating,
vigorous stirring 1 min before heating,1,0,1,True,Stirred during preparation; later agitation not reported,Stirred during preparation; later agitation not reported,,preparation_stirring_only,vigorous stirring 1 min before heating,
vigorous stirring initially; gentle stirring during conversion,0,1,1,True,Other reported agitation,Stirred during synthesis,positive_reference_class_count_lt_50,explicit_reaction_stage_stirring,vigorous stirring initially; gentle stirring during conversion,
vigorous stirring then static,1,0,1,True,Stirred before static synthesis,Stirred before static synthesis,,stirring_and_explicit_static_stage,vigorous stirring then static,
"vigorous stirring, Ar atmosphere",1,0,1,True,Stirred; stage not reported,Stirred; stage not reported,,stirring_without_reaction_stage_evidence,"vigorous stirring, ar atmosphere",
"vigorous stirring, air atmosphere",1,0,1,True,Stirred; stage not reported,Stirred; stage not reported,,stirring_without_reaction_stage_evidence,"vigorous stirring, air atmosphere",
"vigorous stirring; dropwise addition, then stirred",1,0,1,True,Stirred; stage not reported,Stirred; stage not reported,,stirring_without_reaction_stage_evidence,"vigorous stirring; dropwise addition, then stirred",
vigorous stirring; ultrasonic irradiation,1,0,1,True,Stirred; stage not reported,Stirred; stage not reported,,stirring_without_reaction_stage_evidence,vigorous stirring; ultrasonic irradiation,
vigorously stirred then static,1,0,1,True,Stirred before static synthesis,Stirred before static synthesis,,stirring_and_explicit_static_stage,vigorously stirred then static,
with or without stirring,1,0,1,True,Not reported,Unclear / ambiguous,no_unique_supported_agitation_state,alternative_agitation_states,with or without stirring,"The extraction lists alternative agitation states, not a unique record-specific state."
