doi,article_trial_or_failure,article_trial_or_failure_notes,mof_description,mof_name,modification_notes,rationale,based_on_success_index,varied_classes,metal_1,metal_1_abbr,metal_1_amount_text,metal_1_amount_value,metal_1_amount_unit,metal_2,metal_2_abbr,metal_2_amount_text,metal_2_amount_value,metal_2_amount_unit,metal_3,metal_3_abbr,metal_3_amount_text,metal_3_amount_value,metal_3_amount_unit,linker_1,linker_1_abbr,linker_1_amount_text,linker_1_amount_value,linker_1_amount_unit,linker_2,linker_2_abbr,linker_2_amount_text,linker_2_amount_value,linker_2_amount_unit,linker_3,linker_3_abbr,linker_3_amount_text,linker_3_amount_value,linker_3_amount_unit,modulator_1,modulator_1_abbr,modulator_1_amount_text,modulator_1_amount_value,modulator_1_amount_unit,modulator_2,modulator_2_abbr,modulator_2_amount_text,modulator_2_amount_value,modulator_2_amount_unit,solvent_main,solvent_main_abbr,solvent_main_amount_text,solvent_main_ml,solvent_secondary,solvent_secondary_abbr,solvent_secondary_amount_text,solvent_secondary_ml,metel_concnertation,M_L_ratio,temperature_c,temperature_c_text,time_h,time_text,vessel_type,stirring,washing_solvent,washing_cycles,activation_text,activation_temp_c,activation_time_h,crystal_morphology,yield_percent,crystal_size,topology_code,metal_cluster_connectivity,metal_cluster_connectivity_classified,unit_cell_short,pore_diameter_A,BET_surface_area_m2g,air_stable,water_stable,tga_decomposition_temp_c,applications,reference,status,error,crystal_code,additional_original_article_trial_or_failure,additional_trial_flag_source
10.1021/acs.cgd.6b01732,yes,No crystalline material without water layering or in homogeneous DMF/H2O.,a copper metal-organic framework with Cu4(?3-OH)2 cluster; two edge-sharing Cu3(OH) triangles built by organic linker tetracarboxylic meta-substituted four-wall aryl-extended calix[4]pyrrole,calixMOF1,"Control experiment reported that in the absence of water, no crystalline material formed. Represented by removing the water layer (solvent_secondary set to null) relative to the layered DMF/H2O base for calixMOF1.",Negative conditions near calixMOF1: control experiments reported no crystalline material when water was absent or when DMF/H2O were homogeneous. We represent the encodable no-water case against the calixMOF1 layered-DMF/H2O base; homogeneous mixing (no layering) cannot be encoded.,1,solvent_secondary,Cu(NO3)2·1H2O,,45 mg (0.205 mmol),0.205,mmol,,,,,,,,,,,tetracarboxylic meta-substituted four-wall aryl-extended calix[4]pyrrole,L1,400 mg (0.411 mmol),0.411,mmol,,,,,,,,,,,,,,,,,,,,,dimethylformamide,DMF,45 mL,45,,,,,5,0.5,100,100 °C,24,24 h,Teflon-lined autoclave,static,"DMF, EtOH",,dried at 80 °C for 24 h,80,24,blue crystalline powder; single crystals obtained under layered DMF/H2O,,,,Cu4(?3-OH)2 cluster; two edge-sharing Cu3(OH) triangles,trinuclear ?3-oxo trimer cluster SBU,"a=16.241(2), b=16.868(3), c=26.290(2) Å, ?=89.457(10)°, ?=72.01(2)°, ?=88.243(14)°, P-1",,,not_reported,not_reported,200,,10.1021/acs.cgd.6b01732,ok,,,,
10.1021/acsami.5c01476,yes,No solid with [EMIm]BF4 only; ethanol only gave 11.34% yield; interface gave 97.49%.,an iron metal-organic framework built by organic linker 2-aminoterephthalic acid,NH2-MIL-101(Fe),"Per Results 3.1, using ethanol alone for 12 h gave only 11.34% solid (far below the 97.49% from the interface). Represented by removing the ionic liquid (solvent_secondary = null) while keeping ethanol as solvent_main; single-solvent volume not stated.",Single-solvent trials versus the IL–ethanol interfacial synthesis of NH2?MIL?101(Fe): [EMIm]BF4 only gave no solid; ethanol only gave 11.34% solid. Represented as solvent modifications to the room?temperature interface success.,1,solvent_secondary,FeCl3·6H2O,FeCl3·6H2O,270.3 mg,1.42041,mmol,,,,,,,,,,,2-aminoterephthalic acid,H2ATA,181.2 mg,1.00028,mmol,,,,,,,,,,,,,,,,,,,,,ethanol,EtOH,7 mL,7,,,,,203,1.42,25,room temperature,12,12 h,,,MeOH,,60 °C under vacuum,60,,stacked nanocrystals,97.49,60-100 nm,,,,,,1886.7,not_reported,not_reported,250,CO2_capture;cycloaddition catalysis,10.1021/acsami.5c01476,ok,,,,
10.1016/j.cattod.2006.09.003,yes,Solvothermal reactions gave amorphous/microcrystalline solids; only TEA vapor diffusion at RT yielded crystals.,"an iron metal-organic framework with Fe3O(O2C)6 trigonal prismatic SBU and acs topology built by organic linker 2,3,5,6-tetrafluorobenzene-1,4-dicarboxylic acid",,Solvothermal reactions of FeCl2·4H2O (0.38 mmol) and H2F4BDC (0.13 mmol) in DMF/H2O yielded amorphous or microcrystalline precipitates; only TEA vapor diffusion at room temperature produced crystals (text states “solvothermal reactions typically produced amorphous or microcrystalline precipitates”). Represented with three typical solvothermal temperatures and times (no specific values given in the article). TEA vapor omitted for solvothermal runs. ,Negative data captured for Fe3O(F4BDC)3(H2O)3·(DMF)3.5 (1): solvothermal FeCl2/F4BDC in DMF/H2O gave amorphous or microcrystalline solids; only TEA vapor diffusion at RT worked. Zinc MOF-5 analogue attempts are excluded as a different target.,1,modulator_1;solvent_main;solvent_secondary;temperature_c;time_h,FeCl2·4H2O,,"0.15 g, 0.38 mmol",0.38,mmol,,,,,,,,,,,"2,3,5,6-tetrafluorobenzene-1,4-dicarboxylic acid",F4BDC,"0.03 g, 0.13 mmol",0.13,mmol,,,,,,,,,,,,,,,,,,,,,dimethylformamide,DMF,1.0 mL,1,water,H2O,0.5 mL,0.5,380,2.92,100,100.0 °C,6,6.0 h,vapor diffusion setup (sealed vial),static,"DMF, hexanes, chloroform","DMF 3×, hexanes 3×; chloroform 3× then 10 h immersion",50 °C under vacuum for 6 h,50,6,brown rod-shaped crystals,64,0.38 × 0.10 × 0.10 mm,acs,Fe3O(O2C)6 trigonal prismatic SBU,polynuclear cluster SBU,"a=b=15.790(2) Å, c=16.050(2) Å, P63/mmc",14,,not_reported,no,250,hydrogen storage,10.1016/j.cattod.2006.09.003,ok,,,,
10.1016/j.cattod.2006.09.003,yes,Solvothermal reactions gave amorphous/microcrystalline solids; only TEA vapor diffusion at RT yielded crystals.,"an iron metal-organic framework with Fe3O(O2C)6 trigonal prismatic SBU and acs topology built by organic linker 2,3,5,6-tetrafluorobenzene-1,4-dicarboxylic acid",,Solvothermal reactions of FeCl2·4H2O (0.38 mmol) and H2F4BDC (0.13 mmol) in DMF/H2O yielded amorphous or microcrystalline precipitates; only TEA vapor diffusion at room temperature produced crystals (text states “solvothermal reactions typically produced amorphous or microcrystalline precipitates”). Represented with three typical solvothermal temperatures and times (no specific values given in the article). TEA vapor omitted for solvothermal runs. ,Negative data captured for Fe3O(F4BDC)3(H2O)3·(DMF)3.5 (1): solvothermal FeCl2/F4BDC in DMF/H2O gave amorphous or microcrystalline solids; only TEA vapor diffusion at RT worked. Zinc MOF-5 analogue attempts are excluded as a different target.,1,modulator_1;solvent_main;solvent_secondary;temperature_c;time_h,FeCl2·4H2O,,"0.15 g, 0.38 mmol",0.38,mmol,,,,,,,,,,,"2,3,5,6-tetrafluorobenzene-1,4-dicarboxylic acid",F4BDC,"0.03 g, 0.13 mmol",0.13,mmol,,,,,,,,,,,,,,,,,,,,,dimethylformamide,DMF,1.0 mL,1,water,H2O,0.5 mL,0.5,380,2.92,100,100.0 °C,24,24.0 h,vapor diffusion setup (sealed vial),static,"DMF, hexanes, chloroform","DMF 3×, hexanes 3×; chloroform 3× then 10 h immersion",50 °C under vacuum for 6 h,50,6,brown rod-shaped crystals,64,0.38 × 0.10 × 0.10 mm,acs,Fe3O(O2C)6 trigonal prismatic SBU,polynuclear cluster SBU,"a=b=15.790(2) Å, c=16.050(2) Å, P63/mmc",14,,not_reported,no,250,hydrogen storage,10.1016/j.cattod.2006.09.003,ok,,,,
10.1016/j.cattod.2006.09.003,yes,Solvothermal reactions gave amorphous/microcrystalline solids; only TEA vapor diffusion at RT yielded crystals.,"an iron metal-organic framework with Fe3O(O2C)6 trigonal prismatic SBU and acs topology built by organic linker 2,3,5,6-tetrafluorobenzene-1,4-dicarboxylic acid",,Solvothermal reactions of FeCl2·4H2O (0.38 mmol) and H2F4BDC (0.13 mmol) in DMF/H2O yielded amorphous or microcrystalline precipitates; only TEA vapor diffusion at room temperature produced crystals (text states “solvothermal reactions typically produced amorphous or microcrystalline precipitates”). Represented with three typical solvothermal temperatures and times (no specific values given in the article). TEA vapor omitted for solvothermal runs. ,Negative data captured for Fe3O(F4BDC)3(H2O)3·(DMF)3.5 (1): solvothermal FeCl2/F4BDC in DMF/H2O gave amorphous or microcrystalline solids; only TEA vapor diffusion at RT worked. Zinc MOF-5 analogue attempts are excluded as a different target.,1,modulator_1;solvent_main;solvent_secondary;temperature_c;time_h,FeCl2·4H2O,,"0.15 g, 0.38 mmol",0.38,mmol,,,,,,,,,,,"2,3,5,6-tetrafluorobenzene-1,4-dicarboxylic acid",F4BDC,"0.03 g, 0.13 mmol",0.13,mmol,,,,,,,,,,,,,,,,,,,,,dimethylformamide,DMF,1.0 mL,1,water,H2O,0.5 mL,0.5,380,2.92,100,100.0 °C,72,72.0 h,vapor diffusion setup (sealed vial),static,"DMF, hexanes, chloroform","DMF 3×, hexanes 3×; chloroform 3× then 10 h immersion",50 °C under vacuum for 6 h,50,6,brown rod-shaped crystals,64,0.38 × 0.10 × 0.10 mm,acs,Fe3O(O2C)6 trigonal prismatic SBU,polynuclear cluster SBU,"a=b=15.790(2) Å, c=16.050(2) Å, P63/mmc",14,,not_reported,no,250,hydrogen storage,10.1016/j.cattod.2006.09.003,ok,,,,
10.1016/j.cattod.2006.09.003,yes,Solvothermal reactions gave amorphous/microcrystalline solids; only TEA vapor diffusion at RT yielded crystals.,"an iron metal-organic framework with Fe3O(O2C)6 trigonal prismatic SBU and acs topology built by organic linker 2,3,5,6-tetrafluorobenzene-1,4-dicarboxylic acid",,Solvothermal reactions of FeCl2·4H2O (0.38 mmol) and H2F4BDC (0.13 mmol) in DMF/H2O yielded amorphous or microcrystalline precipitates; only TEA vapor diffusion at room temperature produced crystals (text states “solvothermal reactions typically produced amorphous or microcrystalline precipitates”). Represented with three typical solvothermal temperatures and times (no specific values given in the article). TEA vapor omitted for solvothermal runs. ,Negative data captured for Fe3O(F4BDC)3(H2O)3·(DMF)3.5 (1): solvothermal FeCl2/F4BDC in DMF/H2O gave amorphous or microcrystalline solids; only TEA vapor diffusion at RT worked. Zinc MOF-5 analogue attempts are excluded as a different target.,1,modulator_1;solvent_main;solvent_secondary;temperature_c;time_h,FeCl2·4H2O,,"0.15 g, 0.38 mmol",0.38,mmol,,,,,,,,,,,"2,3,5,6-tetrafluorobenzene-1,4-dicarboxylic acid",F4BDC,"0.03 g, 0.13 mmol",0.13,mmol,,,,,,,,,,,,,,,,,,,,,dimethylformamide,DMF,1.0 mL,1,water,H2O,0.5 mL,0.5,380,2.92,120,120.0 °C,6,6.0 h,vapor diffusion setup (sealed vial),static,"DMF, hexanes, chloroform","DMF 3×, hexanes 3×; chloroform 3× then 10 h immersion",50 °C under vacuum for 6 h,50,6,brown rod-shaped crystals,64,0.38 × 0.10 × 0.10 mm,acs,Fe3O(O2C)6 trigonal prismatic SBU,polynuclear cluster SBU,"a=b=15.790(2) Å, c=16.050(2) Å, P63/mmc",14,,not_reported,no,250,hydrogen storage,10.1016/j.cattod.2006.09.003,ok,,,,
10.1016/j.cattod.2006.09.003,yes,Solvothermal reactions gave amorphous/microcrystalline solids; only TEA vapor diffusion at RT yielded crystals.,"an iron metal-organic framework with Fe3O(O2C)6 trigonal prismatic SBU and acs topology built by organic linker 2,3,5,6-tetrafluorobenzene-1,4-dicarboxylic acid",,Solvothermal reactions of FeCl2·4H2O (0.38 mmol) and H2F4BDC (0.13 mmol) in DMF/H2O yielded amorphous or microcrystalline precipitates; only TEA vapor diffusion at room temperature produced crystals (text states “solvothermal reactions typically produced amorphous or microcrystalline precipitates”). Represented with three typical solvothermal temperatures and times (no specific values given in the article). TEA vapor omitted for solvothermal runs. ,Negative data captured for Fe3O(F4BDC)3(H2O)3·(DMF)3.5 (1): solvothermal FeCl2/F4BDC in DMF/H2O gave amorphous or microcrystalline solids; only TEA vapor diffusion at RT worked. Zinc MOF-5 analogue attempts are excluded as a different target.,1,modulator_1;solvent_main;solvent_secondary;temperature_c;time_h,FeCl2·4H2O,,"0.15 g, 0.38 mmol",0.38,mmol,,,,,,,,,,,"2,3,5,6-tetrafluorobenzene-1,4-dicarboxylic acid",F4BDC,"0.03 g, 0.13 mmol",0.13,mmol,,,,,,,,,,,,,,,,,,,,,dimethylformamide,DMF,1.0 mL,1,water,H2O,0.5 mL,0.5,380,2.92,120,120.0 °C,24,24.0 h,vapor diffusion setup (sealed vial),static,"DMF, hexanes, chloroform","DMF 3×, hexanes 3×; chloroform 3× then 10 h immersion",50 °C under vacuum for 6 h,50,6,brown rod-shaped crystals,64,0.38 × 0.10 × 0.10 mm,acs,Fe3O(O2C)6 trigonal prismatic SBU,polynuclear cluster SBU,"a=b=15.790(2) Å, c=16.050(2) Å, P63/mmc",14,,not_reported,no,250,hydrogen storage,10.1016/j.cattod.2006.09.003,ok,,,,
10.1016/j.cattod.2006.09.003,yes,Solvothermal reactions gave amorphous/microcrystalline solids; only TEA vapor diffusion at RT yielded crystals.,"an iron metal-organic framework with Fe3O(O2C)6 trigonal prismatic SBU and acs topology built by organic linker 2,3,5,6-tetrafluorobenzene-1,4-dicarboxylic acid",,Solvothermal reactions of FeCl2·4H2O (0.38 mmol) and H2F4BDC (0.13 mmol) in DMF/H2O yielded amorphous or microcrystalline precipitates; only TEA vapor diffusion at room temperature produced crystals (text states “solvothermal reactions typically produced amorphous or microcrystalline precipitates”). Represented with three typical solvothermal temperatures and times (no specific values given in the article). TEA vapor omitted for solvothermal runs. ,Negative data captured for Fe3O(F4BDC)3(H2O)3·(DMF)3.5 (1): solvothermal FeCl2/F4BDC in DMF/H2O gave amorphous or microcrystalline solids; only TEA vapor diffusion at RT worked. Zinc MOF-5 analogue attempts are excluded as a different target.,1,modulator_1;solvent_main;solvent_secondary;temperature_c;time_h,FeCl2·4H2O,,"0.15 g, 0.38 mmol",0.38,mmol,,,,,,,,,,,"2,3,5,6-tetrafluorobenzene-1,4-dicarboxylic acid",F4BDC,"0.03 g, 0.13 mmol",0.13,mmol,,,,,,,,,,,,,,,,,,,,,dimethylformamide,DMF,1.0 mL,1,water,H2O,0.5 mL,0.5,380,2.92,120,120.0 °C,72,72.0 h,vapor diffusion setup (sealed vial),static,"DMF, hexanes, chloroform","DMF 3×, hexanes 3×; chloroform 3× then 10 h immersion",50 °C under vacuum for 6 h,50,6,brown rod-shaped crystals,64,0.38 × 0.10 × 0.10 mm,acs,Fe3O(O2C)6 trigonal prismatic SBU,polynuclear cluster SBU,"a=b=15.790(2) Å, c=16.050(2) Å, P63/mmc",14,,not_reported,no,250,hydrogen storage,10.1016/j.cattod.2006.09.003,ok,,,,
10.1016/j.cattod.2006.09.003,yes,Solvothermal reactions gave amorphous/microcrystalline solids; only TEA vapor diffusion at RT yielded crystals.,"an iron metal-organic framework with Fe3O(O2C)6 trigonal prismatic SBU and acs topology built by organic linker 2,3,5,6-tetrafluorobenzene-1,4-dicarboxylic acid",,Solvothermal reactions of FeCl2·4H2O (0.38 mmol) and H2F4BDC (0.13 mmol) in DMF/H2O yielded amorphous or microcrystalline precipitates; only TEA vapor diffusion at room temperature produced crystals (text states “solvothermal reactions typically produced amorphous or microcrystalline precipitates”). Represented with three typical solvothermal temperatures and times (no specific values given in the article). TEA vapor omitted for solvothermal runs. ,Negative data captured for Fe3O(F4BDC)3(H2O)3·(DMF)3.5 (1): solvothermal FeCl2/F4BDC in DMF/H2O gave amorphous or microcrystalline solids; only TEA vapor diffusion at RT worked. Zinc MOF-5 analogue attempts are excluded as a different target.,1,modulator_1;solvent_main;solvent_secondary;temperature_c;time_h,FeCl2·4H2O,,"0.15 g, 0.38 mmol",0.38,mmol,,,,,,,,,,,"2,3,5,6-tetrafluorobenzene-1,4-dicarboxylic acid",F4BDC,"0.03 g, 0.13 mmol",0.13,mmol,,,,,,,,,,,,,,,,,,,,,dimethylformamide,DMF,1.0 mL,1,water,H2O,0.5 mL,0.5,380,2.92,150,150.0 °C,6,6.0 h,vapor diffusion setup (sealed vial),static,"DMF, hexanes, chloroform","DMF 3×, hexanes 3×; chloroform 3× then 10 h immersion",50 °C under vacuum for 6 h,50,6,brown rod-shaped crystals,64,0.38 × 0.10 × 0.10 mm,acs,Fe3O(O2C)6 trigonal prismatic SBU,polynuclear cluster SBU,"a=b=15.790(2) Å, c=16.050(2) Å, P63/mmc",14,,not_reported,no,250,hydrogen storage,10.1016/j.cattod.2006.09.003,ok,,,,
10.1016/j.cattod.2006.09.003,yes,Solvothermal reactions gave amorphous/microcrystalline solids; only TEA vapor diffusion at RT yielded crystals.,"an iron metal-organic framework with Fe3O(O2C)6 trigonal prismatic SBU and acs topology built by organic linker 2,3,5,6-tetrafluorobenzene-1,4-dicarboxylic acid",,Solvothermal reactions of FeCl2·4H2O (0.38 mmol) and H2F4BDC (0.13 mmol) in DMF/H2O yielded amorphous or microcrystalline precipitates; only TEA vapor diffusion at room temperature produced crystals (text states “solvothermal reactions typically produced amorphous or microcrystalline precipitates”). Represented with three typical solvothermal temperatures and times (no specific values given in the article). TEA vapor omitted for solvothermal runs. ,Negative data captured for Fe3O(F4BDC)3(H2O)3·(DMF)3.5 (1): solvothermal FeCl2/F4BDC in DMF/H2O gave amorphous or microcrystalline solids; only TEA vapor diffusion at RT worked. Zinc MOF-5 analogue attempts are excluded as a different target.,1,modulator_1;solvent_main;solvent_secondary;temperature_c;time_h,FeCl2·4H2O,,"0.15 g, 0.38 mmol",0.38,mmol,,,,,,,,,,,"2,3,5,6-tetrafluorobenzene-1,4-dicarboxylic acid",F4BDC,"0.03 g, 0.13 mmol",0.13,mmol,,,,,,,,,,,,,,,,,,,,,dimethylformamide,DMF,1.0 mL,1,water,H2O,0.5 mL,0.5,380,2.92,150,150.0 °C,24,24.0 h,vapor diffusion setup (sealed vial),static,"DMF, hexanes, chloroform","DMF 3×, hexanes 3×; chloroform 3× then 10 h immersion",50 °C under vacuum for 6 h,50,6,brown rod-shaped crystals,64,0.38 × 0.10 × 0.10 mm,acs,Fe3O(O2C)6 trigonal prismatic SBU,polynuclear cluster SBU,"a=b=15.790(2) Å, c=16.050(2) Å, P63/mmc",14,,not_reported,no,250,hydrogen storage,10.1016/j.cattod.2006.09.003,ok,,,,
10.1016/j.cattod.2006.09.003,yes,Solvothermal reactions gave amorphous/microcrystalline solids; only TEA vapor diffusion at RT yielded crystals.,"an iron metal-organic framework with Fe3O(O2C)6 trigonal prismatic SBU and acs topology built by organic linker 2,3,5,6-tetrafluorobenzene-1,4-dicarboxylic acid",,Solvothermal reactions of FeCl2·4H2O (0.38 mmol) and H2F4BDC (0.13 mmol) in DMF/H2O yielded amorphous or microcrystalline precipitates; only TEA vapor diffusion at room temperature produced crystals (text states “solvothermal reactions typically produced amorphous or microcrystalline precipitates”). Represented with three typical solvothermal temperatures and times (no specific values given in the article). TEA vapor omitted for solvothermal runs. ,Negative data captured for Fe3O(F4BDC)3(H2O)3·(DMF)3.5 (1): solvothermal FeCl2/F4BDC in DMF/H2O gave amorphous or microcrystalline solids; only TEA vapor diffusion at RT worked. Zinc MOF-5 analogue attempts are excluded as a different target.,1,modulator_1;solvent_main;solvent_secondary;temperature_c;time_h,FeCl2·4H2O,,"0.15 g, 0.38 mmol",0.38,mmol,,,,,,,,,,,"2,3,5,6-tetrafluorobenzene-1,4-dicarboxylic acid",F4BDC,"0.03 g, 0.13 mmol",0.13,mmol,,,,,,,,,,,,,,,,,,,,,dimethylformamide,DMF,1.0 mL,1,water,H2O,0.5 mL,0.5,380,2.92,150,150.0 °C,72,72.0 h,vapor diffusion setup (sealed vial),static,"DMF, hexanes, chloroform","DMF 3×, hexanes 3×; chloroform 3× then 10 h immersion",50 °C under vacuum for 6 h,50,6,brown rod-shaped crystals,64,0.38 × 0.10 × 0.10 mm,acs,Fe3O(O2C)6 trigonal prismatic SBU,polynuclear cluster SBU,"a=b=15.790(2) Å, c=16.050(2) Å, P63/mmc",14,,not_reported,no,250,hydrogen storage,10.1016/j.cattod.2006.09.003,ok,,,,
10.1016/j.cattod.2006.09.003,yes,Solvothermal reactions gave amorphous/microcrystalline solids; only TEA vapor diffusion at RT yielded crystals.,"an iron metal-organic framework with Fe3O(O2C)6 trigonal prismatic SBU and acs topology built by organic linker 2,3,5,6-tetrafluorobenzene-1,4-dicarboxylic acid",,Text: 'solvothermal reactions typically produced amorphous or microcrystalline precipitates'; only TEA vapor diffusion at room temperature yielded single crystals.,Fe3O(F4BDC)3(H2O)3/… formed only via TEA vapor diffusion at room temperature; solvothermal attempts with FeCl2 and H2F4BDC yielded amorphous/microcrystalline solids. Attempts toward Zn4O(F4BDC)3 were unsuccessful. Plan lists failing solvothermal temperatures for FeCl2/F4BDC in DMF/H2O.,1,temperature_c,FeCl2·4H2O,,"0.15 g, 0.38 mmol",0.38,mmol,,,,,,,,,,,"2,3,5,6-tetrafluorobenzene-1,4-dicarboxylic acid",F4BDC,"0.03 g, 0.13 mmol",0.13,mmol,,,,,,,,,,,triethylamine,TEA,vapor diffusion,,,,,,,,dimethylformamide,DMF,1.0 mL,1,water,H2O,0.50 mL,0.5,380,2.92,60,60.0 °C,,,vapor diffusion setup (sealed vial),static,"DMF, hexanes, chloroform","DMF 3×, hexanes 3×; chloroform 3× then 10 h immersion",50 °C under vacuum for 6 h,50,6,brown rod-shaped crystals,64,0.38 × 0.10 × 0.10 mm,acs,Fe3O(O2C)6 trigonal prismatic SBU,polynuclear cluster SBU,"a=b=15.790(2) Å, c=16.050(2) Å, P63/mmc",14,,not_reported,no,250,hydrogen storage,10.1016/j.cattod.2006.09.003,ok,,,,
10.1002/ejic.201000402,yes,No product formed if pH < 5 or > 6.5 for these syntheses.,"a nickel metal-organic framework built by organic linkers pyridine-3,5-dicarboxylate and 1,4-bis(imidazol-1-ylmethyl)benzene",,"SI reports for compound 1 that pH outside 5–6.5 gives no product. Represent pH <5 by swapping NaOH for hydrochloric acid (acidic), and pH >6.5 by swapping to a stronger base (tetramethylammonium hydroxide). Amounts follow the base (only identity changed).",SI states compounds 1–3 only form at pH 5–6.5; at pH <5 or >6.5 no product was obtained. Plans modify each successful recipe by substituting acid (HCl) or stronger base (TMAH) to reach those pH extremes.,1,modulator_1,NiCl2·6H2O,,"0.24 g, 1.0 mmol",1,mmol,,,,,,,,,,,"pyridine-3,5-dicarboxylate","3,5-pdc","0.17 g, 1.0 mmol",1,mmol,"1,4-bis(imidazol-1-ylmethyl)benzene",L1,"0.24 g, 1.0 mmol",1,mmol,,,,,,hydrochloric acid solution,HCl,,,,,,,,,water,H2O,7 mL,7,,,,,143,1,160,160 °C,72,3 d,Teflon-lined stainless steel vessel (autoclave),static,,,,,,green crystals,58,,,,,"a=12.803(3) Å, b=9.817(2) Å, c=12.104(2) Å, ?=92.06(3)°, P21/c",,,yes,not_reported,330,,10.1002/ejic.201000402,ok,,,,
10.1002/ejic.201000402,yes,No product formed if pH < 5 or > 6.5 for these syntheses.,"a nickel metal-organic framework built by organic linkers pyridine-3,5-dicarboxylate and 1,4-bis(imidazol-1-ylmethyl)benzene",,"SI reports for compound 1 that pH outside 5–6.5 gives no product. Represent pH <5 by swapping NaOH for hydrochloric acid (acidic), and pH >6.5 by swapping to a stronger base (tetramethylammonium hydroxide). Amounts follow the base (only identity changed).",SI states compounds 1–3 only form at pH 5–6.5; at pH <5 or >6.5 no product was obtained. Plans modify each successful recipe by substituting acid (HCl) or stronger base (TMAH) to reach those pH extremes.,1,modulator_1,NiCl2·6H2O,,"0.24 g, 1.0 mmol",1,mmol,,,,,,,,,,,"pyridine-3,5-dicarboxylate","3,5-pdc","0.17 g, 1.0 mmol",1,mmol,"1,4-bis(imidazol-1-ylmethyl)benzene",L1,"0.24 g, 1.0 mmol",1,mmol,,,,,,tetramethylammonium hydroxide solution,TMAH,,,,,,,,,water,H2O,7 mL,7,,,,,143,1,160,160 °C,72,3 d,Teflon-lined stainless steel vessel (autoclave),static,,,,,,green crystals,58,,,,,"a=12.803(3) Å, b=9.817(2) Å, c=12.104(2) Å, ?=92.06(3)°, P21/c",,,yes,not_reported,330,,10.1002/ejic.201000402,ok,,,,
10.1002/ejic.201000402,yes,No product formed if pH < 5 or > 6.5 for these syntheses.,"a cobalt metal-organic framework built by organic linkers pyridine-3,5-dicarboxylate and 1,1'-(1,4-butanediyl)bis(imidazole)",,SI reports for compound 2 that pH outside 5–6.5 gives no product. Represent pH <5 by substituting HCl for NaOH; represent pH >6.5 by substituting a stronger base (TMAH). Kept modulator amount equal to the base (2.0 mmol) for direct comparison.,SI states compounds 1–3 only form at pH 5–6.5; at pH <5 or >6.5 no product was obtained. Plans modify each successful recipe by substituting acid (HCl) or stronger base (TMAH) to reach those pH extremes.,2,modulator_1,CoCl2·6H2O,,"0.24 g, 1.0 mmol",1,mmol,,,,,,,,,,,"pyridine-3,5-dicarboxylate","3,5-pdc","0.17 g, 1.0 mmol",1,mmol,"1,1'-(1,4-butanediyl)bis(imidazole)",L2,"0.19 g, 1.0 mmol",1,mmol,,,,,,hydrochloric acid,HCl,2.0 mmol,2,mmol,,,,,,water,H2O,7 mL,7,,,,,143,1,160,160 °C,72,3 d,Teflon-lined stainless steel vessel (autoclave),static,,,,,,purple crystals,56,,,,,"a=9.4191(19) Å, b=12.478(3) Å, c=17.794(5) Å, ?=115.00(2)°, P21/c",,,yes,not_reported,340,,10.1002/ejic.201000402,ok,,,,
10.1002/ejic.201000402,yes,No product formed if pH < 5 or > 6.5 for these syntheses.,"a cobalt metal-organic framework built by organic linkers pyridine-3,5-dicarboxylate and 1,1'-(1,4-butanediyl)bis(imidazole)",,SI reports for compound 2 that pH outside 5–6.5 gives no product. Represent pH <5 by substituting HCl for NaOH; represent pH >6.5 by substituting a stronger base (TMAH). Kept modulator amount equal to the base (2.0 mmol) for direct comparison.,SI states compounds 1–3 only form at pH 5–6.5; at pH <5 or >6.5 no product was obtained. Plans modify each successful recipe by substituting acid (HCl) or stronger base (TMAH) to reach those pH extremes.,2,modulator_1,CoCl2·6H2O,,"0.24 g, 1.0 mmol",1,mmol,,,,,,,,,,,"pyridine-3,5-dicarboxylate","3,5-pdc","0.17 g, 1.0 mmol",1,mmol,"1,1'-(1,4-butanediyl)bis(imidazole)",L2,"0.19 g, 1.0 mmol",1,mmol,,,,,,tetramethylammonium hydroxide,TMAH,2.0 mmol,2,mmol,,,,,,water,H2O,7 mL,7,,,,,143,1,160,160 °C,72,3 d,Teflon-lined stainless steel vessel (autoclave),static,,,,,,purple crystals,56,,,,,"a=9.4191(19) Å, b=12.478(3) Å, c=17.794(5) Å, ?=115.00(2)°, P21/c",,,yes,not_reported,340,,10.1002/ejic.201000402,ok,,,,
10.1002/ejic.201000402,yes,No product formed if pH < 5 or > 6.5 for these syntheses.,"a cobalt metal-organic framework built by organic linkers pyridine-3,5-dicarboxylate and 1,1'-(1,4-butanediyl)bis(imidazole)",,"SI: “if pH value was more than 6.5 or less than 5, no product was obtained.” Using the same water solvent and 160 °C/3 d, we list NaOH charges that are too low or too high relative to the successful 2.0 mmol.","Across compounds [Ni(L1)0.5(3,5-pdc)(μ-H2O)]·H2O (1), [Co(L2)(3,5-pdc)]·2H2O (2), and [Co(L3)(3,5-pdc)(μ-H2O)]·H2O (3), SI states no product forms when pH < 5 or > 6.5. We therefore enumerate base-loadings that drive pH outside this window as negative conditions under otherwise identical hydrothermal setups.",2,modulator_1,CoCl2·6H2O,,"0.24 g, 1.0 mmol",1,mmol,,,,,,,,,,,"pyridine-3,5-dicarboxylate","3,5-pdc","0.17 g, 1.0 mmol",1,mmol,"1,1'-(1,4-butanediyl)bis(imidazole)",L2,"0.19 g, 1.0 mmol",1,mmol,,,,,,sodium hydroxide,NaOH,0.0 mmol,0,mmol,,,,,,water,H2O,7 mL,7,,,,,143,1,160,160 °C,72,3 d,Teflon-lined stainless steel vessel (autoclave),static,,,,,,purple crystals,56,,,,,"a=9.4191(19) Å, b=12.478(3) Å, c=17.794(5) Å, β=115.00(2)°, P21/c",,,yes,not_reported,340,,10.1002/ejic.201000402,ok,,,,
10.1002/ejic.201000402,yes,No product formed if pH < 5 or > 6.5 for these syntheses.,"a nickel metal-organic framework built by organic linkers pyridine-3,5-dicarboxylate and 1,4-bis(imidazol-1-ylmethyl)benzene",,"SI: “if pH value was more than 6.5 or less than 5, no product was obtained.” We vary NaOH loading to give (a) acidic no-base and (b) over-basic conditions under the same aqueous, 160 °C, 3 d hydrothermal protocol.","Across compounds [Ni(L1)0.5(3,5-pdc)(μ-H2O)]·H2O (1), [Co(L2)(3,5-pdc)]·2H2O (2), and [Co(L3)(3,5-pdc)(μ-H2O)]·H2O (3), SI states no product forms when pH < 5 or > 6.5. We therefore enumerate base-loadings that drive pH outside this window as negative conditions under otherwise identical hydrothermal setups.",1,modulator_1,NiCl2·6H2O,,"0.24 g, 1.0 mmol",1,mmol,,,,,,,,,,,"pyridine-3,5-dicarboxylate","3,5-pdc","0.17 g, 1.0 mmol",1,mmol,"1,4-bis(imidazol-1-ylmethyl)benzene",L1,"0.24 g, 1.0 mmol",1,mmol,,,,,,sodium hydroxide solution,NaOH,0.0 mL,0,mL,,,,,,water,H2O,7 mL,7,,,,,143,1,160,160 °C,72,3 d,Teflon-lined stainless steel vessel (autoclave),static,,,,,,green crystals,58,,,,,"a=12.803(3) Å, b=9.817(2) Å, c=12.104(2) Å, β=92.06(3)°, P21/c",,,yes,not_reported,330,,10.1002/ejic.201000402,ok,,,,
10.1002/ejic.201000402,yes,No product formed if pH < 5 or > 6.5 for these syntheses.,"a nickel metal-organic framework built by organic linkers pyridine-3,5-dicarboxylate and 1,4-bis(imidazol-1-ylmethyl)benzene",,"SI: “if pH value was more than 6.5 or less than 5, no product was obtained.” We vary NaOH loading to give (a) acidic no-base and (b) over-basic conditions under the same aqueous, 160 °C, 3 d hydrothermal protocol.","Across compounds [Ni(L1)0.5(3,5-pdc)(μ-H2O)]·H2O (1), [Co(L2)(3,5-pdc)]·2H2O (2), and [Co(L3)(3,5-pdc)(μ-H2O)]·H2O (3), SI states no product forms when pH < 5 or > 6.5. We therefore enumerate base-loadings that drive pH outside this window as negative conditions under otherwise identical hydrothermal setups.",1,modulator_1,NiCl2·6H2O,,"0.24 g, 1.0 mmol",1,mmol,,,,,,,,,,,"pyridine-3,5-dicarboxylate","3,5-pdc","0.17 g, 1.0 mmol",1,mmol,"1,4-bis(imidazol-1-ylmethyl)benzene",L1,"0.24 g, 1.0 mmol",1,mmol,,,,,,sodium hydroxide,NaOH,0.5 mmol,0.5,mmol,,,,,,water,H2O,7 mL,7,,,,,143,1,160,160 °C,72,3 d,Teflon-lined stainless steel vessel (autoclave),static,,,,,,green crystals,58,,,,,"a=12.803(3) Å, b=9.817(2) Å, c=12.104(2) Å, β=92.06(3)°, P21/c",,,yes,not_reported,330,,10.1002/ejic.201000402,ok,,,,
10.1002/chem.200801856,yes,Longer reaction times led to a mixture of MIL-96 and MIL-110.,"an aluminum metal-organic framework with Al8 octameric cluster with ?2-OH bridges built by organic linker trimethyl 1,3,5-benzenetricarboxylate",MIL-110,"Against the basic synthesis (Success 2: Al(NO3)3·9H2O + Me3btc in H2O with NaOH, 210 °C, 3 h), the article states that longer reaction times led to a mixture of MIL-96 and MIL-110. Specific times were not given; five representative solvothermal durations beyond 3 h are included.","Negative data captured for MIL-110: extending the basic NaOH-assisted synthesis time beyond 3 h at 210 °C led to a mixed phase with MIL-96, rather than pure MIL-110.",2,time_h,Al(NO3)3·9H2O,,"0.874 mmol, 328 mg",0.874,mmol,,,,,,,,,,,"trimethyl 1,3,5-benzenetricarboxylate",Me3btc,"0.436 mmol, 110 mg",0.436,mmol,,,,,,,,,,,sodium hydroxide,NaOH,"2 mmol, 0.5 mL 4 M",2,mmol,,,,,,water,H2O,5 mL (270 mmol),5,,,,,175,2,210,210 °C,6,6.0 h,23 mL Teflon-lined steel Parr autoclave,,deionised water,,dried in air at room temperature,,,white powder; hexagonal rod-like crystals,,0.3–5 ?m,,Al8 octameric cluster with ?2-OH bridges,octanuclear cluster SBU,,16,,,,,,10.1002/chem.200801856,ok,,,,
10.1002/chem.200801856,yes,Longer reaction times led to a mixture of MIL-96 and MIL-110.,"an aluminum metal-organic framework with Al8 octameric cluster with ?2-OH bridges built by organic linker trimethyl 1,3,5-benzenetricarboxylate",MIL-110,"Against the basic synthesis (Success 2: Al(NO3)3·9H2O + Me3btc in H2O with NaOH, 210 °C, 3 h), the article states that longer reaction times led to a mixture of MIL-96 and MIL-110. Specific times were not given; five representative solvothermal durations beyond 3 h are included.","Negative data captured for MIL-110: extending the basic NaOH-assisted synthesis time beyond 3 h at 210 °C led to a mixed phase with MIL-96, rather than pure MIL-110.",2,time_h,Al(NO3)3·9H2O,,"0.874 mmol, 328 mg",0.874,mmol,,,,,,,,,,,"trimethyl 1,3,5-benzenetricarboxylate",Me3btc,"0.436 mmol, 110 mg",0.436,mmol,,,,,,,,,,,sodium hydroxide,NaOH,"2 mmol, 0.5 mL 4 M",2,mmol,,,,,,water,H2O,5 mL (270 mmol),5,,,,,175,2,210,210 °C,12,12.0 h,23 mL Teflon-lined steel Parr autoclave,,deionised water,,dried in air at room temperature,,,white powder; hexagonal rod-like crystals,,0.3–5 ?m,,Al8 octameric cluster with ?2-OH bridges,octanuclear cluster SBU,,16,,,,,,10.1002/chem.200801856,ok,,,,
10.1002/chem.200801856,yes,Longer reaction times led to a mixture of MIL-96 and MIL-110.,"an aluminum metal-organic framework with Al8 octameric cluster with ?2-OH bridges built by organic linker trimethyl 1,3,5-benzenetricarboxylate",MIL-110,"Against the basic synthesis (Success 2: Al(NO3)3·9H2O + Me3btc in H2O with NaOH, 210 °C, 3 h), the article states that longer reaction times led to a mixture of MIL-96 and MIL-110. Specific times were not given; five representative solvothermal durations beyond 3 h are included.","Negative data captured for MIL-110: extending the basic NaOH-assisted synthesis time beyond 3 h at 210 °C led to a mixed phase with MIL-96, rather than pure MIL-110.",2,time_h,Al(NO3)3·9H2O,,"0.874 mmol, 328 mg",0.874,mmol,,,,,,,,,,,"trimethyl 1,3,5-benzenetricarboxylate",Me3btc,"0.436 mmol, 110 mg",0.436,mmol,,,,,,,,,,,sodium hydroxide,NaOH,"2 mmol, 0.5 mL 4 M",2,mmol,,,,,,water,H2O,5 mL (270 mmol),5,,,,,175,2,210,210 °C,24,24.0 h,23 mL Teflon-lined steel Parr autoclave,,deionised water,,dried in air at room temperature,,,white powder; hexagonal rod-like crystals,,0.3–5 ?m,,Al8 octameric cluster with ?2-OH bridges,octanuclear cluster SBU,,16,,,,,,10.1002/chem.200801856,ok,,,,
10.1002/chem.200801856,yes,Longer reaction times led to a mixture of MIL-96 and MIL-110.,"an aluminum metal-organic framework with Al8 octameric cluster with ?2-OH bridges built by organic linker trimethyl 1,3,5-benzenetricarboxylate",MIL-110,"Against the basic synthesis (Success 2: Al(NO3)3·9H2O + Me3btc in H2O with NaOH, 210 °C, 3 h), the article states that longer reaction times led to a mixture of MIL-96 and MIL-110. Specific times were not given; five representative solvothermal durations beyond 3 h are included.","Negative data captured for MIL-110: extending the basic NaOH-assisted synthesis time beyond 3 h at 210 °C led to a mixed phase with MIL-96, rather than pure MIL-110.",2,time_h,Al(NO3)3·9H2O,,"0.874 mmol, 328 mg",0.874,mmol,,,,,,,,,,,"trimethyl 1,3,5-benzenetricarboxylate",Me3btc,"0.436 mmol, 110 mg",0.436,mmol,,,,,,,,,,,sodium hydroxide,NaOH,"2 mmol, 0.5 mL 4 M",2,mmol,,,,,,water,H2O,5 mL (270 mmol),5,,,,,175,2,210,210 °C,48,48.0 h,23 mL Teflon-lined steel Parr autoclave,,deionised water,,dried in air at room temperature,,,white powder; hexagonal rod-like crystals,,0.3–5 ?m,,Al8 octameric cluster with ?2-OH bridges,octanuclear cluster SBU,,16,,,,,,10.1002/chem.200801856,ok,,,,
10.1002/chem.200801856,yes,Longer reaction times led to a mixture of MIL-96 and MIL-110.,"an aluminum metal-organic framework with Al8 octameric cluster with ?2-OH bridges built by organic linker trimethyl 1,3,5-benzenetricarboxylate",MIL-110,"Against the basic synthesis (Success 2: Al(NO3)3·9H2O + Me3btc in H2O with NaOH, 210 °C, 3 h), the article states that longer reaction times led to a mixture of MIL-96 and MIL-110. Specific times were not given; five representative solvothermal durations beyond 3 h are included.","Negative data captured for MIL-110: extending the basic NaOH-assisted synthesis time beyond 3 h at 210 °C led to a mixed phase with MIL-96, rather than pure MIL-110.",2,time_h,Al(NO3)3·9H2O,,"0.874 mmol, 328 mg",0.874,mmol,,,,,,,,,,,"trimethyl 1,3,5-benzenetricarboxylate",Me3btc,"0.436 mmol, 110 mg",0.436,mmol,,,,,,,,,,,sodium hydroxide,NaOH,"2 mmol, 0.5 mL 4 M",2,mmol,,,,,,water,H2O,5 mL (270 mmol),5,,,,,175,2,210,210 °C,72,72.0 h,23 mL Teflon-lined steel Parr autoclave,,deionised water,,dried in air at room temperature,,,white powder; hexagonal rod-like crystals,,0.3–5 ?m,,Al8 octameric cluster with ?2-OH bridges,octanuclear cluster SBU,,16,,,,,,10.1002/chem.200801856,ok,,,,
10.1002/chem.201901939,yes,High-Co sample E (Fe/Co batch 1:19) was X-ray amorphous.,an iron metal-organic framework with M3(?3-O) trimeric SBUs (Fe/Co) built by organic linker 2-aminoterephthalic acid,NH2-MIL-88B(Fe/Co),"Closest to catalyst D base (Fe 0.2 mmol, Co 1.8 mmol; 120 °C, 24 h, DMF). Modify Fe/Co batch to E’s most Co-rich ratio per Table S1 (FeCl3·6H2O 0.1 mmol; CoCl2·6H2O 1.9 mmol). PXRD reports: “Catalyst E was X-ray amorphous, showing only a broad and weak reflection at 20.6°.”","Fe/Co ratio screening in NH2-BDC/DMF solvothermal synthesis (120 °C, 24 h) showed crystalline MIL-88B for A–D, but the most Co-rich batch (E, Fe/Co 1:19) was X-ray amorphous. We map this failure to the closest successful Fe/Co MIL-88B base.",4,metal_1;metal_2,FeCl3·6H2O,,0.1 mmol,0.1,mmol,CoCl2·6H2O,,1.9 mmol,1.9,mmol,,,,,,2-aminoterephthalic acid,NH2-BDC,1 mmol,1,mmol,,,,,,,,,,,,,,,,,,,,,dimethylformamide,DMF,15 mL (7.5 mL + 7.5 mL),15,,,,,7,0.1,120,120 °C,24,24 h,Teflon-lined autoclave,static,"DMF, ethanol",,110 °C under vacuum overnight,110,,spindle-shaped crystals,,,,M3(?3-O) trimeric SBUs (Fe/Co),trinuclear ?3-oxo trimer cluster SBU,,,12,,,,,10.1002/chem.201901939,ok,,,,
10.1039/c3ce41095a,yes,"For 2, initial 30 h gave microcrystals not 2; additional HBF4 and reheating were required.",a copper metal-organic framework with Cu2 paddle-wheel SBU built by organic linker 5-(bis(4-carboxybenzyl)amino)isophthalic acid monohydrate,,From method a for 2: holding the DMF/MeOH (1 mL/1 mL) and initial 3 drops HBF4 but stopping after only 30 h (no subsequent extra 4 drops HBF4 and no additional 30 h) produced green microcrystals not 2. Represented by shorter time; mid-synthesis HBF4 addition omitted.,Negative data captured for [Cu2(L)(H2O)2]n (2): the initial 30 h step (without the later extra HBF4 addition and reheating) gave microcrystals not 2.,2,time_h,Cu(NO3)2·3H2O,,"0.030 g, 0.12 mmol",0.12,mmol,,,,,,,,,,,5-(bis(4-carboxybenzyl)amino)isophthalic acid monohydrate,H4L,"0.010 g, 0.02 mmol",0.02,mmol,,,,,,,,,,,tetrafluoroboric acid (40% in water),HBF4,"3 drops initially, then additional 4 drops (40% in water) after 30 h",,,,,,,,dimethylformamide,DMF,1 mL,1,methanol,MeOH,1 mL,1,120,6,75,75 °C,30,30.0 h,glass vial (sealed),static,,,,,,green crystals,42,,,Cu2 paddle-wheel SBU,paddlewheel dimer SBU,"triclinic, P-1; a=10.6325(9), b=10.7258(8), c=18.3532(14) Å, ?=76.671(6)°, ?=86.717(6)°, ?=74.278(7)°, V=1960.4(3) Å3",3.54,,not_reported,not_reported,300,,10.1039/c3ce41095a,ok,,,,
10.1039/c2dt11966h,yes,Stoichiometric ratios gave products without azide; excess NaN3 required for crystalline targets.,"a manganese metal-organic framework with linear Mn3 trinuclear motifs linked by EE-N3; (?-EO-N3)(?-syn,syn-COO)(?-N2,N3-CN4) triple bridges and pcu topology built by organic linker 1-(carboxylatomethyl)-3-(5-tetrazolato)pyridinium",,"Article states that near-stoichiometric reactant ratios give products without azide (IR). Base 1 uses KL1 0.1 mmol, MnCl2·4H2O 0.2 mmol, NaN3 2.0 mmol (2:20:1). Stoichiometric for 0.1 mmol KL1 is ?0.15 mmol Mn and 0.20 mmol NaN3 (for 3:2:4 in [Mn3(L1)2(N3)4]). We estimate the ‘close-to-stoichiometric’ region with Mn = 0.12/0.15/0.18 mmol and NaN3 = 0.10/0.20/0.30/0.40 mmol (crossed; 12 combos). Other parameters per base. Outcome: products lacked azide; failure for target.","For Mn–azide–tetrazolate–carboxylate frameworks 1 (L1) and 2 (L2), the paper states crystalline products required a large excess of NaN3; near-stoichiometric reactant ratios gave products without azide (IR). Plans enumerate those near-stoichiometric ratios versus each base recipe.",1,metal_1;modulator_1,MnCl2·4H2O,,0.12 mmol,0.12,mmol,,,,,,,,,,,1-(carboxylatomethyl)-3-(5-tetrazolato)pyridinium,L1,"0.1 mmol (as KL1, 0.024 g)",0.1,mmol,,,,,,,,,,,sodium azide,NaN3,0.1 mmol,0.1,mmol,,,,,,water,H2O,2 mL,2,,,,,60,1.2,25,RT,48,2 days (slow evaporation after 10 min stirring),,"stirred 10 min, then static",,,,,,yellow crystals,45,,pcu,"linear Mn3 trinuclear motifs linked by EE-N3; (?-EO-N3)(?-syn,syn-COO)(?-N2,N3-CN4) triple bridges",trinuclear cluster SBU,"a=7.6829(17) Å, b=10.533(2) Å, c=11.055(2) Å, ?=62.913(2)°, ?=80.351(2)°, ?=85.288(2)°, P-1",,,not_reported,not_reported,,,10.1039/c2dt11966h,ok,,,,
10.1039/c2dt11966h,yes,Stoichiometric ratios gave products without azide; excess NaN3 required for crystalline targets.,"a manganese metal-organic framework with linear Mn3 trinuclear motifs linked by EE-N3; (?-EO-N3)(?-syn,syn-COO)(?-N2,N3-CN4) triple bridges and pcu topology built by organic linker 1-(carboxylatomethyl)-3-(5-tetrazolato)pyridinium",,"Article states that near-stoichiometric reactant ratios give products without azide (IR). Base 1 uses KL1 0.1 mmol, MnCl2·4H2O 0.2 mmol, NaN3 2.0 mmol (2:20:1). Stoichiometric for 0.1 mmol KL1 is ?0.15 mmol Mn and 0.20 mmol NaN3 (for 3:2:4 in [Mn3(L1)2(N3)4]). We estimate the ‘close-to-stoichiometric’ region with Mn = 0.12/0.15/0.18 mmol and NaN3 = 0.10/0.20/0.30/0.40 mmol (crossed; 12 combos). Other parameters per base. Outcome: products lacked azide; failure for target.","For Mn–azide–tetrazolate–carboxylate frameworks 1 (L1) and 2 (L2), the paper states crystalline products required a large excess of NaN3; near-stoichiometric reactant ratios gave products without azide (IR). Plans enumerate those near-stoichiometric ratios versus each base recipe.",1,metal_1;modulator_1,MnCl2·4H2O,,0.12 mmol,0.12,mmol,,,,,,,,,,,1-(carboxylatomethyl)-3-(5-tetrazolato)pyridinium,L1,"0.1 mmol (as KL1, 0.024 g)",0.1,mmol,,,,,,,,,,,sodium azide,NaN3,0.2 mmol,0.2,mmol,,,,,,water,H2O,2 mL,2,,,,,60,1.2,25,RT,48,2 days (slow evaporation after 10 min stirring),,"stirred 10 min, then static",,,,,,yellow crystals,45,,pcu,"linear Mn3 trinuclear motifs linked by EE-N3; (?-EO-N3)(?-syn,syn-COO)(?-N2,N3-CN4) triple bridges",trinuclear cluster SBU,"a=7.6829(17) Å, b=10.533(2) Å, c=11.055(2) Å, ?=62.913(2)°, ?=80.351(2)°, ?=85.288(2)°, P-1",,,not_reported,not_reported,,,10.1039/c2dt11966h,ok,,,,
10.1039/c2dt11966h,yes,Stoichiometric ratios gave products without azide; excess NaN3 required for crystalline targets.,"a manganese metal-organic framework with linear Mn3 trinuclear motifs linked by EE-N3; (?-EO-N3)(?-syn,syn-COO)(?-N2,N3-CN4) triple bridges and pcu topology built by organic linker 1-(carboxylatomethyl)-3-(5-tetrazolato)pyridinium",,"Article states that near-stoichiometric reactant ratios give products without azide (IR). Base 1 uses KL1 0.1 mmol, MnCl2·4H2O 0.2 mmol, NaN3 2.0 mmol (2:20:1). Stoichiometric for 0.1 mmol KL1 is ?0.15 mmol Mn and 0.20 mmol NaN3 (for 3:2:4 in [Mn3(L1)2(N3)4]). We estimate the ‘close-to-stoichiometric’ region with Mn = 0.12/0.15/0.18 mmol and NaN3 = 0.10/0.20/0.30/0.40 mmol (crossed; 12 combos). Other parameters per base. Outcome: products lacked azide; failure for target.","For Mn–azide–tetrazolate–carboxylate frameworks 1 (L1) and 2 (L2), the paper states crystalline products required a large excess of NaN3; near-stoichiometric reactant ratios gave products without azide (IR). Plans enumerate those near-stoichiometric ratios versus each base recipe.",1,metal_1;modulator_1,MnCl2·4H2O,,0.12 mmol,0.12,mmol,,,,,,,,,,,1-(carboxylatomethyl)-3-(5-tetrazolato)pyridinium,L1,"0.1 mmol (as KL1, 0.024 g)",0.1,mmol,,,,,,,,,,,sodium azide,NaN3,0.3 mmol,0.3,mmol,,,,,,water,H2O,2 mL,2,,,,,60,1.2,25,RT,48,2 days (slow evaporation after 10 min stirring),,"stirred 10 min, then static",,,,,,yellow crystals,45,,pcu,"linear Mn3 trinuclear motifs linked by EE-N3; (?-EO-N3)(?-syn,syn-COO)(?-N2,N3-CN4) triple bridges",trinuclear cluster SBU,"a=7.6829(17) Å, b=10.533(2) Å, c=11.055(2) Å, ?=62.913(2)°, ?=80.351(2)°, ?=85.288(2)°, P-1",,,not_reported,not_reported,,,10.1039/c2dt11966h,ok,,,,
10.1039/c2dt11966h,yes,Stoichiometric ratios gave products without azide; excess NaN3 required for crystalline targets.,"a manganese metal-organic framework with linear Mn3 trinuclear motifs linked by EE-N3; (?-EO-N3)(?-syn,syn-COO)(?-N2,N3-CN4) triple bridges and pcu topology built by organic linker 1-(carboxylatomethyl)-3-(5-tetrazolato)pyridinium",,"Article states that near-stoichiometric reactant ratios give products without azide (IR). Base 1 uses KL1 0.1 mmol, MnCl2·4H2O 0.2 mmol, NaN3 2.0 mmol (2:20:1). Stoichiometric for 0.1 mmol KL1 is ?0.15 mmol Mn and 0.20 mmol NaN3 (for 3:2:4 in [Mn3(L1)2(N3)4]). We estimate the ‘close-to-stoichiometric’ region with Mn = 0.12/0.15/0.18 mmol and NaN3 = 0.10/0.20/0.30/0.40 mmol (crossed; 12 combos). Other parameters per base. Outcome: products lacked azide; failure for target.","For Mn–azide–tetrazolate–carboxylate frameworks 1 (L1) and 2 (L2), the paper states crystalline products required a large excess of NaN3; near-stoichiometric reactant ratios gave products without azide (IR). Plans enumerate those near-stoichiometric ratios versus each base recipe.",1,metal_1;modulator_1,MnCl2·4H2O,,0.12 mmol,0.12,mmol,,,,,,,,,,,1-(carboxylatomethyl)-3-(5-tetrazolato)pyridinium,L1,"0.1 mmol (as KL1, 0.024 g)",0.1,mmol,,,,,,,,,,,sodium azide,NaN3,0.4 mmol,0.4,mmol,,,,,,water,H2O,2 mL,2,,,,,60,1.2,25,RT,48,2 days (slow evaporation after 10 min stirring),,"stirred 10 min, then static",,,,,,yellow crystals,45,,pcu,"linear Mn3 trinuclear motifs linked by EE-N3; (?-EO-N3)(?-syn,syn-COO)(?-N2,N3-CN4) triple bridges",trinuclear cluster SBU,"a=7.6829(17) Å, b=10.533(2) Å, c=11.055(2) Å, ?=62.913(2)°, ?=80.351(2)°, ?=85.288(2)°, P-1",,,not_reported,not_reported,,,10.1039/c2dt11966h,ok,,,,
10.1039/c2dt11966h,yes,Stoichiometric ratios gave products without azide; excess NaN3 required for crystalline targets.,"a manganese metal-organic framework with linear Mn3 trinuclear motifs linked by EE-N3; (?-EO-N3)(?-syn,syn-COO)(?-N2,N3-CN4) triple bridges and pcu topology built by organic linker 1-(carboxylatomethyl)-3-(5-tetrazolato)pyridinium",,"Article states that near-stoichiometric reactant ratios give products without azide (IR). Base 1 uses KL1 0.1 mmol, MnCl2·4H2O 0.2 mmol, NaN3 2.0 mmol (2:20:1). Stoichiometric for 0.1 mmol KL1 is ?0.15 mmol Mn and 0.20 mmol NaN3 (for 3:2:4 in [Mn3(L1)2(N3)4]). We estimate the ‘close-to-stoichiometric’ region with Mn = 0.12/0.15/0.18 mmol and NaN3 = 0.10/0.20/0.30/0.40 mmol (crossed; 12 combos). Other parameters per base. Outcome: products lacked azide; failure for target.","For Mn–azide–tetrazolate–carboxylate frameworks 1 (L1) and 2 (L2), the paper states crystalline products required a large excess of NaN3; near-stoichiometric reactant ratios gave products without azide (IR). Plans enumerate those near-stoichiometric ratios versus each base recipe.",1,metal_1;modulator_1,MnCl2·4H2O,,0.15 mmol,0.15,mmol,,,,,,,,,,,1-(carboxylatomethyl)-3-(5-tetrazolato)pyridinium,L1,"0.1 mmol (as KL1, 0.024 g)",0.1,mmol,,,,,,,,,,,sodium azide,NaN3,0.1 mmol,0.1,mmol,,,,,,water,H2O,2 mL,2,,,,,75,1.5,25,RT,48,2 days (slow evaporation after 10 min stirring),,"stirred 10 min, then static",,,,,,yellow crystals,45,,pcu,"linear Mn3 trinuclear motifs linked by EE-N3; (?-EO-N3)(?-syn,syn-COO)(?-N2,N3-CN4) triple bridges",trinuclear cluster SBU,"a=7.6829(17) Å, b=10.533(2) Å, c=11.055(2) Å, ?=62.913(2)°, ?=80.351(2)°, ?=85.288(2)°, P-1",,,not_reported,not_reported,,,10.1039/c2dt11966h,ok,,,,
10.1039/c2dt11966h,yes,Stoichiometric ratios gave products without azide; excess NaN3 required for crystalline targets.,"a manganese metal-organic framework with linear Mn3 trinuclear motifs linked by EE-N3; (?-EO-N3)(?-syn,syn-COO)(?-N2,N3-CN4) triple bridges and pcu topology built by organic linker 1-(carboxylatomethyl)-3-(5-tetrazolato)pyridinium",,"Article states that near-stoichiometric reactant ratios give products without azide (IR). Base 1 uses KL1 0.1 mmol, MnCl2·4H2O 0.2 mmol, NaN3 2.0 mmol (2:20:1). Stoichiometric for 0.1 mmol KL1 is ?0.15 mmol Mn and 0.20 mmol NaN3 (for 3:2:4 in [Mn3(L1)2(N3)4]). We estimate the ‘close-to-stoichiometric’ region with Mn = 0.12/0.15/0.18 mmol and NaN3 = 0.10/0.20/0.30/0.40 mmol (crossed; 12 combos). Other parameters per base. Outcome: products lacked azide; failure for target.","For Mn–azide–tetrazolate–carboxylate frameworks 1 (L1) and 2 (L2), the paper states crystalline products required a large excess of NaN3; near-stoichiometric reactant ratios gave products without azide (IR). Plans enumerate those near-stoichiometric ratios versus each base recipe.",1,metal_1;modulator_1,MnCl2·4H2O,,0.15 mmol,0.15,mmol,,,,,,,,,,,1-(carboxylatomethyl)-3-(5-tetrazolato)pyridinium,L1,"0.1 mmol (as KL1, 0.024 g)",0.1,mmol,,,,,,,,,,,sodium azide,NaN3,0.2 mmol,0.2,mmol,,,,,,water,H2O,2 mL,2,,,,,75,1.5,25,RT,48,2 days (slow evaporation after 10 min stirring),,"stirred 10 min, then static",,,,,,yellow crystals,45,,pcu,"linear Mn3 trinuclear motifs linked by EE-N3; (?-EO-N3)(?-syn,syn-COO)(?-N2,N3-CN4) triple bridges",trinuclear cluster SBU,"a=7.6829(17) Å, b=10.533(2) Å, c=11.055(2) Å, ?=62.913(2)°, ?=80.351(2)°, ?=85.288(2)°, P-1",,,not_reported,not_reported,,,10.1039/c2dt11966h,ok,,,,
10.1039/c2dt11966h,yes,Stoichiometric ratios gave products without azide; excess NaN3 required for crystalline targets.,"a manganese metal-organic framework with linear Mn3 trinuclear motifs linked by EE-N3; (?-EO-N3)(?-syn,syn-COO)(?-N2,N3-CN4) triple bridges and pcu topology built by organic linker 1-(carboxylatomethyl)-3-(5-tetrazolato)pyridinium",,"Article states that near-stoichiometric reactant ratios give products without azide (IR). Base 1 uses KL1 0.1 mmol, MnCl2·4H2O 0.2 mmol, NaN3 2.0 mmol (2:20:1). Stoichiometric for 0.1 mmol KL1 is ?0.15 mmol Mn and 0.20 mmol NaN3 (for 3:2:4 in [Mn3(L1)2(N3)4]). We estimate the ‘close-to-stoichiometric’ region with Mn = 0.12/0.15/0.18 mmol and NaN3 = 0.10/0.20/0.30/0.40 mmol (crossed; 12 combos). Other parameters per base. Outcome: products lacked azide; failure for target.","For Mn–azide–tetrazolate–carboxylate frameworks 1 (L1) and 2 (L2), the paper states crystalline products required a large excess of NaN3; near-stoichiometric reactant ratios gave products without azide (IR). Plans enumerate those near-stoichiometric ratios versus each base recipe.",1,metal_1;modulator_1,MnCl2·4H2O,,0.15 mmol,0.15,mmol,,,,,,,,,,,1-(carboxylatomethyl)-3-(5-tetrazolato)pyridinium,L1,"0.1 mmol (as KL1, 0.024 g)",0.1,mmol,,,,,,,,,,,sodium azide,NaN3,0.3 mmol,0.3,mmol,,,,,,water,H2O,2 mL,2,,,,,75,1.5,25,RT,48,2 days (slow evaporation after 10 min stirring),,"stirred 10 min, then static",,,,,,yellow crystals,45,,pcu,"linear Mn3 trinuclear motifs linked by EE-N3; (?-EO-N3)(?-syn,syn-COO)(?-N2,N3-CN4) triple bridges",trinuclear cluster SBU,"a=7.6829(17) Å, b=10.533(2) Å, c=11.055(2) Å, ?=62.913(2)°, ?=80.351(2)°, ?=85.288(2)°, P-1",,,not_reported,not_reported,,,10.1039/c2dt11966h,ok,,,,
10.1039/c2dt11966h,yes,Stoichiometric ratios gave products without azide; excess NaN3 required for crystalline targets.,"a manganese metal-organic framework with linear Mn3 trinuclear motifs linked by EE-N3; (?-EO-N3)(?-syn,syn-COO)(?-N2,N3-CN4) triple bridges and pcu topology built by organic linker 1-(carboxylatomethyl)-3-(5-tetrazolato)pyridinium",,"Article states that near-stoichiometric reactant ratios give products without azide (IR). Base 1 uses KL1 0.1 mmol, MnCl2·4H2O 0.2 mmol, NaN3 2.0 mmol (2:20:1). Stoichiometric for 0.1 mmol KL1 is ?0.15 mmol Mn and 0.20 mmol NaN3 (for 3:2:4 in [Mn3(L1)2(N3)4]). We estimate the ‘close-to-stoichiometric’ region with Mn = 0.12/0.15/0.18 mmol and NaN3 = 0.10/0.20/0.30/0.40 mmol (crossed; 12 combos). Other parameters per base. Outcome: products lacked azide; failure for target.","For Mn–azide–tetrazolate–carboxylate frameworks 1 (L1) and 2 (L2), the paper states crystalline products required a large excess of NaN3; near-stoichiometric reactant ratios gave products without azide (IR). Plans enumerate those near-stoichiometric ratios versus each base recipe.",1,metal_1;modulator_1,MnCl2·4H2O,,0.15 mmol,0.15,mmol,,,,,,,,,,,1-(carboxylatomethyl)-3-(5-tetrazolato)pyridinium,L1,"0.1 mmol (as KL1, 0.024 g)",0.1,mmol,,,,,,,,,,,sodium azide,NaN3,0.4 mmol,0.4,mmol,,,,,,water,H2O,2 mL,2,,,,,75,1.5,25,RT,48,2 days (slow evaporation after 10 min stirring),,"stirred 10 min, then static",,,,,,yellow crystals,45,,pcu,"linear Mn3 trinuclear motifs linked by EE-N3; (?-EO-N3)(?-syn,syn-COO)(?-N2,N3-CN4) triple bridges",trinuclear cluster SBU,"a=7.6829(17) Å, b=10.533(2) Å, c=11.055(2) Å, ?=62.913(2)°, ?=80.351(2)°, ?=85.288(2)°, P-1",,,not_reported,not_reported,,,10.1039/c2dt11966h,ok,,,,
10.1039/c2dt11966h,yes,Stoichiometric ratios gave products without azide; excess NaN3 required for crystalline targets.,"a manganese metal-organic framework with linear Mn3 trinuclear motifs linked by EE-N3; (?-EO-N3)(?-syn,syn-COO)(?-N2,N3-CN4) triple bridges and pcu topology built by organic linker 1-(carboxylatomethyl)-3-(5-tetrazolato)pyridinium",,"Article states that near-stoichiometric reactant ratios give products without azide (IR). Base 1 uses KL1 0.1 mmol, MnCl2·4H2O 0.2 mmol, NaN3 2.0 mmol (2:20:1). Stoichiometric for 0.1 mmol KL1 is ?0.15 mmol Mn and 0.20 mmol NaN3 (for 3:2:4 in [Mn3(L1)2(N3)4]). We estimate the ‘close-to-stoichiometric’ region with Mn = 0.12/0.15/0.18 mmol and NaN3 = 0.10/0.20/0.30/0.40 mmol (crossed; 12 combos). Other parameters per base. Outcome: products lacked azide; failure for target.","For Mn–azide–tetrazolate–carboxylate frameworks 1 (L1) and 2 (L2), the paper states crystalline products required a large excess of NaN3; near-stoichiometric reactant ratios gave products without azide (IR). Plans enumerate those near-stoichiometric ratios versus each base recipe.",1,metal_1;modulator_1,MnCl2·4H2O,,0.18 mmol,0.18,mmol,,,,,,,,,,,1-(carboxylatomethyl)-3-(5-tetrazolato)pyridinium,L1,"0.1 mmol (as KL1, 0.024 g)",0.1,mmol,,,,,,,,,,,sodium azide,NaN3,0.1 mmol,0.1,mmol,,,,,,water,H2O,2 mL,2,,,,,90,1.8,25,RT,48,2 days (slow evaporation after 10 min stirring),,"stirred 10 min, then static",,,,,,yellow crystals,45,,pcu,"linear Mn3 trinuclear motifs linked by EE-N3; (?-EO-N3)(?-syn,syn-COO)(?-N2,N3-CN4) triple bridges",trinuclear cluster SBU,"a=7.6829(17) Å, b=10.533(2) Å, c=11.055(2) Å, ?=62.913(2)°, ?=80.351(2)°, ?=85.288(2)°, P-1",,,not_reported,not_reported,,,10.1039/c2dt11966h,ok,,,,
10.1039/c2dt11966h,yes,Stoichiometric ratios gave products without azide; excess NaN3 required for crystalline targets.,"a manganese metal-organic framework with linear Mn3 trinuclear motifs linked by EE-N3; (?-EO-N3)(?-syn,syn-COO)(?-N2,N3-CN4) triple bridges and pcu topology built by organic linker 1-(carboxylatomethyl)-3-(5-tetrazolato)pyridinium",,"Article states that near-stoichiometric reactant ratios give products without azide (IR). Base 1 uses KL1 0.1 mmol, MnCl2·4H2O 0.2 mmol, NaN3 2.0 mmol (2:20:1). Stoichiometric for 0.1 mmol KL1 is ?0.15 mmol Mn and 0.20 mmol NaN3 (for 3:2:4 in [Mn3(L1)2(N3)4]). We estimate the ‘close-to-stoichiometric’ region with Mn = 0.12/0.15/0.18 mmol and NaN3 = 0.10/0.20/0.30/0.40 mmol (crossed; 12 combos). Other parameters per base. Outcome: products lacked azide; failure for target.","For Mn–azide–tetrazolate–carboxylate frameworks 1 (L1) and 2 (L2), the paper states crystalline products required a large excess of NaN3; near-stoichiometric reactant ratios gave products without azide (IR). Plans enumerate those near-stoichiometric ratios versus each base recipe.",1,metal_1;modulator_1,MnCl2·4H2O,,0.18 mmol,0.18,mmol,,,,,,,,,,,1-(carboxylatomethyl)-3-(5-tetrazolato)pyridinium,L1,"0.1 mmol (as KL1, 0.024 g)",0.1,mmol,,,,,,,,,,,sodium azide,NaN3,0.2 mmol,0.2,mmol,,,,,,water,H2O,2 mL,2,,,,,90,1.8,25,RT,48,2 days (slow evaporation after 10 min stirring),,"stirred 10 min, then static",,,,,,yellow crystals,45,,pcu,"linear Mn3 trinuclear motifs linked by EE-N3; (?-EO-N3)(?-syn,syn-COO)(?-N2,N3-CN4) triple bridges",trinuclear cluster SBU,"a=7.6829(17) Å, b=10.533(2) Å, c=11.055(2) Å, ?=62.913(2)°, ?=80.351(2)°, ?=85.288(2)°, P-1",,,not_reported,not_reported,,,10.1039/c2dt11966h,ok,,,,
10.1039/c7dt01116d,yes,"Substituting (R,R)-1,2-cyclohexanediamine in L failed to give ideal single crystals.","a copper metal-organic framework with Cu4I4 4-connected cluster and dia topology built by organic linker (R,R)-N,N?-bis(3-tert-butyl-5-(4-pyridyl)salicylidene)-1,2-cyclohexanediamine nickel(II)",,"Linker identity change: substituted L’s (R,R)-1,2-diphenylethylenediamine core with (R,R)-1,2-cyclohexanediamine as stated to have “failed to obtain the ideal single crystal.” No specific synthesis values given; represented under the successful CuI/KI DMF/MeCN solvothermal base (100 °C, 72 h). Linker amount carried over from base as a one-for-one substitution.","Negative condition captured: replacing the diamine core of the metallosalen linker L with (R,R)-1,2-cyclohexanediamine failed to give ideal single crystals of the CuI/KI-based MOF (CCDC 1522765). Represented against the paper’s successful DMF/MeCN, 100 °C, 72 h solvothermal recipe.",1,linker_1,CuI,CuI,"40 mg, 0.2 mmol",0.2,mmol,KI,KI,"40 mg, 0.24 mmol",0.24,mmol,,,,,,"(R,R)-N,N?-bis(3-tert-butyl-5-(4-pyridyl)salicylidene)-1,2-cyclohexanediamine nickel(II)",,0.02 mmol,0.02,mmol,,,,,,,,,,,,,,,,,,,,,dimethylformamide,DMF,3 mL,3,acetonitrile,MeCN,1 mL,1,67,10,100,100 °C,72,three days,10 mL vial,,"DMF, CH3CN",,"Exchanged in CH3CN 12 h, then 150 °C under high vacuum for 12 h",150,12,brown block,34,,dia,Cu4I4 4-connected cluster,tetranuclear cluster SBU,"a=18.4248(2) Å, b=35.8993(7) Å, c=36.7318(4) Å, P22121",,527,yes,yes,410,CO2_capture;CO2_cycloaddition;click_catalysis,10.1039/c7dt01116d,ok,,,,
10.1021/cg201059d,yes,Screened metal:ligand ratios; <2:1 gave unassigned phases; low acidity gave tiny PCN-131 crystals; could not obtain pure PCN-1320 despite varying pH/solvents/ratios.,"a zinc metal-organic framework with Zn2(CO2)4 paddle-wheel SBU pillared by 4,4?-bpy built by organic linkers anthracene-9,10-dicarboxylic acid and 4,4?-bipyridyl",PCN-1320,"Attempts to obtain pure PCN-1320 failed even after varying pH, solvent systems, and reagent ratios (text). Represented as a combined screen anchored to the PCN-1320 base: M:L < 2:1 (values 1.75, 1.5, 1.0; Zn amounts computed from 0.1 mmol H2adc), acidity varied by substituting HBF4 with no acid or acetic acid (weaker), and solvent varied between DMF and DMA. Lists trimmed to 12 enumerations to satisfy the estimated-combination ceiling.","Negative conditions from Zn/H2adc MOF study: metal:ligand ratios below 2:1 yielded unassigned phases; and pure PCN-1320 could not be isolated despite varying pH, solvent systems, and stoichiometry (mixtures with PCN-1310 persisted).",4,metal_1;modulator_1;solvent_main,Zn(NO3)2·6H2O,,0.175 mmol,0.175,mmol,,,,,,,,,,,"anthracene-9,10-dicarboxylic acid",H2adc,"26.2 mg, 0.1 mmol",0.1,mmol,"4,4?-bipyridyl","4,4?-bpy","15.6 mg, 0.1 mmol",0.1,mmol,,,,,,,,,,,,,,,,dimethylformamide,DMF,,,,,,,,1.75,120,120 °C,48,2 days,Pyrex tube (sealed),static,,,,,,few colorless block crystals,18,,,"Zn2(CO2)4 paddle-wheel SBU pillared by 4,4?-bpy",paddlewheel dimer SBU,"I4/mcm; a=15.44 Å, b=15.44 Å, c=28.03 Å",,,not_reported,not_reported,,,10.1021/cg201059d,ok,,,,
10.1021/cg201059d,yes,Screened metal:ligand ratios; <2:1 gave unassigned phases; low acidity gave tiny PCN-131 crystals; could not obtain pure PCN-1320 despite varying pH/solvents/ratios.,"a zinc metal-organic framework with Zn2(CO2)4 paddle-wheel SBU pillared by 4,4?-bpy built by organic linkers anthracene-9,10-dicarboxylic acid and 4,4?-bipyridyl",PCN-1320,"Attempts to obtain pure PCN-1320 failed even after varying pH, solvent systems, and reagent ratios (text). Represented as a combined screen anchored to the PCN-1320 base: M:L < 2:1 (values 1.75, 1.5, 1.0; Zn amounts computed from 0.1 mmol H2adc), acidity varied by substituting HBF4 with no acid or acetic acid (weaker), and solvent varied between DMF and DMA. Lists trimmed to 12 enumerations to satisfy the estimated-combination ceiling.","Negative conditions from Zn/H2adc MOF study: metal:ligand ratios below 2:1 yielded unassigned phases; and pure PCN-1320 could not be isolated despite varying pH, solvent systems, and stoichiometry (mixtures with PCN-1310 persisted).",4,metal_1;modulator_1;solvent_main,Zn(NO3)2·6H2O,,0.175 mmol,0.175,mmol,,,,,,,,,,,"anthracene-9,10-dicarboxylic acid",H2adc,"26.2 mg, 0.1 mmol",0.1,mmol,"4,4?-bipyridyl","4,4?-bpy","15.6 mg, 0.1 mmol",0.1,mmol,,,,,,,,,,,,,,,,"N,N-dimethylacetamide",DMAc,,,,,,,,1.75,120,120 °C,48,2 days,Pyrex tube (sealed),static,,,,,,few colorless block crystals,18,,,"Zn2(CO2)4 paddle-wheel SBU pillared by 4,4?-bpy",paddlewheel dimer SBU,"I4/mcm; a=15.44 Å, b=15.44 Å, c=28.03 Å",,,not_reported,not_reported,,,10.1021/cg201059d,ok,,,,
10.1021/cg201059d,yes,Screened metal:ligand ratios; <2:1 gave unassigned phases; low acidity gave tiny PCN-131 crystals; could not obtain pure PCN-1320 despite varying pH/solvents/ratios.,"a zinc metal-organic framework with Zn2(CO2)4 paddle-wheel SBU pillared by 4,4?-bpy built by organic linkers anthracene-9,10-dicarboxylic acid and 4,4?-bipyridyl",PCN-1320,"Attempts to obtain pure PCN-1320 failed even after varying pH, solvent systems, and reagent ratios (text). Represented as a combined screen anchored to the PCN-1320 base: M:L < 2:1 (values 1.75, 1.5, 1.0; Zn amounts computed from 0.1 mmol H2adc), acidity varied by substituting HBF4 with no acid or acetic acid (weaker), and solvent varied between DMF and DMA. Lists trimmed to 12 enumerations to satisfy the estimated-combination ceiling.","Negative conditions from Zn/H2adc MOF study: metal:ligand ratios below 2:1 yielded unassigned phases; and pure PCN-1320 could not be isolated despite varying pH, solvent systems, and stoichiometry (mixtures with PCN-1310 persisted).",4,metal_1;modulator_1;solvent_main,Zn(NO3)2·6H2O,,0.175 mmol,0.175,mmol,,,,,,,,,,,"anthracene-9,10-dicarboxylic acid",H2adc,"26.2 mg, 0.1 mmol",0.1,mmol,"4,4?-bipyridyl","4,4?-bpy","15.6 mg, 0.1 mmol",0.1,mmol,,,,,,acetic acid,HOAc,,,,,,,,,dimethylformamide,DMF,,,,,,,,1.75,120,120 °C,48,2 days,Pyrex tube (sealed),static,,,,,,few colorless block crystals,18,,,"Zn2(CO2)4 paddle-wheel SBU pillared by 4,4?-bpy",paddlewheel dimer SBU,"I4/mcm; a=15.44 Å, b=15.44 Å, c=28.03 Å",,,not_reported,not_reported,,,10.1021/cg201059d,ok,,,,
10.1021/cg201059d,yes,Screened metal:ligand ratios; <2:1 gave unassigned phases; low acidity gave tiny PCN-131 crystals; could not obtain pure PCN-1320 despite varying pH/solvents/ratios.,"a zinc metal-organic framework with Zn2(CO2)4 paddle-wheel SBU pillared by 4,4?-bpy built by organic linkers anthracene-9,10-dicarboxylic acid and 4,4?-bipyridyl",PCN-1320,"Attempts to obtain pure PCN-1320 failed even after varying pH, solvent systems, and reagent ratios (text). Represented as a combined screen anchored to the PCN-1320 base: M:L < 2:1 (values 1.75, 1.5, 1.0; Zn amounts computed from 0.1 mmol H2adc), acidity varied by substituting HBF4 with no acid or acetic acid (weaker), and solvent varied between DMF and DMA. Lists trimmed to 12 enumerations to satisfy the estimated-combination ceiling.","Negative conditions from Zn/H2adc MOF study: metal:ligand ratios below 2:1 yielded unassigned phases; and pure PCN-1320 could not be isolated despite varying pH, solvent systems, and stoichiometry (mixtures with PCN-1310 persisted).",4,metal_1;modulator_1;solvent_main,Zn(NO3)2·6H2O,,0.175 mmol,0.175,mmol,,,,,,,,,,,"anthracene-9,10-dicarboxylic acid",H2adc,"26.2 mg, 0.1 mmol",0.1,mmol,"4,4?-bipyridyl","4,4?-bpy","15.6 mg, 0.1 mmol",0.1,mmol,,,,,,acetic acid,HOAc,,,,,,,,,"N,N-dimethylacetamide",DMAc,,,,,,,,1.75,120,120 °C,48,2 days,Pyrex tube (sealed),static,,,,,,few colorless block crystals,18,,,"Zn2(CO2)4 paddle-wheel SBU pillared by 4,4?-bpy",paddlewheel dimer SBU,"I4/mcm; a=15.44 Å, b=15.44 Å, c=28.03 Å",,,not_reported,not_reported,,,10.1021/cg201059d,ok,,,,
10.1021/cg201059d,yes,Screened metal:ligand ratios; <2:1 gave unassigned phases; low acidity gave tiny PCN-131 crystals; could not obtain pure PCN-1320 despite varying pH/solvents/ratios.,"a zinc metal-organic framework with Zn2(CO2)4 paddle-wheel SBU pillared by 4,4?-bpy built by organic linkers anthracene-9,10-dicarboxylic acid and 4,4?-bipyridyl",PCN-1320,"Attempts to obtain pure PCN-1320 failed even after varying pH, solvent systems, and reagent ratios (text). Represented as a combined screen anchored to the PCN-1320 base: M:L < 2:1 (values 1.75, 1.5, 1.0; Zn amounts computed from 0.1 mmol H2adc), acidity varied by substituting HBF4 with no acid or acetic acid (weaker), and solvent varied between DMF and DMA. Lists trimmed to 12 enumerations to satisfy the estimated-combination ceiling.","Negative conditions from Zn/H2adc MOF study: metal:ligand ratios below 2:1 yielded unassigned phases; and pure PCN-1320 could not be isolated despite varying pH, solvent systems, and stoichiometry (mixtures with PCN-1310 persisted).",4,metal_1;modulator_1;solvent_main,Zn(NO3)2·6H2O,,0.15 mmol,0.15,mmol,,,,,,,,,,,"anthracene-9,10-dicarboxylic acid",H2adc,"26.2 mg, 0.1 mmol",0.1,mmol,"4,4?-bipyridyl","4,4?-bpy","15.6 mg, 0.1 mmol",0.1,mmol,,,,,,,,,,,,,,,,dimethylformamide,DMF,,,,,,,,1.5,120,120 °C,48,2 days,Pyrex tube (sealed),static,,,,,,few colorless block crystals,18,,,"Zn2(CO2)4 paddle-wheel SBU pillared by 4,4?-bpy",paddlewheel dimer SBU,"I4/mcm; a=15.44 Å, b=15.44 Å, c=28.03 Å",,,not_reported,not_reported,,,10.1021/cg201059d,ok,,,,
10.1021/cg201059d,yes,Screened metal:ligand ratios; <2:1 gave unassigned phases; low acidity gave tiny PCN-131 crystals; could not obtain pure PCN-1320 despite varying pH/solvents/ratios.,"a zinc metal-organic framework with Zn2(CO2)4 paddle-wheel SBU pillared by 4,4?-bpy built by organic linkers anthracene-9,10-dicarboxylic acid and 4,4?-bipyridyl",PCN-1320,"Attempts to obtain pure PCN-1320 failed even after varying pH, solvent systems, and reagent ratios (text). Represented as a combined screen anchored to the PCN-1320 base: M:L < 2:1 (values 1.75, 1.5, 1.0; Zn amounts computed from 0.1 mmol H2adc), acidity varied by substituting HBF4 with no acid or acetic acid (weaker), and solvent varied between DMF and DMA. Lists trimmed to 12 enumerations to satisfy the estimated-combination ceiling.","Negative conditions from Zn/H2adc MOF study: metal:ligand ratios below 2:1 yielded unassigned phases; and pure PCN-1320 could not be isolated despite varying pH, solvent systems, and stoichiometry (mixtures with PCN-1310 persisted).",4,metal_1;modulator_1;solvent_main,Zn(NO3)2·6H2O,,0.15 mmol,0.15,mmol,,,,,,,,,,,"anthracene-9,10-dicarboxylic acid",H2adc,"26.2 mg, 0.1 mmol",0.1,mmol,"4,4?-bipyridyl","4,4?-bpy","15.6 mg, 0.1 mmol",0.1,mmol,,,,,,,,,,,,,,,,"N,N-dimethylacetamide",DMAc,,,,,,,,1.5,120,120 °C,48,2 days,Pyrex tube (sealed),static,,,,,,few colorless block crystals,18,,,"Zn2(CO2)4 paddle-wheel SBU pillared by 4,4?-bpy",paddlewheel dimer SBU,"I4/mcm; a=15.44 Å, b=15.44 Å, c=28.03 Å",,,not_reported,not_reported,,,10.1021/cg201059d,ok,,,,
10.1021/cg201059d,yes,Screened metal:ligand ratios; <2:1 gave unassigned phases; low acidity gave tiny PCN-131 crystals; could not obtain pure PCN-1320 despite varying pH/solvents/ratios.,"a zinc metal-organic framework with Zn2(CO2)4 paddle-wheel SBU pillared by 4,4?-bpy built by organic linkers anthracene-9,10-dicarboxylic acid and 4,4?-bipyridyl",PCN-1320,"Attempts to obtain pure PCN-1320 failed even after varying pH, solvent systems, and reagent ratios (text). Represented as a combined screen anchored to the PCN-1320 base: M:L < 2:1 (values 1.75, 1.5, 1.0; Zn amounts computed from 0.1 mmol H2adc), acidity varied by substituting HBF4 with no acid or acetic acid (weaker), and solvent varied between DMF and DMA. Lists trimmed to 12 enumerations to satisfy the estimated-combination ceiling.","Negative conditions from Zn/H2adc MOF study: metal:ligand ratios below 2:1 yielded unassigned phases; and pure PCN-1320 could not be isolated despite varying pH, solvent systems, and stoichiometry (mixtures with PCN-1310 persisted).",4,metal_1;modulator_1;solvent_main,Zn(NO3)2·6H2O,,0.15 mmol,0.15,mmol,,,,,,,,,,,"anthracene-9,10-dicarboxylic acid",H2adc,"26.2 mg, 0.1 mmol",0.1,mmol,"4,4?-bipyridyl","4,4?-bpy","15.6 mg, 0.1 mmol",0.1,mmol,,,,,,acetic acid,HOAc,,,,,,,,,dimethylformamide,DMF,,,,,,,,1.5,120,120 °C,48,2 days,Pyrex tube (sealed),static,,,,,,few colorless block crystals,18,,,"Zn2(CO2)4 paddle-wheel SBU pillared by 4,4?-bpy",paddlewheel dimer SBU,"I4/mcm; a=15.44 Å, b=15.44 Å, c=28.03 Å",,,not_reported,not_reported,,,10.1021/cg201059d,ok,,,,
10.1021/cg201059d,yes,Screened metal:ligand ratios; <2:1 gave unassigned phases; low acidity gave tiny PCN-131 crystals; could not obtain pure PCN-1320 despite varying pH/solvents/ratios.,"a zinc metal-organic framework with Zn2(CO2)4 paddle-wheel SBU pillared by 4,4?-bpy built by organic linkers anthracene-9,10-dicarboxylic acid and 4,4?-bipyridyl",PCN-1320,"Attempts to obtain pure PCN-1320 failed even after varying pH, solvent systems, and reagent ratios (text). Represented as a combined screen anchored to the PCN-1320 base: M:L < 2:1 (values 1.75, 1.5, 1.0; Zn amounts computed from 0.1 mmol H2adc), acidity varied by substituting HBF4 with no acid or acetic acid (weaker), and solvent varied between DMF and DMA. Lists trimmed to 12 enumerations to satisfy the estimated-combination ceiling.","Negative conditions from Zn/H2adc MOF study: metal:ligand ratios below 2:1 yielded unassigned phases; and pure PCN-1320 could not be isolated despite varying pH, solvent systems, and stoichiometry (mixtures with PCN-1310 persisted).",4,metal_1;modulator_1;solvent_main,Zn(NO3)2·6H2O,,0.15 mmol,0.15,mmol,,,,,,,,,,,"anthracene-9,10-dicarboxylic acid",H2adc,"26.2 mg, 0.1 mmol",0.1,mmol,"4,4?-bipyridyl","4,4?-bpy","15.6 mg, 0.1 mmol",0.1,mmol,,,,,,acetic acid,HOAc,,,,,,,,,"N,N-dimethylacetamide",DMAc,,,,,,,,1.5,120,120 °C,48,2 days,Pyrex tube (sealed),static,,,,,,few colorless block crystals,18,,,"Zn2(CO2)4 paddle-wheel SBU pillared by 4,4?-bpy",paddlewheel dimer SBU,"I4/mcm; a=15.44 Å, b=15.44 Å, c=28.03 Å",,,not_reported,not_reported,,,10.1021/cg201059d,ok,,,,
10.1021/cg201059d,yes,Screened metal:ligand ratios; <2:1 gave unassigned phases; low acidity gave tiny PCN-131 crystals; could not obtain pure PCN-1320 despite varying pH/solvents/ratios.,"a zinc metal-organic framework with Zn2(CO2)4 paddle-wheel SBU pillared by 4,4?-bpy built by organic linkers anthracene-9,10-dicarboxylic acid and 4,4?-bipyridyl",PCN-1320,"Attempts to obtain pure PCN-1320 failed even after varying pH, solvent systems, and reagent ratios (text). Represented as a combined screen anchored to the PCN-1320 base: M:L < 2:1 (values 1.75, 1.5, 1.0; Zn amounts computed from 0.1 mmol H2adc), acidity varied by substituting HBF4 with no acid or acetic acid (weaker), and solvent varied between DMF and DMA. Lists trimmed to 12 enumerations to satisfy the estimated-combination ceiling.","Negative conditions from Zn/H2adc MOF study: metal:ligand ratios below 2:1 yielded unassigned phases; and pure PCN-1320 could not be isolated despite varying pH, solvent systems, and stoichiometry (mixtures with PCN-1310 persisted).",4,metal_1;modulator_1;solvent_main,Zn(NO3)2·6H2O,,0.1 mmol,0.1,mmol,,,,,,,,,,,"anthracene-9,10-dicarboxylic acid",H2adc,"26.2 mg, 0.1 mmol",0.1,mmol,"4,4?-bipyridyl","4,4?-bpy","15.6 mg, 0.1 mmol",0.1,mmol,,,,,,,,,,,,,,,,dimethylformamide,DMF,,,,,,,,1,120,120 °C,48,2 days,Pyrex tube (sealed),static,,,,,,few colorless block crystals,18,,,"Zn2(CO2)4 paddle-wheel SBU pillared by 4,4?-bpy",paddlewheel dimer SBU,"I4/mcm; a=15.44 Å, b=15.44 Å, c=28.03 Å",,,not_reported,not_reported,,,10.1021/cg201059d,ok,,,,
10.1021/cg201059d,yes,Screened metal:ligand ratios; <2:1 gave unassigned phases; low acidity gave tiny PCN-131 crystals; could not obtain pure PCN-1320 despite varying pH/solvents/ratios.,"a zinc metal-organic framework with Zn2(CO2)4 paddle-wheel SBU pillared by 4,4?-bpy built by organic linkers anthracene-9,10-dicarboxylic acid and 4,4?-bipyridyl",PCN-1320,"Attempts to obtain pure PCN-1320 failed even after varying pH, solvent systems, and reagent ratios (text). Represented as a combined screen anchored to the PCN-1320 base: M:L < 2:1 (values 1.75, 1.5, 1.0; Zn amounts computed from 0.1 mmol H2adc), acidity varied by substituting HBF4 with no acid or acetic acid (weaker), and solvent varied between DMF and DMA. Lists trimmed to 12 enumerations to satisfy the estimated-combination ceiling.","Negative conditions from Zn/H2adc MOF study: metal:ligand ratios below 2:1 yielded unassigned phases; and pure PCN-1320 could not be isolated despite varying pH, solvent systems, and stoichiometry (mixtures with PCN-1310 persisted).",4,metal_1;modulator_1;solvent_main,Zn(NO3)2·6H2O,,0.1 mmol,0.1,mmol,,,,,,,,,,,"anthracene-9,10-dicarboxylic acid",H2adc,"26.2 mg, 0.1 mmol",0.1,mmol,"4,4?-bipyridyl","4,4?-bpy","15.6 mg, 0.1 mmol",0.1,mmol,,,,,,,,,,,,,,,,"N,N-dimethylacetamide",DMAc,,,,,,,,1,120,120 °C,48,2 days,Pyrex tube (sealed),static,,,,,,few colorless block crystals,18,,,"Zn2(CO2)4 paddle-wheel SBU pillared by 4,4?-bpy",paddlewheel dimer SBU,"I4/mcm; a=15.44 Å, b=15.44 Å, c=28.03 Å",,,not_reported,not_reported,,,10.1021/cg201059d,ok,,,,
10.1016/j.micromeso.2015.07.001,yes,DMA solvent gave crystals unsuitable for data; replacing pyridine with pyrazine or DABCO gave no product.,"a copper metal-organic framework with Cu2(COO)4 paddlewheel SBU built by organic linker 5,5?-(1,3-phenylenebis(methylene))bis(oxy)diisophthalic acid",,"Axial N-donor swap for 1: under the same conditions as 1, replacing pyridine with pyrazine or DABCO resulted in no corresponding products. Represented as modulator_1 identity substitutions; amounts not stated.",Failures include DMA in place of DMF for compound 1 (crystals unsuitable for data) and replacing pyridine by pyrazine or DABCO under 1’s conditions (no corresponding products). Built as modifications of the successful recipe for compound 1.,1,modulator_1,Cu(NO3)2·2H2O,,"0.07 mmol, 16 mg",0.07,mmol,,,,,,,,,,,"5,5?-(1,3-phenylenebis(methylene))bis(oxy)diisophthalic acid",H4L,"0.035 mmol, 16 mg",0.035,mmol,,,,,,,,,,,pyrazine,,,,,nitric acid,HNO3,1 mL (3.5 M in DMF),1,mL,dimethylformamide,DMF,8 mL,8,,,,,9,2,85,85 °C,96,4 days,,,"MeOH, CH2Cl2","MeOH 3 days, refreshed six times; CH2Cl2 similarly","Vacuum at RT overnight, then 80 °C under vacuum for 10 h",80,10,blue block crystals,65,,,Cu2(COO)4 paddlewheel SBU,paddlewheel dimer SBU,,16.14,1233,not_reported,not_reported,317,CO2_capture;hydrogen_storage,10.1016/j.micromeso.2015.07.001,ok,,,,
10.1016/j.micromeso.2015.07.001,yes,DMA solvent gave crystals unsuitable for data; replacing pyridine with pyrazine or DABCO gave no product.,"a copper metal-organic framework with Cu2(COO)4 paddlewheel SBU built by organic linker 5,5?-(1,3-phenylenebis(methylene))bis(oxy)diisophthalic acid",,"Axial N-donor swap for 1: under the same conditions as 1, replacing pyridine with pyrazine or DABCO resulted in no corresponding products. Represented as modulator_1 identity substitutions; amounts not stated.",Failures include DMA in place of DMF for compound 1 (crystals unsuitable for data) and replacing pyridine by pyrazine or DABCO under 1’s conditions (no corresponding products). Built as modifications of the successful recipe for compound 1.,1,modulator_1,Cu(NO3)2·2H2O,,"0.07 mmol, 16 mg",0.07,mmol,,,,,,,,,,,"5,5?-(1,3-phenylenebis(methylene))bis(oxy)diisophthalic acid",H4L,"0.035 mmol, 16 mg",0.035,mmol,,,,,,,,,,,"1,4-diazabicyclo[2.2.2]octane",DABCO,,,,nitric acid,HNO3,1 mL (3.5 M in DMF),1,mL,dimethylformamide,DMF,8 mL,8,,,,,9,2,85,85 °C,96,4 days,,,"MeOH, CH2Cl2","MeOH 3 days, refreshed six times; CH2Cl2 similarly","Vacuum at RT overnight, then 80 °C under vacuum for 10 h",80,10,blue block crystals,65,,,Cu2(COO)4 paddlewheel SBU,paddlewheel dimer SBU,,16.14,1233,not_reported,not_reported,317,CO2_capture;hydrogen_storage,10.1016/j.micromeso.2015.07.001,ok,,,,
10.1016/j.micromeso.2015.07.001,yes,DMA solvent gave crystals unsuitable for data; replacing pyridine with pyrazine or DABCO gave no product.,"a copper metal-organic framework with Cu2(COO)4 paddlewheel SBU built by organic linker 5,5?-(1,3-phenylenebis(methylene))bis(oxy)diisophthalic acid",,Solvent swap for 1: replacing DMF (8 mL) with DMA under otherwise the same conditions gave only blue crystals unsuitable for data collection. Represented as DMF -> DMA with volume carried from the base.,Failures include DMA in place of DMF for compound 1 (crystals unsuitable for data) and replacing pyridine by pyrazine or DABCO under 1’s conditions (no corresponding products). Built as modifications of the successful recipe for compound 1.,1,solvent_main,Cu(NO3)2·2H2O,,"0.07 mmol, 16 mg",0.07,mmol,,,,,,,,,,,"5,5?-(1,3-phenylenebis(methylene))bis(oxy)diisophthalic acid",H4L,"0.035 mmol, 16 mg",0.035,mmol,,,,,,,,,,,pyridine,py,0.5 mL,0.5,mL,nitric acid,HNO3,1 mL (3.5 M in DMF),1,mL,"N,N-dimethylacetamide",DMAc,8.0 mL,8,,,,,9,2,85,85 °C,96,4 days,,,"MeOH, CH2Cl2","MeOH 3 days, refreshed six times; CH2Cl2 similarly","Vacuum at RT overnight, then 80 °C under vacuum for 10 h",80,10,blue block crystals,65,,,Cu2(COO)4 paddlewheel SBU,paddlewheel dimer SBU,,16.14,1233,not_reported,not_reported,317,CO2_capture;hydrogen_storage,10.1016/j.micromeso.2015.07.001,ok,,,,
10.1039/d1mh01663f,yes,"Screened modulator, time, temperature; some conditions gave amorphous/no solid; phase transformations observed.",an iron metal-organic framework with Fe(OH) 1D chain SBU built by organic linker terephthalic acid,MIL-53(Fe),"At 150 °C with FeCl2·4H2O/H2BDC in DMF and 30 eq acetic acid, after 168 h the solid obtained was Fe2O3 (hematite) rather than any MOF (text; SI Fig. S16). Named inorganic byproduct -> failure.","Negative conditions for Fe–BDC MOFs under DMF solvothermal synthesis, focused on MOF-235(Fe) and MIL-53(Fe) bases. Failures include amorphous/no solid, dissolution, inorganic Fe2O3, poor-quality alternate phases, and mixed phases.",2,modulator_1;time_h,FeCl2·4H2O,,1 mmol,1,mmol,,,,,,,,,,,terephthalic acid,H2BDC,1 mmol,1,mmol,,,,,,,,,,,acetic acid,AA,30.0 mmol,30,mmol,,,,,,dimethylformamide,DMF,10 mL,10,,,,,100,1,150,150 °C,168,168.0 h,50 mL Pyrex reagent jar,,DMF,several times,,,,yellow needle-shaped crystals,,0.16 × 0.04 × 0.03 mm,,Fe(OH) 1D chain SBU,polynuclear cluster SBU,"a=6.8403(12), b=10.7142(18), c=10.7928(18) Å, P-1 (150 K)",,,not_reported,not_reported,,,10.1039/d1mh01663f,ok,,,,
10.1039/d1mh01663f,yes,"Screened modulator, time, temperature; some conditions gave amorphous/no solid; phase transformations observed.",an iron metal-organic framework with Fe(OH) 1D chain SBU built by organic linker terephthalic acid,MIL-53(Fe),"At 150 °C with FeCl2·4H2O/H2BDC in DMF and 30 eq acetic acid, complete dissolution (no solid) after 48 h was observed (text; SI Fig. S16).","Negative conditions for Fe–BDC MOFs under DMF solvothermal synthesis, focused on MOF-235(Fe) and MIL-53(Fe) bases. Failures include amorphous/no solid, dissolution, inorganic Fe2O3, poor-quality alternate phases, and mixed phases.",2,modulator_1;time_h,FeCl2·4H2O,,1 mmol,1,mmol,,,,,,,,,,,terephthalic acid,H2BDC,1 mmol,1,mmol,,,,,,,,,,,acetic acid,AA,30.0 mmol,30,mmol,,,,,,dimethylformamide,DMF,10 mL,10,,,,,100,1,150,150 °C,48,48.0 h,50 mL Pyrex reagent jar,,DMF,several times,,,,yellow needle-shaped crystals,,0.16 × 0.04 × 0.03 mm,,Fe(OH) 1D chain SBU,polynuclear cluster SBU,"a=6.8403(12), b=10.7142(18), c=10.7928(18) Å, P-1 (150 K)",,,not_reported,not_reported,,,10.1039/d1mh01663f,ok,,,,
10.1039/d1mh01663f,yes,"Screened modulator, time, temperature; some conditions gave amorphous/no solid; phase transformations observed.",an iron metal-organic framework with Fe(OH) 1D chain SBU built by organic linker terephthalic acid,MIL-53(Fe),"At 150 °C without modulator, shorter times (2–48 h) give MOF-235(Fe)/mixed, not MIL-53(Fe). At 120 °C, 72 h gives poor crystallinity; ≥168 h gives MIL-68(Fe) then MIL-53(Fe). Acetic acid prevents MIL-53(Fe); with FeCl2 at 150 °C + AA, dissolution by 48 h and Fe2O3 at 168 h. Fe(NO3)3 at 150 °C, 72 h gives amorphous. Evidence: Fig. 3b; SI Fig. S17, S21–S22; text: “no formation of MIL-53(Fe) when acetic acid is present”.","Across Fe–terephthalate syntheses (MOF-235(Fe), MIL-53(Fe), [Fe(DMF)(BDC)], [Fe3O(DMF)3(BDC)3][BF4], MIL-88B(Fe), Fe–BDC-Br), failures arise from modulator identity/loading, Fe-source/counterion, and time/temperature. We list explicit amorphous/no-solid and wrong-phase outcomes and boundary-implied non-working settings from the article and SI.",2,metal_1;modulator_1;temperature_c;time_h,Fe(NO3)3·9H2O,,1.0 mmol,1,mmol,,,,,,,,,,,terephthalic acid,H2BDC,1 mmol,1,mmol,,,,,,,,,,,acetic acid,AA,30.0 mmol,30,mmol,,,,,,dimethylformamide,DMF,10 mL,10,,,,,100,1,120,120.0 °C,2,2.0 h,50 mL Pyrex reagent jar,,DMF,several times,,,,yellow needle-shaped crystals,,0.16 × 0.04 × 0.03 mm,,Fe(OH) 1D chain SBU,polynuclear cluster SBU,"a=6.8403(12), b=10.7142(18), c=10.7928(18) Å, P-1 (150 K)",,,not_reported,not_reported,,,10.1039/d1mh01663f,ok,,,yes,original_reference_notes
10.1039/d1mh01663f,yes,"Screened modulator, time, temperature; some conditions gave amorphous/no solid; phase transformations observed.",an iron metal-organic framework with Fe3O 6-connected SBU and acs topology built by organic linker 2-bromoterephthalic acid,MIL-88B(Fe),"Fe(BF4)2 never yields MIL-88B(Fe) under any modulator/time. Switching linker to 2-bromoterephthalic acid with FeSO4 gives Fe–BDC-Br instead. Fe(NO3)3 at 150 °C, 72 h without modulator gives amorphous material. Evidence: text: “Fe(BF4)2 is the only Fe-source that does not ever yield MIL-88B(Fe)…”; Section 2.5; SI Fig. S28.","Across Fe–terephthalate syntheses (MOF-235(Fe), MIL-53(Fe), [Fe(DMF)(BDC)], [Fe3O(DMF)3(BDC)3][BF4], MIL-88B(Fe), Fe–BDC-Br), failures arise from modulator identity/loading, Fe-source/counterion, and time/temperature. We list explicit amorphous/no-solid and wrong-phase outcomes and boundary-implied non-working settings from the article and SI.",5,metal_1;linker_1,Fe(NO3)3·9H2O,,0.05 mmol,0.05,mmol,,,,,,,,,,,2-bromoterephthalic acid,,0.05 mmol,0.05,mmol,,,,,,,,,,,acetic acid,AA,0.2 mL,,,,,,,,dimethylformamide,DMF,4 mL,4,,,,,12,1,120,120 °C,24,24 h,25 mL Pyrex reagent jar,,DMF,several times,,,,orange hexagonal rod-shaped crystals,,0.13 × 0.03 × 0.03 mm,acs,Fe3O 6-connected SBU,hexanuclear cluster SBU,"a=b=13.9105(12), c=17.6608(13) Å, P63/mmc (150 K)",,,not_reported,not_reported,,,10.1039/d1mh01663f,ok,,,yes,original_reference_notes
10.1039/d1mh01663f,yes,"Screened modulator, time, temperature; some conditions gave amorphous/no solid; phase transformations observed.",an iron metal-organic framework with Fe(OH) 1D chain SBU built by organic linker terephthalic acid,MIL-53(Fe),"FeCl2·4H2O/H2BDC in DMF at 120 °C for 168 h (no modulator) gave MIL-68(Fe) with a MIL-88(Fe) impurity (mixed phases, not MIL-53(Fe)) (text; SI Fig. S21–S22).","Negative conditions for Fe–BDC MOFs under DMF solvothermal synthesis, focused on MOF-235(Fe) and MIL-53(Fe) bases. Failures include amorphous/no solid, dissolution, inorganic Fe2O3, poor-quality alternate phases, and mixed phases.",2,temperature_c;time_h,FeCl2·4H2O,,1 mmol,1,mmol,,,,,,,,,,,terephthalic acid,H2BDC,1 mmol,1,mmol,,,,,,,,,,,,,,,,,,,,,dimethylformamide,DMF,10 mL,10,,,,,100,1,120,120.0 °C,168,168.0 h,50 mL Pyrex reagent jar,,DMF,several times,,,,yellow needle-shaped crystals,,0.16 × 0.04 × 0.03 mm,,Fe(OH) 1D chain SBU,polynuclear cluster SBU,"a=6.8403(12), b=10.7142(18), c=10.7928(18) Å, P-1 (150 K)",,,not_reported,not_reported,,,10.1039/d1mh01663f,ok,,,,
10.1039/d1mh01663f,yes,"Screened modulator, time, temperature; some conditions gave amorphous/no solid; phase transformations observed.",an iron metal-organic framework with Fe(OH) 1D chain SBU built by organic linker terephthalic acid,MIL-53(Fe),FeCl2·4H2O/H2BDC in DMF at 120 °C for 24 h with 5–20 eq acetic acid gave no discernible PXRD peaks (amorphous) (text; SI Fig. S4). Bundled reported AA values.,"Negative conditions for Fe–BDC MOFs under DMF solvothermal synthesis, focused on MOF-235(Fe) and MIL-53(Fe) bases. Failures include amorphous/no solid, dissolution, inorganic Fe2O3, poor-quality alternate phases, and mixed phases.",2,modulator_1;temperature_c;time_h,FeCl2·4H2O,,1 mmol,1,mmol,,,,,,,,,,,terephthalic acid,H2BDC,1 mmol,1,mmol,,,,,,,,,,,acetic acid,AA,5.0 mmol,5,mmol,,,,,,dimethylformamide,DMF,10 mL,10,,,,,100,1,120,120.0 °C,24,24.0 h,50 mL Pyrex reagent jar,,DMF,several times,,,,yellow needle-shaped crystals,,0.16 × 0.04 × 0.03 mm,,Fe(OH) 1D chain SBU,polynuclear cluster SBU,"a=6.8403(12), b=10.7142(18), c=10.7928(18) Å, P-1 (150 K)",,,not_reported,not_reported,,,10.1039/d1mh01663f,ok,,,,
10.1039/d1mh01663f,yes,"Screened modulator, time, temperature; some conditions gave amorphous/no solid; phase transformations observed.",an iron metal-organic framework with Fe(OH) 1D chain SBU built by organic linker terephthalic acid,MIL-53(Fe),FeCl2·4H2O/H2BDC in DMF at 120 °C for 24 h with 5–20 eq acetic acid gave no discernible PXRD peaks (amorphous) (text; SI Fig. S4). Bundled reported AA values.,"Negative conditions for Fe–BDC MOFs under DMF solvothermal synthesis, focused on MOF-235(Fe) and MIL-53(Fe) bases. Failures include amorphous/no solid, dissolution, inorganic Fe2O3, poor-quality alternate phases, and mixed phases.",2,modulator_1;temperature_c;time_h,FeCl2·4H2O,,1 mmol,1,mmol,,,,,,,,,,,terephthalic acid,H2BDC,1 mmol,1,mmol,,,,,,,,,,,acetic acid,AA,10.0 mmol,10,mmol,,,,,,dimethylformamide,DMF,10 mL,10,,,,,100,1,120,120.0 °C,24,24.0 h,50 mL Pyrex reagent jar,,DMF,several times,,,,yellow needle-shaped crystals,,0.16 × 0.04 × 0.03 mm,,Fe(OH) 1D chain SBU,polynuclear cluster SBU,"a=6.8403(12), b=10.7142(18), c=10.7928(18) Å, P-1 (150 K)",,,not_reported,not_reported,,,10.1039/d1mh01663f,ok,,,,
10.1039/d1mh01663f,yes,"Screened modulator, time, temperature; some conditions gave amorphous/no solid; phase transformations observed.",an iron metal-organic framework with Fe(OH) 1D chain SBU built by organic linker terephthalic acid,MIL-53(Fe),FeCl2·4H2O/H2BDC in DMF at 120 °C for 24 h with 5–20 eq acetic acid gave no discernible PXRD peaks (amorphous) (text; SI Fig. S4). Bundled reported AA values.,"Negative conditions for Fe–BDC MOFs under DMF solvothermal synthesis, focused on MOF-235(Fe) and MIL-53(Fe) bases. Failures include amorphous/no solid, dissolution, inorganic Fe2O3, poor-quality alternate phases, and mixed phases.",2,modulator_1;temperature_c;time_h,FeCl2·4H2O,,1 mmol,1,mmol,,,,,,,,,,,terephthalic acid,H2BDC,1 mmol,1,mmol,,,,,,,,,,,acetic acid,AA,20.0 mmol,20,mmol,,,,,,dimethylformamide,DMF,10 mL,10,,,,,100,1,120,120.0 °C,24,24.0 h,50 mL Pyrex reagent jar,,DMF,several times,,,,yellow needle-shaped crystals,,0.16 × 0.04 × 0.03 mm,,Fe(OH) 1D chain SBU,polynuclear cluster SBU,"a=6.8403(12), b=10.7142(18), c=10.7928(18) Å, P-1 (150 K)",,,not_reported,not_reported,,,10.1039/d1mh01663f,ok,,,,
10.1039/d1mh01663f,yes,"Screened modulator, time, temperature; some conditions gave amorphous/no solid; phase transformations observed.",an iron metal-organic framework with Fe3O 6-connected SBU; [FeCl4−] counterion in pores and acs topology built by organic linker terephthalic acid,MOF-235(Fe),"FeCl3 at 120 °C, 24 h: acetic acid (AA) at 20 eq gives amorphous; 30–50 eq diverts to MIL-88B(Fe). HCl gives MIL-53(Fe). With AA present at 120 °C no solid at 4 h. FeCl2 unmodulated gives MIL-101(Fe). Fe(NO3)3 at 150 °C, 72 h gives amorphous. Evidence: Fig. 2; text: “at 20 molar equivalents… no peaks”; Fig. 3; SI Fig. S11, S27, S28.","Across Fe–terephthalate syntheses (MOF-235(Fe), MIL-53(Fe), [Fe(DMF)(BDC)], [Fe3O(DMF)3(BDC)3][BF4], MIL-88B(Fe), Fe–BDC-Br), failures arise from modulator identity/loading, Fe-source/counterion, and time/temperature. We list explicit amorphous/no-solid and wrong-phase outcomes and boundary-implied non-working settings from the article and SI.",1,metal_1;modulator_1;time_h,FeCl2·4H2O,,1.0 mmol,1,mmol,,,,,,,,,,,terephthalic acid,H2BDC,1 mmol,1,mmol,,,,,,,,,,,acetic acid,AA,20.0 mmol,20,mmol,,,,,,dimethylformamide,DMF,10 mL,10,,,,,100,1,120,120 °C,4,4.0 h,50 mL Pyrex reagent jar,,"DMF, DCM",3× each,dried under vacuum overnight,,,,,,acs,Fe3O 6-connected SBU; [FeCl4−] counterion in pores,hexanuclear cluster SBU,,,,not_reported,not_reported,,,10.1039/d1mh01663f,ok,,,yes,original_reference_notes
10.1039/d1mh01663f,yes,"Screened modulator, time, temperature; some conditions gave amorphous/no solid; phase transformations observed.",an iron metal-organic framework with Fe3O 6-connected SBU; [FeCl4−] counterion in pores and acs topology built by organic linker terephthalic acid,MOF-235(Fe),"FeCl3 at 120 °C, 24 h: acetic acid (AA) at 20 eq gives amorphous; 30–50 eq diverts to MIL-88B(Fe). HCl gives MIL-53(Fe). With AA present at 120 °C no solid at 4 h. FeCl2 unmodulated gives MIL-101(Fe). Fe(NO3)3 at 150 °C, 72 h gives amorphous. Evidence: Fig. 2; text: “at 20 molar equivalents… no peaks”; Fig. 3; SI Fig. S11, S27, S28.","Across Fe–terephthalate syntheses (MOF-235(Fe), MIL-53(Fe), [Fe(DMF)(BDC)], [Fe3O(DMF)3(BDC)3][BF4], MIL-88B(Fe), Fe–BDC-Br), failures arise from modulator identity/loading, Fe-source/counterion, and time/temperature. We list explicit amorphous/no-solid and wrong-phase outcomes and boundary-implied non-working settings from the article and SI.",1,metal_1;modulator_1;time_h,FeCl2·4H2O,,1.0 mmol,1,mmol,,,,,,,,,,,terephthalic acid,H2BDC,1 mmol,1,mmol,,,,,,,,,,,hydrochloric acid,,1.0 mmol,1,mmol,,,,,,dimethylformamide,DMF,10 mL,10,,,,,100,1,120,120 °C,4,4.0 h,50 mL Pyrex reagent jar,,"DMF, DCM",3× each,dried under vacuum overnight,,,,,,acs,Fe3O 6-connected SBU; [FeCl4−] counterion in pores,hexanuclear cluster SBU,,,,not_reported,not_reported,,,10.1039/d1mh01663f,ok,,,yes,original_reference_notes
10.1016/j.ica.2012.01.011,yes,"Other diphosphonate/ligand combinations gave intractable microcrystalline mixtures; only L5 or L7 with 1,4-butylenediphosphonic acid yielded crystals.","a copper metal-organic framework with {Cu2Mo6O18(H2O)(O3P)2}n chain via Cu(II) linkers built by organic linkers 1,2-ethylenediphosphonic acid and N1,N1,N5,N5-tetrakis(2-pyridylmethyl)pentane-1,5-diamine",,"Against the L5/1,4-butylenediphosphonic acid base (success 2), replace the diphosphonate with 1,2-ethylenediphosphonic acid or 1,3-propylenediphosphonic acid. The text states only n=4 gave crystals; others gave intractable microcrystalline mixtures. Amounts carried from base.","Cu–Mo–diphosphonate frameworks formed only with 1,4-butylenediphosphonic acid and L5 or L7; other diphosphonate lengths (n=2–3) or nitrogen ligands (L4, L6, L8) gave intractable microcrystalline mixtures. Plans substitute these nonworking linkers against each successful base under the same hydrothermal HF conditions.",2,linker_1,Cu(CH3COO)2,,"0.046 g, 0.38 mmol",0.38,mmol,MoO3,,"0.130 g, 0.90 mmol",0.9,mmol,,,,,,"1,2-ethylenediphosphonic acid",,0.275 mmol,0.275,mmol,"N1,N1,N5,N5-tetrakis(2-pyridylmethyl)pentane-1,5-diamine",L5,"0.050 g, 0.107 mmol",0.107,mmol,,,,,,hydrofluoric acid (48 wt.% in H2O),HF,160 ?L,,,,,,,,water,H2O,10 mL,10,,,,,38,1.38,100,100 °C,48,48 h,Teflon-lined autoclave (23 mL PTFE-lined stainless steel container),static,,,,,,green needles,45,,,{Cu2Mo6O18(H2O)(O3P)2}n chain via Cu(II) linkers,1D rod SBU (coordination chain),"a=19.113(3) Å, b=18.617(3) Å, c=18.959(2) Å, Pnma",,,not_reported,not_reported,,,10.1016/j.ica.2012.01.011,ok,,,,
10.1016/j.ica.2012.01.011,yes,"Other diphosphonate/ligand combinations gave intractable microcrystalline mixtures; only L5 or L7 with 1,4-butylenediphosphonic acid yielded crystals.","a copper metal-organic framework with {Cu2Mo6O18(H2O)(O3P)2}n chain via Cu(II) linkers built by organic linkers 1,3-propylenediphosphonic acid and N1,N1,N5,N5-tetrakis(2-pyridylmethyl)pentane-1,5-diamine",,"Against the L5/1,4-butylenediphosphonic acid base (success 2), replace the diphosphonate with 1,2-ethylenediphosphonic acid or 1,3-propylenediphosphonic acid. The text states only n=4 gave crystals; others gave intractable microcrystalline mixtures. Amounts carried from base.","Cu–Mo–diphosphonate frameworks formed only with 1,4-butylenediphosphonic acid and L5 or L7; other diphosphonate lengths (n=2–3) or nitrogen ligands (L4, L6, L8) gave intractable microcrystalline mixtures. Plans substitute these nonworking linkers against each successful base under the same hydrothermal HF conditions.",2,linker_1,Cu(CH3COO)2,,"0.046 g, 0.38 mmol",0.38,mmol,MoO3,,"0.130 g, 0.90 mmol",0.9,mmol,,,,,,"1,3-propylenediphosphonic acid",,0.275 mmol,0.275,mmol,"N1,N1,N5,N5-tetrakis(2-pyridylmethyl)pentane-1,5-diamine",L5,"0.050 g, 0.107 mmol",0.107,mmol,,,,,,hydrofluoric acid (48 wt.% in H2O),HF,160 ?L,,,,,,,,water,H2O,10 mL,10,,,,,38,1.38,100,100 °C,48,48 h,Teflon-lined autoclave (23 mL PTFE-lined stainless steel container),static,,,,,,green needles,45,,,{Cu2Mo6O18(H2O)(O3P)2}n chain via Cu(II) linkers,1D rod SBU (coordination chain),"a=19.113(3) Å, b=18.617(3) Å, c=18.959(2) Å, Pnma",,,not_reported,not_reported,,,10.1016/j.ica.2012.01.011,ok,,,,
10.1016/j.ica.2012.01.011,yes,"Other diphosphonate/ligand combinations gave intractable microcrystalline mixtures; only L5 or L7 with 1,4-butylenediphosphonic acid yielded crystals.","a copper metal-organic framework with {Cu2Mo6O18(H2O)(O3P)2}n chain via Cu(II) linkers built by organic linkers 1,4-butylenediphosphonic acid and N1,N1,N4,N4-tetrakis(2-pyridylmethyl)butane-1,4-diamine",,"Against the L5/1,4-butylenediphosphonic acid base (success 2), substitute other Ln from the reported n=4–8 series (L4, L6, L8). Only L5 and L7 crystallized; other Ln gave intractable microcrystalline mixtures. Amounts for substitutes carried from the base per substitution allowance.","Cu–Mo–diphosphonate frameworks formed only with 1,4-butylenediphosphonic acid and L5 or L7; other diphosphonate lengths (n=2–3) or nitrogen ligands (L4, L6, L8) gave intractable microcrystalline mixtures. Plans substitute these nonworking linkers against each successful base under the same hydrothermal HF conditions.",2,linker_2,Cu(CH3COO)2,,"0.046 g, 0.38 mmol",0.38,mmol,MoO3,,"0.130 g, 0.90 mmol",0.9,mmol,,,,,,"1,4-butylenediphosphonic acid",,"0.060 g, 0.275 mmol",0.275,mmol,"N1,N1,N4,N4-tetrakis(2-pyridylmethyl)butane-1,4-diamine",L4,0.107 mmol,0.107,mmol,,,,,,hydrofluoric acid (48 wt.% in H2O),HF,160 ?L,,,,,,,,water,H2O,10 mL,10,,,,,38,1.38,100,100 °C,48,48 h,Teflon-lined autoclave (23 mL PTFE-lined stainless steel container),static,,,,,,green needles,45,,,{Cu2Mo6O18(H2O)(O3P)2}n chain via Cu(II) linkers,1D rod SBU (coordination chain),"a=19.113(3) Å, b=18.617(3) Å, c=18.959(2) Å, Pnma",,,not_reported,not_reported,,,10.1016/j.ica.2012.01.011,ok,,,,
10.1016/j.ica.2012.01.011,yes,"Other diphosphonate/ligand combinations gave intractable microcrystalline mixtures; only L5 or L7 with 1,4-butylenediphosphonic acid yielded crystals.","a copper metal-organic framework with {Cu2Mo6O18(H2O)(O3P)2}n chain via Cu(II) linkers built by organic linkers 1,4-butylenediphosphonic acid and N1,N1,N6,N6-tetrakis(2-pyridylmethyl)hexane-1,6-diamine",,"Against the L5/1,4-butylenediphosphonic acid base (success 2), substitute other Ln from the reported n=4–8 series (L4, L6, L8). Only L5 and L7 crystallized; other Ln gave intractable microcrystalline mixtures. Amounts for substitutes carried from the base per substitution allowance.","Cu–Mo–diphosphonate frameworks formed only with 1,4-butylenediphosphonic acid and L5 or L7; other diphosphonate lengths (n=2–3) or nitrogen ligands (L4, L6, L8) gave intractable microcrystalline mixtures. Plans substitute these nonworking linkers against each successful base under the same hydrothermal HF conditions.",2,linker_2,Cu(CH3COO)2,,"0.046 g, 0.38 mmol",0.38,mmol,MoO3,,"0.130 g, 0.90 mmol",0.9,mmol,,,,,,"1,4-butylenediphosphonic acid",,"0.060 g, 0.275 mmol",0.275,mmol,"N1,N1,N6,N6-tetrakis(2-pyridylmethyl)hexane-1,6-diamine",L6,0.107 mmol,0.107,mmol,,,,,,hydrofluoric acid (48 wt.% in H2O),HF,160 ?L,,,,,,,,water,H2O,10 mL,10,,,,,38,1.38,100,100 °C,48,48 h,Teflon-lined autoclave (23 mL PTFE-lined stainless steel container),static,,,,,,green needles,45,,,{Cu2Mo6O18(H2O)(O3P)2}n chain via Cu(II) linkers,1D rod SBU (coordination chain),"a=19.113(3) Å, b=18.617(3) Å, c=18.959(2) Å, Pnma",,,not_reported,not_reported,,,10.1016/j.ica.2012.01.011,ok,,,,
10.1016/j.ica.2012.01.011,yes,"Other diphosphonate/ligand combinations gave intractable microcrystalline mixtures; only L5 or L7 with 1,4-butylenediphosphonic acid yielded crystals.","a copper metal-organic framework with {Cu2Mo6O18(H2O)(O3P)2}n chain via Cu(II) linkers built by organic linkers 1,4-butylenediphosphonic acid and N1,N1,N8,N8-tetrakis(2-pyridylmethyl)octane-1,8-diamine",,"Against the L5/1,4-butylenediphosphonic acid base (success 2), substitute other Ln from the reported n=4–8 series (L4, L6, L8). Only L5 and L7 crystallized; other Ln gave intractable microcrystalline mixtures. Amounts for substitutes carried from the base per substitution allowance.","Cu–Mo–diphosphonate frameworks formed only with 1,4-butylenediphosphonic acid and L5 or L7; other diphosphonate lengths (n=2–3) or nitrogen ligands (L4, L6, L8) gave intractable microcrystalline mixtures. Plans substitute these nonworking linkers against each successful base under the same hydrothermal HF conditions.",2,linker_2,Cu(CH3COO)2,,"0.046 g, 0.38 mmol",0.38,mmol,MoO3,,"0.130 g, 0.90 mmol",0.9,mmol,,,,,,"1,4-butylenediphosphonic acid",,"0.060 g, 0.275 mmol",0.275,mmol,"N1,N1,N8,N8-tetrakis(2-pyridylmethyl)octane-1,8-diamine",L8,0.107 mmol,0.107,mmol,,,,,,hydrofluoric acid (48 wt.% in H2O),HF,160 ?L,,,,,,,,water,H2O,10 mL,10,,,,,38,1.38,100,100 °C,48,48 h,Teflon-lined autoclave (23 mL PTFE-lined stainless steel container),static,,,,,,green needles,45,,,{Cu2Mo6O18(H2O)(O3P)2}n chain via Cu(II) linkers,1D rod SBU (coordination chain),"a=19.113(3) Å, b=18.617(3) Å, c=18.959(2) Å, Pnma",,,not_reported,not_reported,,,10.1016/j.ica.2012.01.011,ok,,,,
10.1016/j.ica.2012.01.011,yes,"Other diphosphonate/ligand combinations gave intractable microcrystalline mixtures; only L5 or L7 with 1,4-butylenediphosphonic acid yielded crystals.","a copper metal-organic framework with {Cu2Mo5O15(O3P)2}n chain via Cu(II) linkers built by organic linkers 1,2-ethylenediphosphonic acid and N1,N1,N7,N7-tetrakis(2-pyridylmethyl)heptane-1,7-diamine",,"Against the L7/1,4-butylenediphosphonic acid base (success 1), replace the diphosphonate with the other investigated tether lengths (n=2 or 3): 1,2-ethylenediphosphonic acid or 1,3-propylenediphosphonic acid. The article reports only n=4 gave crystals; others produced intractable microcrystalline mixtures. Amounts carried from base.","Cu–Mo–diphosphonate frameworks formed only with 1,4-butylenediphosphonic acid and L5 or L7; other diphosphonate lengths (n=2–3) or nitrogen ligands (L4, L6, L8) gave intractable microcrystalline mixtures. Plans substitute these nonworking linkers against each successful base under the same hydrothermal HF conditions.",1,linker_1,Cu(CH3COO)2,,"0.046 g, 0.38 mmol",0.38,mmol,MoO3,,"0.130 g, 0.90 mmol",0.9,mmol,,,,,,"1,2-ethylenediphosphonic acid",,0.35 mmol,0.35,mmol,"N1,N1,N7,N7-tetrakis(2-pyridylmethyl)heptane-1,7-diamine",L7,"0.100 g, 0.20 mmol",0.2,mmol,,,,,,hydrofluoric acid (48 wt.% in H2O),HF,210 ?L,,,,,,,,water,H2O,10 mL,10,,,,,38,1.09,100,100 °C,48,48 h,Teflon-lined autoclave (23 mL PTFE-lined stainless steel container),static,,,,,,dark green crystals,38,,,{Cu2Mo5O15(O3P)2}n chain via Cu(II) linkers,1D rod SBU (coordination chain),"a=19.469(1) Å, b=22.026(1) Å, c=13.2319(7) Å, ?=117.7(1)°, C2/c",,,not_reported,not_reported,,,10.1016/j.ica.2012.01.011,ok,,,,
10.1016/j.ica.2012.01.011,yes,"Other diphosphonate/ligand combinations gave intractable microcrystalline mixtures; only L5 or L7 with 1,4-butylenediphosphonic acid yielded crystals.","a copper metal-organic framework with {Cu2Mo5O15(O3P)2}n chain via Cu(II) linkers built by organic linkers 1,3-propylenediphosphonic acid and N1,N1,N7,N7-tetrakis(2-pyridylmethyl)heptane-1,7-diamine",,"Against the L7/1,4-butylenediphosphonic acid base (success 1), replace the diphosphonate with the other investigated tether lengths (n=2 or 3): 1,2-ethylenediphosphonic acid or 1,3-propylenediphosphonic acid. The article reports only n=4 gave crystals; others produced intractable microcrystalline mixtures. Amounts carried from base.","Cu–Mo–diphosphonate frameworks formed only with 1,4-butylenediphosphonic acid and L5 or L7; other diphosphonate lengths (n=2–3) or nitrogen ligands (L4, L6, L8) gave intractable microcrystalline mixtures. Plans substitute these nonworking linkers against each successful base under the same hydrothermal HF conditions.",1,linker_1,Cu(CH3COO)2,,"0.046 g, 0.38 mmol",0.38,mmol,MoO3,,"0.130 g, 0.90 mmol",0.9,mmol,,,,,,"1,3-propylenediphosphonic acid",,0.35 mmol,0.35,mmol,"N1,N1,N7,N7-tetrakis(2-pyridylmethyl)heptane-1,7-diamine",L7,"0.100 g, 0.20 mmol",0.2,mmol,,,,,,hydrofluoric acid (48 wt.% in H2O),HF,210 ?L,,,,,,,,water,H2O,10 mL,10,,,,,38,1.09,100,100 °C,48,48 h,Teflon-lined autoclave (23 mL PTFE-lined stainless steel container),static,,,,,,dark green crystals,38,,,{Cu2Mo5O15(O3P)2}n chain via Cu(II) linkers,1D rod SBU (coordination chain),"a=19.469(1) Å, b=22.026(1) Å, c=13.2319(7) Å, ?=117.7(1)°, C2/c",,,not_reported,not_reported,,,10.1016/j.ica.2012.01.011,ok,,,,
10.1016/j.ica.2012.01.011,yes,"Other diphosphonate/ligand combinations gave intractable microcrystalline mixtures; only L5 or L7 with 1,4-butylenediphosphonic acid yielded crystals.","a copper metal-organic framework with {Cu2Mo5O15(O3P)2}n chain via Cu(II) linkers built by organic linkers 1,4-butylenediphosphonic acid and N1,N1,N4,N4-tetrakis(2-pyridylmethyl)butane-1,4-diamine",,"Against the L7/1,4-butylenediphosphonic acid base (success 1), substitute other Ln from the reported n=4–8 series (L4, L6, L8). The paper states only L5 and L7 yielded crystals; others gave intractable microcrystalline mixtures. Amounts for substitutes carried from the base per substitution allowance.","Cu–Mo–diphosphonate frameworks formed only with 1,4-butylenediphosphonic acid and L5 or L7; other diphosphonate lengths (n=2–3) or nitrogen ligands (L4, L6, L8) gave intractable microcrystalline mixtures. Plans substitute these nonworking linkers against each successful base under the same hydrothermal HF conditions.",1,linker_2,Cu(CH3COO)2,,"0.046 g, 0.38 mmol",0.38,mmol,MoO3,,"0.130 g, 0.90 mmol",0.9,mmol,,,,,,"1,4-butylenediphosphonic acid",,"0.076 g, 0.35 mmol",0.35,mmol,"N1,N1,N4,N4-tetrakis(2-pyridylmethyl)butane-1,4-diamine",L4,0.2 mmol,0.2,mmol,,,,,,hydrofluoric acid (48 wt.% in H2O),HF,210 ?L,,,,,,,,water,H2O,10 mL,10,,,,,38,1.09,100,100 °C,48,48 h,Teflon-lined autoclave (23 mL PTFE-lined stainless steel container),static,,,,,,dark green crystals,38,,,{Cu2Mo5O15(O3P)2}n chain via Cu(II) linkers,1D rod SBU (coordination chain),"a=19.469(1) Å, b=22.026(1) Å, c=13.2319(7) Å, ?=117.7(1)°, C2/c",,,not_reported,not_reported,,,10.1016/j.ica.2012.01.011,ok,,,,
10.1016/j.ica.2012.01.011,yes,"Other diphosphonate/ligand combinations gave intractable microcrystalline mixtures; only L5 or L7 with 1,4-butylenediphosphonic acid yielded crystals.","a copper metal-organic framework with {Cu2Mo5O15(O3P)2}n chain via Cu(II) linkers built by organic linkers 1,4-butylenediphosphonic acid and N1,N1,N6,N6-tetrakis(2-pyridylmethyl)hexane-1,6-diamine",,"Against the L7/1,4-butylenediphosphonic acid base (success 1), substitute other Ln from the reported n=4–8 series (L4, L6, L8). The paper states only L5 and L7 yielded crystals; others gave intractable microcrystalline mixtures. Amounts for substitutes carried from the base per substitution allowance.","Cu–Mo–diphosphonate frameworks formed only with 1,4-butylenediphosphonic acid and L5 or L7; other diphosphonate lengths (n=2–3) or nitrogen ligands (L4, L6, L8) gave intractable microcrystalline mixtures. Plans substitute these nonworking linkers against each successful base under the same hydrothermal HF conditions.",1,linker_2,Cu(CH3COO)2,,"0.046 g, 0.38 mmol",0.38,mmol,MoO3,,"0.130 g, 0.90 mmol",0.9,mmol,,,,,,"1,4-butylenediphosphonic acid",,"0.076 g, 0.35 mmol",0.35,mmol,"N1,N1,N6,N6-tetrakis(2-pyridylmethyl)hexane-1,6-diamine",L6,0.2 mmol,0.2,mmol,,,,,,hydrofluoric acid (48 wt.% in H2O),HF,210 ?L,,,,,,,,water,H2O,10 mL,10,,,,,38,1.09,100,100 °C,48,48 h,Teflon-lined autoclave (23 mL PTFE-lined stainless steel container),static,,,,,,dark green crystals,38,,,{Cu2Mo5O15(O3P)2}n chain via Cu(II) linkers,1D rod SBU (coordination chain),"a=19.469(1) Å, b=22.026(1) Å, c=13.2319(7) Å, ?=117.7(1)°, C2/c",,,not_reported,not_reported,,,10.1016/j.ica.2012.01.011,ok,,,,
10.1016/j.ica.2012.01.011,yes,"Other diphosphonate/ligand combinations gave intractable microcrystalline mixtures; only L5 or L7 with 1,4-butylenediphosphonic acid yielded crystals.","a copper metal-organic framework with {Cu2Mo5O15(O3P)2}n chain via Cu(II) linkers built by organic linkers 1,4-butylenediphosphonic acid and N1,N1,N8,N8-tetrakis(2-pyridylmethyl)octane-1,8-diamine",,"Against the L7/1,4-butylenediphosphonic acid base (success 1), substitute other Ln from the reported n=4–8 series (L4, L6, L8). The paper states only L5 and L7 yielded crystals; others gave intractable microcrystalline mixtures. Amounts for substitutes carried from the base per substitution allowance.","Cu–Mo–diphosphonate frameworks formed only with 1,4-butylenediphosphonic acid and L5 or L7; other diphosphonate lengths (n=2–3) or nitrogen ligands (L4, L6, L8) gave intractable microcrystalline mixtures. Plans substitute these nonworking linkers against each successful base under the same hydrothermal HF conditions.",1,linker_2,Cu(CH3COO)2,,"0.046 g, 0.38 mmol",0.38,mmol,MoO3,,"0.130 g, 0.90 mmol",0.9,mmol,,,,,,"1,4-butylenediphosphonic acid",,"0.076 g, 0.35 mmol",0.35,mmol,"N1,N1,N8,N8-tetrakis(2-pyridylmethyl)octane-1,8-diamine",L8,0.2 mmol,0.2,mmol,,,,,,hydrofluoric acid (48 wt.% in H2O),HF,210 ?L,,,,,,,,water,H2O,10 mL,10,,,,,38,1.09,100,100 °C,48,48 h,Teflon-lined autoclave (23 mL PTFE-lined stainless steel container),static,,,,,,dark green crystals,38,,,{Cu2Mo5O15(O3P)2}n chain via Cu(II) linkers,1D rod SBU (coordination chain),"a=19.469(1) Å, b=22.026(1) Å, c=13.2319(7) Å, ?=117.7(1)°, C2/c",,,not_reported,not_reported,,,10.1016/j.ica.2012.01.011,ok,,,,
10.1039/b713705b,yes,"Solvo-/hydrothermal screenings with varied solvents, times, temperatures, and cooling gave only amorphous solids.","a copper metal-organic framework with Cu(II) square pyramidal; 3-connected Cu nodes with 6-connected PTMHC; two interpenetrating pcu nets cross-linked by bipy built by organic linkers hexacarboxylic polychlorotriphenylmethyl radical and 4,4'-bipyridine",,"Failed solvo-/hydrothermal screening prior to adopting room?temperature slow diffusion for 1: authors state that varying solvent mixtures, reaction times, temperatures and cooling rates always gave amorphous solids. Represented with estimated, representative values: temperatures 100/140/180 °C and times 12/48 h; solvent mixtures H2O/THF and H2O/EtOH (solvents used elsewhere in this paper). Cooling-rate variation not representable in schema. Lists trimmed to satisfy the ?12 ceiling for estimated-dimension combinations.","Solvo-/hydrothermal screens for the Cu–PTMHC–bipy framework (1) using varied solvent mixtures, temperatures, times and cooling rates gave only amorphous solids before room?temperature slow diffusion succeeded. Plans reflect those failed thermal conditions against the successful recipe.",1,solvent_main;solvent_secondary;temperature_c;time_h,Cu2(MeCOO)4·2H2O,,"0.038 g, 0.095 mmol",0.095,mmol,,,,,,,,,,,hexacarboxylic polychlorotriphenylmethyl radical,PTMHC,"0.05 g, 0.063 mmol",0.063,mmol,"4,4'-bipyridine",bipy,"0.030 g, 0.20 mmol",0.2,mmol,,,,,,,,,,,,,,,,water,H2O,10.0 mL,10,tetrahydrofuran,THF,10.0 mL,10,10,1.51,100,100 °C,12,12.0 h,,static,,,,,,dark red crystals,29,,,Cu(II) square pyramidal; 3-connected Cu nodes with 6-connected PTMHC; two interpenetrating pcu nets cross-linked by bipy,trinuclear cluster SBU,"a=22.3534(4) Å, c=41.1462(3) Å, R-3c (Trigonal)",,,not_reported,not_reported,,,10.1039/b713705b,ok,,,,
10.1039/b713705b,yes,"Solvo-/hydrothermal screenings with varied solvents, times, temperatures, and cooling gave only amorphous solids.","a copper metal-organic framework with Cu(II) square pyramidal; 3-connected Cu nodes with 6-connected PTMHC; two interpenetrating pcu nets cross-linked by bipy built by organic linkers hexacarboxylic polychlorotriphenylmethyl radical and 4,4'-bipyridine",,"Failed solvo-/hydrothermal screening prior to adopting room?temperature slow diffusion for 1: authors state that varying solvent mixtures, reaction times, temperatures and cooling rates always gave amorphous solids. Represented with estimated, representative values: temperatures 100/140/180 °C and times 12/48 h; solvent mixtures H2O/THF and H2O/EtOH (solvents used elsewhere in this paper). Cooling-rate variation not representable in schema. Lists trimmed to satisfy the ?12 ceiling for estimated-dimension combinations.","Solvo-/hydrothermal screens for the Cu–PTMHC–bipy framework (1) using varied solvent mixtures, temperatures, times and cooling rates gave only amorphous solids before room?temperature slow diffusion succeeded. Plans reflect those failed thermal conditions against the successful recipe.",1,solvent_main;solvent_secondary;temperature_c;time_h,Cu2(MeCOO)4·2H2O,,"0.038 g, 0.095 mmol",0.095,mmol,,,,,,,,,,,hexacarboxylic polychlorotriphenylmethyl radical,PTMHC,"0.05 g, 0.063 mmol",0.063,mmol,"4,4'-bipyridine",bipy,"0.030 g, 0.20 mmol",0.2,mmol,,,,,,,,,,,,,,,,water,H2O,10.0 mL,10,tetrahydrofuran,THF,10.0 mL,10,10,1.51,100,100 °C,48,48.0 h,,static,,,,,,dark red crystals,29,,,Cu(II) square pyramidal; 3-connected Cu nodes with 6-connected PTMHC; two interpenetrating pcu nets cross-linked by bipy,trinuclear cluster SBU,"a=22.3534(4) Å, c=41.1462(3) Å, R-3c (Trigonal)",,,not_reported,not_reported,,,10.1039/b713705b,ok,,,,
10.1039/b713705b,yes,"Solvo-/hydrothermal screenings with varied solvents, times, temperatures, and cooling gave only amorphous solids.","a copper metal-organic framework with Cu(II) square pyramidal; 3-connected Cu nodes with 6-connected PTMHC; two interpenetrating pcu nets cross-linked by bipy built by organic linkers hexacarboxylic polychlorotriphenylmethyl radical and 4,4'-bipyridine",,"Failed solvo-/hydrothermal screening prior to adopting room?temperature slow diffusion for 1: authors state that varying solvent mixtures, reaction times, temperatures and cooling rates always gave amorphous solids. Represented with estimated, representative values: temperatures 100/140/180 °C and times 12/48 h; solvent mixtures H2O/THF and H2O/EtOH (solvents used elsewhere in this paper). Cooling-rate variation not representable in schema. Lists trimmed to satisfy the ?12 ceiling for estimated-dimension combinations.","Solvo-/hydrothermal screens for the Cu–PTMHC–bipy framework (1) using varied solvent mixtures, temperatures, times and cooling rates gave only amorphous solids before room?temperature slow diffusion succeeded. Plans reflect those failed thermal conditions against the successful recipe.",1,solvent_main;solvent_secondary;temperature_c;time_h,Cu2(MeCOO)4·2H2O,,"0.038 g, 0.095 mmol",0.095,mmol,,,,,,,,,,,hexacarboxylic polychlorotriphenylmethyl radical,PTMHC,"0.05 g, 0.063 mmol",0.063,mmol,"4,4'-bipyridine",bipy,"0.030 g, 0.20 mmol",0.2,mmol,,,,,,,,,,,,,,,,water,H2O,10.0 mL,10,ethanol,EtOH,10.0 mL,10,10,1.51,100,100 °C,12,12.0 h,,static,,,,,,dark red crystals,29,,,Cu(II) square pyramidal; 3-connected Cu nodes with 6-connected PTMHC; two interpenetrating pcu nets cross-linked by bipy,trinuclear cluster SBU,"a=22.3534(4) Å, c=41.1462(3) Å, R-3c (Trigonal)",,,not_reported,not_reported,,,10.1039/b713705b,ok,,,,
10.1039/b713705b,yes,"Solvo-/hydrothermal screenings with varied solvents, times, temperatures, and cooling gave only amorphous solids.","a copper metal-organic framework with Cu(II) square pyramidal; 3-connected Cu nodes with 6-connected PTMHC; two interpenetrating pcu nets cross-linked by bipy built by organic linkers hexacarboxylic polychlorotriphenylmethyl radical and 4,4'-bipyridine",,"Failed solvo-/hydrothermal screening prior to adopting room?temperature slow diffusion for 1: authors state that varying solvent mixtures, reaction times, temperatures and cooling rates always gave amorphous solids. Represented with estimated, representative values: temperatures 100/140/180 °C and times 12/48 h; solvent mixtures H2O/THF and H2O/EtOH (solvents used elsewhere in this paper). Cooling-rate variation not representable in schema. Lists trimmed to satisfy the ?12 ceiling for estimated-dimension combinations.","Solvo-/hydrothermal screens for the Cu–PTMHC–bipy framework (1) using varied solvent mixtures, temperatures, times and cooling rates gave only amorphous solids before room?temperature slow diffusion succeeded. Plans reflect those failed thermal conditions against the successful recipe.",1,solvent_main;solvent_secondary;temperature_c;time_h,Cu2(MeCOO)4·2H2O,,"0.038 g, 0.095 mmol",0.095,mmol,,,,,,,,,,,hexacarboxylic polychlorotriphenylmethyl radical,PTMHC,"0.05 g, 0.063 mmol",0.063,mmol,"4,4'-bipyridine",bipy,"0.030 g, 0.20 mmol",0.2,mmol,,,,,,,,,,,,,,,,water,H2O,10.0 mL,10,ethanol,EtOH,10.0 mL,10,10,1.51,100,100 °C,48,48.0 h,,static,,,,,,dark red crystals,29,,,Cu(II) square pyramidal; 3-connected Cu nodes with 6-connected PTMHC; two interpenetrating pcu nets cross-linked by bipy,trinuclear cluster SBU,"a=22.3534(4) Å, c=41.1462(3) Å, R-3c (Trigonal)",,,not_reported,not_reported,,,10.1039/b713705b,ok,,,,
10.1021/ic000209d,yes,Other trivalent lanthanide analogues were not successful.,"a lanthanum metal-organic framework with Er(III) 9-coordinate; carboxylate-bridged built by organic linker cis,cis-1,3,5-cyclohexanetricarboxylic acid",[Er(C9H9O6)(H2O)2]·2.5H2O,"Paper states other trivalent lanthanide analogues could not be synthesized. Represented as substituting Er(NO3)3·5H2O with representative Ln(III) nitrate hydrates at the same molar amount under the same hydrothermal conditions (water, 170 °C, 24 h). Class-level substitution per allowance; amounts carried from base.",Target [Er(C9H9O6)(H2O)2]·2.5H2O was made hydrothermally in water. Authors report attempts with other trivalent lanthanides were unsuccessful; post-synthesis dehydration gave amorphous/altered phases (excluded). Negative plan represents Ln(III) substitutions under the same hydrothermal recipe using representative nitrate salts.,1,metal_1,La(NO3)3·6H2O,,0.8 mmol,0.8,mmol,,,,,,,,,,,"cis,cis-1,3,5-cyclohexanetricarboxylic acid",H3CTC,"0.216 g, 1.0 mmol",1,mmol,,,,,,,,,,,,,,,,,,,,,water,H2O,15 mL,15,,,,,53,0.8,170,170 °C,24,24 h,Teflon-lined Parr bomb,static,"water, ethanol, acetone",thoroughly,air-dried,,,"large, pink crystals",80,0.12 × 0.10 × 0.04 mm,,Er(III) 9-coordinate; carboxylate-bridged,3D multinodal connectivity,"a=13.4186(2) Å, b=12.2468(2) Å, c=15.9193(3) Å, ?=92.1430(10)°, C 2/c",4.7,,not_reported,not_reported,480,,10.1021/ic000209d,ok,,,,
10.1021/ic000209d,yes,Other trivalent lanthanide analogues were not successful.,"a cerium metal-organic framework with Er(III) 9-coordinate; carboxylate-bridged built by organic linker cis,cis-1,3,5-cyclohexanetricarboxylic acid",[Er(C9H9O6)(H2O)2]·2.5H2O,"Paper states other trivalent lanthanide analogues could not be synthesized. Represented as substituting Er(NO3)3·5H2O with representative Ln(III) nitrate hydrates at the same molar amount under the same hydrothermal conditions (water, 170 °C, 24 h). Class-level substitution per allowance; amounts carried from base.",Target [Er(C9H9O6)(H2O)2]·2.5H2O was made hydrothermally in water. Authors report attempts with other trivalent lanthanides were unsuccessful; post-synthesis dehydration gave amorphous/altered phases (excluded). Negative plan represents Ln(III) substitutions under the same hydrothermal recipe using representative nitrate salts.,1,metal_1,Ce(NO3)3·6H2O,,0.8 mmol,0.8,mmol,,,,,,,,,,,"cis,cis-1,3,5-cyclohexanetricarboxylic acid",H3CTC,"0.216 g, 1.0 mmol",1,mmol,,,,,,,,,,,,,,,,,,,,,water,H2O,15 mL,15,,,,,53,0.8,170,170 °C,24,24 h,Teflon-lined Parr bomb,static,"water, ethanol, acetone",thoroughly,air-dried,,,"large, pink crystals",80,0.12 × 0.10 × 0.04 mm,,Er(III) 9-coordinate; carboxylate-bridged,3D multinodal connectivity,"a=13.4186(2) Å, b=12.2468(2) Å, c=15.9193(3) Å, ?=92.1430(10)°, C 2/c",4.7,,not_reported,not_reported,480,,10.1021/ic000209d,ok,,,,
10.1021/ic000209d,yes,Other trivalent lanthanide analogues were not successful.,"a praseodymium metal-organic framework with Er(III) 9-coordinate; carboxylate-bridged built by organic linker cis,cis-1,3,5-cyclohexanetricarboxylic acid",[Er(C9H9O6)(H2O)2]·2.5H2O,"Paper states other trivalent lanthanide analogues could not be synthesized. Represented as substituting Er(NO3)3·5H2O with representative Ln(III) nitrate hydrates at the same molar amount under the same hydrothermal conditions (water, 170 °C, 24 h). Class-level substitution per allowance; amounts carried from base.",Target [Er(C9H9O6)(H2O)2]·2.5H2O was made hydrothermally in water. Authors report attempts with other trivalent lanthanides were unsuccessful; post-synthesis dehydration gave amorphous/altered phases (excluded). Negative plan represents Ln(III) substitutions under the same hydrothermal recipe using representative nitrate salts.,1,metal_1,Pr(NO3)3·6H2O,,0.8 mmol,0.8,mmol,,,,,,,,,,,"cis,cis-1,3,5-cyclohexanetricarboxylic acid",H3CTC,"0.216 g, 1.0 mmol",1,mmol,,,,,,,,,,,,,,,,,,,,,water,H2O,15 mL,15,,,,,53,0.8,170,170 °C,24,24 h,Teflon-lined Parr bomb,static,"water, ethanol, acetone",thoroughly,air-dried,,,"large, pink crystals",80,0.12 × 0.10 × 0.04 mm,,Er(III) 9-coordinate; carboxylate-bridged,3D multinodal connectivity,"a=13.4186(2) Å, b=12.2468(2) Å, c=15.9193(3) Å, ?=92.1430(10)°, C 2/c",4.7,,not_reported,not_reported,480,,10.1021/ic000209d,ok,,,,
10.1021/ic000209d,yes,Other trivalent lanthanide analogues were not successful.,"a neodymium metal-organic framework with Er(III) 9-coordinate; carboxylate-bridged built by organic linker cis,cis-1,3,5-cyclohexanetricarboxylic acid",[Er(C9H9O6)(H2O)2]·2.5H2O,"Paper states other trivalent lanthanide analogues could not be synthesized. Represented as substituting Er(NO3)3·5H2O with representative Ln(III) nitrate hydrates at the same molar amount under the same hydrothermal conditions (water, 170 °C, 24 h). Class-level substitution per allowance; amounts carried from base.",Target [Er(C9H9O6)(H2O)2]·2.5H2O was made hydrothermally in water. Authors report attempts with other trivalent lanthanides were unsuccessful; post-synthesis dehydration gave amorphous/altered phases (excluded). Negative plan represents Ln(III) substitutions under the same hydrothermal recipe using representative nitrate salts.,1,metal_1,Nd(NO3)3·6H2O,,0.8 mmol,0.8,mmol,,,,,,,,,,,"cis,cis-1,3,5-cyclohexanetricarboxylic acid",H3CTC,"0.216 g, 1.0 mmol",1,mmol,,,,,,,,,,,,,,,,,,,,,water,H2O,15 mL,15,,,,,53,0.8,170,170 °C,24,24 h,Teflon-lined Parr bomb,static,"water, ethanol, acetone",thoroughly,air-dried,,,"large, pink crystals",80,0.12 × 0.10 × 0.04 mm,,Er(III) 9-coordinate; carboxylate-bridged,3D multinodal connectivity,"a=13.4186(2) Å, b=12.2468(2) Å, c=15.9193(3) Å, ?=92.1430(10)°, C 2/c",4.7,,not_reported,not_reported,480,,10.1021/ic000209d,ok,,,,
10.1021/ic000209d,yes,Other trivalent lanthanide analogues were not successful.,"a samarium metal-organic framework with Er(III) 9-coordinate; carboxylate-bridged built by organic linker cis,cis-1,3,5-cyclohexanetricarboxylic acid",[Er(C9H9O6)(H2O)2]·2.5H2O,"Paper states other trivalent lanthanide analogues could not be synthesized. Represented as substituting Er(NO3)3·5H2O with representative Ln(III) nitrate hydrates at the same molar amount under the same hydrothermal conditions (water, 170 °C, 24 h). Class-level substitution per allowance; amounts carried from base.",Target [Er(C9H9O6)(H2O)2]·2.5H2O was made hydrothermally in water. Authors report attempts with other trivalent lanthanides were unsuccessful; post-synthesis dehydration gave amorphous/altered phases (excluded). Negative plan represents Ln(III) substitutions under the same hydrothermal recipe using representative nitrate salts.,1,metal_1,Sm(NO3)3·6H2O,,0.8 mmol,0.8,mmol,,,,,,,,,,,"cis,cis-1,3,5-cyclohexanetricarboxylic acid",H3CTC,"0.216 g, 1.0 mmol",1,mmol,,,,,,,,,,,,,,,,,,,,,water,H2O,15 mL,15,,,,,53,0.8,170,170 °C,24,24 h,Teflon-lined Parr bomb,static,"water, ethanol, acetone",thoroughly,air-dried,,,"large, pink crystals",80,0.12 × 0.10 × 0.04 mm,,Er(III) 9-coordinate; carboxylate-bridged,3D multinodal connectivity,"a=13.4186(2) Å, b=12.2468(2) Å, c=15.9193(3) Å, ?=92.1430(10)°, C 2/c",4.7,,not_reported,not_reported,480,,10.1021/ic000209d,ok,,,,
10.1021/ic000209d,yes,Other trivalent lanthanide analogues were not successful.,"a europium metal-organic framework with Er(III) 9-coordinate; carboxylate-bridged built by organic linker cis,cis-1,3,5-cyclohexanetricarboxylic acid",[Er(C9H9O6)(H2O)2]·2.5H2O,"Paper states other trivalent lanthanide analogues could not be synthesized. Represented as substituting Er(NO3)3·5H2O with representative Ln(III) nitrate hydrates at the same molar amount under the same hydrothermal conditions (water, 170 °C, 24 h). Class-level substitution per allowance; amounts carried from base.",Target [Er(C9H9O6)(H2O)2]·2.5H2O was made hydrothermally in water. Authors report attempts with other trivalent lanthanides were unsuccessful; post-synthesis dehydration gave amorphous/altered phases (excluded). Negative plan represents Ln(III) substitutions under the same hydrothermal recipe using representative nitrate salts.,1,metal_1,Eu(NO3)3·6H2O,,0.8 mmol,0.8,mmol,,,,,,,,,,,"cis,cis-1,3,5-cyclohexanetricarboxylic acid",H3CTC,"0.216 g, 1.0 mmol",1,mmol,,,,,,,,,,,,,,,,,,,,,water,H2O,15 mL,15,,,,,53,0.8,170,170 °C,24,24 h,Teflon-lined Parr bomb,static,"water, ethanol, acetone",thoroughly,air-dried,,,"large, pink crystals",80,0.12 × 0.10 × 0.04 mm,,Er(III) 9-coordinate; carboxylate-bridged,3D multinodal connectivity,"a=13.4186(2) Å, b=12.2468(2) Å, c=15.9193(3) Å, ?=92.1430(10)°, C 2/c",4.7,,not_reported,not_reported,480,,10.1021/ic000209d,ok,,,,
10.1021/ic000209d,yes,Other trivalent lanthanide analogues were not successful.,"a gadolinium metal-organic framework with Er(III) 9-coordinate; carboxylate-bridged built by organic linker cis,cis-1,3,5-cyclohexanetricarboxylic acid",[Er(C9H9O6)(H2O)2]·2.5H2O,"Paper states other trivalent lanthanide analogues could not be synthesized. Represented as substituting Er(NO3)3·5H2O with representative Ln(III) nitrate hydrates at the same molar amount under the same hydrothermal conditions (water, 170 °C, 24 h). Class-level substitution per allowance; amounts carried from base.",Target [Er(C9H9O6)(H2O)2]·2.5H2O was made hydrothermally in water. Authors report attempts with other trivalent lanthanides were unsuccessful; post-synthesis dehydration gave amorphous/altered phases (excluded). Negative plan represents Ln(III) substitutions under the same hydrothermal recipe using representative nitrate salts.,1,metal_1,Gd(NO3)3·6H2O,,0.8 mmol,0.8,mmol,,,,,,,,,,,"cis,cis-1,3,5-cyclohexanetricarboxylic acid",H3CTC,"0.216 g, 1.0 mmol",1,mmol,,,,,,,,,,,,,,,,,,,,,water,H2O,15 mL,15,,,,,53,0.8,170,170 °C,24,24 h,Teflon-lined Parr bomb,static,"water, ethanol, acetone",thoroughly,air-dried,,,"large, pink crystals",80,0.12 × 0.10 × 0.04 mm,,Er(III) 9-coordinate; carboxylate-bridged,3D multinodal connectivity,"a=13.4186(2) Å, b=12.2468(2) Å, c=15.9193(3) Å, ?=92.1430(10)°, C 2/c",4.7,,not_reported,not_reported,480,,10.1021/ic000209d,ok,,,,
10.1021/ic000209d,yes,Other trivalent lanthanide analogues were not successful.,"a terbium metal-organic framework with Er(III) 9-coordinate; carboxylate-bridged built by organic linker cis,cis-1,3,5-cyclohexanetricarboxylic acid",[Er(C9H9O6)(H2O)2]·2.5H2O,"Paper states other trivalent lanthanide analogues could not be synthesized. Represented as substituting Er(NO3)3·5H2O with representative Ln(III) nitrate hydrates at the same molar amount under the same hydrothermal conditions (water, 170 °C, 24 h). Class-level substitution per allowance; amounts carried from base.",Target [Er(C9H9O6)(H2O)2]·2.5H2O was made hydrothermally in water. Authors report attempts with other trivalent lanthanides were unsuccessful; post-synthesis dehydration gave amorphous/altered phases (excluded). Negative plan represents Ln(III) substitutions under the same hydrothermal recipe using representative nitrate salts.,1,metal_1,Tb(NO3)3·6H2O,,0.8 mmol,0.8,mmol,,,,,,,,,,,"cis,cis-1,3,5-cyclohexanetricarboxylic acid",H3CTC,"0.216 g, 1.0 mmol",1,mmol,,,,,,,,,,,,,,,,,,,,,water,H2O,15 mL,15,,,,,53,0.8,170,170 °C,24,24 h,Teflon-lined Parr bomb,static,"water, ethanol, acetone",thoroughly,air-dried,,,"large, pink crystals",80,0.12 × 0.10 × 0.04 mm,,Er(III) 9-coordinate; carboxylate-bridged,3D multinodal connectivity,"a=13.4186(2) Å, b=12.2468(2) Å, c=15.9193(3) Å, ?=92.1430(10)°, C 2/c",4.7,,not_reported,not_reported,480,,10.1021/ic000209d,ok,,,,
10.1021/ic000209d,yes,Other trivalent lanthanide analogues were not successful.,"a dysprosium metal-organic framework with Er(III) 9-coordinate; carboxylate-bridged built by organic linker cis,cis-1,3,5-cyclohexanetricarboxylic acid",[Er(C9H9O6)(H2O)2]·2.5H2O,"Paper states other trivalent lanthanide analogues could not be synthesized. Represented as substituting Er(NO3)3·5H2O with representative Ln(III) nitrate hydrates at the same molar amount under the same hydrothermal conditions (water, 170 °C, 24 h). Class-level substitution per allowance; amounts carried from base.",Target [Er(C9H9O6)(H2O)2]·2.5H2O was made hydrothermally in water. Authors report attempts with other trivalent lanthanides were unsuccessful; post-synthesis dehydration gave amorphous/altered phases (excluded). Negative plan represents Ln(III) substitutions under the same hydrothermal recipe using representative nitrate salts.,1,metal_1,Dy(NO3)3·6H2O,,0.8 mmol,0.8,mmol,,,,,,,,,,,"cis,cis-1,3,5-cyclohexanetricarboxylic acid",H3CTC,"0.216 g, 1.0 mmol",1,mmol,,,,,,,,,,,,,,,,,,,,,water,H2O,15 mL,15,,,,,53,0.8,170,170 °C,24,24 h,Teflon-lined Parr bomb,static,"water, ethanol, acetone",thoroughly,air-dried,,,"large, pink crystals",80,0.12 × 0.10 × 0.04 mm,,Er(III) 9-coordinate; carboxylate-bridged,3D multinodal connectivity,"a=13.4186(2) Å, b=12.2468(2) Å, c=15.9193(3) Å, ?=92.1430(10)°, C 2/c",4.7,,not_reported,not_reported,480,,10.1021/ic000209d,ok,,,,
10.1021/ic000209d,yes,Other trivalent lanthanide analogues were not successful.,"an ytterbium metal-organic framework with Er(III) 9-coordinate; carboxylate-bridged built by organic linker cis,cis-1,3,5-cyclohexanetricarboxylic acid",[Er(C9H9O6)(H2O)2]·2.5H2O,"Paper states other trivalent lanthanide analogues could not be synthesized. Represented as substituting Er(NO3)3·5H2O with representative Ln(III) nitrate hydrates at the same molar amount under the same hydrothermal conditions (water, 170 °C, 24 h). Class-level substitution per allowance; amounts carried from base.",Target [Er(C9H9O6)(H2O)2]·2.5H2O was made hydrothermally in water. Authors report attempts with other trivalent lanthanides were unsuccessful; post-synthesis dehydration gave amorphous/altered phases (excluded). Negative plan represents Ln(III) substitutions under the same hydrothermal recipe using representative nitrate salts.,1,metal_1,Yb(NO3)3·6H2O,,0.8 mmol,0.8,mmol,,,,,,,,,,,"cis,cis-1,3,5-cyclohexanetricarboxylic acid",H3CTC,"0.216 g, 1.0 mmol",1,mmol,,,,,,,,,,,,,,,,,,,,,water,H2O,15 mL,15,,,,,53,0.8,170,170 °C,24,24 h,Teflon-lined Parr bomb,static,"water, ethanol, acetone",thoroughly,air-dried,,,"large, pink crystals",80,0.12 × 0.10 × 0.04 mm,,Er(III) 9-coordinate; carboxylate-bridged,3D multinodal connectivity,"a=13.4186(2) Å, b=12.2468(2) Å, c=15.9193(3) Å, ?=92.1430(10)°, C 2/c",4.7,,not_reported,not_reported,480,,10.1021/ic000209d,ok,,,,
10.1002/ejic.201301010,yes,CeIII and PrIII attempts yielded formate/unknown phases; pure phase analogues unsuccessful.,"a cerium metal-organic framework with rodlike metal–carboxylate double chain SBU; 8-coordinate MO8 built by organic linker 2,2'-bipyridine-5,5'-dicarboxylate",[Y2(bpdc)3(H2O)4],"Substitute the metal salt in the Y(bpdc) solvothermal recipe (DMF/H2O 1:1, 120 °C, 72 h) with early-lanthanide nitrates. The paper states that CeIII and PrIII gave a formate phase or mixtures with formate, and pure-phase Ce/Pr analogues could not be obtained. Same outcome for both metals, bundled per single-axis rule. Metal amounts carried over from base.","Early-lanthanide analogues (CeIII, PrIII) did not give the bpdc framework under solvothermal DMF/H2O; instead formate phases/mixtures formed and pure-phase analogues were not obtained. Represented as metal-identity substitutions against the Y(bpdc) base recipe.",1,metal_1,Ce(NO3)3,Ce(NO3)3·xH2O,0.12 mmol,0.12,mmol,,,,,,,,,,,"2,2'-bipyridine-5,5'-dicarboxylate",bpdc,44 mg (0.18 mmol),0.18,mmol,,,,,,,,,,,,,,,,,,,,,dimethylformamide,DMF,"6 mL (from DMF/H2O 1:1, total 12 mL)",6,water,H2O,"6 mL (from DMF/H2O 1:1, total 12 mL)",6,20,0.67,120,120 °C,72,72 h,Teflon-lined autoclave,"stirred 30 min at RT, then heated (static)",H2O,,,,,pale green crystals,60.4,,,rodlike metal–carboxylate double chain SBU; 8-coordinate MO8,Mo8 POM cluster SBU,,,,not_reported,not_reported,580,luminescence,10.1002/ejic.201301010,ok,,,,
10.1002/ejic.201301010,yes,CeIII and PrIII attempts yielded formate/unknown phases; pure phase analogues unsuccessful.,"a praseodymium metal-organic framework with rodlike metal–carboxylate double chain SBU; 8-coordinate MO8 built by organic linker 2,2'-bipyridine-5,5'-dicarboxylate",[Y2(bpdc)3(H2O)4],"Substitute the metal salt in the Y(bpdc) solvothermal recipe (DMF/H2O 1:1, 120 °C, 72 h) with early-lanthanide nitrates. The paper states that CeIII and PrIII gave a formate phase or mixtures with formate, and pure-phase Ce/Pr analogues could not be obtained. Same outcome for both metals, bundled per single-axis rule. Metal amounts carried over from base.","Early-lanthanide analogues (CeIII, PrIII) did not give the bpdc framework under solvothermal DMF/H2O; instead formate phases/mixtures formed and pure-phase analogues were not obtained. Represented as metal-identity substitutions against the Y(bpdc) base recipe.",1,metal_1,Pr(NO3)3,Pr(NO3)3·xH2O,0.12 mmol,0.12,mmol,,,,,,,,,,,"2,2'-bipyridine-5,5'-dicarboxylate",bpdc,44 mg (0.18 mmol),0.18,mmol,,,,,,,,,,,,,,,,,,,,,dimethylformamide,DMF,"6 mL (from DMF/H2O 1:1, total 12 mL)",6,water,H2O,"6 mL (from DMF/H2O 1:1, total 12 mL)",6,20,0.67,120,120 °C,72,72 h,Teflon-lined autoclave,"stirred 30 min at RT, then heated (static)",H2O,,,,,pale green crystals,60.4,,,rodlike metal–carboxylate double chain SBU; 8-coordinate MO8,Mo8 POM cluster SBU,,,,not_reported,not_reported,580,luminescence,10.1002/ejic.201301010,ok,,,,
10.1002/anie.202000299,yes,"Additives without histidine (e.g., PEG, PVA, PVP, antibiotics, SiO2, Fe3O4) or histidine-free rGST failed to give ZPF-1; DIA-1 formed instead.",a zinc metal-organic framework with sod topology built by organic linker pyrimidin-2-ol,ZPF-1,Substitute histidine with L-aspartic acid or L-cysteine in the ZPF-1(His) aqueous RT procedure (Success 2). SI Fig. S9 states “aspartic acid and cysteine do not precipitate to form solid product.” Amounts for substitutes taken equal to base histidine (4.44 mg) per one-for-one substitution practice.,Negative conditions targeting ZPF-1: non-histidine amino acids failed (no precipitate or no reaction). Controls lacking histidine (histidine-free proteins/macromolecules) produced DIA-1 (identified alternate; excluded). Low BSA loading gave mixed DIA-1/ZPF-1 (ambiguous).,2,modulator_1,Zn(NO3)2·6H2O,,"0.2 M, 2.4 mL (in H2O)",0.48,mmol,,,,,,,,,,,pyrimidin-2-ol,,"0.3 M, 4.8 mL (in H2O)",1.44,mmol,,,,,,,,,,,aspartic acid,,4.44 mg,4.44,mg,,,,,,water,H2O,total 7.2 mL across solutions,7.2,,,,,67,0.33,25,room temperature,0.5,30 min,,,H2O,twice,,,,,,,sod,,,"a=23.2031(5), b=23.2031(5), c=12.4786(3) Å, ?=90°, ?=90°, ?=120°, R3m",6,,not_reported,not_reported,,protein_encapsulation;biocatalysis,10.1002/anie.202000299,ok,,,,
10.1002/anie.202000299,yes,"Additives without histidine (e.g., PEG, PVA, PVP, antibiotics, SiO2, Fe3O4) or histidine-free rGST failed to give ZPF-1; DIA-1 formed instead.",a zinc metal-organic framework with sod topology built by organic linker pyrimidin-2-ol,ZPF-1,Substitute histidine with L-aspartic acid or L-cysteine in the ZPF-1(His) aqueous RT procedure (Success 2). SI Fig. S9 states “aspartic acid and cysteine do not precipitate to form solid product.” Amounts for substitutes taken equal to base histidine (4.44 mg) per one-for-one substitution practice.,Negative conditions targeting ZPF-1: non-histidine amino acids failed (no precipitate or no reaction). Controls lacking histidine (histidine-free proteins/macromolecules) produced DIA-1 (identified alternate; excluded). Low BSA loading gave mixed DIA-1/ZPF-1 (ambiguous).,2,modulator_1,Zn(NO3)2·6H2O,,"0.2 M, 2.4 mL (in H2O)",0.48,mmol,,,,,,,,,,,pyrimidin-2-ol,,"0.3 M, 4.8 mL (in H2O)",1.44,mmol,,,,,,,,,,,cysteine,,4.44 mg,4.44,mg,,,,,,water,H2O,total 7.2 mL across solutions,7.2,,,,,67,0.33,25,room temperature,0.5,30 min,,,H2O,twice,,,,,,,sod,,,"a=23.2031(5), b=23.2031(5), c=12.4786(3) Å, ?=90°, ?=90°, ?=120°, R3m",6,,not_reported,not_reported,,protein_encapsulation;biocatalysis,10.1002/anie.202000299,ok,,,,
10.1002/anie.202000299,yes,"Additives without histidine (e.g., PEG, PVA, PVP, antibiotics, SiO2, Fe3O4) or histidine-free rGST failed to give ZPF-1; DIA-1 formed instead.",a zinc metal-organic framework with sod topology built by organic linker pyrimidin-2-ol,ZPF-1,Substitute histidine with L-tyrosine under the same ZPF-1(His) aqueous RT conditions (Success 2). SI Fig. S9: “tyrosine didn’t react due to its insolubility in water.” Amount for tyrosine set equal to base histidine (4.44 mg).,Negative conditions targeting ZPF-1: non-histidine amino acids failed (no precipitate or no reaction). Controls lacking histidine (histidine-free proteins/macromolecules) produced DIA-1 (identified alternate; excluded). Low BSA loading gave mixed DIA-1/ZPF-1 (ambiguous).,2,modulator_1,Zn(NO3)2·6H2O,,"0.2 M, 2.4 mL (in H2O)",0.48,mmol,,,,,,,,,,,pyrimidin-2-ol,,"0.3 M, 4.8 mL (in H2O)",1.44,mmol,,,,,,,,,,,tyrosine,,4.44 mg,4.44,mg,,,,,,water,H2O,total 7.2 mL across solutions,7.2,,,,,67,0.33,25,room temperature,0.5,30 min,,,H2O,twice,,,,,,,sod,,,"a=23.2031(5), b=23.2031(5), c=12.4786(3) Å, ?=90°, ?=90°, ?=120°, R3m",6,,not_reported,not_reported,,protein_encapsulation;biocatalysis,10.1002/anie.202000299,ok,,,,
10.1002/cctc.201402546,yes,Zr-NDC-NH2(100) gave amorphous solid; 50% sample also amorphous.,"a zirconium metal-organic framework with Zr6O4(OH)4 12-connected SBU built by organic linkers 2,6-naphthalenedicarboxylic acid and 4-aminonaphthalene-2,6-dicarboxylic acid",Zr-NDC-NH2(35),Adjust the mixed-linker composition to 50% NDC-NH2 (NDC 0.85 mmol + NDC-NH2 0.85 mmol) while keeping other reagents and 120 °C/24 h conditions unchanged. SI Table S1 (X-Ray) reports Zr-NDC-NH2(50) as amorphous.,"Mixed-linker Zr-NDC series: pure NDC-NH2 (100%) and the 50% NDC-NH2 sample gave amorphous solids under the same solvothermal DMF/AcOH/H2O, 120 °C, 24 h conditions. These are captured as failures relative to the successful Zr-NDC and mixed-linker bases (20% and 35%).",3,linker_1;linker_2,ZrCl4,ZrCl4,"0.4 g, 1.7 mmol",1.7,mmol,,,,,,,,,,,"2,6-naphthalenedicarboxylic acid",NDC,0.85 mmol,0.85,mmol,"4-aminonaphthalene-2,6-dicarboxylic acid",NDC-NH2,0.85 mmol,0.85,mmol,,,,,,acetic acid,AcOH,"2.85 mL, 850 mmol",,,water,H2O,"0.125 mL, 0.007 mmol",,,dimethylformamide,DMF,75 mL + 25 mL,100,,,,,17,2,120,120 °C,24,24 h,,static,"DMF, THF",DMF 10 mL; THF several times,100 °C under reduced pressure for 3 h,100,3,octahedra,80,~0.4 ?m,,Zr6O4(OH)4 12-connected SBU,dodecanuclear cluster SBU,,,,not_reported,not_reported,,Knoevenagel;cascade_reactions,10.1002/cctc.201402546,ok,,,,
10.1002/cctc.201402546,yes,Zr-NDC-NH2(100) gave amorphous solid; 50% sample also amorphous.,"a zirconium metal-organic framework with Zr6O4(OH)4 12-connected SBU built by organic linker 4-aminonaphthalene-2,6-dicarboxylic acid",Zr-NDC-NH2(35),"Switch the mixed-linker Zr-NDC-NH2(35) recipe to 100% NDC-NH2 under the same DMF/AcOH/H2O, 120 °C, 24 h conditions. Main text and SI Table S1 report the 100% NDC-NH2 sample as amorphous. Implemented by replacing NDC with NDC-NH2 (1.7 mmol) and removing the NDC co-linker.","Mixed-linker Zr-NDC series: pure NDC-NH2 (100%) and the 50% NDC-NH2 sample gave amorphous solids under the same solvothermal DMF/AcOH/H2O, 120 °C, 24 h conditions. These are captured as failures relative to the successful Zr-NDC and mixed-linker bases (20% and 35%).",3,linker_1;linker_2,ZrCl4,ZrCl4,"0.4 g, 1.7 mmol",1.7,mmol,,,,,,,,,,,"4-aminonaphthalene-2,6-dicarboxylic acid",NDC-NH2,1.7 mmol,1.7,mmol,,,,,,,,,,,acetic acid,AcOH,"2.85 mL, 850 mmol",,,water,H2O,"0.125 mL, 0.007 mmol",,,dimethylformamide,DMF,75 mL + 25 mL,100,,,,,17,1,120,120 °C,24,24 h,,static,"DMF, THF",DMF 10 mL; THF several times,100 °C under reduced pressure for 3 h,100,3,octahedra,80,~0.4 ?m,,Zr6O4(OH)4 12-connected SBU,dodecanuclear cluster SBU,,,,not_reported,not_reported,,Knoevenagel;cascade_reactions,10.1002/cctc.201402546,ok,,,,
10.1039/c3dt53167h,yes,Pure ethanol or pure water gave no crystalline product; L/M ratios and temperatures were scanned; best at L/M 0.8 and 140 °C.,"an aluminum metal-organic framework with AlO6 octahedra; 1D aluminum phosphate chains built by organic linker (2,4,6-trimethylbenzene-1,3,5-triyl)tris(methylene)triphosphonic acid",,Built from SI statement: 'Neither pure ethanol nor water produces crystalline product.' Represented as single-solvent trials using only EtOH or only H2O (no co-solvent). Volumes for these trials were not stated and are left null; other parameters follow the base recipe. Single-axis bundling for solvent identity applied.,"Negative conditions for Al(H3L)(H2O) (CCDC 969636): SI reports that using a single solvent (pure ethanol or pure water) produced no crystalline product. Scans of L/M ratio and temperature were optimization, not explicit failures.",1,solvent_main;solvent_secondary,Al2(SO4)3·18H2O,,"0.125 mmol, 0.0833 g",0.125,mmol,,,,,,,,,,,"(2,4,6-trimethylbenzene-1,3,5-triyl)tris(methylene)triphosphonic acid",H6L,"0.2 mmol, 0.0841 g",0.2,mmol,,,,,,,,,,,,,,,,,,,,,ethanol,EtOH,,,,,,,,0.62,140,140 °C,72,3 days,Teflon-lined autoclave,stirred (before sealing),deionized water,,"solvent-exchanged in acetone for three weeks, then 100 °C under vacuum (~10^-6 mbar) for 6 h",100,6,colorless cubic crystals,88,,,AlO6 octahedra; 1D aluminum phosphate chains,1D rod SBU (coordination chain),"a=35.285(3), b=35.285(3), c=12.398(3) Å, ?=90°, ?=90°, ?=120°, R-3",12.4,687.2,not_reported,yes,,CO2_capture;hydrogen storage,10.1039/c3dt53167h,ok,,,,
10.1039/c3dt53167h,yes,Pure ethanol or pure water gave no crystalline product; L/M ratios and temperatures were scanned; best at L/M 0.8 and 140 °C.,"an aluminum metal-organic framework with AlO6 octahedra; 1D aluminum phosphate chains built by organic linker (2,4,6-trimethylbenzene-1,3,5-triyl)tris(methylene)triphosphonic acid",,Built from SI statement: 'Neither pure ethanol nor water produces crystalline product.' Represented as single-solvent trials using only EtOH or only H2O (no co-solvent). Volumes for these trials were not stated and are left null; other parameters follow the base recipe. Single-axis bundling for solvent identity applied.,"Negative conditions for Al(H3L)(H2O) (CCDC 969636): SI reports that using a single solvent (pure ethanol or pure water) produced no crystalline product. Scans of L/M ratio and temperature were optimization, not explicit failures.",1,solvent_main;solvent_secondary,Al2(SO4)3·18H2O,,"0.125 mmol, 0.0833 g",0.125,mmol,,,,,,,,,,,"(2,4,6-trimethylbenzene-1,3,5-triyl)tris(methylene)triphosphonic acid",H6L,"0.2 mmol, 0.0841 g",0.2,mmol,,,,,,,,,,,,,,,,,,,,,water,H2O,,,,,,,,0.62,140,140 °C,72,3 days,Teflon-lined autoclave,stirred (before sealing),deionized water,,"solvent-exchanged in acetone for three weeks, then 100 °C under vacuum (~10^-6 mbar) for 6 h",100,6,colorless cubic crystals,88,,,AlO6 octahedra; 1D aluminum phosphate chains,1D rod SBU (coordination chain),"a=35.285(3), b=35.285(3), c=12.398(3) Å, ?=90°, ?=90°, ?=120°, R-3",12.4,687.2,not_reported,yes,,CO2_capture;hydrogen storage,10.1039/c3dt53167h,ok,,,,
10.1021/cg401825f,yes,"No suitable product at 100, 140, 160 °C; above pH 6.0 gave amorphous products.","a samarium metal-organic framework with dinuclear Ln SBU; (8,8)-connected net built by organic linker 1,4-naphthalenedicarboxylic acid",,High-pH (>6.0) amorphous outcome; represented by NaOH addition; other parameters as Sm base.,"Hydrothermal Ln–NDC–BBI MOFs formed only near 120 °C and starting pH 5.0–6.0. Reported failures: temperatures 100, 140, 160 °C, and pH above 6.0 (amorphous). Plans built for La, Pr, Sm, Eu, Gd, Tb, Dy, Er; pH shifts represented via NaOH/HCl additives.",3,modulator_2,Sm(NO3)3,,0.5 mmol,0.5,mmol,,,,,,,,,,,"1,4-naphthalenedicarboxylic acid",H2NDC,0.5 mmol,0.5,mmol,,,,,,,,,,,"bis(2,2?-biimidazole)",BBI,0.5 mmol,0.5,mmol,sodium hydroxide,NaOH,,,,water,H2O,10 mL,10,,,,,50,1,120,120 °C,72,3 days,Teflon-lined autoclave,static,,,,,,block single crystals,37,,,"dinuclear Ln SBU; (8,8)-connected net",polynuclear cluster SBU,,,,yes,not_reported,309,,10.1021/cg401825f,ok,,,,
10.1021/cg401825f,yes,"No suitable product at 100, 140, 160 °C; above pH 6.0 gave amorphous products.","a terbium metal-organic framework with dinuclear Ln SBU; (8,8)-connected net built by organic linker 1,4-naphthalenedicarboxylic acid",,High-pH (>6.0) amorphous outcome; represented by NaOH addition; other parameters as Tb base.,"Hydrothermal Ln–NDC–BBI MOFs formed only near 120 °C and starting pH 5.0–6.0. Reported failures: temperatures 100, 140, 160 °C, and pH above 6.0 (amorphous). Plans built for La, Pr, Sm, Eu, Gd, Tb, Dy, Er; pH shifts represented via NaOH/HCl additives.",6,modulator_2,Tb(NO3)3,,0.5 mmol,0.5,mmol,,,,,,,,,,,"1,4-naphthalenedicarboxylic acid",H2NDC,0.5 mmol,0.5,mmol,,,,,,,,,,,"bis(2,2?-biimidazole)",BBI,0.5 mmol,0.5,mmol,sodium hydroxide,NaOH,,,,water,H2O,10 mL,10,,,,,50,1,120,120 °C,72,3 days,Teflon-lined autoclave,static,,,,,,block single crystals,20,,,"dinuclear Ln SBU; (8,8)-connected net",polynuclear cluster SBU,,,,yes,not_reported,,,10.1021/cg401825f,ok,,,,
10.1021/cg401825f,yes,"No suitable product at 100, 140, 160 °C; above pH 6.0 gave amorphous products.","a europium metal-organic framework with dinuclear Ln SBU; (8,8)-connected net built by organic linker 1,4-naphthalenedicarboxylic acid",,High-pH (>6.0) condition (amorphous) represented by NaOH addition; other conditions as Eu base.,"Hydrothermal Ln–NDC–BBI MOFs formed only near 120 °C and starting pH 5.0–6.0. Reported failures: temperatures 100, 140, 160 °C, and pH above 6.0 (amorphous). Plans built for La, Pr, Sm, Eu, Gd, Tb, Dy, Er; pH shifts represented via NaOH/HCl additives.",4,modulator_2,Eu(NO3)3,,0.5 mmol,0.5,mmol,,,,,,,,,,,"1,4-naphthalenedicarboxylic acid",H2NDC,0.5 mmol,0.5,mmol,,,,,,,,,,,"bis(2,2?-biimidazole)",BBI,0.5 mmol,0.5,mmol,sodium hydroxide,NaOH,,,,water,H2O,10 mL,10,,,,,50,1,120,120 °C,72,3 days,Teflon-lined autoclave,static,,,,,,block single crystals,25,,,"dinuclear Ln SBU; (8,8)-connected net",polynuclear cluster SBU,,,,yes,not_reported,,luminescence,10.1021/cg401825f,ok,,,,
10.1021/cg401825f,yes,"No suitable product at 100, 140, 160 °C; above pH 6.0 gave amorphous products.","a praseodymium metal-organic framework with dinuclear Ln SBU; (8,8)-connected net built by organic linker 1,4-naphthalenedicarboxylic acid",,High-pH (>6.0) gives amorphous per text; represented by adding NaOH as base; other conditions as Pr base.,"Hydrothermal Ln–NDC–BBI MOFs formed only near 120 °C and starting pH 5.0–6.0. Reported failures: temperatures 100, 140, 160 °C, and pH above 6.0 (amorphous). Plans built for La, Pr, Sm, Eu, Gd, Tb, Dy, Er; pH shifts represented via NaOH/HCl additives.",2,modulator_2,Pr(NO3)3,,0.5 mmol,0.5,mmol,,,,,,,,,,,"1,4-naphthalenedicarboxylic acid",H2NDC,0.5 mmol,0.5,mmol,,,,,,,,,,,"bis(2,2?-biimidazole)",BBI,0.5 mmol,0.5,mmol,sodium hydroxide,NaOH,,,,water,H2O,10 mL,10,,,,,50,1,120,120 °C,72,3 days,Teflon-lined autoclave,static,,,,,,block single crystals,35,,,"dinuclear Ln SBU; (8,8)-connected net",polynuclear cluster SBU,,,,yes,not_reported,,,10.1021/cg401825f,ok,,,,
10.1021/cg401825f,yes,"No suitable product at 100, 140, 160 °C; above pH 6.0 gave amorphous products.","a gadolinium metal-organic framework with dinuclear Ln SBU; (8,8)-connected net built by organic linker 1,4-naphthalenedicarboxylic acid",,High-pH (>6.0) gives amorphous products; represented by adding NaOH; other conditions as Gd base.,"Hydrothermal Ln–NDC–BBI MOFs formed only near 120 °C and starting pH 5.0–6.0. Reported failures: temperatures 100, 140, 160 °C, and pH above 6.0 (amorphous). Plans built for La, Pr, Sm, Eu, Gd, Tb, Dy, Er; pH shifts represented via NaOH/HCl additives.",5,modulator_2,Gd(NO3)3,,0.5 mmol,0.5,mmol,,,,,,,,,,,"1,4-naphthalenedicarboxylic acid",H2NDC,0.5 mmol,0.5,mmol,,,,,,,,,,,"bis(2,2?-biimidazole)",BBI,0.5 mmol,0.5,mmol,sodium hydroxide,NaOH,,,,water,H2O,10 mL,10,,,,,50,1,120,120 °C,72,3 days,Teflon-lined autoclave,static,,,,,,block single crystals,30,,,"dinuclear Ln SBU; (8,8)-connected net",polynuclear cluster SBU,,,,yes,not_reported,305,,10.1021/cg401825f,ok,,,,
10.1021/cg401825f,yes,"No suitable product at 100, 140, 160 °C; above pH 6.0 gave amorphous products.","an erbium metal-organic framework with dinuclear Ln SBU; (8,8)-connected net built by organic linker 1,4-naphthalenedicarboxylic acid",,High-pH (>6.0) leads to amorphous products; represented by NaOH addition; other conditions as Er base.,"Hydrothermal Ln–NDC–BBI MOFs formed only near 120 °C and starting pH 5.0–6.0. Reported failures: temperatures 100, 140, 160 °C, and pH above 6.0 (amorphous). Plans built for La, Pr, Sm, Eu, Gd, Tb, Dy, Er; pH shifts represented via NaOH/HCl additives.",8,modulator_2,Er(NO3)3,,0.5 mmol,0.5,mmol,,,,,,,,,,,"1,4-naphthalenedicarboxylic acid",H2NDC,0.5 mmol,0.5,mmol,,,,,,,,,,,"bis(2,2?-biimidazole)",BBI,0.5 mmol,0.5,mmol,sodium hydroxide,NaOH,,,,water,H2O,10 mL,10,,,,,50,1,120,120 °C,72,3 days,Teflon-lined autoclave,static,,,,,,block single crystals,23,,,"dinuclear Ln SBU; (8,8)-connected net",polynuclear cluster SBU,,,,yes,not_reported,,,10.1021/cg401825f,ok,,,,
10.1021/cg401825f,yes,"No suitable product at 100, 140, 160 °C; above pH 6.0 gave amorphous products.","a dysprosium metal-organic framework with dinuclear Ln SBU; (8,8)-connected net built by organic linker 1,4-naphthalenedicarboxylic acid",,High-pH (>6.0) produces amorphous products; represented by NaOH addition; other conditions as Dy base.,"Hydrothermal Ln–NDC–BBI MOFs formed only near 120 °C and starting pH 5.0–6.0. Reported failures: temperatures 100, 140, 160 °C, and pH above 6.0 (amorphous). Plans built for La, Pr, Sm, Eu, Gd, Tb, Dy, Er; pH shifts represented via NaOH/HCl additives.",7,modulator_2,Dy(NO3)3,,0.5 mmol,0.5,mmol,,,,,,,,,,,"1,4-naphthalenedicarboxylic acid",H2NDC,0.5 mmol,0.5,mmol,,,,,,,,,,,"bis(2,2?-biimidazole)",BBI,0.5 mmol,0.5,mmol,sodium hydroxide,NaOH,,,,water,H2O,10 mL,10,,,,,50,1,120,120 °C,72,3 days,Teflon-lined autoclave,static,,,,,,block single crystals,32,,,"dinuclear Ln SBU; (8,8)-connected net",polynuclear cluster SBU,,,,yes,not_reported,,,10.1021/cg401825f,ok,,,,
10.1021/cg401825f,yes,"No suitable product at 100, 140, 160 °C; above pH 6.0 gave amorphous products.","a lanthanum metal-organic framework with dinuclear Ln SBU; (8,8)-connected net built by organic linker 1,4-naphthalenedicarboxylic acid",,"High-pH condition: “At pH above 6.0, no crystalline phase was formed and the products are amorphous.” Represented by adding a strong base (NaOH) per pH-shift representation allowance; other conditions as La base.","Hydrothermal Ln–NDC–BBI MOFs formed only near 120 °C and starting pH 5.0–6.0. Reported failures: temperatures 100, 140, 160 °C, and pH above 6.0 (amorphous). Plans built for La, Pr, Sm, Eu, Gd, Tb, Dy, Er; pH shifts represented via NaOH/HCl additives.",1,modulator_2,La(NO3)3,,0.5 mmol,0.5,mmol,,,,,,,,,,,"1,4-naphthalenedicarboxylic acid",H2NDC,0.5 mmol,0.5,mmol,,,,,,,,,,,"bis(2,2?-biimidazole)",BBI,0.5 mmol,0.5,mmol,sodium hydroxide,NaOH,,,,water,H2O,10 mL,10,,,,,50,1,120,120 °C,72,3 days,Teflon-lined autoclave,static,,,,,,block single crystals,40,,,"dinuclear Ln SBU; (8,8)-connected net",polynuclear cluster SBU,,,,yes,not_reported,307,,10.1021/cg401825f,ok,,,,
10.1021/cg401825f,yes,"No suitable product at 100, 140, 160 °C; above pH 6.0 gave amorphous products.","a dysprosium metal-organic framework with dinuclear Ln SBU; (8,8)-connected net built by organic linker 1,4-naphthalenedicarboxylic acid",,Low-pH (<5.0) condition (outside 5.0–6.0) did not yield complexes; represented by HCl addition; other conditions as Dy base.,"Hydrothermal Ln–NDC–BBI MOFs formed only near 120 °C and starting pH 5.0–6.0. Reported failures: temperatures 100, 140, 160 °C, and pH above 6.0 (amorphous). Plans built for La, Pr, Sm, Eu, Gd, Tb, Dy, Er; pH shifts represented via NaOH/HCl additives.",7,modulator_2,Dy(NO3)3,,0.5 mmol,0.5,mmol,,,,,,,,,,,"1,4-naphthalenedicarboxylic acid",H2NDC,0.5 mmol,0.5,mmol,,,,,,,,,,,"bis(2,2?-biimidazole)",BBI,0.5 mmol,0.5,mmol,hydrochloric acid,HCl,,,,water,H2O,10 mL,10,,,,,50,1,120,120 °C,72,3 days,Teflon-lined autoclave,static,,,,,,block single crystals,32,,,"dinuclear Ln SBU; (8,8)-connected net",polynuclear cluster SBU,,,,yes,not_reported,,,10.1021/cg401825f,ok,,,,
10.1021/cg401825f,yes,"No suitable product at 100, 140, 160 °C; above pH 6.0 gave amorphous products.","a samarium metal-organic framework with dinuclear Ln SBU; (8,8)-connected net built by organic linker 1,4-naphthalenedicarboxylic acid",,Low-pH (<5.0) condition inferred from “only 5.0–6.0” window; represented by HCl addition; other parameters as Sm base.,"Hydrothermal Ln–NDC–BBI MOFs formed only near 120 °C and starting pH 5.0–6.0. Reported failures: temperatures 100, 140, 160 °C, and pH above 6.0 (amorphous). Plans built for La, Pr, Sm, Eu, Gd, Tb, Dy, Er; pH shifts represented via NaOH/HCl additives.",3,modulator_2,Sm(NO3)3,,0.5 mmol,0.5,mmol,,,,,,,,,,,"1,4-naphthalenedicarboxylic acid",H2NDC,0.5 mmol,0.5,mmol,,,,,,,,,,,"bis(2,2?-biimidazole)",BBI,0.5 mmol,0.5,mmol,hydrochloric acid,HCl,,,,water,H2O,10 mL,10,,,,,50,1,120,120 °C,72,3 days,Teflon-lined autoclave,static,,,,,,block single crystals,37,,,"dinuclear Ln SBU; (8,8)-connected net",polynuclear cluster SBU,,,,yes,not_reported,309,,10.1021/cg401825f,ok,,,,
10.1039/c2ce25081k,yes,Changing solvent system or metal salt anion gave only crystalline powder; other stoichiometries gave very low yield.,"a cadmium metal-organic framework built by organic linker 2-p-methoxyphenyl-1H-imidazole-4,5-dicarboxylic acid",,Changing Cd(II) salt anion gave a small unexpected crystalline powder. Represented with common Cd(II) salts at the base amount.,Six MOFs from H3MOPhIDC (1–6). Negative data captured where: solvent system changes gave only crystalline powder; changing the metal salt anion gave small unexpected crystalline powder; and metal:linker stoichiometries other than those reported gave very low yield.,5,metal_1,Cd(NO3)2·4H2O,Cd(NO3)2·4H2O,0.2 mmol,0.2,mmol,,,,,,,,,,,"2-p-methoxyphenyl-1H-imidazole-4,5-dicarboxylic acid",H3MOPhIDC,"52.4 mg, 0.2 mmol",0.2,mmol,,,,,,,,,,,ammonium oxalate,,"(NH4)2C2O4, 52.4 mg, 0.2 mmol",0.2,mmol,triethylamine,Et3N,"0.056 mL, 0.4 mmol",0.4,mmol,water,H2O,7 mL,7,,,,,29,1,165,165 °C,96,96 h,25 mL Teflon-lined stainless steel autoclave,,water,,,,,pale-yellow block-shaped crystals,54,,,,,,,,not_reported,not_reported,,luminescence,10.1039/c2ce25081k,ok,,,,
10.1039/c2ce25081k,yes,Changing solvent system or metal salt anion gave only crystalline powder; other stoichiometries gave very low yield.,"a cadmium metal-organic framework built by organic linker 2-p-methoxyphenyl-1H-imidazole-4,5-dicarboxylic acid",,Changing Cd(II) salt anion gave a small unexpected crystalline powder. Represented with common Cd(II) salts at the base amount.,Six MOFs from H3MOPhIDC (1–6). Negative data captured where: solvent system changes gave only crystalline powder; changing the metal salt anion gave small unexpected crystalline powder; and metal:linker stoichiometries other than those reported gave very low yield.,5,metal_1,Cd(CH3COO)2·2H2O,Cd(OAc)2·2H2O,0.2 mmol,0.2,mmol,,,,,,,,,,,"2-p-methoxyphenyl-1H-imidazole-4,5-dicarboxylic acid",H3MOPhIDC,"52.4 mg, 0.2 mmol",0.2,mmol,,,,,,,,,,,ammonium oxalate,,"(NH4)2C2O4, 52.4 mg, 0.2 mmol",0.2,mmol,triethylamine,Et3N,"0.056 mL, 0.4 mmol",0.4,mmol,water,H2O,7 mL,7,,,,,29,1,165,165 °C,96,96 h,25 mL Teflon-lined stainless steel autoclave,,water,,,,,pale-yellow block-shaped crystals,54,,,,,,,,not_reported,not_reported,,luminescence,10.1039/c2ce25081k,ok,,,,
10.1039/c2ce25081k,yes,Changing solvent system or metal salt anion gave only crystalline powder; other stoichiometries gave very low yield.,"a cadmium metal-organic framework built by organic linker 2-p-methoxyphenyl-1H-imidazole-4,5-dicarboxylic acid",,Changing Cd(II) salt anion gave a small unexpected crystalline powder. Represented with common Cd(II) salts at the base amount.,Six MOFs from H3MOPhIDC (1–6). Negative data captured where: solvent system changes gave only crystalline powder; changing the metal salt anion gave small unexpected crystalline powder; and metal:linker stoichiometries other than those reported gave very low yield.,5,metal_1,Cd(ClO4)2·6H2O,Cd(ClO4)2·6H2O,0.2 mmol,0.2,mmol,,,,,,,,,,,"2-p-methoxyphenyl-1H-imidazole-4,5-dicarboxylic acid",H3MOPhIDC,"52.4 mg, 0.2 mmol",0.2,mmol,,,,,,,,,,,ammonium oxalate,,"(NH4)2C2O4, 52.4 mg, 0.2 mmol",0.2,mmol,triethylamine,Et3N,"0.056 mL, 0.4 mmol",0.4,mmol,water,H2O,7 mL,7,,,,,29,1,165,165 °C,96,96 h,25 mL Teflon-lined stainless steel autoclave,,water,,,,,pale-yellow block-shaped crystals,54,,,,,,,,not_reported,not_reported,,luminescence,10.1039/c2ce25081k,ok,,,,
10.1039/c2ce25081k,yes,Changing solvent system or metal salt anion gave only crystalline powder; other stoichiometries gave very low yield.,"a cadmium metal-organic framework built by organic linker 2-p-methoxyphenyl-1H-imidazole-4,5-dicarboxylic acid",,Changing Cd(II) salt anion gave a small unexpected crystalline powder. Represented with common Cd(II) salts at the base amount.,Six MOFs from H3MOPhIDC (1–6). Negative data captured where: solvent system changes gave only crystalline powder; changing the metal salt anion gave small unexpected crystalline powder; and metal:linker stoichiometries other than those reported gave very low yield.,5,metal_1,Cd(SO4)·1H2O,CdSO4·H2O,0.2 mmol,0.2,mmol,,,,,,,,,,,"2-p-methoxyphenyl-1H-imidazole-4,5-dicarboxylic acid",H3MOPhIDC,"52.4 mg, 0.2 mmol",0.2,mmol,,,,,,,,,,,ammonium oxalate,,"(NH4)2C2O4, 52.4 mg, 0.2 mmol",0.2,mmol,triethylamine,Et3N,"0.056 mL, 0.4 mmol",0.4,mmol,water,H2O,7 mL,7,,,,,29,1,165,165 °C,96,96 h,25 mL Teflon-lined stainless steel autoclave,,water,,,,,pale-yellow block-shaped crystals,54,,,,,,,,not_reported,not_reported,,luminescence,10.1039/c2ce25081k,ok,,,,
10.1039/c2ce25081k,yes,Changing solvent system or metal salt anion gave only crystalline powder; other stoichiometries gave very low yield.,"a cobalt metal-organic framework built by organic linkers 2-p-methoxyphenyl-1H-imidazole-4,5-dicarboxylic acid and pyridine",,Changing Co(II) salt anion gave a small unexpected crystalline powder. Represented with common Co(II) salts (amount as base).,Six MOFs from H3MOPhIDC (1–6). Negative data captured where: solvent system changes gave only crystalline powder; changing the metal salt anion gave small unexpected crystalline powder; and metal:linker stoichiometries other than those reported gave very low yield.,6,metal_1,Co(NO3)2·6H2O,Co(NO3)2·6H2O,0.1 mmol,0.1,mmol,,,,,,,,,,,"2-p-methoxyphenyl-1H-imidazole-4,5-dicarboxylic acid",H3MOPhIDC,"26.2 mg, 0.1 mmol",0.1,mmol,pyridine,py,0.2 mL (also serves as coligand),,,,,,,,,,,,,,,,,,water,H2O,7 mL,7,,,,,14,1,160,160 °C,72,72 h,25 mL Teflon-lined stainless steel autoclave,,water,,,,,red block-shaped crystals,65,,,,,,,,not_reported,not_reported,377,magnetism,10.1039/c2ce25081k,ok,,,,
10.1039/c2ce25081k,yes,Changing solvent system or metal salt anion gave only crystalline powder; other stoichiometries gave very low yield.,"a cobalt metal-organic framework built by organic linkers 2-p-methoxyphenyl-1H-imidazole-4,5-dicarboxylic acid and pyridine",,Changing Co(II) salt anion gave a small unexpected crystalline powder. Represented with common Co(II) salts (amount as base).,Six MOFs from H3MOPhIDC (1–6). Negative data captured where: solvent system changes gave only crystalline powder; changing the metal salt anion gave small unexpected crystalline powder; and metal:linker stoichiometries other than those reported gave very low yield.,6,metal_1,Co(ClO4)2·6H2O,Co(ClO4)2·6H2O,0.1 mmol,0.1,mmol,,,,,,,,,,,"2-p-methoxyphenyl-1H-imidazole-4,5-dicarboxylic acid",H3MOPhIDC,"26.2 mg, 0.1 mmol",0.1,mmol,pyridine,py,0.2 mL (also serves as coligand),,,,,,,,,,,,,,,,,,water,H2O,7 mL,7,,,,,14,1,160,160 °C,72,72 h,25 mL Teflon-lined stainless steel autoclave,,water,,,,,red block-shaped crystals,65,,,,,,,,not_reported,not_reported,377,magnetism,10.1039/c2ce25081k,ok,,,,
10.1039/c2ce25081k,yes,Changing solvent system or metal salt anion gave only crystalline powder; other stoichiometries gave very low yield.,"a cobalt metal-organic framework built by organic linkers 2-p-methoxyphenyl-1H-imidazole-4,5-dicarboxylic acid and pyridine",,Changing Co(II) salt anion gave a small unexpected crystalline powder. Represented with common Co(II) salts (amount as base).,Six MOFs from H3MOPhIDC (1–6). Negative data captured where: solvent system changes gave only crystalline powder; changing the metal salt anion gave small unexpected crystalline powder; and metal:linker stoichiometries other than those reported gave very low yield.,6,metal_1,Co(SO4)·7H2O,CoSO4·7H2O,0.1 mmol,0.1,mmol,,,,,,,,,,,"2-p-methoxyphenyl-1H-imidazole-4,5-dicarboxylic acid",H3MOPhIDC,"26.2 mg, 0.1 mmol",0.1,mmol,pyridine,py,0.2 mL (also serves as coligand),,,,,,,,,,,,,,,,,,water,H2O,7 mL,7,,,,,14,1,160,160 °C,72,72 h,25 mL Teflon-lined stainless steel autoclave,,water,,,,,red block-shaped crystals,65,,,,,,,,not_reported,not_reported,377,magnetism,10.1039/c2ce25081k,ok,,,,
10.1039/c2ce25081k,yes,Changing solvent system or metal salt anion gave only crystalline powder; other stoichiometries gave very low yield.,"a cobalt metal-organic framework built by organic linkers 2-p-methoxyphenyl-1H-imidazole-4,5-dicarboxylic acid and pyridine",,Changing Co(II) salt anion gave a small unexpected crystalline powder. Represented with common Co(II) salts (amount as base).,Six MOFs from H3MOPhIDC (1–6). Negative data captured where: solvent system changes gave only crystalline powder; changing the metal salt anion gave small unexpected crystalline powder; and metal:linker stoichiometries other than those reported gave very low yield.,6,metal_1,Co(CH3COO)2·4H2O,Co(OAc)2·4H2O,0.1 mmol,0.1,mmol,,,,,,,,,,,"2-p-methoxyphenyl-1H-imidazole-4,5-dicarboxylic acid",H3MOPhIDC,"26.2 mg, 0.1 mmol",0.1,mmol,pyridine,py,0.2 mL (also serves as coligand),,,,,,,,,,,,,,,,,,water,H2O,7 mL,7,,,,,14,1,160,160 °C,72,72 h,25 mL Teflon-lined stainless steel autoclave,,water,,,,,red block-shaped crystals,65,,,,,,,,not_reported,not_reported,377,magnetism,10.1039/c2ce25081k,ok,,,,
10.1039/c2ce25081k,yes,Changing solvent system or metal salt anion gave only crystalline powder; other stoichiometries gave very low yield.,"a cobalt metal-organic framework built by organic linkers 2-p-methoxyphenyl-1H-imidazole-4,5-dicarboxylic acid and 1,10-phenanthroline",,Changing Co(II) salt anion gave a small unexpected crystalline powder. Represented with common Co(II) salts (amounts as base).,Six MOFs from H3MOPhIDC (1–6). Negative data captured where: solvent system changes gave only crystalline powder; changing the metal salt anion gave small unexpected crystalline powder; and metal:linker stoichiometries other than those reported gave very low yield.,4,metal_1,CoCl2·6H2O,CoCl2·6H2O,0.2 mmol,0.2,mmol,,,,,,,,,,,"2-p-methoxyphenyl-1H-imidazole-4,5-dicarboxylic acid",H3MOPhIDC,"52.4 mg, 0.2 mmol",0.2,mmol,"1,10-phenanthroline",phen,"39.6 mg, 0.2 mmol",0.2,mmol,,,,,,triethylamine,Et3N,"0.056 mL, 0.4 mmol",0.4,mmol,,,,,,ethanol,EtOH,"EtOH/H2O (4:3), 7 mL total",7,water,H2O,"EtOH/H2O (4:3), 7 mL total",,29,1,160,160 °C,72,72 h,25 mL Teflon-lined stainless steel autoclave,,water,,,,,red prism-shaped crystals,53,,,,,,,,yes,not_reported,371,magnetism,10.1039/c2ce25081k,ok,,,,
10.1039/c2ce25081k,yes,Changing solvent system or metal salt anion gave only crystalline powder; other stoichiometries gave very low yield.,"a cobalt metal-organic framework built by organic linkers 2-p-methoxyphenyl-1H-imidazole-4,5-dicarboxylic acid and 1,10-phenanthroline",,Changing Co(II) salt anion gave a small unexpected crystalline powder. Represented with common Co(II) salts (amounts as base).,Six MOFs from H3MOPhIDC (1–6). Negative data captured where: solvent system changes gave only crystalline powder; changing the metal salt anion gave small unexpected crystalline powder; and metal:linker stoichiometries other than those reported gave very low yield.,4,metal_1,Co(ClO4)2·6H2O,Co(ClO4)2·6H2O,0.2 mmol,0.2,mmol,,,,,,,,,,,"2-p-methoxyphenyl-1H-imidazole-4,5-dicarboxylic acid",H3MOPhIDC,"52.4 mg, 0.2 mmol",0.2,mmol,"1,10-phenanthroline",phen,"39.6 mg, 0.2 mmol",0.2,mmol,,,,,,triethylamine,Et3N,"0.056 mL, 0.4 mmol",0.4,mmol,,,,,,ethanol,EtOH,"EtOH/H2O (4:3), 7 mL total",7,water,H2O,"EtOH/H2O (4:3), 7 mL total",,29,1,160,160 °C,72,72 h,25 mL Teflon-lined stainless steel autoclave,,water,,,,,red prism-shaped crystals,53,,,,,,,,yes,not_reported,371,magnetism,10.1039/c2ce25081k,ok,,,,
10.1021/acs.inorgchem.9b01408,yes,"Required months to find suitable conditions (concentration, temperature, time, ratios) for Hf-HHU-1.",a hafnium metal-organic framework with Hf6O4(OH)4 12-connected SBU and fcu topology built by organic linker acetylenedicarboxylic acid,Hf-HHU-1,"Combined variation reflecting the article’s statement that months of changing concentration, temperature, reaction time, and reactant ratios failed to give Hf-HHU-1 before the final recipe was found (no other solvents were tried). Estimated representative values were used and cross-multiplied with a hard cap of 12 total combinations: temperatures (60, 120, 150 °C), times (0.5, 8 h), metal:linker ratios (0.5:1 and 2:1; metal amount computed from base linker = 1.0 mmol), and a single representative lower solvent volume for concentration (DMF 1.0 mL).","Negative data captured from the months-long optimization to form Hf-HHU-1, where varying concentration, temperature, time, and reactant ratios failed before the final recipe was found. No other solvents were attempted for Hf-HHU-1. Post-synthesis stability/activation failures are listed but excluded.",1,metal_1;solvent_main;temperature_c;time_h,HfOCl2·8H2O,HfOCl2·8H2O,0.5 mmol,0.5,mmol,,,,,,,,,,,acetylenedicarboxylic acid,H2ADC,114 mg (1 mmol),1,mmol,,,,,,,,,,,acetic acid,,2.5 mL,2.5,mL,,,,,,dimethylformamide,DMF,1.0 mL,1,,,,,500,0.5,60,60.0 °C,0.5,0.5 h,screw-capped glass vial,static,"DMF, acetone","2× DMF (5 mL), 3× acetone (5 mL)",supercritical CO2 drying; vacuum at RT for 1 h,,1,white microcrystalline powder,230 mg (isolated),,fcu,Hf6O4(OH)4 12-connected SBU,dodecanuclear cluster SBU,"a=17.8529(6) Å, Fm-3m",,476,not_reported,no,200,water_harvesting,10.1021/acs.inorgchem.9b01408,ok,,,,
10.1021/acs.inorgchem.9b01408,yes,"Required months to find suitable conditions (concentration, temperature, time, ratios) for Hf-HHU-1.",a hafnium metal-organic framework with Hf6O4(OH)4 12-connected SBU and fcu topology built by organic linker acetylenedicarboxylic acid,Hf-HHU-1,"Combined variation reflecting the article’s statement that months of changing concentration, temperature, reaction time, and reactant ratios failed to give Hf-HHU-1 before the final recipe was found (no other solvents were tried). Estimated representative values were used and cross-multiplied with a hard cap of 12 total combinations: temperatures (60, 120, 150 °C), times (0.5, 8 h), metal:linker ratios (0.5:1 and 2:1; metal amount computed from base linker = 1.0 mmol), and a single representative lower solvent volume for concentration (DMF 1.0 mL).","Negative data captured from the months-long optimization to form Hf-HHU-1, where varying concentration, temperature, time, and reactant ratios failed before the final recipe was found. No other solvents were attempted for Hf-HHU-1. Post-synthesis stability/activation failures are listed but excluded.",1,metal_1;solvent_main;temperature_c;time_h,HfOCl2·8H2O,HfOCl2·8H2O,0.5 mmol,0.5,mmol,,,,,,,,,,,acetylenedicarboxylic acid,H2ADC,114 mg (1 mmol),1,mmol,,,,,,,,,,,acetic acid,,2.5 mL,2.5,mL,,,,,,dimethylformamide,DMF,1.0 mL,1,,,,,500,0.5,60,60.0 °C,8,8.0 h,screw-capped glass vial,static,"DMF, acetone","2× DMF (5 mL), 3× acetone (5 mL)",supercritical CO2 drying; vacuum at RT for 1 h,,1,white microcrystalline powder,230 mg (isolated),,fcu,Hf6O4(OH)4 12-connected SBU,dodecanuclear cluster SBU,"a=17.8529(6) Å, Fm-3m",,476,not_reported,no,200,water_harvesting,10.1021/acs.inorgchem.9b01408,ok,,,,
10.1021/acs.inorgchem.9b01408,yes,"Required months to find suitable conditions (concentration, temperature, time, ratios) for Hf-HHU-1.",a hafnium metal-organic framework with Hf6O4(OH)4 12-connected SBU and fcu topology built by organic linker acetylenedicarboxylic acid,Hf-HHU-1,"Combined variation reflecting the article’s statement that months of changing concentration, temperature, reaction time, and reactant ratios failed to give Hf-HHU-1 before the final recipe was found (no other solvents were tried). Estimated representative values were used and cross-multiplied with a hard cap of 12 total combinations: temperatures (60, 120, 150 °C), times (0.5, 8 h), metal:linker ratios (0.5:1 and 2:1; metal amount computed from base linker = 1.0 mmol), and a single representative lower solvent volume for concentration (DMF 1.0 mL).","Negative data captured from the months-long optimization to form Hf-HHU-1, where varying concentration, temperature, time, and reactant ratios failed before the final recipe was found. No other solvents were attempted for Hf-HHU-1. Post-synthesis stability/activation failures are listed but excluded.",1,metal_1;solvent_main;temperature_c;time_h,HfOCl2·8H2O,HfOCl2·8H2O,0.5 mmol,0.5,mmol,,,,,,,,,,,acetylenedicarboxylic acid,H2ADC,114 mg (1 mmol),1,mmol,,,,,,,,,,,acetic acid,,2.5 mL,2.5,mL,,,,,,dimethylformamide,DMF,1.0 mL,1,,,,,500,0.5,120,120.0 °C,0.5,0.5 h,screw-capped glass vial,static,"DMF, acetone","2× DMF (5 mL), 3× acetone (5 mL)",supercritical CO2 drying; vacuum at RT for 1 h,,1,white microcrystalline powder,230 mg (isolated),,fcu,Hf6O4(OH)4 12-connected SBU,dodecanuclear cluster SBU,"a=17.8529(6) Å, Fm-3m",,476,not_reported,no,200,water_harvesting,10.1021/acs.inorgchem.9b01408,ok,,,,
10.1021/acs.inorgchem.9b01408,yes,"Required months to find suitable conditions (concentration, temperature, time, ratios) for Hf-HHU-1.",a hafnium metal-organic framework with Hf6O4(OH)4 12-connected SBU and fcu topology built by organic linker acetylenedicarboxylic acid,Hf-HHU-1,"Combined variation reflecting the article’s statement that months of changing concentration, temperature, reaction time, and reactant ratios failed to give Hf-HHU-1 before the final recipe was found (no other solvents were tried). Estimated representative values were used and cross-multiplied with a hard cap of 12 total combinations: temperatures (60, 120, 150 °C), times (0.5, 8 h), metal:linker ratios (0.5:1 and 2:1; metal amount computed from base linker = 1.0 mmol), and a single representative lower solvent volume for concentration (DMF 1.0 mL).","Negative data captured from the months-long optimization to form Hf-HHU-1, where varying concentration, temperature, time, and reactant ratios failed before the final recipe was found. No other solvents were attempted for Hf-HHU-1. Post-synthesis stability/activation failures are listed but excluded.",1,metal_1;solvent_main;temperature_c;time_h,HfOCl2·8H2O,HfOCl2·8H2O,0.5 mmol,0.5,mmol,,,,,,,,,,,acetylenedicarboxylic acid,H2ADC,114 mg (1 mmol),1,mmol,,,,,,,,,,,acetic acid,,2.5 mL,2.5,mL,,,,,,dimethylformamide,DMF,1.0 mL,1,,,,,500,0.5,120,120.0 °C,8,8.0 h,screw-capped glass vial,static,"DMF, acetone","2× DMF (5 mL), 3× acetone (5 mL)",supercritical CO2 drying; vacuum at RT for 1 h,,1,white microcrystalline powder,230 mg (isolated),,fcu,Hf6O4(OH)4 12-connected SBU,dodecanuclear cluster SBU,"a=17.8529(6) Å, Fm-3m",,476,not_reported,no,200,water_harvesting,10.1021/acs.inorgchem.9b01408,ok,,,,
10.1021/acs.inorgchem.9b01408,yes,"Required months to find suitable conditions (concentration, temperature, time, ratios) for Hf-HHU-1.",a hafnium metal-organic framework with Hf6O4(OH)4 12-connected SBU and fcu topology built by organic linker acetylenedicarboxylic acid,Hf-HHU-1,"Combined variation reflecting the article’s statement that months of changing concentration, temperature, reaction time, and reactant ratios failed to give Hf-HHU-1 before the final recipe was found (no other solvents were tried). Estimated representative values were used and cross-multiplied with a hard cap of 12 total combinations: temperatures (60, 120, 150 °C), times (0.5, 8 h), metal:linker ratios (0.5:1 and 2:1; metal amount computed from base linker = 1.0 mmol), and a single representative lower solvent volume for concentration (DMF 1.0 mL).","Negative data captured from the months-long optimization to form Hf-HHU-1, where varying concentration, temperature, time, and reactant ratios failed before the final recipe was found. No other solvents were attempted for Hf-HHU-1. Post-synthesis stability/activation failures are listed but excluded.",1,metal_1;solvent_main;temperature_c;time_h,HfOCl2·8H2O,HfOCl2·8H2O,0.5 mmol,0.5,mmol,,,,,,,,,,,acetylenedicarboxylic acid,H2ADC,114 mg (1 mmol),1,mmol,,,,,,,,,,,acetic acid,,2.5 mL,2.5,mL,,,,,,dimethylformamide,DMF,1.0 mL,1,,,,,500,0.5,150,150.0 °C,0.5,0.5 h,screw-capped glass vial,static,"DMF, acetone","2× DMF (5 mL), 3× acetone (5 mL)",supercritical CO2 drying; vacuum at RT for 1 h,,1,white microcrystalline powder,230 mg (isolated),,fcu,Hf6O4(OH)4 12-connected SBU,dodecanuclear cluster SBU,"a=17.8529(6) Å, Fm-3m",,476,not_reported,no,200,water_harvesting,10.1021/acs.inorgchem.9b01408,ok,,,,
10.1021/acs.inorgchem.9b01408,yes,"Required months to find suitable conditions (concentration, temperature, time, ratios) for Hf-HHU-1.",a hafnium metal-organic framework with Hf6O4(OH)4 12-connected SBU and fcu topology built by organic linker acetylenedicarboxylic acid,Hf-HHU-1,"Combined variation reflecting the article’s statement that months of changing concentration, temperature, reaction time, and reactant ratios failed to give Hf-HHU-1 before the final recipe was found (no other solvents were tried). Estimated representative values were used and cross-multiplied with a hard cap of 12 total combinations: temperatures (60, 120, 150 °C), times (0.5, 8 h), metal:linker ratios (0.5:1 and 2:1; metal amount computed from base linker = 1.0 mmol), and a single representative lower solvent volume for concentration (DMF 1.0 mL).","Negative data captured from the months-long optimization to form Hf-HHU-1, where varying concentration, temperature, time, and reactant ratios failed before the final recipe was found. No other solvents were attempted for Hf-HHU-1. Post-synthesis stability/activation failures are listed but excluded.",1,metal_1;solvent_main;temperature_c;time_h,HfOCl2·8H2O,HfOCl2·8H2O,0.5 mmol,0.5,mmol,,,,,,,,,,,acetylenedicarboxylic acid,H2ADC,114 mg (1 mmol),1,mmol,,,,,,,,,,,acetic acid,,2.5 mL,2.5,mL,,,,,,dimethylformamide,DMF,1.0 mL,1,,,,,500,0.5,150,150.0 °C,8,8.0 h,screw-capped glass vial,static,"DMF, acetone","2× DMF (5 mL), 3× acetone (5 mL)",supercritical CO2 drying; vacuum at RT for 1 h,,1,white microcrystalline powder,230 mg (isolated),,fcu,Hf6O4(OH)4 12-connected SBU,dodecanuclear cluster SBU,"a=17.8529(6) Å, Fm-3m",,476,not_reported,no,200,water_harvesting,10.1021/acs.inorgchem.9b01408,ok,,,,
10.1021/acs.inorgchem.9b01408,yes,"Required months to find suitable conditions (concentration, temperature, time, ratios) for Hf-HHU-1.",a hafnium metal-organic framework with Hf6O4(OH)4 12-connected SBU and fcu topology built by organic linker acetylenedicarboxylic acid,Hf-HHU-1,"Combined variation reflecting the article’s statement that months of changing concentration, temperature, reaction time, and reactant ratios failed to give Hf-HHU-1 before the final recipe was found (no other solvents were tried). Estimated representative values were used and cross-multiplied with a hard cap of 12 total combinations: temperatures (60, 120, 150 °C), times (0.5, 8 h), metal:linker ratios (0.5:1 and 2:1; metal amount computed from base linker = 1.0 mmol), and a single representative lower solvent volume for concentration (DMF 1.0 mL).","Negative data captured from the months-long optimization to form Hf-HHU-1, where varying concentration, temperature, time, and reactant ratios failed before the final recipe was found. No other solvents were attempted for Hf-HHU-1. Post-synthesis stability/activation failures are listed but excluded.",1,metal_1;solvent_main;temperature_c;time_h,HfOCl2·8H2O,HfOCl2·8H2O,2.0 mmol,2,mmol,,,,,,,,,,,acetylenedicarboxylic acid,H2ADC,114 mg (1 mmol),1,mmol,,,,,,,,,,,acetic acid,,2.5 mL,2.5,mL,,,,,,dimethylformamide,DMF,1.0 mL,1,,,,,2000,2,60,60.0 °C,0.5,0.5 h,screw-capped glass vial,static,"DMF, acetone","2× DMF (5 mL), 3× acetone (5 mL)",supercritical CO2 drying; vacuum at RT for 1 h,,1,white microcrystalline powder,230 mg (isolated),,fcu,Hf6O4(OH)4 12-connected SBU,dodecanuclear cluster SBU,"a=17.8529(6) Å, Fm-3m",,476,not_reported,no,200,water_harvesting,10.1021/acs.inorgchem.9b01408,ok,,,,
10.1021/acs.inorgchem.9b01408,yes,"Required months to find suitable conditions (concentration, temperature, time, ratios) for Hf-HHU-1.",a hafnium metal-organic framework with Hf6O4(OH)4 12-connected SBU and fcu topology built by organic linker acetylenedicarboxylic acid,Hf-HHU-1,"Combined variation reflecting the article’s statement that months of changing concentration, temperature, reaction time, and reactant ratios failed to give Hf-HHU-1 before the final recipe was found (no other solvents were tried). Estimated representative values were used and cross-multiplied with a hard cap of 12 total combinations: temperatures (60, 120, 150 °C), times (0.5, 8 h), metal:linker ratios (0.5:1 and 2:1; metal amount computed from base linker = 1.0 mmol), and a single representative lower solvent volume for concentration (DMF 1.0 mL).","Negative data captured from the months-long optimization to form Hf-HHU-1, where varying concentration, temperature, time, and reactant ratios failed before the final recipe was found. No other solvents were attempted for Hf-HHU-1. Post-synthesis stability/activation failures are listed but excluded.",1,metal_1;solvent_main;temperature_c;time_h,HfOCl2·8H2O,HfOCl2·8H2O,2.0 mmol,2,mmol,,,,,,,,,,,acetylenedicarboxylic acid,H2ADC,114 mg (1 mmol),1,mmol,,,,,,,,,,,acetic acid,,2.5 mL,2.5,mL,,,,,,dimethylformamide,DMF,1.0 mL,1,,,,,2000,2,60,60.0 °C,8,8.0 h,screw-capped glass vial,static,"DMF, acetone","2× DMF (5 mL), 3× acetone (5 mL)",supercritical CO2 drying; vacuum at RT for 1 h,,1,white microcrystalline powder,230 mg (isolated),,fcu,Hf6O4(OH)4 12-connected SBU,dodecanuclear cluster SBU,"a=17.8529(6) Å, Fm-3m",,476,not_reported,no,200,water_harvesting,10.1021/acs.inorgchem.9b01408,ok,,,,
10.1021/acs.inorgchem.9b01408,yes,"Required months to find suitable conditions (concentration, temperature, time, ratios) for Hf-HHU-1.",a hafnium metal-organic framework with Hf6O4(OH)4 12-connected SBU and fcu topology built by organic linker acetylenedicarboxylic acid,Hf-HHU-1,"Combined variation reflecting the article’s statement that months of changing concentration, temperature, reaction time, and reactant ratios failed to give Hf-HHU-1 before the final recipe was found (no other solvents were tried). Estimated representative values were used and cross-multiplied with a hard cap of 12 total combinations: temperatures (60, 120, 150 °C), times (0.5, 8 h), metal:linker ratios (0.5:1 and 2:1; metal amount computed from base linker = 1.0 mmol), and a single representative lower solvent volume for concentration (DMF 1.0 mL).","Negative data captured from the months-long optimization to form Hf-HHU-1, where varying concentration, temperature, time, and reactant ratios failed before the final recipe was found. No other solvents were attempted for Hf-HHU-1. Post-synthesis stability/activation failures are listed but excluded.",1,metal_1;solvent_main;temperature_c;time_h,HfOCl2·8H2O,HfOCl2·8H2O,2.0 mmol,2,mmol,,,,,,,,,,,acetylenedicarboxylic acid,H2ADC,114 mg (1 mmol),1,mmol,,,,,,,,,,,acetic acid,,2.5 mL,2.5,mL,,,,,,dimethylformamide,DMF,1.0 mL,1,,,,,2000,2,120,120.0 °C,0.5,0.5 h,screw-capped glass vial,static,"DMF, acetone","2× DMF (5 mL), 3× acetone (5 mL)",supercritical CO2 drying; vacuum at RT for 1 h,,1,white microcrystalline powder,230 mg (isolated),,fcu,Hf6O4(OH)4 12-connected SBU,dodecanuclear cluster SBU,"a=17.8529(6) Å, Fm-3m",,476,not_reported,no,200,water_harvesting,10.1021/acs.inorgchem.9b01408,ok,,,,
10.1021/acs.inorgchem.9b01408,yes,"Required months to find suitable conditions (concentration, temperature, time, ratios) for Hf-HHU-1.",a hafnium metal-organic framework with Hf6O4(OH)4 12-connected SBU and fcu topology built by organic linker acetylenedicarboxylic acid,Hf-HHU-1,"Combined variation reflecting the article’s statement that months of changing concentration, temperature, reaction time, and reactant ratios failed to give Hf-HHU-1 before the final recipe was found (no other solvents were tried). Estimated representative values were used and cross-multiplied with a hard cap of 12 total combinations: temperatures (60, 120, 150 °C), times (0.5, 8 h), metal:linker ratios (0.5:1 and 2:1; metal amount computed from base linker = 1.0 mmol), and a single representative lower solvent volume for concentration (DMF 1.0 mL).","Negative data captured from the months-long optimization to form Hf-HHU-1, where varying concentration, temperature, time, and reactant ratios failed before the final recipe was found. No other solvents were attempted for Hf-HHU-1. Post-synthesis stability/activation failures are listed but excluded.",1,metal_1;solvent_main;temperature_c;time_h,HfOCl2·8H2O,HfOCl2·8H2O,2.0 mmol,2,mmol,,,,,,,,,,,acetylenedicarboxylic acid,H2ADC,114 mg (1 mmol),1,mmol,,,,,,,,,,,acetic acid,,2.5 mL,2.5,mL,,,,,,dimethylformamide,DMF,1.0 mL,1,,,,,2000,2,120,120.0 °C,8,8.0 h,screw-capped glass vial,static,"DMF, acetone","2× DMF (5 mL), 3× acetone (5 mL)",supercritical CO2 drying; vacuum at RT for 1 h,,1,white microcrystalline powder,230 mg (isolated),,fcu,Hf6O4(OH)4 12-connected SBU,dodecanuclear cluster SBU,"a=17.8529(6) Å, Fm-3m",,476,not_reported,no,200,water_harvesting,10.1021/acs.inorgchem.9b01408,ok,,,,
10.1021/ic500234r,yes,Attempted to fabricate nanoscale version of 2; repeated attempts did not materialize.,"a zinc metal-organic framework with Zn3(?2-OCO)2(COO)4 trinuclear SBU built by organic linkers biphenyl-4,4'-dicarboxylic acid and 4,4?-azobipyridine",,"Attempt to obtain a nanoscale version of framework 2 via coordination modulation, substituting Zn(NO3)2·6H2O with Zn(OAc)2·2H2O, did not materialize (repeated attempts). Anchored to bulk-2 conditions (DEF/2-methoxyethanol 1:1, 120 °C, 3 d). Zn(OAc)2 inferred from “in a similar way” to the MOF1N Zn(OAc)2-based method.",The paper reports repeated failures to miniaturize framework 2 ({[Zn3(bpdc)3(azpy)]·4H2O·2DEF}n) to nanoscale via a coordination modulation approach. We represent this as Zn(NO3)2·6H2O ? Zn(OAc)2·2H2O substitution against the successful 2 recipe.,2,metal_1,Zn(CH3COO)2·2H2O,,0.1 mmol,0.1,mmol,,,,,,,,,,,"biphenyl-4,4'-dicarboxylic acid",H2bpdc,"0.1 mmol, 0.024 g",0.1,mmol,"4,4?-azobipyridine",azpy,"0.2 mmol, 0.036 g",0.2,mmol,,,,,,,,,,,,,,,,"N,N-diethylformamide",DEF,"DEF/2-methoxyethanol (1:1 v/v), 10 mL total",10,2-methoxyethanol,,"DEF/2-methoxyethanol (1:1 v/v), 10 mL total",,10,1,120,120 °C,72,3 days,glass vial (30 mL),,"DMF, 2-methoxyethanol",several times,Activated at 170 °C under 1×10?1 Pa vacuum for 12 h prior to adsorption measurements,170,12,dark red crystals,75,,,Zn3(?2-OCO)2(COO)4 trinuclear SBU,trinuclear cluster SBU,"monoclinic, P21/n; a=14.1046(5) Å, b=19.9260(7) Å, c=25.9898(9) Å, ?=90°, ?=90.005(1)°, ?=90°",,200,not_reported,not_reported,345,CO2_capture,10.1021/ic500234r,ok,,,,
10.1002/ejic.201500133,yes,"Screened Zr salts/solvents/modulators; many conditions gave non-muconate phases or amorphous (e.g., high H2O equivalents).","a zirconium metal-organic framework with Zr6O4(OH)4 12-connected SBU built by organic linker trans,trans-muconic acid",ZrIV muconate,"Substitute the acid additive in the successful HCl/DMF/ZrCl4 recipe with other monocarboxylic acids. The paper states formic, acetic, and trifluoroacetic acids gave crystalline products that did not match the ZrIV muconate phase by XRPD. Amounts for each acid are set equal to the base HCl amount (0.43 mmol) since not given.","Negative conditions reported while optimizing ZrIV muconate: monocarboxylic-acid modulators in DMF with ZrCl4 gave crystalline but non-muconate products; large excesses of H2O or HCl additives degraded crystallinity (amorphous or impure). Plans are built only for identity changes, not modulator-amount-only cases.",2,modulator_1,ZrCl4,,"100 mg, 0.43 mmol",0.43,mmol,,,,,,,,,,,"trans,trans-muconic acid",,"61 mg, 0.43 mmol",0.43,mmol,,,,,,,,,,,formic acid,,0.43 mmol,0.43,mmol,,,,,,dimethylformamide,DMF,3 mL,3,,,,,143,1,150,150 °C,24,24 h,sealed glass tube,static,acetone,,"150 °C under vacuum for 12 h; optional MeOH exchange 24 h, then 150 °C under vacuum 12 h",150,12,white precipitate,89,,,Zr6O4(OH)4 12-connected SBU,dodecanuclear cluster SBU,"cubic; a=21.082(7) Å, V=9369.8(22) Å3",,557,no,no,250,gas_storage;gas_separation,10.1002/ejic.201500133,ok,,,,
10.1002/ejic.201500133,yes,"Screened Zr salts/solvents/modulators; many conditions gave non-muconate phases or amorphous (e.g., high H2O equivalents).","a zirconium metal-organic framework with Zr6O4(OH)4 12-connected SBU built by organic linker trans,trans-muconic acid",ZrIV muconate,"Substitute the acid additive in the successful HCl/DMF/ZrCl4 recipe with other monocarboxylic acids. The paper states formic, acetic, and trifluoroacetic acids gave crystalline products that did not match the ZrIV muconate phase by XRPD. Amounts for each acid are set equal to the base HCl amount (0.43 mmol) since not given.","Negative conditions reported while optimizing ZrIV muconate: monocarboxylic-acid modulators in DMF with ZrCl4 gave crystalline but non-muconate products; large excesses of H2O or HCl additives degraded crystallinity (amorphous or impure). Plans are built only for identity changes, not modulator-amount-only cases.",2,modulator_1,ZrCl4,,"100 mg, 0.43 mmol",0.43,mmol,,,,,,,,,,,"trans,trans-muconic acid",,"61 mg, 0.43 mmol",0.43,mmol,,,,,,,,,,,acetic acid,,0.43 mmol,0.43,mmol,,,,,,dimethylformamide,DMF,3 mL,3,,,,,143,1,150,150 °C,24,24 h,sealed glass tube,static,acetone,,"150 °C under vacuum for 12 h; optional MeOH exchange 24 h, then 150 °C under vacuum 12 h",150,12,white precipitate,89,,,Zr6O4(OH)4 12-connected SBU,dodecanuclear cluster SBU,"cubic; a=21.082(7) Å, V=9369.8(22) Å3",,557,no,no,250,gas_storage;gas_separation,10.1002/ejic.201500133,ok,,,,
10.1002/ejic.201500133,yes,"Screened Zr salts/solvents/modulators; many conditions gave non-muconate phases or amorphous (e.g., high H2O equivalents).","a zirconium metal-organic framework with Zr6O4(OH)4 12-connected SBU built by organic linker trans,trans-muconic acid",ZrIV muconate,"Substitute the acid additive in the successful HCl/DMF/ZrCl4 recipe with other monocarboxylic acids. The paper states formic, acetic, and trifluoroacetic acids gave crystalline products that did not match the ZrIV muconate phase by XRPD. Amounts for each acid are set equal to the base HCl amount (0.43 mmol) since not given.","Negative conditions reported while optimizing ZrIV muconate: monocarboxylic-acid modulators in DMF with ZrCl4 gave crystalline but non-muconate products; large excesses of H2O or HCl additives degraded crystallinity (amorphous or impure). Plans are built only for identity changes, not modulator-amount-only cases.",2,modulator_1,ZrCl4,,"100 mg, 0.43 mmol",0.43,mmol,,,,,,,,,,,"trans,trans-muconic acid",,"61 mg, 0.43 mmol",0.43,mmol,,,,,,,,,,,trifluoroacetic acid,,0.43 mmol,0.43,mmol,,,,,,dimethylformamide,DMF,3 mL,3,,,,,143,1,150,150 °C,24,24 h,sealed glass tube,static,acetone,,"150 °C under vacuum for 12 h; optional MeOH exchange 24 h, then 150 °C under vacuum 12 h",150,12,white precipitate,89,,,Zr6O4(OH)4 12-connected SBU,dodecanuclear cluster SBU,"cubic; a=21.082(7) Å, V=9369.8(22) Å3",,557,no,no,250,gas_storage;gas_separation,10.1002/ejic.201500133,ok,,,,
10.1002/ejic.201500133,yes,"Screened Zr salts/solvents/modulators; many conditions gave non-muconate phases or amorphous (e.g., high H2O equivalents).","a zirconium metal-organic framework with Zr6O4(OH)4 12-connected SBU built by organic linker trans,trans-muconic acid",ZrIV muconate,Negative conditions anchored to HCl-additive synthesis: SI Fig. S3 shows impurity at 10 eq HCl. Text: monocarboxylic acids yield crystalline non-muconate; only DMF with ZrCl4 + H2O/HCl gave target phase; other Zr salts/solvents screened without muconate.,"ZrIV muconate formed only from ZrCl4 in DMF with small H2O or conc HCl. Other Zr salts, DEF/DMA solvents, and monocarboxylic-acid modulators gave non-muconate or amorphous phases. Excess additive degraded crystallinity (H2O 50–100 eq amorphous; HCl 10 eq impure).",2,metal_1;modulator_1;solvent_main,ZrO(NO3)2,,0.43 mmol,0.43,mmol,,,,,,,,,,,"trans,trans-muconic acid",,"61 mg, 0.43 mmol",0.43,mmol,,,,,,,,,,,concentrated hydrochloric acid,HCl,4.3 mmol,4.3,mmol,,,,,,"N,N-diethylformamide",DEF,3.0 mL,3,,,,,143,1,150,150 °C,24,24 h,sealed glass tube,static,acetone,,"150 °C under vacuum for 12 h; optional MeOH exchange 24 h, then 150 °C under vacuum 12 h",150,12,white precipitate,89,,,Zr6O4(OH)4 12-connected SBU,dodecanuclear cluster SBU,"cubic; a=21.082(7) Å, V=9369.8(22) Å3",,557,no,no,250,gas_storage;gas_separation,10.1002/ejic.201500133,ok,,,,
10.1002/ejic.201500133,yes,"Screened Zr salts/solvents/modulators; many conditions gave non-muconate phases or amorphous (e.g., high H2O equivalents).","a zirconium metal-organic framework with Zr6O4(OH)4 12-connected SBU built by organic linker trans,trans-muconic acid",ZrIV muconate,Negative conditions anchored to HCl-additive synthesis: SI Fig. S3 shows impurity at 10 eq HCl. Text: monocarboxylic acids yield crystalline non-muconate; only DMF with ZrCl4 + H2O/HCl gave target phase; other Zr salts/solvents screened without muconate.,"ZrIV muconate formed only from ZrCl4 in DMF with small H2O or conc HCl. Other Zr salts, DEF/DMA solvents, and monocarboxylic-acid modulators gave non-muconate or amorphous phases. Excess additive degraded crystallinity (H2O 50–100 eq amorphous; HCl 10 eq impure).",2,metal_1;modulator_1;solvent_main,ZrO(NO3)2,,0.43 mmol,0.43,mmol,,,,,,,,,,,"trans,trans-muconic acid",,"61 mg, 0.43 mmol",0.43,mmol,,,,,,,,,,,concentrated hydrochloric acid,HCl,4.3 mmol,4.3,mmol,,,,,,"N,N-dimethylacetamide",DMAc,3.0 mL,3,,,,,143,1,150,150 °C,24,24 h,sealed glass tube,static,acetone,,"150 °C under vacuum for 12 h; optional MeOH exchange 24 h, then 150 °C under vacuum 12 h",150,12,white precipitate,89,,,Zr6O4(OH)4 12-connected SBU,dodecanuclear cluster SBU,"cubic; a=21.082(7) Å, V=9369.8(22) Å3",,557,no,no,250,gas_storage;gas_separation,10.1002/ejic.201500133,ok,,,,
10.1002/ejic.201500133,yes,"Screened Zr salts/solvents/modulators; many conditions gave non-muconate phases or amorphous (e.g., high H2O equivalents).","a zirconium metal-organic framework with Zr6O4(OH)4 12-connected SBU built by organic linker trans,trans-muconic acid",ZrIV muconate,Negative conditions anchored to HCl-additive synthesis: SI Fig. S3 shows impurity at 10 eq HCl. Text: monocarboxylic acids yield crystalline non-muconate; only DMF with ZrCl4 + H2O/HCl gave target phase; other Zr salts/solvents screened without muconate.,"ZrIV muconate formed only from ZrCl4 in DMF with small H2O or conc HCl. Other Zr salts, DEF/DMA solvents, and monocarboxylic-acid modulators gave non-muconate or amorphous phases. Excess additive degraded crystallinity (H2O 50–100 eq amorphous; HCl 10 eq impure).",2,metal_1;modulator_1;solvent_main,ZrOCl2·8H2O,,0.43 mmol,0.43,mmol,,,,,,,,,,,"trans,trans-muconic acid",,"61 mg, 0.43 mmol",0.43,mmol,,,,,,,,,,,concentrated hydrochloric acid,HCl,4.3 mmol,4.3,mmol,,,,,,"N,N-diethylformamide",DEF,3.0 mL,3,,,,,143,1,150,150 °C,24,24 h,sealed glass tube,static,acetone,,"150 °C under vacuum for 12 h; optional MeOH exchange 24 h, then 150 °C under vacuum 12 h",150,12,white precipitate,89,,,Zr6O4(OH)4 12-connected SBU,dodecanuclear cluster SBU,"cubic; a=21.082(7) Å, V=9369.8(22) Å3",,557,no,no,250,gas_storage;gas_separation,10.1002/ejic.201500133,ok,,,,
10.1002/ejic.201500133,yes,"Screened Zr salts/solvents/modulators; many conditions gave non-muconate phases or amorphous (e.g., high H2O equivalents).","a zirconium metal-organic framework with Zr6O4(OH)4 12-connected SBU built by organic linker trans,trans-muconic acid",ZrIV muconate,Negative conditions anchored to HCl-additive synthesis: SI Fig. S3 shows impurity at 10 eq HCl. Text: monocarboxylic acids yield crystalline non-muconate; only DMF with ZrCl4 + H2O/HCl gave target phase; other Zr salts/solvents screened without muconate.,"ZrIV muconate formed only from ZrCl4 in DMF with small H2O or conc HCl. Other Zr salts, DEF/DMA solvents, and monocarboxylic-acid modulators gave non-muconate or amorphous phases. Excess additive degraded crystallinity (H2O 50–100 eq amorphous; HCl 10 eq impure).",2,metal_1;modulator_1;solvent_main,ZrOCl2·8H2O,,0.43 mmol,0.43,mmol,,,,,,,,,,,"trans,trans-muconic acid",,"61 mg, 0.43 mmol",0.43,mmol,,,,,,,,,,,concentrated hydrochloric acid,HCl,4.3 mmol,4.3,mmol,,,,,,"N,N-dimethylacetamide",DMAc,3.0 mL,3,,,,,143,1,150,150 °C,24,24 h,sealed glass tube,static,acetone,,"150 °C under vacuum for 12 h; optional MeOH exchange 24 h, then 150 °C under vacuum 12 h",150,12,white precipitate,89,,,Zr6O4(OH)4 12-connected SBU,dodecanuclear cluster SBU,"cubic; a=21.082(7) Å, V=9369.8(22) Å3",,557,no,no,250,gas_storage;gas_separation,10.1002/ejic.201500133,ok,,,,
10.1002/ejic.201500133,yes,"Screened Zr salts/solvents/modulators; many conditions gave non-muconate phases or amorphous (e.g., high H2O equivalents).","a zirconium metal-organic framework with Zr6O4(OH)4 12-connected SBU built by organic linker trans,trans-muconic acid",ZrIV muconate,"Negative conditions from screening: text “reactions in all possible combinations…”, success only with ZrCl4 + H2O/HCl in DMF; monocarboxylic acids gave non-muconate (XRPD). SI Fig. S2: 50 and 100 eq H2O amorphous. DEF/DMA solvents screened (no muconate).","ZrIV muconate formed only from ZrCl4 in DMF with small H2O or conc HCl. Other Zr salts, DEF/DMA solvents, and monocarboxylic-acid modulators gave non-muconate or amorphous phases. Excess additive degraded crystallinity (H2O 50–100 eq amorphous; HCl 10 eq impure).",1,metal_1;modulator_1;solvent_main,ZrO(NO3)2,,0.43 mmol,0.43,mmol,,,,,,,,,,,"trans,trans-muconic acid",,"61 mg, 0.43 mmol",0.43,mmol,,,,,,,,,,,water,H2O,21.5 mmol,21.5,mmol,,,,,,"N,N-diethylformamide",DEF,3.0 mL,3,,,,,143,1,150,150 °C,24,24 h,sealed glass tube,static,acetone,,"150 °C under vacuum for 12 h; optional MeOH exchange 24 h, then 150 °C under vacuum 12 h",150,12,white precipitate,88,,,Zr6O4(OH)4 12-connected SBU,dodecanuclear cluster SBU,"cubic; a=20.950(9) Å, V=9194.5(14) Å3",,,not_reported,not_reported,250,,10.1002/ejic.201500133,ok,,,,
10.1002/ejic.201500133,yes,"Screened Zr salts/solvents/modulators; many conditions gave non-muconate phases or amorphous (e.g., high H2O equivalents).","a zirconium metal-organic framework with Zr6O4(OH)4 12-connected SBU built by organic linker trans,trans-muconic acid",ZrIV muconate,"Negative conditions from screening: text “reactions in all possible combinations…”, success only with ZrCl4 + H2O/HCl in DMF; monocarboxylic acids gave non-muconate (XRPD). SI Fig. S2: 50 and 100 eq H2O amorphous. DEF/DMA solvents screened (no muconate).","ZrIV muconate formed only from ZrCl4 in DMF with small H2O or conc HCl. Other Zr salts, DEF/DMA solvents, and monocarboxylic-acid modulators gave non-muconate or amorphous phases. Excess additive degraded crystallinity (H2O 50–100 eq amorphous; HCl 10 eq impure).",1,metal_1;modulator_1;solvent_main,ZrO(NO3)2,,0.43 mmol,0.43,mmol,,,,,,,,,,,"trans,trans-muconic acid",,"61 mg, 0.43 mmol",0.43,mmol,,,,,,,,,,,water,H2O,21.5 mmol,21.5,mmol,,,,,,"N,N-dimethylacetamide",DMAc,3.0 mL,3,,,,,143,1,150,150 °C,24,24 h,sealed glass tube,static,acetone,,"150 °C under vacuum for 12 h; optional MeOH exchange 24 h, then 150 °C under vacuum 12 h",150,12,white precipitate,88,,,Zr6O4(OH)4 12-connected SBU,dodecanuclear cluster SBU,"cubic; a=20.950(9) Å, V=9194.5(14) Å3",,,not_reported,not_reported,250,,10.1002/ejic.201500133,ok,,,,
10.1002/ejic.201500133,yes,"Screened Zr salts/solvents/modulators; many conditions gave non-muconate phases or amorphous (e.g., high H2O equivalents).","a zirconium metal-organic framework with Zr6O4(OH)4 12-connected SBU built by organic linker trans,trans-muconic acid",ZrIV muconate,"Negative conditions from screening: text “reactions in all possible combinations…”, success only with ZrCl4 + H2O/HCl in DMF; monocarboxylic acids gave non-muconate (XRPD). SI Fig. S2: 50 and 100 eq H2O amorphous. DEF/DMA solvents screened (no muconate).","ZrIV muconate formed only from ZrCl4 in DMF with small H2O or conc HCl. Other Zr salts, DEF/DMA solvents, and monocarboxylic-acid modulators gave non-muconate or amorphous phases. Excess additive degraded crystallinity (H2O 50–100 eq amorphous; HCl 10 eq impure).",1,metal_1;modulator_1;solvent_main,ZrO(NO3)2,,0.43 mmol,0.43,mmol,,,,,,,,,,,"trans,trans-muconic acid",,"61 mg, 0.43 mmol",0.43,mmol,,,,,,,,,,,benzoic acid,,1.11 mmol,1.11,mmol,,,,,,"N,N-diethylformamide",DEF,3.0 mL,3,,,,,143,1,150,150 °C,24,24 h,sealed glass tube,static,acetone,,"150 °C under vacuum for 12 h; optional MeOH exchange 24 h, then 150 °C under vacuum 12 h",150,12,white precipitate,88,,,Zr6O4(OH)4 12-connected SBU,dodecanuclear cluster SBU,"cubic; a=20.950(9) Å, V=9194.5(14) Å3",,,not_reported,not_reported,250,,10.1002/ejic.201500133,ok,,,,
10.1039/c7dt01084b,yes,"Without HAc modulator, UiO-66-PYDC showed almost undetectable XRD peaks and zero N2 uptake (poor crystallinity).","a zirconium metal-organic framework with Zr6O4(OH)4 cluster built by organic linker 2,5-pyridinedicarboxylic acid",UiO-66-PYDC,"Built against Success 2 (water/HAc, 100 °C, 24 h). Remove the acetic acid modulator; set solvent to H2O 10 mL per Table S1 (HAc = 0, H2O = 10). The paper reports ‘characteristic peaks almost undetectable’ (Fig. S1a) and no N2 adsorption (Fig. S3f; Table S2), i.e., amorphous/zero porosity.","Negative conditions for UiO-66-PYDC hydrothermal synthesis: absence of acetic acid modulator gave almost undetectable PXRD peaks and zero N2 uptake (amorphous/poorly crystalline). Built against the successful water/HAc syntheses at 100 °C, 24 h.",2,modulator_1;solvent_main,ZrCl4,ZrCl4,0.233 g (1 mmol),1,mmol,,,,,,,,,,,"2,5-pyridinedicarboxylic acid",PYDC,0.168 g (1 mmol),1,mmol,,,,,,,,,,,,,,,,,,,,,water,H2O,10.0 mL,10,,,,,100,1,100,100 °C,24,24 h,20 mL screw glass bottle,static,H2O,three times at RT,ethanol exchange at 60 °C for 3 d; then 80 °C under vacuum for 24 h,80,24,white octahedra,,100–300 nm,,Zr6O4(OH)4 cluster,polynuclear cluster SBU,,,953,not_reported,yes,400,I2 delivery,10.1039/c7dt01084b,ok,,,,
10.1021/acs.cgd.9b00611,yes,At 60 °C no MOF formed; many conditions gave ZJU-28 or mixtures; Et4NBr gave inconsistent mixtures; phase-pure ZJU-28? not obtained.,"an indium metal-organic framework with [In(CO2R)3Cl]? tritopic SBU and hcb topology built by organic linker 4,4?,4?-benzene-1,3,5-triyl-tribenzoic acid",YCM-31,Temperature lowered to 60 °C and time extended to 5 d versus the YCM-31/spPPCl base; the paper states no MOF formed at 60 °C under any ammonium salt/amount set.,Negative conditions from In–BTB MOF screens: at 60 °C/5 d no MOF formed; Et4NBr gave inconsistent mixtures across 80–120 °C and 0.37–1.00 equiv; non?optimal spPPCl conditions produced either ZJU?28 or unpredictable YCM?31/YCM?32. Pure ZJU?28 outcomes are excluded as identified alternates.,1,temperature_c;time_h,InCl3,,"291 mg, 1.32 mmol, 1.00 equiv",1.32,mmol,,,,,,,,,,,"4,4?,4?-benzene-1,3,5-triyl-tribenzoic acid",H3BTB,"275 mg, 0.620 mmol, 0.47 equiv",0.62,mmol,,,,,,,,,,,spirocyclic piperidinium chloride,spPPCl,"232 mg, 1.32 mmol, 1.00 equiv",1.32,mmol,,,,,,dimethylformamide,DMF,18 mL,18,"1,4-dioxane",,12 mL,12,73,2.13,60,60.0 °C,120,120.0 h,glass scintillation vial with Teflon-lined cap,static,DMF,"3×, 10 mL each",dried in vacuo at room temperature,,,,,,hcb,[In(CO2R)3Cl]? tritopic SBU,polynuclear cluster SBU,,,,not_reported,no,,,10.1021/acs.cgd.9b00611,ok,,,,
10.1021/acs.cgd.9b00611,yes,At 60 °C no MOF formed; many conditions gave ZJU-28 or mixtures; Et4NBr gave inconsistent mixtures; phase-pure ZJU-28? not obtained.,"an indium metal-organic framework with [In(CO2R)3Cl]? tritopic SBU built by organic linker 4,4?,4?-benzene-1,3,5-triyl-tribenzoic acid",YCM-32,Temperature lowered to 60 °C and time extended to 5 d versus the YCM-32/Et4NCl base; authors report no MOF formed at 60 °C.,Negative conditions from In–BTB MOF screens: at 60 °C/5 d no MOF formed; Et4NBr gave inconsistent mixtures across 80–120 °C and 0.37–1.00 equiv; non?optimal spPPCl conditions produced either ZJU?28 or unpredictable YCM?31/YCM?32. Pure ZJU?28 outcomes are excluded as identified alternates.,4,temperature_c;time_h,InCl3,,"291 mg, 1.32 mmol, 1.00 equiv",1.32,mmol,,,,,,,,,,,"4,4?,4?-benzene-1,3,5-triyl-tribenzoic acid",H3BTB,"275 mg, 0.620 mmol, 0.47 equiv",0.62,mmol,,,,,,,,,,,tetraethylammonium chloride,Et4NCl,"219 mg, 1.32 mmol, 1.00 equiv",1.32,mmol,,,,,,dimethylformamide,DMF,18 mL,18,"1,4-dioxane",,12 mL,12,73,2.13,60,60.0 °C,120,120.0 h,glass scintillation vial with Teflon-lined cap,static,DMF,"3×, 10 mL each",dried in vacuo at room temperature,,,,,,,[In(CO2R)3Cl]? tritopic SBU,polynuclear cluster SBU,,,,not_reported,no,,,10.1021/acs.cgd.9b00611,ok,,,,
10.1021/acs.cgd.9b00611,yes,At 60 °C no MOF formed; many conditions gave ZJU-28 or mixtures; Et4NBr gave inconsistent mixtures; phase-pure ZJU-28? not obtained.,"an indium metal-organic framework with [In(CO2R)3Cl]? tritopic SBU built by organic linker 4,4?,4?-benzene-1,3,5-triyl-tribenzoic acid",YCM-32,Temperature lowered to 60 °C and time extended to 5 d versus the YCM-32/spMPBr base; the article states no MOF formed at 60 °C.,Negative conditions from In–BTB MOF screens: at 60 °C/5 d no MOF formed; Et4NBr gave inconsistent mixtures across 80–120 °C and 0.37–1.00 equiv; non?optimal spPPCl conditions produced either ZJU?28 or unpredictable YCM?31/YCM?32. Pure ZJU?28 outcomes are excluded as identified alternates.,3,temperature_c;time_h,InCl3,,"291 mg, 1.32 mmol, 1.00 equiv",1.32,mmol,,,,,,,,,,,"4,4?,4?-benzene-1,3,5-triyl-tribenzoic acid",H3BTB,"275 mg, 0.620 mmol, 0.47 equiv",0.62,mmol,,,,,,,,,,,spirocyclic morpholinium bromide,spMPBr,"293 mg, 1.32 mmol, 1.00 equiv",1.32,mmol,,,,,,dimethylformamide,DMF,18 mL,18,"1,4-dioxane",,12 mL,12,73,2.13,60,60.0 °C,120,120.0 h,glass scintillation vial with Teflon-lined cap,static,DMF,"3×, 10 mL each",dried in vacuo at room temperature,,,,,,,[In(CO2R)3Cl]? tritopic SBU,polynuclear cluster SBU,,,,not_reported,no,,,10.1021/acs.cgd.9b00611,ok,,,,
10.1021/acs.cgd.9b00611,yes,At 60 °C no MOF formed; many conditions gave ZJU-28 or mixtures; Et4NBr gave inconsistent mixtures; phase-pure ZJU-28? not obtained.,"an indium metal-organic framework with [In(CO2R)3Cl]? tritopic SBU built by organic linker 4,4?,4?-benzene-1,3,5-triyl-tribenzoic acid",YCM-32,Temperature lowered to 60 °C and time extended to 5 d versus the YCM-32/spPPBr base; authors report no MOF formed at 60 °C across the screen.,Negative conditions from In–BTB MOF screens: at 60 °C/5 d no MOF formed; Et4NBr gave inconsistent mixtures across 80–120 °C and 0.37–1.00 equiv; non?optimal spPPCl conditions produced either ZJU?28 or unpredictable YCM?31/YCM?32. Pure ZJU?28 outcomes are excluded as identified alternates.,2,temperature_c;time_h,InCl3,,"291 mg, 1.32 mmol, 1.00 equiv",1.32,mmol,,,,,,,,,,,"4,4?,4?-benzene-1,3,5-triyl-tribenzoic acid",H3BTB,"275 mg, 0.620 mmol, 0.47 equiv",0.62,mmol,,,,,,,,,,,spirocyclic piperidinium bromide,spPPBr,"290 mg, 1.32 mmol, 1.00 equiv",1.32,mmol,,,,,,dimethylformamide,DMF,18 mL,18,"1,4-dioxane",,12 mL,12,73,2.13,60,60.0 °C,120,120.0 h,glass scintillation vial with Teflon-lined cap,static,DMF,"3×, 10 mL each",dried in vacuo at room temperature,,,,,,,[In(CO2R)3Cl]? tritopic SBU,polynuclear cluster SBU,,,,not_reported,no,,,10.1021/acs.cgd.9b00611,ok,,,,
10.1002/chem.202402363,yes,La–Sm analogues could not be obtained; dram vials sometimes gave no product or mixed phases (MOF-76 + RE-CU-45).,"a europium metal-organic framework with RE6 6-connected SBU; ?3-F/?3-OH bridges and spn topology built by organic linker benzene-1,3,5-tricarboxylic acid",Eu-CU-45,"Applying the original Y?CU?45 procedure to Eu (0.31 mmol Eu, 1.53 mmol 2,6?dFBA, 1.5 mL DMF; TFA unchanged) did not give phase?pure Eu?CU?45; phase?pure Eu required higher modulator, lower metal, and less DMF. This plan encodes the failing ‘original Y’ Eu condition.",Negative data include: La–Sm-CU-45 analogues could not be obtained; 6?dram vials caused no product or mixed phases (RE-MOF-76 present); Eu-CU-45 was not phase-pure under the original Y-CU-45 recipe. Plans capture La–Sm metal substitutions and Eu under the Y procedure.,10,metal_1;modulator_1;solvent_main,Eu(NO3)3,,0.31 mmol,0.31,mmol,,,,,,,,,,,"benzene-1,3,5-tricarboxylic acid",BTC,"13.5 mg, 0.065 mmol",0.065,mmol,,,,,,,,,,,"2,6-difluorobenzoic acid","2,6-dFBA",1.53 mmol,1.53,mmol,trifluoroacetic acid,TFA,0.3 mL (3.92 mmol),3.92,mmol,dimethylformamide,DMF,1.5 mL,1.5,,,,,207,4.77,130,130 °C,120,120 h (5 days),"25 mL reaction jar (PBT cap, PTFE seal)",static,"DMF, acetone",three times over 24 h (each solvent),60 °C under vacuum for 24 h,60,24,"light-yellow, octahedra",,,spn,RE6 6-connected SBU; ?3-F/?3-OH bridges,trinuclear ?3-oxo trimer cluster SBU,,,830,not_reported,not_reported,460,luminescence,10.1002/chem.202402363,ok,,,,
10.1002/chem.202402363,yes,La–Sm analogues could not be obtained; dram vials sometimes gave no product or mixed phases (MOF-76 + RE-CU-45).,"a lanthanum metal-organic framework with RE6 6-connected SBU; ?3-F/?3-OH bridges and spn topology built by organic linker benzene-1,3,5-tricarboxylic acid",Y-CU-45,Replacing Y(III) with earlier lanthanoids (La–Sm) under the Y?CU?45 solvothermal protocol failed: the paper states La–Sm analogues could not be obtained despite multiple optimization attempts. Represented as metal substitutions; metal amounts carried from the base.,Negative data include: La–Sm-CU-45 analogues could not be obtained; 6?dram vials caused no product or mixed phases (RE-MOF-76 present); Eu-CU-45 was not phase-pure under the original Y-CU-45 recipe. Plans capture La–Sm metal substitutions and Eu under the Y procedure.,1,metal_1,La(NO3)3,,0.31 mmol,0.31,mmol,,,,,,,,,,,"benzene-1,3,5-tricarboxylic acid",BTC,"13.5 mg, 0.065 mmol",0.065,mmol,,,,,,,,,,,"2,6-difluorobenzoic acid","2,6-dFBA","242 mg, 1.53 mmol",1.53,mmol,trifluoroacetic acid,TFA,0.3 mL (3.92 mmol),3.92,mmol,dimethylformamide,DMF,1.5 mL,1.5,,,,,207,4.77,130,130 °C,120,120 h (5 days),"25 mL reaction jar (PBT cap, PTFE seal)",static,"DMF, acetone",three times over 24 h (each solvent),60 °C under vacuum for 24 h,60,24,"light-yellow, octahedra",,,spn,RE6 6-connected SBU; ?3-F/?3-OH bridges,trinuclear ?3-oxo trimer cluster SBU,"a=36.079 Å, Fd-3m",,,not_reported,not_reported,,luminescence,10.1002/chem.202402363,ok,,,,
10.1002/chem.202402363,yes,La–Sm analogues could not be obtained; dram vials sometimes gave no product or mixed phases (MOF-76 + RE-CU-45).,"a cerium metal-organic framework with RE6 6-connected SBU; ?3-F/?3-OH bridges and spn topology built by organic linker benzene-1,3,5-tricarboxylic acid",Y-CU-45,Replacing Y(III) with earlier lanthanoids (La–Sm) under the Y?CU?45 solvothermal protocol failed: the paper states La–Sm analogues could not be obtained despite multiple optimization attempts. Represented as metal substitutions; metal amounts carried from the base.,Negative data include: La–Sm-CU-45 analogues could not be obtained; 6?dram vials caused no product or mixed phases (RE-MOF-76 present); Eu-CU-45 was not phase-pure under the original Y-CU-45 recipe. Plans capture La–Sm metal substitutions and Eu under the Y procedure.,1,metal_1,Ce(NO3)3,,0.31 mmol,0.31,mmol,,,,,,,,,,,"benzene-1,3,5-tricarboxylic acid",BTC,"13.5 mg, 0.065 mmol",0.065,mmol,,,,,,,,,,,"2,6-difluorobenzoic acid","2,6-dFBA","242 mg, 1.53 mmol",1.53,mmol,trifluoroacetic acid,TFA,0.3 mL (3.92 mmol),3.92,mmol,dimethylformamide,DMF,1.5 mL,1.5,,,,,207,4.77,130,130 °C,120,120 h (5 days),"25 mL reaction jar (PBT cap, PTFE seal)",static,"DMF, acetone",three times over 24 h (each solvent),60 °C under vacuum for 24 h,60,24,"light-yellow, octahedra",,,spn,RE6 6-connected SBU; ?3-F/?3-OH bridges,trinuclear ?3-oxo trimer cluster SBU,"a=36.079 Å, Fd-3m",,,not_reported,not_reported,,luminescence,10.1002/chem.202402363,ok,,,,
10.1002/chem.202402363,yes,La–Sm analogues could not be obtained; dram vials sometimes gave no product or mixed phases (MOF-76 + RE-CU-45).,"a praseodymium metal-organic framework with RE6 6-connected SBU; ?3-F/?3-OH bridges and spn topology built by organic linker benzene-1,3,5-tricarboxylic acid",Y-CU-45,Replacing Y(III) with earlier lanthanoids (La–Sm) under the Y?CU?45 solvothermal protocol failed: the paper states La–Sm analogues could not be obtained despite multiple optimization attempts. Represented as metal substitutions; metal amounts carried from the base.,Negative data include: La–Sm-CU-45 analogues could not be obtained; 6?dram vials caused no product or mixed phases (RE-MOF-76 present); Eu-CU-45 was not phase-pure under the original Y-CU-45 recipe. Plans capture La–Sm metal substitutions and Eu under the Y procedure.,1,metal_1,Pr(NO3)3,,0.31 mmol,0.31,mmol,,,,,,,,,,,"benzene-1,3,5-tricarboxylic acid",BTC,"13.5 mg, 0.065 mmol",0.065,mmol,,,,,,,,,,,"2,6-difluorobenzoic acid","2,6-dFBA","242 mg, 1.53 mmol",1.53,mmol,trifluoroacetic acid,TFA,0.3 mL (3.92 mmol),3.92,mmol,dimethylformamide,DMF,1.5 mL,1.5,,,,,207,4.77,130,130 °C,120,120 h (5 days),"25 mL reaction jar (PBT cap, PTFE seal)",static,"DMF, acetone",three times over 24 h (each solvent),60 °C under vacuum for 24 h,60,24,"light-yellow, octahedra",,,spn,RE6 6-connected SBU; ?3-F/?3-OH bridges,trinuclear ?3-oxo trimer cluster SBU,"a=36.079 Å, Fd-3m",,,not_reported,not_reported,,luminescence,10.1002/chem.202402363,ok,,,,
10.1002/chem.202402363,yes,La–Sm analogues could not be obtained; dram vials sometimes gave no product or mixed phases (MOF-76 + RE-CU-45).,"a neodymium metal-organic framework with RE6 6-connected SBU; ?3-F/?3-OH bridges and spn topology built by organic linker benzene-1,3,5-tricarboxylic acid",Y-CU-45,Replacing Y(III) with earlier lanthanoids (La–Sm) under the Y?CU?45 solvothermal protocol failed: the paper states La–Sm analogues could not be obtained despite multiple optimization attempts. Represented as metal substitutions; metal amounts carried from the base.,Negative data include: La–Sm-CU-45 analogues could not be obtained; 6?dram vials caused no product or mixed phases (RE-MOF-76 present); Eu-CU-45 was not phase-pure under the original Y-CU-45 recipe. Plans capture La–Sm metal substitutions and Eu under the Y procedure.,1,metal_1,Nd(NO3)3,,0.31 mmol,0.31,mmol,,,,,,,,,,,"benzene-1,3,5-tricarboxylic acid",BTC,"13.5 mg, 0.065 mmol",0.065,mmol,,,,,,,,,,,"2,6-difluorobenzoic acid","2,6-dFBA","242 mg, 1.53 mmol",1.53,mmol,trifluoroacetic acid,TFA,0.3 mL (3.92 mmol),3.92,mmol,dimethylformamide,DMF,1.5 mL,1.5,,,,,207,4.77,130,130 °C,120,120 h (5 days),"25 mL reaction jar (PBT cap, PTFE seal)",static,"DMF, acetone",three times over 24 h (each solvent),60 °C under vacuum for 24 h,60,24,"light-yellow, octahedra",,,spn,RE6 6-connected SBU; ?3-F/?3-OH bridges,trinuclear ?3-oxo trimer cluster SBU,"a=36.079 Å, Fd-3m",,,not_reported,not_reported,,luminescence,10.1002/chem.202402363,ok,,,,
10.1002/chem.202402363,yes,La–Sm analogues could not be obtained; dram vials sometimes gave no product or mixed phases (MOF-76 + RE-CU-45).,"a samarium metal-organic framework with RE6 6-connected SBU; ?3-F/?3-OH bridges and spn topology built by organic linker benzene-1,3,5-tricarboxylic acid",Y-CU-45,Replacing Y(III) with earlier lanthanoids (La–Sm) under the Y?CU?45 solvothermal protocol failed: the paper states La–Sm analogues could not be obtained despite multiple optimization attempts. Represented as metal substitutions; metal amounts carried from the base.,Negative data include: La–Sm-CU-45 analogues could not be obtained; 6?dram vials caused no product or mixed phases (RE-MOF-76 present); Eu-CU-45 was not phase-pure under the original Y-CU-45 recipe. Plans capture La–Sm metal substitutions and Eu under the Y procedure.,1,metal_1,Sm(NO3)3,,0.31 mmol,0.31,mmol,,,,,,,,,,,"benzene-1,3,5-tricarboxylic acid",BTC,"13.5 mg, 0.065 mmol",0.065,mmol,,,,,,,,,,,"2,6-difluorobenzoic acid","2,6-dFBA","242 mg, 1.53 mmol",1.53,mmol,trifluoroacetic acid,TFA,0.3 mL (3.92 mmol),3.92,mmol,dimethylformamide,DMF,1.5 mL,1.5,,,,,207,4.77,130,130 °C,120,120 h (5 days),"25 mL reaction jar (PBT cap, PTFE seal)",static,"DMF, acetone",three times over 24 h (each solvent),60 °C under vacuum for 24 h,60,24,"light-yellow, octahedra",,,spn,RE6 6-connected SBU; ?3-F/?3-OH bridges,trinuclear ?3-oxo trimer cluster SBU,"a=36.079 Å, Fd-3m",,,not_reported,not_reported,,luminescence,10.1002/chem.202402363,ok,,,,
10.1021/acs.cgd.6b01533,yes,"At ZrCl4/H2BDC = 1:2 with Cu2O (R=1.2), product was amorphous/low crystallinity (sample 3a).",a zirconium metal-organic framework built by organic linker terephthalic acid,UiO-66,"Explicitly failed stoichiometry: ZrCl4/H2BDC = 1:2 with Cu2O R = 1.2 gave amorphous/very low crystallinity (text: “when the ZrCl4/H2BDC molar ratio was 1:2… amorphous phase”, Fig. 9a; Table 2, sample 3a).","UiO-66 via DMF/AcOH with Cu additives: all Cu salts and R values yielded crystalline UiO-66. Explicit failure: ZrCl4/H2BDC = 1:2 at Cu2O R = 1.2 gave amorphous/very low crystallinity (sample 3a). No temperature, time, or solvent screens reported to fail.",5,metal_1;linker_1,ZrCl4,ZrCl4,0.681 mmol,0.681,mmol,,,,,,,,,,,terephthalic acid,H2BDC,1.362 mmol,1.362,mmol,,,,,,,,,,,acetic acid,AcOH,2.5 mL,,,cuprous oxide,Cu2O,0.817 mmol (R = 1.2),0.817,mmol,dimethylformamide,DMF,30 mL,30,,,,,23,0.5,120,120 °C,24,24 h,Teflon-lined autoclave (100 mL),ultrasonicated to dissolve; static during heating,"DMF, MeOH, H2O",several times,dried under vacuum at 60 °C overnight,60,,nanocrystals,,mean crystal size ~48 nm,,,,,,1164,not_reported,not_reported,,,10.1021/acs.cgd.6b01533,ok,,,yes,original_reference_notes
10.1021/acs.cgd.6b01533,yes,"At ZrCl4/H2BDC = 1:2 with Cu2O (R=1.2), product was amorphous/low crystallinity (sample 3a).",a zirconium metal-organic framework built by organic linker terephthalic acid,UiO-66,"Sample 3a (section 3.4; Table 2): keeping Cu2O additive at R = 1.2 and all other conditions as in the successful Cu2O-assisted synthesis (120 °C, 24 h; DMF 30 mL; AcOH 2.5 mL; H2BDC 1.362 mmol), lowering ZrCl4/H2BDC to 1:2 by reducing ZrCl4 to 0.681 mmol produced a very broad XRD peak (amorphous/low crystallinity) and small ambiguous particles. Represented as reduced ZrCl4 amount versus Success 5.",UiO-66 synthesized solvothermally in DMF with AcOH and Cu additives. Most Cu additive conditions gave pure UiO-66. A ZrCl4/H2BDC = 1:2 condition at Cu2O R = 1.2 produced an amorphous/very low-crystallinity product (sample 3a).,5,metal_1,ZrCl4,ZrCl4,0.681 mmol,0.681,mmol,,,,,,,,,,,terephthalic acid,H2BDC,0.226 g (1.362 mmol),1.362,mmol,,,,,,,,,,,acetic acid,AcOH,2.5 mL,,,cuprous oxide,Cu2O,0.817 mmol (R = 1.2),0.817,mmol,dimethylformamide,DMF,30 mL,30,,,,,23,0.5,120,120 °C,24,24 h,Teflon-lined autoclave (100 mL),ultrasonicated to dissolve; static during heating,"DMF, MeOH, H2O",several times,dried under vacuum at 60 °C overnight,60,,nanocrystals,,mean crystal size ~48 nm,,,,,,1164,not_reported,not_reported,,,10.1021/acs.cgd.6b01533,ok,,,,
10.1021/acs.cgd.6b01533,yes,"At ZrCl4/H2BDC = 1:2 with Cu2O (R=1.2), product was amorphous/low crystallinity (sample 3a).",a zirconium metal-organic framework built by organic linker terephthalic acid,UiO-66,Explicit failure included: ZrCl4/H2BDC = 1:2 with Cu2O R = 1.2 gave amorphous/low crystallinity; text: 'crystallinity... amorphous phase' Fig. 9a; Table 2 (sample 3a).,"UiO-66 formed amorphous/low-crystallinity solids when ZrCl4/H2BDC = 1:2 with Cu2O additive (R = 1.2) at 120 °C, 24 h. Other tested Cu additives and stoichiometries yielded crystalline UiO-66. We compile this explicit failure across all base protocols.",1,metal_1;linker_1;modulator_1,ZrCl4,ZrCl4,0.681 mmol,0.681,mmol,,,,,,,,,,,terephthalic acid,H2BDC,1.362 mmol,1.362,mmol,,,,,,,,,,,cuprous oxide,Cu2O,0.817 mmol,0.817,mmol,,,,,,dimethylformamide,DMF,30 mL,30,,,,,23,0.5,120,120 °C,24,24 h,Teflon-lined autoclave (100 mL),ultrasonicated to dissolve; static during heating,"DMF, MeOH, H2O",several times,dried under vacuum at 60 °C overnight,60,,octahedra,,mean crystal size ~265 nm,,,,,,1358,not_reported,not_reported,,,10.1021/acs.cgd.6b01533,ok,,,,
10.1021/acs.cgd.6b01533,yes,"At ZrCl4/H2BDC = 1:2 with Cu2O (R=1.2), product was amorphous/low crystallinity (sample 3a).",a zirconium metal-organic framework built by organic linker terephthalic acid,UiO-66,Explicit failure included: ZrCl4/H2BDC = 1:2 with Cu2O R = 1.2 gave amorphous/low crystallinity; text: 'crystallinity... amorphous phase' Fig. 9a; Table 2 (sample 3a).,"UiO-66 formed amorphous/low-crystallinity solids when ZrCl4/H2BDC = 1:2 with Cu2O additive (R = 1.2) at 120 °C, 24 h. Other tested Cu additives and stoichiometries yielded crystalline UiO-66. We compile this explicit failure across all base protocols.",7,metal_1;linker_1;modulator_1,ZrCl4,ZrCl4,0.681 mmol,0.681,mmol,,,,,,,,,,,terephthalic acid,H2BDC,1.362 mmol,1.362,mmol,,,,,,,,,,,cuprous oxide,Cu2O,0.817 mmol,0.817,mmol,copper(I) chloride,CuCl,R = 0.5 (Cu/ZrCl4),,,dimethylformamide,DMF,30 mL,30,,,,,23,0.5,120,120 °C,24,24 h,Teflon-lined autoclave (100 mL),ultrasonicated to dissolve; static during heating,"DMF, MeOH, H2O",several times,dried under vacuum at 60 °C overnight,60,,octahedra,,mean crystal size ~91 nm,,,,,,1318,not_reported,not_reported,,,10.1021/acs.cgd.6b01533,ok,,,,
10.1021/acs.cgd.6b01533,yes,"At ZrCl4/H2BDC = 1:2 with Cu2O (R=1.2), product was amorphous/low crystallinity (sample 3a).",a zirconium metal-organic framework built by organic linker terephthalic acid,UiO-66,Explicit failure included: ZrCl4/H2BDC = 1:2 with Cu2O R = 1.2 gave amorphous/low crystallinity; text: 'crystallinity... amorphous phase' Fig. 9a; Table 2 (sample 3a).,"UiO-66 formed amorphous/low-crystallinity solids when ZrCl4/H2BDC = 1:2 with Cu2O additive (R = 1.2) at 120 °C, 24 h. Other tested Cu additives and stoichiometries yielded crystalline UiO-66. We compile this explicit failure across all base protocols.",11,metal_1;linker_1;modulator_1,ZrCl4,ZrCl4,0.681 mmol,0.681,mmol,,,,,,,,,,,terephthalic acid,H2BDC,1.362 mmol,1.362,mmol,,,,,,,,,,,cuprous oxide,Cu2O,0.817 mmol,0.817,mmol,copper(I) iodide,CuI,R = 0.5 (Cu/ZrCl4),,,dimethylformamide,DMF,30 mL,30,,,,,23,0.5,120,120 °C,24,24 h,Teflon-lined autoclave (100 mL),ultrasonicated to dissolve; static during heating,"DMF, MeOH, H2O",several times,dried under vacuum at 60 °C overnight,60,,octahedra,,mean crystal size ~190 nm,,,,,,,not_reported,not_reported,,,10.1021/acs.cgd.6b01533,ok,,,,
10.1021/acs.cgd.6b01533,yes,"At ZrCl4/H2BDC = 1:2 with Cu2O (R=1.2), product was amorphous/low crystallinity (sample 3a).",a zirconium metal-organic framework built by organic linker terephthalic acid,UiO-66,Explicit failure included: ZrCl4/H2BDC = 1:2 with Cu2O R = 1.2 gave amorphous/low crystallinity; text: 'crystallinity... amorphous phase' Fig. 9a; Table 2 (sample 3a).,"UiO-66 formed amorphous/low-crystallinity solids when ZrCl4/H2BDC = 1:2 with Cu2O additive (R = 1.2) at 120 °C, 24 h. Other tested Cu additives and stoichiometries yielded crystalline UiO-66. We compile this explicit failure across all base protocols.",15,metal_1;linker_1;modulator_1,ZrCl4,ZrCl4,0.681 mmol,0.681,mmol,,,,,,,,,,,terephthalic acid,H2BDC,1.362 mmol,1.362,mmol,,,,,,,,,,,cuprous oxide,Cu2O,0.817 mmol,0.817,mmol,copper(I) bromide,CuBr,R = 0.5 (Cu/ZrCl4),,,dimethylformamide,DMF,30 mL,30,,,,,23,0.5,120,120 °C,24,24 h,Teflon-lined autoclave (100 mL),ultrasonicated to dissolve; static during heating,"DMF, MeOH, H2O",several times,dried under vacuum at 60 °C overnight,60,,octahedra,,mean crystal size ~224 nm,,,,,,,not_reported,not_reported,,,10.1021/acs.cgd.6b01533,ok,,,,
10.1021/acs.cgd.6b01533,yes,"At ZrCl4/H2BDC = 1:2 with Cu2O (R=1.2), product was amorphous/low crystallinity (sample 3a).",a zirconium metal-organic framework built by organic linker terephthalic acid,UiO-66,Explicit failure included: ZrCl4/H2BDC = 1:2 with Cu2O R = 1.2 gave amorphous/low crystallinity; text: 'crystallinity... amorphous phase' Fig. 9a; Table 2 (sample 3a).,"UiO-66 formed amorphous/low-crystallinity solids when ZrCl4/H2BDC = 1:2 with Cu2O additive (R = 1.2) at 120 °C, 24 h. Other tested Cu additives and stoichiometries yielded crystalline UiO-66. We compile this explicit failure across all base protocols.",19,metal_1;linker_1;modulator_1,ZrCl4,ZrCl4,0.681 mmol,0.681,mmol,,,,,,,,,,,terephthalic acid,H2BDC,1.362 mmol,1.362,mmol,,,,,,,,,,,cuprous oxide,Cu2O,0.817 mmol,0.817,mmol,copper(II) chloride,CuCl2,R = 0.5 (Cu/ZrCl4),,,dimethylformamide,DMF,30 mL,30,,,,,23,0.5,120,120 °C,24,24 h,Teflon-lined autoclave (100 mL),ultrasonicated to dissolve; static during heating,"DMF, MeOH, H2O",several times,dried under vacuum at 60 °C overnight,60,,octahedra,,mean crystal size ~150 nm,,,,,,,not_reported,not_reported,,,10.1021/acs.cgd.6b01533,ok,,,,
10.1039/c6nj00822d,yes,Compound 2 under slow evaporation showed poor repeatability; conditions sensitive and PXRD varied; other Ln gave microcrystalline solids under similar conditions.,a europium metal-organic framework with rod-like Nd–O–C SBUs and nbo topology built by organic linker 2-nitroterephthalic acid,,"Main text reports that substituting Eu(III), Tb(III) or Er(III) for Nd(III) under slow-evaporation conditions gives only microcrystalline solids with PXRD patterns different from compound 2 (Fig. S2). Represented by replacing Nd(CH3SO3)3 with Eu/Tb/Er and applying the slow-evaporation protocol parameters reported elsewhere for compound 2 (sand bath 80–90 °C, ~24 h) to make the condition concrete; treated as failures (unidentified products).","Reported slow-evaporation attempts with Eu, Tb, or Er and H2NTA yielded unidentified microcrystalline solids instead of the Nd-based compound 2; captured relative to the closest Nd/H2NTA base. No other concrete failed conditions were stated.",2,metal_1;temperature_c;time_h,Eu(CH3SO3)3,,4.0 mmol,4,mmol,,,,,,,,,,,2-nitroterephthalic acid,H2NTA,0.5 mmol,0.5,mmol,,,,,,,,,,,sodium hydroxide,NaOH,"0.35 M, 2.85 mL (for deprotonation)",2.85,mL,sodium hydroxide,NaOH,"0.35 M, added dropwise to pH 5.8–6.0",,,water,H2O,7 mL (metal solution) + 4 mL (ligand solution),11,,,,,364,8,80,80.0 °C,24,24.0 h,25 mL Teflon-lined stainless steel autoclave,static,,,Filtered and air-dried.,,,colorless columnar crystals,20,,nbo,rod-like Nd–O–C SBUs,1D rod SBU (coordination chain),"Pbca, a=6.9070 Å, b=21.897 Å, c=23.151 Å",,,yes,not_reported,420,,10.1039/c6nj00822d,ok,,,,
10.1039/c6nj00822d,yes,Compound 2 under slow evaporation showed poor repeatability; conditions sensitive and PXRD varied; other Ln gave microcrystalline solids under similar conditions.,a europium metal-organic framework with rod-like Nd–O–C SBUs and nbo topology built by organic linker 2-nitroterephthalic acid,,"Main text reports that substituting Eu(III), Tb(III) or Er(III) for Nd(III) under slow-evaporation conditions gives only microcrystalline solids with PXRD patterns different from compound 2 (Fig. S2). Represented by replacing Nd(CH3SO3)3 with Eu/Tb/Er and applying the slow-evaporation protocol parameters reported elsewhere for compound 2 (sand bath 80–90 °C, ~24 h) to make the condition concrete; treated as failures (unidentified products).","Reported slow-evaporation attempts with Eu, Tb, or Er and H2NTA yielded unidentified microcrystalline solids instead of the Nd-based compound 2; captured relative to the closest Nd/H2NTA base. No other concrete failed conditions were stated.",2,metal_1;temperature_c;time_h,Eu(CH3SO3)3,,4.0 mmol,4,mmol,,,,,,,,,,,2-nitroterephthalic acid,H2NTA,0.5 mmol,0.5,mmol,,,,,,,,,,,sodium hydroxide,NaOH,"0.35 M, 2.85 mL (for deprotonation)",2.85,mL,sodium hydroxide,NaOH,"0.35 M, added dropwise to pH 5.8–6.0",,,water,H2O,7 mL (metal solution) + 4 mL (ligand solution),11,,,,,364,8,90,90.0 °C,24,24.0 h,25 mL Teflon-lined stainless steel autoclave,static,,,Filtered and air-dried.,,,colorless columnar crystals,20,,nbo,rod-like Nd–O–C SBUs,1D rod SBU (coordination chain),"Pbca, a=6.9070 Å, b=21.897 Å, c=23.151 Å",,,yes,not_reported,420,,10.1039/c6nj00822d,ok,,,,
10.1039/c6nj00822d,yes,Compound 2 under slow evaporation showed poor repeatability; conditions sensitive and PXRD varied; other Ln gave microcrystalline solids under similar conditions.,a terbium metal-organic framework with rod-like Nd–O–C SBUs and nbo topology built by organic linker 2-nitroterephthalic acid,,"Main text reports that substituting Eu(III), Tb(III) or Er(III) for Nd(III) under slow-evaporation conditions gives only microcrystalline solids with PXRD patterns different from compound 2 (Fig. S2). Represented by replacing Nd(CH3SO3)3 with Eu/Tb/Er and applying the slow-evaporation protocol parameters reported elsewhere for compound 2 (sand bath 80–90 °C, ~24 h) to make the condition concrete; treated as failures (unidentified products).","Reported slow-evaporation attempts with Eu, Tb, or Er and H2NTA yielded unidentified microcrystalline solids instead of the Nd-based compound 2; captured relative to the closest Nd/H2NTA base. No other concrete failed conditions were stated.",2,metal_1;temperature_c;time_h,Tb(CH3SO3)3,,4.0 mmol,4,mmol,,,,,,,,,,,2-nitroterephthalic acid,H2NTA,0.5 mmol,0.5,mmol,,,,,,,,,,,sodium hydroxide,NaOH,"0.35 M, 2.85 mL (for deprotonation)",2.85,mL,sodium hydroxide,NaOH,"0.35 M, added dropwise to pH 5.8–6.0",,,water,H2O,7 mL (metal solution) + 4 mL (ligand solution),11,,,,,364,8,80,80.0 °C,24,24.0 h,25 mL Teflon-lined stainless steel autoclave,static,,,Filtered and air-dried.,,,colorless columnar crystals,20,,nbo,rod-like Nd–O–C SBUs,1D rod SBU (coordination chain),"Pbca, a=6.9070 Å, b=21.897 Å, c=23.151 Å",,,yes,not_reported,420,,10.1039/c6nj00822d,ok,,,,
10.1039/c6nj00822d,yes,Compound 2 under slow evaporation showed poor repeatability; conditions sensitive and PXRD varied; other Ln gave microcrystalline solids under similar conditions.,a terbium metal-organic framework with rod-like Nd–O–C SBUs and nbo topology built by organic linker 2-nitroterephthalic acid,,"Main text reports that substituting Eu(III), Tb(III) or Er(III) for Nd(III) under slow-evaporation conditions gives only microcrystalline solids with PXRD patterns different from compound 2 (Fig. S2). Represented by replacing Nd(CH3SO3)3 with Eu/Tb/Er and applying the slow-evaporation protocol parameters reported elsewhere for compound 2 (sand bath 80–90 °C, ~24 h) to make the condition concrete; treated as failures (unidentified products).","Reported slow-evaporation attempts with Eu, Tb, or Er and H2NTA yielded unidentified microcrystalline solids instead of the Nd-based compound 2; captured relative to the closest Nd/H2NTA base. No other concrete failed conditions were stated.",2,metal_1;temperature_c;time_h,Tb(CH3SO3)3,,4.0 mmol,4,mmol,,,,,,,,,,,2-nitroterephthalic acid,H2NTA,0.5 mmol,0.5,mmol,,,,,,,,,,,sodium hydroxide,NaOH,"0.35 M, 2.85 mL (for deprotonation)",2.85,mL,sodium hydroxide,NaOH,"0.35 M, added dropwise to pH 5.8–6.0",,,water,H2O,7 mL (metal solution) + 4 mL (ligand solution),11,,,,,364,8,90,90.0 °C,24,24.0 h,25 mL Teflon-lined stainless steel autoclave,static,,,Filtered and air-dried.,,,colorless columnar crystals,20,,nbo,rod-like Nd–O–C SBUs,1D rod SBU (coordination chain),"Pbca, a=6.9070 Å, b=21.897 Å, c=23.151 Å",,,yes,not_reported,420,,10.1039/c6nj00822d,ok,,,,
10.1039/c6nj00822d,yes,Compound 2 under slow evaporation showed poor repeatability; conditions sensitive and PXRD varied; other Ln gave microcrystalline solids under similar conditions.,an erbium metal-organic framework with rod-like Nd–O–C SBUs and nbo topology built by organic linker 2-nitroterephthalic acid,,"Main text reports that substituting Eu(III), Tb(III) or Er(III) for Nd(III) under slow-evaporation conditions gives only microcrystalline solids with PXRD patterns different from compound 2 (Fig. S2). Represented by replacing Nd(CH3SO3)3 with Eu/Tb/Er and applying the slow-evaporation protocol parameters reported elsewhere for compound 2 (sand bath 80–90 °C, ~24 h) to make the condition concrete; treated as failures (unidentified products).","Reported slow-evaporation attempts with Eu, Tb, or Er and H2NTA yielded unidentified microcrystalline solids instead of the Nd-based compound 2; captured relative to the closest Nd/H2NTA base. No other concrete failed conditions were stated.",2,metal_1;temperature_c;time_h,Er(CH3SO3)3,,4.0 mmol,4,mmol,,,,,,,,,,,2-nitroterephthalic acid,H2NTA,0.5 mmol,0.5,mmol,,,,,,,,,,,sodium hydroxide,NaOH,"0.35 M, 2.85 mL (for deprotonation)",2.85,mL,sodium hydroxide,NaOH,"0.35 M, added dropwise to pH 5.8–6.0",,,water,H2O,7 mL (metal solution) + 4 mL (ligand solution),11,,,,,364,8,80,80.0 °C,24,24.0 h,25 mL Teflon-lined stainless steel autoclave,static,,,Filtered and air-dried.,,,colorless columnar crystals,20,,nbo,rod-like Nd–O–C SBUs,1D rod SBU (coordination chain),"Pbca, a=6.9070 Å, b=21.897 Å, c=23.151 Å",,,yes,not_reported,420,,10.1039/c6nj00822d,ok,,,,
10.1039/c6nj00822d,yes,Compound 2 under slow evaporation showed poor repeatability; conditions sensitive and PXRD varied; other Ln gave microcrystalline solids under similar conditions.,an erbium metal-organic framework with rod-like Nd–O–C SBUs and nbo topology built by organic linker 2-nitroterephthalic acid,,"Main text reports that substituting Eu(III), Tb(III) or Er(III) for Nd(III) under slow-evaporation conditions gives only microcrystalline solids with PXRD patterns different from compound 2 (Fig. S2). Represented by replacing Nd(CH3SO3)3 with Eu/Tb/Er and applying the slow-evaporation protocol parameters reported elsewhere for compound 2 (sand bath 80–90 °C, ~24 h) to make the condition concrete; treated as failures (unidentified products).","Reported slow-evaporation attempts with Eu, Tb, or Er and H2NTA yielded unidentified microcrystalline solids instead of the Nd-based compound 2; captured relative to the closest Nd/H2NTA base. No other concrete failed conditions were stated.",2,metal_1;temperature_c;time_h,Er(CH3SO3)3,,4.0 mmol,4,mmol,,,,,,,,,,,2-nitroterephthalic acid,H2NTA,0.5 mmol,0.5,mmol,,,,,,,,,,,sodium hydroxide,NaOH,"0.35 M, 2.85 mL (for deprotonation)",2.85,mL,sodium hydroxide,NaOH,"0.35 M, added dropwise to pH 5.8–6.0",,,water,H2O,7 mL (metal solution) + 4 mL (ligand solution),11,,,,,364,8,90,90.0 °C,24,24.0 h,25 mL Teflon-lined stainless steel autoclave,static,,,Filtered and air-dried.,,,colorless columnar crystals,20,,nbo,rod-like Nd–O–C SBUs,1D rod SBU (coordination chain),"Pbca, a=6.9070 Å, b=21.897 Å, c=23.151 Å",,,yes,not_reported,420,,10.1039/c6nj00822d,ok,,,,
10.1039/c6nj00822d,yes,Compound 2 under slow evaporation showed poor repeatability; conditions sensitive and PXRD varied; other Ln gave microcrystalline solids under similar conditions.,a europium metal-organic framework with rod-like Eu–O–C SBUs via binuclear Eu2(COO)2 units built by organic linker 2-nitroterephthalic acid,,Text: “Changing the lanthanide from Nd(III) to Eu(III)… under slow evaporation conditions resulted in microcrystalline solids… (Fig. S2).” These low‑T slow‑evap conditions are negative relative to hydrothermal Eu‑MOF formation.,"Failures cluster under slow-evaporation conditions: Eu, Tb, Er gave microcrystalline solids (Fig. S2) and Nd slow-evap (compound 2) was poorly reproducible and sensitive to pH/temperature. Hydrothermal 180 °C, 3 d afforded 3–8; shifting to ~80–90 °C for ~24 h undermined crystallinity or produced different phases.",4,metal_1;linker_1;modulator_1;temperature_c;time_h,Eu(CH3SO3)3,,8.0 mmol,8,mmol,,,,,,,,,,,2-nitroterephthalic acid,H2NTA,1.0 mmol,1,mmol,,,,,,,,,,,sodium hydroxide,NaOH,2.0 mmol,2,mmol,sodium hydroxide,NaOH,"0.35 M, added dropwise to pH 5.5–5.8",,,water,H2O,9 mL (metal solution) + 4 mL (ligand solution),13,,,,,615,8,80,80.0 °C,24,24.0 h,25 mL Teflon-lined stainless steel autoclave,static,,,Filtered and air-dried.,,,colourless parallelepiped crystals,25,,,rod-like Eu–O–C SBUs via binuclear Eu2(COO)2 units,1D rod SBU (coordination chain),"C2/c, a=16.7909 Å, b=11.3883 Å, c=15.3276 Å, β=90.119°",,,yes,not_reported,375,luminescence,10.1039/c6nj00822d,ok,,,,
10.1039/c6nj00822d,yes,Compound 2 under slow evaporation showed poor repeatability; conditions sensitive and PXRD varied; other Ln gave microcrystalline solids under similar conditions.,a europium metal-organic framework with rod-like Eu–O–C SBUs via binuclear Eu2(COO)2 units built by organic linker 2-nitroterephthalic acid,,Text: “Changing the lanthanide from Nd(III) to Eu(III)… under slow evaporation conditions resulted in microcrystalline solids… (Fig. S2).” These low‑T slow‑evap conditions are negative relative to hydrothermal Eu‑MOF formation.,"Failures cluster under slow-evaporation conditions: Eu, Tb, Er gave microcrystalline solids (Fig. S2) and Nd slow-evap (compound 2) was poorly reproducible and sensitive to pH/temperature. Hydrothermal 180 °C, 3 d afforded 3–8; shifting to ~80–90 °C for ~24 h undermined crystallinity or produced different phases.",4,metal_1;linker_1;modulator_1;temperature_c;time_h,Eu(CH3SO3)3,,8.0 mmol,8,mmol,,,,,,,,,,,2-nitroterephthalic acid,H2NTA,1.0 mmol,1,mmol,,,,,,,,,,,sodium hydroxide,NaOH,2.0 mmol,2,mmol,sodium hydroxide,NaOH,"0.35 M, added dropwise to pH 5.5–5.8",,,water,H2O,9 mL (metal solution) + 4 mL (ligand solution),13,,,,,615,8,90,90.0 °C,24,24.0 h,25 mL Teflon-lined stainless steel autoclave,static,,,Filtered and air-dried.,,,colourless parallelepiped crystals,25,,,rod-like Eu–O–C SBUs via binuclear Eu2(COO)2 units,1D rod SBU (coordination chain),"C2/c, a=16.7909 Å, b=11.3883 Å, c=15.3276 Å, β=90.119°",,,yes,not_reported,375,luminescence,10.1039/c6nj00822d,ok,,,,
10.1039/c6nj00822d,yes,Compound 2 under slow evaporation showed poor repeatability; conditions sensitive and PXRD varied; other Ln gave microcrystalline solids under similar conditions.,an erbium metal-organic framework with rod-like Er–O–C SBUs via binuclear Er2(COO)2 units built by organic linker 2-nitroterephthalic acid,,Text: “Changing the lanthanide from Nd(III) to … Er(III) under slow evaporation conditions resulted in microcrystalline solids… (Fig. S2).” These low‑T slow‑evap conditions are negative relative to the hydrothermal Er‑MOF.,"Failures cluster under slow-evaporation conditions: Eu, Tb, Er gave microcrystalline solids (Fig. S2) and Nd slow-evap (compound 2) was poorly reproducible and sensitive to pH/temperature. Hydrothermal 180 °C, 3 d afforded 3–8; shifting to ~80–90 °C for ~24 h undermined crystallinity or produced different phases.",7,metal_1;linker_1;modulator_1;temperature_c;time_h,Er(CH3SO3)3,,8.0 mmol,8,mmol,,,,,,,,,,,2-nitroterephthalic acid,H2NTA,1.0 mmol,1,mmol,,,,,,,,,,,sodium hydroxide,NaOH,2.0 mmol,2,mmol,sodium hydroxide,NaOH,"0.35 M, added dropwise to pH 5.5–5.8",,,water,H2O,9 mL (metal solution) + 4 mL (ligand solution),13,,,,,615,8,80,80.0 °C,24,24.0 h,25 mL Teflon-lined stainless steel autoclave,static,,,Filtered and air-dried.,,,pink parallelepiped crystals,30,,,rod-like Er–O–C SBUs via binuclear Er2(COO)2 units,1D rod SBU (coordination chain),"C2/c, a=16.6713 Å, b=11.2905 Å, c=15.2129 Å, β=90.224°",,,yes,not_reported,375,,10.1039/c6nj00822d,ok,,,,
10.1039/c6nj00822d,yes,Compound 2 under slow evaporation showed poor repeatability; conditions sensitive and PXRD varied; other Ln gave microcrystalline solids under similar conditions.,an erbium metal-organic framework with rod-like Er–O–C SBUs via binuclear Er2(COO)2 units built by organic linker 2-nitroterephthalic acid,,Text: “Changing the lanthanide from Nd(III) to … Er(III) under slow evaporation conditions resulted in microcrystalline solids… (Fig. S2).” These low‑T slow‑evap conditions are negative relative to the hydrothermal Er‑MOF.,"Failures cluster under slow-evaporation conditions: Eu, Tb, Er gave microcrystalline solids (Fig. S2) and Nd slow-evap (compound 2) was poorly reproducible and sensitive to pH/temperature. Hydrothermal 180 °C, 3 d afforded 3–8; shifting to ~80–90 °C for ~24 h undermined crystallinity or produced different phases.",7,metal_1;linker_1;modulator_1;temperature_c;time_h,Er(CH3SO3)3,,8.0 mmol,8,mmol,,,,,,,,,,,2-nitroterephthalic acid,H2NTA,1.0 mmol,1,mmol,,,,,,,,,,,sodium hydroxide,NaOH,2.0 mmol,2,mmol,sodium hydroxide,NaOH,"0.35 M, added dropwise to pH 5.5–5.8",,,water,H2O,9 mL (metal solution) + 4 mL (ligand solution),13,,,,,615,8,90,90.0 °C,24,24.0 h,25 mL Teflon-lined stainless steel autoclave,static,,,Filtered and air-dried.,,,pink parallelepiped crystals,30,,,rod-like Er–O–C SBUs via binuclear Er2(COO)2 units,1D rod SBU (coordination chain),"C2/c, a=16.6713 Å, b=11.2905 Å, c=15.2129 Å, β=90.224°",,,yes,not_reported,375,,10.1039/c6nj00822d,ok,,,,
10.1021/ja905690t,yes,"Disappearing pseudopolymorphs (8,10 could not be reproduced later); single crystals unobtained for 4 and 6.",a calcium metal-organic framework with I0O2 (2-D overall) built by organic linker meso-tartaric acid hydrate,[Ca(meso-Tar)(H2O)2]·H2O,Table 2 and SI: at 100 °C forms 6; ≥150 °C forms anhydrous 7. These hydrothermal temperatures fail for 5.,"Across Ca/Sr/Ba tartrates (1–18), phase formation is highly temperature- and stereochemistry-dependent. Outside the narrow windows, reactions yield other hydrates or phases (e.g., meso or DL products) or mixtures, not the target. We list these non-working windows and linker swaps based on Tables 2–4 and SI notes.",5,temperature_c;time_h,Ca(CH3COO)2,,"176.1 mg, 1 mmol",1,mmol,,,,,,,,,,,meso-tartaric acid hydrate,,"168.3 mg, 1 mmol",1,mmol,,,,,,,,,,,,,,,,,,,,,water,H2O,10 mL,10,,,,,100,1,100,100.0 °C,48,48.0 h,glass scintillation vial,static,water,,,,,white powder,,,,I0O2 (2-D overall),3D multinodal connectivity,,,,,,,,10.1021/ja905690t,ok,,,,
10.1021/ja905690t,yes,"Disappearing pseudopolymorphs (8,10 could not be reproduced later); single crystals unobtained for 4 and 6.",a calcium metal-organic framework with I0O2 (2-D overall) built by organic linker meso-tartaric acid hydrate,[Ca(meso-Tar)(H2O)2]·H2O,Table 2 and SI: at 100 °C forms 6; ≥150 °C forms anhydrous 7. These hydrothermal temperatures fail for 5.,"Across Ca/Sr/Ba tartrates (1–18), phase formation is highly temperature- and stereochemistry-dependent. Outside the narrow windows, reactions yield other hydrates or phases (e.g., meso or DL products) or mixtures, not the target. We list these non-working windows and linker swaps based on Tables 2–4 and SI notes.",5,temperature_c;time_h,Ca(CH3COO)2,,"176.1 mg, 1 mmol",1,mmol,,,,,,,,,,,meso-tartaric acid hydrate,,"168.3 mg, 1 mmol",1,mmol,,,,,,,,,,,,,,,,,,,,,water,H2O,10 mL,10,,,,,100,1,150,150.0 °C,48,48.0 h,glass scintillation vial,static,water,,,,,white powder,,,,I0O2 (2-D overall),3D multinodal connectivity,,,,,,,,10.1021/ja905690t,ok,,,,
10.1021/ja905690t,yes,"Disappearing pseudopolymorphs (8,10 could not be reproduced later); single crystals unobtained for 4 and 6.",a calcium metal-organic framework with I0O2 (2-D overall) built by organic linker meso-tartaric acid hydrate,[Ca(meso-Tar)(H2O)2]·H2O,Table 2 and SI: at 100 °C forms 6; ≥150 °C forms anhydrous 7. These hydrothermal temperatures fail for 5.,"Across Ca/Sr/Ba tartrates (1–18), phase formation is highly temperature- and stereochemistry-dependent. Outside the narrow windows, reactions yield other hydrates or phases (e.g., meso or DL products) or mixtures, not the target. We list these non-working windows and linker swaps based on Tables 2–4 and SI notes.",5,temperature_c;time_h,Ca(CH3COO)2,,"176.1 mg, 1 mmol",1,mmol,,,,,,,,,,,meso-tartaric acid hydrate,,"168.3 mg, 1 mmol",1,mmol,,,,,,,,,,,,,,,,,,,,,water,H2O,10 mL,10,,,,,100,1,180,180.0 °C,48,48.0 h,glass scintillation vial,static,water,,,,,white powder,,,,I0O2 (2-D overall),3D multinodal connectivity,,,,,,,,10.1021/ja905690t,ok,,,,
10.1021/ja905690t,yes,"Disappearing pseudopolymorphs (8,10 could not be reproduced later); single crystals unobtained for 4 and 6.",a calcium metal-organic framework with I0O2 (2-D overall) built by organic linker meso-tartaric acid hydrate,[Ca(meso-Tar)(H2O)2]·H2O,Table 2 and SI: at 100 °C forms 6; ≥150 °C forms anhydrous 7. These hydrothermal temperatures fail for 5.,"Across Ca/Sr/Ba tartrates (1–18), phase formation is highly temperature- and stereochemistry-dependent. Outside the narrow windows, reactions yield other hydrates or phases (e.g., meso or DL products) or mixtures, not the target. We list these non-working windows and linker swaps based on Tables 2–4 and SI notes.",5,temperature_c;time_h,Ca(CH3COO)2,,"176.1 mg, 1 mmol",1,mmol,,,,,,,,,,,meso-tartaric acid hydrate,,"168.3 mg, 1 mmol",1,mmol,,,,,,,,,,,,,,,,,,,,,water,H2O,10 mL,10,,,,,100,1,200,200.0 °C,48,48.0 h,glass scintillation vial,static,water,,,,,white powder,,,,I0O2 (2-D overall),3D multinodal connectivity,,,,,,,,10.1021/ja905690t,ok,,,,
10.1021/ja905690t,yes,"Disappearing pseudopolymorphs (8,10 could not be reproduced later); single crystals unobtained for 4 and 6.",a calcium metal-organic framework with I0O2 (2-D overall) built by organic linker meso-tartaric acid hydrate,[Ca(meso-Tar)(H2O)2]·H2O,Table 2 and SI: at 100 °C forms 6; ≥150 °C forms anhydrous 7. These hydrothermal temperatures fail for 5.,"Across Ca/Sr/Ba tartrates (1–18), phase formation is highly temperature- and stereochemistry-dependent. Outside the narrow windows, reactions yield other hydrates or phases (e.g., meso or DL products) or mixtures, not the target. We list these non-working windows and linker swaps based on Tables 2–4 and SI notes.",5,temperature_c;time_h,Ca(CH3COO)2,,"176.1 mg, 1 mmol",1,mmol,,,,,,,,,,,meso-tartaric acid hydrate,,"168.3 mg, 1 mmol",1,mmol,,,,,,,,,,,,,,,,,,,,,water,H2O,10 mL,10,,,,,100,1,220,220.0 °C,48,48.0 h,glass scintillation vial,static,water,,,,,white powder,,,,I0O2 (2-D overall),3D multinodal connectivity,,,,,,,,10.1021/ja905690t,ok,,,,
10.1021/ja905690t,yes,"Disappearing pseudopolymorphs (8,10 could not be reproduced later); single crystals unobtained for 4 and 6.",a calcium metal-organic framework with I0O3 built by organic linker L-tartaric acid,[Ca(L-Tar)(H2O)2]·2H2O,Table 2 and SI: at 100 °C longer times give mixtures 1+2; ≥125 °C gives anhydrous 2. Thus higher-T hydrothermal conditions fail for phase 1.,"Across Ca/Sr/Ba tartrates (1–18), phase formation is highly temperature- and stereochemistry-dependent. Outside the narrow windows, reactions yield other hydrates or phases (e.g., meso or DL products) or mixtures, not the target. We list these non-working windows and linker swaps based on Tables 2–4 and SI notes.",1,temperature_c;time_h,Ca(CH3COO)2,,"176.2 mg, 1 mmol",1,mmol,,,,,,,,,,,L-tartaric acid,,"150.2 mg, 1 mmol",1,mmol,,,,,,,,,,,,,,,,,,,,,water,H2O,10 mL,10,,,,,100,1,100,100.0 °C,48,48.0 h,glass scintillation vial,static,water,,,,,white powder,,,,I0O3,3D multinodal connectivity,,,,,,,,10.1021/ja905690t,ok,,,,
10.1021/ja905690t,yes,"Disappearing pseudopolymorphs (8,10 could not be reproduced later); single crystals unobtained for 4 and 6.",a calcium metal-organic framework with I0O3 built by organic linker L-tartaric acid,[Ca(L-Tar)(H2O)2]·2H2O,Table 2 and SI: at 100 °C longer times give mixtures 1+2; ≥125 °C gives anhydrous 2. Thus higher-T hydrothermal conditions fail for phase 1.,"Across Ca/Sr/Ba tartrates (1–18), phase formation is highly temperature- and stereochemistry-dependent. Outside the narrow windows, reactions yield other hydrates or phases (e.g., meso or DL products) or mixtures, not the target. We list these non-working windows and linker swaps based on Tables 2–4 and SI notes.",1,temperature_c;time_h,Ca(CH3COO)2,,"176.2 mg, 1 mmol",1,mmol,,,,,,,,,,,L-tartaric acid,,"150.2 mg, 1 mmol",1,mmol,,,,,,,,,,,,,,,,,,,,,water,H2O,10 mL,10,,,,,100,1,125,125.0 °C,48,48.0 h,glass scintillation vial,static,water,,,,,white powder,,,,I0O3,3D multinodal connectivity,,,,,,,,10.1021/ja905690t,ok,,,,
10.1021/ja905690t,yes,"Disappearing pseudopolymorphs (8,10 could not be reproduced later); single crystals unobtained for 4 and 6.",a calcium metal-organic framework with I0O3 built by organic linker L-tartaric acid,[Ca(L-Tar)(H2O)2]·2H2O,Table 2 and SI: at 100 °C longer times give mixtures 1+2; ≥125 °C gives anhydrous 2. Thus higher-T hydrothermal conditions fail for phase 1.,"Across Ca/Sr/Ba tartrates (1–18), phase formation is highly temperature- and stereochemistry-dependent. Outside the narrow windows, reactions yield other hydrates or phases (e.g., meso or DL products) or mixtures, not the target. We list these non-working windows and linker swaps based on Tables 2–4 and SI notes.",1,temperature_c;time_h,Ca(CH3COO)2,,"176.2 mg, 1 mmol",1,mmol,,,,,,,,,,,L-tartaric acid,,"150.2 mg, 1 mmol",1,mmol,,,,,,,,,,,,,,,,,,,,,water,H2O,10 mL,10,,,,,100,1,150,150.0 °C,48,48.0 h,glass scintillation vial,static,water,,,,,white powder,,,,I0O3,3D multinodal connectivity,,,,,,,,10.1021/ja905690t,ok,,,,
10.1021/ja905690t,yes,"Disappearing pseudopolymorphs (8,10 could not be reproduced later); single crystals unobtained for 4 and 6.",a calcium metal-organic framework with I0O3 built by organic linker L-tartaric acid,[Ca(L-Tar)(H2O)2]·2H2O,Table 2 and SI: at 100 °C longer times give mixtures 1+2; ≥125 °C gives anhydrous 2. Thus higher-T hydrothermal conditions fail for phase 1.,"Across Ca/Sr/Ba tartrates (1–18), phase formation is highly temperature- and stereochemistry-dependent. Outside the narrow windows, reactions yield other hydrates or phases (e.g., meso or DL products) or mixtures, not the target. We list these non-working windows and linker swaps based on Tables 2–4 and SI notes.",1,temperature_c;time_h,Ca(CH3COO)2,,"176.2 mg, 1 mmol",1,mmol,,,,,,,,,,,L-tartaric acid,,"150.2 mg, 1 mmol",1,mmol,,,,,,,,,,,,,,,,,,,,,water,H2O,10 mL,10,,,,,100,1,180,180.0 °C,48,48.0 h,glass scintillation vial,static,water,,,,,white powder,,,,I0O3,3D multinodal connectivity,,,,,,,,10.1021/ja905690t,ok,,,,
10.1021/ja905690t,yes,"Disappearing pseudopolymorphs (8,10 could not be reproduced later); single crystals unobtained for 4 and 6.",a calcium metal-organic framework with I0O3 built by organic linker L-tartaric acid,[Ca(L-Tar)(H2O)2]·2H2O,Table 2 and SI: at 100 °C longer times give mixtures 1+2; ≥125 °C gives anhydrous 2. Thus higher-T hydrothermal conditions fail for phase 1.,"Across Ca/Sr/Ba tartrates (1–18), phase formation is highly temperature- and stereochemistry-dependent. Outside the narrow windows, reactions yield other hydrates or phases (e.g., meso or DL products) or mixtures, not the target. We list these non-working windows and linker swaps based on Tables 2–4 and SI notes.",1,temperature_c;time_h,Ca(CH3COO)2,,"176.2 mg, 1 mmol",1,mmol,,,,,,,,,,,L-tartaric acid,,"150.2 mg, 1 mmol",1,mmol,,,,,,,,,,,,,,,,,,,,,water,H2O,10 mL,10,,,,,100,1,200,200.0 °C,48,48.0 h,glass scintillation vial,static,water,,,,,white powder,,,,I0O3,3D multinodal connectivity,,,,,,,,10.1021/ja905690t,ok,,,,
10.1021/acs.cgd.1c00385,yes,At pH ≈4.6 a 2D framework formed as a minor impurity; pH and ratios were critical for pure 2.,"a cobalt metal-organic framework with [Co2(O)(COO)2]n cluster chains; noninterpenetrated built by organic linkers 2,6-di(1H-imidazol-1-yl)pyridine and 1,2,4,5-benzenetetracarboxylic acid",[Co2(dip)2(btec)(H2O)]·3H2O (2),Include explicitly stated failure: lower pH gave impurity. Text: “molar ratio and pH control were very important… a 2D framework could be obtained as a minor impurity when the pH was controlled at ca. pH 4.6” (main text; Fig. S2 supports purity at optimized pH).,"Negative conditions focus on pH control for [Co2(dip)2(btec)(H2O)]·3H2O (2): at ca. pH 4.6, a 2D framework impurity appears; proper pH and ratios are critical for pure 2. No explicit failed alternatives were reported for [Co2(dip)2(obb)2]·2H2O (1).",2,modulator_1,Co(NO3)2·6H2O,,"0.149 g, 0.5 mmol",0.5,mmol,,,,,,,,,,,"2,6-di(1H-imidazol-1-yl)pyridine",dip,"0.106 g, 0.5 mmol",0.5,mmol,"1,2,4,5-benzenetetracarboxylic acid",btec,"0.1271 g, 0.5 mmol",0.5,mmol,,,,,,NaOH solution (pH adjustment),,,,,,,,,,water,H2O,10 mL,10,,,,,50,1,140,140 °C,72,"heated to 140 °C over 12 h, maintained 72 h; cooled to 40 °C over 24 h",Teflon-lined autoclave (20 mL),static,"H2O, MeOH, DMF",,air-dried,,,pink crystalline solid,78,,,[Co2(O)(COO)2]n cluster chains; noninterpenetrated,polynuclear cluster SBU,"a=7.1134(5), b=13.8053(11), c=18.4479(13), α=106.665(5), β=100.591(5), γ=97.996(5), P-1",,,not_reported,yes,397,proton_conduction,10.1021/acs.cgd.1c00385,ok,,,,
10.1016/j.ica.2004.07.029,yes,Attempted Fe analogue gave molecular [Fe(tpyprz)2]2[Mo8O26]·3.7H2O instead of target framework.,an iron metal-organic framework with a-Mo8O26 clusters linked by {Ni2(tpyprz)(H2O)2}4+ into 2D layers built by organic linker tetra-2-pyridylpyrazine,,"Direct failure: text states Fe analog attempts yielded [Fe(tpyprz)2]2[Mo8O26]·3.7H2O (molecular), not the Ni-type framework. We swap Ni→Fe while retaining t-butylphosphonic acid and HF loadings.",Paper reports that Fe under analogous conditions gives molecular [Fe(tpyprz)2]2[Mo8O26]·3.7H2O rather than the 2D frameworks [M2(tpyprz)(H2O)2Mo8O26] or [{Cu2(tpyprz)}2Mo8O26]. We encode Fe swaps of the Co and Ni protocols as negative conditions.,2,metal_1,Fe(CH3COO)2,,0.446 mmol,0.446,mmol,Ni(CH3COO)2·4H2O,,"0.111 g, 0.446 mmol",0.446,mmol,,,,,,tetra-2-pyridylpyrazine,tpyprz,"0.086 g, 0.221 mmol",0.221,mmol,,,,,,,,,,,t-butylphosphonic acid,,"0.238 g, 1.723 mmol",1.723,mmol,HF,,"0.156 g, 3.90 mmol",3.9,mmol,water,H2O,"10.300 g, 572 mmol",,,,,,,2.02,170,170 °C,48,48 h,Teflon-lined stainless steel autoclave (23 mL),static,,,,,,pale orange crystals,40,0.12 × 0.10 × 0.04 mm,,a-Mo8O26 clusters linked by {Ni2(tpyprz)(H2O)2}4+ into 2D layers,Mo8 POM cluster SBU,"a=10.1424(5) Å, b=10.6684(5) Å, c=11.1433(5) Å, α=108.124(1)°, β=103.680(1)°, γ=100.303(1)°, triclinic",,,,,,,10.1016/j.ica.2004.07.029,ok,,,,
10.1016/j.ica.2004.07.029,yes,Attempted Fe analogue gave molecular [Fe(tpyprz)2]2[Mo8O26]·3.7H2O instead of target framework.,an iron metal-organic framework with a-Mo8O26 clusters linked by {Co2(tpyprz)(H2O)2}4+ into 2D layers built by organic linker tetra-2-pyridylpyrazine,,"Direct failure: text states “attempts to prepare an analogous iron compound yielded only [Fe(tpyprz)2]2[Mo8O26]·3.7H2O” (Ref. 23). We therefore swap Co→Fe under the same hydrothermal recipe (170 °C, H2O, HF).",Paper reports that Fe under analogous conditions gives molecular [Fe(tpyprz)2]2[Mo8O26]·3.7H2O rather than the 2D frameworks [M2(tpyprz)(H2O)2Mo8O26] or [{Cu2(tpyprz)}2Mo8O26]. We encode Fe swaps of the Co and Ni protocols as negative conditions.,1,metal_1,Fe(CH3COO)2,,0.442 mmol,0.442,mmol,Co(CH3COO)2·4H2O,,"0.110 g, 0.442 mmol",0.442,mmol,,,,,,tetra-2-pyridylpyrazine,tpyprz,"0.086 g, 0.221 mmol",0.221,mmol,,,,,,,,,,,HF,,"0.153 g, 3.82 mmol",3.82,mmol,,,,,,water,H2O,"10.050 g, 558 mmol",,,,,,,2,170,170 °C,48,48 h,Teflon-lined stainless steel autoclave (23 mL),static,,,,,,dark red crystals,25,0.38 × 0.10 × 0.10 mm,,a-Mo8O26 clusters linked by {Co2(tpyprz)(H2O)2}4+ into 2D layers,Mo8 POM cluster SBU,"a=10.179(2) Å, b=10.668(2) Å, c=11.205(2) Å, α=107.50(3)°, β=104.05(3)°, γ=100.44(3)°, triclinic",,,,,,,10.1016/j.ica.2004.07.029,ok,,,,
