source_row_id,doi_norm,publication_year,condition_key,cluster_key,is_success,is_forced_condition,is_forced_representative,split
0,10.1038/s41560-018-0261-6,2018,"{""M_L_ratio"": 5.09, ""metal_concentration_mM"": 40.0, ""metal_precursor"": ""zrcl4"", ""modulator"": ""benzoic acid"", ""organic_linker"": ""tetrakis(4-carboxyphenyl)porphyrin"", ""solvent"": ""n,n-diethylformamide"", ""temperature_C"": 120.0, ""time_h"": 48.0}","metal=zrcl4|linker=tetrakis(4-carboxyphenyl)porphyrin|solvent=n,n-diethylformamide",True,False,False,train
1,10.1038/s41560-018-0261-6,2018,"{""M_L_ratio"": 10.18, ""metal_concentration_mM"": 64.0, ""metal_precursor"": ""zrcl4"", ""modulator"": ""benzoic acid"", ""organic_linker"": ""tetrakis(4-carboxyphenyl)porphyrin"", ""solvent"": ""dimethylformamide"", ""temperature_C"": 120.0, ""time_h"": 24.0}",metal=zrcl4|linker=tetrakis(4-carboxyphenyl)porphyrin|solvent=dimethylformamide,True,False,False,train
2,10.1038/s41560-018-0261-6,2018,"{""M_L_ratio"": 0.95, ""metal_concentration_mM"": 52.0, ""metal_precursor"": ""zrocl2.8h2o"", ""modulator"": ""formic acid"", ""organic_linker"": ""benzene-1,3,5-tricarboxylic acid"", ""solvent"": ""dimethylformamide"", ""temperature_C"": 110.0, ""time_h"": 48.0}","metal=zrocl2.8h2o|linker=benzene-1,3,5-tricarboxylic acid|solvent=dimethylformamide",True,False,False,holdout
3,10.1038/s41560-018-0261-6,2018,"{""M_L_ratio"": 1.0, ""metal_concentration_mM"": 150.0, ""metal_precursor"": ""zrcl4"", ""modulator"": ""acetic acid"", ""organic_linker"": ""terephthalic acid"", ""solvent"": ""dimethylformamide"", ""temperature_C"": 120.0, ""time_h"": 24.0}",metal=zrcl4|linker=terephthalic acid|solvent=dimethylformamide,True,False,False,train
4,10.1038/s41560-018-0261-6,2018,"{""M_L_ratio"": 1.0, ""metal_concentration_mM"": 208.0, ""metal_precursor"": ""cr(no3)3.9h2o"", ""modulator"": ""hydrofluoric acid (hf)"", ""organic_linker"": ""terephthalic acid"", ""solvent"": ""water"", ""temperature_C"": 220.0, ""time_h"": 8.0}",metal=cr(no3)3.9h2o|linker=terephthalic acid|solvent=water,True,False,False,train
5,10.1038/s41560-018-0261-6,2018,"{""M_L_ratio"": 1.0, ""metal_concentration_mM"": 312.0, ""metal_precursor"": ""zrocl2.8h2o"", ""modulator"": ""formic acid"", ""organic_linker"": ""fumaric acid"", ""solvent"": ""dimethylformamide"", ""temperature_C"": 130.0, ""time_h"": 6.0}",metal=zrocl2.8h2o|linker=fumaric acid|solvent=dimethylformamide,True,False,False,train
6,10.1021/acs.cgd.6b01732,2017,"{""M_L_ratio"": 0.5, ""metal_concentration_mM"": 5.0, ""metal_precursor"": ""cu(no3)2.1h2o"", ""modulator"": null, ""organic_linker"": ""tetracarboxylic meta-substituted four-wall aryl-extended calix[4]pyrrole"", ""solvent"": ""dimethylformamide and water"", ""temperature_C"": 100.0, ""time_h"": 24.0}",metal=cu(no3)2.1h2o|linker=tetracarboxylic meta-substituted four-wall aryl-extended calix[4]pyrrole|solvent=dimethylformamide + water,True,False,False,train
7,10.1021/acsami.5c01476,2025,"{""M_L_ratio"": 1.0, ""metal_concentration_mM"": 143.0, ""metal_precursor"": ""fecl3.6h2o"", ""modulator"": null, ""organic_linker"": ""2-aminoterephthalic acid"", ""solvent"": ""ethanol and 1-ethyl-3-methylimidazolium tetrafluoroborate"", ""temperature_C"": 25.0, ""time_h"": 12.0}",metal=fecl3.6h2o|linker=2-aminoterephthalic acid|solvent=1-ethyl-3-methylimidazolium tetrafluoroborate + ethanol,True,False,False,train
8,10.1021/acsami.5c01476,2025,"{""M_L_ratio"": 2.01, ""metal_concentration_mM"": 166.0, ""metal_precursor"": ""fecl3.6h2o"", ""modulator"": null, ""organic_linker"": ""2-aminoterephthalic acid"", ""solvent"": ""dimethylformamide"", ""temperature_C"": 110.0, ""time_h"": 12.0}",metal=fecl3.6h2o|linker=2-aminoterephthalic acid|solvent=dimethylformamide,True,False,False,train
9,10.1021/acs.cgd.6b01533,2017,"{""M_L_ratio"": 1.0, ""metal_concentration_mM"": 45.0, ""metal_precursor"": ""zrcl4"", ""modulator"": ""acetic acid"", ""organic_linker"": ""terephthalic acid"", ""solvent"": ""dimethylformamide"", ""temperature_C"": 120.0, ""time_h"": 24.0}",metal=zrcl4|linker=terephthalic acid|solvent=dimethylformamide,True,False,False,train
10,10.1021/acs.cgd.6b01533,2017,"{""M_L_ratio"": 1.0, ""metal_concentration_mM"": 45.0, ""metal_precursor"": ""zrcl4"", ""modulator"": ""acetic acid and cuprous oxide"", ""organic_linker"": ""terephthalic acid"", ""solvent"": ""dimethylformamide"", ""temperature_C"": 120.0, ""time_h"": 24.0}",metal=zrcl4|linker=terephthalic acid|solvent=dimethylformamide,True,False,False,train
15,10.1021/acs.cgd.6b01533,2017,"{""M_L_ratio"": 1.0, ""metal_concentration_mM"": 45.0, ""metal_precursor"": ""zrcl4"", ""modulator"": ""acetic acid and copper(i) chloride"", ""organic_linker"": ""terephthalic acid"", ""solvent"": ""dimethylformamide"", ""temperature_C"": 120.0, ""time_h"": 24.0}",metal=zrcl4|linker=terephthalic acid|solvent=dimethylformamide,True,False,False,train
19,10.1021/acs.cgd.6b01533,2017,"{""M_L_ratio"": 1.0, ""metal_concentration_mM"": 45.0, ""metal_precursor"": ""zrcl4"", ""modulator"": ""acetic acid and copper(i) iodide"", ""organic_linker"": ""terephthalic acid"", ""solvent"": ""dimethylformamide"", ""temperature_C"": 120.0, ""time_h"": 24.0}",metal=zrcl4|linker=terephthalic acid|solvent=dimethylformamide,True,False,False,train
23,10.1021/acs.cgd.6b01533,2017,"{""M_L_ratio"": 1.0, ""metal_concentration_mM"": 45.0, ""metal_precursor"": ""zrcl4"", ""modulator"": ""acetic acid and copper(i) bromide"", ""organic_linker"": ""terephthalic acid"", ""solvent"": ""dimethylformamide"", ""temperature_C"": 120.0, ""time_h"": 24.0}",metal=zrcl4|linker=terephthalic acid|solvent=dimethylformamide,True,False,False,train
27,10.1021/acs.cgd.6b01533,2017,"{""M_L_ratio"": 1.0, ""metal_concentration_mM"": 45.0, ""metal_precursor"": ""zrcl4"", ""modulator"": ""acetic acid and copper(ii) chloride"", ""organic_linker"": ""terephthalic acid"", ""solvent"": ""dimethylformamide"", ""temperature_C"": 120.0, ""time_h"": 24.0}",metal=zrcl4|linker=terephthalic acid|solvent=dimethylformamide,True,False,False,train
31,10.1021/acs.cgd.6b01533,2017,"{""M_L_ratio"": 2.0, ""metal_concentration_mM"": 91.0, ""metal_precursor"": ""zrcl4"", ""modulator"": ""acetic acid and cuprous oxide"", ""organic_linker"": ""terephthalic acid"", ""solvent"": ""dimethylformamide"", ""temperature_C"": 120.0, ""time_h"": 24.0}",metal=zrcl4|linker=terephthalic acid|solvent=dimethylformamide,True,False,False,train
32,10.1016/j.cattod.2006.09.003,2007,"{""M_L_ratio"": 2.92, ""metal_concentration_mM"": 380.0, ""metal_precursor"": ""fecl2.4h2o"", ""modulator"": ""triethylamine"", ""organic_linker"": ""2,3,5,6-tetrafluorobenzene-1,4-dicarboxylic acid"", ""solvent"": ""dimethylformamide and water"", ""temperature_C"": 25.0, ""time_h"": null}","metal=fecl2.4h2o|linker=2,3,5,6-tetrafluorobenzene-1,4-dicarboxylic acid|solvent=dimethylformamide + water",True,False,False,train
33,10.1002/ejic.201000402,2010,"{""M_L_ratio"": 1.0, ""metal_concentration_mM"": 143.0, ""metal_precursor"": ""cocl2.6h2o"", ""modulator"": ""sodium hydroxide"", ""organic_linker"": ""pyridine-3,5-dicarboxylate and 1,1'-(1,4-butanediyl)bis(imidazole)"", ""solvent"": ""water"", ""temperature_C"": 160.0, ""time_h"": 72.0}","metal=cocl2.6h2o|linker=1,1'-(1,4-butanediyl)bis(imidazole) + pyridine-3,5-dicarboxylate|solvent=water",True,False,False,train
34,10.1002/chem.200801856,2009,"{""M_L_ratio"": 1.49, ""metal_concentration_mM"": 354.0, ""metal_precursor"": ""al(no3)3.9h2o"", ""modulator"": ""nitric acid"", ""organic_linker"": ""trimethyl 1,3,5-benzenetricarboxylate"", ""solvent"": ""water"", ""temperature_C"": 210.0, ""time_h"": 72.0}","metal=al(no3)3.9h2o|linker=trimethyl 1,3,5-benzenetricarboxylate|solvent=water",True,False,False,train
35,10.1002/chem.200801856,2009,"{""M_L_ratio"": 2.0, ""metal_concentration_mM"": 175.0, ""metal_precursor"": ""al(no3)3.9h2o"", ""modulator"": ""sodium hydroxide"", ""organic_linker"": ""trimethyl 1,3,5-benzenetricarboxylate"", ""solvent"": ""water"", ""temperature_C"": 210.0, ""time_h"": 3.0}","metal=al(no3)3.9h2o|linker=trimethyl 1,3,5-benzenetricarboxylate|solvent=water",True,False,False,train
36,10.1002/chem.201901939,2019,"{""M_L_ratio"": 2.0, ""metal_concentration_mM"": 133.0, ""metal_precursor"": ""fecl3.6h2o"", ""modulator"": null, ""organic_linker"": ""2-aminoterephthalic acid"", ""solvent"": ""dimethylformamide"", ""temperature_C"": 120.0, ""time_h"": 24.0}",metal=fecl3.6h2o|linker=2-aminoterephthalic acid|solvent=dimethylformamide,True,False,False,train
37,10.1002/chem.201901939,2019,"{""M_L_ratio"": 1.0, ""metal_concentration_mM"": 67.0, ""metal_precursor"": ""fecl3.6h2o"", ""modulator"": null, ""organic_linker"": ""2-aminoterephthalic acid"", ""solvent"": ""dimethylformamide"", ""temperature_C"": 120.0, ""time_h"": 24.0}",metal=fecl3.6h2o|linker=2-aminoterephthalic acid|solvent=dimethylformamide,True,False,False,train
38,10.1002/chem.201901939,2019,"{""M_L_ratio"": 0.5, ""metal_concentration_mM"": 33.0, ""metal_precursor"": ""fecl3.6h2o"", ""modulator"": null, ""organic_linker"": ""2-aminoterephthalic acid"", ""solvent"": ""dimethylformamide"", ""temperature_C"": 120.0, ""time_h"": 24.0}",metal=fecl3.6h2o|linker=2-aminoterephthalic acid|solvent=dimethylformamide,True,False,False,train
39,10.1002/chem.201901939,2019,"{""M_L_ratio"": 0.2, ""metal_concentration_mM"": 13.0, ""metal_precursor"": ""fecl3.6h2o"", ""modulator"": null, ""organic_linker"": ""2-aminoterephthalic acid"", ""solvent"": ""dimethylformamide"", ""temperature_C"": 120.0, ""time_h"": 24.0}",metal=fecl3.6h2o|linker=2-aminoterephthalic acid|solvent=dimethylformamide,True,False,False,train
40,10.1002/chem.201901939,2019,"{""M_L_ratio"": 2.0, ""metal_concentration_mM"": 133.0, ""metal_precursor"": ""cocl2.6h2o"", ""modulator"": null, ""organic_linker"": ""2-aminoterephthalic acid"", ""solvent"": ""dimethylformamide"", ""temperature_C"": 120.0, ""time_h"": 24.0}",metal=cocl2.6h2o|linker=2-aminoterephthalic acid|solvent=dimethylformamide,True,False,False,train
41,10.1039/c3ce41095a,2013,"{""M_L_ratio"": 6.0, ""metal_concentration_mM"": 60.0, ""metal_precursor"": ""cu(no3)2.3h2o"", ""modulator"": ""tetrafluoroboric acid (40% in water)"", ""organic_linker"": ""5-(bis(4-carboxybenzyl)amino)isophthalic acid monohydrate"", ""solvent"": ""dimethylformamide"", ""temperature_C"": 75.0, ""time_h"": 36.0}",metal=cu(no3)2.3h2o|linker=5-(bis(4-carboxybenzyl)amino)isophthalic acid monohydrate|solvent=dimethylformamide,True,False,False,train
42,10.1039/c3ce41095a,2013,"{""M_L_ratio"": 6.0, ""metal_concentration_mM"": 120.0, ""metal_precursor"": ""cu(no3)2.3h2o"", ""modulator"": ""tetrafluoroboric acid (40% in water)"", ""organic_linker"": ""5-(bis(4-carboxybenzyl)amino)isophthalic acid monohydrate"", ""solvent"": ""dimethylformamide and methanol"", ""temperature_C"": 75.0, ""time_h"": 60.0}",metal=cu(no3)2.3h2o|linker=5-(bis(4-carboxybenzyl)amino)isophthalic acid monohydrate|solvent=dimethylformamide + methanol,True,False,False,train
43,10.1021/acs.inorgchem.0c02674,2020,"{""M_L_ratio"": 0.73, ""metal_concentration_mM"": 36.0, ""metal_precursor"": ""zrocl2.8h2o"", ""modulator"": ""hydrochloric acid"", ""organic_linker"": ""2,5-dihydroxyterephthalic acid"", ""solvent"": ""dimethylformamide"", ""temperature_C"": 80.0, ""time_h"": 12.0}","metal=zrocl2.8h2o|linker=2,5-dihydroxyterephthalic acid|solvent=dimethylformamide",True,False,False,train
44,10.1021/acs.cgd.1c00385,2021,"{""M_L_ratio"": 1.0, ""metal_concentration_mM"": 50.0, ""metal_precursor"": ""co(no3)2.6h2o"", ""modulator"": ""naoh solution (ph adjustment)"", ""organic_linker"": ""2,6-di(1h-imidazol-1-yl)pyridine and 4,4'-oxybis(benzoic acid)"", ""solvent"": ""water"", ""temperature_C"": 140.0, ""time_h"": 72.0}","metal=co(no3)2.6h2o|linker=2,6-di(1h-imidazol-1-yl)pyridine + 4,4'-oxybis(benzoic acid)|solvent=water",True,False,False,train
45,10.1021/acs.cgd.1c00385,2021,"{""M_L_ratio"": 1.0, ""metal_concentration_mM"": 50.0, ""metal_precursor"": ""co(no3)2.6h2o"", ""modulator"": ""naoh solution (ph adjustment)"", ""organic_linker"": ""2,6-di(1h-imidazol-1-yl)pyridine and 1,2,4,5-benzenetetracarboxylic acid"", ""solvent"": ""water"", ""temperature_C"": 140.0, ""time_h"": 72.0}","metal=co(no3)2.6h2o|linker=1,2,4,5-benzenetetracarboxylic acid + 2,6-di(1h-imidazol-1-yl)pyridine|solvent=water",True,False,False,train
46,10.1021/acs.inorgchem.3c04060,2024,"{""M_L_ratio"": 0.62, ""metal_concentration_mM"": 42.0, ""metal_precursor"": ""cu(no3)2.5/2h2o"", ""modulator"": null, ""organic_linker"": ""5-aminoisophthalic acid"", ""solvent"": ""dimethylformamide and water"", ""temperature_C"": 100.0, ""time_h"": 6.0}",metal=cu(no3)2.5/2h2o|linker=5-aminoisophthalic acid|solvent=dimethylformamide + water,True,False,False,train
47,10.1021/cg201059d,2012,"{""M_L_ratio"": 2.0, ""metal_concentration_mM"": 67.0, ""metal_precursor"": ""zn(no3)2.6h2o"", ""modulator"": ""hbf4"", ""organic_linker"": ""anthracene-9,10-dicarboxylic acid"", ""solvent"": ""dimethylformamide"", ""temperature_C"": 120.0, ""time_h"": 168.0}","metal=zn(no3)2.6h2o|linker=anthracene-9,10-dicarboxylic acid|solvent=dimethylformamide",True,False,False,train
48,10.1021/cg201059d,2012,"{""M_L_ratio"": 2.0, ""metal_concentration_mM"": 67.0, ""metal_precursor"": ""zn(no3)2.6h2o"", ""modulator"": null, ""organic_linker"": ""anthracene-9,10-dicarboxylic acid"", ""solvent"": ""n,n-dimethylacetamide"", ""temperature_C"": 60.0, ""time_h"": 72.0}","metal=zn(no3)2.6h2o|linker=anthracene-9,10-dicarboxylic acid|solvent=n,n-dimethylacetamide",True,False,False,train
49,10.1021/cg201059d,2012,"{""M_L_ratio"": 2.0, ""metal_concentration_mM"": 67.0, ""metal_precursor"": ""zn(no3)2.6h2o"", ""modulator"": ""hbf4"", ""organic_linker"": ""anthracene-9,10-dicarboxylic acid and 4,4'-bipyridyl"", ""solvent"": ""dimethylformamide"", ""temperature_C"": 120.0, ""time_h"": 48.0}","metal=zn(no3)2.6h2o|linker=4,4'-bipyridyl + anthracene-9,10-dicarboxylic acid|solvent=dimethylformamide",True,False,False,train
51,10.1016/j.micromeso.2015.07.001,2015,"{""M_L_ratio"": 2.0, ""metal_concentration_mM"": 9.0, ""metal_precursor"": ""cu(no3)2.2h2o"", ""modulator"": ""pyridine and nitric acid"", ""organic_linker"": ""5,5'-(1,3-phenylenebis(methylene))bis(oxy)diisophthalic acid"", ""solvent"": ""dimethylformamide"", ""temperature_C"": 85.0, ""time_h"": 96.0}","metal=cu(no3)2.2h2o|linker=5,5'-(1,3-phenylenebis(methylene))bis(oxy)diisophthalic acid|solvent=dimethylformamide",True,False,False,train
52,10.1016/j.micromeso.2015.07.001,2015,"{""M_L_ratio"": 2.0, ""metal_concentration_mM"": 17.0, ""metal_precursor"": ""cu(no3)2.2h2o"", ""modulator"": ""nitric acid"", ""organic_linker"": ""5,5'-(1,3-phenylenebis(methylene))bis(oxy)diisophthalic acid"", ""solvent"": ""water and ethanol"", ""temperature_C"": 85.0, ""time_h"": 96.0}","metal=cu(no3)2.2h2o|linker=5,5'-(1,3-phenylenebis(methylene))bis(oxy)diisophthalic acid|solvent=ethanol + water",True,False,False,train
53,10.1016/j.ica.2004.07.029,2005,"{""M_L_ratio"": 5.06, ""metal_concentration_mM"": null, ""metal_precursor"": ""moo3"", ""modulator"": ""hf"", ""organic_linker"": ""tetra-2-pyridylpyrazine"", ""solvent"": ""water"", ""temperature_C"": 170.0, ""time_h"": 48.0}",metal=moo3|linker=tetra-2-pyridylpyrazine|solvent=water,True,False,False,train
54,10.1016/j.ica.2004.07.029,2005,"{""M_L_ratio"": 5.03, ""metal_concentration_mM"": null, ""metal_precursor"": ""moo3"", ""modulator"": ""t-butylphosphonic acid and hf"", ""organic_linker"": ""tetra-2-pyridylpyrazine"", ""solvent"": ""water"", ""temperature_C"": 170.0, ""time_h"": 48.0}",metal=moo3|linker=tetra-2-pyridylpyrazine|solvent=water,True,False,False,train
56,10.1039/d1mh01663f,2021,"{""M_L_ratio"": 1.0, ""metal_concentration_mM"": 100.0, ""metal_precursor"": ""fecl3.6h2o"", ""modulator"": null, ""organic_linker"": ""terephthalic acid"", ""solvent"": ""dimethylformamide"", ""temperature_C"": 120.0, ""time_h"": 24.0}",metal=fecl3.6h2o|linker=terephthalic acid|solvent=dimethylformamide,True,False,False,train
57,10.1039/d1mh01663f,2021,"{""M_L_ratio"": 1.0, ""metal_concentration_mM"": 100.0, ""metal_precursor"": ""fecl2.4h2o"", ""modulator"": null, ""organic_linker"": ""terephthalic acid"", ""solvent"": ""dimethylformamide"", ""temperature_C"": 150.0, ""time_h"": 72.0}",metal=fecl2.4h2o|linker=terephthalic acid|solvent=dimethylformamide,True,False,False,train
58,10.1039/d1mh01663f,2021,"{""M_L_ratio"": 1.0, ""metal_concentration_mM"": 100.0, ""metal_precursor"": ""fe(bf4)2.6h2o"", ""modulator"": null, ""organic_linker"": ""terephthalic acid"", ""solvent"": ""dimethylformamide"", ""temperature_C"": 150.0, ""time_h"": 72.0}",metal=fe(bf4)2.6h2o|linker=terephthalic acid|solvent=dimethylformamide,True,False,False,train
59,10.1039/d1mh01663f,2021,"{""M_L_ratio"": 1.0, ""metal_concentration_mM"": 100.0, ""metal_precursor"": ""fe(bf4)2.6h2o"", ""modulator"": ""acetic acid"", ""organic_linker"": ""terephthalic acid"", ""solvent"": ""dimethylformamide"", ""temperature_C"": 120.0, ""time_h"": 24.0}",metal=fe(bf4)2.6h2o|linker=terephthalic acid|solvent=dimethylformamide,True,False,False,train
60,10.1039/d1mh01663f,2021,"{""M_L_ratio"": 1.0, ""metal_concentration_mM"": 12.0, ""metal_precursor"": ""fe(so4).7h2o"", ""modulator"": ""acetic acid"", ""organic_linker"": ""terephthalic acid"", ""solvent"": ""dimethylformamide"", ""temperature_C"": 120.0, ""time_h"": 24.0}",metal=fe(so4).7h2o|linker=terephthalic acid|solvent=dimethylformamide,True,False,False,train
61,10.1039/d1mh01663f,2021,"{""M_L_ratio"": 1.0, ""metal_concentration_mM"": 12.0, ""metal_precursor"": ""fe(so4).7h2o"", ""modulator"": ""acetic acid"", ""organic_linker"": ""2-bromoterephthalic acid"", ""solvent"": ""dimethylformamide"", ""temperature_C"": 120.0, ""time_h"": 24.0}",metal=fe(so4).7h2o|linker=2-bromoterephthalic acid|solvent=dimethylformamide,True,False,False,train
62,10.1016/j.ica.2012.01.011,2012,"{""M_L_ratio"": 1.09, ""metal_concentration_mM"": 38.0, ""metal_precursor"": ""cu(ch3coo)2"", ""modulator"": ""hydrofluoric acid (48 wt.% in h2o)"", ""organic_linker"": ""1,4-butylenediphosphonic acid and n1,n1,n7,n7-tetrakis(2-pyridylmethyl)heptane-1,7-diamine"", ""solvent"": ""water"", ""temperature_C"": 100.0, ""time_h"": 48.0}","metal=cu(ch3coo)2|linker=1,4-butylenediphosphonic acid + n1,n1,n7,n7-tetrakis(2-pyridylmethyl)heptane-1,7-diamine|solvent=water",True,False,False,train
63,10.1016/j.ica.2012.01.011,2012,"{""M_L_ratio"": 1.38, ""metal_concentration_mM"": 38.0, ""metal_precursor"": ""cu(ch3coo)2"", ""modulator"": ""hydrofluoric acid (48 wt.% in h2o)"", ""organic_linker"": ""1,4-butylenediphosphonic acid and n1,n1,n5,n5-tetrakis(2-pyridylmethyl)pentane-1,5-diamine"", ""solvent"": ""water"", ""temperature_C"": 100.0, ""time_h"": 48.0}","metal=cu(ch3coo)2|linker=1,4-butylenediphosphonic acid + n1,n1,n5,n5-tetrakis(2-pyridylmethyl)pentane-1,5-diamine|solvent=water",True,False,False,train
64,10.1039/b713705b,2008,"{""M_L_ratio"": 1.51, ""metal_concentration_mM"": 10.0, ""metal_precursor"": ""cu2(mecoo)4.2h2o"", ""modulator"": null, ""organic_linker"": ""hexacarboxylic polychlorotriphenylmethyl radical and 4,4'-bipyridine"", ""solvent"": ""water and tetrahydrofuran"", ""temperature_C"": 25.0, ""time_h"": 1080.0}","metal=cu2(mecoo)4.2h2o|linker=4,4'-bipyridine + hexacarboxylic polychlorotriphenylmethyl radical|solvent=tetrahydrofuran + water",True,False,False,train
65,10.1039/b713705b,2008,"{""M_L_ratio"": 1.51, ""metal_concentration_mM"": 10.0, ""metal_precursor"": ""cu2(mecoo)4.2h2o"", ""modulator"": null, ""organic_linker"": ""ah-ptmhc and 4,4'-bipyridine"", ""solvent"": ""water and ethanol"", ""temperature_C"": 25.0, ""time_h"": 480.0}","metal=cu2(mecoo)4.2h2o|linker=4,4'-bipyridine + ah-ptmhc|solvent=ethanol + water",True,False,False,holdout
66,10.1039/c6nj00822d,2016,"{""M_L_ratio"": 16.0, ""metal_concentration_mM"": 615.0, ""metal_precursor"": ""la(ch3so3)3"", ""modulator"": ""sodium hydroxide"", ""organic_linker"": ""2-nitroterephthalic acid"", ""solvent"": ""water"", ""temperature_C"": 180.0, ""time_h"": 72.0}",metal=la(ch3so3)3|linker=2-nitroterephthalic acid|solvent=water,True,False,False,train
67,10.1039/c6nj00822d,2016,"{""M_L_ratio"": 8.0, ""metal_concentration_mM"": 364.0, ""metal_precursor"": ""nd(ch3so3)3"", ""modulator"": ""sodium hydroxide"", ""organic_linker"": ""2-nitroterephthalic acid"", ""solvent"": ""water"", ""temperature_C"": 180.0, ""time_h"": 72.0}",metal=nd(ch3so3)3|linker=2-nitroterephthalic acid|solvent=water,True,False,False,holdout
69,10.1039/c6nj00822d,2016,"{""M_L_ratio"": 8.0, ""metal_concentration_mM"": 308.0, ""metal_precursor"": ""eu(ch3so3)3"", ""modulator"": ""sodium hydroxide"", ""organic_linker"": ""2-nitroterephthalic acid"", ""solvent"": ""water"", ""temperature_C"": 180.0, ""time_h"": 72.0}",metal=eu(ch3so3)3|linker=2-nitroterephthalic acid|solvent=water,True,False,False,holdout
70,10.1039/c6nj00822d,2016,"{""M_L_ratio"": 8.0, ""metal_concentration_mM"": 308.0, ""metal_precursor"": ""gd(ch3so3)3"", ""modulator"": ""sodium hydroxide"", ""organic_linker"": ""2-nitroterephthalic acid"", ""solvent"": ""water"", ""temperature_C"": 180.0, ""time_h"": 72.0}",metal=gd(ch3so3)3|linker=2-nitroterephthalic acid|solvent=water,True,False,False,train
71,10.1039/c6nj00822d,2016,"{""M_L_ratio"": 8.0, ""metal_concentration_mM"": 308.0, ""metal_precursor"": ""tb(ch3so3)3"", ""modulator"": ""sodium hydroxide"", ""organic_linker"": ""2-nitroterephthalic acid"", ""solvent"": ""water"", ""temperature_C"": 180.0, ""time_h"": 72.0}",metal=tb(ch3so3)3|linker=2-nitroterephthalic acid|solvent=water,True,False,False,holdout
72,10.1039/c6nj00822d,2016,"{""M_L_ratio"": 8.0, ""metal_concentration_mM"": 308.0, ""metal_precursor"": ""er(ch3so3)3"", ""modulator"": ""sodium hydroxide"", ""organic_linker"": ""2-nitroterephthalic acid"", ""solvent"": ""water"", ""temperature_C"": 180.0, ""time_h"": 72.0}",metal=er(ch3so3)3|linker=2-nitroterephthalic acid|solvent=water,True,False,False,train
73,10.1021/ic000209d,2000,"{""M_L_ratio"": 0.8, ""metal_concentration_mM"": 53.0, ""metal_precursor"": ""er(no3)3.5h2o"", ""modulator"": null, ""organic_linker"": ""cis,cis-1,3,5-cyclohexanetricarboxylic acid"", ""solvent"": ""water"", ""temperature_C"": 170.0, ""time_h"": 24.0}","metal=er(no3)3.5h2o|linker=cis,cis-1,3,5-cyclohexanetricarboxylic acid|solvent=water",True,False,False,train
74,10.1021/ja905690t,2009,"{""M_L_ratio"": 1.0, ""metal_concentration_mM"": 100.0, ""metal_precursor"": ""ca(ch3coo)2"", ""modulator"": null, ""organic_linker"": ""l-tartaric acid"", ""solvent"": ""water"", ""temperature_C"": 25.0, ""time_h"": 0.1}",metal=ca(ch3coo)2|linker=l-tartaric acid|solvent=water,True,False,False,holdout
75,10.1021/ja905690t,2009,"{""M_L_ratio"": 1.0, ""metal_concentration_mM"": 100.0, ""metal_precursor"": ""ca(ch3coo)2"", ""modulator"": null, ""organic_linker"": ""l-tartaric acid"", ""solvent"": ""water"", ""temperature_C"": 125.0, ""time_h"": 48.0}",metal=ca(ch3coo)2|linker=l-tartaric acid|solvent=water,True,False,False,holdout
76,10.1021/ja905690t,2009,"{""M_L_ratio"": 1.0, ""metal_concentration_mM"": 100.0, ""metal_precursor"": ""ca(ch3coo)2"", ""modulator"": null, ""organic_linker"": ""d,l-tartaric acid"", ""solvent"": ""water"", ""temperature_C"": 60.0, ""time_h"": 48.0}","metal=ca(ch3coo)2|linker=d,l-tartaric acid|solvent=water",True,False,False,train
77,10.1021/ja905690t,2009,"{""M_L_ratio"": 1.0, ""metal_concentration_mM"": 100.0, ""metal_precursor"": ""ca(ch3coo)2"", ""modulator"": null, ""organic_linker"": ""d,l-tartaric acid"", ""solvent"": ""water"", ""temperature_C"": 200.0, ""time_h"": 48.0}","metal=ca(ch3coo)2|linker=d,l-tartaric acid|solvent=water",True,False,False,train
78,10.1021/ja905690t,2009,"{""M_L_ratio"": 1.0, ""metal_concentration_mM"": 100.0, ""metal_precursor"": ""ca(ch3coo)2"", ""modulator"": null, ""organic_linker"": ""meso-tartaric acid hydrate"", ""solvent"": ""water"", ""temperature_C"": 25.0, ""time_h"": 0.1}",metal=ca(ch3coo)2|linker=meso-tartaric acid hydrate|solvent=water,True,False,False,train
79,10.1021/ja905690t,2009,"{""M_L_ratio"": 1.0, ""metal_concentration_mM"": 100.0, ""metal_precursor"": ""ca(ch3coo)2"", ""modulator"": null, ""organic_linker"": ""meso-tartaric acid hydrate"", ""solvent"": ""water"", ""temperature_C"": 100.0, ""time_h"": 48.0}",metal=ca(ch3coo)2|linker=meso-tartaric acid hydrate|solvent=water,True,False,False,train
80,10.1021/ja905690t,2009,"{""M_L_ratio"": 1.0, ""metal_concentration_mM"": 100.0, ""metal_precursor"": ""ca(ch3coo)2"", ""modulator"": null, ""organic_linker"": ""meso-tartaric acid hydrate"", ""solvent"": ""water"", ""temperature_C"": 150.0, ""time_h"": 48.0}",metal=ca(ch3coo)2|linker=meso-tartaric acid hydrate|solvent=water,True,False,False,train
81,10.1021/ja905690t,2009,"{""M_L_ratio"": 1.0, ""metal_concentration_mM"": 100.0, ""metal_precursor"": ""sr(ch3coo)2"", ""modulator"": null, ""organic_linker"": ""l-tartaric acid"", ""solvent"": ""water"", ""temperature_C"": 25.0, ""time_h"": 144.0}",metal=sr(ch3coo)2|linker=l-tartaric acid|solvent=water,True,False,False,train
82,10.1021/ja905690t,2009,"{""M_L_ratio"": 1.0, ""metal_concentration_mM"": 100.0, ""metal_precursor"": ""sr(ch3coo)2"", ""modulator"": null, ""organic_linker"": ""l-tartaric acid"", ""solvent"": ""water"", ""temperature_C"": 60.0, ""time_h"": 48.0}",metal=sr(ch3coo)2|linker=l-tartaric acid|solvent=water,True,False,False,train
84,10.1021/ja905690t,2009,"{""M_L_ratio"": 1.0, ""metal_concentration_mM"": 100.0, ""metal_precursor"": ""sr(ch3coo)2"", ""modulator"": null, ""organic_linker"": ""l-tartaric acid"", ""solvent"": ""water"", ""temperature_C"": 150.0, ""time_h"": 48.0}",metal=sr(ch3coo)2|linker=l-tartaric acid|solvent=water,True,False,False,train
85,10.1021/ja905690t,2009,"{""M_L_ratio"": 1.0, ""metal_concentration_mM"": 100.0, ""metal_precursor"": ""sr(ch3coo)2"", ""modulator"": null, ""organic_linker"": ""d,l-tartaric acid"", ""solvent"": ""water"", ""temperature_C"": 100.0, ""time_h"": 48.0}","metal=sr(ch3coo)2|linker=d,l-tartaric acid|solvent=water",True,False,False,train
86,10.1021/ja905690t,2009,"{""M_L_ratio"": 1.0, ""metal_concentration_mM"": 100.0, ""metal_precursor"": ""sr(ch3coo)2"", ""modulator"": null, ""organic_linker"": ""meso-tartaric acid hydrate"", ""solvent"": ""water"", ""temperature_C"": 125.0, ""time_h"": 48.0}",metal=sr(ch3coo)2|linker=meso-tartaric acid hydrate|solvent=water,True,False,False,train
87,10.1021/ja905690t,2009,"{""M_L_ratio"": 1.0, ""metal_concentration_mM"": 100.0, ""metal_precursor"": ""ba(ch3coo)2"", ""modulator"": null, ""organic_linker"": ""l-tartaric acid"", ""solvent"": ""water"", ""temperature_C"": 25.0, ""time_h"": 24.0}",metal=ba(ch3coo)2|linker=l-tartaric acid|solvent=water,True,False,False,train
88,10.1021/ja905690t,2009,"{""M_L_ratio"": 1.0, ""metal_concentration_mM"": 12.0, ""metal_precursor"": ""ba(ch3coo)2"", ""modulator"": null, ""organic_linker"": ""d,l-tartaric acid"", ""solvent"": ""water"", ""temperature_C"": 25.0, ""time_h"": 48.0}","metal=ba(ch3coo)2|linker=d,l-tartaric acid|solvent=water",True,False,False,train
90,10.1021/ja905690t,2009,"{""M_L_ratio"": 1.0, ""metal_concentration_mM"": 100.0, ""metal_precursor"": ""ba(ch3coo)2"", ""modulator"": null, ""organic_linker"": ""d,l-tartaric acid"", ""solvent"": ""water"", ""temperature_C"": 60.0, ""time_h"": 48.0}","metal=ba(ch3coo)2|linker=d,l-tartaric acid|solvent=water",True,False,False,train
91,10.1021/ja905690t,2009,"{""M_L_ratio"": 1.0, ""metal_concentration_mM"": 100.0, ""metal_precursor"": ""ba(ch3coo)2"", ""modulator"": null, ""organic_linker"": ""meso-tartaric acid hydrate"", ""solvent"": ""water"", ""temperature_C"": 100.0, ""time_h"": 48.0}",metal=ba(ch3coo)2|linker=meso-tartaric acid hydrate|solvent=water,True,False,False,train
92,10.1002/ejic.201301010,2013,"{""M_L_ratio"": 0.67, ""metal_concentration_mM"": 20.0, ""metal_precursor"": ""y(no3)3.6h2o"", ""modulator"": null, ""organic_linker"": ""2,2'-bipyridine-5,5'-dicarboxylate"", ""solvent"": ""dimethylformamide and water"", ""temperature_C"": 120.0, ""time_h"": 72.0}","metal=y(no3)3.6h2o|linker=2,2'-bipyridine-5,5'-dicarboxylate|solvent=dimethylformamide + water",True,False,False,train
93,10.1002/anie.202000299,2020,"{""M_L_ratio"": 0.33, ""metal_concentration_mM"": 67.0, ""metal_precursor"": ""zn(no3)2.6h2o"", ""modulator"": null, ""organic_linker"": ""pyrimidin-2-ol"", ""solvent"": ""water"", ""temperature_C"": 25.0, ""time_h"": 0.5}",metal=zn(no3)2.6h2o|linker=pyrimidin-2-ol|solvent=water,True,False,False,train
94,10.1002/anie.202000299,2020,"{""M_L_ratio"": 0.33, ""metal_concentration_mM"": 67.0, ""metal_precursor"": ""zn(no3)2.6h2o"", ""modulator"": ""histidine"", ""organic_linker"": ""pyrimidin-2-ol"", ""solvent"": ""water"", ""temperature_C"": 25.0, ""time_h"": 0.5}",metal=zn(no3)2.6h2o|linker=pyrimidin-2-ol|solvent=water,True,False,False,train
97,10.1002/anie.202000299,2020,"{""M_L_ratio"": 0.33, ""metal_concentration_mM"": 67.0, ""metal_precursor"": ""zn(no3)2.6h2o"", ""modulator"": ""2-methyl imidazole"", ""organic_linker"": ""pyrimidin-2-ol"", ""solvent"": ""water"", ""temperature_C"": 25.0, ""time_h"": 0.5}",metal=zn(no3)2.6h2o|linker=pyrimidin-2-ol|solvent=water,True,False,False,train
98,10.1002/cctc.201402546,2014,"{""M_L_ratio"": 1.0, ""metal_concentration_mM"": 17.0, ""metal_precursor"": ""zrcl4"", ""modulator"": ""acetic acid and water"", ""organic_linker"": ""2,6-naphthalenedicarboxylic acid"", ""solvent"": ""dimethylformamide"", ""temperature_C"": 120.0, ""time_h"": 24.0}","metal=zrcl4|linker=2,6-naphthalenedicarboxylic acid|solvent=dimethylformamide",True,False,False,train
100,10.1002/cctc.201402546,2014,"{""M_L_ratio"": 1.54, ""metal_concentration_mM"": 17.0, ""metal_precursor"": ""zrcl4"", ""modulator"": ""acetic acid and water"", ""organic_linker"": ""2,6-naphthalenedicarboxylic acid and 4-aminonaphthalene-2,6-dicarboxylic acid"", ""solvent"": ""dimethylformamide"", ""temperature_C"": 120.0, ""time_h"": 24.0}","metal=zrcl4|linker=2,6-naphthalenedicarboxylic acid + 4-aminonaphthalene-2,6-dicarboxylic acid|solvent=dimethylformamide",True,False,False,train
101,10.1039/c3dt53167h,2014,"{""M_L_ratio"": 0.62, ""metal_concentration_mM"": 14.0, ""metal_precursor"": ""al2(so4)3.18h2o"", ""modulator"": null, ""organic_linker"": ""(2,4,6-trimethylbenzene-1,3,5-triyl)tris(methylene)triphosphonic acid"", ""solvent"": ""ethanol and water"", ""temperature_C"": 140.0, ""time_h"": 72.0}","metal=al2(so4)3.18h2o|linker=(2,4,6-trimethylbenzene-1,3,5-triyl)tris(methylene)triphosphonic acid|solvent=ethanol + water",True,False,False,train
102,10.1021/cg401825f,2014,"{""M_L_ratio"": 1.0, ""metal_concentration_mM"": 50.0, ""metal_precursor"": ""la(no3)3"", ""modulator"": ""bis(2,2'-biimidazole)"", ""organic_linker"": ""1,4-naphthalenedicarboxylic acid"", ""solvent"": ""water"", ""temperature_C"": 120.0, ""time_h"": 72.0}","metal=la(no3)3|linker=1,4-naphthalenedicarboxylic acid|solvent=water",True,False,False,train
103,10.1021/cg401825f,2014,"{""M_L_ratio"": 1.0, ""metal_concentration_mM"": 50.0, ""metal_precursor"": ""pr(no3)3"", ""modulator"": ""bis(2,2'-biimidazole)"", ""organic_linker"": ""1,4-naphthalenedicarboxylic acid"", ""solvent"": ""water"", ""temperature_C"": 120.0, ""time_h"": 72.0}","metal=pr(no3)3|linker=1,4-naphthalenedicarboxylic acid|solvent=water",True,False,False,train
104,10.1021/cg401825f,2014,"{""M_L_ratio"": 1.0, ""metal_concentration_mM"": 50.0, ""metal_precursor"": ""sm(no3)3"", ""modulator"": ""bis(2,2'-biimidazole)"", ""organic_linker"": ""1,4-naphthalenedicarboxylic acid"", ""solvent"": ""water"", ""temperature_C"": 120.0, ""time_h"": 72.0}","metal=sm(no3)3|linker=1,4-naphthalenedicarboxylic acid|solvent=water",True,False,False,train
105,10.1021/cg401825f,2014,"{""M_L_ratio"": 1.0, ""metal_concentration_mM"": 50.0, ""metal_precursor"": ""eu(no3)3"", ""modulator"": ""bis(2,2'-biimidazole)"", ""organic_linker"": ""1,4-naphthalenedicarboxylic acid"", ""solvent"": ""water"", ""temperature_C"": 120.0, ""time_h"": 72.0}","metal=eu(no3)3|linker=1,4-naphthalenedicarboxylic acid|solvent=water",True,False,False,holdout
106,10.1021/cg401825f,2014,"{""M_L_ratio"": 1.0, ""metal_concentration_mM"": 50.0, ""metal_precursor"": ""gd(no3)3"", ""modulator"": ""bis(2,2'-biimidazole)"", ""organic_linker"": ""1,4-naphthalenedicarboxylic acid"", ""solvent"": ""water"", ""temperature_C"": 120.0, ""time_h"": 72.0}","metal=gd(no3)3|linker=1,4-naphthalenedicarboxylic acid|solvent=water",True,False,False,train
107,10.1021/cg401825f,2014,"{""M_L_ratio"": 1.0, ""metal_concentration_mM"": 50.0, ""metal_precursor"": ""tb(no3)3"", ""modulator"": ""bis(2,2'-biimidazole)"", ""organic_linker"": ""1,4-naphthalenedicarboxylic acid"", ""solvent"": ""water"", ""temperature_C"": 120.0, ""time_h"": 72.0}","metal=tb(no3)3|linker=1,4-naphthalenedicarboxylic acid|solvent=water",True,False,False,holdout
108,10.1021/cg401825f,2014,"{""M_L_ratio"": 1.0, ""metal_concentration_mM"": 50.0, ""metal_precursor"": ""dy(no3)3"", ""modulator"": ""bis(2,2'-biimidazole)"", ""organic_linker"": ""1,4-naphthalenedicarboxylic acid"", ""solvent"": ""water"", ""temperature_C"": 120.0, ""time_h"": 72.0}","metal=dy(no3)3|linker=1,4-naphthalenedicarboxylic acid|solvent=water",True,False,False,train
109,10.1021/cg401825f,2014,"{""M_L_ratio"": 1.0, ""metal_concentration_mM"": 50.0, ""metal_precursor"": ""er(no3)3"", ""modulator"": ""bis(2,2'-biimidazole)"", ""organic_linker"": ""1,4-naphthalenedicarboxylic acid"", ""solvent"": ""water"", ""temperature_C"": 120.0, ""time_h"": 72.0}","metal=er(no3)3|linker=1,4-naphthalenedicarboxylic acid|solvent=water",True,False,False,train
110,10.1039/c2ce25081k,2012,"{""M_L_ratio"": 2.0, ""metal_concentration_mM"": 29.0, ""metal_precursor"": ""cu(clo4)2.6h2o"", ""modulator"": ""triethylamine"", ""organic_linker"": ""2-p-methoxyphenyl-1h-imidazole-4,5-dicarboxylic acid"", ""solvent"": ""water and methanol"", ""temperature_C"": 150.0, ""time_h"": 96.0}","metal=cu(clo4)2.6h2o|linker=2-p-methoxyphenyl-1h-imidazole-4,5-dicarboxylic acid|solvent=methanol + water",True,False,False,train
111,10.1039/c2ce25081k,2012,"{""M_L_ratio"": 1.0, ""metal_concentration_mM"": 14.0, ""metal_precursor"": ""zn(ch3coo)2.2h2o"", ""modulator"": ""triethylamine"", ""organic_linker"": ""2-p-methoxyphenyl-1h-imidazole-4,5-dicarboxylic acid and 2,2'-bipyridine"", ""solvent"": ""ethanol and water"", ""temperature_C"": 160.0, ""time_h"": 72.0}","metal=zn(ch3coo)2.2h2o|linker=2,2'-bipyridine + 2-p-methoxyphenyl-1h-imidazole-4,5-dicarboxylic acid|solvent=ethanol + water",True,False,False,train
112,10.1039/c2ce25081k,2012,"{""M_L_ratio"": 1.0, ""metal_concentration_mM"": 29.0, ""metal_precursor"": ""co(no3)2.6h2o"", ""modulator"": ""triethylamine"", ""organic_linker"": ""2-p-methoxyphenyl-1h-imidazole-4,5-dicarboxylic acid and 2,2'-bipyridine"", ""solvent"": ""ethanol and water"", ""temperature_C"": 160.0, ""time_h"": 72.0}","metal=co(no3)2.6h2o|linker=2,2'-bipyridine + 2-p-methoxyphenyl-1h-imidazole-4,5-dicarboxylic acid|solvent=ethanol + water",True,False,False,holdout
113,10.1039/c2ce25081k,2012,"{""M_L_ratio"": 1.0, ""metal_concentration_mM"": 29.0, ""metal_precursor"": ""co(no3)2.6h2o"", ""modulator"": ""triethylamine"", ""organic_linker"": ""2-p-methoxyphenyl-1h-imidazole-4,5-dicarboxylic acid and 1,10-phenanthroline"", ""solvent"": ""ethanol and water"", ""temperature_C"": 160.0, ""time_h"": 72.0}","metal=co(no3)2.6h2o|linker=1,10-phenanthroline + 2-p-methoxyphenyl-1h-imidazole-4,5-dicarboxylic acid|solvent=ethanol + water",True,False,False,train
114,10.1039/c2ce25081k,2012,"{""M_L_ratio"": 1.0, ""metal_concentration_mM"": 14.0, ""metal_precursor"": ""cocl2.6h2o"", ""modulator"": null, ""organic_linker"": ""2-p-methoxyphenyl-1h-imidazole-4,5-dicarboxylic acid and pyridine"", ""solvent"": ""water"", ""temperature_C"": 160.0, ""time_h"": 72.0}","metal=cocl2.6h2o|linker=2-p-methoxyphenyl-1h-imidazole-4,5-dicarboxylic acid + pyridine|solvent=water",True,False,False,train
115,10.1021/acs.inorgchem.9b01408,2019,"{""M_L_ratio"": 0.33, ""metal_concentration_mM"": 400.0, ""metal_precursor"": ""hfcl4"", ""modulator"": ""acetic acid"", ""organic_linker"": ""acetylenedicarboxylic acid"", ""solvent"": ""water"", ""temperature_C"": 85.0, ""time_h"": 6.0}",metal=hfcl4|linker=acetylenedicarboxylic acid|solvent=water,True,False,False,train
116,10.1021/acs.inorgchem.9b01408,2019,"{""M_L_ratio"": 1.0, ""metal_concentration_mM"": 400.0, ""metal_precursor"": ""hfcl4"", ""modulator"": ""acetic acid"", ""organic_linker"": ""acetylenedicarboxylic acid"", ""solvent"": ""water"", ""temperature_C"": 85.0, ""time_h"": 6.0}",metal=hfcl4|linker=acetylenedicarboxylic acid|solvent=water,True,False,False,train
117,10.1021/ic500234r,2014,"{""M_L_ratio"": 1.0, ""metal_concentration_mM"": 10.0, ""metal_precursor"": ""zn(no3)2.6h2o"", ""modulator"": null, ""organic_linker"": ""biphenyl-4,4'-dicarboxylic acid and 4,4'-azobipyridine"", ""solvent"": ""dimethylformamide and ethanol"", ""temperature_C"": 80.0, ""time_h"": 72.0}","metal=zn(no3)2.6h2o|linker=4,4'-azobipyridine + biphenyl-4,4'-dicarboxylic acid|solvent=dimethylformamide + ethanol",True,False,False,holdout
118,10.1021/ic500234r,2014,"{""M_L_ratio"": 1.0, ""metal_concentration_mM"": 10.0, ""metal_precursor"": ""zn(no3)2.6h2o"", ""modulator"": null, ""organic_linker"": ""biphenyl-4,4'-dicarboxylic acid and 4,4'-azobipyridine"", ""solvent"": ""n,n-diethylformamide and 2-methoxyethanol"", ""temperature_C"": 120.0, ""time_h"": 72.0}","metal=zn(no3)2.6h2o|linker=4,4'-azobipyridine + biphenyl-4,4'-dicarboxylic acid|solvent=2-methoxyethanol + n,n-diethylformamide",True,False,False,train
119,10.1021/ic500234r,2014,"{""M_L_ratio"": 1.0, ""metal_concentration_mM"": 10.0, ""metal_precursor"": ""zn(ch3coo)2.2h2o"", ""modulator"": null, ""organic_linker"": ""biphenyl-4,4'-dicarboxylic acid and 4,4'-azobipyridine"", ""solvent"": ""dimethylformamide and ethanol"", ""temperature_C"": 80.0, ""time_h"": 72.0}","metal=zn(ch3coo)2.2h2o|linker=4,4'-azobipyridine + biphenyl-4,4'-dicarboxylic acid|solvent=dimethylformamide + ethanol",True,False,False,train
120,10.1002/ejic.201500133,2015,"{""M_L_ratio"": 1.0, ""metal_concentration_mM"": 143.0, ""metal_precursor"": ""zrcl4"", ""modulator"": ""water"", ""organic_linker"": ""trans,trans-muconic acid"", ""solvent"": ""dimethylformamide"", ""temperature_C"": 150.0, ""time_h"": 24.0}","metal=zrcl4|linker=trans,trans-muconic acid|solvent=dimethylformamide",True,False,False,train
121,10.1002/ejic.201500133,2015,"{""M_L_ratio"": 1.0, ""metal_concentration_mM"": 143.0, ""metal_precursor"": ""zrcl4"", ""modulator"": ""concentrated hydrochloric acid"", ""organic_linker"": ""trans,trans-muconic acid"", ""solvent"": ""dimethylformamide"", ""temperature_C"": 150.0, ""time_h"": 24.0}","metal=zrcl4|linker=trans,trans-muconic acid|solvent=dimethylformamide",True,False,False,train
122,10.1039/c7dt01084b,2017,"{""M_L_ratio"": 1.01, ""metal_concentration_mM"": 59.0, ""metal_precursor"": ""zrcl4"", ""modulator"": ""hydrochloric acid (37%, 12 m)"", ""organic_linker"": ""terephthalic acid"", ""solvent"": ""dimethylformamide"", ""temperature_C"": 120.0, ""time_h"": 24.0}",metal=zrcl4|linker=terephthalic acid|solvent=dimethylformamide,True,False,False,train
123,10.1039/c7dt01084b,2017,"{""M_L_ratio"": 0.99, ""metal_concentration_mM"": 125.0, ""metal_precursor"": ""zrcl4"", ""modulator"": ""acetic acid"", ""organic_linker"": ""2,5-pyridinedicarboxylic acid"", ""solvent"": ""water"", ""temperature_C"": 100.0, ""time_h"": 24.0}","metal=zrcl4|linker=2,5-pyridinedicarboxylic acid|solvent=water",True,False,False,train
124,10.1039/c7dt01084b,2017,"{""M_L_ratio"": 0.99, ""metal_concentration_mM"": 167.0, ""metal_precursor"": ""zrcl4"", ""modulator"": ""acetic acid"", ""organic_linker"": ""2,5-pyridinedicarboxylic acid"", ""solvent"": ""water"", ""temperature_C"": 100.0, ""time_h"": 24.0}","metal=zrcl4|linker=2,5-pyridinedicarboxylic acid|solvent=water",True,False,False,train
125,10.1039/c7dt01084b,2017,"{""M_L_ratio"": 0.99, ""metal_concentration_mM"": 250.0, ""metal_precursor"": ""zrcl4"", ""modulator"": ""acetic acid"", ""organic_linker"": ""2,5-pyridinedicarboxylic acid"", ""solvent"": ""water"", ""temperature_C"": 100.0, ""time_h"": 24.0}","metal=zrcl4|linker=2,5-pyridinedicarboxylic acid|solvent=water",True,False,False,train
126,10.1039/c7dt01084b,2017,"{""M_L_ratio"": 0.99, ""metal_concentration_mM"": 500.0, ""metal_precursor"": ""zrcl4"", ""modulator"": ""acetic acid"", ""organic_linker"": ""2,5-pyridinedicarboxylic acid"", ""solvent"": ""water"", ""temperature_C"": 100.0, ""time_h"": 24.0}","metal=zrcl4|linker=2,5-pyridinedicarboxylic acid|solvent=water",True,False,False,train
127,10.1039/c7dt01084b,2017,"{""M_L_ratio"": 0.99, ""metal_concentration_mM"": 100.0, ""metal_precursor"": ""zrcl4"", ""modulator"": null, ""organic_linker"": ""2,5-pyridinedicarboxylic acid"", ""solvent"": ""acetic acid"", ""temperature_C"": 100.0, ""time_h"": 24.0}","metal=zrcl4|linker=2,5-pyridinedicarboxylic acid|solvent=acetic acid",True,False,False,train
128,10.1021/acs.cgd.9b00611,2019,"{""M_L_ratio"": 2.13, ""metal_concentration_mM"": 73.0, ""metal_precursor"": ""incl3"", ""modulator"": ""spirocyclic piperidinium chloride"", ""organic_linker"": ""4,4',4″-benzene-1,3,5-triyl-tribenzoic acid"", ""solvent"": ""dimethylformamide and 1,4-dioxane"", ""temperature_C"": 120.0, ""time_h"": 24.0}","metal=incl3|linker=4,4',4″-benzene-1,3,5-triyl-tribenzoic acid|solvent=1,4-dioxane + dimethylformamide",True,False,False,train
129,10.1021/acs.cgd.9b00611,2019,"{""M_L_ratio"": 2.13, ""metal_concentration_mM"": 73.0, ""metal_precursor"": ""incl3"", ""modulator"": ""spirocyclic piperidinium bromide"", ""organic_linker"": ""4,4',4″-benzene-1,3,5-triyl-tribenzoic acid"", ""solvent"": ""dimethylformamide and 1,4-dioxane"", ""temperature_C"": 120.0, ""time_h"": 24.0}","metal=incl3|linker=4,4',4″-benzene-1,3,5-triyl-tribenzoic acid|solvent=1,4-dioxane + dimethylformamide",True,False,False,train
130,10.1021/acs.cgd.9b00611,2019,"{""M_L_ratio"": 2.13, ""metal_concentration_mM"": 73.0, ""metal_precursor"": ""incl3"", ""modulator"": ""spirocyclic morpholinium bromide"", ""organic_linker"": ""4,4',4″-benzene-1,3,5-triyl-tribenzoic acid"", ""solvent"": ""dimethylformamide and 1,4-dioxane"", ""temperature_C"": 120.0, ""time_h"": 24.0}","metal=incl3|linker=4,4',4″-benzene-1,3,5-triyl-tribenzoic acid|solvent=1,4-dioxane + dimethylformamide",True,False,False,train
131,10.1021/acs.cgd.9b00611,2019,"{""M_L_ratio"": 2.13, ""metal_concentration_mM"": 73.0, ""metal_precursor"": ""incl3"", ""modulator"": ""tetraethylammonium chloride"", ""organic_linker"": ""4,4',4″-benzene-1,3,5-triyl-tribenzoic acid"", ""solvent"": ""dimethylformamide and 1,4-dioxane"", ""temperature_C"": 120.0, ""time_h"": 24.0}","metal=incl3|linker=4,4',4″-benzene-1,3,5-triyl-tribenzoic acid|solvent=1,4-dioxane + dimethylformamide",True,False,False,train
132,10.1002/chem.202402363,2024,"{""M_L_ratio"": 4.77, ""metal_concentration_mM"": 207.0, ""metal_precursor"": ""y(no3)3"", ""modulator"": ""2,6-difluorobenzoic acid and trifluoroacetic acid"", ""organic_linker"": ""benzene-1,3,5-tricarboxylic acid"", ""solvent"": ""dimethylformamide"", ""temperature_C"": 130.0, ""time_h"": 120.0}","metal=y(no3)3|linker=benzene-1,3,5-tricarboxylic acid|solvent=dimethylformamide",True,False,False,train
133,10.1002/chem.202402363,2024,"{""M_L_ratio"": 4.77, ""metal_concentration_mM"": 207.0, ""metal_precursor"": ""lu(no3)3"", ""modulator"": ""2,6-difluorobenzoic acid and trifluoroacetic acid"", ""organic_linker"": ""benzene-1,3,5-tricarboxylic acid"", ""solvent"": ""dimethylformamide"", ""temperature_C"": 130.0, ""time_h"": 120.0}","metal=lu(no3)3|linker=benzene-1,3,5-tricarboxylic acid|solvent=dimethylformamide",True,False,False,train
134,10.1002/chem.202402363,2024,"{""M_L_ratio"": 4.77, ""metal_concentration_mM"": 207.0, ""metal_precursor"": ""yb(no3)3"", ""modulator"": ""2,6-difluorobenzoic acid and trifluoroacetic acid"", ""organic_linker"": ""benzene-1,3,5-tricarboxylic acid"", ""solvent"": ""dimethylformamide"", ""temperature_C"": 130.0, ""time_h"": 120.0}","metal=yb(no3)3|linker=benzene-1,3,5-tricarboxylic acid|solvent=dimethylformamide",True,False,False,train
135,10.1002/chem.202402363,2024,"{""M_L_ratio"": 4.77, ""metal_concentration_mM"": 207.0, ""metal_precursor"": ""tm(no3)3"", ""modulator"": ""2,6-difluorobenzoic acid and trifluoroacetic acid"", ""organic_linker"": ""benzene-1,3,5-tricarboxylic acid"", ""solvent"": ""dimethylformamide"", ""temperature_C"": 130.0, ""time_h"": 120.0}","metal=tm(no3)3|linker=benzene-1,3,5-tricarboxylic acid|solvent=dimethylformamide",True,False,False,train
136,10.1002/chem.202402363,2024,"{""M_L_ratio"": 4.77, ""metal_concentration_mM"": 207.0, ""metal_precursor"": ""er(no3)3"", ""modulator"": ""2,6-difluorobenzoic acid and trifluoroacetic acid"", ""organic_linker"": ""benzene-1,3,5-tricarboxylic acid"", ""solvent"": ""dimethylformamide"", ""temperature_C"": 130.0, ""time_h"": 120.0}","metal=er(no3)3|linker=benzene-1,3,5-tricarboxylic acid|solvent=dimethylformamide",True,False,False,train
137,10.1002/chem.202402363,2024,"{""M_L_ratio"": 4.77, ""metal_concentration_mM"": 207.0, ""metal_precursor"": ""ho(no3)3"", ""modulator"": ""2,6-difluorobenzoic acid and trifluoroacetic acid"", ""organic_linker"": ""benzene-1,3,5-tricarboxylic acid"", ""solvent"": ""dimethylformamide"", ""temperature_C"": 130.0, ""time_h"": 120.0}","metal=ho(no3)3|linker=benzene-1,3,5-tricarboxylic acid|solvent=dimethylformamide",True,False,False,train
138,10.1002/chem.202402363,2024,"{""M_L_ratio"": 4.77, ""metal_concentration_mM"": 207.0, ""metal_precursor"": ""dy(no3)3"", ""modulator"": ""2,6-difluorobenzoic acid and trifluoroacetic acid"", ""organic_linker"": ""benzene-1,3,5-tricarboxylic acid"", ""solvent"": ""dimethylformamide"", ""temperature_C"": 130.0, ""time_h"": 120.0}","metal=dy(no3)3|linker=benzene-1,3,5-tricarboxylic acid|solvent=dimethylformamide",True,False,False,train
139,10.1002/chem.202402363,2024,"{""M_L_ratio"": 4.77, ""metal_concentration_mM"": 207.0, ""metal_precursor"": ""tb(no3)3"", ""modulator"": ""2,6-difluorobenzoic acid and trifluoroacetic acid"", ""organic_linker"": ""benzene-1,3,5-tricarboxylic acid"", ""solvent"": ""dimethylformamide"", ""temperature_C"": 130.0, ""time_h"": 120.0}","metal=tb(no3)3|linker=benzene-1,3,5-tricarboxylic acid|solvent=dimethylformamide",True,False,False,holdout
140,10.1002/chem.202402363,2024,"{""M_L_ratio"": 4.77, ""metal_concentration_mM"": 207.0, ""metal_precursor"": ""gd(no3)3"", ""modulator"": ""2,6-difluorobenzoic acid and trifluoroacetic acid"", ""organic_linker"": ""benzene-1,3,5-tricarboxylic acid"", ""solvent"": ""dimethylformamide"", ""temperature_C"": 130.0, ""time_h"": 120.0}","metal=gd(no3)3|linker=benzene-1,3,5-tricarboxylic acid|solvent=dimethylformamide",True,False,False,train
141,10.1002/chem.202402363,2024,"{""M_L_ratio"": 3.85, ""metal_concentration_mM"": 250.0, ""metal_precursor"": ""eu(no3)3"", ""modulator"": ""2,6-difluorobenzoic acid and trifluoroacetic acid"", ""organic_linker"": ""benzene-1,3,5-tricarboxylic acid"", ""solvent"": ""dimethylformamide"", ""temperature_C"": 130.0, ""time_h"": 120.0}","metal=eu(no3)3|linker=benzene-1,3,5-tricarboxylic acid|solvent=dimethylformamide",True,False,False,train
142,10.1021/cg070144q,2007,"{""M_L_ratio"": 1.0, ""metal_concentration_mM"": 33.0, ""metal_precursor"": ""cu(no3)2.3h2o"", ""modulator"": ""benzimidazole"", ""organic_linker"": ""1,3-benzenedicarboxylate acid"", ""solvent"": ""dimethylformamide and ethanol"", ""temperature_C"": 25.0, ""time_h"": 144.0}","metal=cu(no3)2.3h2o|linker=1,3-benzenedicarboxylate acid|solvent=dimethylformamide + ethanol",True,False,False,train
144,10.1039/c5ra10799g,2015,"{""M_L_ratio"": 0.67, ""metal_concentration_mM"": 3.0, ""metal_precursor"": ""nd(no3)3.6h2o"", ""modulator"": null, ""organic_linker"": ""2,6-naphthalenedicarboxylic acid"", ""solvent"": ""n,n-dimethylacetamide"", ""temperature_C"": 25.0, ""time_h"": 2160.0}","metal=nd(no3)3.6h2o|linker=2,6-naphthalenedicarboxylic acid|solvent=n,n-dimethylacetamide",True,False,False,train
146,10.1021/acs.cgd.6b01732,2017,"{""M_L_ratio"": 0.5, ""metal_concentration_mM"": 5.0, ""metal_precursor"": ""cu(no3)2.1h2o"", ""modulator"": null, ""organic_linker"": ""tetracarboxylic meta-substituted four-wall aryl-extended calix[4]pyrrole"", ""solvent"": ""dimethylformamide"", ""temperature_C"": 100.0, ""time_h"": 24.0}",metal=cu(no3)2.1h2o|linker=tetracarboxylic meta-substituted four-wall aryl-extended calix[4]pyrrole|solvent=dimethylformamide,False,False,False,train
147,10.1021/acsami.5c01476,2025,"{""M_L_ratio"": 1.42, ""metal_concentration_mM"": 203.0, ""metal_precursor"": ""fecl3.6h2o"", ""modulator"": null, ""organic_linker"": ""2-aminoterephthalic acid"", ""solvent"": ""ethanol"", ""temperature_C"": 25.0, ""time_h"": 12.0}",metal=fecl3.6h2o|linker=2-aminoterephthalic acid|solvent=ethanol,False,False,False,train
148,10.1016/j.cattod.2006.09.003,2007,"{""M_L_ratio"": 2.92, ""metal_concentration_mM"": 380.0, ""metal_precursor"": ""fecl2.4h2o"", ""modulator"": null, ""organic_linker"": ""2,3,5,6-tetrafluorobenzene-1,4-dicarboxylic acid"", ""solvent"": ""dimethylformamide and water"", ""temperature_C"": 100.0, ""time_h"": 6.0}","metal=fecl2.4h2o|linker=2,3,5,6-tetrafluorobenzene-1,4-dicarboxylic acid|solvent=dimethylformamide + water",False,False,False,train
149,10.1016/j.cattod.2006.09.003,2007,"{""M_L_ratio"": 2.92, ""metal_concentration_mM"": 380.0, ""metal_precursor"": ""fecl2.4h2o"", ""modulator"": null, ""organic_linker"": ""2,3,5,6-tetrafluorobenzene-1,4-dicarboxylic acid"", ""solvent"": ""dimethylformamide and water"", ""temperature_C"": 100.0, ""time_h"": 24.0}","metal=fecl2.4h2o|linker=2,3,5,6-tetrafluorobenzene-1,4-dicarboxylic acid|solvent=dimethylformamide + water",False,False,False,train
150,10.1016/j.cattod.2006.09.003,2007,"{""M_L_ratio"": 2.92, ""metal_concentration_mM"": 380.0, ""metal_precursor"": ""fecl2.4h2o"", ""modulator"": null, ""organic_linker"": ""2,3,5,6-tetrafluorobenzene-1,4-dicarboxylic acid"", ""solvent"": ""dimethylformamide and water"", ""temperature_C"": 100.0, ""time_h"": 72.0}","metal=fecl2.4h2o|linker=2,3,5,6-tetrafluorobenzene-1,4-dicarboxylic acid|solvent=dimethylformamide + water",False,False,False,train
151,10.1016/j.cattod.2006.09.003,2007,"{""M_L_ratio"": 2.92, ""metal_concentration_mM"": 380.0, ""metal_precursor"": ""fecl2.4h2o"", ""modulator"": null, ""organic_linker"": ""2,3,5,6-tetrafluorobenzene-1,4-dicarboxylic acid"", ""solvent"": ""dimethylformamide and water"", ""temperature_C"": 120.0, ""time_h"": 6.0}","metal=fecl2.4h2o|linker=2,3,5,6-tetrafluorobenzene-1,4-dicarboxylic acid|solvent=dimethylformamide + water",False,False,False,train
152,10.1016/j.cattod.2006.09.003,2007,"{""M_L_ratio"": 2.92, ""metal_concentration_mM"": 380.0, ""metal_precursor"": ""fecl2.4h2o"", ""modulator"": null, ""organic_linker"": ""2,3,5,6-tetrafluorobenzene-1,4-dicarboxylic acid"", ""solvent"": ""dimethylformamide and water"", ""temperature_C"": 120.0, ""time_h"": 24.0}","metal=fecl2.4h2o|linker=2,3,5,6-tetrafluorobenzene-1,4-dicarboxylic acid|solvent=dimethylformamide + water",False,False,False,train
153,10.1016/j.cattod.2006.09.003,2007,"{""M_L_ratio"": 2.92, ""metal_concentration_mM"": 380.0, ""metal_precursor"": ""fecl2.4h2o"", ""modulator"": null, ""organic_linker"": ""2,3,5,6-tetrafluorobenzene-1,4-dicarboxylic acid"", ""solvent"": ""dimethylformamide and water"", ""temperature_C"": 120.0, ""time_h"": 72.0}","metal=fecl2.4h2o|linker=2,3,5,6-tetrafluorobenzene-1,4-dicarboxylic acid|solvent=dimethylformamide + water",False,False,False,train
154,10.1016/j.cattod.2006.09.003,2007,"{""M_L_ratio"": 2.92, ""metal_concentration_mM"": 380.0, ""metal_precursor"": ""fecl2.4h2o"", ""modulator"": null, ""organic_linker"": ""2,3,5,6-tetrafluorobenzene-1,4-dicarboxylic acid"", ""solvent"": ""dimethylformamide and water"", ""temperature_C"": 150.0, ""time_h"": 6.0}","metal=fecl2.4h2o|linker=2,3,5,6-tetrafluorobenzene-1,4-dicarboxylic acid|solvent=dimethylformamide + water",False,False,False,train
155,10.1016/j.cattod.2006.09.003,2007,"{""M_L_ratio"": 2.92, ""metal_concentration_mM"": 380.0, ""metal_precursor"": ""fecl2.4h2o"", ""modulator"": null, ""organic_linker"": ""2,3,5,6-tetrafluorobenzene-1,4-dicarboxylic acid"", ""solvent"": ""dimethylformamide and water"", ""temperature_C"": 150.0, ""time_h"": 24.0}","metal=fecl2.4h2o|linker=2,3,5,6-tetrafluorobenzene-1,4-dicarboxylic acid|solvent=dimethylformamide + water",False,False,False,train
156,10.1016/j.cattod.2006.09.003,2007,"{""M_L_ratio"": 2.92, ""metal_concentration_mM"": 380.0, ""metal_precursor"": ""fecl2.4h2o"", ""modulator"": null, ""organic_linker"": ""2,3,5,6-tetrafluorobenzene-1,4-dicarboxylic acid"", ""solvent"": ""dimethylformamide and water"", ""temperature_C"": 150.0, ""time_h"": 72.0}","metal=fecl2.4h2o|linker=2,3,5,6-tetrafluorobenzene-1,4-dicarboxylic acid|solvent=dimethylformamide + water",False,False,False,train
157,10.1016/j.cattod.2006.09.003,2007,"{""M_L_ratio"": 2.92, ""metal_concentration_mM"": 380.0, ""metal_precursor"": ""fecl2.4h2o"", ""modulator"": ""triethylamine"", ""organic_linker"": ""2,3,5,6-tetrafluorobenzene-1,4-dicarboxylic acid"", ""solvent"": ""dimethylformamide and water"", ""temperature_C"": 60.0, ""time_h"": null}","metal=fecl2.4h2o|linker=2,3,5,6-tetrafluorobenzene-1,4-dicarboxylic acid|solvent=dimethylformamide + water",False,False,False,train
158,10.1002/ejic.201000402,2010,"{""M_L_ratio"": 1.0, ""metal_concentration_mM"": 143.0, ""metal_precursor"": ""nicl2.6h2o"", ""modulator"": ""hydrochloric acid solution"", ""organic_linker"": ""pyridine-3,5-dicarboxylate and 1,4-bis(imidazol-1-ylmethyl)benzene"", ""solvent"": ""water"", ""temperature_C"": 160.0, ""time_h"": 72.0}","metal=nicl2.6h2o|linker=1,4-bis(imidazol-1-ylmethyl)benzene + pyridine-3,5-dicarboxylate|solvent=water",False,False,False,train
159,10.1002/ejic.201000402,2010,"{""M_L_ratio"": 1.0, ""metal_concentration_mM"": 143.0, ""metal_precursor"": ""nicl2.6h2o"", ""modulator"": ""tetramethylammonium hydroxide solution"", ""organic_linker"": ""pyridine-3,5-dicarboxylate and 1,4-bis(imidazol-1-ylmethyl)benzene"", ""solvent"": ""water"", ""temperature_C"": 160.0, ""time_h"": 72.0}","metal=nicl2.6h2o|linker=1,4-bis(imidazol-1-ylmethyl)benzene + pyridine-3,5-dicarboxylate|solvent=water",False,False,False,train
160,10.1002/ejic.201000402,2010,"{""M_L_ratio"": 1.0, ""metal_concentration_mM"": 143.0, ""metal_precursor"": ""cocl2.6h2o"", ""modulator"": ""hydrochloric acid"", ""organic_linker"": ""pyridine-3,5-dicarboxylate and 1,1'-(1,4-butanediyl)bis(imidazole)"", ""solvent"": ""water"", ""temperature_C"": 160.0, ""time_h"": 72.0}","metal=cocl2.6h2o|linker=1,1'-(1,4-butanediyl)bis(imidazole) + pyridine-3,5-dicarboxylate|solvent=water",False,False,False,train
161,10.1002/ejic.201000402,2010,"{""M_L_ratio"": 1.0, ""metal_concentration_mM"": 143.0, ""metal_precursor"": ""cocl2.6h2o"", ""modulator"": ""tetramethylammonium hydroxide"", ""organic_linker"": ""pyridine-3,5-dicarboxylate and 1,1'-(1,4-butanediyl)bis(imidazole)"", ""solvent"": ""water"", ""temperature_C"": 160.0, ""time_h"": 72.0}","metal=cocl2.6h2o|linker=1,1'-(1,4-butanediyl)bis(imidazole) + pyridine-3,5-dicarboxylate|solvent=water",False,False,False,train
163,10.1002/ejic.201000402,2010,"{""M_L_ratio"": 1.0, ""metal_concentration_mM"": 143.0, ""metal_precursor"": ""nicl2.6h2o"", ""modulator"": ""sodium hydroxide solution"", ""organic_linker"": ""pyridine-3,5-dicarboxylate and 1,4-bis(imidazol-1-ylmethyl)benzene"", ""solvent"": ""water"", ""temperature_C"": 160.0, ""time_h"": 72.0}","metal=nicl2.6h2o|linker=1,4-bis(imidazol-1-ylmethyl)benzene + pyridine-3,5-dicarboxylate|solvent=water",False,False,False,train
164,10.1002/ejic.201000402,2010,"{""M_L_ratio"": 1.0, ""metal_concentration_mM"": 143.0, ""metal_precursor"": ""nicl2.6h2o"", ""modulator"": ""sodium hydroxide"", ""organic_linker"": ""pyridine-3,5-dicarboxylate and 1,4-bis(imidazol-1-ylmethyl)benzene"", ""solvent"": ""water"", ""temperature_C"": 160.0, ""time_h"": 72.0}","metal=nicl2.6h2o|linker=1,4-bis(imidazol-1-ylmethyl)benzene + pyridine-3,5-dicarboxylate|solvent=water",False,False,False,train
165,10.1002/chem.200801856,2009,"{""M_L_ratio"": 2.0, ""metal_concentration_mM"": 175.0, ""metal_precursor"": ""al(no3)3.9h2o"", ""modulator"": ""sodium hydroxide"", ""organic_linker"": ""trimethyl 1,3,5-benzenetricarboxylate"", ""solvent"": ""water"", ""temperature_C"": 210.0, ""time_h"": 6.0}","metal=al(no3)3.9h2o|linker=trimethyl 1,3,5-benzenetricarboxylate|solvent=water",False,False,False,train
166,10.1002/chem.200801856,2009,"{""M_L_ratio"": 2.0, ""metal_concentration_mM"": 175.0, ""metal_precursor"": ""al(no3)3.9h2o"", ""modulator"": ""sodium hydroxide"", ""organic_linker"": ""trimethyl 1,3,5-benzenetricarboxylate"", ""solvent"": ""water"", ""temperature_C"": 210.0, ""time_h"": 12.0}","metal=al(no3)3.9h2o|linker=trimethyl 1,3,5-benzenetricarboxylate|solvent=water",False,False,False,train
167,10.1002/chem.200801856,2009,"{""M_L_ratio"": 2.0, ""metal_concentration_mM"": 175.0, ""metal_precursor"": ""al(no3)3.9h2o"", ""modulator"": ""sodium hydroxide"", ""organic_linker"": ""trimethyl 1,3,5-benzenetricarboxylate"", ""solvent"": ""water"", ""temperature_C"": 210.0, ""time_h"": 24.0}","metal=al(no3)3.9h2o|linker=trimethyl 1,3,5-benzenetricarboxylate|solvent=water",False,False,False,train
168,10.1002/chem.200801856,2009,"{""M_L_ratio"": 2.0, ""metal_concentration_mM"": 175.0, ""metal_precursor"": ""al(no3)3.9h2o"", ""modulator"": ""sodium hydroxide"", ""organic_linker"": ""trimethyl 1,3,5-benzenetricarboxylate"", ""solvent"": ""water"", ""temperature_C"": 210.0, ""time_h"": 48.0}","metal=al(no3)3.9h2o|linker=trimethyl 1,3,5-benzenetricarboxylate|solvent=water",False,False,False,train
169,10.1002/chem.200801856,2009,"{""M_L_ratio"": 2.0, ""metal_concentration_mM"": 175.0, ""metal_precursor"": ""al(no3)3.9h2o"", ""modulator"": ""sodium hydroxide"", ""organic_linker"": ""trimethyl 1,3,5-benzenetricarboxylate"", ""solvent"": ""water"", ""temperature_C"": 210.0, ""time_h"": 72.0}","metal=al(no3)3.9h2o|linker=trimethyl 1,3,5-benzenetricarboxylate|solvent=water",False,False,False,train
170,10.1002/chem.201901939,2019,"{""M_L_ratio"": 0.1, ""metal_concentration_mM"": 7.0, ""metal_precursor"": ""fecl3.6h2o"", ""modulator"": null, ""organic_linker"": ""2-aminoterephthalic acid"", ""solvent"": ""dimethylformamide"", ""temperature_C"": 120.0, ""time_h"": 24.0}",metal=fecl3.6h2o|linker=2-aminoterephthalic acid|solvent=dimethylformamide,False,False,False,train
171,10.1039/c3ce41095a,2013,"{""M_L_ratio"": 6.0, ""metal_concentration_mM"": 120.0, ""metal_precursor"": ""cu(no3)2.3h2o"", ""modulator"": ""tetrafluoroboric acid (40% in water)"", ""organic_linker"": ""5-(bis(4-carboxybenzyl)amino)isophthalic acid monohydrate"", ""solvent"": ""dimethylformamide and methanol"", ""temperature_C"": 75.0, ""time_h"": 30.0}",metal=cu(no3)2.3h2o|linker=5-(bis(4-carboxybenzyl)amino)isophthalic acid monohydrate|solvent=dimethylformamide + methanol,False,False,False,train
172,10.1039/c2dt11966h,2012,"{""M_L_ratio"": 1.2, ""metal_concentration_mM"": 60.0, ""metal_precursor"": ""mncl2.4h2o"", ""modulator"": ""sodium azide"", ""organic_linker"": ""1-(carboxylatomethyl)-3-(5-tetrazolato)pyridinium"", ""solvent"": ""water"", ""temperature_C"": 25.0, ""time_h"": 48.0}",metal=mncl2.4h2o|linker=1-(carboxylatomethyl)-3-(5-tetrazolato)pyridinium|solvent=water,False,False,False,train
176,10.1039/c2dt11966h,2012,"{""M_L_ratio"": 1.5, ""metal_concentration_mM"": 75.0, ""metal_precursor"": ""mncl2.4h2o"", ""modulator"": ""sodium azide"", ""organic_linker"": ""1-(carboxylatomethyl)-3-(5-tetrazolato)pyridinium"", ""solvent"": ""water"", ""temperature_C"": 25.0, ""time_h"": 48.0}",metal=mncl2.4h2o|linker=1-(carboxylatomethyl)-3-(5-tetrazolato)pyridinium|solvent=water,False,False,False,train
180,10.1039/c2dt11966h,2012,"{""M_L_ratio"": 1.8, ""metal_concentration_mM"": 90.0, ""metal_precursor"": ""mncl2.4h2o"", ""modulator"": ""sodium azide"", ""organic_linker"": ""1-(carboxylatomethyl)-3-(5-tetrazolato)pyridinium"", ""solvent"": ""water"", ""temperature_C"": 25.0, ""time_h"": 48.0}",metal=mncl2.4h2o|linker=1-(carboxylatomethyl)-3-(5-tetrazolato)pyridinium|solvent=water,False,False,False,train
182,10.1039/c7dt01116d,2017,"{""M_L_ratio"": 10.0, ""metal_concentration_mM"": 67.0, ""metal_precursor"": ""cui"", ""modulator"": null, ""organic_linker"": ""(r,r)-n,n?-bis(3-tert-butyl-5-(4-pyridyl)salicylidene)-1,2-cyclohexanediamine nickel(ii)"", ""solvent"": ""dimethylformamide and acetonitrile"", ""temperature_C"": 100.0, ""time_h"": 72.0}","metal=cui|linker=(r,r)-n,n?-bis(3-tert-butyl-5-(4-pyridyl)salicylidene)-1,2-cyclohexanediamine nickel(ii)|solvent=acetonitrile + dimethylformamide",False,False,False,train
183,10.1021/cg201059d,2012,"{""M_L_ratio"": 1.75, ""metal_concentration_mM"": null, ""metal_precursor"": ""zn(no3)2.6h2o"", ""modulator"": null, ""organic_linker"": ""anthracene-9,10-dicarboxylic acid and 4,4?-bipyridyl"", ""solvent"": ""dimethylformamide"", ""temperature_C"": 120.0, ""time_h"": 48.0}","metal=zn(no3)2.6h2o|linker=4,4?-bipyridyl + anthracene-9,10-dicarboxylic acid|solvent=dimethylformamide",False,False,False,train
184,10.1021/cg201059d,2012,"{""M_L_ratio"": 1.75, ""metal_concentration_mM"": null, ""metal_precursor"": ""zn(no3)2.6h2o"", ""modulator"": null, ""organic_linker"": ""anthracene-9,10-dicarboxylic acid and 4,4?-bipyridyl"", ""solvent"": ""n,n-dimethylacetamide"", ""temperature_C"": 120.0, ""time_h"": 48.0}","metal=zn(no3)2.6h2o|linker=4,4?-bipyridyl + anthracene-9,10-dicarboxylic acid|solvent=n,n-dimethylacetamide",False,False,False,train
185,10.1021/cg201059d,2012,"{""M_L_ratio"": 1.75, ""metal_concentration_mM"": null, ""metal_precursor"": ""zn(no3)2.6h2o"", ""modulator"": ""acetic acid"", ""organic_linker"": ""anthracene-9,10-dicarboxylic acid and 4,4?-bipyridyl"", ""solvent"": ""dimethylformamide"", ""temperature_C"": 120.0, ""time_h"": 48.0}","metal=zn(no3)2.6h2o|linker=4,4?-bipyridyl + anthracene-9,10-dicarboxylic acid|solvent=dimethylformamide",False,False,False,train
186,10.1021/cg201059d,2012,"{""M_L_ratio"": 1.75, ""metal_concentration_mM"": null, ""metal_precursor"": ""zn(no3)2.6h2o"", ""modulator"": ""acetic acid"", ""organic_linker"": ""anthracene-9,10-dicarboxylic acid and 4,4?-bipyridyl"", ""solvent"": ""n,n-dimethylacetamide"", ""temperature_C"": 120.0, ""time_h"": 48.0}","metal=zn(no3)2.6h2o|linker=4,4?-bipyridyl + anthracene-9,10-dicarboxylic acid|solvent=n,n-dimethylacetamide",False,False,False,train
187,10.1021/cg201059d,2012,"{""M_L_ratio"": 1.5, ""metal_concentration_mM"": null, ""metal_precursor"": ""zn(no3)2.6h2o"", ""modulator"": null, ""organic_linker"": ""anthracene-9,10-dicarboxylic acid and 4,4?-bipyridyl"", ""solvent"": ""dimethylformamide"", ""temperature_C"": 120.0, ""time_h"": 48.0}","metal=zn(no3)2.6h2o|linker=4,4?-bipyridyl + anthracene-9,10-dicarboxylic acid|solvent=dimethylformamide",False,False,False,train
188,10.1021/cg201059d,2012,"{""M_L_ratio"": 1.5, ""metal_concentration_mM"": null, ""metal_precursor"": ""zn(no3)2.6h2o"", ""modulator"": null, ""organic_linker"": ""anthracene-9,10-dicarboxylic acid and 4,4?-bipyridyl"", ""solvent"": ""n,n-dimethylacetamide"", ""temperature_C"": 120.0, ""time_h"": 48.0}","metal=zn(no3)2.6h2o|linker=4,4?-bipyridyl + anthracene-9,10-dicarboxylic acid|solvent=n,n-dimethylacetamide",False,False,False,train
189,10.1021/cg201059d,2012,"{""M_L_ratio"": 1.5, ""metal_concentration_mM"": null, ""metal_precursor"": ""zn(no3)2.6h2o"", ""modulator"": ""acetic acid"", ""organic_linker"": ""anthracene-9,10-dicarboxylic acid and 4,4?-bipyridyl"", ""solvent"": ""dimethylformamide"", ""temperature_C"": 120.0, ""time_h"": 48.0}","metal=zn(no3)2.6h2o|linker=4,4?-bipyridyl + anthracene-9,10-dicarboxylic acid|solvent=dimethylformamide",False,False,False,train
190,10.1021/cg201059d,2012,"{""M_L_ratio"": 1.5, ""metal_concentration_mM"": null, ""metal_precursor"": ""zn(no3)2.6h2o"", ""modulator"": ""acetic acid"", ""organic_linker"": ""anthracene-9,10-dicarboxylic acid and 4,4?-bipyridyl"", ""solvent"": ""n,n-dimethylacetamide"", ""temperature_C"": 120.0, ""time_h"": 48.0}","metal=zn(no3)2.6h2o|linker=4,4?-bipyridyl + anthracene-9,10-dicarboxylic acid|solvent=n,n-dimethylacetamide",False,False,False,train
191,10.1021/cg201059d,2012,"{""M_L_ratio"": 1.0, ""metal_concentration_mM"": null, ""metal_precursor"": ""zn(no3)2.6h2o"", ""modulator"": null, ""organic_linker"": ""anthracene-9,10-dicarboxylic acid and 4,4?-bipyridyl"", ""solvent"": ""dimethylformamide"", ""temperature_C"": 120.0, ""time_h"": 48.0}","metal=zn(no3)2.6h2o|linker=4,4?-bipyridyl + anthracene-9,10-dicarboxylic acid|solvent=dimethylformamide",False,False,False,train
192,10.1021/cg201059d,2012,"{""M_L_ratio"": 1.0, ""metal_concentration_mM"": null, ""metal_precursor"": ""zn(no3)2.6h2o"", ""modulator"": null, ""organic_linker"": ""anthracene-9,10-dicarboxylic acid and 4,4?-bipyridyl"", ""solvent"": ""n,n-dimethylacetamide"", ""temperature_C"": 120.0, ""time_h"": 48.0}","metal=zn(no3)2.6h2o|linker=4,4?-bipyridyl + anthracene-9,10-dicarboxylic acid|solvent=n,n-dimethylacetamide",False,False,False,train
193,10.1016/j.micromeso.2015.07.001,2015,"{""M_L_ratio"": 2.0, ""metal_concentration_mM"": 9.0, ""metal_precursor"": ""cu(no3)2.2h2o"", ""modulator"": ""pyrazine and nitric acid"", ""organic_linker"": ""5,5?-(1,3-phenylenebis(methylene))bis(oxy)diisophthalic acid"", ""solvent"": ""dimethylformamide"", ""temperature_C"": 85.0, ""time_h"": 96.0}","metal=cu(no3)2.2h2o|linker=5,5?-(1,3-phenylenebis(methylene))bis(oxy)diisophthalic acid|solvent=dimethylformamide",False,False,False,train
194,10.1016/j.micromeso.2015.07.001,2015,"{""M_L_ratio"": 2.0, ""metal_concentration_mM"": 9.0, ""metal_precursor"": ""cu(no3)2.2h2o"", ""modulator"": ""1,4-diazabicyclo[2.2.2]octane and nitric acid"", ""organic_linker"": ""5,5?-(1,3-phenylenebis(methylene))bis(oxy)diisophthalic acid"", ""solvent"": ""dimethylformamide"", ""temperature_C"": 85.0, ""time_h"": 96.0}","metal=cu(no3)2.2h2o|linker=5,5?-(1,3-phenylenebis(methylene))bis(oxy)diisophthalic acid|solvent=dimethylformamide",False,False,False,train
195,10.1016/j.micromeso.2015.07.001,2015,"{""M_L_ratio"": 2.0, ""metal_concentration_mM"": 9.0, ""metal_precursor"": ""cu(no3)2.2h2o"", ""modulator"": ""pyridine and nitric acid"", ""organic_linker"": ""5,5?-(1,3-phenylenebis(methylene))bis(oxy)diisophthalic acid"", ""solvent"": ""n,n-dimethylacetamide"", ""temperature_C"": 85.0, ""time_h"": 96.0}","metal=cu(no3)2.2h2o|linker=5,5?-(1,3-phenylenebis(methylene))bis(oxy)diisophthalic acid|solvent=n,n-dimethylacetamide",False,False,False,train
196,10.1039/d1mh01663f,2021,"{""M_L_ratio"": 1.0, ""metal_concentration_mM"": 100.0, ""metal_precursor"": ""fecl2.4h2o"", ""modulator"": ""acetic acid"", ""organic_linker"": ""terephthalic acid"", ""solvent"": ""dimethylformamide"", ""temperature_C"": 150.0, ""time_h"": 168.0}",metal=fecl2.4h2o|linker=terephthalic acid|solvent=dimethylformamide,False,False,False,train
197,10.1039/d1mh01663f,2021,"{""M_L_ratio"": 1.0, ""metal_concentration_mM"": 100.0, ""metal_precursor"": ""fecl2.4h2o"", ""modulator"": ""acetic acid"", ""organic_linker"": ""terephthalic acid"", ""solvent"": ""dimethylformamide"", ""temperature_C"": 150.0, ""time_h"": 48.0}",metal=fecl2.4h2o|linker=terephthalic acid|solvent=dimethylformamide,False,False,False,train
198,10.1039/d1mh01663f,2021,"{""M_L_ratio"": 1.0, ""metal_concentration_mM"": 100.0, ""metal_precursor"": ""fe(no3)3.9h2o"", ""modulator"": ""acetic acid"", ""organic_linker"": ""terephthalic acid"", ""solvent"": ""dimethylformamide"", ""temperature_C"": 120.0, ""time_h"": 2.0}",metal=fe(no3)3.9h2o|linker=terephthalic acid|solvent=dimethylformamide,False,False,False,train
199,10.1039/d1mh01663f,2021,"{""M_L_ratio"": 1.0, ""metal_concentration_mM"": 12.0, ""metal_precursor"": ""fe(no3)3.9h2o"", ""modulator"": ""acetic acid"", ""organic_linker"": ""2-bromoterephthalic acid"", ""solvent"": ""dimethylformamide"", ""temperature_C"": 120.0, ""time_h"": 24.0}",metal=fe(no3)3.9h2o|linker=2-bromoterephthalic acid|solvent=dimethylformamide,False,False,False,train
200,10.1039/d1mh01663f,2021,"{""M_L_ratio"": 1.0, ""metal_concentration_mM"": 100.0, ""metal_precursor"": ""fecl2.4h2o"", ""modulator"": null, ""organic_linker"": ""terephthalic acid"", ""solvent"": ""dimethylformamide"", ""temperature_C"": 120.0, ""time_h"": 168.0}",metal=fecl2.4h2o|linker=terephthalic acid|solvent=dimethylformamide,False,False,False,train
201,10.1039/d1mh01663f,2021,"{""M_L_ratio"": 1.0, ""metal_concentration_mM"": 100.0, ""metal_precursor"": ""fecl2.4h2o"", ""modulator"": ""acetic acid"", ""organic_linker"": ""terephthalic acid"", ""solvent"": ""dimethylformamide"", ""temperature_C"": 120.0, ""time_h"": 24.0}",metal=fecl2.4h2o|linker=terephthalic acid|solvent=dimethylformamide,False,False,False,train
204,10.1039/d1mh01663f,2021,"{""M_L_ratio"": 1.0, ""metal_concentration_mM"": 100.0, ""metal_precursor"": ""fecl2.4h2o"", ""modulator"": ""acetic acid"", ""organic_linker"": ""terephthalic acid"", ""solvent"": ""dimethylformamide"", ""temperature_C"": 120.0, ""time_h"": 4.0}",metal=fecl2.4h2o|linker=terephthalic acid|solvent=dimethylformamide,False,False,False,train
205,10.1039/d1mh01663f,2021,"{""M_L_ratio"": 1.0, ""metal_concentration_mM"": 100.0, ""metal_precursor"": ""fecl2.4h2o"", ""modulator"": ""hydrochloric acid"", ""organic_linker"": ""terephthalic acid"", ""solvent"": ""dimethylformamide"", ""temperature_C"": 120.0, ""time_h"": 4.0}",metal=fecl2.4h2o|linker=terephthalic acid|solvent=dimethylformamide,False,False,False,train
206,10.1016/j.ica.2012.01.011,2012,"{""M_L_ratio"": 1.38, ""metal_concentration_mM"": 38.0, ""metal_precursor"": ""cu(ch3coo)2"", ""modulator"": ""hydrofluoric acid (48 wt.% in h2o)"", ""organic_linker"": ""1,2-ethylenediphosphonic acid and n1,n1,n5,n5-tetrakis(2-pyridylmethyl)pentane-1,5-diamine"", ""solvent"": ""water"", ""temperature_C"": 100.0, ""time_h"": 48.0}","metal=cu(ch3coo)2|linker=1,2-ethylenediphosphonic acid + n1,n1,n5,n5-tetrakis(2-pyridylmethyl)pentane-1,5-diamine|solvent=water",False,False,False,train
207,10.1016/j.ica.2012.01.011,2012,"{""M_L_ratio"": 1.38, ""metal_concentration_mM"": 38.0, ""metal_precursor"": ""cu(ch3coo)2"", ""modulator"": ""hydrofluoric acid (48 wt.% in h2o)"", ""organic_linker"": ""1,3-propylenediphosphonic acid and n1,n1,n5,n5-tetrakis(2-pyridylmethyl)pentane-1,5-diamine"", ""solvent"": ""water"", ""temperature_C"": 100.0, ""time_h"": 48.0}","metal=cu(ch3coo)2|linker=1,3-propylenediphosphonic acid + n1,n1,n5,n5-tetrakis(2-pyridylmethyl)pentane-1,5-diamine|solvent=water",False,False,False,train
208,10.1016/j.ica.2012.01.011,2012,"{""M_L_ratio"": 1.38, ""metal_concentration_mM"": 38.0, ""metal_precursor"": ""cu(ch3coo)2"", ""modulator"": ""hydrofluoric acid (48 wt.% in h2o)"", ""organic_linker"": ""1,4-butylenediphosphonic acid and n1,n1,n4,n4-tetrakis(2-pyridylmethyl)butane-1,4-diamine"", ""solvent"": ""water"", ""temperature_C"": 100.0, ""time_h"": 48.0}","metal=cu(ch3coo)2|linker=1,4-butylenediphosphonic acid + n1,n1,n4,n4-tetrakis(2-pyridylmethyl)butane-1,4-diamine|solvent=water",False,False,False,train
209,10.1016/j.ica.2012.01.011,2012,"{""M_L_ratio"": 1.38, ""metal_concentration_mM"": 38.0, ""metal_precursor"": ""cu(ch3coo)2"", ""modulator"": ""hydrofluoric acid (48 wt.% in h2o)"", ""organic_linker"": ""1,4-butylenediphosphonic acid and n1,n1,n6,n6-tetrakis(2-pyridylmethyl)hexane-1,6-diamine"", ""solvent"": ""water"", ""temperature_C"": 100.0, ""time_h"": 48.0}","metal=cu(ch3coo)2|linker=1,4-butylenediphosphonic acid + n1,n1,n6,n6-tetrakis(2-pyridylmethyl)hexane-1,6-diamine|solvent=water",False,False,False,train
210,10.1016/j.ica.2012.01.011,2012,"{""M_L_ratio"": 1.38, ""metal_concentration_mM"": 38.0, ""metal_precursor"": ""cu(ch3coo)2"", ""modulator"": ""hydrofluoric acid (48 wt.% in h2o)"", ""organic_linker"": ""1,4-butylenediphosphonic acid and n1,n1,n8,n8-tetrakis(2-pyridylmethyl)octane-1,8-diamine"", ""solvent"": ""water"", ""temperature_C"": 100.0, ""time_h"": 48.0}","metal=cu(ch3coo)2|linker=1,4-butylenediphosphonic acid + n1,n1,n8,n8-tetrakis(2-pyridylmethyl)octane-1,8-diamine|solvent=water",False,False,False,train
211,10.1016/j.ica.2012.01.011,2012,"{""M_L_ratio"": 1.09, ""metal_concentration_mM"": 38.0, ""metal_precursor"": ""cu(ch3coo)2"", ""modulator"": ""hydrofluoric acid (48 wt.% in h2o)"", ""organic_linker"": ""1,2-ethylenediphosphonic acid and n1,n1,n7,n7-tetrakis(2-pyridylmethyl)heptane-1,7-diamine"", ""solvent"": ""water"", ""temperature_C"": 100.0, ""time_h"": 48.0}","metal=cu(ch3coo)2|linker=1,2-ethylenediphosphonic acid + n1,n1,n7,n7-tetrakis(2-pyridylmethyl)heptane-1,7-diamine|solvent=water",False,False,False,train
212,10.1016/j.ica.2012.01.011,2012,"{""M_L_ratio"": 1.09, ""metal_concentration_mM"": 38.0, ""metal_precursor"": ""cu(ch3coo)2"", ""modulator"": ""hydrofluoric acid (48 wt.% in h2o)"", ""organic_linker"": ""1,3-propylenediphosphonic acid and n1,n1,n7,n7-tetrakis(2-pyridylmethyl)heptane-1,7-diamine"", ""solvent"": ""water"", ""temperature_C"": 100.0, ""time_h"": 48.0}","metal=cu(ch3coo)2|linker=1,3-propylenediphosphonic acid + n1,n1,n7,n7-tetrakis(2-pyridylmethyl)heptane-1,7-diamine|solvent=water",False,False,False,train
213,10.1016/j.ica.2012.01.011,2012,"{""M_L_ratio"": 1.09, ""metal_concentration_mM"": 38.0, ""metal_precursor"": ""cu(ch3coo)2"", ""modulator"": ""hydrofluoric acid (48 wt.% in h2o)"", ""organic_linker"": ""1,4-butylenediphosphonic acid and n1,n1,n4,n4-tetrakis(2-pyridylmethyl)butane-1,4-diamine"", ""solvent"": ""water"", ""temperature_C"": 100.0, ""time_h"": 48.0}","metal=cu(ch3coo)2|linker=1,4-butylenediphosphonic acid + n1,n1,n4,n4-tetrakis(2-pyridylmethyl)butane-1,4-diamine|solvent=water",False,False,False,train
214,10.1016/j.ica.2012.01.011,2012,"{""M_L_ratio"": 1.09, ""metal_concentration_mM"": 38.0, ""metal_precursor"": ""cu(ch3coo)2"", ""modulator"": ""hydrofluoric acid (48 wt.% in h2o)"", ""organic_linker"": ""1,4-butylenediphosphonic acid and n1,n1,n6,n6-tetrakis(2-pyridylmethyl)hexane-1,6-diamine"", ""solvent"": ""water"", ""temperature_C"": 100.0, ""time_h"": 48.0}","metal=cu(ch3coo)2|linker=1,4-butylenediphosphonic acid + n1,n1,n6,n6-tetrakis(2-pyridylmethyl)hexane-1,6-diamine|solvent=water",False,False,False,train
215,10.1016/j.ica.2012.01.011,2012,"{""M_L_ratio"": 1.09, ""metal_concentration_mM"": 38.0, ""metal_precursor"": ""cu(ch3coo)2"", ""modulator"": ""hydrofluoric acid (48 wt.% in h2o)"", ""organic_linker"": ""1,4-butylenediphosphonic acid and n1,n1,n8,n8-tetrakis(2-pyridylmethyl)octane-1,8-diamine"", ""solvent"": ""water"", ""temperature_C"": 100.0, ""time_h"": 48.0}","metal=cu(ch3coo)2|linker=1,4-butylenediphosphonic acid + n1,n1,n8,n8-tetrakis(2-pyridylmethyl)octane-1,8-diamine|solvent=water",False,False,False,train
216,10.1039/b713705b,2008,"{""M_L_ratio"": 1.51, ""metal_concentration_mM"": 10.0, ""metal_precursor"": ""cu2(mecoo)4.2h2o"", ""modulator"": null, ""organic_linker"": ""hexacarboxylic polychlorotriphenylmethyl radical and 4,4'-bipyridine"", ""solvent"": ""water and tetrahydrofuran"", ""temperature_C"": 100.0, ""time_h"": 12.0}","metal=cu2(mecoo)4.2h2o|linker=4,4'-bipyridine + hexacarboxylic polychlorotriphenylmethyl radical|solvent=tetrahydrofuran + water",False,False,False,train
217,10.1039/b713705b,2008,"{""M_L_ratio"": 1.51, ""metal_concentration_mM"": 10.0, ""metal_precursor"": ""cu2(mecoo)4.2h2o"", ""modulator"": null, ""organic_linker"": ""hexacarboxylic polychlorotriphenylmethyl radical and 4,4'-bipyridine"", ""solvent"": ""water and tetrahydrofuran"", ""temperature_C"": 100.0, ""time_h"": 48.0}","metal=cu2(mecoo)4.2h2o|linker=4,4'-bipyridine + hexacarboxylic polychlorotriphenylmethyl radical|solvent=tetrahydrofuran + water",False,False,False,train
218,10.1039/b713705b,2008,"{""M_L_ratio"": 1.51, ""metal_concentration_mM"": 10.0, ""metal_precursor"": ""cu2(mecoo)4.2h2o"", ""modulator"": null, ""organic_linker"": ""hexacarboxylic polychlorotriphenylmethyl radical and 4,4'-bipyridine"", ""solvent"": ""water and ethanol"", ""temperature_C"": 100.0, ""time_h"": 12.0}","metal=cu2(mecoo)4.2h2o|linker=4,4'-bipyridine + hexacarboxylic polychlorotriphenylmethyl radical|solvent=ethanol + water",False,False,False,train
219,10.1039/b713705b,2008,"{""M_L_ratio"": 1.51, ""metal_concentration_mM"": 10.0, ""metal_precursor"": ""cu2(mecoo)4.2h2o"", ""modulator"": null, ""organic_linker"": ""hexacarboxylic polychlorotriphenylmethyl radical and 4,4'-bipyridine"", ""solvent"": ""water and ethanol"", ""temperature_C"": 100.0, ""time_h"": 48.0}","metal=cu2(mecoo)4.2h2o|linker=4,4'-bipyridine + hexacarboxylic polychlorotriphenylmethyl radical|solvent=ethanol + water",False,False,False,train
220,10.1021/ic000209d,2000,"{""M_L_ratio"": 0.8, ""metal_concentration_mM"": 53.0, ""metal_precursor"": ""la(no3)3.6h2o"", ""modulator"": null, ""organic_linker"": ""cis,cis-1,3,5-cyclohexanetricarboxylic acid"", ""solvent"": ""water"", ""temperature_C"": 170.0, ""time_h"": 24.0}","metal=la(no3)3.6h2o|linker=cis,cis-1,3,5-cyclohexanetricarboxylic acid|solvent=water",False,False,False,train
221,10.1021/ic000209d,2000,"{""M_L_ratio"": 0.8, ""metal_concentration_mM"": 53.0, ""metal_precursor"": ""ce(no3)3.6h2o"", ""modulator"": null, ""organic_linker"": ""cis,cis-1,3,5-cyclohexanetricarboxylic acid"", ""solvent"": ""water"", ""temperature_C"": 170.0, ""time_h"": 24.0}","metal=ce(no3)3.6h2o|linker=cis,cis-1,3,5-cyclohexanetricarboxylic acid|solvent=water",False,False,False,holdout
222,10.1021/ic000209d,2000,"{""M_L_ratio"": 0.8, ""metal_concentration_mM"": 53.0, ""metal_precursor"": ""pr(no3)3.6h2o"", ""modulator"": null, ""organic_linker"": ""cis,cis-1,3,5-cyclohexanetricarboxylic acid"", ""solvent"": ""water"", ""temperature_C"": 170.0, ""time_h"": 24.0}","metal=pr(no3)3.6h2o|linker=cis,cis-1,3,5-cyclohexanetricarboxylic acid|solvent=water",False,False,False,train
223,10.1021/ic000209d,2000,"{""M_L_ratio"": 0.8, ""metal_concentration_mM"": 53.0, ""metal_precursor"": ""nd(no3)3.6h2o"", ""modulator"": null, ""organic_linker"": ""cis,cis-1,3,5-cyclohexanetricarboxylic acid"", ""solvent"": ""water"", ""temperature_C"": 170.0, ""time_h"": 24.0}","metal=nd(no3)3.6h2o|linker=cis,cis-1,3,5-cyclohexanetricarboxylic acid|solvent=water",False,False,False,train
224,10.1021/ic000209d,2000,"{""M_L_ratio"": 0.8, ""metal_concentration_mM"": 53.0, ""metal_precursor"": ""sm(no3)3.6h2o"", ""modulator"": null, ""organic_linker"": ""cis,cis-1,3,5-cyclohexanetricarboxylic acid"", ""solvent"": ""water"", ""temperature_C"": 170.0, ""time_h"": 24.0}","metal=sm(no3)3.6h2o|linker=cis,cis-1,3,5-cyclohexanetricarboxylic acid|solvent=water",False,False,False,train
225,10.1021/ic000209d,2000,"{""M_L_ratio"": 0.8, ""metal_concentration_mM"": 53.0, ""metal_precursor"": ""eu(no3)3.6h2o"", ""modulator"": null, ""organic_linker"": ""cis,cis-1,3,5-cyclohexanetricarboxylic acid"", ""solvent"": ""water"", ""temperature_C"": 170.0, ""time_h"": 24.0}","metal=eu(no3)3.6h2o|linker=cis,cis-1,3,5-cyclohexanetricarboxylic acid|solvent=water",False,False,False,holdout
226,10.1021/ic000209d,2000,"{""M_L_ratio"": 0.8, ""metal_concentration_mM"": 53.0, ""metal_precursor"": ""gd(no3)3.6h2o"", ""modulator"": null, ""organic_linker"": ""cis,cis-1,3,5-cyclohexanetricarboxylic acid"", ""solvent"": ""water"", ""temperature_C"": 170.0, ""time_h"": 24.0}","metal=gd(no3)3.6h2o|linker=cis,cis-1,3,5-cyclohexanetricarboxylic acid|solvent=water",False,False,False,train
227,10.1021/ic000209d,2000,"{""M_L_ratio"": 0.8, ""metal_concentration_mM"": 53.0, ""metal_precursor"": ""tb(no3)3.6h2o"", ""modulator"": null, ""organic_linker"": ""cis,cis-1,3,5-cyclohexanetricarboxylic acid"", ""solvent"": ""water"", ""temperature_C"": 170.0, ""time_h"": 24.0}","metal=tb(no3)3.6h2o|linker=cis,cis-1,3,5-cyclohexanetricarboxylic acid|solvent=water",False,False,False,train
228,10.1021/ic000209d,2000,"{""M_L_ratio"": 0.8, ""metal_concentration_mM"": 53.0, ""metal_precursor"": ""dy(no3)3.6h2o"", ""modulator"": null, ""organic_linker"": ""cis,cis-1,3,5-cyclohexanetricarboxylic acid"", ""solvent"": ""water"", ""temperature_C"": 170.0, ""time_h"": 24.0}","metal=dy(no3)3.6h2o|linker=cis,cis-1,3,5-cyclohexanetricarboxylic acid|solvent=water",False,False,False,train
229,10.1021/ic000209d,2000,"{""M_L_ratio"": 0.8, ""metal_concentration_mM"": 53.0, ""metal_precursor"": ""yb(no3)3.6h2o"", ""modulator"": null, ""organic_linker"": ""cis,cis-1,3,5-cyclohexanetricarboxylic acid"", ""solvent"": ""water"", ""temperature_C"": 170.0, ""time_h"": 24.0}","metal=yb(no3)3.6h2o|linker=cis,cis-1,3,5-cyclohexanetricarboxylic acid|solvent=water",False,False,False,train
230,10.1002/ejic.201301010,2013,"{""M_L_ratio"": 0.67, ""metal_concentration_mM"": 20.0, ""metal_precursor"": ""ce(no3)3"", ""modulator"": null, ""organic_linker"": ""2,2'-bipyridine-5,5'-dicarboxylate"", ""solvent"": ""dimethylformamide and water"", ""temperature_C"": 120.0, ""time_h"": 72.0}","metal=ce(no3)3|linker=2,2'-bipyridine-5,5'-dicarboxylate|solvent=dimethylformamide + water",False,False,False,train
231,10.1002/ejic.201301010,2013,"{""M_L_ratio"": 0.67, ""metal_concentration_mM"": 20.0, ""metal_precursor"": ""pr(no3)3"", ""modulator"": null, ""organic_linker"": ""2,2'-bipyridine-5,5'-dicarboxylate"", ""solvent"": ""dimethylformamide and water"", ""temperature_C"": 120.0, ""time_h"": 72.0}","metal=pr(no3)3|linker=2,2'-bipyridine-5,5'-dicarboxylate|solvent=dimethylformamide + water",False,False,False,holdout
232,10.1002/anie.202000299,2020,"{""M_L_ratio"": 0.33, ""metal_concentration_mM"": 67.0, ""metal_precursor"": ""zn(no3)2.6h2o"", ""modulator"": ""aspartic acid"", ""organic_linker"": ""pyrimidin-2-ol"", ""solvent"": ""water"", ""temperature_C"": 25.0, ""time_h"": 0.5}",metal=zn(no3)2.6h2o|linker=pyrimidin-2-ol|solvent=water,False,False,False,train
233,10.1002/anie.202000299,2020,"{""M_L_ratio"": 0.33, ""metal_concentration_mM"": 67.0, ""metal_precursor"": ""zn(no3)2.6h2o"", ""modulator"": ""cysteine"", ""organic_linker"": ""pyrimidin-2-ol"", ""solvent"": ""water"", ""temperature_C"": 25.0, ""time_h"": 0.5}",metal=zn(no3)2.6h2o|linker=pyrimidin-2-ol|solvent=water,False,False,False,train
234,10.1002/anie.202000299,2020,"{""M_L_ratio"": 0.33, ""metal_concentration_mM"": 67.0, ""metal_precursor"": ""zn(no3)2.6h2o"", ""modulator"": ""tyrosine"", ""organic_linker"": ""pyrimidin-2-ol"", ""solvent"": ""water"", ""temperature_C"": 25.0, ""time_h"": 0.5}",metal=zn(no3)2.6h2o|linker=pyrimidin-2-ol|solvent=water,False,False,False,train
235,10.1002/cctc.201402546,2014,"{""M_L_ratio"": 2.0, ""metal_concentration_mM"": 17.0, ""metal_precursor"": ""zrcl4"", ""modulator"": ""acetic acid and water"", ""organic_linker"": ""2,6-naphthalenedicarboxylic acid and 4-aminonaphthalene-2,6-dicarboxylic acid"", ""solvent"": ""dimethylformamide"", ""temperature_C"": 120.0, ""time_h"": 24.0}","metal=zrcl4|linker=2,6-naphthalenedicarboxylic acid + 4-aminonaphthalene-2,6-dicarboxylic acid|solvent=dimethylformamide",False,False,False,train
236,10.1002/cctc.201402546,2014,"{""M_L_ratio"": 1.0, ""metal_concentration_mM"": 17.0, ""metal_precursor"": ""zrcl4"", ""modulator"": ""acetic acid and water"", ""organic_linker"": ""4-aminonaphthalene-2,6-dicarboxylic acid"", ""solvent"": ""dimethylformamide"", ""temperature_C"": 120.0, ""time_h"": 24.0}","metal=zrcl4|linker=4-aminonaphthalene-2,6-dicarboxylic acid|solvent=dimethylformamide",False,False,False,holdout
237,10.1039/c3dt53167h,2014,"{""M_L_ratio"": 0.62, ""metal_concentration_mM"": null, ""metal_precursor"": ""al2(so4)3.18h2o"", ""modulator"": null, ""organic_linker"": ""(2,4,6-trimethylbenzene-1,3,5-triyl)tris(methylene)triphosphonic acid"", ""solvent"": ""ethanol"", ""temperature_C"": 140.0, ""time_h"": 72.0}","metal=al2(so4)3.18h2o|linker=(2,4,6-trimethylbenzene-1,3,5-triyl)tris(methylene)triphosphonic acid|solvent=ethanol",False,False,False,train
238,10.1039/c3dt53167h,2014,"{""M_L_ratio"": 0.62, ""metal_concentration_mM"": null, ""metal_precursor"": ""al2(so4)3.18h2o"", ""modulator"": null, ""organic_linker"": ""(2,4,6-trimethylbenzene-1,3,5-triyl)tris(methylene)triphosphonic acid"", ""solvent"": ""water"", ""temperature_C"": 140.0, ""time_h"": 72.0}","metal=al2(so4)3.18h2o|linker=(2,4,6-trimethylbenzene-1,3,5-triyl)tris(methylene)triphosphonic acid|solvent=water",False,False,False,train
239,10.1021/cg401825f,2014,"{""M_L_ratio"": 1.0, ""metal_concentration_mM"": 50.0, ""metal_precursor"": ""sm(no3)3"", ""modulator"": ""bis(2,2?-biimidazole) and sodium hydroxide"", ""organic_linker"": ""1,4-naphthalenedicarboxylic acid"", ""solvent"": ""water"", ""temperature_C"": 120.0, ""time_h"": 72.0}","metal=sm(no3)3|linker=1,4-naphthalenedicarboxylic acid|solvent=water",False,False,False,train
240,10.1021/cg401825f,2014,"{""M_L_ratio"": 1.0, ""metal_concentration_mM"": 50.0, ""metal_precursor"": ""tb(no3)3"", ""modulator"": ""bis(2,2?-biimidazole) and sodium hydroxide"", ""organic_linker"": ""1,4-naphthalenedicarboxylic acid"", ""solvent"": ""water"", ""temperature_C"": 120.0, ""time_h"": 72.0}","metal=tb(no3)3|linker=1,4-naphthalenedicarboxylic acid|solvent=water",False,False,False,holdout
241,10.1021/cg401825f,2014,"{""M_L_ratio"": 1.0, ""metal_concentration_mM"": 50.0, ""metal_precursor"": ""eu(no3)3"", ""modulator"": ""bis(2,2?-biimidazole) and sodium hydroxide"", ""organic_linker"": ""1,4-naphthalenedicarboxylic acid"", ""solvent"": ""water"", ""temperature_C"": 120.0, ""time_h"": 72.0}","metal=eu(no3)3|linker=1,4-naphthalenedicarboxylic acid|solvent=water",False,False,False,holdout
242,10.1021/cg401825f,2014,"{""M_L_ratio"": 1.0, ""metal_concentration_mM"": 50.0, ""metal_precursor"": ""pr(no3)3"", ""modulator"": ""bis(2,2?-biimidazole) and sodium hydroxide"", ""organic_linker"": ""1,4-naphthalenedicarboxylic acid"", ""solvent"": ""water"", ""temperature_C"": 120.0, ""time_h"": 72.0}","metal=pr(no3)3|linker=1,4-naphthalenedicarboxylic acid|solvent=water",False,False,False,train
243,10.1021/cg401825f,2014,"{""M_L_ratio"": 1.0, ""metal_concentration_mM"": 50.0, ""metal_precursor"": ""gd(no3)3"", ""modulator"": ""bis(2,2?-biimidazole) and sodium hydroxide"", ""organic_linker"": ""1,4-naphthalenedicarboxylic acid"", ""solvent"": ""water"", ""temperature_C"": 120.0, ""time_h"": 72.0}","metal=gd(no3)3|linker=1,4-naphthalenedicarboxylic acid|solvent=water",False,False,False,train
244,10.1021/cg401825f,2014,"{""M_L_ratio"": 1.0, ""metal_concentration_mM"": 50.0, ""metal_precursor"": ""er(no3)3"", ""modulator"": ""bis(2,2?-biimidazole) and sodium hydroxide"", ""organic_linker"": ""1,4-naphthalenedicarboxylic acid"", ""solvent"": ""water"", ""temperature_C"": 120.0, ""time_h"": 72.0}","metal=er(no3)3|linker=1,4-naphthalenedicarboxylic acid|solvent=water",False,False,False,train
245,10.1021/cg401825f,2014,"{""M_L_ratio"": 1.0, ""metal_concentration_mM"": 50.0, ""metal_precursor"": ""dy(no3)3"", ""modulator"": ""bis(2,2?-biimidazole) and sodium hydroxide"", ""organic_linker"": ""1,4-naphthalenedicarboxylic acid"", ""solvent"": ""water"", ""temperature_C"": 120.0, ""time_h"": 72.0}","metal=dy(no3)3|linker=1,4-naphthalenedicarboxylic acid|solvent=water",False,False,False,train
246,10.1021/cg401825f,2014,"{""M_L_ratio"": 1.0, ""metal_concentration_mM"": 50.0, ""metal_precursor"": ""la(no3)3"", ""modulator"": ""bis(2,2?-biimidazole) and sodium hydroxide"", ""organic_linker"": ""1,4-naphthalenedicarboxylic acid"", ""solvent"": ""water"", ""temperature_C"": 120.0, ""time_h"": 72.0}","metal=la(no3)3|linker=1,4-naphthalenedicarboxylic acid|solvent=water",False,False,False,train
247,10.1021/cg401825f,2014,"{""M_L_ratio"": 1.0, ""metal_concentration_mM"": 50.0, ""metal_precursor"": ""dy(no3)3"", ""modulator"": ""bis(2,2?-biimidazole) and hydrochloric acid"", ""organic_linker"": ""1,4-naphthalenedicarboxylic acid"", ""solvent"": ""water"", ""temperature_C"": 120.0, ""time_h"": 72.0}","metal=dy(no3)3|linker=1,4-naphthalenedicarboxylic acid|solvent=water",False,False,False,train
248,10.1021/cg401825f,2014,"{""M_L_ratio"": 1.0, ""metal_concentration_mM"": 50.0, ""metal_precursor"": ""sm(no3)3"", ""modulator"": ""bis(2,2?-biimidazole) and hydrochloric acid"", ""organic_linker"": ""1,4-naphthalenedicarboxylic acid"", ""solvent"": ""water"", ""temperature_C"": 120.0, ""time_h"": 72.0}","metal=sm(no3)3|linker=1,4-naphthalenedicarboxylic acid|solvent=water",False,False,False,train
249,10.1039/c2ce25081k,2012,"{""M_L_ratio"": 1.0, ""metal_concentration_mM"": 29.0, ""metal_precursor"": ""cd(no3)2.4h2o"", ""modulator"": ""ammonium oxalate and triethylamine"", ""organic_linker"": ""2-p-methoxyphenyl-1h-imidazole-4,5-dicarboxylic acid"", ""solvent"": ""water"", ""temperature_C"": 165.0, ""time_h"": 96.0}","metal=cd(no3)2.4h2o|linker=2-p-methoxyphenyl-1h-imidazole-4,5-dicarboxylic acid|solvent=water",False,False,False,train
250,10.1039/c2ce25081k,2012,"{""M_L_ratio"": 1.0, ""metal_concentration_mM"": 29.0, ""metal_precursor"": ""cd(ch3coo)2.2h2o"", ""modulator"": ""ammonium oxalate and triethylamine"", ""organic_linker"": ""2-p-methoxyphenyl-1h-imidazole-4,5-dicarboxylic acid"", ""solvent"": ""water"", ""temperature_C"": 165.0, ""time_h"": 96.0}","metal=cd(ch3coo)2.2h2o|linker=2-p-methoxyphenyl-1h-imidazole-4,5-dicarboxylic acid|solvent=water",False,False,False,train
251,10.1039/c2ce25081k,2012,"{""M_L_ratio"": 1.0, ""metal_concentration_mM"": 29.0, ""metal_precursor"": ""cd(clo4)2.6h2o"", ""modulator"": ""ammonium oxalate and triethylamine"", ""organic_linker"": ""2-p-methoxyphenyl-1h-imidazole-4,5-dicarboxylic acid"", ""solvent"": ""water"", ""temperature_C"": 165.0, ""time_h"": 96.0}","metal=cd(clo4)2.6h2o|linker=2-p-methoxyphenyl-1h-imidazole-4,5-dicarboxylic acid|solvent=water",False,False,False,train
252,10.1039/c2ce25081k,2012,"{""M_L_ratio"": 1.0, ""metal_concentration_mM"": 29.0, ""metal_precursor"": ""cd(so4).1h2o"", ""modulator"": ""ammonium oxalate and triethylamine"", ""organic_linker"": ""2-p-methoxyphenyl-1h-imidazole-4,5-dicarboxylic acid"", ""solvent"": ""water"", ""temperature_C"": 165.0, ""time_h"": 96.0}","metal=cd(so4).1h2o|linker=2-p-methoxyphenyl-1h-imidazole-4,5-dicarboxylic acid|solvent=water",False,False,False,train
253,10.1039/c2ce25081k,2012,"{""M_L_ratio"": 1.0, ""metal_concentration_mM"": 14.0, ""metal_precursor"": ""co(no3)2.6h2o"", ""modulator"": null, ""organic_linker"": ""2-p-methoxyphenyl-1h-imidazole-4,5-dicarboxylic acid and pyridine"", ""solvent"": ""water"", ""temperature_C"": 160.0, ""time_h"": 72.0}","metal=co(no3)2.6h2o|linker=2-p-methoxyphenyl-1h-imidazole-4,5-dicarboxylic acid + pyridine|solvent=water",False,False,False,train
254,10.1039/c2ce25081k,2012,"{""M_L_ratio"": 1.0, ""metal_concentration_mM"": 14.0, ""metal_precursor"": ""co(clo4)2.6h2o"", ""modulator"": null, ""organic_linker"": ""2-p-methoxyphenyl-1h-imidazole-4,5-dicarboxylic acid and pyridine"", ""solvent"": ""water"", ""temperature_C"": 160.0, ""time_h"": 72.0}","metal=co(clo4)2.6h2o|linker=2-p-methoxyphenyl-1h-imidazole-4,5-dicarboxylic acid + pyridine|solvent=water",False,False,False,train
255,10.1039/c2ce25081k,2012,"{""M_L_ratio"": 1.0, ""metal_concentration_mM"": 14.0, ""metal_precursor"": ""co(so4).7h2o"", ""modulator"": null, ""organic_linker"": ""2-p-methoxyphenyl-1h-imidazole-4,5-dicarboxylic acid and pyridine"", ""solvent"": ""water"", ""temperature_C"": 160.0, ""time_h"": 72.0}","metal=co(so4).7h2o|linker=2-p-methoxyphenyl-1h-imidazole-4,5-dicarboxylic acid + pyridine|solvent=water",False,False,False,train
256,10.1039/c2ce25081k,2012,"{""M_L_ratio"": 1.0, ""metal_concentration_mM"": 14.0, ""metal_precursor"": ""co(ch3coo)2.4h2o"", ""modulator"": null, ""organic_linker"": ""2-p-methoxyphenyl-1h-imidazole-4,5-dicarboxylic acid and pyridine"", ""solvent"": ""water"", ""temperature_C"": 160.0, ""time_h"": 72.0}","metal=co(ch3coo)2.4h2o|linker=2-p-methoxyphenyl-1h-imidazole-4,5-dicarboxylic acid + pyridine|solvent=water",False,False,False,train
257,10.1039/c2ce25081k,2012,"{""M_L_ratio"": 1.0, ""metal_concentration_mM"": 29.0, ""metal_precursor"": ""cocl2.6h2o"", ""modulator"": ""triethylamine"", ""organic_linker"": ""2-p-methoxyphenyl-1h-imidazole-4,5-dicarboxylic acid and 1,10-phenanthroline"", ""solvent"": ""ethanol and water"", ""temperature_C"": 160.0, ""time_h"": 72.0}","metal=cocl2.6h2o|linker=1,10-phenanthroline + 2-p-methoxyphenyl-1h-imidazole-4,5-dicarboxylic acid|solvent=ethanol + water",False,False,False,train
258,10.1039/c2ce25081k,2012,"{""M_L_ratio"": 1.0, ""metal_concentration_mM"": 29.0, ""metal_precursor"": ""co(clo4)2.6h2o"", ""modulator"": ""triethylamine"", ""organic_linker"": ""2-p-methoxyphenyl-1h-imidazole-4,5-dicarboxylic acid and 1,10-phenanthroline"", ""solvent"": ""ethanol and water"", ""temperature_C"": 160.0, ""time_h"": 72.0}","metal=co(clo4)2.6h2o|linker=1,10-phenanthroline + 2-p-methoxyphenyl-1h-imidazole-4,5-dicarboxylic acid|solvent=ethanol + water",False,False,False,train
259,10.1021/acs.inorgchem.9b01408,2019,"{""M_L_ratio"": 0.5, ""metal_concentration_mM"": 500.0, ""metal_precursor"": ""hfocl2.8h2o"", ""modulator"": ""acetic acid"", ""organic_linker"": ""acetylenedicarboxylic acid"", ""solvent"": ""dimethylformamide"", ""temperature_C"": 60.0, ""time_h"": 0.5}",metal=hfocl2.8h2o|linker=acetylenedicarboxylic acid|solvent=dimethylformamide,False,False,False,train
260,10.1021/acs.inorgchem.9b01408,2019,"{""M_L_ratio"": 0.5, ""metal_concentration_mM"": 500.0, ""metal_precursor"": ""hfocl2.8h2o"", ""modulator"": ""acetic acid"", ""organic_linker"": ""acetylenedicarboxylic acid"", ""solvent"": ""dimethylformamide"", ""temperature_C"": 60.0, ""time_h"": 8.0}",metal=hfocl2.8h2o|linker=acetylenedicarboxylic acid|solvent=dimethylformamide,False,False,False,train
261,10.1021/acs.inorgchem.9b01408,2019,"{""M_L_ratio"": 0.5, ""metal_concentration_mM"": 500.0, ""metal_precursor"": ""hfocl2.8h2o"", ""modulator"": ""acetic acid"", ""organic_linker"": ""acetylenedicarboxylic acid"", ""solvent"": ""dimethylformamide"", ""temperature_C"": 120.0, ""time_h"": 0.5}",metal=hfocl2.8h2o|linker=acetylenedicarboxylic acid|solvent=dimethylformamide,False,False,False,train
262,10.1021/acs.inorgchem.9b01408,2019,"{""M_L_ratio"": 0.5, ""metal_concentration_mM"": 500.0, ""metal_precursor"": ""hfocl2.8h2o"", ""modulator"": ""acetic acid"", ""organic_linker"": ""acetylenedicarboxylic acid"", ""solvent"": ""dimethylformamide"", ""temperature_C"": 120.0, ""time_h"": 8.0}",metal=hfocl2.8h2o|linker=acetylenedicarboxylic acid|solvent=dimethylformamide,False,False,False,train
263,10.1021/acs.inorgchem.9b01408,2019,"{""M_L_ratio"": 0.5, ""metal_concentration_mM"": 500.0, ""metal_precursor"": ""hfocl2.8h2o"", ""modulator"": ""acetic acid"", ""organic_linker"": ""acetylenedicarboxylic acid"", ""solvent"": ""dimethylformamide"", ""temperature_C"": 150.0, ""time_h"": 0.5}",metal=hfocl2.8h2o|linker=acetylenedicarboxylic acid|solvent=dimethylformamide,False,False,False,train
264,10.1021/acs.inorgchem.9b01408,2019,"{""M_L_ratio"": 0.5, ""metal_concentration_mM"": 500.0, ""metal_precursor"": ""hfocl2.8h2o"", ""modulator"": ""acetic acid"", ""organic_linker"": ""acetylenedicarboxylic acid"", ""solvent"": ""dimethylformamide"", ""temperature_C"": 150.0, ""time_h"": 8.0}",metal=hfocl2.8h2o|linker=acetylenedicarboxylic acid|solvent=dimethylformamide,False,False,False,train
265,10.1021/acs.inorgchem.9b01408,2019,"{""M_L_ratio"": 2.0, ""metal_concentration_mM"": 2000.0, ""metal_precursor"": ""hfocl2.8h2o"", ""modulator"": ""acetic acid"", ""organic_linker"": ""acetylenedicarboxylic acid"", ""solvent"": ""dimethylformamide"", ""temperature_C"": 60.0, ""time_h"": 0.5}",metal=hfocl2.8h2o|linker=acetylenedicarboxylic acid|solvent=dimethylformamide,False,False,False,train
266,10.1021/acs.inorgchem.9b01408,2019,"{""M_L_ratio"": 2.0, ""metal_concentration_mM"": 2000.0, ""metal_precursor"": ""hfocl2.8h2o"", ""modulator"": ""acetic acid"", ""organic_linker"": ""acetylenedicarboxylic acid"", ""solvent"": ""dimethylformamide"", ""temperature_C"": 60.0, ""time_h"": 8.0}",metal=hfocl2.8h2o|linker=acetylenedicarboxylic acid|solvent=dimethylformamide,False,False,False,train
267,10.1021/acs.inorgchem.9b01408,2019,"{""M_L_ratio"": 2.0, ""metal_concentration_mM"": 2000.0, ""metal_precursor"": ""hfocl2.8h2o"", ""modulator"": ""acetic acid"", ""organic_linker"": ""acetylenedicarboxylic acid"", ""solvent"": ""dimethylformamide"", ""temperature_C"": 120.0, ""time_h"": 0.5}",metal=hfocl2.8h2o|linker=acetylenedicarboxylic acid|solvent=dimethylformamide,False,False,False,train
268,10.1021/acs.inorgchem.9b01408,2019,"{""M_L_ratio"": 2.0, ""metal_concentration_mM"": 2000.0, ""metal_precursor"": ""hfocl2.8h2o"", ""modulator"": ""acetic acid"", ""organic_linker"": ""acetylenedicarboxylic acid"", ""solvent"": ""dimethylformamide"", ""temperature_C"": 120.0, ""time_h"": 8.0}",metal=hfocl2.8h2o|linker=acetylenedicarboxylic acid|solvent=dimethylformamide,False,False,False,train
269,10.1021/ic500234r,2014,"{""M_L_ratio"": 1.0, ""metal_concentration_mM"": 10.0, ""metal_precursor"": ""zn(ch3coo)2.2h2o"", ""modulator"": null, ""organic_linker"": ""biphenyl-4,4'-dicarboxylic acid and 4,4?-azobipyridine"", ""solvent"": ""n,n-diethylformamide and 2-methoxyethanol"", ""temperature_C"": 120.0, ""time_h"": 72.0}","metal=zn(ch3coo)2.2h2o|linker=4,4?-azobipyridine + biphenyl-4,4'-dicarboxylic acid|solvent=2-methoxyethanol + n,n-diethylformamide",False,False,False,train
270,10.1002/ejic.201500133,2015,"{""M_L_ratio"": 1.0, ""metal_concentration_mM"": 143.0, ""metal_precursor"": ""zrcl4"", ""modulator"": ""formic acid"", ""organic_linker"": ""trans,trans-muconic acid"", ""solvent"": ""dimethylformamide"", ""temperature_C"": 150.0, ""time_h"": 24.0}","metal=zrcl4|linker=trans,trans-muconic acid|solvent=dimethylformamide",False,False,False,train
271,10.1002/ejic.201500133,2015,"{""M_L_ratio"": 1.0, ""metal_concentration_mM"": 143.0, ""metal_precursor"": ""zrcl4"", ""modulator"": ""acetic acid"", ""organic_linker"": ""trans,trans-muconic acid"", ""solvent"": ""dimethylformamide"", ""temperature_C"": 150.0, ""time_h"": 24.0}","metal=zrcl4|linker=trans,trans-muconic acid|solvent=dimethylformamide",False,False,False,train
272,10.1002/ejic.201500133,2015,"{""M_L_ratio"": 1.0, ""metal_concentration_mM"": 143.0, ""metal_precursor"": ""zrcl4"", ""modulator"": ""trifluoroacetic acid"", ""organic_linker"": ""trans,trans-muconic acid"", ""solvent"": ""dimethylformamide"", ""temperature_C"": 150.0, ""time_h"": 24.0}","metal=zrcl4|linker=trans,trans-muconic acid|solvent=dimethylformamide",False,False,False,train
273,10.1002/ejic.201500133,2015,"{""M_L_ratio"": 1.0, ""metal_concentration_mM"": 143.0, ""metal_precursor"": ""zro(no3)2"", ""modulator"": ""concentrated hydrochloric acid"", ""organic_linker"": ""trans,trans-muconic acid"", ""solvent"": ""n,n-diethylformamide"", ""temperature_C"": 150.0, ""time_h"": 24.0}","metal=zro(no3)2|linker=trans,trans-muconic acid|solvent=n,n-diethylformamide",False,False,False,train
274,10.1002/ejic.201500133,2015,"{""M_L_ratio"": 1.0, ""metal_concentration_mM"": 143.0, ""metal_precursor"": ""zro(no3)2"", ""modulator"": ""concentrated hydrochloric acid"", ""organic_linker"": ""trans,trans-muconic acid"", ""solvent"": ""n,n-dimethylacetamide"", ""temperature_C"": 150.0, ""time_h"": 24.0}","metal=zro(no3)2|linker=trans,trans-muconic acid|solvent=n,n-dimethylacetamide",False,False,False,train
275,10.1002/ejic.201500133,2015,"{""M_L_ratio"": 1.0, ""metal_concentration_mM"": 143.0, ""metal_precursor"": ""zrocl2.8h2o"", ""modulator"": ""concentrated hydrochloric acid"", ""organic_linker"": ""trans,trans-muconic acid"", ""solvent"": ""n,n-diethylformamide"", ""temperature_C"": 150.0, ""time_h"": 24.0}","metal=zrocl2.8h2o|linker=trans,trans-muconic acid|solvent=n,n-diethylformamide",False,False,False,train
276,10.1002/ejic.201500133,2015,"{""M_L_ratio"": 1.0, ""metal_concentration_mM"": 143.0, ""metal_precursor"": ""zrocl2.8h2o"", ""modulator"": ""concentrated hydrochloric acid"", ""organic_linker"": ""trans,trans-muconic acid"", ""solvent"": ""n,n-dimethylacetamide"", ""temperature_C"": 150.0, ""time_h"": 24.0}","metal=zrocl2.8h2o|linker=trans,trans-muconic acid|solvent=n,n-dimethylacetamide",False,False,False,train
277,10.1002/ejic.201500133,2015,"{""M_L_ratio"": 1.0, ""metal_concentration_mM"": 143.0, ""metal_precursor"": ""zro(no3)2"", ""modulator"": ""water"", ""organic_linker"": ""trans,trans-muconic acid"", ""solvent"": ""n,n-diethylformamide"", ""temperature_C"": 150.0, ""time_h"": 24.0}","metal=zro(no3)2|linker=trans,trans-muconic acid|solvent=n,n-diethylformamide",False,False,False,train
278,10.1002/ejic.201500133,2015,"{""M_L_ratio"": 1.0, ""metal_concentration_mM"": 143.0, ""metal_precursor"": ""zro(no3)2"", ""modulator"": ""water"", ""organic_linker"": ""trans,trans-muconic acid"", ""solvent"": ""n,n-dimethylacetamide"", ""temperature_C"": 150.0, ""time_h"": 24.0}","metal=zro(no3)2|linker=trans,trans-muconic acid|solvent=n,n-dimethylacetamide",False,False,False,train
279,10.1002/ejic.201500133,2015,"{""M_L_ratio"": 1.0, ""metal_concentration_mM"": 143.0, ""metal_precursor"": ""zro(no3)2"", ""modulator"": ""benzoic acid"", ""organic_linker"": ""trans,trans-muconic acid"", ""solvent"": ""n,n-diethylformamide"", ""temperature_C"": 150.0, ""time_h"": 24.0}","metal=zro(no3)2|linker=trans,trans-muconic acid|solvent=n,n-diethylformamide",False,False,False,train
280,10.1039/c7dt01084b,2017,"{""M_L_ratio"": 1.0, ""metal_concentration_mM"": 100.0, ""metal_precursor"": ""zrcl4"", ""modulator"": null, ""organic_linker"": ""2,5-pyridinedicarboxylic acid"", ""solvent"": ""water"", ""temperature_C"": 100.0, ""time_h"": 24.0}","metal=zrcl4|linker=2,5-pyridinedicarboxylic acid|solvent=water",False,False,False,train
281,10.1021/acs.cgd.9b00611,2019,"{""M_L_ratio"": 2.13, ""metal_concentration_mM"": 73.0, ""metal_precursor"": ""incl3"", ""modulator"": ""spirocyclic piperidinium chloride"", ""organic_linker"": ""4,4?,4?-benzene-1,3,5-triyl-tribenzoic acid"", ""solvent"": ""dimethylformamide and 1,4-dioxane"", ""temperature_C"": 60.0, ""time_h"": 120.0}","metal=incl3|linker=4,4?,4?-benzene-1,3,5-triyl-tribenzoic acid|solvent=1,4-dioxane + dimethylformamide",False,False,False,train
282,10.1021/acs.cgd.9b00611,2019,"{""M_L_ratio"": 2.13, ""metal_concentration_mM"": 73.0, ""metal_precursor"": ""incl3"", ""modulator"": ""tetraethylammonium chloride"", ""organic_linker"": ""4,4?,4?-benzene-1,3,5-triyl-tribenzoic acid"", ""solvent"": ""dimethylformamide and 1,4-dioxane"", ""temperature_C"": 60.0, ""time_h"": 120.0}","metal=incl3|linker=4,4?,4?-benzene-1,3,5-triyl-tribenzoic acid|solvent=1,4-dioxane + dimethylformamide",False,False,False,train
283,10.1021/acs.cgd.9b00611,2019,"{""M_L_ratio"": 2.13, ""metal_concentration_mM"": 73.0, ""metal_precursor"": ""incl3"", ""modulator"": ""spirocyclic morpholinium bromide"", ""organic_linker"": ""4,4?,4?-benzene-1,3,5-triyl-tribenzoic acid"", ""solvent"": ""dimethylformamide and 1,4-dioxane"", ""temperature_C"": 60.0, ""time_h"": 120.0}","metal=incl3|linker=4,4?,4?-benzene-1,3,5-triyl-tribenzoic acid|solvent=1,4-dioxane + dimethylformamide",False,False,False,train
284,10.1021/acs.cgd.9b00611,2019,"{""M_L_ratio"": 2.13, ""metal_concentration_mM"": 73.0, ""metal_precursor"": ""incl3"", ""modulator"": ""spirocyclic piperidinium bromide"", ""organic_linker"": ""4,4?,4?-benzene-1,3,5-triyl-tribenzoic acid"", ""solvent"": ""dimethylformamide and 1,4-dioxane"", ""temperature_C"": 60.0, ""time_h"": 120.0}","metal=incl3|linker=4,4?,4?-benzene-1,3,5-triyl-tribenzoic acid|solvent=1,4-dioxane + dimethylformamide",False,False,False,train
285,10.1002/chem.202402363,2024,"{""M_L_ratio"": 4.77, ""metal_concentration_mM"": 207.0, ""metal_precursor"": ""eu(no3)3"", ""modulator"": ""2,6-difluorobenzoic acid and trifluoroacetic acid"", ""organic_linker"": ""benzene-1,3,5-tricarboxylic acid"", ""solvent"": ""dimethylformamide"", ""temperature_C"": 130.0, ""time_h"": 120.0}","metal=eu(no3)3|linker=benzene-1,3,5-tricarboxylic acid|solvent=dimethylformamide",False,False,False,train
286,10.1002/chem.202402363,2024,"{""M_L_ratio"": 4.77, ""metal_concentration_mM"": 207.0, ""metal_precursor"": ""la(no3)3"", ""modulator"": ""2,6-difluorobenzoic acid and trifluoroacetic acid"", ""organic_linker"": ""benzene-1,3,5-tricarboxylic acid"", ""solvent"": ""dimethylformamide"", ""temperature_C"": 130.0, ""time_h"": 120.0}","metal=la(no3)3|linker=benzene-1,3,5-tricarboxylic acid|solvent=dimethylformamide",False,False,False,train
287,10.1002/chem.202402363,2024,"{""M_L_ratio"": 4.77, ""metal_concentration_mM"": 207.0, ""metal_precursor"": ""ce(no3)3"", ""modulator"": ""2,6-difluorobenzoic acid and trifluoroacetic acid"", ""organic_linker"": ""benzene-1,3,5-tricarboxylic acid"", ""solvent"": ""dimethylformamide"", ""temperature_C"": 130.0, ""time_h"": 120.0}","metal=ce(no3)3|linker=benzene-1,3,5-tricarboxylic acid|solvent=dimethylformamide",False,False,False,train
288,10.1002/chem.202402363,2024,"{""M_L_ratio"": 4.77, ""metal_concentration_mM"": 207.0, ""metal_precursor"": ""pr(no3)3"", ""modulator"": ""2,6-difluorobenzoic acid and trifluoroacetic acid"", ""organic_linker"": ""benzene-1,3,5-tricarboxylic acid"", ""solvent"": ""dimethylformamide"", ""temperature_C"": 130.0, ""time_h"": 120.0}","metal=pr(no3)3|linker=benzene-1,3,5-tricarboxylic acid|solvent=dimethylformamide",False,False,False,train
289,10.1002/chem.202402363,2024,"{""M_L_ratio"": 4.77, ""metal_concentration_mM"": 207.0, ""metal_precursor"": ""nd(no3)3"", ""modulator"": ""2,6-difluorobenzoic acid and trifluoroacetic acid"", ""organic_linker"": ""benzene-1,3,5-tricarboxylic acid"", ""solvent"": ""dimethylformamide"", ""temperature_C"": 130.0, ""time_h"": 120.0}","metal=nd(no3)3|linker=benzene-1,3,5-tricarboxylic acid|solvent=dimethylformamide",False,False,False,train
290,10.1002/chem.202402363,2024,"{""M_L_ratio"": 4.77, ""metal_concentration_mM"": 207.0, ""metal_precursor"": ""sm(no3)3"", ""modulator"": ""2,6-difluorobenzoic acid and trifluoroacetic acid"", ""organic_linker"": ""benzene-1,3,5-tricarboxylic acid"", ""solvent"": ""dimethylformamide"", ""temperature_C"": 130.0, ""time_h"": 120.0}","metal=sm(no3)3|linker=benzene-1,3,5-tricarboxylic acid|solvent=dimethylformamide",False,False,False,train
291,10.1021/acs.cgd.6b01533,2017,"{""M_L_ratio"": 0.5, ""metal_concentration_mM"": 23.0, ""metal_precursor"": ""zrcl4"", ""modulator"": ""acetic acid and cuprous oxide"", ""organic_linker"": ""terephthalic acid"", ""solvent"": ""dimethylformamide"", ""temperature_C"": 120.0, ""time_h"": 24.0}",metal=zrcl4|linker=terephthalic acid|solvent=dimethylformamide,False,False,False,train
293,10.1021/acs.cgd.6b01533,2017,"{""M_L_ratio"": 0.5, ""metal_concentration_mM"": 23.0, ""metal_precursor"": ""zrcl4"", ""modulator"": ""cuprous oxide"", ""organic_linker"": ""terephthalic acid"", ""solvent"": ""dimethylformamide"", ""temperature_C"": 120.0, ""time_h"": 24.0}",metal=zrcl4|linker=terephthalic acid|solvent=dimethylformamide,False,False,False,train
294,10.1021/acs.cgd.6b01533,2017,"{""M_L_ratio"": 0.5, ""metal_concentration_mM"": 23.0, ""metal_precursor"": ""zrcl4"", ""modulator"": ""cuprous oxide and copper(i) chloride"", ""organic_linker"": ""terephthalic acid"", ""solvent"": ""dimethylformamide"", ""temperature_C"": 120.0, ""time_h"": 24.0}",metal=zrcl4|linker=terephthalic acid|solvent=dimethylformamide,False,False,False,train
295,10.1021/acs.cgd.6b01533,2017,"{""M_L_ratio"": 0.5, ""metal_concentration_mM"": 23.0, ""metal_precursor"": ""zrcl4"", ""modulator"": ""cuprous oxide and copper(i) iodide"", ""organic_linker"": ""terephthalic acid"", ""solvent"": ""dimethylformamide"", ""temperature_C"": 120.0, ""time_h"": 24.0}",metal=zrcl4|linker=terephthalic acid|solvent=dimethylformamide,False,False,False,train
296,10.1021/acs.cgd.6b01533,2017,"{""M_L_ratio"": 0.5, ""metal_concentration_mM"": 23.0, ""metal_precursor"": ""zrcl4"", ""modulator"": ""cuprous oxide and copper(i) bromide"", ""organic_linker"": ""terephthalic acid"", ""solvent"": ""dimethylformamide"", ""temperature_C"": 120.0, ""time_h"": 24.0}",metal=zrcl4|linker=terephthalic acid|solvent=dimethylformamide,False,False,False,train
297,10.1021/acs.cgd.6b01533,2017,"{""M_L_ratio"": 0.5, ""metal_concentration_mM"": 23.0, ""metal_precursor"": ""zrcl4"", ""modulator"": ""cuprous oxide and copper(ii) chloride"", ""organic_linker"": ""terephthalic acid"", ""solvent"": ""dimethylformamide"", ""temperature_C"": 120.0, ""time_h"": 24.0}",metal=zrcl4|linker=terephthalic acid|solvent=dimethylformamide,False,False,False,train
298,10.1039/c6nj00822d,2016,"{""M_L_ratio"": 8.0, ""metal_concentration_mM"": 364.0, ""metal_precursor"": ""eu(ch3so3)3"", ""modulator"": ""sodium hydroxide"", ""organic_linker"": ""2-nitroterephthalic acid"", ""solvent"": ""water"", ""temperature_C"": 80.0, ""time_h"": 24.0}",metal=eu(ch3so3)3|linker=2-nitroterephthalic acid|solvent=water,False,False,False,holdout
299,10.1039/c6nj00822d,2016,"{""M_L_ratio"": 8.0, ""metal_concentration_mM"": 364.0, ""metal_precursor"": ""eu(ch3so3)3"", ""modulator"": ""sodium hydroxide"", ""organic_linker"": ""2-nitroterephthalic acid"", ""solvent"": ""water"", ""temperature_C"": 90.0, ""time_h"": 24.0}",metal=eu(ch3so3)3|linker=2-nitroterephthalic acid|solvent=water,False,False,False,holdout
300,10.1039/c6nj00822d,2016,"{""M_L_ratio"": 8.0, ""metal_concentration_mM"": 364.0, ""metal_precursor"": ""tb(ch3so3)3"", ""modulator"": ""sodium hydroxide"", ""organic_linker"": ""2-nitroterephthalic acid"", ""solvent"": ""water"", ""temperature_C"": 80.0, ""time_h"": 24.0}",metal=tb(ch3so3)3|linker=2-nitroterephthalic acid|solvent=water,False,False,False,holdout
301,10.1039/c6nj00822d,2016,"{""M_L_ratio"": 8.0, ""metal_concentration_mM"": 364.0, ""metal_precursor"": ""tb(ch3so3)3"", ""modulator"": ""sodium hydroxide"", ""organic_linker"": ""2-nitroterephthalic acid"", ""solvent"": ""water"", ""temperature_C"": 90.0, ""time_h"": 24.0}",metal=tb(ch3so3)3|linker=2-nitroterephthalic acid|solvent=water,False,False,False,holdout
302,10.1039/c6nj00822d,2016,"{""M_L_ratio"": 8.0, ""metal_concentration_mM"": 364.0, ""metal_precursor"": ""er(ch3so3)3"", ""modulator"": ""sodium hydroxide"", ""organic_linker"": ""2-nitroterephthalic acid"", ""solvent"": ""water"", ""temperature_C"": 80.0, ""time_h"": 24.0}",metal=er(ch3so3)3|linker=2-nitroterephthalic acid|solvent=water,False,False,False,train
303,10.1039/c6nj00822d,2016,"{""M_L_ratio"": 8.0, ""metal_concentration_mM"": 364.0, ""metal_precursor"": ""er(ch3so3)3"", ""modulator"": ""sodium hydroxide"", ""organic_linker"": ""2-nitroterephthalic acid"", ""solvent"": ""water"", ""temperature_C"": 90.0, ""time_h"": 24.0}",metal=er(ch3so3)3|linker=2-nitroterephthalic acid|solvent=water,False,False,False,train
304,10.1039/c6nj00822d,2016,"{""M_L_ratio"": 8.0, ""metal_concentration_mM"": 615.0, ""metal_precursor"": ""eu(ch3so3)3"", ""modulator"": ""sodium hydroxide"", ""organic_linker"": ""2-nitroterephthalic acid"", ""solvent"": ""water"", ""temperature_C"": 80.0, ""time_h"": 24.0}",metal=eu(ch3so3)3|linker=2-nitroterephthalic acid|solvent=water,False,False,False,holdout
305,10.1039/c6nj00822d,2016,"{""M_L_ratio"": 8.0, ""metal_concentration_mM"": 615.0, ""metal_precursor"": ""eu(ch3so3)3"", ""modulator"": ""sodium hydroxide"", ""organic_linker"": ""2-nitroterephthalic acid"", ""solvent"": ""water"", ""temperature_C"": 90.0, ""time_h"": 24.0}",metal=eu(ch3so3)3|linker=2-nitroterephthalic acid|solvent=water,False,False,False,holdout
306,10.1039/c6nj00822d,2016,"{""M_L_ratio"": 8.0, ""metal_concentration_mM"": 615.0, ""metal_precursor"": ""er(ch3so3)3"", ""modulator"": ""sodium hydroxide"", ""organic_linker"": ""2-nitroterephthalic acid"", ""solvent"": ""water"", ""temperature_C"": 80.0, ""time_h"": 24.0}",metal=er(ch3so3)3|linker=2-nitroterephthalic acid|solvent=water,False,False,False,train
307,10.1039/c6nj00822d,2016,"{""M_L_ratio"": 8.0, ""metal_concentration_mM"": 615.0, ""metal_precursor"": ""er(ch3so3)3"", ""modulator"": ""sodium hydroxide"", ""organic_linker"": ""2-nitroterephthalic acid"", ""solvent"": ""water"", ""temperature_C"": 90.0, ""time_h"": 24.0}",metal=er(ch3so3)3|linker=2-nitroterephthalic acid|solvent=water,False,False,False,train
310,10.1021/ja905690t,2009,"{""M_L_ratio"": 1.0, ""metal_concentration_mM"": 100.0, ""metal_precursor"": ""ca(ch3coo)2"", ""modulator"": null, ""organic_linker"": ""meso-tartaric acid hydrate"", ""solvent"": ""water"", ""temperature_C"": 180.0, ""time_h"": 48.0}",metal=ca(ch3coo)2|linker=meso-tartaric acid hydrate|solvent=water,False,False,False,train
311,10.1021/ja905690t,2009,"{""M_L_ratio"": 1.0, ""metal_concentration_mM"": 100.0, ""metal_precursor"": ""ca(ch3coo)2"", ""modulator"": null, ""organic_linker"": ""meso-tartaric acid hydrate"", ""solvent"": ""water"", ""temperature_C"": 200.0, ""time_h"": 48.0}",metal=ca(ch3coo)2|linker=meso-tartaric acid hydrate|solvent=water,False,False,False,train
312,10.1021/ja905690t,2009,"{""M_L_ratio"": 1.0, ""metal_concentration_mM"": 100.0, ""metal_precursor"": ""ca(ch3coo)2"", ""modulator"": null, ""organic_linker"": ""meso-tartaric acid hydrate"", ""solvent"": ""water"", ""temperature_C"": 220.0, ""time_h"": 48.0}",metal=ca(ch3coo)2|linker=meso-tartaric acid hydrate|solvent=water,False,False,False,train
313,10.1021/ja905690t,2009,"{""M_L_ratio"": 1.0, ""metal_concentration_mM"": 100.0, ""metal_precursor"": ""ca(ch3coo)2"", ""modulator"": null, ""organic_linker"": ""l-tartaric acid"", ""solvent"": ""water"", ""temperature_C"": 100.0, ""time_h"": 48.0}",metal=ca(ch3coo)2|linker=l-tartaric acid|solvent=water,False,False,False,holdout
315,10.1021/ja905690t,2009,"{""M_L_ratio"": 1.0, ""metal_concentration_mM"": 100.0, ""metal_precursor"": ""ca(ch3coo)2"", ""modulator"": null, ""organic_linker"": ""l-tartaric acid"", ""solvent"": ""water"", ""temperature_C"": 150.0, ""time_h"": 48.0}",metal=ca(ch3coo)2|linker=l-tartaric acid|solvent=water,False,False,False,holdout
316,10.1021/ja905690t,2009,"{""M_L_ratio"": 1.0, ""metal_concentration_mM"": 100.0, ""metal_precursor"": ""ca(ch3coo)2"", ""modulator"": null, ""organic_linker"": ""l-tartaric acid"", ""solvent"": ""water"", ""temperature_C"": 180.0, ""time_h"": 48.0}",metal=ca(ch3coo)2|linker=l-tartaric acid|solvent=water,False,False,False,holdout
317,10.1021/ja905690t,2009,"{""M_L_ratio"": 1.0, ""metal_concentration_mM"": 100.0, ""metal_precursor"": ""ca(ch3coo)2"", ""modulator"": null, ""organic_linker"": ""l-tartaric acid"", ""solvent"": ""water"", ""temperature_C"": 200.0, ""time_h"": 48.0}",metal=ca(ch3coo)2|linker=l-tartaric acid|solvent=water,False,False,False,holdout
319,10.1016/j.ica.2004.07.029,2005,"{""M_L_ratio"": 2.02, ""metal_concentration_mM"": null, ""metal_precursor"": ""fe(ch3coo)2"", ""modulator"": ""t-butylphosphonic acid and hf"", ""organic_linker"": ""tetra-2-pyridylpyrazine"", ""solvent"": ""water"", ""temperature_C"": 170.0, ""time_h"": 48.0}",metal=fe(ch3coo)2|linker=tetra-2-pyridylpyrazine|solvent=water,False,False,False,train
320,10.1016/j.ica.2004.07.029,2005,"{""M_L_ratio"": 2.0, ""metal_concentration_mM"": null, ""metal_precursor"": ""fe(ch3coo)2"", ""modulator"": ""hf"", ""organic_linker"": ""tetra-2-pyridylpyrazine"", ""solvent"": ""water"", ""temperature_C"": 170.0, ""time_h"": 48.0}",metal=fe(ch3coo)2|linker=tetra-2-pyridylpyrazine|solvent=water,False,False,False,train
